match_id,period,team,shot,ball_recovery,clearance,dispossessed,foul,interception,pass,tackle,dribble,match_time
1953853,SecondHalf,Mexico,0,0,0,0,0,0,1,0,0,0 days 00:57:51
1953853,SecondHalf,South Africa,0,0,0,0,0,0,0,0,0,0 days 00:57:52
1953853,SecondHalf,Mexico,0,0,0,0,0,0,0,0,0,0 days 00:57:52
1953853,SecondHalf,Mexico,1,0,0,0,0,0,0,0,0,0 days 00:57:53
1953853,SecondHalf,South Africa,0,0,1,0,0,0,0,0,0,0 days 00:57:54
1953853,SecondHalf,South Africa,0,0,1,0,0,0,0,0,0,0 days 00:57:59
1953853,SecondHalf,Mexico,0,0,0,0,0,0,1,0,0,0 days 00:58:19
1953853,SecondHalf,Mexico,0,0,0,0,0,0,1,0,0,0 days 00:58:21
1953853,SecondHalf,Mexico,0,0,0,0,0,0,1,0,0,0 days 00:58:22
1953853,SecondHalf,Mexico,0,0,0,0,0,0,1,0,0,0 days 00:58:23
1953853,SecondHalf,South Africa,0,0,0,0,0,0,0,0,0,0 days 00:58:29
1953853,SecondHalf,Mexico,0,0,0,0,0,0,0,0,1,0 days 00:58:29
1953853,SecondHalf,Mexico,0,0,0,0,0,0,1,0,0,0 days 00:58:31
1953853,SecondHalf,Mexico,0,0,0,0,0,0,1,0,0,0 days 00:58:35
1953853,SecondHalf,Mexico,0,0,0,0,0,0,1,0,0,0 days 00:58:40
1953853,SecondHalf,Mexico,0,0,0,0,0,0,1,0,0,0 days 00:58:41
1953853,SecondHalf,Mexico,0,0,0,0,0,0,1,0,0,0 days 00:58:46
1953853,SecondHalf,Mexico,0,0,0,0,0,0,1,0,0,0 days 00:58:50
1953853,SecondHalf,Mexico,0,0,0,0,0,0,1,0,0,0 days 00:58:52
1953853,SecondHalf,Mexico,0,0,0,0,0,0,1,0,0,0 days 00:58:58
1953853,SecondHalf,Mexico,0,0,0,0,0,0,1,0,0,0 days 00:59:00
1953853,SecondHalf,Mexico,0,0,0,0,0,0,1,0,0,0 days 00:59:06
1953853,SecondHalf,Mexico,0,0,0,0,0,0,1,0,0,0 days 00:59:10
1953853,SecondHalf,Mexico,0,0,0,0,0,0,1,0,0,0 days 00:59:12
1953853,SecondHalf,South Africa,0,0,0,0,0,0,1,0,0,0 days 00:59:43
1953853,SecondHalf,South Africa,0,0,0,0,0,0,1,0,0,0 days 00:59:44
1953853,SecondHalf,South Africa,0,0,0,0,0,0,1,0,0,0 days 00:59:49
1953853,SecondHalf,South Africa,0,0,0,0,0,0,1,0,0,0 days 00:59:50
1953853,SecondHalf,South Africa,0,0,0,0,0,0,1,0,0,0 days 00:59:52
1953853,SecondHalf,South Africa,0,0,0,0,0,0,1,0,0,0 days 00:59:54
1953853,SecondHalf,South Africa,0,0,0,0,0,0,1,0,0,0 days 00:59:58
1953853,SecondHalf,Mexico,0,0,0,0,0,0,1,0,0,0 days 01:00:00
1953853,SecondHalf,South Africa,0,0,0,0,0,0,1,0,0,0 days 01:00:05
1953853,SecondHalf,South Africa,0,0,0,0,0,0,1,0,0,0 days 01:00:07
1953853,SecondHalf,South Africa,0,0,0,0,0,0,1,0,0,0 days 01:00:10
1953853,SecondHalf,South Africa,0,0,0,0,0,0,1,0,0,0 days 01:00:13
1953853,SecondHalf,South Africa,0,0,0,0,0,0,1,0,0,0 days 01:00:16
1953853,SecondHalf,South Africa,0,0,0,0,0,0,1,0,0,0 days 01:00:17
1953853,SecondHalf,South Africa,0,0,0,0,0,0,1,0,0,0 days 01:00:21
1953853,SecondHalf,South Africa,0,0,0,0,0,0,1,0,0,0 days 01:00:23
1953853,SecondHalf,South Africa,0,0,0,0,0,0,1,0,0,0 days 01:00:31
1953853,SecondHalf,South Africa,0,0,0,0,0,0,1,0,0,0 days 01:00:33
1953853,SecondHalf,South Africa,0,0,0,0,1,0,0,0,0,0 days 01:00:36
1953853,SecondHalf,Mexico,0,0,0,0,1,0,0,0,0,0 days 01:00:36
1953853,SecondHalf,South Africa,0,0,0,0,0,0,0,0,0,0 days 01:00:57
1953853,SecondHalf,South Africa,0,0,0,0,0,0,0,0,0,0 days 01:00:57
1953853,SecondHalf,South Africa,0,0,0,0,0,0,0,0,0,0 days 01:00:58
1953853,SecondHalf,South Africa,0,0,0,0,0,0,1,0,0,0 days 01:01:07
1953853,SecondHalf,Mexico,0,0,0,0,0,0,1,0,0,0 days 01:01:18
1953853,SecondHalf,Mexico,0,0,0,0,0,0,1,0,0,0 days 01:01:20
1953853,SecondHalf,Mexico,0,0,0,0,0,0,1,0,0,0 days 01:01:26
1953853,SecondHalf,Mexico,0,0,0,0,0,0,1,0,0,0 days 01:01:30
1953853,SecondHalf,Mexico,0,0,0,0,0,0,1,0,0,0 days 01:01:35
1953853,SecondHalf,Mexico,0,0,0,0,0,0,1,0,0,0 days 01:01:37
1953853,SecondHalf,Mexico,0,0,0,0,0,0,1,0,0,0 days 01:01:40
1953853,SecondHalf,Mexico,0,0,0,0,0,0,1,0,0,0 days 01:01:45
1953853,SecondHalf,Mexico,0,0,0,0,0,0,1,0,0,0 days 01:01:49
1953853,SecondHalf,Mexico,0,0,0,0,0,0,1,0,0,0 days 01:01:50
1953853,SecondHalf,Mexico,0,0,0,0,0,0,1,0,0,0 days 01:01:52
1953853,SecondHalf,Mexico,0,0,0,0,0,0,1,0,0,0 days 01:01:57
1953853,SecondHalf,Mexico,0,0,0,0,0,0,1,0,0,0 days 01:01:59
1953853,SecondHalf,Mexico,0,0,0,0,0,0,1,0,0,0 days 01:02:02
1953853,SecondHalf,Mexico,0,0,0,0,0,0,1,0,0,0 days 01:02:05
1953853,SecondHalf,Mexico,0,0,0,0,0,0,1,0,0,0 days 01:02:11
1953853,SecondHalf,Mexico,0,0,0,0,0,0,1,0,0,0 days 01:02:16
1953853,SecondHalf,Mexico,0,0,0,0,0,0,1,0,0,0 days 01:02:21
1953853,SecondHalf,Mexico,0,0,0,0,0,0,1,0,0,0 days 01:02:25
1953853,SecondHalf,South Africa,0,0,0,0,0,0,0,0,0,0 days 01:02:25
1953853,SecondHalf,South Africa,0,0,0,0,1,0,0,0,0,0 days 01:02:27
1953853,SecondHalf,Mexico,0,0,0,0,0,0,0,0,0,0 days 01:02:27
1953853,SecondHalf,Mexico,0,0,0,0,1,0,0,0,0,0 days 01:02:27
1953853,SecondHalf,South Africa,0,0,0,0,0,0,1,0,0,0 days 01:03:00
1953853,SecondHalf,South Africa,0,0,0,0,0,0,1,0,0,0 days 01:03:02
1953853,SecondHalf,South Africa,0,0,0,0,0,0,1,0,0,0 days 01:03:05
1953853,SecondHalf,South Africa,0,0,0,0,0,0,1,0,0,0 days 01:03:11
1953853,SecondHalf,Mexico,0,0,0,0,0,1,0,0,0,0 days 01:03:13
1953853,SecondHalf,Mexico,0,0,0,0,0,0,0,0,0,0 days 01:03:14
1953853,SecondHalf,Mexico,0,1,0,0,0,0,0,0,0,0 days 01:03:15
1953853,SecondHalf,Mexico,0,0,0,0,0,0,1,0,0,0 days 01:03:15
1953853,SecondHalf,Mexico,0,0,0,0,0,0,0,0,0,0 days 01:03:15
1953853,SecondHalf,South Africa,0,1,0,0,0,0,0,0,0,0 days 01:03:18
1953853,SecondHalf,South Africa,0,0,0,0,0,0,1,0,0,0 days 01:03:20
1953853,SecondHalf,South Africa,0,0,0,0,0,0,1,0,0,0 days 01:03:22
1953853,SecondHalf,Mexico,0,0,0,0,0,0,1,0,0,0 days 01:03:51
1953853,SecondHalf,Mexico,0,0,0,0,0,0,1,0,0,0 days 01:04:04
1953853,SecondHalf,Mexico,0,0,0,0,0,0,1,0,0,0 days 01:04:08
1953853,SecondHalf,Mexico,0,0,0,0,0,0,1,0,0,0 days 01:04:10
1953853,SecondHalf,South Africa,0,0,0,0,0,0,1,0,0,0 days 01:04:18
1953853,SecondHalf,South Africa,0,0,0,0,0,0,1,0,0,0 days 01:04:20
1953853,SecondHalf,South Africa,0,0,0,0,0,0,1,0,0,0 days 01:04:23
1953853,SecondHalf,South Africa,0,0,0,0,0,0,1,0,0,0 days 01:04:27
1953853,SecondHalf,Mexico,0,1,0,0,0,0,0,0,0,0 days 01:04:30
1953853,SecondHalf,Mexico,0,0,0,0,0,0,1,0,0,0 days 01:04:33
1953853,SecondHalf,South Africa,0,0,0,0,0,0,0,0,0,0 days 01:04:36
1953853,SecondHalf,South Africa,0,1,0,0,0,0,0,0,0,0 days 01:04:44
1953853,SecondHalf,South Africa,0,0,0,0,0,0,1,0,0,0 days 01:04:44
1953853,SecondHalf,South Africa,0,0,0,0,0,0,1,0,0,0 days 01:04:46
1953853,SecondHalf,South Africa,0,0,0,0,0,0,1,0,0,0 days 01:04:47
1953853,SecondHalf,South Africa,0,0,0,0,0,0,1,0,0,0 days 01:04:51
1953853,SecondHalf,South Africa,0,0,0,0,0,0,0,0,0,0 days 01:04:53
1953853,SecondHalf,Mexico,0,1,0,0,0,0,0,0,0,0 days 01:04:54
1953853,SecondHalf,Mexico,0,0,0,0,0,0,1,0,0,0 days 01:04:55
1953853,SecondHalf,Mexico,0,0,0,0,0,0,1,0,0,0 days 01:04:57
1953853,SecondHalf,South Africa,0,0,0,0,0,1,0,0,0,0 days 01:04:58
1953853,SecondHalf,South Africa,0,1,0,0,0,0,0,0,0,0 days 01:04:59
1953853,SecondHalf,South Africa,0,0,0,0,0,0,1,0,0,0 days 01:05:00
1953853,SecondHalf,South Africa,0,0,0,0,0,0,1,0,0,0 days 01:05:08
1953853,SecondHalf,Mexico,0,0,0,0,0,0,0,0,0,0 days 01:05:28
1953853,SecondHalf,Mexico,0,0,0,0,0,0,0,0,0,0 days 01:05:28
1953853,SecondHalf,Mexico,0,0,0,0,0,0,0,0,0,0 days 01:05:35
1953853,SecondHalf,Mexico,0,0,0,0,0,0,0,0,0,0 days 01:05:35
1953853,SecondHalf,Mexico,0,0,0,0,0,0,0,0,0,0 days 01:05:36
1953853,SecondHalf,Mexico,0,0,0,0,0,0,1,0,0,0 days 01:05:41
1953853,SecondHalf,Mexico,0,0,0,0,0,0,1,0,0,0 days 01:05:43
1953853,SecondHalf,Mexico,0,0,0,0,0,0,1,0,0,0 days 01:05:46
1953853,SecondHalf,Mexico,0,0,0,0,0,0,1,0,0,0 days 01:05:49
1953853,SecondHalf,Mexico,0,0,0,0,0,0,0,0,0,0 days 01:05:53
1953853,SecondHalf,Mexico,0,0,0,0,0,0,1,0,0,0 days 01:05:54
1953853,SecondHalf,South Africa,0,1,0,0,0,0,0,0,0,0 days 01:05:57
1953853,SecondHalf,South Africa,0,0,0,0,0,0,1,0,0,0 days 01:05:57
1953853,SecondHalf,South Africa,0,0,0,0,0,0,1,0,0,0 days 01:06:00
1953853,SecondHalf,South Africa,0,0,0,0,0,0,1,0,0,0 days 01:06:02
1953853,SecondHalf,Mexico,0,0,0,0,0,1,0,0,0,0 days 01:06:02
1953853,SecondHalf,Mexico,0,0,0,0,0,0,1,0,0,0 days 01:06:03
1953853,SecondHalf,Mexico,0,0,0,0,0,0,1,0,0,0 days 01:06:05
1953853,SecondHalf,Mexico,0,0,0,0,0,0,1,0,0,0 days 01:06:06
1953853,SecondHalf,Mexico,0,1,0,0,0,0,0,0,0,0 days 01:06:08
1953853,SecondHalf,Mexico,0,0,0,0,0,0,1,0,0,0 days 01:06:09
1953853,SecondHalf,Mexico,0,0,0,0,0,0,1,0,0,0 days 01:06:11
1953853,SecondHalf,Mexico,0,0,0,0,0,0,1,0,0,0 days 01:06:15
1953853,SecondHalf,Mexico,0,0,0,0,0,0,1,0,0,0 days 01:06:24
1953853,SecondHalf,Mexico,0,0,0,0,0,0,1,0,0,0 days 01:06:27
1953853,SecondHalf,Mexico,0,0,0,0,0,0,1,0,0,0 days 01:06:30
1953853,SecondHalf,Mexico,0,0,0,0,0,0,1,0,0,0 days 01:06:31
1953853,SecondHalf,Mexico,0,0,0,0,0,0,1,0,0,0 days 01:06:34
1953853,SecondHalf,Mexico,1,0,0,0,0,0,0,0,0,0 days 01:06:36
1953854,SecondHalf,South Korea,0,0,0,0,0,0,1,0,0,0 days 00:57:00
1953854,SecondHalf,Mexico,0,1,0,0,0,0,0,0,0,0 days 00:57:02
1953854,SecondHalf,Mexico,0,0,0,0,0,0,1,0,0,0 days 00:57:05
1953854,SecondHalf,Mexico,0,0,0,0,0,0,1,0,0,0 days 00:57:06
1953854,SecondHalf,Mexico,0,0,0,0,0,0,1,0,0,0 days 00:57:08
1953854,SecondHalf,Mexico,0,0,0,0,0,0,1,0,0,0 days 00:57:10
1953854,SecondHalf,Mexico,0,0,0,0,0,0,1,0,0,0 days 00:57:16
1953854,SecondHalf,Mexico,0,0,0,0,0,0,1,0,0,0 days 00:57:20
1953854,SecondHalf,Mexico,0,0,0,0,0,0,1,0,0,0 days 00:57:24
1953854,SecondHalf,South Korea,0,1,0,0,0,0,0,0,0,0 days 00:57:26
1953854,SecondHalf,South Korea,1,0,0,0,0,0,0,0,0,0 days 00:57:28
1953854,SecondHalf,Mexico,0,0,0,0,0,0,0,0,0,0 days 00:57:28
1953854,SecondHalf,Mexico,0,1,0,0,0,0,0,0,0,0 days 00:57:31
1953854,SecondHalf,Mexico,0,0,0,0,1,0,0,0,0,0 days 00:57:33
1953854,SecondHalf,South Korea,0,0,0,0,1,0,0,0,0,0 days 00:57:33
1953854,SecondHalf,South Korea,0,0,0,0,0,0,0,0,0,0 days 00:57:39
1953854,SecondHalf,Mexico,0,0,0,0,0,0,1,0,0,0 days 00:58:41
1953854,SecondHalf,South Korea,0,0,0,0,0,0,1,0,0,0 days 00:58:45
1953854,SecondHalf,Mexico,0,0,1,0,0,0,0,0,0,0 days 00:58:48
1953854,SecondHalf,South Korea,0,1,0,0,0,0,0,0,0,0 days 00:58:52
1953854,SecondHalf,South Korea,0,0,0,0,0,0,1,0,0,0 days 00:58:53
1953854,SecondHalf,South Korea,0,0,0,0,0,0,1,0,0,0 days 00:58:54
1953854,SecondHalf,South Korea,0,0,0,0,0,0,1,0,0,0 days 00:58:55
1953854,SecondHalf,South Korea,0,0,0,0,0,0,1,0,0,0 days 00:59:01
1953854,SecondHalf,South Korea,0,0,0,0,0,0,1,0,0,0 days 00:59:01
1953854,SecondHalf,South Korea,0,0,0,0,0,0,1,0,0,0 days 00:59:03
1953854,SecondHalf,South Korea,0,0,0,0,0,0,1,0,0,0 days 00:59:05
1953854,SecondHalf,South Korea,0,0,0,0,0,0,1,0,0,0 days 00:59:08
1953854,SecondHalf,South Korea,0,0,0,0,0,0,1,0,0,0 days 00:59:14
1953854,SecondHalf,South Korea,0,0,0,0,0,0,1,0,0,0 days 00:59:17
1953854,SecondHalf,South Korea,0,0,0,0,0,0,1,0,0,0 days 00:59:19
1953854,SecondHalf,South Korea,0,0,0,0,0,0,1,0,0,0 days 00:59:23
1953854,SecondHalf,South Korea,0,0,0,0,0,0,1,0,0,0 days 00:59:27
1953854,SecondHalf,South Korea,0,0,0,0,0,0,1,0,0,0 days 00:59:28
1953854,SecondHalf,South Korea,0,0,0,0,0,0,1,0,0,0 days 00:59:32
1953854,SecondHalf,South Korea,0,0,0,0,0,0,1,0,0,0 days 00:59:35
1953854,SecondHalf,South Korea,0,0,0,0,0,0,1,0,0,0 days 00:59:38
1953854,SecondHalf,South Korea,0,0,0,0,0,0,1,0,0,0 days 00:59:45
1953854,SecondHalf,South Korea,0,0,0,0,0,0,1,0,0,0 days 00:59:49
1953854,SecondHalf,South Korea,0,0,0,0,0,0,1,0,0,0 days 00:59:52
1953854,SecondHalf,South Korea,0,0,0,0,0,0,1,0,0,0 days 00:59:53
1953854,SecondHalf,South Korea,0,0,0,0,0,0,1,0,0,0 days 00:59:57
1953854,SecondHalf,South Korea,0,0,0,0,0,0,1,0,0,0 days 00:59:59
1953854,SecondHalf,South Korea,0,0,0,0,0,0,1,0,0,0 days 01:00:02
1953854,SecondHalf,South Korea,0,0,0,0,0,0,1,0,0,0 days 01:00:04
1953854,SecondHalf,South Korea,0,0,0,0,0,0,1,0,0,0 days 01:00:05
1953854,SecondHalf,South Korea,0,0,0,0,0,0,1,0,0,0 days 01:00:08
1953854,SecondHalf,South Korea,0,0,0,0,0,0,1,0,0,0 days 01:00:10
1953854,SecondHalf,Mexico,0,0,0,0,0,0,1,0,0,0 days 01:00:15
1953854,SecondHalf,South Korea,0,0,0,0,0,0,1,0,0,0 days 01:00:17
1953854,SecondHalf,South Korea,0,0,0,0,0,0,0,0,0,0 days 01:00:20
1953854,SecondHalf,Mexico,0,0,0,0,0,0,1,0,0,0 days 01:00:21
1953854,SecondHalf,South Korea,0,0,0,0,0,0,1,0,0,0 days 01:00:30
1953854,SecondHalf,South Korea,0,0,0,0,0,0,1,0,0,0 days 01:00:32
1953854,SecondHalf,Mexico,0,0,0,0,0,0,0,0,0,0 days 01:00:39
1953854,SecondHalf,South Korea,0,0,0,0,0,0,0,0,0,0 days 01:00:39
1953854,SecondHalf,South Korea,0,0,0,0,0,0,0,0,0,0 days 01:00:00
1953854,SecondHalf,Mexico,0,0,0,0,0,0,1,0,0,0 days 01:01:19
1953854,SecondHalf,Mexico,0,0,0,0,1,0,0,0,0,0 days 01:01:24
1953854,SecondHalf,South Korea,0,0,0,0,1,0,0,0,0,0 days 01:01:24
1953854,SecondHalf,South Korea,0,0,0,0,0,0,1,0,0,0 days 01:01:52
1953854,SecondHalf,South Korea,0,0,0,0,0,0,1,0,0,0 days 01:01:58
1953854,SecondHalf,South Korea,0,0,0,0,0,0,1,0,0,0 days 01:02:03
1953854,SecondHalf,South Korea,0,0,0,0,0,0,1,0,0,0 days 01:02:06
1953854,SecondHalf,South Korea,0,0,0,0,0,0,1,0,0,0 days 01:02:16
1953854,SecondHalf,South Korea,0,0,0,0,0,0,1,0,0,0 days 01:02:18
1953854,SecondHalf,South Korea,0,0,0,0,0,0,1,0,0,0 days 01:02:24
1953854,SecondHalf,South Korea,0,0,0,0,0,0,1,0,0,0 days 01:02:25
1953854,SecondHalf,South Korea,0,0,0,0,0,0,1,0,0,0 days 01:02:27
1953854,SecondHalf,South Korea,0,0,0,0,0,0,1,0,0,0 days 01:02:29
1953854,SecondHalf,South Korea,0,0,0,0,0,0,1,0,0,0 days 01:02:32
1953854,SecondHalf,South Korea,0,0,0,0,0,0,1,0,0,0 days 01:02:35
1953854,SecondHalf,South Korea,0,0,0,0,0,0,1,0,0,0 days 01:02:38
1953854,SecondHalf,South Korea,0,0,0,0,0,0,1,0,0,0 days 01:02:39
1953854,SecondHalf,South Korea,0,0,0,0,0,0,1,0,0,0 days 01:02:42
1953854,SecondHalf,South Korea,0,0,0,0,0,0,1,0,0,0 days 01:02:44
1953854,SecondHalf,South Korea,0,0,0,0,0,0,1,0,0,0 days 01:02:46
1953854,SecondHalf,South Korea,0,0,0,0,0,0,1,0,0,0 days 01:02:52
1953854,SecondHalf,South Korea,0,0,0,0,0,0,1,0,0,0 days 01:02:54
1953854,SecondHalf,South Korea,0,0,0,0,0,0,1,0,0,0 days 01:02:59
1953854,SecondHalf,South Korea,0,0,0,0,0,0,1,0,0,0 days 01:03:00
1953854,SecondHalf,South Korea,0,0,0,0,0,0,1,0,0,0 days 01:03:03
1953854,SecondHalf,South Korea,0,0,0,0,0,0,0,0,0,0 days 01:03:06
1953854,SecondHalf,Mexico,0,0,0,0,0,0,1,0,0,0 days 01:03:25
1953854,SecondHalf,South Korea,0,0,0,0,1,0,0,0,0,0 days 01:03:28
1953854,SecondHalf,Mexico,0,0,0,0,1,0,0,0,0,0 days 01:03:28
1953854,SecondHalf,Mexico,0,0,0,0,0,0,1,0,0,0 days 01:03:51
1953854,SecondHalf,Mexico,0,0,0,0,0,0,1,0,0,0 days 01:03:54
1953854,SecondHalf,Mexico,0,0,0,0,0,0,1,0,0,0 days 01:03:56
1953854,SecondHalf,Mexico,0,0,0,0,0,0,1,0,0,0 days 01:03:59
1953854,SecondHalf,Mexico,0,0,0,0,0,0,1,0,0,0 days 01:04:03
1953854,SecondHalf,Mexico,0,0,0,0,0,0,1,0,0,0 days 01:04:08
1953854,SecondHalf,Mexico,0,0,0,0,0,0,1,0,0,0 days 01:04:11
1953854,SecondHalf,South Korea,0,0,0,0,0,1,0,0,0,0 days 01:04:13
1953854,SecondHalf,Mexico,0,0,0,0,0,0,1,0,0,0 days 01:04:28
1953854,SecondHalf,Mexico,0,0,0,0,0,0,1,0,0,0 days 01:04:30
1953854,SecondHalf,Mexico,0,0,0,0,0,0,1,0,0,0 days 01:04:32
1953854,SecondHalf,Mexico,0,0,0,0,0,0,1,0,0,0 days 01:04:40
1953854,SecondHalf,Mexico,0,0,0,0,0,0,1,0,0,0 days 01:04:43
1953854,SecondHalf,Mexico,0,0,0,0,0,0,1,0,0,0 days 01:04:44
1953854,SecondHalf,Mexico,0,0,0,0,0,0,0,0,0,0 days 01:04:46
1953854,SecondHalf,South Korea,0,0,0,0,0,0,0,0,0,0 days 01:04:49
1953854,SecondHalf,Mexico,0,0,0,0,0,0,1,0,0,0 days 01:04:59
1953854,SecondHalf,Mexico,0,0,0,0,0,0,1,0,0,0 days 01:05:05
1953854,SecondHalf,Mexico,0,0,0,0,0,0,1,0,0,0 days 01:05:12
1953854,SecondHalf,Mexico,0,0,0,0,0,0,1,0,0,0 days 01:05:15
1953854,SecondHalf,Mexico,0,0,0,0,0,0,1,0,0,0 days 01:05:17
1953854,SecondHalf,Mexico,0,0,0,0,0,0,0,0,1,0 days 01:05:17
1953854,SecondHalf,South Korea,0,0,0,0,0,0,1,0,0,0 days 01:05:34
1953854,SecondHalf,Mexico,0,0,0,0,0,1,0,0,0,0 days 01:05:37
1953854,SecondHalf,Mexico,0,1,0,0,0,0,0,0,0,0 days 01:05:38
1953854,SecondHalf,Mexico,0,0,0,0,0,0,1,0,0,0 days 01:05:38
1953854,SecondHalf,Mexico,0,0,0,0,0,0,1,0,0,0 days 01:05:39
1953854,SecondHalf,Mexico,0,0,0,0,0,0,1,0,0,0 days 01:05:40
1953854,SecondHalf,Mexico,0,0,0,0,0,0,1,0,0,0 days 01:05:44
1953854,SecondHalf,South Korea,0,0,0,0,0,0,0,0,0,0 days 01:05:44
1953854,SecondHalf,South Korea,0,0,1,0,0,0,0,0,0,0 days 01:05:46
1953854,SecondHalf,Mexico,0,0,0,0,0,0,1,0,0,0 days 01:05:51
1953854,SecondHalf,Mexico,0,0,0,0,0,0,1,0,0,0 days 01:05:52
1953854,SecondHalf,Mexico,0,0,0,0,0,0,1,0,0,0 days 01:05:54
1953854,SecondHalf,Mexico,0,0,0,0,0,0,1,0,0,0 days 01:05:59
1953854,SecondHalf,Mexico,0,0,0,0,0,0,1,0,0,0 days 01:06:04
1953854,SecondHalf,Mexico,0,0,0,0,0,0,1,0,0,0 days 01:06:07
1953854,SecondHalf,Mexico,0,0,0,0,0,0,0,0,0,0 days 01:06:12
1953854,SecondHalf,South Korea,0,1,0,0,0,0,0,0,0,0 days 01:06:14
1953854,SecondHalf,South Korea,0,0,0,0,0,0,1,0,0,0 days 01:06:15
1953854,SecondHalf,South Korea,0,0,0,0,0,0,1,0,0,0 days 01:06:22
1953854,SecondHalf,South Korea,0,0,0,0,0,0,1,0,0,0 days 01:06:27
1953854,SecondHalf,South Korea,0,0,0,0,0,0,1,0,0,0 days 01:06:29
1953854,SecondHalf,South Korea,0,0,0,0,0,0,1,0,0,0 days 01:06:31
1953854,SecondHalf,South Korea,0,0,0,0,0,0,1,0,0,0 days 01:06:33
1953854,SecondHalf,South Korea,0,0,0,0,0,0,1,0,0,0 days 01:06:35
1953854,SecondHalf,South Korea,0,0,0,0,0,0,1,0,0,0 days 01:06:36
1953854,SecondHalf,South Korea,0,0,0,0,0,0,0,0,0,0 days 01:06:37
1953854,SecondHalf,Mexico,0,0,1,0,0,0,0,0,0,0 days 01:06:39
1953854,SecondHalf,South Korea,0,0,0,0,0,0,1,0,0,0 days 01:06:46
1953854,SecondHalf,South Korea,0,0,0,0,0,0,1,0,0,0 days 01:06:47
1953854,SecondHalf,South Korea,0,0,0,0,0,0,1,0,0,0 days 01:06:48
1953854,SecondHalf,South Korea,0,0,0,0,0,0,1,0,0,0 days 01:06:52
1953854,SecondHalf,South Korea,0,0,0,0,0,0,1,0,0,0 days 01:06:56
1953854,SecondHalf,South Korea,0,0,0,0,0,0,1,0,0,0 days 01:06:58
1953855,SecondHalf,South Africa,0,0,0,0,0,0,1,0,0,0 days 00:57:03
1953855,SecondHalf,South Africa,0,0,0,0,0,0,1,0,0,0 days 00:57:07
1953855,SecondHalf,South Africa,0,0,0,0,0,0,1,0,0,0 days 00:57:08
1953855,SecondHalf,South Africa,0,0,0,0,0,0,1,0,0,0 days 00:57:16
1953855,SecondHalf,South Korea,0,0,0,0,0,0,1,0,0,0 days 00:57:18
1953855,SecondHalf,South Korea,0,0,0,0,0,0,1,0,0,0 days 00:57:20
1953855,SecondHalf,South Africa,0,0,0,0,0,0,0,0,0,0 days 00:57:22
1953855,SecondHalf,South Korea,0,0,0,0,0,0,0,0,0,0 days 00:57:22
1953855,SecondHalf,South Korea,0,0,0,0,0,0,1,0,0,0 days 00:57:23
1953855,SecondHalf,South Africa,0,0,0,0,0,0,0,0,0,0 days 00:57:24
1953855,SecondHalf,South Korea,0,1,0,0,0,0,0,0,0,0 days 00:57:25
1953855,SecondHalf,South Korea,0,0,0,0,0,0,1,0,0,0 days 00:57:26
1953855,SecondHalf,South Korea,0,0,0,0,0,0,1,0,0,0 days 00:57:29
1953855,SecondHalf,South Korea,0,0,0,0,0,0,1,0,0,0 days 00:57:32
1953855,SecondHalf,South Korea,0,0,0,0,0,0,1,0,0,0 days 00:57:35
1953855,SecondHalf,South Korea,0,0,0,0,0,0,0,0,0,0 days 00:57:39
1953855,SecondHalf,South Africa,0,0,1,0,0,0,0,0,0,0 days 00:57:40
1953855,SecondHalf,South Africa,0,1,0,0,0,0,0,0,0,0 days 00:57:41
1953855,SecondHalf,South Korea,0,0,0,0,0,0,0,0,0,0 days 00:57:42
1953855,SecondHalf,South Africa,0,0,0,0,0,0,0,0,1,0 days 00:57:42
1953855,SecondHalf,South Africa,0,0,0,0,0,0,1,0,0,0 days 00:57:44
1953855,SecondHalf,South Africa,0,0,0,0,0,0,1,0,0,0 days 00:57:45
1953855,SecondHalf,South Africa,0,0,0,0,0,0,1,0,0,0 days 00:57:46
1953855,SecondHalf,South Africa,0,0,0,0,0,0,1,0,0,0 days 00:57:48
1953855,SecondHalf,South Africa,0,0,0,0,0,0,1,0,0,0 days 00:57:52
1953855,SecondHalf,South Africa,0,0,0,0,0,0,1,0,0,0 days 00:57:54
1953855,SecondHalf,South Africa,0,0,0,0,0,0,1,0,0,0 days 00:57:57
1953855,SecondHalf,South Africa,0,0,0,0,0,0,0,0,1,0 days 00:58:04
1953855,SecondHalf,South Korea,0,1,0,0,0,0,0,0,0,0 days 00:58:05
1953855,SecondHalf,South Korea,0,0,0,0,0,0,1,0,0,0 days 00:58:06
1953855,SecondHalf,South Korea,0,0,0,0,0,0,1,0,0,0 days 00:58:08
1953855,SecondHalf,South Africa,0,0,0,0,1,0,0,0,0,0 days 00:58:10
1953855,SecondHalf,South Korea,0,0,0,0,1,0,0,0,0,0 days 00:58:10
1953855,SecondHalf,South Korea,0,0,0,0,0,0,1,0,0,0 days 00:58:30
1953855,SecondHalf,South Korea,0,0,0,0,0,0,1,0,0,0 days 00:58:32
1953855,SecondHalf,South Korea,0,0,0,0,0,0,1,0,0,0 days 00:58:37
1953855,SecondHalf,South Korea,0,0,0,0,0,0,1,0,0,0 days 00:58:42
1953855,SecondHalf,South Korea,0,0,0,0,0,0,1,0,0,0 days 00:58:43
1953855,SecondHalf,South Korea,0,0,0,0,0,0,1,0,0,0 days 00:58:45
1953855,SecondHalf,South Korea,0,0,0,0,0,0,1,0,0,0 days 00:58:52
1953855,SecondHalf,South Korea,0,0,0,0,0,0,1,0,0,0 days 00:58:59
1953855,SecondHalf,South Korea,0,0,0,0,0,0,1,0,0,0 days 00:59:00
1953855,SecondHalf,South Korea,0,0,0,0,0,0,1,0,0,0 days 00:59:05
1953855,SecondHalf,South Korea,0,0,0,0,0,0,1,0,0,0 days 00:59:07
1953855,SecondHalf,South Korea,0,0,0,0,0,0,1,0,0,0 days 00:59:08
1953855,SecondHalf,South Africa,0,0,0,0,0,1,0,0,0,0 days 00:59:09
1953855,SecondHalf,South Africa,0,1,0,0,0,0,0,0,0,0 days 00:59:14
1953855,SecondHalf,South Africa,0,0,0,0,0,0,0,0,1,0 days 00:59:16
1953855,SecondHalf,South Korea,0,0,0,0,0,0,0,1,0,0 days 00:59:16
1953855,SecondHalf,South Korea,0,1,0,0,0,0,0,0,0,0 days 00:59:18
1953855,SecondHalf,South Korea,0,0,0,0,0,0,1,0,0,0 days 00:59:19
1953855,SecondHalf,South Korea,0,0,0,0,0,0,1,0,0,0 days 00:59:22
1953855,SecondHalf,South Korea,0,0,0,0,0,0,1,0,0,0 days 00:59:25
1953855,SecondHalf,South Korea,0,0,0,0,0,0,1,0,0,0 days 00:59:28
1953855,SecondHalf,South Korea,0,0,0,0,0,0,1,0,0,0 days 00:59:30
1953855,SecondHalf,South Korea,0,0,0,0,0,0,1,0,0,0 days 00:59:33
1953855,SecondHalf,South Korea,0,0,0,0,0,0,1,0,0,0 days 00:59:35
1953855,SecondHalf,South Korea,0,0,0,0,0,0,1,0,0,0 days 00:59:38
1953855,SecondHalf,South Korea,0,0,0,0,0,0,1,0,0,0 days 00:59:39
1953855,SecondHalf,South Korea,0,0,0,0,0,0,1,0,0,0 days 00:59:42
1953855,SecondHalf,South Korea,0,0,0,0,0,0,1,0,0,0 days 00:59:44
1953855,SecondHalf,South Korea,0,0,0,0,0,0,1,0,0,0 days 00:59:47
1953855,SecondHalf,South Korea,0,0,0,0,0,0,1,0,0,0 days 00:59:50
1953855,SecondHalf,South Africa,0,0,0,0,0,0,0,0,0,0 days 00:59:52
1953855,SecondHalf,South Korea,0,0,0,0,0,0,0,0,0,0 days 00:59:52
1953855,SecondHalf,South Korea,1,0,0,0,0,0,0,0,0,0 days 00:59:54
1953855,SecondHalf,South Africa,0,0,0,0,0,0,0,0,0,0 days 00:59:54
1953855,SecondHalf,South Africa,0,0,0,0,0,0,0,0,0,0 days 00:59:56
1953855,SecondHalf,South Africa,0,0,0,0,0,0,1,0,0,0 days 01:00:07
1953855,SecondHalf,South Africa,0,0,0,0,0,0,1,0,0,0 days 01:00:10
1953855,SecondHalf,South Africa,0,0,0,0,0,0,0,0,1,0 days 01:00:16
1953855,SecondHalf,South Korea,0,0,0,0,0,0,0,1,0,0 days 01:00:16
1953855,SecondHalf,South Korea,0,0,0,0,0,0,1,0,0,0 days 01:00:19
1953855,SecondHalf,South Africa,0,0,0,0,0,0,1,0,0,0 days 01:00:21
1953855,SecondHalf,South Africa,0,0,0,0,0,0,1,0,0,0 days 01:00:23
1953855,SecondHalf,South Africa,0,0,0,0,0,0,1,0,0,0 days 01:00:25
1953855,SecondHalf,South Africa,0,0,0,0,0,0,1,0,0,0 days 01:00:27
1953855,SecondHalf,South Africa,0,0,0,0,0,0,1,0,0,0 days 01:00:32
1953855,SecondHalf,South Africa,0,0,0,0,0,0,1,0,0,0 days 01:00:33
1953855,SecondHalf,South Africa,0,0,0,0,0,0,1,0,0,0 days 01:00:37
1953855,SecondHalf,South Africa,0,0,0,0,0,0,1,0,0,0 days 01:00:39
1953855,SecondHalf,South Africa,0,0,0,0,0,0,1,0,0,0 days 01:00:42
1953855,SecondHalf,South Africa,0,0,0,0,0,0,1,0,0,0 days 01:00:46
1953855,SecondHalf,South Africa,0,0,0,0,0,0,1,0,0,0 days 01:00:49
1953855,SecondHalf,South Africa,0,0,0,0,0,0,1,0,0,0 days 01:00:57
1953855,SecondHalf,South Africa,0,0,0,0,0,0,1,0,0,0 days 01:01:00
1953855,SecondHalf,South Africa,0,0,0,1,0,0,0,0,0,0 days 01:01:02
1953855,SecondHalf,South Korea,0,0,0,0,0,0,0,1,0,0 days 01:01:02
1953855,SecondHalf,South Africa,0,0,0,0,0,0,0,0,0,0 days 01:01:03
1953855,SecondHalf,South Korea,0,0,0,0,0,0,0,0,0,0 days 01:01:04
1953855,SecondHalf,South Korea,0,1,0,0,0,0,0,0,0,0 days 01:01:05
1953855,SecondHalf,South Korea,0,0,0,0,0,0,1,0,0,0 days 01:01:06
1953855,SecondHalf,South Africa,0,0,0,0,0,0,0,0,0,0 days 01:01:07
1953855,SecondHalf,South Korea,0,0,0,0,0,0,1,0,0,0 days 01:01:09
1953855,SecondHalf,South Korea,0,0,0,0,0,0,1,0,0,0 days 01:01:10
1953855,SecondHalf,South Korea,0,0,0,0,0,0,1,0,0,0 days 01:01:12
1953855,SecondHalf,South Korea,0,0,0,0,0,0,1,0,0,0 days 01:01:13
1953855,SecondHalf,South Korea,0,0,0,0,0,0,1,0,0,0 days 01:01:19
1953855,SecondHalf,South Africa,0,0,0,0,0,0,0,0,0,0 days 01:01:19
1953855,SecondHalf,South Africa,0,0,0,0,0,0,0,0,0,0 days 01:01:38
1953855,SecondHalf,South Africa,0,0,0,0,0,0,0,0,0,0 days 01:01:38
1953855,SecondHalf,South Korea,0,0,0,0,0,0,1,0,0,0 days 01:01:53
1953855,SecondHalf,South Korea,0,0,0,0,0,0,1,0,0,0 days 01:01:54
1953855,SecondHalf,South Korea,0,0,0,0,0,0,1,0,0,0 days 01:01:55
1953855,SecondHalf,South Korea,0,0,0,0,0,0,1,0,0,0 days 01:01:56
1953855,SecondHalf,South Korea,0,0,0,0,0,0,1,0,0,0 days 01:01:57
1953855,SecondHalf,South Korea,0,0,0,0,0,0,1,0,0,0 days 01:01:58
1953855,SecondHalf,South Korea,0,0,0,0,0,0,1,0,0,0 days 01:02:02
1953855,SecondHalf,South Africa,0,1,0,0,0,0,0,0,0,0 days 01:02:03
1953855,SecondHalf,South Africa,0,0,0,0,0,0,1,0,0,0 days 01:02:03
1953855,SecondHalf,South Africa,0,0,0,0,0,0,1,0,0,0 days 01:02:06
1953855,SecondHalf,South Africa,0,0,0,0,0,0,1,0,0,0 days 01:02:12
1953855,SecondHalf,South Korea,0,0,0,0,0,0,0,0,0,0 days 01:02:14
1953855,SecondHalf,South Africa,0,0,0,0,0,0,0,0,1,0 days 01:02:14
1953855,SecondHalf,South Africa,0,0,0,0,0,0,1,0,0,0 days 01:02:16
1953855,SecondHalf,South Africa,1,0,0,0,0,0,0,0,0,0 days 01:02:17
1953855,SecondHalf,South Korea,0,0,0,0,0,0,1,0,0,0 days 01:03:43
1953855,SecondHalf,South Korea,0,0,0,0,0,0,1,0,0,0 days 01:03:44
1953855,SecondHalf,South Korea,0,0,0,0,0,0,1,0,0,0 days 01:03:45
1953855,SecondHalf,South Korea,0,0,0,0,0,0,1,0,0,0 days 01:03:49
1953855,SecondHalf,South Korea,0,0,0,0,0,0,1,0,0,0 days 01:03:51
1953855,SecondHalf,South Korea,0,0,0,0,0,0,1,0,0,0 days 01:03:55
1953855,SecondHalf,South Korea,0,0,0,0,0,0,1,0,0,0 days 01:03:58
1953855,SecondHalf,South Korea,0,0,0,0,0,0,1,0,0,0 days 01:03:59
1953855,SecondHalf,South Korea,0,0,0,0,0,0,1,0,0,0 days 01:04:04
1953855,SecondHalf,South Korea,0,0,0,0,0,0,1,0,0,0 days 01:04:09
1953855,SecondHalf,South Korea,0,0,0,0,0,0,1,0,0,0 days 01:04:12
1953855,SecondHalf,South Korea,0,0,0,0,0,0,1,0,0,0 days 01:04:16
1953855,SecondHalf,South Korea,0,0,0,0,0,0,1,0,0,0 days 01:04:19
1953855,SecondHalf,South Korea,0,0,0,0,0,0,1,0,0,0 days 01:04:24
1953855,SecondHalf,South Africa,0,0,0,0,0,0,0,0,0,0 days 01:04:25
1953855,SecondHalf,South Korea,0,0,0,0,0,0,0,0,1,0 days 01:04:25
1953855,SecondHalf,South Korea,0,0,0,0,0,0,1,0,0,0 days 01:04:28
1953855,SecondHalf,South Korea,0,0,0,0,0,0,1,0,0,0 days 01:04:30
1953855,SecondHalf,South Korea,0,0,0,0,0,0,1,0,0,0 days 01:04:34
1953855,SecondHalf,South Korea,0,0,0,0,0,0,1,0,0,0 days 01:04:35
1953855,SecondHalf,South Korea,0,0,0,0,0,0,1,0,0,0 days 01:04:40
1953855,SecondHalf,South Africa,0,0,0,0,0,0,1,0,0,0 days 01:04:41
1953855,SecondHalf,South Africa,0,1,0,0,0,0,0,0,0,0 days 01:04:42
1953855,SecondHalf,South Africa,0,0,0,0,0,0,1,0,0,0 days 01:04:42
1953855,SecondHalf,South Africa,0,0,0,0,1,0,0,0,0,0 days 01:04:46
1953855,SecondHalf,South Korea,0,0,0,0,1,0,0,0,0,0 days 01:04:46
1953855,SecondHalf,South Korea,0,0,0,0,0,0,0,0,0,0 days 01:04:58
1953855,SecondHalf,South Korea,0,0,0,0,0,0,0,0,0,0 days 01:04:58
1953855,SecondHalf,South Africa,0,0,0,0,0,0,1,0,0,0 days 01:05:23
1953855,SecondHalf,South Africa,0,0,0,0,0,0,0,0,0,0 days 01:05:26
1953855,SecondHalf,South Korea,0,0,0,0,0,0,0,0,0,0 days 01:05:26
1953855,SecondHalf,South Korea,0,0,0,0,0,0,1,0,0,0 days 01:05:27
1953855,SecondHalf,South Korea,0,0,0,0,0,0,1,0,0,0 days 01:05:28
1953855,SecondHalf,South Korea,0,1,0,0,0,0,0,0,0,0 days 01:05:29
1953855,SecondHalf,South Korea,0,0,0,0,0,0,1,0,0,0 days 01:05:30
1953855,SecondHalf,South Korea,0,0,0,0,0,0,0,0,1,0 days 01:05:33
1953855,SecondHalf,South Africa,0,0,0,0,0,0,0,1,0,0 days 01:05:33
1953855,SecondHalf,South Africa,0,0,0,0,0,0,0,0,0,0 days 01:05:34
1953855,SecondHalf,South Korea,0,0,0,0,0,0,1,0,0,0 days 01:05:35
1953855,SecondHalf,South Korea,0,0,0,0,0,0,1,0,0,0 days 01:05:38
1953855,SecondHalf,South Korea,0,0,0,0,0,0,1,0,0,0 days 01:05:42
1953855,SecondHalf,South Korea,0,0,0,0,0,0,1,0,0,0 days 01:05:46
1953855,SecondHalf,South Korea,0,0,0,0,0,0,1,0,0,0 days 01:05:50
1953855,SecondHalf,South Korea,0,0,0,0,0,0,1,0,0,0 days 01:05:52
1953855,SecondHalf,South Korea,0,0,0,0,0,0,1,0,0,0 days 01:05:53
1953855,SecondHalf,South Korea,0,0,0,0,0,0,1,0,0,0 days 01:05:56
1953855,SecondHalf,South Korea,0,0,0,0,0,0,1,0,0,0 days 01:06:02
1953855,SecondHalf,South Korea,0,0,0,0,0,0,1,0,0,0 days 01:06:06
1953855,SecondHalf,South Korea,0,0,0,0,0,0,1,0,0,0 days 01:06:08
1953855,SecondHalf,South Korea,0,0,0,0,0,0,1,0,0,0 days 01:06:12
1953855,SecondHalf,South Korea,0,0,0,0,0,0,1,0,0,0 days 01:06:13
1953855,SecondHalf,South Korea,0,0,0,0,0,0,1,0,0,0 days 01:06:16
1953855,SecondHalf,South Korea,0,0,0,0,0,0,1,0,0,0 days 01:06:18
1953855,SecondHalf,South Korea,0,0,0,0,0,0,1,0,0,0 days 01:06:21
1953855,SecondHalf,South Korea,0,0,0,0,0,0,1,0,0,0 days 01:06:24
1953855,SecondHalf,South Korea,0,0,0,0,0,0,1,0,0,0 days 01:06:29
1953855,SecondHalf,South Korea,0,0,0,0,0,0,1,0,0,0 days 01:06:34
1953855,SecondHalf,South Korea,0,0,0,0,0,0,1,0,0,0 days 01:06:36
1953855,SecondHalf,South Korea,0,0,0,0,0,0,1,0,0,0 days 01:06:38
1953855,SecondHalf,South Korea,0,0,0,0,0,0,1,0,0,0 days 01:06:42
1953855,SecondHalf,South Korea,0,0,0,0,0,0,1,0,0,0 days 01:06:46
1953855,SecondHalf,South Korea,0,0,0,0,0,0,1,0,0,0 days 01:06:50
1953855,SecondHalf,South Korea,0,0,0,0,0,0,1,0,0,0 days 01:06:54
1953855,SecondHalf,South Korea,0,0,0,0,0,0,1,0,0,0 days 01:06:56
1953855,SecondHalf,South Korea,0,0,0,0,0,0,1,0,0,0 days 01:06:59
1953856,SecondHalf,Switzerland,0,0,0,0,0,0,1,0,0,0 days 00:57:21
1953856,SecondHalf,Switzerland,0,0,0,0,0,0,1,0,0,0 days 00:57:25
1953856,SecondHalf,Switzerland,0,0,0,0,0,0,1,0,0,0 days 00:57:30
1953856,SecondHalf,Switzerland,0,0,0,0,0,0,1,0,0,0 days 00:57:32
1953856,SecondHalf,Switzerland,0,0,0,0,0,0,1,0,0,0 days 00:57:38
1953856,SecondHalf,Switzerland,0,0,0,0,0,0,1,0,0,0 days 00:57:39
1953856,SecondHalf,Switzerland,0,0,0,0,0,0,1,0,0,0 days 00:57:42
1953856,SecondHalf,Switzerland,0,0,0,0,0,0,1,0,0,0 days 00:57:46
1953856,SecondHalf,Qatar,0,0,1,0,0,0,0,0,0,0 days 00:57:46
1953856,SecondHalf,Qatar,0,1,0,0,0,0,0,0,0,0 days 00:57:48
1953856,SecondHalf,Qatar,0,0,0,0,0,0,1,0,0,0 days 00:57:52
1953856,SecondHalf,Switzerland,0,0,0,0,0,1,0,0,0,0 days 00:57:53
1953856,SecondHalf,Switzerland,0,1,0,0,0,0,0,0,0,0 days 00:57:55
1953856,SecondHalf,Switzerland,0,0,0,0,0,0,1,0,0,0 days 00:57:55
1953856,SecondHalf,Switzerland,0,0,0,0,0,0,1,0,0,0 days 00:57:56
1953856,SecondHalf,Switzerland,0,0,0,0,0,0,1,0,0,0 days 00:58:02
1953856,SecondHalf,Switzerland,0,0,0,0,0,0,1,0,0,0 days 00:58:07
1953856,SecondHalf,Qatar,0,0,1,0,0,0,0,0,0,0 days 00:58:08
1953856,SecondHalf,Qatar,0,0,1,0,0,0,0,0,0,0 days 00:58:10
1953856,SecondHalf,Switzerland,0,0,0,0,0,0,1,0,0,0 days 00:58:11
1953856,SecondHalf,Switzerland,0,0,0,0,0,0,1,0,0,0 days 00:58:12
1953856,SecondHalf,Switzerland,0,0,0,0,0,0,1,0,0,0 days 00:58:14
1953856,SecondHalf,Qatar,0,0,1,0,0,0,0,0,0,0 days 00:58:16
1953856,SecondHalf,Switzerland,0,0,0,0,0,0,0,0,0,0 days 00:58:17
1953856,SecondHalf,Qatar,0,0,0,0,0,0,0,0,0,0 days 00:58:17
1953856,SecondHalf,Switzerland,0,0,0,0,0,0,1,0,0,0 days 00:58:45
1953856,SecondHalf,Qatar,0,0,0,0,1,0,0,0,0,0 days 00:58:48
1953856,SecondHalf,Switzerland,0,0,0,0,1,0,0,0,0,0 days 00:58:48
1953856,SecondHalf,Qatar,0,0,0,0,0,0,0,0,0,0 days 00:59:14
1953856,SecondHalf,Qatar,0,0,0,0,0,0,0,0,0,0 days 00:59:14
1953856,SecondHalf,Qatar,0,0,0,0,0,0,0,0,0,0 days 00:59:24
1953856,SecondHalf,Qatar,0,0,0,0,0,0,0,0,0,0 days 00:59:24
1953856,SecondHalf,Qatar,0,0,0,0,0,0,0,0,0,0 days 00:59:48
1953856,SecondHalf,Qatar,0,0,0,0,0,0,0,0,0,0 days 00:59:48
1953856,SecondHalf,Qatar,0,0,0,0,0,0,0,0,0,0 days 00:59:49
1953856,SecondHalf,Qatar,0,0,0,0,0,0,1,0,0,0 days 01:00:01
1953856,SecondHalf,Qatar,0,0,0,0,0,0,1,0,0,0 days 01:00:07
1953856,SecondHalf,Switzerland,0,0,0,0,0,0,0,0,0,0 days 01:00:09
1953856,SecondHalf,Qatar,0,0,0,0,0,0,1,0,0,0 days 01:00:13
1953856,SecondHalf,Qatar,0,0,0,0,0,0,1,0,0,0 days 01:00:15
1953856,SecondHalf,Qatar,0,0,0,0,0,0,1,0,0,0 days 01:00:16
1953856,SecondHalf,Qatar,0,0,0,0,0,0,1,0,0,0 days 01:00:24
1953856,SecondHalf,Qatar,0,0,0,0,0,0,1,0,0,0 days 01:00:28
1953856,SecondHalf,Qatar,0,0,0,0,0,0,1,0,0,0 days 01:00:32
1953856,SecondHalf,Qatar,0,0,0,0,0,0,1,0,0,0 days 01:00:34
1953856,SecondHalf,Qatar,0,0,0,0,0,0,1,0,0,0 days 01:00:36
1953856,SecondHalf,Qatar,0,0,0,0,0,0,1,0,0,0 days 01:00:39
1953856,SecondHalf,Qatar,0,0,0,0,0,0,1,0,0,0 days 01:00:43
1953856,SecondHalf,Qatar,0,0,0,0,0,0,1,0,0,0 days 01:00:48
1953856,SecondHalf,Qatar,0,0,0,0,0,0,1,0,0,0 days 01:00:55
1953856,SecondHalf,Qatar,0,0,0,0,0,0,1,0,0,0 days 01:00:56
1953856,SecondHalf,Qatar,0,0,0,0,0,0,1,0,0,0 days 01:00:57
1953856,SecondHalf,Qatar,0,0,0,0,0,0,1,0,0,0 days 01:00:59
1953856,SecondHalf,Switzerland,0,0,0,0,0,0,0,0,0,0 days 01:01:03
1953856,SecondHalf,Switzerland,0,0,0,0,0,0,0,0,0,0 days 01:01:04
1953856,SecondHalf,Switzerland,0,0,0,0,0,0,1,0,0,0 days 01:01:07
1953856,SecondHalf,Switzerland,0,0,0,0,0,0,1,0,0,0 days 01:01:20
1953856,SecondHalf,Switzerland,0,0,0,0,0,0,1,0,0,0 days 01:01:23
1953856,SecondHalf,Switzerland,0,0,0,0,0,0,0,0,1,0 days 01:01:29
1953856,SecondHalf,Qatar,0,0,0,0,0,0,0,1,0,0 days 01:01:29
1953856,SecondHalf,Qatar,0,1,0,0,0,0,0,0,0,0 days 01:01:31
1953856,SecondHalf,Qatar,0,0,0,1,0,0,0,0,0,0 days 01:01:33
1953856,SecondHalf,Switzerland,0,0,0,0,0,0,0,1,0,0 days 01:01:33
1953856,SecondHalf,Switzerland,0,1,0,0,0,0,0,0,0,0 days 01:01:34
1953856,SecondHalf,Switzerland,0,0,0,0,0,0,0,0,1,0 days 01:01:36
1953856,SecondHalf,Qatar,0,0,0,0,1,0,0,0,0,0 days 01:01:38
1953856,SecondHalf,Switzerland,0,0,0,0,1,0,0,0,0,0 days 01:01:38
1953856,SecondHalf,Switzerland,0,0,0,0,0,0,1,0,0,0 days 01:02:33
1953856,SecondHalf,Switzerland,0,0,0,0,0,0,1,0,0,0 days 01:02:34
1953856,SecondHalf,Switzerland,1,0,0,0,0,0,0,0,0,0 days 01:02:35
1953856,SecondHalf,Qatar,0,0,0,0,0,0,0,0,0,0 days 01:02:35
1953856,SecondHalf,Switzerland,0,0,0,0,0,0,0,0,0,0 days 01:02:36
1953856,SecondHalf,Qatar,0,0,0,0,0,0,0,0,0,0 days 01:02:37
1953856,SecondHalf,Switzerland,0,0,0,0,0,0,0,0,0,0 days 01:02:37
1953856,SecondHalf,Qatar,0,0,1,0,0,0,0,0,0,0 days 01:02:38
1953856,SecondHalf,Switzerland,0,0,0,0,0,0,1,0,0,0 days 01:02:41
1953856,SecondHalf,Switzerland,0,0,0,0,0,0,1,0,0,0 days 01:02:51
1953856,SecondHalf,Switzerland,0,0,0,0,0,0,1,0,0,0 days 01:02:53
1953856,SecondHalf,Switzerland,0,0,0,0,0,0,1,0,0,0 days 01:02:54
1953856,SecondHalf,Switzerland,0,0,0,0,0,0,1,0,0,0 days 01:02:56
1953856,SecondHalf,Switzerland,0,0,0,0,0,0,1,0,0,0 days 01:02:59
1953856,SecondHalf,Switzerland,0,0,0,0,0,0,1,0,0,0 days 01:03:02
1953856,SecondHalf,Switzerland,0,0,0,0,0,0,1,0,0,0 days 01:03:05
1953856,SecondHalf,Switzerland,0,0,0,0,0,0,1,0,0,0 days 01:03:08
1953856,SecondHalf,Switzerland,0,0,0,0,0,0,0,0,0,0 days 01:03:11
1953856,SecondHalf,Qatar,0,1,0,0,0,0,0,0,0,0 days 01:03:12
1953856,SecondHalf,Qatar,0,0,0,0,0,0,1,0,0,0 days 01:03:15
1953856,SecondHalf,Qatar,0,0,0,0,0,0,1,0,0,0 days 01:03:16
1953856,SecondHalf,Qatar,0,0,0,0,0,0,1,0,0,0 days 01:03:19
1953856,SecondHalf,Switzerland,0,0,0,0,0,0,1,0,0,0 days 01:03:21
1953856,SecondHalf,Qatar,0,0,0,0,0,0,1,0,0,0 days 01:03:26
1953856,SecondHalf,Qatar,0,0,0,0,0,0,1,0,0,0 days 01:03:27
1953856,SecondHalf,Qatar,0,0,0,0,0,0,1,0,0,0 days 01:03:29
1953856,SecondHalf,Qatar,0,0,0,0,0,0,1,0,0,0 days 01:03:32
1953856,SecondHalf,Qatar,0,0,0,0,0,0,0,0,0,0 days 01:03:34
1953856,SecondHalf,Switzerland,0,0,0,0,0,0,1,0,0,0 days 01:03:39
1953856,SecondHalf,Switzerland,0,0,0,0,0,0,1,0,0,0 days 01:03:43
1953856,SecondHalf,Switzerland,0,0,0,0,0,0,1,0,0,0 days 01:03:46
1953856,SecondHalf,Switzerland,0,0,0,0,0,0,1,0,0,0 days 01:03:47
1953856,SecondHalf,Switzerland,0,0,0,0,0,0,1,0,0,0 days 01:03:50
1953856,SecondHalf,Switzerland,0,0,0,0,0,0,1,0,0,0 days 01:03:54
1953856,SecondHalf,Switzerland,0,0,0,0,0,0,1,0,0,0 days 01:03:57
1953856,SecondHalf,Switzerland,0,0,0,0,0,0,1,0,0,0 days 01:04:04
1953856,SecondHalf,Switzerland,0,0,0,0,0,0,1,0,0,0 days 01:04:06
1953856,SecondHalf,Switzerland,0,0,0,0,0,0,1,0,0,0 days 01:04:07
1953856,SecondHalf,Switzerland,0,0,0,0,0,0,1,0,0,0 days 01:04:15
1953856,SecondHalf,Switzerland,0,0,0,0,0,0,1,0,0,0 days 01:04:16
1953856,SecondHalf,Switzerland,0,0,0,0,0,0,1,0,0,0 days 01:04:17
1953856,SecondHalf,Switzerland,0,0,0,0,0,0,1,0,0,0 days 01:04:22
1953856,SecondHalf,Switzerland,0,0,0,0,0,0,1,0,0,0 days 01:04:25
1953856,SecondHalf,Switzerland,0,0,0,0,0,0,0,0,1,0 days 01:04:30
1953856,SecondHalf,Switzerland,0,0,0,0,0,0,1,0,0,0 days 01:04:34
1953856,SecondHalf,Qatar,0,0,1,0,0,0,0,0,0,0 days 01:04:34
1953856,SecondHalf,Switzerland,0,0,0,0,0,0,0,0,0,0 days 01:04:36
1953856,SecondHalf,Qatar,0,0,0,0,0,0,0,0,0,0 days 01:04:36
1953856,SecondHalf,Switzerland,0,0,0,0,0,0,0,0,0,0 days 01:04:58
1953856,SecondHalf,Switzerland,0,0,0,0,0,0,0,0,0,0 days 01:04:58
1953856,SecondHalf,Switzerland,0,0,0,0,0,0,0,0,0,0 days 01:05:00
1953856,SecondHalf,Switzerland,0,0,0,0,0,0,0,0,0,0 days 01:05:00
1953856,SecondHalf,Switzerland,0,0,0,0,0,0,1,0,0,0 days 01:05:23
1953856,SecondHalf,Qatar,0,0,0,0,0,0,0,0,0,0 days 01:05:25
1953856,SecondHalf,Qatar,0,0,0,0,0,0,1,0,0,0 days 01:05:29
1953856,SecondHalf,Qatar,0,1,0,0,0,0,0,0,0,0 days 01:05:31
1953856,SecondHalf,Qatar,0,0,0,0,0,0,1,0,0,0 days 01:05:32
1953856,SecondHalf,Qatar,0,0,0,0,0,0,1,0,0,0 days 01:05:35
1953856,SecondHalf,Switzerland,0,0,0,0,1,0,0,0,0,0 days 01:05:39
1953856,SecondHalf,Qatar,0,0,0,0,1,0,0,0,0,0 days 01:05:39
1953856,SecondHalf,Qatar,0,0,0,0,0,0,1,0,0,0 days 01:05:58
1953856,SecondHalf,Qatar,0,0,0,0,0,0,1,0,0,0 days 01:06:00
1953856,SecondHalf,Qatar,0,0,0,0,0,0,1,0,0,0 days 01:06:05
1953856,SecondHalf,Qatar,0,0,0,0,0,0,1,0,0,0 days 01:06:10
1953856,SecondHalf,Qatar,0,0,0,0,0,0,1,0,0,0 days 01:06:16
1953856,SecondHalf,Switzerland,0,1,0,0,0,0,0,0,0,0 days 01:06:19
1953856,SecondHalf,Switzerland,0,0,0,0,0,0,1,0,0,0 days 01:06:20
1953856,SecondHalf,Switzerland,0,0,0,0,0,0,1,0,0,0 days 01:06:23
1953856,SecondHalf,Switzerland,0,0,0,0,0,0,1,0,0,0 days 01:06:31
1953856,SecondHalf,Switzerland,0,0,0,0,0,0,1,0,0,0 days 01:06:38
1953856,SecondHalf,Switzerland,1,0,0,0,0,0,0,0,0,0 days 01:06:39
1953857,SecondHalf,Canada,0,0,0,0,0,0,1,0,0,0 days 00:57:07
1953857,SecondHalf,Canada,0,0,0,0,0,0,1,0,0,0 days 00:57:09
1953857,SecondHalf,Canada,0,0,0,0,0,0,1,0,0,0 days 00:57:12
1953857,SecondHalf,Canada,0,0,0,0,0,0,0,0,1,0 days 00:57:20
1953857,SecondHalf,Qatar,0,0,0,0,0,0,0,0,0,0 days 00:57:23
1953857,SecondHalf,Canada,0,0,0,0,0,0,1,0,0,0 days 00:57:23
1953857,SecondHalf,Canada,0,0,0,0,0,0,1,0,0,0 days 00:57:27
1953857,SecondHalf,Canada,0,0,0,0,0,0,1,0,0,0 days 00:57:29
1953857,SecondHalf,Canada,0,0,0,0,0,0,1,0,0,0 days 00:57:35
1953857,SecondHalf,Canada,0,0,0,0,0,0,1,0,0,0 days 00:57:39
1953857,SecondHalf,Canada,0,0,0,0,0,0,1,0,0,0 days 00:57:41
1953857,SecondHalf,Qatar,0,0,0,0,1,0,0,0,0,0 days 00:57:44
1953857,SecondHalf,Canada,0,0,0,0,0,0,0,0,0,0 days 00:57:44
1953857,SecondHalf,Canada,0,0,0,0,1,0,0,0,0,0 days 00:57:44
1953857,SecondHalf,Qatar,0,0,0,0,0,0,0,0,0,0 days 00:58:12
1953857,SecondHalf,Qatar,0,0,0,0,0,0,0,0,0,0 days 00:58:12
1953857,SecondHalf,Qatar,0,0,0,0,0,0,1,0,0,0 days 00:58:31
1953857,SecondHalf,Canada,0,0,0,0,0,0,1,0,0,0 days 00:58:46
1953857,SecondHalf,Canada,0,0,0,0,0,0,1,0,0,0 days 00:58:49
1953857,SecondHalf,Canada,0,0,0,0,0,0,1,0,0,0 days 00:58:51
1953857,SecondHalf,Canada,0,0,0,0,0,0,1,0,0,0 days 00:58:58
1953857,SecondHalf,Qatar,0,0,0,0,0,0,0,0,0,0 days 00:58:59
1953857,SecondHalf,Qatar,0,0,0,0,0,0,1,0,0,0 days 00:59:11
1953857,SecondHalf,Canada,0,0,0,0,0,0,1,0,0,0 days 00:59:16
1953857,SecondHalf,Qatar,0,0,0,0,0,0,0,0,0,0 days 00:59:18
1953857,SecondHalf,Canada,0,0,0,0,0,0,0,0,0,0 days 00:59:18
1953857,SecondHalf,Canada,0,0,0,0,0,0,1,0,0,0 days 00:59:18
1953857,SecondHalf,Qatar,0,0,0,0,0,0,1,0,0,0 days 00:59:19
1953857,SecondHalf,Canada,0,1,0,0,0,0,0,0,0,0 days 00:59:22
1953857,SecondHalf,Canada,0,0,0,0,0,0,1,0,0,0 days 00:59:23
1953857,SecondHalf,Canada,0,0,0,0,0,0,1,0,0,0 days 00:59:24
1953857,SecondHalf,Canada,0,0,0,0,0,0,1,0,0,0 days 00:59:27
1953857,SecondHalf,Canada,0,0,0,0,0,0,0,0,1,0 days 00:59:27
1953857,SecondHalf,Qatar,0,0,0,0,1,0,0,0,0,0 days 00:59:29
1953857,SecondHalf,Canada,0,0,0,0,1,0,0,0,0,0 days 00:59:29
1953857,SecondHalf,Canada,0,0,0,0,0,0,1,0,0,0 days 00:59:37
1953857,SecondHalf,Canada,0,0,0,0,0,0,1,0,0,0 days 00:59:39
1953857,SecondHalf,Canada,0,0,0,0,0,0,1,0,0,0 days 00:59:42
1953857,SecondHalf,Canada,0,0,0,0,0,0,1,0,0,0 days 00:59:43
1953857,SecondHalf,Canada,0,0,0,0,0,0,1,0,0,0 days 00:59:45
1953857,SecondHalf,Canada,0,0,0,0,0,0,1,0,0,0 days 00:59:47
1953857,SecondHalf,Canada,0,0,0,0,0,0,1,0,0,0 days 00:59:49
1953857,SecondHalf,Canada,0,0,0,0,0,0,1,0,0,0 days 00:59:51
1953857,SecondHalf,Canada,0,0,0,0,0,0,1,0,0,0 days 00:59:54
1953857,SecondHalf,Canada,0,0,0,0,0,0,1,0,0,0 days 00:59:56
1953857,SecondHalf,Qatar,0,0,1,0,0,0,0,0,0,0 days 00:59:58
1953857,SecondHalf,Canada,0,0,0,0,0,0,1,0,0,0 days 01:00:06
1953857,SecondHalf,Canada,0,0,0,0,0,0,1,0,0,0 days 01:00:08
1953857,SecondHalf,Canada,0,0,0,0,0,0,1,0,0,0 days 01:00:09
1953857,SecondHalf,Canada,0,0,0,0,0,0,1,0,0,0 days 01:00:16
1953857,SecondHalf,Qatar,0,0,1,0,0,0,0,0,0,0 days 01:00:16
1953857,SecondHalf,Canada,0,0,0,0,0,0,0,0,0,0 days 01:00:18
1953857,SecondHalf,Qatar,0,0,0,0,0,0,0,0,0,0 days 01:00:18
1953857,SecondHalf,Canada,0,0,0,0,0,0,1,0,0,0 days 01:00:43
1953857,SecondHalf,Qatar,0,0,1,0,0,0,0,0,0,0 days 01:00:47
1953857,SecondHalf,Canada,0,0,0,0,0,0,1,0,0,0 days 01:00:48
1953857,SecondHalf,Qatar,0,0,0,0,0,0,0,0,0,0 days 01:00:50
1953857,SecondHalf,Canada,0,0,0,0,0,0,1,0,0,0 days 01:00:53
1953857,SecondHalf,Canada,0,0,0,0,0,0,1,0,0,0 days 01:00:56
1953857,SecondHalf,Canada,0,0,0,0,0,0,1,0,0,0 days 01:00:59
1953857,SecondHalf,Canada,0,0,0,0,0,0,1,0,0,0 days 01:01:00
1953857,SecondHalf,Canada,0,0,0,0,0,0,1,0,0,0 days 01:01:03
1953857,SecondHalf,Canada,0,0,0,0,0,0,1,0,0,0 days 01:01:05
1953857,SecondHalf,Canada,0,0,0,0,0,0,1,0,0,0 days 01:01:07
1953857,SecondHalf,Canada,0,0,0,0,0,0,1,0,0,0 days 01:01:10
1953857,SecondHalf,Qatar,0,0,1,0,0,0,0,0,0,0 days 01:01:10
1953857,SecondHalf,Qatar,0,0,0,0,0,0,0,0,0,0 days 01:01:11
1953857,SecondHalf,Canada,0,0,0,0,0,0,0,0,0,0 days 01:01:11
1953857,SecondHalf,Canada,0,0,0,0,0,0,1,0,0,0 days 01:01:20
1953857,SecondHalf,Canada,0,0,0,0,0,0,1,0,0,0 days 01:01:22
1953857,SecondHalf,Canada,0,0,0,0,1,0,0,0,0,0 days 01:01:27
1953857,SecondHalf,Qatar,0,0,0,0,1,0,0,0,0,0 days 01:01:27
1953857,SecondHalf,Qatar,0,0,0,0,0,0,0,0,0,0 days 01:01:32
1953857,SecondHalf,Canada,1,0,0,0,0,0,0,0,0,0 days 01:03:02
1953857,SecondHalf,Qatar,0,0,0,0,0,0,1,0,0,0 days 01:03:58
1953857,SecondHalf,Qatar,0,0,0,0,0,0,1,0,0,0 days 01:04:00
1953857,SecondHalf,Qatar,0,0,0,0,0,0,1,0,0,0 days 01:04:02
1953857,SecondHalf,Canada,0,0,0,0,0,0,0,0,0,0 days 01:04:07
1953857,SecondHalf,Canada,0,0,0,0,0,0,1,0,0,0 days 01:04:08
1953857,SecondHalf,Canada,0,0,0,0,0,0,1,0,0,0 days 01:04:17
1953857,SecondHalf,Canada,0,0,0,0,0,0,1,0,0,0 days 01:04:22
1953857,SecondHalf,Canada,0,0,0,0,0,0,0,0,0,0 days 01:04:26
1953857,SecondHalf,Canada,0,0,0,0,0,0,1,0,0,0 days 01:04:27
1953857,SecondHalf,Canada,0,0,0,0,0,0,1,0,0,0 days 01:04:28
1953857,SecondHalf,Canada,0,0,0,0,0,0,1,0,0,0 days 01:04:31
1953857,SecondHalf,Canada,0,0,0,0,0,0,1,0,0,0 days 01:04:35
1953857,SecondHalf,Canada,0,0,0,0,0,0,1,0,0,0 days 01:04:37
1953857,SecondHalf,Canada,0,0,0,0,0,0,0,0,0,0 days 01:04:38
1953857,SecondHalf,Qatar,0,0,1,0,0,0,0,0,0,0 days 01:04:40
1953857,SecondHalf,Canada,0,0,0,0,0,0,1,0,0,0 days 01:04:49
1953857,SecondHalf,Canada,0,0,0,0,0,0,1,0,0,0 days 01:04:55
1953857,SecondHalf,Canada,0,0,0,0,0,0,0,0,0,0 days 01:04:56
1953857,SecondHalf,Qatar,0,0,0,0,0,0,1,0,0,0 days 01:06:26
1953857,SecondHalf,Canada,0,1,0,0,0,0,0,0,0,0 days 01:06:31
1953857,SecondHalf,Canada,0,0,0,0,0,0,1,0,0,0 days 01:06:33
1953857,SecondHalf,Canada,0,0,0,0,0,0,1,0,0,0 days 01:06:34
1953857,SecondHalf,Canada,0,0,0,0,0,0,1,0,0,0 days 01:06:39
1953857,SecondHalf,Canada,0,0,0,0,0,0,1,0,0,0 days 01:06:41
1953857,SecondHalf,Canada,0,0,0,0,0,0,1,0,0,0 days 01:06:45
1953857,SecondHalf,Canada,0,0,0,0,0,0,1,0,0,0 days 01:06:48
1953857,SecondHalf,Canada,0,0,0,0,0,0,1,0,0,0 days 01:06:50
1953857,SecondHalf,Qatar,0,0,1,0,0,0,0,0,0,0 days 01:06:50
1953857,SecondHalf,Canada,0,0,0,0,0,0,0,0,0,0 days 01:06:53
1953857,SecondHalf,Qatar,0,0,0,0,0,0,0,0,0,0 days 01:06:53
1953858,SecondHalf,Canada,0,0,0,0,0,0,0,0,0,0 days 00:57:42
1953858,SecondHalf,Canada,0,0,0,0,0,0,0,0,0,0 days 00:57:42
1953858,SecondHalf,Canada,0,0,0,0,0,0,0,0,0,0 days 00:57:43
1953858,SecondHalf,Canada,0,0,0,0,0,0,0,0,0,0 days 00:57:43
1953858,SecondHalf,Canada,0,0,0,0,0,0,0,0,0,0 days 00:57:46
1953858,SecondHalf,Canada,0,0,0,0,0,0,0,0,0,0 days 00:57:46
1953858,SecondHalf,Canada,0,0,0,0,0,0,0,0,0,0 days 00:57:47
1953858,SecondHalf,Canada,0,0,0,0,0,0,1,0,0,0 days 00:58:06
1953858,SecondHalf,Canada,0,0,0,0,0,0,1,0,0,0 days 00:58:08
1953858,SecondHalf,Canada,0,0,0,0,0,0,1,0,0,0 days 00:58:10
1953858,SecondHalf,Canada,0,0,0,0,0,0,1,0,0,0 days 00:58:12
1953858,SecondHalf,Canada,0,0,0,0,0,0,1,0,0,0 days 00:58:16
1953858,SecondHalf,Canada,0,0,0,0,0,0,1,0,0,0 days 00:58:18
1953858,SecondHalf,Canada,0,0,0,0,0,0,1,0,0,0 days 00:58:20
1953858,SecondHalf,Canada,0,0,0,0,0,0,1,0,0,0 days 00:58:23
1953858,SecondHalf,Canada,0,0,0,0,0,0,1,0,0,0 days 00:58:26
1953858,SecondHalf,Canada,0,0,0,0,0,0,1,0,0,0 days 00:58:29
1953858,SecondHalf,Canada,0,0,0,0,0,0,1,0,0,0 days 00:58:31
1953858,SecondHalf,Canada,0,0,0,0,0,0,1,0,0,0 days 00:58:34
1953858,SecondHalf,Canada,0,0,0,0,0,0,1,0,0,0 days 00:58:36
1953858,SecondHalf,Canada,0,0,0,0,0,0,1,0,0,0 days 00:58:37
1953858,SecondHalf,Switzerland,0,0,0,0,0,0,1,0,0,0 days 00:58:41
1953858,SecondHalf,Switzerland,0,1,0,0,0,0,0,0,0,0 days 00:58:42
1953858,SecondHalf,Switzerland,0,0,0,0,0,0,1,0,0,0 days 00:58:42
1953858,SecondHalf,Switzerland,0,0,0,0,0,0,1,0,0,0 days 00:58:43
1953858,SecondHalf,Canada,0,0,0,0,0,1,0,0,0,0 days 00:58:45
1953858,SecondHalf,Canada,0,0,1,0,0,0,0,0,0,0 days 00:58:47
1953858,SecondHalf,Canada,0,0,0,0,0,0,1,0,0,0 days 00:58:49
1953858,SecondHalf,Canada,0,0,0,0,1,0,0,0,0,0 days 00:58:54
1953858,SecondHalf,Switzerland,0,0,0,0,1,0,0,0,0,0 days 00:58:54
1953858,SecondHalf,Canada,0,0,0,0,0,0,1,0,0,0 days 00:59:23
1953858,SecondHalf,Canada,0,0,0,0,0,0,1,0,0,0 days 00:59:27
1953858,SecondHalf,Canada,0,0,0,0,0,0,1,0,0,0 days 00:59:30
1953858,SecondHalf,Canada,0,0,0,0,0,0,1,0,0,0 days 00:59:32
1953858,SecondHalf,Canada,0,0,0,0,0,0,1,0,0,0 days 00:59:35
1953858,SecondHalf,Canada,0,0,0,0,0,0,1,0,0,0 days 00:59:41
1953858,SecondHalf,Canada,0,0,0,0,0,0,1,0,0,0 days 00:59:42
1953858,SecondHalf,Canada,0,0,0,1,0,0,0,0,0,0 days 00:59:50
1953858,SecondHalf,Switzerland,0,0,0,0,0,0,0,1,0,0 days 00:59:50
1953858,SecondHalf,Canada,0,0,0,0,0,0,1,0,0,0 days 01:00:11
1953858,SecondHalf,Canada,0,0,0,0,0,0,0,0,0,0 days 01:00:14
1953858,SecondHalf,Switzerland,0,0,0,0,0,0,0,0,0,0 days 01:00:14
1953858,SecondHalf,Switzerland,0,0,1,0,0,0,0,0,0,0 days 01:00:15
1953858,SecondHalf,Canada,0,0,0,0,0,0,1,0,0,0 days 01:00:16
1953858,SecondHalf,Canada,1,0,0,0,0,0,0,0,0,0 days 01:00:17
1953858,SecondHalf,Switzerland,0,0,0,0,0,0,0,0,0,0 days 01:00:17
1953858,SecondHalf,Canada,0,0,0,0,0,0,0,0,0,0 days 01:00:20
1953858,SecondHalf,Switzerland,0,0,0,0,0,0,0,0,0,0 days 01:00:20
1953858,SecondHalf,Canada,0,0,0,0,0,0,1,0,0,0 days 01:00:35
1953858,SecondHalf,Canada,0,0,0,0,0,0,1,0,0,0 days 01:00:36
1953858,SecondHalf,Canada,1,0,0,0,0,0,0,0,0,0 days 01:00:38
1953858,SecondHalf,Switzerland,0,0,0,0,0,0,0,0,0,0 days 01:00:38
1953858,SecondHalf,Switzerland,0,0,0,0,0,0,0,0,0,0 days 01:00:40
1953858,SecondHalf,Canada,0,0,0,0,0,0,0,0,0,0 days 01:00:40
1953858,SecondHalf,Canada,0,0,0,0,0,0,1,0,0,0 days 01:00:53
1953858,SecondHalf,Canada,0,0,0,0,0,0,1,0,0,0 days 01:00:56
1953858,SecondHalf,Switzerland,0,0,1,0,0,0,0,0,0,0 days 01:00:57
1953858,SecondHalf,Canada,0,0,0,0,0,0,0,0,0,0 days 01:01:00
1953858,SecondHalf,Switzerland,0,0,0,0,0,0,0,0,0,0 days 01:01:00
1953858,SecondHalf,Switzerland,0,0,0,0,0,0,0,0,0,0 days 01:01:01
1953858,SecondHalf,Canada,0,0,0,0,0,0,1,0,0,0 days 01:01:03
1953858,SecondHalf,Switzerland,0,0,1,0,0,0,0,0,0,0 days 01:01:06
1953858,SecondHalf,Canada,0,0,0,0,0,0,1,0,0,0 days 01:01:11
1953858,SecondHalf,Canada,0,0,0,0,0,0,1,0,0,0 days 01:01:20
1953858,SecondHalf,Switzerland,0,0,0,0,0,0,0,1,0,0 days 01:01:27
1953858,SecondHalf,Canada,0,0,0,1,0,0,0,0,0,0 days 01:01:27
1953858,SecondHalf,Canada,0,0,0,0,0,0,0,0,0,0 days 01:01:28
1953858,SecondHalf,Switzerland,0,0,0,0,0,0,0,0,0,0 days 01:01:29
1953858,SecondHalf,Switzerland,0,1,0,0,0,0,0,0,0,0 days 01:01:30
1953858,SecondHalf,Switzerland,0,0,0,0,0,0,0,0,1,0 days 01:01:34
1953858,SecondHalf,Canada,0,0,0,0,0,0,0,1,0,0 days 01:01:34
1953858,SecondHalf,Canada,0,0,0,0,0,0,0,0,0,0 days 01:01:38
1953858,SecondHalf,Canada,0,1,0,0,0,0,0,0,0,0 days 01:01:39
1953858,SecondHalf,Canada,0,0,0,0,0,0,1,0,0,0 days 01:01:41
1953858,SecondHalf,Canada,0,0,0,0,0,0,1,0,0,0 days 01:01:42
1953858,SecondHalf,Canada,0,0,0,0,0,0,1,0,0,0 days 01:01:45
1953858,SecondHalf,Switzerland,0,0,0,0,0,0,1,0,0,0 days 01:01:46
1953858,SecondHalf,Switzerland,0,0,0,0,0,0,1,0,0,0 days 01:01:47
1953858,SecondHalf,Switzerland,0,1,0,0,0,0,0,0,0,0 days 01:01:48
1953858,SecondHalf,Switzerland,0,0,0,0,0,0,1,0,0,0 days 01:01:49
1953858,SecondHalf,Switzerland,0,0,0,0,0,0,1,0,0,0 days 01:01:50
1953858,SecondHalf,Switzerland,0,0,0,0,0,0,1,0,0,0 days 01:01:52
1953858,SecondHalf,Switzerland,0,0,0,0,0,0,1,0,0,0 days 01:01:56
1953858,SecondHalf,Switzerland,0,0,0,0,0,0,1,0,0,0 days 01:01:59
1953858,SecondHalf,Switzerland,0,0,0,0,0,0,1,0,0,0 days 01:02:01
1953858,SecondHalf,Switzerland,0,0,0,0,0,0,1,0,0,0 days 01:02:03
1953858,SecondHalf,Switzerland,0,0,0,0,0,0,1,0,0,0 days 01:02:05
1953858,SecondHalf,Switzerland,0,0,0,0,0,0,1,0,0,0 days 01:02:07
1953858,SecondHalf,Canada,0,0,0,0,1,0,0,0,0,0 days 01:02:10
1953858,SecondHalf,Switzerland,0,0,0,0,1,0,0,0,0,0 days 01:02:10
1953858,SecondHalf,Switzerland,0,0,0,0,0,0,1,0,0,0 days 01:02:36
1953858,SecondHalf,Switzerland,0,0,0,0,0,0,1,0,0,0 days 01:02:43
1953858,SecondHalf,Switzerland,0,0,0,0,0,0,1,0,0,0 days 01:02:47
1953858,SecondHalf,Canada,0,1,0,0,0,0,0,0,0,0 days 01:02:50
1953858,SecondHalf,Canada,0,0,0,0,0,0,1,0,0,0 days 01:02:51
1953858,SecondHalf,Canada,0,0,0,0,0,0,1,0,0,0 days 01:02:54
1953858,SecondHalf,Switzerland,0,0,0,0,0,0,0,0,0,0 days 01:02:57
1953858,SecondHalf,Canada,0,0,0,0,0,0,0,0,1,0 days 01:02:57
1953858,SecondHalf,Switzerland,0,0,0,0,0,0,0,1,0,0 days 01:02:58
1953858,SecondHalf,Canada,0,0,0,0,0,0,0,0,1,0 days 01:02:58
1953858,SecondHalf,Canada,0,0,0,0,0,0,0,0,0,0 days 01:02:58
1953858,SecondHalf,Canada,0,0,0,0,0,0,1,0,0,0 days 01:03:02
1953858,SecondHalf,Canada,0,0,0,0,0,0,0,0,1,0 days 01:03:03
1953858,SecondHalf,Canada,0,0,0,0,1,0,0,0,0,0 days 01:03:04
1953858,SecondHalf,Switzerland,0,0,0,0,1,0,0,0,0,0 days 01:03:04
1953858,SecondHalf,Canada,0,0,0,0,0,0,1,0,0,0 days 01:03:17
1953858,SecondHalf,Canada,0,0,0,0,0,0,1,0,0,0 days 01:03:20
1953858,SecondHalf,Canada,0,0,0,0,0,0,1,0,0,0 days 01:03:23
1953858,SecondHalf,Canada,0,0,0,0,0,0,1,0,0,0 days 01:03:27
1953858,SecondHalf,Canada,0,0,0,0,0,0,1,0,0,0 days 01:03:32
1953858,SecondHalf,Canada,0,0,0,0,0,0,1,0,0,0 days 01:03:35
1953858,SecondHalf,Canada,0,0,0,0,0,0,1,0,0,0 days 01:03:36
1953858,SecondHalf,Switzerland,0,0,1,0,0,0,0,0,0,0 days 01:03:37
1953858,SecondHalf,Switzerland,0,0,0,0,1,0,0,0,0,0 days 01:03:40
1953858,SecondHalf,Canada,0,0,0,0,1,0,0,0,0,0 days 01:03:40
1953858,SecondHalf,Switzerland,0,0,0,0,0,0,1,0,0,0 days 01:03:57
1953858,SecondHalf,Switzerland,0,0,0,0,0,0,1,0,0,0 days 01:03:59
1953858,SecondHalf,Canada,0,0,0,0,0,0,0,0,0,0 days 01:04:03
1953858,SecondHalf,Switzerland,0,0,0,0,0,0,0,0,1,0 days 01:04:03
1953858,SecondHalf,Switzerland,0,0,0,0,0,0,1,0,0,0 days 01:04:04
1953858,SecondHalf,Switzerland,0,0,0,0,0,0,1,0,0,0 days 01:04:06
1953858,SecondHalf,Canada,0,0,0,0,0,0,1,0,0,0 days 01:04:13
1953858,SecondHalf,Canada,0,0,0,0,0,0,1,0,0,0 days 01:04:20
1953858,SecondHalf,Canada,0,0,0,0,0,0,1,0,0,0 days 01:04:24
1953858,SecondHalf,Canada,0,0,0,0,0,0,1,0,0,0 days 01:04:27
1953858,SecondHalf,Canada,0,0,0,0,0,0,1,0,0,0 days 01:04:28
1953858,SecondHalf,Canada,0,0,0,0,0,0,1,0,0,0 days 01:04:33
1953858,SecondHalf,Canada,0,0,0,0,0,0,1,0,0,0 days 01:04:36
1953858,SecondHalf,Switzerland,0,0,0,0,0,0,1,0,0,0 days 01:04:57
1953858,SecondHalf,Switzerland,0,0,0,0,0,0,1,0,0,0 days 01:05:01
1953858,SecondHalf,Switzerland,0,0,0,0,0,0,1,0,0,0 days 01:05:04
1953858,SecondHalf,Canada,0,0,0,0,0,0,0,0,0,0 days 01:05:08
1953858,SecondHalf,Switzerland,0,0,0,0,0,0,0,0,1,0 days 01:05:09
1953858,SecondHalf,Canada,0,0,0,0,0,0,0,0,0,0 days 01:05:09
1953858,SecondHalf,Switzerland,0,0,0,0,0,0,0,0,0,0 days 01:05:10
1953858,SecondHalf,Canada,0,0,0,0,0,0,1,0,0,0 days 01:05:12
1953858,SecondHalf,Switzerland,0,0,0,0,0,0,1,0,0,0 days 01:05:15
1953858,SecondHalf,Canada,0,1,0,0,0,0,0,0,0,0 days 01:05:21
1953858,SecondHalf,Canada,0,0,0,0,0,0,1,0,0,0 days 01:05:22
1953858,SecondHalf,Canada,0,0,0,0,0,0,0,0,0,0 days 01:05:29
1953858,SecondHalf,Switzerland,0,0,0,0,0,0,1,0,0,0 days 01:06:20
1953858,SecondHalf,Switzerland,0,0,0,0,0,0,0,0,0,0 days 01:06:23
1953858,SecondHalf,Canada,0,1,0,0,0,0,0,0,0,0 days 01:06:26
1953858,SecondHalf,Canada,0,0,0,0,0,0,1,0,0,0 days 01:06:27
1953858,SecondHalf,Canada,0,0,0,0,0,0,1,0,0,0 days 01:06:29
1953858,SecondHalf,Canada,0,0,0,0,0,0,1,0,0,0 days 01:06:32
1953858,SecondHalf,Canada,0,0,0,0,0,0,1,0,0,0 days 01:06:33
1953858,SecondHalf,Canada,0,0,0,0,0,0,1,0,0,0 days 01:06:35
1953858,SecondHalf,Canada,0,0,0,0,0,0,1,0,0,0 days 01:06:37
1953858,SecondHalf,Canada,0,0,0,0,0,0,1,0,0,0 days 01:06:39
1953858,SecondHalf,Canada,0,0,0,0,0,0,1,0,0,0 days 01:06:41
1953858,SecondHalf,Canada,0,0,0,0,0,0,1,0,0,0 days 01:06:45
1953858,SecondHalf,Canada,0,0,0,0,0,0,1,0,0,0 days 01:06:49
1953858,SecondHalf,Canada,0,0,0,0,0,0,1,0,0,0 days 01:06:51
1953858,SecondHalf,Canada,0,0,0,0,0,0,1,0,0,0 days 01:06:55
1953859,SecondHalf,Scotland,0,0,0,0,0,0,1,0,0,0 days 00:57:00
1953859,SecondHalf,Scotland,0,0,0,0,0,0,1,0,0,0 days 00:57:03
1953859,SecondHalf,Scotland,0,0,0,0,0,0,1,0,0,0 days 00:57:05
1953859,SecondHalf,Scotland,0,0,0,0,0,0,1,0,0,0 days 00:57:10
1953859,SecondHalf,Scotland,0,0,0,0,0,0,1,0,0,0 days 00:57:13
1953859,SecondHalf,Scotland,0,0,0,0,0,0,1,0,0,0 days 00:57:15
1953859,SecondHalf,Scotland,0,0,0,0,0,0,0,0,0,0 days 00:57:16
1953859,SecondHalf,Haiti,0,0,0,0,0,0,0,0,0,0 days 00:57:18
1953859,SecondHalf,Scotland,0,0,0,0,0,0,0,0,0,0 days 00:57:19
1953859,SecondHalf,Haiti,0,1,0,0,0,0,0,0,0,0 days 00:57:19
1953859,SecondHalf,Haiti,0,0,0,0,0,0,1,0,0,0 days 00:57:19
1953859,SecondHalf,Haiti,0,0,0,0,0,0,1,0,0,0 days 00:57:31
1953859,SecondHalf,Haiti,0,0,0,0,0,0,1,0,0,0 days 00:57:35
1953859,SecondHalf,Haiti,0,0,0,0,0,0,1,0,0,0 days 00:57:42
1953859,SecondHalf,Haiti,0,0,0,0,0,0,1,0,0,0 days 00:57:46
1953859,SecondHalf,Haiti,0,0,0,0,0,0,1,0,0,0 days 00:57:52
1953859,SecondHalf,Haiti,0,0,0,0,0,0,1,0,0,0 days 00:57:55
1953859,SecondHalf,Haiti,0,0,0,0,0,0,1,0,0,0 days 00:57:59
1953859,SecondHalf,Haiti,0,0,0,0,0,0,1,0,0,0 days 00:58:02
1953859,SecondHalf,Haiti,0,0,0,0,0,0,1,0,0,0 days 00:58:05
1953859,SecondHalf,Haiti,0,0,0,0,0,0,1,0,0,0 days 00:58:08
1953859,SecondHalf,Haiti,0,0,0,0,0,0,1,0,0,0 days 00:58:12
1953859,SecondHalf,Scotland,0,0,0,0,0,0,0,0,0,0 days 00:58:15
1953859,SecondHalf,Scotland,0,0,0,0,0,0,1,0,0,0 days 00:58:18
1953859,SecondHalf,Scotland,0,0,0,0,0,0,1,0,0,0 days 00:58:25
1953859,SecondHalf,Scotland,0,0,0,0,0,0,1,0,0,0 days 00:58:27
1953859,SecondHalf,Scotland,0,0,0,0,0,0,1,0,0,0 days 00:58:31
1953859,SecondHalf,Haiti,0,0,1,0,0,0,0,0,0,0 days 00:58:32
1953859,SecondHalf,Scotland,0,0,0,0,0,0,0,0,0,0 days 00:58:33
1953859,SecondHalf,Haiti,0,0,0,0,0,0,0,0,0,0 days 00:58:33
1953859,SecondHalf,Scotland,0,0,0,0,0,0,1,0,0,0 days 00:59:18
1953859,SecondHalf,Scotland,0,0,0,0,0,0,0,0,0,0 days 00:59:20
1953859,SecondHalf,Haiti,0,0,0,0,0,0,0,0,0,0 days 00:59:20
1953859,SecondHalf,Haiti,0,0,0,0,0,0,0,0,0,0 days 00:59:21
1953859,SecondHalf,Scotland,0,0,0,0,0,0,0,0,0,0 days 00:59:22
1953859,SecondHalf,Haiti,0,0,1,0,0,0,0,0,0,0 days 00:59:24
1953859,SecondHalf,Haiti,0,1,0,0,0,0,0,0,0,0 days 00:59:25
1953859,SecondHalf,Haiti,0,0,0,0,0,0,0,0,1,0 days 00:59:27
1953859,SecondHalf,Scotland,0,0,0,0,1,0,0,0,0,0 days 00:59:30
1953859,SecondHalf,Haiti,0,0,0,0,1,0,0,0,0,0 days 00:59:30
1953859,SecondHalf,Haiti,0,0,0,0,0,0,1,0,0,0 days 00:59:49
1953859,SecondHalf,Haiti,0,0,0,0,0,0,1,0,0,0 days 00:59:51
1953859,SecondHalf,Haiti,0,0,0,0,0,0,1,0,0,0 days 00:59:54
1953859,SecondHalf,Haiti,0,0,0,0,0,0,1,0,0,0 days 00:59:58
1953859,SecondHalf,Haiti,0,0,0,0,0,0,1,0,0,0 days 01:00:02
1953859,SecondHalf,Haiti,0,0,0,0,0,0,1,0,0,0 days 01:00:05
1953859,SecondHalf,Haiti,0,0,0,0,0,0,1,0,0,0 days 01:00:12
1953859,SecondHalf,Haiti,0,0,0,0,0,0,1,0,0,0 days 01:00:14
1953859,SecondHalf,Haiti,0,0,0,0,0,0,1,0,0,0 days 01:00:16
1953859,SecondHalf,Haiti,0,0,0,0,0,0,1,0,0,0 days 01:00:22
1953859,SecondHalf,Haiti,0,0,0,0,0,0,1,0,0,0 days 01:00:24
1953859,SecondHalf,Haiti,0,0,0,0,0,0,1,0,0,0 days 01:00:29
1953859,SecondHalf,Haiti,0,0,0,0,0,0,0,0,0,0 days 01:00:48
1953859,SecondHalf,Haiti,0,0,0,0,0,0,0,0,0,0 days 01:00:48
1953859,SecondHalf,Scotland,0,0,0,0,0,0,1,0,0,0 days 01:00:59
1953859,SecondHalf,Scotland,0,0,0,0,0,0,1,0,0,0 days 01:01:01
1953859,SecondHalf,Scotland,0,0,0,0,0,0,1,0,0,0 days 01:01:02
1953859,SecondHalf,Haiti,0,0,0,0,0,0,1,0,0,0 days 01:01:05
1953859,SecondHalf,Scotland,0,0,0,0,0,0,1,0,0,0 days 01:01:09
1953859,SecondHalf,Scotland,0,0,0,0,0,0,1,0,0,0 days 01:01:16
1953859,SecondHalf,Scotland,0,0,0,0,0,0,1,0,0,0 days 01:01:19
1953859,SecondHalf,Scotland,0,0,0,0,1,0,0,0,0,0 days 01:01:25
1953859,SecondHalf,Haiti,0,0,0,0,1,0,0,0,0,0 days 01:01:25
1953859,SecondHalf,Scotland,0,0,0,0,0,0,1,0,0,0 days 01:02:02
1953859,SecondHalf,Scotland,0,0,0,0,0,0,0,0,0,0 days 01:02:06
1953859,SecondHalf,Haiti,0,0,0,0,0,0,0,0,0,0 days 01:02:06
1953859,SecondHalf,Haiti,0,0,1,0,0,0,0,0,0,0 days 01:02:06
1953859,SecondHalf,Haiti,0,0,0,0,0,0,1,0,0,0 days 01:02:07
1953859,SecondHalf,Haiti,0,1,0,0,0,0,0,0,0,0 days 01:02:41
1953859,SecondHalf,Haiti,0,0,0,0,0,0,1,0,0,0 days 01:02:42
1953859,SecondHalf,Haiti,0,0,0,0,0,0,1,0,0,0 days 01:02:47
1953859,SecondHalf,Haiti,0,0,0,0,0,0,1,0,0,0 days 01:02:51
1953859,SecondHalf,Haiti,0,0,0,0,0,0,1,0,0,0 days 01:02:54
1953859,SecondHalf,Haiti,0,0,0,0,0,0,1,0,0,0 days 01:02:59
1953859,SecondHalf,Haiti,0,0,0,0,0,0,1,0,0,0 days 01:03:03
1953859,SecondHalf,Haiti,0,0,0,0,0,0,0,0,1,0 days 01:03:09
1953859,SecondHalf,Scotland,0,0,0,0,0,0,0,1,0,0 days 01:03:09
1953859,SecondHalf,Haiti,0,0,0,1,0,0,0,0,0,0 days 01:03:12
1953859,SecondHalf,Scotland,0,0,0,0,0,0,0,1,0,0 days 01:03:12
1953859,SecondHalf,Scotland,0,0,0,0,1,0,0,0,0,0 days 01:03:16
1953859,SecondHalf,Haiti,0,0,0,0,1,0,0,0,0,0 days 01:03:16
1953859,SecondHalf,Scotland,0,0,0,0,0,0,1,0,0,0 days 01:03:32
1953859,SecondHalf,Scotland,0,0,0,0,0,0,1,0,0,0 days 01:03:33
1953859,SecondHalf,Scotland,0,0,0,0,0,0,1,0,0,0 days 01:03:36
1953859,SecondHalf,Scotland,0,0,0,0,0,0,1,0,0,0 days 01:03:43
1953859,SecondHalf,Scotland,0,0,0,0,0,0,1,0,0,0 days 01:03:46
1953859,SecondHalf,Haiti,0,0,1,0,0,0,0,0,0,0 days 01:03:52
1953859,SecondHalf,Scotland,0,0,0,0,0,0,1,0,0,0 days 01:04:13
1953859,SecondHalf,Haiti,0,0,0,0,0,1,0,0,0,0 days 01:04:16
1953859,SecondHalf,Haiti,0,0,0,0,0,0,1,0,0,0 days 01:04:17
1953859,SecondHalf,Haiti,0,1,0,0,0,0,0,0,0,0 days 01:04:18
1953859,SecondHalf,Haiti,0,0,0,0,0,0,1,0,0,0 days 01:04:20
1953859,SecondHalf,Haiti,0,0,0,0,0,0,1,0,0,0 days 01:04:57
1953859,SecondHalf,Haiti,0,0,0,0,0,0,1,0,0,0 days 01:04:58
1953859,SecondHalf,Haiti,0,0,0,0,0,0,1,0,0,0 days 01:05:02
1953859,SecondHalf,Haiti,0,0,0,0,0,0,1,0,0,0 days 01:05:04
1953859,SecondHalf,Haiti,0,0,0,0,0,0,1,0,0,0 days 01:05:09
1953859,SecondHalf,Haiti,0,0,0,0,0,0,1,0,0,0 days 01:05:11
1953859,SecondHalf,Haiti,0,0,0,0,0,0,1,0,0,0 days 01:05:13
1953859,SecondHalf,Haiti,0,0,0,0,0,0,1,0,0,0 days 01:05:20
1953859,SecondHalf,Haiti,0,0,0,0,0,0,1,0,0,0 days 01:05:25
1953859,SecondHalf,Haiti,0,0,0,0,0,0,1,0,0,0 days 01:05:27
1953859,SecondHalf,Haiti,0,0,0,0,0,0,1,0,0,0 days 01:05:30
1953859,SecondHalf,Haiti,0,0,0,0,0,0,1,0,0,0 days 01:05:36
1953859,SecondHalf,Haiti,0,0,0,0,0,0,1,0,0,0 days 01:05:39
1953859,SecondHalf,Haiti,0,0,0,0,0,0,1,0,0,0 days 01:05:47
1953859,SecondHalf,Haiti,0,0,0,0,0,0,1,0,0,0 days 01:05:49
1953859,SecondHalf,Haiti,0,0,0,0,0,0,1,0,0,0 days 01:05:50
1953859,SecondHalf,Haiti,0,0,0,0,0,0,1,0,0,0 days 01:05:54
1953859,SecondHalf,Haiti,0,0,0,0,0,0,1,0,0,0 days 01:05:57
1953859,SecondHalf,Scotland,0,0,0,0,0,0,0,0,0,0 days 01:05:59
1953859,SecondHalf,Scotland,0,0,0,0,0,0,1,0,0,0 days 01:06:02
1953859,SecondHalf,Scotland,0,0,0,0,0,0,1,0,0,0 days 01:06:04
1953859,SecondHalf,Scotland,0,0,0,0,1,0,0,0,0,0 days 01:06:07
1953859,SecondHalf,Haiti,0,0,0,0,1,0,0,0,0,0 days 01:06:07
1953860,SecondHalf,Morocco,0,0,0,0,0,0,1,0,0,0 days 00:57:23
1953860,SecondHalf,Brazil,0,0,0,0,0,0,1,0,0,0 days 00:57:27
1953860,SecondHalf,Morocco,0,0,0,0,0,0,0,0,1,0 days 00:57:34
1953860,SecondHalf,Morocco,0,0,0,1,0,0,0,0,0,0 days 00:57:38
1953860,SecondHalf,Brazil,0,0,0,0,0,0,0,1,0,0 days 00:57:38
1953860,SecondHalf,Brazil,0,1,0,0,0,0,0,0,0,0 days 00:57:40
1953860,SecondHalf,Brazil,0,0,0,0,0,0,1,0,0,0 days 00:57:43
1953860,SecondHalf,Brazil,0,0,0,0,0,0,1,0,0,0 days 00:57:45
1953860,SecondHalf,Brazil,0,0,0,0,0,0,1,0,0,0 days 00:57:49
1953860,SecondHalf,Brazil,0,0,0,0,0,0,1,0,0,0 days 00:57:50
1953860,SecondHalf,Brazil,0,0,0,0,0,0,1,0,0,0 days 00:57:51
1953860,SecondHalf,Brazil,0,0,0,0,0,0,1,0,0,0 days 00:57:53
1953860,SecondHalf,Brazil,0,0,0,0,1,0,0,0,0,0 days 00:57:58
1953860,SecondHalf,Morocco,0,0,0,0,1,0,0,0,0,0 days 00:57:58
1953860,SecondHalf,Brazil,0,0,0,0,0,0,1,0,0,0 days 00:58:19
1953860,SecondHalf,Brazil,0,0,0,0,0,0,1,0,0,0 days 00:58:20
1953860,SecondHalf,Brazil,0,0,0,0,0,0,1,0,0,0 days 00:58:23
1953860,SecondHalf,Brazil,0,0,0,0,0,0,1,0,0,0 days 00:58:25
1953860,SecondHalf,Brazil,0,0,0,0,0,0,1,0,0,0 days 00:58:27
1953860,SecondHalf,Brazil,0,0,0,0,0,0,1,0,0,0 days 00:58:29
1953860,SecondHalf,Brazil,0,0,0,0,0,0,1,0,0,0 days 00:58:30
1953860,SecondHalf,Brazil,0,0,0,0,0,0,1,0,0,0 days 00:58:36
1953860,SecondHalf,Brazil,0,0,0,0,0,0,1,0,0,0 days 00:58:39
1953860,SecondHalf,Brazil,0,0,0,0,0,0,1,0,0,0 days 00:58:42
1953860,SecondHalf,Brazil,0,0,0,0,0,0,1,0,0,0 days 00:58:45
1953860,SecondHalf,Brazil,0,0,0,0,0,0,1,0,0,0 days 00:58:46
1953860,SecondHalf,Brazil,0,0,0,0,0,0,1,0,0,0 days 00:58:48
1953860,SecondHalf,Brazil,0,0,0,0,0,0,1,0,0,0 days 00:58:53
1953860,SecondHalf,Brazil,0,0,0,0,0,0,1,0,0,0 days 00:58:57
1953860,SecondHalf,Brazil,0,0,0,0,0,0,1,0,0,0 days 00:59:01
1953860,SecondHalf,Brazil,0,0,0,0,0,0,1,0,0,0 days 00:59:03
1953860,SecondHalf,Brazil,0,0,0,0,0,0,1,0,0,0 days 00:59:07
1953860,SecondHalf,Brazil,0,0,0,0,0,0,1,0,0,0 days 00:59:09
1953860,SecondHalf,Brazil,0,0,0,0,0,0,1,0,0,0 days 00:59:13
1953860,SecondHalf,Brazil,0,0,0,0,0,0,1,0,0,0 days 00:59:15
1953860,SecondHalf,Brazil,0,0,0,0,0,0,1,0,0,0 days 00:59:17
1953860,SecondHalf,Brazil,0,0,0,0,0,0,1,0,0,0 days 00:59:21
1953860,SecondHalf,Morocco,0,1,0,0,0,0,0,0,0,0 days 00:59:23
1953860,SecondHalf,Morocco,0,0,0,0,0,0,1,0,0,0 days 00:59:25
1953860,SecondHalf,Morocco,0,0,0,0,0,0,1,0,0,0 days 00:59:27
1953860,SecondHalf,Morocco,0,0,0,0,0,0,1,0,0,0 days 00:59:30
1953860,SecondHalf,Morocco,0,0,0,0,0,0,1,0,0,0 days 00:59:35
1953860,SecondHalf,Brazil,0,1,0,0,0,0,0,0,0,0 days 00:59:39
1953860,SecondHalf,Brazil,0,0,0,0,0,0,1,0,0,0 days 00:59:40
1953860,SecondHalf,Brazil,0,0,0,0,0,0,1,0,0,0 days 00:59:43
1953860,SecondHalf,Brazil,0,0,0,0,0,0,1,0,0,0 days 00:59:47
1953860,SecondHalf,Morocco,0,0,0,0,0,0,1,0,0,0 days 00:59:49
1953860,SecondHalf,Morocco,0,1,0,0,0,0,0,0,0,0 days 00:59:51
1953860,SecondHalf,Morocco,0,0,0,0,0,0,1,0,0,0 days 00:59:51
1953860,SecondHalf,Morocco,0,0,0,0,0,0,1,0,0,0 days 00:59:52
1953860,SecondHalf,Morocco,0,0,0,0,0,0,1,0,0,0 days 00:59:54
1953860,SecondHalf,Morocco,0,0,0,0,0,0,1,0,0,0 days 00:59:57
1953860,SecondHalf,Morocco,0,0,0,0,0,0,1,0,0,0 days 01:00:01
1953860,SecondHalf,Morocco,0,0,0,0,0,0,1,0,0,0 days 01:00:03
1953860,SecondHalf,Morocco,0,0,0,0,0,0,1,0,0,0 days 01:00:05
1953860,SecondHalf,Morocco,0,0,0,0,0,0,1,0,0,0 days 01:00:07
1953860,SecondHalf,Morocco,0,0,0,0,0,0,1,0,0,0 days 01:00:09
1953860,SecondHalf,Brazil,0,1,0,0,0,0,0,0,0,0 days 01:00:10
1953860,SecondHalf,Brazil,0,0,0,0,0,0,1,0,0,0 days 01:00:11
1953860,SecondHalf,Brazil,0,0,0,0,0,0,1,0,0,0 days 01:00:12
1953860,SecondHalf,Morocco,0,1,0,0,0,0,0,0,0,0 days 01:00:15
1953860,SecondHalf,Morocco,0,0,0,0,0,0,1,0,0,0 days 01:00:18
1953860,SecondHalf,Morocco,0,0,0,0,0,0,1,0,0,0 days 01:00:20
1953860,SecondHalf,Morocco,0,0,0,0,1,0,0,0,0,0 days 01:00:25
1953860,SecondHalf,Brazil,0,0,0,0,1,0,0,0,0,0 days 01:00:25
1953860,SecondHalf,Brazil,0,0,0,0,0,0,0,0,0,0 days 01:00:54
1953860,SecondHalf,Brazil,0,0,0,0,0,0,0,0,0,0 days 01:00:54
1953860,SecondHalf,Brazil,0,0,0,0,0,0,0,0,0,0 days 01:01:06
1953860,SecondHalf,Brazil,0,0,0,0,0,0,0,0,0,0 days 01:01:06
1953860,SecondHalf,Brazil,0,0,0,0,0,0,0,0,0,0 days 01:01:08
1953860,SecondHalf,Morocco,0,0,0,0,0,0,1,0,0,0 days 01:01:17
1953860,SecondHalf,Morocco,0,0,0,0,0,0,1,0,0,0 days 01:01:19
1953860,SecondHalf,Morocco,0,0,0,0,0,0,1,0,0,0 days 01:01:21
1953860,SecondHalf,Brazil,0,1,0,0,0,0,0,0,0,0 days 01:01:27
1953860,SecondHalf,Brazil,0,0,0,0,0,0,1,0,0,0 days 01:01:32
1953860,SecondHalf,Brazil,0,0,0,0,0,0,1,0,0,0 days 01:01:36
1953860,SecondHalf,Brazil,0,0,0,0,0,0,1,0,0,0 days 01:01:44
1953860,SecondHalf,Brazil,0,0,0,0,0,0,1,0,0,0 days 01:01:46
1953860,SecondHalf,Brazil,0,0,0,0,0,0,1,0,0,0 days 01:01:54
1953860,SecondHalf,Brazil,0,0,0,0,0,0,1,0,0,0 days 01:01:58
1953860,SecondHalf,Morocco,0,0,0,0,0,0,0,0,0,0 days 01:02:02
1953860,SecondHalf,Brazil,0,0,0,0,0,0,1,0,0,0 days 01:02:02
1953860,SecondHalf,Morocco,0,0,0,0,0,0,1,0,0,0 days 01:02:03
1953860,SecondHalf,Morocco,0,1,0,0,0,0,0,0,0,0 days 01:02:04
1953860,SecondHalf,Morocco,0,0,0,0,0,0,1,0,0,0 days 01:02:04
1953860,SecondHalf,Morocco,0,0,0,0,0,0,1,0,0,0 days 01:02:06
1953860,SecondHalf,Morocco,0,0,0,0,0,0,1,0,0,0 days 01:02:09
1953860,SecondHalf,Brazil,0,0,0,0,0,0,0,0,0,0 days 01:02:14
1953860,SecondHalf,Morocco,0,0,0,0,0,0,0,0,0,0 days 01:02:14
1953860,SecondHalf,Brazil,0,0,0,0,0,0,0,0,0,0 days 01:02:15
1953860,SecondHalf,Brazil,0,1,0,0,0,0,0,0,0,0 days 01:02:17
1953860,SecondHalf,Brazil,0,0,0,0,0,0,1,0,0,0 days 01:02:17
1953860,SecondHalf,Brazil,0,0,0,0,0,0,1,0,0,0 days 01:02:20
1953860,SecondHalf,Brazil,0,0,0,0,0,0,1,0,0,0 days 01:02:25
1953860,SecondHalf,Brazil,0,0,0,0,0,0,1,0,0,0 days 01:02:27
1953860,SecondHalf,Brazil,0,0,0,0,0,0,1,0,0,0 days 01:02:30
1953860,SecondHalf,Brazil,0,0,0,0,0,0,1,0,0,0 days 01:02:36
1953860,SecondHalf,Brazil,0,0,0,0,0,0,1,0,0,0 days 01:02:39
1953860,SecondHalf,Brazil,0,0,0,0,1,0,0,0,0,0 days 01:02:42
1953860,SecondHalf,Morocco,0,0,0,0,1,0,0,0,0,0 days 01:02:42
1953860,SecondHalf,Morocco,0,0,0,0,0,0,0,0,0,0 days 01:04:17
1953860,SecondHalf,Morocco,0,0,0,0,0,0,0,0,0,0 days 01:04:17
1953860,SecondHalf,Morocco,0,0,0,0,0,0,0,0,0,0 days 01:04:40
1953860,SecondHalf,Morocco,0,0,0,0,0,0,0,0,0,0 days 01:04:40
1953860,SecondHalf,Brazil,0,0,0,0,0,0,1,0,0,0 days 01:05:06
1953860,SecondHalf,Brazil,0,0,0,0,0,0,1,0,0,0 days 01:05:09
1953860,SecondHalf,Brazil,0,0,0,0,0,0,1,0,0,0 days 01:05:10
1953860,SecondHalf,Brazil,0,0,0,0,0,0,1,0,0,0 days 01:05:11
1953860,SecondHalf,Brazil,0,0,0,0,0,0,1,0,0,0 days 01:05:13
1953860,SecondHalf,Brazil,0,0,0,0,0,0,1,0,0,0 days 01:05:16
1953860,SecondHalf,Brazil,0,0,0,0,0,0,1,0,0,0 days 01:05:18
1953860,SecondHalf,Brazil,0,0,0,0,0,0,1,0,0,0 days 01:05:20
1953860,SecondHalf,Brazil,0,0,0,0,0,0,1,0,0,0 days 01:05:24
1953860,SecondHalf,Morocco,0,0,0,0,1,0,0,0,0,0 days 01:05:28
1953860,SecondHalf,Brazil,0,0,0,0,1,0,0,0,0,0 days 01:05:28
1953860,SecondHalf,Brazil,0,0,0,0,0,0,1,0,0,0 days 01:05:30
1953860,SecondHalf,Brazil,0,0,0,0,0,0,1,0,0,0 days 01:05:33
1953860,SecondHalf,Brazil,0,0,0,0,0,0,0,0,1,0 days 01:05:37
1953860,SecondHalf,Brazil,0,0,0,0,0,0,1,0,0,0 days 01:05:40
1953860,SecondHalf,Brazil,0,0,0,0,0,0,1,0,0,0 days 01:05:41
1953860,SecondHalf,Morocco,0,0,1,0,0,0,0,0,0,0 days 01:05:44
1953860,SecondHalf,Morocco,0,0,0,0,0,0,1,0,0,0 days 01:05:46
1953860,SecondHalf,Brazil,0,0,0,0,0,0,1,0,0,0 days 01:05:48
1953860,SecondHalf,Brazil,0,0,0,0,0,0,1,0,0,0 days 01:05:49
1953860,SecondHalf,Brazil,0,0,0,0,0,0,1,0,0,0 days 01:05:51
1953860,SecondHalf,Brazil,0,0,0,0,0,0,1,0,0,0 days 01:05:54
1953860,SecondHalf,Brazil,0,0,0,0,0,0,1,0,0,0 days 01:05:57
1953860,SecondHalf,Brazil,0,0,0,0,0,0,1,0,0,0 days 01:06:00
1953860,SecondHalf,Morocco,0,0,1,0,0,0,0,0,0,0 days 01:06:02
1953860,SecondHalf,Brazil,0,0,0,0,0,0,1,0,0,0 days 01:06:06
1953860,SecondHalf,Brazil,0,0,0,0,0,0,1,0,0,0 days 01:06:09
1953860,SecondHalf,Morocco,0,0,1,0,0,0,0,0,0,0 days 01:06:09
1953860,SecondHalf,Morocco,0,0,1,0,0,0,0,0,0,0 days 01:06:12
1953860,SecondHalf,Brazil,0,0,0,0,0,0,1,0,0,0 days 01:06:18
1953860,SecondHalf,Brazil,0,0,0,0,0,0,1,0,0,0 days 01:06:23
1953860,SecondHalf,Brazil,0,0,0,0,0,0,1,0,0,0 days 01:06:24
1953860,SecondHalf,Brazil,0,0,0,0,0,0,1,0,0,0 days 01:06:29
1953860,SecondHalf,Brazil,0,0,0,0,0,0,1,0,0,0 days 01:06:35
1953860,SecondHalf,Brazil,0,0,0,0,0,0,1,0,0,0 days 01:06:36
1953860,SecondHalf,Brazil,0,0,0,0,0,0,1,0,0,0 days 01:06:37
1953861,SecondHalf,Morocco,0,0,0,0,0,0,1,0,0,0 days 00:57:00
1953861,SecondHalf,Morocco,1,0,0,0,0,0,0,0,0,0 days 00:57:04
1953861,SecondHalf,Scotland,0,0,0,0,0,0,0,0,0,0 days 00:57:04
1953861,SecondHalf,Scotland,0,1,0,0,0,0,0,0,0,0 days 00:57:08
1953861,SecondHalf,Scotland,0,0,0,0,0,0,1,0,0,0 days 00:57:09
1953861,SecondHalf,Morocco,0,0,0,0,0,0,1,0,0,0 days 00:57:11
1953861,SecondHalf,Scotland,0,0,0,0,0,0,1,0,0,0 days 00:57:13
1953861,SecondHalf,Morocco,0,0,0,0,0,0,0,0,0,0 days 00:57:14
1953861,SecondHalf,Scotland,0,0,0,0,0,0,0,0,0,0 days 00:57:14
1953861,SecondHalf,Morocco,0,0,0,0,0,0,1,0,0,0 days 00:57:15
1953861,SecondHalf,Morocco,0,1,0,0,0,0,0,0,0,0 days 00:57:16
1953861,SecondHalf,Morocco,0,0,0,0,0,0,1,0,0,0 days 00:57:16
1953861,SecondHalf,Morocco,0,0,0,0,0,0,1,0,0,0 days 00:57:18
1953861,SecondHalf,Morocco,0,0,0,0,0,0,1,0,0,0 days 00:57:21
1953861,SecondHalf,Morocco,0,0,0,0,0,0,1,0,0,0 days 00:57:23
1953861,SecondHalf,Morocco,0,0,0,0,0,0,1,0,0,0 days 00:57:28
1953861,SecondHalf,Morocco,0,0,0,0,0,0,1,0,0,0 days 00:57:33
1953861,SecondHalf,Morocco,0,0,0,0,0,0,1,0,0,0 days 00:57:34
1953861,SecondHalf,Morocco,0,0,0,0,0,0,1,0,0,0 days 00:57:35
1953861,SecondHalf,Morocco,0,0,0,0,0,0,1,0,0,0 days 00:57:36
1953861,SecondHalf,Morocco,0,0,0,0,0,0,1,0,0,0 days 00:57:37
1953861,SecondHalf,Morocco,0,0,0,0,0,0,1,0,0,0 days 00:57:38
1953861,SecondHalf,Morocco,0,0,0,0,0,0,1,0,0,0 days 00:57:40
1953861,SecondHalf,Scotland,0,0,0,0,0,1,0,0,0,0 days 00:57:43
1953861,SecondHalf,Scotland,0,0,0,0,0,0,0,0,0,0 days 00:59:07
1953861,SecondHalf,Scotland,0,0,0,0,0,0,0,0,0,0 days 00:59:07
1953861,SecondHalf,Scotland,0,0,0,0,0,0,0,0,0,0 days 00:59:08
1953861,SecondHalf,Morocco,0,0,0,0,0,0,1,0,0,0 days 00:59:15
1953861,SecondHalf,Morocco,0,0,0,0,0,0,1,0,0,0 days 00:59:21
1953861,SecondHalf,Morocco,0,0,0,0,0,0,1,0,0,0 days 00:59:26
1953861,SecondHalf,Morocco,0,0,0,0,0,0,1,0,0,0 days 00:59:35
1953861,SecondHalf,Morocco,0,0,0,0,0,0,1,0,0,0 days 00:59:37
1953861,SecondHalf,Morocco,0,0,0,0,0,0,1,0,0,0 days 00:59:42
1953861,SecondHalf,Scotland,0,0,0,0,0,0,1,0,0,0 days 00:59:46
1953861,SecondHalf,Scotland,0,0,0,0,0,0,1,0,0,0 days 00:59:47
1953861,SecondHalf,Scotland,0,0,0,0,0,0,0,0,0,0 days 00:59:49
1953861,SecondHalf,Morocco,0,0,0,0,0,0,0,0,0,0 days 00:59:49
1953861,SecondHalf,Morocco,0,0,0,0,0,0,0,0,0,0 days 00:59:50
1953861,SecondHalf,Morocco,0,0,0,0,0,0,1,0,0,0 days 00:59:51
1953861,SecondHalf,Morocco,0,0,0,0,0,0,1,0,0,0 days 00:59:53
1953861,SecondHalf,Morocco,0,0,0,0,0,0,1,0,0,0 days 00:59:54
1953861,SecondHalf,Scotland,0,0,0,0,0,1,0,0,0,0 days 00:59:55
1953861,SecondHalf,Scotland,0,1,0,0,0,0,0,0,0,0 days 00:59:57
1953861,SecondHalf,Scotland,0,0,0,0,0,0,1,0,0,0 days 00:59:57
1953861,SecondHalf,Scotland,0,0,0,0,0,0,1,0,0,0 days 01:00:00
1953861,SecondHalf,Scotland,0,0,0,0,0,0,1,0,0,0 days 01:00:01
1953861,SecondHalf,Scotland,0,0,0,0,0,0,1,0,0,0 days 01:00:03
1953861,SecondHalf,Scotland,0,0,0,0,0,0,1,0,0,0 days 01:00:05
1953861,SecondHalf,Scotland,0,0,0,0,0,0,1,0,0,0 days 01:00:09
1953861,SecondHalf,Scotland,0,0,0,0,0,0,1,0,0,0 days 01:00:13
1953861,SecondHalf,Scotland,0,0,0,0,0,0,1,0,0,0 days 01:00:16
1953861,SecondHalf,Scotland,0,0,0,0,0,0,1,0,0,0 days 01:00:19
1953861,SecondHalf,Scotland,0,0,0,0,0,0,1,0,0,0 days 01:00:22
1953861,SecondHalf,Scotland,0,0,0,0,0,0,1,0,0,0 days 01:00:24
1953861,SecondHalf,Scotland,0,0,0,0,0,0,1,0,0,0 days 01:00:28
1953861,SecondHalf,Scotland,0,0,0,0,0,0,1,0,0,0 days 01:00:29
1953861,SecondHalf,Scotland,0,0,0,0,0,0,1,0,0,0 days 01:00:33
1953861,SecondHalf,Morocco,0,0,0,0,0,0,1,0,0,0 days 01:00:36
1953861,SecondHalf,Morocco,0,1,0,0,0,0,0,0,0,0 days 01:00:37
1953861,SecondHalf,Morocco,0,0,0,0,0,0,1,0,0,0 days 01:00:38
1953861,SecondHalf,Morocco,0,0,0,0,0,0,1,0,0,0 days 01:00:44
1953861,SecondHalf,Scotland,0,0,0,0,0,0,0,0,0,0 days 01:00:45
1953861,SecondHalf,Scotland,0,0,1,0,0,0,0,0,0,0 days 01:00:46
1953861,SecondHalf,Scotland,0,0,1,0,0,0,0,0,0,0 days 01:00:47
1953861,SecondHalf,Scotland,0,1,0,0,0,0,0,0,0,0 days 01:00:48
1953861,SecondHalf,Scotland,0,0,0,0,0,0,1,0,0,0 days 01:00:50
1953861,SecondHalf,Scotland,0,0,0,0,0,0,1,0,0,0 days 01:00:51
1953861,SecondHalf,Morocco,0,1,0,0,0,0,0,0,0,0 days 01:00:52
1953861,SecondHalf,Morocco,0,0,0,0,0,0,1,0,0,0 days 01:00:52
1953861,SecondHalf,Morocco,0,0,0,0,0,0,1,0,0,0 days 01:00:55
1953861,SecondHalf,Morocco,0,0,0,0,0,0,1,0,0,0 days 01:00:56
1953861,SecondHalf,Morocco,0,0,0,0,0,0,1,0,0,0 days 01:00:59
1953861,SecondHalf,Scotland,0,0,0,0,1,0,0,0,0,0 days 01:01:01
1953861,SecondHalf,Morocco,0,0,0,0,1,0,0,0,0,0 days 01:01:01
1953861,SecondHalf,Morocco,0,0,0,0,0,0,1,0,0,0 days 01:01:38
1953861,SecondHalf,Scotland,0,0,1,0,0,0,0,0,0,0 days 01:01:42
1953861,SecondHalf,Morocco,0,0,0,0,0,0,1,0,0,0 days 01:01:43
1953861,SecondHalf,Scotland,0,0,0,0,0,0,0,0,0,0 days 01:01:45
1953861,SecondHalf,Morocco,0,0,0,0,0,0,0,0,0,0 days 01:01:45
1953861,SecondHalf,Morocco,0,0,0,0,0,0,1,0,0,0 days 01:01:46
1953861,SecondHalf,Scotland,0,0,1,0,0,0,0,0,0,0 days 01:01:47
1953861,SecondHalf,Morocco,0,0,0,0,0,0,0,0,0,0 days 01:01:49
1953861,SecondHalf,Morocco,0,0,0,0,0,0,1,0,0,0 days 01:01:50
1953861,SecondHalf,Morocco,1,0,0,0,0,0,0,0,0,0 days 01:01:53
1953861,SecondHalf,Scotland,0,0,0,0,0,0,1,0,0,0 days 01:02:03
1953861,SecondHalf,Scotland,0,0,0,0,0,0,1,0,0,0 days 01:02:04
1953861,SecondHalf,Scotland,0,0,0,0,0,0,1,0,0,0 days 01:02:08
1953861,SecondHalf,Scotland,0,0,0,0,0,0,1,0,0,0 days 01:02:10
1953861,SecondHalf,Scotland,0,0,0,0,0,0,1,0,0,0 days 01:02:13
1953861,SecondHalf,Scotland,0,0,0,0,0,0,1,0,0,0 days 01:02:20
1953861,SecondHalf,Morocco,0,0,0,0,0,0,1,0,0,0 days 01:02:21
1953861,SecondHalf,Scotland,0,0,0,0,0,0,1,0,0,0 days 01:02:23
1953861,SecondHalf,Morocco,0,1,0,0,0,0,0,0,0,0 days 01:02:26
1953861,SecondHalf,Morocco,0,0,0,0,0,0,1,0,0,0 days 01:02:26
1953861,SecondHalf,Morocco,0,0,0,0,0,0,1,0,0,0 days 01:02:29
1953861,SecondHalf,Morocco,0,0,0,0,0,0,1,0,0,0 days 01:02:38
1953861,SecondHalf,Morocco,0,0,0,0,0,0,1,0,0,0 days 01:02:43
1953861,SecondHalf,Morocco,0,0,0,0,0,0,1,0,0,0 days 01:02:45
1953861,SecondHalf,Morocco,0,0,0,0,0,0,1,0,0,0 days 01:02:48
1953861,SecondHalf,Morocco,0,0,0,0,0,0,1,0,0,0 days 01:02:50
1953861,SecondHalf,Morocco,0,0,0,0,0,0,1,0,0,0 days 01:02:53
1953861,SecondHalf,Morocco,0,0,0,0,0,0,1,0,0,0 days 01:02:56
1953861,SecondHalf,Morocco,0,0,0,0,0,0,1,0,0,0 days 01:02:59
1953861,SecondHalf,Morocco,0,0,0,0,0,0,1,0,0,0 days 01:03:01
1953861,SecondHalf,Morocco,0,0,0,0,0,0,1,0,0,0 days 01:03:02
1953861,SecondHalf,Morocco,0,0,0,0,0,0,1,0,0,0 days 01:03:04
1953861,SecondHalf,Morocco,0,0,0,0,0,0,1,0,0,0 days 01:03:07
1953861,SecondHalf,Morocco,0,0,0,0,0,0,1,0,0,0 days 01:03:10
1953861,SecondHalf,Morocco,0,0,0,0,0,0,0,0,0,0 days 01:03:11
1953861,SecondHalf,Scotland,0,0,0,0,0,0,0,0,0,0 days 01:03:12
1953861,SecondHalf,Scotland,0,1,0,0,0,0,0,0,0,0 days 01:03:13
1953861,SecondHalf,Scotland,0,0,0,0,0,0,1,0,0,0 days 01:03:13
1953861,SecondHalf,Scotland,0,0,0,0,0,0,1,0,0,0 days 01:03:15
1953861,SecondHalf,Scotland,1,0,0,0,0,0,0,0,0,0 days 01:03:17
1953861,SecondHalf,Morocco,0,0,0,0,0,0,1,0,0,0 days 01:03:43
1953861,SecondHalf,Morocco,0,0,0,0,0,0,1,0,0,0 days 01:03:45
1953861,SecondHalf,Morocco,0,0,0,0,0,0,1,0,0,0 days 01:03:50
1953861,SecondHalf,Morocco,0,0,0,0,0,0,1,0,0,0 days 01:03:52
1953861,SecondHalf,Morocco,0,0,0,0,0,0,1,0,0,0 days 01:03:54
1953861,SecondHalf,Morocco,0,0,0,0,0,0,1,0,0,0 days 01:03:58
1953861,SecondHalf,Morocco,0,0,0,0,0,0,0,0,0,0 days 01:04:01
1953861,SecondHalf,Scotland,0,1,0,0,0,0,0,0,0,0 days 01:04:02
1953861,SecondHalf,Scotland,0,0,0,0,0,0,1,0,0,0 days 01:04:06
1953861,SecondHalf,Morocco,0,0,0,0,0,0,1,0,0,0 days 01:04:32
1953861,SecondHalf,Morocco,0,0,0,0,0,0,0,0,0,0 days 01:04:33
1953861,SecondHalf,Morocco,0,0,0,0,0,0,1,0,0,0 days 01:04:34
1953861,SecondHalf,Morocco,0,0,0,0,0,0,1,0,0,0 days 01:04:36
1953861,SecondHalf,Morocco,0,0,0,0,0,0,1,0,0,0 days 01:04:37
1953861,SecondHalf,Scotland,0,0,0,0,0,0,0,0,0,0 days 01:04:40
1953861,SecondHalf,Morocco,0,0,0,0,0,0,0,0,1,0 days 01:04:40
1953861,SecondHalf,Morocco,0,0,0,0,0,0,1,0,0,0 days 01:04:40
1953861,SecondHalf,Morocco,0,0,0,0,0,0,1,0,0,0 days 01:04:43
1953861,SecondHalf,Morocco,0,0,0,0,0,0,1,0,0,0 days 01:04:50
1953861,SecondHalf,Morocco,0,0,0,0,0,0,1,0,0,0 days 01:04:53
1953861,SecondHalf,Scotland,0,0,0,0,1,0,0,0,0,0 days 01:04:55
1953861,SecondHalf,Morocco,0,0,0,0,1,0,0,0,0,0 days 01:04:55
1953861,SecondHalf,Scotland,0,0,0,0,0,0,0,0,0,0 days 01:05:00
1953861,SecondHalf,Morocco,0,0,0,0,0,0,1,0,0,0 days 01:05:23
1953861,SecondHalf,Morocco,0,0,0,0,0,0,1,0,0,0 days 01:05:24
1953861,SecondHalf,Morocco,0,0,0,0,0,0,1,0,0,0 days 01:05:25
1953861,SecondHalf,Morocco,0,0,0,0,0,0,1,0,0,0 days 01:05:27
1953861,SecondHalf,Morocco,0,0,0,0,0,0,1,0,0,0 days 01:05:34
1953861,SecondHalf,Morocco,0,0,0,0,0,0,1,0,0,0 days 01:05:35
1953861,SecondHalf,Morocco,0,0,0,0,0,0,1,0,0,0 days 01:05:37
1953861,SecondHalf,Morocco,0,0,0,0,0,0,1,0,0,0 days 01:05:39
1953861,SecondHalf,Morocco,0,0,0,0,0,0,1,0,0,0 days 01:05:42
1953861,SecondHalf,Morocco,0,0,0,0,0,0,1,0,0,0 days 01:05:45
1953861,SecondHalf,Morocco,0,0,0,0,0,0,1,0,0,0 days 01:05:47
1953861,SecondHalf,Morocco,0,0,0,0,0,0,1,0,0,0 days 01:05:49
1953861,SecondHalf,Morocco,0,0,0,0,0,0,1,0,0,0 days 01:05:52
1953861,SecondHalf,Morocco,0,0,0,0,0,0,1,0,0,0 days 01:05:55
1953861,SecondHalf,Morocco,0,0,0,0,0,0,1,0,0,0 days 01:05:57
1953861,SecondHalf,Morocco,0,0,0,0,0,0,1,0,0,0 days 01:05:59
1953861,SecondHalf,Morocco,0,0,0,0,0,0,1,0,0,0 days 01:06:00
1953861,SecondHalf,Morocco,0,0,0,0,0,0,1,0,0,0 days 01:06:01
1953861,SecondHalf,Morocco,0,0,0,0,0,0,1,0,0,0 days 01:06:03
1953861,SecondHalf,Morocco,0,0,0,0,0,0,1,0,0,0 days 01:06:05
1953861,SecondHalf,Morocco,0,0,0,0,0,0,1,0,0,0 days 01:06:07
1953861,SecondHalf,Morocco,0,0,0,0,0,0,1,0,0,0 days 01:06:10
1953861,SecondHalf,Morocco,0,0,0,0,0,0,1,0,0,0 days 01:06:12
1953861,SecondHalf,Morocco,0,0,0,0,0,0,1,0,0,0 days 01:06:21
1953861,SecondHalf,Morocco,0,0,0,0,0,0,1,0,0,0 days 01:06:22
1953861,SecondHalf,Morocco,0,0,0,0,0,0,1,0,0,0 days 01:06:25
1953861,SecondHalf,Morocco,0,0,0,0,0,0,1,0,0,0 days 01:06:29
1953861,SecondHalf,Morocco,0,0,0,0,0,0,1,0,0,0 days 01:06:32
1953861,SecondHalf,Morocco,0,0,0,0,0,0,1,0,0,0 days 01:06:34
1953861,SecondHalf,Morocco,0,0,0,0,0,0,1,0,0,0 days 01:06:37
1953861,SecondHalf,Morocco,0,0,0,0,0,0,1,0,0,0 days 01:06:40
1953861,SecondHalf,Morocco,0,0,0,0,0,0,1,0,0,0 days 01:06:42
1953861,SecondHalf,Morocco,0,0,0,0,0,0,1,0,0,0 days 01:06:46
1953861,SecondHalf,Morocco,0,0,0,0,0,0,1,0,0,0 days 01:06:49
1953861,SecondHalf,Morocco,0,0,0,0,0,0,1,0,0,0 days 01:06:50
1953861,SecondHalf,Morocco,0,0,0,0,0,0,1,0,0,0 days 01:06:51
1953861,SecondHalf,Morocco,0,0,0,0,0,0,1,0,0,0 days 01:06:51
1953861,SecondHalf,Morocco,0,0,0,0,0,0,1,0,0,0 days 01:06:55
1953861,SecondHalf,Morocco,0,0,0,0,0,0,1,0,0,0 days 01:06:56
1953861,SecondHalf,Morocco,0,0,0,0,0,0,1,0,0,0 days 01:06:57
1953862,SecondHalf,Brazil,0,0,0,0,0,0,1,0,0,0 days 00:57:03
1953862,SecondHalf,Brazil,0,0,0,0,0,0,1,0,0,0 days 00:57:05
1953862,SecondHalf,Brazil,0,0,0,0,0,0,1,0,0,0 days 00:57:07
1953862,SecondHalf,Brazil,0,0,0,0,0,0,1,0,0,0 days 00:57:10
1953862,SecondHalf,Brazil,0,0,0,0,0,0,1,0,0,0 days 00:57:12
1953862,SecondHalf,Brazil,0,0,0,0,0,0,1,0,0,0 days 00:57:16
1953862,SecondHalf,Brazil,0,0,0,0,0,0,1,0,0,0 days 00:57:19
1953862,SecondHalf,Brazil,0,0,0,0,0,0,1,0,0,0 days 00:57:22
1953862,SecondHalf,Brazil,0,0,0,0,0,0,1,0,0,0 days 00:57:24
1953862,SecondHalf,Brazil,0,0,0,0,0,0,1,0,0,0 days 00:57:25
1953862,SecondHalf,Brazil,0,0,0,0,0,0,1,0,0,0 days 00:57:28
1953862,SecondHalf,Brazil,0,0,0,0,0,0,1,0,0,0 days 00:57:35
1953862,SecondHalf,Brazil,0,0,0,0,0,0,1,0,0,0 days 00:57:37
1953862,SecondHalf,Brazil,0,0,0,0,0,0,1,0,0,0 days 00:57:39
1953862,SecondHalf,Brazil,0,0,0,0,0,0,1,0,0,0 days 00:57:42
1953862,SecondHalf,Brazil,0,0,0,0,0,0,1,0,0,0 days 00:57:44
1953862,SecondHalf,Brazil,0,0,0,0,0,0,1,0,0,0 days 00:57:46
1953862,SecondHalf,Brazil,0,0,0,0,0,0,1,0,0,0 days 00:57:50
1953862,SecondHalf,Brazil,0,0,0,0,0,0,1,0,0,0 days 00:57:52
1953862,SecondHalf,Brazil,0,0,0,0,0,0,1,0,0,0 days 00:57:54
1953862,SecondHalf,Brazil,0,0,0,0,0,0,1,0,0,0 days 00:57:56
1953862,SecondHalf,Brazil,0,0,0,0,0,0,1,0,0,0 days 00:57:58
1953862,SecondHalf,Brazil,0,0,0,0,0,0,1,0,0,0 days 00:58:01
1953862,SecondHalf,Brazil,0,0,0,0,0,0,1,0,0,0 days 00:58:03
1953862,SecondHalf,Brazil,0,0,0,0,0,0,1,0,0,0 days 00:58:04
1953862,SecondHalf,Brazil,0,0,0,0,0,0,1,0,0,0 days 00:58:05
1953862,SecondHalf,Brazil,0,0,0,0,0,0,1,0,0,0 days 00:58:07
1953862,SecondHalf,Brazil,0,0,0,0,0,0,1,0,0,0 days 00:58:09
1953862,SecondHalf,Brazil,0,0,0,0,0,0,0,0,0,0 days 00:58:11
1953862,SecondHalf,Haiti,0,0,0,0,0,0,0,0,0,0 days 00:58:11
1953862,SecondHalf,Haiti,0,0,0,0,0,0,1,0,0,0 days 00:58:27
1953862,SecondHalf,Haiti,0,0,0,0,0,0,1,0,0,0 days 00:58:31
1953862,SecondHalf,Haiti,0,0,0,0,0,0,1,0,0,0 days 00:58:33
1953862,SecondHalf,Haiti,0,0,0,0,0,0,1,0,0,0 days 00:58:42
1953862,SecondHalf,Haiti,0,0,0,0,0,0,1,0,0,0 days 00:58:51
1953862,SecondHalf,Haiti,0,0,0,0,0,0,1,0,0,0 days 00:58:53
1953862,SecondHalf,Brazil,0,0,0,0,0,0,0,0,0,0 days 00:58:00
1953862,SecondHalf,Haiti,0,0,0,0,0,0,1,0,0,0 days 00:59:00
1953862,SecondHalf,Haiti,0,0,0,0,0,0,1,0,0,0 days 00:59:02
1953862,SecondHalf,Haiti,0,0,0,0,0,0,1,0,0,0 days 00:59:06
1953862,SecondHalf,Haiti,0,0,0,0,0,0,1,0,0,0 days 00:59:10
1953862,SecondHalf,Haiti,0,0,0,0,0,0,1,0,0,0 days 00:59:13
1953862,SecondHalf,Haiti,0,0,0,0,0,0,1,0,0,0 days 00:59:17
1953862,SecondHalf,Haiti,0,0,0,0,0,0,1,0,0,0 days 00:59:20
1953862,SecondHalf,Haiti,0,0,0,0,0,0,1,0,0,0 days 00:59:24
1953862,SecondHalf,Haiti,0,0,0,0,0,0,1,0,0,0 days 00:59:26
1953862,SecondHalf,Haiti,0,0,0,0,0,0,1,0,0,0 days 00:59:29
1953862,SecondHalf,Haiti,0,0,0,0,0,0,1,0,0,0 days 00:59:31
1953862,SecondHalf,Haiti,0,0,0,0,0,0,1,0,0,0 days 00:59:36
1953862,SecondHalf,Brazil,0,1,0,0,0,0,0,0,0,0 days 00:59:38
1953862,SecondHalf,Brazil,0,0,0,0,0,0,1,0,0,0 days 00:59:38
1953862,SecondHalf,Brazil,0,0,0,0,0,0,1,0,0,0 days 00:59:46
1953862,SecondHalf,Brazil,0,0,0,0,0,0,1,0,0,0 days 00:59:49
1953862,SecondHalf,Haiti,0,0,0,0,0,1,0,0,0,0 days 00:59:51
1953862,SecondHalf,Haiti,0,1,0,0,0,0,0,0,0,0 days 00:59:54
1953862,SecondHalf,Haiti,0,0,0,0,0,0,0,0,1,0 days 00:59:54
1953862,SecondHalf,Brazil,0,0,0,0,0,0,0,1,0,0 days 00:59:54
1953862,SecondHalf,Brazil,0,1,0,0,0,0,0,0,0,0 days 00:59:55
1953862,SecondHalf,Brazil,0,0,0,0,0,0,1,0,0,0 days 00:59:57
1953862,SecondHalf,Brazil,0,0,0,0,0,0,1,0,0,0 days 01:00:01
1953862,SecondHalf,Brazil,0,0,0,0,0,0,1,0,0,0 days 01:00:03
1953862,SecondHalf,Brazil,0,0,0,0,0,0,1,0,0,0 days 01:00:06
1953862,SecondHalf,Brazil,0,0,0,0,0,0,1,0,0,0 days 01:00:09
1953862,SecondHalf,Brazil,0,0,0,0,0,0,1,0,0,0 days 01:00:12
1953862,SecondHalf,Brazil,0,0,0,0,0,0,1,0,0,0 days 01:00:15
1953862,SecondHalf,Brazil,0,0,0,0,0,0,1,0,0,0 days 01:00:17
1953862,SecondHalf,Brazil,0,0,0,0,0,0,1,0,0,0 days 01:00:19
1953862,SecondHalf,Brazil,0,0,0,0,0,0,1,0,0,0 days 01:00:21
1953862,SecondHalf,Brazil,0,0,0,0,0,0,1,0,0,0 days 01:00:23
1953862,SecondHalf,Brazil,0,0,0,0,0,0,1,0,0,0 days 01:00:25
1953862,SecondHalf,Brazil,0,0,0,0,0,0,1,0,0,0 days 01:00:26
1953862,SecondHalf,Brazil,0,0,0,0,0,0,1,0,0,0 days 01:00:33
1953862,SecondHalf,Haiti,0,0,0,0,0,1,0,0,0,0 days 01:00:34
1953862,SecondHalf,Haiti,0,0,0,0,0,0,1,0,0,0 days 01:00:36
1953862,SecondHalf,Haiti,0,0,0,0,1,0,0,0,0,0 days 01:00:39
1953862,SecondHalf,Brazil,0,0,0,0,1,0,0,0,0,0 days 01:00:39
1953862,SecondHalf,Haiti,0,0,0,0,0,0,1,0,0,0 days 01:00:47
1953862,SecondHalf,Haiti,0,0,0,0,0,0,1,0,0,0 days 01:00:49
1953862,SecondHalf,Haiti,0,0,0,0,0,0,1,0,0,0 days 01:00:51
1953862,SecondHalf,Haiti,0,0,0,0,0,0,1,0,0,0 days 01:00:58
1953862,SecondHalf,Haiti,0,0,0,0,0,0,0,0,0,0 days 01:01:04
1953862,SecondHalf,Haiti,0,0,0,0,0,0,1,0,0,0 days 01:01:08
1953862,SecondHalf,Haiti,0,0,0,0,0,0,1,0,0,0 days 01:01:11
1953862,SecondHalf,Haiti,0,0,0,0,0,0,1,0,0,0 days 01:01:13
1953862,SecondHalf,Haiti,0,0,0,0,0,0,1,0,0,0 days 01:01:16
1953862,SecondHalf,Haiti,0,0,0,0,0,0,1,0,0,0 days 01:01:23
1953862,SecondHalf,Haiti,0,0,0,0,0,0,1,0,0,0 days 01:01:26
1953862,SecondHalf,Haiti,0,0,0,0,0,0,1,0,0,0 days 01:01:33
1953862,SecondHalf,Brazil,0,0,0,0,0,0,0,0,0,0 days 01:01:33
1953862,SecondHalf,Brazil,0,0,0,0,0,0,0,0,0,0 days 01:01:35
1953862,SecondHalf,Haiti,0,0,0,0,0,0,0,0,0,0 days 01:01:35
1953862,SecondHalf,Haiti,0,0,0,0,0,0,0,0,0,0 days 01:02:00
1953862,SecondHalf,Haiti,0,0,0,0,0,0,0,0,0,0 days 01:02:00
1953862,SecondHalf,Haiti,0,0,0,0,0,0,1,0,0,0 days 01:02:25
1953862,SecondHalf,Haiti,0,0,0,0,0,0,0,0,0,0 days 01:02:29
1953862,SecondHalf,Brazil,0,0,0,0,0,0,0,0,0,0 days 01:02:29
1953862,SecondHalf,Brazil,0,0,0,0,0,0,0,0,0,0 days 01:02:30
1953862,SecondHalf,Haiti,1,0,0,0,0,0,0,0,0,0 days 01:02:30
1953862,SecondHalf,Brazil,0,0,1,0,0,0,0,0,0,0 days 01:02:31
1953862,SecondHalf,Brazil,0,0,0,0,0,0,0,0,0,0 days 01:02:33
1953862,SecondHalf,Brazil,0,0,0,0,0,0,0,0,0,0 days 01:03:20
1953862,SecondHalf,Brazil,0,0,0,0,0,0,0,0,0,0 days 01:03:20
1953862,SecondHalf,Brazil,0,0,0,0,0,0,0,0,0,0 days 01:03:35
1953862,SecondHalf,Brazil,0,0,0,0,0,0,0,0,0,0 days 01:03:35
1953862,SecondHalf,Haiti,0,0,0,0,0,0,1,0,0,0 days 01:03:41
1953862,SecondHalf,Haiti,0,0,0,0,0,0,1,0,0,0 days 01:03:43
1953862,SecondHalf,Haiti,0,0,0,0,0,0,1,0,0,0 days 01:03:47
1953862,SecondHalf,Haiti,0,0,0,0,0,0,1,0,0,0 days 01:03:49
1953862,SecondHalf,Haiti,0,0,0,0,0,0,1,0,0,0 days 01:03:54
1953862,SecondHalf,Haiti,0,0,0,0,0,0,1,0,0,0 days 01:03:55
1953862,SecondHalf,Haiti,0,0,0,0,0,0,1,0,0,0 days 01:04:00
1953862,SecondHalf,Haiti,0,0,0,0,0,0,1,0,0,0 days 01:04:04
1953862,SecondHalf,Haiti,0,0,0,0,0,0,1,0,0,0 days 01:04:06
1953862,SecondHalf,Haiti,0,0,0,0,0,0,1,0,0,0 days 01:04:08
1953862,SecondHalf,Haiti,0,0,0,0,0,0,1,0,0,0 days 01:04:09
1953862,SecondHalf,Haiti,0,0,0,0,0,0,1,0,0,0 days 01:04:11
1953862,SecondHalf,Haiti,0,0,0,0,0,0,1,0,0,0 days 01:04:14
1953862,SecondHalf,Haiti,0,0,0,0,1,0,0,0,0,0 days 01:04:19
1953862,SecondHalf,Brazil,0,0,0,0,1,0,0,0,0,0 days 01:04:19
1953862,SecondHalf,Brazil,0,0,0,0,0,0,0,0,0,0 days 01:04:26
1953862,SecondHalf,Haiti,0,0,0,0,0,0,1,0,0,0 days 01:05:14
1953862,SecondHalf,Brazil,0,0,1,0,0,0,0,0,0,0 days 01:05:15
1953862,SecondHalf,Haiti,1,0,0,0,0,0,0,0,0,0 days 01:05:17
1953862,SecondHalf,Haiti,0,0,0,0,0,0,0,0,0,0 days 01:05:18
1953862,SecondHalf,Haiti,1,0,0,0,0,0,0,0,0,0 days 01:05:19
1953862,SecondHalf,Brazil,0,0,0,0,0,0,1,0,0,0 days 01:05:36
1953862,SecondHalf,Brazil,0,0,0,0,0,0,1,0,0,0 days 01:05:38
1953862,SecondHalf,Brazil,0,0,0,0,0,0,1,0,0,0 days 01:05:43
1953862,SecondHalf,Brazil,0,0,0,0,0,0,1,0,0,0 days 01:05:46
1953862,SecondHalf,Brazil,0,0,0,0,0,0,1,0,0,0 days 01:05:51
1953862,SecondHalf,Brazil,0,0,0,0,0,0,0,0,0,0 days 01:05:53
1953862,SecondHalf,Haiti,0,0,0,0,0,0,0,0,0,0 days 01:05:53
1953862,SecondHalf,Brazil,0,0,0,0,0,0,0,0,0,0 days 01:05:54
1953862,SecondHalf,Haiti,0,0,0,0,0,0,1,0,0,0 days 01:05:57
1953862,SecondHalf,Haiti,0,0,0,0,0,0,1,0,0,0 days 01:05:59
1953862,SecondHalf,Haiti,0,0,0,0,0,0,1,0,0,0 days 01:06:00
1953862,SecondHalf,Brazil,0,0,0,0,0,0,1,0,0,0 days 01:06:01
1953862,SecondHalf,Haiti,0,0,0,0,0,0,0,1,0,0 days 01:06:02
1953862,SecondHalf,Brazil,0,0,0,0,0,0,0,0,1,0 days 01:06:02
1953862,SecondHalf,Brazil,0,0,0,0,0,0,0,0,0,0 days 01:06:04
1953862,SecondHalf,Haiti,0,0,0,0,1,0,0,0,0,0 days 01:06:06
1953862,SecondHalf,Brazil,0,0,0,0,1,0,0,0,0,0 days 01:06:06
1953863,SecondHalf,Brazil,0,0,0,0,0,0,1,0,0,0 days 00:57:07
1953863,SecondHalf,Brazil,0,0,0,0,0,0,1,0,0,0 days 00:57:12
1953863,SecondHalf,Brazil,0,0,0,0,0,0,1,0,0,0 days 00:57:14
1953863,SecondHalf,Brazil,0,0,0,0,0,0,1,0,0,0 days 00:57:15
1953863,SecondHalf,Brazil,0,0,0,0,0,0,1,0,0,0 days 00:57:18
1953863,SecondHalf,Brazil,0,0,0,0,0,0,1,0,0,0 days 00:57:21
1953863,SecondHalf,Brazil,0,0,0,0,0,0,1,0,0,0 days 00:57:25
1953863,SecondHalf,Brazil,0,0,0,0,0,0,1,0,0,0 days 00:57:30
1953863,SecondHalf,Brazil,0,0,0,0,0,0,1,0,0,0 days 00:57:32
1953863,SecondHalf,Brazil,0,0,0,0,0,0,1,0,0,0 days 00:57:36
1953863,SecondHalf,Brazil,0,0,0,0,0,0,1,0,0,0 days 00:57:39
1953863,SecondHalf,Brazil,0,0,0,0,0,0,1,0,0,0 days 00:57:42
1953863,SecondHalf,Brazil,0,0,0,0,0,0,1,0,0,0 days 00:57:46
1953863,SecondHalf,Brazil,0,0,0,0,0,0,1,0,0,0 days 00:57:48
1953863,SecondHalf,Brazil,0,0,0,0,0,0,1,0,0,0 days 00:57:50
1953863,SecondHalf,Brazil,0,0,0,0,0,0,1,0,0,0 days 00:57:53
1953863,SecondHalf,Brazil,0,0,0,0,0,0,1,0,0,0 days 00:57:55
1953863,SecondHalf,Scotland,0,0,0,0,0,0,1,0,0,0 days 00:58:15
1953863,SecondHalf,Scotland,0,0,0,0,0,0,1,0,0,0 days 00:58:16
1953863,SecondHalf,Scotland,0,0,0,0,0,0,1,0,0,0 days 00:58:19
1953863,SecondHalf,Scotland,0,0,0,0,0,0,1,0,0,0 days 00:58:22
1953863,SecondHalf,Brazil,0,1,0,0,0,0,0,0,0,0 days 00:58:25
1953863,SecondHalf,Brazil,0,0,0,0,0,0,1,0,0,0 days 00:58:25
1953863,SecondHalf,Brazil,0,0,0,0,0,0,1,0,0,0 days 00:58:27
1953863,SecondHalf,Brazil,0,0,0,0,0,0,1,0,0,0 days 00:58:29
1953863,SecondHalf,Brazil,0,0,0,0,0,0,1,0,0,0 days 00:58:31
1953863,SecondHalf,Brazil,1,0,0,0,0,0,0,0,0,0 days 00:58:33
1953863,SecondHalf,Scotland,0,0,0,0,0,0,0,0,0,0 days 00:58:33
1953863,SecondHalf,Brazil,1,0,0,0,0,0,0,0,0,0 days 00:58:38
1953863,SecondHalf,Scotland,0,0,0,0,0,0,1,0,0,0 days 00:59:06
1953863,SecondHalf,Scotland,0,0,0,0,0,0,0,0,0,0 days 00:59:12
1953863,SecondHalf,Scotland,0,0,0,0,1,0,0,0,0,0 days 00:59:13
1953863,SecondHalf,Brazil,0,0,0,0,1,0,0,0,0,0 days 00:59:13
1953863,SecondHalf,Brazil,0,0,0,0,0,0,1,0,0,0 days 00:59:25
1953863,SecondHalf,Brazil,0,0,0,0,0,0,1,0,0,0 days 00:59:26
1953863,SecondHalf,Brazil,0,0,0,0,0,0,1,0,0,0 days 00:59:34
1953863,SecondHalf,Brazil,0,0,0,0,0,0,1,0,0,0 days 00:59:36
1953863,SecondHalf,Brazil,0,0,0,0,0,0,1,0,0,0 days 00:59:39
1953863,SecondHalf,Brazil,0,0,0,0,0,0,1,0,0,0 days 00:59:41
1953863,SecondHalf,Brazil,0,0,0,0,0,0,1,0,0,0 days 00:59:44
1953863,SecondHalf,Brazil,0,0,0,0,0,0,1,0,0,0 days 00:59:46
1953863,SecondHalf,Brazil,0,0,0,0,0,0,1,0,0,0 days 00:59:49
1953863,SecondHalf,Brazil,0,0,0,0,0,0,1,0,0,0 days 00:59:50
1953863,SecondHalf,Brazil,0,0,0,0,0,0,1,0,0,0 days 00:59:51
1953863,SecondHalf,Brazil,0,0,0,0,0,0,1,0,0,0 days 00:59:54
1953863,SecondHalf,Brazil,1,0,0,0,0,0,0,0,0,0 days 00:59:55
1953863,SecondHalf,Scotland,0,0,0,0,0,0,1,0,0,0 days 01:01:16
1953863,SecondHalf,Scotland,0,0,0,0,0,0,1,0,0,0 days 01:01:19
1953863,SecondHalf,Scotland,0,0,0,0,0,0,1,0,0,0 days 01:01:21
1953863,SecondHalf,Scotland,0,0,0,0,0,0,1,0,0,0 days 01:01:22
1953863,SecondHalf,Scotland,0,0,0,0,0,0,1,0,0,0 days 01:01:23
1953863,SecondHalf,Scotland,0,0,0,0,0,0,1,0,0,0 days 01:01:24
1953863,SecondHalf,Scotland,0,0,0,0,0,0,1,0,0,0 days 01:01:27
1953863,SecondHalf,Scotland,0,0,0,0,0,0,1,0,0,0 days 01:01:31
1953863,SecondHalf,Scotland,0,0,0,0,0,0,1,0,0,0 days 01:01:36
1953863,SecondHalf,Scotland,0,0,0,0,0,0,1,0,0,0 days 01:01:39
1953863,SecondHalf,Scotland,0,0,0,0,0,0,1,0,0,0 days 01:01:41
1953863,SecondHalf,Scotland,0,0,0,0,0,0,1,0,0,0 days 01:01:44
1953863,SecondHalf,Scotland,0,0,0,0,0,0,1,0,0,0 days 01:01:47
1953863,SecondHalf,Scotland,0,0,0,0,0,0,1,0,0,0 days 01:01:51
1953863,SecondHalf,Scotland,0,0,0,0,0,0,1,0,0,0 days 01:01:53
1953863,SecondHalf,Brazil,0,0,0,0,1,0,0,0,0,0 days 01:01:54
1953863,SecondHalf,Scotland,0,0,0,0,1,0,0,0,0,0 days 01:01:54
1953863,SecondHalf,Brazil,0,0,0,0,0,0,0,0,0,0 days 01:01:59
1953863,SecondHalf,Brazil,0,0,0,0,0,0,0,0,0,0 days 01:03:05
1953863,SecondHalf,Scotland,1,0,0,0,0,0,0,0,0,0 days 01:03:05
1953863,SecondHalf,Scotland,0,0,0,0,0,0,0,0,0,0 days 01:03:06
1953863,SecondHalf,Brazil,0,0,0,0,0,0,0,0,0,0 days 01:03:06
1953863,SecondHalf,Scotland,0,0,0,0,0,0,1,0,0,0 days 01:03:34
1953863,SecondHalf,Brazil,0,0,0,0,0,0,0,0,0,0 days 01:03:36
1953863,SecondHalf,Scotland,0,0,0,0,0,0,0,0,0,0 days 01:03:36
1953863,SecondHalf,Brazil,0,0,1,0,0,0,0,0,0,0 days 01:03:37
1953863,SecondHalf,Scotland,0,0,0,0,0,0,1,0,0,0 days 01:03:40
1953863,SecondHalf,Brazil,0,0,0,0,0,0,0,0,0,0 days 01:03:43
1953863,SecondHalf,Scotland,1,0,0,0,0,0,0,0,0,0 days 01:03:43
1953863,SecondHalf,Brazil,0,1,0,0,0,0,0,0,0,0 days 01:03:45
1953863,SecondHalf,Brazil,0,0,0,0,0,0,1,0,0,0 days 01:03:48
1953863,SecondHalf,Scotland,0,1,0,0,0,0,0,0,0,0 days 01:03:51
1953863,SecondHalf,Scotland,0,0,0,0,0,0,1,0,0,0 days 01:03:53
1953863,SecondHalf,Scotland,0,0,0,0,0,0,1,0,0,0 days 01:03:55
1953863,SecondHalf,Scotland,0,0,0,0,0,0,1,0,0,0 days 01:03:58
1953863,SecondHalf,Brazil,0,1,0,0,0,0,0,0,0,0 days 01:04:00
1953863,SecondHalf,Brazil,0,0,0,0,0,0,0,0,0,0 days 01:04:02
1953863,SecondHalf,Scotland,0,0,0,0,0,0,0,0,0,0 days 01:04:02
1953863,SecondHalf,Scotland,0,0,0,0,0,0,1,0,0,0 days 01:04:11
1953863,SecondHalf,Scotland,0,0,0,0,0,0,1,0,0,0 days 01:04:15
1953863,SecondHalf,Scotland,0,0,0,0,0,0,1,0,0,0 days 01:04:18
1953863,SecondHalf,Scotland,0,0,0,0,0,0,1,0,0,0 days 01:04:20
1953863,SecondHalf,Scotland,0,0,0,0,0,0,1,0,0,0 days 01:04:23
1953863,SecondHalf,Scotland,0,0,0,0,0,0,1,0,0,0 days 01:04:24
1953863,SecondHalf,Scotland,0,0,0,0,0,0,1,0,0,0 days 01:04:27
1953863,SecondHalf,Scotland,0,0,0,0,0,0,1,0,0,0 days 01:04:29
1953863,SecondHalf,Scotland,0,0,0,0,0,0,1,0,0,0 days 01:04:31
1953863,SecondHalf,Scotland,0,0,0,0,0,0,1,0,0,0 days 01:04:32
1953863,SecondHalf,Scotland,0,0,0,0,0,0,1,0,0,0 days 01:04:34
1953863,SecondHalf,Brazil,0,0,0,0,0,0,0,0,0,0 days 01:04:37
1953863,SecondHalf,Brazil,0,0,0,0,0,0,0,0,0,0 days 01:04:56
1953863,SecondHalf,Brazil,0,0,0,0,0,0,0,0,0,0 days 01:04:56
1953863,SecondHalf,Brazil,0,0,0,0,0,0,0,0,0,0 days 01:04:00
1953863,SecondHalf,Brazil,0,0,0,0,0,0,0,0,0,0 days 01:05:19
1953863,SecondHalf,Brazil,0,0,0,0,0,0,0,0,0,0 days 01:05:19
1953863,SecondHalf,Brazil,0,0,0,0,0,0,0,0,0,0 days 01:05:20
1953863,SecondHalf,Brazil,0,0,0,0,0,0,1,0,0,0 days 01:05:27
1953863,SecondHalf,Brazil,0,0,0,0,0,0,1,0,0,0 days 01:05:29
1953863,SecondHalf,Scotland,0,0,0,0,0,0,1,0,0,0 days 01:05:31
1953863,SecondHalf,Scotland,0,1,0,0,0,0,0,0,0,0 days 01:05:33
1953863,SecondHalf,Scotland,0,0,0,0,0,0,1,0,0,0 days 01:05:34
1953863,SecondHalf,Scotland,0,0,0,0,0,0,1,0,0,0 days 01:05:36
1953863,SecondHalf,Scotland,0,0,0,0,0,0,1,0,0,0 days 01:05:38
1953863,SecondHalf,Scotland,0,0,0,0,0,0,1,0,0,0 days 01:05:39
1953863,SecondHalf,Scotland,0,0,0,0,0,0,1,0,0,0 days 01:05:41
1953863,SecondHalf,Scotland,0,0,0,0,0,0,1,0,0,0 days 01:05:42
1953863,SecondHalf,Scotland,0,0,0,0,0,0,1,0,0,0 days 01:05:43
1953863,SecondHalf,Scotland,0,0,0,0,0,0,1,0,0,0 days 01:05:48
1953863,SecondHalf,Scotland,0,0,0,0,0,0,1,0,0,0 days 01:05:53
1953863,SecondHalf,Scotland,0,0,0,0,0,0,1,0,0,0 days 01:05:55
1953863,SecondHalf,Scotland,0,0,0,0,0,0,1,0,0,0 days 01:05:57
1953863,SecondHalf,Scotland,0,0,0,0,0,0,1,0,0,0 days 01:05:59
1953863,SecondHalf,Scotland,0,0,0,0,0,0,1,0,0,0 days 01:06:00
1953863,SecondHalf,Scotland,0,0,0,0,0,0,1,0,0,0 days 01:06:03
1953863,SecondHalf,Scotland,0,0,0,0,0,0,1,0,0,0 days 01:06:09
1953863,SecondHalf,Scotland,0,0,0,0,0,0,1,0,0,0 days 01:06:15
1953863,SecondHalf,Scotland,0,0,0,0,0,0,1,0,0,0 days 01:06:17
1953863,SecondHalf,Scotland,0,0,0,0,0,0,1,0,0,0 days 01:06:20
1953863,SecondHalf,Scotland,0,0,0,0,0,0,1,0,0,0 days 01:06:22
1953863,SecondHalf,Scotland,0,0,0,0,0,0,1,0,0,0 days 01:06:25
1953863,SecondHalf,Brazil,0,0,1,0,0,0,0,0,0,0 days 01:06:25
1953863,SecondHalf,Brazil,0,0,0,0,0,0,1,0,0,0 days 01:06:30
1953863,SecondHalf,Brazil,0,0,0,0,0,0,0,0,0,0 days 01:06:32
1953863,SecondHalf,Brazil,0,0,0,0,0,0,1,0,0,0 days 01:06:40
1953863,SecondHalf,Brazil,0,0,0,0,0,0,1,0,0,0 days 01:06:44
1953863,SecondHalf,Brazil,0,0,0,0,0,0,1,0,0,0 days 01:06:45
1953863,SecondHalf,Brazil,0,0,0,0,0,0,1,0,0,0 days 01:06:48
1953863,SecondHalf,Brazil,0,0,0,0,0,0,1,0,0,0 days 01:06:52
1953863,SecondHalf,Brazil,0,0,0,0,0,0,1,0,0,0 days 01:06:55
1953863,SecondHalf,Brazil,0,0,0,0,0,0,1,0,0,0 days 01:06:57
1953864,SecondHalf,Haiti,0,0,0,0,0,0,1,0,0,0 days 00:57:15
1953864,SecondHalf,Haiti,0,0,0,0,0,0,1,0,0,0 days 00:57:21
1953864,SecondHalf,Haiti,0,0,0,0,0,0,1,0,0,0 days 00:57:24
1953864,SecondHalf,Morocco,0,0,0,0,0,0,0,0,0,0 days 00:57:28
1953864,SecondHalf,Haiti,0,0,0,0,0,0,0,0,0,0 days 00:57:28
1953864,SecondHalf,Haiti,0,0,0,0,0,0,0,0,0,0 days 00:57:29
1953864,SecondHalf,Morocco,0,0,0,0,0,0,1,0,0,0 days 00:57:36
1953864,SecondHalf,Morocco,0,0,0,0,0,0,1,0,0,0 days 00:57:43
1953864,SecondHalf,Morocco,0,0,0,0,0,0,1,0,0,0 days 00:57:48
1953864,SecondHalf,Morocco,0,0,0,0,0,0,1,0,0,0 days 00:57:51
1953864,SecondHalf,Morocco,0,0,0,0,0,0,1,0,0,0 days 00:57:53
1953864,SecondHalf,Morocco,0,0,0,0,0,0,1,0,0,0 days 00:57:55
1953864,SecondHalf,Morocco,0,0,0,0,0,0,1,0,0,0 days 00:57:57
1953864,SecondHalf,Morocco,0,0,0,0,0,0,1,0,0,0 days 00:58:00
1953864,SecondHalf,Morocco,0,0,0,0,0,0,1,0,0,0 days 00:58:09
1953864,SecondHalf,Morocco,0,0,0,0,0,0,1,0,0,0 days 00:58:11
1953864,SecondHalf,Morocco,0,0,0,0,0,0,1,0,0,0 days 00:58:12
1953864,SecondHalf,Morocco,0,0,0,0,0,0,1,0,0,0 days 00:58:14
1953864,SecondHalf,Morocco,0,0,0,0,0,0,1,0,0,0 days 00:58:19
1953864,SecondHalf,Morocco,0,0,0,0,0,0,1,0,0,0 days 00:58:20
1953864,SecondHalf,Morocco,0,0,0,0,0,0,1,0,0,0 days 00:58:21
1953864,SecondHalf,Haiti,0,0,0,0,0,1,0,0,0,0 days 00:58:22
1953864,SecondHalf,Haiti,0,0,1,0,0,0,0,0,0,0 days 00:58:23
1953864,SecondHalf,Morocco,0,0,0,0,0,0,0,0,0,0 days 00:58:25
1953864,SecondHalf,Haiti,0,0,0,0,0,0,0,0,0,0 days 00:58:25
1953864,SecondHalf,Morocco,0,0,0,0,0,0,1,0,0,0 days 00:58:50
1953864,SecondHalf,Morocco,0,0,0,0,0,0,0,0,0,0 days 00:58:52
1953864,SecondHalf,Haiti,0,0,0,0,0,0,0,0,0,0 days 00:58:52
1953864,SecondHalf,Haiti,0,0,1,0,0,0,0,0,0,0 days 00:58:52
1953864,SecondHalf,Morocco,1,0,0,0,0,0,0,0,0,0 days 00:58:55
1953864,SecondHalf,Haiti,0,0,0,0,0,0,0,0,0,0 days 00:58:55
1953864,SecondHalf,Morocco,0,0,0,0,0,0,1,0,0,0 days 00:58:56
1953864,SecondHalf,Morocco,0,0,0,0,0,0,1,0,0,0 days 00:59:05
1953864,SecondHalf,Morocco,0,0,0,0,0,0,0,0,1,0 days 00:59:09
1953864,SecondHalf,Haiti,0,0,0,0,0,0,0,1,0,0 days 00:59:09
1953864,SecondHalf,Morocco,0,0,0,0,0,0,0,0,0,0 days 00:59:10
1953864,SecondHalf,Haiti,0,0,0,0,0,0,1,0,0,0 days 00:59:30
1953864,SecondHalf,Morocco,0,0,0,0,0,0,1,0,0,0 days 00:59:32
1953864,SecondHalf,Morocco,0,0,0,0,0,0,1,0,0,0 days 00:59:33
1953864,SecondHalf,Morocco,0,1,0,0,0,0,0,0,0,0 days 00:59:35
1953864,SecondHalf,Morocco,0,0,0,0,0,0,1,0,0,0 days 00:59:36
1953864,SecondHalf,Haiti,0,0,0,0,0,1,0,0,0,0 days 00:59:37
1953864,SecondHalf,Haiti,0,1,0,0,0,0,0,0,0,0 days 00:59:38
1953864,SecondHalf,Haiti,0,0,0,0,0,0,1,0,0,0 days 00:59:40
1953864,SecondHalf,Haiti,0,0,0,0,0,0,1,0,0,0 days 00:59:41
1953864,SecondHalf,Haiti,0,0,0,0,0,0,1,0,0,0 days 00:59:44
1953864,SecondHalf,Morocco,0,0,0,0,0,0,0,0,0,0 days 00:59:45
1953864,SecondHalf,Morocco,0,0,0,0,0,0,0,1,0,0 days 00:59:46
1953864,SecondHalf,Haiti,0,0,0,1,0,0,0,0,0,0 days 00:59:46
1953864,SecondHalf,Haiti,0,0,0,0,0,0,0,0,0,0 days 00:59:48
1953864,SecondHalf,Morocco,0,0,0,0,0,0,1,0,0,0 days 00:59:56
1953864,SecondHalf,Morocco,0,0,0,0,0,0,1,0,0,0 days 00:59:57
1953864,SecondHalf,Morocco,0,0,0,0,0,0,1,0,0,0 days 01:00:01
1953864,SecondHalf,Morocco,0,0,0,0,0,0,1,0,0,0 days 01:00:04
1953864,SecondHalf,Morocco,0,0,0,0,0,0,1,0,0,0 days 01:00:06
1953864,SecondHalf,Morocco,0,0,0,0,0,0,1,0,0,0 days 01:00:14
1953864,SecondHalf,Morocco,0,0,0,0,0,0,1,0,0,0 days 01:00:16
1953864,SecondHalf,Morocco,0,0,0,0,0,0,1,0,0,0 days 01:00:23
1953864,SecondHalf,Morocco,0,0,0,0,0,0,1,0,0,0 days 01:00:27
1953864,SecondHalf,Haiti,0,0,0,0,0,0,0,0,0,0 days 01:00:33
1953864,SecondHalf,Morocco,0,0,0,0,0,0,0,0,1,0 days 01:00:33
1953864,SecondHalf,Haiti,0,0,0,0,0,0,0,1,0,0 days 01:00:35
1953864,SecondHalf,Morocco,0,0,0,0,0,0,0,0,1,0 days 01:00:35
1953864,SecondHalf,Haiti,0,0,0,0,1,0,0,0,0,0 days 01:00:41
1953864,SecondHalf,Morocco,0,0,0,0,1,0,0,0,0,0 days 01:00:41
1953864,SecondHalf,Haiti,0,0,0,0,0,0,1,0,0,0 days 01:01:20
1953864,SecondHalf,Morocco,0,0,0,0,0,0,0,0,0,0 days 01:01:24
1953864,SecondHalf,Haiti,0,0,0,0,0,0,0,0,0,0 days 01:01:24
1953864,SecondHalf,Morocco,0,0,0,0,0,0,0,0,0,0 days 01:01:25
1953864,SecondHalf,Morocco,0,0,0,0,0,0,1,0,0,0 days 01:01:26
1953864,SecondHalf,Haiti,0,0,0,0,0,0,1,0,0,0 days 01:01:32
1953864,SecondHalf,Haiti,0,0,0,0,0,0,1,0,0,0 days 01:01:34
1953864,SecondHalf,Haiti,0,0,0,0,0,0,1,0,0,0 days 01:01:36
1953864,SecondHalf,Morocco,0,1,0,0,0,0,0,0,0,0 days 01:01:38
1953864,SecondHalf,Morocco,0,0,0,0,0,0,1,0,0,0 days 01:01:39
1953864,SecondHalf,Morocco,0,0,0,0,0,0,1,0,0,0 days 01:01:41
1953864,SecondHalf,Morocco,0,0,0,0,0,0,1,0,0,0 days 01:01:42
1953864,SecondHalf,Morocco,0,0,0,0,0,0,0,1,0,0 days 01:01:43
1953864,SecondHalf,Haiti,0,0,0,0,0,0,0,0,1,0 days 01:01:43
1953864,SecondHalf,Haiti,0,1,0,0,0,0,0,0,0,0 days 01:01:45
1953864,SecondHalf,Haiti,0,0,0,0,0,0,0,0,0,0 days 01:01:46
1953864,SecondHalf,Morocco,0,0,0,1,0,0,0,0,0,0 days 01:01:48
1953864,SecondHalf,Haiti,0,0,0,0,0,0,0,1,0,0 days 01:01:48
1953864,SecondHalf,Haiti,0,0,0,0,0,0,0,0,0,0 days 01:01:52
1953864,SecondHalf,Morocco,0,1,0,0,0,0,0,0,0,0 days 01:01:54
1953864,SecondHalf,Morocco,0,0,0,0,0,0,0,0,1,0 days 01:01:57
1953864,SecondHalf,Haiti,0,0,0,0,0,0,0,0,0,0 days 01:01:57
1953864,SecondHalf,Morocco,0,0,0,0,0,0,1,0,0,0 days 01:02:05
1953864,SecondHalf,Morocco,0,0,0,1,0,0,0,0,0,0 days 01:02:07
1953864,SecondHalf,Haiti,0,0,0,0,0,0,0,1,0,0 days 01:02:07
1953864,SecondHalf,Haiti,0,0,0,0,0,0,0,0,0,0 days 01:02:09
1953864,SecondHalf,Morocco,0,0,0,0,0,0,1,0,0,0 days 01:02:11
1953864,SecondHalf,Haiti,0,0,0,0,0,0,0,0,0,0 days 01:02:13
1953864,SecondHalf,Haiti,0,0,0,0,1,0,0,0,0,0 days 01:02:15
1953864,SecondHalf,Morocco,0,0,0,0,1,0,0,0,0,0 days 01:02:15
1953864,SecondHalf,Morocco,0,0,0,0,0,0,1,0,0,0 days 01:02:31
1953864,SecondHalf,Morocco,0,0,0,0,0,0,1,0,0,0 days 01:02:34
1953864,SecondHalf,Morocco,0,0,0,0,0,0,1,0,0,0 days 01:02:38
1953864,SecondHalf,Morocco,0,0,0,0,0,0,1,0,0,0 days 01:02:40
1953864,SecondHalf,Morocco,0,0,0,0,0,0,1,0,0,0 days 01:02:45
1953864,SecondHalf,Morocco,0,0,0,0,0,0,1,0,0,0 days 01:02:49
1953864,SecondHalf,Morocco,0,0,0,0,0,0,1,0,0,0 days 01:02:52
1953864,SecondHalf,Morocco,0,0,0,0,0,0,1,0,0,0 days 01:02:54
1953864,SecondHalf,Morocco,0,0,0,0,0,0,1,0,0,0 days 01:02:57
1953864,SecondHalf,Morocco,0,0,0,0,0,0,1,0,0,0 days 01:02:58
1953864,SecondHalf,Morocco,0,0,0,0,0,0,1,0,0,0 days 01:03:00
1953864,SecondHalf,Haiti,0,0,0,0,0,0,0,0,0,0 days 01:03:01
1953864,SecondHalf,Haiti,0,1,0,0,0,0,0,0,0,0 days 01:03:04
1953864,SecondHalf,Morocco,0,0,0,0,1,0,0,0,0,0 days 01:03:10
1953864,SecondHalf,Haiti,0,0,0,0,1,0,0,0,0,0 days 01:03:10
1953864,SecondHalf,Haiti,1,0,0,0,0,0,0,0,0,0 days 01:03:58
1953864,SecondHalf,Morocco,0,0,0,0,0,0,0,0,0,0 days 01:03:58
1953864,SecondHalf,Haiti,0,0,0,0,0,0,1,0,0,0 days 01:04:04
1953864,SecondHalf,Morocco,0,0,0,0,0,1,0,0,0,0 days 01:04:06
1953864,SecondHalf,Morocco,0,1,0,0,0,0,0,0,0,0 days 01:04:06
1953864,SecondHalf,Morocco,0,0,0,0,0,0,1,0,0,0 days 01:04:06
1953864,SecondHalf,Morocco,0,0,0,0,0,0,1,0,0,0 days 01:04:14
1953864,SecondHalf,Haiti,0,0,1,0,0,0,0,0,0,0 days 01:04:16
1953864,SecondHalf,Morocco,0,0,0,0,0,0,0,0,0,0 days 01:04:17
1953864,SecondHalf,Haiti,0,0,0,0,0,0,0,0,0,0 days 01:04:17
1953864,SecondHalf,Morocco,0,0,0,0,0,0,1,0,0,0 days 01:04:42
1953864,SecondHalf,Morocco,0,0,0,0,0,0,0,0,1,0 days 01:04:47
1953864,SecondHalf,Morocco,0,0,0,0,0,0,0,1,0,0 days 01:04:49
1953864,SecondHalf,Haiti,0,0,0,0,0,0,0,0,1,0 days 01:04:49
1953864,SecondHalf,Haiti,0,0,0,0,0,0,0,0,0,0 days 01:04:50
1953864,SecondHalf,Haiti,0,1,0,0,0,0,0,0,0,0 days 01:04:52
1953864,SecondHalf,Haiti,0,0,0,0,0,0,1,0,0,0 days 01:04:52
1953864,SecondHalf,Haiti,0,0,0,0,0,0,1,0,0,0 days 01:04:53
1953864,SecondHalf,Haiti,0,0,0,0,0,0,0,0,0,0 days 01:04:54
1953864,SecondHalf,Morocco,0,0,0,0,0,0,1,0,0,0 days 01:04:55
1953864,SecondHalf,Morocco,0,1,0,0,0,0,0,0,0,0 days 01:04:57
1953864,SecondHalf,Morocco,0,0,0,0,0,0,1,0,0,0 days 01:04:59
1953864,SecondHalf,Morocco,0,0,0,0,0,0,1,0,0,0 days 01:05:09
1953864,SecondHalf,Morocco,0,0,0,0,0,0,1,0,0,0 days 01:05:11
1953864,SecondHalf,Morocco,0,0,0,0,0,0,1,0,0,0 days 01:05:12
1953864,SecondHalf,Morocco,0,0,0,0,0,0,1,0,0,0 days 01:05:14
1953864,SecondHalf,Morocco,0,0,0,0,0,0,1,0,0,0 days 01:05:19
1953864,SecondHalf,Morocco,0,0,0,0,0,0,1,0,0,0 days 01:05:24
1953864,SecondHalf,Morocco,0,0,0,1,0,0,0,0,0,0 days 01:05:29
1953864,SecondHalf,Haiti,0,0,0,0,0,0,0,1,0,0 days 01:05:29
1953864,SecondHalf,Morocco,0,0,0,0,0,0,1,0,0,0 days 01:05:39
1953864,SecondHalf,Haiti,0,0,0,0,0,0,0,0,0,0 days 01:05:45
1953864,SecondHalf,Morocco,0,0,0,0,0,0,0,0,1,0 days 01:05:45
1953864,SecondHalf,Morocco,0,0,0,0,0,0,1,0,0,0 days 01:05:47
1953864,SecondHalf,Morocco,0,0,0,0,1,0,0,0,0,0 days 01:05:50
1953864,SecondHalf,Haiti,0,0,0,0,1,0,0,0,0,0 days 01:05:50
1953864,SecondHalf,Haiti,0,0,0,0,0,0,0,0,0,0 days 01:06:24
1953864,SecondHalf,Haiti,0,0,0,0,0,0,0,0,0,0 days 01:06:24
1953864,SecondHalf,Haiti,0,0,0,0,0,0,0,0,0,0 days 01:06:34
1953864,SecondHalf,Haiti,0,0,0,0,0,0,0,0,0,0 days 01:06:34
1953864,SecondHalf,Haiti,0,0,0,0,0,0,0,0,0,0 days 01:06:35
1953864,SecondHalf,Haiti,0,0,0,0,0,0,1,0,0,0 days 01:06:50
1953864,SecondHalf,Morocco,0,0,0,0,0,0,0,0,0,0 days 01:06:54
1953864,SecondHalf,Haiti,0,0,0,0,0,0,0,0,0,0 days 01:06:54
1953864,SecondHalf,Morocco,0,0,1,0,0,0,0,0,0,0 days 01:06:55
1953864,SecondHalf,Haiti,0,0,0,0,0,0,1,0,0,0 days 01:06:57
1953865,SecondHalf,Paraguay,0,0,0,0,0,0,1,0,0,0 days 00:57:10
1953865,SecondHalf,Paraguay,0,0,0,0,0,0,1,0,0,0 days 00:57:16
1953865,SecondHalf,Paraguay,0,0,0,0,0,0,1,0,0,0 days 00:57:19
1953865,SecondHalf,Paraguay,0,0,0,0,0,0,1,0,0,0 days 00:57:21
1953865,SecondHalf,Paraguay,0,0,0,0,0,0,1,0,0,0 days 00:57:22
1953865,SecondHalf,Paraguay,0,0,0,0,0,0,1,0,0,0 days 00:57:23
1953865,SecondHalf,Paraguay,0,0,0,0,0,0,1,0,0,0 days 00:57:26
1953865,SecondHalf,USA,0,1,0,0,0,0,0,0,0,0 days 00:57:27
1953865,SecondHalf,USA,0,0,0,0,0,0,1,0,0,0 days 00:57:28
1953865,SecondHalf,USA,0,0,0,0,0,0,1,0,0,0 days 00:57:29
1953865,SecondHalf,Paraguay,0,0,0,0,0,1,0,0,0,0 days 00:57:31
1953865,SecondHalf,USA,0,0,0,0,0,0,1,0,0,0 days 00:57:32
1953865,SecondHalf,Paraguay,0,0,0,0,0,0,0,0,0,0 days 00:57:34
1953865,SecondHalf,USA,0,0,0,0,0,0,0,0,0,0 days 00:57:34
1953865,SecondHalf,Paraguay,0,0,0,0,0,0,1,0,0,0 days 00:57:37
1953865,SecondHalf,Paraguay,0,0,0,0,0,0,0,0,0,0 days 00:57:39
1953865,SecondHalf,USA,0,0,0,0,0,0,0,0,1,0 days 00:57:39
1953865,SecondHalf,USA,0,0,0,0,0,0,1,0,0,0 days 00:57:40
1953865,SecondHalf,USA,0,1,0,0,0,0,0,0,0,0 days 00:57:41
1953865,SecondHalf,USA,0,0,0,0,0,0,1,0,0,0 days 00:57:43
1953865,SecondHalf,USA,0,0,0,0,0,0,1,0,0,0 days 00:57:44
1953865,SecondHalf,USA,0,0,0,0,0,0,1,0,0,0 days 00:57:47
1953865,SecondHalf,USA,0,0,0,0,0,0,1,0,0,0 days 00:57:51
1953865,SecondHalf,USA,0,0,0,0,0,0,0,0,1,0 days 00:58:00
1953865,SecondHalf,Paraguay,0,0,0,0,0,0,0,1,0,0 days 00:58:00
1953865,SecondHalf,USA,0,0,0,0,0,0,0,0,0,0 days 00:58:01
1953865,SecondHalf,Paraguay,0,0,0,0,0,0,0,0,0,0 days 00:58:01
1953865,SecondHalf,USA,0,0,0,0,0,0,1,0,0,0 days 00:58:34
1953865,SecondHalf,Paraguay,0,0,0,0,0,0,0,0,0,0 days 00:58:38
1953865,SecondHalf,Paraguay,0,0,0,0,0,0,1,0,0,0 days 00:58:39
1953865,SecondHalf,USA,0,0,0,0,0,0,0,0,0,0 days 00:58:39
1953865,SecondHalf,Paraguay,0,0,0,0,0,0,1,0,0,0 days 00:58:40
1953865,SecondHalf,USA,0,0,0,0,0,0,1,0,0,0 days 00:58:41
1953865,SecondHalf,Paraguay,0,0,0,0,0,0,1,0,0,0 days 00:58:43
1953865,SecondHalf,Paraguay,0,1,0,0,0,0,0,0,0,0 days 00:58:45
1953865,SecondHalf,USA,0,0,0,0,1,0,0,0,0,0 days 00:58:45
1953865,SecondHalf,Paraguay,0,0,0,0,1,0,0,0,0,0 days 00:58:45
1953865,SecondHalf,USA,0,0,0,0,0,0,0,0,0,0 days 00:58:51
1953865,SecondHalf,Paraguay,0,0,0,0,0,0,1,0,0,0 days 00:59:10
1953865,SecondHalf,Paraguay,0,0,0,0,0,0,1,0,0,0 days 00:59:13
1953865,SecondHalf,Paraguay,0,0,0,0,0,0,1,0,0,0 days 00:59:13
1953865,SecondHalf,Paraguay,0,0,0,0,0,0,0,0,1,0 days 00:59:16
1953865,SecondHalf,USA,0,0,0,0,1,0,0,0,0,0 days 00:59:17
1953865,SecondHalf,Paraguay,0,0,0,0,1,0,0,0,0,0 days 00:59:17
1953865,SecondHalf,Paraguay,0,0,0,0,0,0,1,0,0,0 days 00:59:24
1953865,SecondHalf,Paraguay,0,0,0,0,0,0,1,0,0,0 days 00:59:27
1953865,SecondHalf,Paraguay,0,0,0,0,0,0,1,0,0,0 days 00:59:29
1953865,SecondHalf,Paraguay,0,0,0,0,0,0,1,0,0,0 days 00:59:32
1953865,SecondHalf,USA,0,0,0,0,0,0,1,0,0,0 days 00:59:39
1953865,SecondHalf,USA,0,0,0,0,0,0,1,0,0,0 days 00:59:42
1953865,SecondHalf,USA,0,0,0,0,0,0,1,0,0,0 days 00:59:45
1953865,SecondHalf,USA,0,0,0,0,0,0,1,0,0,0 days 00:59:48
1953865,SecondHalf,USA,0,0,0,0,0,0,1,0,0,0 days 00:59:51
1953865,SecondHalf,USA,0,0,0,0,0,0,1,0,0,0 days 00:59:53
1953865,SecondHalf,USA,0,0,0,0,0,0,1,0,0,0 days 00:59:57
1953865,SecondHalf,Paraguay,0,0,1,0,0,0,0,0,0,0 days 01:00:00
1953865,SecondHalf,USA,0,0,0,0,0,0,1,0,0,0 days 01:00:05
1953865,SecondHalf,USA,0,0,0,0,0,0,0,0,1,0 days 01:00:08
1953865,SecondHalf,Paraguay,0,0,0,0,0,0,0,1,0,0 days 01:00:08
1953865,SecondHalf,USA,1,0,0,0,0,0,0,0,0,0 days 01:00:10
1953865,SecondHalf,Paraguay,0,0,0,0,0,0,1,0,0,0 days 01:00:34
1953865,SecondHalf,Paraguay,0,0,0,0,0,0,1,0,0,0 days 01:00:36
1953865,SecondHalf,USA,0,0,0,0,0,0,1,0,0,0 days 01:00:37
1953865,SecondHalf,USA,0,1,0,0,0,0,0,0,0,0 days 01:00:39
1953865,SecondHalf,USA,0,0,0,0,0,0,1,0,0,0 days 01:00:44
1953865,SecondHalf,USA,0,0,0,0,0,0,1,0,0,0 days 01:00:48
1953865,SecondHalf,USA,0,0,0,0,0,0,1,0,0,0 days 01:00:49
1953865,SecondHalf,USA,0,0,0,0,0,0,1,0,0,0 days 01:00:51
1953865,SecondHalf,USA,0,0,0,0,0,0,0,0,1,0 days 01:00:54
1953865,SecondHalf,Paraguay,0,0,0,0,0,0,0,0,0,0 days 01:00:54
1953865,SecondHalf,USA,0,0,0,0,0,0,1,0,0,0 days 01:00:55
1953865,SecondHalf,USA,0,0,0,0,0,0,1,0,0,0 days 01:00:57
1953865,SecondHalf,USA,0,0,0,0,0,0,1,0,0,0 days 01:01:01
1953865,SecondHalf,USA,0,0,0,0,0,0,1,0,0,0 days 01:01:05
1953865,SecondHalf,USA,0,0,0,0,0,0,1,0,0,0 days 01:01:07
1953865,SecondHalf,Paraguay,0,0,1,0,0,0,0,0,0,0 days 01:01:09
1953865,SecondHalf,USA,0,0,0,0,0,0,1,0,0,0 days 01:01:11
1953865,SecondHalf,USA,0,0,0,0,0,0,1,0,0,0 days 01:01:12
1953865,SecondHalf,USA,0,0,0,0,0,0,1,0,0,0 days 01:01:15
1953865,SecondHalf,USA,0,0,0,1,0,0,0,0,0,0 days 01:01:18
1953865,SecondHalf,Paraguay,0,0,0,0,0,0,0,1,0,0 days 01:01:18
1953865,SecondHalf,Paraguay,0,0,1,0,0,0,0,0,0,0 days 01:01:21
1953865,SecondHalf,Paraguay,0,0,0,0,0,0,0,0,0,0 days 01:01:35
1953865,SecondHalf,Paraguay,0,0,0,0,0,0,0,0,0,0 days 01:01:35
1953865,SecondHalf,Paraguay,0,0,0,0,0,0,0,0,0,0 days 01:01:36
1953865,SecondHalf,USA,0,0,0,0,0,0,1,0,0,0 days 01:01:53
1953865,SecondHalf,USA,0,0,0,0,0,0,1,0,0,0 days 01:01:56
1953865,SecondHalf,USA,0,0,0,0,0,0,1,0,0,0 days 01:01:58
1953865,SecondHalf,USA,0,0,0,0,0,0,1,0,0,0 days 01:02:00
1953865,SecondHalf,USA,0,0,0,0,0,0,1,0,0,0 days 01:02:01
1953865,SecondHalf,USA,0,0,0,0,0,0,1,0,0,0 days 01:02:07
1953865,SecondHalf,USA,0,0,0,0,0,0,1,0,0,0 days 01:02:10
1953865,SecondHalf,USA,0,0,0,0,0,0,1,0,0,0 days 01:02:13
1953865,SecondHalf,USA,0,0,0,0,0,0,1,0,0,0 days 01:02:17
1953865,SecondHalf,USA,0,0,0,0,0,0,1,0,0,0 days 01:02:19
1953865,SecondHalf,USA,0,0,0,0,0,0,1,0,0,0 days 01:02:22
1953865,SecondHalf,USA,0,0,0,0,0,0,1,0,0,0 days 01:02:27
1953865,SecondHalf,USA,0,0,0,0,0,0,0,0,1,0 days 01:02:31
1953865,SecondHalf,Paraguay,0,0,0,0,0,0,0,1,0,0 days 01:02:31
1953865,SecondHalf,Paraguay,0,1,0,0,0,0,0,0,0,0 days 01:02:32
1953865,SecondHalf,Paraguay,0,0,0,0,0,0,1,0,0,0 days 01:02:34
1953865,SecondHalf,USA,0,1,0,0,0,0,0,0,0,0 days 01:02:37
1953865,SecondHalf,USA,0,0,0,0,0,0,1,0,0,0 days 01:02:38
1953865,SecondHalf,USA,0,0,0,0,0,0,1,0,0,0 days 01:02:45
1953865,SecondHalf,Paraguay,0,0,0,0,0,0,0,0,0,0 days 01:02:45
1953865,SecondHalf,Paraguay,0,0,0,0,0,0,0,0,0,0 days 01:02:50
1953865,SecondHalf,Paraguay,0,0,0,0,0,0,1,0,0,0 days 01:02:57
1953865,SecondHalf,USA,0,0,0,0,0,0,0,0,0,0 days 01:03:01
1953865,SecondHalf,Paraguay,0,0,0,0,0,0,0,0,0,0 days 01:03:01
1953865,SecondHalf,USA,0,0,0,0,0,0,1,0,0,0 days 01:03:02
1953865,SecondHalf,Paraguay,0,0,0,0,0,0,1,0,0,0 days 01:03:04
1953865,SecondHalf,USA,0,0,0,0,0,0,1,0,0,0 days 01:03:05
1953865,SecondHalf,USA,0,1,0,0,0,0,0,0,0,0 days 01:03:06
1953865,SecondHalf,USA,0,0,0,0,0,0,0,0,1,0 days 01:03:07
1953865,SecondHalf,Paraguay,0,0,0,0,0,0,0,0,0,0 days 01:03:07
1953865,SecondHalf,USA,0,0,0,0,0,0,1,0,0,0 days 01:03:08
1953865,SecondHalf,USA,0,0,0,0,0,0,1,0,0,0 days 01:03:12
1953865,SecondHalf,Paraguay,0,0,0,0,0,0,1,0,0,0 days 01:03:15
1953865,SecondHalf,Paraguay,0,1,0,0,0,0,0,0,0,0 days 01:03:16
1953865,SecondHalf,Paraguay,0,0,0,0,0,0,1,0,0,0 days 01:03:17
1953865,SecondHalf,Paraguay,0,0,0,0,0,0,1,0,0,0 days 01:03:23
1953865,SecondHalf,Paraguay,0,0,0,0,0,0,1,0,0,0 days 01:03:24
1953865,SecondHalf,Paraguay,0,0,0,0,0,0,1,0,0,0 days 01:03:25
1953865,SecondHalf,Paraguay,0,0,0,0,0,0,1,0,0,0 days 01:03:26
1953865,SecondHalf,Paraguay,0,0,0,0,0,0,1,0,0,0 days 01:03:27
1953865,SecondHalf,Paraguay,0,0,0,0,0,0,1,0,0,0 days 01:03:29
1953865,SecondHalf,Paraguay,0,0,0,0,0,0,1,0,0,0 days 01:03:30
1953865,SecondHalf,Paraguay,0,0,0,0,0,0,1,0,0,0 days 01:03:34
1953865,SecondHalf,Paraguay,0,0,0,0,0,0,1,0,0,0 days 01:03:36
1953865,SecondHalf,Paraguay,0,0,0,0,0,0,1,0,0,0 days 01:03:37
1953865,SecondHalf,Paraguay,0,0,0,0,0,0,1,0,0,0 days 01:03:39
1953865,SecondHalf,Paraguay,0,0,0,0,0,0,1,0,0,0 days 01:03:42
1953865,SecondHalf,Paraguay,0,0,0,0,0,0,1,0,0,0 days 01:03:48
1953865,SecondHalf,Paraguay,0,0,0,0,0,0,1,0,0,0 days 01:03:49
1953865,SecondHalf,Paraguay,0,0,0,0,0,0,1,0,0,0 days 01:03:53
1953865,SecondHalf,Paraguay,0,0,0,0,0,0,1,0,0,0 days 01:03:54
1953865,SecondHalf,Paraguay,0,0,0,0,0,0,1,0,0,0 days 01:03:56
1953865,SecondHalf,Paraguay,0,0,0,0,0,0,1,0,0,0 days 01:03:59
1953865,SecondHalf,Paraguay,0,0,0,0,0,0,1,0,0,0 days 01:04:02
1953865,SecondHalf,Paraguay,0,0,0,0,0,0,1,0,0,0 days 01:04:03
1953865,SecondHalf,Paraguay,0,0,0,0,0,0,1,0,0,0 days 01:04:05
1953865,SecondHalf,Paraguay,0,0,0,0,0,0,1,0,0,0 days 01:04:07
1953865,SecondHalf,Paraguay,0,0,0,0,0,0,1,0,0,0 days 01:04:09
1953865,SecondHalf,Paraguay,0,0,0,0,0,0,1,0,0,0 days 01:04:15
1953865,SecondHalf,Paraguay,0,0,0,0,0,0,1,0,0,0 days 01:04:18
1953865,SecondHalf,Paraguay,0,0,0,0,0,0,1,0,0,0 days 01:04:20
1953865,SecondHalf,USA,0,0,0,0,0,0,0,0,0,0 days 01:04:22
1953865,SecondHalf,Paraguay,0,0,0,0,0,0,0,0,1,0 days 01:04:22
1953865,SecondHalf,Paraguay,1,0,0,0,0,0,0,0,0,0 days 01:04:30
1953865,SecondHalf,USA,0,0,0,0,0,0,0,0,0,0 days 01:04:31
1953865,SecondHalf,USA,0,0,0,0,0,0,0,0,0,0 days 01:04:33
1953865,SecondHalf,USA,0,0,0,0,0,0,0,0,0,0 days 01:04:33
1953865,SecondHalf,Paraguay,0,0,0,0,0,0,1,0,0,0 days 01:04:37
1953865,SecondHalf,Paraguay,1,0,0,0,0,0,0,0,0,0 days 01:04:39
1953865,SecondHalf,USA,0,0,0,0,0,0,1,0,0,0 days 01:05:10
1953865,SecondHalf,Paraguay,0,0,0,0,0,0,0,0,0,0 days 01:05:14
1953865,SecondHalf,USA,0,0,0,0,0,0,0,0,0,0 days 01:05:14
1953865,SecondHalf,Paraguay,0,0,0,0,0,0,1,0,0,0 days 01:05:14
1953865,SecondHalf,USA,0,0,0,0,0,0,1,0,0,0 days 01:05:18
1953865,SecondHalf,USA,0,0,0,0,0,0,1,0,0,0 days 01:05:23
1953865,SecondHalf,Paraguay,0,0,0,0,0,0,1,0,0,0 days 01:05:28
1953865,SecondHalf,USA,0,0,0,0,0,0,1,0,0,0 days 01:05:29
1953865,SecondHalf,USA,0,0,0,0,0,0,0,0,0,0 days 01:05:31
1953865,SecondHalf,USA,0,0,0,0,0,0,1,0,0,0 days 01:05:31
1953865,SecondHalf,Paraguay,0,0,0,0,0,0,0,0,0,0 days 01:05:31
1953865,SecondHalf,USA,0,0,0,0,0,0,1,0,0,0 days 01:05:32
1953865,SecondHalf,USA,0,0,0,0,0,0,1,0,0,0 days 01:05:33
1953865,SecondHalf,USA,0,0,0,0,0,0,1,0,0,0 days 01:05:35
1953865,SecondHalf,USA,0,0,0,0,0,0,1,0,0,0 days 01:05:40
1953865,SecondHalf,USA,0,0,0,0,0,0,1,0,0,0 days 01:05:42
1953865,SecondHalf,USA,0,0,0,0,0,0,1,0,0,0 days 01:05:44
1953865,SecondHalf,USA,0,0,0,0,0,0,1,0,0,0 days 01:05:46
1953865,SecondHalf,USA,0,0,0,0,0,0,1,0,0,0 days 01:05:48
1953865,SecondHalf,USA,0,0,0,0,0,0,1,0,0,0 days 01:05:51
1953865,SecondHalf,USA,0,0,0,0,0,0,1,0,0,0 days 01:05:55
1953865,SecondHalf,USA,0,0,0,0,0,0,1,0,0,0 days 01:05:56
1953865,SecondHalf,USA,0,0,0,0,0,0,1,0,0,0 days 01:05:59
1953865,SecondHalf,USA,0,0,0,0,0,0,1,0,0,0 days 01:06:01
1953865,SecondHalf,USA,0,0,0,0,0,0,1,0,0,0 days 01:06:02
1953865,SecondHalf,USA,0,0,0,0,0,0,1,0,0,0 days 01:06:05
1953865,SecondHalf,USA,0,0,0,0,0,0,1,0,0,0 days 01:06:06
1953865,SecondHalf,USA,0,0,0,0,0,0,1,0,0,0 days 01:06:10
1953865,SecondHalf,USA,0,0,0,0,0,0,1,0,0,0 days 01:06:11
1953865,SecondHalf,USA,0,0,0,0,0,0,1,0,0,0 days 01:06:14
1953865,SecondHalf,USA,0,0,0,0,0,0,1,0,0,0 days 01:06:17
1953865,SecondHalf,Paraguay,0,0,0,0,0,0,1,0,0,0 days 01:06:20
1953865,SecondHalf,Paraguay,0,1,0,0,0,0,0,0,0,0 days 01:06:22
1953865,SecondHalf,Paraguay,0,0,0,0,0,0,1,0,0,0 days 01:06:24
1953865,SecondHalf,Paraguay,0,0,0,0,0,0,1,0,0,0 days 01:06:26
1953865,SecondHalf,USA,0,0,0,0,0,1,0,0,0,0 days 01:06:27
1953865,SecondHalf,USA,0,0,0,0,0,0,1,0,0,0 days 01:06:29
1953865,SecondHalf,USA,0,1,0,0,0,0,0,0,0,0 days 01:06:30
1953865,SecondHalf,USA,0,0,0,0,0,0,1,0,0,0 days 01:06:31
1953865,SecondHalf,USA,0,0,0,0,0,0,1,0,0,0 days 01:06:35
1953865,SecondHalf,USA,0,0,0,0,0,0,1,0,0,0 days 01:06:36
1953865,SecondHalf,USA,0,0,0,0,0,0,1,0,0,0 days 01:06:37
1953865,SecondHalf,USA,0,0,0,0,0,0,1,0,0,0 days 01:06:44
1953865,SecondHalf,USA,0,0,0,0,0,0,1,0,0,0 days 01:06:45
1953865,SecondHalf,USA,0,0,0,0,0,0,1,0,0,0 days 01:06:50
1953865,SecondHalf,USA,0,0,0,0,0,0,1,0,0,0 days 01:06:51
1953865,SecondHalf,Paraguay,0,0,0,0,0,0,0,0,0,0 days 01:06:51
1953865,SecondHalf,Paraguay,0,0,0,0,0,0,1,0,0,0 days 01:06:55
1953865,SecondHalf,Paraguay,0,0,0,0,0,0,1,0,0,0 days 01:06:56
1953865,SecondHalf,Paraguay,0,1,0,0,0,0,0,0,0,0 days 01:06:56
1953865,SecondHalf,Paraguay,0,0,0,0,0,0,1,0,0,0 days 01:06:58
1953866,SecondHalf,USA,0,0,0,0,0,0,1,0,0,0 days 00:57:00
1953866,SecondHalf,USA,0,0,0,0,0,0,1,0,0,0 days 00:57:03
1953866,SecondHalf,USA,0,0,0,0,0,0,1,0,0,0 days 00:57:07
1953866,SecondHalf,USA,0,0,0,0,0,0,1,0,0,0 days 00:57:09
1953866,SecondHalf,USA,0,0,0,0,0,0,1,0,0,0 days 00:57:15
1953866,SecondHalf,USA,0,0,0,0,0,0,1,0,0,0 days 00:57:17
1953866,SecondHalf,USA,0,0,0,0,0,0,1,0,0,0 days 00:57:19
1953866,SecondHalf,Australia,0,0,0,0,0,0,0,0,0,0 days 00:57:22
1953866,SecondHalf,Australia,0,0,0,0,0,0,1,0,0,0 days 00:57:32
1953866,SecondHalf,Australia,0,0,0,0,0,0,1,0,0,0 days 00:57:35
1953866,SecondHalf,Australia,0,0,0,1,0,0,0,0,0,0 days 00:57:39
1953866,SecondHalf,USA,0,0,0,0,0,0,0,1,0,0 days 00:57:39
1953866,SecondHalf,Australia,0,0,0,0,0,0,1,0,0,0 days 00:57:44
1953866,SecondHalf,Australia,0,0,0,0,0,0,1,0,0,0 days 00:57:46
1953866,SecondHalf,Australia,0,0,0,0,0,0,1,0,0,0 days 00:57:53
1953866,SecondHalf,Australia,0,0,0,0,0,0,1,0,0,0 days 00:57:55
1953866,SecondHalf,Australia,0,0,0,0,0,0,1,0,0,0 days 00:57:58
1953866,SecondHalf,Australia,0,0,0,0,0,0,1,0,0,0 days 00:58:01
1953866,SecondHalf,USA,0,0,0,0,0,0,0,0,0,0 days 00:58:03
1953866,SecondHalf,Australia,0,0,0,0,0,0,0,0,1,0 days 00:58:03
1953866,SecondHalf,Australia,0,0,0,1,0,0,0,0,0,0 days 00:58:04
1953866,SecondHalf,USA,0,0,0,0,0,0,0,1,0,0 days 00:58:04
1953866,SecondHalf,Australia,0,0,0,0,0,0,0,0,0,0 days 00:58:05
1953866,SecondHalf,Australia,0,0,0,0,0,0,1,0,0,0 days 00:58:07
1953866,SecondHalf,USA,0,0,0,0,0,0,0,0,0,0 days 00:58:08
1953866,SecondHalf,Australia,0,0,0,0,0,0,0,0,0,0 days 00:58:08
1953866,SecondHalf,Australia,0,0,0,0,0,0,0,0,0,0 days 00:58:08
1953866,SecondHalf,Australia,0,0,0,0,0,0,0,0,0,0 days 01:00:33
1953866,SecondHalf,Australia,0,0,0,0,0,0,0,0,0,0 days 01:00:33
1953866,SecondHalf,USA,0,0,0,0,0,0,1,0,0,0 days 01:00:53
1953866,SecondHalf,Australia,0,0,0,0,0,0,1,0,0,0 days 01:01:07
1953866,SecondHalf,Australia,0,0,0,0,0,0,1,0,0,0 days 01:01:10
1953866,SecondHalf,Australia,0,0,0,0,0,0,1,0,0,0 days 01:01:11
1953866,SecondHalf,USA,0,0,0,0,0,1,0,0,0,0 days 01:01:12
1953866,SecondHalf,USA,0,1,0,0,0,0,0,0,0,0 days 01:01:14
1953866,SecondHalf,USA,0,0,0,0,0,0,1,0,0,0 days 01:01:15
1953866,SecondHalf,USA,0,0,0,0,0,0,1,0,0,0 days 01:01:16
1953866,SecondHalf,USA,0,0,0,0,0,0,0,0,0,0 days 01:01:18
1953866,SecondHalf,Australia,0,0,0,0,0,0,0,0,0,0 days 01:01:19
1953866,SecondHalf,Australia,0,1,0,0,0,0,0,0,0,0 days 01:01:20
1953866,SecondHalf,Australia,0,0,0,0,0,0,1,0,0,0 days 01:01:20
1953866,SecondHalf,Australia,0,0,0,0,0,0,1,0,0,0 days 01:01:21
1953866,SecondHalf,Australia,0,0,0,0,0,0,1,0,0,0 days 01:01:22
1953866,SecondHalf,USA,0,0,0,0,0,0,0,1,0,0 days 01:01:30
1953866,SecondHalf,Australia,0,0,0,1,0,0,0,0,0,0 days 01:01:30
1953866,SecondHalf,Australia,0,0,0,0,0,0,1,0,0,0 days 01:01:30
1953866,SecondHalf,Australia,1,0,0,0,0,0,0,0,0,0 days 01:01:32
1953866,SecondHalf,USA,0,0,0,0,0,0,1,0,0,0 days 01:02:21
1953866,SecondHalf,USA,0,0,0,0,0,0,1,0,0,0 days 01:02:25
1953866,SecondHalf,USA,0,0,0,0,0,0,0,0,0,0 days 01:02:26
1953866,SecondHalf,Australia,0,0,0,0,0,0,1,0,0,0 days 01:02:29
1953866,SecondHalf,Australia,0,1,0,0,0,0,0,0,0,0 days 01:02:30
1953866,SecondHalf,Australia,0,0,0,0,0,0,1,0,0,0 days 01:02:30
1953866,SecondHalf,Australia,0,0,0,0,0,0,1,0,0,0 days 01:02:31
1953866,SecondHalf,USA,0,0,0,0,0,0,0,1,0,0 days 01:02:32
1953866,SecondHalf,Australia,0,0,0,0,0,0,0,0,1,0 days 01:02:32
1953866,SecondHalf,Australia,0,0,0,0,0,0,1,0,0,0 days 01:02:43
1953866,SecondHalf,USA,0,0,1,0,0,0,0,0,0,0 days 01:02:46
1953866,SecondHalf,USA,0,0,0,0,0,0,0,0,0,0 days 01:02:48
1953866,SecondHalf,Australia,0,0,0,0,0,0,0,0,0,0 days 01:02:48
1953866,SecondHalf,Australia,0,0,1,0,0,0,0,0,0,0 days 01:02:49
1953866,SecondHalf,USA,0,0,0,0,0,0,1,0,0,0 days 01:03:01
1953866,SecondHalf,USA,0,0,0,0,0,0,1,0,0,0 days 01:03:03
1953866,SecondHalf,USA,0,0,0,0,0,0,1,0,0,0 days 01:03:08
1953866,SecondHalf,USA,0,0,0,0,0,0,1,0,0,0 days 01:03:09
1953866,SecondHalf,Australia,0,0,0,0,0,0,0,0,0,0 days 01:03:10
1953866,SecondHalf,USA,0,0,0,0,0,0,1,0,0,0 days 01:03:10
1953866,SecondHalf,USA,0,0,0,0,0,0,1,0,0,0 days 01:03:13
1953866,SecondHalf,Australia,0,0,0,0,0,0,0,0,0,0 days 01:03:17
1953866,SecondHalf,USA,0,0,0,0,0,0,0,0,0,0 days 01:03:18
1953866,SecondHalf,Australia,0,0,0,0,0,0,1,0,0,0 days 01:03:19
1953866,SecondHalf,Australia,0,0,0,0,0,0,1,0,0,0 days 01:03:20
1953866,SecondHalf,Australia,0,1,0,0,0,0,0,0,0,0 days 01:03:21
1953866,SecondHalf,Australia,0,0,0,0,0,0,1,0,0,0 days 01:03:22
1953866,SecondHalf,Australia,0,0,0,0,0,0,1,0,0,0 days 01:03:23
1953866,SecondHalf,Australia,0,0,0,0,0,0,1,0,0,0 days 01:03:27
1953866,SecondHalf,Australia,0,0,0,0,0,0,1,0,0,0 days 01:03:30
1953866,SecondHalf,Australia,0,0,0,0,0,0,1,0,0,0 days 01:03:32
1953866,SecondHalf,Australia,0,0,0,0,0,0,1,0,0,0 days 01:03:34
1953866,SecondHalf,Australia,0,0,0,0,0,0,1,0,0,0 days 01:03:40
1953866,SecondHalf,Australia,0,0,0,0,0,0,1,0,0,0 days 01:03:46
1953866,SecondHalf,Australia,0,0,0,0,0,0,1,0,0,0 days 01:03:49
1953866,SecondHalf,Australia,0,0,0,0,0,0,1,0,0,0 days 01:03:50
1953866,SecondHalf,Australia,0,0,0,0,0,0,1,0,0,0 days 01:03:52
1953866,SecondHalf,Australia,0,0,0,0,0,0,1,0,0,0 days 01:03:53
1953866,SecondHalf,Australia,0,0,0,0,0,0,1,0,0,0 days 01:03:55
1953866,SecondHalf,Australia,0,0,0,0,0,0,1,0,0,0 days 01:03:57
1953866,SecondHalf,Australia,0,0,0,0,0,0,1,0,0,0 days 01:03:59
1953866,SecondHalf,Australia,0,0,0,0,0,0,1,0,0,0 days 01:04:03
1953866,SecondHalf,Australia,0,0,0,0,0,0,1,0,0,0 days 01:04:05
1953866,SecondHalf,USA,0,0,0,0,0,0,0,0,0,0 days 01:04:23
1953866,SecondHalf,USA,0,0,0,0,0,0,1,0,0,0 days 01:04:25
1953866,SecondHalf,USA,0,0,0,0,0,0,1,0,0,0 days 01:04:28
1953866,SecondHalf,Australia,0,0,0,0,0,0,0,0,0,0 days 01:04:28
1953866,SecondHalf,USA,0,0,0,0,0,0,1,0,0,0 days 01:04:32
1953866,SecondHalf,USA,0,0,1,0,0,0,0,0,0,0 days 01:04:33
1953866,SecondHalf,USA,0,0,0,0,0,0,1,0,0,0 days 01:04:34
1953866,SecondHalf,USA,0,0,0,0,0,0,0,0,0,0 days 01:04:35
1953866,SecondHalf,Australia,0,0,0,0,0,0,1,0,0,0 days 01:04:37
1953866,SecondHalf,Australia,0,0,0,0,0,0,1,0,0,0 days 01:04:38
1953866,SecondHalf,Australia,0,1,0,0,0,0,0,0,0,0 days 01:04:39
1953866,SecondHalf,Australia,0,0,0,0,0,0,1,0,0,0 days 01:04:40
1953866,SecondHalf,USA,0,0,0,0,0,0,0,0,0,0 days 01:04:41
1953866,SecondHalf,Australia,1,0,0,0,0,0,0,0,0,0 days 01:04:41
1953866,SecondHalf,USA,0,0,0,0,0,0,0,0,0,0 days 01:04:42
1953866,SecondHalf,USA,0,0,0,0,0,0,1,0,0,0 days 01:04:52
1953866,SecondHalf,Australia,0,1,0,0,0,0,0,0,0,0 days 01:04:58
1953866,SecondHalf,Australia,0,0,0,0,0,0,1,0,0,0 days 01:04:59
1953866,SecondHalf,Australia,0,0,0,0,0,0,1,0,0,0 days 01:05:00
1953866,SecondHalf,USA,0,0,0,0,0,0,0,0,0,0 days 01:05:00
1953866,SecondHalf,USA,0,1,0,0,0,0,0,0,0,0 days 01:05:02
1953866,SecondHalf,USA,0,0,0,1,0,0,0,0,0,0 days 01:05:04
1953866,SecondHalf,Australia,0,0,0,0,0,0,0,1,0,0 days 01:05:04
1953866,SecondHalf,Australia,0,0,0,0,0,0,1,0,0,0 days 01:05:05
1953866,SecondHalf,Australia,0,1,0,0,0,0,0,0,0,0 days 01:05:06
1953866,SecondHalf,Australia,0,0,0,0,0,0,1,0,0,0 days 01:05:07
1953866,SecondHalf,Australia,0,0,0,0,0,0,1,0,0,0 days 01:05:09
1953866,SecondHalf,Australia,0,0,0,0,0,0,1,0,0,0 days 01:05:11
1953866,SecondHalf,USA,0,0,0,0,0,0,0,0,0,0 days 01:05:13
1953866,SecondHalf,USA,0,0,0,0,0,0,1,0,0,0 days 01:05:14
1953866,SecondHalf,USA,0,1,0,0,0,0,0,0,0,0 days 01:05:15
1953866,SecondHalf,USA,0,0,0,0,0,0,1,0,0,0 days 01:05:16
1953866,SecondHalf,USA,0,0,0,0,0,0,1,0,0,0 days 01:05:22
1953866,SecondHalf,USA,0,0,0,0,0,0,0,0,0,0 days 01:05:27
1953866,SecondHalf,Australia,0,0,1,0,0,0,0,0,0,0 days 01:05:31
1953866,SecondHalf,USA,0,0,0,0,0,0,1,0,0,0 days 01:05:47
1953866,SecondHalf,USA,0,0,0,0,0,0,1,0,0,0 days 01:05:48
1953866,SecondHalf,USA,0,0,0,0,0,0,1,0,0,0 days 01:05:49
1953866,SecondHalf,USA,0,0,0,0,0,0,0,0,0,0 days 01:05:50
1953866,SecondHalf,Australia,0,0,1,0,0,0,0,0,0,0 days 01:05:51
1953866,SecondHalf,Australia,0,0,0,0,0,0,1,0,0,0 days 01:05:53
1953866,SecondHalf,Australia,0,1,0,0,0,0,0,0,0,0 days 01:05:54
1953866,SecondHalf,Australia,0,0,0,0,0,0,1,0,0,0 days 01:05:55
1953866,SecondHalf,Australia,0,0,0,0,0,0,0,0,1,0 days 01:05:57
1953866,SecondHalf,USA,0,0,0,0,0,0,0,0,0,0 days 01:05:57
1953866,SecondHalf,Australia,0,0,0,0,0,0,0,0,1,0 days 01:05:58
1953866,SecondHalf,USA,0,0,0,0,0,0,0,0,0,0 days 01:05:58
1953866,SecondHalf,USA,0,0,0,0,0,0,0,1,0,0 days 01:05:59
1953866,SecondHalf,Australia,0,0,0,1,0,0,0,0,0,0 days 01:05:59
1953866,SecondHalf,USA,0,1,0,0,0,0,0,0,0,0 days 01:06:01
1953866,SecondHalf,USA,0,0,0,0,0,0,1,0,0,0 days 01:06:01
1953866,SecondHalf,USA,0,0,0,0,0,0,1,0,0,0 days 01:06:02
1953866,SecondHalf,USA,0,0,0,0,0,0,1,0,0,0 days 01:06:06
1953866,SecondHalf,USA,0,0,0,0,0,0,1,0,0,0 days 01:06:10
1953866,SecondHalf,USA,0,0,0,0,0,0,1,0,0,0 days 01:06:14
1953866,SecondHalf,USA,0,0,0,0,0,0,1,0,0,0 days 01:06:15
1953866,SecondHalf,USA,0,0,0,0,0,0,1,0,0,0 days 01:06:18
1953866,SecondHalf,USA,0,0,0,0,0,0,1,0,0,0 days 01:06:20
1953866,SecondHalf,USA,0,0,0,0,0,0,1,0,0,0 days 01:06:23
1953866,SecondHalf,USA,0,0,0,0,0,0,1,0,0,0 days 01:06:26
1953866,SecondHalf,USA,0,0,0,0,0,0,1,0,0,0 days 01:06:29
1953866,SecondHalf,USA,0,0,0,0,0,0,1,0,0,0 days 01:06:31
1953866,SecondHalf,USA,0,0,0,0,0,0,1,0,0,0 days 01:06:34
1953866,SecondHalf,USA,0,0,0,0,0,0,1,0,0,0 days 01:06:37
1953866,SecondHalf,USA,0,0,0,0,0,0,1,0,0,0 days 01:06:40
1953866,SecondHalf,USA,0,0,0,0,0,0,1,0,0,0 days 01:06:42
1953866,SecondHalf,USA,0,0,0,0,0,0,1,0,0,0 days 01:06:46
1953866,SecondHalf,Australia,0,0,0,0,0,0,1,0,0,0 days 01:06:50
1953866,SecondHalf,USA,0,0,0,0,0,0,1,0,0,0 days 01:06:52
1953866,SecondHalf,USA,0,0,0,0,0,0,1,0,0,0 days 01:06:56
1953866,SecondHalf,USA,0,0,0,0,0,0,1,0,0,0 days 01:06:57
1953867,SecondHalf,Australia,0,0,0,0,0,0,0,0,0,0 days 00:57:28
1953867,SecondHalf,Australia,0,0,0,0,0,0,0,0,0,0 days 00:57:28
1953867,SecondHalf,Australia,0,0,0,0,0,0,1,0,0,0 days 00:57:38
1953867,SecondHalf,Australia,0,0,0,0,0,0,0,0,0,0 days 00:57:43
1953867,SecondHalf,Australia,0,0,0,0,0,0,1,0,0,0 days 00:57:43
1953867,SecondHalf,Paraguay,0,0,0,0,0,0,0,0,0,0 days 00:57:43
1953867,SecondHalf,Paraguay,0,0,0,0,0,0,1,0,0,0 days 00:57:45
1953867,SecondHalf,Australia,0,0,0,0,0,0,1,0,0,0 days 00:57:47
1953867,SecondHalf,Australia,0,1,0,0,0,0,0,0,0,0 days 00:57:50
1953867,SecondHalf,Australia,0,0,0,1,0,0,0,0,0,0 days 00:57:50
1953867,SecondHalf,Paraguay,0,0,0,0,0,0,0,1,0,0 days 00:57:50
1953867,SecondHalf,Paraguay,0,0,0,0,0,0,1,0,0,0 days 00:57:50
1953867,SecondHalf,Paraguay,0,0,0,0,0,0,1,0,0,0 days 00:57:52
1953867,SecondHalf,Australia,0,0,0,0,0,0,1,0,0,0 days 00:57:56
1953867,SecondHalf,Australia,0,0,0,0,0,0,1,0,0,0 days 00:57:57
1953867,SecondHalf,Australia,0,0,0,0,0,0,1,0,0,0 days 00:57:58
1953867,SecondHalf,Australia,0,0,0,0,0,0,1,0,0,0 days 00:58:01
1953867,SecondHalf,Australia,0,0,0,0,0,0,1,0,0,0 days 00:58:06
1953867,SecondHalf,Australia,0,0,0,0,0,0,1,0,0,0 days 00:58:11
1953867,SecondHalf,Australia,0,0,0,0,0,0,1,0,0,0 days 00:58:13
1953867,SecondHalf,Australia,0,0,0,0,0,0,1,0,0,0 days 00:58:15
1953867,SecondHalf,Australia,0,0,0,0,0,0,1,0,0,0 days 00:58:19
1953867,SecondHalf,Paraguay,0,0,0,0,0,0,1,0,0,0 days 00:58:23
1953867,SecondHalf,Australia,0,0,0,0,0,0,1,0,0,0 days 00:58:26
1953867,SecondHalf,Australia,0,0,0,0,0,0,1,0,0,0 days 00:58:28
1953867,SecondHalf,Australia,0,0,0,0,0,0,1,0,0,0 days 00:58:32
1953867,SecondHalf,Australia,0,0,0,0,0,0,1,0,0,0 days 00:58:33
1953867,SecondHalf,Australia,0,0,0,0,0,0,0,0,1,0 days 00:58:37
1953867,SecondHalf,Paraguay,0,0,0,0,0,0,0,0,0,0 days 00:58:37
1953867,SecondHalf,Australia,0,0,0,0,0,0,1,0,0,0 days 00:58:38
1953867,SecondHalf,Australia,0,0,0,0,0,0,1,0,0,0 days 00:58:40
1953867,SecondHalf,Paraguay,0,0,0,0,0,0,0,0,0,0 days 00:58:41
1953867,SecondHalf,Australia,0,0,0,0,0,0,1,0,0,0 days 00:58:42
1953867,SecondHalf,Australia,0,0,0,0,0,0,1,0,0,0 days 00:58:43
1953867,SecondHalf,Paraguay,0,0,0,0,0,0,1,0,0,0 days 00:58:46
1953867,SecondHalf,Australia,0,0,0,0,0,1,0,0,0,0 days 00:58:48
1953867,SecondHalf,Australia,0,0,0,0,0,0,0,0,0,0 days 00:58:51
1953867,SecondHalf,Paraguay,0,0,0,0,0,0,0,0,0,0 days 00:58:51
1953867,SecondHalf,Australia,0,0,0,0,0,0,1,0,0,0 days 00:58:51
1953867,SecondHalf,Australia,1,0,0,0,0,0,0,0,0,0 days 00:58:56
1953867,SecondHalf,Paraguay,0,0,0,0,0,0,1,0,0,0 days 00:59:32
1953867,SecondHalf,Australia,0,1,0,0,0,0,0,0,0,0 days 00:59:39
1953867,SecondHalf,Australia,0,0,0,0,0,0,1,0,0,0 days 00:59:40
1953867,SecondHalf,Australia,0,0,0,0,0,0,1,0,0,0 days 00:59:43
1953867,SecondHalf,Australia,0,0,0,0,0,0,1,0,0,0 days 00:59:45
1953867,SecondHalf,Paraguay,0,0,0,0,0,0,0,0,0,0 days 00:59:47
1953867,SecondHalf,Australia,1,0,0,0,0,0,0,0,0,0 days 00:59:50
1953867,SecondHalf,Paraguay,0,0,0,0,0,0,0,0,0,0 days 00:59:50
1953867,SecondHalf,Australia,0,0,0,0,0,0,1,0,0,0 days 00:59:52
1953867,SecondHalf,Australia,0,0,0,0,0,0,1,0,0,0 days 00:59:54
1953867,SecondHalf,Australia,0,0,0,0,0,0,1,0,0,0 days 00:59:57
1953867,SecondHalf,Australia,0,0,0,0,0,0,1,0,0,0 days 01:00:00
1953867,SecondHalf,Australia,0,0,0,0,0,0,1,0,0,0 days 01:00:01
1953867,SecondHalf,Australia,0,0,0,0,0,0,1,0,0,0 days 01:00:03
1953867,SecondHalf,Australia,0,0,0,0,0,0,1,0,0,0 days 01:00:07
1953867,SecondHalf,Australia,0,0,0,0,0,0,1,0,0,0 days 01:00:08
1953867,SecondHalf,Australia,0,0,0,0,0,0,1,0,0,0 days 01:00:10
1953867,SecondHalf,Australia,0,0,0,0,0,0,1,0,0,0 days 01:00:11
1953867,SecondHalf,Australia,1,0,0,0,0,0,0,0,0,0 days 01:00:13
1953867,SecondHalf,Paraguay,0,0,0,0,0,0,0,0,0,0 days 01:00:13
1953867,SecondHalf,Paraguay,0,0,0,0,0,0,0,0,0,0 days 01:00:16
1953867,SecondHalf,Paraguay,0,0,0,0,0,0,1,0,0,0 days 01:00:32
1953867,SecondHalf,Australia,0,0,0,0,0,0,1,0,0,0 days 01:00:35
1953867,SecondHalf,Australia,0,0,0,0,0,0,1,0,0,0 days 01:00:37
1953867,SecondHalf,Australia,0,0,0,0,0,0,0,0,0,0 days 01:00:39
1953867,SecondHalf,Paraguay,0,0,0,0,0,0,0,0,1,0 days 01:00:39
1953867,SecondHalf,Australia,0,0,0,0,0,0,0,1,0,0 days 01:00:40
1953867,SecondHalf,Paraguay,0,0,0,1,0,0,0,0,0,0 days 01:00:40
1953867,SecondHalf,Paraguay,0,0,0,0,0,0,1,0,0,0 days 01:00:43
1953867,SecondHalf,Paraguay,0,0,0,0,0,0,1,0,0,0 days 01:00:44
1953867,SecondHalf,Paraguay,0,0,0,0,0,0,0,0,1,0 days 01:00:47
1953867,SecondHalf,Paraguay,0,0,0,0,0,0,0,0,0,0 days 01:00:51
1953867,SecondHalf,Australia,0,1,0,0,0,0,0,0,0,0 days 01:00:53
1953867,SecondHalf,Australia,0,0,0,0,0,0,1,0,0,0 days 01:00:54
1953867,SecondHalf,Australia,0,0,0,0,1,0,0,0,0,0 days 01:00:58
1953867,SecondHalf,Paraguay,0,0,0,0,1,0,0,0,0,0 days 01:00:58
1953867,SecondHalf,Paraguay,0,0,0,0,0,0,1,0,0,0 days 01:01:56
1953867,SecondHalf,Australia,0,0,0,0,0,0,0,0,0,0 days 01:01:58
1953867,SecondHalf,Paraguay,0,0,0,0,0,0,0,0,0,0 days 01:01:58
1953867,SecondHalf,Paraguay,0,0,0,0,0,0,1,0,0,0 days 01:01:59
1953867,SecondHalf,Australia,0,0,0,0,0,0,1,0,0,0 days 01:02:00
1953867,SecondHalf,Paraguay,0,0,0,0,1,0,0,0,0,0 days 01:02:04
1953867,SecondHalf,Australia,0,0,0,0,1,0,0,0,0,0 days 01:02:04
1953867,SecondHalf,Australia,0,0,0,0,0,0,1,0,0,0 days 01:02:20
1953867,SecondHalf,Australia,0,0,0,0,0,0,1,0,0,0 days 01:02:23
1953867,SecondHalf,Australia,0,0,0,0,0,0,1,0,0,0 days 01:02:27
1953867,SecondHalf,Australia,0,0,0,0,0,0,1,0,0,0 days 01:02:29
1953867,SecondHalf,Australia,0,0,0,0,0,0,1,0,0,0 days 01:02:35
1953867,SecondHalf,Paraguay,0,0,0,0,0,1,0,0,0,0 days 01:02:38
1953867,SecondHalf,Paraguay,0,1,0,0,0,0,0,0,0,0 days 01:02:39
1953867,SecondHalf,Paraguay,0,0,0,0,0,0,1,0,0,0 days 01:02:39
1953867,SecondHalf,Paraguay,0,0,0,0,0,0,1,0,0,0 days 01:02:42
1953867,SecondHalf,Australia,0,0,0,0,0,0,0,0,0,0 days 01:02:42
1953867,SecondHalf,Australia,0,0,0,0,0,0,0,0,0,0 days 01:02:45
1953867,SecondHalf,Paraguay,0,0,0,0,0,0,1,0,0,0 days 01:03:01
1953867,SecondHalf,Australia,0,0,0,0,0,0,1,0,0,0 days 01:03:02
1953867,SecondHalf,Australia,0,0,0,0,0,0,1,0,0,0 days 01:03:03
1953867,SecondHalf,Australia,0,0,0,0,0,0,0,0,0,0 days 01:03:03
1953867,SecondHalf,Paraguay,0,0,0,0,0,0,0,0,0,0 days 01:03:05
1953867,SecondHalf,Australia,0,0,0,0,0,0,0,0,1,0 days 01:03:07
1953867,SecondHalf,Paraguay,0,0,0,0,0,0,0,1,0,0 days 01:03:07
1953867,SecondHalf,Australia,0,0,0,0,0,0,1,0,0,0 days 01:03:15
1953867,SecondHalf,Australia,0,0,0,0,0,0,1,0,0,0 days 01:03:17
1953867,SecondHalf,Australia,0,0,0,0,0,0,1,0,0,0 days 01:03:18
1953867,SecondHalf,Australia,0,0,0,0,0,0,1,0,0,0 days 01:03:21
1953867,SecondHalf,Australia,0,0,0,0,0,0,1,0,0,0 days 01:03:22
1953867,SecondHalf,Australia,0,0,0,0,0,0,1,0,0,0 days 01:03:23
1953867,SecondHalf,Australia,0,0,0,0,0,0,1,0,0,0 days 01:03:27
1953867,SecondHalf,Australia,0,0,0,0,0,0,1,0,0,0 days 01:03:31
1953867,SecondHalf,Australia,0,0,0,0,0,0,1,0,0,0 days 01:03:34
1953867,SecondHalf,Australia,0,0,0,0,0,0,1,0,0,0 days 01:03:37
1953867,SecondHalf,Paraguay,0,0,0,0,0,0,0,1,0,0 days 01:03:44
1953867,SecondHalf,Australia,0,0,0,0,0,0,0,0,1,0 days 01:03:44
1953867,SecondHalf,Paraguay,0,0,0,0,0,0,0,0,0,0 days 01:03:44
1953867,SecondHalf,Australia,0,0,0,0,0,0,0,0,0,0 days 01:03:51
1953867,SecondHalf,Paraguay,0,0,0,0,0,0,1,0,0,0 days 01:04:21
1953867,SecondHalf,Australia,0,0,0,0,0,0,0,0,0,0 days 01:04:22
1953867,SecondHalf,Paraguay,0,0,0,0,0,0,0,0,0,0 days 01:04:22
1953867,SecondHalf,Paraguay,0,0,0,0,0,0,0,0,0,0 days 01:04:23
1953867,SecondHalf,Australia,0,0,0,0,0,0,1,0,0,0 days 01:04:23
1953867,SecondHalf,Australia,0,0,0,0,0,0,0,0,0,0 days 01:04:23
1953867,SecondHalf,Australia,0,0,0,0,0,0,1,0,0,0 days 01:04:25
1953867,SecondHalf,Paraguay,0,0,0,0,0,0,1,0,0,0 days 01:04:29
1953867,SecondHalf,Paraguay,0,0,0,0,0,0,1,0,0,0 days 01:04:31
1953867,SecondHalf,Australia,0,0,0,0,0,0,0,0,0,0 days 01:04:33
1953867,SecondHalf,Paraguay,0,0,0,0,0,0,0,0,0,0 days 01:04:33
1953867,SecondHalf,Paraguay,0,0,0,0,0,0,1,0,0,0 days 01:04:33
1953867,SecondHalf,Paraguay,0,0,0,1,0,0,0,0,0,0 days 01:04:36
1953867,SecondHalf,Australia,0,0,0,0,0,0,0,1,0,0 days 01:04:36
1953867,SecondHalf,Australia,0,1,0,0,0,0,0,0,0,0 days 01:04:38
1953867,SecondHalf,Australia,0,0,0,0,0,0,1,0,0,0 days 01:04:38
1953867,SecondHalf,Australia,0,0,0,0,0,0,0,0,1,0 days 01:04:38
1953867,SecondHalf,Paraguay,0,0,0,0,0,0,0,0,0,0 days 01:04:38
1953867,SecondHalf,Australia,0,0,0,0,0,0,0,0,0,0 days 01:04:43
1953867,SecondHalf,Paraguay,0,1,0,0,0,0,0,0,0,0 days 01:04:46
1953867,SecondHalf,Paraguay,0,0,0,0,0,0,1,0,0,0 days 01:04:48
1953867,SecondHalf,Paraguay,0,0,0,0,0,0,1,0,0,0 days 01:04:49
1953867,SecondHalf,Paraguay,0,0,0,0,0,0,1,0,0,0 days 01:04:54
1953867,SecondHalf,Paraguay,0,0,0,0,0,0,1,0,0,0 days 01:04:57
1953867,SecondHalf,Paraguay,0,0,0,0,0,0,1,0,0,0 days 01:05:03
1953867,SecondHalf,Paraguay,0,0,0,0,0,0,1,0,0,0 days 01:05:09
1953867,SecondHalf,Paraguay,0,0,0,0,0,0,1,0,0,0 days 01:05:12
1953867,SecondHalf,Paraguay,0,0,0,0,0,0,1,0,0,0 days 01:05:15
1953867,SecondHalf,Paraguay,0,0,0,0,0,0,1,0,0,0 days 01:05:23
1953867,SecondHalf,Paraguay,0,0,0,0,0,0,1,0,0,0 days 01:05:29
1953867,SecondHalf,Paraguay,0,0,0,0,0,0,1,0,0,0 days 01:05:36
1953867,SecondHalf,Paraguay,0,0,0,0,0,0,1,0,0,0 days 01:05:39
1953867,SecondHalf,Paraguay,0,0,0,0,0,0,1,0,0,0 days 01:05:44
1953867,SecondHalf,Paraguay,0,0,0,0,0,0,1,0,0,0 days 01:05:48
1953867,SecondHalf,Paraguay,0,0,0,0,0,0,1,0,0,0 days 01:05:51
1953867,SecondHalf,Paraguay,0,0,0,0,0,0,1,0,0,0 days 01:05:54
1953867,SecondHalf,Paraguay,0,0,0,0,0,0,1,0,0,0 days 01:05:57
1953867,SecondHalf,Paraguay,0,0,0,0,0,0,1,0,0,0 days 01:05:59
1953867,SecondHalf,Paraguay,0,0,0,0,0,0,1,0,0,0 days 01:06:02
1953867,SecondHalf,Paraguay,0,0,0,0,0,0,1,0,0,0 days 01:06:04
1953867,SecondHalf,Paraguay,0,0,0,0,0,0,1,0,0,0 days 01:06:11
1953867,SecondHalf,Paraguay,0,0,0,0,0,0,1,0,0,0 days 01:06:14
1953867,SecondHalf,Australia,0,1,0,0,0,0,0,0,0,0 days 01:06:15
1953867,SecondHalf,Australia,0,0,0,0,0,0,1,0,0,0 days 01:06:16
1953867,SecondHalf,Australia,0,0,0,0,0,0,1,0,0,0 days 01:06:17
1953867,SecondHalf,Australia,0,0,0,0,0,0,1,0,0,0 days 01:06:19
1953867,SecondHalf,Australia,0,0,0,0,0,0,1,0,0,0 days 01:06:20
1953867,SecondHalf,Australia,0,0,0,0,0,0,1,0,0,0 days 01:06:23
1953867,SecondHalf,Australia,0,0,0,0,0,0,1,0,0,0 days 01:06:28
1953867,SecondHalf,Australia,0,0,0,0,0,0,0,0,1,0 days 01:06:29
1953867,SecondHalf,Paraguay,0,0,0,0,0,0,0,0,0,0 days 01:06:29
1953867,SecondHalf,Australia,0,0,0,0,0,0,0,0,1,0 days 01:06:30
1953867,SecondHalf,Paraguay,0,0,0,0,0,0,0,1,0,0 days 01:06:30
1953867,SecondHalf,Paraguay,0,0,0,0,0,0,0,0,0,0 days 01:06:54
1953867,SecondHalf,Paraguay,0,0,0,0,0,0,0,0,0,0 days 01:06:54
1953868,SecondHalf,Germany,0,0,0,0,0,0,0,0,0,0 days 00:57:01
1953868,SecondHalf,Germany,0,1,0,0,0,0,0,0,0,0 days 00:57:03
1953868,SecondHalf,Curacao,0,0,0,0,0,0,0,0,0,0 days 00:57:04
1953868,SecondHalf,Germany,0,0,0,0,0,0,1,0,0,0 days 00:57:04
1953868,SecondHalf,Germany,0,0,0,0,0,0,1,0,0,0 days 00:57:13
1953868,SecondHalf,Germany,0,0,0,0,0,0,1,0,0,0 days 00:57:20
1953868,SecondHalf,Germany,0,0,0,0,0,0,1,0,0,0 days 00:57:21
1953868,SecondHalf,Germany,0,0,0,0,0,0,1,0,0,0 days 00:57:27
1953868,SecondHalf,Germany,0,0,0,0,0,0,1,0,0,0 days 00:57:29
1953868,SecondHalf,Germany,0,0,0,0,0,0,1,0,0,0 days 00:57:31
1953868,SecondHalf,Curacao,0,1,0,0,0,0,0,0,0,0 days 00:57:35
1953868,SecondHalf,Curacao,0,0,0,0,0,0,1,0,0,0 days 00:57:35
1953868,SecondHalf,Curacao,0,0,0,0,0,0,1,0,0,0 days 00:57:37
1953868,SecondHalf,Germany,0,0,0,0,0,0,1,0,0,0 days 00:57:41
1953868,SecondHalf,Germany,0,1,0,0,0,0,0,0,0,0 days 00:57:42
1953868,SecondHalf,Germany,0,0,0,0,0,0,1,0,0,0 days 00:57:44
1953868,SecondHalf,Germany,0,0,0,0,0,0,1,0,0,0 days 00:57:46
1953868,SecondHalf,Germany,0,0,0,0,0,0,1,0,0,0 days 00:57:50
1953868,SecondHalf,Germany,0,0,0,0,0,0,1,0,0,0 days 00:57:50
1953868,SecondHalf,Curacao,0,1,0,0,0,0,0,0,0,0 days 00:57:52
1953868,SecondHalf,Curacao,0,0,0,0,0,0,1,0,0,0 days 00:57:52
1953868,SecondHalf,Curacao,0,0,0,0,0,0,1,0,0,0 days 00:57:53
1953868,SecondHalf,Germany,0,0,0,0,0,0,0,0,0,0 days 00:57:55
1953868,SecondHalf,Curacao,0,0,0,0,0,0,1,0,0,0 days 00:57:57
1953868,SecondHalf,Curacao,0,0,0,0,0,0,1,0,0,0 days 00:58:02
1953868,SecondHalf,Curacao,0,0,0,0,0,0,1,0,0,0 days 00:58:04
1953868,SecondHalf,Curacao,0,0,0,0,0,0,1,0,0,0 days 00:58:09
1953868,SecondHalf,Germany,0,0,0,0,0,0,1,0,0,0 days 00:58:10
1953868,SecondHalf,Germany,0,1,0,0,0,0,0,0,0,0 days 00:58:11
1953868,SecondHalf,Germany,0,0,0,0,0,0,1,0,0,0 days 00:58:11
1953868,SecondHalf,Germany,0,0,0,0,0,0,1,0,0,0 days 00:58:14
1953868,SecondHalf,Germany,0,0,0,0,0,0,1,0,0,0 days 00:58:21
1953868,SecondHalf,Germany,0,0,0,0,0,0,1,0,0,0 days 00:58:26
1953868,SecondHalf,Germany,0,0,0,0,0,0,1,0,0,0 days 00:58:29
1953868,SecondHalf,Germany,0,0,0,0,0,0,1,0,0,0 days 00:58:30
1953868,SecondHalf,Germany,0,0,0,0,0,0,1,0,0,0 days 00:58:32
1953868,SecondHalf,Germany,0,0,0,0,0,0,1,0,0,0 days 00:58:35
1953868,SecondHalf,Germany,0,0,0,0,0,0,1,0,0,0 days 00:58:39
1953868,SecondHalf,Germany,0,0,0,0,0,0,1,0,0,0 days 00:58:40
1953868,SecondHalf,Germany,0,0,0,0,0,0,1,0,0,0 days 00:58:42
1953868,SecondHalf,Germany,0,0,0,0,0,0,1,0,0,0 days 00:58:43
1953868,SecondHalf,Curacao,0,1,0,0,0,0,0,0,0,0 days 00:58:45
1953868,SecondHalf,Curacao,0,0,0,0,0,0,0,0,0,0 days 00:58:47
1953868,SecondHalf,Germany,0,0,0,0,0,0,1,0,0,0 days 00:58:52
1953868,SecondHalf,Germany,0,0,0,0,0,0,1,0,0,0 days 00:59:01
1953868,SecondHalf,Germany,0,0,0,0,0,0,1,0,0,0 days 00:59:05
1953868,SecondHalf,Germany,0,0,0,0,0,0,1,0,0,0 days 00:59:08
1953868,SecondHalf,Germany,0,0,0,0,0,0,1,0,0,0 days 00:59:10
1953868,SecondHalf,Germany,0,0,0,0,0,0,1,0,0,0 days 00:59:12
1953868,SecondHalf,Germany,0,0,0,0,0,0,1,0,0,0 days 00:59:14
1953868,SecondHalf,Curacao,0,0,0,0,0,0,0,0,0,0 days 00:59:17
1953868,SecondHalf,Curacao,0,0,0,0,0,0,0,0,0,0 days 00:59:17
1953868,SecondHalf,Curacao,0,0,0,0,0,0,1,0,0,0 days 00:59:23
1953868,SecondHalf,Curacao,0,0,0,0,0,0,1,0,0,0 days 00:59:24
1953868,SecondHalf,Curacao,0,0,0,0,1,0,0,0,0,0 days 00:59:28
1953868,SecondHalf,Germany,0,0,0,0,1,0,0,0,0,0 days 00:59:28
1953868,SecondHalf,Curacao,0,0,0,0,0,0,1,0,0,0 days 00:59:32
1953868,SecondHalf,Germany,0,0,0,0,0,1,0,0,0,0 days 00:59:33
1953868,SecondHalf,Curacao,0,0,0,0,0,0,1,0,0,0 days 00:59:55
1953868,SecondHalf,Curacao,0,0,0,0,0,0,1,0,0,0 days 00:59:57
1953868,SecondHalf,Germany,0,0,0,0,0,0,1,0,0,0 days 00:59:58
1953868,SecondHalf,Germany,0,0,0,0,1,0,0,0,0,0 days 01:00:01
1953868,SecondHalf,Curacao,0,0,0,0,1,0,0,0,0,0 days 01:00:01
1953868,SecondHalf,Curacao,0,0,0,0,0,0,1,0,0,0 days 01:00:25
1953868,SecondHalf,Germany,0,0,0,0,0,0,0,0,0,0 days 01:00:27
1953868,SecondHalf,Germany,0,0,1,0,0,0,0,0,0,0 days 01:00:27
1953868,SecondHalf,Curacao,0,0,0,0,0,0,0,0,0,0 days 01:00:27
1953868,SecondHalf,Curacao,0,0,0,1,0,0,0,0,0,0 days 01:00:30
1953868,SecondHalf,Germany,0,0,0,0,0,0,0,1,0,0 days 01:00:30
1953868,SecondHalf,Germany,0,0,0,0,0,0,1,0,0,0 days 01:00:32
1953868,SecondHalf,Germany,0,1,0,0,0,0,0,0,0,0 days 01:00:32
1953868,SecondHalf,Germany,0,0,0,0,0,0,1,0,0,0 days 01:00:33
1953868,SecondHalf,Curacao,0,0,0,0,0,0,1,0,0,0 days 01:00:35
1953868,SecondHalf,Germany,0,0,0,0,0,0,0,0,0,0 days 01:00:35
1953868,SecondHalf,Curacao,0,1,0,0,0,0,0,0,0,0 days 01:00:37
1953868,SecondHalf,Curacao,0,0,0,0,0,0,1,0,0,0 days 01:00:37
1953868,SecondHalf,Curacao,0,0,0,0,0,0,1,0,0,0 days 01:00:38
1953868,SecondHalf,Curacao,0,0,0,0,0,0,0,0,1,0 days 01:00:42
1953868,SecondHalf,Germany,0,0,0,0,1,0,0,0,0,0 days 01:00:43
1953868,SecondHalf,Curacao,0,0,0,0,1,0,0,0,0,0 days 01:00:43
1953868,SecondHalf,Curacao,0,0,0,0,0,0,1,0,0,0 days 01:01:50
1953868,SecondHalf,Curacao,1,0,0,0,0,0,0,0,0,0 days 01:01:52
1953868,SecondHalf,Germany,0,0,0,0,0,0,1,0,0,0 days 01:02:05
1953868,SecondHalf,Germany,0,0,0,0,0,0,1,0,0,0 days 01:02:06
1953868,SecondHalf,Germany,0,0,0,0,0,0,1,0,0,0 days 01:02:17
1953868,SecondHalf,Germany,0,0,0,0,0,0,1,0,0,0 days 01:02:19
1953868,SecondHalf,Germany,0,0,0,0,0,0,1,0,0,0 days 01:02:20
1953868,SecondHalf,Germany,0,0,0,0,0,0,1,0,0,0 days 01:02:23
1953868,SecondHalf,Germany,0,0,0,0,0,0,1,0,0,0 days 01:02:27
1953868,SecondHalf,Germany,0,0,0,0,0,0,1,0,0,0 days 01:02:27
1953868,SecondHalf,Germany,0,0,0,0,0,0,1,0,0,0 days 01:02:30
1953868,SecondHalf,Germany,1,0,0,0,0,0,0,0,0,0 days 01:02:33
1953868,SecondHalf,Curacao,0,0,0,0,0,0,1,0,0,0 days 01:02:58
1953868,SecondHalf,Curacao,0,0,0,0,0,0,1,0,0,0 days 01:02:59
1953868,SecondHalf,Curacao,0,0,0,0,0,0,1,0,0,0 days 01:03:03
1953868,SecondHalf,Curacao,0,0,0,0,0,0,1,0,0,0 days 01:03:05
1953868,SecondHalf,Germany,0,1,0,0,0,0,0,0,0,0 days 01:03:07
1953868,SecondHalf,Germany,0,0,0,0,0,0,1,0,0,0 days 01:03:10
1953868,SecondHalf,Germany,0,0,0,0,0,0,0,0,0,0 days 01:03:17
1953868,SecondHalf,Germany,0,0,0,0,0,0,0,0,0,0 days 01:03:43
1953868,SecondHalf,Germany,0,0,0,0,0,0,0,0,0,0 days 01:03:43
1953868,SecondHalf,Curacao,0,0,0,0,0,0,0,0,0,0 days 01:04:11
1953868,SecondHalf,Curacao,0,0,0,0,0,0,0,0,0,0 days 01:04:11
1953868,SecondHalf,Curacao,0,0,0,0,0,0,1,0,0,0 days 01:04:23
1953868,SecondHalf,Curacao,0,0,0,0,0,0,1,0,0,0 days 01:04:26
1953868,SecondHalf,Curacao,0,0,0,0,0,0,0,0,1,0 days 01:04:28
1953868,SecondHalf,Germany,0,0,0,0,0,0,0,1,0,0 days 01:04:28
1953868,SecondHalf,Curacao,0,0,0,0,0,0,1,0,0,0 days 01:04:31
1953868,SecondHalf,Germany,0,0,0,0,0,0,0,0,0,0 days 01:04:31
1953868,SecondHalf,Germany,0,0,0,0,0,0,0,0,0,0 days 01:04:32
1953868,SecondHalf,Germany,0,0,0,0,0,0,0,0,0,0 days 01:04:33
1953868,SecondHalf,Germany,0,0,0,0,0,0,1,0,0,0 days 01:04:36
1953868,SecondHalf,Curacao,0,1,0,0,0,0,0,0,0,0 days 01:04:39
1953868,SecondHalf,Curacao,0,0,0,0,0,0,1,0,0,0 days 01:04:40
1953868,SecondHalf,Curacao,0,0,0,0,0,0,1,0,0,0 days 01:04:42
1953868,SecondHalf,Curacao,0,0,0,0,0,0,1,0,0,0 days 01:04:46
1953868,SecondHalf,Curacao,0,0,0,0,0,0,1,0,0,0 days 01:04:48
1953868,SecondHalf,Curacao,0,0,0,0,0,0,0,0,0,0 days 01:04:51
1953868,SecondHalf,Germany,0,1,0,0,0,0,0,0,0,0 days 01:04:52
1953868,SecondHalf,Germany,0,0,0,0,0,0,1,0,0,0 days 01:04:52
1953868,SecondHalf,Curacao,0,0,0,0,0,0,0,0,0,0 days 01:04:54
1953868,SecondHalf,Germany,0,0,0,0,0,0,1,0,0,0 days 01:04:54
1953868,SecondHalf,Curacao,0,0,0,0,0,0,0,0,1,0 days 01:04:55
1953868,SecondHalf,Germany,0,0,0,0,0,0,0,0,0,0 days 01:04:55
1953868,SecondHalf,Curacao,0,0,0,0,0,0,1,0,0,0 days 01:04:56
1953868,SecondHalf,Curacao,0,1,0,0,0,0,0,0,0,0 days 01:04:57
1953868,SecondHalf,Curacao,0,0,0,0,0,0,1,0,0,0 days 01:05:00
1953868,SecondHalf,Curacao,0,0,0,0,0,0,1,0,0,0 days 01:05:03
1953868,SecondHalf,Curacao,0,0,0,0,0,0,1,0,0,0 days 01:05:05
1953868,SecondHalf,Curacao,0,0,0,0,0,0,1,0,0,0 days 01:05:08
1953868,SecondHalf,Curacao,0,0,0,0,0,0,1,0,0,0 days 01:05:10
1953868,SecondHalf,Curacao,0,0,0,0,0,0,1,0,0,0 days 01:05:15
1953868,SecondHalf,Germany,0,0,1,0,0,0,0,0,0,0 days 01:05:19
1953868,SecondHalf,Germany,0,1,0,0,0,0,0,0,0,0 days 01:05:20
1953868,SecondHalf,Germany,0,0,0,0,0,0,1,0,0,0 days 01:05:21
1953868,SecondHalf,Germany,0,0,0,0,1,0,0,0,0,0 days 01:05:23
1953868,SecondHalf,Curacao,0,0,0,0,1,0,0,0,0,0 days 01:05:23
1953868,SecondHalf,Curacao,0,0,0,0,0,0,1,0,0,0 days 01:06:02
1953868,SecondHalf,Germany,0,0,1,0,0,0,0,0,0,0 days 01:06:03
1953868,SecondHalf,Curacao,1,0,0,0,0,0,0,0,0,0 days 01:06:04
1953868,SecondHalf,Curacao,0,0,0,0,0,0,0,0,0,0 days 01:06:06
1953868,SecondHalf,Germany,0,0,0,0,0,0,0,0,0,0 days 01:06:06
1953868,SecondHalf,Germany,0,0,0,0,0,0,1,0,0,0 days 01:06:31
1953868,SecondHalf,Germany,0,0,0,0,0,0,1,0,0,0 days 01:06:34
1953868,SecondHalf,Germany,0,0,0,0,0,0,1,0,0,0 days 01:06:37
1953868,SecondHalf,Germany,0,0,0,0,0,0,1,0,0,0 days 01:06:41
1953868,SecondHalf,Germany,0,0,0,0,0,0,1,0,0,0 days 01:06:42
1953868,SecondHalf,Germany,0,0,0,0,0,0,1,0,0,0 days 01:06:45
1953868,SecondHalf,Germany,0,0,0,0,0,0,1,0,0,0 days 01:06:47
1953868,SecondHalf,Curacao,0,0,0,0,0,0,0,0,0,0 days 01:06:51
1953868,SecondHalf,Germany,0,0,0,0,0,0,0,0,0,0 days 01:06:51
1953868,SecondHalf,Curacao,0,0,0,0,0,0,1,0,0,0 days 01:06:52
1953868,SecondHalf,Curacao,0,0,0,0,0,0,1,0,0,0 days 01:06:53
1953868,SecondHalf,Curacao,0,1,0,0,0,0,0,0,0,0 days 01:06:56
1953868,SecondHalf,Curacao,0,0,0,0,0,0,1,0,0,0 days 01:06:56
1953868,SecondHalf,Curacao,0,0,0,0,0,0,1,0,0,0 days 01:06:59
1953868,SecondHalf,Curacao,0,0,0,0,0,0,0,0,0,0 days 01:06:00
1953869,SecondHalf,Ivory Coast,0,0,0,0,0,0,1,0,0,0 days 00:57:02
1953869,SecondHalf,Ivory Coast,0,0,0,0,0,0,1,0,0,0 days 00:57:03
1953869,SecondHalf,Ivory Coast,0,0,0,0,0,0,1,0,0,0 days 00:57:07
1953869,SecondHalf,Ivory Coast,0,0,0,0,0,0,1,0,0,0 days 00:57:10
1953869,SecondHalf,Ivory Coast,0,0,0,0,0,0,1,0,0,0 days 00:57:14
1953869,SecondHalf,Ivory Coast,0,0,0,0,0,0,1,0,0,0 days 00:57:16
1953869,SecondHalf,Ivory Coast,0,0,0,0,0,0,1,0,0,0 days 00:57:19
1953869,SecondHalf,Ivory Coast,0,0,0,0,0,0,1,0,0,0 days 00:57:22
1953869,SecondHalf,Ivory Coast,0,0,0,0,0,0,1,0,0,0 days 00:57:25
1953869,SecondHalf,Ivory Coast,0,0,0,0,0,0,0,0,1,0 days 00:57:30
1953869,SecondHalf,Ivory Coast,0,0,0,0,0,0,0,1,0,0 days 00:57:31
1953869,SecondHalf,Ecuador,0,0,0,0,0,0,0,0,1,0 days 00:57:31
1953869,SecondHalf,Ecuador,0,0,0,0,0,0,0,0,0,0 days 00:57:31
1953869,SecondHalf,Ecuador,0,0,0,0,0,0,0,0,0,0 days 00:57:31
1953869,SecondHalf,Ivory Coast,1,0,0,0,0,0,0,0,0,0 days 00:57:33
1953869,SecondHalf,Ecuador,0,0,0,0,0,0,1,0,0,0 days 00:58:00
1953869,SecondHalf,Ecuador,0,0,0,0,0,0,1,0,0,0 days 00:58:03
1953869,SecondHalf,Ecuador,0,0,0,0,0,0,1,0,0,0 days 00:58:05
1953869,SecondHalf,Ecuador,0,0,0,0,0,0,1,0,0,0 days 00:58:08
1953869,SecondHalf,Ecuador,0,0,0,0,0,0,1,0,0,0 days 00:58:09
1953869,SecondHalf,Ecuador,0,0,0,0,0,0,1,0,0,0 days 00:58:14
1953869,SecondHalf,Ivory Coast,0,0,0,0,0,0,0,0,0,0 days 00:58:17
1953869,SecondHalf,Ivory Coast,0,0,0,0,0,0,1,0,0,0 days 00:58:17
1953869,SecondHalf,Ecuador,0,0,0,0,0,0,0,0,0,0 days 00:58:17
1953869,SecondHalf,Ivory Coast,0,1,0,0,0,0,0,0,0,0 days 00:58:19
1953869,SecondHalf,Ivory Coast,0,0,0,0,0,0,1,0,0,0 days 00:58:19
1953869,SecondHalf,Ivory Coast,0,0,0,0,0,0,1,0,0,0 days 00:58:20
1953869,SecondHalf,Ivory Coast,0,0,0,0,0,0,1,0,0,0 days 00:58:22
1953869,SecondHalf,Ivory Coast,0,0,0,0,0,0,1,0,0,0 days 00:58:25
1953869,SecondHalf,Ivory Coast,0,0,0,0,0,0,1,0,0,0 days 00:58:28
1953869,SecondHalf,Ivory Coast,0,0,0,0,0,0,1,0,0,0 days 00:58:30
1953869,SecondHalf,Ivory Coast,0,0,0,0,0,0,1,0,0,0 days 00:58:32
1953869,SecondHalf,Ivory Coast,0,0,0,0,0,0,1,0,0,0 days 00:58:34
1953869,SecondHalf,Ecuador,0,0,1,0,0,0,0,0,0,0 days 00:58:35
1953869,SecondHalf,Ivory Coast,0,0,0,1,0,0,0,0,0,0 days 00:58:37
1953869,SecondHalf,Ecuador,0,0,0,0,0,0,0,1,0,0 days 00:58:37
1953869,SecondHalf,Ecuador,0,1,0,0,0,0,0,0,0,0 days 00:58:39
1953869,SecondHalf,Ecuador,0,0,0,0,0,0,1,0,0,0 days 00:58:40
1953869,SecondHalf,Ivory Coast,0,1,0,0,0,0,0,0,0,0 days 00:58:43
1953869,SecondHalf,Ivory Coast,0,0,0,0,0,0,1,0,0,0 days 00:58:45
1953869,SecondHalf,Ivory Coast,0,0,0,0,0,0,1,0,0,0 days 00:58:48
1953869,SecondHalf,Ivory Coast,0,0,0,0,0,0,1,0,0,0 days 00:58:51
1953869,SecondHalf,Ivory Coast,0,0,0,0,0,0,1,0,0,0 days 00:58:54
1953869,SecondHalf,Ivory Coast,0,0,0,0,0,0,1,0,0,0 days 00:58:59
1953869,SecondHalf,Ivory Coast,0,0,0,0,0,0,1,0,0,0 days 00:59:00
1953869,SecondHalf,Ivory Coast,0,0,0,0,0,0,1,0,0,0 days 00:59:02
1953869,SecondHalf,Ivory Coast,0,0,0,0,0,0,1,0,0,0 days 00:59:07
1953869,SecondHalf,Ivory Coast,0,0,0,0,0,0,1,0,0,0 days 00:59:11
1953869,SecondHalf,Ivory Coast,0,0,0,0,0,0,1,0,0,0 days 00:59:16
1953869,SecondHalf,Ivory Coast,0,0,0,0,0,0,1,0,0,0 days 00:59:19
1953869,SecondHalf,Ivory Coast,0,0,0,0,0,0,1,0,0,0 days 00:59:20
1953869,SecondHalf,Ivory Coast,0,0,0,0,0,0,1,0,0,0 days 00:59:22
1953869,SecondHalf,Ivory Coast,0,0,0,0,0,0,1,0,0,0 days 00:59:32
1953869,SecondHalf,Ecuador,0,0,1,0,0,0,0,0,0,0 days 00:59:33
1953869,SecondHalf,Ivory Coast,0,0,0,0,0,0,0,0,0,0 days 00:59:34
1953869,SecondHalf,Ecuador,0,0,0,0,0,0,0,0,0,0 days 00:59:34
1953869,SecondHalf,Ivory Coast,0,0,0,0,0,0,1,0,0,0 days 00:59:58
1953869,SecondHalf,Ecuador,0,0,0,0,0,0,0,0,0,0 days 00:59:58
1953869,SecondHalf,Ivory Coast,0,0,0,0,0,0,0,0,1,0 days 00:59:58
1953869,SecondHalf,Ivory Coast,1,0,0,0,0,0,0,0,0,0 days 01:00:00
1953869,SecondHalf,Ecuador,0,0,0,0,0,0,0,0,0,0 days 01:00:00
1953869,SecondHalf,Ecuador,0,0,0,0,0,0,0,0,0,0 days 01:00:03
1953869,SecondHalf,Ecuador,0,0,0,0,0,0,1,0,0,0 days 01:00:11
1953869,SecondHalf,Ecuador,0,0,0,0,0,0,1,0,0,0 days 01:00:15
1953869,SecondHalf,Ecuador,0,0,0,0,0,0,1,0,0,0 days 01:00:15
1953869,SecondHalf,Ecuador,0,0,0,0,0,0,1,0,0,0 days 01:00:22
1953869,SecondHalf,Ecuador,0,0,0,0,0,0,1,0,0,0 days 01:00:25
1953869,SecondHalf,Ecuador,0,0,0,0,0,0,1,0,0,0 days 01:00:27
1953869,SecondHalf,Ecuador,0,0,0,0,0,0,1,0,0,0 days 01:00:29
1953869,SecondHalf,Ivory Coast,0,0,1,0,0,0,0,0,0,0 days 01:00:32
1953869,SecondHalf,Ivory Coast,0,1,0,0,0,0,0,0,0,0 days 01:00:34
1953869,SecondHalf,Ivory Coast,0,0,0,0,0,0,0,0,1,0 days 01:00:35
1953869,SecondHalf,Ecuador,0,0,0,0,0,0,0,1,0,0 days 01:00:35
1953869,SecondHalf,Ivory Coast,0,0,0,0,0,0,1,0,0,0 days 01:01:17
1953869,SecondHalf,Ivory Coast,0,0,0,0,1,0,0,0,0,0 days 01:01:20
1953869,SecondHalf,Ecuador,0,0,0,0,1,0,0,0,0,0 days 01:01:20
1953869,SecondHalf,Ecuador,0,0,0,0,0,0,0,0,0,0 days 01:01:45
1953869,SecondHalf,Ecuador,0,0,0,0,0,0,0,0,0,0 days 01:01:45
1953869,SecondHalf,Ecuador,0,0,0,0,0,0,0,0,0,0 days 01:01:46
1953869,SecondHalf,Ecuador,0,0,0,0,0,0,0,0,0,0 days 01:01:46
1953869,SecondHalf,Ecuador,0,0,0,0,0,0,0,0,0,0 days 01:02:00
1953869,SecondHalf,Ivory Coast,0,0,0,0,0,0,1,0,0,0 days 01:02:24
1953869,SecondHalf,Ivory Coast,0,0,0,0,1,0,0,0,0,0 days 01:02:30
1953869,SecondHalf,Ecuador,0,0,0,0,1,0,0,0,0,0 days 01:02:30
1953869,SecondHalf,Ivory Coast,0,0,0,0,0,0,1,0,0,0 days 01:02:48
1953869,SecondHalf,Ivory Coast,0,0,0,0,0,0,1,0,0,0 days 01:02:50
1953869,SecondHalf,Ecuador,0,0,0,0,0,0,0,0,0,0 days 01:02:52
1953869,SecondHalf,Ivory Coast,0,0,0,0,0,0,0,1,0,0 days 01:02:53
1953869,SecondHalf,Ecuador,0,0,0,1,0,0,0,0,0,0 days 01:02:53
1953869,SecondHalf,Ecuador,0,0,0,0,0,0,1,0,0,0 days 01:03:02
1953869,SecondHalf,Ecuador,0,0,0,0,0,0,1,0,0,0 days 01:03:03
1953869,SecondHalf,Ivory Coast,0,1,0,0,0,0,0,0,0,0 days 01:03:04
1953869,SecondHalf,Ivory Coast,0,0,0,0,0,0,1,0,0,0 days 01:03:05
1953869,SecondHalf,Ecuador,0,0,0,0,0,1,0,0,0,0 days 01:03:09
1953869,SecondHalf,Ecuador,0,1,0,0,0,0,0,0,0,0 days 01:03:10
1953869,SecondHalf,Ecuador,0,0,0,0,0,0,1,0,0,0 days 01:03:11
1953869,SecondHalf,Ivory Coast,0,0,0,0,0,0,0,0,0,0 days 01:03:13
1953869,SecondHalf,Ivory Coast,0,0,0,0,0,0,1,0,0,0 days 01:03:13
1953869,SecondHalf,Ecuador,0,0,0,0,0,0,0,0,0,0 days 01:03:13
1953869,SecondHalf,Ecuador,0,0,0,0,0,0,1,0,0,0 days 01:03:17
1953869,SecondHalf,Ecuador,0,0,0,0,0,0,1,0,0,0 days 01:03:20
1953869,SecondHalf,Ecuador,0,0,0,0,0,0,1,0,0,0 days 01:03:25
1953869,SecondHalf,Ecuador,0,0,0,0,0,0,1,0,0,0 days 01:03:29
1953869,SecondHalf,Ecuador,0,0,0,0,0,0,1,0,0,0 days 01:03:31
1953869,SecondHalf,Ecuador,0,0,0,0,0,0,1,0,0,0 days 01:03:34
1953869,SecondHalf,Ecuador,0,0,0,0,0,0,1,0,0,0 days 01:03:39
1953869,SecondHalf,Ivory Coast,0,0,0,0,0,0,1,0,0,0 days 01:04:11
1953869,SecondHalf,Ivory Coast,0,0,0,0,0,0,0,0,0,0 days 01:04:14
1953869,SecondHalf,Ivory Coast,0,0,0,0,0,0,1,0,0,0 days 01:04:16
1953869,SecondHalf,Ivory Coast,0,0,0,0,0,0,1,0,0,0 days 01:04:18
1953869,SecondHalf,Ivory Coast,0,0,0,0,0,0,1,0,0,0 days 01:04:21
1953869,SecondHalf,Ivory Coast,0,0,0,0,0,0,1,0,0,0 days 01:04:23
1953869,SecondHalf,Ivory Coast,0,0,0,0,0,0,1,0,0,0 days 01:04:26
1953869,SecondHalf,Ivory Coast,0,0,0,0,0,0,1,0,0,0 days 01:04:29
1953869,SecondHalf,Ivory Coast,0,0,0,0,0,0,1,0,0,0 days 01:04:33
1953869,SecondHalf,Ivory Coast,0,0,0,0,0,0,1,0,0,0 days 01:04:38
1953869,SecondHalf,Ivory Coast,0,0,0,0,0,0,1,0,0,0 days 01:04:39
1953869,SecondHalf,Ivory Coast,0,0,0,0,0,0,1,0,0,0 days 01:04:43
1953869,SecondHalf,Ecuador,0,1,0,0,0,0,0,0,0,0 days 01:04:45
1953869,SecondHalf,Ecuador,0,0,0,0,0,0,1,0,0,0 days 01:04:47
1953869,SecondHalf,Ivory Coast,0,0,0,0,0,1,0,0,0,0 days 01:04:48
1953869,SecondHalf,Ecuador,0,0,0,0,0,0,0,0,0,0 days 01:04:49
1953869,SecondHalf,Ivory Coast,0,0,0,0,0,0,1,0,0,0 days 01:04:49
1953869,SecondHalf,Ivory Coast,0,0,0,0,0,0,1,0,0,0 days 01:05:05
1953869,SecondHalf,Ivory Coast,0,0,0,0,0,0,1,0,0,0 days 01:05:08
1953869,SecondHalf,Ecuador,0,0,0,0,0,0,1,0,0,0 days 01:05:21
1953869,SecondHalf,Ecuador,0,0,0,0,0,0,1,0,0,0 days 01:05:28
1953869,SecondHalf,Ecuador,0,0,0,0,0,0,1,0,0,0 days 01:05:31
1953869,SecondHalf,Ecuador,0,0,0,0,0,0,1,0,0,0 days 01:05:34
1953869,SecondHalf,Ecuador,0,0,0,0,0,0,1,0,0,0 days 01:05:38
1953869,SecondHalf,Ecuador,0,0,0,0,0,0,1,0,0,0 days 01:05:43
1953869,SecondHalf,Ivory Coast,0,0,0,0,0,0,1,0,0,0 days 01:05:48
1953869,SecondHalf,Ivory Coast,0,0,0,0,0,0,1,0,0,0 days 01:05:51
1953869,SecondHalf,Ivory Coast,0,0,0,0,0,0,1,0,0,0 days 01:05:53
1953869,SecondHalf,Ivory Coast,0,0,0,0,0,0,1,0,0,0 days 01:05:55
1953869,SecondHalf,Ivory Coast,0,0,0,0,0,0,1,0,0,0 days 01:06:02
1953869,SecondHalf,Ecuador,0,0,0,0,0,0,1,0,0,0 days 01:06:07
1953869,SecondHalf,Ecuador,0,0,0,0,0,0,1,0,0,0 days 01:06:11
1953869,SecondHalf,Ecuador,0,0,0,0,0,0,1,0,0,0 days 01:06:13
1953869,SecondHalf,Ecuador,0,0,0,0,0,0,1,0,0,0 days 01:06:17
1953869,SecondHalf,Ivory Coast,0,0,1,0,0,0,0,0,0,0 days 01:06:19
1953869,SecondHalf,Ecuador,0,0,0,0,0,0,0,0,0,0 days 01:06:21
1953869,SecondHalf,Ivory Coast,0,0,0,0,0,0,0,0,0,0 days 01:06:21
1953869,SecondHalf,Ivory Coast,0,0,1,0,0,0,0,0,0,0 days 01:06:21
1953869,SecondHalf,Ecuador,0,0,0,0,0,0,0,0,0,0 days 01:06:22
1953869,SecondHalf,Ecuador,0,0,0,0,0,0,1,0,0,0 days 01:06:23
1953869,SecondHalf,Ivory Coast,0,0,1,0,0,0,0,0,0,0 days 01:06:24
1953869,SecondHalf,Ivory Coast,0,1,0,0,0,0,0,0,0,0 days 01:06:29
1953869,SecondHalf,Ecuador,0,0,0,0,0,0,0,0,0,0 days 01:06:34
1953869,SecondHalf,Ivory Coast,0,0,0,0,0,0,0,0,1,0 days 01:06:34
1953869,SecondHalf,Ivory Coast,0,0,0,0,0,0,1,0,0,0 days 01:06:38
1953869,SecondHalf,Ivory Coast,0,0,0,0,0,0,1,0,0,0 days 01:06:41
1953869,SecondHalf,Ecuador,0,0,0,0,0,0,0,0,0,0 days 01:06:49
1953869,SecondHalf,Ivory Coast,0,0,0,0,0,0,0,0,1,0 days 01:06:49
1953869,SecondHalf,Ivory Coast,0,0,0,0,0,0,1,0,0,0 days 01:06:52
1953869,SecondHalf,Ivory Coast,0,0,0,0,0,0,0,0,0,0 days 01:06:53
1953870,SecondHalf,Ecuador,0,0,0,0,0,0,1,0,0,0 days 00:57:00
1953870,SecondHalf,Ecuador,0,0,0,0,0,0,1,0,0,0 days 00:57:05
1953870,SecondHalf,Ecuador,0,0,0,0,0,0,1,0,0,0 days 00:57:10
1953870,SecondHalf,Ecuador,0,0,0,0,0,0,1,0,0,0 days 00:57:16
1953870,SecondHalf,Ecuador,0,0,0,0,0,0,1,0,0,0 days 00:57:18
1953870,SecondHalf,Ecuador,0,0,0,0,0,0,1,0,0,0 days 00:57:23
1953870,SecondHalf,Ecuador,0,0,0,0,0,0,1,0,0,0 days 00:57:27
1953870,SecondHalf,Ecuador,0,0,0,0,0,0,1,0,0,0 days 00:57:29
1953870,SecondHalf,Ecuador,0,0,0,0,0,0,1,0,0,0 days 00:57:29
1953870,SecondHalf,Curacao,0,0,1,0,0,0,0,0,0,0 days 00:57:32
1953870,SecondHalf,Curacao,0,0,0,0,0,0,0,0,0,0 days 00:57:34
1953870,SecondHalf,Ecuador,0,0,0,0,0,0,1,0,0,0 days 00:57:36
1953870,SecondHalf,Ecuador,0,0,0,0,0,0,1,0,0,0 days 00:57:37
1953870,SecondHalf,Curacao,0,0,1,0,0,0,0,0,0,0 days 00:57:39
1953870,SecondHalf,Curacao,0,0,0,0,0,0,1,0,0,0 days 00:57:42
1953870,SecondHalf,Curacao,0,0,0,0,0,0,1,0,0,0 days 00:57:44
1953870,SecondHalf,Ecuador,0,0,0,0,0,1,0,0,0,0 days 00:57:46
1953870,SecondHalf,Ecuador,0,0,0,1,0,0,0,0,0,0 days 00:57:47
1953870,SecondHalf,Curacao,0,0,0,0,0,0,0,1,0,0 days 00:57:47
1953870,SecondHalf,Ecuador,0,0,0,0,0,0,0,0,0,0 days 00:57:48
1953870,SecondHalf,Curacao,0,0,0,0,0,0,0,0,0,0 days 00:57:48
1953870,SecondHalf,Ecuador,0,0,0,0,0,0,1,0,0,0 days 00:58:24
1953870,SecondHalf,Ecuador,0,0,0,0,0,0,0,0,0,0 days 00:58:25
1953870,SecondHalf,Curacao,0,0,0,0,0,0,0,0,0,0 days 00:58:25
1953870,SecondHalf,Ecuador,1,0,0,0,0,0,0,0,0,0 days 00:58:26
1953870,SecondHalf,Curacao,0,0,0,0,0,0,0,0,0,0 days 00:58:28
1953870,SecondHalf,Ecuador,1,0,0,0,0,0,0,0,0,0 days 00:58:28
1953870,SecondHalf,Curacao,0,0,0,0,0,0,0,0,0,0 days 00:58:31
1953870,SecondHalf,Ecuador,0,0,0,0,0,0,0,0,0,0 days 00:58:31
1953870,SecondHalf,Curacao,0,0,1,0,0,0,0,0,0,0 days 00:58:33
1953870,SecondHalf,Curacao,0,1,0,0,0,0,0,0,0,0 days 00:58:34
1953870,SecondHalf,Curacao,0,0,0,0,0,0,0,0,1,0 days 00:58:38
1953870,SecondHalf,Ecuador,0,0,0,0,0,0,1,0,0,0 days 00:58:40
1953870,SecondHalf,Ecuador,0,0,0,0,0,0,0,0,0,0 days 00:58:41
1953870,SecondHalf,Curacao,0,0,0,0,0,0,1,0,0,0 days 00:58:44
1953870,SecondHalf,Curacao,0,0,0,0,0,0,1,0,0,0 days 00:58:53
1953870,SecondHalf,Curacao,0,0,0,0,0,0,1,0,0,0 days 00:58:57
1953870,SecondHalf,Curacao,0,0,0,0,0,0,1,0,0,0 days 00:59:03
1953870,SecondHalf,Curacao,0,0,0,0,0,0,1,0,0,0 days 00:59:05
1953870,SecondHalf,Curacao,0,0,0,0,0,0,1,0,0,0 days 00:59:07
1953870,SecondHalf,Curacao,0,0,0,0,0,0,1,0,0,0 days 00:59:08
1953870,SecondHalf,Ecuador,0,0,0,0,0,0,0,0,0,0 days 00:59:09
1953870,SecondHalf,Curacao,1,0,0,0,0,0,0,0,0,0 days 00:59:09
1953870,SecondHalf,Ecuador,0,0,0,0,0,0,0,0,0,0 days 00:59:14
1953870,SecondHalf,Curacao,0,0,0,0,0,0,0,0,1,0 days 00:59:14
1953870,SecondHalf,Curacao,0,0,0,0,0,0,1,0,0,0 days 00:59:14
1953870,SecondHalf,Curacao,1,0,0,0,0,0,0,0,0,0 days 00:59:16
1953870,SecondHalf,Ecuador,0,0,0,0,0,0,0,0,0,0 days 00:59:16
1953870,SecondHalf,Curacao,1,0,0,0,0,0,0,0,0,0 days 00:59:19
1953870,SecondHalf,Ecuador,0,0,0,0,0,0,0,0,0,0 days 00:59:19
1953870,SecondHalf,Ecuador,0,0,0,0,0,0,0,0,0,0 days 00:59:21
1953870,SecondHalf,Ecuador,0,0,1,0,0,0,0,0,0,0 days 00:59:22
1953870,SecondHalf,Curacao,0,0,0,0,0,0,1,0,0,0 days 00:59:59
1953870,SecondHalf,Curacao,0,0,0,0,0,0,1,0,0,0 days 01:00:01
1953870,SecondHalf,Curacao,0,0,0,0,0,0,0,0,1,0 days 01:00:03
1953870,SecondHalf,Ecuador,0,0,0,0,0,0,0,1,0,0 days 01:00:03
1953870,SecondHalf,Curacao,0,0,0,0,0,0,1,0,0,0 days 01:00:18
1953870,SecondHalf,Ecuador,0,0,0,0,0,0,0,0,0,0 days 01:00:22
1953870,SecondHalf,Ecuador,0,0,0,0,0,0,1,0,0,0 days 01:00:25
1953870,SecondHalf,Curacao,0,0,0,0,0,0,0,1,0,0 days 01:00:29
1953870,SecondHalf,Ecuador,0,0,0,1,0,0,0,0,0,0 days 01:00:29
1953870,SecondHalf,Curacao,0,1,0,0,0,0,0,0,0,0 days 01:00:31
1953870,SecondHalf,Curacao,0,0,0,0,0,0,1,0,0,0 days 01:00:32
1953870,SecondHalf,Curacao,0,0,0,0,0,0,1,0,0,0 days 01:00:37
1953870,SecondHalf,Curacao,0,0,0,0,0,0,1,0,0,0 days 01:00:38
1953870,SecondHalf,Curacao,0,0,0,0,0,0,1,0,0,0 days 01:00:39
1953870,SecondHalf,Curacao,0,0,0,0,0,0,0,0,0,0 days 01:00:42
1953870,SecondHalf,Ecuador,0,1,0,0,0,0,0,0,0,0 days 01:00:42
1953870,SecondHalf,Ecuador,0,0,0,0,0,0,1,0,0,0 days 01:00:42
1953870,SecondHalf,Ecuador,0,0,0,0,0,0,1,0,0,0 days 01:00:43
1953870,SecondHalf,Ecuador,1,0,0,0,0,0,0,0,0,0 days 01:00:49
1953870,SecondHalf,Curacao,0,0,0,0,0,0,0,0,0,0 days 01:00:50
1953870,SecondHalf,Curacao,0,0,0,0,0,0,0,0,0,0 days 01:00:51
1953870,SecondHalf,Curacao,0,0,0,0,0,0,1,0,0,0 days 01:01:03
1953870,SecondHalf,Curacao,0,0,0,0,0,0,1,0,0,0 days 01:01:05
1953870,SecondHalf,Curacao,0,0,0,0,0,0,0,0,0,0 days 01:01:08
1953870,SecondHalf,Ecuador,0,0,0,0,0,0,0,0,0,0 days 01:01:08
1953870,SecondHalf,Curacao,0,0,0,0,0,0,0,0,0,0 days 01:01:09
1953870,SecondHalf,Ecuador,0,0,0,0,0,0,1,0,0,0 days 01:01:10
1953870,SecondHalf,Ecuador,0,0,0,0,0,0,1,0,0,0 days 01:01:11
1953870,SecondHalf,Ecuador,0,1,0,0,0,0,0,0,0,0 days 01:01:12
1953870,SecondHalf,Ecuador,0,0,0,0,0,0,1,0,0,0 days 01:01:19
1953870,SecondHalf,Ecuador,0,0,0,0,0,0,1,0,0,0 days 01:01:21
1953870,SecondHalf,Ecuador,0,0,0,0,0,0,1,0,0,0 days 01:01:27
1953870,SecondHalf,Ecuador,0,0,0,0,0,0,1,0,0,0 days 01:01:28
1953870,SecondHalf,Curacao,0,1,0,0,0,0,0,0,0,0 days 01:01:30
1953870,SecondHalf,Ecuador,0,0,0,0,0,0,0,0,0,0 days 01:01:33
1953870,SecondHalf,Curacao,0,0,0,0,0,0,0,0,1,0 days 01:01:33
1953870,SecondHalf,Curacao,0,0,0,0,0,0,1,0,0,0 days 01:01:36
1953870,SecondHalf,Curacao,0,0,0,0,0,0,0,0,1,0 days 01:01:42
1953870,SecondHalf,Ecuador,0,0,0,0,0,0,0,1,0,0 days 01:01:42
1953870,SecondHalf,Ecuador,0,1,0,0,0,0,0,0,0,0 days 01:01:44
1953870,SecondHalf,Ecuador,0,0,0,0,0,0,1,0,0,0 days 01:01:46
1953870,SecondHalf,Ecuador,0,0,0,0,0,0,1,0,0,0 days 01:01:47
1953870,SecondHalf,Ecuador,0,0,0,0,0,0,1,0,0,0 days 01:01:48
1953870,SecondHalf,Ecuador,0,0,0,0,0,0,1,0,0,0 days 01:01:50
1953870,SecondHalf,Ecuador,0,0,0,0,0,0,1,0,0,0 days 01:01:52
1953870,SecondHalf,Ecuador,0,0,0,0,0,0,1,0,0,0 days 01:01:53
1953870,SecondHalf,Ecuador,1,0,0,0,0,0,0,0,0,0 days 01:01:58
1953870,SecondHalf,Curacao,0,0,0,0,0,0,1,0,0,0 days 01:02:30
1953870,SecondHalf,Ecuador,0,1,0,0,0,0,0,0,0,0 days 01:02:32
1953870,SecondHalf,Ecuador,0,0,0,0,0,0,1,0,0,0 days 01:02:40
1953870,SecondHalf,Ecuador,0,0,0,0,0,0,1,0,0,0 days 01:02:47
1953870,SecondHalf,Ecuador,0,0,0,0,0,0,1,0,0,0 days 01:02:49
1953870,SecondHalf,Ecuador,0,0,0,0,0,0,1,0,0,0 days 01:02:53
1953870,SecondHalf,Ecuador,0,0,0,0,0,0,1,0,0,0 days 01:02:55
1953870,SecondHalf,Ecuador,0,0,0,0,0,0,1,0,0,0 days 01:02:58
1953870,SecondHalf,Ecuador,0,0,0,0,0,0,1,0,0,0 days 01:03:00
1953870,SecondHalf,Ecuador,0,0,0,0,0,0,1,0,0,0 days 01:03:03
1953870,SecondHalf,Ecuador,0,0,0,0,0,0,1,0,0,0 days 01:03:06
1953870,SecondHalf,Curacao,0,0,1,0,0,0,0,0,0,0 days 01:03:06
1953870,SecondHalf,Ecuador,0,0,0,0,0,0,0,0,0,0 days 01:03:07
1953870,SecondHalf,Curacao,0,0,0,0,0,0,0,0,0,0 days 01:03:07
1953870,SecondHalf,Ecuador,0,0,0,0,0,0,1,0,0,0 days 01:03:41
1953870,SecondHalf,Ecuador,1,0,0,0,0,0,0,0,0,0 days 01:03:44
1953870,SecondHalf,Curacao,0,0,0,0,0,0,1,0,0,0 days 01:04:08
1953870,SecondHalf,Curacao,0,0,0,0,0,0,0,0,0,0 days 01:04:13
1953870,SecondHalf,Ecuador,0,0,0,0,0,0,0,0,0,0 days 01:04:13
1953870,SecondHalf,Ecuador,0,0,1,0,0,0,0,0,0,0 days 01:04:15
1953870,SecondHalf,Curacao,0,0,0,0,0,0,1,0,0,0 days 01:04:15
1953870,SecondHalf,Curacao,0,0,0,0,0,0,1,0,0,0 days 01:04:22
1953870,SecondHalf,Ecuador,0,0,0,0,0,0,1,0,0,0 days 01:04:23
1953870,SecondHalf,Ecuador,0,0,0,0,0,0,0,0,0,0 days 01:04:25
1953870,SecondHalf,Ecuador,0,0,0,0,0,0,1,0,0,0 days 01:04:26
1953870,SecondHalf,Ecuador,0,0,0,0,0,0,1,0,0,0 days 01:04:30
1953870,SecondHalf,Ecuador,0,0,0,0,0,0,1,0,0,0 days 01:04:32
1953870,SecondHalf,Ecuador,0,0,0,0,0,0,1,0,0,0 days 01:04:39
1953870,SecondHalf,Ecuador,0,0,0,0,0,0,1,0,0,0 days 01:04:44
1953870,SecondHalf,Ecuador,0,0,0,0,0,0,1,0,0,0 days 01:04:44
1953870,SecondHalf,Ecuador,0,0,0,0,0,0,1,0,0,0 days 01:04:48
1953870,SecondHalf,Curacao,0,0,0,0,0,0,0,0,0,0 days 01:04:50
1953870,SecondHalf,Ecuador,1,0,0,0,0,0,0,0,0,0 days 01:04:50
1953870,SecondHalf,Ecuador,0,0,0,0,0,0,0,0,0,0 days 01:04:52
1953870,SecondHalf,Curacao,0,0,0,0,0,0,0,0,0,0 days 01:04:52
1953870,SecondHalf,Ecuador,0,0,0,0,0,0,1,0,0,0 days 01:05:25
1953870,SecondHalf,Curacao,0,0,0,0,0,0,0,0,0,0 days 01:05:28
1953870,SecondHalf,Ecuador,0,0,0,0,0,0,0,0,0,0 days 01:05:28
1953870,SecondHalf,Ecuador,1,0,0,0,0,0,0,0,0,0 days 01:05:28
1953870,SecondHalf,Curacao,0,0,0,0,0,0,0,0,0,0 days 01:05:28
1953870,SecondHalf,Curacao,0,0,0,0,0,0,0,0,0,0 days 01:05:29
1953870,SecondHalf,Curacao,0,0,0,0,0,0,0,0,0,0 days 01:05:29
1953870,SecondHalf,Ecuador,1,0,0,0,0,0,0,0,0,0 days 01:05:30
1953870,SecondHalf,Curacao,0,0,0,0,0,0,0,0,0,0 days 01:05:30
1953870,SecondHalf,Ecuador,1,0,0,0,0,0,0,0,0,0 days 01:05:31
1953870,SecondHalf,Curacao,0,0,0,0,0,0,0,0,0,0 days 01:05:31
1953870,SecondHalf,Curacao,0,0,0,0,0,0,0,0,0,0 days 01:05:33
1953870,SecondHalf,Curacao,0,0,0,0,0,0,1,0,0,0 days 01:05:50
1953870,SecondHalf,Ecuador,0,0,1,0,0,0,0,0,0,0 days 01:05:51
1953870,SecondHalf,Ecuador,0,0,0,0,0,0,0,0,1,0 days 01:05:52
1953870,SecondHalf,Curacao,0,0,0,0,0,0,1,0,0,0 days 01:05:55
1953870,SecondHalf,Ecuador,0,0,0,0,0,0,0,1,0,0 days 01:05:56
1953870,SecondHalf,Curacao,0,0,0,0,0,0,0,0,1,0 days 01:05:56
1953870,SecondHalf,Curacao,0,0,0,0,0,0,0,0,0,0 days 01:05:56
1953870,SecondHalf,Ecuador,0,0,0,0,0,0,1,0,0,0 days 01:06:03
1953870,SecondHalf,Ecuador,0,0,0,0,0,0,1,0,0,0 days 01:06:05
1953870,SecondHalf,Ecuador,0,0,0,0,0,0,1,0,0,0 days 01:06:07
1953870,SecondHalf,Ecuador,0,0,0,0,0,0,1,0,0,0 days 01:06:09
1953870,SecondHalf,Ecuador,0,0,0,0,0,0,1,0,0,0 days 01:06:12
1953870,SecondHalf,Ecuador,0,0,0,0,0,0,1,0,0,0 days 01:06:16
1953870,SecondHalf,Ecuador,0,0,0,0,0,0,1,0,0,0 days 01:06:17
1953870,SecondHalf,Ecuador,0,0,0,0,0,0,1,0,0,0 days 01:06:19
1953870,SecondHalf,Ecuador,0,0,0,0,0,0,1,0,0,0 days 01:06:23
1953870,SecondHalf,Ecuador,0,0,0,0,0,0,1,0,0,0 days 01:06:25
1953870,SecondHalf,Curacao,0,0,0,0,0,0,1,0,0,0 days 01:06:26
1953870,SecondHalf,Curacao,0,0,0,0,0,0,0,0,1,0 days 01:06:28
1953870,SecondHalf,Ecuador,0,0,0,0,0,0,0,1,0,0 days 01:06:28
1953870,SecondHalf,Ecuador,0,0,0,0,0,0,1,0,0,0 days 01:06:32
1953870,SecondHalf,Ecuador,0,0,0,0,0,0,1,0,0,0 days 01:06:33
1953870,SecondHalf,Ecuador,0,0,0,0,0,0,1,0,0,0 days 01:06:34
1953870,SecondHalf,Ecuador,1,0,0,0,0,0,0,0,0,0 days 01:06:37
1953870,SecondHalf,Curacao,0,0,1,0,0,0,0,0,0,0 days 01:06:39
1953870,SecondHalf,Ecuador,0,0,0,0,0,0,0,0,0,0 days 01:06:40
1953870,SecondHalf,Curacao,0,0,0,0,0,0,0,0,0,0 days 01:06:40
1953870,SecondHalf,Curacao,0,0,1,0,0,0,0,0,0,0 days 01:06:40
1953870,SecondHalf,Curacao,0,1,0,0,0,0,0,0,0,0 days 01:06:42
1953870,SecondHalf,Curacao,0,0,0,0,0,0,0,0,1,0 days 01:06:43
1953870,SecondHalf,Curacao,0,0,0,0,1,0,0,0,0,0 days 01:06:44
1953870,SecondHalf,Ecuador,0,0,0,0,1,0,0,0,0,0 days 01:06:44
1953871,SecondHalf,Ivory Coast,0,0,0,0,0,0,1,0,0,0 days 00:57:04
1953871,SecondHalf,Ivory Coast,0,0,0,0,0,0,1,0,0,0 days 00:57:09
1953871,SecondHalf,Ivory Coast,0,0,0,0,0,0,1,0,0,0 days 00:57:11
1953871,SecondHalf,Germany,0,0,0,0,1,0,0,0,0,0 days 00:57:18
1953871,SecondHalf,Ivory Coast,0,0,0,0,1,0,0,0,0,0 days 00:57:18
1953871,SecondHalf,Germany,0,0,0,0,0,0,1,0,0,0 days 00:57:25
1953871,SecondHalf,Germany,0,0,0,0,0,0,1,0,0,0 days 00:57:27
1953871,SecondHalf,Germany,0,0,0,0,0,0,1,0,0,0 days 00:57:28
1953871,SecondHalf,Germany,0,0,0,0,0,0,1,0,0,0 days 00:57:30
1953871,SecondHalf,Germany,0,0,0,0,0,0,1,0,0,0 days 00:57:32
1953871,SecondHalf,Germany,0,0,0,0,0,0,1,0,0,0 days 00:57:34
1953871,SecondHalf,Germany,0,0,0,0,0,0,1,0,0,0 days 00:57:35
1953871,SecondHalf,Germany,0,0,0,0,0,0,1,0,0,0 days 00:57:38
1953871,SecondHalf,Germany,0,0,0,0,0,0,1,0,0,0 days 00:57:39
1953871,SecondHalf,Germany,0,0,0,0,0,0,1,0,0,0 days 00:57:41
1953871,SecondHalf,Germany,0,0,0,0,0,0,1,0,0,0 days 00:57:45
1953871,SecondHalf,Germany,0,0,0,0,0,0,1,0,0,0 days 00:57:48
1953871,SecondHalf,Germany,0,0,0,0,0,0,1,0,0,0 days 00:57:50
1953871,SecondHalf,Germany,0,0,0,0,0,0,1,0,0,0 days 00:57:53
1953871,SecondHalf,Germany,0,0,0,0,0,0,1,0,0,0 days 00:57:55
1953871,SecondHalf,Germany,0,0,0,0,0,0,1,0,0,0 days 00:57:58
1953871,SecondHalf,Germany,0,0,0,0,0,0,1,0,0,0 days 00:58:00
1953871,SecondHalf,Germany,0,0,0,0,0,0,1,0,0,0 days 00:58:03
1953871,SecondHalf,Germany,0,0,0,0,0,0,1,0,0,0 days 00:58:05
1953871,SecondHalf,Germany,0,0,0,0,0,0,1,0,0,0 days 00:58:06
1953871,SecondHalf,Germany,0,0,0,0,0,0,1,0,0,0 days 00:58:07
1953871,SecondHalf,Germany,0,0,0,0,0,0,1,0,0,0 days 00:58:09
1953871,SecondHalf,Germany,0,0,0,0,0,0,0,0,1,0 days 00:58:16
1953871,SecondHalf,Germany,0,0,0,0,0,0,1,0,0,0 days 00:58:17
1953871,SecondHalf,Germany,0,0,0,0,0,0,1,0,0,0 days 00:58:19
1953871,SecondHalf,Ivory Coast,0,0,1,0,0,0,0,0,0,0 days 00:58:22
1953871,SecondHalf,Germany,0,0,0,0,0,0,1,0,0,0 days 00:58:24
1953871,SecondHalf,Germany,0,0,0,1,0,0,0,0,0,0 days 00:58:26
1953871,SecondHalf,Ivory Coast,0,0,0,0,0,0,0,1,0,0 days 00:58:26
1953871,SecondHalf,Ivory Coast,0,0,0,0,0,0,0,0,0,0 days 00:58:27
1953871,SecondHalf,Germany,0,0,0,0,0,0,0,0,0,0 days 00:58:27
1953871,SecondHalf,Germany,0,0,0,0,0,0,1,0,0,0 days 00:58:34
1953871,SecondHalf,Germany,0,0,0,0,0,0,0,0,1,0 days 00:58:36
1953871,SecondHalf,Ivory Coast,0,0,0,0,0,0,0,1,0,0 days 00:58:36
1953871,SecondHalf,Germany,0,0,0,0,0,0,0,0,0,0 days 00:58:37
1953871,SecondHalf,Ivory Coast,0,0,0,0,0,0,0,0,0,0 days 00:58:37
1953871,SecondHalf,Germany,0,0,0,0,0,0,1,0,0,0 days 00:58:56
1953871,SecondHalf,Ivory Coast,0,0,0,0,0,0,0,0,0,0 days 00:58:59
1953871,SecondHalf,Ivory Coast,0,0,0,0,0,0,1,0,0,0 days 00:59:00
1953871,SecondHalf,Germany,0,0,0,0,0,0,0,0,0,0 days 00:59:26
1953871,SecondHalf,Germany,0,0,0,0,0,0,0,0,0,0 days 00:59:26
1953871,SecondHalf,Germany,0,0,0,0,0,0,0,0,0,0 days 00:59:33
1953871,SecondHalf,Germany,0,0,0,0,0,0,0,0,0,0 days 00:59:33
1953871,SecondHalf,Germany,0,0,0,0,0,0,0,0,0,0 days 00:59:37
1953871,SecondHalf,Germany,0,0,0,0,0,0,0,0,0,0 days 00:59:37
1953871,SecondHalf,Germany,0,0,0,0,0,0,0,0,0,0 days 00:59:38
1953871,SecondHalf,Germany,0,0,0,0,0,0,1,0,0,0 days 00:59:59
1953871,SecondHalf,Germany,0,0,0,0,0,0,1,0,0,0 days 01:00:01
1953871,SecondHalf,Germany,0,0,0,0,0,0,1,0,0,0 days 01:00:02
1953871,SecondHalf,Germany,0,0,0,0,0,0,1,0,0,0 days 01:00:05
1953871,SecondHalf,Germany,0,0,0,0,0,0,1,0,0,0 days 01:00:08
1953871,SecondHalf,Germany,0,0,0,0,0,0,1,0,0,0 days 01:00:10
1953871,SecondHalf,Germany,0,0,0,0,0,0,1,0,0,0 days 01:00:13
1953871,SecondHalf,Germany,0,0,0,0,0,0,0,0,0,0 days 01:00:16
1953871,SecondHalf,Ivory Coast,0,1,0,0,0,0,0,0,0,0 days 01:00:17
1953871,SecondHalf,Ivory Coast,0,0,0,0,0,0,1,0,0,0 days 01:00:19
1953871,SecondHalf,Germany,0,0,0,0,0,1,0,0,0,0 days 01:00:21
1953871,SecondHalf,Germany,0,0,0,0,0,0,1,0,0,0 days 01:00:22
1953871,SecondHalf,Ivory Coast,0,0,0,0,0,0,0,0,0,0 days 01:00:23
1953871,SecondHalf,Ivory Coast,0,0,0,0,0,0,1,0,0,0 days 01:00:27
1953871,SecondHalf,Ivory Coast,0,0,0,0,0,0,1,0,0,0 days 01:00:31
1953871,SecondHalf,Germany,0,1,0,0,0,0,0,0,0,0 days 01:00:34
1953871,SecondHalf,Germany,0,0,0,0,0,0,1,0,0,0 days 01:00:34
1953871,SecondHalf,Germany,0,0,0,0,0,0,1,0,0,0 days 01:00:35
1953871,SecondHalf,Germany,0,0,0,0,0,0,1,0,0,0 days 01:00:36
1953871,SecondHalf,Germany,0,0,0,0,0,0,1,0,0,0 days 01:00:40
1953871,SecondHalf,Germany,0,0,0,0,0,0,1,0,0,0 days 01:00:42
1953871,SecondHalf,Germany,1,0,0,0,0,0,0,0,0,0 days 01:00:45
1953871,SecondHalf,Ivory Coast,0,0,0,0,0,0,1,0,0,0 days 01:01:16
1953871,SecondHalf,Germany,0,0,0,0,0,0,1,0,0,0 days 01:01:21
1953871,SecondHalf,Ivory Coast,0,0,0,0,0,0,1,0,0,0 days 01:01:22
1953871,SecondHalf,Germany,0,0,0,0,0,0,0,0,0,0 days 01:01:24
1953871,SecondHalf,Ivory Coast,0,0,0,0,0,0,0,0,0,0 days 01:01:24
1953871,SecondHalf,Ivory Coast,0,0,0,0,0,0,1,0,0,0 days 01:01:25
1953871,SecondHalf,Ivory Coast,0,0,0,0,0,0,1,0,0,0 days 01:01:28
1953871,SecondHalf,Ivory Coast,0,0,0,0,0,0,1,0,0,0 days 01:01:31
1953871,SecondHalf,Ivory Coast,0,0,0,0,0,0,1,0,0,0 days 01:01:33
1953871,SecondHalf,Ivory Coast,0,0,0,0,0,0,1,0,0,0 days 01:01:37
1953871,SecondHalf,Ivory Coast,0,0,0,0,0,0,1,0,0,0 days 01:01:39
1953871,SecondHalf,Ivory Coast,0,0,0,0,0,0,1,0,0,0 days 01:01:42
1953871,SecondHalf,Ivory Coast,0,0,0,0,0,0,1,0,0,0 days 01:01:47
1953871,SecondHalf,Ivory Coast,0,0,0,0,0,0,1,0,0,0 days 01:01:49
1953871,SecondHalf,Ivory Coast,0,0,0,0,0,0,1,0,0,0 days 01:01:54
1953871,SecondHalf,Germany,0,0,0,0,0,0,1,0,0,0 days 01:01:57
1953871,SecondHalf,Germany,0,1,0,0,0,0,0,0,0,0 days 01:02:00
1953871,SecondHalf,Germany,0,0,0,0,0,0,1,0,0,0 days 01:02:03
1953871,SecondHalf,Germany,0,0,0,0,0,0,0,0,0,0 days 01:02:04
1953871,SecondHalf,Ivory Coast,0,0,1,0,0,0,0,0,0,0 days 01:02:05
1953871,SecondHalf,Germany,0,0,0,0,0,0,1,0,0,0 days 01:02:08
1953871,SecondHalf,Ivory Coast,0,0,0,0,0,0,0,0,0,0 days 01:02:08
1953871,SecondHalf,Germany,0,0,0,0,0,0,0,0,0,0 days 01:02:08
1953871,SecondHalf,Germany,0,0,0,0,0,0,1,0,0,0 days 01:02:10
1953871,SecondHalf,Germany,0,1,0,0,0,0,0,0,0,0 days 01:02:10
1953871,SecondHalf,Germany,0,0,0,0,0,0,1,0,0,0 days 01:02:10
1953871,SecondHalf,Germany,0,0,0,0,0,0,1,0,0,0 days 01:02:14
1953871,SecondHalf,Ivory Coast,0,0,1,0,0,0,0,0,0,0 days 01:02:16
1953871,SecondHalf,Germany,0,0,0,0,0,0,0,0,0,0 days 01:02:17
1953871,SecondHalf,Ivory Coast,0,0,0,0,0,0,0,0,0,0 days 01:02:17
1953871,SecondHalf,Germany,0,0,0,0,0,0,1,0,0,0 days 01:02:52
1953871,SecondHalf,Ivory Coast,0,0,0,0,0,0,0,0,0,0 days 01:02:54
1953871,SecondHalf,Ivory Coast,0,0,0,0,0,0,0,0,0,0 days 01:02:55
1953871,SecondHalf,Ivory Coast,0,0,0,0,0,0,0,0,0,0 days 01:02:55
1953871,SecondHalf,Germany,0,0,0,0,0,0,0,0,0,0 days 01:02:55
1953871,SecondHalf,Germany,1,0,0,0,0,0,0,0,0,0 days 01:02:56
1953871,SecondHalf,Ivory Coast,0,0,0,0,0,0,1,0,0,0 days 01:03:20
1953871,SecondHalf,Ivory Coast,0,0,0,0,0,0,1,0,0,0 days 01:03:23
1953871,SecondHalf,Ivory Coast,0,0,0,0,0,0,1,0,0,0 days 01:03:24
1953871,SecondHalf,Germany,0,0,0,0,0,0,0,0,0,0 days 01:03:26
1953871,SecondHalf,Ivory Coast,0,0,0,0,0,0,0,0,1,0 days 01:03:26
1953871,SecondHalf,Ivory Coast,0,0,0,0,0,0,1,0,0,0 days 01:03:29
1953871,SecondHalf,Ivory Coast,0,0,0,0,0,0,1,0,0,0 days 01:03:31
1953871,SecondHalf,Ivory Coast,0,0,0,0,0,0,1,0,0,0 days 01:03:35
1953871,SecondHalf,Ivory Coast,0,0,0,0,0,0,1,0,0,0 days 01:03:37
1953871,SecondHalf,Ivory Coast,0,0,0,0,0,0,1,0,0,0 days 01:03:39
1953871,SecondHalf,Ivory Coast,0,0,0,1,0,0,0,0,0,0 days 01:03:42
1953871,SecondHalf,Germany,0,0,0,0,0,0,0,1,0,0 days 01:03:42
1953871,SecondHalf,Germany,0,0,0,0,0,0,0,0,0,0 days 01:03:47
1953871,SecondHalf,Germany,0,1,0,0,0,0,0,0,0,0 days 01:03:49
1953871,SecondHalf,Germany,0,0,0,0,0,0,1,0,0,0 days 01:03:49
1953871,SecondHalf,Germany,0,0,0,0,0,0,1,0,0,0 days 01:03:51
1953871,SecondHalf,Ivory Coast,0,0,0,0,0,0,0,0,0,0 days 01:03:51
1953871,SecondHalf,Germany,0,0,0,0,0,0,1,0,0,0 days 01:03:56
1953871,SecondHalf,Germany,0,0,0,0,0,0,1,0,0,0 days 01:03:58
1953871,SecondHalf,Germany,0,0,0,0,0,0,1,0,0,0 days 01:04:02
1953871,SecondHalf,Germany,0,0,0,0,0,0,1,0,0,0 days 01:04:08
1953871,SecondHalf,Germany,0,0,0,0,0,0,0,0,0,0 days 01:04:12
1953871,SecondHalf,Ivory Coast,0,0,0,0,0,0,0,0,0,0 days 01:04:14
1953871,SecondHalf,Ivory Coast,0,0,0,0,0,0,1,0,0,0 days 01:04:25
1953871,SecondHalf,Ivory Coast,0,0,0,0,0,0,0,0,0,0 days 01:04:30
1953871,SecondHalf,Germany,0,1,0,0,0,0,0,0,0,0 days 01:04:33
1953871,SecondHalf,Germany,0,0,0,0,0,0,1,0,0,0 days 01:04:38
1953871,SecondHalf,Germany,0,0,0,0,0,0,1,0,0,0 days 01:04:39
1953871,SecondHalf,Germany,0,0,0,0,0,0,1,0,0,0 days 01:04:42
1953871,SecondHalf,Germany,0,0,0,0,0,0,1,0,0,0 days 01:04:45
1953871,SecondHalf,Germany,0,0,0,0,0,0,1,0,0,0 days 01:04:49
1953871,SecondHalf,Germany,0,0,0,0,0,0,1,0,0,0 days 01:04:51
1953871,SecondHalf,Germany,0,0,0,0,0,0,1,0,0,0 days 01:04:55
1953871,SecondHalf,Germany,0,0,0,0,0,0,1,0,0,0 days 01:05:00
1953871,SecondHalf,Germany,0,0,0,0,0,0,1,0,0,0 days 01:05:04
1953871,SecondHalf,Germany,0,0,0,0,0,0,1,0,0,0 days 01:05:07
1953871,SecondHalf,Germany,0,0,0,0,0,0,1,0,0,0 days 01:05:10
1953871,SecondHalf,Germany,0,0,0,0,0,0,1,0,0,0 days 01:05:12
1953871,SecondHalf,Germany,0,0,0,0,0,0,1,0,0,0 days 01:05:16
1953871,SecondHalf,Germany,0,0,0,0,0,0,1,0,0,0 days 01:05:17
1953871,SecondHalf,Germany,0,0,0,0,0,0,1,0,0,0 days 01:05:21
1953871,SecondHalf,Germany,0,0,0,0,0,0,1,0,0,0 days 01:05:24
1953871,SecondHalf,Ivory Coast,0,0,0,0,0,0,0,0,0,0 days 01:05:24
1953871,SecondHalf,Germany,0,0,0,0,0,0,0,0,0,0 days 01:05:26
1953871,SecondHalf,Ivory Coast,0,0,0,0,0,0,0,0,0,0 days 01:05:26
1953871,SecondHalf,Germany,0,0,0,0,0,0,1,0,0,0 days 01:06:08
1953871,SecondHalf,Ivory Coast,0,0,0,0,1,0,0,0,0,0 days 01:06:11
1953871,SecondHalf,Germany,0,0,0,0,1,0,0,0,0,0 days 01:06:11
1953872,SecondHalf,Germany,0,0,0,0,0,0,1,0,0,0 days 00:57:00
1953872,SecondHalf,Germany,0,0,0,0,0,0,1,0,0,0 days 00:57:02
1953872,SecondHalf,Germany,0,0,0,0,0,0,1,0,0,0 days 00:57:04
1953872,SecondHalf,Germany,0,0,0,0,0,0,1,0,0,0 days 00:57:09
1953872,SecondHalf,Germany,0,0,0,0,0,0,1,0,0,0 days 00:57:12
1953872,SecondHalf,Germany,0,0,0,0,0,0,1,0,0,0 days 00:57:15
1953872,SecondHalf,Ecuador,0,0,0,0,1,0,0,0,0,0 days 00:57:19
1953872,SecondHalf,Germany,0,0,0,0,1,0,0,0,0,0 days 00:57:19
1953872,SecondHalf,Germany,0,0,0,0,0,0,1,0,0,0 days 00:57:24
1953872,SecondHalf,Germany,0,0,0,0,0,0,1,0,0,0 days 00:57:28
1953872,SecondHalf,Ecuador,0,0,0,0,0,0,0,0,0,0 days 00:57:32
1953872,SecondHalf,Ecuador,0,0,0,0,0,0,1,0,0,0 days 00:57:41
1953872,SecondHalf,Ecuador,0,0,0,0,0,0,0,0,0,0 days 00:57:45
1953872,SecondHalf,Germany,0,0,0,0,0,0,0,0,0,0 days 00:57:45
1953872,SecondHalf,Germany,0,0,0,0,0,0,1,0,0,0 days 00:57:45
1953872,SecondHalf,Ecuador,0,0,0,0,0,0,0,0,0,0 days 00:57:46
1953872,SecondHalf,Germany,0,1,0,0,0,0,0,0,0,0 days 00:57:47
1953872,SecondHalf,Germany,0,0,0,0,0,0,1,0,0,0 days 00:57:48
1953872,SecondHalf,Germany,0,0,0,0,0,0,1,0,0,0 days 00:57:49
1953872,SecondHalf,Germany,0,0,0,0,0,0,1,0,0,0 days 00:57:53
1953872,SecondHalf,Germany,0,0,0,0,0,0,1,0,0,0 days 00:57:57
1953872,SecondHalf,Ecuador,0,0,0,0,0,0,0,0,0,0 days 00:58:01
1953872,SecondHalf,Germany,0,0,0,0,0,0,0,0,0,0 days 00:58:01
1953872,SecondHalf,Germany,0,0,0,0,0,0,0,0,0,0 days 00:58:01
1953872,SecondHalf,Ecuador,0,1,0,0,0,0,0,0,0,0 days 00:58:03
1953872,SecondHalf,Ecuador,0,0,0,0,0,0,1,0,0,0 days 00:58:03
1953872,SecondHalf,Ecuador,0,0,0,0,0,0,1,0,0,0 days 00:58:10
1953872,SecondHalf,Germany,0,0,0,0,0,0,1,0,0,0 days 00:58:10
1953872,SecondHalf,Germany,0,1,0,0,0,0,0,0,0,0 days 00:58:12
1953872,SecondHalf,Germany,0,0,0,0,0,0,1,0,0,0 days 00:58:12
1953872,SecondHalf,Germany,0,0,0,0,0,0,1,0,0,0 days 00:58:16
1953872,SecondHalf,Germany,0,0,0,0,0,0,1,0,0,0 days 00:58:18
1953872,SecondHalf,Germany,0,0,0,0,0,0,1,0,0,0 days 00:58:21
1953872,SecondHalf,Germany,0,0,0,0,0,0,1,0,0,0 days 00:58:27
1953872,SecondHalf,Germany,0,0,0,0,0,0,1,0,0,0 days 00:58:28
1953872,SecondHalf,Germany,0,0,0,0,0,0,1,0,0,0 days 00:58:29
1953872,SecondHalf,Germany,0,0,0,0,0,0,1,0,0,0 days 00:58:32
1953872,SecondHalf,Germany,0,0,0,0,0,0,1,0,0,0 days 00:58:34
1953872,SecondHalf,Germany,0,0,0,0,0,0,1,0,0,0 days 00:58:37
1953872,SecondHalf,Germany,0,0,0,0,0,0,1,0,0,0 days 00:58:40
1953872,SecondHalf,Ecuador,0,0,0,0,0,0,0,0,0,0 days 00:58:42
1953872,SecondHalf,Germany,0,0,0,0,0,0,1,0,0,0 days 00:58:42
1953872,SecondHalf,Ecuador,0,1,0,0,0,0,0,0,0,0 days 00:58:47
1953872,SecondHalf,Ecuador,0,0,0,0,1,0,0,0,0,0 days 00:58:50
1953872,SecondHalf,Germany,0,0,0,0,1,0,0,0,0,0 days 00:58:50
1953872,SecondHalf,Germany,0,0,0,0,0,0,0,0,0,0 days 00:59:19
1953872,SecondHalf,Germany,0,0,0,0,0,0,0,0,0,0 days 00:59:19
1953872,SecondHalf,Germany,0,0,0,0,0,0,0,0,0,0 days 00:59:25
1953872,SecondHalf,Germany,0,0,0,0,0,0,0,0,0,0 days 00:59:25
1953872,SecondHalf,Germany,0,0,0,0,0,0,0,0,0,0 days 00:59:26
1953872,SecondHalf,Ecuador,0,0,0,0,0,0,1,0,0,0 days 00:59:49
1953872,SecondHalf,Germany,0,0,0,0,0,0,0,0,0,0 days 00:59:53
1953872,SecondHalf,Ecuador,0,0,0,0,0,0,0,0,0,0 days 00:59:53
1953872,SecondHalf,Ecuador,0,0,0,0,0,0,1,0,0,0 days 00:59:54
1953872,SecondHalf,Germany,0,0,0,0,0,0,0,0,0,0 days 00:59:56
1953872,SecondHalf,Ecuador,0,0,0,0,0,0,0,0,1,0 days 00:59:56
1953872,SecondHalf,Germany,0,0,0,0,0,0,0,0,0,0 days 00:59:57
1953872,SecondHalf,Ecuador,0,0,0,0,0,0,0,0,1,0 days 00:59:57
1953872,SecondHalf,Ecuador,0,0,0,0,0,0,1,0,0,0 days 00:59:57
1953872,SecondHalf,Ecuador,0,0,0,0,0,0,1,0,0,0 days 00:59:58
1953872,SecondHalf,Germany,0,1,0,0,0,0,0,0,0,0 days 00:59:59
1953872,SecondHalf,Germany,0,0,0,0,0,0,1,0,0,0 days 01:00:00
1953872,SecondHalf,Germany,0,0,0,0,0,0,0,0,0,0 days 01:00:01
1953872,SecondHalf,Ecuador,0,1,0,0,0,0,0,0,0,0 days 01:00:03
1953872,SecondHalf,Ecuador,0,0,0,0,0,0,1,0,0,0 days 01:00:03
1953872,SecondHalf,Ecuador,0,0,0,0,0,0,1,0,0,0 days 01:00:04
1953872,SecondHalf,Ecuador,0,0,0,0,0,0,1,0,0,0 days 01:00:08
1953872,SecondHalf,Germany,0,0,0,0,0,0,1,0,0,0 days 01:00:22
1953872,SecondHalf,Ecuador,0,0,0,0,0,0,1,0,0,0 days 01:00:25
1953872,SecondHalf,Germany,0,0,0,0,0,0,0,0,0,0 days 01:00:26
1953872,SecondHalf,Ecuador,0,1,0,0,0,0,0,0,0,0 days 01:00:27
1953872,SecondHalf,Ecuador,0,0,0,0,0,0,0,0,1,0 days 01:00:28
1953872,SecondHalf,Germany,0,0,0,0,0,0,0,1,0,0 days 01:00:28
1953872,SecondHalf,Germany,0,0,0,0,0,0,0,0,0,0 days 01:00:29
1953872,SecondHalf,Germany,0,0,0,0,0,0,0,0,0,0 days 01:00:35
1953872,SecondHalf,Ecuador,0,0,0,0,0,0,1,0,0,0 days 01:00:49
1953872,SecondHalf,Ecuador,0,0,0,0,0,0,1,0,0,0 days 01:00:50
1953872,SecondHalf,Ecuador,0,0,0,0,0,0,1,0,0,0 days 01:00:54
1953872,SecondHalf,Ecuador,0,0,0,0,0,0,1,0,0,0 days 01:01:02
1953872,SecondHalf,Ecuador,0,0,0,0,0,0,1,0,0,0 days 01:01:05
1953872,SecondHalf,Ecuador,0,0,0,0,0,0,1,0,0,0 days 01:01:14
1953872,SecondHalf,Germany,0,1,0,0,0,0,0,0,0,0 days 01:01:18
1953872,SecondHalf,Ecuador,0,0,0,0,0,0,0,0,0,0 days 01:01:18
1953872,SecondHalf,Germany,0,0,0,0,0,0,1,0,0,0 days 01:01:18
1953872,SecondHalf,Germany,0,0,0,0,0,0,1,0,0,0 days 01:01:19
1953872,SecondHalf,Germany,0,0,0,0,0,0,1,0,0,0 days 01:01:26
1953872,SecondHalf,Germany,0,0,0,0,0,0,1,0,0,0 days 01:01:27
1953872,SecondHalf,Germany,0,0,0,0,0,0,1,0,0,0 days 01:01:32
1953872,SecondHalf,Ecuador,0,1,0,0,0,0,0,0,0,0 days 01:01:35
1953872,SecondHalf,Ecuador,0,0,0,0,0,0,1,0,0,0 days 01:01:36
1953872,SecondHalf,Ecuador,0,0,0,0,0,0,1,0,0,0 days 01:01:44
1953872,SecondHalf,Ecuador,0,0,0,0,0,0,1,0,0,0 days 01:01:50
1953872,SecondHalf,Ecuador,1,0,0,0,0,0,0,0,0,0 days 01:01:51
1953872,SecondHalf,Germany,0,0,0,0,0,0,0,0,0,0 days 01:01:51
1953872,SecondHalf,Ecuador,0,0,0,0,0,0,1,0,0,0 days 01:01:57
1953872,SecondHalf,Ecuador,0,0,0,0,0,0,1,0,0,0 days 01:02:00
1953872,SecondHalf,Germany,0,0,0,0,0,1,0,0,0,0 days 01:02:04
1953872,SecondHalf,Germany,0,0,0,0,0,0,1,0,0,0 days 01:02:04
1953872,SecondHalf,Germany,0,1,0,0,0,0,0,0,0,0 days 01:02:05
1953872,SecondHalf,Germany,0,0,0,0,0,0,0,0,0,0 days 01:02:06
1953872,SecondHalf,Germany,0,0,0,0,0,0,0,0,0,0 days 01:02:07
1953872,SecondHalf,Ecuador,0,0,0,0,0,0,1,0,0,0 days 01:02:07
1953872,SecondHalf,Ecuador,0,1,0,0,0,0,0,0,0,0 days 01:02:09
1953872,SecondHalf,Ecuador,0,0,0,0,0,0,1,0,0,0 days 01:02:10
1953872,SecondHalf,Ecuador,0,0,0,0,0,0,1,0,0,0 days 01:02:14
1953872,SecondHalf,Ecuador,0,0,0,0,0,0,1,0,0,0 days 01:02:17
1953872,SecondHalf,Ecuador,0,0,0,0,0,0,1,0,0,0 days 01:02:20
1953872,SecondHalf,Ecuador,0,0,0,0,0,0,1,0,0,0 days 01:02:25
1953872,SecondHalf,Ecuador,0,0,0,0,0,0,1,0,0,0 days 01:02:34
1953872,SecondHalf,Ecuador,0,0,0,0,0,0,1,0,0,0 days 01:02:36
1953872,SecondHalf,Ecuador,0,0,0,0,0,0,1,0,0,0 days 01:02:39
1953872,SecondHalf,Germany,0,0,0,0,0,0,1,0,0,0 days 01:02:43
1953872,SecondHalf,Germany,0,1,0,0,0,0,0,0,0,0 days 01:02:44
1953872,SecondHalf,Germany,0,0,0,0,0,0,1,0,0,0 days 01:02:46
1953872,SecondHalf,Ecuador,0,0,0,0,0,0,0,0,0,0 days 01:02:48
1953872,SecondHalf,Germany,0,0,0,0,0,0,0,0,1,0 days 01:02:48
1953872,SecondHalf,Germany,0,0,0,0,0,0,1,0,0,0 days 01:02:49
1953872,SecondHalf,Germany,0,0,0,0,0,0,1,0,0,0 days 01:02:51
1953872,SecondHalf,Germany,1,0,0,0,0,0,0,0,0,0 days 01:02:55
1953872,SecondHalf,Ecuador,0,0,0,0,0,0,0,0,0,0 days 01:02:55
1953872,SecondHalf,Germany,0,0,0,0,0,0,1,0,0,0 days 01:03:00
1953872,SecondHalf,Ecuador,0,0,0,0,0,0,0,0,0,0 days 01:03:03
1953872,SecondHalf,Ecuador,0,0,0,0,0,0,1,0,0,0 days 01:03:13
1953872,SecondHalf,Germany,0,0,1,0,0,0,0,0,0,0 days 01:03:19
1953872,SecondHalf,Ecuador,0,0,0,0,0,0,0,0,0,0 days 01:03:37
1953872,SecondHalf,Ecuador,0,0,0,0,0,0,0,0,0,0 days 01:03:37
1953872,SecondHalf,Ecuador,0,0,0,0,0,0,0,0,0,0 days 01:03:49
1953872,SecondHalf,Ecuador,0,0,0,0,0,0,0,0,0,0 days 01:03:49
1953872,SecondHalf,Germany,0,0,0,0,0,0,0,0,0,0 days 01:03:58
1953872,SecondHalf,Germany,0,0,0,0,0,0,0,0,0,0 days 01:03:58
1953872,SecondHalf,Germany,0,0,0,0,0,0,0,0,0,0 days 01:03:59
1953872,SecondHalf,Ecuador,0,0,0,0,0,0,1,0,0,0 days 01:04:08
1953872,SecondHalf,Ecuador,0,0,0,0,0,0,1,0,0,0 days 01:04:11
1953872,SecondHalf,Ecuador,0,0,0,0,0,0,1,0,0,0 days 01:04:13
1953872,SecondHalf,Germany,0,0,0,0,0,0,0,0,0,0 days 01:04:15
1953872,SecondHalf,Ecuador,0,0,0,0,0,0,0,0,0,0 days 01:04:15
1953872,SecondHalf,Ecuador,0,0,0,0,0,0,1,0,0,0 days 01:04:16
1953872,SecondHalf,Ecuador,0,0,0,0,0,0,1,0,0,0 days 01:04:20
1953872,SecondHalf,Ecuador,0,0,0,0,0,0,1,0,0,0 days 01:04:22
1953872,SecondHalf,Ecuador,0,0,0,0,0,0,1,0,0,0 days 01:04:24
1953872,SecondHalf,Ecuador,0,0,0,0,0,0,1,0,0,0 days 01:04:30
1953872,SecondHalf,Ecuador,0,0,0,0,0,0,1,0,0,0 days 01:04:33
1953872,SecondHalf,Ecuador,0,0,0,0,0,0,1,0,0,0 days 01:04:34
1953872,SecondHalf,Ecuador,0,0,0,0,0,0,1,0,0,0 days 01:04:37
1953872,SecondHalf,Ecuador,0,0,0,0,0,0,1,0,0,0 days 01:04:42
1953872,SecondHalf,Ecuador,0,0,0,0,0,0,1,0,0,0 days 01:04:44
1953872,SecondHalf,Ecuador,0,0,0,0,0,0,1,0,0,0 days 01:04:45
1953872,SecondHalf,Ecuador,0,0,0,0,0,0,1,0,0,0 days 01:04:50
1953872,SecondHalf,Ecuador,0,0,0,0,1,0,0,0,0,0 days 01:04:55
1953872,SecondHalf,Germany,0,0,0,0,1,0,0,0,0,0 days 01:04:55
1953872,SecondHalf,Ecuador,0,0,0,0,0,0,1,0,0,0 days 01:05:49
1953872,SecondHalf,Germany,0,0,1,0,0,0,0,0,0,0 days 01:05:52
1953872,SecondHalf,Ecuador,0,0,0,0,0,0,1,0,0,0 days 01:05:54
1953872,SecondHalf,Ecuador,0,0,0,0,0,0,1,0,0,0 days 01:06:01
1953872,SecondHalf,Ecuador,0,0,0,0,0,0,1,0,0,0 days 01:06:04
1953872,SecondHalf,Ecuador,0,0,0,0,0,0,1,0,0,0 days 01:06:07
1953872,SecondHalf,Ecuador,0,0,0,0,0,0,1,0,0,0 days 01:06:10
1953872,SecondHalf,Germany,0,0,0,0,0,0,0,0,0,0 days 01:06:13
1953872,SecondHalf,Germany,0,0,0,0,0,0,1,0,0,0 days 01:06:22
1953872,SecondHalf,Germany,0,0,0,0,0,0,1,0,0,0 days 01:06:25
1953872,SecondHalf,Ecuador,0,0,0,0,0,0,0,0,0,0 days 01:06:26
1953872,SecondHalf,Germany,0,0,0,0,0,0,1,0,0,0 days 01:06:28
1953872,SecondHalf,Germany,0,0,0,0,0,0,1,0,0,0 days 01:06:29
1953872,SecondHalf,Germany,0,0,0,0,0,0,1,0,0,0 days 01:06:32
1953872,SecondHalf,Germany,0,0,0,0,0,0,1,0,0,0 days 01:06:35
1953872,SecondHalf,Germany,0,0,0,0,0,0,1,0,0,0 days 01:06:38
1953872,SecondHalf,Germany,0,0,0,0,0,0,1,0,0,0 days 01:06:40
1953872,SecondHalf,Ecuador,0,0,0,0,0,0,1,0,0,0 days 01:06:46
1953872,SecondHalf,Ecuador,0,1,0,0,0,0,0,0,0,0 days 01:06:48
1953872,SecondHalf,Ecuador,0,0,0,0,0,0,1,0,0,0 days 01:06:49
1953872,SecondHalf,Ecuador,0,0,0,0,0,0,1,0,0,0 days 01:06:53
1953872,SecondHalf,Ecuador,0,0,0,0,0,0,0,0,0,0 days 01:06:54
1953872,SecondHalf,Germany,0,1,0,0,0,0,0,0,0,0 days 01:06:58
1953872,SecondHalf,Germany,0,0,0,0,0,0,1,0,0,0 days 01:06:59
1953873,SecondHalf,Ivory Coast,0,0,0,0,0,0,1,0,0,0 days 00:57:03
1953873,SecondHalf,Ivory Coast,0,0,0,0,0,0,1,0,0,0 days 00:57:07
1953873,SecondHalf,Curacao,0,1,0,0,0,0,0,0,0,0 days 00:57:11
1953873,SecondHalf,Curacao,0,0,0,0,0,0,1,0,0,0 days 00:57:13
1953873,SecondHalf,Curacao,0,0,0,0,0,0,1,0,0,0 days 00:57:17
1953873,SecondHalf,Curacao,0,0,0,0,0,0,1,0,0,0 days 00:57:19
1953873,SecondHalf,Ivory Coast,0,0,0,0,0,1,0,0,0,0 days 00:57:21
1953873,SecondHalf,Ivory Coast,0,1,0,0,0,0,0,0,0,0 days 00:57:23
1953873,SecondHalf,Ivory Coast,0,0,0,0,0,0,1,0,0,0 days 00:57:24
1953873,SecondHalf,Ivory Coast,0,0,0,0,0,0,1,0,0,0 days 00:57:26
1953873,SecondHalf,Ivory Coast,0,0,0,0,0,0,1,0,0,0 days 00:57:30
1953873,SecondHalf,Ivory Coast,0,0,0,0,0,0,1,0,0,0 days 00:57:34
1953873,SecondHalf,Ivory Coast,0,0,0,0,0,0,1,0,0,0 days 00:57:36
1953873,SecondHalf,Curacao,0,0,1,0,0,0,0,0,0,0 days 00:57:37
1953873,SecondHalf,Ivory Coast,0,0,0,0,0,0,1,0,0,0 days 00:57:47
1953873,SecondHalf,Ivory Coast,0,0,0,0,0,0,1,0,0,0 days 00:57:49
1953873,SecondHalf,Ivory Coast,0,0,0,0,0,0,1,0,0,0 days 00:57:51
1953873,SecondHalf,Ivory Coast,0,0,0,0,0,0,1,0,0,0 days 00:57:53
1953873,SecondHalf,Ivory Coast,0,0,0,0,0,0,1,0,0,0 days 00:57:57
1953873,SecondHalf,Ivory Coast,0,0,0,0,0,0,1,0,0,0 days 00:57:59
1953873,SecondHalf,Ivory Coast,0,0,0,0,0,0,1,0,0,0 days 00:58:04
1953873,SecondHalf,Ivory Coast,0,0,0,0,0,0,1,0,0,0 days 00:58:07
1953873,SecondHalf,Ivory Coast,0,0,0,0,0,0,1,0,0,0 days 00:58:11
1953873,SecondHalf,Ivory Coast,0,0,0,0,0,0,1,0,0,0 days 00:58:13
1953873,SecondHalf,Ivory Coast,0,0,0,1,0,0,0,0,0,0 days 00:58:18
1953873,SecondHalf,Curacao,0,0,0,0,0,0,0,1,0,0 days 00:58:18
1953873,SecondHalf,Ivory Coast,0,0,0,0,0,0,1,0,0,0 days 00:58:19
1953873,SecondHalf,Curacao,0,0,0,0,0,0,0,0,0,0 days 00:58:19
1953873,SecondHalf,Ivory Coast,0,0,0,0,0,0,1,0,0,0 days 00:58:21
1953873,SecondHalf,Ivory Coast,0,0,0,0,0,0,1,0,0,0 days 00:58:24
1953873,SecondHalf,Curacao,0,0,0,0,0,0,0,0,0,0 days 00:58:24
1953873,SecondHalf,Curacao,0,1,0,0,0,0,0,0,0,0 days 00:58:26
1953873,SecondHalf,Curacao,0,0,0,0,0,0,1,0,0,0 days 00:58:29
1953873,SecondHalf,Curacao,0,0,0,0,0,0,1,0,0,0 days 00:58:30
1953873,SecondHalf,Curacao,0,0,0,0,0,0,1,0,0,0 days 00:58:31
1953873,SecondHalf,Curacao,0,0,0,0,0,0,1,0,0,0 days 00:58:35
1953873,SecondHalf,Curacao,0,0,0,0,0,0,1,0,0,0 days 00:58:36
1953873,SecondHalf,Curacao,0,0,0,0,0,0,1,0,0,0 days 00:58:39
1953873,SecondHalf,Curacao,0,0,0,0,0,0,1,0,0,0 days 00:58:44
1953873,SecondHalf,Curacao,0,0,0,0,0,0,1,0,0,0 days 00:58:45
1953873,SecondHalf,Curacao,0,0,0,0,0,0,1,0,0,0 days 00:58:48
1953873,SecondHalf,Curacao,0,0,0,0,0,0,1,0,0,0 days 00:58:54
1953873,SecondHalf,Curacao,0,0,0,0,0,0,1,0,0,0 days 00:59:01
1953873,SecondHalf,Curacao,0,0,0,0,0,0,1,0,0,0 days 00:59:02
1953873,SecondHalf,Curacao,0,0,0,0,0,0,1,0,0,0 days 00:59:05
1953873,SecondHalf,Ivory Coast,0,0,1,0,0,0,0,0,0,0 days 00:59:08
1953873,SecondHalf,Ivory Coast,0,1,0,0,0,0,0,0,0,0 days 00:59:09
1953873,SecondHalf,Ivory Coast,0,0,0,0,0,0,1,0,0,0 days 00:59:12
1953873,SecondHalf,Ivory Coast,0,0,0,0,0,0,1,0,0,0 days 00:59:17
1953873,SecondHalf,Ivory Coast,0,0,0,0,0,0,1,0,0,0 days 00:59:20
1953873,SecondHalf,Ivory Coast,0,0,0,0,0,0,1,0,0,0 days 00:59:24
1953873,SecondHalf,Ivory Coast,0,0,0,0,0,0,1,0,0,0 days 00:59:25
1953873,SecondHalf,Ivory Coast,0,0,0,0,0,0,0,0,0,0 days 00:59:26
1953873,SecondHalf,Ivory Coast,0,0,0,0,0,0,1,0,0,0 days 00:59:28
1953873,SecondHalf,Ivory Coast,0,0,0,0,0,0,1,0,0,0 days 00:59:28
1953873,SecondHalf,Ivory Coast,0,0,0,0,0,0,1,0,0,0 days 00:59:29
1953873,SecondHalf,Ivory Coast,0,0,0,0,0,0,1,0,0,0 days 00:59:30
1953873,SecondHalf,Ivory Coast,0,0,0,0,0,0,1,0,0,0 days 00:59:32
1953873,SecondHalf,Ivory Coast,0,0,0,0,0,0,1,0,0,0 days 00:59:33
1953873,SecondHalf,Ivory Coast,0,0,0,0,0,0,1,0,0,0 days 00:59:36
1953873,SecondHalf,Ivory Coast,0,0,0,0,0,0,1,0,0,0 days 00:59:39
1953873,SecondHalf,Ivory Coast,0,0,0,0,0,0,1,0,0,0 days 00:59:43
1953873,SecondHalf,Ivory Coast,0,0,0,0,0,0,1,0,0,0 days 00:59:49
1953873,SecondHalf,Ivory Coast,0,0,0,0,0,0,1,0,0,0 days 00:59:52
1953873,SecondHalf,Ivory Coast,0,0,0,0,0,0,1,0,0,0 days 01:00:08
1953873,SecondHalf,Curacao,0,0,1,0,0,0,0,0,0,0 days 01:00:08
1953873,SecondHalf,Ivory Coast,0,0,0,0,0,0,1,0,0,0 days 01:00:09
1953873,SecondHalf,Ivory Coast,0,0,0,0,0,0,1,0,0,0 days 01:00:14
1953873,SecondHalf,Ivory Coast,0,0,0,0,0,0,1,0,0,0 days 01:00:17
1953873,SecondHalf,Ivory Coast,0,0,0,0,0,0,1,0,0,0 days 01:00:18
1953873,SecondHalf,Ivory Coast,0,0,0,0,0,0,1,0,0,0 days 01:00:20
1953873,SecondHalf,Ivory Coast,0,0,0,0,0,0,1,0,0,0 days 01:00:22
1953873,SecondHalf,Ivory Coast,0,0,0,0,0,0,1,0,0,0 days 01:00:23
1953873,SecondHalf,Ivory Coast,0,0,0,0,0,0,1,0,0,0 days 01:00:27
1953873,SecondHalf,Ivory Coast,0,0,0,0,0,0,1,0,0,0 days 01:00:33
1953873,SecondHalf,Ivory Coast,0,0,0,0,0,0,0,0,1,0 days 01:00:37
1953873,SecondHalf,Curacao,0,0,0,0,0,0,0,1,0,0 days 01:00:37
1953873,SecondHalf,Ivory Coast,0,0,0,0,0,0,0,0,0,0 days 01:00:38
1953873,SecondHalf,Curacao,0,0,0,0,0,0,0,0,0,0 days 01:00:54
1953873,SecondHalf,Curacao,0,0,0,0,0,0,0,0,0,0 days 01:00:54
1953873,SecondHalf,Curacao,0,0,0,0,0,0,0,0,0,0 days 01:00:55
1953873,SecondHalf,Curacao,0,0,0,0,0,0,1,0,0,0 days 01:01:08
1953873,SecondHalf,Curacao,0,0,0,0,0,0,1,0,0,0 days 01:01:11
1953873,SecondHalf,Curacao,0,0,0,0,0,0,1,0,0,0 days 01:01:14
1953873,SecondHalf,Curacao,0,0,0,0,0,0,1,0,0,0 days 01:01:19
1953873,SecondHalf,Curacao,0,0,0,0,0,0,1,0,0,0 days 01:01:23
1953873,SecondHalf,Curacao,0,0,0,0,0,0,1,0,0,0 days 01:01:28
1953873,SecondHalf,Curacao,0,0,0,0,0,0,1,0,0,0 days 01:01:31
1953873,SecondHalf,Curacao,0,0,0,0,0,0,1,0,0,0 days 01:01:33
1953873,SecondHalf,Curacao,0,0,0,0,0,0,1,0,0,0 days 01:01:34
1953873,SecondHalf,Curacao,0,0,0,0,0,0,1,0,0,0 days 01:01:42
1953873,SecondHalf,Ivory Coast,0,0,0,0,0,0,0,0,0,0 days 01:01:46
1953873,SecondHalf,Ivory Coast,0,0,0,0,0,0,1,0,0,0 days 01:01:54
1953873,SecondHalf,Ivory Coast,0,0,0,0,0,0,1,0,0,0 days 01:01:58
1953873,SecondHalf,Ivory Coast,0,0,0,0,0,0,1,0,0,0 days 01:02:03
1953873,SecondHalf,Ivory Coast,0,0,0,0,0,0,1,0,0,0 days 01:02:05
1953873,SecondHalf,Ivory Coast,0,0,0,0,0,0,1,0,0,0 days 01:02:06
1953873,SecondHalf,Ivory Coast,0,0,0,0,0,0,1,0,0,0 days 01:02:10
1953873,SecondHalf,Curacao,0,0,0,0,0,0,1,0,0,0 days 01:02:12
1953873,SecondHalf,Curacao,0,0,0,0,0,0,1,0,0,0 days 01:02:13
1953873,SecondHalf,Curacao,0,1,0,0,0,0,0,0,0,0 days 01:02:16
1953873,SecondHalf,Curacao,0,0,0,0,0,0,1,0,0,0 days 01:02:17
1953873,SecondHalf,Curacao,0,0,0,0,0,0,1,0,0,0 days 01:02:25
1953873,SecondHalf,Curacao,0,0,0,0,0,0,1,0,0,0 days 01:02:32
1953873,SecondHalf,Ivory Coast,0,0,0,0,0,1,0,0,0,0 days 01:02:34
1953873,SecondHalf,Curacao,0,0,0,0,0,0,1,0,0,0 days 01:02:37
1953873,SecondHalf,Ivory Coast,0,0,0,0,0,0,1,0,0,0 days 01:02:39
1953873,SecondHalf,Ivory Coast,0,1,0,0,0,0,0,0,0,0 days 01:02:40
1953873,SecondHalf,Ivory Coast,0,0,0,0,0,0,1,0,0,0 days 01:02:42
1953873,SecondHalf,Curacao,0,0,0,0,0,0,0,0,0,0 days 01:02:42
1953873,SecondHalf,Ivory Coast,0,0,0,0,0,0,1,0,0,0 days 01:02:44
1953873,SecondHalf,Ivory Coast,0,0,0,0,0,0,1,0,0,0 days 01:02:46
1953873,SecondHalf,Ivory Coast,0,0,0,0,0,0,1,0,0,0 days 01:02:49
1953873,SecondHalf,Ivory Coast,0,0,0,0,0,0,1,0,0,0 days 01:02:51
1953873,SecondHalf,Ivory Coast,0,0,0,0,0,0,1,0,0,0 days 01:02:53
1953873,SecondHalf,Ivory Coast,0,0,0,0,0,0,1,0,0,0 days 01:02:56
1953873,SecondHalf,Ivory Coast,0,0,0,0,0,0,1,0,0,0 days 01:03:01
1953873,SecondHalf,Ivory Coast,0,0,0,0,0,0,1,0,0,0 days 01:03:03
1953873,SecondHalf,Ivory Coast,0,0,0,0,0,0,1,0,0,0 days 01:03:04
1953873,SecondHalf,Ivory Coast,0,0,0,0,0,0,1,0,0,0 days 01:03:06
1953873,SecondHalf,Ivory Coast,0,0,0,0,0,0,1,0,0,0 days 01:03:06
1953873,SecondHalf,Ivory Coast,0,0,0,0,0,0,1,0,0,0 days 01:03:07
1953873,SecondHalf,Ivory Coast,0,0,0,0,0,0,1,0,0,0 days 01:03:10
1953873,SecondHalf,Ivory Coast,1,0,0,0,0,0,0,0,0,0 days 01:03:12
1953873,SecondHalf,Curacao,0,0,0,0,0,0,1,0,0,0 days 01:04:28
1953873,SecondHalf,Curacao,0,0,0,0,0,0,1,0,0,0 days 01:04:29
1953873,SecondHalf,Curacao,0,0,0,0,0,0,1,0,0,0 days 01:04:35
1953873,SecondHalf,Curacao,0,0,0,0,0,0,1,0,0,0 days 01:04:38
1953873,SecondHalf,Curacao,0,0,0,0,0,0,1,0,0,0 days 01:04:41
1953873,SecondHalf,Curacao,0,0,0,0,0,0,1,0,0,0 days 01:04:43
1953873,SecondHalf,Curacao,0,0,0,0,0,0,1,0,0,0 days 01:04:46
1953873,SecondHalf,Curacao,0,0,0,0,0,0,1,0,0,0 days 01:04:49
1953873,SecondHalf,Curacao,0,0,0,0,0,0,1,0,0,0 days 01:04:51
1953873,SecondHalf,Curacao,0,0,0,0,0,0,1,0,0,0 days 01:04:56
1953873,SecondHalf,Curacao,0,0,0,1,0,0,0,0,0,0 days 01:05:06
1953873,SecondHalf,Ivory Coast,0,0,0,0,0,0,0,1,0,0 days 01:05:06
1953873,SecondHalf,Ivory Coast,0,0,0,0,0,0,1,0,0,0 days 01:05:07
1953873,SecondHalf,Ivory Coast,0,1,0,0,0,0,0,0,0,0 days 01:05:08
1953873,SecondHalf,Ivory Coast,0,0,0,0,0,0,1,0,0,0 days 01:05:08
1953873,SecondHalf,Ivory Coast,0,0,0,0,0,0,1,0,0,0 days 01:05:10
1953873,SecondHalf,Ivory Coast,0,0,0,0,0,0,1,0,0,0 days 01:05:13
1953873,SecondHalf,Curacao,0,1,0,0,0,0,0,0,0,0 days 01:05:17
1953873,SecondHalf,Curacao,0,0,0,0,0,0,1,0,0,0 days 01:05:18
1953873,SecondHalf,Curacao,0,0,0,0,0,0,1,0,0,0 days 01:05:20
1953873,SecondHalf,Curacao,0,0,0,0,0,0,1,0,0,0 days 01:05:23
1953873,SecondHalf,Curacao,0,0,0,0,0,0,1,0,0,0 days 01:05:27
1953873,SecondHalf,Ivory Coast,0,0,0,0,0,0,0,0,0,0 days 01:05:27
1953873,SecondHalf,Ivory Coast,0,0,0,0,0,0,0,0,0,0 days 01:05:27
1953873,SecondHalf,Curacao,0,0,0,0,0,0,1,0,0,0 days 01:05:33
1953873,SecondHalf,Curacao,0,0,0,0,0,0,1,0,0,0 days 01:05:40
1953873,SecondHalf,Curacao,0,0,0,0,0,0,1,0,0,0 days 01:05:43
1953873,SecondHalf,Curacao,0,0,0,0,0,0,1,0,0,0 days 01:05:45
1953873,SecondHalf,Curacao,0,0,0,0,0,0,1,0,0,0 days 01:05:47
1953873,SecondHalf,Curacao,0,0,0,0,0,0,1,0,0,0 days 01:05:50
1953873,SecondHalf,Curacao,0,0,0,0,0,0,1,0,0,0 days 01:05:52
1953873,SecondHalf,Curacao,0,0,0,0,0,0,1,0,0,0 days 01:05:55
1953873,SecondHalf,Ivory Coast,0,0,0,0,0,0,0,0,0,0 days 01:05:58
1953873,SecondHalf,Ivory Coast,0,0,0,0,0,0,0,0,0,0 days 01:06:32
1953873,SecondHalf,Ivory Coast,0,0,0,0,0,0,0,0,0,0 days 01:06:32
1953873,SecondHalf,Ivory Coast,0,0,0,0,0,0,0,0,0,0 days 01:06:34
1953873,SecondHalf,Ivory Coast,0,0,0,0,0,0,0,0,0,0 days 01:06:34
1953873,SecondHalf,Ivory Coast,0,0,0,0,0,0,0,0,0,0 days 01:06:40
1953873,SecondHalf,Ivory Coast,0,0,0,0,0,0,0,0,0,0 days 01:06:40
1953873,SecondHalf,Ivory Coast,0,0,0,0,0,0,0,0,0,0 days 01:06:41
1953873,SecondHalf,Ivory Coast,0,0,0,0,0,0,1,0,0,0 days 01:06:54
1953873,SecondHalf,Ivory Coast,0,0,0,0,0,0,1,0,0,0 days 01:06:55
1953873,SecondHalf,Ivory Coast,0,0,0,0,0,0,1,0,0,0 days 01:06:58
1953873,SecondHalf,Ivory Coast,0,0,0,0,0,0,1,0,0,0 days 01:06:59
1953874,SecondHalf,Netherlands,0,0,0,0,0,0,1,0,0,0 days 00:57:57
1953874,SecondHalf,Netherlands,0,0,0,0,0,0,1,0,0,0 days 00:58:02
1953874,SecondHalf,Netherlands,0,0,0,0,0,0,0,0,0,0 days 00:58:05
1953874,SecondHalf,Japan,0,0,0,0,0,0,0,0,0,0 days 00:58:05
1953874,SecondHalf,Netherlands,0,0,0,0,0,0,1,0,0,0 days 00:58:06
1953874,SecondHalf,Japan,0,0,0,0,0,0,0,0,0,0 days 00:58:07
1953874,SecondHalf,Japan,0,0,1,0,0,0,0,0,0,0 days 00:58:09
1953874,SecondHalf,Netherlands,0,0,0,0,0,0,1,0,0,0 days 00:58:32
1953874,SecondHalf,Japan,0,0,1,0,0,0,0,0,0,0 days 00:58:35
1953874,SecondHalf,Japan,0,0,0,0,0,0,0,0,0,0 days 00:58:36
1953874,SecondHalf,Netherlands,0,0,0,0,0,0,1,0,0,0 days 00:58:37
1953874,SecondHalf,Japan,0,0,0,0,0,1,0,0,0,0 days 00:58:38
1953874,SecondHalf,Netherlands,0,0,0,0,0,0,1,0,0,0 days 00:59:26
1953874,SecondHalf,Japan,0,0,1,0,0,0,0,0,0,0 days 00:59:29
1953874,SecondHalf,Netherlands,0,0,0,0,0,0,0,0,0,0 days 00:59:32
1953874,SecondHalf,Japan,0,0,0,0,0,0,0,0,0,0 days 00:59:32
1953874,SecondHalf,Netherlands,0,0,0,0,0,0,1,0,0,0 days 00:59:33
1953874,SecondHalf,Netherlands,0,0,0,0,0,0,1,0,0,0 days 00:59:34
1953874,SecondHalf,Japan,0,0,0,0,0,0,0,0,0,0 days 00:59:35
1953874,SecondHalf,Netherlands,0,0,0,0,0,0,0,0,0,0 days 00:59:35
1953874,SecondHalf,Netherlands,0,0,0,0,0,0,1,0,0,0 days 00:59:35
1953874,SecondHalf,Japan,0,0,0,0,0,0,0,0,0,0 days 00:59:38
1953874,SecondHalf,Netherlands,0,0,0,0,0,0,0,0,0,0 days 00:59:38
1953874,SecondHalf,Japan,0,0,0,0,0,0,0,1,0,0 days 00:59:39
1953874,SecondHalf,Netherlands,0,0,0,0,0,0,0,0,1,0 days 00:59:39
1953874,SecondHalf,Netherlands,0,0,0,0,0,0,0,0,0,0 days 00:59:40
1953874,SecondHalf,Japan,0,0,0,0,0,0,0,0,0,0 days 00:59:40
1953874,SecondHalf,Netherlands,0,0,0,0,0,0,1,0,0,0 days 01:00:10
1953874,SecondHalf,Netherlands,0,0,0,0,0,0,0,0,0,0 days 01:00:12
1953874,SecondHalf,Japan,0,1,0,0,0,0,0,0,0,0 days 01:00:14
1953874,SecondHalf,Japan,0,0,0,0,0,0,1,0,0,0 days 01:00:17
1953874,SecondHalf,Japan,0,0,0,0,0,0,0,0,1,0 days 01:00:22
1953874,SecondHalf,Japan,0,0,0,0,1,0,0,0,0,0 days 01:00:23
1953874,SecondHalf,Netherlands,0,0,0,0,1,0,0,0,0,0 days 01:00:23
1953874,SecondHalf,Netherlands,0,0,0,0,0,0,0,0,0,0 days 01:00:27
1953874,SecondHalf,Japan,0,0,0,0,0,0,1,0,0,0 days 01:01:23
1953874,SecondHalf,Netherlands,0,0,1,0,0,0,0,0,0,0 days 01:01:24
1953874,SecondHalf,Japan,0,0,0,0,0,0,1,0,0,0 days 01:01:27
1953874,SecondHalf,Netherlands,0,0,1,0,0,0,0,0,0,0 days 01:01:28
1953874,SecondHalf,Japan,0,0,0,0,0,0,1,0,0,0 days 01:01:30
1953874,SecondHalf,Japan,0,0,0,0,0,0,1,0,0,0 days 01:01:34
1953874,SecondHalf,Japan,0,0,0,0,0,0,1,0,0,0 days 01:01:38
1953874,SecondHalf,Japan,0,0,0,0,0,0,1,0,0,0 days 01:01:43
1953874,SecondHalf,Netherlands,0,0,0,0,1,0,0,0,0,0 days 01:01:48
1953874,SecondHalf,Japan,0,0,0,0,1,0,0,0,0,0 days 01:01:48
1953874,SecondHalf,Netherlands,0,0,0,0,0,0,1,0,0,0 days 01:02:27
1953874,SecondHalf,Japan,0,0,0,0,0,0,0,0,0,0 days 01:02:31
1953874,SecondHalf,Japan,0,0,1,0,0,0,0,0,0,0 days 01:02:31
1953874,SecondHalf,Netherlands,0,0,0,0,0,0,0,0,0,0 days 01:02:31
1953874,SecondHalf,Netherlands,0,0,0,0,0,0,1,0,0,0 days 01:02:38
1953874,SecondHalf,Netherlands,0,0,0,0,0,0,1,0,0,0 days 01:02:40
1953874,SecondHalf,Netherlands,0,0,0,0,0,0,1,0,0,0 days 01:02:48
1953874,SecondHalf,Netherlands,0,0,0,0,0,0,1,0,0,0 days 01:02:53
1953874,SecondHalf,Netherlands,0,0,0,0,0,0,1,0,0,0 days 01:02:58
1953874,SecondHalf,Japan,0,0,0,0,0,0,0,0,0,0 days 01:03:01
1953874,SecondHalf,Netherlands,0,0,0,0,0,0,0,0,1,0 days 01:03:01
1953874,SecondHalf,Netherlands,0,0,0,0,0,0,1,0,0,0 days 01:03:05
1953874,SecondHalf,Netherlands,1,0,0,0,0,0,0,0,0,0 days 01:03:08
1953874,SecondHalf,Japan,0,0,0,0,0,0,1,0,0,0 days 01:04:12
1953874,SecondHalf,Japan,0,0,0,0,0,0,1,0,0,0 days 01:04:15
1953874,SecondHalf,Netherlands,0,0,1,0,0,0,0,0,0,0 days 01:04:20
1953874,SecondHalf,Japan,0,0,0,0,0,0,1,0,0,0 days 01:04:22
1953874,SecondHalf,Netherlands,0,0,0,0,1,0,0,0,0,0 days 01:04:24
1953874,SecondHalf,Japan,0,0,0,0,1,0,0,0,0,0 days 01:04:24
1953874,SecondHalf,Netherlands,0,0,0,0,0,0,1,0,0,0 days 01:04:40
1953874,SecondHalf,Netherlands,0,0,0,0,0,0,1,0,0,0 days 01:04:42
1953874,SecondHalf,Netherlands,0,0,0,0,0,0,1,0,0,0 days 01:04:43
1953874,SecondHalf,Netherlands,0,0,0,0,0,0,1,0,0,0 days 01:04:48
1953874,SecondHalf,Netherlands,0,0,0,0,0,0,1,0,0,0 days 01:04:51
1953874,SecondHalf,Netherlands,0,0,0,0,0,0,1,0,0,0 days 01:04:54
1953874,SecondHalf,Netherlands,0,0,0,0,0,0,1,0,0,0 days 01:04:57
1953874,SecondHalf,Netherlands,0,0,0,0,0,0,1,0,0,0 days 01:04:59
1953874,SecondHalf,Netherlands,0,0,0,0,0,0,1,0,0,0 days 01:05:02
1953874,SecondHalf,Netherlands,0,0,0,0,0,0,1,0,0,0 days 01:05:08
1953874,SecondHalf,Netherlands,0,0,0,0,0,0,1,0,0,0 days 01:05:11
1953874,SecondHalf,Netherlands,0,0,0,0,0,0,1,0,0,0 days 01:05:12
1953874,SecondHalf,Japan,0,0,0,0,0,0,0,0,0,0 days 01:05:13
1953874,SecondHalf,Japan,0,0,0,0,0,0,0,0,0,0 days 01:05:15
1953874,SecondHalf,Netherlands,0,0,0,0,0,0,0,0,0,0 days 01:05:15
1953874,SecondHalf,Japan,0,0,0,0,0,0,0,0,0,0 days 01:05:48
1953874,SecondHalf,Japan,0,0,0,0,0,0,0,0,0,0 days 01:05:48
1953874,SecondHalf,Japan,0,0,0,0,0,0,0,0,0,0 days 01:05:49
1953874,SecondHalf,Netherlands,0,0,0,0,0,0,0,0,0,0 days 01:05:00
1953874,SecondHalf,Japan,0,0,0,0,0,0,1,0,0,0 days 01:06:05
1953874,SecondHalf,Netherlands,0,0,0,0,0,0,0,0,0,0 days 01:06:09
1953874,SecondHalf,Japan,0,0,0,0,0,0,0,0,0,0 days 01:06:09
1953874,SecondHalf,Netherlands,0,0,0,0,0,0,1,0,0,0 days 01:06:09
1953874,SecondHalf,Japan,0,0,0,0,0,0,0,0,0,0 days 01:06:11
1953874,SecondHalf,Netherlands,0,0,0,0,0,0,0,0,0,0 days 01:06:11
1953874,SecondHalf,Netherlands,0,0,0,0,0,0,1,0,0,0 days 01:06:12
1953874,SecondHalf,Japan,0,0,0,0,0,0,0,0,0,0 days 01:06:13
1953874,SecondHalf,Netherlands,0,0,0,0,0,0,0,0,0,0 days 01:06:13
1953874,SecondHalf,Netherlands,0,0,0,0,0,0,0,0,0,0 days 01:06:14
1953874,SecondHalf,Japan,0,0,0,0,0,0,1,0,0,0 days 01:06:16
1953874,SecondHalf,Japan,0,0,0,0,0,0,1,0,0,0 days 01:06:17
1953874,SecondHalf,Japan,0,0,0,0,0,0,0,0,0,0 days 01:06:18
1953874,SecondHalf,Japan,1,0,0,0,0,0,0,0,0,0 days 01:06:19
1953875,SecondHalf,Netherlands,0,0,0,0,0,0,1,0,0,0 days 00:57:00
1953875,SecondHalf,Netherlands,0,0,0,0,0,0,1,0,0,0 days 00:57:01
1953875,SecondHalf,Netherlands,0,0,0,0,0,0,1,0,0,0 days 00:57:05
1953875,SecondHalf,Netherlands,0,0,0,0,0,0,1,0,0,0 days 00:57:06
1953875,SecondHalf,Netherlands,0,0,0,0,0,0,1,0,0,0 days 00:57:09
1953875,SecondHalf,Netherlands,0,0,0,0,0,0,1,0,0,0 days 00:57:12
1953875,SecondHalf,Netherlands,0,0,0,0,0,0,1,0,0,0 days 00:57:13
1953875,SecondHalf,Netherlands,0,0,0,0,0,0,1,0,0,0 days 00:57:15
1953875,SecondHalf,Netherlands,0,0,0,0,0,0,1,0,0,0 days 00:57:18
1953875,SecondHalf,Netherlands,0,0,0,0,0,0,1,0,0,0 days 00:57:21
1953875,SecondHalf,Netherlands,0,0,0,0,0,0,1,0,0,0 days 00:57:23
1953875,SecondHalf,Netherlands,0,0,0,0,0,0,1,0,0,0 days 00:57:26
1953875,SecondHalf,Netherlands,0,0,0,0,0,0,1,0,0,0 days 00:57:29
1953875,SecondHalf,Netherlands,0,0,0,0,0,0,1,0,0,0 days 00:57:33
1953875,SecondHalf,Netherlands,0,0,0,0,0,0,1,0,0,0 days 00:57:37
1953875,SecondHalf,Netherlands,0,0,0,0,0,0,1,0,0,0 days 00:57:45
1953875,SecondHalf,Netherlands,0,0,0,0,0,0,1,0,0,0 days 00:57:48
1953875,SecondHalf,Netherlands,0,0,0,0,0,0,1,0,0,0 days 00:57:52
1953875,SecondHalf,Netherlands,0,0,0,0,0,0,1,0,0,0 days 00:57:54
1953875,SecondHalf,Netherlands,0,0,0,0,0,0,1,0,0,0 days 00:57:56
1953875,SecondHalf,Tunisia,0,0,0,0,0,1,0,0,0,0 days 00:57:57
1953875,SecondHalf,Tunisia,0,1,0,0,0,0,0,0,0,0 days 00:57:58
1953875,SecondHalf,Tunisia,0,0,0,0,0,0,1,0,0,0 days 00:57:59
1953875,SecondHalf,Netherlands,0,0,0,0,0,1,0,0,0,0 days 00:58:00
1953875,SecondHalf,Tunisia,0,0,0,0,0,0,1,0,0,0 days 00:58:09
1953875,SecondHalf,Netherlands,0,0,0,0,0,0,0,0,0,0 days 00:58:12
1953875,SecondHalf,Tunisia,0,0,0,0,0,0,0,0,0,0 days 00:58:12
1953875,SecondHalf,Tunisia,0,0,0,0,0,0,0,0,0,0 days 00:58:13
1953875,SecondHalf,Netherlands,0,0,0,0,1,0,0,0,0,0 days 00:58:16
1953875,SecondHalf,Tunisia,0,0,0,0,1,0,0,0,0,0 days 00:58:16
1953875,SecondHalf,Tunisia,0,0,0,0,0,0,1,0,0,0 days 00:58:31
1953875,SecondHalf,Tunisia,0,0,0,0,0,0,1,0,0,0 days 00:58:34
1953875,SecondHalf,Tunisia,0,0,0,0,0,0,1,0,0,0 days 00:58:38
1953875,SecondHalf,Tunisia,0,0,0,0,0,0,1,0,0,0 days 00:58:42
1953875,SecondHalf,Tunisia,0,0,0,0,0,0,1,0,0,0 days 00:58:44
1953875,SecondHalf,Tunisia,0,0,0,0,0,0,1,0,0,0 days 00:58:47
1953875,SecondHalf,Tunisia,0,0,0,0,0,0,1,0,0,0 days 00:58:52
1953875,SecondHalf,Netherlands,0,0,0,0,0,0,1,0,0,0 days 00:58:55
1953875,SecondHalf,Netherlands,0,1,0,0,0,0,0,0,0,0 days 00:58:57
1953875,SecondHalf,Netherlands,0,0,0,0,0,0,0,0,1,0 days 00:58:57
1953875,SecondHalf,Netherlands,0,0,0,0,1,0,0,0,0,0 days 00:58:58
1953875,SecondHalf,Tunisia,0,0,0,0,1,0,0,0,0,0 days 00:58:58
1953875,SecondHalf,Netherlands,0,0,0,0,0,0,1,0,0,0 days 00:59:15
1953875,SecondHalf,Netherlands,0,0,0,0,0,0,1,0,0,0 days 00:59:25
1953875,SecondHalf,Netherlands,0,0,0,0,0,0,1,0,0,0 days 00:59:32
1953875,SecondHalf,Netherlands,0,0,0,0,0,0,0,0,0,0 days 00:59:34
1953875,SecondHalf,Tunisia,0,1,0,0,0,0,0,0,0,0 days 00:59:35
1953875,SecondHalf,Tunisia,0,0,0,0,0,0,1,0,0,0 days 00:59:36
1953875,SecondHalf,Tunisia,0,0,0,0,0,0,1,0,0,0 days 00:59:38
1953875,SecondHalf,Tunisia,0,0,0,0,0,0,0,0,0,0 days 00:59:38
1953875,SecondHalf,Netherlands,0,0,0,0,0,0,0,0,0,0 days 00:59:38
1953875,SecondHalf,Netherlands,0,0,0,0,0,0,1,0,0,0 days 00:59:39
1953875,SecondHalf,Tunisia,0,0,0,0,0,0,0,0,0,0 days 00:59:40
1953875,SecondHalf,Netherlands,0,1,0,0,0,0,0,0,0,0 days 00:59:42
1953875,SecondHalf,Netherlands,0,0,0,0,0,0,1,0,0,0 days 00:59:42
1953875,SecondHalf,Netherlands,0,0,0,0,0,0,1,0,0,0 days 00:59:45
1953875,SecondHalf,Netherlands,0,0,0,0,0,0,1,0,0,0 days 00:59:49
1953875,SecondHalf,Netherlands,0,0,0,0,0,0,1,0,0,0 days 00:59:53
1953875,SecondHalf,Netherlands,0,0,0,0,0,0,1,0,0,0 days 00:59:57
1953875,SecondHalf,Netherlands,0,0,0,0,0,0,1,0,0,0 days 00:59:58
1953875,SecondHalf,Netherlands,0,0,0,0,0,0,1,0,0,0 days 00:59:59
1953875,SecondHalf,Tunisia,0,0,0,0,0,0,0,0,0,0 days 01:00:00
1953875,SecondHalf,Netherlands,0,0,0,0,0,0,1,0,0,0 days 01:00:01
1953875,SecondHalf,Netherlands,1,0,0,0,0,0,0,0,0,0 days 01:00:03
1953875,SecondHalf,Tunisia,0,0,0,0,0,0,0,0,0,0 days 01:00:03
1953875,SecondHalf,Tunisia,0,0,0,0,0,0,1,0,0,0 days 01:00:10
1953875,SecondHalf,Netherlands,0,0,0,0,0,0,1,0,0,0 days 01:00:26
1953875,SecondHalf,Netherlands,0,0,0,1,0,0,0,0,0,0 days 01:00:29
1953875,SecondHalf,Tunisia,0,0,0,0,0,0,0,1,0,0 days 01:00:29
1953875,SecondHalf,Tunisia,0,0,0,0,0,0,1,0,0,0 days 01:00:30
1953875,SecondHalf,Netherlands,0,0,0,0,0,1,0,0,0,0 days 01:00:33
1953875,SecondHalf,Netherlands,0,0,0,0,0,0,1,0,0,0 days 01:00:36
1953875,SecondHalf,Netherlands,0,0,0,0,0,0,1,0,0,0 days 01:00:41
1953875,SecondHalf,Tunisia,0,0,1,0,0,0,0,0,0,0 days 01:00:43
1953875,SecondHalf,Netherlands,0,0,0,0,0,0,0,0,0,0 days 01:00:44
1953875,SecondHalf,Tunisia,0,0,0,0,0,0,0,0,0,0 days 01:00:44
1953875,SecondHalf,Netherlands,0,0,0,0,0,0,1,0,0,0 days 01:01:14
1953875,SecondHalf,Tunisia,0,0,0,0,0,0,0,0,0,0 days 01:01:15
1953875,SecondHalf,Netherlands,0,0,0,0,0,0,0,0,0,0 days 01:01:15
1953875,SecondHalf,Netherlands,1,0,0,0,0,0,0,0,0,0 days 01:01:17
1953875,SecondHalf,Tunisia,0,0,0,0,0,0,1,0,0,0 days 01:02:27
1953875,SecondHalf,Tunisia,0,0,0,0,0,0,1,0,0,0 days 01:02:31
1953875,SecondHalf,Tunisia,0,0,0,0,0,0,1,0,0,0 days 01:02:33
1953875,SecondHalf,Tunisia,0,0,0,0,0,0,1,0,0,0 days 01:02:37
1953875,SecondHalf,Tunisia,0,0,0,0,0,0,0,0,0,0 days 01:02:39
1953875,SecondHalf,Netherlands,0,0,0,0,0,0,0,0,0,0 days 01:02:39
1953875,SecondHalf,Netherlands,0,0,0,0,0,1,0,0,0,0 days 01:02:40
1953875,SecondHalf,Netherlands,0,1,0,0,0,0,0,0,0,0 days 01:02:41
1953875,SecondHalf,Netherlands,0,0,0,0,0,0,1,0,0,0 days 01:02:42
1953875,SecondHalf,Netherlands,0,0,0,0,0,0,1,0,0,0 days 01:02:45
1953875,SecondHalf,Netherlands,0,0,0,0,0,0,0,0,1,0 days 01:02:49
1953875,SecondHalf,Tunisia,0,0,0,0,0,0,0,1,0,0 days 01:02:49
1953875,SecondHalf,Netherlands,0,0,0,0,0,0,0,0,0,0 days 01:02:50
1953875,SecondHalf,Tunisia,0,0,1,0,0,0,0,0,0,0 days 01:02:51
1953875,SecondHalf,Netherlands,0,0,0,0,0,0,1,0,0,0 days 01:02:56
1953875,SecondHalf,Netherlands,0,0,0,0,0,0,1,0,0,0 days 01:02:57
1953875,SecondHalf,Netherlands,0,0,0,0,0,0,1,0,0,0 days 01:02:59
1953875,SecondHalf,Netherlands,0,0,0,0,0,0,1,0,0,0 days 01:03:08
1953875,SecondHalf,Netherlands,0,0,0,0,0,0,1,0,0,0 days 01:03:09
1953875,SecondHalf,Netherlands,0,0,0,0,0,0,1,0,0,0 days 01:03:11
1953875,SecondHalf,Netherlands,0,0,0,0,0,0,1,0,0,0 days 01:03:15
1953875,SecondHalf,Netherlands,0,0,0,0,0,0,1,0,0,0 days 01:03:22
1953875,SecondHalf,Netherlands,0,0,0,0,0,0,1,0,0,0 days 01:03:24
1953875,SecondHalf,Netherlands,0,0,0,0,0,0,1,0,0,0 days 01:03:28
1953875,SecondHalf,Netherlands,0,0,0,0,0,0,1,0,0,0 days 01:03:30
1953875,SecondHalf,Netherlands,0,0,0,0,0,0,1,0,0,0 days 01:03:37
1953875,SecondHalf,Netherlands,0,0,0,0,0,0,1,0,0,0 days 01:03:40
1953875,SecondHalf,Netherlands,0,0,0,0,0,0,1,0,0,0 days 01:03:42
1953875,SecondHalf,Netherlands,0,0,0,0,0,0,0,0,1,0 days 01:03:44
1953875,SecondHalf,Tunisia,0,0,0,0,0,0,0,1,0,0 days 01:03:44
1953875,SecondHalf,Netherlands,0,0,0,0,0,0,0,0,0,0 days 01:03:45
1953875,SecondHalf,Tunisia,0,1,0,0,0,0,0,0,0,0 days 01:03:46
1953875,SecondHalf,Tunisia,0,0,0,0,0,0,1,0,0,0 days 01:03:55
1953875,SecondHalf,Tunisia,0,0,0,0,0,0,0,0,1,0 days 01:03:58
1953875,SecondHalf,Netherlands,0,0,0,0,0,0,0,1,0,0 days 01:03:58
1953875,SecondHalf,Tunisia,0,0,0,0,0,0,1,0,0,0 days 01:04:01
1953875,SecondHalf,Netherlands,0,0,0,0,0,1,0,0,0,0 days 01:04:02
1953875,SecondHalf,Netherlands,0,0,0,0,1,0,0,0,0,0 days 01:04:04
1953875,SecondHalf,Tunisia,0,0,0,0,1,0,0,0,0,0 days 01:04:04
1953875,SecondHalf,Netherlands,0,0,0,0,0,0,1,0,0,0 days 01:04:17
1953875,SecondHalf,Netherlands,0,0,0,0,0,0,1,0,0,0 days 01:04:20
1953875,SecondHalf,Netherlands,0,0,0,0,0,0,1,0,0,0 days 01:04:22
1953875,SecondHalf,Netherlands,0,0,0,0,0,0,1,0,0,0 days 01:04:25
1953875,SecondHalf,Netherlands,0,0,0,0,0,0,1,0,0,0 days 01:04:27
1953875,SecondHalf,Netherlands,0,0,0,0,0,0,1,0,0,0 days 01:04:28
1953875,SecondHalf,Netherlands,0,0,0,0,0,0,1,0,0,0 days 01:04:34
1953875,SecondHalf,Netherlands,0,0,0,0,0,0,1,0,0,0 days 01:04:39
1953875,SecondHalf,Netherlands,0,0,0,1,0,0,0,0,0,0 days 01:04:40
1953875,SecondHalf,Tunisia,0,0,0,0,0,0,0,1,0,0 days 01:04:40
1953875,SecondHalf,Netherlands,0,0,0,0,0,0,0,0,0,0 days 01:04:41
1953875,SecondHalf,Tunisia,0,1,0,0,0,0,0,0,0,0 days 01:04:42
1953875,SecondHalf,Tunisia,0,0,0,0,0,0,1,0,0,0 days 01:04:42
1953875,SecondHalf,Tunisia,0,0,0,0,0,0,1,0,0,0 days 01:04:45
1953875,SecondHalf,Tunisia,0,0,0,0,0,0,1,0,0,0 days 01:04:51
1953875,SecondHalf,Tunisia,1,0,0,0,0,0,0,0,0,0 days 01:04:56
1953875,SecondHalf,Netherlands,0,0,0,0,0,0,0,0,0,0 days 01:04:56
1953875,SecondHalf,Netherlands,0,0,0,0,0,0,0,0,0,0 days 01:04:57
1953875,SecondHalf,Netherlands,0,0,0,0,0,0,1,0,0,0 days 01:05:02
1953875,SecondHalf,Netherlands,0,0,0,0,0,0,1,0,0,0 days 01:05:06
1953875,SecondHalf,Netherlands,0,0,0,0,0,0,1,0,0,0 days 01:05:09
1953875,SecondHalf,Netherlands,0,0,0,0,0,0,1,0,0,0 days 01:05:13
1953875,SecondHalf,Netherlands,0,0,0,0,0,0,1,0,0,0 days 01:05:15
1953875,SecondHalf,Netherlands,0,0,0,0,0,0,1,0,0,0 days 01:05:18
1953875,SecondHalf,Netherlands,0,0,0,0,0,0,1,0,0,0 days 01:05:20
1953875,SecondHalf,Netherlands,0,0,0,0,0,0,1,0,0,0 days 01:05:25
1953875,SecondHalf,Netherlands,0,0,0,0,0,0,1,0,0,0 days 01:05:32
1953875,SecondHalf,Netherlands,0,0,0,0,0,0,1,0,0,0 days 01:05:34
1953875,SecondHalf,Tunisia,0,0,0,0,0,0,0,0,0,0 days 01:05:36
1953875,SecondHalf,Tunisia,0,0,0,0,0,0,0,0,0,0 days 01:05:37
1953875,SecondHalf,Netherlands,1,0,0,0,0,0,0,0,0,0 days 01:05:38
1953875,SecondHalf,Tunisia,0,0,1,0,0,0,0,0,0,0 days 01:05:41
1953875,SecondHalf,Tunisia,0,0,0,0,0,0,0,0,0,0 days 01:05:42
1953875,SecondHalf,Netherlands,0,0,0,0,0,0,1,0,0,0 days 01:05:43
1953875,SecondHalf,Netherlands,0,0,0,0,0,0,1,0,0,0 days 01:05:45
1953875,SecondHalf,Tunisia,0,0,0,0,0,0,0,0,0,0 days 01:05:46
1953875,SecondHalf,Netherlands,1,0,0,0,0,0,0,0,0,0 days 01:05:47
1953875,SecondHalf,Tunisia,0,0,0,0,0,0,0,0,0,0 days 01:06:52
1953875,SecondHalf,Tunisia,0,0,0,0,0,0,0,0,0,0 days 01:06:52
1953876,SecondHalf,Belgium,0,0,0,0,0,0,1,0,0,0 days 00:57:02
1953876,SecondHalf,Belgium,0,0,0,0,0,0,1,0,0,0 days 00:57:06
1953876,SecondHalf,Belgium,0,0,0,0,0,0,1,0,0,0 days 00:57:14
1953876,SecondHalf,Belgium,0,0,0,0,0,0,1,0,0,0 days 00:57:16
1953876,SecondHalf,Belgium,0,0,0,1,0,0,0,0,0,0 days 00:57:20
1953876,SecondHalf,Egypt,0,0,0,0,0,0,0,1,0,0 days 00:57:20
1953876,SecondHalf,Egypt,0,1,0,0,0,0,0,0,0,0 days 00:57:21
1953876,SecondHalf,Egypt,0,0,0,0,0,0,1,0,0,0 days 00:57:22
1953876,SecondHalf,Egypt,0,0,0,0,0,0,1,0,0,0 days 00:57:24
1953876,SecondHalf,Belgium,0,1,0,0,0,0,0,0,0,0 days 00:57:29
1953876,SecondHalf,Belgium,0,0,0,0,0,0,1,0,0,0 days 00:57:33
1953876,SecondHalf,Belgium,0,0,0,0,0,0,1,0,0,0 days 00:57:36
1953876,SecondHalf,Belgium,0,0,0,0,0,0,1,0,0,0 days 00:57:39
1953876,SecondHalf,Belgium,0,0,0,0,0,0,1,0,0,0 days 00:57:43
1953876,SecondHalf,Belgium,0,0,0,0,0,0,1,0,0,0 days 00:57:45
1953876,SecondHalf,Belgium,0,0,0,0,0,0,1,0,0,0 days 00:57:46
1953876,SecondHalf,Belgium,0,0,0,0,0,0,1,0,0,0 days 00:57:50
1953876,SecondHalf,Egypt,0,0,0,0,0,0,0,0,0,0 days 00:57:50
1953876,SecondHalf,Belgium,0,0,0,0,0,0,1,0,0,0 days 00:57:59
1953876,SecondHalf,Belgium,0,0,0,0,0,0,1,0,0,0 days 00:58:01
1953876,SecondHalf,Belgium,0,0,0,0,0,0,0,0,1,0 days 00:58:03
1953876,SecondHalf,Egypt,0,0,0,0,0,0,0,1,0,0 days 00:58:03
1953876,SecondHalf,Belgium,0,0,0,0,0,0,0,0,0,0 days 00:58:04
1953876,SecondHalf,Egypt,0,0,0,0,0,0,1,0,0,0 days 00:58:20
1953876,SecondHalf,Egypt,0,0,0,0,0,0,1,0,0,0 days 00:58:22
1953876,SecondHalf,Egypt,0,0,0,0,0,0,1,0,0,0 days 00:58:24
1953876,SecondHalf,Belgium,0,0,0,0,0,0,0,0,0,0 days 00:58:24
1953876,SecondHalf,Egypt,0,0,0,0,0,0,1,0,0,0 days 00:58:35
1953876,SecondHalf,Belgium,0,0,0,0,0,0,1,0,0,0 days 00:58:37
1953876,SecondHalf,Egypt,0,0,0,0,0,0,0,0,0,0 days 00:58:40
1953876,SecondHalf,Belgium,0,0,0,0,0,0,0,0,0,0 days 00:58:40
1953876,SecondHalf,Belgium,0,0,0,0,0,0,1,0,0,0 days 00:58:40
1953876,SecondHalf,Egypt,0,0,0,0,0,0,0,0,0,0 days 00:58:41
1953876,SecondHalf,Belgium,0,1,0,0,0,0,0,0,0,0 days 00:58:42
1953876,SecondHalf,Belgium,0,0,0,0,0,0,1,0,0,0 days 00:58:42
1953876,SecondHalf,Belgium,0,0,0,0,0,0,1,0,0,0 days 00:58:46
1953876,SecondHalf,Belgium,0,0,0,0,0,0,1,0,0,0 days 00:58:47
1953876,SecondHalf,Belgium,0,0,0,0,0,0,0,0,1,0 days 00:58:49
1953876,SecondHalf,Egypt,0,0,0,0,0,0,0,1,0,0 days 00:58:49
1953876,SecondHalf,Egypt,0,1,0,0,0,0,0,0,0,0 days 00:58:50
1953876,SecondHalf,Egypt,0,0,0,0,0,0,1,0,0,0 days 00:58:51
1953876,SecondHalf,Egypt,0,0,0,0,0,0,1,0,0,0 days 00:58:52
1953876,SecondHalf,Belgium,0,0,0,0,0,0,0,0,0,0 days 00:58:55
1953876,SecondHalf,Egypt,0,0,0,0,0,0,0,0,1,0 days 00:58:55
1953876,SecondHalf,Egypt,1,0,0,0,0,0,0,0,0,0 days 00:59:00
1953876,SecondHalf,Belgium,0,0,0,0,0,0,1,0,0,0 days 00:59:28
1953876,SecondHalf,Belgium,0,0,0,0,0,0,1,0,0,0 days 00:59:36
1953876,SecondHalf,Belgium,0,0,0,0,0,0,1,0,0,0 days 00:59:41
1953876,SecondHalf,Belgium,0,0,0,0,0,0,1,0,0,0 days 00:59:44
1953876,SecondHalf,Belgium,0,0,0,0,0,0,1,0,0,0 days 00:59:47
1953876,SecondHalf,Belgium,0,0,0,0,0,0,1,0,0,0 days 00:59:50
1953876,SecondHalf,Belgium,0,0,0,0,0,0,1,0,0,0 days 00:59:53
1953876,SecondHalf,Belgium,0,0,0,0,0,0,1,0,0,0 days 00:59:55
1953876,SecondHalf,Belgium,0,0,0,0,0,0,0,0,1,0 days 00:59:58
1953876,SecondHalf,Egypt,0,0,0,0,0,0,0,0,0,0 days 01:00:00
1953876,SecondHalf,Egypt,0,0,0,0,0,0,1,0,0,0 days 01:00:14
1953876,SecondHalf,Belgium,0,0,0,1,0,0,0,0,0,0 days 01:00:18
1953876,SecondHalf,Egypt,0,0,0,0,0,0,0,1,0,0 days 01:00:18
1953876,SecondHalf,Belgium,0,1,0,0,0,0,0,0,0,0 days 01:00:19
1953876,SecondHalf,Belgium,0,0,0,0,0,0,1,0,0,0 days 01:00:20
1953876,SecondHalf,Belgium,0,0,0,0,0,0,1,0,0,0 days 01:00:21
1953876,SecondHalf,Belgium,0,0,0,0,0,0,1,0,0,0 days 01:00:25
1953876,SecondHalf,Belgium,0,0,0,0,0,0,0,0,0,0 days 01:00:27
1953876,SecondHalf,Egypt,0,0,0,1,0,0,0,0,0,0 days 01:00:29
1953876,SecondHalf,Belgium,0,0,0,0,0,0,0,1,0,0 days 01:00:29
1953876,SecondHalf,Belgium,0,0,0,0,0,0,1,0,0,0 days 01:00:30
1953876,SecondHalf,Egypt,0,0,0,0,0,0,0,0,0,0 days 01:00:30
1953876,SecondHalf,Belgium,0,0,0,0,0,0,0,0,0,0 days 01:00:35
1953876,SecondHalf,Egypt,0,0,0,0,0,0,0,0,0,0 days 01:00:36
1953876,SecondHalf,Belgium,0,0,0,0,0,0,0,0,0,0 days 01:00:36
1953876,SecondHalf,Belgium,0,0,0,0,0,0,1,0,0,0 days 01:01:02
1953876,SecondHalf,Belgium,0,0,0,0,0,0,0,0,0,0 days 01:01:05
1953876,SecondHalf,Egypt,0,0,0,0,0,0,0,0,0,0 days 01:01:05
1953876,SecondHalf,Egypt,0,0,1,0,0,0,0,0,0,0 days 01:01:06
1953876,SecondHalf,Belgium,1,0,0,0,0,0,0,0,0,0 days 01:01:07
1953876,SecondHalf,Egypt,0,0,0,0,0,0,1,0,0,0 days 01:01:28
1953876,SecondHalf,Egypt,0,0,0,0,0,0,1,0,0,0 days 01:01:30
1953876,SecondHalf,Egypt,0,0,0,0,0,0,1,0,0,0 days 01:01:31
1953876,SecondHalf,Egypt,0,0,0,0,0,0,1,0,0,0 days 01:01:32
1953876,SecondHalf,Belgium,0,0,0,0,0,0,0,1,0,0 days 01:01:35
1953876,SecondHalf,Egypt,0,0,0,1,0,0,0,0,0,0 days 01:01:35
1953876,SecondHalf,Egypt,0,0,0,0,0,0,0,0,0,0 days 01:01:36
1953876,SecondHalf,Belgium,0,0,0,0,0,0,1,0,0,0 days 01:01:40
1953876,SecondHalf,Belgium,0,0,0,0,0,0,1,0,0,0 days 01:01:41
1953876,SecondHalf,Belgium,0,0,0,0,0,0,1,0,0,0 days 01:01:42
1953876,SecondHalf,Belgium,0,0,0,0,0,0,0,0,0,0 days 01:01:45
1953876,SecondHalf,Belgium,0,0,0,0,0,0,1,0,0,0 days 01:01:48
1953876,SecondHalf,Egypt,0,0,0,0,0,0,0,0,0,0 days 01:01:49
1953876,SecondHalf,Belgium,1,0,0,0,0,0,0,0,0,0 days 01:01:49
1953876,SecondHalf,Egypt,0,0,0,0,0,0,0,0,0,0 days 01:01:50
1953876,SecondHalf,Egypt,0,0,0,0,0,0,1,0,0,0 days 01:02:06
1953876,SecondHalf,Belgium,0,0,0,0,1,0,0,0,0,0 days 01:02:10
1953876,SecondHalf,Egypt,0,0,0,0,1,0,0,0,0,0 days 01:02:10
1953876,SecondHalf,Belgium,0,0,0,0,0,0,1,0,0,0 days 01:02:26
1953876,SecondHalf,Belgium,0,0,0,0,0,0,1,0,0,0 days 01:02:27
1953876,SecondHalf,Belgium,0,0,0,0,0,0,1,0,0,0 days 01:02:28
1953876,SecondHalf,Belgium,0,0,0,0,0,0,1,0,0,0 days 01:02:35
1953876,SecondHalf,Belgium,0,0,0,0,0,0,1,0,0,0 days 01:02:40
1953876,SecondHalf,Belgium,0,0,0,0,0,0,1,0,0,0 days 01:02:44
1953876,SecondHalf,Belgium,0,0,0,1,0,0,0,0,0,0 days 01:02:48
1953876,SecondHalf,Belgium,0,0,0,0,0,0,0,0,0,0 days 01:02:48
1953876,SecondHalf,Egypt,0,0,0,0,0,0,0,1,0,0 days 01:02:48
1953876,SecondHalf,Egypt,0,0,0,0,0,0,0,0,0,0 days 01:02:48
1953876,SecondHalf,Belgium,0,0,0,0,0,0,1,0,0,0 days 01:02:56
1953876,SecondHalf,Belgium,0,0,0,0,0,0,1,0,0,0 days 01:03:01
1953876,SecondHalf,Belgium,0,0,0,0,0,0,1,0,0,0 days 01:03:03
1953876,SecondHalf,Egypt,0,0,0,0,0,0,0,0,0,0 days 01:03:05
1953876,SecondHalf,Egypt,0,0,0,0,1,0,0,0,0,0 days 01:03:10
1953876,SecondHalf,Belgium,0,0,0,0,1,0,0,0,0,0 days 01:03:10
1953876,SecondHalf,Egypt,0,0,0,0,0,0,1,0,0,0 days 01:03:40
1953876,SecondHalf,Egypt,0,0,0,0,0,0,1,0,0,0 days 01:03:43
1953876,SecondHalf,Egypt,0,0,0,0,0,0,1,0,0,0 days 01:03:49
1953876,SecondHalf,Egypt,0,0,0,0,0,0,1,0,0,0 days 01:03:51
1953876,SecondHalf,Egypt,0,0,0,0,0,0,1,0,0,0 days 01:03:54
1953876,SecondHalf,Egypt,0,0,0,0,0,0,1,0,0,0 days 01:03:56
1953876,SecondHalf,Egypt,0,0,0,0,0,0,1,0,0,0 days 01:03:57
1953876,SecondHalf,Egypt,1,0,0,0,0,0,0,0,0,0 days 01:04:05
1953876,SecondHalf,Belgium,0,0,0,0,0,0,0,0,0,0 days 01:04:05
1953876,SecondHalf,Egypt,0,0,0,0,0,0,0,0,0,0 days 01:04:08
1953876,SecondHalf,Belgium,0,0,0,0,0,0,0,0,0,0 days 01:04:08
1953876,SecondHalf,Egypt,0,0,0,0,0,0,1,0,0,0 days 01:04:41
1953876,SecondHalf,Egypt,0,0,0,0,0,0,1,0,0,0 days 01:04:44
1953876,SecondHalf,Belgium,0,0,1,0,0,0,0,0,0,0 days 01:04:46
1953876,SecondHalf,Egypt,0,0,0,0,0,0,1,0,0,0 days 01:04:50
1953876,SecondHalf,Egypt,0,0,0,0,0,0,1,0,0,0 days 01:04:53
1953876,SecondHalf,Belgium,0,1,0,0,0,0,0,0,0,0 days 01:04:54
1953876,SecondHalf,Belgium,0,0,0,0,0,0,1,0,0,0 days 01:04:54
1953876,SecondHalf,Egypt,0,0,0,0,0,0,0,0,0,0 days 01:04:58
1953876,SecondHalf,Belgium,0,0,0,0,0,0,0,0,1,0 days 01:04:58
1953876,SecondHalf,Egypt,0,0,0,0,1,0,0,0,0,0 days 01:05:03
1953876,SecondHalf,Belgium,0,0,0,0,1,0,0,0,0,0 days 01:05:03
1953876,SecondHalf,Belgium,0,0,0,0,0,0,0,0,0,0 days 01:05:22
1953876,SecondHalf,Belgium,0,0,0,0,0,0,0,0,0,0 days 01:05:22
1953876,SecondHalf,Belgium,0,0,0,0,0,0,0,0,0,0 days 01:05:23
1953876,SecondHalf,Belgium,0,0,0,0,0,0,1,0,0,0 days 01:05:36
1953876,SecondHalf,Belgium,0,0,0,0,0,0,1,0,0,0 days 01:05:37
1953876,SecondHalf,Belgium,0,0,0,0,0,0,1,0,0,0 days 01:05:39
1953876,SecondHalf,Belgium,0,0,0,0,0,0,1,0,0,0 days 01:05:43
1953876,SecondHalf,Egypt,1,0,0,0,0,0,0,0,0,0 days 01:05:44
1953877,SecondHalf,Iran,0,0,1,0,0,0,0,0,0,0 days 00:57:00
1953877,SecondHalf,Iran,0,1,0,0,0,0,0,0,0,0 days 00:57:01
1953877,SecondHalf,Iran,0,0,0,0,0,0,1,0,0,0 days 00:57:03
1953877,SecondHalf,New Zealand,0,1,0,0,0,0,0,0,0,0 days 00:57:04
1953877,SecondHalf,New Zealand,0,0,0,0,0,0,1,0,0,0 days 00:57:06
1953877,SecondHalf,New Zealand,0,0,0,0,0,0,1,0,0,0 days 00:57:08
1953877,SecondHalf,Iran,0,0,0,0,0,0,1,0,0,0 days 00:57:18
1953877,SecondHalf,Iran,0,0,0,0,0,0,1,0,0,0 days 00:57:19
1953877,SecondHalf,New Zealand,0,0,1,0,0,0,0,0,0,0 days 00:57:22
1953877,SecondHalf,Iran,0,0,0,0,0,0,1,0,0,0 days 00:57:35
1953877,SecondHalf,Iran,0,0,0,0,0,0,1,0,0,0 days 00:57:37
1953877,SecondHalf,New Zealand,0,1,0,0,0,0,0,0,0,0 days 00:57:39
1953877,SecondHalf,New Zealand,0,0,0,0,0,0,1,0,0,0 days 00:57:40
1953877,SecondHalf,New Zealand,0,0,0,0,0,0,0,0,0,0 days 00:57:43
1953877,SecondHalf,Iran,0,1,0,0,0,0,0,0,0,0 days 00:57:44
1953877,SecondHalf,Iran,0,0,0,0,0,0,1,0,0,0 days 00:57:44
1953877,SecondHalf,Iran,0,0,0,0,0,0,1,0,0,0 days 00:57:45
1953877,SecondHalf,Iran,0,0,0,0,0,0,0,0,0,0 days 00:57:46
1953877,SecondHalf,New Zealand,0,1,0,0,0,0,0,0,0,0 days 00:57:49
1953877,SecondHalf,New Zealand,0,0,0,0,0,0,1,0,0,0 days 00:57:52
1953877,SecondHalf,New Zealand,0,0,0,0,0,0,1,0,0,0 days 00:57:56
1953877,SecondHalf,New Zealand,0,0,0,0,0,0,1,0,0,0 days 00:57:59
1953877,SecondHalf,New Zealand,0,0,0,0,0,0,1,0,0,0 days 00:58:02
1953877,SecondHalf,New Zealand,0,0,0,0,0,0,1,0,0,0 days 00:58:06
1953877,SecondHalf,New Zealand,0,0,0,0,0,0,1,0,0,0 days 00:58:07
1953877,SecondHalf,New Zealand,0,0,0,0,0,0,1,0,0,0 days 00:58:08
1953877,SecondHalf,New Zealand,0,0,0,0,0,0,0,0,0,0 days 00:58:17
1953877,SecondHalf,Iran,0,1,0,0,0,0,0,0,0,0 days 00:58:18
1953877,SecondHalf,Iran,0,0,0,0,0,0,1,0,0,0 days 00:58:18
1953877,SecondHalf,New Zealand,0,0,0,0,0,1,0,0,0,0 days 00:58:19
1953877,SecondHalf,Iran,0,0,0,0,1,0,0,0,0,0 days 00:58:21
1953877,SecondHalf,New Zealand,0,0,0,0,1,0,0,0,0,0 days 00:58:21
1953877,SecondHalf,Iran,0,0,0,0,0,0,1,0,0,0 days 00:58:35
1953877,SecondHalf,Iran,0,0,0,0,0,0,1,0,0,0 days 00:58:36
1953877,SecondHalf,Iran,0,0,0,0,0,0,1,0,0,0 days 00:58:37
1953877,SecondHalf,Iran,0,0,0,0,0,0,1,0,0,0 days 00:58:41
1953877,SecondHalf,Iran,0,0,0,0,0,0,1,0,0,0 days 00:58:47
1953877,SecondHalf,New Zealand,0,0,0,0,0,0,0,0,0,0 days 00:58:47
1953877,SecondHalf,Iran,0,0,0,0,0,0,0,0,1,0 days 00:58:53
1953877,SecondHalf,New Zealand,0,0,0,0,0,0,0,1,0,0 days 00:58:53
1953877,SecondHalf,New Zealand,0,1,0,0,0,0,0,0,0,0 days 00:58:55
1953877,SecondHalf,New Zealand,0,0,0,0,0,0,1,0,0,0 days 00:59:04
1953877,SecondHalf,New Zealand,0,0,0,0,0,0,1,0,0,0 days 00:59:07
1953877,SecondHalf,New Zealand,0,0,0,0,0,0,1,0,0,0 days 00:59:15
1953877,SecondHalf,New Zealand,0,0,0,0,0,0,1,0,0,0 days 00:59:15
1953877,SecondHalf,New Zealand,0,0,0,0,0,0,1,0,0,0 days 00:59:17
1953877,SecondHalf,New Zealand,0,0,0,0,0,0,1,0,0,0 days 00:59:18
1953877,SecondHalf,New Zealand,0,0,0,0,0,0,1,0,0,0 days 00:59:22
1953877,SecondHalf,New Zealand,0,0,0,0,0,0,1,0,0,0 days 00:59:24
1953877,SecondHalf,New Zealand,0,0,0,0,0,0,1,0,0,0 days 00:59:27
1953877,SecondHalf,New Zealand,0,0,0,0,0,0,1,0,0,0 days 00:59:28
1953877,SecondHalf,New Zealand,0,0,0,0,0,0,1,0,0,0 days 00:59:29
1953877,SecondHalf,Iran,0,0,0,0,0,1,0,0,0,0 days 00:59:30
1953877,SecondHalf,Iran,0,1,0,0,0,0,0,0,0,0 days 00:59:32
1953877,SecondHalf,Iran,0,0,0,0,0,0,1,0,0,0 days 00:59:34
1953877,SecondHalf,Iran,0,0,0,0,0,0,1,0,0,0 days 00:59:40
1953877,SecondHalf,Iran,0,0,0,0,0,0,1,0,0,0 days 00:59:43
1953877,SecondHalf,Iran,0,0,0,0,0,0,1,0,0,0 days 00:59:47
1953877,SecondHalf,Iran,0,0,0,0,0,0,1,0,0,0 days 00:59:53
1953877,SecondHalf,Iran,0,0,0,0,0,0,1,0,0,0 days 00:59:56
1953877,SecondHalf,New Zealand,0,0,0,0,0,0,1,0,0,0 days 00:59:58
1953877,SecondHalf,New Zealand,0,1,0,0,0,0,0,0,0,0 days 00:59:59
1953877,SecondHalf,New Zealand,0,0,0,0,0,0,1,0,0,0 days 01:00:02
1953877,SecondHalf,Iran,0,0,0,0,1,0,0,0,0,0 days 01:00:06
1953877,SecondHalf,New Zealand,0,0,0,0,1,0,0,0,0,0 days 01:00:06
1953877,SecondHalf,New Zealand,0,0,0,0,0,0,1,0,0,0 days 01:00:32
1953877,SecondHalf,New Zealand,0,0,0,0,0,0,0,0,0,0 days 01:00:35
1953877,SecondHalf,Iran,0,0,0,0,0,0,0,0,0,0 days 01:00:36
1953877,SecondHalf,New Zealand,1,0,0,0,0,0,0,0,0,0 days 01:00:36
1953877,SecondHalf,Iran,0,0,0,0,0,0,0,0,0,0 days 01:00:37
1953877,SecondHalf,Iran,0,0,0,0,0,0,1,0,0,0 days 01:00:41
1953877,SecondHalf,Iran,0,0,0,0,0,0,1,0,0,0 days 01:00:48
1953877,SecondHalf,New Zealand,0,0,0,0,0,0,1,0,0,0 days 01:01:08
1953877,SecondHalf,New Zealand,0,0,0,0,0,0,1,0,0,0 days 01:01:10
1953877,SecondHalf,New Zealand,0,0,0,0,0,0,1,0,0,0 days 01:01:11
1953877,SecondHalf,New Zealand,0,0,0,0,0,0,0,0,1,0 days 01:01:13
1953877,SecondHalf,Iran,0,0,0,0,0,0,0,1,0,0 days 01:01:13
1953877,SecondHalf,New Zealand,0,0,0,0,0,0,1,0,0,0 days 01:01:25
1953877,SecondHalf,New Zealand,0,0,0,1,0,0,0,0,0,0 days 01:01:28
1953877,SecondHalf,Iran,0,0,0,0,0,0,0,1,0,0 days 01:01:28
1953877,SecondHalf,New Zealand,0,0,0,0,0,0,0,0,0,0 days 01:01:30
1953877,SecondHalf,Iran,0,0,0,0,0,0,1,0,0,0 days 01:01:44
1953877,SecondHalf,New Zealand,0,0,0,0,0,0,1,0,0,0 days 01:01:47
1953877,SecondHalf,New Zealand,0,0,0,0,0,0,1,0,0,0 days 01:01:49
1953877,SecondHalf,New Zealand,0,0,0,0,0,0,1,0,0,0 days 01:01:49
1953877,SecondHalf,Iran,0,0,0,0,0,1,0,0,0,0 days 01:01:50
1953877,SecondHalf,New Zealand,0,0,0,0,0,0,1,0,0,0 days 01:01:52
1953877,SecondHalf,Iran,0,0,0,0,0,0,1,0,0,0 days 01:02:06
1953877,SecondHalf,Iran,0,0,0,0,0,0,0,0,0,0 days 01:02:08
1953877,SecondHalf,New Zealand,0,0,0,0,0,0,0,0,0,0 days 01:02:08
1953877,SecondHalf,New Zealand,0,0,0,0,0,0,1,0,0,0 days 01:02:09
1953877,SecondHalf,New Zealand,0,0,0,0,0,0,1,0,0,0 days 01:02:12
1953877,SecondHalf,Iran,0,0,0,0,0,0,0,0,0,0 days 01:02:13
1953877,SecondHalf,Iran,0,0,0,0,0,0,1,0,0,0 days 01:02:14
1953877,SecondHalf,New Zealand,0,0,0,0,0,0,1,0,0,0 days 01:02:16
1953877,SecondHalf,New Zealand,0,0,0,0,0,0,1,0,0,0 days 01:02:17
1953877,SecondHalf,New Zealand,0,1,0,0,0,0,0,0,0,0 days 01:02:20
1953877,SecondHalf,New Zealand,0,0,0,0,0,0,1,0,0,0 days 01:02:21
1953877,SecondHalf,New Zealand,0,0,0,0,0,0,1,0,0,0 days 01:02:24
1953877,SecondHalf,Iran,0,0,0,0,0,0,1,0,0,0 days 01:02:37
1953877,SecondHalf,New Zealand,0,0,0,0,0,0,1,0,0,0 days 01:02:39
1953877,SecondHalf,Iran,0,0,0,0,0,0,1,0,0,0 days 01:02:40
1953877,SecondHalf,New Zealand,0,0,0,0,0,0,0,0,0,0 days 01:02:43
1953877,SecondHalf,Iran,0,0,0,0,0,0,0,0,0,0 days 01:02:43
1953877,SecondHalf,Iran,0,0,0,0,0,0,1,0,0,0 days 01:02:43
1953877,SecondHalf,New Zealand,0,0,0,0,0,0,1,0,0,0 days 01:02:44
1953877,SecondHalf,New Zealand,0,0,0,0,0,0,1,0,0,0 days 01:02:46
1953877,SecondHalf,New Zealand,0,0,0,0,0,0,1,0,0,0 days 01:02:47
1953877,SecondHalf,Iran,0,0,0,0,0,0,1,0,0,0 days 01:02:54
1953877,SecondHalf,Iran,0,0,0,0,0,0,1,0,0,0 days 01:02:55
1953877,SecondHalf,Iran,0,0,0,0,0,0,1,0,0,0 days 01:02:58
1953877,SecondHalf,Iran,0,0,0,0,0,0,1,0,0,0 days 01:03:02
1953877,SecondHalf,Iran,1,0,0,0,0,0,0,0,0,0 days 01:03:04
1953877,SecondHalf,Iran,0,0,0,0,0,0,0,0,0,0 days 01:04:25
1953877,SecondHalf,Iran,0,0,0,0,0,0,0,0,0,0 days 01:04:25
1953877,SecondHalf,Iran,0,0,0,0,0,0,0,0,0,0 days 01:04:26
1953877,SecondHalf,New Zealand,0,0,0,0,0,0,1,0,0,0 days 01:04:46
1953877,SecondHalf,New Zealand,0,0,0,0,0,0,1,0,0,0 days 01:04:47
1953877,SecondHalf,New Zealand,0,0,0,0,0,0,1,0,0,0 days 01:04:50
1953877,SecondHalf,New Zealand,0,0,0,0,0,0,1,0,0,0 days 01:04:51
1953877,SecondHalf,New Zealand,0,0,0,0,0,0,1,0,0,0 days 01:04:54
1953877,SecondHalf,New Zealand,0,0,0,0,0,0,1,0,0,0 days 01:04:57
1953877,SecondHalf,New Zealand,0,0,0,0,0,0,1,0,0,0 days 01:04:58
1953877,SecondHalf,New Zealand,0,0,0,0,0,0,1,0,0,0 days 01:05:01
1953877,SecondHalf,New Zealand,0,0,0,0,0,0,1,0,0,0 days 01:05:03
1953877,SecondHalf,Iran,0,0,0,0,0,0,0,0,0,0 days 01:05:05
1953877,SecondHalf,New Zealand,0,0,0,0,0,0,0,0,1,0 days 01:05:05
1953877,SecondHalf,New Zealand,0,0,0,0,0,0,0,0,1,0 days 01:05:07
1953877,SecondHalf,Iran,0,1,0,0,0,0,0,0,0,0 days 01:05:10
1953877,SecondHalf,Iran,0,0,0,0,0,0,1,0,0,0 days 01:05:15
1953877,SecondHalf,Iran,0,0,0,0,0,0,1,0,0,0 days 01:05:41
1953877,SecondHalf,Iran,0,0,0,0,0,0,1,0,0,0 days 01:05:44
1953877,SecondHalf,Iran,0,0,0,0,0,0,1,0,0,0 days 01:05:46
1953877,SecondHalf,Iran,0,0,0,0,0,0,1,0,0,0 days 01:05:50
1953877,SecondHalf,Iran,0,0,0,0,0,0,1,0,0,0 days 01:05:51
1953877,SecondHalf,Iran,0,0,0,0,0,0,1,0,0,0 days 01:05:53
1953877,SecondHalf,Iran,0,0,0,0,0,0,1,0,0,0 days 01:05:56
1953877,SecondHalf,New Zealand,0,0,0,0,0,0,0,0,0,0 days 01:05:59
1953877,SecondHalf,Iran,0,0,0,0,0,0,0,0,1,0 days 01:05:59
1953877,SecondHalf,New Zealand,0,0,0,0,0,0,0,0,0,0 days 01:06:00
1953877,SecondHalf,Iran,0,0,0,0,0,0,1,0,0,0 days 01:06:00
1953877,SecondHalf,Iran,0,0,0,0,0,0,0,0,0,0 days 01:06:01
1953877,SecondHalf,New Zealand,0,0,1,0,0,0,0,0,0,0 days 01:06:02
1953877,SecondHalf,Iran,0,0,0,0,0,0,1,0,0,0 days 01:06:05
1953877,SecondHalf,Iran,0,0,0,0,0,0,1,0,0,0 days 01:06:08
1953877,SecondHalf,Iran,0,0,0,0,0,0,1,0,0,0 days 01:06:11
1953877,SecondHalf,New Zealand,0,0,0,0,0,0,0,0,0,0 days 01:06:11
1953877,SecondHalf,Iran,0,0,0,0,0,0,0,0,0,0 days 01:06:12
1953877,SecondHalf,New Zealand,0,0,0,0,0,0,0,0,0,0 days 01:06:12
1953877,SecondHalf,Iran,0,0,0,0,0,0,1,0,0,0 days 01:06:50
1953877,SecondHalf,New Zealand,0,0,0,0,1,0,0,0,0,0 days 01:06:52
1953877,SecondHalf,Iran,0,0,0,0,1,0,0,0,0,0 days 01:06:52
1953878,SecondHalf,Egypt,0,0,0,0,0,0,1,0,0,0 days 00:57:00
1953878,SecondHalf,New Zealand,0,0,0,0,0,0,0,0,0,0 days 00:57:02
1953878,SecondHalf,New Zealand,0,0,0,0,0,0,1,0,0,0 days 00:57:11
1953878,SecondHalf,Egypt,0,0,0,0,0,0,1,0,0,0 days 00:57:27
1953878,SecondHalf,Egypt,0,0,0,0,0,0,1,0,0,0 days 00:57:29
1953878,SecondHalf,Egypt,0,0,0,0,0,0,1,0,0,0 days 00:57:30
1953878,SecondHalf,Egypt,0,0,0,0,0,0,1,0,0,0 days 00:57:32
1953878,SecondHalf,Egypt,0,0,0,0,0,0,1,0,0,0 days 00:57:38
1953878,SecondHalf,Egypt,0,0,0,0,0,0,1,0,0,0 days 00:57:44
1953878,SecondHalf,Egypt,0,0,0,0,0,0,0,0,1,0 days 00:57:47
1953878,SecondHalf,New Zealand,0,0,0,0,0,0,0,1,0,0 days 00:57:47
1953878,SecondHalf,Egypt,0,0,0,0,0,0,1,0,0,0 days 00:57:49
1953878,SecondHalf,Egypt,0,0,0,0,0,0,1,0,0,0 days 00:57:51
1953878,SecondHalf,Egypt,0,0,0,0,0,0,1,0,0,0 days 00:57:54
1953878,SecondHalf,Egypt,1,0,0,0,0,0,0,0,0,0 days 00:57:55
1953878,SecondHalf,New Zealand,0,0,0,0,0,0,1,0,0,0 days 00:58:46
1953878,SecondHalf,New Zealand,0,0,0,0,0,0,1,0,0,0 days 00:58:49
1953878,SecondHalf,New Zealand,0,0,0,0,0,0,1,0,0,0 days 00:58:50
1953878,SecondHalf,New Zealand,0,0,0,0,0,0,1,0,0,0 days 00:58:52
1953878,SecondHalf,New Zealand,0,0,0,0,0,0,1,0,0,0 days 00:58:57
1953878,SecondHalf,New Zealand,0,0,0,0,0,0,1,0,0,0 days 00:58:58
1953878,SecondHalf,New Zealand,0,0,0,0,0,0,1,0,0,0 days 00:58:59
1953878,SecondHalf,Egypt,0,0,0,0,0,0,1,0,0,0 days 00:59:10
1953878,SecondHalf,Egypt,0,0,0,0,0,0,1,0,0,0 days 00:59:12
1953878,SecondHalf,Egypt,0,0,0,0,0,0,1,0,0,0 days 00:59:17
1953878,SecondHalf,New Zealand,0,0,1,0,0,0,0,0,0,0 days 00:59:22
1953878,SecondHalf,Egypt,0,0,0,0,0,0,1,0,0,0 days 00:59:26
1953878,SecondHalf,Egypt,0,0,0,0,0,0,1,0,0,0 days 00:59:30
1953878,SecondHalf,Egypt,0,0,0,0,0,0,1,0,0,0 days 00:59:33
1953878,SecondHalf,New Zealand,0,0,0,0,0,0,0,0,0,0 days 00:59:38
1953878,SecondHalf,Egypt,0,0,0,0,0,0,0,0,1,0 days 00:59:38
1953878,SecondHalf,Egypt,0,0,0,0,0,0,1,0,0,0 days 00:59:39
1953878,SecondHalf,Egypt,0,0,0,0,0,0,1,0,0,0 days 00:59:41
1953878,SecondHalf,Egypt,0,0,0,0,0,0,0,0,0,0 days 00:59:43
1953878,SecondHalf,New Zealand,0,0,1,0,0,0,0,0,0,0 days 00:59:44
1953878,SecondHalf,New Zealand,0,1,0,0,0,0,0,0,0,0 days 00:59:46
1953878,SecondHalf,New Zealand,0,0,0,0,0,0,1,0,0,0 days 00:59:47
1953878,SecondHalf,New Zealand,0,0,0,0,0,0,1,0,0,0 days 00:59:48
1953878,SecondHalf,New Zealand,0,0,0,1,0,0,0,0,0,0 days 00:59:55
1953878,SecondHalf,Egypt,0,0,0,0,0,0,0,1,0,0 days 00:59:55
1953878,SecondHalf,New Zealand,0,0,0,0,0,0,1,0,0,0 days 01:00:19
1953878,SecondHalf,Egypt,0,0,1,0,0,0,0,0,0,0 days 01:00:22
1953878,SecondHalf,Egypt,0,0,1,0,0,0,0,0,0,0 days 01:00:24
1953878,SecondHalf,New Zealand,0,0,0,0,0,0,1,0,0,0 days 01:00:24
1953878,SecondHalf,New Zealand,0,0,0,0,0,0,0,0,1,0 days 01:00:28
1953878,SecondHalf,Egypt,0,0,0,0,0,0,0,1,0,0 days 01:00:28
1953878,SecondHalf,New Zealand,0,0,0,0,0,0,1,0,0,0 days 01:00:29
1953878,SecondHalf,Egypt,0,0,0,0,0,0,1,0,0,0 days 01:00:39
1953878,SecondHalf,Egypt,0,0,0,0,0,0,1,0,0,0 days 01:00:40
1953878,SecondHalf,Egypt,0,0,0,0,0,0,1,0,0,0 days 01:00:41
1953878,SecondHalf,Egypt,0,0,0,0,0,0,1,0,0,0 days 01:00:48
1953878,SecondHalf,Egypt,0,0,0,0,0,0,1,0,0,0 days 01:00:51
1953878,SecondHalf,Egypt,0,0,0,0,0,0,0,0,1,0 days 01:00:55
1953878,SecondHalf,Egypt,0,0,0,0,1,0,0,0,0,0 days 01:00:56
1953878,SecondHalf,New Zealand,0,0,0,0,1,0,0,0,0,0 days 01:00:56
1953878,SecondHalf,Egypt,0,0,0,0,0,0,1,0,0,0 days 01:01:50
1953878,SecondHalf,Egypt,0,0,0,0,0,0,1,0,0,0 days 01:01:54
1953878,SecondHalf,New Zealand,0,0,0,0,1,0,0,0,0,0 days 01:01:56
1953878,SecondHalf,Egypt,0,0,0,0,1,0,0,0,0,0 days 01:01:56
1953878,SecondHalf,New Zealand,0,0,0,0,0,0,1,0,0,0 days 01:02:12
1953878,SecondHalf,New Zealand,0,0,0,0,0,0,1,0,0,0 days 01:02:17
1953878,SecondHalf,New Zealand,0,0,0,0,0,0,1,0,0,0 days 01:02:20
1953878,SecondHalf,New Zealand,0,0,0,0,0,0,1,0,0,0 days 01:02:22
1953878,SecondHalf,New Zealand,0,0,0,0,0,0,1,0,0,0 days 01:02:25
1953878,SecondHalf,New Zealand,0,0,0,0,0,0,1,0,0,0 days 01:02:31
1953878,SecondHalf,New Zealand,0,0,0,0,0,0,1,0,0,0 days 01:02:34
1953878,SecondHalf,New Zealand,0,0,0,0,0,0,1,0,0,0 days 01:02:35
1953878,SecondHalf,New Zealand,0,0,0,0,0,0,1,0,0,0 days 01:02:40
1953878,SecondHalf,New Zealand,0,0,0,0,0,0,1,0,0,0 days 01:02:45
1953878,SecondHalf,New Zealand,0,0,0,0,0,0,1,0,0,0 days 01:02:51
1953878,SecondHalf,New Zealand,0,0,0,0,0,0,1,0,0,0 days 01:02:54
1953878,SecondHalf,New Zealand,0,0,0,0,0,0,1,0,0,0 days 01:02:57
1953878,SecondHalf,New Zealand,0,0,0,0,0,0,1,0,0,0 days 01:02:59
1953878,SecondHalf,New Zealand,0,0,0,0,0,0,1,0,0,0 days 01:03:01
1953878,SecondHalf,New Zealand,0,0,0,0,0,0,1,0,0,0 days 01:03:05
1953878,SecondHalf,New Zealand,0,0,0,0,0,0,1,0,0,0 days 01:03:09
1953878,SecondHalf,New Zealand,0,0,0,0,0,0,1,0,0,0 days 01:03:18
1953878,SecondHalf,New Zealand,0,0,0,0,0,0,1,0,0,0 days 01:03:19
1953878,SecondHalf,New Zealand,0,0,0,0,0,0,1,0,0,0 days 01:03:22
1953878,SecondHalf,New Zealand,0,0,0,0,0,0,1,0,0,0 days 01:03:27
1953878,SecondHalf,New Zealand,0,0,0,0,0,0,1,0,0,0 days 01:03:29
1953878,SecondHalf,New Zealand,0,0,0,0,0,0,1,0,0,0 days 01:03:31
1953878,SecondHalf,New Zealand,0,0,0,0,0,0,1,0,0,0 days 01:03:34
1953878,SecondHalf,New Zealand,0,0,0,0,0,0,1,0,0,0 days 01:03:36
1953878,SecondHalf,New Zealand,0,0,0,0,0,0,1,0,0,0 days 01:03:38
1953878,SecondHalf,New Zealand,0,0,0,0,0,0,1,0,0,0 days 01:03:39
1953878,SecondHalf,New Zealand,0,0,0,0,0,0,1,0,0,0 days 01:03:41
1953878,SecondHalf,Egypt,0,0,0,0,0,1,0,0,0,0 days 01:03:42
1953878,SecondHalf,Egypt,0,1,0,0,0,0,0,0,0,0 days 01:03:44
1953878,SecondHalf,Egypt,0,0,0,0,0,0,1,0,0,0 days 01:03:45
1953878,SecondHalf,Egypt,0,0,0,0,0,0,0,0,0,0 days 01:03:46
1953878,SecondHalf,New Zealand,0,0,0,0,0,0,0,0,0,0 days 01:03:47
1953878,SecondHalf,New Zealand,0,1,0,0,0,0,0,0,0,0 days 01:03:49
1953878,SecondHalf,New Zealand,0,0,0,0,0,0,1,0,0,0 days 01:03:49
1953878,SecondHalf,New Zealand,0,0,0,1,0,0,0,0,0,0 days 01:03:52
1953878,SecondHalf,Egypt,0,0,0,0,0,0,0,1,0,0 days 01:03:52
1953878,SecondHalf,Egypt,0,0,0,0,0,0,1,0,0,0 days 01:03:53
1953878,SecondHalf,Egypt,0,0,0,0,0,0,1,0,0,0 days 01:03:54
1953878,SecondHalf,Egypt,0,1,0,0,0,0,0,0,0,0 days 01:03:55
1953878,SecondHalf,Egypt,0,0,0,0,0,0,1,0,0,0 days 01:03:56
1953878,SecondHalf,New Zealand,0,1,0,0,0,0,0,0,0,0 days 01:03:57
1953878,SecondHalf,New Zealand,0,0,0,0,0,0,1,0,0,0 days 01:03:58
1953878,SecondHalf,New Zealand,0,0,0,0,0,0,1,0,0,0 days 01:03:59
1953878,SecondHalf,New Zealand,1,0,0,0,0,0,0,0,0,0 days 01:04:01
1953878,SecondHalf,Egypt,0,0,0,0,0,0,0,0,0,0 days 01:04:01
1953878,SecondHalf,Egypt,0,1,0,0,0,0,0,0,0,0 days 01:04:05
1953878,SecondHalf,Egypt,0,0,0,0,0,0,1,0,0,0 days 01:04:08
1953878,SecondHalf,Egypt,0,0,0,0,0,0,1,0,0,0 days 01:04:13
1953878,SecondHalf,Egypt,0,0,0,0,0,0,1,0,0,0 days 01:04:16
1953878,SecondHalf,Egypt,0,0,0,0,0,0,1,0,0,0 days 01:04:18
1953878,SecondHalf,New Zealand,0,1,0,0,0,0,0,0,0,0 days 01:04:22
1953878,SecondHalf,New Zealand,0,0,0,0,0,0,1,0,0,0 days 01:04:33
1953878,SecondHalf,New Zealand,0,0,0,0,0,0,1,0,0,0 days 01:04:37
1953878,SecondHalf,New Zealand,0,0,0,0,0,0,1,0,0,0 days 01:04:39
1953878,SecondHalf,New Zealand,0,0,0,0,0,0,1,0,0,0 days 01:04:49
1953878,SecondHalf,New Zealand,0,0,0,0,0,0,1,0,0,0 days 01:04:50
1953878,SecondHalf,New Zealand,0,0,0,0,0,0,1,0,0,0 days 01:04:52
1953878,SecondHalf,New Zealand,0,0,0,0,0,0,1,0,0,0 days 01:04:56
1953878,SecondHalf,Egypt,0,0,0,0,1,0,0,0,0,0 days 01:04:59
1953878,SecondHalf,New Zealand,0,0,0,0,1,0,0,0,0,0 days 01:04:59
1953878,SecondHalf,New Zealand,0,0,0,0,0,0,0,0,0,0 days 01:05:09
1953878,SecondHalf,New Zealand,0,0,0,0,0,0,0,0,0,0 days 01:05:09
1953878,SecondHalf,New Zealand,0,0,0,0,0,0,0,0,0,0 days 01:05:10
1953878,SecondHalf,New Zealand,0,0,0,0,0,0,1,0,0,0 days 01:05:20
1953878,SecondHalf,New Zealand,0,0,0,0,0,0,1,0,0,0 days 01:05:21
1953878,SecondHalf,New Zealand,0,0,0,0,0,0,1,0,0,0 days 01:05:23
1953878,SecondHalf,New Zealand,0,0,0,1,0,0,0,0,0,0 days 01:05:25
1953878,SecondHalf,Egypt,0,0,0,0,0,0,0,1,0,0 days 01:05:25
1953878,SecondHalf,Egypt,0,1,0,0,0,0,0,0,0,0 days 01:05:27
1953878,SecondHalf,Egypt,0,0,0,0,0,0,1,0,0,0 days 01:05:29
1953878,SecondHalf,Egypt,0,0,0,1,0,0,0,0,0,0 days 01:05:33
1953878,SecondHalf,New Zealand,0,0,0,0,0,0,0,1,0,0 days 01:05:33
1953878,SecondHalf,New Zealand,0,0,0,0,0,0,1,0,0,0 days 01:05:35
1953878,SecondHalf,New Zealand,0,1,0,0,0,0,0,0,0,0 days 01:05:37
1953878,SecondHalf,New Zealand,0,0,0,0,0,0,1,0,0,0 days 01:05:38
1953878,SecondHalf,New Zealand,0,0,0,0,0,0,1,0,0,0 days 01:05:44
1953878,SecondHalf,Egypt,0,0,1,0,0,0,0,0,0,0 days 01:05:46
1953878,SecondHalf,New Zealand,0,0,0,0,0,0,1,0,0,0 days 01:05:51
1953878,SecondHalf,New Zealand,0,0,0,0,0,0,0,0,0,0 days 01:05:54
1953878,SecondHalf,Egypt,0,0,0,0,0,0,0,0,0,0 days 01:05:54
1953878,SecondHalf,Egypt,0,0,0,0,0,0,0,0,0,0 days 01:05:54
1953878,SecondHalf,Egypt,0,0,0,0,0,0,1,0,0,0 days 01:05:56
1953878,SecondHalf,Egypt,0,0,0,0,0,0,1,0,0,0 days 01:06:00
1953878,SecondHalf,Egypt,0,0,0,0,0,0,1,0,0,0 days 01:06:05
1953878,SecondHalf,Egypt,0,0,0,0,0,0,1,0,0,0 days 01:06:08
1953878,SecondHalf,Egypt,0,0,0,0,0,0,1,0,0,0 days 01:06:11
1953878,SecondHalf,Egypt,0,0,0,0,0,0,1,0,0,0 days 01:06:13
1953878,SecondHalf,Egypt,0,0,0,0,0,0,1,0,0,0 days 01:06:14
1953878,SecondHalf,Egypt,0,0,0,0,0,0,1,0,0,0 days 01:06:19
1953878,SecondHalf,New Zealand,0,0,0,0,0,0,0,0,0,0 days 01:06:20
1953878,SecondHalf,Egypt,0,0,0,0,0,0,1,0,0,0 days 01:06:20
1953878,SecondHalf,New Zealand,0,0,0,0,0,0,0,0,0,0 days 01:06:23
1953878,SecondHalf,Egypt,0,0,0,0,0,0,1,0,0,0 days 01:06:24
1953878,SecondHalf,New Zealand,0,0,0,0,0,0,1,0,0,0 days 01:06:25
1953878,SecondHalf,New Zealand,0,0,0,0,0,0,0,0,0,0 days 01:06:29
1953878,SecondHalf,Egypt,0,0,0,0,0,0,1,0,0,0 days 01:06:36
1953878,SecondHalf,Egypt,0,0,0,0,0,0,1,0,0,0 days 01:06:41
1953878,SecondHalf,Egypt,0,0,0,0,0,0,1,0,0,0 days 01:06:44
1953878,SecondHalf,Egypt,0,0,0,0,0,0,1,0,0,0 days 01:06:50
1953878,SecondHalf,New Zealand,0,0,0,0,0,0,0,0,0,0 days 01:06:50
1953878,SecondHalf,Egypt,0,0,0,0,0,0,1,0,0,0 days 01:06:51
1953878,SecondHalf,Egypt,1,0,0,0,0,0,0,0,0,0 days 01:06:53
1953879,SecondHalf,Belgium,0,0,0,0,0,0,0,0,0,0 days 00:57:06
1953879,SecondHalf,Belgium,0,0,0,0,0,0,0,0,0,0 days 00:57:06
1953879,SecondHalf,Belgium,0,0,0,0,0,0,0,0,0,0 days 00:57:12
1953879,SecondHalf,Belgium,0,0,0,0,0,0,0,0,0,0 days 00:57:12
1953879,SecondHalf,Belgium,0,0,0,0,0,0,0,0,0,0 days 00:57:13
1953879,SecondHalf,Belgium,0,0,0,0,0,0,0,0,0,0 days 00:57:13
1953879,SecondHalf,Iran,0,0,0,0,0,0,1,0,0,0 days 00:57:30
1953879,SecondHalf,Iran,0,0,0,0,0,0,0,0,0,0 days 00:57:32
1953879,SecondHalf,Belgium,0,0,0,0,0,0,0,0,0,0 days 00:57:32
1953879,SecondHalf,Belgium,0,0,1,0,0,0,0,0,0,0 days 00:57:34
1953879,SecondHalf,Iran,0,0,0,0,0,0,1,0,0,0 days 00:57:49
1953879,SecondHalf,Iran,0,0,0,0,0,0,1,0,0,0 days 00:57:51
1953879,SecondHalf,Iran,0,0,0,0,0,0,0,0,0,0 days 00:57:53
1953879,SecondHalf,Belgium,0,1,0,0,0,0,0,0,0,0 days 00:57:55
1953879,SecondHalf,Belgium,0,0,0,0,0,0,1,0,0,0 days 00:57:56
1953879,SecondHalf,Belgium,0,0,0,0,0,0,1,0,0,0 days 00:58:00
1953879,SecondHalf,Belgium,0,0,0,0,0,0,1,0,0,0 days 00:58:02
1953879,SecondHalf,Belgium,0,0,0,0,0,0,1,0,0,0 days 00:58:08
1953879,SecondHalf,Belgium,0,0,0,0,0,0,1,0,0,0 days 00:58:10
1953879,SecondHalf,Belgium,0,0,0,0,0,0,1,0,0,0 days 00:58:11
1953879,SecondHalf,Belgium,0,0,0,0,0,0,1,0,0,0 days 00:58:14
1953879,SecondHalf,Belgium,0,0,0,0,0,0,1,0,0,0 days 00:58:16
1953879,SecondHalf,Belgium,0,0,0,0,0,0,1,0,0,0 days 00:58:18
1953879,SecondHalf,Belgium,0,0,0,1,0,0,0,0,0,0 days 00:58:22
1953879,SecondHalf,Iran,0,0,0,0,0,0,0,1,0,0 days 00:58:22
1953879,SecondHalf,Belgium,0,0,0,0,0,0,1,0,0,0 days 00:58:24
1953879,SecondHalf,Belgium,0,0,0,0,0,0,1,0,0,0 days 00:58:26
1953879,SecondHalf,Belgium,0,0,0,0,0,0,1,0,0,0 days 00:58:29
1953879,SecondHalf,Belgium,0,0,0,0,0,0,1,0,0,0 days 00:58:32
1953879,SecondHalf,Belgium,0,0,0,0,0,0,1,0,0,0 days 00:58:36
1953879,SecondHalf,Iran,0,0,1,0,0,0,0,0,0,0 days 00:58:37
1953879,SecondHalf,Iran,0,0,0,0,0,0,0,0,0,0 days 00:58:37
1953879,SecondHalf,Belgium,1,0,0,0,0,0,0,0,0,0 days 00:58:38
1953879,SecondHalf,Iran,0,0,0,0,0,0,0,0,0,0 days 00:58:39
1953879,SecondHalf,Iran,0,0,0,0,0,0,0,0,0,0 days 00:58:40
1953879,SecondHalf,Iran,0,0,0,0,0,0,0,0,0,0 days 00:58:41
1953879,SecondHalf,Iran,0,0,0,0,0,0,1,0,0,0 days 00:58:54
1953879,SecondHalf,Iran,0,0,0,0,0,0,0,0,0,0 days 00:58:56
1953879,SecondHalf,Belgium,0,0,0,0,0,0,0,0,0,0 days 00:58:56
1953879,SecondHalf,Belgium,0,0,0,0,0,0,1,0,0,0 days 00:58:58
1953879,SecondHalf,Belgium,0,1,0,0,0,0,0,0,0,0 days 00:58:59
1953879,SecondHalf,Belgium,0,0,0,0,0,0,1,0,0,0 days 00:59:05
1953879,SecondHalf,Belgium,0,0,0,0,0,0,1,0,0,0 days 00:59:07
1953879,SecondHalf,Belgium,0,0,0,0,0,0,1,0,0,0 days 00:59:13
1953879,SecondHalf,Belgium,0,0,0,0,0,0,1,0,0,0 days 00:59:14
1953879,SecondHalf,Belgium,0,0,0,0,0,0,1,0,0,0 days 00:59:19
1953879,SecondHalf,Belgium,0,0,0,0,0,0,1,0,0,0 days 00:59:21
1953879,SecondHalf,Iran,0,0,1,0,0,0,0,0,0,0 days 00:59:22
1953879,SecondHalf,Belgium,0,0,0,0,0,0,1,0,0,0 days 00:59:34
1953879,SecondHalf,Belgium,0,0,0,0,0,0,1,0,0,0 days 00:59:37
1953879,SecondHalf,Belgium,0,0,0,0,0,0,1,0,0,0 days 00:59:38
1953879,SecondHalf,Belgium,0,0,0,0,0,0,1,0,0,0 days 00:59:41
1953879,SecondHalf,Belgium,0,0,0,0,0,0,1,0,0,0 days 00:59:49
1953879,SecondHalf,Belgium,0,0,0,0,0,0,1,0,0,0 days 00:59:50
1953879,SecondHalf,Iran,0,0,1,0,0,0,0,0,0,0 days 00:59:51
1953879,SecondHalf,Belgium,0,0,0,0,0,0,1,0,0,0 days 00:59:54
1953879,SecondHalf,Belgium,0,0,0,0,0,0,1,0,0,0 days 00:59:57
1953879,SecondHalf,Belgium,0,0,0,0,0,0,1,0,0,0 days 00:59:58
1953879,SecondHalf,Belgium,0,0,0,0,0,0,1,0,0,0 days 01:00:00
1953879,SecondHalf,Iran,0,0,0,0,0,0,1,0,0,0 days 01:00:24
1953879,SecondHalf,Iran,0,0,0,0,0,0,1,0,0,0 days 01:00:26
1953879,SecondHalf,Iran,0,0,0,0,0,0,1,0,0,0 days 01:00:27
1953879,SecondHalf,Belgium,0,1,0,0,0,0,0,0,0,0 days 01:00:29
1953879,SecondHalf,Belgium,0,0,0,0,0,0,1,0,0,0 days 01:00:31
1953879,SecondHalf,Belgium,0,0,0,0,0,0,1,0,0,0 days 01:00:32
1953879,SecondHalf,Belgium,0,0,0,0,0,0,1,0,0,0 days 01:00:34
1953879,SecondHalf,Iran,0,0,0,0,0,0,0,0,0,0 days 01:00:39
1953879,SecondHalf,Iran,0,0,0,0,0,0,1,0,0,0 days 01:00:48
1953879,SecondHalf,Belgium,0,0,0,0,0,0,0,0,0,0 days 01:00:51
1953879,SecondHalf,Iran,0,0,0,0,0,0,0,0,0,0 days 01:00:51
1953879,SecondHalf,Iran,0,0,0,0,0,0,1,0,0,0 days 01:00:52
1953879,SecondHalf,Iran,0,0,0,0,0,0,0,0,0,0 days 01:00:56
1953879,SecondHalf,Belgium,0,1,0,0,0,0,0,0,0,0 days 01:00:58
1953879,SecondHalf,Belgium,0,0,0,0,0,0,1,0,0,0 days 01:00:58
1953879,SecondHalf,Belgium,0,0,0,0,0,0,1,0,0,0 days 01:01:03
1953879,SecondHalf,Belgium,0,0,0,0,0,0,1,0,0,0 days 01:01:05
1953879,SecondHalf,Belgium,0,0,0,0,0,0,1,0,0,0 days 01:01:08
1953879,SecondHalf,Belgium,0,0,0,0,0,0,1,0,0,0 days 01:01:14
1953879,SecondHalf,Belgium,0,0,0,0,0,0,1,0,0,0 days 01:01:15
1953879,SecondHalf,Iran,0,0,1,0,0,0,0,0,0,0 days 01:01:17
1953879,SecondHalf,Iran,0,1,0,0,0,0,0,0,0,0 days 01:01:19
1953879,SecondHalf,Iran,0,0,0,0,0,0,1,0,0,0 days 01:01:20
1953879,SecondHalf,Iran,0,0,0,1,0,0,0,0,0,0 days 01:01:23
1953879,SecondHalf,Belgium,0,0,0,0,0,0,0,1,0,0 days 01:01:23
1953879,SecondHalf,Iran,0,0,0,0,0,0,0,0,0,0 days 01:01:24
1953879,SecondHalf,Iran,0,0,0,0,0,0,1,0,0,0 days 01:01:26
1953879,SecondHalf,Belgium,0,1,0,0,0,0,0,0,0,0 days 01:01:28
1953879,SecondHalf,Belgium,0,0,0,0,0,0,1,0,0,0 days 01:01:29
1953879,SecondHalf,Belgium,0,0,0,0,0,0,1,0,0,0 days 01:01:35
1953879,SecondHalf,Belgium,1,0,0,0,0,0,0,0,0,0 days 01:01:38
1953879,SecondHalf,Iran,0,0,0,0,0,0,0,0,0,0 days 01:01:38
1953879,SecondHalf,Belgium,1,0,0,0,0,0,0,0,0,0 days 01:01:41
1953879,SecondHalf,Iran,0,0,0,0,0,0,1,0,0,0 days 01:02:05
1953879,SecondHalf,Iran,0,0,0,0,0,0,1,0,0,0 days 01:02:08
1953879,SecondHalf,Iran,0,0,0,0,0,0,0,0,0,0 days 01:02:13
1953879,SecondHalf,Belgium,0,0,0,0,0,0,0,0,0,0 days 01:02:14
1953879,SecondHalf,Belgium,0,0,0,0,0,0,0,0,0,0 days 01:02:15
1953879,SecondHalf,Iran,0,0,0,0,0,0,1,0,0,0 days 01:02:16
1953879,SecondHalf,Iran,0,0,0,0,0,0,1,0,0,0 days 01:02:18
1953879,SecondHalf,Iran,0,0,0,0,0,0,1,0,0,0 days 01:02:22
1953879,SecondHalf,Belgium,0,0,0,0,0,0,0,0,0,0 days 01:02:24
1953879,SecondHalf,Belgium,0,0,0,0,0,0,0,0,0,0 days 01:02:25
1953879,SecondHalf,Belgium,0,0,0,0,0,0,1,0,0,0 days 01:02:29
1953879,SecondHalf,Belgium,0,0,0,0,0,0,1,0,0,0 days 01:02:30
1953879,SecondHalf,Belgium,0,0,0,0,0,0,1,0,0,0 days 01:02:32
1953879,SecondHalf,Belgium,0,0,0,0,0,0,1,0,0,0 days 01:02:34
1953879,SecondHalf,Belgium,0,0,0,0,0,0,1,0,0,0 days 01:02:38
1953879,SecondHalf,Belgium,0,0,0,0,0,0,1,0,0,0 days 01:02:40
1953879,SecondHalf,Belgium,0,0,0,0,0,0,1,0,0,0 days 01:02:41
1953879,SecondHalf,Belgium,0,0,0,0,0,0,1,0,0,0 days 01:02:44
1953879,SecondHalf,Belgium,0,0,0,0,0,0,1,0,0,0 days 01:02:46
1953879,SecondHalf,Belgium,0,0,0,0,0,0,1,0,0,0 days 01:02:47
1953879,SecondHalf,Belgium,0,0,0,0,0,0,1,0,0,0 days 01:02:51
1953879,SecondHalf,Belgium,0,0,0,0,0,0,1,0,0,0 days 01:02:52
1953879,SecondHalf,Belgium,0,0,0,0,0,0,1,0,0,0 days 01:02:53
1953879,SecondHalf,Belgium,0,0,0,0,0,0,1,0,0,0 days 01:02:55
1953879,SecondHalf,Belgium,0,0,0,0,0,0,1,0,0,0 days 01:02:57
1953879,SecondHalf,Iran,0,0,0,0,0,0,1,0,0,0 days 01:03:23
1953879,SecondHalf,Iran,0,0,0,0,0,0,1,0,0,0 days 01:03:27
1953879,SecondHalf,Belgium,0,0,0,0,0,0,0,0,0,0 days 01:03:28
1953879,SecondHalf,Iran,0,0,0,0,0,0,0,0,0,0 days 01:03:29
1953879,SecondHalf,Belgium,0,0,0,0,0,0,1,0,0,0 days 01:03:31
1953879,SecondHalf,Belgium,0,1,0,0,0,0,0,0,0,0 days 01:03:32
1953879,SecondHalf,Belgium,0,0,0,0,1,0,0,0,0,0 days 01:03:37
1953879,SecondHalf,Iran,0,0,0,0,1,0,0,0,0,0 days 01:03:37
1953879,SecondHalf,Belgium,0,0,0,0,0,0,1,0,0,0 days 01:03:39
1953879,SecondHalf,Iran,0,0,0,0,0,0,0,1,0,0 days 01:03:41
1953879,SecondHalf,Belgium,0,0,0,0,0,0,0,0,1,0 days 01:03:41
1953879,SecondHalf,Iran,0,1,0,0,0,0,0,0,0,0 days 01:03:42
1953879,SecondHalf,Iran,0,0,0,0,0,0,1,0,0,0 days 01:03:43
1953879,SecondHalf,Iran,0,0,0,0,0,0,1,0,0,0 days 01:03:48
1953879,SecondHalf,Iran,0,0,0,0,0,0,1,0,0,0 days 01:03:52
1953879,SecondHalf,Belgium,0,0,0,0,0,0,0,0,0,0 days 01:03:55
1953879,SecondHalf,Belgium,0,0,0,0,0,0,0,1,0,0 days 01:03:58
1953879,SecondHalf,Iran,0,0,0,1,0,0,0,0,0,0 days 01:03:58
1953879,SecondHalf,Belgium,0,0,0,0,0,0,0,0,0,0 days 01:03:59
1953879,SecondHalf,Iran,0,0,0,0,0,0,0,0,0,0 days 01:03:59
1953879,SecondHalf,Iran,0,0,0,0,0,0,1,0,0,0 days 01:04:48
1953879,SecondHalf,Belgium,0,0,0,0,0,0,0,0,0,0 days 01:04:51
1953879,SecondHalf,Iran,0,0,0,0,0,0,0,0,0,0 days 01:04:51
1953879,SecondHalf,Iran,1,0,0,0,0,0,0,0,0,0 days 01:04:52
1953879,SecondHalf,Iran,0,0,0,0,0,0,0,0,0,0 days 01:05:27
1953879,SecondHalf,Iran,0,0,0,0,0,0,0,0,0,0 days 01:05:27
1953879,SecondHalf,Iran,0,0,0,0,0,0,0,0,0,0 days 01:05:28
1953879,SecondHalf,Iran,0,0,0,0,0,0,0,0,0,0 days 01:05:28
1953879,SecondHalf,Iran,0,0,0,0,0,0,0,0,0,0 days 01:05:29
1953879,SecondHalf,Belgium,0,0,0,0,0,0,1,0,0,0 days 01:05:38
1953879,SecondHalf,Belgium,0,0,0,0,0,0,1,0,0,0 days 01:05:46
1953879,SecondHalf,Belgium,0,0,0,0,0,0,1,0,0,0 days 01:05:47
1953879,SecondHalf,Belgium,0,0,0,0,0,0,1,0,0,0 days 01:05:48
1953879,SecondHalf,Belgium,0,0,0,0,0,0,1,0,0,0 days 01:05:51
1953879,SecondHalf,Belgium,0,0,0,0,0,0,0,0,0,0 days 01:05:54
1953879,SecondHalf,Iran,0,0,0,0,1,0,0,0,0,0 days 01:05:56
1953879,SecondHalf,Belgium,0,0,0,0,1,0,0,0,0,0 days 01:05:56
1953879,SecondHalf,Belgium,0,0,0,0,0,0,0,0,0,0 days 01:06:00
1953880,SecondHalf,Egypt,0,0,0,0,0,0,1,0,0,0 days 00:57:03
1953880,SecondHalf,Egypt,0,0,0,0,0,0,1,0,0,0 days 00:57:06
1953880,SecondHalf,Egypt,0,0,0,0,0,0,1,0,0,0 days 00:57:09
1953880,SecondHalf,Egypt,0,0,0,0,0,0,1,0,0,0 days 00:57:12
1953880,SecondHalf,Egypt,0,0,0,0,0,0,1,0,0,0 days 00:57:14
1953880,SecondHalf,Egypt,0,0,0,0,0,0,1,0,0,0 days 00:57:18
1953880,SecondHalf,Iran,0,1,0,0,0,0,0,0,0,0 days 00:57:22
1953880,SecondHalf,Iran,0,0,0,0,0,0,1,0,0,0 days 00:57:23
1953880,SecondHalf,Iran,0,0,0,0,0,0,1,0,0,0 days 00:57:24
1953880,SecondHalf,Egypt,0,0,0,0,0,0,0,0,0,0 days 00:57:27
1953880,SecondHalf,Iran,0,0,0,0,0,0,0,0,1,0 days 00:57:27
1953880,SecondHalf,Iran,0,0,0,0,0,0,1,0,0,0 days 00:57:29
1953880,SecondHalf,Iran,0,0,0,0,0,0,1,0,0,0 days 00:57:32
1953880,SecondHalf,Egypt,0,0,1,0,0,0,0,0,0,0 days 00:57:35
1953880,SecondHalf,Iran,0,0,0,0,0,0,0,0,0,0 days 00:57:37
1953880,SecondHalf,Iran,0,0,0,0,0,0,1,0,0,0 days 00:57:40
1953880,SecondHalf,Iran,0,0,0,0,0,0,1,0,0,0 days 00:57:43
1953880,SecondHalf,Iran,0,0,0,0,0,0,1,0,0,0 days 00:57:47
1953880,SecondHalf,Iran,0,0,0,0,0,0,1,0,0,0 days 00:57:50
1953880,SecondHalf,Iran,0,0,0,0,0,0,1,0,0,0 days 00:57:52
1953880,SecondHalf,Egypt,0,0,0,0,0,0,1,0,0,0 days 00:57:58
1953880,SecondHalf,Egypt,0,0,0,0,0,0,1,0,0,0 days 00:58:03
1953880,SecondHalf,Egypt,0,0,0,0,0,0,1,0,0,0 days 00:58:04
1953880,SecondHalf,Egypt,0,0,0,0,0,0,1,0,0,0 days 00:58:05
1953880,SecondHalf,Egypt,0,0,0,0,0,0,1,0,0,0 days 00:58:08
1953880,SecondHalf,Egypt,0,0,0,0,0,0,1,0,0,0 days 00:58:09
1953880,SecondHalf,Egypt,0,0,0,0,0,0,1,0,0,0 days 00:58:11
1953880,SecondHalf,Egypt,0,0,0,0,0,0,1,0,0,0 days 00:58:16
1953880,SecondHalf,Egypt,0,0,0,0,0,0,1,0,0,0 days 00:58:20
1953880,SecondHalf,Egypt,0,0,0,0,0,0,1,0,0,0 days 00:58:24
1953880,SecondHalf,Egypt,0,0,0,0,0,0,0,0,0,0 days 00:58:27
1953880,SecondHalf,Iran,0,0,0,0,0,0,1,0,0,0 days 00:58:44
1953880,SecondHalf,Iran,0,0,0,0,0,0,0,0,0,0 days 00:58:46
1953880,SecondHalf,Iran,0,0,0,0,0,0,1,0,0,0 days 00:58:46
1953880,SecondHalf,Egypt,0,0,0,0,0,0,0,0,0,0 days 00:58:46
1953880,SecondHalf,Egypt,0,0,0,0,0,0,0,0,0,0 days 00:58:49
1953880,SecondHalf,Iran,0,0,0,0,0,0,1,0,0,0 days 00:58:49
1953880,SecondHalf,Iran,0,0,0,0,0,0,0,0,0,0 days 00:58:52
1953880,SecondHalf,Egypt,0,0,0,0,0,0,0,0,0,0 days 00:58:52
1953880,SecondHalf,Iran,0,0,0,0,0,0,1,0,0,0 days 00:58:53
1953880,SecondHalf,Iran,0,0,0,0,0,0,1,0,0,0 days 00:58:56
1953880,SecondHalf,Iran,0,0,0,0,0,0,1,0,0,0 days 00:58:57
1953880,SecondHalf,Egypt,0,0,0,0,1,0,0,0,0,0 days 00:59:02
1953880,SecondHalf,Iran,0,0,0,0,1,0,0,0,0,0 days 00:59:02
1953880,SecondHalf,Egypt,0,0,0,0,0,0,1,0,0,0 days 00:59:50
1953880,SecondHalf,Egypt,0,0,0,0,0,0,1,0,0,0 days 00:59:53
1953880,SecondHalf,Egypt,0,0,0,0,0,0,1,0,0,0 days 01:00:01
1953880,SecondHalf,Egypt,0,0,0,0,0,0,1,0,0,0 days 01:00:05
1953880,SecondHalf,Egypt,0,0,0,0,0,0,1,0,0,0 days 01:00:08
1953880,SecondHalf,Egypt,0,0,0,0,0,0,1,0,0,0 days 01:00:09
1953880,SecondHalf,Egypt,0,0,0,0,0,0,1,0,0,0 days 01:00:13
1953880,SecondHalf,Egypt,0,0,0,0,0,0,1,0,0,0 days 01:00:17
1953880,SecondHalf,Egypt,0,0,0,0,0,0,1,0,0,0 days 01:00:20
1953880,SecondHalf,Egypt,0,0,0,0,0,0,1,0,0,0 days 01:00:24
1953880,SecondHalf,Egypt,0,0,0,0,0,0,1,0,0,0 days 01:00:29
1953880,SecondHalf,Egypt,0,0,0,0,0,0,1,0,0,0 days 01:00:32
1953880,SecondHalf,Egypt,0,0,0,0,0,0,1,0,0,0 days 01:00:39
1953880,SecondHalf,Iran,0,1,0,0,0,0,0,0,0,0 days 01:00:41
1953880,SecondHalf,Egypt,0,0,0,0,0,0,1,0,0,0 days 01:00:41
1953880,SecondHalf,Iran,0,0,0,0,0,0,1,0,0,0 days 01:00:42
1953880,SecondHalf,Iran,0,0,0,0,0,0,1,0,0,0 days 01:00:43
1953880,SecondHalf,Iran,0,0,0,0,0,0,1,0,0,0 days 01:00:44
1953880,SecondHalf,Iran,0,0,0,0,0,0,0,0,0,0 days 01:00:47
1953880,SecondHalf,Egypt,0,0,0,0,0,0,0,0,0,0 days 01:00:50
1953880,SecondHalf,Egypt,0,1,0,0,0,0,0,0,0,0 days 01:00:52
1953880,SecondHalf,Egypt,0,0,0,0,0,0,1,0,0,0 days 01:00:53
1953880,SecondHalf,Egypt,0,0,0,0,0,0,1,0,0,0 days 01:00:59
1953880,SecondHalf,Egypt,0,0,0,0,0,0,1,0,0,0 days 01:01:00
1953880,SecondHalf,Egypt,0,0,0,0,0,0,1,0,0,0 days 01:01:05
1953880,SecondHalf,Egypt,0,0,0,0,0,0,1,0,0,0 days 01:01:09
1953880,SecondHalf,Egypt,0,0,0,0,0,0,1,0,0,0 days 01:01:12
1953880,SecondHalf,Egypt,0,0,0,0,0,0,1,0,0,0 days 01:01:15
1953880,SecondHalf,Egypt,0,0,0,0,0,0,1,0,0,0 days 01:01:17
1953880,SecondHalf,Egypt,0,0,0,0,0,0,1,0,0,0 days 01:01:20
1953880,SecondHalf,Egypt,0,0,0,0,0,0,1,0,0,0 days 01:01:24
1953880,SecondHalf,Egypt,0,0,0,0,0,0,1,0,0,0 days 01:01:30
1953880,SecondHalf,Egypt,0,0,0,0,0,0,1,0,0,0 days 01:01:32
1953880,SecondHalf,Egypt,0,0,0,0,0,0,1,0,0,0 days 01:01:34
1953880,SecondHalf,Egypt,0,0,0,0,0,0,1,0,0,0 days 01:01:37
1953880,SecondHalf,Egypt,0,0,0,0,0,0,1,0,0,0 days 01:01:41
1953880,SecondHalf,Iran,0,0,0,0,0,1,0,0,0,0 days 01:01:42
1953880,SecondHalf,Iran,0,0,0,0,0,0,0,0,0,0 days 01:01:45
1953880,SecondHalf,Egypt,1,0,0,0,0,0,0,0,0,0 days 01:01:45
1953880,SecondHalf,Iran,0,0,0,0,0,0,0,0,0,0 days 01:01:46
1953880,SecondHalf,Egypt,0,0,0,0,0,0,0,0,0,0 days 01:01:46
1953880,SecondHalf,Egypt,0,0,0,0,0,0,1,0,0,0 days 01:02:19
1953880,SecondHalf,Iran,0,0,0,0,0,0,0,0,0,0 days 01:02:21
1953880,SecondHalf,Iran,0,0,0,0,0,0,1,0,0,0 days 01:02:30
1953880,SecondHalf,Egypt,0,0,0,0,0,0,1,0,0,0 days 01:02:35
1953880,SecondHalf,Egypt,0,1,0,0,0,0,0,0,0,0 days 01:02:37
1953880,SecondHalf,Egypt,0,0,0,0,0,0,1,0,0,0 days 01:02:37
1953880,SecondHalf,Egypt,0,0,0,0,0,0,1,0,0,0 days 01:02:39
1953880,SecondHalf,Egypt,0,0,0,0,0,0,1,0,0,0 days 01:02:42
1953880,SecondHalf,Egypt,0,0,0,0,0,0,1,0,0,0 days 01:02:46
1953880,SecondHalf,Egypt,0,0,0,0,0,0,1,0,0,0 days 01:02:53
1953880,SecondHalf,Egypt,0,0,0,0,0,0,1,0,0,0 days 01:02:56
1953880,SecondHalf,Egypt,0,0,0,0,0,0,1,0,0,0 days 01:02:57
1953880,SecondHalf,Egypt,0,0,0,0,0,0,1,0,0,0 days 01:02:59
1953880,SecondHalf,Egypt,0,0,0,0,0,0,1,0,0,0 days 01:03:02
1953880,SecondHalf,Egypt,0,0,0,0,0,0,1,0,0,0 days 01:03:05
1953880,SecondHalf,Iran,0,0,0,0,1,0,0,0,0,0 days 01:03:12
1953880,SecondHalf,Egypt,0,0,0,0,1,0,0,0,0,0 days 01:03:12
1953880,SecondHalf,Egypt,0,0,0,0,0,0,1,0,0,0 days 01:03:47
1953880,SecondHalf,Egypt,0,0,0,0,0,0,1,0,0,0 days 01:03:51
1953880,SecondHalf,Egypt,0,0,0,0,0,0,1,0,0,0 days 01:03:52
1953880,SecondHalf,Iran,0,0,1,0,0,0,0,0,0,0 days 01:03:54
1953880,SecondHalf,Iran,0,0,0,0,0,0,0,0,0,0 days 01:03:55
1953880,SecondHalf,Egypt,0,0,0,0,0,0,0,0,0,0 days 01:03:55
1953880,SecondHalf,Egypt,0,0,0,0,0,0,1,0,0,0 days 01:04:21
1953880,SecondHalf,Egypt,0,0,0,0,0,0,0,0,0,0 days 01:04:23
1953880,SecondHalf,Iran,0,0,0,0,0,0,0,0,0,0 days 01:04:23
1953880,SecondHalf,Iran,0,0,1,0,0,0,0,0,0,0 days 01:04:24
1953880,SecondHalf,Egypt,0,0,0,0,0,0,0,0,0,0 days 01:04:26
1953880,SecondHalf,Iran,0,0,0,0,0,0,0,0,0,0 days 01:04:26
1953880,SecondHalf,Iran,0,0,0,0,0,0,1,0,0,0 days 01:04:27
1953880,SecondHalf,Iran,0,1,0,0,0,0,0,0,0,0 days 01:04:28
1953880,SecondHalf,Iran,0,0,0,0,0,0,0,0,0,0 days 01:04:34
1953880,SecondHalf,Iran,0,0,0,0,1,0,0,0,0,0 days 01:04:36
1953880,SecondHalf,Egypt,0,0,0,0,1,0,0,0,0,0 days 01:04:36
1953880,SecondHalf,Egypt,0,0,0,0,0,0,1,0,0,0 days 01:04:53
1953880,SecondHalf,Egypt,0,0,0,0,0,0,1,0,0,0 days 01:04:55
1953880,SecondHalf,Egypt,0,0,0,0,0,0,1,0,0,0 days 01:04:56
1953880,SecondHalf,Egypt,0,0,0,0,0,0,1,0,0,0 days 01:04:57
1953880,SecondHalf,Egypt,0,0,0,0,0,0,1,0,0,0 days 01:04:59
1953880,SecondHalf,Egypt,0,0,0,0,0,0,1,0,0,0 days 01:05:00
1953880,SecondHalf,Egypt,0,0,0,0,0,0,1,0,0,0 days 01:05:02
1953880,SecondHalf,Egypt,0,0,0,0,0,0,1,0,0,0 days 01:05:08
1953880,SecondHalf,Egypt,0,0,0,0,0,0,1,0,0,0 days 01:05:12
1953880,SecondHalf,Egypt,0,0,0,0,0,0,1,0,0,0 days 01:05:15
1953880,SecondHalf,Egypt,0,0,0,0,0,0,1,0,0,0 days 01:05:17
1953880,SecondHalf,Egypt,0,0,0,0,0,0,1,0,0,0 days 01:05:20
1953880,SecondHalf,Iran,0,0,0,0,0,0,0,0,0,0 days 01:05:21
1953880,SecondHalf,Iran,0,0,1,0,0,0,0,0,0,0 days 01:05:22
1953880,SecondHalf,Egypt,0,0,0,0,0,0,1,0,0,0 days 01:05:27
1953880,SecondHalf,Egypt,0,0,0,0,0,0,1,0,0,0 days 01:05:30
1953880,SecondHalf,Egypt,0,0,0,0,0,0,1,0,0,0 days 01:05:32
1953880,SecondHalf,Egypt,0,0,0,0,0,0,1,0,0,0 days 01:05:37
1953880,SecondHalf,Egypt,0,0,0,0,0,0,1,0,0,0 days 01:05:41
1953880,SecondHalf,Egypt,0,0,0,0,0,0,1,0,0,0 days 01:05:44
1953880,SecondHalf,Egypt,0,0,0,0,0,0,1,0,0,0 days 01:05:50
1953880,SecondHalf,Iran,0,0,0,0,0,1,0,0,0,0 days 01:05:51
1953880,SecondHalf,Iran,0,0,1,0,0,0,0,0,0,0 days 01:05:52
1953880,SecondHalf,Iran,0,0,0,0,0,0,0,0,0,0 days 01:06:02
1953880,SecondHalf,Iran,0,0,0,0,0,0,0,0,0,0 days 01:06:02
1953880,SecondHalf,Iran,0,0,0,0,0,0,0,0,0,0 days 01:06:03
1953880,SecondHalf,Egypt,0,0,0,0,0,0,1,0,0,0 days 01:06:11
1953880,SecondHalf,Egypt,0,0,0,0,0,0,1,0,0,0 days 01:06:15
1953880,SecondHalf,Egypt,0,0,0,0,0,0,1,0,0,0 days 01:06:19
1953880,SecondHalf,Egypt,0,0,0,0,0,0,1,0,0,0 days 01:06:22
1953880,SecondHalf,Egypt,0,0,0,0,0,0,1,0,0,0 days 01:06:25
1953880,SecondHalf,Egypt,0,0,0,0,0,0,1,0,0,0 days 01:06:29
1953880,SecondHalf,Egypt,0,0,0,0,0,0,1,0,0,0 days 01:06:30
1953880,SecondHalf,Egypt,0,0,0,0,0,0,1,0,0,0 days 01:06:33
1953880,SecondHalf,Egypt,0,0,0,0,0,0,1,0,0,0 days 01:06:36
1953880,SecondHalf,Iran,0,0,1,0,0,0,0,0,0,0 days 01:06:38
1953880,SecondHalf,Iran,0,0,0,0,0,0,1,0,0,0 days 01:06:39
1953880,SecondHalf,Iran,0,0,0,0,0,0,1,0,0,0 days 01:06:40
1953880,SecondHalf,Egypt,0,0,0,0,0,0,1,0,0,0 days 01:06:45
1953880,SecondHalf,Egypt,0,0,0,0,0,0,1,0,0,0 days 01:06:48
1953880,SecondHalf,Egypt,0,0,0,0,0,0,1,0,0,0 days 01:06:51
1953880,SecondHalf,Egypt,0,0,0,0,0,0,1,0,0,0 days 01:06:53
1953881,SecondHalf,New Zealand,0,0,0,0,0,0,0,0,1,0 days 00:57:00
1953881,SecondHalf,Belgium,0,0,0,0,0,0,0,0,0,0 days 00:57:00
1953881,SecondHalf,New Zealand,0,0,0,0,0,0,1,0,0,0 days 00:57:04
1953881,SecondHalf,New Zealand,0,0,0,0,0,0,1,0,0,0 days 00:57:06
1953881,SecondHalf,New Zealand,0,0,0,0,0,0,1,0,0,0 days 00:57:11
1953881,SecondHalf,New Zealand,0,0,0,0,0,0,1,0,0,0 days 00:57:12
1953881,SecondHalf,New Zealand,0,0,0,0,0,0,1,0,0,0 days 00:57:14
1953881,SecondHalf,New Zealand,0,0,0,0,0,0,1,0,0,0 days 00:57:17
1953881,SecondHalf,New Zealand,0,0,0,0,0,0,1,0,0,0 days 00:57:23
1953881,SecondHalf,New Zealand,0,0,0,0,0,0,1,0,0,0 days 00:57:28
1953881,SecondHalf,New Zealand,0,0,0,0,0,0,1,0,0,0 days 00:57:32
1953881,SecondHalf,Belgium,0,0,1,0,0,0,0,0,0,0 days 00:57:34
1953881,SecondHalf,New Zealand,0,0,0,0,0,0,0,0,0,0 days 00:57:35
1953881,SecondHalf,Belgium,0,0,0,0,0,0,0,0,0,0 days 00:57:35
1953881,SecondHalf,New Zealand,0,0,0,0,0,0,1,0,0,0 days 00:58:06
1953881,SecondHalf,Belgium,0,0,0,0,0,0,0,0,0,0 days 00:58:09
1953881,SecondHalf,New Zealand,0,0,0,0,0,0,0,0,0,0 days 00:58:09
1953881,SecondHalf,Belgium,0,0,0,0,0,0,0,0,0,0 days 00:58:10
1953881,SecondHalf,New Zealand,1,0,0,0,0,0,0,0,0,0 days 00:58:11
1953881,SecondHalf,Belgium,0,0,0,0,0,0,1,0,0,0 days 00:58:25
1953881,SecondHalf,Belgium,0,0,0,0,0,0,1,0,0,0 days 00:58:28
1953881,SecondHalf,New Zealand,0,1,0,0,0,0,0,0,0,0 days 00:58:34
1953881,SecondHalf,New Zealand,0,0,0,0,0,0,1,0,0,0 days 00:58:34
1953881,SecondHalf,New Zealand,0,0,0,0,0,0,1,0,0,0 days 00:58:35
1953881,SecondHalf,New Zealand,0,0,0,0,0,0,1,0,0,0 days 00:58:38
1953881,SecondHalf,Belgium,0,0,0,0,0,0,1,0,0,0 days 00:58:41
1953881,SecondHalf,New Zealand,0,0,0,0,0,0,1,0,0,0 days 00:58:44
1953881,SecondHalf,Belgium,0,0,0,0,0,0,0,0,0,0 days 00:58:44
1953881,SecondHalf,Belgium,0,1,0,0,0,0,0,0,0,0 days 00:58:46
1953881,SecondHalf,Belgium,0,0,0,0,0,0,1,0,0,0 days 00:58:46
1953881,SecondHalf,Belgium,0,0,0,0,0,0,1,0,0,0 days 00:58:48
1953881,SecondHalf,Belgium,0,0,0,0,0,0,1,0,0,0 days 00:58:50
1953881,SecondHalf,Belgium,0,0,0,0,0,0,1,0,0,0 days 00:58:51
1953881,SecondHalf,Belgium,0,0,0,0,0,0,1,0,0,0 days 00:58:51
1953881,SecondHalf,Belgium,0,0,0,0,0,0,1,0,0,0 days 00:58:52
1953881,SecondHalf,Belgium,0,0,0,0,0,0,1,0,0,0 days 00:58:58
1953881,SecondHalf,Belgium,0,0,0,0,0,0,1,0,0,0 days 00:59:00
1953881,SecondHalf,Belgium,0,0,0,0,0,0,1,0,0,0 days 00:59:04
1953881,SecondHalf,New Zealand,0,0,0,0,0,0,0,0,0,0 days 00:59:04
1953881,SecondHalf,New Zealand,0,0,0,0,0,0,0,0,0,0 days 00:59:06
1953881,SecondHalf,Belgium,0,0,0,0,0,0,0,0,0,0 days 00:59:06
1953881,SecondHalf,Belgium,0,0,0,0,0,0,1,0,0,0 days 00:59:38
1953881,SecondHalf,New Zealand,0,0,0,0,0,0,0,0,0,0 days 00:59:39
1953881,SecondHalf,Belgium,0,0,0,0,0,0,0,0,0,0 days 00:59:39
1953881,SecondHalf,Belgium,1,0,0,0,0,0,0,0,0,0 days 00:59:40
1953881,SecondHalf,New Zealand,0,0,0,0,1,0,0,0,0,0 days 00:59:46
1953881,SecondHalf,Belgium,0,0,0,0,1,0,0,0,0,0 days 00:59:46
1953881,SecondHalf,New Zealand,0,0,0,0,0,0,1,0,0,0 days 01:00:18
1953881,SecondHalf,New Zealand,0,0,0,0,0,0,0,0,0,0 days 01:00:22
1953881,SecondHalf,Belgium,0,0,0,0,0,0,1,0,0,0 days 01:00:22
1953881,SecondHalf,Belgium,0,0,0,0,0,0,1,0,0,0 days 01:00:22
1953881,SecondHalf,Belgium,0,0,0,0,0,0,0,0,0,0 days 01:00:22
1953881,SecondHalf,New Zealand,0,0,0,0,0,0,1,0,0,0 days 01:00:23
1953881,SecondHalf,New Zealand,0,0,0,0,0,0,1,0,0,0 days 01:00:25
1953881,SecondHalf,Belgium,0,0,0,0,0,0,0,0,0,0 days 01:00:26
1953881,SecondHalf,Belgium,0,1,0,0,0,0,0,0,0,0 days 01:00:28
1953881,SecondHalf,Belgium,0,0,0,0,0,0,1,0,0,0 days 01:00:32
1953881,SecondHalf,Belgium,0,0,0,0,0,0,1,0,0,0 days 01:00:33
1953881,SecondHalf,New Zealand,0,0,1,0,0,0,0,0,0,0 days 01:00:33
1953881,SecondHalf,Belgium,0,0,0,0,0,0,1,0,0,0 days 01:00:36
1953881,SecondHalf,Belgium,1,0,0,0,0,0,0,0,0,0 days 01:00:39
1953881,SecondHalf,New Zealand,0,0,0,0,0,0,0,0,0,0 days 01:00:39
1953881,SecondHalf,Belgium,0,0,0,0,0,0,0,0,0,0 days 01:00:41
1953881,SecondHalf,New Zealand,0,0,0,0,0,0,0,0,0,0 days 01:00:41
1953881,SecondHalf,Belgium,0,0,0,0,0,0,1,0,0,0 days 01:01:08
1953881,SecondHalf,Belgium,0,0,0,0,0,0,1,0,0,0 days 01:01:11
1953881,SecondHalf,Belgium,0,0,0,0,0,0,0,0,0,0 days 01:01:12
1953881,SecondHalf,New Zealand,0,0,0,0,0,0,0,0,0,0 days 01:01:13
1953881,SecondHalf,Belgium,1,0,0,0,0,0,0,0,0,0 days 01:01:14
1953881,SecondHalf,New Zealand,0,0,0,0,0,0,0,0,0,0 days 01:01:14
1953881,SecondHalf,New Zealand,0,0,0,0,0,0,0,0,0,0 days 01:01:15
1953881,SecondHalf,New Zealand,0,0,0,0,0,0,1,0,0,0 days 01:01:19
1953881,SecondHalf,New Zealand,0,0,0,0,0,0,1,0,0,0 days 01:01:23
1953881,SecondHalf,New Zealand,0,0,0,0,0,0,0,0,0,0 days 01:01:27
1953881,SecondHalf,Belgium,0,1,0,0,0,0,0,0,0,0 days 01:01:28
1953881,SecondHalf,Belgium,0,0,0,0,0,0,1,0,0,0 days 01:01:28
1953881,SecondHalf,Belgium,0,0,0,0,0,0,1,0,0,0 days 01:01:31
1953881,SecondHalf,New Zealand,0,0,0,0,0,0,0,0,0,0 days 01:01:33
1953881,SecondHalf,Belgium,1,0,0,0,0,0,0,0,0,0 days 01:01:34
1953881,SecondHalf,New Zealand,0,0,0,0,0,0,0,0,0,0 days 01:01:34
1953881,SecondHalf,Belgium,0,0,0,0,0,0,0,0,0,0 days 01:01:35
1953881,SecondHalf,New Zealand,0,0,0,0,0,0,0,0,0,0 days 01:01:35
1953881,SecondHalf,Belgium,0,0,0,0,0,0,1,0,0,0 days 01:02:07
1953881,SecondHalf,Belgium,0,0,0,0,0,0,1,0,0,0 days 01:02:09
1953881,SecondHalf,New Zealand,0,0,0,0,0,0,0,0,0,0 days 01:02:10
1953881,SecondHalf,New Zealand,0,0,1,0,0,0,0,0,0,0 days 01:02:11
1953881,SecondHalf,Belgium,0,0,0,0,0,0,1,0,0,0 days 01:02:14
1953881,SecondHalf,Belgium,0,0,0,0,0,0,1,0,0,0 days 01:02:18
1953881,SecondHalf,Belgium,0,0,0,0,0,0,1,0,0,0 days 01:02:21
1953881,SecondHalf,Belgium,0,0,0,0,0,0,1,0,0,0 days 01:02:29
1953881,SecondHalf,Belgium,0,0,0,0,0,0,1,0,0,0 days 01:02:34
1953881,SecondHalf,New Zealand,0,0,0,0,0,0,1,0,0,0 days 01:02:35
1953881,SecondHalf,New Zealand,0,1,0,0,0,0,0,0,0,0 days 01:02:36
1953881,SecondHalf,New Zealand,0,0,0,0,0,0,1,0,0,0 days 01:02:36
1953881,SecondHalf,New Zealand,0,0,0,0,0,0,1,0,0,0 days 01:02:40
1953881,SecondHalf,New Zealand,0,0,0,0,0,0,1,0,0,0 days 01:02:41
1953881,SecondHalf,Belgium,0,0,0,0,0,0,0,0,0,0 days 01:02:41
1953881,SecondHalf,Belgium,0,1,0,0,0,0,0,0,0,0 days 01:02:43
1953881,SecondHalf,Belgium,0,0,0,0,0,0,1,0,0,0 days 01:02:43
1953881,SecondHalf,New Zealand,0,1,0,0,0,0,0,0,0,0 days 01:02:45
1953881,SecondHalf,New Zealand,0,0,0,0,0,0,1,0,0,0 days 01:02:48
1953881,SecondHalf,New Zealand,0,0,0,0,0,0,1,0,0,0 days 01:02:50
1953881,SecondHalf,New Zealand,0,0,0,0,0,0,1,0,0,0 days 01:02:53
1953881,SecondHalf,New Zealand,0,0,0,0,0,0,1,0,0,0 days 01:02:57
1953881,SecondHalf,Belgium,0,0,1,0,0,0,0,0,0,0 days 01:02:59
1953881,SecondHalf,New Zealand,0,0,0,0,0,0,1,0,0,0 days 01:03:05
1953881,SecondHalf,New Zealand,0,0,0,0,0,0,1,0,0,0 days 01:03:08
1953881,SecondHalf,New Zealand,0,0,0,0,0,0,1,0,0,0 days 01:03:10
1953881,SecondHalf,New Zealand,0,0,0,0,0,0,1,0,0,0 days 01:03:11
1953881,SecondHalf,New Zealand,0,0,0,0,0,0,1,0,0,0 days 01:03:13
1953881,SecondHalf,New Zealand,0,0,0,0,0,0,1,0,0,0 days 01:03:19
1953881,SecondHalf,Belgium,0,0,1,0,0,0,0,0,0,0 days 01:03:21
1953881,SecondHalf,Belgium,0,0,0,0,0,0,0,0,0,0 days 01:03:22
1953881,SecondHalf,New Zealand,0,0,0,0,0,0,0,0,0,0 days 01:03:22
1953881,SecondHalf,New Zealand,0,0,0,0,0,0,0,0,0,0 days 01:03:41
1953881,SecondHalf,New Zealand,0,0,0,0,0,0,0,0,0,0 days 01:03:41
1953881,SecondHalf,New Zealand,0,0,0,0,0,0,0,0,0,0 days 01:03:54
1953881,SecondHalf,New Zealand,0,0,0,0,0,0,0,0,0,0 days 01:03:54
1953881,SecondHalf,New Zealand,0,0,0,0,0,0,0,0,0,0 days 01:03:55
1953881,SecondHalf,New Zealand,0,0,0,0,0,0,1,0,0,0 days 01:04:07
1953881,SecondHalf,Belgium,0,0,1,0,0,0,0,0,0,0 days 01:04:10
1953881,SecondHalf,New Zealand,0,0,0,0,0,0,0,0,0,0 days 01:04:12
1953881,SecondHalf,Belgium,0,0,1,0,0,0,0,0,0,0 days 01:04:13
1953881,SecondHalf,Belgium,0,1,0,0,0,0,0,0,0,0 days 01:04:14
1953881,SecondHalf,Belgium,0,0,0,0,0,0,1,0,0,0 days 01:04:15
1953881,SecondHalf,Belgium,0,0,0,0,0,0,1,0,0,0 days 01:04:18
1953881,SecondHalf,Belgium,0,0,0,0,0,0,1,0,0,0 days 01:04:21
1953881,SecondHalf,Belgium,1,0,0,0,0,0,0,0,0,0 days 01:04:24
1953881,SecondHalf,New Zealand,0,0,0,0,0,0,1,0,0,0 days 01:04:49
1953881,SecondHalf,New Zealand,0,0,0,0,0,0,1,0,0,0 days 01:04:54
1953881,SecondHalf,New Zealand,0,0,0,0,0,0,1,0,0,0 days 01:04:55
1953881,SecondHalf,New Zealand,0,0,0,0,0,0,1,0,0,0 days 01:04:58
1953881,SecondHalf,New Zealand,0,0,0,0,0,0,1,0,0,0 days 01:04:58
1953881,SecondHalf,New Zealand,0,0,0,0,0,0,1,0,0,0 days 01:05:07
1953881,SecondHalf,New Zealand,0,0,0,0,0,0,1,0,0,0 days 01:05:10
1953881,SecondHalf,New Zealand,0,0,0,0,0,0,1,0,0,0 days 01:05:14
1953881,SecondHalf,New Zealand,0,0,0,0,0,0,1,0,0,0 days 01:05:15
1953881,SecondHalf,Belgium,0,0,1,0,0,0,0,0,0,0 days 01:05:17
1953881,SecondHalf,Belgium,0,1,0,0,0,0,0,0,0,0 days 01:05:19
1953881,SecondHalf,Belgium,0,0,0,0,0,0,1,0,0,0 days 01:05:21
1953881,SecondHalf,Belgium,0,0,0,0,0,0,1,0,0,0 days 01:05:27
1953881,SecondHalf,Belgium,1,0,0,0,0,0,0,0,0,0 days 01:05:29
1953881,SecondHalf,New Zealand,0,0,0,0,0,0,0,0,0,0 days 01:05:29
1953881,SecondHalf,New Zealand,0,1,0,0,0,0,0,0,0,0 days 01:05:31
1953881,SecondHalf,New Zealand,0,0,0,0,0,0,1,0,0,0 days 01:05:32
1953881,SecondHalf,New Zealand,0,0,0,0,0,0,1,0,0,0 days 01:05:35
1953881,SecondHalf,Belgium,0,0,0,0,0,0,0,1,0,0 days 01:05:38
1953881,SecondHalf,New Zealand,0,0,0,1,0,0,0,0,0,0 days 01:05:38
1953881,SecondHalf,Belgium,0,0,0,0,0,0,1,0,0,0 days 01:05:39
1953881,SecondHalf,Belgium,0,1,0,0,0,0,0,0,0,0 days 01:05:41
1953881,SecondHalf,Belgium,0,0,0,0,0,0,1,0,0,0 days 01:05:41
1953881,SecondHalf,Belgium,0,0,0,0,0,0,1,0,0,0 days 01:05:42
1953881,SecondHalf,Belgium,0,0,0,0,0,0,1,0,0,0 days 01:05:46
1953881,SecondHalf,Belgium,0,0,0,0,0,0,1,0,0,0 days 01:05:48
1953881,SecondHalf,Belgium,0,0,0,1,0,0,0,0,0,0 days 01:05:56
1953881,SecondHalf,New Zealand,0,0,0,0,0,0,0,1,0,0 days 01:05:56
1953881,SecondHalf,New Zealand,0,0,0,0,0,0,0,0,0,0 days 01:05:57
1953881,SecondHalf,Belgium,0,0,0,0,0,0,0,0,1,0 days 01:05:57
1953881,SecondHalf,Belgium,1,0,0,0,0,0,0,0,0,0 days 01:05:58
1953882,SecondHalf,Spain,0,0,0,0,0,0,1,0,0,0 days 00:57:04
1953882,SecondHalf,Spain,0,0,0,0,0,0,1,0,0,0 days 00:57:07
1953882,SecondHalf,Spain,0,0,0,0,0,0,1,0,0,0 days 00:57:09
1953882,SecondHalf,Spain,0,0,0,0,0,0,1,0,0,0 days 00:57:13
1953882,SecondHalf,Spain,0,0,0,0,0,0,1,0,0,0 days 00:57:16
1953882,SecondHalf,Spain,1,0,0,0,0,0,0,0,0,0 days 00:57:19
1953882,SecondHalf,Cabo Verde,0,0,0,0,0,0,1,0,0,0 days 00:57:44
1953882,SecondHalf,Cabo Verde,0,0,0,0,0,0,1,0,0,0 days 00:57:46
1953882,SecondHalf,Cabo Verde,0,0,0,0,0,0,1,0,0,0 days 00:57:48
1953882,SecondHalf,Cabo Verde,0,0,0,0,0,0,1,0,0,0 days 00:57:50
1953882,SecondHalf,Cabo Verde,0,0,0,0,0,0,1,0,0,0 days 00:57:52
1953882,SecondHalf,Cabo Verde,0,0,0,0,0,0,1,0,0,0 days 00:57:54
1953882,SecondHalf,Spain,0,1,0,0,0,0,0,0,0,0 days 00:57:57
1953882,SecondHalf,Spain,0,0,0,0,0,0,1,0,0,0 days 00:58:00
1953882,SecondHalf,Cabo Verde,0,0,0,0,0,1,0,0,0,0 days 00:58:01
1953882,SecondHalf,Spain,0,0,0,0,0,0,0,0,0,0 days 00:58:02
1953882,SecondHalf,Cabo Verde,0,0,0,0,0,0,0,0,0,0 days 00:58:02
1953882,SecondHalf,Spain,0,0,0,0,0,0,1,0,0,0 days 00:58:29
1953882,SecondHalf,Spain,0,0,0,0,0,0,1,0,0,0 days 00:58:31
1953882,SecondHalf,Spain,0,0,0,0,0,0,1,0,0,0 days 00:58:32
1953882,SecondHalf,Spain,0,0,0,0,0,0,1,0,0,0 days 00:58:33
1953882,SecondHalf,Cabo Verde,0,0,1,0,0,0,0,0,0,0 days 00:58:35
1953882,SecondHalf,Spain,0,0,0,0,0,0,1,0,0,0 days 00:58:42
1953882,SecondHalf,Spain,0,0,0,0,0,0,1,0,0,0 days 00:58:44
1953882,SecondHalf,Spain,0,0,0,0,0,0,1,0,0,0 days 00:58:48
1953882,SecondHalf,Spain,0,0,0,0,0,0,1,0,0,0 days 00:58:56
1953882,SecondHalf,Spain,0,0,0,0,0,0,1,0,0,0 days 00:58:58
1953882,SecondHalf,Spain,0,0,0,0,0,0,0,0,0,0 days 00:59:00
1953882,SecondHalf,Spain,0,0,0,0,0,0,1,0,0,0 days 00:59:02
1953882,SecondHalf,Spain,0,0,0,0,0,0,1,0,0,0 days 00:59:06
1953882,SecondHalf,Cabo Verde,0,0,0,0,0,1,0,0,0,0 days 00:59:08
1953882,SecondHalf,Spain,0,0,0,0,0,0,1,0,0,0 days 00:59:10
1953882,SecondHalf,Cabo Verde,0,0,0,0,0,0,0,0,0,0 days 00:59:13
1953882,SecondHalf,Cabo Verde,0,0,0,0,0,0,1,0,0,0 days 00:59:24
1953882,SecondHalf,Cabo Verde,0,0,0,0,0,0,1,0,0,0 days 00:59:28
1953882,SecondHalf,Cabo Verde,0,0,0,0,0,0,1,0,0,0 days 00:59:32
1953882,SecondHalf,Cabo Verde,0,0,0,0,0,0,1,0,0,0 days 00:59:35
1953882,SecondHalf,Cabo Verde,0,0,0,0,0,0,0,0,0,0 days 00:59:42
1953882,SecondHalf,Spain,0,1,0,0,0,0,0,0,0,0 days 00:59:43
1953882,SecondHalf,Spain,0,0,0,0,0,0,1,0,0,0 days 00:59:46
1953882,SecondHalf,Spain,0,0,0,0,0,0,0,0,1,0 days 00:59:52
1953882,SecondHalf,Cabo Verde,0,0,0,0,0,0,0,1,0,0 days 00:59:52
1953882,SecondHalf,Cabo Verde,0,0,1,0,0,0,0,0,0,0 days 00:59:56
1953882,SecondHalf,Spain,0,0,0,0,0,0,0,0,0,0 days 00:59:58
1953882,SecondHalf,Cabo Verde,0,0,0,0,0,0,0,0,0,0 days 00:59:58
1953882,SecondHalf,Cabo Verde,0,0,0,0,0,0,0,0,0,0 days 01:00:30
1953882,SecondHalf,Cabo Verde,0,0,0,0,0,0,0,0,0,0 days 01:00:30
1953882,SecondHalf,Cabo Verde,0,0,0,0,0,0,0,0,0,0 days 01:00:35
1953882,SecondHalf,Cabo Verde,0,0,0,0,0,0,0,0,0,0 days 01:00:35
1953882,SecondHalf,Cabo Verde,0,0,0,0,0,0,0,0,0,0 days 01:00:41
1953882,SecondHalf,Cabo Verde,0,0,0,0,0,0,0,0,0,0 days 01:00:41
1953882,SecondHalf,Spain,0,0,0,0,0,0,1,0,0,0 days 01:00:56
1953882,SecondHalf,Cabo Verde,0,0,1,0,0,0,0,0,0,0 days 01:00:59
1953882,SecondHalf,Cabo Verde,0,0,1,0,0,0,0,0,0,0 days 01:01:00
1953882,SecondHalf,Spain,0,0,0,0,0,0,1,0,0,0 days 01:01:01
1953882,SecondHalf,Cabo Verde,0,0,0,0,0,0,0,0,0,0 days 01:01:03
1953882,SecondHalf,Cabo Verde,0,0,0,0,0,0,1,0,0,0 days 01:01:09
1953882,SecondHalf,Cabo Verde,0,0,0,1,0,0,0,0,0,0 days 01:01:13
1953882,SecondHalf,Spain,0,0,0,0,0,0,0,1,0,0 days 01:01:13
1953882,SecondHalf,Spain,0,1,0,0,0,0,0,0,0,0 days 01:01:14
1953882,SecondHalf,Spain,0,0,0,0,0,0,1,0,0,0 days 01:01:14
1953882,SecondHalf,Spain,0,0,0,0,0,0,1,0,0,0 days 01:01:14
1953882,SecondHalf,Spain,0,0,0,0,0,0,1,0,0,0 days 01:01:16
1953882,SecondHalf,Spain,0,0,0,0,0,0,1,0,0,0 days 01:01:20
1953882,SecondHalf,Spain,0,0,0,0,0,0,1,0,0,0 days 01:01:22
1953882,SecondHalf,Spain,0,0,0,0,0,0,1,0,0,0 days 01:01:24
1953882,SecondHalf,Spain,0,0,0,0,0,0,1,0,0,0 days 01:01:26
1953882,SecondHalf,Spain,0,0,0,0,0,0,1,0,0,0 days 01:01:31
1953882,SecondHalf,Spain,0,0,0,0,0,0,1,0,0,0 days 01:01:34
1953882,SecondHalf,Spain,0,0,0,0,0,0,1,0,0,0 days 01:01:38
1953882,SecondHalf,Cabo Verde,0,0,0,0,0,0,0,0,0,0 days 01:01:41
1953882,SecondHalf,Spain,0,0,0,0,0,0,1,0,0,0 days 01:01:42
1953882,SecondHalf,Spain,0,0,0,0,0,0,1,0,0,0 days 01:01:45
1953882,SecondHalf,Spain,0,0,0,0,0,0,1,0,0,0 days 01:01:46
1953882,SecondHalf,Spain,0,0,0,0,0,0,1,0,0,0 days 01:01:48
1953882,SecondHalf,Spain,0,0,0,0,0,0,0,0,1,0 days 01:01:50
1953882,SecondHalf,Cabo Verde,0,0,0,0,0,0,0,0,0,0 days 01:01:50
1953882,SecondHalf,Spain,0,0,0,0,0,0,0,0,1,0 days 01:01:52
1953882,SecondHalf,Cabo Verde,0,1,0,0,0,0,0,0,0,0 days 01:01:54
1953882,SecondHalf,Cabo Verde,0,0,0,0,0,0,1,0,0,0 days 01:01:54
1953882,SecondHalf,Cabo Verde,0,0,0,0,0,0,1,0,0,0 days 01:01:55
1953882,SecondHalf,Cabo Verde,0,0,0,0,0,0,1,0,0,0 days 01:01:59
1953882,SecondHalf,Spain,0,0,0,0,0,0,0,0,0,0 days 01:01:59
1953882,SecondHalf,Cabo Verde,0,0,0,0,0,0,1,0,0,0 days 01:02:20
1953882,SecondHalf,Spain,0,0,0,0,0,0,1,0,0,0 days 01:02:23
1953882,SecondHalf,Spain,0,0,0,0,0,0,1,0,0,0 days 01:02:24
1953882,SecondHalf,Spain,0,1,0,0,0,0,0,0,0,0 days 01:02:26
1953882,SecondHalf,Spain,0,0,0,0,0,0,1,0,0,0 days 01:02:27
1953882,SecondHalf,Spain,0,0,0,0,0,0,1,0,0,0 days 01:02:34
1953882,SecondHalf,Spain,0,0,0,0,0,0,1,0,0,0 days 01:02:38
1953882,SecondHalf,Spain,0,0,0,0,0,0,1,0,0,0 days 01:02:39
1953882,SecondHalf,Spain,0,0,0,0,0,0,1,0,0,0 days 01:02:41
1953882,SecondHalf,Spain,0,0,0,0,0,0,1,0,0,0 days 01:02:44
1953882,SecondHalf,Spain,0,0,0,0,0,0,1,0,0,0 days 01:02:47
1953882,SecondHalf,Spain,0,0,0,0,0,0,1,0,0,0 days 01:02:49
1953882,SecondHalf,Spain,0,0,0,0,0,0,1,0,0,0 days 01:02:50
1953882,SecondHalf,Cabo Verde,0,0,1,0,0,0,0,0,0,0 days 01:02:50
1953882,SecondHalf,Cabo Verde,0,0,1,0,0,0,0,0,0,0 days 01:02:54
1953882,SecondHalf,Spain,0,0,0,0,0,0,1,0,0,0 days 01:02:56
1953882,SecondHalf,Spain,0,0,0,0,0,0,1,0,0,0 days 01:03:01
1953882,SecondHalf,Cabo Verde,0,0,0,0,0,1,0,0,0,0 days 01:03:02
1953882,SecondHalf,Spain,0,0,0,0,0,0,1,0,0,0 days 01:03:04
1953882,SecondHalf,Spain,0,0,0,0,0,0,1,0,0,0 days 01:03:05
1953882,SecondHalf,Spain,0,0,0,0,0,0,1,0,0,0 days 01:03:06
1953882,SecondHalf,Spain,0,0,0,0,0,0,1,0,0,0 days 01:03:08
1953882,SecondHalf,Spain,0,0,0,0,0,0,1,0,0,0 days 01:03:10
1953882,SecondHalf,Spain,0,0,0,0,0,0,1,0,0,0 days 01:03:13
1953882,SecondHalf,Cabo Verde,0,0,1,0,0,0,0,0,0,0 days 01:03:14
1953882,SecondHalf,Cabo Verde,0,0,1,0,0,0,0,0,0,0 days 01:03:16
1953882,SecondHalf,Cabo Verde,0,0,0,0,0,0,0,0,0,0 days 01:03:17
1953882,SecondHalf,Cabo Verde,0,0,0,1,0,0,0,0,0,0 days 01:03:20
1953882,SecondHalf,Spain,0,0,0,0,0,0,0,1,0,0 days 01:03:20
1953882,SecondHalf,Spain,0,0,0,0,0,0,1,0,0,0 days 01:03:29
1953882,SecondHalf,Spain,0,0,0,0,0,0,1,0,0,0 days 01:03:37
1953882,SecondHalf,Spain,0,0,0,0,0,0,1,0,0,0 days 01:03:40
1953882,SecondHalf,Spain,0,0,0,0,0,0,1,0,0,0 days 01:03:43
1953882,SecondHalf,Spain,0,0,0,0,0,0,1,0,0,0 days 01:03:46
1953882,SecondHalf,Spain,0,0,0,0,0,0,1,0,0,0 days 01:03:47
1953882,SecondHalf,Spain,0,0,0,0,0,0,1,0,0,0 days 01:03:49
1953882,SecondHalf,Spain,0,0,0,0,0,0,1,0,0,0 days 01:03:52
1953882,SecondHalf,Spain,0,0,0,0,0,0,1,0,0,0 days 01:03:57
1953882,SecondHalf,Spain,0,0,0,0,0,0,1,0,0,0 days 01:03:58
1953882,SecondHalf,Spain,0,0,0,0,0,0,1,0,0,0 days 01:04:00
1953882,SecondHalf,Cabo Verde,0,0,0,0,0,0,1,0,0,0 days 01:04:25
1953882,SecondHalf,Spain,0,0,0,0,0,0,0,0,0,0 days 01:04:28
1953882,SecondHalf,Cabo Verde,0,0,0,0,0,0,0,0,0,0 days 01:04:28
1953882,SecondHalf,Cabo Verde,0,0,0,0,0,0,1,0,0,0 days 01:04:28
1953882,SecondHalf,Spain,0,0,0,0,0,0,0,0,0,0 days 01:04:30
1953882,SecondHalf,Cabo Verde,0,0,0,0,0,0,0,0,0,0 days 01:04:30
1953882,SecondHalf,Spain,0,0,0,0,0,0,0,0,0,0 days 01:04:31
1953882,SecondHalf,Cabo Verde,0,0,0,0,0,0,1,0,0,0 days 01:04:31
1953882,SecondHalf,Spain,0,0,0,0,0,0,1,0,0,0 days 01:04:33
1953882,SecondHalf,Spain,0,0,0,0,0,0,0,0,0,0 days 01:04:34
1953882,SecondHalf,Spain,0,0,0,0,0,0,0,0,0,0 days 01:05:03
1953882,SecondHalf,Spain,0,0,0,0,0,0,1,0,0,0 days 01:05:04
1953882,SecondHalf,Spain,0,0,0,0,0,0,1,0,0,0 days 01:05:07
1953882,SecondHalf,Spain,0,0,0,0,0,0,1,0,0,0 days 01:05:13
1953882,SecondHalf,Spain,0,0,0,0,0,0,1,0,0,0 days 01:05:15
1953882,SecondHalf,Spain,0,0,0,0,0,0,1,0,0,0 days 01:05:18
1953882,SecondHalf,Cabo Verde,0,0,1,0,0,0,0,0,0,0 days 01:05:20
1953882,SecondHalf,Spain,0,0,0,0,0,0,1,0,0,0 days 01:05:22
1953882,SecondHalf,Spain,0,0,0,0,0,0,1,0,0,0 days 01:05:27
1953882,SecondHalf,Spain,0,0,0,0,0,0,1,0,0,0 days 01:05:31
1953882,SecondHalf,Spain,0,0,0,0,0,0,1,0,0,0 days 01:05:34
1953882,SecondHalf,Spain,0,0,0,0,0,0,1,0,0,0 days 01:05:35
1953882,SecondHalf,Spain,0,0,0,0,0,0,1,0,0,0 days 01:05:38
1953882,SecondHalf,Spain,0,0,0,0,0,0,1,0,0,0 days 01:05:39
1953882,SecondHalf,Spain,0,0,0,0,0,0,1,0,0,0 days 01:05:43
1953882,SecondHalf,Spain,0,0,0,0,0,0,1,0,0,0 days 01:05:45
1953882,SecondHalf,Spain,0,0,0,0,0,0,0,0,0,0 days 01:05:46
1953882,SecondHalf,Cabo Verde,0,1,0,0,0,0,0,0,0,0 days 01:05:49
1953882,SecondHalf,Cabo Verde,0,0,0,0,0,0,1,0,0,0 days 01:05:50
1953882,SecondHalf,Cabo Verde,0,0,0,0,0,0,1,0,0,0 days 01:05:52
1953882,SecondHalf,Spain,0,0,0,0,0,0,1,0,0,0 days 01:05:58
1953882,SecondHalf,Spain,0,0,0,0,0,0,1,0,0,0 days 01:06:03
1953882,SecondHalf,Spain,0,0,0,0,0,0,1,0,0,0 days 01:06:06
1953882,SecondHalf,Spain,0,0,0,0,0,0,1,0,0,0 days 01:06:10
1953882,SecondHalf,Spain,0,0,0,0,0,0,1,0,0,0 days 01:06:12
1953882,SecondHalf,Spain,0,0,0,0,0,0,1,0,0,0 days 01:06:15
1953882,SecondHalf,Spain,0,0,0,0,0,0,1,0,0,0 days 01:06:16
1953882,SecondHalf,Spain,0,0,0,0,0,0,1,0,0,0 days 01:06:20
1953882,SecondHalf,Spain,0,0,0,0,0,0,1,0,0,0 days 01:06:21
1953882,SecondHalf,Spain,0,0,0,0,0,0,1,0,0,0 days 01:06:23
1953882,SecondHalf,Spain,0,0,0,0,0,0,1,0,0,0 days 01:06:26
1953882,SecondHalf,Spain,0,0,0,0,0,0,1,0,0,0 days 01:06:27
1953882,SecondHalf,Spain,0,0,0,0,0,0,1,0,0,0 days 01:06:29
1953882,SecondHalf,Spain,0,0,0,0,0,0,1,0,0,0 days 01:06:32
1953882,SecondHalf,Spain,0,0,0,0,0,0,1,0,0,0 days 01:06:35
1953882,SecondHalf,Spain,0,0,0,0,0,0,1,0,0,0 days 01:06:38
1953882,SecondHalf,Spain,0,0,0,0,0,0,1,0,0,0 days 01:06:40
1953882,SecondHalf,Spain,0,0,0,0,0,0,1,0,0,0 days 01:06:43
1953882,SecondHalf,Spain,0,0,0,0,0,0,1,0,0,0 days 01:06:45
1953882,SecondHalf,Spain,0,0,0,0,0,0,1,0,0,0 days 01:06:48
1953882,SecondHalf,Spain,0,0,0,0,0,0,1,0,0,0 days 01:06:50
1953882,SecondHalf,Spain,0,0,0,0,0,0,1,0,0,0 days 01:06:54
1953882,SecondHalf,Spain,0,0,0,0,0,0,1,0,0,0 days 01:06:57
1953883,SecondHalf,Uruguay,0,0,0,0,0,0,1,0,0,0 days 00:57:00
1953883,SecondHalf,Uruguay,0,0,0,0,0,0,1,0,0,0 days 00:57:05
1953883,SecondHalf,Uruguay,0,0,0,0,0,0,1,0,0,0 days 00:57:08
1953883,SecondHalf,Uruguay,0,0,0,0,0,0,1,0,0,0 days 00:57:11
1953883,SecondHalf,Uruguay,0,0,0,0,0,0,1,0,0,0 days 00:57:17
1953883,SecondHalf,Uruguay,0,0,0,0,0,0,1,0,0,0 days 00:57:20
1953883,SecondHalf,Uruguay,0,0,0,0,0,0,1,0,0,0 days 00:57:23
1953883,SecondHalf,Uruguay,0,0,0,0,0,0,1,0,0,0 days 00:57:25
1953883,SecondHalf,Uruguay,0,0,0,0,0,0,1,0,0,0 days 00:57:30
1953883,SecondHalf,Uruguay,0,0,0,0,0,0,1,0,0,0 days 00:57:32
1953883,SecondHalf,Saudi Arabia,0,0,0,0,0,0,1,0,0,0 days 00:57:35
1953883,SecondHalf,Saudi Arabia,0,1,0,0,0,0,0,0,0,0 days 00:57:37
1953883,SecondHalf,Saudi Arabia,0,0,0,0,0,0,1,0,0,0 days 00:57:37
1953883,SecondHalf,Saudi Arabia,0,0,0,0,0,0,1,0,0,0 days 00:57:38
1953883,SecondHalf,Saudi Arabia,0,0,0,0,0,0,1,0,0,0 days 00:57:39
1953883,SecondHalf,Saudi Arabia,0,0,0,0,0,0,1,0,0,0 days 00:57:40
1953883,SecondHalf,Saudi Arabia,0,0,0,0,0,0,1,0,0,0 days 00:57:42
1953883,SecondHalf,Saudi Arabia,0,0,0,0,0,0,1,0,0,0 days 00:57:43
1953883,SecondHalf,Saudi Arabia,0,0,0,0,0,0,1,0,0,0 days 00:57:45
1953883,SecondHalf,Saudi Arabia,0,0,0,0,0,0,1,0,0,0 days 00:57:47
1953883,SecondHalf,Uruguay,0,0,0,0,0,0,0,0,0,0 days 00:57:48
1953883,SecondHalf,Saudi Arabia,0,0,0,0,0,0,1,0,0,0 days 00:57:50
1953883,SecondHalf,Saudi Arabia,0,0,0,0,0,0,0,0,0,0 days 00:57:55
1953883,SecondHalf,Uruguay,0,0,0,0,0,0,1,0,0,0 days 00:58:01
1953883,SecondHalf,Uruguay,0,0,0,0,0,0,1,0,0,0 days 00:58:03
1953883,SecondHalf,Uruguay,0,0,0,0,0,0,1,0,0,0 days 00:58:10
1953883,SecondHalf,Uruguay,0,0,0,0,0,0,1,0,0,0 days 00:58:14
1953883,SecondHalf,Uruguay,0,0,0,0,0,0,1,0,0,0 days 00:58:16
1953883,SecondHalf,Uruguay,0,0,0,0,0,0,1,0,0,0 days 00:58:17
1953883,SecondHalf,Uruguay,0,0,0,0,0,0,1,0,0,0 days 00:58:21
1953883,SecondHalf,Uruguay,0,0,0,0,0,0,1,0,0,0 days 00:58:24
1953883,SecondHalf,Uruguay,0,0,0,0,0,0,1,0,0,0 days 00:58:27
1953883,SecondHalf,Uruguay,1,0,0,0,0,0,0,0,0,0 days 00:58:29
1953883,SecondHalf,Saudi Arabia,0,0,0,0,0,0,1,0,0,0 days 00:58:51
1953883,SecondHalf,Uruguay,0,0,0,0,0,0,1,0,0,0 days 00:58:56
1953883,SecondHalf,Uruguay,0,0,0,0,0,0,1,0,0,0 days 00:58:57
1953883,SecondHalf,Saudi Arabia,0,0,0,0,0,0,1,0,0,0 days 00:58:58
1953883,SecondHalf,Saudi Arabia,0,0,0,0,0,0,1,0,0,0 days 00:59:00
1953883,SecondHalf,Uruguay,0,0,0,0,0,0,0,0,0,0 days 00:59:00
1953883,SecondHalf,Uruguay,0,1,0,0,0,0,0,0,0,0 days 00:59:02
1953883,SecondHalf,Uruguay,0,0,0,0,0,0,0,0,1,0 days 00:59:03
1953883,SecondHalf,Saudi Arabia,0,0,0,0,0,0,0,0,0,0 days 00:59:03
1953883,SecondHalf,Uruguay,0,0,0,0,0,0,1,0,0,0 days 00:59:04
1953883,SecondHalf,Saudi Arabia,0,0,0,0,0,0,1,0,0,0 days 00:59:15
1953883,SecondHalf,Saudi Arabia,0,0,0,0,0,0,1,0,0,0 days 00:59:17
1953883,SecondHalf,Uruguay,0,0,0,0,0,0,1,0,0,0 days 00:59:18
1953883,SecondHalf,Uruguay,0,1,0,0,0,0,0,0,0,0 days 00:59:20
1953883,SecondHalf,Uruguay,0,0,0,0,0,0,1,0,0,0 days 00:59:22
1953883,SecondHalf,Uruguay,0,0,0,0,0,0,1,0,0,0 days 00:59:25
1953883,SecondHalf,Uruguay,0,0,0,0,0,0,1,0,0,0 days 00:59:29
1953883,SecondHalf,Saudi Arabia,0,0,0,0,0,0,0,0,0,0 days 00:59:30
1953883,SecondHalf,Saudi Arabia,0,0,1,0,0,0,0,0,0,0 days 00:59:32
1953883,SecondHalf,Saudi Arabia,0,1,0,0,0,0,0,0,0,0 days 00:59:34
1953883,SecondHalf,Saudi Arabia,0,0,0,0,0,0,1,0,0,0 days 00:59:34
1953883,SecondHalf,Saudi Arabia,0,0,0,0,0,0,0,0,0,0 days 00:59:36
1953883,SecondHalf,Saudi Arabia,0,0,0,0,0,0,0,0,0,0 days 00:59:36
1953883,SecondHalf,Uruguay,0,0,0,0,0,0,0,0,1,0 days 00:59:36
1953883,SecondHalf,Uruguay,0,1,0,0,0,0,0,0,0,0 days 00:59:37
1953883,SecondHalf,Uruguay,0,0,0,0,0,0,1,0,0,0 days 00:59:38
1953883,SecondHalf,Uruguay,0,0,0,0,0,0,1,0,0,0 days 00:59:44
1953883,SecondHalf,Uruguay,0,0,0,0,0,0,1,0,0,0 days 00:59:45
1953883,SecondHalf,Uruguay,1,0,0,0,0,0,0,0,0,0 days 00:59:47
1953883,SecondHalf,Saudi Arabia,0,0,0,0,0,0,0,0,0,0 days 00:59:47
1953883,SecondHalf,Saudi Arabia,0,0,1,0,0,0,0,0,0,0 days 00:59:50
1953883,SecondHalf,Uruguay,1,0,0,0,0,0,0,0,0,0 days 00:59:51
1953883,SecondHalf,Saudi Arabia,0,0,0,0,0,0,0,0,0,0 days 01:02:49
1953883,SecondHalf,Saudi Arabia,0,0,0,0,0,0,0,0,0,0 days 01:02:49
1953883,SecondHalf,Saudi Arabia,0,0,0,0,0,0,0,0,0,0 days 01:02:50
1953883,SecondHalf,Saudi Arabia,0,0,0,0,0,0,1,0,0,0 days 01:03:01
1953883,SecondHalf,Uruguay,0,0,0,0,0,0,1,0,0,0 days 01:03:05
1953883,SecondHalf,Saudi Arabia,0,0,0,0,0,0,1,0,0,0 days 01:03:07
1953883,SecondHalf,Saudi Arabia,0,0,0,0,0,0,1,0,0,0 days 01:03:08
1953883,SecondHalf,Saudi Arabia,0,0,0,0,0,0,0,0,0,0 days 01:03:09
1953883,SecondHalf,Uruguay,0,0,0,0,0,0,1,0,0,0 days 01:03:14
1953883,SecondHalf,Uruguay,0,0,0,0,0,0,1,0,0,0 days 01:03:20
1953883,SecondHalf,Uruguay,0,0,0,0,0,0,1,0,0,0 days 01:03:26
1953883,SecondHalf,Uruguay,0,0,0,0,0,0,1,0,0,0 days 01:03:30
1953883,SecondHalf,Uruguay,0,0,0,0,0,0,1,0,0,0 days 01:03:34
1953883,SecondHalf,Uruguay,0,0,0,0,0,0,1,0,0,0 days 01:03:37
1953883,SecondHalf,Uruguay,0,0,0,0,0,0,1,0,0,0 days 01:03:39
1953883,SecondHalf,Uruguay,0,0,0,0,0,0,1,0,0,0 days 01:03:41
1953883,SecondHalf,Uruguay,0,0,0,0,0,0,1,0,0,0 days 01:03:48
1953883,SecondHalf,Uruguay,0,0,0,0,0,0,1,0,0,0 days 01:03:51
1953883,SecondHalf,Uruguay,0,0,0,0,0,0,1,0,0,0 days 01:03:58
1953883,SecondHalf,Uruguay,0,0,0,0,0,0,1,0,0,0 days 01:04:01
1953883,SecondHalf,Uruguay,0,0,0,0,0,0,1,0,0,0 days 01:04:06
1953883,SecondHalf,Saudi Arabia,0,0,0,0,0,1,0,0,0,0 days 01:04:08
1953883,SecondHalf,Saudi Arabia,0,1,0,0,0,0,0,0,0,0 days 01:04:09
1953883,SecondHalf,Saudi Arabia,0,0,0,0,0,0,0,0,0,0 days 01:04:11
1953883,SecondHalf,Uruguay,0,1,0,0,0,0,0,0,0,0 days 01:04:12
1953883,SecondHalf,Uruguay,0,0,0,0,0,0,1,0,0,0 days 01:04:13
1953883,SecondHalf,Uruguay,0,0,0,0,0,0,1,0,0,0 days 01:04:13
1953883,SecondHalf,Uruguay,0,0,0,0,0,0,1,0,0,0 days 01:04:21
1953883,SecondHalf,Uruguay,0,0,0,0,0,0,1,0,0,0 days 01:04:25
1953883,SecondHalf,Uruguay,0,0,0,0,0,0,1,0,0,0 days 01:04:27
1953883,SecondHalf,Uruguay,0,0,0,0,0,0,1,0,0,0 days 01:04:30
1953883,SecondHalf,Uruguay,0,0,0,0,0,0,1,0,0,0 days 01:04:34
1953883,SecondHalf,Uruguay,0,0,0,0,0,0,1,0,0,0 days 01:04:36
1953883,SecondHalf,Saudi Arabia,0,0,0,0,0,1,0,0,0,0 days 01:04:36
1953883,SecondHalf,Uruguay,0,0,0,0,0,0,1,0,0,0 days 01:04:45
1953883,SecondHalf,Uruguay,0,0,0,0,0,0,1,0,0,0 days 01:04:51
1953883,SecondHalf,Uruguay,0,0,0,0,0,0,1,0,0,0 days 01:04:53
1953883,SecondHalf,Saudi Arabia,0,0,1,0,0,0,0,0,0,0 days 01:04:56
1953883,SecondHalf,Uruguay,0,0,0,0,0,0,0,0,0,0 days 01:04:57
1953883,SecondHalf,Saudi Arabia,0,0,0,0,0,0,1,0,0,0 days 01:05:01
1953883,SecondHalf,Uruguay,0,0,0,0,0,0,1,0,0,0 days 01:05:06
1953883,SecondHalf,Uruguay,0,0,0,0,0,0,1,0,0,0 days 01:05:07
1953883,SecondHalf,Uruguay,0,0,0,0,0,0,1,0,0,0 days 01:05:08
1953883,SecondHalf,Uruguay,0,0,0,0,0,0,1,0,0,0 days 01:05:11
1953883,SecondHalf,Uruguay,0,0,0,1,0,0,0,0,0,0 days 01:05:15
1953883,SecondHalf,Saudi Arabia,0,0,0,0,0,0,0,1,0,0 days 01:05:15
1953883,SecondHalf,Saudi Arabia,0,0,0,0,0,0,0,0,0,0 days 01:05:16
1953883,SecondHalf,Uruguay,0,0,0,0,0,0,1,0,0,0 days 01:05:17
1953883,SecondHalf,Uruguay,0,0,0,0,0,0,1,0,0,0 days 01:05:18
1953883,SecondHalf,Uruguay,0,0,0,0,0,0,1,0,0,0 days 01:05:19
1953883,SecondHalf,Uruguay,0,0,0,0,0,0,1,0,0,0 days 01:05:21
1953883,SecondHalf,Uruguay,0,0,0,0,1,0,0,0,0,0 days 01:05:24
1953883,SecondHalf,Saudi Arabia,0,0,0,0,1,0,0,0,0,0 days 01:05:24
1953883,SecondHalf,Uruguay,1,0,0,0,0,0,0,0,0,0 days 01:06:23
1953883,SecondHalf,Saudi Arabia,0,0,0,0,0,0,0,0,0,0 days 01:06:23
1953883,SecondHalf,Uruguay,1,0,0,0,0,0,0,0,0,0 days 01:06:27
1953883,SecondHalf,Saudi Arabia,0,0,0,0,0,0,0,0,0,0 days 01:06:27
1953883,SecondHalf,Uruguay,0,0,0,0,0,0,1,0,0,0 days 01:06:38
1953883,SecondHalf,Uruguay,0,0,0,0,0,0,1,0,0,0 days 01:06:42
1953884,SecondHalf,Spain,0,0,0,0,0,0,1,0,0,0 days 00:57:03
1953884,SecondHalf,Spain,0,0,0,0,0,0,1,0,0,0 days 00:57:06
1953884,SecondHalf,Spain,0,0,0,0,0,0,1,0,0,0 days 00:57:07
1953884,SecondHalf,Spain,0,0,0,0,0,0,1,0,0,0 days 00:57:09
1953884,SecondHalf,Spain,0,0,0,0,0,0,1,0,0,0 days 00:57:14
1953884,SecondHalf,Spain,0,0,0,0,0,0,1,0,0,0 days 00:57:16
1953884,SecondHalf,Spain,0,0,0,0,0,0,1,0,0,0 days 00:57:19
1953884,SecondHalf,Spain,0,0,0,0,0,0,1,0,0,0 days 00:57:22
1953884,SecondHalf,Spain,0,0,0,0,0,0,1,0,0,0 days 00:57:26
1953884,SecondHalf,Spain,0,0,0,0,0,0,1,0,0,0 days 00:57:32
1953884,SecondHalf,Spain,0,0,0,0,0,0,1,0,0,0 days 00:57:36
1953884,SecondHalf,Spain,0,0,0,0,0,0,1,0,0,0 days 00:57:38
1953884,SecondHalf,Saudi Arabia,0,0,0,0,0,1,0,0,0,0 days 00:57:40
1953884,SecondHalf,Spain,0,0,0,0,0,0,0,0,0,0 days 00:57:42
1953884,SecondHalf,Saudi Arabia,0,0,0,0,0,0,1,0,0,0 days 00:57:42
1953884,SecondHalf,Saudi Arabia,0,0,0,0,0,0,1,0,0,0 days 00:58:02
1953884,SecondHalf,Saudi Arabia,0,0,0,0,0,0,1,0,0,0 days 00:58:10
1953884,SecondHalf,Saudi Arabia,0,0,0,0,0,0,1,0,0,0 days 00:58:13
1953884,SecondHalf,Spain,0,0,0,0,0,0,0,0,0,0 days 00:58:17
1953884,SecondHalf,Spain,0,0,0,0,0,0,1,0,0,0 days 00:58:20
1953884,SecondHalf,Spain,0,0,0,0,0,0,1,0,0,0 days 00:58:24
1953884,SecondHalf,Spain,0,0,0,0,0,0,1,0,0,0 days 00:58:27
1953884,SecondHalf,Spain,0,0,0,0,0,0,1,0,0,0 days 00:58:31
1953884,SecondHalf,Spain,0,0,0,0,0,0,1,0,0,0 days 00:58:32
1953884,SecondHalf,Spain,0,0,0,0,0,0,1,0,0,0 days 00:58:37
1953884,SecondHalf,Spain,0,0,0,0,0,0,1,0,0,0 days 00:58:42
1953884,SecondHalf,Spain,0,0,0,0,0,0,1,0,0,0 days 00:58:44
1953884,SecondHalf,Spain,0,0,0,0,0,0,1,0,0,0 days 00:58:45
1953884,SecondHalf,Spain,0,0,0,0,0,0,1,0,0,0 days 00:58:51
1953884,SecondHalf,Spain,0,0,0,0,0,0,1,0,0,0 days 00:58:53
1953884,SecondHalf,Spain,0,0,0,0,0,0,1,0,0,0 days 00:58:53
1953884,SecondHalf,Spain,0,0,0,0,0,0,1,0,0,0 days 00:58:53
1953884,SecondHalf,Spain,0,0,0,0,0,0,1,0,0,0 days 00:58:53
1953884,SecondHalf,Spain,0,0,0,0,0,0,1,0,0,0 days 00:58:54
1953884,SecondHalf,Saudi Arabia,0,0,0,0,0,0,0,0,0,0 days 00:58:54
1953884,SecondHalf,Saudi Arabia,0,1,0,0,0,0,0,0,0,0 days 00:58:59
1953884,SecondHalf,Saudi Arabia,0,0,0,0,0,0,1,0,0,0 days 00:58:59
1953884,SecondHalf,Saudi Arabia,0,0,0,0,0,0,0,0,0,0 days 00:59:03
1953884,SecondHalf,Spain,0,0,1,0,0,0,0,0,0,0 days 00:59:04
1953884,SecondHalf,Spain,0,0,0,0,1,0,0,0,0,0 days 00:59:07
1953884,SecondHalf,Saudi Arabia,0,0,0,0,1,0,0,0,0,0 days 00:59:07
1953884,SecondHalf,Saudi Arabia,0,0,0,0,0,0,0,0,0,0 days 00:59:15
1953884,SecondHalf,Saudi Arabia,0,0,0,0,0,0,0,0,0,0 days 00:59:56
1953884,SecondHalf,Saudi Arabia,0,0,0,0,0,0,0,0,0,0 days 00:59:56
1953884,SecondHalf,Saudi Arabia,0,0,0,0,0,0,0,0,0,0 days 00:59:58
1953884,SecondHalf,Saudi Arabia,0,0,0,0,0,0,0,0,0,0 days 00:59:58
1953884,SecondHalf,Saudi Arabia,0,0,0,0,0,0,0,0,0,0 days 00:59:59
1953884,SecondHalf,Spain,0,0,0,0,0,0,0,0,0,0 days 01:00:49
1953884,SecondHalf,Spain,0,0,0,0,0,0,0,0,0,0 days 01:00:49
1953884,SecondHalf,Spain,0,0,0,0,0,0,0,0,0,0 days 01:01:00
1953884,SecondHalf,Spain,0,0,0,0,0,0,0,0,0,0 days 01:01:00
1953884,SecondHalf,Spain,0,0,0,0,0,0,1,0,0,0 days 01:01:08
1953884,SecondHalf,Saudi Arabia,0,0,0,0,1,0,0,0,0,0 days 01:01:13
1953884,SecondHalf,Spain,0,0,0,0,1,0,0,0,0,0 days 01:01:13
1953884,SecondHalf,Saudi Arabia,0,0,0,0,0,0,1,0,0,0 days 01:01:28
1953884,SecondHalf,Saudi Arabia,0,0,0,0,0,0,1,0,0,0 days 01:01:31
1953884,SecondHalf,Saudi Arabia,0,0,0,0,0,0,1,0,0,0 days 01:01:35
1953884,SecondHalf,Spain,0,0,0,0,0,0,1,0,0,0 days 01:01:36
1953884,SecondHalf,Spain,0,1,0,0,0,0,0,0,0,0 days 01:01:37
1953884,SecondHalf,Spain,0,0,0,0,0,0,1,0,0,0 days 01:01:37
1953884,SecondHalf,Spain,0,0,0,0,0,0,1,0,0,0 days 01:01:38
1953884,SecondHalf,Spain,0,0,0,0,0,0,0,0,0,0 days 01:01:41
1953884,SecondHalf,Spain,0,0,0,0,1,0,0,0,0,0 days 01:01:43
1953884,SecondHalf,Saudi Arabia,0,0,0,0,1,0,0,0,0,0 days 01:01:43
1953884,SecondHalf,Saudi Arabia,0,0,0,0,0,0,1,0,0,0 days 01:02:19
1953884,SecondHalf,Saudi Arabia,0,0,0,0,0,0,1,0,0,0 days 01:02:21
1953884,SecondHalf,Saudi Arabia,0,0,0,0,0,0,1,0,0,0 days 01:02:23
1953884,SecondHalf,Saudi Arabia,0,0,0,0,0,0,0,0,0,0 days 01:02:26
1953884,SecondHalf,Spain,0,1,0,0,0,0,0,0,0,0 days 01:02:27
1953884,SecondHalf,Spain,0,0,0,0,0,0,1,0,0,0 days 01:02:29
1953884,SecondHalf,Spain,0,0,0,0,0,0,1,0,0,0 days 01:02:31
1953884,SecondHalf,Spain,0,0,0,0,0,0,1,0,0,0 days 01:02:31
1953884,SecondHalf,Spain,0,0,0,0,0,0,1,0,0,0 days 01:02:35
1953884,SecondHalf,Spain,0,0,0,0,0,0,1,0,0,0 days 01:02:39
1953884,SecondHalf,Spain,0,0,0,0,0,0,1,0,0,0 days 01:02:41
1953884,SecondHalf,Spain,0,0,0,0,0,0,1,0,0,0 days 01:02:43
1953884,SecondHalf,Spain,0,0,0,0,0,0,0,0,0,0 days 01:02:45
1953884,SecondHalf,Saudi Arabia,0,0,0,0,0,0,1,0,0,0 days 01:02:48
1953884,SecondHalf,Saudi Arabia,0,1,0,0,0,0,0,0,0,0 days 01:02:49
1953884,SecondHalf,Spain,0,0,0,0,0,1,0,0,0,0 days 01:02:50
1953884,SecondHalf,Saudi Arabia,0,0,0,0,0,0,1,0,0,0 days 01:02:50
1953884,SecondHalf,Saudi Arabia,0,0,0,0,0,0,1,0,0,0 days 01:02:51
1953884,SecondHalf,Spain,0,1,0,0,0,0,0,0,0,0 days 01:02:51
1953884,SecondHalf,Spain,0,0,0,1,0,0,0,0,0,0 days 01:02:58
1953884,SecondHalf,Saudi Arabia,0,0,0,0,0,0,0,1,0,0 days 01:02:58
1953884,SecondHalf,Saudi Arabia,0,1,0,0,0,0,0,0,0,0 days 01:03:00
1953884,SecondHalf,Saudi Arabia,0,0,0,0,0,0,1,0,0,0 days 01:03:02
1953884,SecondHalf,Saudi Arabia,0,0,0,0,0,0,1,0,0,0 days 01:03:05
1953884,SecondHalf,Saudi Arabia,0,0,0,0,0,0,1,0,0,0 days 01:03:07
1953884,SecondHalf,Saudi Arabia,0,0,0,0,0,0,1,0,0,0 days 01:03:09
1953884,SecondHalf,Saudi Arabia,0,0,0,0,0,0,1,0,0,0 days 01:03:11
1953884,SecondHalf,Saudi Arabia,0,0,0,0,0,0,1,0,0,0 days 01:03:14
1953884,SecondHalf,Saudi Arabia,0,0,0,0,0,0,1,0,0,0 days 01:03:16
1953884,SecondHalf,Saudi Arabia,0,0,0,0,0,0,1,0,0,0 days 01:03:20
1953884,SecondHalf,Saudi Arabia,0,0,0,0,0,0,1,0,0,0 days 01:03:22
1953884,SecondHalf,Saudi Arabia,0,0,0,0,0,0,1,0,0,0 days 01:03:24
1953884,SecondHalf,Saudi Arabia,0,0,0,0,0,0,1,0,0,0 days 01:03:29
1953884,SecondHalf,Saudi Arabia,0,0,0,0,0,0,1,0,0,0 days 01:03:32
1953884,SecondHalf,Saudi Arabia,0,0,0,0,0,0,0,0,0,0 days 01:03:37
1953884,SecondHalf,Spain,0,0,0,0,0,0,1,0,0,0 days 01:03:45
1953884,SecondHalf,Spain,0,0,0,0,0,0,1,0,0,0 days 01:03:53
1953884,SecondHalf,Spain,0,0,0,0,0,0,1,0,0,0 days 01:03:59
1953884,SecondHalf,Saudi Arabia,0,1,0,0,0,0,0,0,0,0 days 01:04:05
1953884,SecondHalf,Saudi Arabia,0,0,0,0,0,0,1,0,0,0 days 01:04:05
1953884,SecondHalf,Spain,0,0,0,0,0,0,1,0,0,0 days 01:04:07
1953884,SecondHalf,Spain,0,0,0,0,0,0,1,0,0,0 days 01:04:09
1953884,SecondHalf,Spain,0,1,0,0,0,0,0,0,0,0 days 01:04:12
1953884,SecondHalf,Spain,0,0,0,0,0,0,1,0,0,0 days 01:04:13
1953884,SecondHalf,Spain,0,0,0,0,0,0,1,0,0,0 days 01:04:16
1953884,SecondHalf,Spain,1,0,0,0,0,0,0,0,0,0 days 01:04:18
1953884,SecondHalf,Saudi Arabia,0,0,0,0,0,0,1,0,0,0 days 01:04:47
1953884,SecondHalf,Saudi Arabia,0,0,0,0,0,0,1,0,0,0 days 01:04:51
1953884,SecondHalf,Spain,0,0,0,0,0,0,1,0,0,0 days 01:04:52
1953884,SecondHalf,Spain,0,1,0,0,0,0,0,0,0,0 days 01:04:54
1953884,SecondHalf,Spain,0,0,0,0,0,0,1,0,0,0 days 01:04:55
1953884,SecondHalf,Spain,0,0,0,0,0,0,1,0,0,0 days 01:04:56
1953884,SecondHalf,Saudi Arabia,0,0,1,0,0,0,0,0,0,0 days 01:04:57
1953884,SecondHalf,Spain,0,0,0,0,0,0,0,0,0,0 days 01:04:59
1953884,SecondHalf,Saudi Arabia,0,0,0,0,0,0,0,0,1,0 days 01:04:59
1953884,SecondHalf,Saudi Arabia,0,1,0,0,0,0,0,0,0,0 days 01:05:00
1953884,SecondHalf,Saudi Arabia,0,0,0,0,0,0,1,0,0,0 days 01:05:00
1953884,SecondHalf,Spain,0,0,0,0,0,1,0,0,0,0 days 01:05:01
1953884,SecondHalf,Saudi Arabia,0,0,0,0,0,0,1,0,0,0 days 01:05:09
1953884,SecondHalf,Saudi Arabia,0,0,0,0,0,0,1,0,0,0 days 01:05:11
1953884,SecondHalf,Saudi Arabia,0,0,0,0,0,0,1,0,0,0 days 01:05:15
1953884,SecondHalf,Saudi Arabia,0,0,0,0,0,0,1,0,0,0 days 01:05:17
1953884,SecondHalf,Saudi Arabia,0,0,0,0,0,0,1,0,0,0 days 01:05:19
1953884,SecondHalf,Spain,0,1,0,0,0,0,0,0,0,0 days 01:05:23
1953884,SecondHalf,Spain,0,0,0,0,0,0,1,0,0,0 days 01:05:28
1953884,SecondHalf,Spain,0,0,0,0,0,0,1,0,0,0 days 01:05:31
1953884,SecondHalf,Spain,0,0,0,0,0,0,1,0,0,0 days 01:05:37
1953884,SecondHalf,Spain,0,0,0,0,0,0,1,0,0,0 days 01:05:43
1953884,SecondHalf,Spain,0,0,0,0,0,0,1,0,0,0 days 01:05:44
1953884,SecondHalf,Spain,0,0,0,0,0,0,1,0,0,0 days 01:05:45
1953884,SecondHalf,Spain,0,0,0,0,0,0,1,0,0,0 days 01:05:50
1953884,SecondHalf,Spain,0,0,0,0,0,0,1,0,0,0 days 01:05:54
1953884,SecondHalf,Spain,0,0,0,0,0,0,1,0,0,0 days 01:05:56
1953884,SecondHalf,Spain,0,0,0,0,0,0,1,0,0,0 days 01:06:01
1953884,SecondHalf,Spain,0,0,0,0,0,0,1,0,0,0 days 01:06:07
1953884,SecondHalf,Spain,0,0,0,0,0,0,1,0,0,0 days 01:06:08
1953884,SecondHalf,Spain,0,0,0,0,0,0,1,0,0,0 days 01:06:10
1953884,SecondHalf,Spain,0,0,0,0,0,0,1,0,0,0 days 01:06:13
1953884,SecondHalf,Spain,0,0,0,0,0,0,1,0,0,0 days 01:06:22
1953884,SecondHalf,Spain,0,0,0,0,0,0,1,0,0,0 days 01:06:28
1953884,SecondHalf,Spain,0,0,0,0,0,0,1,0,0,0 days 01:06:32
1953884,SecondHalf,Spain,0,0,0,0,0,0,1,0,0,0 days 01:06:33
1953884,SecondHalf,Spain,0,0,0,0,0,0,1,0,0,0 days 01:06:39
1953884,SecondHalf,Spain,0,0,0,0,0,0,1,0,0,0 days 01:06:45
1953884,SecondHalf,Spain,0,0,0,0,0,0,1,0,0,0 days 01:06:49
1953884,SecondHalf,Saudi Arabia,0,0,1,0,0,0,0,0,0,0 days 01:06:50
1953884,SecondHalf,Spain,0,0,0,0,0,0,0,0,0,0 days 01:06:51
1953884,SecondHalf,Saudi Arabia,0,0,0,0,0,0,0,0,0,0 days 01:06:51
1953885,SecondHalf,Cabo Verde,0,0,0,0,0,0,1,0,0,0 days 00:57:02
1953885,SecondHalf,Uruguay,0,0,0,0,1,0,0,0,0,0 days 00:57:07
1953885,SecondHalf,Cabo Verde,0,0,0,0,1,0,0,0,0,0 days 00:57:07
1953885,SecondHalf,Uruguay,0,0,0,0,0,0,0,0,0,0 days 00:57:08
1953885,SecondHalf,Cabo Verde,0,0,0,0,0,0,0,0,0,0 days 00:57:58
1953885,SecondHalf,Cabo Verde,0,0,0,0,0,0,0,0,0,0 days 00:57:58
1953885,SecondHalf,Cabo Verde,0,0,0,0,0,0,0,0,0,0 days 00:58:00
1953885,SecondHalf,Cabo Verde,0,0,0,0,0,0,0,0,0,0 days 00:58:00
1953885,SecondHalf,Cabo Verde,1,0,0,0,0,0,0,0,0,0 days 00:58:41
1953885,SecondHalf,Uruguay,0,0,0,0,0,0,0,0,0,0 days 00:58:41
1953885,SecondHalf,Cabo Verde,0,0,0,0,0,0,1,0,0,0 days 00:59:18
1953885,SecondHalf,Cabo Verde,0,0,0,0,0,0,1,0,0,0 days 00:59:22
1953885,SecondHalf,Uruguay,0,0,0,0,0,0,0,0,0,0 days 00:59:22
1953885,SecondHalf,Uruguay,0,0,0,0,1,0,0,0,0,0 days 00:59:25
1953885,SecondHalf,Cabo Verde,0,0,0,0,1,0,0,0,0,0 days 00:59:25
1953885,SecondHalf,Uruguay,0,0,0,0,0,0,1,0,0,0 days 00:59:37
1953885,SecondHalf,Uruguay,0,0,0,0,0,0,1,0,0,0 days 00:59:48
1953885,SecondHalf,Uruguay,0,0,0,0,0,0,1,0,0,0 days 00:59:49
1953885,SecondHalf,Uruguay,0,0,0,0,0,0,1,0,0,0 days 00:59:55
1953885,SecondHalf,Uruguay,0,0,0,0,0,0,1,0,0,0 days 00:59:58
1953885,SecondHalf,Uruguay,0,0,0,0,0,0,1,0,0,0 days 00:59:59
1953885,SecondHalf,Cabo Verde,0,0,0,0,0,1,0,0,0,0 days 01:00:01
1953885,SecondHalf,Uruguay,0,0,0,0,0,0,1,0,0,0 days 01:00:10
1953885,SecondHalf,Uruguay,0,0,0,0,0,0,1,0,0,0 days 01:00:11
1953885,SecondHalf,Uruguay,0,0,0,0,0,0,0,0,0,0 days 01:00:12
1953885,SecondHalf,Uruguay,0,0,0,0,0,0,0,0,0,0 days 01:00:13
1953885,SecondHalf,Uruguay,0,0,0,0,0,0,0,0,0,0 days 01:00:14
1953885,SecondHalf,Cabo Verde,0,0,0,0,0,0,0,0,1,0 days 01:00:14
1953885,SecondHalf,Cabo Verde,0,1,0,0,0,0,0,0,0,0 days 01:00:14
1953885,SecondHalf,Uruguay,0,0,0,0,0,0,0,0,0,0 days 01:00:14
1953885,SecondHalf,Cabo Verde,1,0,0,0,0,0,0,0,0,0 days 01:00:16
1953885,SecondHalf,Uruguay,0,0,0,0,0,0,1,0,0,0 days 01:02:14
1953885,SecondHalf,Uruguay,0,0,0,0,0,0,1,0,0,0 days 01:02:16
1953885,SecondHalf,Uruguay,0,0,0,0,0,0,1,0,0,0 days 01:02:17
1953885,SecondHalf,Uruguay,0,0,0,0,0,0,1,0,0,0 days 01:02:21
1953885,SecondHalf,Uruguay,0,0,0,0,0,0,1,0,0,0 days 01:02:24
1953885,SecondHalf,Uruguay,0,0,0,0,0,0,1,0,0,0 days 01:02:29
1953885,SecondHalf,Uruguay,0,0,0,0,0,0,1,0,0,0 days 01:02:31
1953885,SecondHalf,Cabo Verde,0,0,0,0,0,1,0,0,0,0 days 01:02:32
1953885,SecondHalf,Uruguay,0,0,0,0,0,0,0,0,1,0 days 01:02:34
1953885,SecondHalf,Cabo Verde,0,0,0,0,0,0,0,0,0,0 days 01:02:34
1953885,SecondHalf,Uruguay,0,0,0,0,0,0,1,0,0,0 days 01:02:34
1953885,SecondHalf,Uruguay,0,0,0,0,0,0,0,0,1,0 days 01:02:37
1953885,SecondHalf,Cabo Verde,0,0,0,0,0,0,0,1,0,0 days 01:02:37
1953885,SecondHalf,Uruguay,0,0,0,0,0,0,0,0,0,0 days 01:02:38
1953885,SecondHalf,Cabo Verde,0,0,0,0,0,0,0,0,1,0 days 01:02:38
1953885,SecondHalf,Cabo Verde,0,1,0,0,0,0,0,0,0,0 days 01:02:39
1953885,SecondHalf,Cabo Verde,0,0,0,1,0,0,0,0,0,0 days 01:02:43
1953885,SecondHalf,Uruguay,0,0,0,0,0,0,0,1,0,0 days 01:02:43
1953885,SecondHalf,Cabo Verde,0,0,0,0,0,0,1,0,0,0 days 01:02:44
1953885,SecondHalf,Cabo Verde,1,0,0,0,0,0,0,0,0,0 days 01:02:46
1953885,SecondHalf,Uruguay,0,0,0,0,0,0,1,0,0,0 days 01:03:07
1953885,SecondHalf,Uruguay,0,0,0,0,0,0,1,0,0,0 days 01:03:07
1953885,SecondHalf,Uruguay,0,0,0,0,0,0,1,0,0,0 days 01:03:08
1953885,SecondHalf,Uruguay,0,0,0,0,0,0,1,0,0,0 days 01:03:13
1953885,SecondHalf,Uruguay,0,0,0,0,0,0,1,0,0,0 days 01:03:14
1953885,SecondHalf,Uruguay,0,0,0,0,0,0,1,0,0,0 days 01:03:17
1953885,SecondHalf,Uruguay,0,0,0,1,0,0,0,0,0,0 days 01:03:19
1953885,SecondHalf,Cabo Verde,0,0,0,0,0,0,0,1,0,0 days 01:03:19
1953885,SecondHalf,Uruguay,0,0,0,0,0,0,1,0,0,0 days 01:04:48
1953885,SecondHalf,Uruguay,0,0,0,0,0,0,1,0,0,0 days 01:04:50
1953885,SecondHalf,Uruguay,0,0,0,0,0,0,0,0,1,0 days 01:04:53
1953885,SecondHalf,Cabo Verde,0,0,0,0,0,0,0,1,0,0 days 01:04:53
1953885,SecondHalf,Cabo Verde,0,1,0,0,0,0,0,0,0,0 days 01:04:54
1953885,SecondHalf,Uruguay,0,0,0,0,0,0,0,0,0,0 days 01:04:56
1953885,SecondHalf,Cabo Verde,0,0,0,0,0,0,1,0,0,0 days 01:04:56
1953885,SecondHalf,Cabo Verde,0,0,0,0,0,0,1,0,0,0 days 01:05:13
1953885,SecondHalf,Uruguay,0,0,0,0,0,0,1,0,0,0 days 01:05:15
1953885,SecondHalf,Cabo Verde,0,0,0,0,0,0,0,0,0,0 days 01:05:17
1953885,SecondHalf,Uruguay,0,0,0,0,0,0,0,0,0,0 days 01:05:17
1953885,SecondHalf,Cabo Verde,0,0,0,0,0,0,1,0,0,0 days 01:05:17
1953885,SecondHalf,Uruguay,0,0,0,0,0,0,1,0,0,0 days 01:05:18
1953885,SecondHalf,Cabo Verde,0,0,0,0,0,0,0,0,0,0 days 01:05:19
1953885,SecondHalf,Uruguay,0,0,0,0,0,0,0,0,0,0 days 01:05:19
1953885,SecondHalf,Uruguay,0,0,0,0,0,0,0,0,1,0 days 01:05:20
1953885,SecondHalf,Cabo Verde,0,0,0,0,0,0,0,0,0,0 days 01:05:20
1953885,SecondHalf,Uruguay,0,0,0,0,0,0,0,0,1,0 days 01:05:22
1953885,SecondHalf,Cabo Verde,0,0,0,0,0,0,0,1,0,0 days 01:05:22
1953885,SecondHalf,Cabo Verde,0,0,0,0,0,0,1,0,0,0 days 01:05:24
1953885,SecondHalf,Uruguay,0,0,0,0,0,0,1,0,0,0 days 01:05:35
1953885,SecondHalf,Uruguay,0,0,0,0,0,0,1,0,0,0 days 01:05:38
1953885,SecondHalf,Uruguay,0,0,0,0,0,0,1,0,0,0 days 01:05:39
1953885,SecondHalf,Uruguay,0,0,0,0,0,0,1,0,0,0 days 01:05:40
1953885,SecondHalf,Uruguay,0,0,0,0,0,0,1,0,0,0 days 01:05:47
1953885,SecondHalf,Uruguay,0,0,0,0,0,0,1,0,0,0 days 01:05:52
1953885,SecondHalf,Uruguay,0,0,0,0,0,0,1,0,0,0 days 01:05:56
1953885,SecondHalf,Uruguay,1,0,0,0,0,0,0,0,0,0 days 01:06:01
1953885,SecondHalf,Cabo Verde,0,0,0,0,0,0,0,0,0,0 days 01:06:01
1953885,SecondHalf,Cabo Verde,0,0,1,0,0,0,0,0,0,0 days 01:06:05
1953885,SecondHalf,Uruguay,0,0,0,0,0,0,1,0,0,0 days 01:06:07
1953885,SecondHalf,Cabo Verde,0,0,0,0,0,0,0,0,0,0 days 01:06:07
1953885,SecondHalf,Cabo Verde,0,0,0,0,0,0,0,0,0,0 days 01:06:08
1953885,SecondHalf,Uruguay,0,0,0,0,0,0,0,0,0,0 days 01:06:08
1953885,SecondHalf,Uruguay,0,0,0,0,0,0,1,0,0,0 days 01:06:09
1953885,SecondHalf,Cabo Verde,0,0,0,0,0,0,0,0,0,0 days 01:06:09
1953885,SecondHalf,Cabo Verde,0,1,0,0,0,0,0,0,0,0 days 01:06:11
1953885,SecondHalf,Cabo Verde,0,0,0,0,0,0,1,0,0,0 days 01:06:12
1953885,SecondHalf,Uruguay,0,1,0,0,0,0,0,0,0,0 days 01:06:13
1953885,SecondHalf,Uruguay,0,0,0,0,0,0,1,0,0,0 days 01:06:14
1953885,SecondHalf,Uruguay,0,0,0,0,0,0,1,0,0,0 days 01:06:19
1953885,SecondHalf,Uruguay,0,0,0,0,0,0,1,0,0,0 days 01:06:23
1953885,SecondHalf,Uruguay,0,0,0,0,0,0,1,0,0,0 days 01:06:24
1953885,SecondHalf,Uruguay,0,0,0,0,0,0,1,0,0,0 days 01:06:28
1953885,SecondHalf,Uruguay,0,0,0,0,0,0,1,0,0,0 days 01:06:29
1953885,SecondHalf,Uruguay,0,0,0,0,0,0,1,0,0,0 days 01:06:29
1953885,SecondHalf,Uruguay,0,0,0,0,0,0,1,0,0,0 days 01:06:32
1953885,SecondHalf,Uruguay,0,0,0,0,0,0,1,0,0,0 days 01:06:40
1953885,SecondHalf,Uruguay,0,0,0,0,0,0,1,0,0,0 days 01:06:44
1953885,SecondHalf,Uruguay,0,0,0,0,0,0,1,0,0,0 days 01:06:48
1953885,SecondHalf,Uruguay,0,0,0,0,0,0,1,0,0,0 days 01:06:52
1953885,SecondHalf,Uruguay,0,0,0,0,0,0,1,0,0,0 days 01:06:54
1953885,SecondHalf,Uruguay,0,0,0,0,0,0,1,0,0,0 days 01:06:56
1953886,SecondHalf,Saudi Arabia,0,0,0,0,0,0,1,0,0,0 days 00:57:02
1953886,SecondHalf,Saudi Arabia,0,0,0,0,0,0,0,0,0,0 days 00:57:04
1953886,SecondHalf,Cabo Verde,0,0,0,0,0,0,1,0,0,0 days 00:57:08
1953886,SecondHalf,Cabo Verde,0,0,0,0,0,0,1,0,0,0 days 00:57:10
1953886,SecondHalf,Cabo Verde,0,0,0,0,0,0,1,0,0,0 days 00:57:13
1953886,SecondHalf,Cabo Verde,0,0,0,0,0,0,1,0,0,0 days 00:57:15
1953886,SecondHalf,Cabo Verde,0,0,0,0,0,0,1,0,0,0 days 00:57:21
1953886,SecondHalf,Cabo Verde,0,0,0,0,0,0,1,0,0,0 days 00:57:26
1953886,SecondHalf,Cabo Verde,0,0,0,0,0,0,1,0,0,0 days 00:57:29
1953886,SecondHalf,Cabo Verde,0,0,0,0,0,0,1,0,0,0 days 00:57:38
1953886,SecondHalf,Saudi Arabia,0,0,0,0,0,0,1,0,0,0 days 00:57:43
1953886,SecondHalf,Cabo Verde,0,0,0,0,0,0,1,0,0,0 days 00:57:46
1953886,SecondHalf,Cabo Verde,0,0,0,0,0,0,1,0,0,0 days 00:57:52
1953886,SecondHalf,Cabo Verde,0,0,0,0,0,0,1,0,0,0 days 00:57:54
1953886,SecondHalf,Cabo Verde,0,0,0,0,0,0,1,0,0,0 days 00:57:55
1953886,SecondHalf,Cabo Verde,0,0,0,0,0,0,0,0,0,0 days 00:57:57
1953886,SecondHalf,Saudi Arabia,0,0,1,0,0,0,0,0,0,0 days 00:57:58
1953886,SecondHalf,Saudi Arabia,0,1,0,0,0,0,0,0,0,0 days 00:58:00
1953886,SecondHalf,Saudi Arabia,0,0,0,0,0,0,1,0,0,0 days 00:58:01
1953886,SecondHalf,Saudi Arabia,0,0,0,0,0,0,1,0,0,0 days 00:58:03
1953886,SecondHalf,Saudi Arabia,0,0,0,0,0,0,1,0,0,0 days 00:58:10
1953886,SecondHalf,Saudi Arabia,0,0,0,0,0,0,1,0,0,0 days 00:58:16
1953886,SecondHalf,Saudi Arabia,0,0,0,0,0,0,1,0,0,0 days 00:58:21
1953886,SecondHalf,Cabo Verde,0,0,0,0,0,0,1,0,0,0 days 00:58:24
1953886,SecondHalf,Cabo Verde,0,0,0,0,0,0,0,0,0,0 days 00:58:25
1953886,SecondHalf,Cabo Verde,0,0,0,0,0,0,1,0,0,0 days 00:58:26
1953886,SecondHalf,Cabo Verde,0,0,0,0,0,0,1,0,0,0 days 00:58:28
1953886,SecondHalf,Saudi Arabia,0,0,0,0,0,0,1,0,0,0 days 00:58:30
1953886,SecondHalf,Saudi Arabia,0,1,0,0,0,0,0,0,0,0 days 00:58:31
1953886,SecondHalf,Saudi Arabia,0,0,0,0,0,0,1,0,0,0 days 00:58:31
1953886,SecondHalf,Saudi Arabia,0,0,0,0,0,0,1,0,0,0 days 00:58:32
1953886,SecondHalf,Cabo Verde,0,0,0,0,0,0,1,0,0,0 days 00:58:33
1953886,SecondHalf,Cabo Verde,0,1,0,0,0,0,0,0,0,0 days 00:58:34
1953886,SecondHalf,Cabo Verde,0,0,0,0,0,0,1,0,0,0 days 00:58:35
1953886,SecondHalf,Cabo Verde,0,0,0,0,0,0,1,0,0,0 days 00:58:38
1953886,SecondHalf,Cabo Verde,0,0,0,0,0,0,1,0,0,0 days 00:58:40
1953886,SecondHalf,Saudi Arabia,0,0,0,0,0,0,1,0,0,0 days 00:58:42
1953886,SecondHalf,Saudi Arabia,0,0,0,0,0,0,1,0,0,0 days 00:58:45
1953886,SecondHalf,Cabo Verde,0,0,0,0,0,0,1,0,0,0 days 00:58:48
1953886,SecondHalf,Cabo Verde,0,0,0,0,0,0,0,0,0,0 days 00:58:51
1953886,SecondHalf,Saudi Arabia,0,0,0,0,0,0,1,0,0,0 days 00:58:51
1953886,SecondHalf,Cabo Verde,0,1,0,0,0,0,0,0,0,0 days 00:58:53
1953886,SecondHalf,Cabo Verde,0,0,0,0,0,0,1,0,0,0 days 00:58:55
1953886,SecondHalf,Cabo Verde,0,0,0,0,0,0,1,0,0,0 days 00:58:56
1953886,SecondHalf,Cabo Verde,0,0,0,0,0,0,1,0,0,0 days 00:59:00
1953886,SecondHalf,Cabo Verde,0,0,0,0,0,0,1,0,0,0 days 00:59:01
1953886,SecondHalf,Cabo Verde,0,0,0,0,0,0,1,0,0,0 days 00:59:02
1953886,SecondHalf,Cabo Verde,0,0,0,0,0,0,1,0,0,0 days 00:59:04
1953886,SecondHalf,Cabo Verde,0,0,0,0,0,0,1,0,0,0 days 00:59:06
1953886,SecondHalf,Cabo Verde,0,0,0,0,0,0,1,0,0,0 days 00:59:09
1953886,SecondHalf,Cabo Verde,0,0,0,0,0,0,1,0,0,0 days 00:59:11
1953886,SecondHalf,Cabo Verde,0,0,0,0,0,0,1,0,0,0 days 00:59:13
1953886,SecondHalf,Cabo Verde,0,0,0,0,0,0,1,0,0,0 days 00:59:17
1953886,SecondHalf,Saudi Arabia,0,0,0,0,0,1,0,0,0,0 days 00:59:23
1953886,SecondHalf,Cabo Verde,0,0,0,0,0,0,1,0,0,0 days 00:59:24
1953886,SecondHalf,Cabo Verde,0,0,0,0,0,0,1,0,0,0 days 00:59:27
1953886,SecondHalf,Saudi Arabia,0,0,0,0,0,0,0,0,0,0 days 00:59:27
1953886,SecondHalf,Cabo Verde,0,0,0,0,0,0,1,0,0,0 days 00:59:32
1953886,SecondHalf,Cabo Verde,0,0,0,0,0,0,1,0,0,0 days 00:59:36
1953886,SecondHalf,Cabo Verde,0,0,0,0,0,0,1,0,0,0 days 00:59:39
1953886,SecondHalf,Cabo Verde,0,0,0,0,0,0,1,0,0,0 days 00:59:41
1953886,SecondHalf,Cabo Verde,0,0,0,0,0,0,1,0,0,0 days 00:59:44
1953886,SecondHalf,Cabo Verde,0,0,0,0,0,0,0,0,1,0 days 00:59:48
1953886,SecondHalf,Cabo Verde,0,0,0,0,0,0,0,0,0,0 days 01:00:19
1953886,SecondHalf,Cabo Verde,0,0,0,0,0,0,0,0,0,0 days 01:00:19
1953886,SecondHalf,Cabo Verde,0,0,0,0,0,0,0,0,0,0 days 01:00:27
1953886,SecondHalf,Cabo Verde,0,0,0,0,0,0,0,0,0,0 days 01:00:27
1953886,SecondHalf,Saudi Arabia,0,0,0,0,0,0,1,0,0,0 days 01:00:36
1953886,SecondHalf,Saudi Arabia,0,0,0,0,0,0,1,0,0,0 days 01:00:44
1953886,SecondHalf,Saudi Arabia,0,0,0,0,0,0,1,0,0,0 days 01:00:46
1953886,SecondHalf,Saudi Arabia,0,0,0,0,0,0,1,0,0,0 days 01:00:49
1953886,SecondHalf,Saudi Arabia,0,0,0,0,0,0,1,0,0,0 days 01:00:55
1953886,SecondHalf,Saudi Arabia,0,0,0,0,0,0,1,0,0,0 days 01:00:59
1953886,SecondHalf,Cabo Verde,0,0,0,0,0,0,1,0,0,0 days 01:01:06
1953886,SecondHalf,Cabo Verde,0,0,0,0,0,0,1,0,0,0 days 01:01:09
1953886,SecondHalf,Cabo Verde,0,0,0,0,0,0,1,0,0,0 days 01:01:11
1953886,SecondHalf,Cabo Verde,0,0,0,0,0,0,1,0,0,0 days 01:01:15
1953886,SecondHalf,Cabo Verde,0,0,0,0,0,0,0,0,0,0 days 01:01:17
1953886,SecondHalf,Saudi Arabia,0,0,0,0,0,0,1,0,0,0 days 01:01:31
1953886,SecondHalf,Saudi Arabia,0,0,0,0,0,0,1,0,0,0 days 01:01:33
1953886,SecondHalf,Saudi Arabia,0,0,0,0,0,0,1,0,0,0 days 01:01:35
1953886,SecondHalf,Saudi Arabia,0,0,0,0,0,0,1,0,0,0 days 01:01:38
1953886,SecondHalf,Saudi Arabia,0,0,0,0,0,0,1,0,0,0 days 01:01:40
1953886,SecondHalf,Saudi Arabia,0,0,0,0,0,0,1,0,0,0 days 01:01:47
1953886,SecondHalf,Saudi Arabia,0,0,0,0,0,0,1,0,0,0 days 01:01:54
1953886,SecondHalf,Saudi Arabia,0,0,0,0,0,0,1,0,0,0 days 01:01:57
1953886,SecondHalf,Saudi Arabia,0,0,0,0,0,0,1,0,0,0 days 01:01:59
1953886,SecondHalf,Saudi Arabia,0,0,0,0,0,0,1,0,0,0 days 01:02:01
1953886,SecondHalf,Saudi Arabia,0,0,0,0,0,0,1,0,0,0 days 01:02:02
1953886,SecondHalf,Saudi Arabia,0,0,0,0,0,0,1,0,0,0 days 01:02:03
1953886,SecondHalf,Cabo Verde,0,0,0,0,0,0,0,0,0,0 days 01:02:04
1953886,SecondHalf,Saudi Arabia,0,0,0,0,0,0,0,0,0,0 days 01:02:05
1953886,SecondHalf,Cabo Verde,0,1,0,0,0,0,0,0,0,0 days 01:02:06
1953886,SecondHalf,Cabo Verde,0,0,0,0,0,0,1,0,0,0 days 01:02:06
1953886,SecondHalf,Cabo Verde,0,0,0,0,0,0,0,0,0,0 days 01:02:10
1953886,SecondHalf,Cabo Verde,0,0,0,0,0,0,0,0,0,0 days 01:02:11
1953886,SecondHalf,Saudi Arabia,0,0,0,0,0,0,0,0,0,0 days 01:02:12
1953886,SecondHalf,Cabo Verde,0,0,0,0,0,0,0,1,0,0 days 01:02:13
1953886,SecondHalf,Saudi Arabia,0,0,0,0,0,0,0,0,1,0 days 01:02:13
1953886,SecondHalf,Cabo Verde,0,0,0,0,0,0,1,0,0,0 days 01:02:16
1953886,SecondHalf,Cabo Verde,0,0,0,0,0,0,0,0,0,0 days 01:02:20
1953886,SecondHalf,Saudi Arabia,0,1,0,0,0,0,0,0,0,0 days 01:02:23
1953886,SecondHalf,Saudi Arabia,0,0,0,0,0,0,1,0,0,0 days 01:02:23
1953886,SecondHalf,Saudi Arabia,0,0,0,0,0,0,0,0,1,0 days 01:02:23
1953886,SecondHalf,Cabo Verde,0,0,0,0,1,0,0,0,0,0 days 01:02:24
1953886,SecondHalf,Saudi Arabia,0,0,0,0,1,0,0,0,0,0 days 01:02:24
1953886,SecondHalf,Saudi Arabia,0,0,0,0,0,0,1,0,0,0 days 01:02:52
1953886,SecondHalf,Cabo Verde,0,1,0,0,0,0,0,0,0,0 days 01:02:56
1953886,SecondHalf,Cabo Verde,0,0,0,0,0,0,1,0,0,0 days 01:02:56
1953886,SecondHalf,Cabo Verde,0,0,0,0,0,0,1,0,0,0 days 01:02:59
1953886,SecondHalf,Saudi Arabia,0,0,0,0,0,0,0,0,1,0 days 01:03:01
1953886,SecondHalf,Cabo Verde,0,0,0,0,0,0,0,1,0,0 days 01:03:01
1953886,SecondHalf,Saudi Arabia,0,0,0,0,0,0,0,0,0,0 days 01:03:01
1953886,SecondHalf,Cabo Verde,0,0,0,0,0,0,1,0,0,0 days 01:03:02
1953886,SecondHalf,Cabo Verde,0,0,0,0,0,0,1,0,0,0 days 01:03:07
1953886,SecondHalf,Cabo Verde,0,0,0,0,0,0,1,0,0,0 days 01:03:10
1953886,SecondHalf,Cabo Verde,0,0,0,0,0,0,1,0,0,0 days 01:03:13
1953886,SecondHalf,Cabo Verde,0,0,0,0,0,0,1,0,0,0 days 01:03:16
1953886,SecondHalf,Cabo Verde,0,0,0,0,0,0,1,0,0,0 days 01:03:20
1953886,SecondHalf,Cabo Verde,0,0,0,0,0,0,1,0,0,0 days 01:03:24
1953886,SecondHalf,Cabo Verde,0,0,0,0,0,0,1,0,0,0 days 01:03:29
1953886,SecondHalf,Cabo Verde,0,0,0,0,0,0,1,0,0,0 days 01:03:31
1953886,SecondHalf,Cabo Verde,0,0,0,0,0,0,1,0,0,0 days 01:03:34
1953886,SecondHalf,Cabo Verde,0,0,0,0,0,0,1,0,0,0 days 01:03:40
1953886,SecondHalf,Cabo Verde,0,0,0,0,0,0,1,0,0,0 days 01:03:43
1953886,SecondHalf,Cabo Verde,0,0,0,0,0,0,1,0,0,0 days 01:03:50
1953886,SecondHalf,Saudi Arabia,0,0,1,0,0,0,0,0,0,0 days 01:03:52
1953886,SecondHalf,Cabo Verde,0,0,0,0,0,0,1,0,0,0 days 01:03:54
1953886,SecondHalf,Cabo Verde,0,0,0,0,0,0,1,0,0,0 days 01:03:56
1953886,SecondHalf,Cabo Verde,0,0,0,0,0,0,1,0,0,0 days 01:03:57
1953886,SecondHalf,Cabo Verde,0,0,0,0,0,0,1,0,0,0 days 01:03:58
1953886,SecondHalf,Cabo Verde,0,0,0,0,0,0,1,0,0,0 days 01:04:02
1953886,SecondHalf,Cabo Verde,0,0,0,0,0,0,1,0,0,0 days 01:04:05
1953886,SecondHalf,Cabo Verde,0,0,0,0,0,0,1,0,0,0 days 01:04:08
1953886,SecondHalf,Cabo Verde,0,0,0,0,0,0,1,0,0,0 days 01:04:10
1953886,SecondHalf,Cabo Verde,0,0,0,0,0,0,1,0,0,0 days 01:04:13
1953886,SecondHalf,Cabo Verde,0,0,0,0,0,0,1,0,0,0 days 01:04:16
1953886,SecondHalf,Cabo Verde,0,0,0,0,0,0,1,0,0,0 days 01:04:19
1953886,SecondHalf,Cabo Verde,0,0,0,0,0,0,1,0,0,0 days 01:04:20
1953886,SecondHalf,Saudi Arabia,0,0,0,0,0,0,0,0,0,0 days 01:04:23
1953886,SecondHalf,Saudi Arabia,0,0,0,0,0,0,0,0,0,0 days 01:05:03
1953886,SecondHalf,Saudi Arabia,0,0,0,0,0,0,0,0,0,0 days 01:05:03
1953886,SecondHalf,Saudi Arabia,0,0,0,0,0,0,0,0,0,0 days 01:05:04
1953886,SecondHalf,Saudi Arabia,0,0,0,0,0,0,0,0,0,0 days 01:05:04
1953886,SecondHalf,Saudi Arabia,0,0,0,0,0,0,0,0,0,0 days 01:05:05
1953886,SecondHalf,Saudi Arabia,0,0,0,0,0,0,1,0,0,0 days 01:05:32
1953886,SecondHalf,Cabo Verde,0,0,0,0,0,0,0,0,0,0 days 01:05:35
1953886,SecondHalf,Saudi Arabia,0,0,0,0,0,0,0,0,0,0 days 01:05:35
1953886,SecondHalf,Saudi Arabia,0,0,0,0,0,0,1,0,0,0 days 01:05:36
1953886,SecondHalf,Cabo Verde,0,0,0,0,0,0,1,0,0,0 days 01:05:38
1953886,SecondHalf,Cabo Verde,0,0,0,0,1,0,0,0,0,0 days 01:05:41
1953886,SecondHalf,Saudi Arabia,0,0,0,0,1,0,0,0,0,0 days 01:05:41
1953886,SecondHalf,Cabo Verde,0,0,0,0,0,0,1,0,0,0 days 01:05:47
1953886,SecondHalf,Cabo Verde,0,0,0,0,0,0,1,0,0,0 days 01:05:50
1953886,SecondHalf,Cabo Verde,0,0,0,0,0,0,1,0,0,0 days 01:05:53
1953886,SecondHalf,Cabo Verde,0,0,0,0,0,0,1,0,0,0 days 01:05:55
1953886,SecondHalf,Saudi Arabia,0,0,0,0,0,1,0,0,0,0 days 01:05:58
1953886,SecondHalf,Saudi Arabia,0,1,0,0,0,0,0,0,0,0 days 01:06:00
1953886,SecondHalf,Saudi Arabia,0,0,0,0,0,0,1,0,0,0 days 01:06:00
1953886,SecondHalf,Saudi Arabia,1,0,0,0,0,0,0,0,0,0 days 01:06:03
1953886,SecondHalf,Cabo Verde,0,0,0,0,0,0,0,0,0,0 days 01:06:03
1953886,SecondHalf,Cabo Verde,0,0,0,0,0,0,0,0,0,0 days 01:06:07
1953886,SecondHalf,Cabo Verde,0,0,0,0,0,0,1,0,0,0 days 01:06:08
1953886,SecondHalf,Cabo Verde,0,0,0,1,0,0,0,0,0,0 days 01:06:12
1953886,SecondHalf,Saudi Arabia,0,0,0,0,0,0,0,1,0,0 days 01:06:12
1953886,SecondHalf,Cabo Verde,0,0,0,0,0,0,0,0,0,0 days 01:06:13
1953886,SecondHalf,Saudi Arabia,0,0,0,0,0,0,1,0,0,0 days 01:06:14
1953886,SecondHalf,Saudi Arabia,0,1,0,0,0,0,0,0,0,0 days 01:06:15
1953886,SecondHalf,Saudi Arabia,0,0,0,0,0,0,1,0,0,0 days 01:06:16
1953886,SecondHalf,Saudi Arabia,0,0,0,0,0,0,1,0,0,0 days 01:06:18
1953886,SecondHalf,Saudi Arabia,0,0,0,0,0,0,1,0,0,0 days 01:06:18
1953886,SecondHalf,Saudi Arabia,0,0,0,0,0,0,1,0,0,0 days 01:06:22
1953886,SecondHalf,Saudi Arabia,0,0,0,0,0,0,1,0,0,0 days 01:06:24
1953886,SecondHalf,Saudi Arabia,0,0,0,0,0,0,1,0,0,0 days 01:06:29
1953886,SecondHalf,Cabo Verde,0,0,0,0,0,0,0,0,0,0 days 01:06:29
1953886,SecondHalf,Cabo Verde,0,1,0,0,0,0,0,0,0,0 days 01:06:30
1953886,SecondHalf,Saudi Arabia,0,0,0,0,0,0,0,0,0,0 days 01:06:31
1953886,SecondHalf,Cabo Verde,0,0,0,0,0,0,0,0,1,0 days 01:06:31
1953886,SecondHalf,Saudi Arabia,0,0,0,0,1,0,0,0,0,0 days 01:06:32
1953886,SecondHalf,Cabo Verde,0,0,0,0,1,0,0,0,0,0 days 01:06:32
1953886,SecondHalf,Saudi Arabia,0,0,0,0,0,0,0,0,0,0 days 01:06:35
1953887,SecondHalf,Uruguay,0,1,0,0,0,0,0,0,0,0 days 00:57:01
1953887,SecondHalf,Uruguay,0,0,0,1,0,0,0,0,0,0 days 00:57:03
1953887,SecondHalf,Spain,0,0,0,0,0,0,0,1,0,0 days 00:57:03
1953887,SecondHalf,Spain,0,1,0,0,0,0,0,0,0,0 days 00:57:04
1953887,SecondHalf,Spain,0,0,0,0,0,0,1,0,0,0 days 00:57:04
1953887,SecondHalf,Spain,0,0,0,0,0,0,1,0,0,0 days 00:57:06
1953887,SecondHalf,Spain,0,0,0,0,0,0,1,0,0,0 days 00:57:07
1953887,SecondHalf,Spain,0,0,0,0,0,0,1,0,0,0 days 00:57:09
1953887,SecondHalf,Spain,0,0,0,0,0,0,1,0,0,0 days 00:57:12
1953887,SecondHalf,Uruguay,0,0,1,0,0,0,0,0,0,0 days 00:57:12
1953887,SecondHalf,Uruguay,0,0,0,0,0,0,0,0,0,0 days 00:57:16
1953887,SecondHalf,Uruguay,0,0,0,0,0,0,0,0,0,0 days 00:57:17
1953887,SecondHalf,Spain,0,0,0,0,0,0,0,0,0,0 days 00:57:17
1953887,SecondHalf,Uruguay,0,0,0,0,0,0,0,0,0,0 days 00:57:31
1953887,SecondHalf,Spain,0,0,0,0,0,0,1,0,0,0 days 00:58:15
1953887,SecondHalf,Uruguay,0,0,1,0,0,0,0,0,0,0 days 00:58:19
1953887,SecondHalf,Spain,0,0,0,0,0,0,1,0,0,0 days 00:58:21
1953887,SecondHalf,Spain,0,0,0,0,0,0,1,0,0,0 days 00:58:24
1953887,SecondHalf,Uruguay,0,0,0,0,0,0,0,0,1,0 days 00:58:27
1953887,SecondHalf,Spain,0,0,0,0,0,0,0,1,0,0 days 00:58:27
1953887,SecondHalf,Spain,0,0,0,0,0,0,1,0,0,0 days 00:58:30
1953887,SecondHalf,Spain,0,0,0,0,0,0,1,0,0,0 days 00:58:31
1953887,SecondHalf,Spain,0,0,0,0,0,0,1,0,0,0 days 00:58:32
1953887,SecondHalf,Spain,0,0,0,0,0,0,1,0,0,0 days 00:58:34
1953887,SecondHalf,Spain,0,0,0,0,0,0,1,0,0,0 days 00:58:35
1953887,SecondHalf,Spain,0,0,0,0,0,0,1,0,0,0 days 00:58:38
1953887,SecondHalf,Spain,0,0,0,0,0,0,1,0,0,0 days 00:58:39
1953887,SecondHalf,Spain,0,0,0,0,0,0,1,0,0,0 days 00:58:42
1953887,SecondHalf,Spain,0,0,0,0,0,0,1,0,0,0 days 00:58:44
1953887,SecondHalf,Spain,0,0,0,0,1,0,0,0,0,0 days 00:58:47
1953887,SecondHalf,Uruguay,0,0,0,0,1,0,0,0,0,0 days 00:58:47
1953887,SecondHalf,Spain,0,0,0,0,0,0,0,0,0,0 days 00:59:15
1953887,SecondHalf,Spain,0,0,0,0,0,0,0,0,0,0 days 00:59:15
1953887,SecondHalf,Spain,0,0,0,0,0,0,0,0,0,0 days 00:59:23
1953887,SecondHalf,Spain,0,0,0,0,0,0,0,0,0,0 days 00:59:23
1953887,SecondHalf,Spain,0,0,0,0,0,0,0,0,0,0 days 00:59:24
1953887,SecondHalf,Spain,0,0,0,0,0,0,1,0,0,0 days 00:59:27
1953887,SecondHalf,Spain,0,0,0,0,0,0,1,0,0,0 days 00:59:30
1953887,SecondHalf,Spain,0,0,0,0,0,0,1,0,0,0 days 00:59:32
1953887,SecondHalf,Spain,0,0,0,0,0,0,1,0,0,0 days 00:59:37
1953887,SecondHalf,Spain,0,0,0,0,0,0,1,0,0,0 days 00:59:39
1953887,SecondHalf,Spain,0,0,0,0,0,0,1,0,0,0 days 00:59:41
1953887,SecondHalf,Uruguay,0,0,0,0,0,1,0,0,0,0 days 00:59:42
1953887,SecondHalf,Uruguay,0,1,0,0,0,0,0,0,0,0 days 00:59:42
1953887,SecondHalf,Uruguay,0,0,0,0,0,0,1,0,0,0 days 00:59:44
1953887,SecondHalf,Uruguay,0,0,0,0,0,0,0,0,0,0 days 00:59:45
1953887,SecondHalf,Spain,0,0,0,0,0,0,0,0,0,0 days 00:59:47
1953887,SecondHalf,Spain,0,0,0,0,0,0,0,0,0,0 days 00:59:48
1953887,SecondHalf,Spain,0,0,0,0,0,0,1,0,0,0 days 00:59:55
1953887,SecondHalf,Spain,0,0,0,0,0,0,1,0,0,0 days 00:59:59
1953887,SecondHalf,Spain,0,0,0,0,0,0,1,0,0,0 days 01:00:02
1953887,SecondHalf,Spain,0,0,0,0,0,0,1,0,0,0 days 01:00:05
1953887,SecondHalf,Spain,0,0,0,0,0,0,1,0,0,0 days 01:00:09
1953887,SecondHalf,Spain,0,0,0,0,0,0,1,0,0,0 days 01:00:12
1953887,SecondHalf,Spain,0,0,0,0,0,0,0,0,0,0 days 01:00:14
1953887,SecondHalf,Uruguay,0,0,0,0,0,0,0,0,0,0 days 01:00:14
1953887,SecondHalf,Spain,0,0,0,0,0,0,1,0,0,0 days 01:00:15
1953887,SecondHalf,Uruguay,0,1,0,0,0,0,0,0,0,0 days 01:00:17
1953887,SecondHalf,Uruguay,0,0,0,0,0,0,1,0,0,0 days 01:00:17
1953887,SecondHalf,Uruguay,0,0,0,0,0,0,1,0,0,0 days 01:00:21
1953887,SecondHalf,Spain,0,0,0,0,0,0,0,0,0,0 days 01:00:25
1953887,SecondHalf,Spain,0,0,0,0,0,0,1,0,0,0 days 01:00:26
1953887,SecondHalf,Uruguay,0,0,0,0,0,0,1,0,0,0 days 01:00:30
1953887,SecondHalf,Uruguay,0,0,0,0,0,0,1,0,0,0 days 01:00:35
1953887,SecondHalf,Uruguay,0,0,0,0,0,0,1,0,0,0 days 01:00:38
1953887,SecondHalf,Uruguay,0,0,0,0,0,0,1,0,0,0 days 01:00:42
1953887,SecondHalf,Uruguay,0,0,0,0,0,0,1,0,0,0 days 01:00:44
1953887,SecondHalf,Spain,0,1,0,0,0,0,0,0,0,0 days 01:00:45
1953887,SecondHalf,Spain,0,0,0,0,0,0,1,0,0,0 days 01:00:45
1953887,SecondHalf,Spain,0,0,0,0,0,0,0,0,0,0 days 01:00:49
1953887,SecondHalf,Spain,0,0,0,0,0,0,0,0,0,0 days 01:00:49
1953887,SecondHalf,Uruguay,0,0,0,0,0,0,1,0,0,0 days 01:00:49
1953887,SecondHalf,Uruguay,0,0,0,0,0,0,1,0,0,0 days 01:01:13
1953887,SecondHalf,Uruguay,0,0,0,0,0,0,0,0,1,0 days 01:01:20
1953887,SecondHalf,Spain,0,1,0,0,0,0,0,0,0,0 days 01:01:22
1953887,SecondHalf,Spain,0,0,0,0,0,0,1,0,0,0 days 01:01:23
1953887,SecondHalf,Spain,0,0,0,0,0,0,1,0,0,0 days 01:01:27
1953887,SecondHalf,Spain,0,0,0,0,0,0,1,0,0,0 days 01:01:33
1953887,SecondHalf,Spain,0,0,0,0,0,0,1,0,0,0 days 01:01:35
1953887,SecondHalf,Spain,0,0,0,0,0,0,1,0,0,0 days 01:01:37
1953887,SecondHalf,Spain,0,0,0,0,0,0,1,0,0,0 days 01:01:41
1953887,SecondHalf,Spain,0,0,0,0,0,0,1,0,0,0 days 01:01:42
1953887,SecondHalf,Spain,0,0,0,0,0,0,0,0,0,0 days 01:01:44
1953887,SecondHalf,Uruguay,0,0,1,0,0,0,0,0,0,0 days 01:01:46
1953887,SecondHalf,Uruguay,0,1,0,0,0,0,0,0,0,0 days 01:01:47
1953887,SecondHalf,Uruguay,0,0,0,0,0,0,1,0,0,0 days 01:01:48
1953887,SecondHalf,Uruguay,0,0,0,0,0,0,1,0,0,0 days 01:01:48
1953887,SecondHalf,Spain,0,0,0,0,0,0,1,0,0,0 days 01:01:55
1953887,SecondHalf,Spain,0,0,0,0,0,0,0,0,0,0 days 01:01:56
1953887,SecondHalf,Spain,0,0,0,0,0,0,1,0,0,0 days 01:02:01
1953887,SecondHalf,Spain,0,0,0,0,0,0,1,0,0,0 days 01:02:05
1953887,SecondHalf,Spain,0,0,0,0,0,0,1,0,0,0 days 01:02:08
1953887,SecondHalf,Spain,0,0,0,0,0,0,1,0,0,0 days 01:02:14
1953887,SecondHalf,Spain,0,0,0,0,0,0,1,0,0,0 days 01:02:17
1953887,SecondHalf,Uruguay,0,0,0,0,0,0,1,0,0,0 days 01:02:19
1953887,SecondHalf,Spain,0,0,0,0,0,1,0,0,0,0 days 01:02:22
1953887,SecondHalf,Spain,0,0,0,0,0,0,1,0,0,0 days 01:02:24
1953887,SecondHalf,Spain,0,0,0,0,0,0,1,0,0,0 days 01:02:28
1953887,SecondHalf,Spain,0,0,0,0,0,0,1,0,0,0 days 01:02:32
1953887,SecondHalf,Spain,1,0,0,0,0,0,0,0,0,0 days 01:02:35
1953887,SecondHalf,Uruguay,0,0,0,0,0,0,1,0,0,0 days 01:03:00
1953887,SecondHalf,Spain,0,0,0,0,0,0,1,0,0,0 days 01:03:08
1953887,SecondHalf,Spain,0,0,0,0,0,0,1,0,0,0 days 01:03:11
1953887,SecondHalf,Spain,0,0,0,0,0,0,1,0,0,0 days 01:03:13
1953887,SecondHalf,Spain,0,0,0,0,0,0,1,0,0,0 days 01:03:15
1953887,SecondHalf,Spain,0,0,0,0,0,0,1,0,0,0 days 01:03:18
1953887,SecondHalf,Spain,0,0,0,0,0,0,1,0,0,0 days 01:03:21
1953887,SecondHalf,Spain,0,0,0,0,0,0,0,0,0,0 days 01:03:24
1953887,SecondHalf,Uruguay,0,1,0,0,0,0,0,0,0,0 days 01:03:25
1953887,SecondHalf,Uruguay,0,0,0,0,0,0,1,0,0,0 days 01:03:25
1953887,SecondHalf,Uruguay,0,0,0,0,0,0,1,0,0,0 days 01:03:27
1953887,SecondHalf,Uruguay,0,0,0,0,0,0,1,0,0,0 days 01:03:29
1953887,SecondHalf,Uruguay,0,0,0,0,0,0,1,0,0,0 days 01:03:35
1953887,SecondHalf,Uruguay,1,0,0,0,0,0,0,0,0,0 days 01:03:38
1953887,SecondHalf,Spain,0,0,0,0,0,0,1,0,0,0 days 01:03:55
1953887,SecondHalf,Spain,0,0,0,0,0,0,1,0,0,0 days 01:03:57
1953887,SecondHalf,Spain,0,0,0,0,0,0,1,0,0,0 days 01:03:59
1953887,SecondHalf,Spain,0,0,0,0,0,0,1,0,0,0 days 01:04:01
1953887,SecondHalf,Spain,0,0,0,0,0,0,1,0,0,0 days 01:04:07
1953887,SecondHalf,Uruguay,0,0,1,0,0,0,0,0,0,0 days 01:04:10
1953887,SecondHalf,Spain,0,0,0,0,0,0,0,0,0,0 days 01:04:10
1953887,SecondHalf,Uruguay,0,0,0,0,0,0,0,0,0,0 days 01:04:13
1953887,SecondHalf,Uruguay,0,0,0,0,0,0,1,0,0,0 days 01:04:15
1953887,SecondHalf,Uruguay,0,0,0,0,0,0,1,0,0,0 days 01:04:17
1953887,SecondHalf,Uruguay,0,0,0,0,0,0,1,0,0,0 days 01:04:24
1953887,SecondHalf,Uruguay,0,0,0,0,0,0,1,0,0,0 days 01:04:27
1953887,SecondHalf,Uruguay,0,0,0,0,0,0,1,0,0,0 days 01:04:29
1953887,SecondHalf,Spain,0,0,0,0,0,0,0,0,0,0 days 01:04:30
1953887,SecondHalf,Spain,0,0,0,0,0,0,1,0,0,0 days 01:04:41
1953887,SecondHalf,Spain,0,0,0,0,0,0,1,0,0,0 days 01:04:47
1953887,SecondHalf,Spain,0,0,0,0,0,0,1,0,0,0 days 01:04:51
1953887,SecondHalf,Spain,0,0,0,0,0,0,1,0,0,0 days 01:04:53
1953887,SecondHalf,Spain,0,0,0,0,0,0,1,0,0,0 days 01:04:54
1953887,SecondHalf,Spain,0,0,0,0,0,0,1,0,0,0 days 01:04:56
1953887,SecondHalf,Spain,0,0,0,0,0,0,1,0,0,0 days 01:05:00
1953887,SecondHalf,Spain,0,0,0,0,1,0,0,0,0,0 days 01:05:07
1953887,SecondHalf,Uruguay,0,0,0,0,1,0,0,0,0,0 days 01:05:07
1953887,SecondHalf,Spain,0,0,0,0,0,0,0,0,0,0 days 01:05:44
1953887,SecondHalf,Spain,0,0,0,0,0,0,0,0,0,0 days 01:05:44
1953887,SecondHalf,Spain,0,0,0,0,0,0,1,0,0,0 days 01:06:02
1953887,SecondHalf,Spain,0,0,0,0,0,0,1,0,0,0 days 01:06:06
1953887,SecondHalf,Spain,0,0,0,0,0,0,1,0,0,0 days 01:06:07
1953887,SecondHalf,Spain,0,0,0,0,0,0,0,0,0,0 days 01:06:10
1953887,SecondHalf,Uruguay,0,1,0,0,0,0,0,0,0,0 days 01:06:12
1953887,SecondHalf,Uruguay,0,0,0,0,0,0,1,0,0,0 days 01:06:12
1953887,SecondHalf,Uruguay,0,0,0,0,0,0,1,0,0,0 days 01:06:23
1953887,SecondHalf,Uruguay,0,0,0,0,0,0,1,0,0,0 days 01:06:25
1953887,SecondHalf,Uruguay,0,0,0,0,0,0,1,0,0,0 days 01:06:28
1953887,SecondHalf,Uruguay,0,0,0,0,0,0,0,0,0,0 days 01:06:31
1953887,SecondHalf,Uruguay,0,0,0,0,0,0,0,1,0,0 days 01:06:31
1953887,SecondHalf,Spain,0,0,0,0,0,0,0,0,1,0 days 01:06:31
1953887,SecondHalf,Uruguay,0,0,0,0,0,0,1,0,0,0 days 01:06:32
1953887,SecondHalf,Uruguay,0,0,0,0,0,0,0,0,1,0 days 01:06:39
1953887,SecondHalf,Spain,0,0,0,0,0,0,0,1,0,0 days 01:06:39
1953887,SecondHalf,Spain,0,0,0,0,0,0,0,0,0,0 days 01:06:43
1953887,SecondHalf,Uruguay,0,0,0,0,0,0,1,0,0,0 days 01:06:45
1953887,SecondHalf,Uruguay,0,0,0,0,0,0,1,0,0,0 days 01:06:48
1953887,SecondHalf,Uruguay,0,0,0,0,0,0,1,0,0,0 days 01:06:50
1953888,SecondHalf,France,0,0,0,0,0,0,1,0,0,0 days 00:57:04
1953888,SecondHalf,France,0,0,0,0,0,0,1,0,0,0 days 00:57:05
1953888,SecondHalf,France,0,0,0,0,0,0,1,0,0,0 days 00:57:06
1953888,SecondHalf,France,0,0,0,0,0,0,1,0,0,0 days 00:57:07
1953888,SecondHalf,Senegal,0,0,1,0,0,0,0,0,0,0 days 00:57:08
1953888,SecondHalf,Senegal,0,0,0,0,0,0,1,0,0,0 days 00:57:10
1953888,SecondHalf,France,0,0,0,0,0,0,1,0,0,0 days 00:57:12
1953888,SecondHalf,Senegal,0,1,0,0,0,0,0,0,0,0 days 00:57:14
1953888,SecondHalf,Senegal,0,0,0,0,0,0,1,0,0,0 days 00:57:15
1953888,SecondHalf,France,0,1,0,0,0,0,0,0,0,0 days 00:57:19
1953888,SecondHalf,France,0,0,0,0,0,0,1,0,0,0 days 00:57:19
1953888,SecondHalf,France,0,0,0,0,0,0,1,0,0,0 days 00:57:24
1953888,SecondHalf,France,0,0,0,0,0,0,1,0,0,0 days 00:57:27
1953888,SecondHalf,France,0,0,0,0,0,0,1,0,0,0 days 00:57:31
1953888,SecondHalf,France,0,0,0,0,0,0,1,0,0,0 days 00:57:34
1953888,SecondHalf,Senegal,0,0,0,0,0,0,0,0,0,0 days 00:57:37
1953888,SecondHalf,France,0,0,0,0,0,0,0,0,1,0 days 00:57:37
1953888,SecondHalf,France,0,0,0,0,0,0,0,0,1,0 days 00:57:41
1953888,SecondHalf,Senegal,0,0,0,0,0,0,1,0,0,0 days 01:00:58
1953888,SecondHalf,Senegal,0,0,0,0,0,0,1,0,0,0 days 01:00:59
1953888,SecondHalf,Senegal,0,0,0,0,0,0,1,0,0,0 days 01:01:09
1953888,SecondHalf,Senegal,0,0,0,0,0,0,1,0,0,0 days 01:01:16
1953888,SecondHalf,Senegal,0,0,0,0,0,0,1,0,0,0 days 01:01:26
1953888,SecondHalf,Senegal,0,0,0,0,0,0,1,0,0,0 days 01:01:28
1953888,SecondHalf,France,0,0,0,0,0,0,0,0,0,0 days 01:01:32
1953888,SecondHalf,Senegal,0,0,0,0,0,0,0,0,0,0 days 01:01:32
1953888,SecondHalf,Senegal,0,0,0,0,0,0,1,0,0,0 days 01:01:33
1953888,SecondHalf,France,0,1,0,0,0,0,0,0,0,0 days 01:01:36
1953888,SecondHalf,France,0,0,0,0,0,0,1,0,0,0 days 01:01:37
1953888,SecondHalf,Senegal,0,0,0,0,0,0,1,0,0,0 days 01:01:47
1953888,SecondHalf,Senegal,0,0,0,0,0,0,1,0,0,0 days 01:01:48
1953888,SecondHalf,Senegal,0,0,0,0,0,0,1,0,0,0 days 01:01:50
1953888,SecondHalf,Senegal,0,0,0,0,0,0,1,0,0,0 days 01:01:51
1953888,SecondHalf,Senegal,0,0,0,0,0,0,1,0,0,0 days 01:01:58
1953888,SecondHalf,Senegal,0,0,0,0,0,0,1,0,0,0 days 01:02:00
1953888,SecondHalf,Senegal,0,0,0,0,0,0,1,0,0,0 days 01:02:08
1953888,SecondHalf,Senegal,0,0,0,0,0,0,1,0,0,0 days 01:02:09
1953888,SecondHalf,Senegal,0,0,0,0,0,0,1,0,0,0 days 01:02:12
1953888,SecondHalf,Senegal,0,0,0,0,0,0,1,0,0,0 days 01:02:18
1953888,SecondHalf,Senegal,0,0,0,0,0,0,1,0,0,0 days 01:02:22
1953888,SecondHalf,Senegal,0,0,0,0,0,0,1,0,0,0 days 01:02:23
1953888,SecondHalf,Senegal,0,0,0,0,0,0,1,0,0,0 days 01:02:25
1953888,SecondHalf,Senegal,0,0,0,0,0,0,1,0,0,0 days 01:02:28
1953888,SecondHalf,Senegal,0,0,0,0,0,0,1,0,0,0 days 01:02:32
1953888,SecondHalf,Senegal,0,0,0,0,0,0,1,0,0,0 days 01:02:35
1953888,SecondHalf,France,0,0,0,0,0,0,1,0,0,0 days 01:02:47
1953888,SecondHalf,Senegal,0,0,0,0,0,0,0,0,0,0 days 01:02:49
1953888,SecondHalf,France,0,0,0,0,0,0,1,0,0,0 days 01:02:56
1953888,SecondHalf,France,0,0,0,0,0,0,1,0,0,0 days 01:02:58
1953888,SecondHalf,France,0,0,0,0,0,0,1,0,0,0 days 01:03:01
1953888,SecondHalf,France,0,0,0,0,0,0,0,0,0,0 days 01:03:03
1953888,SecondHalf,Senegal,0,0,0,0,0,0,0,0,0,0 days 01:03:03
1953888,SecondHalf,Senegal,0,0,0,0,0,1,0,0,0,0 days 01:03:04
1953888,SecondHalf,France,0,0,0,0,0,0,1,0,0,0 days 01:03:11
1953888,SecondHalf,France,0,0,0,0,0,0,1,0,0,0 days 01:03:15
1953888,SecondHalf,France,0,0,0,0,0,0,1,0,0,0 days 01:03:17
1953888,SecondHalf,France,0,0,0,0,0,0,1,0,0,0 days 01:03:19
1953888,SecondHalf,France,0,0,0,0,0,0,1,0,0,0 days 01:03:21
1953888,SecondHalf,France,0,0,0,0,0,0,1,0,0,0 days 01:03:25
1953888,SecondHalf,France,0,0,0,0,0,0,1,0,0,0 days 01:03:31
1953888,SecondHalf,France,0,0,0,0,0,0,0,0,0,0 days 01:03:32
1953888,SecondHalf,Senegal,0,0,0,0,0,0,0,0,0,0 days 01:03:33
1953888,SecondHalf,Senegal,0,0,0,0,0,0,1,0,0,0 days 01:03:47
1953888,SecondHalf,Senegal,0,0,0,0,0,0,1,0,0,0 days 01:03:53
1953888,SecondHalf,Senegal,0,0,0,0,0,0,1,0,0,0 days 01:03:56
1953888,SecondHalf,Senegal,0,0,0,0,0,0,0,0,0,0 days 01:04:01
1953888,SecondHalf,France,0,0,0,0,0,0,1,0,0,0 days 01:04:08
1953888,SecondHalf,France,0,0,0,0,0,0,1,0,0,0 days 01:04:14
1953888,SecondHalf,France,0,0,0,0,0,0,1,0,0,0 days 01:04:15
1953888,SecondHalf,France,0,0,0,0,0,0,1,0,0,0 days 01:04:18
1953888,SecondHalf,France,0,0,0,0,0,0,1,0,0,0 days 01:04:22
1953888,SecondHalf,France,0,0,0,0,0,0,1,0,0,0 days 01:04:28
1953888,SecondHalf,France,0,0,0,0,0,0,1,0,0,0 days 01:04:30
1953888,SecondHalf,France,0,0,0,0,0,0,1,0,0,0 days 01:04:34
1953888,SecondHalf,France,0,0,0,0,0,0,1,0,0,0 days 01:04:40
1953888,SecondHalf,France,0,0,0,0,0,0,1,0,0,0 days 01:04:43
1953888,SecondHalf,France,0,0,0,0,0,0,1,0,0,0 days 01:04:46
1953888,SecondHalf,France,0,0,0,0,0,0,1,0,0,0 days 01:04:53
1953888,SecondHalf,France,1,0,0,0,0,0,0,0,0,0 days 01:04:55
1953888,SecondHalf,Senegal,0,0,0,0,0,0,0,0,0,0 days 01:04:55
1953888,SecondHalf,France,0,0,0,0,0,0,1,0,0,0 days 01:05:01
1953888,SecondHalf,France,0,0,0,0,0,0,1,0,0,0 days 01:05:06
1953888,SecondHalf,France,0,0,0,0,0,0,1,0,0,0 days 01:05:07
1953888,SecondHalf,France,0,0,0,0,0,0,1,0,0,0 days 01:05:10
1953888,SecondHalf,France,0,0,0,0,0,0,0,0,0,0 days 01:05:11
1953888,SecondHalf,Senegal,0,0,1,0,0,0,0,0,0,0 days 01:05:12
1953888,SecondHalf,France,0,0,0,0,0,0,1,0,0,0 days 01:05:16
1953888,SecondHalf,France,0,0,0,0,0,0,1,0,0,0 days 01:05:18
1953888,SecondHalf,France,0,0,0,0,0,0,1,0,0,0 days 01:05:25
1953888,SecondHalf,France,0,0,0,0,0,0,1,0,0,0 days 01:05:27
1953888,SecondHalf,France,0,0,0,0,0,0,1,0,0,0 days 01:05:29
1953888,SecondHalf,France,1,0,0,0,0,0,0,0,0,0 days 01:05:31
1953888,SecondHalf,Senegal,0,0,0,0,0,0,1,0,0,0 days 01:06:42
1953888,SecondHalf,Senegal,0,0,0,0,0,0,1,0,0,0 days 01:06:44
1953888,SecondHalf,Senegal,0,0,0,0,0,0,1,0,0,0 days 01:06:51
1953888,SecondHalf,Senegal,0,0,0,0,0,0,0,0,0,0 days 01:06:53
1953888,SecondHalf,France,0,1,0,0,0,0,0,0,0,0 days 01:06:54
1953888,SecondHalf,France,0,0,0,0,0,0,1,0,0,0 days 01:06:55
1953888,SecondHalf,France,0,0,0,0,0,0,1,0,0,0 days 01:06:56
1953888,SecondHalf,France,0,0,0,0,0,0,1,0,0,0 days 01:06:57
1953888,SecondHalf,France,0,0,0,0,0,0,1,0,0,0 days 01:06:58
1953889,SecondHalf,Senegal,0,0,0,0,0,0,0,0,0,0 days 00:57:00
1953889,SecondHalf,Norway,0,0,0,0,0,0,1,0,0,0 days 00:57:02
1953889,SecondHalf,Norway,0,0,0,0,0,0,0,0,0,0 days 00:57:03
1953889,SecondHalf,Norway,1,0,0,0,0,0,0,0,0,0 days 00:57:04
1953889,SecondHalf,Norway,0,0,0,0,0,0,0,0,0,0 days 00:57:04
1953889,SecondHalf,Senegal,0,0,0,0,0,0,0,0,0,0 days 00:57:05
1953889,SecondHalf,Senegal,0,0,0,0,0,0,0,0,0,0 days 00:57:06
1953889,SecondHalf,Norway,0,0,0,0,0,0,0,0,1,0 days 00:57:06
1953889,SecondHalf,Senegal,0,0,0,0,0,0,0,0,0,0 days 00:57:06
1953889,SecondHalf,Norway,0,0,0,0,0,0,1,0,0,0 days 00:57:07
1953889,SecondHalf,Norway,1,0,0,0,0,0,0,0,0,0 days 00:57:09
1953889,SecondHalf,Senegal,0,0,0,0,0,0,0,0,0,0 days 01:02:20
1953889,SecondHalf,Senegal,0,0,0,0,0,0,0,0,0,0 days 01:02:20
1953889,SecondHalf,Senegal,0,0,0,0,0,0,0,0,0,0 days 01:02:46
1953889,SecondHalf,Senegal,0,0,0,0,0,0,0,0,0,0 days 01:02:46
1953889,SecondHalf,Senegal,0,0,0,0,0,0,0,0,0,0 days 01:02:47
1953889,SecondHalf,Senegal,0,0,0,0,0,0,1,0,0,0 days 01:02:54
1953889,SecondHalf,Senegal,0,0,0,0,0,0,1,0,0,0 days 01:02:57
1953889,SecondHalf,Senegal,0,0,0,0,0,0,1,0,0,0 days 01:02:59
1953889,SecondHalf,Senegal,0,0,0,0,0,0,1,0,0,0 days 01:03:00
1953889,SecondHalf,Senegal,0,0,0,0,0,0,1,0,0,0 days 01:03:03
1953889,SecondHalf,Senegal,0,0,0,0,0,0,1,0,0,0 days 01:03:06
1953889,SecondHalf,Senegal,0,0,0,0,0,0,1,0,0,0 days 01:03:07
1953889,SecondHalf,Senegal,0,0,0,0,0,0,1,0,0,0 days 01:03:13
1953889,SecondHalf,Senegal,0,0,0,0,0,0,1,0,0,0 days 01:03:20
1953889,SecondHalf,Senegal,0,0,0,0,0,0,1,0,0,0 days 01:03:23
1953889,SecondHalf,Senegal,0,0,0,0,0,0,1,0,0,0 days 01:03:29
1953889,SecondHalf,Senegal,0,0,0,0,0,0,1,0,0,0 days 01:03:31
1953889,SecondHalf,Senegal,0,0,0,0,0,0,1,0,0,0 days 01:03:32
1953889,SecondHalf,Senegal,0,0,0,0,0,0,1,0,0,0 days 01:03:38
1953889,SecondHalf,Senegal,0,0,0,0,0,0,1,0,0,0 days 01:03:43
1953889,SecondHalf,Senegal,0,0,0,0,0,0,0,0,0,0 days 01:03:48
1953889,SecondHalf,Norway,0,0,0,0,1,0,0,0,0,0 days 01:03:49
1953889,SecondHalf,Senegal,0,0,0,0,1,0,0,0,0,0 days 01:03:49
1953889,SecondHalf,Norway,0,0,0,0,0,0,1,0,0,0 days 01:04:13
1953889,SecondHalf,Senegal,0,0,0,0,0,0,1,0,0,0 days 01:04:18
1953889,SecondHalf,Norway,0,0,0,0,0,0,1,0,0,0 days 01:04:18
1953889,SecondHalf,Norway,0,0,0,0,0,0,1,0,0,0 days 01:04:22
1953889,SecondHalf,Senegal,0,0,0,0,0,1,0,0,0,0 days 01:04:23
1953889,SecondHalf,Senegal,0,0,0,0,0,0,0,0,0,0 days 01:04:24
1953889,SecondHalf,Norway,0,0,0,0,0,0,1,0,0,0 days 01:04:34
1953889,SecondHalf,Norway,0,0,0,0,0,0,1,0,0,0 days 01:04:35
1953889,SecondHalf,Norway,0,0,0,0,0,0,1,0,0,0 days 01:04:37
1953889,SecondHalf,Senegal,0,0,0,0,0,0,1,0,0,0 days 01:04:40
1953889,SecondHalf,Norway,0,0,0,0,0,0,0,0,0,0 days 01:04:41
1953889,SecondHalf,Senegal,0,0,0,0,0,0,0,0,0,0 days 01:04:41
1953889,SecondHalf,Senegal,0,0,0,0,0,0,1,0,0,0 days 01:04:42
1953889,SecondHalf,Norway,0,0,0,0,0,0,0,0,0,0 days 01:04:43
1953889,SecondHalf,Senegal,0,1,0,0,0,0,0,0,0,0 days 01:04:44
1953889,SecondHalf,Senegal,0,0,0,0,0,0,1,0,0,0 days 01:04:44
1953889,SecondHalf,Senegal,0,0,0,0,0,0,1,0,0,0 days 01:04:45
1953889,SecondHalf,Senegal,0,0,0,0,0,0,1,0,0,0 days 01:04:48
1953889,SecondHalf,Senegal,0,0,0,0,0,0,1,0,0,0 days 01:04:55
1953889,SecondHalf,Norway,0,0,0,0,0,0,0,0,0,0 days 01:04:56
1953889,SecondHalf,Senegal,0,0,0,0,0,0,0,0,0,0 days 01:04:56
1953889,SecondHalf,Norway,0,0,1,0,0,0,0,0,0,0 days 01:04:57
1953889,SecondHalf,Senegal,0,0,0,0,0,0,0,0,0,0 days 01:04:58
1953889,SecondHalf,Norway,0,0,0,0,0,0,0,0,0,0 days 01:04:58
1953889,SecondHalf,Senegal,0,0,0,0,0,0,1,0,0,0 days 01:05:22
1953889,SecondHalf,Senegal,0,0,0,0,0,0,1,0,0,0 days 01:05:25
1953889,SecondHalf,Norway,0,0,1,0,0,0,0,0,0,0 days 01:05:27
1953889,SecondHalf,Senegal,0,0,0,0,0,0,1,0,0,0 days 01:05:30
1953889,SecondHalf,Senegal,0,0,0,0,0,0,1,0,0,0 days 01:05:36
1953889,SecondHalf,Senegal,0,0,0,0,0,0,1,0,0,0 days 01:05:38
1953889,SecondHalf,Senegal,0,0,0,0,0,0,1,0,0,0 days 01:05:41
1953889,SecondHalf,Senegal,0,0,0,0,0,0,1,0,0,0 days 01:05:43
1953889,SecondHalf,Senegal,0,0,0,0,0,0,1,0,0,0 days 01:05:47
1953889,SecondHalf,Senegal,0,0,0,0,0,0,1,0,0,0 days 01:05:50
1953889,SecondHalf,Senegal,0,0,0,0,0,0,1,0,0,0 days 01:05:53
1953889,SecondHalf,Norway,0,0,0,0,0,0,0,0,0,0 days 01:05:54
1953889,SecondHalf,Norway,0,0,0,0,0,0,1,0,0,0 days 01:06:07
1953889,SecondHalf,Senegal,0,0,0,0,0,0,1,0,0,0 days 01:06:20
1953889,SecondHalf,Senegal,0,0,0,0,0,0,0,0,0,0 days 01:06:22
1953889,SecondHalf,Norway,0,0,0,0,0,0,0,0,0,0 days 01:06:22
1953889,SecondHalf,Norway,0,0,0,0,0,0,1,0,0,0 days 01:06:24
1953889,SecondHalf,Senegal,0,0,0,0,0,0,1,0,0,0 days 01:06:29
1953889,SecondHalf,Senegal,0,0,0,0,0,0,1,0,0,0 days 01:06:31
1953889,SecondHalf,Senegal,0,0,0,0,0,0,1,0,0,0 days 01:06:34
1953889,SecondHalf,Senegal,0,0,0,0,0,0,0,0,0,0 days 01:06:36
1953889,SecondHalf,Norway,0,0,0,0,0,0,0,0,0,0 days 01:06:36
1953889,SecondHalf,Senegal,0,0,0,0,0,0,1,0,0,0 days 01:06:36
1953889,SecondHalf,Norway,0,0,1,0,0,0,0,0,0,0 days 01:06:38
1953889,SecondHalf,Senegal,0,0,0,0,0,0,1,0,0,0 days 01:06:43
1953889,SecondHalf,Senegal,0,0,0,0,0,0,1,0,0,0 days 01:06:46
1953889,SecondHalf,Senegal,0,0,0,0,0,0,1,0,0,0 days 01:06:48
1953889,SecondHalf,Senegal,0,0,0,0,0,0,1,0,0,0 days 01:06:52
1953889,SecondHalf,Senegal,0,0,0,0,0,0,1,0,0,0 days 01:06:54
1953889,SecondHalf,Senegal,0,0,0,0,0,0,1,0,0,0 days 01:06:57
1953890,SecondHalf,Norway,0,0,0,0,0,0,1,0,0,0 days 00:58:06
1953890,SecondHalf,France,0,0,0,0,0,0,0,0,0,0 days 00:58:09
1953890,SecondHalf,Norway,0,0,0,0,0,0,0,0,0,0 days 00:58:09
1953890,SecondHalf,France,0,0,0,0,0,0,1,0,0,0 days 00:58:09
1953890,SecondHalf,Norway,0,0,0,0,0,0,1,0,0,0 days 00:58:14
1953890,SecondHalf,Norway,0,0,0,0,0,0,1,0,0,0 days 00:58:21
1953890,SecondHalf,Norway,0,0,0,0,0,0,1,0,0,0 days 00:58:24
1953890,SecondHalf,France,0,0,0,0,0,0,1,0,0,0 days 00:58:28
1953890,SecondHalf,Norway,0,0,0,1,0,0,0,0,0,0 days 00:58:32
1953890,SecondHalf,France,0,0,0,0,0,0,0,1,0,0 days 00:58:32
1953890,SecondHalf,France,0,1,0,0,0,0,0,0,0,0 days 00:58:34
1953890,SecondHalf,France,0,0,0,0,0,0,1,0,0,0 days 00:58:35
1953890,SecondHalf,France,0,0,0,0,0,0,1,0,0,0 days 00:58:37
1953890,SecondHalf,Norway,0,0,0,0,0,0,1,0,0,0 days 00:58:40
1953890,SecondHalf,Norway,0,1,0,0,0,0,0,0,0,0 days 00:58:41
1953890,SecondHalf,Norway,0,0,0,0,0,0,1,0,0,0 days 00:58:41
1953890,SecondHalf,France,0,0,0,0,0,0,0,0,0,0 days 00:58:42
1953890,SecondHalf,Norway,0,0,0,0,0,0,1,0,0,0 days 00:58:43
1953890,SecondHalf,Norway,0,0,0,0,0,0,1,0,0,0 days 00:58:45
1953890,SecondHalf,Norway,0,0,0,0,0,0,1,0,0,0 days 00:58:47
1953890,SecondHalf,Norway,0,0,0,0,0,0,1,0,0,0 days 00:58:48
1953890,SecondHalf,Norway,0,0,0,0,0,0,0,0,1,0 days 00:58:50
1953890,SecondHalf,France,0,0,0,0,0,0,0,0,0,0 days 00:58:50
1953890,SecondHalf,Norway,0,0,0,0,0,0,1,0,0,0 days 00:58:50
1953890,SecondHalf,Norway,0,0,0,0,0,0,1,0,0,0 days 00:58:55
1953890,SecondHalf,Norway,0,0,0,0,0,0,1,0,0,0 days 00:58:58
1953890,SecondHalf,Norway,0,0,0,0,0,0,1,0,0,0 days 00:59:05
1953890,SecondHalf,France,0,0,1,0,0,0,0,0,0,0 days 00:59:10
1953890,SecondHalf,France,0,1,0,0,0,0,0,0,0,0 days 00:59:11
1953890,SecondHalf,France,0,0,0,0,0,0,1,0,0,0 days 00:59:12
1953890,SecondHalf,France,0,0,0,0,0,0,1,0,0,0 days 00:59:15
1953890,SecondHalf,France,0,0,0,0,0,0,1,0,0,0 days 00:59:17
1953890,SecondHalf,France,0,0,0,1,0,0,0,0,0,0 days 00:59:19
1953890,SecondHalf,Norway,0,0,0,0,0,0,0,1,0,0 days 00:59:19
1953890,SecondHalf,Norway,0,0,0,0,0,0,1,0,0,0 days 00:59:20
1953890,SecondHalf,Norway,0,1,0,0,0,0,0,0,0,0 days 00:59:21
1953890,SecondHalf,Norway,0,0,0,0,0,0,1,0,0,0 days 00:59:21
1953890,SecondHalf,Norway,0,0,0,0,0,0,1,0,0,0 days 00:59:22
1953890,SecondHalf,Norway,0,0,0,0,0,0,1,0,0,0 days 00:59:23
1953890,SecondHalf,France,0,0,0,0,0,0,0,0,0,0 days 00:59:24
1953890,SecondHalf,Norway,0,0,0,0,0,0,1,0,0,0 days 00:59:24
1953890,SecondHalf,France,0,1,0,0,0,0,0,0,0,0 days 00:59:25
1953890,SecondHalf,France,0,0,0,0,0,0,1,0,0,0 days 00:59:25
1953890,SecondHalf,France,0,0,0,0,0,0,1,0,0,0 days 00:59:27
1953890,SecondHalf,France,0,0,0,0,0,0,1,0,0,0 days 00:59:34
1953890,SecondHalf,Norway,0,0,0,0,0,1,0,0,0,0 days 00:59:35
1953890,SecondHalf,France,0,0,0,0,0,0,1,0,0,0 days 00:59:40
1953890,SecondHalf,France,0,0,0,0,0,0,1,0,0,0 days 00:59:42
1953890,SecondHalf,France,0,0,0,0,0,0,1,0,0,0 days 00:59:44
1953890,SecondHalf,France,0,0,0,0,0,0,1,0,0,0 days 00:59:50
1953890,SecondHalf,France,0,0,0,0,0,0,1,0,0,0 days 00:59:53
1953890,SecondHalf,France,0,0,0,0,0,0,1,0,0,0 days 00:59:57
1953890,SecondHalf,France,0,0,0,0,0,0,1,0,0,0 days 00:59:59
1953890,SecondHalf,France,0,0,0,0,0,0,1,0,0,0 days 01:00:00
1953890,SecondHalf,France,0,0,0,0,0,0,1,0,0,0 days 01:00:01
1953890,SecondHalf,France,0,0,0,0,0,0,1,0,0,0 days 01:00:03
1953890,SecondHalf,France,0,0,0,0,0,0,1,0,0,0 days 01:00:05
1953890,SecondHalf,France,0,0,0,0,0,0,0,0,1,0 days 01:00:06
1953890,SecondHalf,Norway,0,0,0,0,1,0,0,0,0,0 days 01:00:07
1953890,SecondHalf,France,0,0,0,0,1,0,0,0,0,0 days 01:00:07
1953890,SecondHalf,France,0,0,0,0,0,0,0,0,0,0 days 01:00:49
1953890,SecondHalf,Norway,0,0,0,0,0,0,0,0,0,0 days 01:00:49
1953890,SecondHalf,France,0,0,0,0,0,0,0,0,0,0 days 01:00:00
1953890,SecondHalf,Norway,0,0,0,0,0,0,1,0,0,0 days 01:01:03
1953890,SecondHalf,Norway,0,0,0,0,0,0,1,0,0,0 days 01:01:05
1953890,SecondHalf,Norway,0,0,0,0,0,0,1,0,0,0 days 01:01:07
1953890,SecondHalf,Norway,0,0,0,0,0,0,0,0,0,0 days 01:01:10
1953890,SecondHalf,France,0,0,0,0,0,0,0,0,0,0 days 01:01:10
1953890,SecondHalf,Norway,0,0,0,0,0,0,1,0,0,0 days 01:01:10
1953890,SecondHalf,Norway,0,0,0,0,0,0,0,0,1,0 days 01:01:14
1953890,SecondHalf,France,0,1,0,0,0,0,0,0,0,0 days 01:01:16
1953890,SecondHalf,France,0,0,0,0,1,0,0,0,0,0 days 01:01:17
1953890,SecondHalf,Norway,0,0,0,0,1,0,0,0,0,0 days 01:01:17
1953890,SecondHalf,France,0,0,0,0,0,0,1,0,0,0 days 01:01:29
1953890,SecondHalf,France,0,0,0,0,0,0,1,0,0,0 days 01:01:30
1953890,SecondHalf,France,0,0,0,0,0,0,1,0,0,0 days 01:01:32
1953890,SecondHalf,France,0,0,0,0,0,0,1,0,0,0 days 01:01:37
1953890,SecondHalf,France,0,0,0,0,0,0,1,0,0,0 days 01:01:38
1953890,SecondHalf,France,0,0,0,0,0,0,1,0,0,0 days 01:01:39
1953890,SecondHalf,France,0,0,0,0,0,0,1,0,0,0 days 01:01:41
1953890,SecondHalf,France,0,0,0,0,0,0,1,0,0,0 days 01:01:44
1953890,SecondHalf,France,0,0,0,0,0,0,1,0,0,0 days 01:01:45
1953890,SecondHalf,France,0,0,0,0,0,0,1,0,0,0 days 01:01:46
1953890,SecondHalf,France,0,0,0,0,0,0,0,0,1,0 days 01:01:49
1953890,SecondHalf,Norway,0,0,0,0,0,0,0,1,0,0 days 01:01:49
1953890,SecondHalf,France,0,0,0,0,0,0,0,0,0,0 days 01:01:51
1953890,SecondHalf,Norway,0,0,1,0,0,0,0,0,0,0 days 01:01:51
1953890,SecondHalf,France,0,0,0,0,0,0,0,0,1,0 days 01:02:00
1953890,SecondHalf,Norway,0,0,0,0,0,0,0,1,0,0 days 01:02:00
1953890,SecondHalf,Norway,0,1,0,0,0,0,0,0,0,0 days 01:02:01
1953890,SecondHalf,France,0,0,0,0,0,0,0,0,0,0 days 01:02:02
1953890,SecondHalf,Norway,0,0,0,0,0,0,1,0,0,0 days 01:02:02
1953890,SecondHalf,France,0,1,0,0,0,0,0,0,0,0 days 01:02:02
1953890,SecondHalf,France,0,0,0,0,0,0,1,0,0,0 days 01:02:03
1953890,SecondHalf,Norway,0,0,0,0,0,0,0,0,0,0 days 01:02:03
1953890,SecondHalf,France,0,0,0,0,0,0,0,0,0,0 days 01:02:04
1953890,SecondHalf,Norway,0,0,0,0,0,0,1,0,0,0 days 01:02:21
1953890,SecondHalf,France,0,0,0,0,0,0,1,0,0,0 days 01:02:24
1953890,SecondHalf,Norway,0,0,0,0,0,0,1,0,0,0 days 01:02:25
1953890,SecondHalf,Norway,0,0,0,0,0,0,1,0,0,0 days 01:02:26
1953890,SecondHalf,France,0,0,0,0,1,0,0,0,0,0 days 01:02:28
1953890,SecondHalf,Norway,0,0,0,0,1,0,0,0,0,0 days 01:02:28
1953890,SecondHalf,Norway,0,0,0,0,0,0,1,0,0,0 days 01:02:43
1953890,SecondHalf,Norway,0,0,0,0,0,0,1,0,0,0 days 01:02:47
1953890,SecondHalf,Norway,0,0,0,0,0,0,1,0,0,0 days 01:02:53
1953890,SecondHalf,Norway,1,0,0,0,0,0,0,0,0,0 days 01:03:00
1953890,SecondHalf,France,0,0,0,0,0,0,0,0,0,0 days 01:03:00
1953890,SecondHalf,France,0,0,0,0,0,0,0,0,0,0 days 01:03:02
1953890,SecondHalf,France,0,0,0,0,0,0,1,0,0,0 days 01:03:08
1953890,SecondHalf,France,0,0,0,0,0,0,1,0,0,0 days 01:03:14
1953890,SecondHalf,Norway,0,0,0,0,0,0,0,0,0,0 days 01:03:18
1953890,SecondHalf,Norway,0,0,0,0,0,0,0,0,0,0 days 01:03:19
1953890,SecondHalf,France,0,0,0,0,0,0,0,0,1,0 days 01:03:23
1953890,SecondHalf,Norway,0,0,0,0,0,0,0,0,0,0 days 01:03:23
1953890,SecondHalf,France,1,0,0,0,0,0,0,0,0,0 days 01:03:25
1953890,SecondHalf,Norway,0,0,0,0,0,0,0,0,0,0 days 01:03:25
1953890,SecondHalf,France,0,0,0,0,0,0,1,0,0,0 days 01:03:30
1953890,SecondHalf,France,0,0,0,0,0,0,1,0,0,0 days 01:03:31
1953890,SecondHalf,France,0,0,0,0,0,0,1,0,0,0 days 01:03:35
1953890,SecondHalf,France,0,0,0,0,0,0,1,0,0,0 days 01:03:35
1953890,SecondHalf,France,0,0,0,0,0,0,1,0,0,0 days 01:03:36
1953890,SecondHalf,France,0,0,0,0,0,0,1,0,0,0 days 01:03:38
1953890,SecondHalf,Norway,0,0,1,0,0,0,0,0,0,0 days 01:03:39
1953890,SecondHalf,France,0,0,0,0,0,0,1,0,0,0 days 01:03:47
1953890,SecondHalf,France,0,0,0,0,0,0,1,0,0,0 days 01:03:48
1953890,SecondHalf,France,0,0,0,0,0,0,1,0,0,0 days 01:03:58
1953890,SecondHalf,France,0,0,0,0,0,0,1,0,0,0 days 01:03:59
1953890,SecondHalf,France,0,0,0,0,0,0,1,0,0,0 days 01:04:02
1953890,SecondHalf,France,0,0,0,0,0,0,1,0,0,0 days 01:04:07
1953890,SecondHalf,France,0,0,0,0,0,0,0,0,0,0 days 01:04:09
1953890,SecondHalf,Norway,0,1,0,0,0,0,0,0,0,0 days 01:04:10
1953890,SecondHalf,Norway,0,0,0,1,0,0,0,0,0,0 days 01:04:11
1953890,SecondHalf,France,0,0,0,0,0,0,0,1,0,0 days 01:04:11
1953890,SecondHalf,France,0,1,0,0,0,0,0,0,0,0 days 01:04:12
1953890,SecondHalf,France,0,0,0,0,0,0,1,0,0,0 days 01:04:14
1953890,SecondHalf,Norway,0,0,0,0,0,0,0,0,0,0 days 01:04:19
1953890,SecondHalf,France,0,0,0,0,0,0,1,0,0,0 days 01:04:19
1953890,SecondHalf,France,0,0,0,0,0,0,0,0,0,0 days 01:04:21
1953890,SecondHalf,Norway,0,0,0,0,0,0,0,0,0,0 days 01:04:21
1953890,SecondHalf,France,0,0,0,0,0,0,0,0,0,0 days 01:04:50
1953890,SecondHalf,France,0,0,0,0,0,0,0,0,0,0 days 01:04:50
1953890,SecondHalf,France,0,0,0,0,0,0,0,0,0,0 days 01:04:55
1953890,SecondHalf,France,0,0,0,0,0,0,0,0,0,0 days 01:04:55
1953890,SecondHalf,France,0,0,0,0,0,0,0,0,0,0 days 01:04:56
1953890,SecondHalf,France,0,0,0,0,0,0,1,0,0,0 days 01:05:17
1953890,SecondHalf,Norway,0,0,1,0,0,0,0,0,0,0 days 01:05:21
1953890,SecondHalf,France,0,0,0,0,0,0,1,0,0,0 days 01:05:24
1953890,SecondHalf,Norway,0,0,0,0,0,0,0,0,0,0 days 01:05:59
1953890,SecondHalf,Norway,0,0,0,0,0,0,0,0,0,0 days 01:05:59
1953890,SecondHalf,Norway,0,0,0,0,0,0,1,0,0,0 days 01:06:20
1953890,SecondHalf,France,0,0,0,0,0,0,1,0,0,0 days 01:06:25
1953890,SecondHalf,Norway,0,0,0,0,0,0,1,0,0,0 days 01:06:27
1953890,SecondHalf,Norway,0,0,0,0,0,0,1,0,0,0 days 01:06:29
1953890,SecondHalf,France,0,0,0,0,0,0,1,0,0,0 days 01:06:46
1953890,SecondHalf,France,0,0,0,0,0,0,1,0,0,0 days 01:06:47
1953890,SecondHalf,Norway,0,0,0,0,0,1,0,0,0,0 days 01:06:48
1953890,SecondHalf,France,0,0,0,0,0,0,1,0,0,0 days 01:06:52
1953890,SecondHalf,France,0,0,0,0,0,0,1,0,0,0 days 01:06:54
1953890,SecondHalf,France,0,0,0,0,0,0,1,0,0,0 days 01:06:55
1953890,SecondHalf,France,0,0,0,0,0,0,1,0,0,0 days 01:06:56
1953890,SecondHalf,Norway,0,0,0,0,1,0,0,0,0,0 days 01:06:58
1953890,SecondHalf,France,0,0,0,0,1,0,0,0,0,0 days 01:06:58
1953891,SecondHalf,Jordan,0,0,0,0,0,0,1,0,0,0 days 00:57:04
1953891,SecondHalf,Jordan,0,0,0,0,0,0,0,0,0,0 days 00:57:07
1953891,SecondHalf,Austria,0,0,0,0,0,0,0,0,0,0 days 00:57:07
1953891,SecondHalf,Austria,0,0,0,0,0,0,0,0,0,0 days 00:57:07
1953891,SecondHalf,Jordan,0,0,0,0,0,0,0,0,0,0 days 00:57:08
1953891,SecondHalf,Austria,0,0,0,0,0,0,0,0,0,0 days 00:57:08
1953891,SecondHalf,Austria,0,0,0,0,0,0,1,0,0,0 days 00:57:09
1953891,SecondHalf,Jordan,0,0,0,0,0,0,1,0,0,0 days 00:57:12
1953891,SecondHalf,Jordan,0,0,0,0,0,0,1,0,0,0 days 00:57:13
1953891,SecondHalf,Jordan,0,0,0,0,0,0,1,0,0,0 days 00:57:15
1953891,SecondHalf,Jordan,0,0,0,0,0,0,1,0,0,0 days 00:57:16
1953891,SecondHalf,Austria,0,0,0,0,0,0,1,0,0,0 days 00:57:17
1953891,SecondHalf,Austria,0,0,0,0,0,0,1,0,0,0 days 00:57:19
1953891,SecondHalf,Austria,0,0,0,0,0,0,0,0,1,0 days 00:57:20
1953891,SecondHalf,Jordan,0,0,0,0,0,0,0,1,0,0 days 00:57:20
1953891,SecondHalf,Jordan,0,0,0,0,0,0,1,0,0,0 days 00:57:23
1953891,SecondHalf,Austria,0,0,0,0,0,0,1,0,0,0 days 00:57:25
1953891,SecondHalf,Jordan,0,0,0,0,0,0,1,0,0,0 days 00:57:26
1953891,SecondHalf,Austria,0,0,0,0,0,0,0,0,0,0 days 00:57:27
1953891,SecondHalf,Jordan,0,0,0,0,0,0,0,0,0,0 days 00:57:27
1953891,SecondHalf,Austria,0,0,0,0,0,0,1,0,0,0 days 00:57:27
1953891,SecondHalf,Austria,0,0,0,0,0,0,1,0,0,0 days 00:57:29
1953891,SecondHalf,Jordan,0,0,0,0,0,0,0,0,0,0 days 00:57:30
1953891,SecondHalf,Austria,0,0,0,0,0,0,1,0,0,0 days 00:57:30
1953891,SecondHalf,Jordan,0,0,0,0,0,0,1,0,0,0 days 00:57:34
1953891,SecondHalf,Jordan,0,0,0,0,0,0,1,0,0,0 days 00:57:37
1953891,SecondHalf,Austria,0,0,1,0,0,0,0,0,0,0 days 00:57:39
1953891,SecondHalf,Jordan,0,0,0,0,0,0,1,0,0,0 days 00:57:40
1953891,SecondHalf,Jordan,0,0,0,0,0,0,1,0,0,0 days 00:57:43
1953891,SecondHalf,Jordan,0,0,0,0,0,0,0,0,1,0 days 00:57:44
1953891,SecondHalf,Austria,0,0,0,0,0,0,0,1,0,0 days 00:57:44
1953891,SecondHalf,Jordan,0,0,0,0,0,0,0,0,0,0 days 00:57:45
1953891,SecondHalf,Jordan,0,0,0,0,1,0,0,0,0,0 days 00:57:48
1953891,SecondHalf,Austria,0,0,0,0,1,0,0,0,0,0 days 00:57:48
1953891,SecondHalf,Austria,0,0,0,0,0,0,0,0,0,0 days 00:58:05
1953891,SecondHalf,Austria,0,0,0,0,0,0,0,0,0,0 days 00:58:05
1953891,SecondHalf,Austria,0,0,0,0,0,0,0,0,0,0 days 00:58:19
1953891,SecondHalf,Austria,0,0,0,0,0,0,0,0,0,0 days 00:58:19
1953891,SecondHalf,Austria,0,0,0,0,0,0,0,0,0,0 days 00:58:20
1953891,SecondHalf,Austria,0,0,0,0,0,0,0,0,0,0 days 00:58:20
1953891,SecondHalf,Austria,0,0,0,0,0,0,0,0,0,0 days 00:58:30
1953891,SecondHalf,Austria,0,0,0,0,0,0,1,0,0,0 days 00:58:41
1953891,SecondHalf,Austria,0,0,0,0,0,0,1,0,0,0 days 00:58:46
1953891,SecondHalf,Austria,0,0,0,1,0,0,0,0,0,0 days 00:58:52
1953891,SecondHalf,Jordan,0,0,0,0,0,0,0,1,0,0 days 00:58:52
1953891,SecondHalf,Austria,0,0,0,0,0,0,1,0,0,0 days 00:58:55
1953891,SecondHalf,Austria,0,0,0,0,0,0,0,0,1,0 days 00:58:56
1953891,SecondHalf,Jordan,0,0,0,0,1,0,0,0,0,0 days 00:58:57
1953891,SecondHalf,Austria,0,0,0,0,1,0,0,0,0,0 days 00:58:57
1953891,SecondHalf,Jordan,0,0,0,0,0,0,0,0,0,0 days 00:59:08
1953891,SecondHalf,Austria,0,0,0,0,0,0,1,0,0,0 days 00:59:09
1953891,SecondHalf,Austria,0,0,0,0,0,0,1,0,0,0 days 00:59:10
1953891,SecondHalf,Austria,0,0,0,0,0,0,1,0,0,0 days 00:59:12
1953891,SecondHalf,Austria,0,0,0,0,0,0,1,0,0,0 days 00:59:16
1953891,SecondHalf,Austria,0,0,0,0,0,0,1,0,0,0 days 00:59:18
1953891,SecondHalf,Austria,0,0,0,0,0,0,1,0,0,0 days 00:59:24
1953891,SecondHalf,Austria,0,0,0,0,0,0,1,0,0,0 days 00:59:26
1953891,SecondHalf,Austria,0,0,0,0,0,0,1,0,0,0 days 00:59:29
1953891,SecondHalf,Austria,0,0,0,0,0,0,1,0,0,0 days 00:59:31
1953891,SecondHalf,Austria,0,0,0,0,0,0,0,0,0,0 days 00:59:34
1953891,SecondHalf,Jordan,0,0,0,0,0,0,0,0,0,0 days 00:59:34
1953891,SecondHalf,Austria,0,0,0,0,0,0,0,0,0,0 days 00:59:35
1953891,SecondHalf,Austria,1,0,0,0,0,0,0,0,0,0 days 00:59:37
1953891,SecondHalf,Jordan,0,0,0,0,0,0,1,0,0,0 days 00:59:59
1953891,SecondHalf,Jordan,0,0,0,0,0,0,1,0,0,0 days 01:00:01
1953891,SecondHalf,Jordan,0,0,0,0,0,0,1,0,0,0 days 01:00:02
1953891,SecondHalf,Jordan,0,0,0,0,1,0,0,0,0,0 days 01:00:03
1953891,SecondHalf,Austria,0,0,0,0,1,0,0,0,0,0 days 01:00:03
1953891,SecondHalf,Jordan,0,0,0,0,0,0,1,0,0,0 days 01:00:38
1953891,SecondHalf,Austria,0,0,0,0,0,0,1,0,0,0 days 01:00:47
1953891,SecondHalf,Austria,0,0,0,0,0,0,1,0,0,0 days 01:00:49
1953891,SecondHalf,Austria,0,0,0,0,0,0,1,0,0,0 days 01:00:55
1953891,SecondHalf,Austria,0,0,0,0,0,0,1,0,0,0 days 01:00:56
1953891,SecondHalf,Austria,0,0,0,0,0,0,1,0,0,0 days 01:00:58
1953891,SecondHalf,Austria,0,0,0,0,0,0,1,0,0,0 days 01:01:02
1953891,SecondHalf,Jordan,0,0,0,0,0,0,0,0,0,0 days 01:01:09
1953891,SecondHalf,Austria,0,0,0,0,0,0,1,0,0,0 days 01:01:09
1953891,SecondHalf,Jordan,0,1,0,0,0,0,0,0,0,0 days 01:01:10
1953891,SecondHalf,Jordan,0,0,0,0,0,0,1,0,0,0 days 01:01:15
1953891,SecondHalf,Austria,0,1,0,0,0,0,0,0,0,0 days 01:01:16
1953891,SecondHalf,Austria,0,0,0,0,0,0,1,0,0,0 days 01:01:17
1953891,SecondHalf,Austria,0,0,0,0,0,0,1,0,0,0 days 01:01:19
1953891,SecondHalf,Austria,0,0,0,0,0,0,1,0,0,0 days 01:01:24
1953891,SecondHalf,Austria,0,0,0,0,0,0,1,0,0,0 days 01:01:26
1953891,SecondHalf,Austria,0,0,0,0,0,0,1,0,0,0 days 01:01:29
1953891,SecondHalf,Austria,0,0,0,0,0,0,1,0,0,0 days 01:01:30
1953891,SecondHalf,Austria,0,0,0,0,0,0,1,0,0,0 days 01:01:32
1953891,SecondHalf,Austria,0,0,0,0,0,0,1,0,0,0 days 01:01:33
1953891,SecondHalf,Austria,0,0,0,0,0,0,1,0,0,0 days 01:01:36
1953891,SecondHalf,Austria,0,0,0,0,0,0,1,0,0,0 days 01:01:37
1953891,SecondHalf,Austria,0,0,0,0,0,0,0,0,0,0 days 01:01:39
1953891,SecondHalf,Jordan,0,0,0,0,0,0,0,0,0,0 days 01:01:39
1953891,SecondHalf,Jordan,0,0,1,0,0,0,0,0,0,0 days 01:01:39
1953891,SecondHalf,Austria,0,0,0,0,0,0,1,0,0,0 days 01:01:40
1953891,SecondHalf,Jordan,0,0,0,0,0,0,0,0,0,0 days 01:01:42
1953891,SecondHalf,Jordan,0,0,1,0,0,0,0,0,0,0 days 01:01:43
1953891,SecondHalf,Austria,0,0,0,0,0,0,0,0,0,0 days 01:01:44
1953891,SecondHalf,Jordan,0,1,0,0,0,0,0,0,0,0 days 01:01:44
1953891,SecondHalf,Jordan,0,0,0,0,0,0,0,0,1,0 days 01:01:44
1953891,SecondHalf,Austria,0,0,0,0,0,0,0,0,0,0 days 01:01:45
1953891,SecondHalf,Jordan,0,0,0,0,0,0,0,0,1,0 days 01:01:45
1953891,SecondHalf,Austria,0,0,0,0,0,0,0,0,0,0 days 01:01:49
1953891,SecondHalf,Jordan,0,0,0,0,0,0,1,0,0,0 days 01:01:49
1953891,SecondHalf,Jordan,0,0,0,0,0,0,1,0,0,0 days 01:01:53
1953891,SecondHalf,Jordan,0,0,0,0,0,0,1,0,0,0 days 01:01:55
1953891,SecondHalf,Jordan,0,0,0,0,0,0,1,0,0,0 days 01:01:57
1953891,SecondHalf,Austria,0,0,0,0,0,0,0,0,0,0 days 01:01:58
1953891,SecondHalf,Jordan,0,0,0,0,0,0,1,0,0,0 days 01:02:01
1953891,SecondHalf,Jordan,0,0,0,0,0,0,0,0,0,0 days 01:02:02
1953891,SecondHalf,Austria,0,0,0,0,0,0,0,0,1,0 days 01:02:02
1953891,SecondHalf,Austria,0,1,0,0,0,0,0,0,0,0 days 01:02:04
1953891,SecondHalf,Austria,0,0,0,0,0,0,1,0,0,0 days 01:02:06
1953891,SecondHalf,Austria,0,0,0,0,0,0,1,0,0,0 days 01:02:08
1953891,SecondHalf,Jordan,0,0,0,0,0,0,0,0,0,0 days 01:02:08
1953891,SecondHalf,Austria,0,0,0,0,0,0,1,0,0,0 days 01:02:09
1953891,SecondHalf,Austria,0,0,0,0,0,0,1,0,0,0 days 01:02:14
1953891,SecondHalf,Austria,0,0,0,0,0,0,1,0,0,0 days 01:02:16
1953891,SecondHalf,Austria,0,0,0,0,0,0,1,0,0,0 days 01:02:20
1953891,SecondHalf,Austria,0,0,0,0,0,0,1,0,0,0 days 01:02:24
1953891,SecondHalf,Austria,0,0,0,0,0,0,1,0,0,0 days 01:02:26
1953891,SecondHalf,Austria,0,0,0,0,0,0,1,0,0,0 days 01:02:30
1953891,SecondHalf,Austria,0,0,0,0,0,0,1,0,0,0 days 01:02:32
1953891,SecondHalf,Austria,0,0,0,0,0,0,1,0,0,0 days 01:02:34
1953891,SecondHalf,Austria,0,0,0,0,0,0,1,0,0,0 days 01:02:36
1953891,SecondHalf,Austria,0,0,0,0,0,0,1,0,0,0 days 01:02:40
1953891,SecondHalf,Austria,0,0,0,0,0,0,1,0,0,0 days 01:02:43
1953891,SecondHalf,Jordan,0,0,0,0,0,0,0,0,0,0 days 01:02:44
1953891,SecondHalf,Jordan,0,0,0,0,0,0,0,0,0,0 days 01:02:45
1953891,SecondHalf,Jordan,0,0,0,0,0,0,0,0,0,0 days 01:02:46
1953891,SecondHalf,Austria,0,0,0,0,0,0,1,0,0,0 days 01:02:47
1953891,SecondHalf,Austria,1,0,0,0,0,0,0,0,0,0 days 01:02:47
1953891,SecondHalf,Jordan,0,0,0,0,0,0,0,0,0,0 days 01:02:48
1953891,SecondHalf,Jordan,0,1,0,0,0,0,0,0,0,0 days 01:02:51
1953891,SecondHalf,Jordan,0,0,0,0,0,0,1,0,0,0 days 01:02:52
1953891,SecondHalf,Austria,0,1,0,0,0,0,0,0,0,0 days 01:04:42
1953891,SecondHalf,Austria,0,0,0,0,0,0,1,0,0,0 days 01:04:43
1953891,SecondHalf,Austria,0,0,0,0,0,0,1,0,0,0 days 01:04:44
1953891,SecondHalf,Austria,0,0,0,0,0,0,1,0,0,0 days 01:04:48
1953891,SecondHalf,Austria,0,0,0,0,0,0,1,0,0,0 days 01:04:49
1953891,SecondHalf,Austria,0,0,0,0,0,0,1,0,0,0 days 01:04:53
1953891,SecondHalf,Austria,0,0,0,0,0,0,1,0,0,0 days 01:04:55
1953891,SecondHalf,Jordan,0,0,0,0,0,0,0,0,0,0 days 01:04:55
1953891,SecondHalf,Austria,0,0,0,0,0,0,1,0,0,0 days 01:05:02
1953891,SecondHalf,Austria,0,0,0,0,0,0,0,0,1,0 days 01:05:05
1953891,SecondHalf,Jordan,0,0,0,0,0,0,0,1,0,0 days 01:05:05
1953891,SecondHalf,Jordan,0,1,0,0,0,0,0,0,0,0 days 01:05:06
1953891,SecondHalf,Jordan,0,0,0,0,0,0,0,0,0,0 days 01:05:07
1953891,SecondHalf,Austria,0,0,0,0,0,0,0,0,0,0 days 01:05:07
1953891,SecondHalf,Austria,0,0,0,0,0,0,1,0,0,0 days 01:05:27
1953891,SecondHalf,Austria,0,0,0,0,0,0,1,0,0,0 days 01:05:28
1953891,SecondHalf,Austria,0,0,0,0,0,0,1,0,0,0 days 01:05:29
1953891,SecondHalf,Austria,0,0,0,0,0,0,1,0,0,0 days 01:05:33
1953891,SecondHalf,Austria,0,0,0,0,0,0,1,0,0,0 days 01:05:35
1953891,SecondHalf,Austria,0,0,0,0,0,0,1,0,0,0 days 01:05:36
1953891,SecondHalf,Austria,0,0,0,0,0,0,1,0,0,0 days 01:05:38
1953891,SecondHalf,Austria,0,0,0,0,0,0,1,0,0,0 days 01:05:41
1953891,SecondHalf,Austria,0,0,0,0,0,0,1,0,0,0 days 01:05:42
1953891,SecondHalf,Austria,0,0,0,0,0,0,1,0,0,0 days 01:05:45
1953891,SecondHalf,Jordan,0,0,0,0,0,0,1,0,0,0 days 01:05:48
1953891,SecondHalf,Austria,0,0,0,0,0,0,0,0,0,0 days 01:05:49
1953891,SecondHalf,Jordan,0,0,0,0,0,0,1,0,0,0 days 01:05:49
1953891,SecondHalf,Austria,0,0,0,0,0,0,1,0,0,0 days 01:05:53
1953891,SecondHalf,Jordan,0,0,1,0,0,0,0,0,0,0 days 01:05:55
1953891,SecondHalf,Austria,0,0,0,0,0,0,1,0,0,0 days 01:05:59
1953891,SecondHalf,Jordan,0,0,0,0,0,0,0,0,0,0 days 01:05:00
1953891,SecondHalf,Austria,0,0,0,0,0,0,1,0,0,0 days 01:06:02
1953891,SecondHalf,Austria,0,0,0,0,0,0,1,0,0,0 days 01:06:05
1953891,SecondHalf,Austria,0,0,0,0,0,0,1,0,0,0 days 01:06:06
1953891,SecondHalf,Austria,0,0,0,0,0,0,1,0,0,0 days 01:06:08
1953891,SecondHalf,Austria,0,0,0,0,0,0,1,0,0,0 days 01:06:09
1953891,SecondHalf,Austria,0,0,0,0,0,0,1,0,0,0 days 01:06:12
1953891,SecondHalf,Austria,0,0,0,0,0,0,1,0,0,0 days 01:06:17
1953891,SecondHalf,Austria,0,0,0,0,0,0,1,0,0,0 days 01:06:20
1953891,SecondHalf,Austria,0,0,0,0,0,0,1,0,0,0 days 01:06:22
1953891,SecondHalf,Jordan,0,0,1,0,0,0,0,0,0,0 days 01:06:25
1953891,SecondHalf,Austria,0,0,0,0,0,0,0,0,0,0 days 01:06:26
1953891,SecondHalf,Jordan,0,0,0,0,0,0,0,0,0,0 days 01:06:26
1953891,SecondHalf,Austria,0,0,0,0,0,0,1,0,0,0 days 01:06:49
1953891,SecondHalf,Jordan,0,0,0,0,0,0,0,0,0,0 days 01:06:50
1953891,SecondHalf,Austria,0,0,0,0,0,0,0,0,0,0 days 01:06:52
1953891,SecondHalf,Jordan,0,0,0,0,1,0,0,0,0,0 days 01:06:53
1953891,SecondHalf,Austria,0,0,0,0,1,0,0,0,0,0 days 01:06:53
1953892,SecondHalf,Algeria,0,0,0,0,0,0,1,0,0,0 days 00:57:00
1953892,SecondHalf,Algeria,0,0,0,0,0,0,1,0,0,0 days 00:57:03
1953892,SecondHalf,Algeria,0,0,0,0,0,0,1,0,0,0 days 00:57:05
1953892,SecondHalf,Algeria,0,0,0,0,0,0,1,0,0,0 days 00:57:08
1953892,SecondHalf,Algeria,0,0,0,0,0,0,1,0,0,0 days 00:57:09
1953892,SecondHalf,Algeria,0,0,0,0,0,0,0,0,1,0 days 00:57:14
1953892,SecondHalf,Argentina,0,1,0,0,0,0,0,0,0,0 days 00:57:17
1953892,SecondHalf,Argentina,0,0,0,0,0,0,1,0,0,0 days 00:57:18
1953892,SecondHalf,Argentina,0,0,0,0,0,0,1,0,0,0 days 00:57:19
1953892,SecondHalf,Argentina,0,0,0,0,0,0,1,0,0,0 days 00:57:23
1953892,SecondHalf,Argentina,0,0,0,0,0,0,1,0,0,0 days 00:57:25
1953892,SecondHalf,Argentina,0,0,0,0,0,0,1,0,0,0 days 00:57:27
1953892,SecondHalf,Algeria,0,0,0,0,0,0,0,0,0,0 days 00:57:27
1953892,SecondHalf,Argentina,0,0,0,0,0,0,1,0,0,0 days 00:57:46
1953892,SecondHalf,Algeria,0,1,0,0,0,0,0,0,0,0 days 00:57:50
1953892,SecondHalf,Algeria,0,0,0,0,0,0,1,0,0,0 days 00:57:50
1953892,SecondHalf,Algeria,0,0,0,0,0,0,1,0,0,0 days 00:57:57
1953892,SecondHalf,Algeria,0,0,0,0,0,0,1,0,0,0 days 00:57:59
1953892,SecondHalf,Algeria,0,0,0,0,0,0,1,0,0,0 days 00:58:04
1953892,SecondHalf,Algeria,0,0,0,0,0,0,1,0,0,0 days 00:58:08
1953892,SecondHalf,Algeria,0,0,0,0,0,0,1,0,0,0 days 00:58:09
1953892,SecondHalf,Algeria,0,0,0,0,0,0,1,0,0,0 days 00:58:12
1953892,SecondHalf,Algeria,0,0,0,0,0,0,1,0,0,0 days 00:58:13
1953892,SecondHalf,Algeria,0,0,0,0,0,0,1,0,0,0 days 00:58:18
1953892,SecondHalf,Algeria,0,0,0,0,0,0,0,0,1,0 days 00:58:21
1953892,SecondHalf,Argentina,0,0,0,0,0,0,0,1,0,0 days 00:58:21
1953892,SecondHalf,Argentina,0,1,0,0,0,0,0,0,0,0 days 00:58:23
1953892,SecondHalf,Argentina,0,0,0,0,0,0,1,0,0,0 days 00:58:24
1953892,SecondHalf,Argentina,0,0,0,0,0,0,1,0,0,0 days 00:58:27
1953892,SecondHalf,Argentina,0,0,0,0,0,0,1,0,0,0 days 00:58:31
1953892,SecondHalf,Algeria,0,0,0,0,0,1,0,0,0,0 days 00:58:32
1953892,SecondHalf,Algeria,0,0,0,0,0,0,0,0,0,0 days 00:58:33
1953892,SecondHalf,Argentina,0,0,0,0,0,0,0,0,0,0 days 00:58:33
1953892,SecondHalf,Argentina,0,0,0,0,0,0,1,0,0,0 days 00:59:18
1953892,SecondHalf,Algeria,0,0,1,0,0,0,0,0,0,0 days 00:59:21
1953892,SecondHalf,Argentina,0,0,0,0,0,0,0,0,0,0 days 00:59:22
1953892,SecondHalf,Algeria,0,0,1,0,0,0,0,0,0,0 days 00:59:23
1953892,SecondHalf,Argentina,0,0,0,0,0,0,1,0,0,0 days 00:59:30
1953892,SecondHalf,Argentina,0,0,0,0,0,0,1,0,0,0 days 00:59:34
1953892,SecondHalf,Argentina,0,0,0,0,0,0,1,0,0,0 days 00:59:36
1953892,SecondHalf,Algeria,0,0,1,0,0,0,0,0,0,0 days 00:59:38
1953892,SecondHalf,Argentina,1,0,0,0,0,0,0,0,0,0 days 00:59:41
1953892,SecondHalf,Algeria,0,0,0,0,0,0,0,0,0,0 days 00:59:41
1953892,SecondHalf,Argentina,1,0,0,0,0,0,0,0,0,0 days 00:59:42
1953892,SecondHalf,Algeria,0,0,0,0,0,0,1,0,0,0 days 01:01:04
1953892,SecondHalf,Algeria,0,0,0,0,0,0,1,0,0,0 days 01:01:07
1953892,SecondHalf,Algeria,0,0,0,0,0,0,1,0,0,0 days 01:01:11
1953892,SecondHalf,Algeria,0,0,0,0,0,0,1,0,0,0 days 01:01:14
1953892,SecondHalf,Algeria,0,0,0,0,0,0,1,0,0,0 days 01:01:16
1953892,SecondHalf,Algeria,0,0,0,0,0,0,1,0,0,0 days 01:01:18
1953892,SecondHalf,Algeria,0,0,0,0,0,0,1,0,0,0 days 01:01:20
1953892,SecondHalf,Algeria,0,0,0,0,0,0,1,0,0,0 days 01:01:22
1953892,SecondHalf,Algeria,0,0,0,0,0,0,1,0,0,0 days 01:01:23
1953892,SecondHalf,Algeria,0,0,0,0,0,0,1,0,0,0 days 01:01:28
1953892,SecondHalf,Argentina,0,0,0,0,0,0,0,0,0,0 days 01:01:32
1953892,SecondHalf,Algeria,0,0,0,0,0,0,0,0,1,0 days 01:01:32
1953892,SecondHalf,Algeria,0,0,0,0,0,0,1,0,0,0 days 01:01:36
1953892,SecondHalf,Algeria,0,0,0,0,0,0,1,0,0,0 days 01:01:37
1953892,SecondHalf,Algeria,0,0,0,0,0,0,1,0,0,0 days 01:01:39
1953892,SecondHalf,Algeria,0,0,0,0,0,0,1,0,0,0 days 01:01:42
1953892,SecondHalf,Algeria,0,0,0,0,0,0,1,0,0,0 days 01:01:47
1953892,SecondHalf,Algeria,0,0,0,0,0,0,1,0,0,0 days 01:01:49
1953892,SecondHalf,Argentina,0,0,0,0,0,0,0,0,0,0 days 01:01:51
1953892,SecondHalf,Algeria,0,0,0,0,0,0,0,0,0,0 days 01:01:51
1953892,SecondHalf,Argentina,0,0,1,0,0,0,0,0,0,0 days 01:01:52
1953892,SecondHalf,Argentina,0,0,1,0,0,0,0,0,0,0 days 01:01:54
1953892,SecondHalf,Algeria,0,0,0,0,0,0,0,0,0,0 days 01:01:56
1953892,SecondHalf,Algeria,0,0,0,0,0,0,1,0,0,0 days 01:02:12
1953892,SecondHalf,Algeria,0,0,0,0,0,0,1,0,0,0 days 01:02:13
1953892,SecondHalf,Algeria,0,0,0,0,0,0,1,0,0,0 days 01:02:14
1953892,SecondHalf,Algeria,0,0,0,0,0,0,1,0,0,0 days 01:02:16
1953892,SecondHalf,Algeria,0,0,0,0,0,0,1,0,0,0 days 01:02:20
1953892,SecondHalf,Algeria,0,0,0,0,0,0,1,0,0,0 days 01:02:23
1953892,SecondHalf,Argentina,0,0,0,0,0,1,0,0,0,0 days 01:02:24
1953892,SecondHalf,Argentina,0,0,0,0,0,0,1,0,0,0 days 01:02:25
1953892,SecondHalf,Algeria,0,0,0,0,0,0,0,0,0,0 days 01:02:26
1953892,SecondHalf,Argentina,0,0,0,0,0,0,0,0,1,0 days 01:02:26
1953892,SecondHalf,Argentina,0,1,0,0,0,0,0,0,0,0 days 01:02:27
1953892,SecondHalf,Argentina,0,0,0,0,0,0,1,0,0,0 days 01:02:30
1953892,SecondHalf,Argentina,0,0,0,0,0,0,1,0,0,0 days 01:02:33
1953892,SecondHalf,Argentina,0,0,0,0,0,0,1,0,0,0 days 01:02:34
1953892,SecondHalf,Argentina,0,0,0,0,0,0,1,0,0,0 days 01:02:36
1953892,SecondHalf,Argentina,0,0,0,0,0,0,1,0,0,0 days 01:02:39
1953892,SecondHalf,Argentina,0,0,0,0,0,0,1,0,0,0 days 01:02:41
1953892,SecondHalf,Argentina,0,0,0,0,0,0,1,0,0,0 days 01:02:45
1953892,SecondHalf,Argentina,0,0,0,0,0,0,1,0,0,0 days 01:02:50
1953892,SecondHalf,Argentina,0,0,0,0,0,0,1,0,0,0 days 01:02:53
1953892,SecondHalf,Argentina,0,0,0,0,0,0,1,0,0,0 days 01:02:56
1953892,SecondHalf,Algeria,0,0,0,0,1,0,0,0,0,0 days 01:02:59
1953892,SecondHalf,Argentina,0,0,0,0,1,0,0,0,0,0 days 01:02:59
1953892,SecondHalf,Algeria,0,0,0,0,0,0,0,0,0,0 days 01:03:19
1953892,SecondHalf,Algeria,0,0,0,0,0,0,0,0,0,0 days 01:03:19
1953892,SecondHalf,Algeria,0,0,0,0,0,0,0,0,0,0 days 01:03:27
1953892,SecondHalf,Algeria,0,0,0,0,0,0,0,0,0,0 days 01:03:27
1953892,SecondHalf,Algeria,0,0,0,0,0,0,0,0,0,0 days 01:03:35
1953892,SecondHalf,Algeria,0,0,0,0,0,0,0,0,0,0 days 01:03:35
1953892,SecondHalf,Algeria,0,0,0,0,0,0,0,0,0,0 days 01:03:36
1953892,SecondHalf,Argentina,0,0,0,0,0,0,1,0,0,0 days 01:03:40
1953892,SecondHalf,Argentina,0,0,0,0,0,0,1,0,0,0 days 01:03:41
1953892,SecondHalf,Argentina,0,0,0,0,0,0,1,0,0,0 days 01:03:43
1953892,SecondHalf,Argentina,0,0,0,0,0,0,1,0,0,0 days 01:03:44
1953892,SecondHalf,Algeria,0,0,0,0,0,1,0,0,0,0 days 01:03:45
1953892,SecondHalf,Algeria,0,0,0,0,0,0,1,0,0,0 days 01:03:46
1953892,SecondHalf,Algeria,0,0,0,0,0,0,1,0,0,0 days 01:03:48
1953892,SecondHalf,Algeria,0,1,0,0,0,0,0,0,0,0 days 01:03:48
1953892,SecondHalf,Algeria,0,0,0,0,0,0,1,0,0,0 days 01:03:49
1953892,SecondHalf,Algeria,0,0,0,0,0,0,1,0,0,0 days 01:03:51
1953892,SecondHalf,Argentina,0,0,0,0,1,0,0,0,0,0 days 01:03:54
1953892,SecondHalf,Algeria,0,0,0,0,1,0,0,0,0,0 days 01:03:54
1953892,SecondHalf,Argentina,0,0,0,0,0,0,1,0,0,0 days 01:04:05
1953892,SecondHalf,Argentina,0,0,0,0,0,0,1,0,0,0 days 01:04:07
1953892,SecondHalf,Argentina,0,0,0,0,0,0,1,0,0,0 days 01:04:11
1953892,SecondHalf,Argentina,0,0,0,0,0,0,1,0,0,0 days 01:04:14
1953892,SecondHalf,Argentina,0,0,0,0,0,0,1,0,0,0 days 01:04:15
1953892,SecondHalf,Argentina,0,0,0,0,0,0,1,0,0,0 days 01:04:16
1953892,SecondHalf,Argentina,0,0,0,0,0,0,1,0,0,0 days 01:04:17
1953892,SecondHalf,Argentina,0,0,0,0,0,0,1,0,0,0 days 01:04:18
1953892,SecondHalf,Argentina,0,0,0,0,0,0,1,0,0,0 days 01:04:21
1953892,SecondHalf,Algeria,0,0,0,0,0,1,0,0,0,0 days 01:04:23
1953892,SecondHalf,Argentina,0,0,0,0,0,0,1,0,0,0 days 01:04:34
1953892,SecondHalf,Argentina,0,0,0,0,0,0,1,0,0,0 days 01:04:36
1953892,SecondHalf,Argentina,0,0,0,0,0,0,1,0,0,0 days 01:04:38
1953892,SecondHalf,Argentina,0,0,0,0,0,0,1,0,0,0 days 01:04:41
1953892,SecondHalf,Argentina,0,0,0,0,0,0,1,0,0,0 days 01:04:45
1953892,SecondHalf,Argentina,0,0,0,0,0,0,1,0,0,0 days 01:04:47
1953892,SecondHalf,Argentina,0,0,0,0,0,0,1,0,0,0 days 01:04:47
1953892,SecondHalf,Argentina,0,0,0,0,0,0,1,0,0,0 days 01:04:50
1953892,SecondHalf,Argentina,0,0,0,0,0,0,1,0,0,0 days 01:04:55
1953892,SecondHalf,Argentina,0,0,0,0,0,0,1,0,0,0 days 01:04:56
1953892,SecondHalf,Argentina,0,0,0,0,0,0,1,0,0,0 days 01:04:58
1953892,SecondHalf,Argentina,0,0,0,0,0,0,1,0,0,0 days 01:05:00
1953892,SecondHalf,Argentina,0,0,0,0,0,0,1,0,0,0 days 01:05:03
1953892,SecondHalf,Argentina,0,0,0,0,0,0,1,0,0,0 days 01:05:06
1953892,SecondHalf,Argentina,0,0,0,0,0,0,1,0,0,0 days 01:05:07
1953892,SecondHalf,Algeria,0,0,0,0,0,0,0,0,0,0 days 01:05:11
1953892,SecondHalf,Argentina,1,0,0,0,0,0,0,0,0,0 days 01:05:11
1953892,SecondHalf,Algeria,0,0,0,0,0,0,0,0,0,0 days 01:05:13
1953892,SecondHalf,Argentina,0,0,0,0,0,0,0,0,0,0 days 01:05:13
1953892,SecondHalf,Argentina,0,0,0,0,0,0,1,0,0,0 days 01:05:44
1953892,SecondHalf,Argentina,0,0,0,0,0,0,1,0,0,0 days 01:05:47
1953892,SecondHalf,Argentina,0,0,0,0,0,0,1,0,0,0 days 01:05:51
1953892,SecondHalf,Argentina,0,0,0,0,0,0,1,0,0,0 days 01:05:54
1953892,SecondHalf,Argentina,0,0,0,0,0,0,1,0,0,0 days 01:05:55
1953892,SecondHalf,Argentina,0,0,0,0,0,0,1,0,0,0 days 01:05:57
1953892,SecondHalf,Argentina,0,0,0,0,0,0,1,0,0,0 days 01:05:58
1953892,SecondHalf,Argentina,0,0,0,0,0,0,1,0,0,0 days 01:06:01
1953892,SecondHalf,Algeria,0,1,0,0,0,0,0,0,0,0 days 01:06:03
1953892,SecondHalf,Algeria,0,0,0,0,0,0,1,0,0,0 days 01:06:04
1953892,SecondHalf,Algeria,0,0,0,0,0,0,0,0,1,0 days 01:06:06
1953892,SecondHalf,Argentina,0,0,0,0,0,0,0,1,0,0 days 01:06:06
1953892,SecondHalf,Algeria,0,0,0,0,0,0,1,0,0,0 days 01:06:18
1953892,SecondHalf,Algeria,0,0,0,0,0,0,1,0,0,0 days 01:06:19
1953892,SecondHalf,Algeria,0,0,0,0,0,0,1,0,0,0 days 01:06:20
1953892,SecondHalf,Algeria,0,0,0,0,0,0,1,0,0,0 days 01:06:22
1953892,SecondHalf,Algeria,0,0,0,0,0,0,1,0,0,0 days 01:06:26
1953892,SecondHalf,Algeria,0,0,0,0,0,0,1,0,0,0 days 01:06:27
1953892,SecondHalf,Algeria,0,0,0,0,0,0,1,0,0,0 days 01:06:29
1953892,SecondHalf,Algeria,0,0,0,0,0,0,1,0,0,0 days 01:06:31
1953892,SecondHalf,Algeria,0,0,0,0,0,0,1,0,0,0 days 01:06:33
1953892,SecondHalf,Algeria,0,0,0,0,0,0,1,0,0,0 days 01:06:35
1953892,SecondHalf,Algeria,0,0,0,0,0,0,1,0,0,0 days 01:06:38
1953892,SecondHalf,Algeria,0,0,0,0,0,0,1,0,0,0 days 01:06:40
1953892,SecondHalf,Algeria,0,0,0,0,0,0,1,0,0,0 days 01:06:42
1953892,SecondHalf,Argentina,0,0,1,0,0,0,0,0,0,0 days 01:06:44
1953892,SecondHalf,Algeria,0,0,0,0,0,0,0,0,0,0 days 01:06:49
1953892,SecondHalf,Algeria,0,0,0,0,0,0,1,0,0,0 days 01:06:58
1953893,SecondHalf,Jordan,0,0,0,0,0,0,0,0,1,0 days 00:57:03
1953893,SecondHalf,Algeria,0,0,0,0,0,0,0,1,0,0 days 00:57:03
1953893,SecondHalf,Jordan,0,0,0,0,0,0,1,0,0,0 days 00:57:06
1953893,SecondHalf,Jordan,0,0,0,0,0,0,1,0,0,0 days 00:57:10
1953893,SecondHalf,Algeria,0,0,0,0,0,1,0,0,0,0 days 00:57:11
1953893,SecondHalf,Algeria,0,0,0,0,1,0,0,0,0,0 days 00:57:13
1953893,SecondHalf,Jordan,0,0,0,0,1,0,0,0,0,0 days 00:57:13
1953893,SecondHalf,Algeria,0,0,0,0,0,0,1,0,0,0 days 00:57:53
1953893,SecondHalf,Algeria,0,0,0,0,0,0,1,0,0,0 days 00:58:00
1953893,SecondHalf,Algeria,0,0,0,0,0,0,1,0,0,0 days 00:58:02
1953893,SecondHalf,Algeria,0,0,0,0,0,0,1,0,0,0 days 00:58:02
1953893,SecondHalf,Algeria,0,0,0,0,0,0,1,0,0,0 days 00:58:06
1953893,SecondHalf,Algeria,0,0,0,0,0,0,1,0,0,0 days 00:58:08
1953893,SecondHalf,Algeria,0,0,0,0,0,0,1,0,0,0 days 00:58:12
1953893,SecondHalf,Algeria,0,0,0,0,0,0,1,0,0,0 days 00:58:13
1953893,SecondHalf,Algeria,0,0,0,0,0,0,0,0,0,0 days 00:58:16
1953893,SecondHalf,Jordan,0,1,0,0,0,0,0,0,0,0 days 00:58:17
1953893,SecondHalf,Jordan,0,0,0,0,0,0,1,0,0,0 days 00:58:19
1953893,SecondHalf,Jordan,0,0,0,0,0,0,1,0,0,0 days 00:58:25
1953893,SecondHalf,Algeria,0,0,0,0,0,1,0,0,0,0 days 00:58:28
1953893,SecondHalf,Jordan,0,0,0,0,0,0,1,0,0,0 days 00:58:56
1953893,SecondHalf,Jordan,0,0,0,0,0,0,1,0,0,0 days 00:58:57
1953893,SecondHalf,Algeria,0,0,0,0,0,0,0,0,0,0 days 00:58:59
1953893,SecondHalf,Algeria,0,0,0,0,0,0,1,0,0,0 days 00:59:05
1953893,SecondHalf,Algeria,0,0,0,0,0,0,1,0,0,0 days 00:59:12
1953893,SecondHalf,Algeria,0,0,0,0,0,0,1,0,0,0 days 00:59:15
1953893,SecondHalf,Algeria,0,0,0,0,0,0,1,0,0,0 days 00:59:16
1953893,SecondHalf,Jordan,0,0,0,0,0,1,0,0,0,0 days 00:59:18
1953893,SecondHalf,Jordan,0,1,0,0,0,0,0,0,0,0 days 00:59:19
1953893,SecondHalf,Jordan,0,0,0,0,0,0,1,0,0,0 days 00:59:20
1953893,SecondHalf,Jordan,0,0,0,0,0,0,1,0,0,0 days 00:59:22
1953893,SecondHalf,Jordan,0,0,0,0,0,0,1,0,0,0 days 00:59:24
1953893,SecondHalf,Jordan,0,0,0,0,0,0,1,0,0,0 days 00:59:25
1953893,SecondHalf,Jordan,0,0,0,0,0,0,1,0,0,0 days 00:59:27
1953893,SecondHalf,Jordan,0,0,0,0,0,0,0,0,0,0 days 00:59:28
1953893,SecondHalf,Algeria,0,0,0,0,0,0,0,0,0,0 days 00:59:29
1953893,SecondHalf,Algeria,0,0,0,0,0,0,1,0,0,0 days 00:59:32
1953893,SecondHalf,Algeria,0,0,0,0,0,0,1,0,0,0 days 00:59:39
1953893,SecondHalf,Algeria,0,0,0,0,0,0,1,0,0,0 days 00:59:43
1953893,SecondHalf,Algeria,0,0,0,0,0,0,1,0,0,0 days 00:59:45
1953893,SecondHalf,Algeria,0,0,0,0,0,0,1,0,0,0 days 00:59:48
1953893,SecondHalf,Algeria,0,0,0,0,0,0,1,0,0,0 days 00:59:49
1953893,SecondHalf,Algeria,1,0,0,0,0,0,0,0,0,0 days 00:59:55
1953893,SecondHalf,Jordan,0,0,0,0,0,0,1,0,0,0 days 01:00:16
1953893,SecondHalf,Jordan,0,0,0,0,0,0,1,0,0,0 days 01:00:21
1953893,SecondHalf,Jordan,0,0,0,0,0,0,0,0,0,0 days 01:00:24
1953893,SecondHalf,Algeria,0,0,0,0,0,0,0,0,0,0 days 01:00:24
1953893,SecondHalf,Algeria,0,0,0,0,0,0,1,0,0,0 days 01:00:24
1953893,SecondHalf,Jordan,0,0,0,0,0,0,1,0,0,0 days 01:00:41
1953893,SecondHalf,Jordan,0,0,0,0,0,0,1,0,0,0 days 01:00:43
1953893,SecondHalf,Jordan,0,0,0,0,0,0,1,0,0,0 days 01:00:46
1953893,SecondHalf,Algeria,0,0,0,0,0,1,0,0,0,0 days 01:00:48
1953893,SecondHalf,Jordan,0,0,0,0,0,0,0,0,0,0 days 01:00:50
1953893,SecondHalf,Algeria,0,0,0,0,0,0,0,0,1,0 days 01:00:50
1953893,SecondHalf,Algeria,0,1,0,0,0,0,0,0,0,0 days 01:00:50
1953893,SecondHalf,Algeria,0,0,0,0,0,0,1,0,0,0 days 01:00:51
1953893,SecondHalf,Jordan,0,0,0,0,0,0,1,0,0,0 days 01:00:52
1953893,SecondHalf,Jordan,0,1,0,0,0,0,0,0,0,0 days 01:00:53
1953893,SecondHalf,Jordan,0,0,0,0,0,0,1,0,0,0 days 01:00:55
1953893,SecondHalf,Jordan,0,0,0,0,0,0,1,0,0,0 days 01:01:00
1953893,SecondHalf,Algeria,0,0,1,0,0,0,0,0,0,0 days 01:01:01
1953893,SecondHalf,Jordan,1,0,0,0,0,0,0,0,0,0 days 01:01:03
1953893,SecondHalf,Algeria,0,0,0,0,0,0,1,0,0,0 days 01:01:18
1953893,SecondHalf,Algeria,0,0,0,0,0,0,1,0,0,0 days 01:01:20
1953893,SecondHalf,Algeria,0,0,0,0,0,0,1,0,0,0 days 01:01:21
1953893,SecondHalf,Algeria,0,0,0,0,0,0,1,0,0,0 days 01:01:25
1953893,SecondHalf,Algeria,0,0,0,0,0,0,1,0,0,0 days 01:01:26
1953893,SecondHalf,Algeria,0,0,0,0,0,0,1,0,0,0 days 01:01:27
1953893,SecondHalf,Algeria,0,0,0,0,0,0,1,0,0,0 days 01:01:35
1953893,SecondHalf,Algeria,0,0,0,0,0,0,1,0,0,0 days 01:01:37
1953893,SecondHalf,Algeria,0,0,0,0,0,0,1,0,0,0 days 01:01:39
1953893,SecondHalf,Algeria,0,0,0,0,0,0,1,0,0,0 days 01:01:43
1953893,SecondHalf,Algeria,0,0,0,0,0,0,1,0,0,0 days 01:01:45
1953893,SecondHalf,Algeria,0,0,0,0,0,0,1,0,0,0 days 01:01:48
1953893,SecondHalf,Algeria,0,0,0,0,0,0,0,0,0,0 days 01:01:49
1953893,SecondHalf,Jordan,0,1,0,0,0,0,0,0,0,0 days 01:01:50
1953893,SecondHalf,Algeria,0,0,0,0,0,0,0,0,0,0 days 01:01:55
1953893,SecondHalf,Jordan,0,0,0,0,0,0,0,0,1,0 days 01:01:55
1953893,SecondHalf,Jordan,0,0,0,0,0,0,0,0,1,0 days 01:01:58
1953893,SecondHalf,Algeria,0,0,0,0,0,0,0,1,0,0 days 01:01:58
1953893,SecondHalf,Algeria,0,1,0,0,0,0,0,0,0,0 days 01:02:00
1953893,SecondHalf,Algeria,0,0,0,0,0,0,1,0,0,0 days 01:02:00
1953893,SecondHalf,Algeria,0,0,0,0,0,0,1,0,0,0 days 01:02:01
1953893,SecondHalf,Algeria,0,0,0,0,0,0,1,0,0,0 days 01:02:02
1953893,SecondHalf,Jordan,0,0,0,0,0,0,0,0,0,0 days 01:02:03
1953893,SecondHalf,Algeria,0,0,0,0,0,0,1,0,0,0 days 01:02:06
1953893,SecondHalf,Algeria,0,0,0,0,0,0,1,0,0,0 days 01:02:09
1953893,SecondHalf,Jordan,0,0,0,0,0,0,0,0,0,0 days 01:02:09
1953893,SecondHalf,Jordan,0,0,1,0,0,0,0,0,0,0 days 01:02:10
1953893,SecondHalf,Algeria,0,0,0,0,0,0,1,0,0,0 days 01:02:23
1953893,SecondHalf,Algeria,0,0,0,0,0,0,1,0,0,0 days 01:02:26
1953893,SecondHalf,Algeria,0,0,0,0,0,0,1,0,0,0 days 01:02:28
1953893,SecondHalf,Algeria,0,0,0,0,0,0,1,0,0,0 days 01:02:30
1953893,SecondHalf,Algeria,0,0,0,0,0,0,0,0,0,0 days 01:02:33
1953893,SecondHalf,Jordan,0,0,1,0,0,0,0,0,0,0 days 01:02:34
1953893,SecondHalf,Jordan,0,1,0,0,0,0,0,0,0,0 days 01:02:35
1953893,SecondHalf,Jordan,0,0,0,0,0,0,1,0,0,0 days 01:02:37
1953893,SecondHalf,Algeria,0,0,0,0,0,0,0,0,0,0 days 01:02:40
1953893,SecondHalf,Jordan,0,0,0,0,0,0,0,0,1,0 days 01:02:40
1953893,SecondHalf,Algeria,0,0,0,0,0,0,1,0,0,0 days 01:02:45
1953893,SecondHalf,Algeria,0,0,0,0,0,0,1,0,0,0 days 01:02:46
1953893,SecondHalf,Algeria,0,0,0,0,0,0,1,0,0,0 days 01:02:50
1953893,SecondHalf,Algeria,0,0,0,0,0,0,0,0,0,0 days 01:02:52
1953893,SecondHalf,Algeria,1,0,0,0,0,0,0,0,0,0 days 01:02:52
1953893,SecondHalf,Jordan,0,0,0,0,0,0,0,0,0,0 days 01:02:52
1953893,SecondHalf,Jordan,0,0,0,0,0,0,0,0,0,0 days 01:02:52
1953893,SecondHalf,Jordan,0,0,0,0,0,0,0,0,0,0 days 01:02:53
1953893,SecondHalf,Jordan,0,0,0,0,0,0,1,0,0,0 days 01:03:04
1953893,SecondHalf,Algeria,0,0,0,0,0,0,1,0,0,0 days 01:03:06
1953893,SecondHalf,Algeria,0,0,0,0,0,0,0,0,0,0 days 01:03:07
1953893,SecondHalf,Algeria,0,0,0,0,0,0,1,0,0,0 days 01:03:09
1953893,SecondHalf,Algeria,0,0,0,0,0,0,1,0,0,0 days 01:03:17
1953893,SecondHalf,Algeria,0,0,0,0,0,0,1,0,0,0 days 01:03:21
1953893,SecondHalf,Algeria,0,0,0,0,0,0,1,0,0,0 days 01:03:24
1953893,SecondHalf,Algeria,0,0,0,0,0,0,1,0,0,0 days 01:03:26
1953893,SecondHalf,Algeria,0,0,0,0,0,0,1,0,0,0 days 01:03:30
1953893,SecondHalf,Algeria,0,0,0,0,0,0,1,0,0,0 days 01:03:32
1953893,SecondHalf,Algeria,0,0,0,0,0,0,1,0,0,0 days 01:03:34
1953893,SecondHalf,Algeria,0,0,0,0,0,0,1,0,0,0 days 01:03:34
1953893,SecondHalf,Algeria,0,0,0,0,0,0,1,0,0,0 days 01:03:35
1953893,SecondHalf,Algeria,0,0,0,0,0,0,1,0,0,0 days 01:03:38
1953893,SecondHalf,Algeria,0,0,0,0,0,0,1,0,0,0 days 01:03:41
1953893,SecondHalf,Algeria,0,0,0,0,0,0,0,0,1,0 days 01:03:42
1953893,SecondHalf,Algeria,0,0,0,0,1,0,0,0,0,0 days 01:03:44
1953893,SecondHalf,Jordan,0,0,0,0,1,0,0,0,0,0 days 01:03:44
1953893,SecondHalf,Jordan,0,0,0,0,0,0,0,0,0,0 days 01:03:48
1953893,SecondHalf,Jordan,0,0,0,0,0,0,0,0,0,0 days 01:05:23
1953893,SecondHalf,Algeria,0,0,0,0,0,0,1,0,0,0 days 01:05:23
1953893,SecondHalf,Algeria,0,0,0,0,0,0,0,0,0,0 days 01:05:23
1953893,SecondHalf,Algeria,1,0,0,0,0,0,0,0,0,0 days 01:05:24
1953893,SecondHalf,Jordan,0,0,0,0,0,0,0,0,0,0 days 01:05:24
1953893,SecondHalf,Algeria,0,0,0,0,0,0,0,0,0,0 days 01:05:26
1953893,SecondHalf,Jordan,0,0,0,0,0,0,0,0,0,0 days 01:05:26
1953893,SecondHalf,Algeria,0,0,0,0,0,0,1,0,0,0 days 01:05:46
1953893,SecondHalf,Algeria,0,0,0,0,0,0,0,0,0,0 days 01:05:49
1953893,SecondHalf,Jordan,0,0,0,0,0,0,0,0,0,0 days 01:05:49
1953893,SecondHalf,Jordan,0,0,0,0,0,0,0,0,0,0 days 01:05:50
1953893,SecondHalf,Algeria,0,0,0,0,0,0,1,0,0,0 days 01:05:53
1953893,SecondHalf,Algeria,0,0,0,0,0,0,1,0,0,0 days 01:05:56
1953893,SecondHalf,Algeria,0,0,0,0,0,0,1,0,0,0 days 01:05:59
1953893,SecondHalf,Jordan,0,0,1,0,0,0,0,0,0,0 days 01:06:02
1953893,SecondHalf,Jordan,0,0,1,0,0,0,0,0,0,0 days 01:06:04
1953893,SecondHalf,Algeria,0,0,0,0,0,0,1,0,0,0 days 01:06:07
1953893,SecondHalf,Algeria,0,0,0,0,0,0,1,0,0,0 days 01:06:13
1953893,SecondHalf,Algeria,0,0,0,0,0,0,1,0,0,0 days 01:06:16
1953893,SecondHalf,Algeria,0,0,0,0,0,0,1,0,0,0 days 01:06:19
1953893,SecondHalf,Algeria,0,0,0,0,0,0,0,0,1,0 days 01:06:24
1953893,SecondHalf,Jordan,0,0,0,0,0,0,0,1,0,0 days 01:06:24
1953893,SecondHalf,Algeria,0,0,0,0,0,0,1,0,0,0 days 01:06:43
1953893,SecondHalf,Algeria,0,0,0,0,0,0,1,0,0,0 days 01:06:46
1953893,SecondHalf,Algeria,0,0,0,0,0,0,1,0,0,0 days 01:06:49
1953893,SecondHalf,Algeria,0,0,0,0,0,0,1,0,0,0 days 01:06:52
1953893,SecondHalf,Algeria,0,0,0,0,0,0,1,0,0,0 days 01:06:57
1953893,SecondHalf,Algeria,0,0,0,0,0,0,0,0,0,0 days 01:06:59
1953893,SecondHalf,Jordan,0,0,0,0,0,0,0,0,0,0 days 01:06:59
1953894,SecondHalf,Argentina,0,0,0,0,0,0,1,0,0,0 days 00:57:07
1953894,SecondHalf,Argentina,0,0,0,0,0,0,1,0,0,0 days 00:57:23
1953894,SecondHalf,Argentina,0,0,0,0,0,0,1,0,0,0 days 00:57:24
1953894,SecondHalf,Argentina,0,0,0,0,0,0,1,0,0,0 days 00:57:26
1953894,SecondHalf,Argentina,0,0,0,0,0,0,1,0,0,0 days 00:57:29
1953894,SecondHalf,Argentina,0,0,0,0,0,0,1,0,0,0 days 00:57:31
1953894,SecondHalf,Argentina,0,0,0,0,0,0,1,0,0,0 days 00:57:33
1953894,SecondHalf,Argentina,0,0,0,0,0,0,1,0,0,0 days 00:57:35
1953894,SecondHalf,Argentina,0,0,0,0,0,0,1,0,0,0 days 00:57:39
1953894,SecondHalf,Argentina,0,0,0,0,0,0,1,0,0,0 days 00:57:42
1953894,SecondHalf,Argentina,0,0,0,0,0,0,1,0,0,0 days 00:57:59
1953894,SecondHalf,Argentina,0,0,0,0,0,0,1,0,0,0 days 00:58:04
1953894,SecondHalf,Argentina,0,0,0,0,0,0,1,0,0,0 days 00:58:08
1953894,SecondHalf,Argentina,0,0,0,0,0,0,1,0,0,0 days 00:58:11
1953894,SecondHalf,Argentina,0,0,0,0,0,0,1,0,0,0 days 00:58:13
1953894,SecondHalf,Argentina,0,0,0,0,0,0,1,0,0,0 days 00:58:16
1953894,SecondHalf,Argentina,0,0,0,0,0,0,1,0,0,0 days 00:58:20
1953894,SecondHalf,Austria,0,1,0,0,0,0,0,0,0,0 days 00:58:22
1953894,SecondHalf,Austria,0,0,0,0,0,0,1,0,0,0 days 00:58:23
1953894,SecondHalf,Austria,0,0,0,0,0,0,1,0,0,0 days 00:58:25
1953894,SecondHalf,Austria,0,0,0,0,0,0,1,0,0,0 days 00:58:27
1953894,SecondHalf,Austria,0,0,0,1,0,0,0,0,0,0 days 00:58:29
1953894,SecondHalf,Argentina,0,0,0,0,0,0,0,1,0,0 days 00:58:29
1953894,SecondHalf,Argentina,0,1,0,0,0,0,0,0,0,0 days 00:58:32
1953894,SecondHalf,Argentina,0,0,0,0,0,0,1,0,0,0 days 00:58:32
1953894,SecondHalf,Argentina,0,0,0,0,0,0,1,0,0,0 days 00:58:33
1953894,SecondHalf,Argentina,0,0,0,0,0,0,1,0,0,0 days 00:58:34
1953894,SecondHalf,Argentina,0,0,0,0,0,0,1,0,0,0 days 00:58:35
1953894,SecondHalf,Argentina,0,0,0,0,0,0,1,0,0,0 days 00:58:39
1953894,SecondHalf,Argentina,0,0,0,0,0,0,1,0,0,0 days 00:58:44
1953894,SecondHalf,Argentina,0,0,0,0,0,0,1,0,0,0 days 00:58:47
1953894,SecondHalf,Argentina,0,0,0,0,0,0,1,0,0,0 days 00:58:49
1953894,SecondHalf,Argentina,0,0,0,0,0,0,1,0,0,0 days 00:58:52
1953894,SecondHalf,Argentina,0,0,0,0,0,0,1,0,0,0 days 00:58:54
1953894,SecondHalf,Argentina,0,0,0,0,0,0,1,0,0,0 days 00:58:57
1953894,SecondHalf,Argentina,0,0,0,1,0,0,0,0,0,0 days 00:59:00
1953894,SecondHalf,Austria,0,0,0,0,0,0,0,1,0,0 days 00:59:00
1953894,SecondHalf,Argentina,0,0,0,0,0,0,0,0,0,0 days 00:59:01
1953894,SecondHalf,Austria,0,0,0,0,0,0,1,0,0,0 days 00:59:04
1953894,SecondHalf,Argentina,0,0,1,0,0,0,0,0,0,0 days 00:59:07
1953894,SecondHalf,Austria,0,0,0,0,0,0,1,0,0,0 days 00:59:10
1953894,SecondHalf,Argentina,0,0,1,0,0,0,0,0,0,0 days 00:59:10
1953894,SecondHalf,Austria,0,0,0,0,0,0,1,0,0,0 days 00:59:12
1953894,SecondHalf,Argentina,0,1,0,0,0,0,0,0,0,0 days 00:59:13
1953894,SecondHalf,Argentina,0,0,0,0,0,0,1,0,0,0 days 00:59:14
1953894,SecondHalf,Argentina,0,0,0,0,0,0,1,0,0,0 days 00:59:15
1953894,SecondHalf,Austria,0,0,0,0,0,0,0,0,0,0 days 00:59:16
1953894,SecondHalf,Argentina,0,0,0,0,0,0,1,0,0,0 days 00:59:16
1953894,SecondHalf,Austria,0,0,0,0,0,0,1,0,0,0 days 00:59:17
1953894,SecondHalf,Austria,0,1,0,0,0,0,0,0,0,0 days 00:59:18
1953894,SecondHalf,Austria,0,0,0,0,0,0,1,0,0,0 days 00:59:18
1953894,SecondHalf,Argentina,0,0,0,0,0,0,0,0,0,0 days 00:59:19
1953894,SecondHalf,Austria,0,0,0,0,0,0,0,0,1,0 days 00:59:19
1953894,SecondHalf,Austria,0,0,0,0,0,0,1,0,0,0 days 00:59:22
1953894,SecondHalf,Austria,0,0,0,0,0,0,1,0,0,0 days 00:59:26
1953894,SecondHalf,Austria,0,0,0,0,0,0,1,0,0,0 days 00:59:27
1953894,SecondHalf,Austria,0,0,0,0,0,0,1,0,0,0 days 00:59:29
1953894,SecondHalf,Austria,0,0,0,0,0,0,1,0,0,0 days 00:59:32
1953894,SecondHalf,Austria,0,0,0,0,0,0,1,0,0,0 days 00:59:35
1953894,SecondHalf,Austria,0,0,0,0,0,0,1,0,0,0 days 00:59:39
1953894,SecondHalf,Argentina,0,0,0,0,0,0,0,0,0,0 days 00:59:43
1953894,SecondHalf,Austria,0,0,0,0,0,0,1,0,0,0 days 00:59:43
1953894,SecondHalf,Argentina,0,1,0,0,0,0,0,0,0,0 days 00:59:44
1953894,SecondHalf,Argentina,0,0,0,1,0,0,0,0,0,0 days 00:59:45
1953894,SecondHalf,Austria,0,0,0,0,0,0,0,1,0,0 days 00:59:45
1953894,SecondHalf,Austria,0,1,0,0,0,0,0,0,0,0 days 00:59:47
1953894,SecondHalf,Austria,0,0,0,0,0,0,1,0,0,0 days 00:59:48
1953894,SecondHalf,Argentina,0,0,1,0,0,0,0,0,0,0 days 00:59:49
1953894,SecondHalf,Austria,0,0,0,0,0,0,1,0,0,0 days 00:59:53
1953894,SecondHalf,Austria,0,0,0,0,0,0,1,0,0,0 days 00:59:59
1953894,SecondHalf,Austria,0,0,0,0,0,0,1,0,0,0 days 01:00:01
1953894,SecondHalf,Austria,0,0,0,0,0,0,1,0,0,0 days 01:00:02
1953894,SecondHalf,Austria,0,0,0,0,0,0,1,0,0,0 days 01:00:03
1953894,SecondHalf,Austria,0,0,0,0,0,0,1,0,0,0 days 01:00:06
1953894,SecondHalf,Austria,0,0,0,0,0,0,1,0,0,0 days 01:00:13
1953894,SecondHalf,Austria,0,0,0,0,0,0,1,0,0,0 days 01:00:17
1953894,SecondHalf,Austria,0,0,0,0,0,0,1,0,0,0 days 01:00:20
1953894,SecondHalf,Argentina,0,0,0,0,0,0,0,0,0,0 days 01:00:20
1953894,SecondHalf,Austria,0,0,0,0,0,0,1,0,0,0 days 01:00:24
1953894,SecondHalf,Austria,0,0,0,0,0,0,1,0,0,0 days 01:00:25
1953894,SecondHalf,Austria,0,0,0,0,0,0,1,0,0,0 days 01:00:28
1953894,SecondHalf,Austria,0,0,0,0,0,0,1,0,0,0 days 01:00:29
1953894,SecondHalf,Austria,0,0,0,0,0,0,1,0,0,0 days 01:00:33
1953894,SecondHalf,Austria,0,0,0,0,0,0,1,0,0,0 days 01:00:35
1953894,SecondHalf,Argentina,0,0,1,0,0,0,0,0,0,0 days 01:00:37
1953894,SecondHalf,Argentina,0,1,0,0,0,0,0,0,0,0 days 01:00:38
1953894,SecondHalf,Argentina,0,0,0,0,0,0,1,0,0,0 days 01:00:39
1953894,SecondHalf,Argentina,0,0,0,0,0,0,1,0,0,0 days 01:00:41
1953894,SecondHalf,Argentina,0,0,0,0,0,0,1,0,0,0 days 01:00:42
1953894,SecondHalf,Argentina,0,0,0,0,0,0,1,0,0,0 days 01:00:43
1953894,SecondHalf,Argentina,0,0,0,0,0,0,1,0,0,0 days 01:00:46
1953894,SecondHalf,Argentina,0,0,0,0,0,0,1,0,0,0 days 01:00:47
1953894,SecondHalf,Argentina,0,0,0,0,0,0,1,0,0,0 days 01:00:49
1953894,SecondHalf,Argentina,0,0,0,0,0,0,1,0,0,0 days 01:00:50
1953894,SecondHalf,Argentina,0,0,0,0,0,0,1,0,0,0 days 01:00:54
1953894,SecondHalf,Argentina,0,0,0,0,0,0,1,0,0,0 days 01:00:57
1953894,SecondHalf,Austria,0,0,0,0,0,0,0,0,0,0 days 01:01:00
1953894,SecondHalf,Argentina,1,0,0,0,0,0,0,0,0,0 days 01:01:00
1953894,SecondHalf,Austria,0,0,1,0,0,0,0,0,0,0 days 01:01:02
1953894,SecondHalf,Argentina,0,0,0,0,0,0,1,0,0,0 days 01:01:05
1953894,SecondHalf,Argentina,0,0,0,0,0,0,1,0,0,0 days 01:01:06
1953894,SecondHalf,Argentina,0,0,0,0,0,0,1,0,0,0 days 01:01:09
1953894,SecondHalf,Argentina,0,0,0,0,0,0,1,0,0,0 days 01:01:11
1953894,SecondHalf,Argentina,0,0,0,0,0,0,1,0,0,0 days 01:01:14
1953894,SecondHalf,Argentina,0,0,0,0,0,0,1,0,0,0 days 01:02:03
1953894,SecondHalf,Argentina,0,0,0,0,0,0,1,0,0,0 days 01:02:04
1953894,SecondHalf,Argentina,0,0,0,0,0,0,1,0,0,0 days 01:02:07
1953894,SecondHalf,Argentina,0,0,0,0,0,0,1,0,0,0 days 01:02:08
1953894,SecondHalf,Argentina,0,0,0,0,0,0,1,0,0,0 days 01:02:11
1953894,SecondHalf,Argentina,0,0,0,0,0,0,1,0,0,0 days 01:02:14
1953894,SecondHalf,Argentina,0,0,0,0,0,0,1,0,0,0 days 01:02:16
1953894,SecondHalf,Argentina,0,0,0,0,0,0,1,0,0,0 days 01:02:18
1953894,SecondHalf,Argentina,0,0,0,0,0,0,1,0,0,0 days 01:02:22
1953894,SecondHalf,Argentina,0,0,0,0,0,0,1,0,0,0 days 01:02:24
1953894,SecondHalf,Argentina,0,0,0,0,0,0,1,0,0,0 days 01:02:26
1953894,SecondHalf,Argentina,0,0,0,0,0,0,1,0,0,0 days 01:02:27
1953894,SecondHalf,Argentina,0,0,0,0,0,0,1,0,0,0 days 01:02:30
1953894,SecondHalf,Argentina,0,0,0,0,0,0,1,0,0,0 days 01:02:33
1953894,SecondHalf,Argentina,0,0,0,0,0,0,1,0,0,0 days 01:02:34
1953894,SecondHalf,Argentina,0,0,0,0,0,0,1,0,0,0 days 01:02:37
1953894,SecondHalf,Argentina,0,0,0,0,0,0,1,0,0,0 days 01:02:39
1953894,SecondHalf,Argentina,0,0,0,0,0,0,1,0,0,0 days 01:02:41
1953894,SecondHalf,Argentina,0,0,0,0,0,0,1,0,0,0 days 01:02:43
1953894,SecondHalf,Argentina,0,0,0,0,0,0,1,0,0,0 days 01:02:48
1953894,SecondHalf,Argentina,0,0,0,0,0,0,1,0,0,0 days 01:02:49
1953894,SecondHalf,Argentina,0,0,0,0,0,0,1,0,0,0 days 01:02:52
1953894,SecondHalf,Argentina,0,0,0,0,0,0,1,0,0,0 days 01:02:54
1953894,SecondHalf,Argentina,0,0,0,0,0,0,1,0,0,0 days 01:02:56
1953894,SecondHalf,Austria,0,0,0,0,0,1,0,0,0,0 days 01:02:57
1953894,SecondHalf,Austria,0,0,1,0,0,0,0,0,0,0 days 01:02:58
1953894,SecondHalf,Argentina,0,0,0,0,0,0,1,0,0,0 days 01:03:01
1953894,SecondHalf,Argentina,0,0,0,0,0,0,1,0,0,0 days 01:03:02
1953894,SecondHalf,Argentina,0,0,0,0,0,0,1,0,0,0 days 01:03:02
1953894,SecondHalf,Argentina,0,0,0,0,0,0,1,0,0,0 days 01:03:04
1953894,SecondHalf,Argentina,0,0,0,0,0,0,1,0,0,0 days 01:03:06
1953894,SecondHalf,Argentina,0,0,0,0,0,0,1,0,0,0 days 01:03:07
1953894,SecondHalf,Austria,0,0,1,0,0,0,0,0,0,0 days 01:03:07
1953894,SecondHalf,Argentina,0,0,0,0,0,0,0,0,0,0 days 01:03:45
1953894,SecondHalf,Argentina,0,0,0,0,0,0,0,0,0,0 days 01:03:45
1953894,SecondHalf,Argentina,0,0,0,0,0,0,0,0,0,0 days 01:04:02
1953894,SecondHalf,Argentina,0,0,0,0,0,0,0,0,0,0 days 01:04:02
1953894,SecondHalf,Argentina,0,0,0,0,0,0,0,0,0,0 days 01:04:08
1953894,SecondHalf,Argentina,0,0,0,0,0,0,1,0,0,0 days 01:04:10
1953894,SecondHalf,Argentina,0,0,0,0,0,0,1,0,0,0 days 01:04:12
1953894,SecondHalf,Argentina,0,0,0,0,0,0,1,0,0,0 days 01:04:14
1953894,SecondHalf,Argentina,0,0,0,0,0,0,1,0,0,0 days 01:04:16
1953894,SecondHalf,Argentina,0,0,0,0,0,0,1,0,0,0 days 01:04:18
1953894,SecondHalf,Argentina,0,0,0,0,0,0,1,0,0,0 days 01:04:20
1953894,SecondHalf,Argentina,0,0,0,0,0,0,1,0,0,0 days 01:04:23
1953894,SecondHalf,Argentina,1,0,0,0,0,0,0,0,0,0 days 01:04:27
1953894,SecondHalf,Austria,0,0,0,0,0,0,1,0,0,0 days 01:05:00
1953894,SecondHalf,Austria,0,0,0,0,0,0,1,0,0,0 days 01:05:02
1953894,SecondHalf,Austria,0,0,0,0,0,0,1,0,0,0 days 01:05:03
1953894,SecondHalf,Austria,0,0,0,0,0,0,1,0,0,0 days 01:05:05
1953894,SecondHalf,Austria,0,0,0,0,0,0,1,0,0,0 days 01:05:09
1953894,SecondHalf,Austria,0,0,0,0,0,0,1,0,0,0 days 01:05:16
1953894,SecondHalf,Austria,0,0,0,0,0,0,1,0,0,0 days 01:05:22
1953894,SecondHalf,Austria,0,0,0,0,0,0,1,0,0,0 days 01:05:25
1953894,SecondHalf,Austria,0,0,0,0,0,0,1,0,0,0 days 01:05:30
1953894,SecondHalf,Austria,0,0,0,0,0,0,1,0,0,0 days 01:05:31
1953894,SecondHalf,Argentina,0,0,0,0,0,0,0,0,0,0 days 01:05:31
1953894,SecondHalf,Austria,0,0,0,0,0,0,1,0,0,0 days 01:05:46
1953894,SecondHalf,Austria,0,0,0,0,0,0,1,0,0,0 days 01:05:49
1953894,SecondHalf,Argentina,0,0,0,0,0,1,0,0,0,0 days 01:05:50
1953894,SecondHalf,Argentina,0,1,0,0,0,0,0,0,0,0 days 01:05:51
1953894,SecondHalf,Argentina,0,0,0,0,0,0,1,0,0,0 days 01:05:51
1953894,SecondHalf,Argentina,0,0,0,0,0,0,1,0,0,0 days 01:05:53
1953894,SecondHalf,Austria,0,1,0,0,0,0,0,0,0,0 days 01:05:55
1953894,SecondHalf,Austria,0,0,0,0,0,0,1,0,0,0 days 01:05:58
1953894,SecondHalf,Austria,0,0,0,0,0,0,1,0,0,0 days 01:06:00
1953894,SecondHalf,Austria,0,0,0,0,0,0,1,0,0,0 days 01:06:06
1953894,SecondHalf,Austria,0,0,0,0,0,0,1,0,0,0 days 01:06:07
1953894,SecondHalf,Austria,0,0,0,0,0,0,1,0,0,0 days 01:06:10
1953894,SecondHalf,Austria,0,0,0,0,0,0,1,0,0,0 days 01:06:14
1953894,SecondHalf,Austria,0,0,0,0,0,0,1,0,0,0 days 01:06:16
1953894,SecondHalf,Austria,0,0,0,0,0,0,1,0,0,0 days 01:06:21
1953894,SecondHalf,Austria,0,0,0,0,0,0,1,0,0,0 days 01:06:24
1953894,SecondHalf,Austria,0,0,0,0,0,0,1,0,0,0 days 01:06:28
1953894,SecondHalf,Argentina,0,0,0,0,0,0,0,0,0,0 days 01:06:30
1953894,SecondHalf,Austria,0,0,0,0,0,0,0,0,0,0 days 01:06:30
1953894,SecondHalf,Austria,1,0,0,0,0,0,0,0,0,0 days 01:06:30
1953894,SecondHalf,Austria,0,0,0,0,0,0,0,0,0,0 days 01:06:59
1953894,SecondHalf,Austria,0,0,0,0,0,0,0,0,0,0 days 01:06:59
1953895,SecondHalf,Argentina,0,0,0,0,0,0,1,0,0,0 days 00:57:02
1953895,SecondHalf,Argentina,0,0,0,0,0,0,1,0,0,0 days 00:57:06
1953895,SecondHalf,Argentina,0,0,0,0,0,0,1,0,0,0 days 00:57:09
1953895,SecondHalf,Argentina,0,0,0,0,0,0,1,0,0,0 days 00:57:12
1953895,SecondHalf,Argentina,0,0,0,0,0,0,1,0,0,0 days 00:57:19
1953895,SecondHalf,Argentina,0,0,0,0,0,0,1,0,0,0 days 00:57:22
1953895,SecondHalf,Argentina,0,0,0,0,0,0,0,0,0,0 days 00:57:24
1953895,SecondHalf,Jordan,0,1,0,0,0,0,0,0,0,0 days 00:57:27
1953895,SecondHalf,Jordan,0,0,0,0,0,0,1,0,0,0 days 00:57:29
1953895,SecondHalf,Argentina,0,0,0,0,0,0,0,0,0,0 days 00:57:32
1953895,SecondHalf,Argentina,0,0,0,0,0,0,1,0,0,0 days 00:57:33
1953895,SecondHalf,Argentina,0,0,0,0,0,0,1,0,0,0 days 00:57:36
1953895,SecondHalf,Argentina,0,0,0,0,0,0,1,0,0,0 days 00:57:41
1953895,SecondHalf,Argentina,0,0,0,0,0,0,0,0,0,0 days 00:57:42
1953895,SecondHalf,Jordan,0,0,0,0,0,0,1,0,0,0 days 00:57:44
1953895,SecondHalf,Jordan,0,1,0,0,0,0,0,0,0,0 days 00:57:45
1953895,SecondHalf,Jordan,0,0,0,0,0,0,1,0,0,0 days 00:57:47
1953895,SecondHalf,Jordan,0,0,0,0,0,0,1,0,0,0 days 00:57:48
1953895,SecondHalf,Jordan,0,0,0,0,0,0,1,0,0,0 days 00:57:53
1953895,SecondHalf,Argentina,0,1,0,0,0,0,0,0,0,0 days 00:57:55
1953895,SecondHalf,Argentina,0,0,0,0,0,0,1,0,0,0 days 00:57:55
1953895,SecondHalf,Argentina,0,0,0,0,0,0,1,0,0,0 days 00:57:56
1953895,SecondHalf,Argentina,0,0,0,0,0,0,1,0,0,0 days 00:57:58
1953895,SecondHalf,Argentina,0,0,0,0,0,0,1,0,0,0 days 00:58:01
1953895,SecondHalf,Argentina,0,0,0,0,0,0,1,0,0,0 days 00:58:02
1953895,SecondHalf,Argentina,0,0,0,0,0,0,1,0,0,0 days 00:58:06
1953895,SecondHalf,Argentina,0,0,0,0,0,0,1,0,0,0 days 00:58:10
1953895,SecondHalf,Argentina,0,0,0,0,0,0,1,0,0,0 days 00:58:16
1953895,SecondHalf,Argentina,0,0,0,0,0,0,1,0,0,0 days 00:58:18
1953895,SecondHalf,Argentina,0,0,0,0,0,0,1,0,0,0 days 00:58:20
1953895,SecondHalf,Argentina,0,0,0,0,0,0,1,0,0,0 days 00:58:23
1953895,SecondHalf,Jordan,0,0,0,0,0,1,0,0,0,0 days 00:58:25
1953895,SecondHalf,Argentina,1,0,0,0,0,0,0,0,0,0 days 00:58:26
1953895,SecondHalf,Argentina,0,0,0,0,0,0,0,0,0,0 days 00:59:39
1953895,SecondHalf,Argentina,0,0,0,0,0,0,0,0,0,0 days 00:59:39
1953895,SecondHalf,Argentina,0,0,0,0,0,0,0,0,0,0 days 00:59:57
1953895,SecondHalf,Argentina,0,0,0,0,0,0,0,0,0,0 days 00:59:57
1953895,SecondHalf,Argentina,0,0,0,0,0,0,0,0,0,0 days 01:00:15
1953895,SecondHalf,Argentina,0,0,0,0,0,0,0,0,0,0 days 01:00:15
1953895,SecondHalf,Argentina,0,0,0,0,0,0,0,0,0,0 days 01:00:16
1953895,SecondHalf,Jordan,0,0,0,0,0,0,1,0,0,0 days 01:00:20
1953895,SecondHalf,Jordan,0,0,0,0,0,0,1,0,0,0 days 01:00:22
1953895,SecondHalf,Jordan,0,0,0,0,0,0,1,0,0,0 days 01:00:25
1953895,SecondHalf,Jordan,0,0,0,0,0,0,0,0,0,0 days 01:00:29
1953895,SecondHalf,Argentina,0,0,0,0,0,0,0,0,0,0 days 01:00:29
1953895,SecondHalf,Argentina,0,0,0,0,0,0,1,0,0,0 days 01:00:38
1953895,SecondHalf,Argentina,0,0,0,0,0,0,1,0,0,0 days 01:00:40
1953895,SecondHalf,Argentina,0,0,0,0,0,0,1,0,0,0 days 01:00:40
1953895,SecondHalf,Argentina,0,0,0,0,0,0,1,0,0,0 days 01:00:44
1953895,SecondHalf,Argentina,0,0,0,0,0,0,1,0,0,0 days 01:00:46
1953895,SecondHalf,Argentina,0,0,0,0,0,0,1,0,0,0 days 01:00:47
1953895,SecondHalf,Argentina,0,0,0,0,0,0,1,0,0,0 days 01:00:51
1953895,SecondHalf,Argentina,0,0,0,0,0,0,1,0,0,0 days 01:00:52
1953895,SecondHalf,Jordan,0,0,0,0,0,0,0,0,0,0 days 01:00:52
1953895,SecondHalf,Argentina,0,0,0,0,0,0,0,0,0,0 days 01:00:53
1953895,SecondHalf,Jordan,0,0,0,0,0,0,0,0,0,0 days 01:00:55
1953895,SecondHalf,Jordan,0,0,1,0,0,0,0,0,0,0 days 01:00:56
1953895,SecondHalf,Argentina,0,0,0,0,0,0,1,0,0,0 days 01:01:05
1953895,SecondHalf,Argentina,0,0,0,0,0,0,1,0,0,0 days 01:01:07
1953895,SecondHalf,Argentina,0,0,0,0,0,0,1,0,0,0 days 01:01:08
1953895,SecondHalf,Argentina,0,0,0,0,0,0,1,0,0,0 days 01:01:10
1953895,SecondHalf,Argentina,0,0,0,0,0,0,1,0,0,0 days 01:01:12
1953895,SecondHalf,Argentina,0,0,0,0,0,0,1,0,0,0 days 01:01:13
1953895,SecondHalf,Argentina,0,0,0,0,0,0,1,0,0,0 days 01:01:15
1953895,SecondHalf,Argentina,0,0,0,0,0,0,1,0,0,0 days 01:01:16
1953895,SecondHalf,Argentina,0,0,0,0,0,0,1,0,0,0 days 01:01:19
1953895,SecondHalf,Argentina,0,0,0,0,0,0,1,0,0,0 days 01:01:22
1953895,SecondHalf,Jordan,0,0,0,0,0,0,0,0,0,0 days 01:01:22
1953895,SecondHalf,Argentina,0,0,0,0,0,0,1,0,0,0 days 01:01:23
1953895,SecondHalf,Argentina,0,0,0,0,0,0,1,0,0,0 days 01:01:25
1953895,SecondHalf,Argentina,0,0,0,0,0,0,1,0,0,0 days 01:01:28
1953895,SecondHalf,Argentina,0,0,0,0,0,0,1,0,0,0 days 01:01:29
1953895,SecondHalf,Argentina,0,0,0,0,0,0,1,0,0,0 days 01:01:33
1953895,SecondHalf,Argentina,0,0,0,0,0,0,1,0,0,0 days 01:01:34
1953895,SecondHalf,Argentina,0,0,0,0,0,0,1,0,0,0 days 01:01:37
1953895,SecondHalf,Argentina,0,0,0,0,0,0,1,0,0,0 days 01:01:40
1953895,SecondHalf,Argentina,0,0,0,0,0,0,1,0,0,0 days 01:01:42
1953895,SecondHalf,Argentina,0,0,0,0,0,0,1,0,0,0 days 01:01:43
1953895,SecondHalf,Argentina,0,0,0,0,0,0,1,0,0,0 days 01:01:47
1953895,SecondHalf,Argentina,0,0,0,0,0,0,1,0,0,0 days 01:01:50
1953895,SecondHalf,Argentina,0,0,0,0,0,0,1,0,0,0 days 01:01:53
1953895,SecondHalf,Argentina,0,0,0,0,0,0,1,0,0,0 days 01:01:55
1953895,SecondHalf,Argentina,0,0,0,0,0,0,1,0,0,0 days 01:01:57
1953895,SecondHalf,Argentina,0,0,0,0,0,0,1,0,0,0 days 01:02:01
1953895,SecondHalf,Argentina,0,0,0,0,0,0,1,0,0,0 days 01:02:02
1953895,SecondHalf,Argentina,0,0,0,0,0,0,1,0,0,0 days 01:02:07
1953895,SecondHalf,Argentina,0,0,0,0,0,0,1,0,0,0 days 01:02:10
1953895,SecondHalf,Jordan,0,0,0,0,0,0,0,0,0,0 days 01:02:12
1953895,SecondHalf,Jordan,0,0,0,0,0,0,1,0,0,0 days 01:02:17
1953895,SecondHalf,Jordan,0,0,0,0,0,0,1,0,0,0 days 01:02:21
1953895,SecondHalf,Argentina,0,0,0,0,0,0,1,0,0,0 days 01:02:27
1953895,SecondHalf,Argentina,0,0,0,0,0,0,1,0,0,0 days 01:02:29
1953895,SecondHalf,Argentina,0,0,0,0,0,0,1,0,0,0 days 01:02:32
1953895,SecondHalf,Argentina,0,0,0,0,0,0,1,0,0,0 days 01:02:35
1953895,SecondHalf,Argentina,0,0,0,0,0,0,1,0,0,0 days 01:02:39
1953895,SecondHalf,Argentina,0,0,0,0,0,0,1,0,0,0 days 01:02:40
1953895,SecondHalf,Argentina,0,0,0,0,0,0,1,0,0,0 days 01:02:44
1953895,SecondHalf,Argentina,0,0,0,0,0,0,1,0,0,0 days 01:02:47
1953895,SecondHalf,Argentina,0,0,0,0,0,0,1,0,0,0 days 01:02:49
1953895,SecondHalf,Argentina,0,0,0,0,0,0,1,0,0,0 days 01:02:51
1953895,SecondHalf,Argentina,0,0,0,0,0,0,1,0,0,0 days 01:02:53
1953895,SecondHalf,Argentina,0,0,0,0,0,0,1,0,0,0 days 01:02:57
1953895,SecondHalf,Argentina,0,0,0,0,0,0,1,0,0,0 days 01:02:59
1953895,SecondHalf,Argentina,0,0,0,0,0,0,1,0,0,0 days 01:03:01
1953895,SecondHalf,Argentina,0,0,0,0,0,0,1,0,0,0 days 01:03:03
1953895,SecondHalf,Argentina,0,0,0,0,0,0,1,0,0,0 days 01:03:05
1953895,SecondHalf,Argentina,0,0,0,0,0,0,1,0,0,0 days 01:03:07
1953895,SecondHalf,Argentina,0,0,0,0,1,0,0,0,0,0 days 01:03:07
1953895,SecondHalf,Jordan,0,0,0,0,1,0,0,0,0,0 days 01:03:07
1953895,SecondHalf,Jordan,0,0,0,0,0,0,0,0,0,0 days 01:03:22
1953895,SecondHalf,Argentina,1,0,0,0,0,0,0,0,0,0 days 01:04:23
1953895,SecondHalf,Jordan,0,0,0,0,0,0,1,0,0,0 days 01:04:36
1953895,SecondHalf,Jordan,0,0,0,0,0,0,1,0,0,0 days 01:04:38
1953895,SecondHalf,Jordan,0,0,0,0,0,0,1,0,0,0 days 01:04:43
1953895,SecondHalf,Argentina,0,0,0,0,0,0,1,0,0,0 days 01:04:53
1953895,SecondHalf,Argentina,0,0,0,0,0,0,1,0,0,0 days 01:04:55
1953895,SecondHalf,Argentina,0,0,0,0,0,0,1,0,0,0 days 01:04:59
1953895,SecondHalf,Jordan,0,0,0,0,0,0,1,0,0,0 days 01:05:08
1953895,SecondHalf,Jordan,0,0,0,0,0,0,1,0,0,0 days 01:05:09
1953895,SecondHalf,Jordan,0,0,0,0,0,0,1,0,0,0 days 01:05:13
1953895,SecondHalf,Jordan,0,0,0,0,0,0,1,0,0,0 days 01:05:18
1953895,SecondHalf,Jordan,0,0,0,0,0,0,1,0,0,0 days 01:05:23
1953895,SecondHalf,Argentina,0,0,0,0,0,0,0,0,0,0 days 01:05:23
1953895,SecondHalf,Jordan,0,0,0,0,0,0,1,0,0,0 days 01:05:32
1953895,SecondHalf,Argentina,0,0,0,0,0,1,0,0,0,0 days 01:05:34
1953895,SecondHalf,Argentina,0,1,0,0,0,0,0,0,0,0 days 01:05:35
1953895,SecondHalf,Argentina,0,0,0,0,0,0,1,0,0,0 days 01:05:35
1953895,SecondHalf,Argentina,0,0,0,0,0,0,1,0,0,0 days 01:05:37
1953895,SecondHalf,Argentina,0,0,0,0,0,0,1,0,0,0 days 01:05:43
1953895,SecondHalf,Argentina,0,0,0,0,0,0,1,0,0,0 days 01:05:48
1953895,SecondHalf,Argentina,0,0,0,0,0,0,1,0,0,0 days 01:05:51
1953895,SecondHalf,Jordan,0,0,1,0,0,0,0,0,0,0 days 01:05:53
1953895,SecondHalf,Jordan,0,0,0,0,0,0,1,0,0,0 days 01:05:55
1953895,SecondHalf,Jordan,0,0,0,0,0,0,1,0,0,0 days 01:05:56
1953895,SecondHalf,Jordan,0,1,0,0,0,0,0,0,0,0 days 01:05:56
1953895,SecondHalf,Argentina,0,0,0,0,0,0,0,0,0,0 days 01:06:00
1953895,SecondHalf,Argentina,0,0,0,0,0,0,0,0,0,0 days 01:06:01
1953895,SecondHalf,Argentina,0,1,0,0,0,0,0,0,0,0 days 01:06:02
1953895,SecondHalf,Argentina,0,0,0,0,0,0,1,0,0,0 days 01:06:03
1953895,SecondHalf,Argentina,0,0,0,0,0,0,1,0,0,0 days 01:06:05
1953895,SecondHalf,Argentina,0,0,0,0,0,0,1,0,0,0 days 01:06:07
1953895,SecondHalf,Argentina,0,0,0,0,0,0,1,0,0,0 days 01:06:09
1953895,SecondHalf,Argentina,0,0,0,0,1,0,0,0,0,0 days 01:06:12
1953895,SecondHalf,Jordan,0,0,0,0,1,0,0,0,0,0 days 01:06:12
1953895,SecondHalf,Argentina,0,0,0,0,0,0,1,0,0,0 days 01:06:14
1953895,SecondHalf,Argentina,0,0,0,0,0,0,1,0,0,0 days 01:06:17
1953895,SecondHalf,Argentina,0,0,0,0,0,0,1,0,0,0 days 01:06:20
1953895,SecondHalf,Argentina,0,0,0,0,0,0,1,0,0,0 days 01:06:26
1953895,SecondHalf,Argentina,0,0,0,0,0,0,1,0,0,0 days 01:06:28
1953895,SecondHalf,Argentina,0,0,0,0,0,0,1,0,0,0 days 01:06:32
1953895,SecondHalf,Argentina,0,0,0,0,0,0,1,0,0,0 days 01:06:33
1953895,SecondHalf,Argentina,0,0,0,0,0,0,1,0,0,0 days 01:06:35
1953895,SecondHalf,Argentina,0,0,0,0,0,0,1,0,0,0 days 01:06:38
1953895,SecondHalf,Argentina,0,0,0,0,0,0,1,0,0,0 days 01:06:45
1953895,SecondHalf,Argentina,0,0,0,0,0,0,1,0,0,0 days 01:06:46
1953895,SecondHalf,Argentina,0,0,0,0,0,0,1,0,0,0 days 01:06:47
1953895,SecondHalf,Argentina,0,0,0,0,0,0,1,0,0,0 days 01:06:50
1953895,SecondHalf,Argentina,0,0,0,0,0,0,1,0,0,0 days 01:06:58
1953896,SecondHalf,Algeria,0,0,0,0,0,0,1,0,0,0 days 00:57:00
1953896,SecondHalf,Algeria,0,0,0,0,0,0,1,0,0,0 days 00:57:03
1953896,SecondHalf,Algeria,0,0,0,0,0,0,1,0,0,0 days 00:57:04
1953896,SecondHalf,Algeria,0,0,0,0,0,0,1,0,0,0 days 00:57:06
1953896,SecondHalf,Austria,0,0,0,0,1,0,0,0,0,0 days 00:57:09
1953896,SecondHalf,Algeria,0,0,0,0,1,0,0,0,0,0 days 00:57:09
1953896,SecondHalf,Algeria,0,0,0,0,0,0,1,0,0,0 days 00:57:20
1953896,SecondHalf,Algeria,0,0,0,0,0,0,1,0,0,0 days 00:57:23
1953896,SecondHalf,Algeria,0,0,0,0,0,0,1,0,0,0 days 00:57:25
1953896,SecondHalf,Algeria,0,0,0,0,0,0,1,0,0,0 days 00:57:30
1953896,SecondHalf,Algeria,0,0,0,0,0,0,0,0,0,0 days 00:57:35
1953896,SecondHalf,Austria,0,1,0,0,0,0,0,0,0,0 days 00:57:35
1953896,SecondHalf,Austria,0,0,0,0,0,0,1,0,0,0 days 00:57:38
1953896,SecondHalf,Algeria,0,1,0,0,0,0,0,0,0,0 days 00:57:43
1953896,SecondHalf,Algeria,0,0,0,0,0,0,1,0,0,0 days 00:57:43
1953896,SecondHalf,Algeria,0,0,0,0,0,0,1,0,0,0 days 00:57:46
1953896,SecondHalf,Algeria,0,0,0,0,0,0,1,0,0,0 days 00:57:49
1953896,SecondHalf,Algeria,0,0,0,0,0,0,1,0,0,0 days 00:57:55
1953896,SecondHalf,Algeria,0,0,0,0,0,0,1,0,0,0 days 00:57:56
1953896,SecondHalf,Austria,0,0,1,0,0,0,0,0,0,0 days 00:57:57
1953896,SecondHalf,Algeria,0,0,0,0,0,0,1,0,0,0 days 00:57:59
1953896,SecondHalf,Algeria,1,0,0,0,0,0,0,0,0,0 days 00:58:02
1953896,SecondHalf,Austria,0,0,0,0,0,0,0,0,0,0 days 00:58:02
1953896,SecondHalf,Austria,0,1,0,0,0,0,0,0,0,0 days 00:58:06
1953896,SecondHalf,Austria,0,0,0,0,0,0,1,0,0,0 days 00:58:07
1953896,SecondHalf,Algeria,0,0,1,0,0,0,0,0,0,0 days 00:58:07
1953896,SecondHalf,Algeria,0,0,0,0,1,0,0,0,0,0 days 00:58:10
1953896,SecondHalf,Austria,0,0,0,0,1,0,0,0,0,0 days 00:58:10
1953896,SecondHalf,Algeria,0,0,0,0,0,0,1,0,0,0 days 00:58:16
1953896,SecondHalf,Algeria,0,0,0,0,0,0,1,0,0,0 days 00:58:17
1953896,SecondHalf,Algeria,0,0,0,0,0,0,1,0,0,0 days 00:58:18
1953896,SecondHalf,Algeria,0,0,0,0,0,0,1,0,0,0 days 00:58:20
1953896,SecondHalf,Algeria,0,0,0,0,0,0,1,0,0,0 days 00:58:23
1953896,SecondHalf,Algeria,0,0,0,0,0,0,1,0,0,0 days 00:58:26
1953896,SecondHalf,Algeria,0,0,0,0,0,0,1,0,0,0 days 00:58:28
1953896,SecondHalf,Algeria,0,0,0,0,0,0,1,0,0,0 days 00:58:31
1953896,SecondHalf,Algeria,0,0,0,0,0,0,0,0,1,0 days 00:58:33
1953896,SecondHalf,Austria,0,0,0,0,0,0,0,1,0,0 days 00:58:33
1953896,SecondHalf,Algeria,0,0,0,1,0,0,0,0,0,0 days 00:58:36
1953896,SecondHalf,Algeria,0,0,0,0,0,0,0,0,0,0 days 00:58:36
1953896,SecondHalf,Austria,0,0,0,0,0,0,0,1,0,0 days 00:58:36
1953896,SecondHalf,Austria,0,0,1,0,0,0,0,0,0,0 days 00:58:37
1953896,SecondHalf,Algeria,0,0,0,0,0,0,0,0,0,0 days 00:58:38
1953896,SecondHalf,Austria,0,0,0,0,0,0,0,0,0,0 days 00:58:40
1953896,SecondHalf,Austria,0,0,0,0,0,0,0,0,0,0 days 00:58:40
1953896,SecondHalf,Austria,0,0,0,0,0,0,0,0,0,0 days 00:58:41
1953896,SecondHalf,Austria,0,1,0,0,0,0,0,0,0,0 days 00:58:43
1953896,SecondHalf,Austria,0,0,0,0,0,0,0,0,0,0 days 00:58:44
1953896,SecondHalf,Algeria,0,1,0,0,0,0,0,0,0,0 days 00:58:45
1953896,SecondHalf,Algeria,0,0,0,0,0,0,1,0,0,0 days 00:58:45
1953896,SecondHalf,Algeria,0,0,0,0,0,0,1,0,0,0 days 00:58:51
1953896,SecondHalf,Austria,0,0,1,0,0,0,0,0,0,0 days 00:58:53
1953896,SecondHalf,Algeria,0,0,0,0,0,0,1,0,0,0 days 00:58:55
1953896,SecondHalf,Algeria,0,0,0,0,0,0,1,0,0,0 days 00:58:57
1953896,SecondHalf,Algeria,0,0,0,0,0,0,1,0,0,0 days 00:59:01
1953896,SecondHalf,Algeria,0,0,0,0,0,0,1,0,0,0 days 00:59:03
1953896,SecondHalf,Algeria,0,0,0,0,0,0,1,0,0,0 days 00:59:08
1953896,SecondHalf,Algeria,0,0,0,0,0,0,1,0,0,0 days 00:59:10
1953896,SecondHalf,Algeria,0,0,0,0,0,0,0,0,1,0 days 00:59:16
1953896,SecondHalf,Austria,0,0,0,0,0,0,0,0,0,0 days 00:59:16
1953896,SecondHalf,Algeria,0,0,0,0,0,0,1,0,0,0 days 00:59:17
1953896,SecondHalf,Algeria,1,0,0,0,0,0,0,0,0,0 days 00:59:18
1953896,SecondHalf,Austria,0,0,0,0,0,0,1,0,0,0 days 01:00:21
1953896,SecondHalf,Austria,0,0,0,0,0,0,1,0,0,0 days 01:00:24
1953896,SecondHalf,Austria,0,0,0,0,0,0,1,0,0,0 days 01:00:25
1953896,SecondHalf,Austria,0,0,0,0,0,0,1,0,0,0 days 01:00:27
1953896,SecondHalf,Austria,0,0,0,0,0,0,1,0,0,0 days 01:00:30
1953896,SecondHalf,Austria,0,0,0,0,0,0,1,0,0,0 days 01:00:34
1953896,SecondHalf,Austria,0,0,0,0,0,0,1,0,0,0 days 01:00:35
1953896,SecondHalf,Austria,0,0,0,0,0,0,1,0,0,0 days 01:00:38
1953896,SecondHalf,Austria,0,0,0,0,0,0,1,0,0,0 days 01:00:42
1953896,SecondHalf,Austria,0,0,0,0,0,0,1,0,0,0 days 01:00:48
1953896,SecondHalf,Austria,0,0,0,0,0,0,1,0,0,0 days 01:00:52
1953896,SecondHalf,Austria,0,0,0,0,0,0,1,0,0,0 days 01:00:53
1953896,SecondHalf,Austria,0,0,0,0,0,0,1,0,0,0 days 01:00:58
1953896,SecondHalf,Austria,0,0,0,0,0,0,1,0,0,0 days 01:01:00
1953896,SecondHalf,Austria,0,0,0,0,0,0,1,0,0,0 days 01:01:02
1953896,SecondHalf,Austria,0,0,0,0,0,0,0,0,0,0 days 01:01:32
1953896,SecondHalf,Austria,0,0,0,0,0,0,0,0,0,0 days 01:01:32
1953896,SecondHalf,Austria,0,0,0,0,0,0,0,0,0,0 days 01:01:33
1953896,SecondHalf,Algeria,0,0,0,0,0,0,1,0,0,0 days 01:01:52
1953896,SecondHalf,Austria,0,0,0,0,0,0,1,0,0,0 days 01:01:55
1953896,SecondHalf,Austria,0,1,0,0,0,0,0,0,0,0 days 01:01:56
1953896,SecondHalf,Austria,0,0,0,0,0,0,1,0,0,0 days 01:01:57
1953896,SecondHalf,Austria,0,0,0,0,0,0,1,0,0,0 days 01:01:58
1953896,SecondHalf,Austria,0,0,0,0,0,0,1,0,0,0 days 01:01:59
1953896,SecondHalf,Austria,0,0,0,0,0,0,1,0,0,0 days 01:02:00
1953896,SecondHalf,Austria,0,0,0,0,0,0,1,0,0,0 days 01:02:04
1953896,SecondHalf,Austria,0,0,0,0,0,0,1,0,0,0 days 01:02:07
1953896,SecondHalf,Austria,0,0,0,0,0,0,1,0,0,0 days 01:02:11
1953896,SecondHalf,Austria,0,0,0,0,0,0,1,0,0,0 days 01:02:14
1953896,SecondHalf,Austria,0,0,0,0,0,0,1,0,0,0 days 01:02:16
1953896,SecondHalf,Austria,0,0,0,0,0,0,0,0,1,0 days 01:02:17
1953896,SecondHalf,Algeria,0,0,0,0,0,0,1,0,0,0 days 01:02:19
1953896,SecondHalf,Algeria,0,1,0,0,0,0,0,0,0,0 days 01:02:23
1953896,SecondHalf,Algeria,0,0,0,0,0,0,1,0,0,0 days 01:02:26
1953896,SecondHalf,Algeria,0,0,0,0,0,0,1,0,0,0 days 01:02:30
1953896,SecondHalf,Algeria,0,0,0,0,0,0,1,0,0,0 days 01:02:33
1953896,SecondHalf,Algeria,0,0,0,0,0,0,1,0,0,0 days 01:02:36
1953896,SecondHalf,Algeria,0,0,0,0,0,0,1,0,0,0 days 01:02:38
1953896,SecondHalf,Algeria,0,0,0,0,0,0,1,0,0,0 days 01:02:41
1953896,SecondHalf,Algeria,0,0,0,0,0,0,1,0,0,0 days 01:02:42
1953896,SecondHalf,Algeria,0,0,0,0,0,0,1,0,0,0 days 01:02:44
1953896,SecondHalf,Algeria,0,0,0,0,0,0,1,0,0,0 days 01:02:56
1953896,SecondHalf,Austria,0,0,1,0,0,0,0,0,0,0 days 01:03:01
1953896,SecondHalf,Algeria,0,0,0,0,0,0,1,0,0,0 days 01:03:02
1953896,SecondHalf,Algeria,0,0,0,0,0,0,0,0,0,0 days 01:03:03
1953896,SecondHalf,Austria,0,0,0,0,0,0,0,0,0,0 days 01:03:03
1953896,SecondHalf,Austria,0,0,0,0,0,0,1,0,0,0 days 01:03:04
1953896,SecondHalf,Algeria,0,0,0,0,0,0,0,0,0,0 days 01:03:05
1953896,SecondHalf,Austria,0,0,0,0,0,0,0,0,0,0 days 01:03:06
1953896,SecondHalf,Algeria,0,0,0,0,0,0,1,0,0,0 days 01:03:28
1953896,SecondHalf,Algeria,0,0,0,0,0,0,1,0,0,0 days 01:03:29
1953896,SecondHalf,Algeria,0,0,0,0,0,0,0,0,0,0 days 01:03:34
1953896,SecondHalf,Austria,0,0,0,0,0,0,0,0,0,0 days 01:03:34
1953896,SecondHalf,Austria,0,0,0,0,0,0,1,0,0,0 days 01:03:35
1953896,SecondHalf,Austria,0,0,0,0,0,0,0,0,0,0 days 01:03:37
1953896,SecondHalf,Austria,0,1,0,0,0,0,0,0,0,0 days 01:03:38
1953896,SecondHalf,Austria,0,0,0,0,0,0,1,0,0,0 days 01:03:38
1953896,SecondHalf,Austria,0,0,0,0,0,0,1,0,0,0 days 01:03:38
1953896,SecondHalf,Austria,0,0,0,0,0,0,1,0,0,0 days 01:03:40
1953896,SecondHalf,Austria,0,0,0,0,0,0,1,0,0,0 days 01:03:42
1953896,SecondHalf,Algeria,0,0,1,0,0,0,0,0,0,0 days 01:03:42
1953896,SecondHalf,Austria,0,0,0,0,0,0,1,0,0,0 days 01:03:47
1953896,SecondHalf,Austria,0,0,0,0,1,0,0,0,0,0 days 01:03:50
1953896,SecondHalf,Algeria,0,0,0,0,1,0,0,0,0,0 days 01:03:50
1953896,SecondHalf,Austria,0,0,0,0,0,0,1,0,0,0 days 01:04:08
1953896,SecondHalf,Austria,0,0,0,0,0,0,1,0,0,0 days 01:04:09
1953896,SecondHalf,Austria,0,0,0,0,0,0,1,0,0,0 days 01:04:13
1953896,SecondHalf,Austria,0,0,0,0,0,0,1,0,0,0 days 01:04:16
1953896,SecondHalf,Austria,0,0,0,0,0,0,1,0,0,0 days 01:04:19
1953896,SecondHalf,Austria,0,0,0,0,0,0,1,0,0,0 days 01:04:27
1953896,SecondHalf,Austria,0,0,0,0,0,0,1,0,0,0 days 01:04:30
1953896,SecondHalf,Austria,0,0,0,0,0,0,1,0,0,0 days 01:04:32
1953896,SecondHalf,Austria,0,0,0,0,0,0,1,0,0,0 days 01:04:34
1953896,SecondHalf,Austria,0,0,0,0,0,0,1,0,0,0 days 01:04:35
1953896,SecondHalf,Austria,0,0,0,0,0,0,1,0,0,0 days 01:04:37
1953896,SecondHalf,Algeria,0,0,0,0,0,0,0,0,0,0 days 01:04:40
1953896,SecondHalf,Austria,0,0,0,0,0,0,0,0,1,0 days 01:04:40
1953896,SecondHalf,Austria,0,0,0,0,0,0,1,0,0,0 days 01:04:42
1953896,SecondHalf,Austria,0,0,0,0,0,0,1,0,0,0 days 01:04:44
1953896,SecondHalf,Austria,1,0,0,0,0,0,0,0,0,0 days 01:04:47
1953896,SecondHalf,Algeria,0,0,0,0,0,0,1,0,0,0 days 01:05:14
1953896,SecondHalf,Austria,0,0,0,0,0,0,0,0,0,0 days 01:05:18
1953896,SecondHalf,Algeria,0,0,0,0,0,0,0,0,0,0 days 01:05:18
1953896,SecondHalf,Algeria,0,0,0,0,0,0,0,0,0,0 days 01:05:18
1953896,SecondHalf,Austria,0,0,0,0,0,0,1,0,0,0 days 01:05:20
1953896,SecondHalf,Austria,0,1,0,0,0,0,0,0,0,0 days 01:05:24
1953896,SecondHalf,Austria,0,0,0,0,0,0,1,0,0,0 days 01:05:29
1953896,SecondHalf,Austria,0,0,0,0,0,0,1,0,0,0 days 01:05:32
1953896,SecondHalf,Austria,0,0,0,0,0,0,1,0,0,0 days 01:05:40
1953896,SecondHalf,Austria,0,0,0,0,0,0,1,0,0,0 days 01:05:45
1953896,SecondHalf,Austria,0,0,0,0,0,0,1,0,0,0 days 01:05:48
1953896,SecondHalf,Austria,0,0,0,0,0,0,1,0,0,0 days 01:05:53
1953896,SecondHalf,Austria,0,0,0,0,0,0,1,0,0,0 days 01:05:59
1953896,SecondHalf,Austria,0,0,0,0,0,0,1,0,0,0 days 01:06:02
1953896,SecondHalf,Austria,0,0,0,0,0,0,1,0,0,0 days 01:06:06
1953896,SecondHalf,Austria,0,0,0,0,0,0,1,0,0,0 days 01:06:09
1953896,SecondHalf,Austria,0,0,0,0,0,0,1,0,0,0 days 01:06:10
1953896,SecondHalf,Austria,0,0,0,0,0,0,1,0,0,0 days 01:06:17
1953896,SecondHalf,Austria,0,0,0,0,0,0,1,0,0,0 days 01:06:23
1953896,SecondHalf,Austria,0,0,0,0,0,0,1,0,0,0 days 01:06:28
1953896,SecondHalf,Algeria,0,0,0,0,0,0,0,0,0,0 days 01:06:28
1953896,SecondHalf,Austria,0,0,0,0,0,0,0,0,0,0 days 01:06:29
1953896,SecondHalf,Algeria,0,0,0,0,0,0,0,0,0,0 days 01:06:29
1953896,SecondHalf,Austria,0,0,0,0,0,0,1,0,0,0 days 01:06:57
1953897,SecondHalf,Colombia,0,0,0,0,0,0,1,0,0,0 days 00:57:00
1953897,SecondHalf,Colombia,0,0,0,0,0,0,1,0,0,0 days 00:57:02
1953897,SecondHalf,Colombia,0,0,0,0,0,0,1,0,0,0 days 00:57:03
1953897,SecondHalf,Colombia,0,0,0,0,0,0,1,0,0,0 days 00:57:05
1953897,SecondHalf,Colombia,0,0,0,0,0,0,1,0,0,0 days 00:57:06
1953897,SecondHalf,Colombia,0,0,0,0,0,0,1,0,0,0 days 00:57:07
1953897,SecondHalf,Colombia,0,0,0,0,0,0,1,0,0,0 days 00:57:09
1953897,SecondHalf,Uzbekistan,0,0,1,0,0,0,0,0,0,0 days 00:57:11
1953897,SecondHalf,Colombia,0,0,0,0,0,0,1,0,0,0 days 00:57:12
1953897,SecondHalf,Uzbekistan,0,1,0,0,0,0,0,0,0,0 days 00:57:14
1953897,SecondHalf,Uzbekistan,0,0,0,0,0,0,1,0,0,0 days 00:57:16
1953897,SecondHalf,Colombia,0,1,0,0,0,0,0,0,0,0 days 00:57:19
1953897,SecondHalf,Colombia,0,0,0,0,0,0,1,0,0,0 days 00:57:20
1953897,SecondHalf,Colombia,0,0,0,0,0,0,1,0,0,0 days 00:57:25
1953897,SecondHalf,Colombia,0,0,0,0,0,0,1,0,0,0 days 00:57:27
1953897,SecondHalf,Colombia,0,0,0,0,0,0,1,0,0,0 days 00:57:32
1953897,SecondHalf,Colombia,0,0,0,0,0,0,1,0,0,0 days 00:57:34
1953897,SecondHalf,Colombia,0,0,0,0,0,0,1,0,0,0 days 00:57:38
1953897,SecondHalf,Colombia,0,0,0,0,0,0,1,0,0,0 days 00:57:47
1953897,SecondHalf,Colombia,0,0,0,0,0,0,1,0,0,0 days 00:57:49
1953897,SecondHalf,Colombia,0,0,0,0,0,0,1,0,0,0 days 00:57:51
1953897,SecondHalf,Colombia,0,0,0,0,0,0,1,0,0,0 days 00:57:55
1953897,SecondHalf,Uzbekistan,0,0,0,0,0,1,0,0,0,0 days 00:57:56
1953897,SecondHalf,Colombia,0,0,0,0,0,0,1,0,0,0 days 00:57:59
1953897,SecondHalf,Uzbekistan,0,0,0,0,0,0,0,0,0,0 days 00:57:59
1953897,SecondHalf,Colombia,0,0,0,0,0,0,1,0,0,0 days 00:58:09
1953897,SecondHalf,Colombia,0,0,0,0,0,0,1,0,0,0 days 00:58:12
1953897,SecondHalf,Colombia,0,0,0,0,0,0,1,0,0,0 days 00:58:16
1953897,SecondHalf,Colombia,0,0,0,0,0,0,1,0,0,0 days 00:58:18
1953897,SecondHalf,Colombia,0,0,0,0,0,0,1,0,0,0 days 00:58:19
1953897,SecondHalf,Colombia,0,0,0,0,0,0,1,0,0,0 days 00:58:24
1953897,SecondHalf,Colombia,0,0,0,0,0,0,1,0,0,0 days 00:58:26
1953897,SecondHalf,Colombia,0,0,0,0,0,0,1,0,0,0 days 00:58:31
1953897,SecondHalf,Uzbekistan,0,0,0,0,0,0,1,0,0,0 days 00:58:35
1953897,SecondHalf,Uzbekistan,0,1,0,0,0,0,0,0,0,0 days 00:58:36
1953897,SecondHalf,Uzbekistan,0,0,0,0,0,0,1,0,0,0 days 00:58:37
1953897,SecondHalf,Uzbekistan,0,0,0,0,0,0,1,0,0,0 days 00:58:39
1953897,SecondHalf,Uzbekistan,0,0,0,0,0,0,1,0,0,0 days 00:58:42
1953897,SecondHalf,Uzbekistan,0,0,0,0,0,0,1,0,0,0 days 00:58:45
1953897,SecondHalf,Uzbekistan,0,0,0,0,0,0,1,0,0,0 days 00:58:48
1953897,SecondHalf,Colombia,0,0,0,0,0,0,1,0,0,0 days 00:58:58
1953897,SecondHalf,Colombia,0,0,0,0,0,0,1,0,0,0 days 00:59:00
1953897,SecondHalf,Colombia,0,0,0,0,0,0,1,0,0,0 days 00:59:07
1953897,SecondHalf,Uzbekistan,0,0,0,0,0,0,0,0,0,0 days 00:59:12
1953897,SecondHalf,Uzbekistan,0,0,0,0,0,0,1,0,0,0 days 00:59:13
1953897,SecondHalf,Uzbekistan,0,0,0,0,0,0,1,0,0,0 days 00:59:15
1953897,SecondHalf,Uzbekistan,0,0,0,0,0,0,1,0,0,0 days 00:59:18
1953897,SecondHalf,Uzbekistan,0,0,0,0,0,0,1,0,0,0 days 00:59:20
1953897,SecondHalf,Uzbekistan,0,0,0,0,0,0,1,0,0,0 days 00:59:25
1953897,SecondHalf,Uzbekistan,0,0,0,0,0,0,1,0,0,0 days 00:59:31
1953897,SecondHalf,Uzbekistan,0,0,0,0,0,0,1,0,0,0 days 00:59:32
1953897,SecondHalf,Uzbekistan,0,0,0,0,0,0,1,0,0,0 days 00:59:34
1953897,SecondHalf,Uzbekistan,0,0,0,0,0,0,1,0,0,0 days 00:59:39
1953897,SecondHalf,Uzbekistan,1,0,0,0,0,0,0,0,0,0 days 00:59:40
1953897,SecondHalf,Colombia,0,0,0,0,0,0,0,0,0,0 days 00:59:41
1953897,SecondHalf,Colombia,0,0,0,0,0,0,0,0,0,0 days 00:59:42
1953897,SecondHalf,Uzbekistan,1,0,0,0,0,0,0,0,0,0 days 00:59:43
1953897,SecondHalf,Colombia,0,0,0,0,0,0,1,0,0,0 days 01:01:19
1953897,SecondHalf,Colombia,0,0,0,0,0,0,1,0,0,0 days 01:01:22
1953897,SecondHalf,Colombia,0,0,0,0,0,0,1,0,0,0 days 01:01:26
1953897,SecondHalf,Colombia,0,0,0,0,0,0,1,0,0,0 days 01:01:28
1953897,SecondHalf,Colombia,0,0,0,0,0,0,1,0,0,0 days 01:01:32
1953897,SecondHalf,Uzbekistan,0,0,0,0,0,0,1,0,0,0 days 01:01:45
1953897,SecondHalf,Colombia,0,0,1,0,0,0,0,0,0,0 days 01:01:49
1953897,SecondHalf,Colombia,0,0,0,0,1,0,0,0,0,0 days 01:01:51
1953897,SecondHalf,Uzbekistan,0,0,0,0,1,0,0,0,0,0 days 01:01:51
1953897,SecondHalf,Uzbekistan,0,0,0,0,0,0,1,0,0,0 days 01:02:20
1953897,SecondHalf,Uzbekistan,0,0,0,0,0,0,1,0,0,0 days 01:02:21
1953897,SecondHalf,Uzbekistan,0,0,0,0,0,0,1,0,0,0 days 01:02:22
1953897,SecondHalf,Uzbekistan,0,0,0,0,0,0,1,0,0,0 days 01:02:27
1953897,SecondHalf,Uzbekistan,0,0,0,0,0,0,0,0,0,0 days 01:02:29
1953897,SecondHalf,Colombia,0,1,0,0,0,0,0,0,0,0 days 01:02:33
1953897,SecondHalf,Colombia,0,0,0,0,0,0,1,0,0,0 days 01:02:35
1953897,SecondHalf,Colombia,0,0,0,0,0,0,1,0,0,0 days 01:02:41
1953897,SecondHalf,Colombia,0,0,0,0,0,0,1,0,0,0 days 01:02:45
1953897,SecondHalf,Colombia,0,0,0,0,0,0,1,0,0,0 days 01:02:51
1953897,SecondHalf,Colombia,0,0,0,0,0,0,1,0,0,0 days 01:02:52
1953897,SecondHalf,Colombia,0,0,0,0,0,0,1,0,0,0 days 01:02:53
1953897,SecondHalf,Colombia,0,0,0,0,0,0,1,0,0,0 days 01:02:56
1953897,SecondHalf,Colombia,0,0,0,0,0,0,1,0,0,0 days 01:02:58
1953897,SecondHalf,Uzbekistan,0,0,1,0,0,0,0,0,0,0 days 01:02:59
1953897,SecondHalf,Colombia,0,0,0,0,0,0,1,0,0,0 days 01:03:00
1953897,SecondHalf,Colombia,0,0,0,0,0,0,0,0,1,0 days 01:03:01
1953897,SecondHalf,Uzbekistan,0,0,0,0,0,0,0,1,0,0 days 01:03:01
1953897,SecondHalf,Colombia,0,0,0,0,0,0,0,0,1,0 days 01:03:02
1953897,SecondHalf,Uzbekistan,0,0,0,0,0,0,0,0,0,0 days 01:03:02
1953897,SecondHalf,Colombia,0,0,0,0,0,0,1,0,0,0 days 01:03:03
1953897,SecondHalf,Uzbekistan,0,0,0,0,0,0,0,0,0,0 days 01:03:05
1953897,SecondHalf,Colombia,1,0,0,0,0,0,0,0,0,0 days 01:03:05
1953897,SecondHalf,Uzbekistan,0,0,1,0,0,0,0,0,0,0 days 01:03:08
1953897,SecondHalf,Colombia,1,0,0,0,0,0,0,0,0,0 days 01:03:09
1953897,SecondHalf,Uzbekistan,0,0,0,0,0,0,0,0,0,0 days 01:03:09
1953897,SecondHalf,Colombia,0,0,0,0,0,0,0,0,0,0 days 01:03:10
1953897,SecondHalf,Uzbekistan,0,0,0,0,0,0,0,0,0,0 days 01:03:10
1953897,SecondHalf,Colombia,0,0,0,0,0,0,1,0,0,0 days 01:03:51
1953897,SecondHalf,Uzbekistan,0,0,0,0,0,0,0,0,0,0 days 01:03:54
1953897,SecondHalf,Colombia,0,0,0,0,0,0,0,0,0,0 days 01:03:54
1953897,SecondHalf,Uzbekistan,0,0,1,0,0,0,0,0,0,0 days 01:03:55
1953897,SecondHalf,Colombia,1,0,0,0,0,0,0,0,0,0 days 01:03:55
1953897,SecondHalf,Uzbekistan,0,0,0,0,0,0,1,0,0,0 days 01:04:22
1953897,SecondHalf,Colombia,0,0,0,0,0,0,1,0,0,0 days 01:04:24
1953897,SecondHalf,Uzbekistan,0,0,0,0,0,0,1,0,0,0 days 01:04:42
1953897,SecondHalf,Colombia,0,0,0,0,0,0,0,0,0,0 days 01:04:46
1953897,SecondHalf,Uzbekistan,0,0,0,0,0,0,1,0,0,0 days 01:04:46
1953897,SecondHalf,Colombia,0,1,0,0,0,0,0,0,0,0 days 01:04:48
1953897,SecondHalf,Uzbekistan,0,0,0,0,0,0,0,0,0,0 days 01:04:48
1953897,SecondHalf,Colombia,0,0,0,0,0,0,1,0,0,0 days 01:04:50
1953897,SecondHalf,Colombia,1,0,0,0,0,0,0,0,0,0 days 01:04:53
1953897,SecondHalf,Uzbekistan,0,0,0,0,0,0,1,0,0,0 days 01:06:13
1953897,SecondHalf,Uzbekistan,0,0,0,0,0,0,1,0,0,0 days 01:06:20
1953897,SecondHalf,Uzbekistan,0,0,0,0,0,0,1,0,0,0 days 01:06:21
1953897,SecondHalf,Colombia,0,0,0,0,0,0,1,0,0,0 days 01:06:33
1953897,SecondHalf,Colombia,0,0,0,0,0,0,1,0,0,0 days 01:06:34
1953897,SecondHalf,Colombia,0,0,0,0,0,0,1,0,0,0 days 01:06:35
1953897,SecondHalf,Colombia,0,0,0,0,0,0,0,0,0,0 days 01:06:36
1953897,SecondHalf,Uzbekistan,0,0,0,0,0,0,0,0,0,0 days 01:06:36
1953897,SecondHalf,Uzbekistan,0,1,0,0,0,0,0,0,0,0 days 01:06:39
1953897,SecondHalf,Uzbekistan,0,0,0,0,0,0,1,0,0,0 days 01:06:39
1953897,SecondHalf,Colombia,0,0,1,0,0,0,0,0,0,0 days 01:06:43
1953897,SecondHalf,Uzbekistan,0,0,0,0,0,0,1,0,0,0 days 01:06:45
1953897,SecondHalf,Colombia,0,1,0,0,0,0,0,0,0,0 days 01:06:47
1953897,SecondHalf,Colombia,0,0,0,0,0,0,1,0,0,0 days 01:06:48
1953897,SecondHalf,Colombia,0,0,0,0,0,0,1,0,0,0 days 01:06:54
1953897,SecondHalf,Colombia,0,0,0,0,0,0,1,0,0,0 days 01:06:57
1953898,SecondHalf,Portugal,0,0,0,0,0,0,1,0,0,0 days 00:57:35
1953898,SecondHalf,Portugal,1,0,0,0,0,0,0,0,0,0 days 00:57:37
1953898,SecondHalf,Uzbekistan,0,0,0,0,0,0,0,0,0,0 days 00:57:37
1953898,SecondHalf,Portugal,0,0,0,0,0,0,0,0,0,0 days 00:57:40
1953898,SecondHalf,Uzbekistan,0,0,0,0,0,0,0,0,0,0 days 00:57:40
1953898,SecondHalf,Portugal,0,0,0,0,0,0,1,0,0,0 days 00:59:05
1953898,SecondHalf,Uzbekistan,0,0,0,0,0,0,0,0,0,0 days 00:59:06
1953898,SecondHalf,Portugal,1,0,0,0,0,0,0,0,0,0 days 00:59:07
1953898,SecondHalf,Uzbekistan,0,0,0,0,0,0,0,0,0,0 days 00:59:07
1953898,SecondHalf,Uzbekistan,0,0,0,0,0,0,0,0,0,0 days 00:59:08
1953898,SecondHalf,Uzbekistan,1,0,0,0,0,0,0,0,0,0 days 00:59:09
1953898,SecondHalf,Uzbekistan,0,0,0,0,0,0,1,0,0,0 days 01:00:15
1953898,SecondHalf,Uzbekistan,0,0,0,0,0,0,1,0,0,0 days 01:00:17
1953898,SecondHalf,Uzbekistan,0,0,0,0,0,0,1,0,0,0 days 01:00:23
1953898,SecondHalf,Portugal,0,0,0,0,0,0,0,1,0,0 days 01:00:24
1953898,SecondHalf,Uzbekistan,0,0,0,0,0,0,0,0,1,0 days 01:00:24
1953898,SecondHalf,Portugal,0,0,0,0,0,0,0,0,0,0 days 01:00:25
1953898,SecondHalf,Uzbekistan,0,0,0,0,0,0,0,0,0,0 days 01:00:25
1953898,SecondHalf,Uzbekistan,0,0,0,0,0,0,1,0,0,0 days 01:00:59
1953898,SecondHalf,Uzbekistan,0,0,0,0,0,0,0,0,0,0 days 01:01:02
1953898,SecondHalf,Portugal,0,0,0,0,0,0,0,0,0,0 days 01:01:02
1953898,SecondHalf,Portugal,0,0,1,0,0,0,0,0,0,0 days 01:01:03
1953898,SecondHalf,Uzbekistan,0,0,0,0,0,0,0,0,0,0 days 01:01:04
1953898,SecondHalf,Portugal,0,0,0,0,0,0,0,0,0,0 days 01:01:04
1953898,SecondHalf,Portugal,0,0,0,0,0,0,0,0,0,0 days 01:01:04
1953898,SecondHalf,Uzbekistan,0,0,0,0,0,0,0,0,0,0 days 01:01:05
1953898,SecondHalf,Portugal,0,0,0,0,0,0,0,0,0,0 days 01:01:05
1953898,SecondHalf,Uzbekistan,0,0,0,0,0,0,1,0,0,0 days 01:01:06
1953898,SecondHalf,Portugal,0,0,0,0,0,0,0,0,0,0 days 01:01:08
1953898,SecondHalf,Uzbekistan,1,0,0,0,0,0,0,0,0,0 days 01:01:08
1953898,SecondHalf,Uzbekistan,0,0,0,0,0,0,1,0,0,0 days 01:01:10
1953898,SecondHalf,Uzbekistan,0,0,0,0,0,0,1,0,0,0 days 01:01:12
1953898,SecondHalf,Uzbekistan,0,0,0,0,0,0,1,0,0,0 days 01:01:14
1953898,SecondHalf,Portugal,0,0,1,0,0,0,0,0,0,0 days 01:01:15
1953898,SecondHalf,Uzbekistan,0,0,0,0,0,0,0,0,0,0 days 01:01:17
1953898,SecondHalf,Portugal,0,0,0,0,0,0,0,0,0,0 days 01:01:18
1953898,SecondHalf,Portugal,0,1,0,0,0,0,0,0,0,0 days 01:01:19
1953898,SecondHalf,Portugal,0,0,0,0,0,0,1,0,0,0 days 01:01:19
1953898,SecondHalf,Portugal,0,0,0,0,0,0,1,0,0,0 days 01:01:20
1953898,SecondHalf,Portugal,0,0,0,0,0,0,1,0,0,0 days 01:01:26
1953898,SecondHalf,Uzbekistan,0,0,0,0,0,1,0,0,0,0 days 01:01:29
1953898,SecondHalf,Uzbekistan,0,1,0,0,0,0,0,0,0,0 days 01:01:29
1953898,SecondHalf,Uzbekistan,0,0,0,0,0,0,1,0,0,0 days 01:01:30
1953898,SecondHalf,Uzbekistan,0,0,0,0,0,0,1,0,0,0 days 01:01:34
1953898,SecondHalf,Uzbekistan,0,0,0,0,0,0,1,0,0,0 days 01:01:37
1953898,SecondHalf,Uzbekistan,0,0,0,0,0,0,1,0,0,0 days 01:01:45
1953898,SecondHalf,Uzbekistan,0,0,0,0,0,0,1,0,0,0 days 01:01:48
1953898,SecondHalf,Uzbekistan,0,0,0,0,0,0,0,0,0,0 days 01:01:51
1953898,SecondHalf,Portugal,0,0,0,0,0,0,0,0,0,0 days 01:01:51
1953898,SecondHalf,Uzbekistan,0,0,0,0,0,0,1,0,0,0 days 01:01:52
1953898,SecondHalf,Portugal,0,0,0,0,0,0,0,0,1,0 days 01:01:54
1953898,SecondHalf,Uzbekistan,0,0,0,0,0,0,0,0,0,0 days 01:01:54
1953898,SecondHalf,Portugal,0,1,0,0,0,0,0,0,0,0 days 01:01:55
1953898,SecondHalf,Portugal,0,0,0,0,0,0,1,0,0,0 days 01:01:55
1953898,SecondHalf,Portugal,0,0,0,0,0,0,1,0,0,0 days 01:01:58
1953898,SecondHalf,Portugal,0,0,0,0,0,0,1,0,0,0 days 01:01:59
1953898,SecondHalf,Portugal,0,0,0,0,0,0,1,0,0,0 days 01:02:00
1953898,SecondHalf,Portugal,0,0,0,0,0,0,1,0,0,0 days 01:02:02
1953898,SecondHalf,Portugal,0,0,0,0,0,0,1,0,0,0 days 01:02:09
1953898,SecondHalf,Portugal,0,0,0,0,0,0,1,0,0,0 days 01:02:13
1953898,SecondHalf,Portugal,0,0,0,0,0,0,1,0,0,0 days 01:02:16
1953898,SecondHalf,Portugal,0,0,0,0,0,0,1,0,0,0 days 01:02:18
1953898,SecondHalf,Portugal,0,0,0,0,0,0,1,0,0,0 days 01:02:21
1953898,SecondHalf,Portugal,0,0,0,0,0,0,1,0,0,0 days 01:02:24
1953898,SecondHalf,Portugal,0,0,0,0,0,0,1,0,0,0 days 01:02:28
1953898,SecondHalf,Uzbekistan,0,1,0,0,0,0,0,0,0,0 days 01:02:29
1953898,SecondHalf,Uzbekistan,0,0,0,0,0,0,0,0,1,0 days 01:02:29
1953898,SecondHalf,Portugal,0,0,0,0,1,0,0,0,0,0 days 01:02:31
1953898,SecondHalf,Uzbekistan,0,0,0,0,1,0,0,0,0,0 days 01:02:31
1953898,SecondHalf,Portugal,0,0,0,0,0,0,0,0,0,0 days 01:03:00
1953898,SecondHalf,Portugal,0,0,0,0,0,0,0,0,0,0 days 01:03:00
1953898,SecondHalf,Portugal,0,0,0,0,0,0,0,0,0,0 days 01:03:06
1953898,SecondHalf,Uzbekistan,0,0,0,0,0,0,1,0,0,0 days 01:03:09
1953898,SecondHalf,Uzbekistan,0,0,0,0,0,0,1,0,0,0 days 01:03:15
1953898,SecondHalf,Uzbekistan,0,0,0,0,0,0,1,0,0,0 days 01:03:17
1953898,SecondHalf,Uzbekistan,0,0,0,0,0,0,0,0,0,0 days 01:03:18
1953898,SecondHalf,Portugal,0,0,0,0,0,0,1,0,0,0 days 01:03:24
1953898,SecondHalf,Portugal,0,0,0,0,0,0,1,0,0,0 days 01:03:30
1953898,SecondHalf,Portugal,0,0,0,0,0,0,1,0,0,0 days 01:03:32
1953898,SecondHalf,Portugal,0,0,0,0,0,0,1,0,0,0 days 01:03:34
1953898,SecondHalf,Portugal,0,0,0,0,0,0,1,0,0,0 days 01:03:35
1953898,SecondHalf,Portugal,0,0,0,0,0,0,1,0,0,0 days 01:03:38
1953898,SecondHalf,Portugal,0,0,0,0,0,0,1,0,0,0 days 01:03:45
1953898,SecondHalf,Portugal,0,0,0,0,0,0,1,0,0,0 days 01:03:46
1953898,SecondHalf,Portugal,0,0,0,0,0,0,1,0,0,0 days 01:03:48
1953898,SecondHalf,Portugal,0,0,0,0,0,0,1,0,0,0 days 01:03:49
1953898,SecondHalf,Portugal,0,0,0,0,0,0,1,0,0,0 days 01:03:52
1953898,SecondHalf,Portugal,0,0,0,0,0,0,1,0,0,0 days 01:03:57
1953898,SecondHalf,Portugal,0,0,0,0,0,0,1,0,0,0 days 01:03:59
1953898,SecondHalf,Portugal,0,0,0,0,0,0,1,0,0,0 days 01:04:00
1953898,SecondHalf,Portugal,0,0,0,0,0,0,1,0,0,0 days 01:04:02
1953898,SecondHalf,Portugal,0,0,0,0,0,0,1,0,0,0 days 01:04:05
1953898,SecondHalf,Uzbekistan,0,0,0,0,0,0,0,0,0,0 days 01:04:05
1953898,SecondHalf,Portugal,0,0,0,0,0,0,1,0,0,0 days 01:04:13
1953898,SecondHalf,Portugal,0,0,0,0,0,0,1,0,0,0 days 01:04:18
1953898,SecondHalf,Portugal,0,0,0,0,0,0,1,0,0,0 days 01:04:20
1953898,SecondHalf,Portugal,0,0,0,0,0,0,0,0,1,0 days 01:04:22
1953898,SecondHalf,Uzbekistan,0,0,0,0,0,0,0,1,0,0 days 01:04:22
1953898,SecondHalf,Uzbekistan,0,0,0,0,0,0,0,0,0,0 days 01:04:23
1953898,SecondHalf,Uzbekistan,0,0,0,0,0,0,0,0,0,0 days 01:04:24
1953898,SecondHalf,Portugal,0,0,0,0,0,0,1,0,0,0 days 01:04:25
1953898,SecondHalf,Portugal,0,0,0,0,0,0,1,0,0,0 days 01:04:27
1953898,SecondHalf,Portugal,0,0,0,0,0,0,1,0,0,0 days 01:04:31
1953898,SecondHalf,Uzbekistan,0,0,1,0,0,0,0,0,0,0 days 01:04:33
1953898,SecondHalf,Portugal,0,0,0,0,0,0,1,0,0,0 days 01:04:35
1953898,SecondHalf,Portugal,0,0,0,0,0,0,1,0,0,0 days 01:04:37
1953898,SecondHalf,Portugal,0,0,0,0,0,0,1,0,0,0 days 01:04:40
1953898,SecondHalf,Portugal,0,0,0,0,0,0,1,0,0,0 days 01:04:41
1953898,SecondHalf,Portugal,0,0,0,0,0,0,1,0,0,0 days 01:04:42
1953898,SecondHalf,Uzbekistan,0,0,0,0,0,0,0,0,0,0 days 01:04:44
1953898,SecondHalf,Portugal,0,0,0,0,0,0,0,0,1,0 days 01:04:44
1953898,SecondHalf,Portugal,0,0,0,0,0,0,1,0,0,0 days 01:04:50
1953898,SecondHalf,Portugal,0,0,0,0,0,0,1,0,0,0 days 01:04:53
1953898,SecondHalf,Portugal,0,0,0,0,0,0,1,0,0,0 days 01:04:54
1953898,SecondHalf,Uzbekistan,0,0,0,0,0,1,0,0,0,0 days 01:04:54
1953898,SecondHalf,Uzbekistan,0,0,0,0,0,0,0,0,0,0 days 01:04:55
1953898,SecondHalf,Uzbekistan,0,0,1,0,0,0,0,0,0,0 days 01:04:56
1953898,SecondHalf,Uzbekistan,0,0,1,0,0,0,0,0,0,0 days 01:04:57
1953898,SecondHalf,Portugal,0,0,0,0,0,0,0,0,0,0 days 01:04:59
1953898,SecondHalf,Uzbekistan,0,0,0,0,0,0,0,0,0,0 days 01:04:59
1953898,SecondHalf,Portugal,0,0,0,0,0,0,1,0,0,0 days 01:05:00
1953898,SecondHalf,Portugal,0,0,0,0,0,0,1,0,0,0 days 01:05:02
1953898,SecondHalf,Portugal,0,0,0,0,0,0,1,0,0,0 days 01:05:07
1953898,SecondHalf,Portugal,0,0,0,0,0,0,1,0,0,0 days 01:05:09
1953898,SecondHalf,Portugal,0,0,0,0,0,0,1,0,0,0 days 01:05:11
1953898,SecondHalf,Portugal,0,0,0,0,0,0,1,0,0,0 days 01:05:17
1953898,SecondHalf,Portugal,0,0,0,0,0,0,1,0,0,0 days 01:05:22
1953898,SecondHalf,Portugal,0,0,0,0,0,0,1,0,0,0 days 01:05:29
1953898,SecondHalf,Portugal,0,0,0,0,0,0,1,0,0,0 days 01:05:33
1953898,SecondHalf,Portugal,0,0,0,0,0,0,1,0,0,0 days 01:05:36
1953898,SecondHalf,Uzbekistan,0,0,0,0,1,0,0,0,0,0 days 01:05:39
1953898,SecondHalf,Portugal,0,0,0,0,1,0,0,0,0,0 days 01:05:39
1953898,SecondHalf,Portugal,0,0,0,0,0,0,1,0,0,0 days 01:06:23
1953898,SecondHalf,Uzbekistan,0,0,1,0,0,0,0,0,0,0 days 01:06:24
1953898,SecondHalf,Portugal,0,0,0,0,0,0,0,0,0,0 days 01:06:27
1953898,SecondHalf,Uzbekistan,0,0,0,0,0,0,0,0,0,0 days 01:06:27
1953898,SecondHalf,Portugal,0,0,0,0,0,0,0,0,0,0 days 01:06:28
1953898,SecondHalf,Portugal,0,0,0,0,0,0,1,0,0,0 days 01:06:28
1953898,SecondHalf,Uzbekistan,0,1,0,0,0,0,0,0,0,0 days 01:06:29
1953898,SecondHalf,Uzbekistan,0,0,0,0,0,0,1,0,0,0 days 01:06:31
1953898,SecondHalf,Uzbekistan,0,0,0,0,0,0,1,0,0,0 days 01:06:34
1953898,SecondHalf,Portugal,0,0,1,0,0,0,0,0,0,0 days 01:06:36
1953898,SecondHalf,Uzbekistan,0,0,0,0,0,0,0,0,0,0 days 01:06:37
1953898,SecondHalf,Portugal,0,0,0,0,0,0,1,0,0,0 days 01:06:48
1953898,SecondHalf,Portugal,0,0,0,0,0,0,1,0,0,0 days 01:06:54
1953898,SecondHalf,Portugal,0,0,0,0,0,0,1,0,0,0 days 01:06:56
1953899,SecondHalf,Portugal,0,0,0,0,0,0,1,0,0,0 days 00:57:00
1953899,SecondHalf,Portugal,0,0,0,0,0,0,1,0,0,0 days 00:57:05
1953899,SecondHalf,Portugal,0,0,0,0,0,0,1,0,0,0 days 00:57:10
1953899,SecondHalf,Portugal,0,0,0,0,0,0,1,0,0,0 days 00:57:13
1953899,SecondHalf,Portugal,0,0,0,0,0,0,1,0,0,0 days 00:57:17
1953899,SecondHalf,Portugal,0,0,0,0,0,0,1,0,0,0 days 00:57:20
1953899,SecondHalf,Portugal,0,0,0,0,0,0,1,0,0,0 days 00:57:21
1953899,SecondHalf,Portugal,0,0,0,0,0,0,1,0,0,0 days 00:57:25
1953899,SecondHalf,Portugal,0,0,0,0,0,0,1,0,0,0 days 00:57:27
1953899,SecondHalf,Portugal,0,0,0,0,0,0,1,0,0,0 days 00:57:32
1953899,SecondHalf,Portugal,0,0,0,0,0,0,1,0,0,0 days 00:57:40
1953899,SecondHalf,Portugal,0,0,0,0,0,0,1,0,0,0 days 00:57:42
1953899,SecondHalf,Portugal,0,0,0,0,0,0,1,0,0,0 days 00:57:44
1953899,SecondHalf,Portugal,0,0,0,0,0,0,1,0,0,0 days 00:57:45
1953899,SecondHalf,Portugal,0,0,0,0,0,0,1,0,0,0 days 00:57:49
1953899,SecondHalf,Portugal,0,0,0,0,0,0,1,0,0,0 days 00:57:53
1953899,SecondHalf,Portugal,0,0,0,0,0,0,1,0,0,0 days 00:57:57
1953899,SecondHalf,Colombia,0,0,0,0,0,0,0,0,0,0 days 00:58:00
1953899,SecondHalf,Portugal,0,0,0,0,0,0,1,0,0,0 days 00:58:03
1953899,SecondHalf,Portugal,0,0,0,0,0,0,1,0,0,0 days 00:58:08
1953899,SecondHalf,Colombia,0,0,0,0,0,0,0,0,0,0 days 00:58:11
1953899,SecondHalf,Colombia,0,0,0,0,0,0,1,0,0,0 days 00:58:21
1953899,SecondHalf,Colombia,0,0,0,0,0,0,1,0,0,0 days 00:58:26
1953899,SecondHalf,Colombia,0,0,0,0,0,0,1,0,0,0 days 00:58:30
1953899,SecondHalf,Colombia,0,0,0,0,0,0,1,0,0,0 days 00:58:36
1953899,SecondHalf,Colombia,0,0,0,0,0,0,1,0,0,0 days 00:58:38
1953899,SecondHalf,Colombia,0,0,0,0,0,0,1,0,0,0 days 00:58:40
1953899,SecondHalf,Colombia,0,0,0,0,0,0,1,0,0,0 days 00:58:44
1953899,SecondHalf,Colombia,0,0,0,0,0,0,1,0,0,0 days 00:58:47
1953899,SecondHalf,Colombia,0,0,0,0,0,0,1,0,0,0 days 00:58:47
1953899,SecondHalf,Colombia,0,0,0,0,0,0,1,0,0,0 days 00:58:50
1953899,SecondHalf,Portugal,0,0,0,0,0,0,1,0,0,0 days 00:58:53
1953899,SecondHalf,Portugal,0,0,0,0,0,0,1,0,0,0 days 00:58:54
1953899,SecondHalf,Portugal,0,1,0,0,0,0,0,0,0,0 days 00:58:55
1953899,SecondHalf,Portugal,0,0,0,0,0,0,1,0,0,0 days 00:58:58
1953899,SecondHalf,Portugal,0,0,0,0,0,0,0,0,0,0 days 00:59:00
1953899,SecondHalf,Colombia,0,0,0,0,0,0,0,0,0,0 days 00:59:00
1953899,SecondHalf,Colombia,0,0,0,0,0,0,0,0,0,0 days 00:59:37
1953899,SecondHalf,Colombia,0,0,0,0,0,0,0,0,0,0 days 00:59:37
1953899,SecondHalf,Colombia,0,0,0,0,0,0,0,0,0,0 days 00:59:44
1953899,SecondHalf,Colombia,0,0,0,0,0,0,0,0,0,0 days 00:59:44
1953899,SecondHalf,Portugal,0,0,0,0,0,0,0,0,0,0 days 00:59:00
1953899,SecondHalf,Colombia,0,0,0,0,0,0,1,0,0,0 days 01:00:01
1953899,SecondHalf,Colombia,0,0,0,0,0,0,0,0,0,0 days 01:00:04
1953899,SecondHalf,Portugal,0,0,0,0,0,0,0,0,0,0 days 01:00:04
1953899,SecondHalf,Portugal,0,0,1,0,0,0,0,0,0,0 days 01:00:04
1953899,SecondHalf,Colombia,0,0,0,0,0,0,1,0,0,0 days 01:00:06
1953899,SecondHalf,Colombia,0,0,0,0,0,0,1,0,0,0 days 01:00:11
1953899,SecondHalf,Colombia,0,0,0,0,0,0,1,0,0,0 days 01:00:14
1953899,SecondHalf,Colombia,0,0,0,0,0,0,1,0,0,0 days 01:00:17
1953899,SecondHalf,Colombia,0,0,0,0,0,0,1,0,0,0 days 01:00:19
1953899,SecondHalf,Colombia,0,0,0,0,0,0,1,0,0,0 days 01:00:26
1953899,SecondHalf,Colombia,0,0,0,0,0,0,1,0,0,0 days 01:00:28
1953899,SecondHalf,Colombia,0,0,0,0,0,0,1,0,0,0 days 01:00:30
1953899,SecondHalf,Colombia,0,0,0,0,0,0,1,0,0,0 days 01:00:34
1953899,SecondHalf,Colombia,0,0,0,0,0,0,1,0,0,0 days 01:00:37
1953899,SecondHalf,Colombia,0,0,0,0,0,0,1,0,0,0 days 01:00:41
1953899,SecondHalf,Portugal,0,0,0,0,0,0,1,0,0,0 days 01:00:46
1953899,SecondHalf,Portugal,0,0,0,0,0,0,0,0,0,0 days 01:00:49
1953899,SecondHalf,Portugal,0,0,0,0,0,0,1,0,0,0 days 01:00:51
1953899,SecondHalf,Portugal,0,0,0,0,0,0,1,0,0,0 days 01:00:53
1953899,SecondHalf,Portugal,0,0,0,0,0,0,1,0,0,0 days 01:00:55
1953899,SecondHalf,Portugal,0,0,0,0,0,0,1,0,0,0 days 01:01:00
1953899,SecondHalf,Portugal,0,0,0,0,0,0,1,0,0,0 days 01:01:03
1953899,SecondHalf,Portugal,0,0,0,0,0,0,1,0,0,0 days 01:01:06
1953899,SecondHalf,Colombia,0,1,0,0,0,0,0,0,0,0 days 01:01:07
1953899,SecondHalf,Colombia,0,0,0,0,0,0,1,0,0,0 days 01:01:08
1953899,SecondHalf,Colombia,0,0,0,0,0,0,1,0,0,0 days 01:01:12
1953899,SecondHalf,Colombia,0,0,0,0,0,0,1,0,0,0 days 01:01:13
1953899,SecondHalf,Colombia,0,0,0,0,0,0,1,0,0,0 days 01:01:14
1953899,SecondHalf,Colombia,0,0,0,0,0,0,1,0,0,0 days 01:01:17
1953899,SecondHalf,Colombia,0,0,0,0,0,0,1,0,0,0 days 01:01:20
1953899,SecondHalf,Colombia,1,0,0,0,0,0,0,0,0,0 days 01:01:22
1953899,SecondHalf,Portugal,0,0,0,0,0,0,1,0,0,0 days 01:01:38
1953899,SecondHalf,Portugal,0,0,0,0,0,0,1,0,0,0 days 01:01:40
1953899,SecondHalf,Portugal,0,0,0,0,0,0,1,0,0,0 days 01:01:44
1953899,SecondHalf,Portugal,0,0,0,0,0,0,1,0,0,0 days 01:01:46
1953899,SecondHalf,Colombia,0,1,0,0,0,0,0,0,0,0 days 01:01:52
1953899,SecondHalf,Colombia,0,0,0,0,0,0,1,0,0,0 days 01:01:56
1953899,SecondHalf,Colombia,0,0,0,0,0,0,1,0,0,0 days 01:02:00
1953899,SecondHalf,Colombia,0,0,0,0,0,0,1,0,0,0 days 01:02:03
1953899,SecondHalf,Colombia,0,0,0,0,0,0,1,0,0,0 days 01:02:04
1953899,SecondHalf,Colombia,0,0,0,0,0,0,1,0,0,0 days 01:02:08
1953899,SecondHalf,Colombia,0,0,0,0,0,0,1,0,0,0 days 01:02:14
1953899,SecondHalf,Colombia,0,0,0,0,0,0,0,0,1,0 days 01:02:17
1953899,SecondHalf,Portugal,0,0,0,0,0,0,0,1,0,0 days 01:02:17
1953899,SecondHalf,Portugal,0,1,0,0,0,0,0,0,0,0 days 01:02:19
1953899,SecondHalf,Portugal,0,0,0,0,0,0,1,0,0,0 days 01:02:19
1953899,SecondHalf,Portugal,0,0,0,0,0,0,1,0,0,0 days 01:02:25
1953899,SecondHalf,Colombia,0,0,0,0,1,0,0,0,0,0 days 01:02:33
1953899,SecondHalf,Portugal,0,0,0,0,1,0,0,0,0,0 days 01:02:33
1953899,SecondHalf,Portugal,0,0,0,0,0,0,1,0,0,0 days 01:03:27
1953899,SecondHalf,Colombia,0,0,0,0,0,0,1,0,0,0 days 01:03:48
1953899,SecondHalf,Colombia,0,0,0,0,0,0,1,0,0,0 days 01:03:53
1953899,SecondHalf,Colombia,0,0,0,0,0,0,1,0,0,0 days 01:04:01
1953899,SecondHalf,Colombia,0,0,0,0,0,0,1,0,0,0 days 01:04:05
1953899,SecondHalf,Colombia,0,0,0,0,0,0,1,0,0,0 days 01:04:08
1953899,SecondHalf,Portugal,0,0,0,0,0,0,0,0,0,0 days 01:04:12
1953899,SecondHalf,Colombia,1,0,0,0,0,0,0,0,0,0 days 01:04:12
1953899,SecondHalf,Portugal,0,0,0,0,0,0,0,0,0,0 days 01:04:15
1953899,SecondHalf,Colombia,0,0,0,0,0,0,0,0,0,0 days 01:04:15
1953899,SecondHalf,Colombia,0,0,0,0,0,0,1,0,0,0 days 01:04:40
1953899,SecondHalf,Colombia,0,0,0,0,0,0,1,0,0,0 days 01:04:42
1953899,SecondHalf,Colombia,0,0,0,0,0,0,1,0,0,0 days 01:04:43
1953899,SecondHalf,Portugal,0,0,0,0,0,0,0,0,0,0 days 01:04:45
1953899,SecondHalf,Colombia,0,0,0,0,0,0,0,0,0,0 days 01:04:45
1953899,SecondHalf,Colombia,1,0,0,0,0,0,0,0,0,0 days 01:04:45
1953899,SecondHalf,Portugal,0,0,0,0,0,0,1,0,0,0 days 01:05:00
1953899,SecondHalf,Portugal,0,0,0,0,0,0,1,0,0,0 days 01:05:02
1953899,SecondHalf,Portugal,0,0,0,0,0,0,1,0,0,0 days 01:05:05
1953899,SecondHalf,Portugal,0,0,0,0,0,0,1,0,0,0 days 01:05:07
1953899,SecondHalf,Portugal,0,0,0,0,0,0,1,0,0,0 days 01:05:10
1953899,SecondHalf,Colombia,0,0,0,0,0,0,1,0,0,0 days 01:05:15
1953899,SecondHalf,Portugal,0,0,0,0,0,0,1,0,0,0 days 01:05:30
1953899,SecondHalf,Portugal,0,0,0,1,0,0,0,0,0,0 days 01:05:32
1953899,SecondHalf,Colombia,0,0,0,0,0,0,0,1,0,0 days 01:05:32
1953899,SecondHalf,Colombia,0,1,0,0,0,0,0,0,0,0 days 01:05:34
1953899,SecondHalf,Colombia,0,0,0,0,0,0,1,0,0,0 days 01:05:36
1953899,SecondHalf,Colombia,0,0,0,0,0,0,1,0,0,0 days 01:05:37
1953899,SecondHalf,Portugal,0,0,0,0,0,0,0,0,1,0 days 01:05:38
1953899,SecondHalf,Colombia,0,0,0,0,0,0,0,1,0,0 days 01:05:38
1953899,SecondHalf,Portugal,0,0,0,0,0,0,0,1,0,0 days 01:05:40
1953899,SecondHalf,Colombia,0,0,0,1,0,0,0,0,0,0 days 01:05:40
1953899,SecondHalf,Colombia,0,0,0,0,0,0,1,0,0,0 days 01:05:42
1953899,SecondHalf,Colombia,0,0,0,0,0,0,1,0,0,0 days 01:05:44
1953899,SecondHalf,Colombia,0,0,0,0,0,0,1,0,0,0 days 01:05:45
1953899,SecondHalf,Colombia,1,0,0,0,0,0,0,0,0,0 days 01:05:47
1953899,SecondHalf,Portugal,0,0,0,0,0,0,0,0,0,0 days 01:05:47
1953899,SecondHalf,Colombia,0,0,0,0,0,0,0,0,0,0 days 01:05:49
1953899,SecondHalf,Portugal,0,0,0,0,0,0,0,0,0,0 days 01:05:49
1953899,SecondHalf,Colombia,0,0,0,0,0,0,1,0,0,0 days 01:06:16
1953899,SecondHalf,Portugal,0,0,1,0,0,0,0,0,0,0 days 01:06:18
1953899,SecondHalf,Colombia,0,0,0,0,0,0,1,0,0,0 days 01:06:22
1953899,SecondHalf,Colombia,1,0,0,0,0,0,0,0,0,0 days 01:06:25
1953900,SecondHalf,Croatia,0,0,0,0,0,0,0,0,0,0 days 00:57:16
1953900,SecondHalf,Croatia,0,0,0,0,0,0,0,0,0,0 days 00:57:16
1953900,SecondHalf,Croatia,0,0,0,0,0,0,0,0,0,0 days 00:57:26
1953900,SecondHalf,England,0,0,0,0,0,0,1,0,0,0 days 00:57:28
1953900,SecondHalf,England,0,0,0,0,0,0,1,0,0,0 days 00:57:38
1953900,SecondHalf,England,0,0,0,0,0,0,1,0,0,0 days 00:57:42
1953900,SecondHalf,England,0,0,0,0,0,0,1,0,0,0 days 00:57:47
1953900,SecondHalf,England,0,0,0,0,0,0,1,0,0,0 days 00:57:51
1953900,SecondHalf,England,0,0,0,0,0,0,1,0,0,0 days 00:57:53
1953900,SecondHalf,England,0,0,0,0,0,0,1,0,0,0 days 00:57:55
1953900,SecondHalf,England,0,0,0,0,0,0,1,0,0,0 days 00:58:01
1953900,SecondHalf,England,0,0,0,0,0,0,1,0,0,0 days 00:58:06
1953900,SecondHalf,England,0,0,0,0,0,0,1,0,0,0 days 00:58:08
1953900,SecondHalf,Croatia,0,0,0,0,0,0,0,0,0,0 days 00:58:08
1953900,SecondHalf,England,0,0,0,0,0,0,1,0,0,0 days 00:58:13
1953900,SecondHalf,England,0,0,0,0,0,0,1,0,0,0 days 00:58:16
1953900,SecondHalf,England,0,0,0,0,0,0,1,0,0,0 days 00:58:26
1953900,SecondHalf,England,0,0,0,0,0,0,1,0,0,0 days 00:58:29
1953900,SecondHalf,England,0,0,0,0,0,0,1,0,0,0 days 00:58:30
1953900,SecondHalf,England,0,0,0,0,0,0,1,0,0,0 days 00:58:32
1953900,SecondHalf,England,0,0,0,0,0,0,1,0,0,0 days 00:58:33
1953900,SecondHalf,England,0,0,0,0,0,0,1,0,0,0 days 00:58:37
1953900,SecondHalf,Croatia,0,0,0,0,0,0,0,0,0,0 days 00:58:40
1953900,SecondHalf,England,0,0,0,0,0,0,0,0,0,0 days 00:58:40
1953900,SecondHalf,Croatia,0,0,1,0,0,0,0,0,0,0 days 00:58:41
1953900,SecondHalf,England,0,0,0,0,0,0,0,0,0,0 days 00:58:43
1953900,SecondHalf,Croatia,0,0,0,0,0,0,0,0,0,0 days 00:58:43
1953900,SecondHalf,England,0,0,0,0,0,0,1,0,0,0 days 00:58:43
1953900,SecondHalf,England,0,0,0,0,0,0,1,0,0,0 days 00:58:49
1953900,SecondHalf,England,0,0,0,0,0,0,1,0,0,0 days 00:58:52
1953900,SecondHalf,England,0,0,0,0,0,0,1,0,0,0 days 00:58:55
1953900,SecondHalf,England,0,0,0,0,0,0,1,0,0,0 days 00:58:56
1953900,SecondHalf,England,0,0,0,0,0,0,1,0,0,0 days 00:59:03
1953900,SecondHalf,England,0,0,0,0,0,0,1,0,0,0 days 00:59:04
1953900,SecondHalf,England,0,0,0,0,0,0,1,0,0,0 days 00:59:06
1953900,SecondHalf,England,0,0,0,0,0,0,1,0,0,0 days 00:59:07
1953900,SecondHalf,England,0,0,0,0,0,0,1,0,0,0 days 00:59:08
1953900,SecondHalf,England,0,0,0,0,0,0,0,0,0,0 days 00:59:09
1953900,SecondHalf,Croatia,0,0,0,0,0,0,1,0,0,0 days 00:59:19
1953900,SecondHalf,Croatia,0,0,0,0,0,0,1,0,0,0 days 00:59:22
1953900,SecondHalf,Croatia,0,0,0,0,0,0,1,0,0,0 days 00:59:30
1953900,SecondHalf,Croatia,0,0,0,0,0,0,0,0,0,0 days 00:59:34
1953900,SecondHalf,England,0,1,0,0,0,0,0,0,0,0 days 00:59:35
1953900,SecondHalf,England,0,0,0,0,0,0,1,0,0,0 days 00:59:40
1953900,SecondHalf,Croatia,0,0,0,0,0,0,1,0,0,0 days 01:00:03
1953900,SecondHalf,England,0,0,0,0,0,0,1,0,0,0 days 01:00:05
1953900,SecondHalf,Croatia,0,0,0,0,0,0,1,0,0,0 days 01:00:29
1953900,SecondHalf,England,0,0,0,0,0,0,0,0,0,0 days 01:00:32
1953900,SecondHalf,Croatia,0,0,0,0,0,0,0,0,0,0 days 01:00:32
1953900,SecondHalf,Croatia,0,0,0,0,0,0,1,0,0,0 days 01:00:32
1953900,SecondHalf,England,0,0,0,0,0,0,0,0,0,0 days 01:00:33
1953900,SecondHalf,Croatia,0,0,0,0,0,0,1,0,0,0 days 01:00:36
1953900,SecondHalf,England,0,1,0,0,0,0,0,0,0,0 days 01:00:38
1953900,SecondHalf,England,0,0,0,0,0,0,1,0,0,0 days 01:00:39
1953900,SecondHalf,England,0,0,0,0,0,0,1,0,0,0 days 01:00:40
1953900,SecondHalf,England,0,0,0,0,0,0,1,0,0,0 days 01:00:45
1953900,SecondHalf,England,0,0,0,0,1,0,0,0,0,0 days 01:00:51
1953900,SecondHalf,Croatia,0,0,0,0,1,0,0,0,0,0 days 01:00:51
1953900,SecondHalf,England,0,0,0,0,0,0,1,0,0,0 days 01:01:07
1953900,SecondHalf,England,0,0,0,0,0,0,1,0,0,0 days 01:01:13
1953900,SecondHalf,England,0,0,0,0,0,0,1,0,0,0 days 01:01:21
1953900,SecondHalf,England,0,0,0,0,0,0,1,0,0,0 days 01:01:22
1953900,SecondHalf,England,0,0,0,0,0,0,1,0,0,0 days 01:01:24
1953900,SecondHalf,England,0,0,0,0,0,0,1,0,0,0 days 01:01:26
1953900,SecondHalf,England,0,0,0,0,0,0,1,0,0,0 days 01:01:29
1953900,SecondHalf,Croatia,0,0,0,0,0,0,1,0,0,0 days 01:01:38
1953900,SecondHalf,Croatia,0,0,0,0,0,0,1,0,0,0 days 01:01:41
1953900,SecondHalf,Croatia,0,0,0,0,1,0,0,0,0,0 days 01:01:44
1953900,SecondHalf,England,0,0,0,0,1,0,0,0,0,0 days 01:01:44
1953900,SecondHalf,Croatia,0,0,0,0,0,0,1,0,0,0 days 01:01:48
1953900,SecondHalf,Croatia,0,0,0,0,0,0,1,0,0,0 days 01:01:50
1953900,SecondHalf,Croatia,0,0,0,0,0,0,1,0,0,0 days 01:01:53
1953900,SecondHalf,Croatia,0,0,0,0,0,0,1,0,0,0 days 01:01:55
1953900,SecondHalf,Croatia,0,0,0,0,0,0,1,0,0,0 days 01:01:59
1953900,SecondHalf,Croatia,0,0,0,0,0,0,1,0,0,0 days 01:02:02
1953900,SecondHalf,Croatia,0,0,0,0,0,0,1,0,0,0 days 01:02:08
1953900,SecondHalf,England,0,0,0,0,0,0,1,0,0,0 days 01:02:11
1953900,SecondHalf,England,0,0,0,0,0,0,1,0,0,0 days 01:02:12
1953900,SecondHalf,Croatia,0,0,0,0,0,0,1,0,0,0 days 01:02:16
1953900,SecondHalf,Croatia,0,0,0,0,0,0,1,0,0,0 days 01:02:18
1953900,SecondHalf,Croatia,0,0,0,0,0,0,1,0,0,0 days 01:02:21
1953900,SecondHalf,Croatia,0,0,0,0,0,0,1,0,0,0 days 01:02:22
1953900,SecondHalf,Croatia,0,0,0,0,0,0,1,0,0,0 days 01:02:24
1953900,SecondHalf,Croatia,0,0,0,0,0,0,1,0,0,0 days 01:02:26
1953900,SecondHalf,Croatia,0,0,0,0,0,0,1,0,0,0 days 01:02:31
1953900,SecondHalf,Croatia,0,0,0,0,0,0,1,0,0,0 days 01:02:32
1953900,SecondHalf,Croatia,0,0,0,0,0,0,1,0,0,0 days 01:02:34
1953900,SecondHalf,Croatia,0,0,0,0,0,0,1,0,0,0 days 01:02:36
1953900,SecondHalf,England,0,0,0,0,0,0,0,0,0,0 days 01:02:38
1953900,SecondHalf,Croatia,0,0,0,0,0,0,0,0,0,0 days 01:02:38
1953900,SecondHalf,England,0,0,0,0,0,0,1,0,0,0 days 01:02:38
1953900,SecondHalf,England,0,1,0,0,0,0,0,0,0,0 days 01:02:41
1953900,SecondHalf,England,0,0,0,0,0,0,1,0,0,0 days 01:02:41
1953900,SecondHalf,England,0,0,0,0,0,0,1,0,0,0 days 01:02:42
1953900,SecondHalf,England,0,0,0,0,0,0,1,0,0,0 days 01:02:50
1953900,SecondHalf,England,0,0,0,0,0,0,1,0,0,0 days 01:02:55
1953900,SecondHalf,England,0,0,0,0,0,0,1,0,0,0 days 01:03:02
1953900,SecondHalf,England,0,0,0,0,0,0,1,0,0,0 days 01:03:05
1953900,SecondHalf,Croatia,0,0,0,0,0,0,0,0,0,0 days 01:03:09
1953900,SecondHalf,England,0,0,0,0,0,0,0,0,1,0 days 01:03:09
1953900,SecondHalf,England,0,0,0,1,0,0,0,0,0,0 days 01:03:11
1953900,SecondHalf,England,0,0,0,0,0,0,0,0,0,0 days 01:03:11
1953900,SecondHalf,Croatia,0,0,0,0,0,0,0,1,0,0 days 01:03:11
1953900,SecondHalf,Croatia,0,0,0,0,0,0,1,0,0,0 days 01:03:12
1953900,SecondHalf,Croatia,0,1,0,0,0,0,0,0,0,0 days 01:03:15
1953900,SecondHalf,Croatia,0,0,0,0,0,0,1,0,0,0 days 01:03:16
1953900,SecondHalf,Croatia,0,0,0,0,0,0,0,0,1,0 days 01:03:20
1953900,SecondHalf,England,0,0,0,0,0,0,0,1,0,0 days 01:03:20
1953900,SecondHalf,Croatia,0,0,0,0,0,0,0,0,0,0 days 01:03:21
1953900,SecondHalf,England,0,0,0,0,0,0,1,0,0,0 days 01:03:47
1953900,SecondHalf,England,0,0,0,0,0,0,1,0,0,0 days 01:03:49
1953900,SecondHalf,England,0,0,0,0,0,0,1,0,0,0 days 01:03:51
1953900,SecondHalf,England,0,0,0,0,0,0,1,0,0,0 days 01:03:52
1953900,SecondHalf,England,0,0,0,0,0,0,1,0,0,0 days 01:03:57
1953900,SecondHalf,Croatia,0,0,0,0,1,0,0,0,0,0 days 01:04:01
1953900,SecondHalf,England,0,0,0,0,1,0,0,0,0,0 days 01:04:01
1953900,SecondHalf,England,0,0,0,0,0,0,1,0,0,0 days 01:04:31
1953900,SecondHalf,England,0,0,0,0,0,0,1,0,0,0 days 01:04:34
1953900,SecondHalf,England,0,0,0,0,0,0,1,0,0,0 days 01:04:35
1953900,SecondHalf,England,0,0,0,0,0,0,1,0,0,0 days 01:04:38
1953900,SecondHalf,England,0,0,0,0,0,0,1,0,0,0 days 01:04:41
1953900,SecondHalf,England,0,0,0,0,0,0,1,0,0,0 days 01:04:43
1953900,SecondHalf,England,0,0,0,0,0,0,1,0,0,0 days 01:04:46
1953900,SecondHalf,England,0,0,0,0,0,0,1,0,0,0 days 01:04:49
1953900,SecondHalf,England,0,0,0,0,0,0,1,0,0,0 days 01:04:53
1953900,SecondHalf,England,0,0,0,0,0,0,1,0,0,0 days 01:04:55
1953900,SecondHalf,England,0,0,0,0,0,0,1,0,0,0 days 01:04:57
1953900,SecondHalf,England,0,0,0,0,0,0,1,0,0,0 days 01:04:58
1953900,SecondHalf,England,0,0,0,0,0,0,1,0,0,0 days 01:04:59
1953900,SecondHalf,England,0,0,0,0,0,0,1,0,0,0 days 01:05:00
1953900,SecondHalf,England,0,0,0,0,0,0,1,0,0,0 days 01:05:01
1953900,SecondHalf,Croatia,0,0,0,0,0,0,0,0,0,0 days 01:05:37
1953900,SecondHalf,Croatia,0,0,0,0,0,0,0,0,0,0 days 01:05:37
1953900,SecondHalf,Croatia,0,0,0,0,0,0,0,0,0,0 days 01:05:42
1953900,SecondHalf,Croatia,0,0,0,0,0,0,0,0,0,0 days 01:05:42
1953900,SecondHalf,Croatia,0,0,0,0,0,0,0,0,0,0 days 01:05:43
1953900,SecondHalf,Croatia,0,0,0,0,0,0,1,0,0,0 days 01:06:06
1953900,SecondHalf,Croatia,0,0,0,0,0,0,1,0,0,0 days 01:06:07
1953900,SecondHalf,England,0,1,0,0,0,0,0,0,0,0 days 01:06:11
1953900,SecondHalf,England,0,0,0,0,0,0,1,0,0,0 days 01:06:11
1953900,SecondHalf,England,0,0,0,0,0,0,1,0,0,0 days 01:06:13
1953900,SecondHalf,England,0,0,0,0,0,0,1,0,0,0 days 01:06:16
1953900,SecondHalf,England,0,0,0,0,0,0,1,0,0,0 days 01:06:20
1953900,SecondHalf,England,0,0,0,0,0,0,1,0,0,0 days 01:06:21
1953900,SecondHalf,England,0,0,0,0,0,0,1,0,0,0 days 01:06:24
1953900,SecondHalf,England,0,0,0,0,0,0,1,0,0,0 days 01:06:27
1953900,SecondHalf,Croatia,0,0,0,0,1,0,0,0,0,0 days 01:06:33
1953900,SecondHalf,England,0,0,0,0,1,0,0,0,0,0 days 01:06:33
1953900,SecondHalf,England,0,0,0,0,0,0,1,0,0,0 days 01:06:53
1953900,SecondHalf,England,0,0,0,0,0,0,1,0,0,0 days 01:06:59
1953901,SecondHalf,Ghana,0,0,0,0,0,0,0,0,0,0 days 00:57:32
1953901,SecondHalf,Ghana,0,0,0,0,0,0,0,0,0,0 days 00:57:32
1953901,SecondHalf,Ghana,0,0,0,0,0,0,0,0,0,0 days 00:57:33
1953901,SecondHalf,Ghana,0,0,0,0,0,0,0,0,0,0 days 00:57:33
1953901,SecondHalf,Ghana,0,0,0,0,0,0,1,0,0,0 days 00:57:57
1953901,SecondHalf,Panama,0,0,0,0,0,0,0,0,0,0 days 00:58:00
1953901,SecondHalf,Ghana,0,0,0,0,0,0,0,0,0,0 days 00:58:00
1953901,SecondHalf,Panama,0,0,0,0,0,0,1,0,0,0 days 00:58:01
1953901,SecondHalf,Ghana,0,0,0,0,0,0,1,0,0,0 days 00:58:02
1953901,SecondHalf,Panama,0,0,0,0,0,0,1,0,0,0 days 00:58:03
1953901,SecondHalf,Ghana,1,0,0,0,0,0,0,0,0,0 days 00:58:06
1953901,SecondHalf,Panama,0,0,0,0,0,0,1,0,0,0 days 00:58:14
1953901,SecondHalf,Panama,0,0,0,0,0,0,1,0,0,0 days 00:58:20
1953901,SecondHalf,Panama,0,0,0,0,0,0,1,0,0,0 days 00:58:23
1953901,SecondHalf,Panama,0,0,0,0,0,0,1,0,0,0 days 00:58:26
1953901,SecondHalf,Panama,0,0,0,0,0,0,1,0,0,0 days 00:58:27
1953901,SecondHalf,Panama,0,0,0,0,0,0,0,0,0,0 days 00:58:30
1953901,SecondHalf,Ghana,0,0,0,0,0,0,0,0,0,0 days 00:58:30
1953901,SecondHalf,Panama,0,0,0,0,0,0,1,0,0,0 days 00:58:31
1953901,SecondHalf,Panama,0,0,0,0,0,0,1,0,0,0 days 00:58:34
1953901,SecondHalf,Panama,0,0,0,0,0,0,1,0,0,0 days 00:58:35
1953901,SecondHalf,Panama,0,0,0,0,0,0,1,0,0,0 days 00:58:37
1953901,SecondHalf,Panama,0,0,0,0,0,0,1,0,0,0 days 00:58:39
1953901,SecondHalf,Panama,0,0,0,0,0,0,1,0,0,0 days 00:58:43
1953901,SecondHalf,Ghana,0,0,1,0,0,0,0,0,0,0 days 00:58:46
1953901,SecondHalf,Panama,0,0,0,0,0,0,1,0,0,0 days 00:58:50
1953901,SecondHalf,Panama,0,0,0,0,0,0,1,0,0,0 days 00:58:57
1953901,SecondHalf,Panama,0,0,0,0,0,0,1,0,0,0 days 00:59:01
1953901,SecondHalf,Panama,0,0,0,0,0,0,1,0,0,0 days 00:59:04
1953901,SecondHalf,Ghana,0,0,1,0,0,0,0,0,0,0 days 00:59:04
1953901,SecondHalf,Panama,0,0,0,0,0,0,0,0,0,0 days 00:59:07
1953901,SecondHalf,Panama,0,0,0,0,0,0,1,0,0,0 days 00:59:08
1953901,SecondHalf,Panama,0,0,0,0,0,0,1,0,0,0 days 00:59:09
1953901,SecondHalf,Ghana,0,0,1,0,0,0,0,0,0,0 days 00:59:10
1953901,SecondHalf,Panama,1,0,0,0,0,0,0,0,0,0 days 00:59:12
1953901,SecondHalf,Panama,1,0,0,0,0,0,0,0,0,0 days 00:59:14
1953901,SecondHalf,Ghana,0,0,0,0,0,0,1,0,0,0 days 00:59:51
1953901,SecondHalf,Panama,0,0,0,0,0,0,0,0,0,0 days 00:59:55
1953901,SecondHalf,Ghana,0,0,0,0,0,0,0,0,0,0 days 00:59:55
1953901,SecondHalf,Ghana,0,0,0,0,0,0,1,0,0,0 days 00:59:55
1953901,SecondHalf,Panama,0,0,0,0,0,0,0,0,0,0 days 00:59:56
1953901,SecondHalf,Ghana,0,0,0,0,0,0,1,0,0,0 days 00:59:58
1953901,SecondHalf,Ghana,0,0,0,0,0,0,0,0,0,0 days 01:00:01
1953901,SecondHalf,Panama,0,0,0,0,0,0,1,0,0,0 days 01:00:10
1953901,SecondHalf,Panama,0,0,0,0,0,0,1,0,0,0 days 01:00:15
1953901,SecondHalf,Panama,0,0,0,0,0,0,1,0,0,0 days 01:00:19
1953901,SecondHalf,Panama,0,0,0,0,0,0,1,0,0,0 days 01:00:23
1953901,SecondHalf,Ghana,0,0,0,0,0,0,1,0,0,0 days 01:00:26
1953901,SecondHalf,Ghana,0,1,0,0,0,0,0,0,0,0 days 01:00:27
1953901,SecondHalf,Ghana,0,0,0,0,0,0,1,0,0,0 days 01:00:28
1953901,SecondHalf,Ghana,0,0,0,0,0,0,1,0,0,0 days 01:00:30
1953901,SecondHalf,Ghana,0,0,0,0,0,0,1,0,0,0 days 01:00:34
1953901,SecondHalf,Ghana,0,0,0,0,0,0,0,0,0,0 days 01:00:37
1953901,SecondHalf,Panama,0,0,0,0,0,0,0,0,0,0 days 01:00:38
1953901,SecondHalf,Ghana,0,0,0,0,0,0,1,0,0,0 days 01:00:48
1953901,SecondHalf,Ghana,0,0,0,0,0,0,1,0,0,0 days 01:00:52
1953901,SecondHalf,Ghana,0,0,0,0,0,0,1,0,0,0 days 01:00:55
1953901,SecondHalf,Ghana,0,0,0,0,0,0,1,0,0,0 days 01:00:57
1953901,SecondHalf,Ghana,0,0,0,0,0,0,1,0,0,0 days 01:01:00
1953901,SecondHalf,Ghana,0,0,0,0,0,0,1,0,0,0 days 01:01:03
1953901,SecondHalf,Panama,0,0,0,0,0,0,1,0,0,0 days 01:01:04
1953901,SecondHalf,Ghana,0,0,0,0,0,0,0,1,0,0 days 01:01:05
1953901,SecondHalf,Panama,0,0,0,0,0,0,0,0,1,0 days 01:01:05
1953901,SecondHalf,Panama,0,0,0,0,0,0,0,0,0,0 days 01:01:06
1953901,SecondHalf,Ghana,0,0,0,0,0,0,1,0,0,0 days 01:01:10
1953901,SecondHalf,Ghana,0,0,0,0,0,0,1,0,0,0 days 01:01:12
1953901,SecondHalf,Panama,0,0,1,0,0,0,0,0,0,0 days 01:01:12
1953901,SecondHalf,Ghana,0,0,0,0,0,0,0,0,0,0 days 01:01:15
1953901,SecondHalf,Panama,0,0,0,0,0,0,0,0,0,0 days 01:01:15
1953901,SecondHalf,Ghana,0,0,0,0,0,0,1,0,0,0 days 01:01:46
1953901,SecondHalf,Panama,0,0,0,0,0,0,0,0,0,0 days 01:02:10
1953901,SecondHalf,Panama,0,0,0,0,0,0,0,0,0,0 days 01:02:10
1953901,SecondHalf,Panama,0,0,0,0,0,0,0,0,0,0 days 01:02:24
1953901,SecondHalf,Panama,0,0,0,0,0,0,0,0,0,0 days 01:02:24
1953901,SecondHalf,Panama,0,0,0,0,0,0,1,0,0,0 days 01:02:33
1953901,SecondHalf,Panama,0,0,0,0,0,0,1,0,0,0 days 01:02:37
1953901,SecondHalf,Panama,0,0,0,0,0,0,1,0,0,0 days 01:02:40
1953901,SecondHalf,Panama,0,0,0,0,0,0,0,0,0,0 days 01:02:43
1953901,SecondHalf,Ghana,0,1,0,0,0,0,0,0,0,0 days 01:02:43
1953901,SecondHalf,Ghana,0,0,0,0,0,0,1,0,0,0 days 01:02:46
1953901,SecondHalf,Panama,0,1,0,0,0,0,0,0,0,0 days 01:02:49
1953901,SecondHalf,Panama,0,0,0,0,0,0,1,0,0,0 days 01:02:49
1953901,SecondHalf,Panama,0,0,0,0,0,0,0,0,1,0 days 01:02:51
1953901,SecondHalf,Ghana,0,0,0,0,0,0,0,1,0,0 days 01:02:51
1953901,SecondHalf,Ghana,0,1,0,0,0,0,0,0,0,0 days 01:02:55
1953901,SecondHalf,Panama,0,0,0,0,0,0,0,0,0,0 days 01:02:55
1953901,SecondHalf,Ghana,0,0,0,0,0,0,0,0,1,0 days 01:02:55
1953901,SecondHalf,Ghana,0,0,0,0,0,0,1,0,0,0 days 01:02:56
1953901,SecondHalf,Ghana,0,0,0,0,0,0,1,0,0,0 days 01:02:57
1953901,SecondHalf,Ghana,0,0,0,0,0,0,1,0,0,0 days 01:02:59
1953901,SecondHalf,Ghana,0,0,0,0,0,0,1,0,0,0 days 01:03:02
1953901,SecondHalf,Ghana,0,0,0,0,0,0,1,0,0,0 days 01:03:04
1953901,SecondHalf,Ghana,0,0,0,0,0,0,1,0,0,0 days 01:03:06
1953901,SecondHalf,Ghana,0,0,0,0,0,0,1,0,0,0 days 01:03:09
1953901,SecondHalf,Ghana,0,0,0,0,0,0,1,0,0,0 days 01:03:13
1953901,SecondHalf,Panama,0,0,0,0,0,1,0,0,0,0 days 01:03:14
1953901,SecondHalf,Panama,0,1,0,0,0,0,0,0,0,0 days 01:03:14
1953901,SecondHalf,Panama,0,0,0,0,0,0,1,0,0,0 days 01:03:15
1953901,SecondHalf,Panama,0,0,0,0,0,0,1,0,0,0 days 01:03:21
1953901,SecondHalf,Panama,0,0,0,0,0,0,1,0,0,0 days 01:03:27
1953901,SecondHalf,Panama,0,0,0,0,0,0,1,0,0,0 days 01:03:31
1953901,SecondHalf,Panama,0,0,0,0,0,0,1,0,0,0 days 01:03:33
1953901,SecondHalf,Panama,0,0,0,0,0,0,1,0,0,0 days 01:03:36
1953901,SecondHalf,Panama,1,0,0,0,0,0,0,0,0,0 days 01:03:41
1953901,SecondHalf,Ghana,0,0,0,0,0,0,0,0,0,0 days 01:03:41
1953901,SecondHalf,Ghana,0,0,0,0,0,0,0,0,0,0 days 01:03:42
1953901,SecondHalf,Ghana,0,0,0,0,0,0,1,0,0,0 days 01:03:57
1953901,SecondHalf,Ghana,0,0,0,0,0,0,1,0,0,0 days 01:04:09
1953901,SecondHalf,Ghana,0,0,0,0,0,0,1,0,0,0 days 01:04:10
1953901,SecondHalf,Panama,0,0,0,0,0,0,0,0,0,0 days 01:04:11
1953901,SecondHalf,Ghana,0,0,0,0,0,0,0,0,0,0 days 01:04:13
1953901,SecondHalf,Ghana,0,0,0,0,0,0,0,0,1,0 days 01:04:15
1953901,SecondHalf,Panama,0,0,0,0,0,0,0,1,0,0 days 01:04:15
1953901,SecondHalf,Panama,0,1,0,0,0,0,0,0,0,0 days 01:04:17
1953901,SecondHalf,Panama,0,0,0,0,0,0,1,0,0,0 days 01:04:19
1953901,SecondHalf,Ghana,0,0,0,0,0,0,1,0,0,0 days 01:04:28
1953901,SecondHalf,Ghana,0,0,0,0,0,0,1,0,0,0 days 01:04:32
1953901,SecondHalf,Ghana,0,0,0,0,0,0,1,0,0,0 days 01:04:33
1953901,SecondHalf,Ghana,0,0,0,0,0,0,1,0,0,0 days 01:04:36
1953901,SecondHalf,Ghana,0,0,0,0,0,0,1,0,0,0 days 01:04:40
1953901,SecondHalf,Ghana,0,0,0,0,0,0,1,0,0,0 days 01:04:43
1953901,SecondHalf,Panama,0,0,0,0,0,1,0,0,0,0 days 01:04:47
1953901,SecondHalf,Ghana,0,0,0,0,0,0,0,0,0,0 days 01:04:47
1953901,SecondHalf,Panama,0,0,0,0,0,0,0,0,0,0 days 01:04:47
1953901,SecondHalf,Ghana,0,0,0,0,0,0,1,0,0,0 days 01:05:37
1953901,SecondHalf,Panama,0,0,0,0,0,0,0,0,0,0 days 01:05:39
1953901,SecondHalf,Ghana,1,0,0,0,0,0,0,0,0,0 days 01:05:39
1953901,SecondHalf,Ghana,0,0,0,0,0,0,0,0,0,0 days 01:05:39
1953901,SecondHalf,Panama,0,1,0,0,0,0,0,0,0,0 days 01:05:45
1953901,SecondHalf,Panama,0,0,0,0,0,0,1,0,0,0 days 01:05:49
1953901,SecondHalf,Panama,0,0,0,0,0,0,1,0,0,0 days 01:05:51
1953901,SecondHalf,Panama,0,0,0,0,0,0,1,0,0,0 days 01:05:53
1953901,SecondHalf,Ghana,0,0,0,0,0,0,1,0,0,0 days 01:05:55
1953901,SecondHalf,Ghana,0,0,0,0,0,0,1,0,0,0 days 01:05:56
1953901,SecondHalf,Ghana,0,0,0,0,0,0,1,0,0,0 days 01:05:57
1953901,SecondHalf,Panama,0,0,0,0,0,0,0,0,0,0 days 01:05:59
1953901,SecondHalf,Ghana,0,0,0,0,0,0,1,0,0,0 days 01:06:01
1953901,SecondHalf,Panama,0,0,0,0,0,0,0,1,0,0 days 01:06:02
1953901,SecondHalf,Ghana,0,0,0,1,0,0,0,0,0,0 days 01:06:02
1953901,SecondHalf,Ghana,1,0,0,0,0,0,0,0,0,0 days 01:06:03
1953901,SecondHalf,Panama,0,0,0,0,0,0,0,0,0,0 days 01:06:04
1953901,SecondHalf,Panama,0,1,0,0,0,0,0,0,0,0 days 01:06:06
1953901,SecondHalf,Panama,0,0,0,0,0,0,1,0,0,0 days 01:06:07
1953901,SecondHalf,Panama,0,0,0,0,0,0,1,0,0,0 days 01:06:09
1953901,SecondHalf,Panama,0,0,0,0,0,0,1,0,0,0 days 01:06:13
1953901,SecondHalf,Panama,0,0,0,0,0,0,1,0,0,0 days 01:06:16
1953901,SecondHalf,Panama,0,0,0,0,0,0,1,0,0,0 days 01:06:21
1953901,SecondHalf,Panama,0,0,0,0,0,0,0,0,1,0 days 01:06:24
1953901,SecondHalf,Ghana,0,0,0,0,0,0,0,1,0,0 days 01:06:24
1953901,SecondHalf,Ghana,0,1,0,0,0,0,0,0,0,0 days 01:06:26
1953901,SecondHalf,Ghana,0,0,0,0,0,0,1,0,0,0 days 01:06:29
1953901,SecondHalf,Panama,0,1,0,0,0,0,0,0,0,0 days 01:06:33
1953901,SecondHalf,Ghana,0,0,0,0,0,0,0,0,0,0 days 01:06:36
1953901,SecondHalf,Panama,0,0,0,0,0,0,0,0,1,0 days 01:06:36
1953901,SecondHalf,Panama,1,0,0,0,0,0,0,0,0,0 days 01:06:38
1953902,SecondHalf,Panama,0,0,0,0,0,0,1,0,0,0 days 00:57:04
1953902,SecondHalf,Panama,0,0,0,0,0,0,1,0,0,0 days 00:57:07
1953902,SecondHalf,Croatia,0,0,0,0,0,0,0,0,0,0 days 00:57:10
1953902,SecondHalf,Panama,0,0,0,0,0,0,0,0,0,0 days 00:57:10
1953902,SecondHalf,Panama,0,0,0,0,0,0,1,0,0,0 days 00:57:11
1953902,SecondHalf,Panama,0,0,0,0,0,0,1,0,0,0 days 00:57:12
1953902,SecondHalf,Panama,0,0,0,0,0,0,1,0,0,0 days 00:57:15
1953902,SecondHalf,Croatia,0,0,0,0,0,0,0,0,0,0 days 00:57:17
1953902,SecondHalf,Croatia,0,1,0,0,0,0,0,0,0,0 days 00:57:18
1953902,SecondHalf,Croatia,0,0,0,0,0,0,1,0,0,0 days 00:57:19
1953902,SecondHalf,Panama,0,0,0,0,0,0,1,0,0,0 days 00:57:21
1953902,SecondHalf,Croatia,0,0,0,0,0,0,1,0,0,0 days 00:57:22
1953902,SecondHalf,Croatia,0,0,0,0,0,0,1,0,0,0 days 00:57:24
1953902,SecondHalf,Croatia,0,0,0,0,0,0,1,0,0,0 days 00:57:26
1953902,SecondHalf,Croatia,0,0,0,0,0,0,1,0,0,0 days 00:57:28
1953902,SecondHalf,Croatia,0,0,0,0,0,0,1,0,0,0 days 00:57:36
1953902,SecondHalf,Croatia,0,0,0,0,0,0,1,0,0,0 days 00:57:38
1953902,SecondHalf,Croatia,0,0,0,0,0,0,1,0,0,0 days 00:57:40
1953902,SecondHalf,Croatia,0,0,0,0,0,0,1,0,0,0 days 00:57:44
1953902,SecondHalf,Croatia,0,0,0,0,0,0,1,0,0,0 days 00:57:47
1953902,SecondHalf,Croatia,0,0,0,0,1,0,0,0,0,0 days 00:57:51
1953902,SecondHalf,Panama,0,0,0,0,1,0,0,0,0,0 days 00:57:51
1953902,SecondHalf,Croatia,0,0,0,0,0,0,1,0,0,0 days 00:58:12
1953902,SecondHalf,Croatia,0,0,0,0,0,0,1,0,0,0 days 00:58:14
1953902,SecondHalf,Croatia,0,0,0,0,0,0,1,0,0,0 days 00:58:18
1953902,SecondHalf,Croatia,0,0,0,0,0,0,1,0,0,0 days 00:58:21
1953902,SecondHalf,Croatia,0,0,0,0,0,0,1,0,0,0 days 00:58:22
1953902,SecondHalf,Croatia,0,0,0,0,0,0,1,0,0,0 days 00:58:25
1953902,SecondHalf,Croatia,0,0,0,0,0,0,1,0,0,0 days 00:58:32
1953902,SecondHalf,Croatia,0,0,0,0,0,0,1,0,0,0 days 00:58:39
1953902,SecondHalf,Croatia,0,0,0,0,0,0,1,0,0,0 days 00:58:40
1953902,SecondHalf,Croatia,0,0,0,0,0,0,1,0,0,0 days 00:58:41
1953902,SecondHalf,Croatia,0,0,0,0,0,0,0,0,0,0 days 00:58:46
1953902,SecondHalf,Panama,0,0,0,0,0,0,0,0,0,0 days 00:58:47
1953902,SecondHalf,Panama,0,1,0,0,0,0,0,0,0,0 days 00:58:48
1953902,SecondHalf,Panama,0,0,0,0,0,0,1,0,0,0 days 00:58:52
1953902,SecondHalf,Panama,0,0,0,0,0,0,1,0,0,0 days 00:58:56
1953902,SecondHalf,Panama,0,0,0,0,0,0,1,0,0,0 days 00:59:02
1953902,SecondHalf,Panama,0,0,0,0,0,0,1,0,0,0 days 00:59:06
1953902,SecondHalf,Panama,1,0,0,0,0,0,0,0,0,0 days 00:59:07
1953902,SecondHalf,Panama,0,0,0,0,0,0,1,0,0,0 days 00:59:11
1953902,SecondHalf,Panama,0,0,0,0,0,0,1,0,0,0 days 00:59:12
1953902,SecondHalf,Croatia,0,0,1,0,0,0,0,0,0,0 days 00:59:13
1953902,SecondHalf,Croatia,0,0,0,0,0,0,0,0,0,0 days 00:59:14
1953902,SecondHalf,Panama,0,0,0,0,0,0,0,0,0,0 days 00:59:14
1953902,SecondHalf,Croatia,0,0,1,0,0,0,0,0,0,0 days 00:59:15
1953902,SecondHalf,Croatia,0,0,0,1,0,0,0,0,0,0 days 00:59:21
1953902,SecondHalf,Panama,0,0,0,0,0,0,0,1,0,0 days 00:59:21
1953902,SecondHalf,Croatia,0,0,0,0,0,1,0,0,0,0 days 00:59:25
1953902,SecondHalf,Panama,0,0,0,0,0,0,1,0,0,0 days 00:59:25
1953902,SecondHalf,Croatia,0,1,0,0,0,0,0,0,0,0 days 00:59:26
1953902,SecondHalf,Croatia,0,0,0,0,0,0,1,0,0,0 days 00:59:27
1953902,SecondHalf,Croatia,0,0,0,0,0,0,1,0,0,0 days 00:59:30
1953902,SecondHalf,Panama,0,0,0,0,1,0,0,0,0,0 days 00:59:33
1953902,SecondHalf,Croatia,0,0,0,0,1,0,0,0,0,0 days 00:59:33
1953902,SecondHalf,Croatia,0,0,0,0,0,0,1,0,0,0 days 00:59:54
1953902,SecondHalf,Croatia,0,0,0,0,0,0,1,0,0,0 days 00:59:59
1953902,SecondHalf,Croatia,0,0,0,0,0,0,1,0,0,0 days 01:00:02
1953902,SecondHalf,Panama,0,0,0,0,1,0,0,0,0,0 days 01:00:06
1953902,SecondHalf,Croatia,0,0,0,0,1,0,0,0,0,0 days 01:00:06
1953902,SecondHalf,Panama,0,0,0,0,0,0,0,0,0,0 days 01:00:09
1953902,SecondHalf,Croatia,0,0,0,0,0,0,1,0,0,0 days 01:00:34
1953902,SecondHalf,Croatia,0,0,0,0,0,0,1,0,0,0 days 01:00:38
1953902,SecondHalf,Croatia,0,0,0,0,0,0,1,0,0,0 days 01:00:42
1953902,SecondHalf,Croatia,0,0,0,0,0,0,1,0,0,0 days 01:00:45
1953902,SecondHalf,Croatia,0,0,0,0,0,0,1,0,0,0 days 01:00:48
1953902,SecondHalf,Panama,0,0,0,0,0,0,0,0,0,0 days 01:00:53
1953902,SecondHalf,Panama,0,0,0,0,0,0,1,0,0,0 days 01:00:55
1953902,SecondHalf,Panama,0,0,0,0,0,0,1,0,0,0 days 01:00:59
1953902,SecondHalf,Panama,0,0,0,0,0,0,1,0,0,0 days 01:01:04
1953902,SecondHalf,Panama,0,0,0,0,0,0,1,0,0,0 days 01:01:07
1953902,SecondHalf,Panama,0,0,0,0,0,0,1,0,0,0 days 01:01:10
1953902,SecondHalf,Croatia,0,0,0,0,0,0,0,0,0,0 days 01:01:11
1953902,SecondHalf,Panama,0,0,0,0,0,0,1,0,0,0 days 01:01:11
1953902,SecondHalf,Croatia,0,0,0,0,0,0,1,0,0,0 days 01:01:12
1953902,SecondHalf,Croatia,0,1,0,0,0,0,0,0,0,0 days 01:01:12
1953902,SecondHalf,Croatia,0,0,0,0,0,0,1,0,0,0 days 01:01:13
1953902,SecondHalf,Panama,0,0,0,0,0,1,0,0,0,0 days 01:01:14
1953902,SecondHalf,Panama,0,1,0,0,0,0,0,0,0,0 days 01:01:15
1953902,SecondHalf,Panama,0,0,0,0,0,0,1,0,0,0 days 01:01:17
1953902,SecondHalf,Panama,0,0,0,0,0,0,1,0,0,0 days 01:01:21
1953902,SecondHalf,Panama,0,0,0,0,0,0,1,0,0,0 days 01:01:25
1953902,SecondHalf,Croatia,0,0,1,0,0,0,0,0,0,0 days 01:01:26
1953902,SecondHalf,Panama,0,0,0,0,0,0,1,0,0,0 days 01:01:32
1953902,SecondHalf,Croatia,0,0,1,0,0,0,0,0,0,0 days 01:01:37
1953902,SecondHalf,Panama,0,0,0,0,0,0,1,0,0,0 days 01:01:37
1953902,SecondHalf,Panama,0,0,0,0,0,0,0,0,0,0 days 01:01:38
1953902,SecondHalf,Croatia,0,0,0,0,0,0,0,0,0,0 days 01:01:39
1953902,SecondHalf,Panama,0,0,0,0,0,0,0,0,0,0 days 01:01:39
1953902,SecondHalf,Panama,0,0,0,0,0,0,1,0,0,0 days 01:02:04
1953902,SecondHalf,Panama,0,0,0,0,0,0,1,0,0,0 days 01:02:07
1953902,SecondHalf,Panama,0,0,0,0,0,0,1,0,0,0 days 01:02:12
1953902,SecondHalf,Croatia,0,0,0,0,0,0,0,1,0,0 days 01:02:14
1953902,SecondHalf,Panama,0,0,0,0,0,0,0,0,1,0 days 01:02:14
1953902,SecondHalf,Croatia,0,1,0,0,0,0,0,0,0,0 days 01:02:15
1953902,SecondHalf,Croatia,0,0,0,0,0,0,1,0,0,0 days 01:02:21
1953902,SecondHalf,Croatia,0,0,0,0,0,0,1,0,0,0 days 01:02:24
1953902,SecondHalf,Croatia,0,0,0,0,0,0,1,0,0,0 days 01:02:26
1953902,SecondHalf,Panama,0,0,0,0,0,0,0,0,0,0 days 01:02:26
1953902,SecondHalf,Croatia,0,0,0,0,0,0,1,0,0,0 days 01:02:30
1953902,SecondHalf,Croatia,0,0,0,0,0,0,1,0,0,0 days 01:02:35
1953902,SecondHalf,Croatia,0,0,0,0,0,0,1,0,0,0 days 01:02:35
1953902,SecondHalf,Croatia,0,0,0,0,0,0,1,0,0,0 days 01:02:40
1953902,SecondHalf,Croatia,0,0,0,0,0,0,1,0,0,0 days 01:02:45
1953902,SecondHalf,Croatia,0,0,0,0,0,0,1,0,0,0 days 01:02:47
1953902,SecondHalf,Croatia,0,0,0,0,0,0,1,0,0,0 days 01:02:48
1953902,SecondHalf,Croatia,0,0,0,0,0,0,1,0,0,0 days 01:02:51
1953902,SecondHalf,Croatia,0,0,0,0,0,0,1,0,0,0 days 01:02:58
1953902,SecondHalf,Croatia,0,0,0,0,0,0,0,0,0,0 days 01:03:01
1953902,SecondHalf,Panama,0,0,0,0,0,0,0,0,0,0 days 01:03:01
1953902,SecondHalf,Panama,0,0,0,0,0,0,1,0,0,0 days 01:03:22
1953902,SecondHalf,Panama,0,0,0,0,0,0,1,0,0,0 days 01:03:23
1953902,SecondHalf,Panama,0,0,0,0,0,0,1,0,0,0 days 01:03:26
1953902,SecondHalf,Panama,0,0,0,0,0,0,1,0,0,0 days 01:03:37
1953902,SecondHalf,Croatia,0,0,0,0,0,0,1,0,0,0 days 01:03:39
1953902,SecondHalf,Panama,0,0,0,0,0,0,1,0,0,0 days 01:03:41
1953902,SecondHalf,Croatia,0,0,0,0,0,0,1,0,0,0 days 01:03:42
1953902,SecondHalf,Croatia,0,0,0,0,0,0,1,0,0,0 days 01:03:45
1953902,SecondHalf,Croatia,0,0,0,0,0,0,0,0,0,0 days 01:03:46
1953902,SecondHalf,Panama,0,0,0,0,0,0,0,0,0,0 days 01:03:46
1953902,SecondHalf,Panama,0,0,0,0,0,0,1,0,0,0 days 01:03:47
1953902,SecondHalf,Panama,0,0,0,0,0,0,1,0,0,0 days 01:03:50
1953902,SecondHalf,Panama,0,0,0,0,0,0,1,0,0,0 days 01:03:56
1953902,SecondHalf,Panama,0,0,0,0,0,0,1,0,0,0 days 01:03:58
1953902,SecondHalf,Croatia,0,0,0,0,0,0,0,0,0,0 days 01:03:00
1953902,SecondHalf,Croatia,0,0,1,0,0,0,0,0,0,0 days 01:04:00
1953902,SecondHalf,Panama,0,0,0,0,0,0,1,0,0,0 days 01:04:02
1953902,SecondHalf,Panama,0,0,0,0,0,0,1,0,0,0 days 01:04:07
1953902,SecondHalf,Croatia,0,0,1,0,0,0,0,0,0,0 days 01:04:08
1953902,SecondHalf,Panama,0,0,0,0,0,0,1,0,0,0 days 01:04:11
1953902,SecondHalf,Croatia,0,0,0,0,0,0,0,1,0,0 days 01:04:15
1953902,SecondHalf,Panama,0,0,0,1,0,0,0,0,0,0 days 01:04:15
1953902,SecondHalf,Panama,0,0,0,0,0,0,1,0,0,0 days 01:04:17
1953902,SecondHalf,Panama,0,0,0,0,0,0,1,0,0,0 days 01:04:23
1953902,SecondHalf,Croatia,0,0,1,0,0,0,0,0,0,0 days 01:04:24
1953902,SecondHalf,Croatia,0,0,0,0,0,0,0,0,1,0 days 01:04:26
1953902,SecondHalf,Panama,0,0,0,0,0,0,0,0,0,0 days 01:04:26
1953902,SecondHalf,Croatia,0,1,0,0,0,0,0,0,0,0 days 01:04:27
1953902,SecondHalf,Croatia,0,0,0,0,0,0,1,0,0,0 days 01:04:28
1953902,SecondHalf,Panama,0,0,0,0,0,0,0,0,0,0 days 01:04:32
1953902,SecondHalf,Croatia,0,0,0,0,1,0,0,0,0,0 days 01:04:34
1953902,SecondHalf,Panama,0,0,0,0,1,0,0,0,0,0 days 01:04:34
1953902,SecondHalf,Croatia,0,0,0,0,0,0,1,0,0,0 days 01:04:57
1953902,SecondHalf,Croatia,0,0,0,0,0,0,1,0,0,0 days 01:04:58
1953902,SecondHalf,Croatia,0,0,0,0,0,0,1,0,0,0 days 01:05:00
1953902,SecondHalf,Croatia,0,0,0,0,0,0,1,0,0,0 days 01:05:03
1953902,SecondHalf,Croatia,0,0,0,0,0,0,1,0,0,0 days 01:05:04
1953902,SecondHalf,Croatia,0,0,0,0,0,0,1,0,0,0 days 01:05:09
1953902,SecondHalf,Croatia,0,0,0,0,0,0,1,0,0,0 days 01:05:11
1953902,SecondHalf,Croatia,0,0,0,0,0,0,1,0,0,0 days 01:05:18
1953902,SecondHalf,Croatia,0,0,0,0,0,0,1,0,0,0 days 01:05:21
1953902,SecondHalf,Croatia,0,0,0,0,0,0,1,0,0,0 days 01:05:24
1953902,SecondHalf,Croatia,0,0,0,0,0,0,1,0,0,0 days 01:05:28
1953902,SecondHalf,Croatia,0,0,0,0,0,0,1,0,0,0 days 01:05:33
1953902,SecondHalf,Croatia,0,0,0,0,0,0,1,0,0,0 days 01:05:35
1953902,SecondHalf,Croatia,0,0,0,0,0,0,1,0,0,0 days 01:05:37
1953902,SecondHalf,Panama,0,0,1,0,0,0,0,0,0,0 days 01:05:42
1953902,SecondHalf,Panama,0,1,0,0,0,0,0,0,0,0 days 01:05:44
1953902,SecondHalf,Panama,0,0,0,0,0,0,1,0,0,0 days 01:05:44
1953902,SecondHalf,Croatia,0,0,0,0,0,0,0,1,0,0 days 01:05:48
1953902,SecondHalf,Panama,0,0,0,1,0,0,0,0,0,0 days 01:05:48
1953902,SecondHalf,Croatia,0,0,0,0,0,0,0,0,0,0 days 01:05:49
1953902,SecondHalf,Panama,0,0,0,0,0,0,0,0,0,0 days 01:05:49
1953902,SecondHalf,Croatia,0,0,1,0,0,0,0,0,0,0 days 01:05:50
1953902,SecondHalf,Panama,0,0,0,0,0,0,1,0,0,0 days 01:05:57
1953902,SecondHalf,Panama,0,0,0,0,0,0,1,0,0,0 days 01:05:58
1953902,SecondHalf,Panama,0,0,0,0,0,0,1,0,0,0 days 01:06:02
1953902,SecondHalf,Panama,0,0,0,0,0,0,1,0,0,0 days 01:06:05
1953902,SecondHalf,Panama,0,0,0,0,0,0,1,0,0,0 days 01:06:08
1953902,SecondHalf,Panama,0,0,0,0,0,0,1,0,0,0 days 01:06:11
1953902,SecondHalf,Croatia,0,0,0,0,0,0,0,0,0,0 days 01:06:14
1953902,SecondHalf,Croatia,0,0,0,0,0,0,1,0,0,0 days 01:06:25
1953902,SecondHalf,Croatia,0,0,0,0,0,0,1,0,0,0 days 01:06:26
1953902,SecondHalf,Croatia,0,0,0,0,0,0,1,0,0,0 days 01:06:30
1953902,SecondHalf,Panama,0,0,0,0,0,0,1,0,0,0 days 01:06:34
1953902,SecondHalf,Panama,0,0,0,0,0,0,0,0,0,0 days 01:06:35
1953902,SecondHalf,Panama,0,0,0,0,0,0,1,0,0,0 days 01:06:37
1953902,SecondHalf,Panama,0,0,0,0,0,0,1,0,0,0 days 01:06:42
1953902,SecondHalf,Panama,0,0,0,0,0,0,1,0,0,0 days 01:06:44
1953902,SecondHalf,Panama,0,0,0,0,0,0,1,0,0,0 days 01:06:46
1953902,SecondHalf,Panama,0,0,0,0,0,0,1,0,0,0 days 01:06:49
1953902,SecondHalf,Panama,0,0,0,0,0,0,1,0,0,0 days 01:06:51
1953902,SecondHalf,Panama,0,0,0,0,0,0,1,0,0,0 days 01:06:52
1953902,SecondHalf,Panama,0,0,0,0,0,0,1,0,0,0 days 01:06:54
1953902,SecondHalf,Panama,0,0,0,0,0,0,1,0,0,0 days 01:06:59
1953903,SecondHalf,England,0,0,0,0,1,0,0,0,0,0 days 00:57:04
1953903,SecondHalf,Ghana,0,0,0,0,1,0,0,0,0,0 days 00:57:04
1953903,SecondHalf,England,0,0,0,0,0,0,1,0,0,0 days 00:57:14
1953903,SecondHalf,England,0,0,0,0,0,0,1,0,0,0 days 00:57:17
1953903,SecondHalf,England,0,0,0,0,0,0,1,0,0,0 days 00:57:24
1953903,SecondHalf,England,0,0,0,0,0,0,1,0,0,0 days 00:57:27
1953903,SecondHalf,England,0,0,0,0,0,0,1,0,0,0 days 00:57:29
1953903,SecondHalf,England,0,0,0,0,0,0,1,0,0,0 days 00:57:33
1953903,SecondHalf,England,0,0,0,0,0,0,1,0,0,0 days 00:57:37
1953903,SecondHalf,England,0,0,0,0,0,0,1,0,0,0 days 00:57:38
1953903,SecondHalf,England,0,0,0,0,0,0,1,0,0,0 days 00:57:40
1953903,SecondHalf,England,0,0,0,0,0,0,0,0,1,0 days 00:57:44
1953903,SecondHalf,Ghana,0,0,1,0,0,0,0,0,0,0 days 00:57:47
1953903,SecondHalf,England,0,0,0,0,0,0,1,0,0,0 days 00:57:52
1953903,SecondHalf,England,0,0,0,0,0,0,1,0,0,0 days 00:57:55
1953903,SecondHalf,England,0,0,0,0,0,0,1,0,0,0 days 00:57:58
1953903,SecondHalf,England,0,0,0,1,0,0,0,0,0,0 days 00:57:59
1953903,SecondHalf,Ghana,0,0,0,0,0,0,0,1,0,0 days 00:57:59
1953903,SecondHalf,Ghana,0,1,0,0,0,0,0,0,0,0 days 00:58:01
1953903,SecondHalf,Ghana,0,0,0,0,0,0,1,0,0,0 days 00:58:02
1953903,SecondHalf,Ghana,0,0,0,0,0,0,1,0,0,0 days 00:58:08
1953903,SecondHalf,England,0,0,0,0,0,0,0,1,0,0 days 00:58:10
1953903,SecondHalf,Ghana,0,0,0,1,0,0,0,0,0,0 days 00:58:10
1953903,SecondHalf,Ghana,0,0,0,0,0,0,0,0,0,0 days 00:58:11
1953903,SecondHalf,England,0,0,0,0,0,0,1,0,0,0 days 00:58:11
1953903,SecondHalf,England,0,1,0,0,0,0,0,0,0,0 days 00:58:12
1953903,SecondHalf,England,0,0,0,0,0,0,0,0,0,0 days 00:58:14
1953903,SecondHalf,England,0,0,0,0,0,0,1,0,0,0 days 00:58:16
1953903,SecondHalf,England,0,0,0,0,0,0,0,0,1,0 days 00:58:24
1953903,SecondHalf,Ghana,0,0,0,0,0,0,0,1,0,0 days 00:58:24
1953903,SecondHalf,England,0,0,0,0,0,0,1,0,0,0 days 00:58:33
1953903,SecondHalf,England,0,0,0,0,0,0,1,0,0,0 days 00:58:36
1953903,SecondHalf,England,0,0,0,0,0,0,1,0,0,0 days 00:58:38
1953903,SecondHalf,England,0,0,0,0,0,0,1,0,0,0 days 00:58:39
1953903,SecondHalf,England,0,0,0,0,0,0,1,0,0,0 days 00:58:46
1953903,SecondHalf,England,0,0,0,0,0,0,1,0,0,0 days 00:58:50
1953903,SecondHalf,Ghana,0,0,1,0,0,0,0,0,0,0 days 00:58:51
1953903,SecondHalf,England,0,0,0,0,0,0,1,0,0,0 days 00:58:54
1953903,SecondHalf,England,0,0,0,0,0,0,1,0,0,0 days 00:58:55
1953903,SecondHalf,England,0,0,0,0,0,0,1,0,0,0 days 00:58:56
1953903,SecondHalf,England,0,0,0,0,0,0,1,0,0,0 days 00:58:59
1953903,SecondHalf,England,0,0,0,0,0,0,1,0,0,0 days 00:59:00
1953903,SecondHalf,England,0,0,0,0,0,0,1,0,0,0 days 00:59:02
1953903,SecondHalf,England,0,0,0,0,0,0,1,0,0,0 days 00:59:05
1953903,SecondHalf,England,0,0,0,0,0,0,1,0,0,0 days 00:59:08
1953903,SecondHalf,England,0,0,0,0,1,0,0,0,0,0 days 00:59:15
1953903,SecondHalf,Ghana,0,0,0,0,1,0,0,0,0,0 days 00:59:15
1953903,SecondHalf,Ghana,0,0,0,0,0,0,0,0,0,0 days 00:59:24
1953903,SecondHalf,England,0,0,0,0,0,0,1,0,0,0 days 01:00:08
1953903,SecondHalf,Ghana,0,0,0,0,0,0,0,0,0,0 days 01:00:12
1953903,SecondHalf,England,1,0,0,0,0,0,0,0,0,0 days 01:00:12
1953903,SecondHalf,Ghana,0,0,0,0,0,0,0,0,0,0 days 01:00:14
1953903,SecondHalf,England,0,0,0,0,0,0,0,0,0,0 days 01:00:14
1953903,SecondHalf,England,0,0,0,0,0,0,1,0,0,0 days 01:01:00
1953903,SecondHalf,Ghana,0,0,0,0,0,0,0,0,0,0 days 01:01:02
1953903,SecondHalf,England,0,0,0,0,0,0,0,0,0,0 days 01:01:02
1953903,SecondHalf,England,1,0,0,0,0,0,0,0,0,0 days 01:01:03
1953903,SecondHalf,Ghana,0,0,0,0,0,0,1,0,0,0 days 01:01:30
1953903,SecondHalf,England,0,0,0,0,0,0,0,0,0,0 days 01:01:34
1953903,SecondHalf,Ghana,0,0,0,0,0,0,0,0,0,0 days 01:01:34
1953903,SecondHalf,England,0,0,0,0,0,0,1,0,0,0 days 01:01:34
1953903,SecondHalf,England,0,0,0,0,0,0,1,0,0,0 days 01:01:36
1953903,SecondHalf,England,0,1,0,0,0,0,0,0,0,0 days 01:01:38
1953903,SecondHalf,England,0,0,0,0,0,0,0,0,0,0 days 01:01:45
1953903,SecondHalf,Ghana,0,0,0,0,0,0,1,0,0,0 days 01:01:52
1953903,SecondHalf,Ghana,0,0,0,1,0,0,0,0,0,0 days 01:01:53
1953903,SecondHalf,England,0,0,0,0,0,0,0,1,0,0 days 01:01:53
1953903,SecondHalf,England,0,1,0,0,0,0,0,0,0,0 days 01:01:54
1953903,SecondHalf,England,0,0,0,0,0,0,1,0,0,0 days 01:01:54
1953903,SecondHalf,Ghana,0,0,0,0,1,0,0,0,0,0 days 01:01:58
1953903,SecondHalf,England,0,0,0,0,1,0,0,0,0,0 days 01:01:58
1953903,SecondHalf,England,0,0,0,0,0,0,1,0,0,0 days 01:02:55
1953903,SecondHalf,England,0,0,0,0,0,0,0,0,0,0 days 01:02:57
1953903,SecondHalf,Ghana,0,0,0,0,0,0,0,0,0,0 days 01:02:57
1953903,SecondHalf,Ghana,0,0,1,0,0,0,0,0,0,0 days 01:02:58
1953903,SecondHalf,England,1,0,0,0,0,0,0,0,0,0 days 01:02:59
1953903,SecondHalf,England,0,0,0,0,0,0,1,0,0,0 days 01:03:00
1953903,SecondHalf,Ghana,0,0,0,0,0,0,0,0,0,0 days 01:03:01
1953903,SecondHalf,Ghana,0,0,0,0,0,0,0,0,0,0 days 01:03:02
1953903,SecondHalf,England,0,0,0,0,0,0,0,0,1,0 days 01:03:02
1953903,SecondHalf,England,0,0,0,0,0,0,1,0,0,0 days 01:03:03
1953903,SecondHalf,England,1,0,0,0,0,0,0,0,0,0 days 01:03:04
1953903,SecondHalf,Ghana,0,0,0,0,0,0,1,0,0,0 days 01:03:28
1953903,SecondHalf,Ghana,0,0,0,0,0,0,1,0,0,0 days 01:03:32
1953903,SecondHalf,Ghana,0,0,0,0,1,0,0,0,0,0 days 01:03:43
1953903,SecondHalf,England,0,0,0,0,1,0,0,0,0,0 days 01:03:43
1953903,SecondHalf,England,0,0,0,0,0,0,0,0,0,0 days 01:04:53
1953903,SecondHalf,England,0,0,0,0,0,0,0,0,0,0 days 01:04:53
1953903,SecondHalf,England,0,0,0,0,0,0,0,0,0,0 days 01:05:04
1953903,SecondHalf,England,0,0,0,0,0,0,0,0,0,0 days 01:05:04
1953903,SecondHalf,England,0,0,0,0,0,0,0,0,0,0 days 01:05:07
1953903,SecondHalf,Ghana,0,0,0,0,0,0,0,0,0,0 days 01:05:31
1953903,SecondHalf,Ghana,0,0,0,0,0,0,0,0,0,0 days 01:05:31
1953903,SecondHalf,Ghana,0,0,0,0,0,0,0,0,0,0 days 01:06:05
1953903,SecondHalf,Ghana,0,0,0,0,0,0,0,0,0,0 days 01:06:05
1953903,SecondHalf,Ghana,0,0,0,0,0,0,0,0,0,0 days 01:06:07
1953903,SecondHalf,England,0,0,0,0,0,0,1,0,0,0 days 01:06:14
1953903,SecondHalf,England,0,0,0,0,0,0,1,0,0,0 days 01:06:15
1953903,SecondHalf,England,0,0,0,0,0,0,1,0,0,0 days 01:06:16
1953903,SecondHalf,England,0,0,0,0,0,0,1,0,0,0 days 01:06:18
1953903,SecondHalf,England,0,0,0,0,0,0,1,0,0,0 days 01:06:20
1953903,SecondHalf,England,0,0,0,0,0,0,1,0,0,0 days 01:06:23
1953903,SecondHalf,Ghana,0,0,0,0,0,1,0,0,0,0 days 01:06:26
1953903,SecondHalf,Ghana,0,1,0,0,0,0,0,0,0,0 days 01:06:26
1953903,SecondHalf,Ghana,0,0,0,0,0,0,1,0,0,0 days 01:06:28
1953903,SecondHalf,England,0,0,0,0,0,0,0,1,0,0 days 01:06:31
1953903,SecondHalf,Ghana,0,0,0,1,0,0,0,0,0,0 days 01:06:31
1953903,SecondHalf,Ghana,0,0,0,0,0,0,1,0,0,0 days 01:06:35
1953903,SecondHalf,Ghana,0,0,0,0,0,0,1,0,0,0 days 01:06:36
1953903,SecondHalf,England,0,0,0,0,0,0,0,0,0,0 days 01:06:39
1953903,SecondHalf,England,0,0,0,0,1,0,0,0,0,0 days 01:06:41
1953903,SecondHalf,Ghana,0,0,0,0,1,0,0,0,0,0 days 01:06:41
1953904,SecondHalf,England,0,0,0,0,0,0,1,0,0,0 days 00:57:02
1953904,SecondHalf,England,0,0,0,0,0,0,1,0,0,0 days 00:57:03
1953904,SecondHalf,England,0,0,0,0,0,0,1,0,0,0 days 00:57:07
1953904,SecondHalf,England,0,0,0,0,0,0,1,0,0,0 days 00:57:08
1953904,SecondHalf,England,0,0,0,0,0,0,1,0,0,0 days 00:57:13
1953904,SecondHalf,England,0,0,0,0,0,0,1,0,0,0 days 00:57:15
1953904,SecondHalf,England,0,0,0,0,0,0,1,0,0,0 days 00:57:16
1953904,SecondHalf,England,0,0,0,0,1,0,0,0,0,0 days 00:57:20
1953904,SecondHalf,Panama,0,0,0,0,1,0,0,0,0,0 days 00:57:20
1953904,SecondHalf,Panama,0,0,0,0,0,0,1,0,0,0 days 00:57:59
1953904,SecondHalf,England,0,0,0,0,0,0,1,0,0,0 days 00:58:02
1953904,SecondHalf,England,0,0,0,0,0,0,1,0,0,0 days 00:58:04
1953904,SecondHalf,England,0,1,0,0,0,0,0,0,0,0 days 00:58:05
1953904,SecondHalf,England,0,0,0,0,0,0,1,0,0,0 days 00:58:06
1953904,SecondHalf,Panama,0,0,0,0,0,0,0,0,0,0 days 00:58:06
1953904,SecondHalf,Panama,0,1,0,0,0,0,0,0,0,0 days 00:58:08
1953904,SecondHalf,Panama,0,0,0,0,0,0,1,0,0,0 days 00:58:09
1953904,SecondHalf,Panama,0,0,0,0,0,0,1,0,0,0 days 00:58:10
1953904,SecondHalf,Panama,0,0,0,0,0,0,0,0,1,0 days 00:58:14
1953904,SecondHalf,England,0,0,0,0,0,0,0,1,0,0 days 00:58:14
1953904,SecondHalf,England,0,1,0,0,0,0,0,0,0,0 days 00:58:17
1953904,SecondHalf,England,0,0,0,0,0,0,1,0,0,0 days 00:58:22
1953904,SecondHalf,England,0,0,0,0,0,0,1,0,0,0 days 00:58:24
1953904,SecondHalf,England,0,0,0,0,0,0,1,0,0,0 days 00:58:26
1953904,SecondHalf,Panama,0,1,0,0,0,0,0,0,0,0 days 00:58:29
1953904,SecondHalf,Panama,0,0,0,0,0,0,1,0,0,0 days 00:58:30
1953904,SecondHalf,England,0,1,0,0,0,0,0,0,0,0 days 00:58:31
1953904,SecondHalf,England,0,0,0,0,0,0,1,0,0,0 days 00:58:31
1953904,SecondHalf,England,0,0,0,0,0,0,1,0,0,0 days 00:58:33
1953904,SecondHalf,England,0,0,0,0,0,0,1,0,0,0 days 00:58:37
1953904,SecondHalf,Panama,0,0,0,0,0,0,0,0,0,0 days 00:58:41
1953904,SecondHalf,England,0,0,0,0,0,0,0,0,1,0 days 00:58:41
1953904,SecondHalf,Panama,0,0,0,0,0,0,0,0,0,0 days 00:58:44
1953904,SecondHalf,England,0,0,0,0,0,0,1,0,0,0 days 00:58:44
1953904,SecondHalf,Panama,0,0,0,0,0,0,0,0,0,0 days 00:58:46
1953904,SecondHalf,England,0,0,0,0,0,0,0,0,0,0 days 00:58:46
1953904,SecondHalf,England,0,0,0,0,0,0,0,0,0,0 days 00:59:01
1953904,SecondHalf,England,0,0,0,0,0,0,1,0,0,0 days 01:01:24
1953904,SecondHalf,England,1,0,0,0,0,0,0,0,0,0 days 01:01:26
1953904,SecondHalf,England,0,0,0,0,0,0,0,0,0,0 days 01:02:20
1953904,SecondHalf,England,0,0,0,0,0,0,0,0,0,0 days 01:02:20
1953904,SecondHalf,England,0,0,0,0,0,0,0,0,0,0 days 01:02:40
1953904,SecondHalf,England,0,0,0,0,0,0,0,0,0,0 days 01:02:40
1953904,SecondHalf,Panama,0,0,0,0,0,0,1,0,0,0 days 01:02:50
1953904,SecondHalf,Panama,0,0,0,0,0,0,1,0,0,0 days 01:02:53
1953904,SecondHalf,Panama,0,0,0,0,0,0,1,0,0,0 days 01:02:54
1953904,SecondHalf,Panama,0,0,0,0,0,0,1,0,0,0 days 01:02:57
1953904,SecondHalf,Panama,0,0,0,0,1,0,0,0,0,0 days 01:03:05
1953904,SecondHalf,England,0,0,0,0,1,0,0,0,0,0 days 01:03:05
1953904,SecondHalf,Panama,0,0,0,0,0,0,1,0,0,0 days 01:03:36
1953904,SecondHalf,England,0,0,0,0,0,0,0,0,0,0 days 01:03:39
1953904,SecondHalf,England,0,0,1,0,0,0,0,0,0,0 days 01:03:41
1953904,SecondHalf,Panama,0,0,0,0,0,0,1,0,0,0 days 01:03:44
1953904,SecondHalf,Panama,0,0,0,0,0,0,1,0,0,0 days 01:03:48
1953904,SecondHalf,Panama,0,0,0,0,0,0,1,0,0,0 days 01:03:51
1953904,SecondHalf,Panama,1,0,0,0,0,0,0,0,0,0 days 01:03:53
1953904,SecondHalf,England,0,0,0,0,0,0,1,0,0,0 days 01:04:24
1953904,SecondHalf,England,0,0,0,0,0,0,1,0,0,0 days 01:04:30
1953904,SecondHalf,England,0,0,0,0,0,0,0,0,0,0 days 01:04:32
1953904,SecondHalf,Panama,0,0,0,0,0,0,1,0,0,0 days 01:04:48
1953904,SecondHalf,Panama,0,0,0,0,0,0,1,0,0,0 days 01:04:50
1953904,SecondHalf,Panama,0,0,0,0,0,0,1,0,0,0 days 01:04:52
1953904,SecondHalf,England,0,0,0,0,0,0,1,0,0,0 days 01:04:57
1953904,SecondHalf,England,0,0,0,0,0,0,1,0,0,0 days 01:04:58
1953904,SecondHalf,England,0,0,0,0,0,0,1,0,0,0 days 01:05:00
1953904,SecondHalf,England,0,1,0,0,0,0,0,0,0,0 days 01:05:01
1953904,SecondHalf,England,0,0,0,0,0,0,1,0,0,0 days 01:05:01
1953904,SecondHalf,Panama,0,0,1,0,0,0,0,0,0,0 days 01:05:02
1953904,SecondHalf,Panama,0,0,0,0,0,0,0,0,0,0 days 01:05:04
1953904,SecondHalf,England,0,0,0,0,0,0,1,0,0,0 days 01:05:07
1953904,SecondHalf,England,0,0,0,0,0,0,1,0,0,0 days 01:05:08
1953904,SecondHalf,England,0,0,0,0,0,0,1,0,0,0 days 01:05:13
1953904,SecondHalf,England,1,0,0,0,0,0,0,0,0,0 days 01:05:16
1953904,SecondHalf,Panama,0,0,0,0,0,0,0,0,0,0 days 01:05:16
1953904,SecondHalf,Panama,0,1,0,0,0,0,0,0,0,0 days 01:05:19
1953904,SecondHalf,Panama,0,0,0,0,0,0,1,0,0,0 days 01:05:21
1953904,SecondHalf,England,0,0,0,0,0,0,0,0,0,0 days 01:05:26
1953904,SecondHalf,Panama,0,0,0,0,0,0,1,0,0,0 days 01:05:26
1953904,SecondHalf,Panama,0,0,0,0,0,0,1,0,0,0 days 01:05:40
1953904,SecondHalf,England,0,0,0,0,0,0,1,0,0,0 days 01:05:44
1953904,SecondHalf,England,0,1,0,0,0,0,0,0,0,0 days 01:05:46
1953904,SecondHalf,England,0,0,0,0,0,0,1,0,0,0 days 01:05:49
1953904,SecondHalf,Panama,0,0,0,0,0,0,0,0,0,0 days 01:05:52
1953904,SecondHalf,Panama,0,1,0,0,0,0,0,0,0,0 days 01:05:53
1953904,SecondHalf,Panama,0,0,0,0,0,0,1,0,0,0 days 01:05:55
1953904,SecondHalf,Panama,0,0,0,0,0,0,0,1,0,0 days 01:06:00
1953904,SecondHalf,England,0,0,0,1,0,0,0,0,0,0 days 01:06:00
1953904,SecondHalf,England,0,0,0,0,0,0,1,0,0,0 days 01:06:07
1953904,SecondHalf,England,0,0,0,0,0,0,1,0,0,0 days 01:06:10
1953904,SecondHalf,England,0,0,0,0,0,0,1,0,0,0 days 01:06:14
1953904,SecondHalf,England,0,0,0,0,0,0,1,0,0,0 days 01:06:16
1953904,SecondHalf,England,0,0,0,0,0,0,1,0,0,0 days 01:06:22
1953904,SecondHalf,England,0,0,0,0,0,0,1,0,0,0 days 01:06:25
1953904,SecondHalf,England,0,0,0,0,0,0,1,0,0,0 days 01:06:29
1953904,SecondHalf,England,0,0,0,0,0,0,1,0,0,0 days 01:06:34
1953904,SecondHalf,England,0,0,0,0,0,0,0,0,0,0 days 01:06:35
1953904,SecondHalf,Panama,0,0,0,0,0,0,0,0,0,0 days 01:06:35
1953904,SecondHalf,England,1,0,0,0,0,0,0,0,0,0 days 01:06:37
1953905,SecondHalf,Ghana,0,0,0,0,0,0,1,0,0,0 days 00:57:00
1953905,SecondHalf,Ghana,0,0,0,0,0,0,1,0,0,0 days 00:57:06
1953905,SecondHalf,Ghana,0,0,0,0,0,0,1,0,0,0 days 00:57:09
1953905,SecondHalf,Ghana,0,0,0,0,0,0,1,0,0,0 days 00:57:11
1953905,SecondHalf,Ghana,0,0,0,0,0,0,1,0,0,0 days 00:57:12
1953905,SecondHalf,Ghana,0,0,0,0,0,0,1,0,0,0 days 00:57:16
1953905,SecondHalf,Ghana,0,0,0,0,0,0,1,0,0,0 days 00:57:21
1953905,SecondHalf,Ghana,0,0,0,0,0,0,1,0,0,0 days 00:57:22
1953905,SecondHalf,Croatia,0,0,1,0,0,0,0,0,0,0 days 00:57:25
1953905,SecondHalf,Ghana,0,0,0,0,0,0,0,0,0,0 days 00:57:25
1953905,SecondHalf,Croatia,0,1,0,0,0,0,0,0,0,0 days 00:57:26
1953905,SecondHalf,Croatia,0,0,0,0,0,0,1,0,0,0 days 00:57:26
1953905,SecondHalf,Croatia,0,0,0,0,0,0,0,0,1,0 days 00:57:27
1953905,SecondHalf,Ghana,0,0,0,0,0,0,0,1,0,0 days 00:57:27
1953905,SecondHalf,Croatia,0,0,0,0,0,0,1,0,0,0 days 00:57:42
1953905,SecondHalf,Croatia,0,0,0,0,0,0,1,0,0,0 days 00:57:45
1953905,SecondHalf,Ghana,0,0,0,0,0,0,0,0,0,0 days 00:57:46
1953905,SecondHalf,Croatia,0,0,0,0,0,0,1,0,0,0 days 00:57:47
1953905,SecondHalf,Ghana,0,0,0,0,0,0,1,0,0,0 days 00:57:49
1953905,SecondHalf,Ghana,0,0,0,0,0,0,0,0,0,0 days 00:57:50
1953905,SecondHalf,Croatia,0,0,0,0,0,0,0,0,0,0 days 00:57:50
1953905,SecondHalf,Croatia,0,0,0,0,0,0,1,0,0,0 days 00:57:51
1953905,SecondHalf,Croatia,0,0,0,0,0,0,0,0,0,0 days 00:57:55
1953905,SecondHalf,Ghana,0,0,0,0,0,0,1,0,0,0 days 00:57:59
1953905,SecondHalf,Ghana,0,0,0,0,0,0,1,0,0,0 days 00:58:01
1953905,SecondHalf,Ghana,0,0,0,0,0,0,1,0,0,0 days 00:58:07
1953905,SecondHalf,Ghana,0,0,0,0,0,0,1,0,0,0 days 00:58:11
1953905,SecondHalf,Ghana,0,0,0,0,0,0,1,0,0,0 days 00:58:14
1953905,SecondHalf,Ghana,0,0,0,0,0,0,1,0,0,0 days 00:58:16
1953905,SecondHalf,Ghana,0,0,0,0,0,0,1,0,0,0 days 00:58:17
1953905,SecondHalf,Ghana,0,0,0,0,0,0,1,0,0,0 days 00:58:18
1953905,SecondHalf,Ghana,0,0,0,0,0,0,1,0,0,0 days 00:58:20
1953905,SecondHalf,Ghana,0,0,0,0,0,0,1,0,0,0 days 00:58:26
1953905,SecondHalf,Ghana,0,0,0,0,0,0,1,0,0,0 days 00:58:28
1953905,SecondHalf,Ghana,0,0,0,0,0,0,1,0,0,0 days 00:58:34
1953905,SecondHalf,Croatia,0,0,1,0,0,0,0,0,0,0 days 00:58:35
1953905,SecondHalf,Croatia,0,0,0,0,0,0,0,0,0,0 days 00:58:36
1953905,SecondHalf,Croatia,0,0,0,0,0,0,0,0,0,0 days 00:58:43
1953905,SecondHalf,Croatia,0,0,0,0,0,0,0,0,0,0 days 00:58:44
1953905,SecondHalf,Croatia,0,0,0,0,1,0,0,0,0,0 days 00:58:45
1953905,SecondHalf,Ghana,0,0,0,0,1,0,0,0,0,0 days 00:58:45
1953905,SecondHalf,Croatia,0,0,0,0,0,0,1,0,0,0 days 00:59:10
1953905,SecondHalf,Croatia,0,0,0,0,0,0,1,0,0,0 days 00:59:14
1953905,SecondHalf,Croatia,0,0,0,0,0,0,1,0,0,0 days 00:59:18
1953905,SecondHalf,Croatia,0,0,0,0,0,0,1,0,0,0 days 00:59:19
1953905,SecondHalf,Croatia,0,0,0,0,0,0,1,0,0,0 days 00:59:22
1953905,SecondHalf,Croatia,0,0,0,0,0,0,1,0,0,0 days 00:59:24
1953905,SecondHalf,Croatia,0,0,0,0,0,0,1,0,0,0 days 00:59:28
1953905,SecondHalf,Croatia,0,0,0,0,0,0,1,0,0,0 days 00:59:34
1953905,SecondHalf,Croatia,0,0,0,0,0,0,1,0,0,0 days 00:59:35
1953905,SecondHalf,Croatia,0,0,0,0,0,0,1,0,0,0 days 00:59:39
1953905,SecondHalf,Croatia,0,0,0,0,0,0,1,0,0,0 days 00:59:43
1953905,SecondHalf,Croatia,0,0,0,0,0,0,1,0,0,0 days 00:59:46
1953905,SecondHalf,Croatia,0,0,0,0,0,0,1,0,0,0 days 00:59:49
1953905,SecondHalf,Croatia,0,0,0,0,0,0,1,0,0,0 days 00:59:52
1953905,SecondHalf,Ghana,0,0,1,0,0,0,0,0,0,0 days 00:59:55
1953905,SecondHalf,Croatia,0,0,0,0,0,0,1,0,0,0 days 01:00:01
1953905,SecondHalf,Croatia,0,0,0,0,0,0,1,0,0,0 days 01:00:02
1953905,SecondHalf,Croatia,0,0,0,0,0,0,1,0,0,0 days 01:00:05
1953905,SecondHalf,Croatia,0,0,0,0,0,0,1,0,0,0 days 01:00:10
1953905,SecondHalf,Croatia,0,0,0,0,0,0,1,0,0,0 days 01:00:17
1953905,SecondHalf,Croatia,0,0,0,0,0,0,1,0,0,0 days 01:00:20
1953905,SecondHalf,Croatia,0,0,0,0,0,0,1,0,0,0 days 01:00:23
1953905,SecondHalf,Croatia,0,0,0,0,0,0,1,0,0,0 days 01:00:27
1953905,SecondHalf,Croatia,0,0,0,0,0,0,1,0,0,0 days 01:00:30
1953905,SecondHalf,Croatia,0,0,0,0,0,0,1,0,0,0 days 01:00:32
1953905,SecondHalf,Croatia,0,0,0,0,0,0,1,0,0,0 days 01:00:35
1953905,SecondHalf,Croatia,0,0,0,0,0,0,1,0,0,0 days 01:00:39
1953905,SecondHalf,Croatia,0,0,0,0,0,0,1,0,0,0 days 01:00:41
1953905,SecondHalf,Croatia,0,0,0,0,0,0,1,0,0,0 days 01:00:47
1953905,SecondHalf,Croatia,0,0,0,0,0,0,1,0,0,0 days 01:00:51
1953905,SecondHalf,Croatia,0,0,0,0,0,0,1,0,0,0 days 01:00:53
1953905,SecondHalf,Croatia,0,0,0,0,0,0,1,0,0,0 days 01:00:56
1953905,SecondHalf,Ghana,0,0,0,0,0,0,0,0,0,0 days 01:01:00
1953905,SecondHalf,Ghana,0,0,0,0,0,0,1,0,0,0 days 01:01:03
1953905,SecondHalf,Croatia,0,0,0,0,0,0,1,0,0,0 days 01:01:07
1953905,SecondHalf,Croatia,0,0,0,0,0,0,0,0,0,0 days 01:01:09
1953905,SecondHalf,Croatia,0,0,0,0,0,0,1,0,0,0 days 01:01:11
1953905,SecondHalf,Croatia,0,0,0,0,0,0,1,0,0,0 days 01:01:14
1953905,SecondHalf,Croatia,0,0,0,0,0,0,1,0,0,0 days 01:01:16
1953905,SecondHalf,Croatia,0,0,0,0,0,0,1,0,0,0 days 01:01:20
1953905,SecondHalf,Croatia,0,0,0,0,0,0,1,0,0,0 days 01:01:22
1953905,SecondHalf,Croatia,0,0,0,0,0,0,1,0,0,0 days 01:01:25
1953905,SecondHalf,Croatia,0,0,0,0,0,0,1,0,0,0 days 01:01:27
1953905,SecondHalf,Croatia,0,0,0,0,0,0,1,0,0,0 days 01:01:29
1953905,SecondHalf,Croatia,0,0,0,0,0,0,1,0,0,0 days 01:01:34
1953905,SecondHalf,Croatia,0,0,0,0,0,0,1,0,0,0 days 01:01:35
1953905,SecondHalf,Croatia,0,0,0,0,0,0,1,0,0,0 days 01:01:38
1953905,SecondHalf,Croatia,0,0,0,0,0,0,1,0,0,0 days 01:01:43
1953905,SecondHalf,Croatia,0,0,0,0,0,0,1,0,0,0 days 01:01:45
1953905,SecondHalf,Croatia,0,0,0,0,0,0,1,0,0,0 days 01:01:48
1953905,SecondHalf,Croatia,0,0,0,0,0,0,1,0,0,0 days 01:01:52
1953905,SecondHalf,Croatia,0,0,0,0,0,0,1,0,0,0 days 01:01:53
1953905,SecondHalf,Croatia,0,0,0,0,0,0,1,0,0,0 days 01:01:56
1953905,SecondHalf,Croatia,0,0,0,0,0,0,0,0,0,0 days 01:02:00
1953905,SecondHalf,Ghana,0,0,0,0,0,0,0,0,0,0 days 01:02:00
1953905,SecondHalf,Croatia,0,0,0,0,0,0,1,0,0,0 days 01:02:00
1953905,SecondHalf,Croatia,0,0,0,0,0,0,1,0,0,0 days 01:02:03
1953905,SecondHalf,Croatia,0,0,0,0,0,0,1,0,0,0 days 01:02:07
1953905,SecondHalf,Croatia,0,0,0,0,0,0,1,0,0,0 days 01:02:09
1953905,SecondHalf,Croatia,0,0,0,0,0,0,1,0,0,0 days 01:02:12
1953905,SecondHalf,Croatia,0,0,0,0,0,0,1,0,0,0 days 01:02:15
1953905,SecondHalf,Croatia,0,0,0,0,0,0,1,0,0,0 days 01:02:19
1953905,SecondHalf,Croatia,0,0,0,0,0,0,1,0,0,0 days 01:02:24
1953905,SecondHalf,Croatia,0,0,0,0,0,0,1,0,0,0 days 01:02:27
1953905,SecondHalf,Croatia,0,0,0,0,0,0,1,0,0,0 days 01:02:29
1953905,SecondHalf,Croatia,0,0,0,0,0,0,1,0,0,0 days 01:02:30
1953905,SecondHalf,Croatia,0,0,0,1,0,0,0,0,0,0 days 01:02:32
1953905,SecondHalf,Ghana,0,0,0,0,0,0,0,1,0,0 days 01:02:32
1953905,SecondHalf,Ghana,0,1,0,0,0,0,0,0,0,0 days 01:02:34
1953905,SecondHalf,Ghana,0,0,0,0,0,0,1,0,0,0 days 01:02:36
1953905,SecondHalf,Croatia,0,1,0,0,0,0,0,0,0,0 days 01:02:37
1953905,SecondHalf,Ghana,0,0,0,0,0,0,0,0,0,0 days 01:02:38
1953905,SecondHalf,Croatia,0,0,0,0,0,0,0,0,1,0 days 01:02:38
1953905,SecondHalf,Croatia,0,0,0,0,0,0,1,0,0,0 days 01:02:39
1953905,SecondHalf,Croatia,0,0,0,0,0,0,1,0,0,0 days 01:02:41
1953905,SecondHalf,Croatia,0,0,0,0,0,0,1,0,0,0 days 01:02:44
1953905,SecondHalf,Croatia,0,0,0,0,0,0,1,0,0,0 days 01:02:46
1953905,SecondHalf,Croatia,0,0,0,0,0,0,1,0,0,0 days 01:02:47
1953905,SecondHalf,Croatia,0,0,0,0,0,0,1,0,0,0 days 01:02:48
1953905,SecondHalf,Croatia,0,0,0,0,0,0,1,0,0,0 days 01:02:49
1953905,SecondHalf,Croatia,0,0,0,0,0,0,1,0,0,0 days 01:02:50
1953905,SecondHalf,Croatia,0,0,0,0,0,0,1,0,0,0 days 01:02:54
1953905,SecondHalf,Croatia,0,0,0,0,0,0,1,0,0,0 days 01:02:56
1953905,SecondHalf,Croatia,0,0,0,0,0,0,1,0,0,0 days 01:02:58
1953905,SecondHalf,Croatia,0,0,0,0,0,0,1,0,0,0 days 01:03:00
1953905,SecondHalf,Croatia,0,0,0,0,0,0,1,0,0,0 days 01:03:07
1953905,SecondHalf,Croatia,0,0,0,0,0,0,1,0,0,0 days 01:03:09
1953905,SecondHalf,Croatia,0,0,0,0,0,0,1,0,0,0 days 01:03:12
1953905,SecondHalf,Croatia,0,0,0,0,0,0,1,0,0,0 days 01:03:16
1953905,SecondHalf,Croatia,0,0,0,0,0,0,1,0,0,0 days 01:03:19
1953905,SecondHalf,Croatia,0,0,0,0,0,0,1,0,0,0 days 01:03:21
1953905,SecondHalf,Croatia,0,0,0,0,0,0,1,0,0,0 days 01:03:24
1953905,SecondHalf,Croatia,0,0,0,0,0,0,1,0,0,0 days 01:03:28
1953905,SecondHalf,Croatia,0,0,0,0,0,0,1,0,0,0 days 01:03:31
1953905,SecondHalf,Croatia,0,0,0,0,0,0,1,0,0,0 days 01:03:35
1953905,SecondHalf,Croatia,0,0,0,0,0,0,1,0,0,0 days 01:03:38
1953905,SecondHalf,Croatia,0,0,0,0,0,0,1,0,0,0 days 01:03:43
1953905,SecondHalf,Croatia,0,0,0,0,0,0,1,0,0,0 days 01:03:45
1953905,SecondHalf,Ghana,0,0,0,0,0,0,1,0,0,0 days 01:03:49
1953905,SecondHalf,Ghana,0,1,0,0,0,0,0,0,0,0 days 01:03:51
1953905,SecondHalf,Ghana,0,0,0,0,0,0,1,0,0,0 days 01:03:52
1953905,SecondHalf,Ghana,0,0,0,0,0,0,1,0,0,0 days 01:03:54
1953905,SecondHalf,Ghana,0,0,0,0,0,0,1,0,0,0 days 01:03:57
1953905,SecondHalf,Ghana,0,0,0,0,0,0,1,0,0,0 days 01:04:00
1953905,SecondHalf,Ghana,0,0,0,0,0,0,1,0,0,0 days 01:04:02
1953905,SecondHalf,Ghana,0,0,0,0,0,0,1,0,0,0 days 01:04:06
1953905,SecondHalf,Ghana,0,0,0,0,0,0,1,0,0,0 days 01:04:13
1953905,SecondHalf,Croatia,0,0,0,0,0,0,1,0,0,0 days 01:04:16
1953905,SecondHalf,Croatia,0,0,0,0,0,0,0,0,0,0 days 01:04:21
1953905,SecondHalf,Croatia,0,0,0,0,0,0,1,0,0,0 days 01:04:29
1953905,SecondHalf,Croatia,0,0,0,0,0,0,0,0,0,0 days 01:04:32
1953905,SecondHalf,Ghana,0,0,0,0,0,0,0,0,0,0 days 01:04:32
1953905,SecondHalf,Ghana,0,0,0,0,0,0,1,0,0,0 days 01:04:32
1953905,SecondHalf,Croatia,0,0,0,0,0,0,0,0,0,0 days 01:04:35
1953905,SecondHalf,Ghana,0,0,0,0,0,0,0,0,1,0 days 01:04:35
1953905,SecondHalf,Ghana,0,1,0,0,0,0,0,0,0,0 days 01:04:37
1953905,SecondHalf,Ghana,0,0,0,0,0,0,1,0,0,0 days 01:04:37
1953905,SecondHalf,Ghana,0,0,0,0,0,0,1,0,0,0 days 01:04:38
1953905,SecondHalf,Ghana,0,0,0,0,0,0,1,0,0,0 days 01:04:41
1953905,SecondHalf,Croatia,0,0,0,0,0,0,0,0,0,0 days 01:04:45
1953905,SecondHalf,Ghana,0,0,0,0,0,0,0,0,1,0 days 01:04:45
1953905,SecondHalf,Croatia,0,0,1,0,0,0,0,0,0,0 days 01:04:52
1953905,SecondHalf,Ghana,0,0,0,0,0,0,1,0,0,0 days 01:04:52
1953905,SecondHalf,Croatia,0,0,0,0,0,0,0,0,0,0 days 01:04:54
1953905,SecondHalf,Ghana,0,0,0,0,0,0,0,0,0,0 days 01:04:54
1953905,SecondHalf,Ghana,0,0,0,0,0,0,1,0,0,0 days 01:05:20
1953905,SecondHalf,Croatia,0,0,0,0,0,0,0,0,0,0 days 01:05:23
1953905,SecondHalf,Ghana,0,0,0,0,0,0,0,0,0,0 days 01:05:23
1953905,SecondHalf,Croatia,0,0,1,0,0,0,0,0,0,0 days 01:05:23
1953905,SecondHalf,Ghana,0,0,0,0,0,0,0,0,0,0 days 01:05:23
1953905,SecondHalf,Croatia,0,0,1,0,0,0,0,0,0,0 days 01:05:26
1953905,SecondHalf,Ghana,0,0,0,0,0,0,1,0,0,0 days 01:05:32
1953905,SecondHalf,Ghana,0,0,0,0,0,0,0,0,0,0 days 01:05:35
1953905,SecondHalf,Croatia,0,0,0,0,0,0,0,0,0,0 days 01:05:58
1953905,SecondHalf,Croatia,0,0,0,0,0,0,0,0,0,0 days 01:05:58
1953905,SecondHalf,Croatia,0,0,0,0,0,0,1,0,0,0 days 01:06:11
1953905,SecondHalf,Croatia,0,0,0,0,0,0,1,0,0,0 days 01:06:14
1953905,SecondHalf,Croatia,0,0,0,0,0,0,1,0,0,0 days 01:06:24
1953905,SecondHalf,Croatia,0,0,0,0,0,0,0,0,0,0 days 01:06:27
1953905,SecondHalf,Ghana,0,0,0,0,0,0,0,0,0,0 days 01:06:27
1953905,SecondHalf,Croatia,0,0,0,0,0,0,1,0,0,0 days 01:06:27
1953905,SecondHalf,Ghana,0,0,0,0,0,0,1,0,0,0 days 01:06:29
1953905,SecondHalf,Ghana,0,0,0,0,0,0,0,0,0,0 days 01:06:32
1953905,SecondHalf,Ghana,0,0,0,0,0,0,1,0,0,0 days 01:06:33
1953905,SecondHalf,Ghana,0,0,0,0,0,0,1,0,0,0 days 01:06:40
1953905,SecondHalf,Ghana,0,0,0,0,0,0,1,0,0,0 days 01:06:42
1953905,SecondHalf,Ghana,0,0,0,0,0,0,1,0,0,0 days 01:06:45
1953905,SecondHalf,Ghana,0,0,0,0,0,0,1,0,0,0 days 01:06:48
1953905,SecondHalf,Ghana,0,0,0,0,0,0,1,0,0,0 days 01:06:50
1953905,SecondHalf,Ghana,0,0,0,0,0,0,0,0,0,0 days 01:06:53
1953905,SecondHalf,Croatia,0,1,0,0,0,0,0,0,0,0 days 01:06:54
1953905,SecondHalf,Croatia,0,0,0,0,0,0,1,0,0,0 days 01:06:55
1953905,SecondHalf,Croatia,0,0,0,0,0,0,0,0,0,0 days 01:06:58
1953906,SecondHalf,Japan,0,0,0,0,0,0,1,0,0,0 days 00:57:14
1953906,SecondHalf,Japan,0,0,0,0,0,0,1,0,0,0 days 00:57:16
1953906,SecondHalf,Tunisia,0,0,1,0,0,0,0,0,0,0 days 00:57:16
1953906,SecondHalf,Tunisia,0,0,0,1,0,0,0,0,0,0 days 00:57:21
1953906,SecondHalf,Japan,0,0,0,0,0,0,0,1,0,0 days 00:57:21
1953906,SecondHalf,Tunisia,0,0,0,0,0,0,1,0,0,0 days 00:57:25
1953906,SecondHalf,Tunisia,0,0,0,0,0,0,1,0,0,0 days 00:57:31
1953906,SecondHalf,Tunisia,0,0,0,0,0,0,1,0,0,0 days 00:57:34
1953906,SecondHalf,Tunisia,0,0,0,0,0,0,1,0,0,0 days 00:57:40
1953906,SecondHalf,Tunisia,0,0,0,0,0,0,1,0,0,0 days 00:57:45
1953906,SecondHalf,Tunisia,0,0,0,0,0,0,1,0,0,0 days 00:57:46
1953906,SecondHalf,Tunisia,0,0,0,0,0,0,1,0,0,0 days 00:57:48
1953906,SecondHalf,Tunisia,0,0,0,0,0,0,1,0,0,0 days 00:57:51
1953906,SecondHalf,Tunisia,0,0,0,0,0,0,1,0,0,0 days 00:57:53
1953906,SecondHalf,Japan,0,0,1,0,0,0,0,0,0,0 days 00:57:53
1953906,SecondHalf,Tunisia,0,0,0,0,1,0,0,0,0,0 days 00:57:55
1953906,SecondHalf,Japan,0,0,0,0,1,0,0,0,0,0 days 00:57:55
1953906,SecondHalf,Japan,0,0,0,0,0,0,0,0,1,0 days 00:57:55
1953906,SecondHalf,Japan,0,0,0,0,0,0,1,0,0,0 days 00:58:29
1953906,SecondHalf,Japan,0,0,0,1,0,0,0,0,0,0 days 00:58:38
1953906,SecondHalf,Tunisia,0,0,0,0,0,0,0,1,0,0 days 00:58:38
1953906,SecondHalf,Tunisia,0,1,0,0,0,0,0,0,0,0 days 00:58:40
1953906,SecondHalf,Tunisia,0,0,0,0,0,0,1,0,0,0 days 00:58:40
1953906,SecondHalf,Tunisia,0,0,0,1,0,0,0,0,0,0 days 00:58:43
1953906,SecondHalf,Japan,0,0,0,0,0,0,0,1,0,0 days 00:58:43
1953906,SecondHalf,Tunisia,0,0,0,0,0,0,1,0,0,0 days 00:58:47
1953906,SecondHalf,Tunisia,0,0,0,0,0,0,1,0,0,0 days 00:58:51
1953906,SecondHalf,Tunisia,0,0,0,0,0,0,1,0,0,0 days 00:58:52
1953906,SecondHalf,Tunisia,0,0,0,0,0,0,1,0,0,0 days 00:58:56
1953906,SecondHalf,Tunisia,0,0,0,0,0,0,1,0,0,0 days 00:58:59
1953906,SecondHalf,Tunisia,0,0,0,0,0,0,1,0,0,0 days 00:59:02
1953906,SecondHalf,Tunisia,0,0,0,0,0,0,1,0,0,0 days 00:59:05
1953906,SecondHalf,Tunisia,0,0,0,0,0,0,1,0,0,0 days 00:59:08
1953906,SecondHalf,Tunisia,0,0,0,0,0,0,1,0,0,0 days 00:59:12
1953906,SecondHalf,Japan,0,0,0,0,0,1,0,0,0,0 days 00:59:14
1953906,SecondHalf,Japan,0,0,0,0,0,0,0,0,1,0 days 00:59:14
1953906,SecondHalf,Tunisia,0,0,0,0,0,0,0,1,0,0 days 00:59:14
1953906,SecondHalf,Japan,0,0,0,0,0,0,1,0,0,0 days 00:59:31
1953906,SecondHalf,Japan,0,0,0,0,0,0,0,0,0,0 days 00:59:34
1953906,SecondHalf,Tunisia,0,0,0,0,0,0,0,0,0,0 days 00:59:34
1953906,SecondHalf,Japan,0,0,0,0,0,0,1,0,0,0 days 00:59:34
1953906,SecondHalf,Japan,0,0,0,0,0,0,0,0,1,0 days 00:59:37
1953906,SecondHalf,Tunisia,0,0,0,0,0,0,0,1,0,0 days 00:59:37
1953906,SecondHalf,Tunisia,0,0,0,0,0,0,0,0,0,0 days 00:59:38
1953906,SecondHalf,Japan,0,0,0,0,0,0,1,0,0,0 days 01:00:05
1953906,SecondHalf,Japan,0,0,0,0,0,0,1,0,0,0 days 01:00:09
1953906,SecondHalf,Japan,0,0,0,0,0,0,1,0,0,0 days 01:00:15
1953906,SecondHalf,Japan,0,0,0,0,0,0,1,0,0,0 days 01:00:33
1953906,SecondHalf,Japan,0,0,0,0,0,0,1,0,0,0 days 01:00:38
1953906,SecondHalf,Japan,0,0,0,0,0,0,1,0,0,0 days 01:00:44
1953906,SecondHalf,Japan,0,0,0,0,0,0,1,0,0,0 days 01:00:46
1953906,SecondHalf,Japan,0,0,0,0,0,0,1,0,0,0 days 01:00:47
1953906,SecondHalf,Japan,0,0,0,0,0,0,1,0,0,0 days 01:00:49
1953906,SecondHalf,Tunisia,0,0,0,0,0,0,1,0,0,0 days 01:00:56
1953906,SecondHalf,Tunisia,0,1,0,0,0,0,0,0,0,0 days 01:00:57
1953906,SecondHalf,Japan,0,0,0,0,0,0,0,0,0,0 days 01:00:58
1953906,SecondHalf,Tunisia,0,0,0,0,0,0,0,0,1,0 days 01:00:58
1953906,SecondHalf,Tunisia,0,0,0,0,0,0,1,0,0,0 days 01:01:01
1953906,SecondHalf,Japan,0,0,0,0,0,0,0,0,0,0 days 01:01:06
1953906,SecondHalf,Japan,0,0,1,0,0,0,0,0,0,0 days 01:01:07
1953906,SecondHalf,Japan,0,0,0,0,0,0,0,0,0,0 days 01:01:09
1953906,SecondHalf,Tunisia,0,0,0,0,0,0,0,0,0,0 days 01:01:09
1953906,SecondHalf,Tunisia,0,0,0,0,0,0,1,0,0,0 days 01:01:10
1953906,SecondHalf,Japan,0,0,0,0,0,0,1,0,0,0 days 01:01:12
1953906,SecondHalf,Japan,0,0,0,0,0,0,0,0,0,0 days 01:01:14
1953906,SecondHalf,Tunisia,0,0,0,0,0,0,0,0,0,0 days 01:01:14
1953906,SecondHalf,Tunisia,0,0,0,0,0,0,1,0,0,0 days 01:01:14
1953906,SecondHalf,Tunisia,0,0,0,0,1,0,0,0,0,0 days 01:01:17
1953906,SecondHalf,Japan,0,0,0,0,1,0,0,0,0,0 days 01:01:17
1953906,SecondHalf,Japan,0,0,0,0,0,0,1,0,0,0 days 01:01:33
1953906,SecondHalf,Japan,0,0,0,0,0,0,1,0,0,0 days 01:01:36
1953906,SecondHalf,Japan,0,0,0,0,0,0,1,0,0,0 days 01:01:40
1953906,SecondHalf,Japan,0,0,0,0,0,0,1,0,0,0 days 01:01:42
1953906,SecondHalf,Japan,0,0,0,0,0,0,1,0,0,0 days 01:01:45
1953906,SecondHalf,Japan,0,0,0,0,0,0,1,0,0,0 days 01:01:46
1953906,SecondHalf,Japan,0,0,0,0,0,0,1,0,0,0 days 01:01:46
1953906,SecondHalf,Japan,0,0,0,0,0,0,1,0,0,0 days 01:01:49
1953906,SecondHalf,Japan,0,0,0,0,0,0,1,0,0,0 days 01:01:52
1953906,SecondHalf,Japan,0,0,0,0,0,0,1,0,0,0 days 01:01:54
1953906,SecondHalf,Japan,0,0,0,0,0,0,1,0,0,0 days 01:01:57
1953906,SecondHalf,Japan,0,0,0,0,0,0,1,0,0,0 days 01:02:00
1953906,SecondHalf,Japan,0,0,0,0,0,0,1,0,0,0 days 01:02:02
1953906,SecondHalf,Japan,0,0,0,0,0,0,1,0,0,0 days 01:02:05
1953906,SecondHalf,Japan,0,0,0,0,0,0,1,0,0,0 days 01:02:08
1953906,SecondHalf,Japan,1,0,0,0,0,0,0,0,0,0 days 01:02:11
1953906,SecondHalf,Tunisia,0,0,0,0,0,0,0,0,0,0 days 01:02:11
1953906,SecondHalf,Tunisia,0,0,0,0,0,0,0,0,0,0 days 01:02:14
1953906,SecondHalf,Japan,0,0,0,0,0,0,0,0,0,0 days 01:02:14
1953906,SecondHalf,Japan,0,0,0,0,0,0,1,0,0,0 days 01:02:41
1953906,SecondHalf,Tunisia,0,0,1,0,0,0,0,0,0,0 days 01:02:45
1953906,SecondHalf,Japan,0,0,0,0,0,0,1,0,0,0 days 01:02:57
1953906,SecondHalf,Japan,0,0,0,0,0,0,1,0,0,0 days 01:03:04
1953906,SecondHalf,Japan,0,0,0,0,0,0,1,0,0,0 days 01:03:08
1953906,SecondHalf,Japan,0,0,0,0,0,0,1,0,0,0 days 01:03:10
1953906,SecondHalf,Japan,0,0,0,0,0,0,1,0,0,0 days 01:03:13
1953906,SecondHalf,Japan,0,0,0,0,0,0,1,0,0,0 days 01:03:14
1953906,SecondHalf,Tunisia,0,0,0,0,0,1,0,0,0,0 days 01:03:17
1953906,SecondHalf,Tunisia,0,1,0,0,0,0,0,0,0,0 days 01:03:18
1953906,SecondHalf,Tunisia,0,0,0,0,0,0,1,0,0,0 days 01:03:18
1953906,SecondHalf,Tunisia,0,0,0,0,0,0,1,0,0,0 days 01:03:26
1953906,SecondHalf,Tunisia,0,0,0,0,0,0,1,0,0,0 days 01:03:29
1953906,SecondHalf,Japan,0,1,0,0,0,0,0,0,0,0 days 01:03:30
1953906,SecondHalf,Japan,0,0,0,0,0,0,0,0,1,0 days 01:03:32
1953906,SecondHalf,Tunisia,0,1,0,0,0,0,0,0,0,0 days 01:03:35
1953906,SecondHalf,Tunisia,0,0,0,0,0,0,1,0,0,0 days 01:03:35
1953906,SecondHalf,Tunisia,0,0,0,0,0,0,0,0,0,0 days 01:03:40
1953906,SecondHalf,Tunisia,0,0,0,0,0,0,1,0,0,0 days 01:03:42
1953906,SecondHalf,Tunisia,0,0,0,0,0,0,1,0,0,0 days 01:03:45
1953906,SecondHalf,Japan,0,0,1,0,0,0,0,0,0,0 days 01:03:46
1953906,SecondHalf,Tunisia,0,0,0,0,0,0,0,0,0,0 days 01:04:00
1953906,SecondHalf,Tunisia,0,0,0,0,0,0,0,0,0,0 days 01:04:00
1953906,SecondHalf,Tunisia,0,0,0,0,0,0,0,0,0,0 days 01:04:00
1953906,SecondHalf,Tunisia,0,0,0,0,0,0,1,0,0,0 days 01:04:19
1953906,SecondHalf,Japan,0,0,0,0,0,0,0,0,0,0 days 01:04:21
1953906,SecondHalf,Tunisia,0,0,0,0,0,0,0,0,0,0 days 01:04:21
1953906,SecondHalf,Japan,0,0,1,0,0,0,0,0,0,0 days 01:04:21
1953906,SecondHalf,Tunisia,0,0,0,0,0,0,1,0,0,0 days 01:04:23
1953906,SecondHalf,Tunisia,0,0,0,0,0,0,1,0,0,0 days 01:04:25
1953906,SecondHalf,Japan,0,0,0,0,0,0,1,0,0,0 days 01:04:42
1953906,SecondHalf,Japan,0,0,0,0,0,0,1,0,0,0 days 01:04:46
1953906,SecondHalf,Japan,0,0,0,0,0,0,1,0,0,0 days 01:04:49
1953906,SecondHalf,Japan,0,0,0,0,0,0,1,0,0,0 days 01:04:52
1953906,SecondHalf,Japan,0,0,0,0,0,0,1,0,0,0 days 01:04:55
1953906,SecondHalf,Japan,0,0,0,0,0,0,1,0,0,0 days 01:04:56
1953906,SecondHalf,Japan,0,0,0,0,0,0,1,0,0,0 days 01:05:00
1953906,SecondHalf,Japan,0,0,0,0,0,0,1,0,0,0 days 01:05:06
1953906,SecondHalf,Japan,0,0,0,0,0,0,1,0,0,0 days 01:05:09
1953906,SecondHalf,Japan,0,0,0,0,0,0,1,0,0,0 days 01:05:13
1953906,SecondHalf,Japan,0,0,0,0,0,0,1,0,0,0 days 01:05:15
1953906,SecondHalf,Japan,0,0,0,0,0,0,1,0,0,0 days 01:05:20
1953906,SecondHalf,Japan,0,0,0,0,0,0,1,0,0,0 days 01:05:30
1953906,SecondHalf,Japan,0,0,0,0,0,0,1,0,0,0 days 01:05:32
1953906,SecondHalf,Tunisia,0,0,0,0,0,1,0,0,0,0 days 01:05:35
1953906,SecondHalf,Tunisia,0,0,0,1,0,0,0,0,0,0 days 01:05:37
1953906,SecondHalf,Japan,0,0,0,0,0,0,0,1,0,0 days 01:05:37
1953906,SecondHalf,Japan,0,0,0,0,0,0,1,0,0,0 days 01:05:41
1953906,SecondHalf,Japan,0,0,0,0,0,0,1,0,0,0 days 01:05:44
1953906,SecondHalf,Tunisia,0,1,0,0,0,0,0,0,0,0 days 01:05:45
1953906,SecondHalf,Tunisia,0,0,0,0,0,0,1,0,0,0 days 01:05:46
1953906,SecondHalf,Tunisia,0,0,0,0,0,0,0,0,0,0 days 01:05:47
1953906,SecondHalf,Japan,0,1,0,0,0,0,0,0,0,0 days 01:05:48
1953906,SecondHalf,Japan,0,0,0,0,0,0,1,0,0,0 days 01:05:49
1953906,SecondHalf,Japan,0,0,0,0,0,0,1,0,0,0 days 01:05:50
1953906,SecondHalf,Japan,1,0,0,0,0,0,0,0,0,0 days 01:05:53
1953906,SecondHalf,Tunisia,0,0,0,0,0,0,0,0,0,0 days 01:05:54
1953906,SecondHalf,Tunisia,0,1,0,0,0,0,0,0,0,0 days 01:05:58
1953906,SecondHalf,Japan,0,0,0,0,1,0,0,0,0,0 days 01:06:00
1953906,SecondHalf,Tunisia,0,0,0,0,1,0,0,0,0,0 days 01:06:00
1953906,SecondHalf,Tunisia,0,0,0,0,0,0,1,0,0,0 days 01:06:18
1953906,SecondHalf,Tunisia,0,0,0,0,0,0,1,0,0,0 days 01:06:21
1953906,SecondHalf,Tunisia,0,0,0,0,0,0,1,0,0,0 days 01:06:23
1953906,SecondHalf,Tunisia,0,0,0,0,0,0,1,0,0,0 days 01:06:25
1953906,SecondHalf,Tunisia,0,0,0,0,0,0,1,0,0,0 days 01:06:27
1953906,SecondHalf,Tunisia,0,0,0,0,0,0,1,0,0,0 days 01:06:29
1953906,SecondHalf,Tunisia,0,0,0,0,0,0,1,0,0,0 days 01:06:31
1953906,SecondHalf,Tunisia,0,0,0,0,0,0,1,0,0,0 days 01:06:34
1953906,SecondHalf,Tunisia,0,0,0,0,0,0,1,0,0,0 days 01:06:39
1953906,SecondHalf,Tunisia,0,0,0,0,0,0,0,0,0,0 days 01:06:41
1953906,SecondHalf,Japan,0,1,0,0,0,0,0,0,0,0 days 01:06:43
1953906,SecondHalf,Japan,0,0,0,0,0,0,1,0,0,0 days 01:06:43
1953906,SecondHalf,Japan,0,0,0,0,0,0,1,0,0,0 days 01:06:44
1953906,SecondHalf,Japan,0,0,0,0,0,0,1,0,0,0 days 01:06:46
1953906,SecondHalf,Japan,0,0,0,0,0,0,1,0,0,0 days 01:06:49
1953906,SecondHalf,Japan,0,0,0,0,0,0,1,0,0,0 days 01:06:52
1953906,SecondHalf,Japan,0,0,0,0,0,0,1,0,0,0 days 01:06:55
1953906,SecondHalf,Japan,0,0,0,0,0,0,1,0,0,0 days 01:06:56
1976979,SecondHalf,Tunisia,0,0,0,0,0,0,1,0,0,0 days 00:57:03
1976979,SecondHalf,Tunisia,0,0,0,0,0,0,1,0,0,0 days 00:57:05
1976979,SecondHalf,Tunisia,0,0,0,0,0,0,1,0,0,0 days 00:57:09
1976979,SecondHalf,Tunisia,0,0,0,0,0,0,1,0,0,0 days 00:57:17
1976979,SecondHalf,Sweden,0,0,0,0,1,0,0,0,0,0 days 00:57:20
1976979,SecondHalf,Tunisia,0,0,0,0,1,0,0,0,0,0 days 00:57:20
1976979,SecondHalf,Sweden,0,0,0,0,0,0,1,0,0,0 days 00:57:59
1976979,SecondHalf,Sweden,0,0,0,0,0,0,1,0,0,0 days 00:58:13
1976979,SecondHalf,Sweden,0,0,0,0,0,0,1,0,0,0 days 00:58:15
1976979,SecondHalf,Sweden,0,0,0,0,0,0,1,0,0,0 days 00:58:16
1976979,SecondHalf,Sweden,0,0,0,0,0,0,1,0,0,0 days 00:58:19
1976979,SecondHalf,Sweden,0,0,0,0,0,0,1,0,0,0 days 00:58:23
1976979,SecondHalf,Tunisia,0,0,0,0,0,0,1,0,0,0 days 00:58:43
1976979,SecondHalf,Tunisia,0,0,0,0,0,0,1,0,0,0 days 00:58:43
1976979,SecondHalf,Tunisia,0,0,0,0,0,0,1,0,0,0 days 00:58:44
1976979,SecondHalf,Sweden,0,0,0,0,0,0,1,0,0,0 days 00:58:46
1976979,SecondHalf,Tunisia,0,0,0,0,0,0,0,0,0,0 days 00:58:48
1976979,SecondHalf,Tunisia,0,0,0,0,0,0,1,0,0,0 days 00:58:50
1976979,SecondHalf,Tunisia,0,0,0,0,0,0,0,0,1,0 days 00:58:54
1976979,SecondHalf,Sweden,0,0,0,0,0,0,0,1,0,0 days 00:58:54
1976979,SecondHalf,Sweden,0,1,0,0,0,0,0,0,0,0 days 00:58:56
1976979,SecondHalf,Sweden,0,0,0,1,0,0,0,0,0,0 days 00:58:56
1976979,SecondHalf,Tunisia,0,0,0,0,0,0,0,1,0,0 days 00:58:56
1976979,SecondHalf,Sweden,0,0,0,0,0,0,1,0,0,0 days 00:58:58
1976979,SecondHalf,Tunisia,0,0,0,0,0,0,0,0,0,0 days 00:58:58
1976979,SecondHalf,Tunisia,0,0,0,0,0,0,0,0,0,0 days 00:58:58
1976979,SecondHalf,Sweden,1,0,0,0,0,0,0,0,0,0 days 00:58:59
1976979,SecondHalf,Tunisia,0,0,0,0,0,0,1,0,0,0 days 01:00:52
1976979,SecondHalf,Tunisia,0,0,0,0,0,0,1,0,0,0 days 01:00:52
1976979,SecondHalf,Sweden,0,0,0,0,0,0,1,0,0,0 days 01:00:55
1976979,SecondHalf,Tunisia,0,0,0,0,0,0,1,0,0,0 days 01:00:59
1976979,SecondHalf,Sweden,0,0,0,0,0,0,1,0,0,0 days 01:00:59
1976979,SecondHalf,Sweden,0,0,0,0,0,0,1,0,0,0 days 01:01:01
1976979,SecondHalf,Tunisia,0,0,0,0,0,0,1,0,0,0 days 01:01:03
1976979,SecondHalf,Tunisia,0,1,0,0,0,0,0,0,0,0 days 01:01:04
1976979,SecondHalf,Tunisia,0,0,0,0,0,0,1,0,0,0 days 01:01:04
1976979,SecondHalf,Tunisia,0,0,0,0,0,0,1,0,0,0 days 01:01:05
1976979,SecondHalf,Tunisia,0,0,0,0,0,0,1,0,0,0 days 01:01:07
1976979,SecondHalf,Tunisia,0,0,0,0,0,0,1,0,0,0 days 01:01:09
1976979,SecondHalf,Tunisia,0,0,0,0,0,0,1,0,0,0 days 01:01:10
1976979,SecondHalf,Tunisia,0,0,0,1,0,0,0,0,0,0 days 01:01:14
1976979,SecondHalf,Sweden,0,0,0,0,0,0,0,1,0,0 days 01:01:14
1976979,SecondHalf,Sweden,0,1,0,0,0,0,0,0,0,0 days 01:01:15
1976979,SecondHalf,Sweden,0,0,0,0,0,0,1,0,0,0 days 01:01:15
1976979,SecondHalf,Sweden,0,0,0,0,0,0,1,0,0,0 days 01:01:18
1976979,SecondHalf,Tunisia,0,0,0,0,0,0,1,0,0,0 days 01:01:20
1976979,SecondHalf,Tunisia,0,1,0,0,0,0,0,0,0,0 days 01:01:23
1976979,SecondHalf,Sweden,0,0,0,0,0,0,0,0,0,0 days 01:01:24
1976979,SecondHalf,Tunisia,0,0,0,0,0,0,0,0,1,0 days 01:01:24
1976979,SecondHalf,Tunisia,0,0,0,0,0,0,0,0,1,0 days 01:01:26
1976979,SecondHalf,Sweden,0,0,0,0,0,0,0,1,0,0 days 01:01:26
1976979,SecondHalf,Tunisia,0,0,0,0,0,0,0,0,0,0 days 01:01:27
1976979,SecondHalf,Sweden,0,0,0,0,0,0,0,0,0,0 days 01:01:27
1976979,SecondHalf,Tunisia,0,0,0,0,0,0,1,0,0,0 days 01:02:02
1976979,SecondHalf,Sweden,0,0,1,0,0,0,0,0,0,0 days 01:02:02
1976979,SecondHalf,Tunisia,0,0,0,0,0,0,1,0,0,0 days 01:02:09
1976979,SecondHalf,Tunisia,0,0,0,0,0,0,1,0,0,0 days 01:02:11
1976979,SecondHalf,Tunisia,0,0,0,0,0,0,0,0,0,0 days 01:02:12
1976979,SecondHalf,Sweden,0,0,0,1,0,0,0,0,0,0 days 01:02:14
1976979,SecondHalf,Tunisia,0,0,0,0,0,0,0,1,0,0 days 01:02:14
1976979,SecondHalf,Sweden,0,1,0,0,0,0,0,0,0,0 days 01:02:15
1976979,SecondHalf,Sweden,0,0,0,0,0,0,1,0,0,0 days 01:02:15
1976979,SecondHalf,Sweden,0,0,0,0,0,0,0,0,1,0 days 01:02:21
1976979,SecondHalf,Tunisia,0,0,0,0,0,0,0,1,0,0 days 01:02:21
1976979,SecondHalf,Tunisia,0,1,0,0,0,0,0,0,0,0 days 01:02:25
1976979,SecondHalf,Tunisia,0,0,0,0,0,0,1,0,0,0 days 01:02:26
1976979,SecondHalf,Tunisia,0,0,0,0,0,0,1,0,0,0 days 01:02:30
1976979,SecondHalf,Tunisia,0,0,0,0,0,0,1,0,0,0 days 01:02:34
1976979,SecondHalf,Sweden,0,0,0,0,1,0,0,0,0,0 days 01:02:39
1976979,SecondHalf,Tunisia,0,0,0,0,1,0,0,0,0,0 days 01:02:39
1976979,SecondHalf,Sweden,0,0,0,0,0,0,0,0,0,0 days 01:04:13
1976979,SecondHalf,Sweden,0,0,0,0,0,0,0,0,0,0 days 01:04:13
1976979,SecondHalf,Sweden,0,0,0,0,0,0,0,0,0,0 days 01:04:16
1976979,SecondHalf,Sweden,0,0,0,0,0,0,0,0,0,0 days 01:04:16
1976979,SecondHalf,Tunisia,0,0,0,0,0,0,1,0,0,0 days 01:04:28
1976979,SecondHalf,Sweden,0,0,0,0,0,0,1,0,0,0 days 01:04:45
1976979,SecondHalf,Tunisia,0,0,0,0,0,0,0,0,0,0 days 01:04:49
1976979,SecondHalf,Sweden,0,0,0,0,0,0,0,0,0,0 days 01:04:49
1976979,SecondHalf,Sweden,0,0,0,0,0,0,1,0,0,0 days 01:04:50
1976979,SecondHalf,Sweden,0,0,0,0,0,0,1,0,0,0 days 01:04:55
1976979,SecondHalf,Sweden,0,0,0,0,0,0,1,0,0,0 days 01:04:59
1976979,SecondHalf,Sweden,0,0,0,0,0,0,1,0,0,0 days 01:05:01
1976979,SecondHalf,Sweden,0,0,0,0,0,0,1,0,0,0 days 01:05:10
1976979,SecondHalf,Sweden,0,0,0,0,0,0,1,0,0,0 days 01:05:12
1976979,SecondHalf,Sweden,0,0,0,0,0,0,1,0,0,0 days 01:05:17
1976979,SecondHalf,Tunisia,0,1,0,0,0,0,0,0,0,0 days 01:05:20
1976979,SecondHalf,Tunisia,0,0,0,0,0,0,1,0,0,0 days 01:05:20
1976979,SecondHalf,Sweden,0,0,0,0,0,0,1,0,0,0 days 01:05:22
1976979,SecondHalf,Sweden,0,1,0,0,0,0,0,0,0,0 days 01:05:23
1976979,SecondHalf,Sweden,1,0,0,0,0,0,0,0,0,0 days 01:05:24
1976979,SecondHalf,Tunisia,0,0,0,0,0,0,1,0,0,0 days 01:05:36
1976979,SecondHalf,Tunisia,0,0,0,0,0,0,1,0,0,0 days 01:05:39
1976979,SecondHalf,Sweden,0,0,0,0,0,0,0,0,0,0 days 01:05:40
1976979,SecondHalf,Tunisia,0,0,0,0,0,0,0,0,0,0 days 01:05:40
1976979,SecondHalf,Tunisia,0,0,0,0,0,0,0,0,0,0 days 01:05:41
1976979,SecondHalf,Sweden,0,0,0,0,0,0,0,0,0,0 days 01:05:41
1976979,SecondHalf,Sweden,0,0,0,0,0,0,1,0,0,0 days 01:05:56
1976979,SecondHalf,Tunisia,0,0,0,0,0,0,0,0,0,0 days 01:05:00
1976979,SecondHalf,Sweden,0,0,0,0,0,0,1,0,0,0 days 01:06:00
1976979,SecondHalf,Sweden,0,0,0,0,0,0,1,0,0,0 days 01:06:04
1976979,SecondHalf,Sweden,0,0,0,0,0,0,0,0,0,0 days 01:06:08
1976979,SecondHalf,Tunisia,0,0,0,0,0,0,1,0,0,0 days 01:06:13
1976979,SecondHalf,Tunisia,0,0,0,0,0,0,1,0,0,0 days 01:06:17
1976979,SecondHalf,Tunisia,0,0,0,0,0,0,1,0,0,0 days 01:06:23
1976979,SecondHalf,Tunisia,0,0,0,0,0,0,1,0,0,0 days 01:06:30
1976979,SecondHalf,Tunisia,0,0,0,0,0,0,1,0,0,0 days 01:06:33
1976979,SecondHalf,Tunisia,0,0,0,0,0,0,1,0,0,0 days 01:06:36
1976979,SecondHalf,Tunisia,0,0,0,0,0,0,1,0,0,0 days 01:06:41
1976979,SecondHalf,Tunisia,0,0,0,0,0,0,1,0,0,0 days 01:06:47
1976979,SecondHalf,Tunisia,0,0,0,0,0,0,1,0,0,0 days 01:06:49
1976979,SecondHalf,Sweden,0,0,0,0,0,1,0,0,0,0 days 01:06:51
1976979,SecondHalf,Sweden,0,1,0,0,0,0,0,0,0,0 days 01:06:52
1976979,SecondHalf,Sweden,0,0,0,0,0,0,1,0,0,0 days 01:06:52
1976979,SecondHalf,Sweden,0,0,0,0,0,0,1,0,0,0 days 01:06:58
1976980,SecondHalf,Sweden,0,0,0,0,0,0,1,0,0,0 days 00:57:07
1976980,SecondHalf,Sweden,0,0,0,0,0,0,1,0,0,0 days 00:57:13
1976980,SecondHalf,Sweden,0,0,0,0,0,0,1,0,0,0 days 00:57:16
1976980,SecondHalf,Sweden,0,0,0,0,0,0,1,0,0,0 days 00:57:19
1976980,SecondHalf,Sweden,0,0,0,0,0,0,1,0,0,0 days 00:57:25
1976980,SecondHalf,Sweden,0,0,0,0,0,0,1,0,0,0 days 00:57:27
1976980,SecondHalf,Netherlands,0,0,0,0,0,1,0,0,0,0 days 00:57:29
1976980,SecondHalf,Netherlands,0,1,0,0,0,0,0,0,0,0 days 00:57:30
1976980,SecondHalf,Netherlands,0,0,0,0,0,0,1,0,0,0 days 00:57:31
1976980,SecondHalf,Netherlands,0,0,0,0,0,0,1,0,0,0 days 00:57:33
1976980,SecondHalf,Netherlands,0,0,0,0,0,0,1,0,0,0 days 00:57:35
1976980,SecondHalf,Netherlands,0,0,0,0,0,0,1,0,0,0 days 00:57:36
1976980,SecondHalf,Netherlands,0,0,0,0,0,0,1,0,0,0 days 00:57:37
1976980,SecondHalf,Netherlands,0,0,0,0,0,0,1,0,0,0 days 00:57:39
1976980,SecondHalf,Netherlands,0,0,0,0,0,0,1,0,0,0 days 00:57:46
1976980,SecondHalf,Netherlands,0,0,0,0,0,0,1,0,0,0 days 00:57:50
1976980,SecondHalf,Netherlands,0,0,0,0,0,0,1,0,0,0 days 00:57:53
1976980,SecondHalf,Netherlands,0,0,0,0,0,0,1,0,0,0 days 00:57:54
1976980,SecondHalf,Netherlands,0,0,0,0,0,0,1,0,0,0 days 00:57:58
1976980,SecondHalf,Sweden,0,0,0,0,0,0,0,0,0,0 days 00:57:59
1976980,SecondHalf,Netherlands,0,0,0,0,0,0,1,0,0,0 days 00:57:59
1976980,SecondHalf,Sweden,0,1,0,0,0,0,0,0,0,0 days 00:58:00
1976980,SecondHalf,Sweden,0,0,0,0,0,0,1,0,0,0 days 00:58:01
1976980,SecondHalf,Sweden,0,0,0,0,0,0,1,0,0,0 days 00:58:04
1976980,SecondHalf,Sweden,1,0,0,0,0,0,0,0,0,0 days 00:58:08
1976980,SecondHalf,Netherlands,0,0,0,0,0,0,0,0,0,0 days 00:58:43
1976980,SecondHalf,Netherlands,0,0,0,0,0,0,0,0,0,0 days 00:58:43
1976980,SecondHalf,Netherlands,0,0,0,0,0,0,0,0,0,0 days 00:58:52
1976980,SecondHalf,Netherlands,0,0,0,0,0,0,0,0,0,0 days 00:58:52
1976980,SecondHalf,Netherlands,0,0,0,0,0,0,0,0,0,0 days 00:58:53
1976980,SecondHalf,Netherlands,0,0,0,0,0,0,1,0,0,0 days 00:59:11
1976980,SecondHalf,Netherlands,0,0,0,0,0,0,1,0,0,0 days 00:59:12
1976980,SecondHalf,Netherlands,0,0,0,0,0,0,1,0,0,0 days 00:59:14
1976980,SecondHalf,Netherlands,0,0,0,0,0,0,1,0,0,0 days 00:59:15
1976980,SecondHalf,Netherlands,0,0,0,0,0,0,1,0,0,0 days 00:59:18
1976980,SecondHalf,Netherlands,0,0,0,0,0,0,1,0,0,0 days 00:59:20
1976980,SecondHalf,Netherlands,0,0,0,0,0,0,1,0,0,0 days 00:59:23
1976980,SecondHalf,Netherlands,0,0,0,0,0,0,1,0,0,0 days 00:59:29
1976980,SecondHalf,Netherlands,0,0,0,0,0,0,1,0,0,0 days 00:59:31
1976980,SecondHalf,Netherlands,0,0,0,0,0,0,1,0,0,0 days 00:59:33
1976980,SecondHalf,Netherlands,0,0,0,0,0,0,1,0,0,0 days 00:59:35
1976980,SecondHalf,Sweden,0,0,0,0,0,1,0,0,0,0 days 00:59:37
1976980,SecondHalf,Sweden,0,0,0,0,0,0,0,0,1,0 days 00:59:40
1976980,SecondHalf,Netherlands,0,0,0,0,0,0,0,1,0,0 days 00:59:40
1976980,SecondHalf,Sweden,0,1,0,0,0,0,0,0,0,0 days 00:59:41
1976980,SecondHalf,Sweden,0,0,0,0,0,0,1,0,0,0 days 00:59:42
1976980,SecondHalf,Sweden,0,0,0,0,0,0,0,0,0,0 days 00:59:43
1976980,SecondHalf,Netherlands,0,0,0,0,0,0,0,0,0,0 days 00:59:45
1976980,SecondHalf,Netherlands,0,0,0,0,0,0,1,0,0,0 days 01:00:01
1976980,SecondHalf,Netherlands,0,0,0,0,0,0,1,0,0,0 days 01:00:03
1976980,SecondHalf,Netherlands,0,0,0,0,0,0,1,0,0,0 days 01:00:07
1976980,SecondHalf,Netherlands,0,0,0,0,0,0,1,0,0,0 days 01:00:10
1976980,SecondHalf,Netherlands,0,0,0,0,0,0,0,0,1,0 days 01:00:12
1976980,SecondHalf,Sweden,0,0,0,0,0,0,0,1,0,0 days 01:00:12
1976980,SecondHalf,Netherlands,0,0,0,0,0,0,0,0,0,0 days 01:00:13
1976980,SecondHalf,Sweden,0,0,0,0,0,0,0,0,0,0 days 01:00:14
1976980,SecondHalf,Netherlands,0,0,0,0,0,0,1,0,0,0 days 01:00:16
1976980,SecondHalf,Netherlands,0,0,0,0,0,0,1,0,0,0 days 01:00:19
1976980,SecondHalf,Netherlands,0,0,0,0,0,0,1,0,0,0 days 01:00:20
1976980,SecondHalf,Netherlands,0,0,0,0,0,0,1,0,0,0 days 01:00:24
1976980,SecondHalf,Netherlands,0,0,0,0,0,0,1,0,0,0 days 01:00:27
1976980,SecondHalf,Netherlands,0,0,0,0,0,0,1,0,0,0 days 01:00:31
1976980,SecondHalf,Netherlands,0,0,0,0,0,0,1,0,0,0 days 01:00:35
1976980,SecondHalf,Netherlands,0,0,0,0,0,0,1,0,0,0 days 01:00:37
1976980,SecondHalf,Netherlands,0,0,0,0,0,0,1,0,0,0 days 01:00:38
1976980,SecondHalf,Netherlands,0,0,0,0,0,0,1,0,0,0 days 01:00:42
1976980,SecondHalf,Sweden,0,0,0,0,0,0,0,0,0,0 days 01:00:44
1976980,SecondHalf,Sweden,0,1,0,0,0,0,0,0,0,0 days 01:00:45
1976980,SecondHalf,Sweden,0,0,0,0,0,0,1,0,0,0 days 01:00:46
1976980,SecondHalf,Sweden,0,0,0,0,0,0,1,0,0,0 days 01:00:48
1976980,SecondHalf,Sweden,0,0,0,0,0,0,1,0,0,0 days 01:00:51
1976980,SecondHalf,Netherlands,0,0,1,0,0,0,0,0,0,0 days 01:00:53
1976980,SecondHalf,Netherlands,0,0,0,0,0,0,0,0,0,0 days 01:00:54
1976980,SecondHalf,Sweden,0,0,0,0,0,0,0,0,0,0 days 01:00:54
1976980,SecondHalf,Sweden,0,0,0,0,0,0,1,0,0,0 days 01:01:33
1976980,SecondHalf,Netherlands,0,0,1,0,0,0,0,0,0,0 days 01:01:35
1976980,SecondHalf,Sweden,0,0,0,0,0,0,1,0,0,0 days 01:01:38
1976980,SecondHalf,Netherlands,0,0,0,0,0,0,1,0,0,0 days 01:01:56
1976980,SecondHalf,Netherlands,0,0,0,0,0,0,1,0,0,0 days 01:01:59
1976980,SecondHalf,Netherlands,0,0,0,0,0,0,1,0,0,0 days 01:02:00
1976980,SecondHalf,Netherlands,0,0,0,0,0,0,1,0,0,0 days 01:02:05
1976980,SecondHalf,Netherlands,0,0,0,0,0,0,1,0,0,0 days 01:02:11
1976980,SecondHalf,Netherlands,0,0,0,0,0,0,1,0,0,0 days 01:02:16
1976980,SecondHalf,Netherlands,0,0,0,0,0,0,1,0,0,0 days 01:02:20
1976980,SecondHalf,Netherlands,0,0,0,0,0,0,1,0,0,0 days 01:02:22
1976980,SecondHalf,Netherlands,0,0,0,0,0,0,1,0,0,0 days 01:02:24
1976980,SecondHalf,Netherlands,0,0,0,0,0,0,1,0,0,0 days 01:02:27
1976980,SecondHalf,Netherlands,0,0,0,0,0,0,1,0,0,0 days 01:02:29
1976980,SecondHalf,Netherlands,0,0,0,0,0,0,1,0,0,0 days 01:02:30
1976980,SecondHalf,Sweden,0,0,1,0,0,0,0,0,0,0 days 01:02:33
1976980,SecondHalf,Netherlands,0,0,0,0,0,0,0,0,0,0 days 01:02:34
1976980,SecondHalf,Sweden,0,0,0,0,0,0,0,0,0,0 days 01:02:34
1976980,SecondHalf,Netherlands,0,0,0,0,0,0,1,0,0,0 days 01:03:06
1976980,SecondHalf,Sweden,0,0,1,0,0,0,0,0,0,0 days 01:03:09
1976980,SecondHalf,Netherlands,0,0,0,0,0,0,1,0,0,0 days 01:03:15
1976980,SecondHalf,Netherlands,0,0,0,0,0,0,1,0,0,0 days 01:03:20
1976980,SecondHalf,Sweden,0,0,0,0,0,0,1,0,0,0 days 01:03:40
1976980,SecondHalf,Netherlands,0,0,0,0,0,0,1,0,0,0 days 01:03:45
1976980,SecondHalf,Netherlands,0,0,0,0,0,0,1,0,0,0 days 01:03:46
1976980,SecondHalf,Netherlands,0,1,0,0,0,0,0,0,0,0 days 01:03:48
1976980,SecondHalf,Netherlands,0,0,0,0,0,0,0,0,0,0 days 01:03:49
1976980,SecondHalf,Sweden,0,0,0,0,0,0,1,0,0,0 days 01:03:53
1976980,SecondHalf,Sweden,0,0,0,0,0,0,1,0,0,0 days 01:03:57
1976980,SecondHalf,Netherlands,0,0,0,0,0,0,0,0,0,0 days 01:03:57
1976980,SecondHalf,Netherlands,0,1,0,0,0,0,0,0,0,0 days 01:03:58
1976980,SecondHalf,Netherlands,0,0,0,0,0,0,1,0,0,0 days 01:04:02
1976980,SecondHalf,Netherlands,0,0,0,0,0,0,1,0,0,0 days 01:04:06
1976980,SecondHalf,Sweden,0,0,0,0,0,0,0,1,0,0 days 01:04:07
1976980,SecondHalf,Netherlands,0,0,0,0,0,0,0,0,1,0 days 01:04:07
1976980,SecondHalf,Netherlands,0,0,0,0,0,0,1,0,0,0 days 01:04:25
1976980,SecondHalf,Netherlands,0,0,0,1,0,0,0,0,0,0 days 01:04:28
1976980,SecondHalf,Sweden,0,0,0,0,0,0,0,1,0,0 days 01:04:28
1976980,SecondHalf,Netherlands,0,0,0,0,1,0,0,0,0,0 days 01:04:29
1976980,SecondHalf,Sweden,0,0,0,0,1,0,0,0,0,0 days 01:04:29
1976980,SecondHalf,Sweden,0,0,0,0,0,0,1,0,0,0 days 01:04:37
1976980,SecondHalf,Sweden,0,0,0,0,0,0,1,0,0,0 days 01:04:38
1976980,SecondHalf,Sweden,0,0,0,0,0,0,1,0,0,0 days 01:04:41
1976980,SecondHalf,Sweden,0,0,0,0,0,0,1,0,0,0 days 01:04:46
1976980,SecondHalf,Sweden,0,0,0,0,0,0,1,0,0,0 days 01:04:52
1976980,SecondHalf,Sweden,0,0,0,0,0,0,1,0,0,0 days 01:04:53
1976980,SecondHalf,Sweden,0,0,0,0,0,0,1,0,0,0 days 01:04:55
1976980,SecondHalf,Sweden,0,0,0,0,0,0,1,0,0,0 days 01:04:57
1976980,SecondHalf,Sweden,0,0,0,0,0,0,1,0,0,0 days 01:05:00
1976980,SecondHalf,Sweden,0,0,0,0,0,0,1,0,0,0 days 01:05:05
1976980,SecondHalf,Sweden,0,0,0,0,0,0,1,0,0,0 days 01:05:07
1976980,SecondHalf,Sweden,0,0,0,1,0,0,0,0,0,0 days 01:05:10
1976980,SecondHalf,Netherlands,0,0,0,0,0,0,0,1,0,0 days 01:05:10
1976980,SecondHalf,Sweden,0,0,0,0,0,0,1,0,0,0 days 01:05:11
1976980,SecondHalf,Sweden,0,0,0,0,0,0,0,0,0,0 days 01:05:12
1976980,SecondHalf,Netherlands,0,1,0,0,0,0,0,0,0,0 days 01:05:13
1976980,SecondHalf,Netherlands,0,0,0,0,0,0,1,0,0,0 days 01:05:13
1976980,SecondHalf,Netherlands,0,0,0,0,0,0,0,0,0,0 days 01:05:14
1976980,SecondHalf,Sweden,0,1,0,0,0,0,0,0,0,0 days 01:05:15
1976980,SecondHalf,Sweden,0,0,0,0,0,0,1,0,0,0 days 01:05:17
1976980,SecondHalf,Sweden,0,0,0,0,0,0,1,0,0,0 days 01:05:18
1976980,SecondHalf,Sweden,0,0,0,0,0,0,1,0,0,0 days 01:05:23
1976980,SecondHalf,Sweden,0,0,0,0,0,0,1,0,0,0 days 01:05:24
1976980,SecondHalf,Sweden,0,0,0,0,0,0,1,0,0,0 days 01:05:29
1976980,SecondHalf,Netherlands,0,1,0,0,0,0,0,0,0,0 days 01:05:33
1976980,SecondHalf,Netherlands,0,0,0,0,0,0,1,0,0,0 days 01:05:37
1976980,SecondHalf,Sweden,0,0,0,0,0,0,0,0,0,0 days 01:05:41
1976980,SecondHalf,Netherlands,0,0,0,0,0,0,1,0,0,0 days 01:05:41
1976980,SecondHalf,Netherlands,0,0,0,0,0,0,1,0,0,0 days 01:05:54
1976980,SecondHalf,Netherlands,0,0,0,0,0,0,1,0,0,0 days 01:05:56
1976980,SecondHalf,Netherlands,0,0,0,0,0,0,1,0,0,0 days 01:05:58
1976980,SecondHalf,Netherlands,0,0,0,0,0,0,1,0,0,0 days 01:06:02
1976980,SecondHalf,Netherlands,0,0,0,0,0,0,1,0,0,0 days 01:06:08
1976980,SecondHalf,Netherlands,0,0,0,0,0,0,1,0,0,0 days 01:06:10
1976980,SecondHalf,Netherlands,0,0,0,0,0,0,1,0,0,0 days 01:06:11
1976980,SecondHalf,Netherlands,0,0,0,0,0,0,1,0,0,0 days 01:06:15
1976980,SecondHalf,Netherlands,0,0,0,0,0,0,1,0,0,0 days 01:06:21
1976980,SecondHalf,Netherlands,0,0,0,0,0,0,0,0,0,0 days 01:06:23
1976980,SecondHalf,Sweden,0,0,0,0,0,0,0,0,0,0 days 01:06:23
1976980,SecondHalf,Sweden,0,0,0,0,0,0,1,0,0,0 days 01:06:37
1976980,SecondHalf,Sweden,0,0,0,0,0,0,1,0,0,0 days 01:06:42
1976980,SecondHalf,Sweden,0,0,0,0,0,0,1,0,0,0 days 01:06:50
1976980,SecondHalf,Sweden,0,0,0,0,0,0,1,0,0,0 days 01:06:58
1976980,SecondHalf,Netherlands,0,0,0,0,0,0,0,0,0,0 days 01:06:00
1976981,SecondHalf,Sweden,0,0,0,0,0,0,0,0,0,0 days 00:57:05
1976981,SecondHalf,Japan,0,0,1,0,0,0,0,0,0,0 days 00:57:08
1976981,SecondHalf,Sweden,0,0,0,0,0,0,1,0,0,0 days 00:57:19
1976981,SecondHalf,Sweden,0,0,0,0,0,0,1,0,0,0 days 00:57:20
1976981,SecondHalf,Sweden,0,0,0,0,0,0,1,0,0,0 days 00:57:24
1976981,SecondHalf,Sweden,0,0,0,0,0,0,1,0,0,0 days 00:57:28
1976981,SecondHalf,Sweden,0,0,0,0,0,0,1,0,0,0 days 00:57:31
1976981,SecondHalf,Sweden,0,0,0,0,0,0,1,0,0,0 days 00:57:34
1976981,SecondHalf,Sweden,0,0,0,0,0,0,0,0,0,0 days 00:57:36
1976981,SecondHalf,Japan,0,0,0,0,0,0,0,0,0,0 days 00:57:36
1976981,SecondHalf,Japan,0,0,1,0,0,0,0,0,0,0 days 00:57:36
1976981,SecondHalf,Sweden,0,0,0,0,0,0,1,0,0,0 days 00:58:02
1976981,SecondHalf,Japan,0,0,1,0,0,0,0,0,0,0 days 00:58:04
1976981,SecondHalf,Japan,0,0,1,0,0,0,0,0,0,0 days 00:58:06
1976981,SecondHalf,Sweden,0,0,0,0,0,0,1,0,0,0 days 00:58:09
1976981,SecondHalf,Sweden,0,0,0,0,0,0,0,0,1,0 days 00:58:12
1976981,SecondHalf,Japan,0,0,0,0,0,0,0,1,0,0 days 00:58:12
1976981,SecondHalf,Sweden,0,0,0,0,0,0,1,0,0,0 days 00:58:19
1976981,SecondHalf,Sweden,0,0,0,0,0,0,1,0,0,0 days 00:58:26
1976981,SecondHalf,Sweden,0,0,0,0,0,0,1,0,0,0 days 00:58:28
1976981,SecondHalf,Sweden,0,0,0,0,0,0,1,0,0,0 days 00:58:31
1976981,SecondHalf,Sweden,0,0,0,0,0,0,1,0,0,0 days 00:58:33
1976981,SecondHalf,Sweden,0,0,0,0,0,0,1,0,0,0 days 00:58:35
1976981,SecondHalf,Sweden,0,0,0,0,0,0,1,0,0,0 days 00:58:40
1976981,SecondHalf,Sweden,0,0,0,0,0,0,0,0,0,0 days 00:58:42
1976981,SecondHalf,Japan,0,0,1,0,0,0,0,0,0,0 days 00:58:43
1976981,SecondHalf,Sweden,0,0,0,0,0,0,1,0,0,0 days 00:58:51
1976981,SecondHalf,Sweden,0,0,0,0,0,0,1,0,0,0 days 00:58:55
1976981,SecondHalf,Sweden,0,0,0,0,0,0,1,0,0,0 days 00:58:57
1976981,SecondHalf,Sweden,0,0,0,0,0,0,1,0,0,0 days 00:58:58
1976981,SecondHalf,Sweden,0,0,0,0,0,0,1,0,0,0 days 00:59:02
1976981,SecondHalf,Sweden,0,0,0,0,1,0,0,0,0,0 days 00:59:09
1976981,SecondHalf,Japan,0,0,0,0,1,0,0,0,0,0 days 00:59:09
1976981,SecondHalf,Sweden,0,0,0,0,0,0,1,0,0,0 days 00:59:49
1976981,SecondHalf,Japan,0,0,1,0,0,0,0,0,0,0 days 00:59:51
1976981,SecondHalf,Sweden,0,0,0,0,0,0,1,0,0,0 days 00:59:53
1976981,SecondHalf,Sweden,0,0,0,0,0,0,1,0,0,0 days 00:59:54
1976981,SecondHalf,Japan,0,0,1,0,0,0,0,0,0,0 days 00:59:57
1976981,SecondHalf,Sweden,0,0,0,0,0,0,1,0,0,0 days 01:00:01
1976981,SecondHalf,Sweden,0,0,0,0,0,0,1,0,0,0 days 01:00:04
1976981,SecondHalf,Sweden,0,0,0,0,0,0,1,0,0,0 days 01:00:08
1976981,SecondHalf,Sweden,0,0,0,0,0,0,1,0,0,0 days 01:00:13
1976981,SecondHalf,Sweden,0,0,0,0,0,0,1,0,0,0 days 01:00:15
1976981,SecondHalf,Sweden,0,0,0,0,0,0,1,0,0,0 days 01:00:18
1976981,SecondHalf,Sweden,0,0,0,0,0,0,1,0,0,0 days 01:00:20
1976981,SecondHalf,Sweden,0,0,0,0,0,0,1,0,0,0 days 01:00:25
1976981,SecondHalf,Sweden,0,0,0,0,0,0,1,0,0,0 days 01:00:28
1976981,SecondHalf,Sweden,0,0,0,0,0,0,1,0,0,0 days 01:00:29
1976981,SecondHalf,Sweden,0,0,0,0,0,0,1,0,0,0 days 01:00:32
1976981,SecondHalf,Sweden,0,0,0,0,0,0,1,0,0,0 days 01:00:34
1976981,SecondHalf,Sweden,0,0,0,0,0,0,1,0,0,0 days 01:00:37
1976981,SecondHalf,Sweden,0,0,0,0,0,0,1,0,0,0 days 01:00:42
1976981,SecondHalf,Sweden,0,0,0,0,0,0,1,0,0,0 days 01:00:44
1976981,SecondHalf,Sweden,0,0,0,0,0,0,1,0,0,0 days 01:00:47
1976981,SecondHalf,Sweden,0,0,0,0,0,0,1,0,0,0 days 01:00:49
1976981,SecondHalf,Sweden,0,0,0,0,0,0,1,0,0,0 days 01:00:52
1976981,SecondHalf,Sweden,0,0,0,0,0,0,1,0,0,0 days 01:01:00
1976981,SecondHalf,Sweden,0,0,0,0,0,0,1,0,0,0 days 01:01:04
1976981,SecondHalf,Sweden,1,0,0,0,0,0,0,0,0,0 days 01:01:09
1976981,SecondHalf,Japan,0,0,0,0,0,0,1,0,0,0 days 01:02:14
1976981,SecondHalf,Japan,0,0,0,0,0,0,1,0,0,0 days 01:02:26
1976981,SecondHalf,Sweden,0,0,1,0,0,0,0,0,0,0 days 01:02:31
1976981,SecondHalf,Sweden,0,0,0,0,1,0,0,0,0,0 days 01:02:35
1976981,SecondHalf,Japan,0,0,0,0,1,0,0,0,0,0 days 01:02:35
1976981,SecondHalf,Sweden,0,0,0,0,0,0,1,0,0,0 days 01:02:44
1976981,SecondHalf,Sweden,0,0,0,0,0,0,1,0,0,0 days 01:02:51
1976981,SecondHalf,Sweden,0,0,0,0,0,0,1,0,0,0 days 01:02:58
1976981,SecondHalf,Japan,0,0,0,0,0,0,0,0,0,0 days 01:03:02
1976981,SecondHalf,Japan,0,0,0,0,0,0,0,0,0,0 days 01:03:04
1976981,SecondHalf,Japan,0,0,0,0,0,0,1,0,0,0 days 01:03:07
1976981,SecondHalf,Japan,0,0,0,0,0,0,1,0,0,0 days 01:03:11
1976981,SecondHalf,Japan,0,0,0,0,0,0,1,0,0,0 days 01:03:13
1976981,SecondHalf,Japan,0,0,0,0,0,0,1,0,0,0 days 01:03:18
1976981,SecondHalf,Japan,0,0,0,0,0,0,1,0,0,0 days 01:03:20
1976981,SecondHalf,Japan,0,0,0,0,0,0,1,0,0,0 days 01:03:21
1976981,SecondHalf,Japan,0,0,0,0,0,0,1,0,0,0 days 01:03:27
1976981,SecondHalf,Japan,0,0,0,0,0,0,1,0,0,0 days 01:03:28
1976981,SecondHalf,Japan,0,0,0,0,0,0,1,0,0,0 days 01:03:30
1976981,SecondHalf,Japan,0,0,0,0,0,0,1,0,0,0 days 01:03:32
1976981,SecondHalf,Japan,0,0,0,0,0,0,0,0,0,0 days 01:03:33
1976981,SecondHalf,Sweden,0,0,0,0,0,0,1,0,0,0 days 01:03:34
1976981,SecondHalf,Sweden,0,1,0,0,0,0,0,0,0,0 days 01:03:35
1976981,SecondHalf,Sweden,0,0,0,0,0,0,1,0,0,0 days 01:03:36
1976981,SecondHalf,Japan,0,0,0,0,1,0,0,0,0,0 days 01:03:39
1976981,SecondHalf,Sweden,0,0,0,0,1,0,0,0,0,0 days 01:03:39
1976981,SecondHalf,Sweden,0,0,0,0,0,0,1,0,0,0 days 01:03:48
1976981,SecondHalf,Sweden,0,0,0,0,0,0,1,0,0,0 days 01:03:54
1976981,SecondHalf,Sweden,0,0,0,0,0,0,1,0,0,0 days 01:03:57
1976981,SecondHalf,Sweden,0,0,0,0,0,0,1,0,0,0 days 01:03:59
1976981,SecondHalf,Japan,0,0,0,0,0,0,0,0,0,0 days 01:04:03
1976981,SecondHalf,Sweden,0,0,0,0,0,0,0,0,1,0 days 01:04:03
1976981,SecondHalf,Sweden,0,0,0,0,0,0,1,0,0,0 days 01:04:04
1976981,SecondHalf,Japan,0,0,0,0,0,0,0,0,0,0 days 01:04:07
1976981,SecondHalf,Japan,0,1,0,0,0,0,0,0,0,0 days 01:04:08
1976981,SecondHalf,Japan,0,0,0,0,0,0,0,0,0,0 days 01:04:10
1976981,SecondHalf,Japan,0,0,0,0,0,0,0,0,0,0 days 01:04:11
1976981,SecondHalf,Sweden,0,1,0,0,0,0,0,0,0,0 days 01:04:12
1976981,SecondHalf,Sweden,1,0,0,0,0,0,0,0,0,0 days 01:04:12
1976981,SecondHalf,Japan,0,0,0,0,0,0,0,0,0,0 days 01:04:12
1976981,SecondHalf,Sweden,0,0,0,0,0,0,0,0,0,0 days 01:04:15
1976981,SecondHalf,Japan,0,0,0,0,0,0,0,0,0,0 days 01:04:15
1976981,SecondHalf,Sweden,0,0,0,0,0,0,1,0,0,0 days 01:04:48
1976981,SecondHalf,Sweden,0,0,0,0,0,0,1,0,0,0 days 01:04:50
1976981,SecondHalf,Japan,0,0,1,0,0,0,0,0,0,0 days 01:04:53
1976981,SecondHalf,Sweden,0,0,0,0,0,0,1,0,0,0 days 01:05:12
1976981,SecondHalf,Sweden,0,0,0,0,0,0,1,0,0,0 days 01:05:17
1976981,SecondHalf,Sweden,0,0,0,0,0,0,1,0,0,0 days 01:05:21
1976981,SecondHalf,Sweden,0,0,0,0,0,0,1,0,0,0 days 01:05:24
1976981,SecondHalf,Sweden,0,0,0,0,0,0,0,0,1,0 days 01:05:27
1976981,SecondHalf,Japan,0,0,0,0,0,0,0,1,0,0 days 01:05:27
1976981,SecondHalf,Sweden,0,0,0,0,1,0,0,0,0,0 days 01:05:29
1976981,SecondHalf,Japan,0,0,0,0,1,0,0,0,0,0 days 01:05:29
1976981,SecondHalf,Japan,0,0,0,0,0,0,0,0,0,0 days 01:05:57
1976981,SecondHalf,Japan,0,0,0,0,0,0,0,0,0,0 days 01:05:57
1976981,SecondHalf,Japan,0,0,0,0,0,0,0,0,0,0 days 01:06:11
1976981,SecondHalf,Japan,0,0,0,0,0,0,0,0,0,0 days 01:06:11
1976981,SecondHalf,Japan,0,0,0,0,0,0,0,0,0,0 days 01:06:12
1976981,SecondHalf,Japan,0,0,0,0,0,0,1,0,0,0 days 01:06:25
1976981,SecondHalf,Sweden,0,0,1,0,0,0,0,0,0,0 days 01:06:29
1976981,SecondHalf,Japan,0,0,0,0,0,0,0,0,0,0 days 01:06:33
1976981,SecondHalf,Japan,0,0,0,0,1,0,0,0,0,0 days 01:06:37
1976981,SecondHalf,Sweden,0,0,0,0,1,0,0,0,0,0 days 01:06:37
1976981,SecondHalf,Sweden,0,0,0,0,0,0,1,0,0,0 days 01:06:57
1976982,SecondHalf,USA,0,0,0,0,0,0,0,0,0,0 days 00:57:18
1976982,SecondHalf,USA,0,0,0,0,0,0,0,0,0,0 days 00:57:18
1976982,SecondHalf,Turkiye,0,0,0,0,0,0,1,0,0,0 days 00:57:36
1976982,SecondHalf,Turkiye,0,0,0,0,0,0,1,0,0,0 days 00:57:40
1976982,SecondHalf,USA,0,0,0,0,0,0,0,0,0,0 days 00:57:43
1976982,SecondHalf,Turkiye,0,0,0,0,0,0,1,0,0,0 days 00:57:43
1976982,SecondHalf,USA,0,0,0,0,0,0,1,0,0,0 days 00:57:44
1976982,SecondHalf,USA,0,1,0,0,0,0,0,0,0,0 days 00:57:45
1976982,SecondHalf,USA,0,0,0,0,0,0,1,0,0,0 days 00:57:45
1976982,SecondHalf,USA,0,0,0,0,0,0,1,0,0,0 days 00:57:47
1976982,SecondHalf,USA,0,0,0,0,0,0,1,0,0,0 days 00:57:48
1976982,SecondHalf,USA,0,0,0,0,0,0,1,0,0,0 days 00:57:49
1976982,SecondHalf,USA,0,0,0,0,0,0,1,0,0,0 days 00:57:50
1976982,SecondHalf,USA,0,0,0,0,0,0,1,0,0,0 days 00:57:51
1976982,SecondHalf,Turkiye,0,0,0,0,0,1,0,0,0,0 days 00:57:52
1976982,SecondHalf,Turkiye,0,1,0,0,0,0,0,0,0,0 days 00:57:53
1976982,SecondHalf,Turkiye,0,0,0,0,0,0,1,0,0,0 days 00:57:54
1976982,SecondHalf,USA,0,0,1,0,0,0,0,0,0,0 days 00:57:57
1976982,SecondHalf,Turkiye,0,0,0,0,0,0,1,0,0,0 days 00:58:10
1976982,SecondHalf,Turkiye,0,0,0,0,0,0,1,0,0,0 days 00:58:11
1976982,SecondHalf,Turkiye,0,0,0,0,0,0,1,0,0,0 days 00:58:14
1976982,SecondHalf,Turkiye,0,0,0,0,0,0,1,0,0,0 days 00:58:16
1976982,SecondHalf,Turkiye,0,0,0,0,0,0,1,0,0,0 days 00:58:18
1976982,SecondHalf,Turkiye,0,0,0,0,0,0,0,0,1,0 days 00:58:21
1976982,SecondHalf,USA,0,0,0,0,0,0,0,0,0,0 days 00:58:21
1976982,SecondHalf,Turkiye,0,0,0,0,0,0,1,0,0,0 days 00:58:22
1976982,SecondHalf,Turkiye,0,0,0,0,0,0,1,0,0,0 days 00:58:25
1976982,SecondHalf,Turkiye,0,0,0,0,0,0,1,0,0,0 days 00:58:30
1976982,SecondHalf,Turkiye,0,0,0,0,0,0,1,0,0,0 days 00:58:33
1976982,SecondHalf,Turkiye,0,0,0,0,0,0,1,0,0,0 days 00:58:37
1976982,SecondHalf,Turkiye,0,0,0,0,0,0,1,0,0,0 days 00:58:41
1976982,SecondHalf,Turkiye,0,0,0,0,0,0,1,0,0,0 days 00:58:42
1976982,SecondHalf,USA,0,0,0,0,0,0,0,0,0,0 days 00:58:45
1976982,SecondHalf,Turkiye,0,0,0,0,0,0,0,0,1,0 days 00:58:45
1976982,SecondHalf,Turkiye,0,0,0,0,0,0,1,0,0,0 days 00:58:49
1976982,SecondHalf,USA,0,0,0,0,0,0,0,0,0,0 days 00:58:50
1976982,SecondHalf,USA,0,0,0,0,0,0,1,0,0,0 days 00:58:52
1976982,SecondHalf,USA,0,0,0,0,0,0,0,0,1,0 days 00:58:58
1976982,SecondHalf,Turkiye,0,0,0,0,0,0,0,0,0,0 days 00:58:58
1976982,SecondHalf,USA,0,0,0,0,0,0,1,0,0,0 days 00:58:59
1976982,SecondHalf,Turkiye,0,0,0,0,0,0,0,0,0,0 days 00:59:00
1976982,SecondHalf,USA,0,0,0,0,0,0,1,0,0,0 days 00:59:03
1976982,SecondHalf,USA,0,0,0,0,0,0,1,0,0,0 days 00:59:07
1976982,SecondHalf,USA,0,0,0,0,0,0,1,0,0,0 days 00:59:09
1976982,SecondHalf,USA,0,0,0,1,0,0,0,0,0,0 days 00:59:12
1976982,SecondHalf,Turkiye,0,0,0,0,0,0,0,1,0,0 days 00:59:12
1976982,SecondHalf,USA,0,0,0,0,0,0,0,0,0,0 days 00:59:13
1976982,SecondHalf,Turkiye,0,0,0,0,0,0,0,0,0,0 days 00:59:13
1976982,SecondHalf,USA,0,0,0,0,0,0,1,0,0,0 days 00:59:45
1976982,SecondHalf,Turkiye,0,0,0,0,0,0,0,0,0,0 days 00:59:47
1976982,SecondHalf,USA,0,0,0,0,0,0,0,0,0,0 days 00:59:47
1976982,SecondHalf,Turkiye,0,0,1,0,0,0,0,0,0,0 days 00:59:49
1976982,SecondHalf,USA,0,0,0,0,0,0,0,0,0,0 days 00:59:49
1976982,SecondHalf,Turkiye,0,0,0,0,0,0,1,0,0,0 days 00:59:56
1976982,SecondHalf,USA,0,0,0,0,0,0,1,0,0,0 days 01:00:10
1976982,SecondHalf,USA,0,0,0,0,0,0,1,0,0,0 days 01:00:15
1976982,SecondHalf,USA,0,0,0,0,0,0,1,0,0,0 days 01:00:27
1976982,SecondHalf,USA,0,0,0,0,0,0,1,0,0,0 days 01:00:32
1976982,SecondHalf,USA,0,0,0,0,0,0,1,0,0,0 days 01:00:34
1976982,SecondHalf,USA,0,0,0,0,0,0,1,0,0,0 days 01:00:37
1976982,SecondHalf,USA,0,0,0,0,0,0,1,0,0,0 days 01:00:41
1976982,SecondHalf,Turkiye,0,0,0,0,0,0,0,1,0,0 days 01:00:43
1976982,SecondHalf,USA,0,0,0,0,0,0,0,0,1,0 days 01:00:43
1976982,SecondHalf,USA,0,0,0,0,0,0,1,0,0,0 days 01:00:50
1976982,SecondHalf,USA,0,0,0,0,0,0,1,0,0,0 days 01:00:52
1976982,SecondHalf,USA,0,0,0,0,0,0,1,0,0,0 days 01:00:54
1976982,SecondHalf,USA,0,0,0,0,0,0,1,0,0,0 days 01:01:00
1976982,SecondHalf,USA,0,0,0,0,0,0,1,0,0,0 days 01:01:02
1976982,SecondHalf,USA,0,0,0,0,0,0,1,0,0,0 days 01:01:04
1976982,SecondHalf,USA,0,0,0,0,0,0,1,0,0,0 days 01:01:07
1976982,SecondHalf,USA,1,0,0,0,0,0,0,0,0,0 days 01:01:14
1976982,SecondHalf,Turkiye,0,0,0,0,0,0,0,0,0,0 days 01:01:14
1976982,SecondHalf,USA,1,0,0,0,0,0,0,0,0,0 days 01:01:16
1976982,SecondHalf,Turkiye,0,0,0,0,0,0,1,0,0,0 days 01:01:25
1976982,SecondHalf,Turkiye,0,0,0,0,0,0,1,0,0,0 days 01:01:30
1976982,SecondHalf,Turkiye,0,0,0,1,0,0,0,0,0,0 days 01:01:33
1976982,SecondHalf,USA,0,0,0,0,0,0,0,1,0,0 days 01:01:33
1976982,SecondHalf,USA,0,1,0,0,0,0,0,0,0,0 days 01:01:34
1976982,SecondHalf,USA,0,0,0,0,0,0,1,0,0,0 days 01:01:36
1976982,SecondHalf,USA,0,0,0,0,0,0,1,0,0,0 days 01:01:37
1976982,SecondHalf,USA,0,0,0,0,0,0,1,0,0,0 days 01:01:38
1976982,SecondHalf,Turkiye,0,1,0,0,0,0,0,0,0,0 days 01:01:40
1976982,SecondHalf,Turkiye,0,0,0,0,0,0,1,0,0,0 days 01:01:40
1976982,SecondHalf,Turkiye,0,0,0,0,0,0,1,0,0,0 days 01:01:43
1976982,SecondHalf,Turkiye,0,0,0,0,0,0,1,0,0,0 days 01:01:48
1976982,SecondHalf,USA,0,0,0,0,0,0,0,0,0,0 days 01:01:51
1976982,SecondHalf,USA,0,0,0,0,0,0,0,0,0,0 days 01:01:53
1976982,SecondHalf,USA,0,1,0,0,0,0,0,0,0,0 days 01:01:54
1976982,SecondHalf,USA,0,0,0,0,0,0,1,0,0,0 days 01:01:55
1976982,SecondHalf,USA,0,0,0,0,0,0,1,0,0,0 days 01:01:56
1976982,SecondHalf,USA,0,0,0,0,0,0,1,0,0,0 days 01:01:58
1976982,SecondHalf,USA,0,0,0,0,0,0,1,0,0,0 days 01:01:59
1976982,SecondHalf,USA,0,0,0,0,0,0,1,0,0,0 days 01:02:02
1976982,SecondHalf,USA,0,0,0,0,0,0,1,0,0,0 days 01:02:06
1976982,SecondHalf,USA,0,0,0,0,0,0,1,0,0,0 days 01:02:08
1976982,SecondHalf,USA,0,0,0,0,0,0,1,0,0,0 days 01:02:10
1976982,SecondHalf,USA,0,0,0,0,0,0,1,0,0,0 days 01:02:13
1976982,SecondHalf,USA,0,0,0,0,0,0,1,0,0,0 days 01:02:14
1976982,SecondHalf,USA,0,0,0,0,0,0,1,0,0,0 days 01:02:17
1976982,SecondHalf,USA,0,0,0,0,0,0,1,0,0,0 days 01:02:19
1976982,SecondHalf,USA,0,0,0,0,0,0,1,0,0,0 days 01:02:21
1976982,SecondHalf,USA,0,0,0,0,0,0,1,0,0,0 days 01:02:27
1976982,SecondHalf,USA,0,0,0,0,0,0,1,0,0,0 days 01:02:30
1976982,SecondHalf,USA,0,0,0,0,0,0,1,0,0,0 days 01:02:34
1976982,SecondHalf,USA,0,0,0,0,0,0,1,0,0,0 days 01:02:36
1976982,SecondHalf,USA,0,0,0,0,0,0,1,0,0,0 days 01:02:37
1976982,SecondHalf,USA,0,0,0,0,0,0,1,0,0,0 days 01:02:40
1976982,SecondHalf,USA,1,0,0,0,0,0,0,0,0,0 days 01:02:42
1976982,SecondHalf,Turkiye,0,0,0,0,0,0,0,0,0,0 days 01:02:44
1976982,SecondHalf,USA,1,0,0,0,0,0,0,0,0,0 days 01:02:44
1976982,SecondHalf,USA,0,0,0,0,0,0,1,0,0,0 days 01:02:45
1976982,SecondHalf,Turkiye,0,0,0,0,0,0,0,0,0,0 days 01:02:47
1976982,SecondHalf,USA,1,0,0,0,0,0,0,0,0,0 days 01:02:47
1976982,SecondHalf,Turkiye,0,0,0,0,0,0,0,0,0,0 days 01:02:49
1976982,SecondHalf,USA,0,0,0,0,0,0,0,0,0,0 days 01:02:49
1976982,SecondHalf,USA,0,0,0,0,0,0,1,0,0,0 days 01:05:08
1976982,SecondHalf,USA,1,0,0,0,0,0,0,0,0,0 days 01:05:10
1976982,SecondHalf,Turkiye,0,0,0,0,0,0,1,0,0,0 days 01:05:27
1976982,SecondHalf,Turkiye,0,0,0,0,0,0,1,0,0,0 days 01:05:29
1976982,SecondHalf,Turkiye,0,0,0,0,0,0,1,0,0,0 days 01:05:33
1976982,SecondHalf,USA,0,0,0,0,0,0,1,0,0,0 days 01:05:36
1976982,SecondHalf,Turkiye,0,0,0,0,0,1,0,0,0,0 days 01:05:37
1976982,SecondHalf,Turkiye,0,0,0,0,0,0,1,0,0,0 days 01:05:40
1976982,SecondHalf,Turkiye,0,0,0,0,0,0,1,0,0,0 days 01:05:41
1976982,SecondHalf,Turkiye,0,0,0,0,0,0,1,0,0,0 days 01:05:46
1976982,SecondHalf,Turkiye,0,0,0,0,0,0,1,0,0,0 days 01:05:48
1976982,SecondHalf,USA,0,0,1,0,0,0,0,0,0,0 days 01:05:49
1976982,SecondHalf,Turkiye,0,0,0,0,0,0,1,0,0,0 days 01:06:28
1976982,SecondHalf,USA,0,1,0,0,0,0,0,0,0,0 days 01:06:31
1976982,SecondHalf,USA,0,0,0,0,0,0,1,0,0,0 days 01:06:32
1976982,SecondHalf,USA,0,0,0,0,1,0,0,0,0,0 days 01:06:35
1976982,SecondHalf,Turkiye,0,0,0,0,1,0,0,0,0,0 days 01:06:35
1976983,SecondHalf,Australia,0,0,0,0,0,0,1,0,0,0 days 00:57:09
1976983,SecondHalf,Australia,0,0,0,0,0,0,1,0,0,0 days 00:57:11
1976983,SecondHalf,Australia,0,0,0,0,0,0,1,0,0,0 days 00:57:12
1976983,SecondHalf,Turkiye,0,0,0,0,0,0,0,0,0,0 days 00:57:18
1976983,SecondHalf,Turkiye,0,0,1,0,0,0,0,0,0,0 days 00:57:19
1976983,SecondHalf,Australia,0,0,0,0,0,0,1,0,0,0 days 00:57:42
1976983,SecondHalf,Australia,0,0,0,0,0,0,1,0,0,0 days 00:57:44
1976983,SecondHalf,Australia,0,0,0,0,0,0,1,0,0,0 days 00:57:47
1976983,SecondHalf,Australia,0,0,0,0,0,0,1,0,0,0 days 00:57:48
1976983,SecondHalf,Australia,0,0,0,0,0,0,1,0,0,0 days 00:57:50
1976983,SecondHalf,Australia,0,0,0,0,0,0,1,0,0,0 days 00:57:51
1976983,SecondHalf,Australia,0,0,0,0,0,0,1,0,0,0 days 00:57:53
1976983,SecondHalf,Turkiye,0,0,1,0,0,0,0,0,0,0 days 00:57:54
1976983,SecondHalf,Australia,0,0,0,0,0,0,1,0,0,0 days 00:58:11
1976983,SecondHalf,Turkiye,0,0,0,0,0,0,1,0,0,0 days 00:58:13
1976983,SecondHalf,Turkiye,0,0,1,0,0,0,0,0,0,0 days 00:58:15
1976983,SecondHalf,Australia,0,0,0,0,0,0,1,0,0,0 days 00:58:20
1976983,SecondHalf,Australia,0,0,0,0,0,0,0,0,0,0 days 00:58:25
1976983,SecondHalf,Australia,0,0,0,0,0,0,1,0,0,0 days 00:58:25
1976983,SecondHalf,Australia,0,0,0,0,0,0,1,0,0,0 days 00:58:26
1976983,SecondHalf,Australia,0,0,0,0,0,0,1,0,0,0 days 00:58:28
1976983,SecondHalf,Australia,0,0,0,0,0,0,1,0,0,0 days 00:58:31
1976983,SecondHalf,Australia,0,0,0,0,0,0,1,0,0,0 days 00:58:34
1976983,SecondHalf,Australia,0,0,0,0,0,0,1,0,0,0 days 00:58:37
1976983,SecondHalf,Australia,0,0,0,0,0,0,1,0,0,0 days 00:58:40
1976983,SecondHalf,Turkiye,0,0,0,0,0,0,0,0,0,0 days 00:58:41
1976983,SecondHalf,Australia,0,0,0,0,0,0,0,0,0,0 days 00:58:43
1976983,SecondHalf,Australia,0,0,0,0,0,0,1,0,0,0 days 00:58:53
1976983,SecondHalf,Turkiye,0,0,0,0,0,0,0,0,0,0 days 00:58:57
1976983,SecondHalf,Australia,0,0,0,0,0,0,0,0,0,0 days 00:58:57
1976983,SecondHalf,Turkiye,0,0,0,0,0,0,1,0,0,0 days 00:58:57
1976983,SecondHalf,Turkiye,0,1,0,0,0,0,0,0,0,0 days 00:59:00
1976983,SecondHalf,Turkiye,0,0,0,0,0,0,1,0,0,0 days 00:59:03
1976983,SecondHalf,Australia,0,0,1,0,0,0,0,0,0,0 days 00:59:05
1976983,SecondHalf,Turkiye,0,0,0,0,0,0,1,0,0,0 days 00:59:11
1976983,SecondHalf,Turkiye,0,0,0,0,0,0,1,0,0,0 days 00:59:12
1976983,SecondHalf,Australia,0,0,0,0,0,0,0,0,0,0 days 00:59:21
1976983,SecondHalf,Turkiye,0,0,0,0,0,0,0,0,1,0 days 00:59:21
1976983,SecondHalf,Australia,0,0,0,0,0,0,0,0,0,0 days 00:59:23
1976983,SecondHalf,Turkiye,1,0,0,0,0,0,0,0,0,0 days 00:59:23
1976983,SecondHalf,Turkiye,0,0,0,0,0,0,0,0,0,0 days 00:59:25
1976983,SecondHalf,Australia,0,0,0,0,0,0,0,0,0,0 days 00:59:25
1976983,SecondHalf,Australia,0,0,1,0,0,0,0,0,0,0 days 00:59:26
1976983,SecondHalf,Australia,0,0,0,0,0,0,0,0,0,0 days 00:59:27
1976983,SecondHalf,Australia,0,0,0,0,0,0,1,0,0,0 days 00:59:38
1976983,SecondHalf,Turkiye,0,0,0,0,0,0,1,0,0,0 days 00:59:42
1976983,SecondHalf,Turkiye,0,0,0,0,0,0,1,0,0,0 days 00:59:43
1976983,SecondHalf,Australia,0,0,0,0,0,0,1,0,0,0 days 00:59:46
1976983,SecondHalf,Turkiye,0,0,1,0,0,0,0,0,0,0 days 00:59:50
1976983,SecondHalf,Australia,0,0,0,0,1,0,0,0,0,0 days 00:59:51
1976983,SecondHalf,Turkiye,0,0,0,0,1,0,0,0,0,0 days 00:59:51
1976983,SecondHalf,Australia,0,0,0,0,0,0,0,0,0,0 days 01:00:21
1976983,SecondHalf,Australia,0,0,0,0,0,0,0,0,0,0 days 01:00:21
1976983,SecondHalf,Australia,0,0,0,0,0,0,1,0,0,0 days 01:00:51
1976983,SecondHalf,Turkiye,0,0,0,0,0,0,0,0,0,0 days 01:00:55
1976983,SecondHalf,Australia,0,0,0,0,0,0,0,0,0,0 days 01:00:55
1976983,SecondHalf,Australia,0,0,0,0,0,0,1,0,0,0 days 01:00:56
1976983,SecondHalf,Turkiye,0,0,0,0,0,0,0,0,0,0 days 01:00:57
1976983,SecondHalf,Turkiye,0,0,0,0,0,0,1,0,0,0 days 01:01:00
1976983,SecondHalf,Turkiye,0,0,0,0,0,0,1,0,0,0 days 01:01:02
1976983,SecondHalf,Turkiye,0,0,0,0,0,0,1,0,0,0 days 01:01:05
1976983,SecondHalf,Australia,0,0,0,0,0,0,0,0,0,0 days 01:01:11
1976983,SecondHalf,Turkiye,0,0,0,0,0,0,0,0,1,0 days 01:01:11
1976983,SecondHalf,Turkiye,0,0,0,0,0,0,1,0,0,0 days 01:01:13
1976983,SecondHalf,Turkiye,0,0,0,0,0,0,1,0,0,0 days 01:01:20
1976983,SecondHalf,Turkiye,0,0,0,0,0,0,1,0,0,0 days 01:01:23
1976983,SecondHalf,Turkiye,0,0,0,0,0,0,1,0,0,0 days 01:01:24
1976983,SecondHalf,Australia,0,0,0,0,0,0,0,0,0,0 days 01:01:24
1976983,SecondHalf,Turkiye,0,0,0,0,0,0,1,0,0,0 days 01:01:26
1976983,SecondHalf,Turkiye,0,0,0,0,0,0,0,0,0,0 days 01:01:46
1976983,SecondHalf,Turkiye,0,0,0,0,0,0,0,0,0,0 days 01:01:46
1976983,SecondHalf,Turkiye,0,0,0,0,0,0,0,0,0,0 days 01:01:52
1976983,SecondHalf,Australia,0,0,0,0,0,0,1,0,0,0 days 01:01:53
1976983,SecondHalf,Australia,0,0,0,0,0,0,1,0,0,0 days 01:01:53
1976983,SecondHalf,Australia,0,0,0,0,0,0,1,0,0,0 days 01:01:54
1976983,SecondHalf,Turkiye,0,0,0,0,0,0,0,0,0,0 days 01:01:54
1976983,SecondHalf,Turkiye,0,0,0,0,0,0,1,0,0,0 days 01:02:02
1976983,SecondHalf,Turkiye,0,0,0,0,0,0,0,0,0,0 days 01:02:03
1976983,SecondHalf,Australia,0,0,0,0,0,0,0,0,0,0 days 01:02:03
1976983,SecondHalf,Australia,0,0,0,0,0,0,1,0,0,0 days 01:02:04
1976983,SecondHalf,Turkiye,0,1,0,0,0,0,0,0,0,0 days 01:02:05
1976983,SecondHalf,Turkiye,0,0,0,0,0,0,1,0,0,0 days 01:02:09
1976983,SecondHalf,Turkiye,0,0,0,0,0,0,1,0,0,0 days 01:02:14
1976983,SecondHalf,Turkiye,0,0,0,0,0,0,1,0,0,0 days 01:02:14
1976983,SecondHalf,Turkiye,0,0,0,0,0,0,1,0,0,0 days 01:02:15
1976983,SecondHalf,Turkiye,0,0,0,0,0,0,1,0,0,0 days 01:02:16
1976983,SecondHalf,Turkiye,0,0,0,0,0,0,1,0,0,0 days 01:02:18
1976983,SecondHalf,Australia,0,0,0,0,0,0,0,0,0,0 days 01:02:23
1976983,SecondHalf,Turkiye,1,0,0,0,0,0,0,0,0,0 days 01:02:23
1976983,SecondHalf,Turkiye,0,0,0,0,0,0,1,0,0,0 days 01:02:26
1976983,SecondHalf,Turkiye,0,0,0,0,0,0,1,0,0,0 days 01:02:27
1976983,SecondHalf,Turkiye,0,0,0,0,0,0,1,0,0,0 days 01:02:27
1976983,SecondHalf,Turkiye,0,0,0,0,0,0,1,0,0,0 days 01:02:29
1976983,SecondHalf,Turkiye,0,0,0,0,0,0,1,0,0,0 days 01:02:32
1976983,SecondHalf,Turkiye,0,0,0,0,0,0,1,0,0,0 days 01:02:34
1976983,SecondHalf,Turkiye,0,0,0,0,0,0,1,0,0,0 days 01:02:42
1976983,SecondHalf,Turkiye,0,0,0,0,0,0,1,0,0,0 days 01:02:46
1976983,SecondHalf,Turkiye,0,0,0,0,0,0,1,0,0,0 days 01:02:49
1976983,SecondHalf,Turkiye,0,0,0,0,0,0,1,0,0,0 days 01:02:52
1976983,SecondHalf,Turkiye,0,0,0,0,0,0,1,0,0,0 days 01:02:55
1976983,SecondHalf,Turkiye,0,0,0,0,0,0,0,0,0,0 days 01:02:56
1976983,SecondHalf,Australia,0,0,1,0,0,0,0,0,0,0 days 01:02:57
1976983,SecondHalf,Turkiye,0,0,0,0,0,0,1,0,0,0 days 01:03:03
1976983,SecondHalf,Turkiye,0,0,0,0,0,0,1,0,0,0 days 01:03:12
1976983,SecondHalf,Turkiye,0,0,0,0,0,0,1,0,0,0 days 01:03:13
1976983,SecondHalf,Turkiye,0,0,0,0,0,0,1,0,0,0 days 01:03:16
1976983,SecondHalf,Turkiye,0,0,0,0,0,0,1,0,0,0 days 01:03:21
1976983,SecondHalf,Australia,0,0,0,0,0,1,0,0,0,0 days 01:03:24
1976983,SecondHalf,Turkiye,0,0,0,0,0,0,1,0,0,0 days 01:03:30
1976983,SecondHalf,Turkiye,0,0,0,0,0,0,1,0,0,0 days 01:03:33
1976983,SecondHalf,Australia,0,0,0,0,0,0,1,0,0,0 days 01:03:36
1976983,SecondHalf,Australia,0,1,0,0,0,0,0,0,0,0 days 01:03:38
1976983,SecondHalf,Australia,0,0,0,0,0,0,1,0,0,0 days 01:03:38
1976983,SecondHalf,Australia,0,0,0,0,0,0,1,0,0,0 days 01:03:40
1976983,SecondHalf,Australia,0,0,0,0,0,0,1,0,0,0 days 01:03:43
1976983,SecondHalf,Australia,0,0,0,0,0,0,1,0,0,0 days 01:03:46
1976983,SecondHalf,Australia,0,0,0,0,0,0,1,0,0,0 days 01:03:50
1976983,SecondHalf,Australia,0,0,0,0,0,0,1,0,0,0 days 01:03:52
1976983,SecondHalf,Australia,0,0,0,0,0,0,1,0,0,0 days 01:03:57
1976983,SecondHalf,Australia,0,0,0,0,0,0,1,0,0,0 days 01:03:58
1976983,SecondHalf,Australia,0,0,0,0,0,0,1,0,0,0 days 01:04:02
1976983,SecondHalf,Turkiye,0,0,0,0,0,0,1,0,0,0 days 01:04:03
1976983,SecondHalf,Turkiye,0,1,0,0,0,0,0,0,0,0 days 01:04:04
1976983,SecondHalf,Turkiye,0,0,0,0,0,0,1,0,0,0 days 01:04:06
1976983,SecondHalf,Turkiye,0,0,0,0,0,0,1,0,0,0 days 01:04:07
1976983,SecondHalf,Australia,0,0,0,0,0,0,0,0,0,0 days 01:04:07
1976983,SecondHalf,Australia,0,0,0,0,0,0,0,1,0,0 days 01:04:09
1976983,SecondHalf,Turkiye,0,0,0,1,0,0,0,0,0,0 days 01:04:09
1976983,SecondHalf,Turkiye,0,0,0,0,0,0,1,0,0,0 days 01:04:12
1976983,SecondHalf,Australia,0,1,0,0,0,0,0,0,0,0 days 01:04:15
1976983,SecondHalf,Australia,0,0,0,0,0,0,1,0,0,0 days 01:04:16
1976983,SecondHalf,Australia,0,0,0,0,0,0,1,0,0,0 days 01:04:17
1976983,SecondHalf,Australia,0,0,0,0,0,0,1,0,0,0 days 01:04:18
1976983,SecondHalf,Turkiye,0,1,0,0,0,0,0,0,0,0 days 01:04:20
1976983,SecondHalf,Turkiye,0,0,0,0,0,0,1,0,0,0 days 01:04:22
1976983,SecondHalf,Turkiye,0,0,0,0,0,0,0,0,0,0 days 01:04:24
1976983,SecondHalf,Australia,0,0,1,0,0,0,0,0,0,0 days 01:04:25
1976983,SecondHalf,Turkiye,0,0,0,0,0,0,1,0,0,0 days 01:04:26
1976983,SecondHalf,Turkiye,0,0,0,0,0,0,1,0,0,0 days 01:04:28
1976983,SecondHalf,Turkiye,1,0,0,0,0,0,0,0,0,0 days 01:04:30
1976983,SecondHalf,Australia,0,0,0,0,0,0,0,0,0,0 days 01:04:30
1976983,SecondHalf,Turkiye,0,0,0,0,0,0,1,0,0,0 days 01:04:39
1976983,SecondHalf,Turkiye,0,0,0,0,0,0,1,0,0,0 days 01:04:42
1976983,SecondHalf,Turkiye,0,0,0,0,0,0,1,0,0,0 days 01:04:46
1976983,SecondHalf,Turkiye,0,0,0,0,0,0,1,0,0,0 days 01:04:50
1976983,SecondHalf,Turkiye,0,0,0,0,0,0,1,0,0,0 days 01:04:52
1976983,SecondHalf,Turkiye,0,0,0,0,0,0,1,0,0,0 days 01:04:53
1976983,SecondHalf,Turkiye,0,0,0,0,0,0,1,0,0,0 days 01:04:57
1976983,SecondHalf,Turkiye,0,0,0,0,0,0,1,0,0,0 days 01:04:59
1976983,SecondHalf,Turkiye,0,0,0,0,0,0,1,0,0,0 days 01:05:06
1976983,SecondHalf,Turkiye,0,0,0,0,0,0,1,0,0,0 days 01:05:12
1976983,SecondHalf,Turkiye,1,0,0,0,0,0,0,0,0,0 days 01:05:16
1976983,SecondHalf,Australia,0,0,0,0,0,0,0,0,0,0 days 01:05:16
1976983,SecondHalf,Australia,0,0,0,0,0,0,0,1,0,0 days 01:05:18
1976983,SecondHalf,Turkiye,0,0,0,0,0,0,0,0,1,0 days 01:05:18
1976983,SecondHalf,Turkiye,1,0,0,0,0,0,0,0,0,0 days 01:05:20
1976983,SecondHalf,Australia,0,0,0,0,0,0,0,0,0,0 days 01:05:20
1976983,SecondHalf,Turkiye,0,0,0,0,0,0,1,0,0,0 days 01:05:25
1976983,SecondHalf,Turkiye,0,0,0,0,0,0,1,0,0,0 days 01:05:27
1976983,SecondHalf,Turkiye,0,0,0,0,0,0,1,0,0,0 days 01:05:27
1976983,SecondHalf,Turkiye,0,0,0,0,0,0,1,0,0,0 days 01:05:32
1976983,SecondHalf,Turkiye,0,0,0,0,0,0,1,0,0,0 days 01:05:34
1976983,SecondHalf,Turkiye,0,0,0,0,0,0,1,0,0,0 days 01:05:35
1976983,SecondHalf,Turkiye,0,0,0,0,0,0,1,0,0,0 days 01:05:38
1976983,SecondHalf,Turkiye,0,0,0,0,0,0,1,0,0,0 days 01:05:41
1976983,SecondHalf,Turkiye,0,0,0,0,0,0,1,0,0,0 days 01:05:44
1976983,SecondHalf,Turkiye,0,0,0,0,0,0,1,0,0,0 days 01:05:49
1976983,SecondHalf,Turkiye,0,0,0,0,0,0,1,0,0,0 days 01:05:51
1976983,SecondHalf,Turkiye,0,0,0,0,0,0,1,0,0,0 days 01:05:54
1976983,SecondHalf,Turkiye,0,0,0,0,0,0,1,0,0,0 days 01:05:57
1976983,SecondHalf,Turkiye,0,0,0,0,0,0,1,0,0,0 days 01:06:00
1976983,SecondHalf,Australia,0,0,0,0,0,0,1,0,0,0 days 01:06:01
1976983,SecondHalf,Australia,0,1,0,0,0,0,0,0,0,0 days 01:06:03
1976983,SecondHalf,Australia,0,0,0,0,0,0,0,0,0,0 days 01:06:04
1976983,SecondHalf,Turkiye,0,0,0,0,0,0,1,0,0,0 days 01:06:09
1976983,SecondHalf,Turkiye,0,0,0,0,0,0,1,0,0,0 days 01:06:12
1976983,SecondHalf,Turkiye,0,0,0,0,0,0,1,0,0,0 days 01:06:13
1976983,SecondHalf,Turkiye,0,0,0,0,0,0,1,0,0,0 days 01:06:13
1976983,SecondHalf,Turkiye,0,0,0,0,0,0,1,0,0,0 days 01:06:16
1976983,SecondHalf,Turkiye,0,0,0,0,0,0,1,0,0,0 days 01:06:23
1976983,SecondHalf,Turkiye,0,0,0,0,0,0,1,0,0,0 days 01:06:24
1976983,SecondHalf,Turkiye,0,0,0,0,0,0,0,0,0,0 days 01:06:26
1976983,SecondHalf,Australia,0,0,0,0,0,0,1,0,0,0 days 01:06:26
1976983,SecondHalf,Australia,0,1,0,0,0,0,0,0,0,0 days 01:06:27
1976983,SecondHalf,Turkiye,0,0,0,0,0,0,0,0,0,0 days 01:06:27
1976983,SecondHalf,Australia,0,0,0,0,0,0,0,0,1,0 days 01:06:27
1976983,SecondHalf,Australia,0,0,0,0,0,0,0,0,0,0 days 01:06:30
1976983,SecondHalf,Turkiye,0,0,0,0,0,0,1,0,0,0 days 01:06:32
1976983,SecondHalf,Turkiye,0,1,0,0,0,0,0,0,0,0 days 01:06:33
1976983,SecondHalf,Turkiye,0,0,0,0,0,0,1,0,0,0 days 01:06:35
1976983,SecondHalf,Turkiye,0,0,0,0,0,0,1,0,0,0 days 01:06:36
1976983,SecondHalf,Turkiye,0,0,0,0,0,0,1,0,0,0 days 01:06:39
1976983,SecondHalf,Australia,0,0,0,0,0,0,0,0,0,0 days 01:06:42
1976983,SecondHalf,Turkiye,0,0,0,0,0,0,0,0,1,0 days 01:06:42
1976983,SecondHalf,Turkiye,0,0,0,0,0,0,0,0,0,0 days 01:06:45
1976983,SecondHalf,Australia,0,0,0,0,0,0,0,0,0,0 days 01:06:45
1976984,SecondHalf,Paraguay,0,0,0,0,0,0,1,0,0,0 days 00:57:24
1976984,SecondHalf,Paraguay,0,0,0,0,0,0,1,0,0,0 days 00:57:28
1976984,SecondHalf,Turkiye,0,1,0,0,0,0,0,0,0,0 days 00:57:30
1976984,SecondHalf,Turkiye,0,0,0,0,0,0,1,0,0,0 days 00:57:31
1976984,SecondHalf,Turkiye,0,0,0,0,0,0,1,0,0,0 days 00:57:32
1976984,SecondHalf,Turkiye,0,0,0,0,0,0,1,0,0,0 days 00:57:34
1976984,SecondHalf,Turkiye,0,0,0,0,0,0,1,0,0,0 days 00:57:37
1976984,SecondHalf,Turkiye,0,0,0,0,0,0,1,0,0,0 days 00:57:40
1976984,SecondHalf,Turkiye,0,0,0,0,0,0,1,0,0,0 days 00:57:45
1976984,SecondHalf,Turkiye,0,0,0,0,0,0,1,0,0,0 days 00:57:49
1976984,SecondHalf,Paraguay,0,0,0,0,0,1,0,0,0,0 days 00:57:50
1976984,SecondHalf,Paraguay,0,1,0,0,0,0,0,0,0,0 days 00:57:51
1976984,SecondHalf,Paraguay,0,0,0,0,0,0,1,0,0,0 days 00:57:53
1976984,SecondHalf,Turkiye,0,0,0,0,0,0,1,0,0,0 days 00:57:58
1976984,SecondHalf,Turkiye,0,0,0,0,0,0,1,0,0,0 days 00:57:59
1976984,SecondHalf,Turkiye,0,0,0,0,0,0,1,0,0,0 days 00:58:04
1976984,SecondHalf,Turkiye,0,0,0,0,0,0,1,0,0,0 days 00:58:09
1976984,SecondHalf,Turkiye,0,0,0,0,0,0,1,0,0,0 days 00:58:11
1976984,SecondHalf,Turkiye,1,0,0,0,0,0,0,0,0,0 days 00:58:16
1976984,SecondHalf,Paraguay,0,0,0,0,0,0,0,0,0,0 days 00:58:16
1976984,SecondHalf,Turkiye,0,0,0,0,0,0,0,0,0,0 days 00:58:18
1976984,SecondHalf,Turkiye,0,0,0,0,0,0,1,0,0,0 days 00:58:19
1976984,SecondHalf,Paraguay,0,0,0,0,0,0,0,0,0,0 days 00:58:19
1976984,SecondHalf,Turkiye,0,0,0,0,0,0,0,0,0,0 days 00:59:02
1976984,SecondHalf,Turkiye,0,0,0,0,0,0,0,0,0,0 days 00:59:02
1976984,SecondHalf,Turkiye,0,0,0,0,0,0,0,0,0,0 days 00:59:03
1976984,SecondHalf,Turkiye,0,0,0,0,0,0,0,0,0,0 days 00:59:03
1976984,SecondHalf,Turkiye,0,0,0,0,0,0,0,0,0,0 days 00:59:04
1976984,SecondHalf,Paraguay,0,0,0,0,0,0,0,0,0,0 days 00:59:19
1976984,SecondHalf,Paraguay,0,0,0,0,0,0,1,0,0,0 days 00:59:31
1976984,SecondHalf,Paraguay,0,0,0,1,0,0,0,0,0,0 days 00:59:34
1976984,SecondHalf,Turkiye,0,0,0,0,0,0,0,1,0,0 days 00:59:34
1976984,SecondHalf,Paraguay,0,0,0,0,0,0,1,0,0,0 days 00:59:49
1976984,SecondHalf,Turkiye,0,0,0,0,0,0,0,0,0,0 days 00:59:53
1976984,SecondHalf,Paraguay,0,0,0,0,0,0,0,0,1,0 days 00:59:53
1976984,SecondHalf,Paraguay,1,0,0,0,0,0,0,0,0,0 days 00:59:55
1976984,SecondHalf,Turkiye,0,0,0,0,0,0,1,0,0,0 days 01:00:05
1976984,SecondHalf,Turkiye,0,0,0,0,0,0,1,0,0,0 days 01:00:09
1976984,SecondHalf,Turkiye,0,0,0,0,0,0,1,0,0,0 days 01:00:11
1976984,SecondHalf,Turkiye,0,0,0,0,0,0,1,0,0,0 days 01:00:15
1976984,SecondHalf,Turkiye,0,0,0,0,0,0,1,0,0,0 days 01:00:17
1976984,SecondHalf,Turkiye,0,0,0,0,0,0,1,0,0,0 days 01:00:18
1976984,SecondHalf,Turkiye,0,0,0,0,0,0,1,0,0,0 days 01:00:22
1976984,SecondHalf,Turkiye,0,0,0,0,0,0,1,0,0,0 days 01:00:24
1976984,SecondHalf,Paraguay,0,0,1,0,0,0,0,0,0,0 days 01:00:25
1976984,SecondHalf,Paraguay,0,0,0,0,0,0,1,0,0,0 days 01:00:28
1976984,SecondHalf,Turkiye,0,0,0,0,0,0,1,0,0,0 days 01:00:34
1976984,SecondHalf,Turkiye,0,0,0,0,0,0,1,0,0,0 days 01:00:38
1976984,SecondHalf,Turkiye,0,0,0,0,0,0,1,0,0,0 days 01:00:43
1976984,SecondHalf,Turkiye,0,0,0,0,0,0,1,0,0,0 days 01:00:45
1976984,SecondHalf,Turkiye,0,0,0,0,0,0,1,0,0,0 days 01:00:47
1976984,SecondHalf,Paraguay,0,0,0,0,0,0,0,0,0,0 days 01:00:49
1976984,SecondHalf,Turkiye,0,0,0,0,0,0,0,0,1,0 days 01:00:49
1976984,SecondHalf,Turkiye,0,0,0,0,0,0,1,0,0,0 days 01:00:51
1976984,SecondHalf,Paraguay,0,0,1,0,0,0,0,0,0,0 days 01:00:53
1976984,SecondHalf,Paraguay,0,0,0,0,0,0,0,0,0,0 days 01:00:55
1976984,SecondHalf,Turkiye,0,0,0,0,0,0,1,0,0,0 days 01:00:56
1976984,SecondHalf,Turkiye,0,0,0,0,0,0,1,0,0,0 days 01:00:59
1976984,SecondHalf,Paraguay,0,0,0,0,0,1,0,0,0,0 days 01:01:00
1976984,SecondHalf,Turkiye,0,0,0,0,0,0,1,0,0,0 days 01:01:01
1976984,SecondHalf,Turkiye,0,0,0,0,0,0,1,0,0,0 days 01:01:05
1976984,SecondHalf,Turkiye,0,0,0,0,0,0,1,0,0,0 days 01:01:07
1976984,SecondHalf,Turkiye,0,0,0,0,0,0,0,0,0,0 days 01:01:10
1976984,SecondHalf,Turkiye,0,0,0,0,0,0,1,0,0,0 days 01:01:11
1976984,SecondHalf,Turkiye,0,0,0,0,0,0,1,0,0,0 days 01:01:15
1976984,SecondHalf,Paraguay,0,0,0,0,0,0,0,0,0,0 days 01:01:17
1976984,SecondHalf,Turkiye,1,0,0,0,0,0,0,0,0,0 days 01:01:17
1976984,SecondHalf,Paraguay,0,0,0,0,0,0,0,0,0,0 days 01:01:17
1976984,SecondHalf,Paraguay,0,0,0,0,0,0,1,0,0,0 days 01:01:27
1976984,SecondHalf,Turkiye,0,0,0,0,0,0,1,0,0,0 days 01:01:32
1976984,SecondHalf,Turkiye,0,1,0,0,0,0,0,0,0,0 days 01:01:33
1976984,SecondHalf,Turkiye,0,0,0,0,0,0,1,0,0,0 days 01:01:35
1976984,SecondHalf,Turkiye,0,0,0,0,0,0,1,0,0,0 days 01:01:37
1976984,SecondHalf,Turkiye,0,0,0,0,0,0,1,0,0,0 days 01:01:39
1976984,SecondHalf,Turkiye,0,0,0,0,0,0,1,0,0,0 days 01:01:40
1976984,SecondHalf,Turkiye,1,0,0,0,0,0,0,0,0,0 days 01:01:43
1976984,SecondHalf,Paraguay,0,0,0,0,0,0,1,0,0,0 days 01:02:12
1976984,SecondHalf,Turkiye,0,0,0,0,0,0,1,0,0,0 days 01:02:18
1976984,SecondHalf,Turkiye,0,0,0,0,0,0,0,0,0,0 days 01:02:19
1976984,SecondHalf,Paraguay,0,0,0,0,0,0,0,0,0,0 days 01:02:19
1976984,SecondHalf,Turkiye,0,0,0,0,0,0,1,0,0,0 days 01:02:19
1976984,SecondHalf,Turkiye,0,1,0,0,0,0,0,0,0,0 days 01:02:21
1976984,SecondHalf,Turkiye,0,0,0,0,0,0,1,0,0,0 days 01:02:25
1976984,SecondHalf,Turkiye,0,0,0,0,0,0,1,0,0,0 days 01:02:28
1976984,SecondHalf,Turkiye,0,0,0,0,0,0,0,0,0,0 days 01:02:36
1976984,SecondHalf,Turkiye,0,0,0,0,0,0,1,0,0,0 days 01:03:22
1976984,SecondHalf,Turkiye,0,0,0,0,0,0,1,0,0,0 days 01:03:25
1976984,SecondHalf,Turkiye,0,0,0,0,0,0,1,0,0,0 days 01:03:27
1976984,SecondHalf,Paraguay,0,0,0,0,0,0,0,0,0,0 days 01:03:31
1976984,SecondHalf,Turkiye,0,0,0,0,0,0,0,0,1,0 days 01:03:31
1976984,SecondHalf,Turkiye,0,0,0,0,0,0,1,0,0,0 days 01:03:34
1976984,SecondHalf,Paraguay,0,0,0,0,0,0,0,0,0,0 days 01:03:34
1976984,SecondHalf,Turkiye,0,0,0,0,0,0,0,0,0,0 days 01:03:35
1976984,SecondHalf,Paraguay,0,0,0,0,0,0,0,0,0,0 days 01:03:35
1976984,SecondHalf,Turkiye,0,0,0,0,0,0,1,0,0,0 days 01:03:43
1976984,SecondHalf,Turkiye,0,0,0,0,0,0,0,0,0,0 days 01:03:46
1976984,SecondHalf,Paraguay,0,0,0,0,0,0,0,0,0,0 days 01:03:46
1976984,SecondHalf,Turkiye,0,0,0,0,0,0,0,0,0,0 days 01:03:00
1976984,SecondHalf,Paraguay,0,0,0,0,0,0,1,0,0,0 days 01:04:16
1976984,SecondHalf,Turkiye,0,0,1,0,0,0,0,0,0,0 days 01:04:20
1976984,SecondHalf,Paraguay,0,0,0,0,0,0,1,0,0,0 days 01:04:21
1976984,SecondHalf,Turkiye,0,1,0,0,0,0,0,0,0,0 days 01:04:24
1976984,SecondHalf,Turkiye,0,0,0,0,0,0,1,0,0,0 days 01:04:24
1976984,SecondHalf,Turkiye,0,0,0,0,0,0,1,0,0,0 days 01:04:30
1976984,SecondHalf,Turkiye,0,0,0,0,0,0,1,0,0,0 days 01:04:38
1976984,SecondHalf,Turkiye,0,0,0,0,0,0,0,0,1,0 days 01:04:40
1976984,SecondHalf,Paraguay,0,0,0,0,0,0,0,1,0,0 days 01:04:40
1976984,SecondHalf,Turkiye,0,0,0,0,0,0,0,0,0,0 days 01:04:42
1976984,SecondHalf,Paraguay,0,0,1,0,0,0,0,0,0,0 days 01:04:43
1976984,SecondHalf,Turkiye,0,0,0,0,0,0,1,0,0,0 days 01:04:47
1976984,SecondHalf,Turkiye,0,0,0,0,0,0,1,0,0,0 days 01:04:51
1976984,SecondHalf,Turkiye,0,0,0,0,0,0,1,0,0,0 days 01:04:54
1976984,SecondHalf,Turkiye,1,0,0,0,0,0,0,0,0,0 days 01:04:56
1976984,SecondHalf,Paraguay,0,0,0,0,0,0,0,0,0,0 days 01:06:05
1976984,SecondHalf,Paraguay,0,0,0,0,0,0,0,0,0,0 days 01:06:05
1976984,SecondHalf,Paraguay,0,0,0,0,0,0,0,0,0,0 days 01:06:06
1976984,SecondHalf,Paraguay,0,0,0,0,0,0,1,0,0,0 days 01:06:59
1976985,SecondHalf,South Africa,0,0,0,0,0,0,1,0,0,0 days 00:57:01
1976985,SecondHalf,South Africa,0,0,0,0,0,0,1,0,0,0 days 00:57:03
1976985,SecondHalf,South Africa,0,0,0,0,0,0,1,0,0,0 days 00:57:08
1976985,SecondHalf,South Africa,0,0,0,0,0,0,1,0,0,0 days 00:57:12
1976985,SecondHalf,South Africa,0,0,0,0,0,0,1,0,0,0 days 00:57:14
1976985,SecondHalf,Czechia,0,0,0,0,1,0,0,0,0,0 days 00:57:18
1976985,SecondHalf,South Africa,0,0,0,0,1,0,0,0,0,0 days 00:57:18
1976985,SecondHalf,Czechia,0,0,0,0,0,0,1,0,0,0 days 00:58:26
1976985,SecondHalf,South Africa,0,0,0,0,0,0,0,0,0,0 days 00:58:30
1976985,SecondHalf,Czechia,0,0,0,0,0,0,0,0,0,0 days 00:58:30
1976985,SecondHalf,Czechia,0,0,0,0,0,0,1,0,0,0 days 00:58:30
1976985,SecondHalf,Czechia,0,0,0,0,0,0,1,0,0,0 days 00:58:31
1976985,SecondHalf,Czechia,0,0,0,0,0,0,1,0,0,0 days 00:58:34
1976985,SecondHalf,Czechia,0,0,0,0,0,0,1,0,0,0 days 00:58:37
1976985,SecondHalf,Czechia,0,0,0,0,0,0,1,0,0,0 days 00:58:40
1976985,SecondHalf,South Africa,0,0,0,0,0,0,0,0,0,0 days 00:58:42
1976985,SecondHalf,Czechia,1,0,0,0,0,0,0,0,0,0 days 00:58:42
1976985,SecondHalf,South Africa,0,0,1,0,0,0,0,0,0,0 days 00:58:47
1976985,SecondHalf,Czechia,0,0,0,0,0,0,0,0,0,0 days 00:58:48
1976985,SecondHalf,South Africa,0,0,0,0,0,0,1,0,0,0 days 00:59:03
1976985,SecondHalf,South Africa,0,0,0,0,0,0,1,0,0,0 days 00:59:06
1976985,SecondHalf,South Africa,0,0,0,0,0,0,1,0,0,0 days 00:59:08
1976985,SecondHalf,South Africa,0,0,0,0,0,0,1,0,0,0 days 00:59:12
1976985,SecondHalf,South Africa,0,0,0,0,0,0,1,0,0,0 days 00:59:15
1976985,SecondHalf,South Africa,0,0,0,0,0,0,1,0,0,0 days 00:59:18
1976985,SecondHalf,South Africa,0,0,0,0,0,0,1,0,0,0 days 00:59:29
1976985,SecondHalf,South Africa,0,0,0,0,0,0,1,0,0,0 days 00:59:31
1976985,SecondHalf,South Africa,0,0,0,0,0,0,1,0,0,0 days 00:59:36
1976985,SecondHalf,Czechia,0,0,0,0,0,0,1,0,0,0 days 00:59:37
1976985,SecondHalf,Czechia,0,0,0,0,0,0,1,0,0,0 days 00:59:39
1976985,SecondHalf,Czechia,0,0,0,0,0,0,1,0,0,0 days 00:59:40
1976985,SecondHalf,South Africa,0,0,0,0,0,0,1,0,0,0 days 00:59:46
1976985,SecondHalf,South Africa,1,0,0,0,0,0,0,0,0,0 days 00:59:49
1976985,SecondHalf,Czechia,0,0,0,0,0,0,1,0,0,0 days 01:00:03
1976985,SecondHalf,Czechia,0,0,0,0,0,0,1,0,0,0 days 01:00:14
1976985,SecondHalf,South Africa,0,0,0,0,0,0,1,0,0,0 days 01:00:17
1976985,SecondHalf,South Africa,0,1,0,0,0,0,0,0,0,0 days 01:00:19
1976985,SecondHalf,South Africa,0,0,0,0,0,0,1,0,0,0 days 01:00:20
1976985,SecondHalf,South Africa,0,0,0,0,0,0,1,0,0,0 days 01:00:22
1976985,SecondHalf,South Africa,0,0,0,0,0,0,1,0,0,0 days 01:00:29
1976985,SecondHalf,South Africa,0,0,0,0,0,0,1,0,0,0 days 01:00:32
1976985,SecondHalf,South Africa,0,0,0,0,0,0,1,0,0,0 days 01:00:35
1976985,SecondHalf,South Africa,0,0,0,0,0,0,1,0,0,0 days 01:00:39
1976985,SecondHalf,South Africa,0,0,0,0,0,0,1,0,0,0 days 01:00:44
1976985,SecondHalf,South Africa,0,0,0,0,0,0,1,0,0,0 days 01:00:47
1976985,SecondHalf,South Africa,0,0,0,0,0,0,1,0,0,0 days 01:00:49
1976985,SecondHalf,South Africa,0,0,0,0,0,0,1,0,0,0 days 01:00:52
1976985,SecondHalf,South Africa,0,0,0,0,0,0,1,0,0,0 days 01:00:56
1976985,SecondHalf,South Africa,0,0,0,0,0,0,1,0,0,0 days 01:00:58
1976985,SecondHalf,South Africa,0,0,0,0,0,0,1,0,0,0 days 01:01:00
1976985,SecondHalf,South Africa,0,0,0,0,0,0,1,0,0,0 days 01:01:03
1976985,SecondHalf,South Africa,0,0,0,0,0,0,1,0,0,0 days 01:01:04
1976985,SecondHalf,South Africa,0,0,0,0,0,0,0,0,1,0 days 01:01:07
1976985,SecondHalf,Czechia,0,0,0,0,0,0,0,0,0,0 days 01:01:07
1976985,SecondHalf,South Africa,0,0,0,0,0,0,0,0,0,0 days 01:01:08
1976985,SecondHalf,Czechia,0,0,0,0,0,0,0,0,0,0 days 01:01:08
1976985,SecondHalf,Czechia,0,0,0,0,0,0,1,0,0,0 days 01:01:41
1976985,SecondHalf,Czechia,0,0,0,0,0,0,1,0,0,0 days 01:01:43
1976985,SecondHalf,Czechia,0,0,0,0,0,0,1,0,0,0 days 01:01:48
1976985,SecondHalf,Czechia,0,0,0,0,0,0,1,0,0,0 days 01:01:52
1976985,SecondHalf,South Africa,0,1,0,0,0,0,0,0,0,0 days 01:01:54
1976985,SecondHalf,South Africa,0,0,0,0,0,0,1,0,0,0 days 01:01:56
1976985,SecondHalf,Czechia,0,0,0,0,0,0,1,0,0,0 days 01:01:58
1976985,SecondHalf,South Africa,0,0,0,0,0,0,0,0,0,0 days 01:01:00
1976985,SecondHalf,Czechia,0,1,0,0,0,0,0,0,0,0 days 01:02:00
1976985,SecondHalf,Czechia,0,0,0,0,0,0,1,0,0,0 days 01:02:01
1976985,SecondHalf,Czechia,0,0,0,0,0,0,1,0,0,0 days 01:02:02
1976985,SecondHalf,Czechia,0,0,0,0,0,0,1,0,0,0 days 01:02:04
1976985,SecondHalf,Czechia,0,0,0,0,0,0,1,0,0,0 days 01:02:08
1976985,SecondHalf,South Africa,0,1,0,0,0,0,0,0,0,0 days 01:02:13
1976985,SecondHalf,South Africa,0,0,0,0,0,0,1,0,0,0 days 01:02:16
1976985,SecondHalf,South Africa,0,0,0,0,0,0,1,0,0,0 days 01:02:19
1976985,SecondHalf,South Africa,0,0,0,0,0,0,1,0,0,0 days 01:02:26
1976985,SecondHalf,South Africa,0,0,0,0,0,0,1,0,0,0 days 01:02:28
1976985,SecondHalf,South Africa,0,0,0,0,0,0,1,0,0,0 days 01:02:30
1976985,SecondHalf,South Africa,0,0,0,1,0,0,0,0,0,0 days 01:02:34
1976985,SecondHalf,Czechia,0,0,0,0,0,0,0,1,0,0 days 01:02:34
1976985,SecondHalf,South Africa,0,0,0,0,0,0,0,0,0,0 days 01:02:35
1976985,SecondHalf,Czechia,0,1,0,0,0,0,0,0,0,0 days 01:02:37
1976985,SecondHalf,South Africa,0,0,0,0,0,0,0,1,0,0 days 01:02:38
1976985,SecondHalf,Czechia,0,0,0,1,0,0,0,0,0,0 days 01:02:38
1976985,SecondHalf,Czechia,0,0,0,0,0,0,1,0,0,0 days 01:02:40
1976985,SecondHalf,Czechia,0,0,0,0,0,0,1,0,0,0 days 01:02:44
1976985,SecondHalf,Czechia,0,0,0,0,0,0,1,0,0,0 days 01:02:46
1976985,SecondHalf,Czechia,0,0,0,0,0,0,1,0,0,0 days 01:02:47
1976985,SecondHalf,Czechia,0,0,0,0,0,0,1,0,0,0 days 01:02:53
1976985,SecondHalf,Czechia,0,0,0,0,0,0,1,0,0,0 days 01:02:55
1976985,SecondHalf,Czechia,0,0,0,0,0,0,1,0,0,0 days 01:02:59
1976985,SecondHalf,Czechia,0,0,0,0,0,0,1,0,0,0 days 01:03:01
1976985,SecondHalf,South Africa,0,0,0,0,0,0,0,0,0,0 days 01:03:01
1976985,SecondHalf,Czechia,0,0,0,0,0,0,1,0,0,0 days 01:03:03
1976985,SecondHalf,Czechia,0,0,0,0,0,0,1,0,0,0 days 01:03:11
1976985,SecondHalf,Czechia,0,0,0,0,0,0,1,0,0,0 days 01:03:13
1976985,SecondHalf,Czechia,0,0,0,0,0,0,1,0,0,0 days 01:03:15
1976985,SecondHalf,Czechia,0,0,0,0,0,0,1,0,0,0 days 01:03:18
1976985,SecondHalf,Czechia,0,0,0,0,0,0,1,0,0,0 days 01:03:23
1976985,SecondHalf,Czechia,0,0,0,0,0,0,1,0,0,0 days 01:03:26
1976985,SecondHalf,Czechia,0,0,0,0,0,0,1,0,0,0 days 01:03:28
1976985,SecondHalf,Czechia,0,0,0,0,0,0,1,0,0,0 days 01:03:35
1976985,SecondHalf,Czechia,0,0,0,0,0,0,1,0,0,0 days 01:03:38
1976985,SecondHalf,Czechia,0,0,0,0,0,0,1,0,0,0 days 01:03:40
1976985,SecondHalf,South Africa,0,0,0,0,0,1,0,0,0,0 days 01:03:43
1976985,SecondHalf,South Africa,0,0,0,0,1,0,0,0,0,0 days 01:03:43
1976985,SecondHalf,Czechia,0,0,0,0,1,0,0,0,0,0 days 01:03:43
1976985,SecondHalf,South Africa,0,0,0,0,0,0,1,0,0,0 days 01:04:37
1976985,SecondHalf,South Africa,0,0,0,0,0,0,1,0,0,0 days 01:04:44
1976985,SecondHalf,South Africa,0,0,0,0,0,0,1,0,0,0 days 01:04:46
1976985,SecondHalf,South Africa,0,0,0,0,0,0,1,0,0,0 days 01:04:49
1976985,SecondHalf,South Africa,0,0,0,0,0,0,1,0,0,0 days 01:04:52
1976985,SecondHalf,South Africa,0,0,0,0,0,0,1,0,0,0 days 01:04:53
1976985,SecondHalf,South Africa,0,0,0,0,0,0,1,0,0,0 days 01:05:09
1976985,SecondHalf,South Africa,0,0,0,0,0,0,0,0,0,0 days 01:05:53
1976985,SecondHalf,South Africa,0,0,0,0,0,0,0,0,0,0 days 01:05:53
1976985,SecondHalf,Czechia,0,0,0,0,0,0,0,0,0,0 days 01:06:19
1976985,SecondHalf,Czechia,0,0,0,0,0,0,0,0,0,0 days 01:06:19
1976985,SecondHalf,Czechia,0,0,0,0,0,0,0,0,0,0 days 01:06:24
1976985,SecondHalf,Czechia,0,0,0,0,0,0,0,0,0,0 days 01:06:24
1976985,SecondHalf,Czechia,0,0,0,0,0,0,0,0,0,0 days 01:06:25
1976985,SecondHalf,Czechia,0,0,0,0,0,0,1,0,0,0 days 01:06:34
1976985,SecondHalf,Czechia,0,0,0,0,0,0,1,0,0,0 days 01:06:35
1976985,SecondHalf,South Africa,0,0,1,0,0,0,0,0,0,0 days 01:06:38
1976985,SecondHalf,Czechia,0,0,0,0,0,0,1,0,0,0 days 01:06:39
1976985,SecondHalf,South Africa,0,0,0,0,0,0,0,0,0,0 days 01:06:41
1976985,SecondHalf,Czechia,0,0,0,0,0,0,1,0,0,0 days 01:06:46
1976985,SecondHalf,Czechia,0,0,0,0,0,0,0,0,1,0 days 01:06:49
1976985,SecondHalf,South Africa,0,0,0,0,0,0,0,1,0,0 days 01:06:49
1976985,SecondHalf,Czechia,0,0,0,0,0,0,0,0,0,0 days 01:06:50
1976985,SecondHalf,South Africa,0,0,0,0,0,0,0,0,0,0 days 01:06:51
1976986,SecondHalf,Czechia,0,0,0,0,0,0,1,0,0,0 days 00:57:09
1976986,SecondHalf,Czechia,0,0,0,0,0,0,1,0,0,0 days 00:57:12
1976986,SecondHalf,Czechia,0,0,0,0,0,0,0,0,1,0 days 00:57:15
1976986,SecondHalf,Czechia,0,0,0,0,1,0,0,0,0,0 days 00:57:17
1976986,SecondHalf,Mexico,0,0,0,0,1,0,0,0,0,0 days 00:57:17
1976986,SecondHalf,Czechia,0,0,0,0,0,0,1,0,0,0 days 00:57:28
1976986,SecondHalf,Czechia,0,0,0,0,0,0,1,0,0,0 days 00:57:29
1976986,SecondHalf,Czechia,0,0,0,0,0,0,1,0,0,0 days 00:57:34
1976986,SecondHalf,Czechia,0,0,0,0,0,0,1,0,0,0 days 00:57:36
1976986,SecondHalf,Czechia,0,0,0,1,0,0,0,0,0,0 days 00:57:39
1976986,SecondHalf,Mexico,0,0,0,0,0,0,0,1,0,0 days 00:57:39
1976986,SecondHalf,Mexico,0,1,0,0,0,0,0,0,0,0 days 00:57:41
1976986,SecondHalf,Mexico,0,0,0,0,0,0,1,0,0,0 days 00:57:41
1976986,SecondHalf,Mexico,0,0,0,0,0,0,1,0,0,0 days 00:57:42
1976986,SecondHalf,Czechia,0,0,0,0,0,0,1,0,0,0 days 00:57:43
1976986,SecondHalf,Czechia,0,1,0,0,0,0,0,0,0,0 days 00:57:45
1976986,SecondHalf,Czechia,0,0,0,0,0,0,1,0,0,0 days 00:57:45
1976986,SecondHalf,Czechia,0,0,0,0,0,0,1,0,0,0 days 00:57:46
1976986,SecondHalf,Czechia,0,0,0,0,0,0,1,0,0,0 days 00:57:48
1976986,SecondHalf,Czechia,0,0,0,0,0,0,1,0,0,0 days 00:57:52
1976986,SecondHalf,Czechia,0,0,0,0,0,0,1,0,0,0 days 00:57:53
1976986,SecondHalf,Czechia,0,0,0,0,0,0,1,0,0,0 days 00:57:59
1976986,SecondHalf,Czechia,0,0,0,0,0,0,1,0,0,0 days 00:58:03
1976986,SecondHalf,Czechia,0,0,0,0,0,0,1,0,0,0 days 00:58:04
1976986,SecondHalf,Czechia,0,0,0,0,0,0,1,0,0,0 days 00:58:06
1976986,SecondHalf,Czechia,0,0,0,0,0,0,1,0,0,0 days 00:58:07
1976986,SecondHalf,Czechia,0,0,0,0,0,0,1,0,0,0 days 00:58:08
1976986,SecondHalf,Czechia,0,0,0,0,0,0,0,0,1,0 days 00:58:10
1976986,SecondHalf,Mexico,0,0,0,0,0,0,0,1,0,0 days 00:58:10
1976986,SecondHalf,Mexico,0,1,0,0,0,0,0,0,0,0 days 00:58:12
1976986,SecondHalf,Mexico,0,0,0,0,0,0,1,0,0,0 days 00:58:21
1976986,SecondHalf,Mexico,0,0,0,0,0,0,1,0,0,0 days 00:58:23
1976986,SecondHalf,Mexico,0,0,0,0,0,0,1,0,0,0 days 00:58:26
1976986,SecondHalf,Czechia,0,1,0,0,0,0,0,0,0,0 days 00:58:28
1976986,SecondHalf,Czechia,0,0,0,0,0,0,1,0,0,0 days 00:58:29
1976986,SecondHalf,Czechia,0,0,0,0,0,0,1,0,0,0 days 00:58:33
1976986,SecondHalf,Czechia,0,0,0,0,0,0,1,0,0,0 days 00:58:36
1976986,SecondHalf,Mexico,0,1,0,0,0,0,0,0,0,0 days 00:58:39
1976986,SecondHalf,Mexico,0,0,0,1,0,0,0,0,0,0 days 00:58:42
1976986,SecondHalf,Czechia,0,0,0,0,0,0,1,0,0,0 days 00:58:42
1976986,SecondHalf,Mexico,0,0,0,0,0,0,0,0,0,0 days 00:58:42
1976986,SecondHalf,Czechia,0,0,0,0,0,0,0,1,0,0 days 00:58:42
1976986,SecondHalf,Czechia,0,1,0,0,0,0,0,0,0,0 days 00:58:44
1976986,SecondHalf,Czechia,0,0,0,0,0,0,1,0,0,0 days 00:58:44
1976986,SecondHalf,Czechia,0,0,0,0,0,0,1,0,0,0 days 00:58:49
1976986,SecondHalf,Czechia,0,0,0,0,0,0,1,0,0,0 days 00:58:55
1976986,SecondHalf,Mexico,0,0,1,0,0,0,0,0,0,0 days 00:58:55
1976986,SecondHalf,Czechia,0,0,0,0,0,0,0,0,0,0 days 00:58:56
1976986,SecondHalf,Mexico,0,1,0,0,0,0,0,0,0,0 days 00:58:59
1976986,SecondHalf,Mexico,0,0,0,0,0,0,1,0,0,0 days 00:59:00
1976986,SecondHalf,Czechia,0,0,0,0,0,0,1,0,0,0 days 00:59:02
1976986,SecondHalf,Czechia,0,1,0,0,0,0,0,0,0,0 days 00:59:06
1976986,SecondHalf,Czechia,0,0,0,0,0,0,1,0,0,0 days 00:59:07
1976986,SecondHalf,Czechia,0,0,0,0,0,0,1,0,0,0 days 00:59:14
1976986,SecondHalf,Czechia,0,0,0,0,0,0,1,0,0,0 days 00:59:16
1976986,SecondHalf,Czechia,0,0,0,0,0,0,1,0,0,0 days 00:59:17
1976986,SecondHalf,Czechia,0,0,0,0,0,0,1,0,0,0 days 00:59:19
1976986,SecondHalf,Czechia,0,0,0,0,0,0,1,0,0,0 days 00:59:23
1976986,SecondHalf,Czechia,0,0,0,0,0,0,1,0,0,0 days 00:59:25
1976986,SecondHalf,Czechia,0,0,0,0,0,0,1,0,0,0 days 00:59:31
1976986,SecondHalf,Czechia,0,0,0,0,0,0,1,0,0,0 days 00:59:32
1976986,SecondHalf,Czechia,0,0,0,0,0,0,1,0,0,0 days 00:59:36
1976986,SecondHalf,Mexico,0,0,0,0,0,1,0,0,0,0 days 00:59:39
1976986,SecondHalf,Czechia,0,0,0,0,0,0,1,0,0,0 days 00:59:58
1976986,SecondHalf,Czechia,0,0,0,0,0,0,1,0,0,0 days 01:00:00
1976986,SecondHalf,Czechia,0,0,0,0,0,0,1,0,0,0 days 01:00:01
1976986,SecondHalf,Czechia,1,0,0,0,0,0,0,0,0,0 days 01:00:02
1976986,SecondHalf,Mexico,0,0,0,0,0,0,0,0,0,0 days 01:00:02
1976986,SecondHalf,Czechia,0,0,0,0,0,0,1,0,0,0 days 01:00:09
1976986,SecondHalf,Czechia,0,0,0,0,0,0,1,0,0,0 days 01:00:13
1976986,SecondHalf,Mexico,0,0,1,0,0,0,0,0,0,0 days 01:00:15
1976986,SecondHalf,Mexico,0,1,0,0,0,0,0,0,0,0 days 01:00:19
1976986,SecondHalf,Mexico,0,0,0,0,0,0,1,0,0,0 days 01:00:27
1976986,SecondHalf,Czechia,0,0,0,0,0,0,0,0,0,0 days 01:00:27
1976986,SecondHalf,Mexico,0,0,0,0,0,0,0,0,0,0 days 01:00:28
1976986,SecondHalf,Czechia,0,0,1,0,0,0,0,0,0,0 days 01:00:28
1976986,SecondHalf,Czechia,0,0,1,0,0,0,0,0,0,0 days 01:00:29
1976986,SecondHalf,Czechia,0,0,0,0,0,0,0,0,0,0 days 01:00:29
1976986,SecondHalf,Mexico,0,0,0,0,0,0,0,0,0,0 days 01:00:30
1976986,SecondHalf,Mexico,1,0,0,0,0,0,0,0,0,0 days 01:00:31
1976986,SecondHalf,Mexico,0,0,0,0,0,0,0,0,0,0 days 01:02:17
1976986,SecondHalf,Mexico,0,0,0,0,0,0,0,0,0,0 days 01:02:17
1976986,SecondHalf,Mexico,0,0,0,0,0,0,0,0,0,0 days 01:02:20
1976986,SecondHalf,Mexico,0,0,0,0,0,0,0,0,0,0 days 01:02:20
1976986,SecondHalf,Czechia,0,0,0,0,0,0,1,0,0,0 days 01:02:28
1976986,SecondHalf,Czechia,0,0,0,0,0,0,1,0,0,0 days 01:02:30
1976986,SecondHalf,Czechia,0,0,0,0,0,0,1,0,0,0 days 01:02:32
1976986,SecondHalf,Czechia,0,0,0,0,0,0,1,0,0,0 days 01:02:39
1976986,SecondHalf,Czechia,0,0,0,0,0,0,1,0,0,0 days 01:02:42
1976986,SecondHalf,Czechia,0,0,0,0,0,0,1,0,0,0 days 01:02:44
1976986,SecondHalf,Czechia,0,0,0,0,0,0,1,0,0,0 days 01:02:48
1976986,SecondHalf,Czechia,0,0,0,0,0,0,1,0,0,0 days 01:02:52
1976986,SecondHalf,Czechia,0,0,0,0,0,0,1,0,0,0 days 01:02:56
1976986,SecondHalf,Mexico,0,0,0,0,0,0,0,0,0,0 days 01:02:59
1976986,SecondHalf,Czechia,0,0,0,0,0,0,0,0,1,0 days 01:02:59
1976986,SecondHalf,Mexico,0,0,0,0,1,0,0,0,0,0 days 01:03:02
1976986,SecondHalf,Czechia,0,0,0,0,1,0,0,0,0,0 days 01:03:02
1976986,SecondHalf,Mexico,0,0,0,0,0,0,0,0,0,0 days 01:03:04
1976986,SecondHalf,Czechia,0,0,0,0,0,0,0,0,0,0 days 01:03:55
1976986,SecondHalf,Czechia,0,0,0,0,0,0,0,0,0,0 days 01:03:55
1976986,SecondHalf,Czechia,0,0,0,0,0,0,0,0,0,0 days 01:03:58
1976986,SecondHalf,Czechia,0,0,0,0,0,0,0,0,0,0 days 01:03:58
1976986,SecondHalf,Czechia,0,0,0,0,0,0,0,0,0,0 days 01:03:59
1976986,SecondHalf,Czechia,0,0,0,0,0,0,1,0,0,0 days 01:04:09
1976986,SecondHalf,Czechia,0,0,0,0,0,0,1,0,0,0 days 01:04:11
1976986,SecondHalf,Czechia,0,0,0,0,0,0,1,0,0,0 days 01:04:13
1976986,SecondHalf,Czechia,0,0,0,0,0,0,1,0,0,0 days 01:04:15
1976986,SecondHalf,Czechia,0,0,0,0,0,0,1,0,0,0 days 01:04:18
1976986,SecondHalf,Czechia,0,0,0,0,0,0,1,0,0,0 days 01:04:21
1976986,SecondHalf,Czechia,0,0,0,0,0,0,1,0,0,0 days 01:04:24
1976986,SecondHalf,Czechia,0,0,0,0,0,0,1,0,0,0 days 01:04:27
1976986,SecondHalf,Czechia,0,0,0,0,0,0,1,0,0,0 days 01:04:31
1976986,SecondHalf,Czechia,0,0,0,0,0,0,1,0,0,0 days 01:04:35
1976986,SecondHalf,Czechia,0,0,0,0,0,0,1,0,0,0 days 01:04:37
1976986,SecondHalf,Czechia,0,0,0,0,0,0,1,0,0,0 days 01:04:38
1976986,SecondHalf,Czechia,0,0,0,0,0,0,1,0,0,0 days 01:04:41
1976986,SecondHalf,Czechia,0,0,0,0,0,0,0,0,0,0 days 01:04:43
1976986,SecondHalf,Czechia,0,0,0,0,0,0,0,0,0,0 days 01:05:11
1976986,SecondHalf,Mexico,0,0,0,0,0,0,0,0,0,0 days 01:05:11
1976986,SecondHalf,Czechia,0,0,0,0,0,0,1,0,0,0 days 01:05:32
1976986,SecondHalf,Mexico,0,0,1,0,0,0,0,0,0,0 days 01:05:34
1976986,SecondHalf,Czechia,0,0,0,0,0,0,1,0,0,0 days 01:05:44
1976986,SecondHalf,Czechia,0,0,0,0,0,0,1,0,0,0 days 01:05:46
1976986,SecondHalf,Czechia,0,0,0,0,0,0,1,0,0,0 days 01:05:47
1976986,SecondHalf,Czechia,0,0,0,1,0,0,0,0,0,0 days 01:05:49
1976986,SecondHalf,Mexico,0,0,0,0,0,0,0,1,0,0 days 01:05:49
1976986,SecondHalf,Czechia,0,0,0,0,0,0,1,0,0,0 days 01:06:00
1976986,SecondHalf,Czechia,0,0,0,0,0,0,1,0,0,0 days 01:06:03
1976986,SecondHalf,Czechia,0,0,0,0,0,0,1,0,0,0 days 01:06:06
1976986,SecondHalf,Czechia,0,0,0,0,0,0,1,0,0,0 days 01:06:08
1976986,SecondHalf,Czechia,0,0,0,0,0,0,1,0,0,0 days 01:06:10
1976986,SecondHalf,Mexico,0,0,1,0,0,0,0,0,0,0 days 01:06:12
1976986,SecondHalf,Mexico,0,0,0,0,0,0,0,0,0,0 days 01:06:14
1976986,SecondHalf,Czechia,0,0,0,0,0,0,0,0,0,0 days 01:06:14
1976986,SecondHalf,Czechia,0,0,0,0,0,0,1,0,0,0 days 01:06:40
1976986,SecondHalf,Mexico,0,0,1,0,0,0,0,0,0,0 days 01:06:44
1976986,SecondHalf,Czechia,0,0,0,0,0,0,1,0,0,0 days 01:06:48
1976986,SecondHalf,Czechia,0,0,0,0,0,0,1,0,0,0 days 01:06:51
1976986,SecondHalf,Czechia,0,0,0,0,0,0,0,0,1,0 days 01:06:55
1976986,SecondHalf,Mexico,0,0,0,0,0,0,0,1,0,0 days 01:06:55
1976986,SecondHalf,Czechia,0,0,0,0,0,0,0,0,0,0 days 01:06:56
1976986,SecondHalf,Mexico,0,0,0,0,0,0,0,0,0,0 days 01:06:56
1976987,SecondHalf,Czechia,0,0,0,0,0,0,1,0,0,0 days 00:57:02
1976987,SecondHalf,Republic of Korea,0,0,0,0,0,1,0,0,0,0 days 00:57:06
1976987,SecondHalf,Czechia,0,0,0,0,0,0,1,0,0,0 days 00:57:13
1976987,SecondHalf,Czechia,0,0,0,0,0,0,1,0,0,0 days 00:57:22
1976987,SecondHalf,Czechia,0,0,0,0,0,0,1,0,0,0 days 00:57:24
1976987,SecondHalf,Republic of Korea,0,0,1,0,0,0,0,0,0,0 days 00:57:28
1976987,SecondHalf,Czechia,0,0,0,0,0,0,1,0,0,0 days 00:57:45
1976987,SecondHalf,Czechia,0,0,0,0,0,0,0,0,0,0 days 00:57:47
1976987,SecondHalf,Republic of Korea,0,0,0,0,0,0,0,0,0,0 days 00:57:47
1976987,SecondHalf,Republic of Korea,0,0,1,0,0,0,0,0,0,0 days 00:57:48
1976987,SecondHalf,Czechia,0,0,0,0,0,0,1,0,0,0 days 00:57:50
1976987,SecondHalf,Republic of Korea,0,0,0,0,0,0,0,0,0,0 days 00:57:51
1976987,SecondHalf,Czechia,0,0,0,0,0,0,0,0,0,0 days 00:57:51
1976987,SecondHalf,Republic of Korea,0,0,1,0,0,0,0,0,0,0 days 00:57:52
1976987,SecondHalf,Czechia,0,0,0,0,0,0,1,0,0,0 days 00:58:08
1976987,SecondHalf,Republic of Korea,0,0,0,0,0,0,0,0,0,0 days 00:58:09
1976987,SecondHalf,Czechia,0,0,0,0,0,0,0,0,0,0 days 00:58:09
1976987,SecondHalf,Czechia,1,0,0,0,0,0,0,0,0,0 days 00:58:11
1976987,SecondHalf,Republic of Korea,0,0,0,0,0,0,1,0,0,0 days 00:59:37
1976987,SecondHalf,Republic of Korea,0,0,0,0,0,0,1,0,0,0 days 00:59:38
1976987,SecondHalf,Republic of Korea,0,0,0,0,0,0,1,0,0,0 days 00:59:39
1976987,SecondHalf,Republic of Korea,0,0,0,0,0,0,1,0,0,0 days 00:59:40
1976987,SecondHalf,Republic of Korea,0,0,0,0,0,0,1,0,0,0 days 00:59:41
1976987,SecondHalf,Republic of Korea,0,0,0,0,0,0,1,0,0,0 days 00:59:42
1976987,SecondHalf,Republic of Korea,0,0,0,0,0,0,1,0,0,0 days 00:59:43
1976987,SecondHalf,Republic of Korea,0,0,0,0,0,0,1,0,0,0 days 00:59:47
1976987,SecondHalf,Republic of Korea,0,0,0,0,0,0,1,0,0,0 days 00:59:49
1976987,SecondHalf,Republic of Korea,0,0,0,0,0,0,1,0,0,0 days 00:59:54
1976987,SecondHalf,Republic of Korea,0,0,0,0,0,0,1,0,0,0 days 00:59:57
1976987,SecondHalf,Czechia,0,0,0,0,0,0,1,0,0,0 days 00:59:57
1976987,SecondHalf,Republic of Korea,0,0,0,0,0,0,1,0,0,0 days 00:59:59
1976987,SecondHalf,Czechia,0,0,0,0,0,0,0,0,0,0 days 01:00:01
1976987,SecondHalf,Republic of Korea,0,0,0,0,0,0,0,0,1,0 days 01:00:01
1976987,SecondHalf,Republic of Korea,0,0,0,0,0,0,1,0,0,0 days 01:00:03
1976987,SecondHalf,Republic of Korea,0,0,0,0,0,0,1,0,0,0 days 01:00:06
1976987,SecondHalf,Republic of Korea,0,0,0,0,0,0,1,0,0,0 days 01:00:07
1976987,SecondHalf,Republic of Korea,0,0,0,0,0,0,1,0,0,0 days 01:00:11
1976987,SecondHalf,Republic of Korea,0,0,0,0,0,0,1,0,0,0 days 01:00:14
1976987,SecondHalf,Republic of Korea,0,0,0,0,0,0,1,0,0,0 days 01:00:17
1976987,SecondHalf,Republic of Korea,0,0,0,0,0,0,1,0,0,0 days 01:00:19
1976987,SecondHalf,Republic of Korea,0,0,0,0,0,0,1,0,0,0 days 01:00:26
1976987,SecondHalf,Republic of Korea,0,0,0,0,0,0,1,0,0,0 days 01:00:29
1976987,SecondHalf,Republic of Korea,0,0,0,0,0,0,1,0,0,0 days 01:00:30
1976987,SecondHalf,Republic of Korea,0,0,0,0,0,0,1,0,0,0 days 01:00:32
1976987,SecondHalf,Republic of Korea,0,0,0,0,0,0,1,0,0,0 days 01:00:33
1976987,SecondHalf,Republic of Korea,0,0,0,0,0,0,1,0,0,0 days 01:00:37
1976987,SecondHalf,Republic of Korea,0,0,0,0,0,0,1,0,0,0 days 01:00:41
1976987,SecondHalf,Republic of Korea,1,0,0,0,0,0,0,0,0,0 days 01:00:43
1976987,SecondHalf,Czechia,0,0,0,0,0,0,0,0,0,0 days 01:00:44
1976987,SecondHalf,Czechia,0,0,0,0,0,0,1,0,0,0 days 01:00:50
1976987,SecondHalf,Czechia,0,0,0,0,0,0,1,0,0,0 days 01:00:53
1976987,SecondHalf,Republic of Korea,0,0,0,0,0,0,0,0,0,0 days 01:00:57
1976987,SecondHalf,Republic of Korea,0,0,0,0,0,0,1,0,0,0 days 01:00:58
1976987,SecondHalf,Czechia,0,0,0,0,0,0,1,0,0,0 days 01:01:00
1976987,SecondHalf,Czechia,0,0,0,0,0,0,1,0,0,0 days 01:01:01
1976987,SecondHalf,Czechia,0,0,0,0,0,0,1,0,0,0 days 01:01:05
1976987,SecondHalf,Czechia,0,0,0,0,0,0,1,0,0,0 days 01:01:07
1976987,SecondHalf,Czechia,0,0,0,0,0,0,1,0,0,0 days 01:01:11
1976987,SecondHalf,Czechia,0,0,0,0,0,0,1,0,0,0 days 01:01:15
1976987,SecondHalf,Republic of Korea,0,0,0,0,0,1,0,0,0,0 days 01:01:20
1976987,SecondHalf,Republic of Korea,0,0,0,0,0,0,0,0,0,0 days 01:01:21
1976987,SecondHalf,Republic of Korea,0,0,0,0,0,0,1,0,0,0 days 01:01:27
1976987,SecondHalf,Republic of Korea,0,0,0,0,0,0,1,0,0,0 days 01:01:31
1976987,SecondHalf,Czechia,0,0,0,0,0,0,1,0,0,0 days 01:01:33
1976987,SecondHalf,Czechia,0,1,0,0,0,0,0,0,0,0 days 01:01:36
1976987,SecondHalf,Republic of Korea,0,0,0,0,0,1,0,0,0,0 days 01:01:36
1976987,SecondHalf,Czechia,0,0,0,0,0,0,1,0,0,0 days 01:01:37
1976987,SecondHalf,Republic of Korea,0,0,0,0,1,0,0,0,0,0 days 01:01:41
1976987,SecondHalf,Czechia,0,0,0,0,1,0,0,0,0,0 days 01:01:41
1976987,SecondHalf,Republic of Korea,0,0,0,0,0,0,0,0,0,0 days 01:01:48
1976987,SecondHalf,Republic of Korea,0,0,0,0,0,0,0,0,0,0 days 01:01:48
1976987,SecondHalf,Czechia,0,0,0,0,0,0,1,0,0,0 days 01:02:15
1976987,SecondHalf,Czechia,0,0,0,0,0,0,1,0,0,0 days 01:02:19
1976987,SecondHalf,Czechia,0,0,0,0,0,0,1,0,0,0 days 01:02:21
1976987,SecondHalf,Czechia,0,0,0,0,0,0,1,0,0,0 days 01:02:22
1976987,SecondHalf,Czechia,0,0,0,0,0,0,1,0,0,0 days 01:02:25
1976987,SecondHalf,Republic of Korea,0,0,0,0,0,1,0,0,0,0 days 01:02:25
1976987,SecondHalf,Czechia,0,0,0,0,1,0,0,0,0,0 days 01:02:28
1976987,SecondHalf,Republic of Korea,0,0,0,0,1,0,0,0,0,0 days 01:02:28
1976987,SecondHalf,Czechia,0,0,0,0,0,0,0,0,0,0 days 01:03:04
1976987,SecondHalf,Czechia,0,0,0,0,0,0,0,0,0,0 days 01:03:04
1976987,SecondHalf,Czechia,0,0,0,0,0,0,0,0,0,0 days 01:03:10
1976987,SecondHalf,Czechia,0,0,0,0,0,0,0,0,0,0 days 01:03:10
1976987,SecondHalf,Czechia,0,0,0,0,0,0,0,0,0,0 days 01:03:12
1976987,SecondHalf,Czechia,0,0,0,0,0,0,0,0,0,0 days 01:03:12
1976987,SecondHalf,Czechia,0,0,0,0,0,0,0,0,0,0 days 01:03:13
1976987,SecondHalf,Republic of Korea,0,0,0,0,0,0,1,0,0,0 days 01:03:26
1976987,SecondHalf,Republic of Korea,0,0,0,0,0,0,1,0,0,0 days 01:03:27
1976987,SecondHalf,Republic of Korea,0,0,0,0,0,0,1,0,0,0 days 01:03:30
1976987,SecondHalf,Republic of Korea,0,0,0,0,0,0,1,0,0,0 days 01:03:30
1976987,SecondHalf,Republic of Korea,0,0,0,0,0,0,1,0,0,0 days 01:03:32
1976987,SecondHalf,Republic of Korea,0,0,0,0,0,0,1,0,0,0 days 01:03:33
1976987,SecondHalf,Republic of Korea,0,0,0,0,0,0,1,0,0,0 days 01:03:36
1976987,SecondHalf,Czechia,0,1,0,0,0,0,0,0,0,0 days 01:03:38
1976987,SecondHalf,Czechia,0,0,0,0,0,0,1,0,0,0 days 01:03:40
1976987,SecondHalf,Czechia,0,0,0,0,0,0,1,0,0,0 days 01:03:42
1976987,SecondHalf,Czechia,0,0,0,0,0,0,0,0,0,0 days 01:03:47
1976987,SecondHalf,Republic of Korea,0,0,0,0,0,0,0,0,0,0 days 01:03:47
1976987,SecondHalf,Czechia,0,0,0,0,0,0,1,0,0,0 days 01:03:47
1976987,SecondHalf,Republic of Korea,0,0,0,0,0,0,1,0,0,0 days 01:04:06
1976987,SecondHalf,Republic of Korea,0,0,0,0,0,0,1,0,0,0 days 01:04:07
1976987,SecondHalf,Republic of Korea,0,0,0,0,0,0,1,0,0,0 days 01:04:09
1976987,SecondHalf,Republic of Korea,0,0,0,0,0,0,1,0,0,0 days 01:04:12
1976987,SecondHalf,Republic of Korea,0,0,0,0,0,0,1,0,0,0 days 01:04:15
1976987,SecondHalf,Republic of Korea,0,0,0,0,0,0,1,0,0,0 days 01:04:17
1976987,SecondHalf,Republic of Korea,0,0,0,0,0,0,1,0,0,0 days 01:04:21
1976987,SecondHalf,Republic of Korea,0,0,0,0,0,0,1,0,0,0 days 01:04:23
1976987,SecondHalf,Czechia,0,0,0,0,0,0,0,0,0,0 days 01:04:23
1976987,SecondHalf,Republic of Korea,0,0,0,0,0,0,1,0,0,0 days 01:04:25
1976987,SecondHalf,Republic of Korea,0,0,0,0,0,0,1,0,0,0 days 01:04:28
1976987,SecondHalf,Republic of Korea,0,0,0,0,0,0,1,0,0,0 days 01:04:31
1976987,SecondHalf,Republic of Korea,0,0,0,0,0,0,1,0,0,0 days 01:04:32
1976987,SecondHalf,Republic of Korea,0,0,0,0,0,0,1,0,0,0 days 01:04:37
1976987,SecondHalf,Republic of Korea,0,0,0,0,0,0,1,0,0,0 days 01:04:42
1976987,SecondHalf,Republic of Korea,0,0,0,0,0,0,1,0,0,0 days 01:04:45
1976987,SecondHalf,Republic of Korea,0,0,0,0,0,0,1,0,0,0 days 01:04:46
1976987,SecondHalf,Republic of Korea,0,0,0,0,0,0,1,0,0,0 days 01:04:49
1976987,SecondHalf,Republic of Korea,0,0,0,0,0,0,1,0,0,0 days 01:04:52
1976987,SecondHalf,Republic of Korea,0,0,0,0,0,0,1,0,0,0 days 01:04:56
1976987,SecondHalf,Republic of Korea,0,0,0,0,0,0,1,0,0,0 days 01:04:57
1976987,SecondHalf,Republic of Korea,0,0,0,0,0,0,1,0,0,0 days 01:05:00
1976987,SecondHalf,Republic of Korea,0,0,0,0,0,0,1,0,0,0 days 01:05:06
1976987,SecondHalf,Republic of Korea,0,0,0,0,0,0,1,0,0,0 days 01:05:10
1976987,SecondHalf,Republic of Korea,0,0,0,0,0,0,1,0,0,0 days 01:05:11
1976987,SecondHalf,Republic of Korea,0,0,0,0,0,0,1,0,0,0 days 01:05:12
1976987,SecondHalf,Republic of Korea,0,0,0,0,0,0,1,0,0,0 days 01:05:15
1976987,SecondHalf,Republic of Korea,0,0,0,0,0,0,0,0,0,0 days 01:05:17
1976987,SecondHalf,Czechia,0,0,0,0,0,0,0,0,0,0 days 01:05:19
1976987,SecondHalf,Czechia,0,0,0,0,0,0,1,0,0,0 days 01:05:19
1976987,SecondHalf,Republic of Korea,0,0,0,0,0,0,0,0,0,0 days 01:05:22
1976987,SecondHalf,Czechia,0,0,0,0,0,0,0,0,0,0 days 01:05:22
1976987,SecondHalf,Republic of Korea,0,0,0,0,0,0,1,0,0,0 days 01:05:22
1976987,SecondHalf,Republic of Korea,0,0,0,0,0,0,1,0,0,0 days 01:05:24
1976987,SecondHalf,Republic of Korea,0,0,0,0,0,0,1,0,0,0 days 01:05:27
1976987,SecondHalf,Republic of Korea,0,0,0,0,0,0,1,0,0,0 days 01:05:39
1976987,SecondHalf,Republic of Korea,0,0,0,0,0,0,1,0,0,0 days 01:05:41
1976987,SecondHalf,Republic of Korea,0,0,0,0,0,0,1,0,0,0 days 01:05:42
1976987,SecondHalf,Republic of Korea,0,0,0,0,0,0,1,0,0,0 days 01:05:49
1976987,SecondHalf,Republic of Korea,0,0,0,0,0,0,1,0,0,0 days 01:05:50
1976987,SecondHalf,Republic of Korea,0,0,0,0,0,0,1,0,0,0 days 01:05:54
1976987,SecondHalf,Republic of Korea,0,0,0,0,0,0,1,0,0,0 days 01:05:55
1976987,SecondHalf,Republic of Korea,0,0,0,0,0,0,1,0,0,0 days 01:05:57
1976987,SecondHalf,Republic of Korea,0,0,0,0,0,0,1,0,0,0 days 01:06:01
1976987,SecondHalf,Republic of Korea,0,0,0,0,0,0,1,0,0,0 days 01:06:03
1976987,SecondHalf,Republic of Korea,0,0,0,0,0,0,1,0,0,0 days 01:06:10
1976987,SecondHalf,Republic of Korea,0,0,0,0,0,0,1,0,0,0 days 01:06:12
1976987,SecondHalf,Republic of Korea,0,0,0,0,0,0,1,0,0,0 days 01:06:16
1976987,SecondHalf,Republic of Korea,0,0,0,0,0,0,1,0,0,0 days 01:06:18
1976987,SecondHalf,Republic of Korea,0,0,0,0,0,0,1,0,0,0 days 01:06:20
1976987,SecondHalf,Republic of Korea,0,0,0,0,0,0,1,0,0,0 days 01:06:23
1976987,SecondHalf,Republic of Korea,0,0,0,0,0,0,1,0,0,0 days 01:06:25
1976987,SecondHalf,Republic of Korea,0,0,0,0,0,0,1,0,0,0 days 01:06:27
1976987,SecondHalf,Republic of Korea,0,0,0,0,0,0,1,0,0,0 days 01:06:30
1976987,SecondHalf,Republic of Korea,0,0,0,0,0,0,1,0,0,0 days 01:06:35
1976987,SecondHalf,Republic of Korea,0,0,0,0,0,0,1,0,0,0 days 01:06:38
1976987,SecondHalf,Republic of Korea,0,0,0,0,0,0,1,0,0,0 days 01:06:40
1976987,SecondHalf,Republic of Korea,0,0,0,0,0,0,0,0,1,0 days 01:06:42
1976987,SecondHalf,Czechia,0,0,0,0,0,0,0,0,0,0 days 01:06:42
1976987,SecondHalf,Republic of Korea,1,0,0,0,0,0,0,0,0,0 days 01:06:44
1976988,SecondHalf,Switzerland,0,0,0,0,0,0,1,0,0,0 days 00:57:03
1976988,SecondHalf,Switzerland,0,0,0,0,0,0,1,0,0,0 days 00:57:05
1976988,SecondHalf,Switzerland,0,0,0,0,0,0,1,0,0,0 days 00:57:08
1976988,SecondHalf,Switzerland,0,0,0,0,0,0,1,0,0,0 days 00:57:10
1976988,SecondHalf,Bosnia and Herzegovina,0,0,0,0,0,0,0,0,0,0 days 00:57:12
1976988,SecondHalf,Switzerland,0,0,0,0,0,0,0,0,0,0 days 00:57:12
1976988,SecondHalf,Switzerland,0,0,0,0,0,0,1,0,0,0 days 00:57:13
1976988,SecondHalf,Bosnia and Herzegovina,0,0,0,0,0,1,0,0,0,0 days 00:57:14
1976988,SecondHalf,Bosnia and Herzegovina,0,1,0,0,0,0,0,0,0,0 days 00:57:15
1976988,SecondHalf,Bosnia and Herzegovina,0,0,0,0,0,0,1,0,0,0 days 00:57:16
1976988,SecondHalf,Bosnia and Herzegovina,0,0,0,0,0,0,1,0,0,0 days 00:57:17
1976988,SecondHalf,Switzerland,0,0,0,0,0,0,0,0,0,0 days 00:57:17
1976988,SecondHalf,Switzerland,0,0,0,0,0,0,1,0,0,0 days 00:57:19
1976988,SecondHalf,Bosnia and Herzegovina,0,0,0,0,0,0,1,0,0,0 days 00:57:21
1976988,SecondHalf,Bosnia and Herzegovina,0,0,0,0,0,0,1,0,0,0 days 00:57:24
1976988,SecondHalf,Bosnia and Herzegovina,0,0,0,0,0,0,1,0,0,0 days 00:57:26
1976988,SecondHalf,Bosnia and Herzegovina,0,0,0,0,0,0,1,0,0,0 days 00:57:31
1976988,SecondHalf,Bosnia and Herzegovina,0,0,0,0,0,0,1,0,0,0 days 00:57:33
1976988,SecondHalf,Bosnia and Herzegovina,0,0,0,0,0,0,1,0,0,0 days 00:57:38
1976988,SecondHalf,Bosnia and Herzegovina,0,0,0,0,0,0,1,0,0,0 days 00:57:42
1976988,SecondHalf,Bosnia and Herzegovina,0,0,0,0,0,0,1,0,0,0 days 00:57:43
1976988,SecondHalf,Bosnia and Herzegovina,0,0,0,0,0,0,1,0,0,0 days 00:57:47
1976988,SecondHalf,Bosnia and Herzegovina,0,0,0,0,0,0,1,0,0,0 days 00:57:49
1976988,SecondHalf,Bosnia and Herzegovina,0,0,0,0,0,0,1,0,0,0 days 00:57:57
1976988,SecondHalf,Bosnia and Herzegovina,0,0,0,0,0,0,1,0,0,0 days 00:57:59
1976988,SecondHalf,Bosnia and Herzegovina,0,0,0,0,0,0,1,0,0,0 days 00:58:00
1976988,SecondHalf,Bosnia and Herzegovina,0,0,0,0,0,0,1,0,0,0 days 00:58:02
1976988,SecondHalf,Switzerland,0,0,0,0,0,0,0,1,0,0 days 00:58:04
1976988,SecondHalf,Bosnia and Herzegovina,0,0,0,0,0,0,0,0,1,0 days 00:58:04
1976988,SecondHalf,Bosnia and Herzegovina,0,0,0,0,0,0,1,0,0,0 days 00:58:07
1976988,SecondHalf,Switzerland,0,0,1,0,0,0,0,0,0,0 days 00:58:11
1976988,SecondHalf,Bosnia and Herzegovina,0,0,0,0,0,0,1,0,0,0 days 00:58:37
1976988,SecondHalf,Switzerland,0,0,1,0,0,0,0,0,0,0 days 00:58:39
1976988,SecondHalf,Switzerland,0,0,0,0,0,0,1,0,0,0 days 00:58:41
1976988,SecondHalf,Switzerland,0,1,0,0,0,0,0,0,0,0 days 00:58:43
1976988,SecondHalf,Switzerland,0,0,0,0,0,0,0,0,1,0 days 00:58:47
1976988,SecondHalf,Switzerland,0,0,0,0,1,0,0,0,0,0 days 00:58:48
1976988,SecondHalf,Bosnia and Herzegovina,0,0,0,0,1,0,0,0,0,0 days 00:58:48
1976988,SecondHalf,Bosnia and Herzegovina,0,0,0,0,0,0,0,0,0,0 days 00:58:51
1976988,SecondHalf,Switzerland,0,0,0,0,0,0,1,0,0,0 days 00:59:15
1976988,SecondHalf,Switzerland,0,0,0,0,0,0,1,0,0,0 days 00:59:17
1976988,SecondHalf,Switzerland,0,0,0,0,0,0,1,0,0,0 days 00:59:19
1976988,SecondHalf,Switzerland,0,0,0,0,0,0,1,0,0,0 days 00:59:21
1976988,SecondHalf,Bosnia and Herzegovina,0,1,0,0,0,0,0,0,0,0 days 00:59:24
1976988,SecondHalf,Bosnia and Herzegovina,0,0,0,0,0,0,1,0,0,0 days 00:59:27
1976988,SecondHalf,Bosnia and Herzegovina,0,0,0,0,0,0,1,0,0,0 days 00:59:27
1976988,SecondHalf,Bosnia and Herzegovina,0,0,0,0,0,0,1,0,0,0 days 00:59:30
1976988,SecondHalf,Bosnia and Herzegovina,0,0,0,0,0,0,1,0,0,0 days 00:59:32
1976988,SecondHalf,Bosnia and Herzegovina,0,0,0,0,0,0,1,0,0,0 days 00:59:33
1976988,SecondHalf,Bosnia and Herzegovina,0,0,0,0,0,0,1,0,0,0 days 00:59:37
1976988,SecondHalf,Bosnia and Herzegovina,0,0,0,0,0,0,1,0,0,0 days 00:59:39
1976988,SecondHalf,Switzerland,0,0,0,0,0,0,1,0,0,0 days 00:59:42
1976988,SecondHalf,Switzerland,0,0,0,0,0,0,1,0,0,0 days 00:59:43
1976988,SecondHalf,Switzerland,0,1,0,0,0,0,0,0,0,0 days 00:59:45
1976988,SecondHalf,Switzerland,0,0,0,0,0,0,1,0,0,0 days 00:59:45
1976988,SecondHalf,Switzerland,0,0,0,0,0,0,1,0,0,0 days 00:59:48
1976988,SecondHalf,Bosnia and Herzegovina,0,0,0,0,0,0,0,1,0,0 days 00:59:54
1976988,SecondHalf,Switzerland,0,0,0,1,0,0,0,0,0,0 days 00:59:54
1976988,SecondHalf,Bosnia and Herzegovina,0,1,0,0,0,0,0,0,0,0 days 00:59:56
1976988,SecondHalf,Bosnia and Herzegovina,0,0,0,0,0,0,1,0,0,0 days 00:59:57
1976988,SecondHalf,Bosnia and Herzegovina,0,0,0,0,0,0,1,0,0,0 days 01:00:01
1976988,SecondHalf,Bosnia and Herzegovina,0,0,0,1,0,0,0,0,0,0 days 01:00:04
1976988,SecondHalf,Switzerland,0,0,0,0,0,0,0,1,0,0 days 01:00:04
1976988,SecondHalf,Switzerland,0,0,0,0,1,0,0,0,0,0 days 01:00:06
1976988,SecondHalf,Bosnia and Herzegovina,0,0,0,0,1,0,0,0,0,0 days 01:00:06
1976988,SecondHalf,Bosnia and Herzegovina,0,0,0,0,0,0,0,0,0,0 days 01:00:09
1976988,SecondHalf,Switzerland,0,0,0,0,0,0,1,0,0,0 days 01:00:43
1976988,SecondHalf,Switzerland,0,0,0,0,0,0,1,0,0,0 days 01:00:45
1976988,SecondHalf,Switzerland,0,0,0,0,0,0,1,0,0,0 days 01:00:47
1976988,SecondHalf,Bosnia and Herzegovina,0,0,0,0,0,0,0,1,0,0 days 01:00:50
1976988,SecondHalf,Switzerland,0,0,0,1,0,0,0,0,0,0 days 01:00:50
1976988,SecondHalf,Bosnia and Herzegovina,0,1,0,0,0,0,0,0,0,0 days 01:00:52
1976988,SecondHalf,Bosnia and Herzegovina,0,0,0,0,0,0,1,0,0,0 days 01:00:53
1976988,SecondHalf,Bosnia and Herzegovina,0,0,0,0,0,0,0,0,1,0 days 01:00:56
1976988,SecondHalf,Switzerland,0,0,0,0,0,0,0,1,0,0 days 01:00:56
1976988,SecondHalf,Switzerland,0,1,0,0,0,0,0,0,0,0 days 01:00:57
1976988,SecondHalf,Switzerland,0,0,0,0,0,0,1,0,0,0 days 01:00:58
1976988,SecondHalf,Bosnia and Herzegovina,0,0,0,0,1,0,0,0,0,0 days 01:01:02
1976988,SecondHalf,Switzerland,0,0,0,0,1,0,0,0,0,0 days 01:01:02
1976988,SecondHalf,Switzerland,0,0,0,0,0,0,1,0,0,0 days 01:01:11
1976988,SecondHalf,Switzerland,0,0,0,0,0,0,1,0,0,0 days 01:01:15
1976988,SecondHalf,Switzerland,0,0,0,0,0,0,1,0,0,0 days 01:01:22
1976988,SecondHalf,Switzerland,0,0,0,0,0,0,1,0,0,0 days 01:01:26
1976988,SecondHalf,Switzerland,0,0,0,0,0,0,1,0,0,0 days 01:01:27
1976988,SecondHalf,Bosnia and Herzegovina,0,0,0,0,0,0,0,0,0,0 days 01:01:28
1976988,SecondHalf,Bosnia and Herzegovina,0,0,1,0,0,0,0,0,0,0 days 01:01:29
1976988,SecondHalf,Bosnia and Herzegovina,0,0,0,0,0,0,0,0,0,0 days 01:01:29
1976988,SecondHalf,Switzerland,0,0,0,0,0,0,0,0,0,0 days 01:01:29
1976988,SecondHalf,Switzerland,0,0,0,0,0,0,1,0,0,0 days 01:01:53
1976988,SecondHalf,Switzerland,0,0,0,0,0,0,0,0,0,0 days 01:01:54
1976988,SecondHalf,Bosnia and Herzegovina,0,0,0,0,0,0,0,0,0,0 days 01:01:54
1976988,SecondHalf,Bosnia and Herzegovina,0,0,1,0,0,0,0,0,0,0 days 01:01:55
1976988,SecondHalf,Switzerland,1,0,0,0,0,0,0,0,0,0 days 01:01:56
1976988,SecondHalf,Bosnia and Herzegovina,0,0,0,0,0,0,0,0,0,0 days 01:01:56
1976988,SecondHalf,Switzerland,0,0,0,0,1,0,0,0,0,0 days 01:01:57
1976988,SecondHalf,Bosnia and Herzegovina,0,0,0,0,1,0,0,0,0,0 days 01:01:57
1976988,SecondHalf,Bosnia and Herzegovina,0,0,0,0,0,0,0,0,0,0 days 01:01:57
1976988,SecondHalf,Bosnia and Herzegovina,0,0,0,0,0,0,0,0,0,0 days 01:02:57
1976988,SecondHalf,Bosnia and Herzegovina,0,0,0,0,0,0,0,0,0,0 days 01:02:57
1976988,SecondHalf,Bosnia and Herzegovina,0,0,0,0,0,0,0,0,0,0 days 01:03:06
1976988,SecondHalf,Bosnia and Herzegovina,0,0,0,0,0,0,0,0,0,0 days 01:03:06
1976988,SecondHalf,Bosnia and Herzegovina,0,0,0,0,0,0,0,0,0,0 days 01:03:07
1976988,SecondHalf,Bosnia and Herzegovina,0,0,0,0,0,0,1,0,0,0 days 01:03:27
1976988,SecondHalf,Switzerland,0,0,0,0,0,0,1,0,0,0 days 01:03:31
1976988,SecondHalf,Bosnia and Herzegovina,0,0,0,0,0,0,0,0,0,0 days 01:03:32
1976988,SecondHalf,Switzerland,0,0,0,0,0,0,0,0,0,0 days 01:03:32
1976988,SecondHalf,Switzerland,0,0,0,0,0,0,1,0,0,0 days 01:03:33
1976988,SecondHalf,Bosnia and Herzegovina,0,0,0,0,0,0,1,0,0,0 days 01:03:35
1976988,SecondHalf,Switzerland,0,0,0,0,0,0,1,0,0,0 days 01:03:40
1976988,SecondHalf,Switzerland,0,1,0,0,0,0,0,0,0,0 days 01:03:42
1976988,SecondHalf,Switzerland,0,0,0,0,0,0,1,0,0,0 days 01:03:44
1976988,SecondHalf,Bosnia and Herzegovina,0,0,0,0,0,0,0,0,0,0 days 01:03:44
1976988,SecondHalf,Bosnia and Herzegovina,0,1,0,0,0,0,0,0,0,0 days 01:03:46
1976988,SecondHalf,Bosnia and Herzegovina,0,0,0,0,0,0,1,0,0,0 days 01:03:51
1976988,SecondHalf,Bosnia and Herzegovina,0,0,0,0,0,0,1,0,0,0 days 01:03:51
1976988,SecondHalf,Bosnia and Herzegovina,0,0,0,0,0,0,1,0,0,0 days 01:03:56
1976988,SecondHalf,Bosnia and Herzegovina,0,0,0,0,0,0,1,0,0,0 days 01:03:57
1976988,SecondHalf,Bosnia and Herzegovina,0,0,0,0,0,0,1,0,0,0 days 01:04:00
1976988,SecondHalf,Bosnia and Herzegovina,0,0,0,0,0,0,1,0,0,0 days 01:04:03
1976988,SecondHalf,Bosnia and Herzegovina,0,0,0,0,0,0,1,0,0,0 days 01:04:09
1976988,SecondHalf,Bosnia and Herzegovina,0,0,0,0,0,0,1,0,0,0 days 01:04:11
1976988,SecondHalf,Bosnia and Herzegovina,0,0,0,0,0,0,1,0,0,0 days 01:04:14
1976988,SecondHalf,Bosnia and Herzegovina,0,0,0,0,0,0,1,0,0,0 days 01:04:17
1976988,SecondHalf,Bosnia and Herzegovina,0,0,0,0,0,0,1,0,0,0 days 01:04:20
1976988,SecondHalf,Bosnia and Herzegovina,0,0,0,0,0,0,1,0,0,0 days 01:04:23
1976988,SecondHalf,Bosnia and Herzegovina,0,0,0,0,0,0,1,0,0,0 days 01:04:26
1976988,SecondHalf,Bosnia and Herzegovina,0,0,0,0,0,0,1,0,0,0 days 01:04:28
1976988,SecondHalf,Bosnia and Herzegovina,0,0,0,0,0,0,1,0,0,0 days 01:04:30
1976988,SecondHalf,Bosnia and Herzegovina,0,0,0,0,0,0,1,0,0,0 days 01:04:34
1976988,SecondHalf,Bosnia and Herzegovina,0,0,0,0,0,0,1,0,0,0 days 01:04:37
1976988,SecondHalf,Bosnia and Herzegovina,0,0,0,0,0,0,1,0,0,0 days 01:04:43
1976988,SecondHalf,Bosnia and Herzegovina,0,0,0,0,0,0,1,0,0,0 days 01:04:45
1976988,SecondHalf,Bosnia and Herzegovina,0,0,0,0,0,0,0,0,1,0 days 01:04:46
1976988,SecondHalf,Bosnia and Herzegovina,0,0,0,0,1,0,0,0,0,0 days 01:04:47
1976988,SecondHalf,Switzerland,0,0,0,0,1,0,0,0,0,0 days 01:04:47
1976988,SecondHalf,Switzerland,0,0,0,0,0,0,0,0,0,0 days 01:04:52
1976988,SecondHalf,Bosnia and Herzegovina,0,0,0,0,0,0,1,0,0,0 days 01:05:38
1976988,SecondHalf,Switzerland,0,0,1,0,0,0,0,0,0,0 days 01:05:40
1976988,SecondHalf,Bosnia and Herzegovina,0,0,0,0,0,0,1,0,0,0 days 01:05:46
1976988,SecondHalf,Switzerland,0,0,1,0,0,0,0,0,0,0 days 01:05:46
1976988,SecondHalf,Bosnia and Herzegovina,0,0,0,0,0,0,1,0,0,0 days 01:05:53
1976988,SecondHalf,Bosnia and Herzegovina,0,0,0,0,0,0,1,0,0,0 days 01:05:56
1976988,SecondHalf,Bosnia and Herzegovina,0,0,0,0,0,0,1,0,0,0 days 01:05:58
1976988,SecondHalf,Bosnia and Herzegovina,0,0,0,0,0,0,1,0,0,0 days 01:06:00
1976988,SecondHalf,Switzerland,0,0,0,0,0,0,0,0,0,0 days 01:06:05
1976988,SecondHalf,Bosnia and Herzegovina,0,0,0,0,0,0,0,0,1,0 days 01:06:05
1976988,SecondHalf,Bosnia and Herzegovina,0,0,0,1,0,0,0,0,0,0 days 01:06:07
1976988,SecondHalf,Switzerland,0,0,0,0,0,0,0,1,0,0 days 01:06:07
1976988,SecondHalf,Bosnia and Herzegovina,0,0,0,0,0,0,1,0,0,0 days 01:06:10
1976988,SecondHalf,Bosnia and Herzegovina,0,0,0,0,0,0,1,0,0,0 days 01:06:11
1976988,SecondHalf,Bosnia and Herzegovina,0,0,0,0,0,0,1,0,0,0 days 01:06:18
1976988,SecondHalf,Bosnia and Herzegovina,0,0,0,0,0,0,1,0,0,0 days 01:06:22
1976988,SecondHalf,Bosnia and Herzegovina,0,0,0,0,0,0,1,0,0,0 days 01:06:23
1976988,SecondHalf,Bosnia and Herzegovina,0,0,0,0,0,0,0,0,0,0 days 01:06:26
1976989,SecondHalf,Bosnia and Herzegovina,0,0,0,0,1,0,0,0,0,0 days 00:57:00
1976989,SecondHalf,Canada,0,0,0,0,1,0,0,0,0,0 days 00:57:00
1976989,SecondHalf,Bosnia and Herzegovina,0,0,0,0,0,0,1,0,0,0 days 00:57:31
1976989,SecondHalf,Bosnia and Herzegovina,0,0,0,0,0,0,0,0,0,0 days 00:57:34
1976989,SecondHalf,Canada,0,0,0,0,0,0,0,0,0,0 days 00:57:34
1976989,SecondHalf,Bosnia and Herzegovina,0,0,0,0,0,0,1,0,0,0 days 00:57:34
1976989,SecondHalf,Canada,0,0,0,0,0,0,0,0,0,0 days 00:57:35
1976989,SecondHalf,Bosnia and Herzegovina,0,0,0,0,0,0,1,0,0,0 days 00:57:36
1976989,SecondHalf,Bosnia and Herzegovina,0,0,0,0,0,0,1,0,0,0 days 00:57:39
1976989,SecondHalf,Canada,0,0,0,0,0,0,0,0,0,0 days 00:57:41
1976989,SecondHalf,Bosnia and Herzegovina,0,0,0,0,0,0,0,0,0,0 days 00:57:44
1976989,SecondHalf,Canada,0,0,0,0,0,0,0,0,0,0 days 00:57:44
1976989,SecondHalf,Bosnia and Herzegovina,0,0,0,0,0,0,1,0,0,0 days 00:58:08
1976989,SecondHalf,Bosnia and Herzegovina,0,0,0,0,0,0,0,0,0,0 days 00:58:10
1976989,SecondHalf,Bosnia and Herzegovina,1,0,0,0,0,0,0,0,0,0 days 00:58:10
1976989,SecondHalf,Canada,0,0,0,0,0,0,0,0,0,0 days 00:58:10
1976989,SecondHalf,Canada,0,0,0,0,0,0,1,0,0,0 days 00:58:26
1976989,SecondHalf,Canada,0,0,0,0,0,0,1,0,0,0 days 00:58:28
1976989,SecondHalf,Canada,0,0,0,0,0,0,1,0,0,0 days 00:58:30
1976989,SecondHalf,Bosnia and Herzegovina,0,0,0,0,0,0,0,0,0,0 days 00:58:30
1976989,SecondHalf,Canada,0,0,0,0,0,0,1,0,0,0 days 00:58:31
1976989,SecondHalf,Bosnia and Herzegovina,0,1,0,0,0,0,0,0,0,0 days 00:58:32
1976989,SecondHalf,Bosnia and Herzegovina,0,0,0,1,0,0,0,0,0,0 days 00:58:34
1976989,SecondHalf,Canada,0,0,0,0,0,0,0,1,0,0 days 00:58:34
1976989,SecondHalf,Bosnia and Herzegovina,0,0,0,0,0,0,1,0,0,0 days 00:58:36
1976989,SecondHalf,Canada,0,0,0,0,0,0,0,0,0,0 days 00:58:36
1976989,SecondHalf,Bosnia and Herzegovina,0,0,0,0,0,0,1,0,0,0 days 00:58:52
1976989,SecondHalf,Canada,0,0,0,0,0,1,0,0,0,0 days 00:58:53
1976989,SecondHalf,Canada,0,1,0,0,0,0,0,0,0,0 days 00:58:54
1976989,SecondHalf,Canada,0,0,0,0,0,0,1,0,0,0 days 00:58:55
1976989,SecondHalf,Canada,0,0,0,0,0,0,1,0,0,0 days 00:58:56
1976989,SecondHalf,Canada,0,0,0,0,0,0,1,0,0,0 days 00:58:58
1976989,SecondHalf,Bosnia and Herzegovina,0,0,0,0,0,0,1,0,0,0 days 00:58:59
1976989,SecondHalf,Bosnia and Herzegovina,0,0,0,0,0,0,1,0,0,0 days 00:59:03
1976989,SecondHalf,Bosnia and Herzegovina,0,1,0,0,0,0,0,0,0,0 days 00:59:04
1976989,SecondHalf,Bosnia and Herzegovina,0,0,0,0,0,0,1,0,0,0 days 00:59:04
1976989,SecondHalf,Bosnia and Herzegovina,0,0,0,0,0,0,1,0,0,0 days 00:59:05
1976989,SecondHalf,Bosnia and Herzegovina,0,0,0,0,0,0,1,0,0,0 days 00:59:07
1976989,SecondHalf,Canada,0,0,0,0,0,1,0,0,0,0 days 00:59:08
1976989,SecondHalf,Canada,0,1,0,0,0,0,0,0,0,0 days 00:59:09
1976989,SecondHalf,Canada,0,0,0,0,0,0,1,0,0,0 days 00:59:09
1976989,SecondHalf,Canada,0,0,0,0,0,0,1,0,0,0 days 00:59:13
1976989,SecondHalf,Canada,0,0,0,0,0,0,1,0,0,0 days 00:59:17
1976989,SecondHalf,Canada,0,0,0,0,0,0,1,0,0,0 days 00:59:20
1976989,SecondHalf,Canada,0,0,0,0,0,0,1,0,0,0 days 00:59:25
1976989,SecondHalf,Canada,0,0,0,0,0,0,1,0,0,0 days 00:59:29
1976989,SecondHalf,Bosnia and Herzegovina,0,0,0,0,0,0,1,0,0,0 days 00:59:31
1976989,SecondHalf,Canada,0,0,0,0,0,0,0,0,0,0 days 00:59:31
1976989,SecondHalf,Bosnia and Herzegovina,0,0,0,0,0,0,1,0,0,0 days 00:59:33
1976989,SecondHalf,Bosnia and Herzegovina,0,1,0,0,0,0,0,0,0,0 days 00:59:34
1976989,SecondHalf,Canada,0,0,0,0,0,0,0,0,0,0 days 00:59:35
1976989,SecondHalf,Bosnia and Herzegovina,0,0,0,0,0,0,0,0,1,0 days 00:59:35
1976989,SecondHalf,Canada,0,0,0,0,0,0,0,1,0,0 days 00:59:37
1976989,SecondHalf,Bosnia and Herzegovina,0,0,0,0,0,0,0,0,1,0 days 00:59:37
1976989,SecondHalf,Bosnia and Herzegovina,0,0,0,0,0,0,1,0,0,0 days 01:00:07
1976989,SecondHalf,Bosnia and Herzegovina,0,0,0,0,0,0,1,0,0,0 days 01:00:09
1976989,SecondHalf,Canada,0,0,0,0,0,0,1,0,0,0 days 01:00:11
1976989,SecondHalf,Canada,0,0,0,0,0,0,0,0,0,0 days 01:00:33
1976989,SecondHalf,Canada,0,0,0,0,0,0,0,0,0,0 days 01:00:33
1976989,SecondHalf,Canada,0,0,0,0,0,0,0,0,0,0 days 01:00:51
1976989,SecondHalf,Canada,0,0,0,0,0,0,0,0,0,0 days 01:00:51
1976989,SecondHalf,Canada,0,0,0,0,0,0,0,0,0,0 days 01:00:55
1976989,SecondHalf,Canada,0,0,0,0,0,0,0,0,0,0 days 01:00:55
1976989,SecondHalf,Canada,0,0,0,0,0,0,0,0,0,0 days 01:00:56
1976989,SecondHalf,Bosnia and Herzegovina,0,0,0,0,0,0,0,0,0,0 days 01:01:11
1976989,SecondHalf,Bosnia and Herzegovina,0,0,0,0,0,0,0,0,0,0 days 01:01:11
1976989,SecondHalf,Bosnia and Herzegovina,0,0,0,0,0,0,0,0,0,0 days 01:01:12
1976989,SecondHalf,Bosnia and Herzegovina,0,0,0,0,0,0,0,0,0,0 days 01:01:12
1976989,SecondHalf,Bosnia and Herzegovina,0,0,0,0,0,0,1,0,0,0 days 01:01:25
1976989,SecondHalf,Bosnia and Herzegovina,0,0,0,0,0,0,1,0,0,0 days 01:01:26
1976989,SecondHalf,Canada,0,0,1,0,0,0,0,0,0,0 days 01:01:28
1976989,SecondHalf,Canada,0,1,0,0,0,0,0,0,0,0 days 01:01:32
1976989,SecondHalf,Canada,0,0,0,0,1,0,0,0,0,0 days 01:01:34
1976989,SecondHalf,Bosnia and Herzegovina,0,0,0,0,1,0,0,0,0,0 days 01:01:34
1976989,SecondHalf,Canada,0,0,0,0,0,0,1,0,0,0 days 01:02:04
1976989,SecondHalf,Canada,0,0,0,0,0,0,0,0,0,0 days 01:02:07
1976989,SecondHalf,Bosnia and Herzegovina,0,0,0,0,0,0,0,0,0,0 days 01:02:07
1976989,SecondHalf,Bosnia and Herzegovina,0,0,0,0,0,0,0,0,0,0 days 01:02:08
1976989,SecondHalf,Canada,0,0,0,0,0,0,1,0,0,0 days 01:02:21
1976989,SecondHalf,Canada,0,0,0,0,0,0,0,0,0,0 days 01:02:23
1976989,SecondHalf,Bosnia and Herzegovina,0,0,1,0,0,0,0,0,0,0 days 01:02:24
1976989,SecondHalf,Canada,0,0,0,1,0,0,0,0,0,0 days 01:02:25
1976989,SecondHalf,Bosnia and Herzegovina,0,0,0,0,0,0,0,1,0,0 days 01:02:25
1976989,SecondHalf,Canada,0,0,0,0,1,0,0,0,0,0 days 01:02:27
1976989,SecondHalf,Bosnia and Herzegovina,0,0,0,0,1,0,0,0,0,0 days 01:02:27
1976989,SecondHalf,Bosnia and Herzegovina,0,0,0,0,0,0,1,0,0,0 days 01:03:01
1976989,SecondHalf,Bosnia and Herzegovina,0,0,0,0,0,0,0,0,0,0 days 01:03:05
1976989,SecondHalf,Canada,0,0,0,0,0,0,0,0,0,0 days 01:03:05
1976989,SecondHalf,Canada,0,0,0,0,0,0,1,0,0,0 days 01:03:07
1976989,SecondHalf,Bosnia and Herzegovina,0,0,0,0,0,0,1,0,0,0 days 01:03:07
1976989,SecondHalf,Bosnia and Herzegovina,0,0,0,0,0,0,0,0,0,0 days 01:03:08
1976989,SecondHalf,Canada,0,1,0,0,0,0,0,0,0,0 days 01:03:10
1976989,SecondHalf,Canada,0,0,0,0,0,0,1,0,0,0 days 01:03:12
1976989,SecondHalf,Canada,0,0,0,0,0,0,1,0,0,0 days 01:03:15
1976989,SecondHalf,Canada,0,0,0,0,0,0,1,0,0,0 days 01:03:19
1976989,SecondHalf,Canada,0,0,0,0,0,0,1,0,0,0 days 01:03:21
1976989,SecondHalf,Bosnia and Herzegovina,0,0,0,0,0,0,0,0,0,0 days 01:03:21
1976989,SecondHalf,Canada,0,0,0,0,0,0,1,0,0,0 days 01:03:27
1976989,SecondHalf,Canada,0,0,0,0,0,0,1,0,0,0 days 01:03:29
1976989,SecondHalf,Bosnia and Herzegovina,0,0,0,0,0,0,0,0,0,0 days 01:03:35
1976989,SecondHalf,Canada,0,0,0,0,0,0,0,0,1,0 days 01:03:35
1976989,SecondHalf,Canada,0,0,0,0,0,0,1,0,0,0 days 01:03:37
1976989,SecondHalf,Bosnia and Herzegovina,0,0,0,0,0,0,0,0,0,0 days 01:03:38
1976989,SecondHalf,Bosnia and Herzegovina,0,0,0,0,0,0,0,1,0,0 days 01:03:40
1976989,SecondHalf,Canada,0,0,0,1,0,0,0,0,0,0 days 01:03:40
1976989,SecondHalf,Bosnia and Herzegovina,0,0,0,0,0,0,0,0,0,0 days 01:03:42
1976989,SecondHalf,Bosnia and Herzegovina,0,0,0,0,0,0,1,0,0,0 days 01:03:54
1976989,SecondHalf,Bosnia and Herzegovina,0,0,0,0,0,0,1,0,0,0 days 01:03:57
1976989,SecondHalf,Bosnia and Herzegovina,0,0,0,0,0,0,1,0,0,0 days 01:04:01
1976989,SecondHalf,Bosnia and Herzegovina,0,0,0,0,0,0,1,0,0,0 days 01:04:03
1976989,SecondHalf,Bosnia and Herzegovina,0,0,0,0,0,0,1,0,0,0 days 01:04:06
1976989,SecondHalf,Bosnia and Herzegovina,0,0,0,0,0,0,1,0,0,0 days 01:04:08
1976989,SecondHalf,Bosnia and Herzegovina,0,0,0,0,0,0,1,0,0,0 days 01:04:10
1976989,SecondHalf,Canada,0,1,0,0,0,0,0,0,0,0 days 01:04:13
1976989,SecondHalf,Canada,0,0,0,0,0,0,1,0,0,0 days 01:04:14
1976989,SecondHalf,Canada,0,0,0,0,0,0,1,0,0,0 days 01:04:20
1976989,SecondHalf,Canada,0,0,0,0,0,0,1,0,0,0 days 01:04:23
1976989,SecondHalf,Canada,0,0,0,0,0,0,1,0,0,0 days 01:04:27
1976989,SecondHalf,Canada,0,0,0,0,0,0,1,0,0,0 days 01:04:28
1976989,SecondHalf,Canada,0,0,0,0,0,0,1,0,0,0 days 01:04:29
1976989,SecondHalf,Canada,0,0,0,0,0,0,1,0,0,0 days 01:04:36
1976989,SecondHalf,Canada,0,0,0,0,0,0,1,0,0,0 days 01:04:40
1976989,SecondHalf,Canada,0,0,0,0,0,0,1,0,0,0 days 01:04:48
1976989,SecondHalf,Canada,0,0,0,0,0,0,1,0,0,0 days 01:04:52
1976989,SecondHalf,Canada,1,0,0,0,0,0,0,0,0,0 days 01:04:54
1976989,SecondHalf,Bosnia and Herzegovina,0,0,0,0,0,0,1,0,0,0 days 01:05:18
1976989,SecondHalf,Canada,0,0,0,0,0,0,0,0,0,0 days 01:05:21
1976989,SecondHalf,Bosnia and Herzegovina,0,0,0,0,0,0,0,0,0,0 days 01:05:21
1976989,SecondHalf,Canada,0,0,1,0,0,0,0,0,0,0 days 01:05:22
1976989,SecondHalf,Bosnia and Herzegovina,0,0,0,0,0,0,1,0,0,0 days 01:05:23
1976989,SecondHalf,Bosnia and Herzegovina,0,0,0,0,0,0,1,0,0,0 days 01:05:24
1976989,SecondHalf,Bosnia and Herzegovina,0,0,0,0,0,0,1,0,0,0 days 01:05:25
1976989,SecondHalf,Bosnia and Herzegovina,0,0,0,0,0,0,1,0,0,0 days 01:05:27
1976989,SecondHalf,Canada,0,1,0,0,0,0,0,0,0,0 days 01:05:28
1976989,SecondHalf,Canada,0,0,0,0,0,0,1,0,0,0 days 01:05:29
1976989,SecondHalf,Bosnia and Herzegovina,0,0,1,0,0,0,0,0,0,0 days 01:05:31
1976989,SecondHalf,Bosnia and Herzegovina,0,0,0,0,0,0,1,0,0,0 days 01:05:33
1976989,SecondHalf,Bosnia and Herzegovina,0,1,0,0,0,0,0,0,0,0 days 01:05:34
1976989,SecondHalf,Bosnia and Herzegovina,0,0,0,0,0,0,1,0,0,0 days 01:05:35
1976989,SecondHalf,Bosnia and Herzegovina,0,0,0,0,0,0,1,0,0,0 days 01:05:37
1976989,SecondHalf,Canada,0,1,0,0,0,0,0,0,0,0 days 01:05:39
1976989,SecondHalf,Canada,0,0,0,0,0,0,1,0,0,0 days 01:05:42
1976989,SecondHalf,Canada,0,0,0,0,0,0,1,0,0,0 days 01:05:48
1976989,SecondHalf,Canada,0,0,0,0,0,0,1,0,0,0 days 01:05:53
1976989,SecondHalf,Bosnia and Herzegovina,0,0,0,0,0,0,0,0,0,0 days 01:05:54
1976989,SecondHalf,Canada,0,0,0,0,0,0,0,0,0,0 days 01:05:54
1976989,SecondHalf,Bosnia and Herzegovina,0,0,0,0,0,0,0,0,0,0 days 01:05:55
1976989,SecondHalf,Canada,1,0,0,0,0,0,0,0,0,0 days 01:05:55
1976989,SecondHalf,Bosnia and Herzegovina,0,0,1,0,0,0,0,0,0,0 days 01:05:57
1976989,SecondHalf,Bosnia and Herzegovina,0,0,1,0,0,0,0,0,0,0 days 01:05:58
1976989,SecondHalf,Bosnia and Herzegovina,0,0,1,0,0,0,0,0,0,0 days 01:06:00
1976989,SecondHalf,Canada,0,0,0,0,0,0,0,0,1,0 days 01:06:03
1976989,SecondHalf,Bosnia and Herzegovina,0,0,0,0,1,0,0,0,0,0 days 01:06:04
1976989,SecondHalf,Canada,0,0,0,0,1,0,0,0,0,0 days 01:06:04
1976989,SecondHalf,Canada,0,0,0,0,0,0,1,0,0,0 days 01:06:32
1976989,SecondHalf,Canada,0,0,0,0,0,0,1,0,0,0 days 01:06:37
1976989,SecondHalf,Canada,0,0,0,0,0,0,1,0,0,0 days 01:06:39
1976989,SecondHalf,Bosnia and Herzegovina,0,0,1,0,0,0,0,0,0,0 days 01:06:40
1976989,SecondHalf,Canada,0,0,0,0,0,0,1,0,0,0 days 01:06:42
1976990,SecondHalf,Bosnia and Herzegovina,0,0,0,0,0,0,1,0,0,0 days 00:57:00
1976990,SecondHalf,Bosnia and Herzegovina,0,0,0,0,0,0,1,0,0,0 days 00:57:02
1976990,SecondHalf,Qatar,0,0,0,0,0,0,1,0,0,0 days 00:57:05
1976990,SecondHalf,Bosnia and Herzegovina,0,0,0,0,0,0,0,0,0,0 days 00:57:09
1976990,SecondHalf,Qatar,0,0,0,0,0,0,0,0,0,0 days 00:57:09
1976990,SecondHalf,Bosnia and Herzegovina,0,0,0,0,0,0,1,0,0,0 days 00:57:10
1976990,SecondHalf,Bosnia and Herzegovina,0,0,0,0,0,0,1,0,0,0 days 00:57:11
1976990,SecondHalf,Bosnia and Herzegovina,0,0,0,0,0,0,1,0,0,0 days 00:57:12
1976990,SecondHalf,Bosnia and Herzegovina,0,0,0,0,0,0,0,0,1,0 days 00:57:16
1976990,SecondHalf,Qatar,0,0,0,0,0,0,0,1,0,0 days 00:57:16
1976990,SecondHalf,Qatar,0,1,0,0,0,0,0,0,0,0 days 00:57:20
1976990,SecondHalf,Qatar,0,0,0,0,0,0,1,0,0,0 days 00:57:22
1976990,SecondHalf,Qatar,0,0,0,0,0,0,1,0,0,0 days 00:57:26
1976990,SecondHalf,Qatar,0,0,0,0,0,0,1,0,0,0 days 00:57:30
1976990,SecondHalf,Qatar,0,0,0,0,0,0,1,0,0,0 days 00:57:33
1976990,SecondHalf,Qatar,0,0,0,0,0,0,1,0,0,0 days 00:57:36
1976990,SecondHalf,Bosnia and Herzegovina,0,1,0,0,0,0,0,0,0,0 days 00:57:39
1976990,SecondHalf,Bosnia and Herzegovina,0,0,0,0,0,0,1,0,0,0 days 00:57:40
1976990,SecondHalf,Bosnia and Herzegovina,0,0,0,0,0,0,1,0,0,0 days 00:57:45
1976990,SecondHalf,Bosnia and Herzegovina,0,0,0,0,0,0,1,0,0,0 days 00:57:48
1976990,SecondHalf,Bosnia and Herzegovina,0,0,0,0,0,0,1,0,0,0 days 00:57:51
1976990,SecondHalf,Bosnia and Herzegovina,0,0,0,0,0,0,1,0,0,0 days 00:57:53
1976990,SecondHalf,Qatar,0,0,0,0,0,0,0,0,0,0 days 00:57:53
1976990,SecondHalf,Bosnia and Herzegovina,0,0,0,0,0,0,1,0,0,0 days 00:58:00
1976990,SecondHalf,Bosnia and Herzegovina,0,0,0,0,0,0,1,0,0,0 days 00:58:07
1976990,SecondHalf,Qatar,0,0,1,0,0,0,0,0,0,0 days 00:58:09
1976990,SecondHalf,Bosnia and Herzegovina,0,0,0,0,0,0,1,0,0,0 days 00:58:11
1976990,SecondHalf,Bosnia and Herzegovina,0,0,0,0,0,0,1,0,0,0 days 00:58:12
1976990,SecondHalf,Qatar,0,0,0,0,0,0,0,0,0,0 days 00:58:12
1976990,SecondHalf,Bosnia and Herzegovina,0,0,0,0,0,0,1,0,0,0 days 00:58:13
1976990,SecondHalf,Qatar,0,0,0,0,0,0,0,0,0,0 days 00:58:14
1976990,SecondHalf,Qatar,0,1,0,0,0,0,0,0,0,0 days 00:58:15
1976990,SecondHalf,Qatar,0,0,0,0,0,0,1,0,0,0 days 00:58:16
1976990,SecondHalf,Bosnia and Herzegovina,0,1,0,0,0,0,0,0,0,0 days 00:58:19
1976990,SecondHalf,Bosnia and Herzegovina,0,0,0,0,0,0,1,0,0,0 days 00:58:19
1976990,SecondHalf,Bosnia and Herzegovina,0,0,0,0,0,0,1,0,0,0 days 00:58:20
1976990,SecondHalf,Bosnia and Herzegovina,0,0,0,0,0,0,1,0,0,0 days 00:58:22
1976990,SecondHalf,Qatar,0,0,0,0,0,0,0,0,0,0 days 00:58:22
1976990,SecondHalf,Qatar,0,1,0,0,0,0,0,0,0,0 days 00:58:24
1976990,SecondHalf,Bosnia and Herzegovina,0,0,0,0,0,0,0,0,0,0 days 00:58:26
1976990,SecondHalf,Qatar,0,0,0,0,0,0,0,0,1,0 days 00:58:26
1976990,SecondHalf,Qatar,0,0,0,0,0,0,1,0,0,0 days 00:58:27
1976990,SecondHalf,Qatar,0,0,0,0,0,0,1,0,0,0 days 00:58:32
1976990,SecondHalf,Qatar,0,0,0,0,0,0,1,0,0,0 days 00:58:35
1976990,SecondHalf,Qatar,0,0,0,0,0,0,1,0,0,0 days 00:58:41
1976990,SecondHalf,Bosnia and Herzegovina,0,0,1,0,0,0,0,0,0,0 days 00:58:46
1976990,SecondHalf,Bosnia and Herzegovina,0,0,0,1,0,0,0,0,0,0 days 00:58:48
1976990,SecondHalf,Qatar,0,0,0,0,0,0,0,1,0,0 days 00:58:48
1976990,SecondHalf,Qatar,0,0,0,0,0,0,1,0,0,0 days 00:58:51
1976990,SecondHalf,Qatar,0,0,0,0,0,0,1,0,0,0 days 00:58:55
1976990,SecondHalf,Qatar,0,0,0,0,0,0,1,0,0,0 days 00:59:00
1976990,SecondHalf,Qatar,1,0,0,0,0,0,0,0,0,0 days 00:59:04
1976990,SecondHalf,Bosnia and Herzegovina,0,0,0,0,0,0,1,0,0,0 days 00:59:24
1976990,SecondHalf,Bosnia and Herzegovina,0,0,0,0,0,0,1,0,0,0 days 00:59:26
1976990,SecondHalf,Bosnia and Herzegovina,0,0,0,0,0,0,1,0,0,0 days 00:59:26
1976990,SecondHalf,Bosnia and Herzegovina,0,0,0,0,0,0,1,0,0,0 days 00:59:31
1976990,SecondHalf,Bosnia and Herzegovina,0,0,0,0,0,0,1,0,0,0 days 00:59:32
1976990,SecondHalf,Bosnia and Herzegovina,0,0,0,0,0,0,1,0,0,0 days 00:59:36
1976990,SecondHalf,Bosnia and Herzegovina,0,0,0,0,0,0,1,0,0,0 days 00:59:39
1976990,SecondHalf,Bosnia and Herzegovina,0,0,0,0,0,0,1,0,0,0 days 00:59:43
1976990,SecondHalf,Bosnia and Herzegovina,0,0,0,0,0,0,1,0,0,0 days 00:59:45
1976990,SecondHalf,Bosnia and Herzegovina,0,0,0,0,0,0,1,0,0,0 days 00:59:45
1976990,SecondHalf,Bosnia and Herzegovina,0,0,0,0,0,0,1,0,0,0 days 00:59:48
1976990,SecondHalf,Bosnia and Herzegovina,0,0,0,0,0,0,1,0,0,0 days 00:59:49
1976990,SecondHalf,Bosnia and Herzegovina,0,0,0,0,0,0,1,0,0,0 days 00:59:52
1976990,SecondHalf,Bosnia and Herzegovina,0,0,0,0,0,0,1,0,0,0 days 00:59:55
1976990,SecondHalf,Bosnia and Herzegovina,0,0,0,0,0,0,1,0,0,0 days 00:59:58
1976990,SecondHalf,Bosnia and Herzegovina,0,0,0,0,0,0,1,0,0,0 days 00:59:59
1976990,SecondHalf,Bosnia and Herzegovina,0,0,0,0,0,0,1,0,0,0 days 01:00:00
1976990,SecondHalf,Bosnia and Herzegovina,0,0,0,0,0,0,1,0,0,0 days 01:00:01
1976990,SecondHalf,Bosnia and Herzegovina,0,0,0,0,0,0,1,0,0,0 days 01:00:03
1976990,SecondHalf,Bosnia and Herzegovina,0,0,0,0,0,0,1,0,0,0 days 01:00:07
1976990,SecondHalf,Bosnia and Herzegovina,0,0,0,0,0,0,1,0,0,0 days 01:00:09
1976990,SecondHalf,Bosnia and Herzegovina,0,0,0,0,0,0,1,0,0,0 days 01:00:14
1976990,SecondHalf,Qatar,0,1,0,0,0,0,0,0,0,0 days 01:00:16
1976990,SecondHalf,Qatar,0,0,0,0,0,0,1,0,0,0 days 01:00:18
1976990,SecondHalf,Qatar,0,0,0,0,0,0,1,0,0,0 days 01:00:20
1976990,SecondHalf,Qatar,0,0,0,0,0,0,1,0,0,0 days 01:00:21
1976990,SecondHalf,Qatar,0,0,0,0,0,0,1,0,0,0 days 01:00:24
1976990,SecondHalf,Qatar,0,0,0,0,0,0,1,0,0,0 days 01:00:29
1976990,SecondHalf,Bosnia and Herzegovina,0,0,1,0,0,0,0,0,0,0 days 01:00:31
1976990,SecondHalf,Qatar,0,0,0,0,0,0,1,0,0,0 days 01:00:36
1976990,SecondHalf,Qatar,0,0,0,0,0,0,1,0,0,0 days 01:00:39
1976990,SecondHalf,Qatar,0,0,0,0,0,0,0,0,0,0 days 01:00:41
1976990,SecondHalf,Bosnia and Herzegovina,0,0,0,0,0,0,1,0,0,0 days 01:00:58
1976990,SecondHalf,Bosnia and Herzegovina,0,0,0,0,0,0,1,0,0,0 days 01:01:00
1976990,SecondHalf,Bosnia and Herzegovina,0,0,0,0,0,0,0,0,0,0 days 01:01:05
1976990,SecondHalf,Qatar,0,0,0,0,0,0,1,0,0,0 days 01:01:06
1976990,SecondHalf,Qatar,0,1,0,0,0,0,0,0,0,0 days 01:01:09
1976990,SecondHalf,Qatar,0,0,0,0,0,0,1,0,0,0 days 01:01:09
1976990,SecondHalf,Qatar,0,0,0,0,0,0,1,0,0,0 days 01:01:10
1976990,SecondHalf,Qatar,0,0,0,0,0,0,1,0,0,0 days 01:01:14
1976990,SecondHalf,Qatar,0,0,0,0,0,0,1,0,0,0 days 01:01:16
1976990,SecondHalf,Qatar,0,0,0,0,0,0,1,0,0,0 days 01:01:18
1976990,SecondHalf,Qatar,0,0,0,0,0,0,1,0,0,0 days 01:01:20
1976990,SecondHalf,Bosnia and Herzegovina,0,0,0,0,0,0,0,0,0,0 days 01:01:22
1976990,SecondHalf,Bosnia and Herzegovina,0,0,0,0,0,0,0,0,0,0 days 01:03:00
1976990,SecondHalf,Bosnia and Herzegovina,0,0,0,0,0,0,0,0,0,0 days 01:03:00
1976990,SecondHalf,Bosnia and Herzegovina,0,0,0,0,0,0,0,0,0,0 days 01:03:30
1976990,SecondHalf,Bosnia and Herzegovina,0,0,0,0,0,0,0,0,0,0 days 01:03:30
1976990,SecondHalf,Bosnia and Herzegovina,0,0,0,0,0,0,0,0,0,0 days 01:03:34
1976990,SecondHalf,Bosnia and Herzegovina,0,0,0,0,0,0,0,0,0,0 days 01:03:52
1976990,SecondHalf,Bosnia and Herzegovina,0,0,0,0,0,0,1,0,0,0 days 01:04:02
1976990,SecondHalf,Qatar,0,0,1,0,0,0,0,0,0,0 days 01:04:07
1976990,SecondHalf,Bosnia and Herzegovina,0,0,0,0,0,0,1,0,0,0 days 01:04:12
1976990,SecondHalf,Bosnia and Herzegovina,0,0,0,0,0,0,1,0,0,0 days 01:04:15
1976990,SecondHalf,Qatar,0,0,0,0,0,1,0,0,0,0 days 01:04:17
1976990,SecondHalf,Qatar,0,1,0,0,0,0,0,0,0,0 days 01:04:18
1976990,SecondHalf,Qatar,0,0,0,0,0,0,1,0,0,0 days 01:04:18
1976990,SecondHalf,Qatar,0,0,0,0,0,0,1,0,0,0 days 01:04:19
1976990,SecondHalf,Qatar,0,0,0,0,0,0,1,0,0,0 days 01:04:21
1976990,SecondHalf,Bosnia and Herzegovina,0,0,0,0,0,1,0,0,0,0 days 01:04:23
1976990,SecondHalf,Bosnia and Herzegovina,0,0,0,0,0,0,1,0,0,0 days 01:04:25
1976990,SecondHalf,Bosnia and Herzegovina,0,0,0,0,0,0,0,0,1,0 days 01:04:27
1976990,SecondHalf,Qatar,0,0,0,0,1,0,0,0,0,0 days 01:04:28
1976990,SecondHalf,Bosnia and Herzegovina,0,0,0,0,1,0,0,0,0,0 days 01:04:28
1976990,SecondHalf,Bosnia and Herzegovina,0,0,0,0,0,0,1,0,0,0 days 01:05:12
1976990,SecondHalf,Bosnia and Herzegovina,0,0,0,0,0,0,1,0,0,0 days 01:05:15
1976990,SecondHalf,Qatar,0,0,1,0,0,0,0,0,0,0 days 01:05:16
1976990,SecondHalf,Bosnia and Herzegovina,0,0,0,0,0,0,1,0,0,0 days 01:05:22
1976990,SecondHalf,Bosnia and Herzegovina,0,0,0,0,0,0,1,0,0,0 days 01:05:27
1976990,SecondHalf,Qatar,0,0,0,0,0,0,1,0,0,0 days 01:05:33
1976990,SecondHalf,Qatar,0,0,0,0,0,0,0,0,0,0 days 01:05:34
1976990,SecondHalf,Qatar,0,0,0,0,0,0,1,0,0,0 days 01:05:35
1976990,SecondHalf,Qatar,0,0,0,0,0,0,1,0,0,0 days 01:05:41
1976990,SecondHalf,Qatar,0,0,0,0,0,0,1,0,0,0 days 01:05:43
1976990,SecondHalf,Qatar,0,0,0,1,0,0,0,0,0,0 days 01:05:55
1976990,SecondHalf,Bosnia and Herzegovina,0,0,0,0,0,0,0,1,0,0 days 01:05:55
1976990,SecondHalf,Bosnia and Herzegovina,0,1,0,0,0,0,0,0,0,0 days 01:05:57
1976990,SecondHalf,Qatar,0,0,0,0,0,0,0,0,0,0 days 01:06:01
1976990,SecondHalf,Bosnia and Herzegovina,0,0,0,0,0,0,1,0,0,0 days 01:06:01
1976990,SecondHalf,Qatar,0,1,0,0,0,0,0,0,0,0 days 01:06:03
1976990,SecondHalf,Qatar,0,0,0,0,0,0,1,0,0,0 days 01:06:04
1976990,SecondHalf,Bosnia and Herzegovina,0,0,1,0,0,0,0,0,0,0 days 01:06:06
1976990,SecondHalf,Qatar,0,0,0,0,0,0,1,0,0,0 days 01:06:07
1976990,SecondHalf,Qatar,0,0,0,0,0,0,1,0,0,0 days 01:06:09
1976990,SecondHalf,Qatar,0,0,0,0,0,0,1,0,0,0 days 01:06:11
1976990,SecondHalf,Qatar,0,0,0,0,0,0,1,0,0,0 days 01:06:12
1976990,SecondHalf,Qatar,0,0,0,0,0,0,1,0,0,0 days 01:06:15
1976990,SecondHalf,Qatar,0,0,0,0,0,0,1,0,0,0 days 01:06:16
1976990,SecondHalf,Qatar,0,0,0,0,0,0,1,0,0,0 days 01:06:17
1976990,SecondHalf,Qatar,0,0,0,0,0,0,1,0,0,0 days 01:06:19
1976990,SecondHalf,Qatar,0,0,0,0,0,0,1,0,0,0 days 01:06:21
1976990,SecondHalf,Qatar,0,0,0,0,0,0,1,0,0,0 days 01:06:22
1976990,SecondHalf,Qatar,0,0,0,0,0,0,1,0,0,0 days 01:06:23
1976990,SecondHalf,Qatar,0,0,0,0,0,0,1,0,0,0 days 01:06:25
1976990,SecondHalf,Qatar,0,0,0,0,0,0,1,0,0,0 days 01:06:27
1976990,SecondHalf,Qatar,0,0,0,0,0,0,0,0,1,0 days 01:06:31
1976990,SecondHalf,Bosnia and Herzegovina,0,0,0,0,0,0,0,1,0,0 days 01:06:31
1976990,SecondHalf,Bosnia and Herzegovina,0,0,0,0,0,0,0,0,0,0 days 01:06:32
1976990,SecondHalf,Qatar,0,0,0,0,0,0,0,0,0,0 days 01:06:32
1976991,SecondHalf,Portugal,0,0,0,0,0,0,1,0,0,0 days 00:57:02
1976991,SecondHalf,Portugal,0,0,0,0,0,0,1,0,0,0 days 00:57:04
1976991,SecondHalf,Portugal,0,0,0,0,0,0,1,0,0,0 days 00:57:07
1976991,SecondHalf,DR Congo,0,0,0,0,0,0,0,0,0,0 days 00:57:07
1976991,SecondHalf,Portugal,0,0,0,0,0,0,1,0,0,0 days 00:57:10
1976991,SecondHalf,Portugal,0,0,0,0,0,0,1,0,0,0 days 00:57:11
1976991,SecondHalf,Portugal,0,0,0,0,0,0,1,0,0,0 days 00:57:14
1976991,SecondHalf,Portugal,0,0,0,0,0,0,0,0,0,0 days 00:57:19
1976991,SecondHalf,Portugal,0,0,0,0,0,0,0,0,0,0 days 00:57:20
1976991,SecondHalf,Portugal,0,0,0,0,0,0,1,0,0,0 days 00:57:22
1976991,SecondHalf,DR Congo,0,0,0,0,1,0,0,0,0,0 days 00:57:23
1976991,SecondHalf,Portugal,0,0,0,0,1,0,0,0,0,0 days 00:57:23
1976991,SecondHalf,Portugal,0,0,0,0,0,0,1,0,0,0 days 00:57:29
1976991,SecondHalf,Portugal,0,0,0,0,0,0,1,0,0,0 days 00:57:31
1976991,SecondHalf,Portugal,0,0,0,0,0,0,1,0,0,0 days 00:57:36
1976991,SecondHalf,Portugal,0,0,0,0,0,0,1,0,0,0 days 00:57:47
1976991,SecondHalf,Portugal,0,0,0,0,0,0,0,0,0,0 days 00:57:50
1976991,SecondHalf,DR Congo,0,0,0,0,0,0,1,0,0,0 days 00:58:54
1976991,SecondHalf,DR Congo,0,0,0,0,0,0,0,0,0,0 days 00:58:56
1976991,SecondHalf,Portugal,0,1,0,0,0,0,0,0,0,0 days 00:59:00
1976991,SecondHalf,Portugal,0,0,0,0,0,0,1,0,0,0 days 00:59:02
1976991,SecondHalf,Portugal,0,0,0,0,0,0,1,0,0,0 days 00:59:03
1976991,SecondHalf,Portugal,0,0,0,0,0,0,1,0,0,0 days 00:59:08
1976991,SecondHalf,Portugal,0,0,0,0,0,0,1,0,0,0 days 00:59:10
1976991,SecondHalf,Portugal,0,0,0,0,0,0,1,0,0,0 days 00:59:13
1976991,SecondHalf,Portugal,0,0,0,0,0,0,0,0,1,0 days 00:59:18
1976991,SecondHalf,DR Congo,0,0,0,0,0,0,0,1,0,0 days 00:59:18
1976991,SecondHalf,Portugal,0,0,0,0,0,0,0,0,0,0 days 00:59:19
1976991,SecondHalf,DR Congo,0,0,0,0,0,0,0,0,0,0 days 00:59:19
1976991,SecondHalf,Portugal,0,0,0,0,0,0,1,0,0,0 days 01:00:02
1976991,SecondHalf,DR Congo,0,0,1,0,0,0,0,0,0,0 days 01:00:05
1976991,SecondHalf,Portugal,0,0,0,0,0,0,1,0,0,0 days 01:00:09
1976991,SecondHalf,DR Congo,0,0,0,0,0,0,0,0,0,0 days 01:00:10
1976991,SecondHalf,DR Congo,0,0,0,0,0,0,1,0,0,0 days 01:00:28
1976991,SecondHalf,DR Congo,0,0,0,0,0,0,1,0,0,0 days 01:00:33
1976991,SecondHalf,DR Congo,0,0,0,0,0,0,1,0,0,0 days 01:00:36
1976991,SecondHalf,Portugal,0,0,0,0,0,1,0,0,0,0 days 01:00:37
1976991,SecondHalf,Portugal,0,1,0,0,0,0,0,0,0,0 days 01:00:40
1976991,SecondHalf,Portugal,0,0,0,0,0,0,1,0,0,0 days 01:00:40
1976991,SecondHalf,Portugal,0,0,0,0,0,0,1,0,0,0 days 01:00:45
1976991,SecondHalf,Portugal,0,0,0,0,0,0,1,0,0,0 days 01:00:46
1976991,SecondHalf,Portugal,0,0,0,0,0,0,1,0,0,0 days 01:00:50
1976991,SecondHalf,Portugal,0,0,0,0,0,0,1,0,0,0 days 01:00:54
1976991,SecondHalf,Portugal,0,0,0,0,0,0,1,0,0,0 days 01:00:58
1976991,SecondHalf,Portugal,0,0,0,0,0,0,1,0,0,0 days 01:01:00
1976991,SecondHalf,Portugal,0,0,0,0,0,0,1,0,0,0 days 01:01:05
1976991,SecondHalf,Portugal,0,0,0,0,0,0,1,0,0,0 days 01:01:08
1976991,SecondHalf,Portugal,0,0,0,0,0,0,1,0,0,0 days 01:01:12
1976991,SecondHalf,Portugal,0,0,0,0,0,0,1,0,0,0 days 01:01:16
1976991,SecondHalf,Portugal,0,0,0,0,0,0,1,0,0,0 days 01:01:18
1976991,SecondHalf,Portugal,0,0,0,0,0,0,1,0,0,0 days 01:01:21
1976991,SecondHalf,Portugal,0,0,0,0,0,0,1,0,0,0 days 01:01:22
1976991,SecondHalf,Portugal,0,0,0,0,0,0,0,0,1,0 days 01:01:24
1976991,SecondHalf,DR Congo,0,0,0,0,0,0,0,1,0,0 days 01:01:24
1976991,SecondHalf,Portugal,0,0,0,0,0,0,0,0,0,0 days 01:01:25
1976991,SecondHalf,DR Congo,0,1,0,0,0,0,0,0,0,0 days 01:01:26
1976991,SecondHalf,DR Congo,0,0,0,0,0,0,1,0,0,0 days 01:01:26
1976991,SecondHalf,DR Congo,0,0,0,0,0,0,1,0,0,0 days 01:01:31
1976991,SecondHalf,DR Congo,0,0,0,0,0,0,0,0,1,0 days 01:01:37
1976991,SecondHalf,Portugal,0,0,0,0,0,0,0,1,0,0 days 01:01:37
1976991,SecondHalf,DR Congo,0,0,0,0,0,0,1,0,0,0 days 01:02:05
1976991,SecondHalf,DR Congo,0,0,0,0,0,0,0,0,0,0 days 01:02:06
1976991,SecondHalf,Portugal,0,0,0,0,0,0,0,0,0,0 days 01:02:06
1976991,SecondHalf,DR Congo,0,0,0,0,0,0,1,0,0,0 days 01:02:07
1976991,SecondHalf,Portugal,0,0,0,0,0,0,0,0,0,0 days 01:02:08
1976991,SecondHalf,DR Congo,0,0,0,0,0,0,0,0,0,0 days 01:02:08
1976991,SecondHalf,DR Congo,1,0,0,0,0,0,0,0,0,0 days 01:02:09
1976991,SecondHalf,Portugal,0,0,0,0,0,0,1,0,0,0 days 01:02:20
1976991,SecondHalf,Portugal,0,0,0,0,0,0,1,0,0,0 days 01:02:24
1976991,SecondHalf,Portugal,0,0,0,0,0,0,1,0,0,0 days 01:02:31
1976991,SecondHalf,Portugal,0,0,0,0,0,0,1,0,0,0 days 01:02:34
1976991,SecondHalf,Portugal,0,0,0,0,0,0,1,0,0,0 days 01:02:38
1976991,SecondHalf,Portugal,0,0,0,0,0,0,1,0,0,0 days 01:02:41
1976991,SecondHalf,Portugal,0,0,0,0,0,0,1,0,0,0 days 01:02:45
1976991,SecondHalf,Portugal,0,0,0,0,0,0,1,0,0,0 days 01:02:47
1976991,SecondHalf,Portugal,0,0,0,0,0,0,1,0,0,0 days 01:02:52
1976991,SecondHalf,Portugal,0,0,0,0,0,0,1,0,0,0 days 01:02:54
1976991,SecondHalf,Portugal,0,0,0,0,0,0,1,0,0,0 days 01:02:57
1976991,SecondHalf,DR Congo,0,0,0,0,0,0,0,0,0,0 days 01:03:00
1976991,SecondHalf,DR Congo,0,0,0,0,0,0,1,0,0,0 days 01:03:04
1976991,SecondHalf,DR Congo,0,0,0,0,0,0,0,0,1,0 days 01:03:06
1976991,SecondHalf,DR Congo,0,0,0,0,1,0,0,0,0,0 days 01:03:07
1976991,SecondHalf,Portugal,0,0,0,0,1,0,0,0,0,0 days 01:03:07
1976991,SecondHalf,DR Congo,0,0,0,0,0,0,1,0,0,0 days 01:03:27
1976991,SecondHalf,DR Congo,0,0,0,0,0,0,1,0,0,0 days 01:03:29
1976991,SecondHalf,DR Congo,0,0,0,0,0,0,1,0,0,0 days 01:03:32
1976991,SecondHalf,DR Congo,0,0,0,0,0,0,1,0,0,0 days 01:03:36
1976991,SecondHalf,Portugal,0,0,0,0,0,0,1,0,0,0 days 01:03:44
1976991,SecondHalf,Portugal,0,0,0,0,0,0,1,0,0,0 days 01:03:46
1976991,SecondHalf,Portugal,0,0,0,0,0,0,1,0,0,0 days 01:03:51
1976991,SecondHalf,Portugal,0,0,0,0,0,0,1,0,0,0 days 01:03:54
1976991,SecondHalf,Portugal,0,0,0,0,0,0,1,0,0,0 days 01:03:56
1976991,SecondHalf,Portugal,0,0,0,0,0,0,1,0,0,0 days 01:03:57
1976991,SecondHalf,Portugal,0,0,0,0,0,0,1,0,0,0 days 01:03:58
1976991,SecondHalf,Portugal,0,0,0,0,0,0,1,0,0,0 days 01:04:00
1976991,SecondHalf,Portugal,0,0,0,0,0,0,1,0,0,0 days 01:04:00
1976991,SecondHalf,Portugal,0,0,0,0,0,0,1,0,0,0 days 01:04:02
1976991,SecondHalf,Portugal,0,0,0,0,0,0,1,0,0,0 days 01:04:05
1976991,SecondHalf,Portugal,0,0,0,0,0,0,1,0,0,0 days 01:04:08
1976991,SecondHalf,Portugal,0,0,0,0,0,0,1,0,0,0 days 01:04:10
1976991,SecondHalf,Portugal,0,0,0,0,0,0,1,0,0,0 days 01:04:13
1976991,SecondHalf,Portugal,0,0,0,0,0,0,1,0,0,0 days 01:04:14
1976991,SecondHalf,Portugal,0,0,0,0,0,0,1,0,0,0 days 01:04:15
1976991,SecondHalf,Portugal,0,0,0,0,0,0,1,0,0,0 days 01:04:18
1976991,SecondHalf,DR Congo,0,0,1,0,0,0,0,0,0,0 days 01:04:20
1976991,SecondHalf,Portugal,0,0,0,0,0,0,1,0,0,0 days 01:04:27
1976991,SecondHalf,Portugal,0,0,0,0,0,0,1,0,0,0 days 01:04:28
1976991,SecondHalf,Portugal,0,0,0,0,0,0,1,0,0,0 days 01:04:30
1976991,SecondHalf,DR Congo,0,0,0,0,0,0,0,0,0,0 days 01:04:30
1976991,SecondHalf,Portugal,0,0,0,0,0,0,1,0,0,0 days 01:04:35
1976991,SecondHalf,Portugal,0,0,0,0,0,0,1,0,0,0 days 01:04:36
1976991,SecondHalf,Portugal,0,0,0,0,0,0,1,0,0,0 days 01:04:37
1976991,SecondHalf,DR Congo,0,0,1,0,0,0,0,0,0,0 days 01:04:38
1976991,SecondHalf,Portugal,0,0,0,0,0,0,1,0,0,0 days 01:04:40
1976991,SecondHalf,Portugal,0,0,0,0,0,0,1,0,0,0 days 01:04:42
1976991,SecondHalf,Portugal,0,0,0,0,0,0,1,0,0,0 days 01:04:46
1976991,SecondHalf,Portugal,0,0,0,0,0,0,1,0,0,0 days 01:04:48
1976991,SecondHalf,Portugal,0,0,0,0,0,0,1,0,0,0 days 01:04:54
1976991,SecondHalf,Portugal,0,0,0,0,0,0,1,0,0,0 days 01:04:57
1976991,SecondHalf,Portugal,0,0,0,0,0,0,1,0,0,0 days 01:05:02
1976991,SecondHalf,DR Congo,0,0,1,0,0,0,0,0,0,0 days 01:05:04
1976991,SecondHalf,Portugal,0,0,0,0,0,0,1,0,0,0 days 01:05:05
1976991,SecondHalf,Portugal,0,0,0,0,0,0,0,0,0,0 days 01:05:07
1976991,SecondHalf,DR Congo,0,0,0,0,0,0,1,0,0,0 days 01:05:09
1976991,SecondHalf,Portugal,0,0,0,0,0,0,0,0,1,0 days 01:05:13
1976991,SecondHalf,Portugal,0,0,0,0,1,0,0,0,0,0 days 01:05:14
1976991,SecondHalf,DR Congo,0,0,0,0,1,0,0,0,0,0 days 01:05:14
1976991,SecondHalf,Portugal,0,0,0,0,0,0,1,0,0,0 days 01:05:20
1976991,SecondHalf,Portugal,0,0,0,0,0,0,1,0,0,0 days 01:05:22
1976991,SecondHalf,Portugal,0,0,0,0,0,0,1,0,0,0 days 01:05:26
1976991,SecondHalf,DR Congo,0,0,0,0,0,0,0,0,0,0 days 01:05:28
1976991,SecondHalf,DR Congo,0,0,0,0,0,0,1,0,0,0 days 01:05:30
1976991,SecondHalf,Portugal,0,0,0,0,0,0,0,0,0,0 days 01:05:34
1976991,SecondHalf,Portugal,0,1,0,0,0,0,0,0,0,0 days 01:05:34
1976991,SecondHalf,Portugal,0,0,0,0,0,0,1,0,0,0 days 01:05:35
1976991,SecondHalf,Portugal,0,0,0,0,0,0,1,0,0,0 days 01:05:38
1976991,SecondHalf,Portugal,0,0,0,0,0,0,1,0,0,0 days 01:05:41
1976991,SecondHalf,Portugal,0,0,0,0,0,0,1,0,0,0 days 01:05:43
1976991,SecondHalf,Portugal,0,0,0,0,0,0,1,0,0,0 days 01:05:46
1976991,SecondHalf,Portugal,0,0,0,0,0,0,1,0,0,0 days 01:05:53
1976991,SecondHalf,Portugal,0,0,0,0,0,0,1,0,0,0 days 01:05:59
1976991,SecondHalf,Portugal,0,0,0,0,0,0,1,0,0,0 days 01:06:02
1976991,SecondHalf,Portugal,0,0,0,0,0,0,1,0,0,0 days 01:06:04
1976991,SecondHalf,Portugal,0,0,0,0,0,0,1,0,0,0 days 01:06:07
1976991,SecondHalf,Portugal,0,0,0,0,0,0,0,0,1,0 days 01:06:11
1976991,SecondHalf,DR Congo,0,0,0,0,0,0,0,1,0,0 days 01:06:11
1976991,SecondHalf,Portugal,0,0,0,0,0,0,0,0,0,0 days 01:06:18
1976991,SecondHalf,DR Congo,0,1,0,0,0,0,0,0,0,0 days 01:06:19
1976991,SecondHalf,DR Congo,0,0,0,0,0,0,1,0,0,0 days 01:06:19
1976991,SecondHalf,Portugal,0,0,0,0,0,0,0,0,0,0 days 01:06:22
1976991,SecondHalf,DR Congo,0,0,0,0,0,0,0,0,1,0 days 01:06:22
1976991,SecondHalf,DR Congo,0,0,0,0,0,0,0,0,0,0 days 01:06:26
1976991,SecondHalf,Portugal,0,0,0,0,1,0,0,0,0,0 days 01:06:27
1976991,SecondHalf,DR Congo,0,0,0,0,1,0,0,0,0,0 days 01:06:27
1976992,SecondHalf,Colombia,0,0,0,0,0,0,0,0,0,0 days 00:57:17
1976992,SecondHalf,Colombia,0,0,0,0,0,0,0,0,0,0 days 00:57:17
1976992,SecondHalf,Colombia,0,0,0,0,0,0,0,0,0,0 days 00:57:27
1976992,SecondHalf,Colombia,0,0,0,0,0,0,0,0,0,0 days 00:57:27
1976992,SecondHalf,Colombia,0,0,0,0,0,0,0,0,0,0 days 00:57:28
1976992,SecondHalf,DR Congo,0,0,0,0,0,0,1,0,0,0 days 00:57:54
1976992,SecondHalf,Colombia,0,0,0,0,0,0,1,0,0,0 days 00:58:11
1976992,SecondHalf,Colombia,0,0,0,0,0,0,1,0,0,0 days 00:58:12
1976992,SecondHalf,Colombia,0,0,0,0,0,0,1,0,0,0 days 00:58:14
1976992,SecondHalf,Colombia,0,0,0,0,0,0,1,0,0,0 days 00:58:16
1976992,SecondHalf,Colombia,0,0,0,0,0,0,1,0,0,0 days 00:58:21
1976992,SecondHalf,Colombia,0,0,0,0,0,0,1,0,0,0 days 00:58:28
1976992,SecondHalf,Colombia,0,0,0,0,0,0,1,0,0,0 days 00:58:35
1976992,SecondHalf,Colombia,0,0,0,0,0,0,1,0,0,0 days 00:58:37
1976992,SecondHalf,Colombia,0,0,0,0,0,0,1,0,0,0 days 00:58:40
1976992,SecondHalf,DR Congo,0,0,0,0,0,0,0,0,0,0 days 00:58:44
1976992,SecondHalf,DR Congo,0,0,0,0,0,0,0,0,0,0 days 00:58:44
1976992,SecondHalf,DR Congo,0,0,0,0,0,0,1,0,0,0 days 00:58:50
1976992,SecondHalf,DR Congo,0,0,0,0,0,0,1,0,0,0 days 00:58:52
1976992,SecondHalf,DR Congo,0,0,0,0,0,0,1,0,0,0 days 00:58:54
1976992,SecondHalf,DR Congo,0,0,0,0,0,0,1,0,0,0 days 00:58:58
1976992,SecondHalf,Colombia,0,1,0,0,0,0,0,0,0,0 days 00:58:59
1976992,SecondHalf,Colombia,0,0,0,0,0,0,1,0,0,0 days 00:59:01
1976992,SecondHalf,Colombia,0,0,0,0,0,0,1,0,0,0 days 00:59:05
1976992,SecondHalf,Colombia,0,0,0,0,0,0,1,0,0,0 days 00:59:07
1976992,SecondHalf,Colombia,0,0,0,0,0,0,1,0,0,0 days 00:59:13
1976992,SecondHalf,Colombia,0,0,0,0,0,0,1,0,0,0 days 00:59:17
1976992,SecondHalf,Colombia,0,0,0,0,0,0,1,0,0,0 days 00:59:21
1976992,SecondHalf,Colombia,0,0,0,0,0,0,1,0,0,0 days 00:59:24
1976992,SecondHalf,Colombia,0,0,0,0,0,0,1,0,0,0 days 00:59:28
1976992,SecondHalf,Colombia,0,0,0,0,0,0,1,0,0,0 days 00:59:35
1976992,SecondHalf,Colombia,0,0,0,0,0,0,1,0,0,0 days 00:59:38
1976992,SecondHalf,Colombia,0,0,0,0,0,0,1,0,0,0 days 00:59:41
1976992,SecondHalf,Colombia,0,0,0,0,0,0,1,0,0,0 days 00:59:44
1976992,SecondHalf,Colombia,0,0,0,0,0,0,1,0,0,0 days 00:59:46
1976992,SecondHalf,Colombia,0,0,0,0,0,0,1,0,0,0 days 00:59:49
1976992,SecondHalf,Colombia,0,0,0,0,0,0,1,0,0,0 days 00:59:50
1976992,SecondHalf,Colombia,0,0,0,0,0,0,0,0,0,0 days 00:59:52
1976992,SecondHalf,Colombia,0,0,0,0,0,0,1,0,0,0 days 00:59:53
1976992,SecondHalf,Colombia,0,0,0,0,0,0,1,0,0,0 days 00:59:53
1976992,SecondHalf,Colombia,0,0,0,0,0,0,0,0,0,0 days 00:59:56
1976992,SecondHalf,DR Congo,0,0,0,0,0,0,1,0,0,0 days 01:00:24
1976992,SecondHalf,Colombia,0,0,0,0,0,0,0,0,0,0 days 01:00:28
1976992,SecondHalf,DR Congo,0,0,0,0,0,0,0,0,0,0 days 01:00:28
1976992,SecondHalf,DR Congo,0,0,0,0,0,0,1,0,0,0 days 01:00:29
1976992,SecondHalf,Colombia,0,0,0,0,0,0,1,0,0,0 days 01:00:31
1976992,SecondHalf,Colombia,0,0,0,0,0,0,1,0,0,0 days 01:00:33
1976992,SecondHalf,Colombia,0,0,0,0,1,0,0,0,0,0 days 01:00:35
1976992,SecondHalf,DR Congo,0,0,0,0,1,0,0,0,0,0 days 01:00:35
1976992,SecondHalf,Colombia,0,0,0,0,0,0,1,0,0,0 days 01:00:43
1976992,SecondHalf,Colombia,0,0,0,0,0,0,1,0,0,0 days 01:00:46
1976992,SecondHalf,Colombia,0,0,0,0,0,0,1,0,0,0 days 01:00:47
1976992,SecondHalf,DR Congo,0,0,1,0,0,0,0,0,0,0 days 01:00:52
1976992,SecondHalf,Colombia,0,0,0,0,0,0,1,0,0,0 days 01:00:59
1976992,SecondHalf,Colombia,0,0,0,0,0,0,1,0,0,0 days 01:01:00
1976992,SecondHalf,Colombia,0,0,0,0,0,0,1,0,0,0 days 01:01:05
1976992,SecondHalf,Colombia,0,0,0,0,0,0,1,0,0,0 days 01:01:09
1976992,SecondHalf,Colombia,0,0,0,0,0,0,1,0,0,0 days 01:01:10
1976992,SecondHalf,Colombia,0,0,0,0,0,0,1,0,0,0 days 01:01:12
1976992,SecondHalf,Colombia,0,0,0,0,0,0,1,0,0,0 days 01:01:15
1976992,SecondHalf,Colombia,0,0,0,0,0,0,1,0,0,0 days 01:01:17
1976992,SecondHalf,Colombia,0,0,0,0,1,0,0,0,0,0 days 01:01:20
1976992,SecondHalf,DR Congo,0,0,0,0,1,0,0,0,0,0 days 01:01:20
1976992,SecondHalf,Colombia,0,0,0,0,0,0,0,0,0,0 days 01:01:32
1976992,SecondHalf,DR Congo,0,0,0,0,0,0,0,0,0,0 days 01:01:32
1976992,SecondHalf,Colombia,0,0,0,0,0,0,0,0,0,0 days 01:01:00
1976992,SecondHalf,DR Congo,0,0,0,0,0,0,1,0,0,0 days 01:02:12
1976992,SecondHalf,Colombia,0,0,0,0,0,0,1,0,0,0 days 01:02:34
1976992,SecondHalf,Colombia,0,0,0,0,1,0,0,0,0,0 days 01:02:37
1976992,SecondHalf,DR Congo,0,0,0,0,1,0,0,0,0,0 days 01:02:37
1976992,SecondHalf,Colombia,0,0,0,0,0,0,1,0,0,0 days 01:02:46
1976992,SecondHalf,Colombia,0,0,0,0,0,0,1,0,0,0 days 01:02:48
1976992,SecondHalf,Colombia,0,0,0,0,0,0,1,0,0,0 days 01:02:50
1976992,SecondHalf,Colombia,0,0,0,0,0,0,1,0,0,0 days 01:02:52
1976992,SecondHalf,Colombia,0,0,0,0,0,0,1,0,0,0 days 01:02:56
1976992,SecondHalf,Colombia,0,0,0,0,0,0,1,0,0,0 days 01:03:01
1976992,SecondHalf,Colombia,0,0,0,0,0,0,1,0,0,0 days 01:03:03
1976992,SecondHalf,Colombia,0,0,0,0,0,0,1,0,0,0 days 01:03:05
1976992,SecondHalf,Colombia,0,0,0,0,0,0,1,0,0,0 days 01:03:08
1976992,SecondHalf,Colombia,0,0,0,0,0,0,1,0,0,0 days 01:03:10
1976992,SecondHalf,Colombia,0,0,0,0,0,0,1,0,0,0 days 01:03:14
1976992,SecondHalf,DR Congo,0,0,1,0,0,0,0,0,0,0 days 01:03:17
1976992,SecondHalf,Colombia,0,0,0,0,0,0,0,0,0,0 days 01:03:19
1976992,SecondHalf,DR Congo,0,0,0,0,0,0,0,0,0,0 days 01:03:19
1976992,SecondHalf,Colombia,0,0,0,0,0,0,1,0,0,0 days 01:03:49
1976992,SecondHalf,DR Congo,0,0,0,0,0,0,0,0,0,0 days 01:03:52
1976992,SecondHalf,Colombia,0,0,0,0,0,0,1,0,0,0 days 01:03:53
1976992,SecondHalf,Colombia,0,0,0,0,0,0,1,0,0,0 days 01:03:59
1976992,SecondHalf,Colombia,0,0,0,0,0,0,1,0,0,0 days 01:04:02
1976992,SecondHalf,Colombia,0,0,0,0,0,0,1,0,0,0 days 01:04:05
1976992,SecondHalf,Colombia,0,0,0,0,0,0,1,0,0,0 days 01:04:10
1976992,SecondHalf,Colombia,0,0,0,0,0,0,1,0,0,0 days 01:04:11
1976992,SecondHalf,Colombia,0,0,0,0,0,0,1,0,0,0 days 01:04:17
1976992,SecondHalf,Colombia,0,0,0,0,0,0,1,0,0,0 days 01:04:25
1976992,SecondHalf,Colombia,0,0,0,0,0,0,1,0,0,0 days 01:04:27
1976992,SecondHalf,Colombia,0,0,0,0,0,0,1,0,0,0 days 01:04:30
1976992,SecondHalf,Colombia,0,0,0,0,0,0,0,0,0,0 days 01:04:34
1976992,SecondHalf,DR Congo,0,0,0,0,0,0,1,0,0,0 days 01:05:00
1976992,SecondHalf,DR Congo,0,0,0,0,0,0,1,0,0,0 days 01:05:03
1976992,SecondHalf,DR Congo,0,0,0,0,0,0,1,0,0,0 days 01:05:06
1976992,SecondHalf,DR Congo,0,0,0,1,0,0,0,0,0,0 days 01:05:09
1976992,SecondHalf,Colombia,0,0,0,0,0,0,0,1,0,0 days 01:05:09
1976992,SecondHalf,DR Congo,0,0,0,0,0,0,1,0,0,0 days 01:05:19
1976992,SecondHalf,Colombia,0,0,0,0,1,0,0,0,0,0 days 01:05:24
1976992,SecondHalf,DR Congo,0,0,0,0,1,0,0,0,0,0 days 01:05:24
1976992,SecondHalf,Colombia,0,0,0,0,0,0,1,0,0,0 days 01:05:44
1976992,SecondHalf,Colombia,0,0,0,0,0,0,1,0,0,0 days 01:05:48
1976992,SecondHalf,Colombia,0,0,0,0,0,0,1,0,0,0 days 01:05:53
1976992,SecondHalf,Colombia,0,0,0,0,0,0,1,0,0,0 days 01:05:57
1976992,SecondHalf,Colombia,0,0,0,0,0,0,0,0,0,0 days 01:05:59
1976992,SecondHalf,DR Congo,0,0,0,1,0,0,0,0,0,0 days 01:06:00
1976992,SecondHalf,Colombia,0,0,0,0,0,0,0,1,0,0 days 01:06:00
1976992,SecondHalf,Colombia,0,0,0,0,0,0,0,0,1,0 days 01:06:01
1976992,SecondHalf,DR Congo,0,0,0,0,0,0,0,1,0,0 days 01:06:01
1976992,SecondHalf,DR Congo,0,1,0,0,0,0,0,0,0,0 days 01:06:04
1976992,SecondHalf,DR Congo,0,0,0,0,0,0,1,0,0,0 days 01:06:05
1976992,SecondHalf,Colombia,0,0,0,0,0,0,1,0,0,0 days 01:06:20
1976992,SecondHalf,Colombia,0,0,0,0,0,0,1,0,0,0 days 01:06:27
1976992,SecondHalf,Colombia,0,0,0,0,0,0,1,0,0,0 days 01:06:30
1976992,SecondHalf,Colombia,0,0,0,0,0,0,1,0,0,0 days 01:06:34
1976992,SecondHalf,DR Congo,0,1,0,0,0,0,0,0,0,0 days 01:06:36
1976992,SecondHalf,DR Congo,0,0,0,0,0,0,1,0,0,0 days 01:06:37
1976992,SecondHalf,DR Congo,0,0,0,0,0,0,1,0,0,0 days 01:06:39
1976992,SecondHalf,DR Congo,0,0,0,0,0,0,1,0,0,0 days 01:06:40
1976992,SecondHalf,Colombia,0,0,0,0,0,0,0,0,0,0 days 01:06:41
1976992,SecondHalf,Colombia,0,0,0,0,0,0,1,0,0,0 days 01:06:43
1976992,SecondHalf,DR Congo,0,0,0,0,0,0,0,1,0,0 days 01:06:44
1976992,SecondHalf,Colombia,0,0,0,0,0,0,0,0,1,0 days 01:06:44
1976992,SecondHalf,DR Congo,0,0,0,0,0,0,1,0,0,0 days 01:06:46
1976992,SecondHalf,Colombia,0,0,0,0,0,0,0,0,0,0 days 01:06:49
1976992,SecondHalf,Colombia,0,0,0,0,0,0,1,0,0,0 days 01:06:49
1976992,SecondHalf,DR Congo,0,0,0,0,0,0,0,0,0,0 days 01:06:49
1976992,SecondHalf,DR Congo,0,0,0,0,0,0,0,0,0,0 days 01:06:50
1976992,SecondHalf,Colombia,0,0,0,0,0,0,1,0,0,0 days 01:06:51
1976992,SecondHalf,Colombia,0,1,0,0,0,0,0,0,0,0 days 01:06:52
1976992,SecondHalf,Colombia,0,0,0,0,0,0,1,0,0,0 days 01:06:53
1976992,SecondHalf,Colombia,0,0,0,0,0,0,1,0,0,0 days 01:06:56
1976992,SecondHalf,DR Congo,0,0,0,0,1,0,0,0,0,0 days 01:06:59
1976992,SecondHalf,Colombia,0,0,0,0,1,0,0,0,0,0 days 01:06:59
1976993,SecondHalf,DR Congo,0,0,0,0,0,0,1,0,0,0 days 00:57:01
1976993,SecondHalf,DR Congo,0,0,0,0,0,0,1,0,0,0 days 00:57:03
1976993,SecondHalf,DR Congo,0,0,0,0,0,0,1,0,0,0 days 00:57:04
1976993,SecondHalf,DR Congo,1,0,0,0,0,0,0,0,0,0 days 00:57:07
1976993,SecondHalf,Uzbekistan,0,0,0,0,0,0,0,0,0,0 days 00:57:07
1976993,SecondHalf,DR Congo,0,0,0,0,0,0,0,0,0,0 days 00:57:10
1976993,SecondHalf,Uzbekistan,0,0,0,0,0,0,0,0,0,0 days 00:57:10
1976993,SecondHalf,Uzbekistan,0,0,0,0,0,0,1,0,0,0 days 00:57:37
1976993,SecondHalf,Uzbekistan,0,0,0,0,0,0,1,0,0,0 days 00:57:39
1976993,SecondHalf,Uzbekistan,0,0,0,0,0,0,1,0,0,0 days 00:57:43
1976993,SecondHalf,Uzbekistan,0,0,0,0,0,0,1,0,0,0 days 00:57:45
1976993,SecondHalf,DR Congo,0,0,0,0,0,0,0,0,0,0 days 00:57:00
1976993,SecondHalf,Uzbekistan,0,0,0,0,0,0,0,0,0,0 days 00:58:12
1976993,SecondHalf,Uzbekistan,0,0,0,0,0,0,0,0,0,0 days 00:58:12
1976993,SecondHalf,Uzbekistan,0,0,0,0,0,0,0,0,0,0 days 00:58:19
1976993,SecondHalf,Uzbekistan,0,0,0,0,0,0,0,0,0,0 days 00:58:19
1976993,SecondHalf,Uzbekistan,0,0,0,0,0,0,0,0,0,0 days 00:58:20
1976993,SecondHalf,DR Congo,0,0,0,0,0,0,1,0,0,0 days 00:58:24
1976993,SecondHalf,DR Congo,0,0,0,0,0,0,1,0,0,0 days 00:58:28
1976993,SecondHalf,DR Congo,0,0,0,0,0,0,1,0,0,0 days 00:58:34
1976993,SecondHalf,DR Congo,0,0,0,0,0,0,1,0,0,0 days 00:58:40
1976993,SecondHalf,DR Congo,0,0,0,0,0,0,1,0,0,0 days 00:58:43
1976993,SecondHalf,Uzbekistan,0,0,0,0,0,1,0,0,0,0 days 00:58:44
1976993,SecondHalf,Uzbekistan,0,0,0,0,0,0,0,0,0,0 days 00:58:45
1976993,SecondHalf,DR Congo,0,0,0,0,0,0,0,0,1,0 days 00:58:45
1976993,SecondHalf,DR Congo,0,0,0,0,0,0,1,0,0,0 days 00:58:47
1976993,SecondHalf,Uzbekistan,0,0,0,0,0,0,1,0,0,0 days 00:58:48
1976993,SecondHalf,Uzbekistan,0,1,0,0,0,0,0,0,0,0 days 00:58:50
1976993,SecondHalf,Uzbekistan,0,0,0,0,0,0,1,0,0,0 days 00:58:50
1976993,SecondHalf,Uzbekistan,0,0,0,0,0,0,1,0,0,0 days 00:58:52
1976993,SecondHalf,Uzbekistan,0,0,0,1,0,0,0,0,0,0 days 00:58:55
1976993,SecondHalf,DR Congo,0,0,0,0,0,0,0,1,0,0 days 00:58:55
1976993,SecondHalf,DR Congo,0,1,0,0,0,0,0,0,0,0 days 00:58:56
1976993,SecondHalf,DR Congo,0,0,0,1,0,0,0,0,0,0 days 00:58:58
1976993,SecondHalf,Uzbekistan,0,0,0,0,0,0,0,1,0,0 days 00:58:58
1976993,SecondHalf,DR Congo,0,0,0,0,0,0,1,0,0,0 days 00:59:01
1976993,SecondHalf,DR Congo,0,0,0,0,0,0,1,0,0,0 days 00:59:04
1976993,SecondHalf,DR Congo,1,0,0,0,0,0,0,0,0,0 days 00:59:06
1976993,SecondHalf,Uzbekistan,0,0,0,0,0,0,1,0,0,0 days 00:59:30
1976993,SecondHalf,Uzbekistan,0,0,0,0,0,0,1,0,0,0 days 00:59:33
1976993,SecondHalf,Uzbekistan,0,0,0,0,0,0,1,0,0,0 days 00:59:39
1976993,SecondHalf,DR Congo,0,1,0,0,0,0,0,0,0,0 days 00:59:43
1976993,SecondHalf,DR Congo,0,0,0,0,0,0,1,0,0,0 days 00:59:43
1976993,SecondHalf,DR Congo,0,0,0,0,0,0,1,0,0,0 days 00:59:44
1976993,SecondHalf,DR Congo,0,0,0,0,0,0,1,0,0,0 days 00:59:46
1976993,SecondHalf,DR Congo,0,0,0,0,0,0,1,0,0,0 days 00:59:48
1976993,SecondHalf,DR Congo,0,0,0,0,0,0,1,0,0,0 days 00:59:55
1976993,SecondHalf,DR Congo,0,0,0,0,0,0,1,0,0,0 days 00:59:59
1976993,SecondHalf,DR Congo,0,0,0,0,0,0,1,0,0,0 days 01:00:04
1976993,SecondHalf,DR Congo,0,0,0,0,0,0,1,0,0,0 days 01:00:07
1976993,SecondHalf,DR Congo,1,0,0,0,0,0,0,0,0,0 days 01:00:09
1976993,SecondHalf,Uzbekistan,0,0,0,0,0,0,1,0,0,0 days 01:00:29
1976993,SecondHalf,Uzbekistan,0,0,0,0,0,0,1,0,0,0 days 01:00:32
1976993,SecondHalf,Uzbekistan,0,0,0,1,0,0,0,0,0,0 days 01:00:36
1976993,SecondHalf,DR Congo,0,0,0,0,0,0,0,1,0,0 days 01:00:36
1976993,SecondHalf,DR Congo,0,0,0,1,0,0,0,0,0,0 days 01:00:38
1976993,SecondHalf,Uzbekistan,0,0,0,0,0,0,0,1,0,0 days 01:00:38
1976993,SecondHalf,Uzbekistan,0,0,0,0,0,0,1,0,0,0 days 01:00:43
1976993,SecondHalf,Uzbekistan,0,0,0,0,0,0,1,0,0,0 days 01:00:45
1976993,SecondHalf,DR Congo,0,0,0,0,0,0,0,0,0,0 days 01:00:47
1976993,SecondHalf,Uzbekistan,0,0,0,0,0,0,0,0,0,0 days 01:00:47
1976993,SecondHalf,DR Congo,0,0,1,0,0,0,0,0,0,0 days 01:00:47
1976993,SecondHalf,DR Congo,0,1,0,0,0,0,0,0,0,0 days 01:00:49
1976993,SecondHalf,DR Congo,0,0,0,0,0,0,1,0,0,0 days 01:00:49
1976993,SecondHalf,DR Congo,0,0,0,0,0,0,1,0,0,0 days 01:00:52
1976993,SecondHalf,Uzbekistan,0,0,1,0,0,0,0,0,0,0 days 01:00:55
1976993,SecondHalf,DR Congo,0,0,0,0,0,0,1,0,0,0 days 01:01:00
1976993,SecondHalf,DR Congo,0,0,0,1,0,0,0,0,0,0 days 01:01:03
1976993,SecondHalf,Uzbekistan,0,0,0,0,0,0,0,1,0,0 days 01:01:03
1976993,SecondHalf,DR Congo,0,0,0,0,0,0,0,0,0,0 days 01:01:06
1976993,SecondHalf,Uzbekistan,0,0,0,0,0,0,0,0,1,0 days 01:01:08
1976993,SecondHalf,DR Congo,0,0,0,0,1,0,0,0,0,0 days 01:01:10
1976993,SecondHalf,Uzbekistan,0,0,0,0,1,0,0,0,0,0 days 01:01:10
1976993,SecondHalf,DR Congo,0,0,0,0,0,0,0,0,0,0 days 01:01:12
1976993,SecondHalf,Uzbekistan,0,0,0,0,0,0,1,0,0,0 days 01:01:34
1976993,SecondHalf,Uzbekistan,0,0,0,0,0,0,1,0,0,0 days 01:01:36
1976993,SecondHalf,Uzbekistan,0,0,0,0,0,0,1,0,0,0 days 01:01:39
1976993,SecondHalf,Uzbekistan,0,0,0,0,0,0,1,0,0,0 days 01:01:42
1976993,SecondHalf,Uzbekistan,0,0,0,0,0,0,1,0,0,0 days 01:01:46
1976993,SecondHalf,DR Congo,0,0,0,0,0,0,0,0,0,0 days 01:01:48
1976993,SecondHalf,DR Congo,0,0,0,0,0,0,1,0,0,0 days 01:01:52
1976993,SecondHalf,DR Congo,0,0,0,0,0,0,1,0,0,0 days 01:01:54
1976993,SecondHalf,DR Congo,0,0,0,0,1,0,0,0,0,0 days 01:01:57
1976993,SecondHalf,Uzbekistan,0,0,0,0,1,0,0,0,0,0 days 01:01:57
1976993,SecondHalf,DR Congo,0,0,0,0,0,0,1,0,0,0 days 01:02:13
1976993,SecondHalf,DR Congo,0,0,0,0,0,0,1,0,0,0 days 01:02:20
1976993,SecondHalf,DR Congo,0,0,0,0,0,0,1,0,0,0 days 01:02:24
1976993,SecondHalf,DR Congo,0,0,0,0,0,0,1,0,0,0 days 01:02:27
1976993,SecondHalf,DR Congo,0,0,0,0,0,0,0,0,1,0 days 01:02:32
1976993,SecondHalf,Uzbekistan,0,0,0,0,0,0,0,0,0,0 days 01:02:32
1976993,SecondHalf,DR Congo,0,0,0,0,0,0,1,0,0,0 days 01:02:35
1976993,SecondHalf,DR Congo,0,0,0,0,0,0,1,0,0,0 days 01:02:37
1976993,SecondHalf,Uzbekistan,0,0,0,0,0,0,1,0,0,0 days 01:03:00
1976993,SecondHalf,Uzbekistan,0,0,0,1,0,0,0,0,0,0 days 01:03:08
1976993,SecondHalf,DR Congo,0,0,0,0,0,0,0,1,0,0 days 01:03:08
1976993,SecondHalf,DR Congo,0,1,0,0,0,0,0,0,0,0 days 01:03:09
1976993,SecondHalf,DR Congo,0,0,0,0,0,0,1,0,0,0 days 01:03:10
1976993,SecondHalf,DR Congo,0,0,0,0,0,0,1,0,0,0 days 01:03:13
1976993,SecondHalf,Uzbekistan,0,0,0,0,0,1,0,0,0,0 days 01:03:14
1976993,SecondHalf,Uzbekistan,0,1,0,0,0,0,0,0,0,0 days 01:03:15
1976993,SecondHalf,Uzbekistan,0,0,0,0,0,0,1,0,0,0 days 01:03:16
1976993,SecondHalf,DR Congo,0,0,1,0,0,0,0,0,0,0 days 01:03:18
1976993,SecondHalf,Uzbekistan,0,0,0,0,0,0,1,0,0,0 days 01:03:21
1976993,SecondHalf,DR Congo,0,1,0,0,0,0,0,0,0,0 days 01:03:23
1976993,SecondHalf,DR Congo,0,0,0,0,0,0,1,0,0,0 days 01:03:23
1976993,SecondHalf,DR Congo,0,0,0,0,0,0,1,0,0,0 days 01:03:26
1976993,SecondHalf,Uzbekistan,0,0,0,0,0,1,0,0,0,0 days 01:03:30
1976993,SecondHalf,Uzbekistan,0,1,0,0,0,0,0,0,0,0 days 01:03:31
1976993,SecondHalf,Uzbekistan,0,0,0,0,0,0,1,0,0,0 days 01:03:35
1976993,SecondHalf,Uzbekistan,0,0,0,0,0,0,1,0,0,0 days 01:03:38
1976993,SecondHalf,Uzbekistan,0,0,0,0,0,0,1,0,0,0 days 01:03:39
1976993,SecondHalf,Uzbekistan,0,0,0,0,0,0,1,0,0,0 days 01:03:40
1976993,SecondHalf,Uzbekistan,0,0,0,0,0,0,1,0,0,0 days 01:03:42
1976993,SecondHalf,Uzbekistan,0,0,0,0,0,0,1,0,0,0 days 01:03:44
1976993,SecondHalf,Uzbekistan,0,0,0,0,0,0,1,0,0,0 days 01:03:48
1976993,SecondHalf,Uzbekistan,0,0,0,0,0,0,1,0,0,0 days 01:03:51
1976993,SecondHalf,DR Congo,0,0,0,0,0,0,0,0,0,0 days 01:03:53
1976993,SecondHalf,Uzbekistan,0,0,0,0,0,0,0,0,0,0 days 01:03:53
1976993,SecondHalf,DR Congo,0,0,0,0,0,0,0,0,0,0 days 01:03:55
1976993,SecondHalf,Uzbekistan,0,0,0,0,0,0,1,0,0,0 days 01:03:55
1976993,SecondHalf,DR Congo,0,0,0,0,0,0,1,0,0,0 days 01:03:58
1976993,SecondHalf,DR Congo,0,1,0,0,0,0,0,0,0,0 days 01:03:59
1976993,SecondHalf,DR Congo,0,0,0,0,0,0,1,0,0,0 days 01:04:00
1976993,SecondHalf,Uzbekistan,0,0,0,0,0,0,1,0,0,0 days 01:04:10
1976993,SecondHalf,Uzbekistan,0,0,0,0,0,0,1,0,0,0 days 01:04:18
1976993,SecondHalf,Uzbekistan,0,0,0,0,0,0,0,0,0,0 days 01:04:26
1976993,SecondHalf,DR Congo,0,1,0,0,0,0,0,0,0,0 days 01:04:27
1976993,SecondHalf,DR Congo,0,0,0,0,0,0,1,0,0,0 days 01:04:27
1976993,SecondHalf,DR Congo,0,0,0,0,0,0,1,0,0,0 days 01:04:28
1976993,SecondHalf,DR Congo,0,0,0,0,0,0,1,0,0,0 days 01:04:29
1976993,SecondHalf,DR Congo,0,0,0,1,0,0,0,0,0,0 days 01:04:36
1976993,SecondHalf,Uzbekistan,0,0,0,0,0,0,0,1,0,0 days 01:04:36
1976993,SecondHalf,DR Congo,0,0,0,0,0,0,1,0,0,0 days 01:04:36
1976993,SecondHalf,DR Congo,0,0,0,0,0,0,1,0,0,0 days 01:04:37
1976993,SecondHalf,Uzbekistan,0,0,1,0,0,0,0,0,0,0 days 01:04:41
1976993,SecondHalf,DR Congo,0,0,0,0,0,0,1,0,0,0 days 01:04:53
1976993,SecondHalf,DR Congo,0,0,0,0,0,0,1,0,0,0 days 01:04:58
1976993,SecondHalf,DR Congo,0,0,0,0,0,0,1,0,0,0 days 01:05:00
1976993,SecondHalf,DR Congo,0,0,0,0,0,0,1,0,0,0 days 01:05:03
1976993,SecondHalf,DR Congo,0,0,0,0,0,0,0,0,1,0 days 01:05:06
1976993,SecondHalf,Uzbekistan,0,0,0,0,0,0,0,1,0,0 days 01:05:06
1976993,SecondHalf,DR Congo,0,0,0,0,0,0,1,0,0,0 days 01:05:09
1976993,SecondHalf,Uzbekistan,0,0,0,0,0,1,0,0,0,0 days 01:05:11
1976993,SecondHalf,Uzbekistan,0,0,0,0,0,0,1,0,0,0 days 01:05:11
1976993,SecondHalf,Uzbekistan,0,1,0,0,0,0,0,0,0,0 days 01:05:12
1976993,SecondHalf,Uzbekistan,0,0,0,0,0,0,1,0,0,0 days 01:05:12
1976993,SecondHalf,Uzbekistan,0,0,0,0,0,0,1,0,0,0 days 01:05:13
1976993,SecondHalf,Uzbekistan,0,0,0,0,0,0,1,0,0,0 days 01:05:16
1976993,SecondHalf,Uzbekistan,0,0,0,0,0,0,0,0,0,0 days 01:05:20
1976993,SecondHalf,DR Congo,0,1,0,0,0,0,0,0,0,0 days 01:05:21
1976993,SecondHalf,DR Congo,0,0,0,0,0,0,1,0,0,0 days 01:05:23
1976993,SecondHalf,DR Congo,0,0,0,0,0,0,1,0,0,0 days 01:05:26
1976993,SecondHalf,DR Congo,0,0,0,0,0,0,1,0,0,0 days 01:05:32
1976993,SecondHalf,DR Congo,0,0,0,0,0,0,1,0,0,0 days 01:05:34
1976993,SecondHalf,DR Congo,0,0,0,0,0,0,1,0,0,0 days 01:05:37
1976993,SecondHalf,DR Congo,0,0,0,0,0,0,1,0,0,0 days 01:05:40
1976993,SecondHalf,DR Congo,0,0,0,0,0,0,1,0,0,0 days 01:05:42
1976993,SecondHalf,Uzbekistan,0,0,0,0,1,0,0,0,0,0 days 01:05:46
1976993,SecondHalf,DR Congo,0,0,0,0,1,0,0,0,0,0 days 01:05:46
1976995,SecondHalf,France,0,0,0,0,0,0,1,0,0,0 days 00:57:03
1976995,SecondHalf,France,0,0,0,0,0,0,1,0,0,0 days 00:57:06
1976995,SecondHalf,France,0,0,0,0,0,0,1,0,0,0 days 00:57:09
1976995,SecondHalf,France,0,0,0,0,0,0,1,0,0,0 days 00:57:11
1976995,SecondHalf,France,0,0,0,0,0,0,1,0,0,0 days 00:57:15
1976995,SecondHalf,France,0,0,0,0,0,0,1,0,0,0 days 00:57:17
1976995,SecondHalf,France,0,0,0,0,0,0,0,0,0,0 days 00:57:19
1976995,SecondHalf,France,0,0,0,0,0,0,1,0,0,0 days 00:57:21
1976995,SecondHalf,France,0,0,0,0,0,0,1,0,0,0 days 00:57:29
1976995,SecondHalf,France,0,0,0,0,0,0,1,0,0,0 days 00:57:30
1976995,SecondHalf,Iraq,0,0,0,0,0,0,0,0,0,0 days 00:57:31
1976995,SecondHalf,France,0,0,0,0,0,0,0,0,1,0 days 00:57:31
1976995,SecondHalf,France,0,0,0,0,0,0,1,0,0,0 days 00:57:32
1976995,SecondHalf,France,1,0,0,0,0,0,0,0,0,0 days 00:57:33
1976995,SecondHalf,France,0,0,0,0,0,0,1,0,0,0 days 00:57:43
1976995,SecondHalf,France,0,0,0,0,0,0,1,0,0,0 days 00:57:44
1976995,SecondHalf,Iraq,0,0,0,0,0,0,0,0,0,0 days 00:57:47
1976995,SecondHalf,Iraq,0,0,0,0,0,0,1,0,0,0 days 00:58:08
1976995,SecondHalf,France,0,0,1,0,0,0,0,0,0,0 days 00:58:12
1976995,SecondHalf,France,0,0,0,0,0,0,1,0,0,0 days 00:58:14
1976995,SecondHalf,Iraq,0,0,0,0,0,0,0,0,0,0 days 00:58:16
1976995,SecondHalf,France,0,0,0,0,0,0,0,0,0,0 days 00:58:16
1976995,SecondHalf,France,0,0,0,0,0,0,1,0,0,0 days 00:58:16
1976995,SecondHalf,France,0,0,0,0,0,0,1,0,0,0 days 00:58:17
1976995,SecondHalf,France,0,1,0,0,0,0,0,0,0,0 days 00:58:19
1976995,SecondHalf,France,0,0,0,0,0,0,1,0,0,0 days 00:58:21
1976995,SecondHalf,France,0,0,0,0,0,0,1,0,0,0 days 00:58:23
1976995,SecondHalf,France,0,0,0,0,0,0,1,0,0,0 days 00:58:26
1976995,SecondHalf,France,0,0,0,0,0,0,1,0,0,0 days 00:58:30
1976995,SecondHalf,Iraq,0,0,0,0,0,0,0,0,0,0 days 00:58:34
1976995,SecondHalf,France,0,0,0,0,0,0,0,0,1,0 days 00:58:34
1976995,SecondHalf,France,0,0,0,0,0,0,1,0,0,0 days 00:58:38
1976995,SecondHalf,France,1,0,0,0,0,0,0,0,0,0 days 00:58:40
1976995,SecondHalf,Iraq,0,0,0,0,0,0,0,0,0,0 days 00:58:40
1976995,SecondHalf,France,1,0,0,0,0,0,0,0,0,0 days 00:58:41
1976995,SecondHalf,Iraq,0,0,0,0,0,0,0,0,0,0 days 00:59:10
1976995,SecondHalf,Iraq,0,0,0,0,0,0,0,0,0,0 days 00:59:10
1976995,SecondHalf,Iraq,0,0,0,0,0,0,0,0,0,0 days 00:59:16
1976995,SecondHalf,Iraq,0,0,0,0,0,0,0,0,0,0 days 00:59:16
1976995,SecondHalf,Iraq,0,0,0,0,0,0,0,0,0,0 days 00:59:17
1976995,SecondHalf,Iraq,0,0,0,0,0,0,1,0,0,0 days 00:59:32
1976995,SecondHalf,France,0,0,0,0,0,0,1,0,0,0 days 00:59:35
1976995,SecondHalf,Iraq,0,0,0,0,0,0,0,0,0,0 days 00:59:36
1976995,SecondHalf,Iraq,0,0,0,0,0,0,1,0,0,0 days 00:59:38
1976995,SecondHalf,Iraq,0,0,0,0,0,0,1,0,0,0 days 00:59:41
1976995,SecondHalf,France,0,0,0,0,0,0,1,0,0,0 days 00:59:58
1976995,SecondHalf,Iraq,0,0,0,0,0,0,0,1,0,0 days 01:00:00
1976995,SecondHalf,France,0,0,0,1,0,0,0,0,0,0 days 01:00:00
1976995,SecondHalf,Iraq,0,1,0,0,0,0,0,0,0,0 days 01:00:02
1976995,SecondHalf,Iraq,0,0,0,0,0,0,1,0,0,0 days 01:00:02
1976995,SecondHalf,Iraq,0,0,0,0,0,0,1,0,0,0 days 01:00:05
1976995,SecondHalf,Iraq,0,0,0,0,0,0,1,0,0,0 days 01:00:07
1976995,SecondHalf,Iraq,0,0,0,0,0,0,1,0,0,0 days 01:00:09
1976995,SecondHalf,Iraq,0,0,0,0,0,0,1,0,0,0 days 01:00:15
1976995,SecondHalf,Iraq,0,0,0,0,0,0,0,0,0,0 days 01:00:18
1976995,SecondHalf,France,0,0,0,0,0,0,0,0,0,0 days 01:00:18
1976995,SecondHalf,France,0,0,0,0,0,0,0,0,0,0 days 01:00:20
1976995,SecondHalf,France,0,1,0,0,0,0,0,0,0,0 days 01:00:21
1976995,SecondHalf,France,0,0,0,0,0,0,1,0,0,0 days 01:00:22
1976995,SecondHalf,France,0,0,0,0,0,0,1,0,0,0 days 01:00:23
1976995,SecondHalf,France,0,0,0,0,0,0,1,0,0,0 days 01:00:26
1976995,SecondHalf,France,0,0,0,0,0,0,1,0,0,0 days 01:00:32
1976995,SecondHalf,France,0,0,0,0,0,0,1,0,0,0 days 01:00:35
1976995,SecondHalf,France,0,0,0,0,0,0,1,0,0,0 days 01:00:39
1976995,SecondHalf,France,0,0,0,0,0,0,1,0,0,0 days 01:00:41
1976995,SecondHalf,France,0,0,0,0,0,0,1,0,0,0 days 01:00:48
1976995,SecondHalf,Iraq,0,0,0,0,0,0,0,0,0,0 days 01:00:53
1976995,SecondHalf,Iraq,0,0,0,0,0,0,1,0,0,0 days 01:00:55
1976995,SecondHalf,Iraq,0,0,0,0,0,0,1,0,0,0 days 01:01:00
1976995,SecondHalf,Iraq,0,0,0,0,0,0,1,0,0,0 days 01:01:01
1976995,SecondHalf,Iraq,0,0,0,0,1,0,0,0,0,0 days 01:01:06
1976995,SecondHalf,France,0,0,0,0,1,0,0,0,0,0 days 01:01:06
1976995,SecondHalf,Iraq,0,0,0,0,0,0,1,0,0,0 days 01:01:28
1976995,SecondHalf,Iraq,0,0,0,0,0,0,0,0,0,0 days 01:01:32
1976995,SecondHalf,France,0,0,0,0,0,0,0,0,0,0 days 01:01:32
1976995,SecondHalf,France,0,0,1,0,0,0,0,0,0,0 days 01:01:32
1976995,SecondHalf,France,0,0,0,0,0,0,1,0,0,0 days 01:01:33
1976995,SecondHalf,France,0,0,0,0,0,0,0,0,1,0 days 01:01:35
1976995,SecondHalf,Iraq,0,0,0,0,1,0,0,0,0,0 days 01:01:37
1976995,SecondHalf,France,0,0,0,0,1,0,0,0,0,0 days 01:01:37
1976995,SecondHalf,France,0,0,0,0,0,0,1,0,0,0 days 01:01:55
1976995,SecondHalf,France,0,0,0,0,0,0,1,0,0,0 days 01:01:56
1976995,SecondHalf,France,0,0,0,0,0,0,1,0,0,0 days 01:02:01
1976995,SecondHalf,France,0,0,0,0,0,0,1,0,0,0 days 01:02:05
1976995,SecondHalf,France,0,0,0,0,0,0,1,0,0,0 days 01:02:06
1976995,SecondHalf,Iraq,0,1,0,0,0,0,0,0,0,0 days 01:02:07
1976995,SecondHalf,Iraq,0,0,0,0,0,0,1,0,0,0 days 01:02:08
1976995,SecondHalf,Iraq,0,0,0,0,0,0,1,0,0,0 days 01:02:10
1976995,SecondHalf,Iraq,0,0,0,0,0,0,1,0,0,0 days 01:02:12
1976995,SecondHalf,Iraq,0,0,0,0,1,0,0,0,0,0 days 01:02:14
1976995,SecondHalf,France,0,0,0,0,1,0,0,0,0,0 days 01:02:14
1976995,SecondHalf,Iraq,0,0,0,0,0,0,1,0,0,0 days 01:02:29
1976995,SecondHalf,Iraq,0,0,0,0,0,0,1,0,0,0 days 01:02:32
1976995,SecondHalf,Iraq,0,0,0,0,0,0,1,0,0,0 days 01:02:36
1976995,SecondHalf,Iraq,0,0,0,0,0,0,1,0,0,0 days 01:02:38
1976995,SecondHalf,Iraq,0,0,0,0,0,0,1,0,0,0 days 01:02:43
1976995,SecondHalf,Iraq,0,0,0,0,0,0,1,0,0,0 days 01:02:48
1976995,SecondHalf,Iraq,0,0,0,0,0,0,1,0,0,0 days 01:02:51
1976995,SecondHalf,Iraq,0,0,0,0,0,0,1,0,0,0 days 01:02:55
1976995,SecondHalf,Iraq,0,0,0,0,0,0,1,0,0,0 days 01:02:59
1976995,SecondHalf,Iraq,0,0,0,0,0,0,1,0,0,0 days 01:03:02
1976995,SecondHalf,Iraq,0,0,0,0,0,0,1,0,0,0 days 01:03:05
1976995,SecondHalf,Iraq,0,0,0,0,0,0,1,0,0,0 days 01:03:14
1976995,SecondHalf,Iraq,0,0,0,0,0,0,1,0,0,0 days 01:03:17
1976995,SecondHalf,France,0,0,0,0,0,1,0,0,0,0 days 01:03:21
1976995,SecondHalf,France,0,1,0,0,0,0,0,0,0,0 days 01:03:21
1976995,SecondHalf,France,0,0,0,0,0,0,1,0,0,0 days 01:03:22
1976995,SecondHalf,France,0,0,0,0,0,0,1,0,0,0 days 01:03:23
1976995,SecondHalf,France,0,0,0,0,0,0,1,0,0,0 days 01:03:26
1976995,SecondHalf,France,0,0,0,0,0,0,1,0,0,0 days 01:03:27
1976995,SecondHalf,France,0,0,0,0,0,0,1,0,0,0 days 01:03:29
1976995,SecondHalf,France,0,0,0,0,0,0,1,0,0,0 days 01:03:30
1976995,SecondHalf,France,0,0,0,0,0,0,1,0,0,0 days 01:03:40
1976995,SecondHalf,France,0,0,0,0,0,0,1,0,0,0 days 01:03:46
1976995,SecondHalf,France,0,0,0,0,0,0,1,0,0,0 days 01:03:50
1976995,SecondHalf,France,0,0,0,0,0,0,1,0,0,0 days 01:03:54
1976995,SecondHalf,France,0,0,0,0,0,0,1,0,0,0 days 01:03:59
1976995,SecondHalf,France,0,0,0,0,0,0,1,0,0,0 days 01:04:01
1976995,SecondHalf,France,0,0,0,0,0,0,1,0,0,0 days 01:04:02
1976995,SecondHalf,France,0,0,0,0,0,0,1,0,0,0 days 01:04:06
1976995,SecondHalf,France,0,0,0,0,0,0,1,0,0,0 days 01:04:08
1976995,SecondHalf,France,0,0,0,0,0,0,1,0,0,0 days 01:04:09
1976995,SecondHalf,Iraq,0,0,1,0,0,0,0,0,0,0 days 01:04:11
1976995,SecondHalf,France,0,0,0,0,0,0,1,0,0,0 days 01:04:22
1976995,SecondHalf,France,0,0,0,0,0,0,1,0,0,0 days 01:04:27
1976995,SecondHalf,France,0,0,0,0,0,0,1,0,0,0 days 01:04:32
1976995,SecondHalf,France,0,0,0,0,0,0,1,0,0,0 days 01:04:35
1976995,SecondHalf,France,1,0,0,0,0,0,0,0,0,0 days 01:04:41
1976995,SecondHalf,Iraq,0,0,0,0,0,0,0,0,0,0 days 01:04:42
1976995,SecondHalf,France,0,0,0,0,0,0,0,0,0,0 days 01:04:44
1976995,SecondHalf,Iraq,0,0,0,0,0,0,0,0,0,0 days 01:04:44
1976995,SecondHalf,France,0,0,0,0,0,0,1,0,0,0 days 01:05:03
1976995,SecondHalf,France,0,0,0,0,0,0,1,0,0,0 days 01:05:04
1976995,SecondHalf,Iraq,0,0,0,0,0,0,0,0,0,0 days 01:05:05
1976995,SecondHalf,France,0,0,0,0,0,0,0,0,0,0 days 01:05:05
1976995,SecondHalf,France,1,0,0,0,0,0,0,0,0,0 days 01:05:06
1976995,SecondHalf,Iraq,0,0,0,0,0,0,0,0,0,0 days 01:05:06
1976995,SecondHalf,Iraq,0,0,0,0,0,0,0,0,0,0 days 01:05:09
1976995,SecondHalf,France,0,0,0,0,0,0,0,0,0,0 days 01:05:09
1976995,SecondHalf,France,0,0,0,0,0,0,1,0,0,0 days 01:05:14
1976995,SecondHalf,France,0,0,0,0,0,0,1,0,0,0 days 01:05:18
1976995,SecondHalf,Iraq,0,0,0,0,0,0,0,1,0,0 days 01:05:19
1976995,SecondHalf,France,0,0,0,1,0,0,0,0,0,0 days 01:05:19
1976995,SecondHalf,France,1,0,0,0,0,0,0,0,0,0 days 01:05:21
1976995,SecondHalf,Iraq,0,0,0,0,0,0,1,0,0,0 days 01:05:35
1976995,SecondHalf,Iraq,0,0,0,0,0,0,1,0,0,0 days 01:05:38
1976995,SecondHalf,Iraq,0,0,0,0,0,0,1,0,0,0 days 01:05:41
1976995,SecondHalf,France,0,0,0,0,0,0,1,0,0,0 days 01:05:42
1976995,SecondHalf,Iraq,0,0,0,1,0,0,0,0,0,0 days 01:05:45
1976995,SecondHalf,France,0,0,0,0,0,0,0,1,0,0 days 01:05:45
1976995,SecondHalf,France,0,1,0,0,0,0,0,0,0,0 days 01:05:47
1976995,SecondHalf,France,0,0,0,0,0,0,1,0,0,0 days 01:05:48
1976995,SecondHalf,France,1,0,0,0,0,0,0,0,0,0 days 01:05:49
1976996,SecondHalf,Iraq,0,0,0,0,0,0,0,0,0,0 days 00:57:10
1976996,SecondHalf,Iraq,0,0,0,0,0,0,0,0,0,0 days 00:57:10
1976996,SecondHalf,Iraq,0,0,0,0,0,0,0,0,0,0 days 00:57:22
1976996,SecondHalf,Iraq,0,0,0,0,0,0,0,0,0,0 days 00:57:22
1976996,SecondHalf,Senegal,0,0,0,0,0,0,0,0,0,0 days 00:57:53
1976996,SecondHalf,Senegal,0,0,0,0,0,0,0,0,0,0 days 00:57:53
1976996,SecondHalf,Senegal,0,0,0,0,0,0,0,0,0,0 days 00:57:54
1976996,SecondHalf,Iraq,0,0,0,0,0,0,1,0,0,0 days 00:58:02
1976996,SecondHalf,Iraq,0,0,0,0,0,0,1,0,0,0 days 00:58:05
1976996,SecondHalf,Iraq,0,0,0,0,0,0,1,0,0,0 days 00:58:07
1976996,SecondHalf,Iraq,0,0,0,0,0,0,1,0,0,0 days 00:58:10
1976996,SecondHalf,Iraq,0,0,0,0,0,0,0,0,0,0 days 00:58:16
1976996,SecondHalf,Senegal,0,1,0,0,0,0,0,0,0,0 days 00:58:17
1976996,SecondHalf,Iraq,0,0,0,0,0,0,0,0,0,0 days 00:58:17
1976996,SecondHalf,Senegal,0,0,0,0,0,0,1,0,0,0 days 00:58:18
1976996,SecondHalf,Senegal,1,0,0,0,0,0,0,0,0,0 days 00:58:21
1976996,SecondHalf,Iraq,0,0,0,0,0,0,1,0,0,0 days 00:58:59
1976996,SecondHalf,Senegal,0,0,0,0,0,0,1,0,0,0 days 00:59:11
1976996,SecondHalf,Senegal,0,0,0,0,0,0,0,0,0,0 days 00:59:14
1976996,SecondHalf,Senegal,0,0,0,0,1,0,0,0,0,0 days 00:59:16
1976996,SecondHalf,Iraq,0,0,0,0,1,0,0,0,0,0 days 00:59:16
1976996,SecondHalf,Iraq,0,0,0,0,0,0,1,0,0,0 days 01:00:06
1976996,SecondHalf,Senegal,0,0,1,0,0,0,0,0,0,0 days 01:00:10
1976996,SecondHalf,Iraq,0,0,0,0,0,0,1,0,0,0 days 01:00:11
1976996,SecondHalf,Iraq,0,0,0,0,0,0,0,0,0,0 days 01:00:12
1976996,SecondHalf,Senegal,0,0,0,0,0,0,0,0,0,0 days 01:00:12
1976996,SecondHalf,Senegal,0,0,0,0,0,0,0,0,0,0 days 01:00:13
1976996,SecondHalf,Senegal,0,0,0,0,0,0,1,0,0,0 days 01:00:16
1976996,SecondHalf,Iraq,0,0,0,0,0,0,1,0,0,0 days 01:00:19
1976996,SecondHalf,Iraq,0,0,0,0,0,0,1,0,0,0 days 01:00:20
1976996,SecondHalf,Senegal,0,0,0,0,0,0,0,0,0,0 days 01:00:24
1976996,SecondHalf,Iraq,0,0,0,0,0,0,0,0,0,0 days 01:00:24
1976996,SecondHalf,Iraq,0,0,0,0,0,0,1,0,0,0 days 01:00:25
1976996,SecondHalf,Senegal,0,0,0,0,0,0,1,0,0,0 days 01:00:27
1976996,SecondHalf,Iraq,0,0,0,0,0,0,1,0,0,0 days 01:00:30
1976996,SecondHalf,Senegal,0,0,0,0,0,0,1,0,0,0 days 01:00:33
1976996,SecondHalf,Senegal,0,0,0,0,0,0,1,0,0,0 days 01:00:35
1976996,SecondHalf,Senegal,0,0,0,0,0,0,1,0,0,0 days 01:00:37
1976996,SecondHalf,Senegal,0,0,0,0,0,0,1,0,0,0 days 01:00:40
1976996,SecondHalf,Senegal,0,0,0,0,0,0,1,0,0,0 days 01:00:43
1976996,SecondHalf,Senegal,0,0,0,0,0,0,1,0,0,0 days 01:00:46
1976996,SecondHalf,Iraq,0,0,1,0,0,0,0,0,0,0 days 01:00:46
1976996,SecondHalf,Senegal,0,0,0,0,0,0,1,0,0,0 days 01:00:54
1976996,SecondHalf,Senegal,0,0,0,0,0,0,1,0,0,0 days 01:00:57
1976996,SecondHalf,Senegal,1,0,0,0,0,0,0,0,0,0 days 01:01:00
1976996,SecondHalf,Senegal,0,0,0,0,0,0,0,0,0,0 days 01:01:01
1976996,SecondHalf,Iraq,0,0,1,0,0,0,0,0,0,0 days 01:01:01
1976996,SecondHalf,Iraq,0,0,0,0,0,0,0,0,0,0 days 01:01:01
1976996,SecondHalf,Senegal,0,0,0,0,0,0,1,0,0,0 days 01:01:34
1976996,SecondHalf,Senegal,0,0,0,0,0,0,0,0,0,0 days 01:01:37
1976996,SecondHalf,Iraq,0,0,1,0,0,0,0,0,0,0 days 01:01:37
1976996,SecondHalf,Iraq,0,0,0,0,0,0,0,0,0,0 days 01:01:37
1976996,SecondHalf,Senegal,0,0,0,0,0,0,1,0,0,0 days 01:01:52
1976996,SecondHalf,Iraq,0,0,1,0,0,0,0,0,0,0 days 01:01:54
1976996,SecondHalf,Iraq,0,0,0,0,0,0,0,0,0,0 days 01:01:55
1976996,SecondHalf,Senegal,0,0,0,0,0,0,0,0,0,0 days 01:01:56
1976996,SecondHalf,Iraq,0,0,0,0,0,0,0,0,0,0 days 01:01:56
1976996,SecondHalf,Senegal,0,0,0,0,0,0,1,0,0,0 days 01:02:11
1976996,SecondHalf,Senegal,0,0,0,0,0,0,1,0,0,0 days 01:02:14
1976996,SecondHalf,Senegal,0,0,0,0,0,0,0,0,0,0 days 01:02:18
1976996,SecondHalf,Iraq,0,0,0,0,0,0,1,0,0,0 days 01:02:36
1976996,SecondHalf,Iraq,0,0,0,0,0,0,0,0,0,0 days 01:02:39
1976996,SecondHalf,Senegal,0,0,0,0,0,0,1,0,0,0 days 01:02:42
1976996,SecondHalf,Senegal,0,0,0,0,0,0,1,0,0,0 days 01:02:45
1976996,SecondHalf,Senegal,0,0,0,0,0,0,1,0,0,0 days 01:02:48
1976996,SecondHalf,Senegal,0,0,0,0,0,0,1,0,0,0 days 01:02:53
1976996,SecondHalf,Senegal,0,0,0,0,0,0,1,0,0,0 days 01:02:54
1976996,SecondHalf,Senegal,0,0,0,0,0,0,1,0,0,0 days 01:03:00
1976996,SecondHalf,Senegal,0,0,0,0,0,0,1,0,0,0 days 01:03:03
1976996,SecondHalf,Iraq,0,0,1,0,0,0,0,0,0,0 days 01:03:04
1976996,SecondHalf,Senegal,0,0,0,0,0,0,1,0,0,0 days 01:03:07
1976996,SecondHalf,Senegal,0,0,0,0,0,0,1,0,0,0 days 01:03:09
1976996,SecondHalf,Senegal,0,0,0,0,0,0,1,0,0,0 days 01:03:11
1976996,SecondHalf,Senegal,0,0,0,0,0,0,1,0,0,0 days 01:03:12
1976996,SecondHalf,Senegal,0,0,0,0,0,0,1,0,0,0 days 01:03:17
1976996,SecondHalf,Senegal,0,0,0,0,0,0,1,0,0,0 days 01:03:20
1976996,SecondHalf,Senegal,0,0,0,0,0,0,1,0,0,0 days 01:03:23
1976996,SecondHalf,Senegal,0,0,0,0,0,0,1,0,0,0 days 01:03:25
1976996,SecondHalf,Senegal,0,0,0,0,0,0,0,0,1,0 days 01:03:31
1976996,SecondHalf,Iraq,0,0,0,0,0,0,0,1,0,0 days 01:03:31
1976996,SecondHalf,Iraq,0,1,0,0,0,0,0,0,0,0 days 01:03:33
1976996,SecondHalf,Iraq,0,0,0,0,0,0,1,0,0,0 days 01:03:35
1976996,SecondHalf,Iraq,0,0,0,0,0,0,1,0,0,0 days 01:03:42
1976996,SecondHalf,Iraq,0,0,0,0,0,0,1,0,0,0 days 01:03:46
1976996,SecondHalf,Iraq,0,0,0,0,0,0,1,0,0,0 days 01:03:48
1976996,SecondHalf,Iraq,0,0,0,0,0,0,1,0,0,0 days 01:03:51
1976996,SecondHalf,Senegal,0,0,0,0,0,0,1,0,0,0 days 01:03:55
1976996,SecondHalf,Senegal,0,1,0,0,0,0,0,0,0,0 days 01:03:57
1976996,SecondHalf,Senegal,0,0,0,0,0,0,1,0,0,0 days 01:03:59
1976996,SecondHalf,Senegal,0,0,0,0,0,0,1,0,0,0 days 01:04:06
1976996,SecondHalf,Senegal,0,0,0,0,0,0,1,0,0,0 days 01:04:09
1976996,SecondHalf,Senegal,0,0,0,0,0,0,1,0,0,0 days 01:04:12
1976996,SecondHalf,Senegal,0,0,0,0,0,0,1,0,0,0 days 01:04:13
1976996,SecondHalf,Senegal,0,0,0,0,0,0,1,0,0,0 days 01:04:15
1976996,SecondHalf,Senegal,0,0,0,0,0,0,1,0,0,0 days 01:04:21
1976996,SecondHalf,Senegal,0,0,0,0,0,0,1,0,0,0 days 01:04:22
1976996,SecondHalf,Senegal,0,0,0,0,0,0,1,0,0,0 days 01:04:23
1976996,SecondHalf,Senegal,0,0,0,0,0,0,1,0,0,0 days 01:04:25
1976996,SecondHalf,Senegal,0,0,0,0,0,0,1,0,0,0 days 01:04:27
1976996,SecondHalf,Senegal,0,0,0,0,0,0,1,0,0,0 days 01:04:28
1976996,SecondHalf,Senegal,0,0,0,0,0,0,1,0,0,0 days 01:04:31
1976996,SecondHalf,Senegal,0,0,0,0,0,0,1,0,0,0 days 01:04:33
1976996,SecondHalf,Senegal,0,0,0,0,0,0,1,0,0,0 days 01:04:35
1976996,SecondHalf,Senegal,0,0,0,0,0,0,1,0,0,0 days 01:04:36
1976996,SecondHalf,Senegal,0,0,0,0,0,0,1,0,0,0 days 01:04:39
1976996,SecondHalf,Iraq,0,1,0,0,0,0,0,0,0,0 days 01:04:41
1976996,SecondHalf,Iraq,0,0,0,0,0,0,1,0,0,0 days 01:04:41
1976996,SecondHalf,Iraq,0,0,0,0,0,0,1,0,0,0 days 01:04:43
1976996,SecondHalf,Iraq,0,0,0,0,0,0,1,0,0,0 days 01:04:47
1976996,SecondHalf,Senegal,0,1,0,0,0,0,0,0,0,0 days 01:04:51
1976996,SecondHalf,Senegal,0,0,0,0,0,0,1,0,0,0 days 01:04:52
1976996,SecondHalf,Senegal,0,0,0,0,0,0,1,0,0,0 days 01:04:56
1976996,SecondHalf,Senegal,0,0,0,0,0,0,1,0,0,0 days 01:04:58
1976996,SecondHalf,Senegal,0,0,0,0,0,0,1,0,0,0 days 01:05:01
1976996,SecondHalf,Senegal,0,0,0,0,0,0,1,0,0,0 days 01:05:02
1976996,SecondHalf,Senegal,0,0,0,0,0,0,1,0,0,0 days 01:05:07
1976996,SecondHalf,Senegal,0,0,0,0,0,0,1,0,0,0 days 01:05:10
1976996,SecondHalf,Senegal,0,0,0,0,0,0,1,0,0,0 days 01:05:15
1976996,SecondHalf,Senegal,0,0,0,0,0,0,1,0,0,0 days 01:05:16
1976996,SecondHalf,Senegal,0,0,0,0,0,0,1,0,0,0 days 01:05:17
1976996,SecondHalf,Senegal,0,0,0,0,0,0,1,0,0,0 days 01:05:20
1976996,SecondHalf,Iraq,0,0,0,0,0,0,0,0,0,0 days 01:05:21
1976996,SecondHalf,Iraq,0,0,0,0,0,0,0,0,0,0 days 01:05:23
1976996,SecondHalf,Iraq,0,0,0,0,0,0,1,0,0,0 days 01:05:28
1976996,SecondHalf,Iraq,0,0,0,0,0,0,1,0,0,0 days 01:05:29
1976996,SecondHalf,Iraq,0,0,0,0,0,0,1,0,0,0 days 01:05:35
1976996,SecondHalf,Iraq,0,0,0,0,0,0,1,0,0,0 days 01:05:39
1976996,SecondHalf,Iraq,0,0,0,0,0,0,1,0,0,0 days 01:05:41
1976996,SecondHalf,Iraq,0,0,0,0,0,0,1,0,0,0 days 01:05:46
1976996,SecondHalf,Iraq,0,0,0,0,0,0,1,0,0,0 days 01:05:48
1976996,SecondHalf,Iraq,0,0,0,0,0,0,1,0,0,0 days 01:05:52
1976996,SecondHalf,Iraq,0,0,0,0,0,0,1,0,0,0 days 01:05:56
1976996,SecondHalf,Iraq,0,0,0,0,0,0,1,0,0,0 days 01:05:57
1976996,SecondHalf,Iraq,0,0,0,0,0,0,1,0,0,0 days 01:05:59
1976996,SecondHalf,Iraq,0,0,0,0,0,0,1,0,0,0 days 01:06:03
1976996,SecondHalf,Iraq,0,0,0,0,0,0,1,0,0,0 days 01:06:07
1976996,SecondHalf,Iraq,0,0,0,0,0,0,1,0,0,0 days 01:06:10
1976996,SecondHalf,Iraq,0,0,0,0,1,0,0,0,0,0 days 01:06:14
1976996,SecondHalf,Senegal,0,0,0,0,1,0,0,0,0,0 days 01:06:14
1976996,SecondHalf,Iraq,0,0,0,0,0,0,0,0,0,0 days 01:06:43
1976996,SecondHalf,Iraq,0,0,0,0,0,0,0,0,0,0 days 01:06:43
1976997,SecondHalf,Iraq,0,0,0,0,0,0,0,0,0,0 days 00:57:01
1976997,SecondHalf,Iraq,0,0,0,0,0,0,0,0,0,0 days 00:58:25
1976997,SecondHalf,Iraq,0,0,0,0,0,0,0,0,0,0 days 00:58:25
1976997,SecondHalf,Iraq,0,0,0,0,0,0,0,0,0,0 days 00:58:38
1976997,SecondHalf,Iraq,0,0,0,0,0,0,0,0,0,0 days 00:58:38
1976997,SecondHalf,Iraq,0,0,0,0,0,0,0,0,0,0 days 00:58:39
1976997,SecondHalf,Norway,0,0,0,0,0,0,1,0,0,0 days 00:58:49
1976997,SecondHalf,Norway,0,0,0,0,0,0,1,0,0,0 days 00:58:52
1976997,SecondHalf,Norway,0,0,0,0,0,0,1,0,0,0 days 00:58:56
1976997,SecondHalf,Norway,0,0,0,0,0,0,1,0,0,0 days 00:58:59
1976997,SecondHalf,Norway,0,0,0,0,0,0,1,0,0,0 days 00:59:01
1976997,SecondHalf,Norway,0,0,0,0,0,0,1,0,0,0 days 00:59:04
1976997,SecondHalf,Norway,0,0,0,0,0,0,1,0,0,0 days 00:59:07
1976997,SecondHalf,Norway,0,0,0,0,0,0,1,0,0,0 days 00:59:10
1976997,SecondHalf,Norway,0,0,0,0,0,0,1,0,0,0 days 00:59:13
1976997,SecondHalf,Norway,0,0,0,0,0,0,1,0,0,0 days 00:59:16
1976997,SecondHalf,Norway,0,0,0,0,0,0,1,0,0,0 days 00:59:22
1976997,SecondHalf,Norway,0,0,0,0,0,0,1,0,0,0 days 00:59:24
1976997,SecondHalf,Norway,0,0,0,0,0,0,1,0,0,0 days 00:59:30
1976997,SecondHalf,Norway,0,0,0,0,0,0,1,0,0,0 days 00:59:33
1976997,SecondHalf,Norway,0,0,0,0,0,0,1,0,0,0 days 00:59:36
1976997,SecondHalf,Norway,0,0,0,0,0,0,1,0,0,0 days 00:59:39
1976997,SecondHalf,Norway,0,0,0,0,0,0,1,0,0,0 days 00:59:48
1976997,SecondHalf,Norway,0,0,0,0,0,0,1,0,0,0 days 00:59:54
1976997,SecondHalf,Norway,0,0,0,0,0,0,1,0,0,0 days 00:59:56
1976997,SecondHalf,Norway,0,0,0,0,0,0,1,0,0,0 days 00:59:59
1976997,SecondHalf,Iraq,0,0,1,0,0,0,0,0,0,0 days 01:00:01
1976997,SecondHalf,Iraq,0,1,0,0,0,0,0,0,0,0 days 01:00:02
1976997,SecondHalf,Iraq,0,0,0,0,0,0,1,0,0,0 days 01:00:03
1976997,SecondHalf,Iraq,0,0,0,0,0,0,1,0,0,0 days 01:00:07
1976997,SecondHalf,Norway,0,0,1,0,0,0,0,0,0,0 days 01:00:09
1976997,SecondHalf,Iraq,0,0,0,0,0,0,1,0,0,0 days 01:00:13
1976997,SecondHalf,Iraq,0,0,0,0,0,0,1,0,0,0 days 01:00:14
1976997,SecondHalf,Norway,0,0,0,0,0,0,0,1,0,0 days 01:00:17
1976997,SecondHalf,Iraq,0,0,0,0,0,0,0,0,1,0 days 01:00:17
1976997,SecondHalf,Iraq,0,0,0,0,0,0,1,0,0,0 days 01:00:49
1976997,SecondHalf,Iraq,0,0,0,0,0,0,1,0,0,0 days 01:00:50
1976997,SecondHalf,Iraq,0,0,0,0,0,0,1,0,0,0 days 01:00:51
1976997,SecondHalf,Norway,0,1,0,0,0,0,0,0,0,0 days 01:00:52
1976997,SecondHalf,Norway,0,0,0,0,0,0,1,0,0,0 days 01:00:53
1976997,SecondHalf,Iraq,0,1,0,0,0,0,0,0,0,0 days 01:00:57
1976997,SecondHalf,Iraq,0,0,0,0,0,0,1,0,0,0 days 01:01:00
1976997,SecondHalf,Iraq,0,0,0,0,0,0,1,0,0,0 days 01:01:03
1976997,SecondHalf,Iraq,0,0,0,0,0,0,1,0,0,0 days 01:01:05
1976997,SecondHalf,Iraq,0,0,0,0,0,0,1,0,0,0 days 01:01:11
1976997,SecondHalf,Iraq,0,0,0,0,0,0,1,0,0,0 days 01:01:17
1976997,SecondHalf,Iraq,0,0,0,0,0,0,0,0,0,0 days 01:01:22
1976997,SecondHalf,Norway,0,1,0,0,0,0,0,0,0,0 days 01:01:24
1976997,SecondHalf,Norway,0,0,0,0,0,0,1,0,0,0 days 01:01:24
1976997,SecondHalf,Norway,0,0,0,0,0,0,1,0,0,0 days 01:01:29
1976997,SecondHalf,Norway,0,0,0,0,0,0,1,0,0,0 days 01:01:32
1976997,SecondHalf,Norway,0,0,0,0,0,0,1,0,0,0 days 01:01:33
1976997,SecondHalf,Norway,0,0,0,0,0,0,0,0,0,0 days 01:01:36
1976997,SecondHalf,Iraq,0,0,0,0,0,0,1,0,0,0 days 01:01:40
1976997,SecondHalf,Iraq,0,0,0,0,0,0,1,0,0,0 days 01:01:46
1976997,SecondHalf,Iraq,0,0,0,0,0,0,1,0,0,0 days 01:01:47
1976997,SecondHalf,Iraq,0,0,0,0,0,0,1,0,0,0 days 01:01:49
1976997,SecondHalf,Iraq,0,0,0,0,0,0,1,0,0,0 days 01:01:52
1976997,SecondHalf,Iraq,0,0,0,0,0,0,1,0,0,0 days 01:01:54
1976997,SecondHalf,Iraq,0,0,0,0,0,0,1,0,0,0 days 01:01:58
1976997,SecondHalf,Iraq,0,0,0,0,0,0,1,0,0,0 days 01:02:05
1976997,SecondHalf,Iraq,0,0,0,0,0,0,1,0,0,0 days 01:02:09
1976997,SecondHalf,Iraq,0,0,0,0,0,0,1,0,0,0 days 01:02:12
1976997,SecondHalf,Iraq,0,0,0,0,0,0,1,0,0,0 days 01:02:17
1976997,SecondHalf,Norway,0,0,0,0,0,1,0,0,0,0 days 01:02:18
1976997,SecondHalf,Iraq,0,0,0,0,0,0,0,0,0,0 days 01:02:20
1976997,SecondHalf,Iraq,0,0,0,0,0,0,1,0,0,0 days 01:02:22
1976997,SecondHalf,Iraq,0,0,0,0,0,0,1,0,0,0 days 01:02:24
1976997,SecondHalf,Iraq,0,0,0,0,0,0,1,0,0,0 days 01:02:28
1976997,SecondHalf,Iraq,1,0,0,0,0,0,0,0,0,0 days 01:02:30
1976997,SecondHalf,Norway,0,0,0,0,0,0,1,0,0,0 days 01:02:48
1976997,SecondHalf,Norway,0,0,0,0,0,0,1,0,0,0 days 01:03:00
1976997,SecondHalf,Norway,0,0,0,0,1,0,0,0,0,0 days 01:03:04
1976997,SecondHalf,Iraq,0,0,0,0,1,0,0,0,0,0 days 01:03:04
1976997,SecondHalf,Iraq,0,0,0,0,0,0,1,0,0,0 days 01:03:13
1976997,SecondHalf,Iraq,0,0,0,0,0,0,1,0,0,0 days 01:03:14
1976997,SecondHalf,Iraq,0,0,0,0,0,0,1,0,0,0 days 01:03:17
1976997,SecondHalf,Iraq,0,0,0,0,0,0,1,0,0,0 days 01:03:19
1976997,SecondHalf,Iraq,0,0,0,0,0,0,1,0,0,0 days 01:03:20
1976997,SecondHalf,Iraq,0,0,0,0,0,0,0,0,1,0 days 01:03:25
1976997,SecondHalf,Norway,0,0,0,0,0,0,0,0,0,0 days 01:03:25
1976997,SecondHalf,Iraq,0,0,0,0,0,0,1,0,0,0 days 01:03:27
1976997,SecondHalf,Iraq,0,0,0,0,0,0,1,0,0,0 days 01:03:29
1976997,SecondHalf,Iraq,0,0,0,0,0,0,1,0,0,0 days 01:03:33
1976997,SecondHalf,Iraq,0,0,0,0,0,0,1,0,0,0 days 01:03:37
1976997,SecondHalf,Iraq,0,0,0,0,0,0,1,0,0,0 days 01:03:40
1976997,SecondHalf,Iraq,0,0,0,0,0,0,1,0,0,0 days 01:03:41
1976997,SecondHalf,Iraq,0,0,0,0,0,0,1,0,0,0 days 01:03:44
1976997,SecondHalf,Norway,0,0,1,0,0,0,0,0,0,0 days 01:03:45
1976997,SecondHalf,Iraq,0,0,0,0,0,0,0,0,0,0 days 01:03:48
1976997,SecondHalf,Iraq,0,0,0,0,0,0,1,0,0,0 days 01:03:49
1976997,SecondHalf,Iraq,0,0,0,0,0,0,0,0,0,0 days 01:03:51
1976997,SecondHalf,Norway,0,0,0,0,0,0,1,0,0,0 days 01:04:23
1976997,SecondHalf,Norway,0,0,0,0,0,0,1,0,0,0 days 01:04:29
1976997,SecondHalf,Norway,0,0,0,0,0,0,1,0,0,0 days 01:04:34
1976997,SecondHalf,Norway,0,0,0,0,0,0,1,0,0,0 days 01:04:36
1976997,SecondHalf,Norway,0,0,0,0,0,0,1,0,0,0 days 01:04:38
1976997,SecondHalf,Norway,0,0,0,0,0,0,1,0,0,0 days 01:04:40
1976997,SecondHalf,Norway,0,0,0,0,0,0,1,0,0,0 days 01:04:41
1976997,SecondHalf,Norway,0,0,0,0,0,0,1,0,0,0 days 01:04:43
1976997,SecondHalf,Iraq,0,0,0,0,0,0,0,0,0,0 days 01:04:43
1976997,SecondHalf,Norway,0,0,0,0,0,0,1,0,0,0 days 01:04:56
1976997,SecondHalf,Norway,0,0,0,0,0,0,1,0,0,0 days 01:04:57
1976997,SecondHalf,Norway,0,0,0,0,0,0,1,0,0,0 days 01:05:03
1976997,SecondHalf,Norway,0,0,0,0,0,0,1,0,0,0 days 01:05:05
1976997,SecondHalf,Iraq,0,0,1,0,0,0,0,0,0,0 days 01:05:05
1976997,SecondHalf,Norway,0,0,0,0,0,0,0,0,0,0 days 01:05:06
1976997,SecondHalf,Iraq,0,0,0,0,0,0,0,0,0,0 days 01:05:06
1976997,SecondHalf,Norway,0,0,0,0,0,0,1,0,0,0 days 01:06:13
1976997,SecondHalf,Norway,0,0,0,0,0,0,1,0,0,0 days 01:06:14
1976997,SecondHalf,Norway,0,0,0,0,0,0,1,0,0,0 days 01:06:15
1976997,SecondHalf,Iraq,0,0,1,0,0,0,0,0,0,0 days 01:06:17
1976997,SecondHalf,Norway,0,0,0,0,0,0,0,0,1,0 days 01:06:25
1976997,SecondHalf,Iraq,0,0,0,0,0,0,0,1,0,0 days 01:06:25
1976997,SecondHalf,Iraq,0,1,0,0,0,0,0,0,0,0 days 01:06:26
1976997,SecondHalf,Iraq,0,0,0,0,0,0,1,0,0,0 days 01:06:29
1976997,SecondHalf,Norway,0,0,0,0,0,0,1,0,0,0 days 01:06:33
1976997,SecondHalf,Norway,0,1,0,0,0,0,0,0,0,0 days 01:06:37
1976997,SecondHalf,Norway,0,0,0,0,0,0,1,0,0,0 days 01:06:38
1976997,SecondHalf,Norway,0,0,0,0,0,0,1,0,0,0 days 01:06:44
1976997,SecondHalf,Norway,0,0,0,0,0,0,1,0,0,0 days 01:06:47
1976997,SecondHalf,Norway,0,0,0,0,0,0,1,0,0,0 days 01:06:51
1976997,SecondHalf,Norway,0,0,0,0,0,0,1,0,0,0 days 01:06:53
1976997,SecondHalf,Norway,0,0,0,0,0,0,1,0,0,0 days 01:06:58
1988523,SecondHalf,Canada,0,0,0,0,0,0,0,0,0,0 days 00:58:05
1988523,SecondHalf,Canada,0,0,0,0,0,0,0,0,0,0 days 00:58:05
1988523,SecondHalf,Canada,0,0,0,0,0,0,0,0,0,0 days 00:58:06
1988523,SecondHalf,Canada,0,0,0,0,0,0,0,0,0,0 days 00:58:06
1988523,SecondHalf,Canada,0,0,0,0,0,0,1,0,0,0 days 00:58:51
1988523,SecondHalf,South Africa,0,0,1,0,0,0,0,0,0,0 days 00:58:54
1988523,SecondHalf,South Africa,0,1,0,0,0,0,0,0,0,0 days 00:58:57
1988523,SecondHalf,South Africa,0,0,0,0,0,0,1,0,0,0 days 00:58:59
1988523,SecondHalf,Canada,0,0,0,0,0,0,0,0,0,0 days 00:58:59
1988523,SecondHalf,Canada,0,0,0,0,0,0,1,0,0,0 days 00:59:00
1988523,SecondHalf,Canada,0,0,0,0,0,0,1,0,0,0 days 00:59:00
1988523,SecondHalf,Canada,0,1,0,0,0,0,0,0,0,0 days 00:59:00
1988523,SecondHalf,Canada,0,0,0,0,0,0,1,0,0,0 days 00:59:02
1988523,SecondHalf,Canada,0,0,0,0,0,0,1,0,0,0 days 00:59:05
1988523,SecondHalf,Canada,0,0,0,0,0,0,1,0,0,0 days 00:59:11
1988523,SecondHalf,Canada,0,0,0,0,0,0,1,0,0,0 days 00:59:12
1988523,SecondHalf,South Africa,0,0,0,0,0,0,0,1,0,0 days 00:59:15
1988523,SecondHalf,Canada,0,0,0,1,0,0,0,0,0,0 days 00:59:15
1988523,SecondHalf,Canada,0,0,0,0,0,0,0,0,0,0 days 00:59:16
1988523,SecondHalf,Canada,0,0,0,0,0,0,0,0,0,0 days 00:59:18
1988523,SecondHalf,South Africa,0,0,1,0,0,0,0,0,0,0 days 00:59:18
1988523,SecondHalf,South Africa,0,0,0,0,0,0,0,0,0,0 days 00:59:18
1988523,SecondHalf,Canada,0,0,0,0,0,0,1,0,0,0 days 00:59:20
1988523,SecondHalf,Canada,0,0,0,0,0,0,1,0,0,0 days 00:59:23
1988523,SecondHalf,South Africa,0,0,1,0,0,0,0,0,0,0 days 00:59:24
1988523,SecondHalf,South Africa,0,1,0,0,0,0,0,0,0,0 days 00:59:25
1988523,SecondHalf,South Africa,0,0,0,0,0,0,1,0,0,0 days 00:59:26
1988523,SecondHalf,South Africa,0,0,0,0,0,0,1,0,0,0 days 00:59:54
1988523,SecondHalf,South Africa,0,0,0,0,0,0,1,0,0,0 days 00:59:56
1988523,SecondHalf,South Africa,0,0,0,0,0,0,1,0,0,0 days 00:59:59
1988523,SecondHalf,South Africa,0,0,0,0,0,0,1,0,0,0 days 01:00:03
1988523,SecondHalf,South Africa,0,0,0,0,0,0,1,0,0,0 days 01:00:25
1988523,SecondHalf,Canada,0,0,0,0,0,0,1,0,0,0 days 01:00:29
1988523,SecondHalf,Canada,0,0,0,0,0,0,1,0,0,0 days 01:00:30
1988523,SecondHalf,Canada,0,0,0,0,0,0,1,0,0,0 days 01:00:31
1988523,SecondHalf,Canada,0,0,0,0,0,0,1,0,0,0 days 01:00:37
1988523,SecondHalf,Canada,0,0,0,0,0,0,0,0,1,0 days 01:00:38
1988523,SecondHalf,South Africa,0,0,0,0,0,0,0,1,0,0 days 01:00:38
1988523,SecondHalf,Canada,0,0,0,0,0,0,0,1,0,0 days 01:00:39
1988523,SecondHalf,South Africa,0,0,0,1,0,0,0,0,0,0 days 01:00:39
1988523,SecondHalf,South Africa,0,0,0,0,0,0,1,0,0,0 days 01:00:49
1988523,SecondHalf,South Africa,0,0,0,0,0,0,1,0,0,0 days 01:00:50
1988523,SecondHalf,South Africa,0,0,0,0,0,0,1,0,0,0 days 01:00:54
1988523,SecondHalf,South Africa,0,0,0,0,0,0,1,0,0,0 days 01:00:57
1988523,SecondHalf,Canada,0,0,0,0,0,0,0,1,0,0 days 01:00:59
1988523,SecondHalf,South Africa,0,0,0,1,0,0,0,0,0,0 days 01:00:59
1988523,SecondHalf,South Africa,0,0,0,0,0,0,1,0,0,0 days 01:01:05
1988523,SecondHalf,South Africa,0,0,0,0,0,0,1,0,0,0 days 01:01:06
1988523,SecondHalf,South Africa,0,0,0,0,0,0,1,0,0,0 days 01:01:10
1988523,SecondHalf,South Africa,0,0,0,0,0,0,1,0,0,0 days 01:01:17
1988523,SecondHalf,Canada,0,0,0,0,0,0,0,0,0,0 days 01:01:21
1988523,SecondHalf,South Africa,0,0,0,0,0,0,0,0,0,0 days 01:01:21
1988523,SecondHalf,Canada,0,0,1,0,0,0,0,0,0,0 days 01:01:22
1988523,SecondHalf,South Africa,0,0,0,0,0,0,1,0,0,0 days 01:01:23
1988523,SecondHalf,South Africa,0,0,0,0,0,0,1,0,0,0 days 01:01:29
1988523,SecondHalf,South Africa,0,0,0,0,0,0,1,0,0,0 days 01:01:31
1988523,SecondHalf,South Africa,0,0,0,0,0,0,1,0,0,0 days 01:01:33
1988523,SecondHalf,South Africa,0,0,0,0,0,0,1,0,0,0 days 01:01:37
1988523,SecondHalf,South Africa,0,0,0,0,0,0,1,0,0,0 days 01:01:39
1988523,SecondHalf,South Africa,0,0,0,0,0,0,0,0,0,0 days 01:01:40
1988523,SecondHalf,Canada,0,0,0,0,0,0,0,0,0,0 days 01:01:41
1988523,SecondHalf,South Africa,1,0,0,0,0,0,0,0,0,0 days 01:01:44
1988523,SecondHalf,Canada,0,0,0,0,0,0,1,0,0,0 days 01:02:03
1988523,SecondHalf,Canada,0,0,0,0,0,0,1,0,0,0 days 01:02:04
1988523,SecondHalf,Canada,0,0,0,0,0,0,1,0,0,0 days 01:02:06
1988523,SecondHalf,South Africa,0,1,0,0,0,0,0,0,0,0 days 01:02:08
1988523,SecondHalf,South Africa,0,0,0,0,0,0,1,0,0,0 days 01:02:09
1988523,SecondHalf,South Africa,0,0,0,0,0,0,1,0,0,0 days 01:02:10
1988523,SecondHalf,South Africa,0,0,0,0,0,0,1,0,0,0 days 01:02:12
1988523,SecondHalf,South Africa,0,0,0,0,0,0,1,0,0,0 days 01:02:15
1988523,SecondHalf,South Africa,0,0,0,0,0,0,1,0,0,0 days 01:02:16
1988523,SecondHalf,South Africa,0,0,0,0,0,0,1,0,0,0 days 01:02:18
1988523,SecondHalf,South Africa,0,0,0,0,0,0,0,0,1,0 days 01:02:20
1988523,SecondHalf,Canada,0,0,0,0,0,0,0,1,0,0 days 01:02:20
1988523,SecondHalf,South Africa,0,0,0,0,0,0,1,0,0,0 days 01:02:29
1988523,SecondHalf,South Africa,0,0,0,0,0,0,1,0,0,0 days 01:02:33
1988523,SecondHalf,South Africa,0,0,0,0,0,0,1,0,0,0 days 01:02:35
1988523,SecondHalf,South Africa,0,0,0,0,0,0,1,0,0,0 days 01:02:39
1988523,SecondHalf,South Africa,0,0,0,0,0,0,0,0,0,0 days 01:02:44
1988523,SecondHalf,Canada,0,1,0,0,0,0,0,0,0,0 days 01:02:45
1988523,SecondHalf,Canada,0,0,0,0,0,0,1,0,0,0 days 01:02:45
1988523,SecondHalf,Canada,0,0,0,0,0,0,1,0,0,0 days 01:02:47
1988523,SecondHalf,Canada,0,0,0,0,0,0,1,0,0,0 days 01:02:50
1988523,SecondHalf,South Africa,0,1,0,0,0,0,0,0,0,0 days 01:02:54
1988523,SecondHalf,South Africa,0,0,0,0,0,0,0,0,0,0 days 01:02:56
1988523,SecondHalf,Canada,0,0,0,0,0,0,1,0,0,0 days 01:03:30
1988523,SecondHalf,South Africa,0,0,1,0,0,0,0,0,0,0 days 01:03:33
1988523,SecondHalf,Canada,0,0,0,0,0,0,1,0,0,0 days 01:03:35
1988523,SecondHalf,Canada,0,0,0,0,0,0,1,0,0,0 days 01:03:38
1988523,SecondHalf,South Africa,0,0,0,0,0,0,0,0,0,0 days 01:03:41
1988523,SecondHalf,South Africa,0,0,0,0,0,0,1,0,0,0 days 01:03:46
1988523,SecondHalf,South Africa,0,0,0,1,0,0,0,0,0,0 days 01:03:52
1988523,SecondHalf,Canada,0,0,0,0,0,0,0,1,0,0 days 01:03:52
1988523,SecondHalf,South Africa,0,0,0,0,0,0,1,0,0,0 days 01:04:00
1988523,SecondHalf,South Africa,0,0,0,0,0,0,1,0,0,0 days 01:04:02
1988523,SecondHalf,Canada,0,1,0,0,0,0,0,0,0,0 days 01:04:04
1988523,SecondHalf,Canada,0,0,0,0,0,0,1,0,0,0 days 01:04:04
1988523,SecondHalf,Canada,0,0,0,0,0,0,1,0,0,0 days 01:04:08
1988523,SecondHalf,Canada,1,0,0,0,0,0,0,0,0,0 days 01:04:11
1988523,SecondHalf,South Africa,0,0,0,0,0,0,0,0,0,0 days 01:04:12
1988523,SecondHalf,South Africa,0,0,1,0,0,0,0,0,0,0 days 01:04:13
1988523,SecondHalf,Canada,0,0,0,0,0,0,0,0,0,0 days 01:04:14
1988523,SecondHalf,South Africa,0,0,0,0,0,0,0,0,0,0 days 01:04:14
1988523,SecondHalf,Canada,0,0,0,0,0,0,1,0,0,0 days 01:05:09
1988523,SecondHalf,Canada,1,0,0,0,0,0,0,0,0,0 days 01:05:11
1988523,SecondHalf,South Africa,0,0,0,0,0,0,1,0,0,0 days 01:05:31
1988523,SecondHalf,South Africa,0,0,0,0,0,0,1,0,0,0 days 01:05:38
1988523,SecondHalf,South Africa,0,0,0,0,0,0,1,0,0,0 days 01:05:42
1988523,SecondHalf,South Africa,0,0,0,0,0,0,1,0,0,0 days 01:05:43
1988523,SecondHalf,South Africa,0,0,0,0,0,0,1,0,0,0 days 01:05:47
1988523,SecondHalf,South Africa,0,0,0,0,0,0,1,0,0,0 days 01:05:49
1988523,SecondHalf,South Africa,0,0,0,0,0,0,1,0,0,0 days 01:05:52
1988523,SecondHalf,South Africa,0,0,0,0,0,0,1,0,0,0 days 01:05:54
1988523,SecondHalf,South Africa,0,0,0,0,0,0,1,0,0,0 days 01:05:58
1988523,SecondHalf,Canada,0,1,0,0,0,0,0,0,0,0 days 01:06:02
1988523,SecondHalf,Canada,0,0,0,0,0,0,1,0,0,0 days 01:06:02
1988523,SecondHalf,Canada,0,0,0,0,0,0,1,0,0,0 days 01:06:09
1988523,SecondHalf,Canada,0,0,0,0,0,0,1,0,0,0 days 01:06:12
1988523,SecondHalf,Canada,0,0,0,0,0,0,1,0,0,0 days 01:06:14
1988523,SecondHalf,Canada,0,0,0,0,0,0,1,0,0,0 days 01:06:17
1988523,SecondHalf,South Africa,0,0,1,0,0,0,0,0,0,0 days 01:06:19
1988523,SecondHalf,Canada,0,0,0,0,0,0,1,0,0,0 days 01:06:20
1988523,SecondHalf,Canada,0,0,0,0,0,0,1,0,0,0 days 01:06:24
1988523,SecondHalf,Canada,0,0,0,0,0,0,1,0,0,0 days 01:06:26
1988523,SecondHalf,South Africa,0,0,0,0,0,0,0,0,0,0 days 01:06:26
1988523,SecondHalf,Canada,0,0,0,0,1,0,0,0,0,0 days 01:06:29
1988523,SecondHalf,South Africa,0,0,0,0,1,0,0,0,0,0 days 01:06:29
1988523,SecondHalf,Canada,0,0,0,0,0,0,0,0,0,0 days 01:06:34
1990729,SecondHalf,Japan,0,0,0,0,0,0,1,0,0,0 days 00:57:01
1990729,SecondHalf,Japan,0,0,0,0,0,0,1,0,0,0 days 00:57:03
1990729,SecondHalf,Japan,0,0,0,0,0,0,1,0,0,0 days 00:57:14
1990729,SecondHalf,Japan,0,0,0,0,0,0,1,0,0,0 days 00:57:18
1990729,SecondHalf,Brazil,0,0,1,0,0,0,0,0,0,0 days 00:57:21
1990729,SecondHalf,Brazil,0,1,0,0,0,0,0,0,0,0 days 00:57:22
1990729,SecondHalf,Brazil,0,0,0,0,0,0,1,0,0,0 days 00:57:23
1990729,SecondHalf,Japan,0,1,0,0,0,0,0,0,0,0 days 00:57:24
1990729,SecondHalf,Japan,0,0,0,0,0,0,1,0,0,0 days 00:57:25
1990729,SecondHalf,Japan,0,0,0,1,0,0,0,0,0,0 days 00:57:25
1990729,SecondHalf,Brazil,0,0,0,0,0,0,0,1,0,0 days 00:57:25
1990729,SecondHalf,Japan,0,0,0,0,0,0,0,0,0,0 days 00:57:25
1990729,SecondHalf,Brazil,0,1,0,0,0,0,0,0,0,0 days 00:57:29
1990729,SecondHalf,Brazil,0,0,0,0,0,0,1,0,0,0 days 00:57:29
1990729,SecondHalf,Brazil,0,0,0,0,0,0,1,0,0,0 days 00:57:33
1990729,SecondHalf,Japan,0,0,0,0,0,0,0,0,0,0 days 00:57:35
1990729,SecondHalf,Brazil,0,0,0,0,0,0,0,0,1,0 days 00:57:35
1990729,SecondHalf,Japan,0,0,0,0,0,0,0,0,0,0 days 00:57:39
1990729,SecondHalf,Brazil,0,0,0,0,0,0,0,0,1,0 days 00:57:39
1990729,SecondHalf,Brazil,0,0,0,0,0,0,0,0,0,0 days 00:57:40
1990729,SecondHalf,Brazil,1,0,0,0,0,0,0,0,0,0 days 00:57:42
1990729,SecondHalf,Japan,0,0,0,0,0,0,0,0,0,0 days 00:57:43
1990729,SecondHalf,Japan,0,0,1,0,0,0,0,0,0,0 days 00:57:44
1990729,SecondHalf,Brazil,1,0,0,0,0,0,0,0,0,0 days 00:57:45
1990729,SecondHalf,Japan,0,0,0,0,0,0,1,0,0,0 days 00:58:18
1990729,SecondHalf,Japan,0,0,0,0,0,0,1,0,0,0 days 00:58:23
1990729,SecondHalf,Brazil,0,0,0,0,0,0,1,0,0,0 days 00:58:25
1990729,SecondHalf,Japan,0,0,0,0,0,0,1,0,0,0 days 00:58:40
1990729,SecondHalf,Japan,0,0,0,0,0,0,0,0,0,0 days 00:58:43
1990729,SecondHalf,Brazil,0,0,0,0,0,0,0,0,0,0 days 00:58:43
1990729,SecondHalf,Brazil,0,0,0,0,0,0,0,0,0,0 days 00:58:43
1990729,SecondHalf,Japan,0,0,0,0,0,0,1,0,0,0 days 00:58:43
1990729,SecondHalf,Japan,0,0,0,0,0,0,1,0,0,0 days 00:58:46
1990729,SecondHalf,Japan,0,0,0,0,0,0,1,0,0,0 days 00:58:47
1990729,SecondHalf,Japan,0,0,0,0,0,0,1,0,0,0 days 00:58:51
1990729,SecondHalf,Japan,0,0,0,0,0,0,1,0,0,0 days 00:58:54
1990729,SecondHalf,Japan,0,0,0,0,0,0,0,0,0,0 days 00:58:55
1990729,SecondHalf,Japan,0,0,0,0,0,0,0,0,0,0 days 00:58:57
1990729,SecondHalf,Brazil,0,0,1,0,0,0,0,0,0,0 days 00:58:57
1990729,SecondHalf,Brazil,0,0,0,0,0,0,0,0,0,0 days 00:59:01
1990729,SecondHalf,Brazil,0,0,0,0,0,0,1,0,0,0 days 00:59:05
1990729,SecondHalf,Brazil,0,0,0,0,0,0,1,0,0,0 days 00:59:08
1990729,SecondHalf,Brazil,0,0,0,0,0,0,1,0,0,0 days 00:59:11
1990729,SecondHalf,Brazil,0,0,0,0,0,0,1,0,0,0 days 00:59:12
1990729,SecondHalf,Brazil,0,0,0,0,0,0,1,0,0,0 days 00:59:18
1990729,SecondHalf,Brazil,0,0,0,0,0,0,1,0,0,0 days 00:59:20
1990729,SecondHalf,Brazil,0,0,0,0,0,0,1,0,0,0 days 00:59:23
1990729,SecondHalf,Brazil,0,0,0,0,0,0,1,0,0,0 days 00:59:26
1990729,SecondHalf,Japan,0,0,0,0,0,0,0,0,0,0 days 00:59:26
1990729,SecondHalf,Brazil,0,0,0,0,0,0,1,0,0,0 days 00:59:36
1990729,SecondHalf,Brazil,0,0,0,0,0,0,1,0,0,0 days 00:59:39
1990729,SecondHalf,Brazil,0,0,0,0,0,0,1,0,0,0 days 00:59:40
1990729,SecondHalf,Japan,0,0,0,0,0,0,0,0,0,0 days 00:59:42
1990729,SecondHalf,Brazil,0,0,0,0,0,0,0,0,0,0 days 00:59:42
1990729,SecondHalf,Japan,0,0,0,0,0,0,1,0,0,0 days 00:59:43
1990729,SecondHalf,Brazil,0,0,0,0,1,0,0,0,0,0 days 00:59:48
1990729,SecondHalf,Japan,0,0,0,0,1,0,0,0,0,0 days 00:59:48
1990729,SecondHalf,Brazil,0,0,0,0,0,0,1,0,0,0 days 00:59:58
1990729,SecondHalf,Brazil,0,0,0,0,0,0,1,0,0,0 days 01:00:01
1990729,SecondHalf,Brazil,0,0,0,0,0,0,1,0,0,0 days 01:00:05
1990729,SecondHalf,Brazil,0,0,0,0,0,0,1,0,0,0 days 01:00:07
1990729,SecondHalf,Brazil,0,0,0,0,0,0,1,0,0,0 days 01:00:17
1990729,SecondHalf,Brazil,0,0,0,0,0,0,1,0,0,0 days 01:00:21
1990729,SecondHalf,Brazil,0,0,0,0,0,0,1,0,0,0 days 01:00:25
1990729,SecondHalf,Japan,0,0,0,0,0,0,1,0,0,0 days 01:00:43
1990729,SecondHalf,Japan,0,0,0,0,0,0,1,0,0,0 days 01:00:46
1990729,SecondHalf,Japan,0,0,0,0,0,0,1,0,0,0 days 01:00:49
1990729,SecondHalf,Japan,0,0,0,0,0,0,1,0,0,0 days 01:00:54
1990729,SecondHalf,Japan,0,0,0,0,0,0,1,0,0,0 days 01:01:00
1990729,SecondHalf,Japan,0,0,0,0,0,0,1,0,0,0 days 01:01:04
1990729,SecondHalf,Japan,0,0,0,0,0,0,1,0,0,0 days 01:01:06
1990729,SecondHalf,Japan,0,0,0,0,0,0,1,0,0,0 days 01:01:08
1990729,SecondHalf,Japan,0,0,0,0,0,0,1,0,0,0 days 01:01:10
1990729,SecondHalf,Japan,0,0,0,0,0,0,1,0,0,0 days 01:01:12
1990729,SecondHalf,Japan,0,0,0,0,0,0,1,0,0,0 days 01:01:15
1990729,SecondHalf,Japan,0,0,0,0,0,0,0,0,0,0 days 01:01:22
1990729,SecondHalf,Brazil,0,0,0,0,0,0,0,0,0,0 days 01:01:25
1990729,SecondHalf,Brazil,0,0,0,0,0,0,0,0,0,0 days 01:01:26
1990729,SecondHalf,Brazil,0,0,0,0,0,0,1,0,0,0 days 01:01:28
1990729,SecondHalf,Brazil,0,0,0,0,0,0,1,0,0,0 days 01:01:31
1990729,SecondHalf,Brazil,0,0,0,0,0,0,1,0,0,0 days 01:01:34
1990729,SecondHalf,Brazil,0,0,0,0,0,0,1,0,0,0 days 01:01:37
1990729,SecondHalf,Brazil,0,0,0,0,0,0,1,0,0,0 days 01:01:39
1990729,SecondHalf,Brazil,0,0,0,0,0,0,1,0,0,0 days 01:01:56
1990729,SecondHalf,Japan,0,0,0,0,0,0,0,0,0,0 days 01:01:56
1990729,SecondHalf,Brazil,0,0,0,0,0,0,1,0,0,0 days 01:02:00
1990729,SecondHalf,Brazil,0,0,0,0,0,0,1,0,0,0 days 01:02:03
1990729,SecondHalf,Brazil,0,0,0,0,0,0,1,0,0,0 days 01:02:05
1990729,SecondHalf,Brazil,0,0,0,0,0,0,1,0,0,0 days 01:02:07
1990729,SecondHalf,Brazil,0,0,0,0,0,0,1,0,0,0 days 01:02:09
1990729,SecondHalf,Brazil,0,0,0,0,0,0,1,0,0,0 days 01:02:12
1990729,SecondHalf,Brazil,0,0,0,0,0,0,1,0,0,0 days 01:02:13
1990729,SecondHalf,Brazil,0,0,0,0,0,0,1,0,0,0 days 01:02:18
1990729,SecondHalf,Brazil,0,0,0,0,0,0,1,0,0,0 days 01:02:20
1990729,SecondHalf,Brazil,0,0,0,0,0,0,1,0,0,0 days 01:02:22
1990729,SecondHalf,Brazil,0,0,0,0,0,0,1,0,0,0 days 01:02:24
1990729,SecondHalf,Brazil,0,0,0,0,0,0,0,0,1,0 days 01:02:24
1990729,SecondHalf,Brazil,0,0,0,0,0,0,0,0,1,0 days 01:02:28
1990729,SecondHalf,Japan,0,0,0,0,0,0,0,0,0,0 days 01:02:28
1990729,SecondHalf,Brazil,0,0,0,0,0,0,1,0,0,0 days 01:02:29
1990729,SecondHalf,Brazil,0,0,0,0,0,0,1,0,0,0 days 01:02:30
1990729,SecondHalf,Brazil,0,0,0,0,0,0,1,0,0,0 days 01:02:33
1990729,SecondHalf,Japan,0,0,0,0,0,0,0,0,0,0 days 01:02:36
1990729,SecondHalf,Japan,0,0,0,0,0,0,1,0,0,0 days 01:02:44
1990729,SecondHalf,Japan,0,0,0,0,0,0,1,0,0,0 days 01:02:49
1990729,SecondHalf,Japan,0,0,0,0,0,0,1,0,0,0 days 01:02:51
1990729,SecondHalf,Japan,0,0,0,0,0,0,1,0,0,0 days 01:02:56
1990729,SecondHalf,Japan,0,0,0,0,0,0,1,0,0,0 days 01:03:01
1990729,SecondHalf,Japan,0,0,0,0,0,0,1,0,0,0 days 01:03:02
1990729,SecondHalf,Japan,0,0,0,0,0,0,1,0,0,0 days 01:03:04
1990729,SecondHalf,Japan,0,0,0,0,0,0,1,0,0,0 days 01:03:13
1990729,SecondHalf,Japan,0,0,0,0,0,0,1,0,0,0 days 01:03:15
1990729,SecondHalf,Japan,0,0,0,0,0,0,1,0,0,0 days 01:03:18
1990729,SecondHalf,Japan,0,0,0,0,0,0,1,0,0,0 days 01:03:23
1990729,SecondHalf,Japan,1,0,0,0,0,0,0,0,0,0 days 01:03:30
1990729,SecondHalf,Brazil,0,0,0,0,0,0,0,0,0,0 days 01:03:30
1990729,SecondHalf,Brazil,0,0,0,0,0,0,0,0,0,0 days 01:03:34
1990729,SecondHalf,Brazil,0,0,0,0,0,0,1,0,0,0 days 01:03:42
1990729,SecondHalf,Brazil,0,0,0,0,0,0,1,0,0,0 days 01:03:47
1990729,SecondHalf,Brazil,0,0,0,0,0,0,1,0,0,0 days 01:03:50
1990729,SecondHalf,Brazil,0,0,0,0,0,0,1,0,0,0 days 01:03:53
1990729,SecondHalf,Brazil,0,0,0,0,0,0,1,0,0,0 days 01:03:57
1990729,SecondHalf,Brazil,0,0,0,0,0,0,1,0,0,0 days 01:03:59
1990729,SecondHalf,Brazil,0,0,0,0,0,0,1,0,0,0 days 01:04:01
1990729,SecondHalf,Brazil,0,0,0,0,0,0,1,0,0,0 days 01:04:03
1990729,SecondHalf,Japan,0,0,0,0,0,0,0,0,0,0 days 01:04:03
1990729,SecondHalf,Brazil,0,0,0,0,0,0,1,0,0,0 days 01:04:08
1990729,SecondHalf,Brazil,0,0,0,0,0,0,1,0,0,0 days 01:04:10
1990729,SecondHalf,Brazil,0,0,0,0,0,0,1,0,0,0 days 01:04:16
1990729,SecondHalf,Brazil,0,0,0,0,0,0,1,0,0,0 days 01:04:19
1990729,SecondHalf,Brazil,0,0,0,0,0,0,1,0,0,0 days 01:04:23
1990729,SecondHalf,Brazil,0,0,0,0,0,0,1,0,0,0 days 01:04:26
1990729,SecondHalf,Brazil,0,0,0,0,0,0,1,0,0,0 days 01:04:28
1990729,SecondHalf,Brazil,0,0,0,0,0,0,1,0,0,0 days 01:04:32
1990729,SecondHalf,Brazil,0,0,0,0,0,0,1,0,0,0 days 01:04:35
1990729,SecondHalf,Brazil,0,0,0,0,0,0,1,0,0,0 days 01:04:40
1990729,SecondHalf,Brazil,0,0,0,0,0,0,1,0,0,0 days 01:04:44
1990729,SecondHalf,Brazil,0,0,0,0,0,0,1,0,0,0 days 01:04:47
1990729,SecondHalf,Brazil,0,0,0,0,0,0,1,0,0,0 days 01:04:50
1990729,SecondHalf,Brazil,0,0,0,0,0,0,1,0,0,0 days 01:04:52
1990729,SecondHalf,Japan,0,0,1,0,0,0,0,0,0,0 days 01:04:54
1990729,SecondHalf,Brazil,0,0,0,0,0,0,0,0,0,0 days 01:05:13
1990729,SecondHalf,Brazil,0,0,0,0,0,0,0,0,0,0 days 01:05:13
1990729,SecondHalf,Brazil,0,0,0,0,0,0,0,0,0,0 days 01:05:14
1990729,SecondHalf,Japan,0,0,0,0,0,0,0,0,0,0 days 01:05:30
1990729,SecondHalf,Japan,0,0,0,0,0,0,0,0,0,0 days 01:05:30
1990729,SecondHalf,Japan,0,0,0,0,0,0,0,0,0,0 days 01:05:39
1990729,SecondHalf,Japan,0,0,0,0,0,0,0,0,0,0 days 01:05:39
1990729,SecondHalf,Japan,0,0,0,0,0,0,0,0,0,0 days 01:05:40
1990729,SecondHalf,Brazil,0,0,0,0,0,0,1,0,0,0 days 01:05:46
1990729,SecondHalf,Brazil,0,0,0,0,0,0,1,0,0,0 days 01:05:49
1990729,SecondHalf,Brazil,0,0,0,0,0,0,1,0,0,0 days 01:05:53
1990729,SecondHalf,Brazil,0,0,0,0,0,0,1,0,0,0 days 01:05:55
1990729,SecondHalf,Brazil,0,0,0,0,0,0,1,0,0,0 days 01:05:58
1990729,SecondHalf,Brazil,0,0,0,0,0,0,1,0,0,0 days 01:06:01
1990729,SecondHalf,Brazil,0,0,0,0,0,0,1,0,0,0 days 01:06:03
1990729,SecondHalf,Brazil,0,0,0,0,0,0,1,0,0,0 days 01:06:06
1990729,SecondHalf,Brazil,0,0,0,0,0,0,1,0,0,0 days 01:06:08
1990729,SecondHalf,Brazil,0,0,0,0,0,0,1,0,0,0 days 01:06:11
1990729,SecondHalf,Brazil,0,0,0,0,0,0,1,0,0,0 days 01:06:14
1990729,SecondHalf,Brazil,0,0,0,0,0,0,1,0,0,0 days 01:06:15
1990729,SecondHalf,Brazil,0,0,0,0,0,0,1,0,0,0 days 01:06:17
1990729,SecondHalf,Brazil,0,0,0,0,0,0,1,0,0,0 days 01:06:19
1990729,SecondHalf,Brazil,0,0,0,0,0,0,1,0,0,0 days 01:06:22
1990729,SecondHalf,Brazil,0,0,0,0,0,0,1,0,0,0 days 01:06:25
1990729,SecondHalf,Brazil,0,0,0,0,0,0,1,0,0,0 days 01:06:28
1990729,SecondHalf,Brazil,0,0,0,0,0,0,1,0,0,0 days 01:06:31
1990729,SecondHalf,Japan,0,0,1,0,0,0,0,0,0,0 days 01:06:33
1990729,SecondHalf,Brazil,0,0,0,0,0,0,1,0,0,0 days 01:06:40
1990729,SecondHalf,Brazil,0,0,0,0,0,0,1,0,0,0 days 01:06:43
1990729,SecondHalf,Brazil,0,0,0,0,0,0,1,0,0,0 days 01:06:47
1990729,SecondHalf,Brazil,0,0,0,0,0,0,1,0,0,0 days 01:06:49
1990729,SecondHalf,Brazil,0,0,0,0,0,0,1,0,0,0 days 01:06:51
1990729,SecondHalf,Brazil,0,0,0,0,0,0,1,0,0,0 days 01:06:53
1990729,SecondHalf,Brazil,0,0,0,0,0,0,1,0,0,0 days 01:06:56
1990729,SecondHalf,Brazil,0,0,0,0,0,0,1,0,0,0 days 01:06:58
1990730,SecondHalf,Bosnia and Herzegovina,0,0,0,0,0,0,1,0,0,0 days 00:57:00
1990730,SecondHalf,Bosnia and Herzegovina,0,0,0,0,0,0,1,0,0,0 days 00:57:04
1990730,SecondHalf,Bosnia and Herzegovina,0,0,0,0,0,0,1,0,0,0 days 00:57:07
1990730,SecondHalf,Bosnia and Herzegovina,0,0,0,0,0,0,1,0,0,0 days 00:57:11
1990730,SecondHalf,USA,0,0,0,0,0,0,1,0,0,0 days 00:57:27
1990730,SecondHalf,USA,0,0,0,0,0,0,1,0,0,0 days 00:57:30
1990730,SecondHalf,USA,0,0,0,0,0,0,1,0,0,0 days 00:57:33
1990730,SecondHalf,USA,0,0,0,0,0,0,1,0,0,0 days 00:57:34
1990730,SecondHalf,USA,0,0,0,0,0,0,0,0,1,0 days 00:57:37
1990730,SecondHalf,Bosnia and Herzegovina,0,0,0,0,0,0,0,1,0,0 days 00:57:37
1990730,SecondHalf,Bosnia and Herzegovina,0,1,0,0,0,0,0,0,0,0 days 00:57:38
1990730,SecondHalf,Bosnia and Herzegovina,0,0,0,0,0,0,1,0,0,0 days 00:57:44
1990730,SecondHalf,Bosnia and Herzegovina,0,0,0,0,0,0,0,0,0,0 days 00:57:45
1990730,SecondHalf,USA,0,0,0,0,0,0,1,0,0,0 days 00:57:46
1990730,SecondHalf,Bosnia and Herzegovina,0,0,0,0,0,0,1,0,0,0 days 00:57:49
1990730,SecondHalf,Bosnia and Herzegovina,0,0,0,0,0,0,1,0,0,0 days 00:57:51
1990730,SecondHalf,Bosnia and Herzegovina,0,0,0,0,0,0,1,0,0,0 days 00:57:54
1990730,SecondHalf,Bosnia and Herzegovina,0,0,0,0,0,0,1,0,0,0 days 00:57:55
1990730,SecondHalf,Bosnia and Herzegovina,0,0,0,0,0,0,1,0,0,0 days 00:57:56
1990730,SecondHalf,Bosnia and Herzegovina,0,0,0,0,0,0,1,0,0,0 days 00:57:58
1990730,SecondHalf,Bosnia and Herzegovina,0,0,0,0,0,0,1,0,0,0 days 00:58:00
1990730,SecondHalf,Bosnia and Herzegovina,0,0,0,0,0,0,1,0,0,0 days 00:58:08
1990730,SecondHalf,Bosnia and Herzegovina,0,0,0,0,0,0,1,0,0,0 days 00:58:09
1990730,SecondHalf,Bosnia and Herzegovina,0,0,0,0,0,0,1,0,0,0 days 00:58:14
1990730,SecondHalf,Bosnia and Herzegovina,0,0,0,0,0,0,1,0,0,0 days 00:58:16
1990730,SecondHalf,Bosnia and Herzegovina,0,0,0,0,0,0,1,0,0,0 days 00:58:19
1990730,SecondHalf,Bosnia and Herzegovina,0,0,0,0,0,0,1,0,0,0 days 00:58:21
1990730,SecondHalf,Bosnia and Herzegovina,0,0,0,0,0,0,1,0,0,0 days 00:58:23
1990730,SecondHalf,Bosnia and Herzegovina,0,0,0,0,0,0,1,0,0,0 days 00:58:26
1990730,SecondHalf,Bosnia and Herzegovina,0,0,0,0,0,0,1,0,0,0 days 00:58:27
1990730,SecondHalf,Bosnia and Herzegovina,0,0,0,0,0,0,1,0,0,0 days 00:58:30
1990730,SecondHalf,Bosnia and Herzegovina,0,0,0,0,0,0,1,0,0,0 days 00:58:32
1990730,SecondHalf,Bosnia and Herzegovina,0,0,0,0,0,0,1,0,0,0 days 00:58:35
1990730,SecondHalf,Bosnia and Herzegovina,0,0,0,0,0,0,1,0,0,0 days 00:58:38
1990730,SecondHalf,Bosnia and Herzegovina,0,0,0,0,0,0,1,0,0,0 days 00:58:40
1990730,SecondHalf,USA,0,0,0,0,0,1,0,0,0,0 days 00:58:42
1990730,SecondHalf,USA,0,0,0,0,0,0,1,0,0,0 days 00:58:43
1990730,SecondHalf,USA,0,1,0,0,0,0,0,0,0,0 days 00:58:45
1990730,SecondHalf,USA,0,0,0,0,0,0,1,0,0,0 days 00:58:47
1990730,SecondHalf,USA,0,0,0,0,0,0,1,0,0,0 days 00:58:49
1990730,SecondHalf,USA,0,0,0,0,0,0,0,0,1,0 days 00:58:55
1990730,SecondHalf,Bosnia and Herzegovina,0,0,0,0,0,0,0,0,0,0 days 00:58:55
1990730,SecondHalf,USA,0,0,0,0,0,0,1,0,0,0 days 00:58:56
1990730,SecondHalf,Bosnia and Herzegovina,0,1,0,0,0,0,0,0,0,0 days 00:58:59
1990730,SecondHalf,Bosnia and Herzegovina,0,0,0,0,0,0,1,0,0,0 days 00:59:01
1990730,SecondHalf,Bosnia and Herzegovina,0,0,0,0,0,0,1,0,0,0 days 00:59:02
1990730,SecondHalf,Bosnia and Herzegovina,0,0,0,0,0,0,1,0,0,0 days 00:59:03
1990730,SecondHalf,Bosnia and Herzegovina,0,0,0,0,0,0,1,0,0,0 days 00:59:08
1990730,SecondHalf,Bosnia and Herzegovina,0,0,0,0,0,0,1,0,0,0 days 00:59:11
1990730,SecondHalf,Bosnia and Herzegovina,0,0,0,0,0,0,1,0,0,0 days 00:59:14
1990730,SecondHalf,Bosnia and Herzegovina,0,0,0,0,0,0,1,0,0,0 days 00:59:20
1990730,SecondHalf,Bosnia and Herzegovina,0,0,0,0,0,0,1,0,0,0 days 00:59:23
1990730,SecondHalf,Bosnia and Herzegovina,0,0,0,0,0,0,1,0,0,0 days 00:59:31
1990730,SecondHalf,Bosnia and Herzegovina,0,0,0,0,0,0,1,0,0,0 days 00:59:33
1990730,SecondHalf,Bosnia and Herzegovina,0,0,0,0,0,0,1,0,0,0 days 00:59:34
1990730,SecondHalf,Bosnia and Herzegovina,0,0,0,0,0,0,1,0,0,0 days 00:59:36
1990730,SecondHalf,Bosnia and Herzegovina,0,0,0,0,0,0,1,0,0,0 days 00:59:38
1990730,SecondHalf,Bosnia and Herzegovina,0,0,0,0,0,0,1,0,0,0 days 00:59:41
1990730,SecondHalf,Bosnia and Herzegovina,0,0,0,0,0,0,1,0,0,0 days 00:59:45
1990730,SecondHalf,Bosnia and Herzegovina,0,0,0,0,0,0,1,0,0,0 days 00:59:48
1990730,SecondHalf,Bosnia and Herzegovina,0,0,0,0,0,0,1,0,0,0 days 00:59:50
1990730,SecondHalf,USA,0,0,0,0,0,0,1,0,0,0 days 00:59:53
1990730,SecondHalf,USA,0,1,0,0,0,0,0,0,0,0 days 00:59:54
1990730,SecondHalf,USA,0,0,0,0,0,0,1,0,0,0 days 00:59:55
1990730,SecondHalf,USA,0,0,0,0,0,0,1,0,0,0 days 00:59:56
1990730,SecondHalf,USA,0,0,0,0,0,0,1,0,0,0 days 00:59:58
1990730,SecondHalf,Bosnia and Herzegovina,0,0,0,0,0,1,0,0,0,0 days 00:59:59
1990730,SecondHalf,Bosnia and Herzegovina,0,1,0,0,0,0,0,0,0,0 days 01:00:00
1990730,SecondHalf,Bosnia and Herzegovina,0,0,0,0,0,0,1,0,0,0 days 01:00:00
1990730,SecondHalf,Bosnia and Herzegovina,0,0,0,0,0,0,1,0,0,0 days 01:00:01
1990730,SecondHalf,Bosnia and Herzegovina,0,0,0,0,0,0,1,0,0,0 days 01:00:02
1990730,SecondHalf,USA,0,0,0,0,0,1,0,0,0,0 days 01:00:03
1990730,SecondHalf,USA,0,1,0,0,0,0,0,0,0,0 days 01:00:04
1990730,SecondHalf,USA,0,0,0,0,0,0,1,0,0,0 days 01:00:06
1990730,SecondHalf,USA,0,0,0,0,0,0,1,0,0,0 days 01:00:11
1990730,SecondHalf,USA,0,0,0,0,0,0,1,0,0,0 days 01:00:13
1990730,SecondHalf,USA,0,0,0,0,0,0,1,0,0,0 days 01:00:15
1990730,SecondHalf,USA,0,0,0,0,0,0,1,0,0,0 days 01:00:18
1990730,SecondHalf,USA,0,0,0,0,0,0,1,0,0,0 days 01:00:20
1990730,SecondHalf,USA,0,0,0,0,0,0,1,0,0,0 days 01:00:23
1990730,SecondHalf,USA,0,0,0,0,0,0,1,0,0,0 days 01:00:25
1990730,SecondHalf,USA,0,0,0,0,0,0,1,0,0,0 days 01:00:28
1990730,SecondHalf,Bosnia and Herzegovina,0,0,0,0,0,1,0,0,0,0 days 01:00:29
1990730,SecondHalf,USA,0,0,0,0,1,0,0,0,0,0 days 01:00:30
1990730,SecondHalf,Bosnia and Herzegovina,0,0,0,0,1,0,0,0,0,0 days 01:00:30
1990730,SecondHalf,USA,0,0,0,0,0,0,0,0,0,0 days 01:03:32
1990730,SecondHalf,USA,0,0,0,0,0,0,0,0,0,0 days 01:03:33
1990730,SecondHalf,Bosnia and Herzegovina,0,0,0,0,0,0,1,0,0,0 days 01:04:35
1990730,SecondHalf,Bosnia and Herzegovina,0,0,0,0,0,0,1,0,0,0 days 01:04:37
1990730,SecondHalf,Bosnia and Herzegovina,0,0,0,0,0,0,1,0,0,0 days 01:04:39
1990730,SecondHalf,Bosnia and Herzegovina,0,0,0,0,0,0,1,0,0,0 days 01:04:43
1990730,SecondHalf,Bosnia and Herzegovina,0,0,0,0,0,0,1,0,0,0 days 01:04:48
1990730,SecondHalf,Bosnia and Herzegovina,0,0,0,0,0,0,1,0,0,0 days 01:04:52
1990730,SecondHalf,Bosnia and Herzegovina,0,0,0,0,0,0,1,0,0,0 days 01:04:54
1990730,SecondHalf,Bosnia and Herzegovina,0,0,0,0,0,0,1,0,0,0 days 01:04:57
1990730,SecondHalf,Bosnia and Herzegovina,0,0,0,0,0,0,1,0,0,0 days 01:05:03
1990730,SecondHalf,USA,0,1,0,0,0,0,0,0,0,0 days 01:05:04
1990730,SecondHalf,USA,0,0,0,0,0,0,1,0,0,0 days 01:05:05
1990730,SecondHalf,USA,0,0,0,0,0,0,0,0,0,0 days 01:05:06
1990730,SecondHalf,Bosnia and Herzegovina,0,0,0,0,0,0,0,0,1,0 days 01:05:07
1990730,SecondHalf,USA,0,0,0,0,0,0,0,0,0,0 days 01:05:07
1990730,SecondHalf,Bosnia and Herzegovina,0,1,0,0,0,0,0,0,0,0 days 01:05:08
1990730,SecondHalf,Bosnia and Herzegovina,0,0,0,0,0,0,1,0,0,0 days 01:05:09
1990730,SecondHalf,Bosnia and Herzegovina,0,0,0,0,0,0,1,0,0,0 days 01:05:12
1990730,SecondHalf,Bosnia and Herzegovina,0,0,0,0,0,0,1,0,0,0 days 01:05:15
1990730,SecondHalf,Bosnia and Herzegovina,0,0,0,0,0,0,0,0,0,0 days 01:05:21
1990730,SecondHalf,Bosnia and Herzegovina,0,0,0,0,0,0,1,0,0,0 days 01:05:24
1990730,SecondHalf,USA,0,0,0,0,0,0,0,0,0,0 days 01:05:25
1990730,SecondHalf,Bosnia and Herzegovina,1,0,0,0,0,0,0,0,0,0 days 01:05:26
1990730,SecondHalf,USA,0,0,0,0,0,0,0,0,0,0 days 01:05:26
1990730,SecondHalf,USA,0,0,0,0,0,0,0,0,0,0 days 01:05:27
1990730,SecondHalf,USA,0,0,0,0,0,0,1,0,0,0 days 01:05:39
1990730,SecondHalf,Bosnia and Herzegovina,0,0,0,0,0,0,0,0,0,0 days 01:05:46
1990730,SecondHalf,Bosnia and Herzegovina,0,0,0,0,0,0,1,0,0,0 days 01:05:49
1990730,SecondHalf,Bosnia and Herzegovina,0,0,0,0,0,0,1,0,0,0 days 01:05:53
1990730,SecondHalf,Bosnia and Herzegovina,0,0,0,0,0,0,1,0,0,0 days 01:05:56
1990730,SecondHalf,Bosnia and Herzegovina,0,0,0,0,0,0,1,0,0,0 days 01:05:58
1990730,SecondHalf,Bosnia and Herzegovina,0,0,0,0,0,0,1,0,0,0 days 01:06:00
1990730,SecondHalf,Bosnia and Herzegovina,0,0,0,0,0,0,1,0,0,0 days 01:06:03
1990730,SecondHalf,Bosnia and Herzegovina,0,0,0,0,0,0,1,0,0,0 days 01:06:07
1990730,SecondHalf,Bosnia and Herzegovina,0,0,0,0,0,0,1,0,0,0 days 01:06:11
1990730,SecondHalf,Bosnia and Herzegovina,0,0,0,0,0,0,1,0,0,0 days 01:06:14
1990730,SecondHalf,Bosnia and Herzegovina,0,0,0,0,0,0,1,0,0,0 days 01:06:17
1990730,SecondHalf,Bosnia and Herzegovina,0,0,0,0,0,0,1,0,0,0 days 01:06:21
1990730,SecondHalf,Bosnia and Herzegovina,0,0,0,0,0,0,1,0,0,0 days 01:06:24
1990730,SecondHalf,Bosnia and Herzegovina,0,0,0,0,0,0,1,0,0,0 days 01:06:29
1990730,SecondHalf,Bosnia and Herzegovina,0,0,0,0,0,0,1,0,0,0 days 01:06:34
1990730,SecondHalf,Bosnia and Herzegovina,0,0,0,0,0,0,1,0,0,0 days 01:06:36
1990730,SecondHalf,Bosnia and Herzegovina,0,0,0,0,0,0,1,0,0,0 days 01:06:39
1990730,SecondHalf,Bosnia and Herzegovina,0,0,0,0,0,0,1,0,0,0 days 01:06:43
1990730,SecondHalf,Bosnia and Herzegovina,0,0,0,0,0,0,1,0,0,0 days 01:06:45
1990730,SecondHalf,Bosnia and Herzegovina,0,0,0,0,0,0,1,0,0,0 days 01:06:51
1990730,SecondHalf,Bosnia and Herzegovina,0,0,0,0,0,0,1,0,0,0 days 01:06:54
1990730,SecondHalf,Bosnia and Herzegovina,0,0,0,0,0,0,1,0,0,0 days 01:06:57
1990731,SecondHalf,Morocco,0,0,0,0,0,0,1,0,0,0 days 00:57:01
1990731,SecondHalf,Morocco,0,0,0,0,0,0,1,0,0,0 days 00:57:03
1990731,SecondHalf,Morocco,0,0,0,0,0,0,1,0,0,0 days 00:57:05
1990731,SecondHalf,Morocco,0,0,0,0,0,0,1,0,0,0 days 00:57:08
1990731,SecondHalf,Morocco,0,0,0,0,0,0,1,0,0,0 days 00:57:09
1990731,SecondHalf,Morocco,0,0,0,0,0,0,1,0,0,0 days 00:57:12
1990731,SecondHalf,Morocco,0,0,0,0,0,0,1,0,0,0 days 00:57:20
1990731,SecondHalf,Netherlands,0,0,1,0,0,0,0,0,0,0 days 00:57:22
1990731,SecondHalf,Netherlands,0,0,0,0,0,0,0,0,0,0 days 00:57:25
1990731,SecondHalf,Morocco,0,0,0,0,0,0,0,0,0,0 days 00:57:25
1990731,SecondHalf,Morocco,0,0,0,0,0,0,1,0,0,0 days 00:57:25
1990731,SecondHalf,Netherlands,0,1,0,0,0,0,0,0,0,0 days 00:57:26
1990731,SecondHalf,Netherlands,0,0,0,0,0,0,1,0,0,0 days 00:57:27
1990731,SecondHalf,Morocco,0,1,0,0,0,0,0,0,0,0 days 00:57:28
1990731,SecondHalf,Netherlands,0,0,0,0,0,0,0,0,0,0 days 00:57:28
1990731,SecondHalf,Morocco,1,0,0,0,0,0,0,0,0,0 days 00:57:31
1990731,SecondHalf,Netherlands,0,0,0,0,0,0,0,0,0,0 days 00:57:32
1990731,SecondHalf,Netherlands,0,0,0,0,0,0,0,0,0,0 days 00:57:34
1990731,SecondHalf,Netherlands,0,0,0,0,0,0,1,0,0,0 days 00:57:45
1990731,SecondHalf,Netherlands,0,0,0,0,0,0,1,0,0,0 days 00:58:03
1990731,SecondHalf,Netherlands,0,0,0,0,0,0,1,0,0,0 days 00:58:08
1990731,SecondHalf,Netherlands,0,0,0,0,0,0,1,0,0,0 days 00:58:14
1990731,SecondHalf,Morocco,0,0,1,0,0,0,0,0,0,0 days 00:58:16
1990731,SecondHalf,Morocco,0,0,0,0,0,0,0,1,0,0 days 00:58:17
1990731,SecondHalf,Netherlands,0,0,0,0,0,0,0,0,1,0 days 00:58:17
1990731,SecondHalf,Netherlands,1,0,0,0,0,0,0,0,0,0 days 00:58:18
1990731,SecondHalf,Morocco,0,0,0,0,0,0,0,0,0,0 days 00:58:18
1990731,SecondHalf,Morocco,0,1,0,0,0,0,0,0,0,0 days 00:58:21
1990731,SecondHalf,Morocco,0,0,0,0,0,0,0,0,1,0 days 00:58:22
1990731,SecondHalf,Netherlands,0,0,0,0,0,0,0,1,0,0 days 00:58:22
1990731,SecondHalf,Netherlands,0,1,0,0,0,0,0,0,0,0 days 00:58:23
1990731,SecondHalf,Netherlands,0,0,0,0,0,0,1,0,0,0 days 00:58:25
1990731,SecondHalf,Netherlands,0,0,0,0,0,0,1,0,0,0 days 00:58:27
1990731,SecondHalf,Netherlands,0,0,0,0,0,0,0,0,0,0 days 00:58:30
1990731,SecondHalf,Morocco,0,0,0,0,0,0,1,0,0,0 days 00:58:42
1990731,SecondHalf,Morocco,0,0,0,0,0,0,1,0,0,0 days 00:58:46
1990731,SecondHalf,Netherlands,0,0,0,0,0,0,0,0,0,0 days 00:58:47
1990731,SecondHalf,Morocco,0,0,0,0,0,0,0,0,0,0 days 00:58:47
1990731,SecondHalf,Morocco,0,0,0,0,0,0,1,0,0,0 days 00:58:48
1990731,SecondHalf,Netherlands,0,0,0,0,1,0,0,0,0,0 days 00:58:50
1990731,SecondHalf,Morocco,0,0,0,0,1,0,0,0,0,0 days 00:58:50
1990731,SecondHalf,Morocco,0,0,0,0,0,0,1,0,0,0 days 00:59:08
1990731,SecondHalf,Morocco,0,0,0,0,0,0,1,0,0,0 days 00:59:10
1990731,SecondHalf,Morocco,0,0,0,0,0,0,1,0,0,0 days 00:59:13
1990731,SecondHalf,Morocco,0,0,0,0,0,0,1,0,0,0 days 00:59:20
1990731,SecondHalf,Morocco,0,0,0,0,0,0,1,0,0,0 days 00:59:23
1990731,SecondHalf,Morocco,0,0,0,0,0,0,1,0,0,0 days 00:59:26
1990731,SecondHalf,Morocco,0,0,0,0,0,0,1,0,0,0 days 00:59:27
1990731,SecondHalf,Morocco,0,0,0,0,0,0,1,0,0,0 days 00:59:30
1990731,SecondHalf,Morocco,0,0,0,0,0,0,1,0,0,0 days 00:59:33
1990731,SecondHalf,Morocco,0,0,0,0,0,0,1,0,0,0 days 00:59:36
1990731,SecondHalf,Morocco,0,0,0,0,0,0,1,0,0,0 days 00:59:38
1990731,SecondHalf,Morocco,0,0,0,0,0,0,1,0,0,0 days 00:59:42
1990731,SecondHalf,Morocco,0,0,0,0,0,0,1,0,0,0 days 00:59:44
1990731,SecondHalf,Morocco,0,0,0,0,0,0,1,0,0,0 days 00:59:46
1990731,SecondHalf,Morocco,0,0,0,0,0,0,1,0,0,0 days 00:59:50
1990731,SecondHalf,Morocco,0,0,0,0,0,0,1,0,0,0 days 00:59:52
1990731,SecondHalf,Morocco,0,0,0,0,0,0,1,0,0,0 days 00:59:54
1990731,SecondHalf,Morocco,0,0,0,0,0,0,1,0,0,0 days 00:59:57
1990731,SecondHalf,Morocco,0,0,0,0,0,0,1,0,0,0 days 00:59:59
1990731,SecondHalf,Morocco,0,0,0,0,0,0,1,0,0,0 days 01:00:02
1990731,SecondHalf,Morocco,0,0,0,0,0,0,1,0,0,0 days 01:00:07
1990731,SecondHalf,Morocco,0,0,0,0,0,0,1,0,0,0 days 01:00:10
1990731,SecondHalf,Morocco,0,0,0,0,0,0,1,0,0,0 days 01:00:14
1990731,SecondHalf,Morocco,0,0,0,0,0,0,1,0,0,0 days 01:00:16
1990731,SecondHalf,Netherlands,0,0,0,0,0,0,0,0,0,0 days 01:00:18
1990731,SecondHalf,Morocco,0,0,0,0,0,0,0,0,1,0 days 01:00:18
1990731,SecondHalf,Morocco,0,0,0,0,0,0,1,0,0,0 days 01:00:24
1990731,SecondHalf,Netherlands,0,0,1,0,0,0,0,0,0,0 days 01:00:25
1990731,SecondHalf,Morocco,0,0,0,0,0,0,0,0,0,0 days 01:00:26
1990731,SecondHalf,Netherlands,0,0,0,0,0,0,0,0,0,0 days 01:00:26
1990731,SecondHalf,Morocco,0,0,0,0,0,0,1,0,0,0 days 01:00:56
1990731,SecondHalf,Morocco,0,0,0,0,0,0,1,0,0,0 days 01:00:58
1990731,SecondHalf,Netherlands,0,0,0,0,0,0,0,0,0,0 days 01:00:59
1990731,SecondHalf,Morocco,0,0,0,0,0,0,0,0,0,0 days 01:01:00
1990731,SecondHalf,Netherlands,0,0,0,0,0,0,0,0,0,0 days 01:01:00
1990731,SecondHalf,Netherlands,0,0,0,0,0,0,0,0,0,0 days 01:01:00
1990731,SecondHalf,Morocco,0,0,0,0,0,0,1,0,0,0 days 01:01:29
1990731,SecondHalf,Netherlands,0,0,1,0,0,0,0,0,0,0 days 01:01:31
1990731,SecondHalf,Morocco,0,0,0,0,0,0,0,0,0,0 days 01:01:32
1990731,SecondHalf,Netherlands,0,0,0,0,0,0,0,0,0,0 days 01:01:32
1990731,SecondHalf,Morocco,0,0,0,0,0,0,1,0,0,0 days 01:01:51
1990731,SecondHalf,Netherlands,0,0,1,0,0,0,0,0,0,0 days 01:01:54
1990731,SecondHalf,Morocco,0,0,0,0,0,0,0,0,0,0 days 01:01:54
1990731,SecondHalf,Netherlands,0,0,0,0,0,0,0,0,0,0 days 01:01:54
1990731,SecondHalf,Morocco,0,0,0,0,0,0,1,0,0,0 days 01:02:15
1990731,SecondHalf,Netherlands,0,0,0,0,0,0,1,0,0,0 days 01:02:36
1990731,SecondHalf,Netherlands,0,0,0,0,0,0,1,0,0,0 days 01:02:37
1990731,SecondHalf,Netherlands,0,0,0,0,0,0,1,0,0,0 days 01:02:39
1990731,SecondHalf,Netherlands,0,0,0,0,0,0,1,0,0,0 days 01:02:41
1990731,SecondHalf,Netherlands,0,0,0,0,0,0,1,0,0,0 days 01:02:45
1990731,SecondHalf,Netherlands,0,0,0,0,0,0,1,0,0,0 days 01:02:48
1990731,SecondHalf,Netherlands,0,0,0,0,0,0,1,0,0,0 days 01:02:52
1990731,SecondHalf,Netherlands,0,0,0,0,0,0,1,0,0,0 days 01:02:53
1990731,SecondHalf,Netherlands,0,0,0,0,0,0,1,0,0,0 days 01:02:55
1990731,SecondHalf,Morocco,0,0,0,0,0,0,0,0,0,0 days 01:02:55
1990731,SecondHalf,Netherlands,0,0,0,0,0,0,1,0,0,0 days 01:03:18
1990731,SecondHalf,Morocco,0,0,0,0,0,1,0,0,0,0 days 01:03:20
1990731,SecondHalf,Netherlands,0,0,0,0,0,0,0,0,0,0 days 01:03:25
1990731,SecondHalf,Morocco,0,0,0,0,0,0,0,0,0,0 days 01:03:25
1990731,SecondHalf,Morocco,0,0,1,0,0,0,0,0,0,0 days 01:03:26
1990731,SecondHalf,Netherlands,0,0,0,0,0,0,1,0,0,0 days 01:03:28
1990731,SecondHalf,Netherlands,0,0,0,0,0,0,1,0,0,0 days 01:03:31
1990731,SecondHalf,Morocco,0,0,0,0,0,0,0,0,0,0 days 01:03:35
1990731,SecondHalf,Morocco,0,0,0,0,0,0,1,0,0,0 days 01:04:10
1990731,SecondHalf,Morocco,0,0,0,0,0,0,0,0,0,0 days 01:04:15
1990731,SecondHalf,Netherlands,0,0,0,0,0,0,0,0,0,0 days 01:04:15
1990731,SecondHalf,Netherlands,0,0,0,0,0,0,1,0,0,0 days 01:04:15
1990731,SecondHalf,Morocco,0,0,0,0,0,0,1,0,0,0 days 01:04:16
1990731,SecondHalf,Netherlands,0,1,0,0,0,0,0,0,0,0 days 01:04:20
1990731,SecondHalf,Netherlands,0,0,0,0,0,0,1,0,0,0 days 01:04:21
1990731,SecondHalf,Netherlands,0,0,0,0,0,0,1,0,0,0 days 01:04:24
1990731,SecondHalf,Netherlands,0,0,0,0,0,0,1,0,0,0 days 01:04:29
1990731,SecondHalf,Netherlands,0,0,0,0,0,0,0,0,1,0 days 01:04:31
1990731,SecondHalf,Morocco,0,0,0,0,1,0,0,0,0,0 days 01:04:33
1990731,SecondHalf,Netherlands,0,0,0,0,1,0,0,0,0,0 days 01:04:33
1990731,SecondHalf,Netherlands,0,0,0,0,0,0,1,0,0,0 days 01:04:39
1990731,SecondHalf,Netherlands,0,0,0,0,0,0,1,0,0,0 days 01:04:40
1990731,SecondHalf,Netherlands,0,0,0,0,0,0,1,0,0,0 days 01:04:43
1990731,SecondHalf,Netherlands,0,0,0,0,0,0,1,0,0,0 days 01:04:47
1990731,SecondHalf,Netherlands,0,0,0,0,0,0,1,0,0,0 days 01:04:51
1990731,SecondHalf,Netherlands,0,0,0,0,0,0,0,0,1,0 days 01:04:57
1990731,SecondHalf,Morocco,0,0,0,0,0,0,0,1,0,0 days 01:04:57
1990731,SecondHalf,Morocco,0,1,0,0,0,0,0,0,0,0 days 01:04:59
1990731,SecondHalf,Morocco,0,0,0,0,0,0,1,0,0,0 days 01:04:59
1990731,SecondHalf,Morocco,0,0,0,0,0,0,1,0,0,0 days 01:05:00
1990731,SecondHalf,Morocco,0,0,0,0,0,0,1,0,0,0 days 01:05:06
1990731,SecondHalf,Morocco,0,0,0,0,0,0,1,0,0,0 days 01:05:11
1990731,SecondHalf,Morocco,0,0,0,0,0,0,1,0,0,0 days 01:05:15
1990731,SecondHalf,Morocco,0,0,0,0,0,0,1,0,0,0 days 01:05:17
1990731,SecondHalf,Morocco,0,0,0,0,0,0,1,0,0,0 days 01:05:19
1990731,SecondHalf,Morocco,0,0,0,0,0,0,1,0,0,0 days 01:05:20
1990731,SecondHalf,Morocco,0,0,0,0,0,0,1,0,0,0 days 01:05:22
1990731,SecondHalf,Morocco,0,0,0,0,0,0,1,0,0,0 days 01:05:25
1990731,SecondHalf,Morocco,0,0,0,0,0,0,1,0,0,0 days 01:05:29
1990731,SecondHalf,Morocco,0,0,0,0,0,0,1,0,0,0 days 01:05:32
1990731,SecondHalf,Morocco,0,0,0,0,0,0,1,0,0,0 days 01:05:37
1990731,SecondHalf,Morocco,0,0,0,0,0,0,1,0,0,0 days 01:05:38
1990731,SecondHalf,Morocco,0,0,0,0,0,0,1,0,0,0 days 01:05:40
1990731,SecondHalf,Morocco,0,0,0,0,0,0,1,0,0,0 days 01:05:42
1990731,SecondHalf,Morocco,0,0,0,0,0,0,1,0,0,0 days 01:05:47
1990731,SecondHalf,Morocco,0,0,0,0,0,0,1,0,0,0 days 01:05:51
1990731,SecondHalf,Morocco,0,0,0,0,0,0,1,0,0,0 days 01:05:52
1990731,SecondHalf,Morocco,0,0,0,0,0,0,1,0,0,0 days 01:05:54
1990731,SecondHalf,Morocco,0,0,0,0,0,0,1,0,0,0 days 01:05:56
1990731,SecondHalf,Morocco,0,0,0,0,0,0,1,0,0,0 days 01:05:57
1990731,SecondHalf,Morocco,0,0,0,0,0,0,1,0,0,0 days 01:06:02
1990731,SecondHalf,Morocco,0,0,0,0,0,0,1,0,0,0 days 01:06:06
1990731,SecondHalf,Morocco,0,0,0,0,0,0,1,0,0,0 days 01:06:09
1990731,SecondHalf,Morocco,0,0,0,0,0,0,1,0,0,0 days 01:06:10
1990731,SecondHalf,Morocco,0,0,0,0,0,0,1,0,0,0 days 01:06:14
1990731,SecondHalf,Morocco,0,0,0,0,0,0,1,0,0,0 days 01:06:16
1990731,SecondHalf,Morocco,0,0,0,0,0,0,1,0,0,0 days 01:06:17
1990731,SecondHalf,Morocco,0,0,0,0,0,0,1,0,0,0 days 01:06:24
1990731,SecondHalf,Morocco,0,0,0,0,0,0,1,0,0,0 days 01:06:26
1990731,SecondHalf,Morocco,0,0,0,0,0,0,1,0,0,0 days 01:06:31
1990731,SecondHalf,Morocco,0,0,0,0,0,0,1,0,0,0 days 01:06:41
1990731,SecondHalf,Netherlands,0,1,0,0,0,0,0,0,0,0 days 01:06:44
1990731,SecondHalf,Netherlands,0,0,0,0,0,0,1,0,0,0 days 01:06:44
1990731,SecondHalf,Netherlands,0,0,0,0,0,0,1,0,0,0 days 01:06:47
1990731,SecondHalf,Netherlands,0,0,0,0,0,0,1,0,0,0 days 01:06:49
1990731,SecondHalf,Netherlands,0,0,0,0,0,0,1,0,0,0 days 01:06:52
1990731,SecondHalf,Netherlands,0,0,0,0,0,0,1,0,0,0 days 01:06:55
1990967,SecondHalf,Norway,0,0,0,0,0,0,1,0,0,0 days 00:57:48
1990967,SecondHalf,Norway,0,0,0,0,0,0,0,0,0,0 days 00:57:50
1990967,SecondHalf,Ivory Coast,0,0,0,0,0,0,0,0,0,0 days 00:57:50
1990967,SecondHalf,Norway,0,0,0,0,0,0,0,0,0,0 days 00:57:51
1990967,SecondHalf,Ivory Coast,0,0,1,0,0,0,0,0,0,0 days 00:57:51
1990967,SecondHalf,Ivory Coast,0,0,0,0,0,0,0,0,0,0 days 00:57:52
1990967,SecondHalf,Ivory Coast,0,0,0,0,0,0,1,0,0,0 days 00:57:56
1990967,SecondHalf,Ivory Coast,0,0,0,0,0,0,1,0,0,0 days 00:57:58
1990967,SecondHalf,Ivory Coast,0,0,0,0,0,0,1,0,0,0 days 00:57:59
1990967,SecondHalf,Ivory Coast,0,0,0,0,0,0,1,0,0,0 days 00:58:03
1990967,SecondHalf,Ivory Coast,0,0,0,0,0,0,1,0,0,0 days 00:58:07
1990967,SecondHalf,Ivory Coast,0,0,0,0,0,0,0,0,1,0 days 00:58:16
1990967,SecondHalf,Norway,0,0,0,0,0,0,0,1,0,0 days 00:58:16
1990967,SecondHalf,Norway,0,0,0,0,0,0,0,0,0,0 days 00:58:17
1990967,SecondHalf,Ivory Coast,0,0,0,0,0,0,0,0,0,0 days 00:58:17
1990967,SecondHalf,Ivory Coast,0,0,0,0,0,0,1,0,0,0 days 00:58:34
1990967,SecondHalf,Ivory Coast,0,0,0,0,0,0,1,0,0,0 days 00:58:36
1990967,SecondHalf,Ivory Coast,0,0,0,0,0,0,1,0,0,0 days 00:58:39
1990967,SecondHalf,Norway,0,0,1,0,0,0,0,0,0,0 days 00:58:39
1990967,SecondHalf,Ivory Coast,0,0,0,0,0,0,1,0,0,0 days 00:58:43
1990967,SecondHalf,Ivory Coast,0,0,0,0,0,0,1,0,0,0 days 00:58:46
1990967,SecondHalf,Ivory Coast,0,0,0,0,0,0,1,0,0,0 days 00:58:48
1990967,SecondHalf,Ivory Coast,0,0,0,0,0,0,1,0,0,0 days 00:58:54
1990967,SecondHalf,Ivory Coast,0,0,0,0,0,0,1,0,0,0 days 00:58:56
1990967,SecondHalf,Ivory Coast,1,0,0,0,0,0,0,0,0,0 days 00:58:59
1990967,SecondHalf,Ivory Coast,0,0,0,0,0,0,0,0,0,0 days 00:59:27
1990967,SecondHalf,Ivory Coast,0,0,0,0,0,0,0,0,0,0 days 00:59:27
1990967,SecondHalf,Ivory Coast,0,0,0,0,0,0,0,0,0,0 days 00:59:32
1990967,SecondHalf,Ivory Coast,0,0,0,0,0,0,0,0,0,0 days 00:59:32
1990967,SecondHalf,Ivory Coast,0,0,0,0,0,0,0,0,0,0 days 00:59:33
1990967,SecondHalf,Norway,0,0,0,0,0,0,1,0,0,0 days 00:59:41
1990967,SecondHalf,Ivory Coast,0,0,0,0,0,0,0,0,0,0 days 00:59:46
1990967,SecondHalf,Ivory Coast,0,0,0,0,0,0,1,0,0,0 days 00:59:46
1990967,SecondHalf,Norway,0,0,0,0,0,0,0,0,0,0 days 00:59:46
1990967,SecondHalf,Norway,0,0,0,0,0,0,0,0,0,0 days 00:59:46
1990967,SecondHalf,Norway,0,0,0,0,0,0,1,0,0,0 days 00:59:52
1990967,SecondHalf,Norway,0,0,0,0,0,0,1,0,0,0 days 00:59:54
1990967,SecondHalf,Norway,0,0,0,0,0,0,1,0,0,0 days 00:59:55
1990967,SecondHalf,Ivory Coast,0,0,1,0,0,0,0,0,0,0 days 00:59:58
1990967,SecondHalf,Norway,0,0,0,0,0,0,1,0,0,0 days 01:00:12
1990967,SecondHalf,Norway,0,0,0,0,0,0,0,0,1,0 days 01:00:19
1990967,SecondHalf,Norway,0,0,0,0,1,0,0,0,0,0 days 01:00:21
1990967,SecondHalf,Ivory Coast,0,0,0,0,1,0,0,0,0,0 days 01:00:21
1990967,SecondHalf,Ivory Coast,0,0,0,0,0,0,1,0,0,0 days 01:00:44
1990967,SecondHalf,Norway,0,0,0,0,0,0,1,0,0,0 days 01:00:49
1990967,SecondHalf,Norway,0,1,0,0,0,0,0,0,0,0 days 01:00:50
1990967,SecondHalf,Norway,0,0,0,0,0,0,1,0,0,0 days 01:00:50
1990967,SecondHalf,Norway,0,0,0,0,0,0,1,0,0,0 days 01:00:52
1990967,SecondHalf,Norway,0,0,0,0,0,0,0,0,0,0 days 01:00:53
1990967,SecondHalf,Ivory Coast,0,0,0,0,0,0,0,0,0,0 days 01:00:53
1990967,SecondHalf,Norway,0,0,0,0,0,0,1,0,0,0 days 01:00:54
1990967,SecondHalf,Ivory Coast,0,0,0,0,0,0,1,0,0,0 days 01:00:55
1990967,SecondHalf,Ivory Coast,0,1,0,0,0,0,0,0,0,0 days 01:00:56
1990967,SecondHalf,Ivory Coast,0,0,0,0,0,0,1,0,0,0 days 01:00:56
1990967,SecondHalf,Ivory Coast,0,0,0,0,0,0,1,0,0,0 days 01:01:01
1990967,SecondHalf,Ivory Coast,0,0,0,0,0,0,0,0,1,0 days 01:01:08
1990967,SecondHalf,Ivory Coast,0,0,0,0,0,0,0,0,0,0 days 01:01:08
1990967,SecondHalf,Norway,0,0,0,0,0,0,0,1,0,0 days 01:01:08
1990967,SecondHalf,Norway,0,1,0,0,0,0,0,0,0,0 days 01:01:10
1990967,SecondHalf,Norway,0,0,0,0,0,0,1,0,0,0 days 01:01:10
1990967,SecondHalf,Norway,0,0,0,0,0,0,1,0,0,0 days 01:01:13
1990967,SecondHalf,Norway,0,0,0,0,0,0,1,0,0,0 days 01:01:15
1990967,SecondHalf,Norway,0,0,0,0,0,0,1,0,0,0 days 01:01:18
1990967,SecondHalf,Norway,0,0,0,0,0,0,1,0,0,0 days 01:01:22
1990967,SecondHalf,Ivory Coast,0,0,0,0,0,1,0,0,0,0 days 01:01:24
1990967,SecondHalf,Ivory Coast,0,1,0,0,0,0,0,0,0,0 days 01:01:25
1990967,SecondHalf,Ivory Coast,0,0,0,0,0,0,1,0,0,0 days 01:01:26
1990967,SecondHalf,Ivory Coast,0,0,0,0,0,0,1,0,0,0 days 01:01:27
1990967,SecondHalf,Ivory Coast,0,0,0,0,0,0,1,0,0,0 days 01:01:29
1990967,SecondHalf,Ivory Coast,0,0,0,0,0,0,1,0,0,0 days 01:01:31
1990967,SecondHalf,Ivory Coast,0,0,0,0,0,0,1,0,0,0 days 01:01:34
1990967,SecondHalf,Ivory Coast,0,0,0,0,0,0,1,0,0,0 days 01:01:43
1990967,SecondHalf,Ivory Coast,0,0,0,0,0,0,1,0,0,0 days 01:01:47
1990967,SecondHalf,Norway,0,0,1,0,0,0,0,0,0,0 days 01:01:49
1990967,SecondHalf,Norway,0,1,0,0,0,0,0,0,0,0 days 01:01:53
1990967,SecondHalf,Norway,0,0,0,0,0,0,1,0,0,0 days 01:01:53
1990967,SecondHalf,Ivory Coast,0,1,0,0,0,0,0,0,0,0 days 01:01:54
1990967,SecondHalf,Ivory Coast,0,0,0,0,0,0,1,0,0,0 days 01:01:56
1990967,SecondHalf,Ivory Coast,0,0,0,0,0,0,1,0,0,0 days 01:01:59
1990967,SecondHalf,Ivory Coast,0,0,0,0,0,0,1,0,0,0 days 01:02:01
1990967,SecondHalf,Ivory Coast,0,0,0,0,0,0,1,0,0,0 days 01:02:03
1990967,SecondHalf,Ivory Coast,0,0,0,0,0,0,1,0,0,0 days 01:02:05
1990967,SecondHalf,Ivory Coast,0,0,0,0,0,0,1,0,0,0 days 01:02:12
1990967,SecondHalf,Ivory Coast,0,0,0,0,0,0,1,0,0,0 days 01:02:22
1990967,SecondHalf,Ivory Coast,0,0,0,0,0,0,1,0,0,0 days 01:02:25
1990967,SecondHalf,Norway,0,0,1,0,0,0,0,0,0,0 days 01:02:26
1990967,SecondHalf,Ivory Coast,0,0,0,0,0,0,0,0,0,0 days 01:02:27
1990967,SecondHalf,Norway,0,0,0,0,0,0,0,0,0,0 days 01:02:27
1990967,SecondHalf,Ivory Coast,0,0,0,0,0,0,1,0,0,0 days 01:03:19
1990967,SecondHalf,Norway,0,0,0,0,0,0,0,0,0,0 days 01:03:21
1990967,SecondHalf,Ivory Coast,0,0,0,0,0,0,1,0,0,0 days 01:03:24
1990967,SecondHalf,Norway,0,0,1,0,0,0,0,0,0,0 days 01:03:27
1990967,SecondHalf,Ivory Coast,0,0,0,0,0,0,0,0,0,0 days 01:03:28
1990967,SecondHalf,Ivory Coast,0,0,0,0,0,0,1,0,0,0 days 01:03:28
1990967,SecondHalf,Norway,0,0,0,0,0,0,0,0,0,0 days 01:03:28
1990967,SecondHalf,Norway,0,0,0,0,0,0,0,0,0,0 days 01:03:29
1990967,SecondHalf,Ivory Coast,1,0,0,0,0,0,0,0,0,0 days 01:03:30
1990967,SecondHalf,Norway,0,0,0,0,0,0,0,0,0,0 days 01:03:31
1990967,SecondHalf,Norway,0,0,0,0,0,0,0,0,0,0 days 01:03:32
1990967,SecondHalf,Norway,0,0,1,0,0,0,0,0,0,0 days 01:03:33
1990967,SecondHalf,Ivory Coast,0,0,0,0,0,0,1,0,0,0 days 01:03:36
1990967,SecondHalf,Ivory Coast,0,0,0,0,0,0,0,0,0,0 days 01:03:39
1990967,SecondHalf,Ivory Coast,0,0,1,0,0,0,0,0,0,0 days 01:03:40
1990967,SecondHalf,Norway,0,0,0,0,0,0,1,0,0,0 days 01:03:57
1990967,SecondHalf,Norway,0,0,0,0,0,0,1,0,0,0 days 01:04:03
1990967,SecondHalf,Norway,0,0,0,0,0,0,1,0,0,0 days 01:04:05
1990967,SecondHalf,Ivory Coast,0,1,0,0,0,0,0,0,0,0 days 01:04:10
1990967,SecondHalf,Ivory Coast,0,0,0,0,0,0,1,0,0,0 days 01:04:11
1990967,SecondHalf,Ivory Coast,0,0,0,0,0,0,1,0,0,0 days 01:04:14
1990967,SecondHalf,Ivory Coast,0,0,0,0,0,0,1,0,0,0 days 01:04:16
1990967,SecondHalf,Ivory Coast,0,0,0,0,0,0,1,0,0,0 days 01:04:18
1990967,SecondHalf,Ivory Coast,0,0,0,0,0,0,1,0,0,0 days 01:04:21
1990967,SecondHalf,Ivory Coast,0,0,0,0,0,0,1,0,0,0 days 01:04:23
1990967,SecondHalf,Ivory Coast,0,0,0,0,0,0,1,0,0,0 days 01:04:27
1990967,SecondHalf,Ivory Coast,0,0,0,0,0,0,1,0,0,0 days 01:04:29
1990967,SecondHalf,Ivory Coast,0,0,0,0,0,0,1,0,0,0 days 01:04:32
1990967,SecondHalf,Norway,0,0,0,0,0,0,0,0,0,0 days 01:04:34
1990967,SecondHalf,Norway,0,0,0,0,0,0,0,0,0,0 days 01:04:35
1990967,SecondHalf,Norway,0,0,0,0,0,0,1,0,0,0 days 01:04:39
1990967,SecondHalf,Norway,0,0,0,0,0,0,1,0,0,0 days 01:04:42
1990967,SecondHalf,Norway,0,0,0,0,0,0,1,0,0,0 days 01:04:48
1990967,SecondHalf,Norway,0,0,0,0,0,0,0,0,1,0 days 01:04:49
1990967,SecondHalf,Ivory Coast,0,0,0,0,0,0,0,1,0,0 days 01:04:49
1990967,SecondHalf,Ivory Coast,0,0,0,0,0,0,0,0,0,0 days 01:04:50
1990967,SecondHalf,Norway,0,0,0,0,0,0,0,0,0,0 days 01:04:50
1990967,SecondHalf,Norway,0,0,0,0,0,0,1,0,0,0 days 01:05:56
1990967,SecondHalf,Ivory Coast,0,0,0,0,0,0,0,0,0,0 days 01:05:58
1990967,SecondHalf,Norway,0,0,0,0,0,0,1,0,0,0 days 01:05:58
1990967,SecondHalf,Norway,0,0,0,0,0,0,0,0,0,0 days 01:05:58
1990967,SecondHalf,Norway,1,0,0,0,0,0,0,0,0,0 days 01:05:59
1990967,SecondHalf,Ivory Coast,0,0,0,0,0,0,0,0,0,0 days 01:05:59
1990967,SecondHalf,Ivory Coast,0,0,0,0,0,0,1,0,0,0 days 01:06:02
1990967,SecondHalf,Ivory Coast,0,1,0,0,0,0,0,0,0,0 days 01:06:02
1990967,SecondHalf,Ivory Coast,0,0,0,0,0,0,1,0,0,0 days 01:06:06
1990967,SecondHalf,Norway,0,0,1,0,0,0,0,0,0,0 days 01:06:11
1990967,SecondHalf,Ivory Coast,0,0,0,0,0,0,1,0,0,0 days 01:06:43
1990967,SecondHalf,Ivory Coast,0,0,0,0,0,0,1,0,0,0 days 01:06:44
1990967,SecondHalf,Ivory Coast,0,0,0,0,0,0,1,0,0,0 days 01:06:45
1990967,SecondHalf,Ivory Coast,0,0,0,0,0,0,1,0,0,0 days 01:06:48
1990967,SecondHalf,Ivory Coast,0,0,0,0,0,0,1,0,0,0 days 01:06:51
1990967,SecondHalf,Ivory Coast,0,0,0,0,0,0,1,0,0,0 days 01:06:53
1990967,SecondHalf,Ivory Coast,0,0,0,0,0,0,1,0,0,0 days 01:06:55
1990967,SecondHalf,Ivory Coast,0,0,0,0,0,0,1,0,0,0 days 01:06:56
1990967,SecondHalf,Ivory Coast,0,0,0,0,0,0,1,0,0,0 days 01:06:58
1990968,SecondHalf,Argentina,0,0,0,0,0,0,1,0,0,0 days 00:57:03
1990968,SecondHalf,Argentina,0,0,0,0,0,0,1,0,0,0 days 00:57:07
1990968,SecondHalf,Argentina,0,0,0,0,0,0,1,0,0,0 days 00:57:11
1990968,SecondHalf,Cabo Verde,0,0,0,0,0,1,0,0,0,0 days 00:57:12
1990968,SecondHalf,Cabo Verde,0,1,0,0,0,0,0,0,0,0 days 00:57:14
1990968,SecondHalf,Cabo Verde,0,0,0,0,0,0,1,0,0,0 days 00:57:15
1990968,SecondHalf,Cabo Verde,0,0,0,0,0,0,0,0,1,0 days 00:57:15
1990968,SecondHalf,Cabo Verde,0,0,0,0,1,0,0,0,0,0 days 00:57:17
1990968,SecondHalf,Argentina,0,0,0,0,1,0,0,0,0,0 days 00:57:17
1990968,SecondHalf,Cabo Verde,0,0,0,0,0,0,1,0,0,0 days 00:57:36
1990968,SecondHalf,Cabo Verde,0,0,0,0,0,0,1,0,0,0 days 00:57:39
1990968,SecondHalf,Cabo Verde,0,0,0,0,0,0,1,0,0,0 days 00:57:41
1990968,SecondHalf,Cabo Verde,0,0,0,0,0,0,1,0,0,0 days 00:57:43
1990968,SecondHalf,Cabo Verde,0,0,0,0,0,0,1,0,0,0 days 00:57:45
1990968,SecondHalf,Cabo Verde,0,0,0,0,0,0,1,0,0,0 days 00:57:47
1990968,SecondHalf,Argentina,0,0,0,0,0,0,0,0,0,0 days 00:57:50
1990968,SecondHalf,Cabo Verde,0,0,0,0,0,0,1,0,0,0 days 00:57:50
1990968,SecondHalf,Argentina,0,1,0,0,0,0,0,0,0,0 days 00:57:51
1990968,SecondHalf,Argentina,0,0,0,0,0,0,1,0,0,0 days 00:57:51
1990968,SecondHalf,Argentina,0,0,0,0,0,0,1,0,0,0 days 00:57:53
1990968,SecondHalf,Argentina,0,0,0,0,0,0,1,0,0,0 days 00:57:54
1990968,SecondHalf,Argentina,0,0,0,0,0,0,1,0,0,0 days 00:57:57
1990968,SecondHalf,Cabo Verde,0,1,0,0,0,0,0,0,0,0 days 00:57:58
1990968,SecondHalf,Cabo Verde,0,0,0,0,0,0,1,0,0,0 days 00:57:58
1990968,SecondHalf,Cabo Verde,0,0,0,0,0,0,1,0,0,0 days 00:58:02
1990968,SecondHalf,Cabo Verde,0,0,0,0,0,0,1,0,0,0 days 00:58:04
1990968,SecondHalf,Cabo Verde,0,0,0,0,0,0,1,0,0,0 days 00:58:06
1990968,SecondHalf,Cabo Verde,0,0,0,0,0,0,1,0,0,0 days 00:58:08
1990968,SecondHalf,Cabo Verde,0,0,0,0,0,0,1,0,0,0 days 00:58:10
1990968,SecondHalf,Cabo Verde,0,0,0,0,0,0,1,0,0,0 days 00:58:12
1990968,SecondHalf,Cabo Verde,0,0,0,0,0,0,1,0,0,0 days 00:58:14
1990968,SecondHalf,Cabo Verde,0,0,0,0,0,0,1,0,0,0 days 00:58:16
1990968,SecondHalf,Cabo Verde,0,0,0,0,0,0,1,0,0,0 days 00:58:22
1990968,SecondHalf,Cabo Verde,0,0,0,0,0,0,1,0,0,0 days 00:58:25
1990968,SecondHalf,Argentina,0,1,0,0,0,0,0,0,0,0 days 00:58:26
1990968,SecondHalf,Argentina,0,0,0,0,0,0,1,0,0,0 days 00:58:27
1990968,SecondHalf,Argentina,0,0,0,0,0,0,1,0,0,0 days 00:58:29
1990968,SecondHalf,Cabo Verde,0,1,0,0,0,0,0,0,0,0 days 00:58:31
1990968,SecondHalf,Cabo Verde,0,0,0,0,0,0,1,0,0,0 days 00:58:31
1990968,SecondHalf,Cabo Verde,0,0,0,0,0,0,1,0,0,0 days 00:58:35
1990968,SecondHalf,Cabo Verde,0,0,0,0,0,0,1,0,0,0 days 00:58:36
1990968,SecondHalf,Cabo Verde,1,0,0,0,0,0,0,0,0,0 days 00:58:38
1990968,SecondHalf,Argentina,0,0,0,0,0,0,1,0,0,0 days 01:00:41
1990968,SecondHalf,Argentina,0,0,0,0,0,0,1,0,0,0 days 01:00:43
1990968,SecondHalf,Argentina,0,0,0,0,0,0,1,0,0,0 days 01:00:44
1990968,SecondHalf,Argentina,0,0,0,0,0,0,1,0,0,0 days 01:00:49
1990968,SecondHalf,Argentina,0,0,0,0,0,0,1,0,0,0 days 01:00:52
1990968,SecondHalf,Argentina,0,0,0,0,0,0,1,0,0,0 days 01:00:55
1990968,SecondHalf,Argentina,0,0,0,0,0,0,1,0,0,0 days 01:00:56
1990968,SecondHalf,Argentina,0,0,0,0,0,0,1,0,0,0 days 01:00:59
1990968,SecondHalf,Argentina,0,0,0,0,0,0,1,0,0,0 days 01:01:02
1990968,SecondHalf,Argentina,0,0,0,0,0,0,1,0,0,0 days 01:01:09
1990968,SecondHalf,Argentina,0,0,0,0,0,0,0,0,1,0 days 01:01:13
1990968,SecondHalf,Cabo Verde,0,0,0,0,0,0,0,1,0,0 days 01:01:13
1990968,SecondHalf,Argentina,0,0,0,0,0,0,0,0,0,0 days 01:01:14
1990968,SecondHalf,Cabo Verde,0,0,0,0,0,0,0,0,0,0 days 01:01:17
1990968,SecondHalf,Argentina,0,0,0,0,0,0,0,0,0,0 days 01:01:19
1990968,SecondHalf,Cabo Verde,0,0,1,0,0,0,0,0,0,0 days 01:01:19
1990968,SecondHalf,Cabo Verde,0,0,0,0,0,0,1,0,0,0 days 01:01:21
1990968,SecondHalf,Argentina,0,0,0,0,0,0,1,0,0,0 days 01:01:25
1990968,SecondHalf,Argentina,0,0,0,0,0,0,1,0,0,0 days 01:01:27
1990968,SecondHalf,Cabo Verde,0,0,0,0,0,1,0,0,0,0 days 01:01:28
1990968,SecondHalf,Argentina,0,0,0,0,0,0,1,0,0,0 days 01:01:36
1990968,SecondHalf,Argentina,0,0,0,0,0,0,1,0,0,0 days 01:01:39
1990968,SecondHalf,Cabo Verde,0,0,1,0,0,0,0,0,0,0 days 01:01:41
1990968,SecondHalf,Argentina,0,0,0,0,0,0,1,0,0,0 days 01:01:49
1990968,SecondHalf,Argentina,0,0,0,0,0,0,1,0,0,0 days 01:02:08
1990968,SecondHalf,Argentina,0,0,0,0,0,0,1,0,0,0 days 01:02:09
1990968,SecondHalf,Argentina,1,0,0,0,0,0,0,0,0,0 days 01:02:12
1990968,SecondHalf,Cabo Verde,0,0,0,0,0,0,0,0,0,0 days 01:02:12
1990968,SecondHalf,Argentina,0,0,0,0,0,0,0,0,0,0 days 01:02:13
1990968,SecondHalf,Cabo Verde,0,0,0,0,0,0,0,0,0,0 days 01:02:14
1990968,SecondHalf,Cabo Verde,0,0,0,0,0,0,0,0,0,0 days 01:02:15
1990968,SecondHalf,Cabo Verde,0,0,0,0,0,0,0,0,0,0 days 01:02:15
1990968,SecondHalf,Argentina,0,0,0,0,0,0,0,0,0,0 days 01:02:16
1990968,SecondHalf,Cabo Verde,0,0,0,0,0,0,0,0,0,0 days 01:02:16
1990968,SecondHalf,Argentina,0,0,0,0,0,0,0,0,0,0 days 01:02:59
1990968,SecondHalf,Argentina,0,0,0,0,0,0,0,0,0,0 days 01:02:59
1990968,SecondHalf,Argentina,0,0,0,0,0,0,0,0,0,0 days 01:03:03
1990968,SecondHalf,Argentina,0,0,0,0,0,0,0,0,0,0 days 01:03:03
1990968,SecondHalf,Argentina,0,0,0,0,0,0,1,0,0,0 days 01:03:22
1990968,SecondHalf,Cabo Verde,0,0,0,0,0,0,0,0,0,0 days 01:03:25
1990968,SecondHalf,Cabo Verde,0,0,0,0,0,0,1,0,0,0 days 01:03:30
1990968,SecondHalf,Cabo Verde,0,0,0,0,0,0,1,0,0,0 days 01:03:35
1990968,SecondHalf,Cabo Verde,0,0,0,0,0,0,1,0,0,0 days 01:03:42
1990968,SecondHalf,Cabo Verde,0,0,0,0,0,0,1,0,0,0 days 01:03:44
1990968,SecondHalf,Cabo Verde,0,0,0,0,0,0,1,0,0,0 days 01:03:47
1990968,SecondHalf,Cabo Verde,0,0,0,0,0,0,1,0,0,0 days 01:03:50
1990968,SecondHalf,Cabo Verde,0,0,0,0,0,0,1,0,0,0 days 01:03:52
1990968,SecondHalf,Cabo Verde,0,0,0,0,0,0,1,0,0,0 days 01:03:57
1990968,SecondHalf,Cabo Verde,0,0,0,0,0,0,1,0,0,0 days 01:04:02
1990968,SecondHalf,Argentina,0,0,0,0,0,1,0,0,0,0 days 01:04:05
1990968,SecondHalf,Cabo Verde,0,0,0,0,0,0,1,0,0,0 days 01:04:06
1990968,SecondHalf,Argentina,0,0,0,0,0,0,0,0,0,0 days 01:04:09
1990968,SecondHalf,Cabo Verde,0,0,0,0,0,0,0,0,0,0 days 01:04:09
1990968,SecondHalf,Cabo Verde,0,0,0,0,0,0,0,0,0,0 days 01:04:09
1990968,SecondHalf,Argentina,0,1,0,0,0,0,0,0,0,0 days 01:04:10
1990968,SecondHalf,Argentina,0,0,0,0,0,0,1,0,0,0 days 01:04:14
1990968,SecondHalf,Argentina,0,0,0,0,0,0,1,0,0,0 days 01:04:16
1990968,SecondHalf,Argentina,0,0,0,0,0,0,1,0,0,0 days 01:04:19
1990968,SecondHalf,Argentina,0,0,0,0,0,0,1,0,0,0 days 01:04:21
1990968,SecondHalf,Argentina,0,0,0,0,0,0,1,0,0,0 days 01:04:23
1990968,SecondHalf,Argentina,0,0,0,0,0,0,1,0,0,0 days 01:04:24
1990968,SecondHalf,Argentina,0,0,0,0,0,0,1,0,0,0 days 01:04:27
1990968,SecondHalf,Argentina,0,0,0,0,0,0,1,0,0,0 days 01:04:32
1990968,SecondHalf,Cabo Verde,0,0,0,0,0,1,0,0,0,0 days 01:04:35
1990968,SecondHalf,Argentina,0,0,0,0,0,0,0,0,0,0 days 01:04:36
1990968,SecondHalf,Argentina,0,0,0,0,0,0,1,0,0,0 days 01:04:40
1990968,SecondHalf,Argentina,0,0,0,0,0,0,1,0,0,0 days 01:04:42
1990968,SecondHalf,Argentina,0,0,0,0,0,0,1,0,0,0 days 01:04:44
1990968,SecondHalf,Argentina,0,0,0,0,0,0,1,0,0,0 days 01:04:49
1990968,SecondHalf,Argentina,0,0,0,0,0,0,1,0,0,0 days 01:04:51
1990968,SecondHalf,Argentina,0,0,0,0,0,0,1,0,0,0 days 01:04:53
1990968,SecondHalf,Argentina,0,0,0,0,0,0,1,0,0,0 days 01:04:56
1990968,SecondHalf,Argentina,0,0,0,0,0,0,1,0,0,0 days 01:05:00
1990968,SecondHalf,Argentina,0,0,0,0,0,0,1,0,0,0 days 01:05:01
1990968,SecondHalf,Argentina,0,0,0,0,0,0,1,0,0,0 days 01:05:04
1990968,SecondHalf,Argentina,0,0,0,0,0,0,1,0,0,0 days 01:05:07
1990968,SecondHalf,Cabo Verde,0,0,1,0,0,0,0,0,0,0 days 01:05:11
1990968,SecondHalf,Argentina,0,0,0,0,0,0,1,0,0,0 days 01:05:24
1990968,SecondHalf,Argentina,0,0,0,0,0,0,1,0,0,0 days 01:05:27
1990968,SecondHalf,Argentina,0,0,0,0,0,0,1,0,0,0 days 01:05:32
1990968,SecondHalf,Argentina,0,0,0,0,0,0,1,0,0,0 days 01:05:37
1990968,SecondHalf,Argentina,0,0,0,0,0,0,1,0,0,0 days 01:05:40
1990968,SecondHalf,Argentina,0,0,0,0,0,0,1,0,0,0 days 01:05:44
1990968,SecondHalf,Argentina,0,0,0,0,0,0,1,0,0,0 days 01:05:46
1990968,SecondHalf,Argentina,0,0,0,0,0,0,1,0,0,0 days 01:05:47
1990968,SecondHalf,Argentina,0,0,0,0,0,0,1,0,0,0 days 01:05:50
1990968,SecondHalf,Argentina,0,0,0,0,0,0,1,0,0,0 days 01:05:56
1990968,SecondHalf,Argentina,0,0,0,0,0,0,1,0,0,0 days 01:05:59
1990968,SecondHalf,Argentina,0,0,0,0,0,0,1,0,0,0 days 01:06:02
1990968,SecondHalf,Argentina,0,0,0,0,0,0,1,0,0,0 days 01:06:06
1990968,SecondHalf,Argentina,0,0,0,0,0,0,1,0,0,0 days 01:06:08
1990968,SecondHalf,Argentina,0,0,0,0,0,0,1,0,0,0 days 01:06:11
1990968,SecondHalf,Argentina,0,0,0,0,0,0,1,0,0,0 days 01:06:13
1990968,SecondHalf,Argentina,1,0,0,0,0,0,0,0,0,0 days 01:06:15
1990968,SecondHalf,Cabo Verde,0,0,0,0,0,0,0,0,0,0 days 01:06:40
1990968,SecondHalf,Cabo Verde,0,0,0,0,0,0,0,0,0,0 days 01:06:40
1990968,SecondHalf,Cabo Verde,0,0,0,0,0,0,0,0,0,0 days 01:06:47
1990968,SecondHalf,Cabo Verde,0,0,0,0,0,0,0,0,0,0 days 01:06:47
1990968,SecondHalf,Cabo Verde,0,0,0,0,0,0,1,0,0,0 days 01:06:57
1990969,SecondHalf,France,0,1,0,0,0,0,0,0,0,0 days 00:57:07
1990969,SecondHalf,France,0,0,0,0,0,0,1,0,0,0 days 00:57:08
1990969,SecondHalf,France,0,0,0,0,0,0,1,0,0,0 days 00:57:14
1990969,SecondHalf,France,0,0,0,0,0,0,1,0,0,0 days 00:57:17
1990969,SecondHalf,Sweden,0,0,0,0,0,0,0,0,0,0 days 00:57:19
1990969,SecondHalf,France,0,0,0,0,0,0,0,0,1,0 days 00:57:19
1990969,SecondHalf,France,0,0,0,0,0,0,1,0,0,0 days 00:57:22
1990969,SecondHalf,France,0,0,0,0,0,0,1,0,0,0 days 00:57:24
1990969,SecondHalf,France,0,0,0,0,0,0,1,0,0,0 days 00:57:26
1990969,SecondHalf,France,0,0,0,0,0,0,1,0,0,0 days 00:57:28
1990969,SecondHalf,France,0,0,0,0,0,0,1,0,0,0 days 00:57:29
1990969,SecondHalf,France,0,0,0,0,0,0,1,0,0,0 days 00:57:32
1990969,SecondHalf,France,0,0,0,0,0,0,1,0,0,0 days 00:57:33
1990969,SecondHalf,France,0,0,0,0,0,0,1,0,0,0 days 00:57:34
1990969,SecondHalf,France,0,0,0,0,0,0,1,0,0,0 days 00:57:36
1990969,SecondHalf,France,0,0,0,0,0,0,1,0,0,0 days 00:57:38
1990969,SecondHalf,France,0,0,0,0,0,0,1,0,0,0 days 00:57:40
1990969,SecondHalf,France,0,0,0,0,0,0,1,0,0,0 days 00:57:41
1990969,SecondHalf,France,0,0,0,0,0,0,1,0,0,0 days 00:57:44
1990969,SecondHalf,France,0,0,0,0,0,0,1,0,0,0 days 00:57:48
1990969,SecondHalf,France,0,0,0,0,0,0,1,0,0,0 days 00:57:51
1990969,SecondHalf,France,0,0,0,0,0,0,1,0,0,0 days 00:57:54
1990969,SecondHalf,France,0,0,0,0,0,0,1,0,0,0 days 00:57:56
1990969,SecondHalf,France,0,0,0,0,0,0,1,0,0,0 days 00:57:59
1990969,SecondHalf,France,0,0,0,0,0,0,1,0,0,0 days 00:58:03
1990969,SecondHalf,France,0,0,0,0,0,0,1,0,0,0 days 00:58:06
1990969,SecondHalf,France,0,0,0,0,0,0,1,0,0,0 days 00:58:08
1990969,SecondHalf,France,0,0,0,0,0,0,1,0,0,0 days 00:58:13
1990969,SecondHalf,Sweden,0,0,0,0,0,0,0,0,0,0 days 00:58:17
1990969,SecondHalf,France,0,0,0,0,0,0,1,0,0,0 days 00:58:17
1990969,SecondHalf,Sweden,0,0,0,0,0,0,1,0,0,0 days 00:58:29
1990969,SecondHalf,Sweden,0,0,0,0,0,0,1,0,0,0 days 00:58:30
1990969,SecondHalf,Sweden,0,0,0,0,0,0,1,0,0,0 days 00:58:34
1990969,SecondHalf,Sweden,0,0,0,0,0,0,1,0,0,0 days 00:58:36
1990969,SecondHalf,Sweden,0,0,0,0,0,0,1,0,0,0 days 00:58:37
1990969,SecondHalf,Sweden,0,0,0,0,0,0,1,0,0,0 days 00:58:42
1990969,SecondHalf,Sweden,0,0,0,0,0,0,1,0,0,0 days 00:58:46
1990969,SecondHalf,Sweden,0,0,0,0,0,0,1,0,0,0 days 00:58:52
1990969,SecondHalf,Sweden,0,0,0,0,0,0,1,0,0,0 days 00:58:54
1990969,SecondHalf,Sweden,0,0,0,0,0,0,1,0,0,0 days 00:58:57
1990969,SecondHalf,Sweden,0,0,0,0,0,0,1,0,0,0 days 00:58:58
1990969,SecondHalf,Sweden,0,0,0,0,0,0,1,0,0,0 days 00:59:03
1990969,SecondHalf,Sweden,0,0,0,0,0,0,1,0,0,0 days 00:59:05
1990969,SecondHalf,Sweden,0,0,0,0,0,0,1,0,0,0 days 00:59:07
1990969,SecondHalf,Sweden,0,0,0,0,0,0,1,0,0,0 days 00:59:09
1990969,SecondHalf,Sweden,0,0,0,0,0,0,1,0,0,0 days 00:59:12
1990969,SecondHalf,Sweden,0,0,0,0,0,0,0,0,0,0 days 00:59:20
1990969,SecondHalf,France,0,0,0,0,0,0,1,0,0,0 days 00:59:38
1990969,SecondHalf,France,0,0,0,0,0,0,1,0,0,0 days 00:59:42
1990969,SecondHalf,France,0,0,0,0,0,0,1,0,0,0 days 00:59:44
1990969,SecondHalf,France,0,0,0,0,0,0,1,0,0,0 days 00:59:46
1990969,SecondHalf,France,0,0,0,0,0,0,1,0,0,0 days 00:59:48
1990969,SecondHalf,France,0,0,0,0,0,0,1,0,0,0 days 00:59:53
1990969,SecondHalf,France,0,0,0,0,0,0,1,0,0,0 days 00:59:54
1990969,SecondHalf,Sweden,0,1,0,0,0,0,0,0,0,0 days 00:59:56
1990969,SecondHalf,Sweden,0,0,0,0,0,0,0,0,1,0 days 00:59:59
1990969,SecondHalf,France,0,0,0,0,0,0,0,1,0,0 days 00:59:59
1990969,SecondHalf,France,0,1,0,0,0,0,0,0,0,0 days 01:00:01
1990969,SecondHalf,France,0,0,0,0,0,0,1,0,0,0 days 01:00:03
1990969,SecondHalf,France,0,0,0,0,0,0,1,0,0,0 days 01:00:06
1990969,SecondHalf,France,0,0,0,0,0,0,1,0,0,0 days 01:00:12
1990969,SecondHalf,France,0,0,0,0,0,0,1,0,0,0 days 01:00:14
1990969,SecondHalf,France,0,0,0,0,0,0,1,0,0,0 days 01:00:19
1990969,SecondHalf,France,0,0,0,0,0,0,1,0,0,0 days 01:00:22
1990969,SecondHalf,France,0,0,0,0,0,0,1,0,0,0 days 01:00:24
1990969,SecondHalf,France,0,0,0,0,0,0,1,0,0,0 days 01:00:26
1990969,SecondHalf,France,0,0,0,0,0,0,1,0,0,0 days 01:00:28
1990969,SecondHalf,France,0,0,0,0,0,0,1,0,0,0 days 01:00:30
1990969,SecondHalf,France,0,0,0,0,0,0,1,0,0,0 days 01:00:32
1990969,SecondHalf,Sweden,0,0,1,0,0,0,0,0,0,0 days 01:00:35
1990969,SecondHalf,France,0,0,0,0,0,0,1,0,0,0 days 01:00:39
1990969,SecondHalf,France,0,0,0,0,0,0,1,0,0,0 days 01:00:40
1990969,SecondHalf,France,1,0,0,0,0,0,0,0,0,0 days 01:00:41
1990969,SecondHalf,Sweden,0,0,0,0,0,0,0,0,0,0 days 01:00:41
1990969,SecondHalf,France,0,0,0,0,0,0,0,0,0,0 days 01:00:46
1990969,SecondHalf,Sweden,0,0,0,0,0,0,0,0,0,0 days 01:00:46
1990969,SecondHalf,France,0,0,0,0,0,0,1,0,0,0 days 01:01:19
1990969,SecondHalf,Sweden,0,0,1,0,0,0,0,0,0,0 days 01:01:20
1990969,SecondHalf,Sweden,0,0,1,0,0,0,0,0,0,0 days 01:01:23
1990969,SecondHalf,France,0,0,0,0,0,0,1,0,0,0 days 01:01:25
1990969,SecondHalf,France,0,0,0,0,0,0,1,0,0,0 days 01:01:30
1990969,SecondHalf,France,0,0,0,0,0,0,1,0,0,0 days 01:01:32
1990969,SecondHalf,France,0,0,0,0,0,0,1,0,0,0 days 01:01:35
1990969,SecondHalf,France,0,0,0,0,0,0,1,0,0,0 days 01:01:38
1990969,SecondHalf,France,0,0,0,0,0,0,1,0,0,0 days 01:01:40
1990969,SecondHalf,France,0,0,0,0,0,0,1,0,0,0 days 01:01:45
1990969,SecondHalf,France,0,0,0,0,0,0,1,0,0,0 days 01:01:46
1990969,SecondHalf,France,0,0,0,0,0,0,1,0,0,0 days 01:01:48
1990969,SecondHalf,France,0,0,0,0,0,0,1,0,0,0 days 01:01:49
1990969,SecondHalf,France,0,0,0,0,0,0,1,0,0,0 days 01:01:51
1990969,SecondHalf,France,0,0,0,0,0,0,1,0,0,0 days 01:01:54
1990969,SecondHalf,France,0,0,0,0,0,0,1,0,0,0 days 01:01:55
1990969,SecondHalf,France,0,0,0,0,0,0,1,0,0,0 days 01:01:58
1990969,SecondHalf,France,0,0,0,0,0,0,1,0,0,0 days 01:02:00
1990969,SecondHalf,France,0,0,0,0,0,0,1,0,0,0 days 01:02:02
1990969,SecondHalf,France,0,0,0,0,0,0,1,0,0,0 days 01:02:05
1990969,SecondHalf,France,0,0,0,0,0,0,1,0,0,0 days 01:02:05
1990969,SecondHalf,France,0,0,0,0,0,0,1,0,0,0 days 01:02:07
1990969,SecondHalf,France,0,0,0,0,0,0,1,0,0,0 days 01:02:08
1990969,SecondHalf,France,0,0,0,0,0,0,1,0,0,0 days 01:02:11
1990969,SecondHalf,France,0,0,0,0,0,0,1,0,0,0 days 01:02:16
1990969,SecondHalf,France,0,0,0,0,0,0,1,0,0,0 days 01:02:16
1990969,SecondHalf,France,0,0,0,0,0,0,1,0,0,0 days 01:02:18
1990969,SecondHalf,France,0,0,0,0,0,0,1,0,0,0 days 01:02:23
1990969,SecondHalf,France,0,0,0,0,0,0,1,0,0,0 days 01:02:25
1990969,SecondHalf,France,0,0,0,0,0,0,1,0,0,0 days 01:02:28
1990969,SecondHalf,France,0,0,0,0,0,0,1,0,0,0 days 01:02:32
1990969,SecondHalf,France,0,0,0,0,0,0,1,0,0,0 days 01:02:37
1990969,SecondHalf,France,0,0,0,0,0,0,1,0,0,0 days 01:02:40
1990969,SecondHalf,France,0,0,0,0,0,0,1,0,0,0 days 01:02:44
1990969,SecondHalf,Sweden,0,0,0,0,0,0,0,0,0,0 days 01:02:45
1990969,SecondHalf,Sweden,0,0,0,0,0,0,1,0,0,0 days 01:02:49
1990969,SecondHalf,Sweden,0,0,0,0,0,0,1,0,0,0 days 01:02:53
1990969,SecondHalf,Sweden,0,0,0,0,0,0,1,0,0,0 days 01:03:00
1990969,SecondHalf,Sweden,0,0,0,0,0,0,1,0,0,0 days 01:03:03
1990969,SecondHalf,Sweden,0,0,0,0,0,0,1,0,0,0 days 01:03:08
1990969,SecondHalf,Sweden,0,0,0,0,0,0,1,0,0,0 days 01:03:12
1990969,SecondHalf,Sweden,0,0,0,1,0,0,0,0,0,0 days 01:03:16
1990969,SecondHalf,France,0,0,0,0,0,0,0,1,0,0 days 01:03:16
1990969,SecondHalf,Sweden,0,0,0,0,0,0,1,0,0,0 days 01:03:21
1990969,SecondHalf,Sweden,0,0,0,0,0,0,1,0,0,0 days 01:03:24
1990969,SecondHalf,Sweden,0,0,0,0,0,0,1,0,0,0 days 01:03:25
1990969,SecondHalf,Sweden,0,0,0,0,0,0,1,0,0,0 days 01:03:28
1990969,SecondHalf,Sweden,0,0,0,0,0,0,1,0,0,0 days 01:03:32
1990969,SecondHalf,Sweden,0,0,0,0,0,0,1,0,0,0 days 01:03:39
1990969,SecondHalf,Sweden,0,0,0,0,0,0,1,0,0,0 days 01:03:42
1990969,SecondHalf,Sweden,0,0,0,0,0,0,1,0,0,0 days 01:03:44
1990969,SecondHalf,Sweden,0,0,0,0,0,0,1,0,0,0 days 01:03:46
1990969,SecondHalf,Sweden,0,0,0,0,0,0,1,0,0,0 days 01:03:53
1990969,SecondHalf,Sweden,0,0,0,0,0,0,1,0,0,0 days 01:03:54
1990969,SecondHalf,Sweden,0,0,0,0,0,0,1,0,0,0 days 01:03:57
1990969,SecondHalf,Sweden,0,0,0,0,0,0,1,0,0,0 days 01:04:01
1990969,SecondHalf,Sweden,0,0,0,0,0,0,1,0,0,0 days 01:04:05
1990969,SecondHalf,Sweden,0,0,0,0,0,0,1,0,0,0 days 01:04:06
1990969,SecondHalf,Sweden,0,0,0,0,0,0,0,0,0,0 days 01:04:07
1990969,SecondHalf,France,0,0,0,0,0,0,1,0,0,0 days 01:04:09
1990969,SecondHalf,Sweden,0,0,0,0,0,1,0,0,0,0 days 01:04:10
1990969,SecondHalf,France,0,0,0,0,0,0,0,0,0,0 days 01:04:10
1990969,SecondHalf,Sweden,0,0,0,0,0,0,0,0,0,0 days 01:04:10
1990969,SecondHalf,France,0,0,0,0,0,0,1,0,0,0 days 01:04:11
1990969,SecondHalf,Sweden,0,0,0,0,0,0,1,0,0,0 days 01:04:13
1990969,SecondHalf,Sweden,0,0,0,0,0,0,1,0,0,0 days 01:04:13
1990969,SecondHalf,Sweden,0,0,0,0,0,0,1,0,0,0 days 01:04:14
1990969,SecondHalf,Sweden,0,0,0,0,0,0,1,0,0,0 days 01:04:15
1990969,SecondHalf,France,0,0,0,0,0,1,0,0,0,0 days 01:04:17
1990969,SecondHalf,France,0,1,0,0,0,0,0,0,0,0 days 01:04:18
1990969,SecondHalf,France,0,0,0,0,0,0,1,0,0,0 days 01:04:18
1990969,SecondHalf,France,0,0,0,0,0,0,1,0,0,0 days 01:04:19
1990969,SecondHalf,France,0,0,0,0,0,0,1,0,0,0 days 01:04:20
1990969,SecondHalf,France,0,0,0,0,0,0,1,0,0,0 days 01:04:25
1990969,SecondHalf,Sweden,0,0,0,0,0,0,0,0,0,0 days 01:04:29
1990969,SecondHalf,France,1,0,0,0,0,0,0,0,0,0 days 01:04:29
1990969,SecondHalf,Sweden,0,0,0,0,0,0,0,0,0,0 days 01:04:32
1990969,SecondHalf,France,0,0,0,0,0,0,0,0,0,0 days 01:04:32
1990969,SecondHalf,Sweden,0,0,0,0,0,0,0,0,0,0 days 01:05:02
1990969,SecondHalf,Sweden,0,0,0,0,0,0,0,0,0,0 days 01:05:02
1990969,SecondHalf,Sweden,0,0,0,0,0,0,0,0,0,0 days 01:05:05
1990969,SecondHalf,Sweden,0,0,0,0,0,0,0,0,0,0 days 01:05:05
1990969,SecondHalf,France,0,0,0,0,0,0,1,0,0,0 days 01:05:20
1990969,SecondHalf,France,0,0,0,0,0,0,1,0,0,0 days 01:05:24
1990969,SecondHalf,France,0,0,0,0,0,0,1,0,0,0 days 01:05:26
1990969,SecondHalf,Sweden,0,0,1,0,0,0,0,0,0,0 days 01:05:29
1990969,SecondHalf,France,0,0,0,0,0,0,1,0,0,0 days 01:05:32
1990969,SecondHalf,France,0,0,0,0,0,0,1,0,0,0 days 01:05:34
1990969,SecondHalf,France,0,0,0,0,0,0,1,0,0,0 days 01:05:35
1990969,SecondHalf,France,1,0,0,0,0,0,0,0,0,0 days 01:05:37
1990969,SecondHalf,Sweden,0,0,0,0,0,0,0,0,0,0 days 01:05:37
1990969,SecondHalf,Sweden,0,0,0,0,0,0,0,0,0,0 days 01:05:37
1990969,SecondHalf,Sweden,0,0,0,0,0,0,1,0,0,0 days 01:05:43
1990969,SecondHalf,Sweden,0,0,0,0,0,0,1,0,0,0 days 01:05:45
1990969,SecondHalf,Sweden,0,0,0,0,0,0,0,0,0,0 days 01:05:47
1990969,SecondHalf,France,0,0,0,0,0,0,1,0,0,0 days 01:05:49
1990969,SecondHalf,Sweden,0,0,0,0,0,0,1,0,0,0 days 01:05:50
1990969,SecondHalf,Sweden,0,0,0,0,0,0,1,0,0,0 days 01:05:52
1990969,SecondHalf,Sweden,0,0,0,0,0,0,1,0,0,0 days 01:05:55
1990969,SecondHalf,Sweden,0,0,0,1,0,0,0,0,0,0 days 01:06:01
1990969,SecondHalf,France,0,0,0,0,0,0,0,1,0,0 days 01:06:01
1990969,SecondHalf,Sweden,0,0,0,0,0,0,0,0,1,0 days 01:06:02
1990969,SecondHalf,France,0,0,0,0,0,0,0,0,0,0 days 01:06:02
1990969,SecondHalf,Sweden,0,0,0,0,0,0,1,0,0,0 days 01:06:04
1990969,SecondHalf,Sweden,0,0,0,0,0,0,1,0,0,0 days 01:06:06
1990969,SecondHalf,France,0,0,1,0,0,0,0,0,0,0 days 01:06:08
1990969,SecondHalf,France,0,1,0,0,0,0,0,0,0,0 days 01:06:09
1990969,SecondHalf,France,0,0,0,0,0,0,1,0,0,0 days 01:06:09
1990969,SecondHalf,Sweden,0,0,0,0,0,0,1,0,0,0 days 01:06:18
1990969,SecondHalf,Sweden,0,0,0,0,0,0,1,0,0,0 days 01:06:21
1990969,SecondHalf,Sweden,0,0,0,0,0,0,1,0,0,0 days 01:06:27
1990969,SecondHalf,Sweden,0,0,0,0,0,0,1,0,0,0 days 01:06:30
1990969,SecondHalf,Sweden,0,0,0,0,0,0,1,0,0,0 days 01:06:33
1990969,SecondHalf,Sweden,0,0,0,0,0,0,1,0,0,0 days 01:06:37
1990969,SecondHalf,Sweden,0,0,0,0,0,0,1,0,0,0 days 01:06:39
1990969,SecondHalf,Sweden,0,0,0,0,0,0,1,0,0,0 days 01:06:42
1990969,SecondHalf,Sweden,0,0,0,0,0,0,1,0,0,0 days 01:06:44
1990969,SecondHalf,Sweden,0,0,0,0,0,0,1,0,0,0 days 01:06:46
1990969,SecondHalf,Sweden,0,0,0,0,0,0,1,0,0,0 days 01:06:49
1990969,SecondHalf,Sweden,0,0,0,0,0,0,1,0,0,0 days 01:06:56
1990970,SecondHalf,Paraguay,0,0,0,0,0,0,0,0,0,0 days 00:57:00
1990970,SecondHalf,Paraguay,0,0,0,0,0,0,1,0,0,0 days 00:57:14
1990970,SecondHalf,Paraguay,0,0,0,0,0,0,1,0,0,0 days 00:57:17
1990970,SecondHalf,Germany,0,0,0,0,0,0,1,0,0,0 days 00:57:19
1990970,SecondHalf,Germany,0,1,0,0,0,0,0,0,0,0 days 00:57:20
1990970,SecondHalf,Germany,0,0,0,0,0,0,1,0,0,0 days 00:57:21
1990970,SecondHalf,Germany,0,0,0,0,0,0,1,0,0,0 days 00:57:26
1990970,SecondHalf,Germany,0,0,0,0,0,0,1,0,0,0 days 00:57:29
1990970,SecondHalf,Germany,0,0,0,0,0,0,1,0,0,0 days 00:57:32
1990970,SecondHalf,Germany,0,0,0,0,0,0,1,0,0,0 days 00:57:36
1990970,SecondHalf,Germany,0,0,0,0,0,0,1,0,0,0 days 00:57:41
1990970,SecondHalf,Germany,0,0,0,0,0,0,1,0,0,0 days 00:57:43
1990970,SecondHalf,Germany,0,0,0,0,0,0,1,0,0,0 days 00:57:44
1990970,SecondHalf,Germany,0,0,0,0,0,0,1,0,0,0 days 00:57:49
1990970,SecondHalf,Germany,0,0,0,0,0,0,1,0,0,0 days 00:57:55
1990970,SecondHalf,Germany,0,0,0,0,0,0,1,0,0,0 days 00:58:00
1990970,SecondHalf,Germany,0,0,0,0,0,0,1,0,0,0 days 00:58:05
1990970,SecondHalf,Germany,0,0,0,0,0,0,1,0,0,0 days 00:58:08
1990970,SecondHalf,Germany,0,0,0,0,0,0,1,0,0,0 days 00:58:10
1990970,SecondHalf,Germany,0,0,0,0,0,0,1,0,0,0 days 00:58:12
1990970,SecondHalf,Germany,0,0,0,0,0,0,1,0,0,0 days 00:58:13
1990970,SecondHalf,Germany,0,0,0,0,0,0,1,0,0,0 days 00:58:17
1990970,SecondHalf,Paraguay,0,0,0,0,0,0,1,0,0,0 days 00:58:38
1990970,SecondHalf,Paraguay,0,0,0,0,0,0,1,0,0,0 days 00:58:44
1990970,SecondHalf,Paraguay,0,0,0,0,0,0,1,0,0,0 days 00:58:47
1990970,SecondHalf,Germany,0,0,0,0,0,0,0,0,0,0 days 00:58:49
1990970,SecondHalf,Paraguay,0,0,0,0,0,0,0,0,0,0 days 00:58:49
1990970,SecondHalf,Paraguay,1,0,0,0,0,0,0,0,0,0 days 00:58:49
1990970,SecondHalf,Germany,0,0,0,0,0,0,0,0,0,0 days 00:58:50
1990970,SecondHalf,Germany,0,0,0,0,0,0,0,0,0,0 days 00:58:51
1990970,SecondHalf,Germany,0,0,0,0,0,0,1,0,0,0 days 00:58:58
1990970,SecondHalf,Germany,0,0,0,0,0,0,1,0,0,0 days 00:59:04
1990970,SecondHalf,Germany,0,0,0,1,0,0,0,0,0,0 days 00:59:07
1990970,SecondHalf,Paraguay,0,0,0,0,0,0,0,1,0,0 days 00:59:07
1990970,SecondHalf,Paraguay,0,1,0,0,0,0,0,0,0,0 days 00:59:12
1990970,SecondHalf,Paraguay,0,0,0,1,0,0,0,0,0,0 days 00:59:13
1990970,SecondHalf,Germany,0,0,0,0,0,0,0,1,0,0 days 00:59:13
1990970,SecondHalf,Germany,0,1,0,0,0,0,0,0,0,0 days 00:59:15
1990970,SecondHalf,Germany,0,0,0,0,0,0,1,0,0,0 days 00:59:22
1990970,SecondHalf,Germany,0,0,0,0,0,0,1,0,0,0 days 00:59:26
1990970,SecondHalf,Germany,0,0,0,0,0,0,1,0,0,0 days 00:59:27
1990970,SecondHalf,Germany,0,0,0,0,0,0,1,0,0,0 days 00:59:29
1990970,SecondHalf,Germany,0,0,0,0,0,0,1,0,0,0 days 00:59:32
1990970,SecondHalf,Paraguay,0,0,0,0,0,0,1,0,0,0 days 00:59:34
1990970,SecondHalf,Germany,0,0,0,0,0,0,0,0,0,0 days 00:59:35
1990970,SecondHalf,Germany,0,0,0,0,0,0,1,0,0,0 days 00:59:39
1990970,SecondHalf,Germany,0,0,0,0,0,0,0,0,1,0 days 00:59:41
1990970,SecondHalf,Paraguay,0,0,0,0,0,0,0,1,0,0 days 00:59:41
1990970,SecondHalf,Paraguay,0,1,0,0,0,0,0,0,0,0 days 00:59:43
1990970,SecondHalf,Paraguay,0,0,0,0,0,0,1,0,0,0 days 00:59:44
1990970,SecondHalf,Paraguay,0,0,0,0,0,0,1,0,0,0 days 00:59:45
1990970,SecondHalf,Germany,0,0,0,0,0,0,0,0,0,0 days 00:59:45
1990970,SecondHalf,Paraguay,0,0,0,0,0,0,1,0,0,0 days 01:00:03
1990970,SecondHalf,Paraguay,0,0,0,0,0,0,1,0,0,0 days 01:00:06
1990970,SecondHalf,Germany,0,0,0,0,0,0,0,0,0,0 days 01:00:07
1990970,SecondHalf,Germany,0,1,0,0,0,0,0,0,0,0 days 01:00:07
1990970,SecondHalf,Germany,0,0,0,0,0,0,1,0,0,0 days 01:00:07
1990970,SecondHalf,Germany,0,0,0,0,0,0,1,0,0,0 days 01:00:09
1990970,SecondHalf,Germany,0,0,0,0,0,0,1,0,0,0 days 01:00:10
1990970,SecondHalf,Germany,0,0,0,0,0,0,1,0,0,0 days 01:00:14
1990970,SecondHalf,Germany,0,0,0,0,0,0,1,0,0,0 days 01:00:17
1990970,SecondHalf,Germany,0,0,0,0,0,0,1,0,0,0 days 01:00:18
1990970,SecondHalf,Germany,0,0,0,0,0,0,1,0,0,0 days 01:00:20
1990970,SecondHalf,Germany,0,0,0,0,0,0,1,0,0,0 days 01:00:23
1990970,SecondHalf,Germany,0,0,0,0,0,0,0,0,1,0 days 01:00:28
1990970,SecondHalf,Germany,0,0,0,0,1,0,0,0,0,0 days 01:00:29
1990970,SecondHalf,Paraguay,0,0,0,0,1,0,0,0,0,0 days 01:00:29
1990970,SecondHalf,Germany,0,0,0,0,0,0,1,0,0,0 days 01:01:31
1990970,SecondHalf,Paraguay,0,0,0,0,0,0,0,0,0,0 days 01:01:35
1990970,SecondHalf,Paraguay,0,0,0,0,0,0,1,0,0,0 days 01:01:37
1990970,SecondHalf,Paraguay,0,0,0,0,1,0,0,0,0,0 days 01:01:43
1990970,SecondHalf,Germany,0,0,0,0,1,0,0,0,0,0 days 01:01:43
1990970,SecondHalf,Paraguay,0,0,0,0,0,0,1,0,0,0 days 01:02:16
1990970,SecondHalf,Paraguay,0,0,0,0,0,0,0,0,0,0 days 01:02:20
1990970,SecondHalf,Germany,0,0,0,0,0,0,0,0,0,0 days 01:02:20
1990970,SecondHalf,Germany,0,0,1,0,0,0,0,0,0,0 days 01:02:21
1990970,SecondHalf,Germany,0,0,0,0,0,0,0,0,0,0 days 01:02:24
1990970,SecondHalf,Paraguay,0,0,0,0,0,0,0,0,1,0 days 01:02:24
1990970,SecondHalf,Paraguay,0,0,0,0,0,0,1,0,0,0 days 01:02:27
1990970,SecondHalf,Paraguay,0,0,0,0,0,0,0,0,0,0 days 01:02:32
1990970,SecondHalf,Germany,0,0,0,0,0,0,0,0,0,0 days 01:02:49
1990970,SecondHalf,Germany,0,0,0,0,0,0,0,0,0,0 days 01:02:49
1990970,SecondHalf,Germany,0,0,0,0,0,0,0,0,0,0 days 01:02:50
1990970,SecondHalf,Germany,0,0,0,0,0,0,1,0,0,0 days 01:02:53
1990970,SecondHalf,Germany,0,0,0,0,0,0,1,0,0,0 days 01:02:57
1990970,SecondHalf,Germany,0,0,0,0,0,0,1,0,0,0 days 01:03:00
1990970,SecondHalf,Germany,0,0,0,0,0,0,1,0,0,0 days 01:03:10
1990970,SecondHalf,Germany,0,0,0,0,0,0,1,0,0,0 days 01:03:14
1990970,SecondHalf,Germany,0,0,0,0,0,0,1,0,0,0 days 01:03:14
1990970,SecondHalf,Germany,0,0,0,0,0,0,1,0,0,0 days 01:03:17
1990970,SecondHalf,Germany,0,0,0,0,0,0,1,0,0,0 days 01:03:20
1990970,SecondHalf,Germany,0,0,0,0,0,0,1,0,0,0 days 01:03:25
1990970,SecondHalf,Germany,0,0,0,0,0,0,1,0,0,0 days 01:03:28
1990970,SecondHalf,Germany,0,0,0,0,0,0,1,0,0,0 days 01:03:34
1990970,SecondHalf,Germany,0,0,0,0,0,0,1,0,0,0 days 01:03:37
1990970,SecondHalf,Germany,0,0,0,0,0,0,1,0,0,0 days 01:03:39
1990970,SecondHalf,Paraguay,0,1,0,0,0,0,0,0,0,0 days 01:03:40
1990970,SecondHalf,Paraguay,0,0,0,0,0,0,1,0,0,0 days 01:03:42
1990970,SecondHalf,Germany,0,0,0,0,0,0,0,0,0,0 days 01:03:42
1990970,SecondHalf,Paraguay,0,0,0,0,0,0,1,0,0,0 days 01:03:43
1990970,SecondHalf,Paraguay,0,0,0,0,0,0,1,0,0,0 days 01:03:43
1990970,SecondHalf,Germany,0,1,0,0,0,0,0,0,0,0 days 01:03:48
1990970,SecondHalf,Germany,0,0,0,0,0,0,1,0,0,0 days 01:03:50
1990970,SecondHalf,Germany,0,0,0,0,0,0,1,0,0,0 days 01:03:53
1990970,SecondHalf,Germany,0,0,0,0,0,0,1,0,0,0 days 01:03:57
1990970,SecondHalf,Germany,0,0,0,0,0,0,1,0,0,0 days 01:04:00
1990970,SecondHalf,Germany,0,0,0,0,0,0,1,0,0,0 days 01:04:01
1990970,SecondHalf,Germany,0,0,0,0,0,0,1,0,0,0 days 01:04:03
1990970,SecondHalf,Germany,0,0,0,0,0,0,1,0,0,0 days 01:04:11
1990970,SecondHalf,Paraguay,0,0,0,0,1,0,0,0,0,0 days 01:04:12
1990970,SecondHalf,Germany,0,0,0,0,1,0,0,0,0,0 days 01:04:12
1990970,SecondHalf,Paraguay,0,0,0,0,0,0,0,0,0,0 days 01:04:13
1990970,SecondHalf,Germany,1,0,0,0,0,0,0,0,0,0 days 01:05:54
1990970,SecondHalf,Paraguay,0,0,0,0,0,0,0,0,0,0 days 01:05:54
1990970,SecondHalf,Germany,0,0,0,0,0,0,0,0,0,0 days 01:06:03
1990970,SecondHalf,Paraguay,0,0,0,0,0,0,0,0,0,0 days 01:06:03
1990970,SecondHalf,Germany,0,0,0,0,0,0,1,0,0,0 days 01:06:31
1990970,SecondHalf,Paraguay,0,0,1,0,0,0,0,0,0,0 days 01:06:33
1990970,SecondHalf,Germany,0,0,0,0,0,0,0,0,0,0 days 01:06:34
1990970,SecondHalf,Paraguay,0,0,0,0,0,0,0,0,0,0 days 01:06:34
1990970,SecondHalf,Germany,0,0,0,0,0,0,1,0,0,0 days 01:06:52
1990970,SecondHalf,Germany,0,0,0,0,1,0,0,0,0,0 days 01:06:58
1990970,SecondHalf,Paraguay,0,0,0,0,1,0,0,0,0,0 days 01:06:58
1990971,SecondHalf,Egypt,0,0,0,0,0,0,1,0,0,0 days 00:57:01
1990971,SecondHalf,Egypt,0,0,0,0,0,0,1,0,0,0 days 00:57:03
1990971,SecondHalf,Egypt,0,0,0,0,0,0,1,0,0,0 days 00:57:05
1990971,SecondHalf,Egypt,0,0,0,0,0,0,1,0,0,0 days 00:57:08
1990971,SecondHalf,Egypt,0,0,0,0,0,0,1,0,0,0 days 00:57:12
1990971,SecondHalf,Egypt,0,0,0,0,0,0,1,0,0,0 days 00:57:13
1990971,SecondHalf,Australia,0,0,0,0,0,0,0,0,0,0 days 00:57:16
1990971,SecondHalf,Australia,0,0,0,0,0,0,0,0,0,0 days 00:57:17
1990971,SecondHalf,Australia,0,1,0,0,0,0,0,0,0,0 days 00:57:18
1990971,SecondHalf,Australia,0,0,0,0,0,0,1,0,0,0 days 00:57:20
1990971,SecondHalf,Australia,0,0,0,0,0,0,1,0,0,0 days 00:57:21
1990971,SecondHalf,Australia,0,0,0,0,0,0,1,0,0,0 days 00:57:24
1990971,SecondHalf,Egypt,0,0,0,0,0,0,0,0,0,0 days 00:57:29
1990971,SecondHalf,Egypt,0,0,0,0,0,0,1,0,0,0 days 00:57:30
1990971,SecondHalf,Egypt,0,0,0,0,0,0,1,0,0,0 days 00:57:37
1990971,SecondHalf,Australia,0,0,0,0,0,0,0,1,0,0 days 00:57:39
1990971,SecondHalf,Egypt,0,0,0,1,0,0,0,0,0,0 days 00:57:39
1990971,SecondHalf,Egypt,0,0,0,0,0,0,1,0,0,0 days 00:57:40
1990971,SecondHalf,Egypt,0,0,0,0,0,0,1,0,0,0 days 00:57:42
1990971,SecondHalf,Egypt,0,0,0,0,0,0,1,0,0,0 days 00:57:57
1990971,SecondHalf,Australia,0,0,1,0,0,0,0,0,0,0 days 00:58:00
1990971,SecondHalf,Egypt,0,0,0,0,0,0,1,0,0,0 days 00:58:02
1990971,SecondHalf,Australia,0,0,0,0,0,0,0,0,0,0 days 00:58:04
1990971,SecondHalf,Egypt,0,0,0,0,0,0,0,0,1,0 days 00:58:04
1990971,SecondHalf,Egypt,0,0,0,0,0,0,1,0,0,0 days 00:58:06
1990971,SecondHalf,Egypt,0,0,0,0,0,0,1,0,0,0 days 00:58:08
1990971,SecondHalf,Australia,0,0,0,0,0,0,0,0,0,0 days 00:58:08
1990971,SecondHalf,Australia,0,0,1,0,0,0,0,0,0,0 days 00:58:12
1990971,SecondHalf,Egypt,0,0,0,0,0,0,1,0,0,0 days 00:58:16
1990971,SecondHalf,Egypt,0,0,0,0,0,0,1,0,0,0 days 00:58:19
1990971,SecondHalf,Egypt,0,0,0,0,0,0,1,0,0,0 days 00:58:25
1990971,SecondHalf,Egypt,0,0,0,0,0,0,1,0,0,0 days 00:58:28
1990971,SecondHalf,Egypt,0,0,0,0,0,0,1,0,0,0 days 00:58:32
1990971,SecondHalf,Egypt,0,0,0,0,0,0,1,0,0,0 days 00:58:35
1990971,SecondHalf,Egypt,0,0,0,0,0,0,1,0,0,0 days 00:58:36
1990971,SecondHalf,Egypt,0,0,0,0,0,0,1,0,0,0 days 00:58:43
1990971,SecondHalf,Egypt,0,0,0,0,0,0,1,0,0,0 days 00:58:47
1990971,SecondHalf,Egypt,0,0,0,0,0,0,1,0,0,0 days 00:58:50
1990971,SecondHalf,Egypt,0,0,0,0,0,0,1,0,0,0 days 00:58:53
1990971,SecondHalf,Australia,0,1,0,0,0,0,0,0,0,0 days 00:58:56
1990971,SecondHalf,Australia,0,0,0,0,0,0,1,0,0,0 days 00:58:58
1990971,SecondHalf,Australia,0,0,0,0,0,0,0,0,1,0 days 00:59:00
1990971,SecondHalf,Egypt,0,0,0,0,1,0,0,0,0,0 days 00:59:01
1990971,SecondHalf,Australia,0,0,0,0,1,0,0,0,0,0 days 00:59:01
1990971,SecondHalf,Australia,0,0,0,0,0,0,1,0,0,0 days 00:59:56
1990971,SecondHalf,Egypt,0,0,0,0,0,0,0,0,0,0 days 00:59:58
1990971,SecondHalf,Australia,0,0,0,0,0,0,0,0,0,0 days 00:59:58
1990971,SecondHalf,Egypt,0,0,1,0,0,0,0,0,0,0 days 00:59:59
1990971,SecondHalf,Australia,0,0,0,0,0,0,1,0,0,0 days 01:00:00
1990971,SecondHalf,Australia,0,0,0,0,0,0,1,0,0,0 days 01:00:02
1990971,SecondHalf,Australia,0,0,0,0,0,0,1,0,0,0 days 01:00:07
1990971,SecondHalf,Egypt,0,0,1,0,0,0,0,0,0,0 days 01:00:09
1990971,SecondHalf,Australia,0,0,0,0,0,0,1,0,0,0 days 01:00:10
1990971,SecondHalf,Australia,0,0,0,0,0,0,1,0,0,0 days 01:00:11
1990971,SecondHalf,Egypt,0,0,1,0,0,0,0,0,0,0 days 01:00:12
1990971,SecondHalf,Australia,0,0,0,0,0,0,1,0,0,0 days 01:00:14
1990971,SecondHalf,Australia,0,0,0,0,0,0,0,0,0,0 days 01:00:17
1990971,SecondHalf,Egypt,0,0,0,0,0,0,0,0,0,0 days 01:00:17
1990971,SecondHalf,Egypt,0,0,1,0,0,0,0,0,0,0 days 01:00:17
1990971,SecondHalf,Australia,0,0,0,0,0,0,0,0,0,0 days 01:00:19
1990971,SecondHalf,Australia,0,0,0,0,0,0,1,0,0,0 days 01:00:21
1990971,SecondHalf,Egypt,0,0,1,0,0,0,0,0,0,0 days 01:00:22
1990971,SecondHalf,Australia,0,0,0,0,0,0,1,0,0,0 days 01:00:23
1990971,SecondHalf,Australia,0,0,0,0,0,0,1,0,0,0 days 01:00:25
1990971,SecondHalf,Australia,0,0,0,0,0,0,1,0,0,0 days 01:00:27
1990971,SecondHalf,Australia,0,0,0,0,0,0,1,0,0,0 days 01:00:28
1990971,SecondHalf,Australia,0,0,0,0,0,0,1,0,0,0 days 01:00:30
1990971,SecondHalf,Australia,0,0,0,0,0,0,1,0,0,0 days 01:00:32
1990971,SecondHalf,Australia,0,0,0,0,0,0,1,0,0,0 days 01:00:33
1990971,SecondHalf,Egypt,0,0,1,0,0,0,0,0,0,0 days 01:00:33
1990971,SecondHalf,Australia,1,0,0,0,0,0,0,0,0,0 days 01:00:35
1990971,SecondHalf,Egypt,0,0,0,0,0,0,0,0,0,0 days 01:00:35
1990971,SecondHalf,Egypt,0,0,0,0,0,0,1,0,0,0 days 01:00:39
1990971,SecondHalf,Egypt,0,0,1,0,0,0,0,0,0,0 days 01:00:39
1990971,SecondHalf,Egypt,0,0,0,0,1,0,0,0,0,0 days 01:00:42
1990971,SecondHalf,Australia,0,0,0,0,1,0,0,0,0,0 days 01:00:42
1990971,SecondHalf,Egypt,0,0,0,0,0,0,1,0,0,0 days 01:01:05
1990971,SecondHalf,Egypt,0,0,0,0,0,0,1,0,0,0 days 01:01:07
1990971,SecondHalf,Egypt,0,0,0,0,0,0,1,0,0,0 days 01:01:12
1990971,SecondHalf,Egypt,0,0,0,0,0,0,1,0,0,0 days 01:01:20
1990971,SecondHalf,Egypt,0,0,0,0,0,0,1,0,0,0 days 01:01:25
1990971,SecondHalf,Egypt,0,0,0,0,0,0,1,0,0,0 days 01:01:28
1990971,SecondHalf,Egypt,0,0,0,0,0,0,1,0,0,0 days 01:01:30
1990971,SecondHalf,Egypt,0,0,0,0,0,0,1,0,0,0 days 01:01:36
1990971,SecondHalf,Egypt,0,0,0,0,0,0,1,0,0,0 days 01:01:40
1990971,SecondHalf,Egypt,0,0,0,0,0,0,1,0,0,0 days 01:01:43
1990971,SecondHalf,Egypt,0,0,0,0,0,0,1,0,0,0 days 01:01:46
1990971,SecondHalf,Egypt,0,0,0,0,0,0,1,0,0,0 days 01:01:50
1990971,SecondHalf,Egypt,0,0,0,0,0,0,1,0,0,0 days 01:01:53
1990971,SecondHalf,Egypt,0,0,0,0,0,0,1,0,0,0 days 01:01:58
1990971,SecondHalf,Egypt,0,0,0,0,0,0,1,0,0,0 days 01:02:00
1990971,SecondHalf,Egypt,0,0,0,0,0,0,1,0,0,0 days 01:02:04
1990971,SecondHalf,Egypt,0,0,0,0,0,0,1,0,0,0 days 01:02:07
1990971,SecondHalf,Egypt,0,0,0,0,0,0,1,0,0,0 days 01:02:09
1990971,SecondHalf,Egypt,0,0,0,0,0,0,1,0,0,0 days 01:02:10
1990971,SecondHalf,Egypt,0,0,0,0,0,0,0,0,0,0 days 01:02:12
1990971,SecondHalf,Australia,0,0,0,0,0,0,0,0,0,0 days 01:02:12
1990971,SecondHalf,Australia,0,0,0,0,0,0,1,0,0,0 days 01:02:52
1990971,SecondHalf,Egypt,0,0,0,0,0,0,1,0,0,0 days 01:02:57
1990971,SecondHalf,Australia,0,0,0,0,0,0,1,0,0,0 days 01:02:58
1990971,SecondHalf,Egypt,0,0,0,0,0,0,0,0,0,0 days 01:02:00
1990971,SecondHalf,Australia,0,0,0,0,0,0,1,0,0,0 days 01:03:00
1990971,SecondHalf,Australia,0,0,0,0,0,0,1,0,0,0 days 01:03:03
1990971,SecondHalf,Australia,0,0,0,0,0,0,1,0,0,0 days 01:03:07
1990971,SecondHalf,Australia,0,0,0,0,0,0,1,0,0,0 days 01:03:08
1990971,SecondHalf,Australia,0,0,0,0,0,0,1,0,0,0 days 01:03:13
1990971,SecondHalf,Australia,0,0,0,0,0,0,1,0,0,0 days 01:03:14
1990971,SecondHalf,Australia,0,0,0,0,0,0,1,0,0,0 days 01:03:20
1990971,SecondHalf,Australia,0,0,0,0,0,0,1,0,0,0 days 01:03:22
1990971,SecondHalf,Australia,0,0,0,0,0,0,1,0,0,0 days 01:03:24
1990971,SecondHalf,Australia,0,0,0,0,0,0,1,0,0,0 days 01:03:26
1990971,SecondHalf,Australia,0,0,0,0,0,0,0,0,0,0 days 01:03:28
1990971,SecondHalf,Egypt,0,0,0,0,0,0,1,0,0,0 days 01:03:48
1990971,SecondHalf,Egypt,0,0,0,0,0,0,1,0,0,0 days 01:03:50
1990971,SecondHalf,Australia,0,0,0,0,0,0,0,0,0,0 days 01:03:55
1990971,SecondHalf,Australia,0,0,0,0,0,0,1,0,0,0 days 01:03:56
1990971,SecondHalf,Australia,0,0,0,0,0,0,1,0,0,0 days 01:03:58
1990971,SecondHalf,Australia,0,0,0,0,0,0,1,0,0,0 days 01:04:01
1990971,SecondHalf,Australia,0,0,0,0,0,0,1,0,0,0 days 01:04:04
1990971,SecondHalf,Australia,0,0,0,0,0,0,1,0,0,0 days 01:04:07
1990971,SecondHalf,Australia,0,0,0,0,0,0,1,0,0,0 days 01:04:10
1990971,SecondHalf,Australia,0,0,0,0,0,0,1,0,0,0 days 01:04:14
1990971,SecondHalf,Australia,0,0,0,0,0,0,1,0,0,0 days 01:04:15
1990971,SecondHalf,Australia,0,0,0,0,0,0,1,0,0,0 days 01:04:17
1990971,SecondHalf,Australia,0,0,0,0,0,0,1,0,0,0 days 01:04:19
1990971,SecondHalf,Australia,0,0,0,0,0,0,1,0,0,0 days 01:04:21
1990971,SecondHalf,Australia,0,0,0,0,0,0,1,0,0,0 days 01:04:28
1990971,SecondHalf,Australia,0,0,0,0,0,0,1,0,0,0 days 01:04:34
1990971,SecondHalf,Australia,0,0,0,0,0,0,0,0,0,0 days 01:04:36
1990971,SecondHalf,Egypt,0,0,0,0,0,0,1,0,0,0 days 01:04:38
1990971,SecondHalf,Egypt,0,1,0,0,0,0,0,0,0,0 days 01:04:41
1990971,SecondHalf,Egypt,0,0,0,0,0,0,1,0,0,0 days 01:04:42
1990971,SecondHalf,Egypt,0,0,0,0,0,0,1,0,0,0 days 01:04:42
1990971,SecondHalf,Egypt,0,0,0,0,0,0,1,0,0,0 days 01:04:44
1990971,SecondHalf,Egypt,0,0,0,0,0,0,1,0,0,0 days 01:04:49
1990971,SecondHalf,Egypt,0,0,0,0,0,0,1,0,0,0 days 01:04:52
1990971,SecondHalf,Egypt,0,0,0,0,0,0,1,0,0,0 days 01:04:55
1990971,SecondHalf,Egypt,0,0,0,0,0,0,1,0,0,0 days 01:04:57
1990971,SecondHalf,Egypt,0,0,0,0,0,0,1,0,0,0 days 01:05:03
1990971,SecondHalf,Egypt,0,0,0,0,0,0,1,0,0,0 days 01:05:06
1990971,SecondHalf,Egypt,0,0,0,0,0,0,1,0,0,0 days 01:05:08
1990971,SecondHalf,Egypt,0,0,0,0,0,0,1,0,0,0 days 01:05:10
1990971,SecondHalf,Egypt,0,0,0,0,0,0,1,0,0,0 days 01:05:12
1990971,SecondHalf,Egypt,0,0,0,0,0,0,1,0,0,0 days 01:05:15
1990971,SecondHalf,Egypt,0,0,0,0,0,0,1,0,0,0 days 01:05:17
1990971,SecondHalf,Australia,0,1,0,0,0,0,0,0,0,0 days 01:05:19
1990971,SecondHalf,Australia,0,0,0,0,0,0,1,0,0,0 days 01:05:19
1990971,SecondHalf,Australia,0,0,0,0,0,0,1,0,0,0 days 01:05:22
1990971,SecondHalf,Australia,0,0,0,0,0,0,1,0,0,0 days 01:05:24
1990971,SecondHalf,Australia,0,0,0,0,0,0,1,0,0,0 days 01:05:25
1990971,SecondHalf,Egypt,0,0,0,0,0,1,0,0,0,0 days 01:05:27
1990971,SecondHalf,Egypt,0,1,0,0,0,0,0,0,0,0 days 01:05:28
1990971,SecondHalf,Egypt,0,0,0,0,0,0,1,0,0,0 days 01:05:33
1990971,SecondHalf,Egypt,0,0,0,0,0,0,0,0,0,0 days 01:05:34
1990971,SecondHalf,Australia,0,0,1,0,0,0,0,0,0,0 days 01:05:36
1990971,SecondHalf,Australia,0,0,0,0,0,0,1,0,0,0 days 01:05:39
1990971,SecondHalf,Egypt,0,0,0,0,0,0,0,0,0,0 days 01:05:39
1990971,SecondHalf,Egypt,0,0,0,0,0,0,1,0,0,0 days 01:05:41
1990971,SecondHalf,Egypt,0,0,0,0,0,0,1,0,0,0 days 01:05:44
1990971,SecondHalf,Australia,0,0,1,0,0,0,0,0,0,0 days 01:05:45
1990971,SecondHalf,Egypt,0,0,0,0,0,0,1,0,0,0 days 01:05:48
1990971,SecondHalf,Egypt,0,0,0,0,0,0,1,0,0,0 days 01:05:53
1990971,SecondHalf,Egypt,0,0,0,0,0,0,1,0,0,0 days 01:05:56
1990971,SecondHalf,Egypt,0,0,0,0,0,0,1,0,0,0 days 01:05:58
1990971,SecondHalf,Egypt,0,0,0,0,0,0,1,0,0,0 days 01:06:01
1990971,SecondHalf,Egypt,0,0,0,0,0,0,1,0,0,0 days 01:06:04
1990971,SecondHalf,Egypt,0,0,0,0,0,0,1,0,0,0 days 01:06:06
1990971,SecondHalf,Egypt,0,0,0,0,0,0,1,0,0,0 days 01:06:07
1990971,SecondHalf,Australia,0,0,0,0,0,1,0,0,0,0 days 01:06:09
1990971,SecondHalf,Egypt,0,0,0,0,0,0,1,0,0,0 days 01:06:11
1990971,SecondHalf,Egypt,0,0,0,0,0,0,1,0,0,0 days 01:06:12
1990971,SecondHalf,Australia,0,0,1,0,0,0,0,0,0,0 days 01:06:15
1990971,SecondHalf,Australia,0,1,0,0,0,0,0,0,0,0 days 01:06:16
1990971,SecondHalf,Australia,0,0,0,0,0,0,1,0,0,0 days 01:06:18
1990971,SecondHalf,Egypt,0,0,0,0,0,0,0,0,0,0 days 01:06:18
1990971,SecondHalf,Egypt,0,0,0,0,0,0,0,0,0,0 days 01:06:38
1990971,SecondHalf,Egypt,0,0,0,0,0,0,0,0,0,0 days 01:06:38
1990971,SecondHalf,Egypt,0,0,0,0,0,0,0,0,0,0 days 01:06:44
1990971,SecondHalf,Egypt,0,0,0,0,0,0,0,0,0,0 days 01:06:44
1990971,SecondHalf,Egypt,0,0,0,0,0,0,0,0,0,0 days 01:06:45
1990971,SecondHalf,Australia,0,0,0,0,0,0,1,0,0,0 days 01:06:54
1990971,SecondHalf,Australia,0,0,0,0,0,0,1,0,0,0 days 01:06:56
1990971,SecondHalf,Australia,0,0,0,0,0,0,0,0,0,0 days 01:06:57
1992061,SecondHalf,Ecuador,0,0,0,0,0,0,1,0,0,0 days 00:57:00
1992061,SecondHalf,Ecuador,0,0,0,0,0,0,1,0,0,0 days 00:57:03
1992061,SecondHalf,Ecuador,0,0,0,0,0,0,1,0,0,0 days 00:57:07
1992061,SecondHalf,Ecuador,0,0,0,0,0,0,1,0,0,0 days 00:57:13
1992061,SecondHalf,Mexico,0,0,1,0,0,0,0,0,0,0 days 00:57:13
1992061,SecondHalf,Ecuador,0,0,0,0,0,0,1,0,0,0 days 00:57:16
1992061,SecondHalf,Ecuador,0,0,0,0,0,0,1,0,0,0 days 00:57:21
1992061,SecondHalf,Ecuador,0,0,0,0,0,0,1,0,0,0 days 00:57:23
1992061,SecondHalf,Ecuador,0,0,0,0,0,0,1,0,0,0 days 00:57:27
1992061,SecondHalf,Mexico,0,0,0,0,0,1,0,0,0,0 days 00:57:28
1992061,SecondHalf,Mexico,0,1,0,0,0,0,0,0,0,0 days 00:57:28
1992061,SecondHalf,Mexico,0,0,0,0,0,0,0,0,1,0 days 00:57:34
1992061,SecondHalf,Ecuador,0,0,0,0,1,0,0,0,0,0 days 00:57:36
1992061,SecondHalf,Mexico,0,0,0,0,1,0,0,0,0,0 days 00:57:36
1992061,SecondHalf,Mexico,0,0,0,0,0,0,0,0,0,0 days 00:57:55
1992061,SecondHalf,Mexico,0,0,0,0,0,0,0,0,0,0 days 00:57:55
1992061,SecondHalf,Ecuador,0,0,0,0,0,0,0,0,0,0 days 00:58:15
1992061,SecondHalf,Ecuador,0,0,0,0,0,0,0,0,0,0 days 00:58:15
1992061,SecondHalf,Mexico,0,0,0,0,0,0,1,0,0,0 days 00:58:26
1992061,SecondHalf,Ecuador,0,0,0,0,0,1,0,0,0,0 days 00:58:27
1992061,SecondHalf,Ecuador,0,1,0,0,0,0,0,0,0,0 days 00:58:29
1992061,SecondHalf,Ecuador,0,0,0,0,0,0,1,0,0,0 days 00:58:32
1992061,SecondHalf,Ecuador,0,0,0,0,0,0,1,0,0,0 days 00:58:34
1992061,SecondHalf,Mexico,0,1,0,0,0,0,0,0,0,0 days 00:58:36
1992061,SecondHalf,Mexico,0,0,0,0,0,0,1,0,0,0 days 00:58:36
1992061,SecondHalf,Mexico,0,0,0,0,0,0,1,0,0,0 days 00:58:38
1992061,SecondHalf,Mexico,0,0,0,0,0,0,1,0,0,0 days 00:58:39
1992061,SecondHalf,Mexico,0,0,0,0,0,0,1,0,0,0 days 00:58:40
1992061,SecondHalf,Mexico,0,0,0,0,0,0,1,0,0,0 days 00:58:43
1992061,SecondHalf,Mexico,0,0,0,0,0,0,1,0,0,0 days 00:58:46
1992061,SecondHalf,Mexico,0,0,0,0,0,0,1,0,0,0 days 00:58:51
1992061,SecondHalf,Ecuador,0,0,0,0,1,0,0,0,0,0 days 00:58:54
1992061,SecondHalf,Mexico,0,0,0,0,1,0,0,0,0,0 days 00:58:54
1992061,SecondHalf,Ecuador,0,0,0,0,0,0,1,0,0,0 days 00:59:07
1992061,SecondHalf,Ecuador,0,0,0,0,0,0,1,0,0,0 days 00:59:11
1992061,SecondHalf,Ecuador,0,0,0,0,0,0,1,0,0,0 days 00:59:13
1992061,SecondHalf,Ecuador,0,0,0,0,0,0,1,0,0,0 days 00:59:19
1992061,SecondHalf,Ecuador,0,0,0,0,0,0,1,0,0,0 days 00:59:22
1992061,SecondHalf,Mexico,0,0,0,0,0,0,1,0,0,0 days 00:59:47
1992061,SecondHalf,Mexico,0,0,0,0,0,0,1,0,0,0 days 00:59:49
1992061,SecondHalf,Mexico,0,0,0,0,0,0,1,0,0,0 days 00:59:53
1992061,SecondHalf,Ecuador,0,1,0,0,0,0,0,0,0,0 days 00:59:54
1992061,SecondHalf,Ecuador,0,0,0,0,0,0,1,0,0,0 days 00:59:57
1992061,SecondHalf,Mexico,0,0,0,0,0,0,1,0,0,0 days 01:00:06
1992061,SecondHalf,Mexico,0,0,0,0,0,0,1,0,0,0 days 01:00:10
1992061,SecondHalf,Mexico,0,0,0,0,0,0,1,0,0,0 days 01:00:15
1992061,SecondHalf,Ecuador,0,0,0,0,1,0,0,0,0,0 days 01:00:19
1992061,SecondHalf,Mexico,0,0,0,0,1,0,0,0,0,0 days 01:00:19
1992061,SecondHalf,Ecuador,0,0,0,0,0,0,1,0,0,0 days 01:00:30
1992061,SecondHalf,Ecuador,0,0,0,0,0,0,1,0,0,0 days 01:00:35
1992061,SecondHalf,Ecuador,0,0,0,0,0,0,1,0,0,0 days 01:00:39
1992061,SecondHalf,Ecuador,0,0,0,0,0,0,1,0,0,0 days 01:00:42
1992061,SecondHalf,Ecuador,0,0,0,0,0,0,1,0,0,0 days 01:00:45
1992061,SecondHalf,Ecuador,0,0,0,0,0,0,1,0,0,0 days 01:00:52
1992061,SecondHalf,Ecuador,0,0,0,0,0,0,1,0,0,0 days 01:00:55
1992061,SecondHalf,Ecuador,0,0,0,0,0,0,1,0,0,0 days 01:01:03
1992061,SecondHalf,Mexico,0,0,0,0,0,1,0,0,0,0 days 01:01:04
1992061,SecondHalf,Ecuador,0,0,0,1,0,0,0,0,0,0 days 01:01:05
1992061,SecondHalf,Mexico,0,0,0,0,0,0,0,1,0,0 days 01:01:05
1992061,SecondHalf,Ecuador,0,0,0,0,0,0,0,0,0,0 days 01:01:06
1992061,SecondHalf,Ecuador,0,0,0,0,0,0,1,0,0,0 days 01:01:08
1992061,SecondHalf,Mexico,0,0,0,0,0,0,0,0,0,0 days 01:01:12
1992061,SecondHalf,Ecuador,0,0,0,0,0,0,0,0,1,0 days 01:01:12
1992061,SecondHalf,Ecuador,0,0,0,0,0,0,1,0,0,0 days 01:01:14
1992061,SecondHalf,Mexico,0,0,1,0,0,0,0,0,0,0 days 01:01:15
1992061,SecondHalf,Ecuador,0,0,0,0,0,0,1,0,0,0 days 01:01:24
1992061,SecondHalf,Ecuador,0,0,0,0,0,0,1,0,0,0 days 01:01:31
1992061,SecondHalf,Ecuador,0,0,0,0,0,0,1,0,0,0 days 01:01:33
1992061,SecondHalf,Ecuador,0,0,0,0,0,0,1,0,0,0 days 01:01:36
1992061,SecondHalf,Ecuador,0,0,0,0,0,0,1,0,0,0 days 01:01:39
1992061,SecondHalf,Mexico,0,0,1,0,0,0,0,0,0,0 days 01:01:41
1992061,SecondHalf,Ecuador,0,0,0,0,0,0,0,0,0,0 days 01:01:44
1992061,SecondHalf,Ecuador,0,0,0,0,0,0,1,0,0,0 days 01:02:06
1992061,SecondHalf,Ecuador,0,0,0,0,0,0,1,0,0,0 days 01:02:09
1992061,SecondHalf,Ecuador,0,0,0,0,0,0,1,0,0,0 days 01:02:12
1992061,SecondHalf,Ecuador,0,0,0,0,0,0,1,0,0,0 days 01:02:16
1992061,SecondHalf,Ecuador,0,0,0,0,0,0,1,0,0,0 days 01:02:19
1992061,SecondHalf,Ecuador,0,0,0,0,0,0,1,0,0,0 days 01:02:27
1992061,SecondHalf,Ecuador,0,0,0,0,0,0,1,0,0,0 days 01:02:31
1992061,SecondHalf,Ecuador,0,0,0,0,0,0,1,0,0,0 days 01:02:34
1992061,SecondHalf,Mexico,0,0,1,0,0,0,0,0,0,0 days 01:02:36
1992061,SecondHalf,Ecuador,0,0,0,0,0,0,1,0,0,0 days 01:02:36
1992061,SecondHalf,Ecuador,0,0,0,0,0,0,0,0,0,0 days 01:02:38
1992061,SecondHalf,Mexico,0,0,0,0,0,0,0,0,0,0 days 01:02:38
1992061,SecondHalf,Ecuador,0,0,0,0,0,0,1,0,0,0 days 01:03:07
1992061,SecondHalf,Mexico,0,0,0,0,0,0,0,0,0,0 days 01:03:09
1992061,SecondHalf,Ecuador,0,0,0,0,0,0,0,0,0,0 days 01:03:09
1992061,SecondHalf,Mexico,0,0,1,0,0,0,0,0,0,0 days 01:03:10
1992061,SecondHalf,Ecuador,0,0,0,0,0,0,1,0,0,0 days 01:03:15
1992061,SecondHalf,Ecuador,0,0,0,0,0,0,1,0,0,0 days 01:03:17
1992061,SecondHalf,Ecuador,0,0,0,0,0,0,1,0,0,0 days 01:03:22
1992061,SecondHalf,Mexico,0,0,0,0,0,0,1,0,0,0 days 01:03:45
1992061,SecondHalf,Mexico,0,0,0,0,0,0,1,0,0,0 days 01:03:49
1992061,SecondHalf,Mexico,0,0,0,0,0,0,1,0,0,0 days 01:03:54
1992061,SecondHalf,Ecuador,0,0,0,0,0,1,0,0,0,0 days 01:03:56
1992061,SecondHalf,Ecuador,0,1,0,0,0,0,0,0,0,0 days 01:03:57
1992061,SecondHalf,Ecuador,0,0,0,0,0,0,1,0,0,0 days 01:03:58
1992061,SecondHalf,Ecuador,0,0,0,0,0,0,1,0,0,0 days 01:03:58
1992061,SecondHalf,Ecuador,0,0,0,0,0,0,1,0,0,0 days 01:04:04
1992061,SecondHalf,Ecuador,0,0,0,0,0,0,1,0,0,0 days 01:04:09
1992061,SecondHalf,Ecuador,0,0,0,0,0,0,1,0,0,0 days 01:04:19
1992061,SecondHalf,Ecuador,0,0,0,0,0,0,1,0,0,0 days 01:04:21
1992061,SecondHalf,Ecuador,0,0,0,0,0,0,1,0,0,0 days 01:04:23
1992061,SecondHalf,Ecuador,0,0,0,0,0,0,1,0,0,0 days 01:04:25
1992061,SecondHalf,Mexico,0,0,0,0,0,0,0,0,0,0 days 01:04:33
1992061,SecondHalf,Mexico,0,0,0,0,0,0,1,0,0,0 days 01:04:42
1992061,SecondHalf,Mexico,0,0,0,0,0,0,1,0,0,0 days 01:04:46
1992061,SecondHalf,Mexico,0,0,0,0,0,0,1,0,0,0 days 01:04:47
1992061,SecondHalf,Mexico,0,0,0,0,0,0,0,0,0,0 days 01:04:49
1992061,SecondHalf,Ecuador,0,1,0,0,0,0,0,0,0,0 days 01:04:51
1992061,SecondHalf,Ecuador,0,0,0,0,0,0,1,0,0,0 days 01:04:52
1992061,SecondHalf,Ecuador,0,0,0,0,0,0,1,0,0,0 days 01:04:54
1992061,SecondHalf,Ecuador,0,0,0,0,0,0,1,0,0,0 days 01:04:56
1992061,SecondHalf,Ecuador,0,0,0,0,0,0,1,0,0,0 days 01:04:59
1992061,SecondHalf,Ecuador,0,0,0,0,0,0,1,0,0,0 days 01:05:02
1992061,SecondHalf,Mexico,0,0,0,0,0,1,0,0,0,0 days 01:05:05
1992061,SecondHalf,Mexico,0,1,0,0,0,0,0,0,0,0 days 01:05:06
1992061,SecondHalf,Mexico,0,0,0,0,0,0,1,0,0,0 days 01:05:06
1992061,SecondHalf,Mexico,0,0,0,0,0,0,1,0,0,0 days 01:05:06
1992061,SecondHalf,Mexico,0,0,0,0,0,0,1,0,0,0 days 01:05:08
1992061,SecondHalf,Mexico,0,0,0,0,0,0,1,0,0,0 days 01:05:10
1992061,SecondHalf,Mexico,0,0,0,0,0,0,1,0,0,0 days 01:05:12
1992061,SecondHalf,Mexico,0,0,0,0,0,0,1,0,0,0 days 01:05:14
1992061,SecondHalf,Mexico,0,0,0,0,0,0,0,0,0,0 days 01:05:17
1992061,SecondHalf,Ecuador,0,0,0,0,0,0,1,0,0,0 days 01:05:18
1992061,SecondHalf,Mexico,0,0,0,0,0,0,0,0,0,0 days 01:05:18
1992061,SecondHalf,Ecuador,0,0,0,0,0,0,0,0,0,0 days 01:05:19
1992061,SecondHalf,Mexico,0,0,0,0,0,0,1,0,0,0 days 01:05:20
1992061,SecondHalf,Mexico,0,0,0,0,0,0,1,0,0,0 days 01:05:26
1992061,SecondHalf,Ecuador,0,0,0,0,0,0,0,0,0,0 days 01:05:27
1992061,SecondHalf,Mexico,0,0,0,0,0,0,0,0,0,0 days 01:05:28
1992061,SecondHalf,Ecuador,0,0,0,0,0,0,0,0,0,0 days 01:05:28
1992061,SecondHalf,Mexico,0,0,0,0,0,0,1,0,0,0 days 01:06:21
1992061,SecondHalf,Mexico,1,0,0,0,0,0,0,0,0,0 days 01:06:24
1992061,SecondHalf,Ecuador,0,0,0,0,0,0,0,0,0,0 days 01:06:25
1992061,SecondHalf,Mexico,0,0,0,0,0,0,0,0,0,0 days 01:06:26
1992061,SecondHalf,Ecuador,0,0,0,0,0,0,0,0,0,0 days 01:06:26
1992061,SecondHalf,Mexico,0,0,0,0,0,0,1,0,0,0 days 01:06:51
1992061,SecondHalf,Ecuador,0,0,0,0,0,0,0,0,0,0 days 01:06:53
1992061,SecondHalf,Mexico,0,0,0,0,0,0,0,0,0,0 days 01:06:53
1992061,SecondHalf,Mexico,1,0,0,0,0,0,0,0,0,0 days 01:06:55
1992062,SecondHalf,Colombia,0,0,0,0,0,0,1,0,0,0 days 00:57:00
1992062,SecondHalf,Colombia,0,0,0,0,0,0,1,0,0,0 days 00:57:08
1992062,SecondHalf,Colombia,0,0,0,0,0,0,1,0,0,0 days 00:57:10
1992062,SecondHalf,Colombia,0,0,0,0,0,0,1,0,0,0 days 00:57:12
1992062,SecondHalf,Colombia,0,0,0,0,0,0,1,0,0,0 days 00:57:14
1992062,SecondHalf,Colombia,0,0,0,0,0,0,1,0,0,0 days 00:57:18
1992062,SecondHalf,Colombia,1,0,0,0,0,0,0,0,0,0 days 00:57:20
1992062,SecondHalf,Ghana,0,0,0,0,0,0,0,0,0,0 days 00:57:20
1992062,SecondHalf,Ghana,0,1,0,0,0,0,0,0,0,0 days 00:57:23
1992062,SecondHalf,Ghana,0,0,0,0,0,0,1,0,0,0 days 00:57:23
1992062,SecondHalf,Ghana,0,0,0,0,0,0,1,0,0,0 days 00:57:25
1992062,SecondHalf,Ghana,0,0,0,0,0,0,1,0,0,0 days 00:57:30
1992062,SecondHalf,Ghana,0,0,0,0,0,0,1,0,0,0 days 00:57:37
1992062,SecondHalf,Ghana,0,0,0,0,0,0,1,0,0,0 days 00:57:41
1992062,SecondHalf,Ghana,0,0,0,0,0,0,1,0,0,0 days 00:57:46
1992062,SecondHalf,Ghana,0,0,0,0,0,0,1,0,0,0 days 00:57:48
1992062,SecondHalf,Ghana,0,0,0,0,0,0,1,0,0,0 days 00:57:57
1992062,SecondHalf,Ghana,0,0,0,0,0,0,1,0,0,0 days 00:58:01
1992062,SecondHalf,Ghana,0,0,0,0,0,0,1,0,0,0 days 00:58:03
1992062,SecondHalf,Ghana,0,0,0,0,0,0,1,0,0,0 days 00:58:06
1992062,SecondHalf,Ghana,0,0,0,0,0,0,1,0,0,0 days 00:58:12
1992062,SecondHalf,Ghana,0,0,0,0,0,0,1,0,0,0 days 00:58:17
1992062,SecondHalf,Colombia,0,0,0,0,0,1,0,0,0,0 days 00:58:19
1992062,SecondHalf,Colombia,0,0,0,0,1,0,0,0,0,0 days 00:58:22
1992062,SecondHalf,Ghana,0,0,0,0,1,0,0,0,0,0 days 00:58:22
1992062,SecondHalf,Colombia,0,0,0,0,0,0,1,0,0,0 days 00:59:24
1992062,SecondHalf,Colombia,0,0,0,0,0,0,1,0,0,0 days 00:59:28
1992062,SecondHalf,Colombia,0,0,0,0,0,0,1,0,0,0 days 00:59:33
1992062,SecondHalf,Colombia,0,0,0,0,0,0,1,0,0,0 days 00:59:36
1992062,SecondHalf,Colombia,0,0,0,0,0,0,1,0,0,0 days 00:59:39
1992062,SecondHalf,Ghana,0,0,0,0,0,0,1,0,0,0 days 00:59:43
1992062,SecondHalf,Colombia,0,0,0,0,0,0,1,0,0,0 days 00:59:46
1992062,SecondHalf,Ghana,0,1,0,0,0,0,0,0,0,0 days 00:59:47
1992062,SecondHalf,Ghana,0,0,0,0,0,0,1,0,0,0 days 00:59:48
1992062,SecondHalf,Ghana,0,0,0,0,0,0,0,0,1,0 days 00:59:49
1992062,SecondHalf,Colombia,0,0,0,0,1,0,0,0,0,0 days 00:59:50
1992062,SecondHalf,Ghana,0,0,0,0,1,0,0,0,0,0 days 00:59:50
1992062,SecondHalf,Ghana,0,0,0,0,0,0,1,0,0,0 days 01:00:26
1992062,SecondHalf,Colombia,0,0,0,0,0,0,1,0,0,0 days 01:00:30
1992062,SecondHalf,Colombia,0,1,0,0,0,0,0,0,0,0 days 01:00:32
1992062,SecondHalf,Colombia,0,0,0,0,0,0,1,0,0,0 days 01:00:35
1992062,SecondHalf,Colombia,0,0,0,0,0,0,0,0,0,0 days 01:00:41
1992062,SecondHalf,Ghana,0,1,0,0,0,0,0,0,0,0 days 01:00:44
1992062,SecondHalf,Ghana,0,0,0,0,0,0,1,0,0,0 days 01:00:44
1992062,SecondHalf,Ghana,0,0,0,0,0,0,1,0,0,0 days 01:00:45
1992062,SecondHalf,Ghana,0,0,0,0,0,0,1,0,0,0 days 01:00:47
1992062,SecondHalf,Colombia,0,0,0,0,1,0,0,0,0,0 days 01:00:50
1992062,SecondHalf,Ghana,0,0,0,0,1,0,0,0,0,0 days 01:00:50
1992062,SecondHalf,Ghana,0,0,0,0,0,0,0,0,0,0 days 01:01:13
1992062,SecondHalf,Ghana,0,0,0,0,0,0,0,0,0,0 days 01:01:13
1992062,SecondHalf,Ghana,0,0,0,0,0,0,0,0,0,0 days 01:01:32
1992062,SecondHalf,Ghana,0,0,0,0,0,0,0,0,0,0 days 01:01:32
1992062,SecondHalf,Ghana,0,0,0,0,0,0,0,0,0,0 days 01:01:33
1992062,SecondHalf,Ghana,0,0,0,0,0,0,1,0,0,0 days 01:01:45
1992062,SecondHalf,Ghana,0,0,0,0,0,0,1,0,0,0 days 01:01:47
1992062,SecondHalf,Ghana,0,0,0,0,0,0,1,0,0,0 days 01:01:50
1992062,SecondHalf,Ghana,0,0,0,0,0,0,1,0,0,0 days 01:01:52
1992062,SecondHalf,Ghana,0,0,0,0,0,0,0,0,0,0 days 01:01:59
1992062,SecondHalf,Colombia,0,0,0,0,0,0,1,0,0,0 days 01:02:13
1992062,SecondHalf,Colombia,0,0,0,0,0,0,1,0,0,0 days 01:02:19
1992062,SecondHalf,Colombia,0,0,0,0,0,0,1,0,0,0 days 01:02:22
1992062,SecondHalf,Colombia,0,0,0,0,0,0,1,0,0,0 days 01:02:24
1992062,SecondHalf,Colombia,0,0,0,0,0,0,1,0,0,0 days 01:02:26
1992062,SecondHalf,Colombia,0,0,0,0,0,0,1,0,0,0 days 01:02:28
1992062,SecondHalf,Colombia,0,0,0,0,0,0,1,0,0,0 days 01:02:31
1992062,SecondHalf,Colombia,0,0,0,0,0,0,1,0,0,0 days 01:02:34
1992062,SecondHalf,Colombia,0,0,0,0,0,0,1,0,0,0 days 01:02:35
1992062,SecondHalf,Ghana,0,0,1,0,0,0,0,0,0,0 days 01:02:39
1992062,SecondHalf,Colombia,0,0,0,0,0,0,1,0,0,0 days 01:02:41
1992062,SecondHalf,Colombia,0,0,0,0,0,0,1,0,0,0 days 01:02:42
1992062,SecondHalf,Colombia,0,0,0,0,0,0,0,0,1,0 days 01:02:43
1992062,SecondHalf,Ghana,0,0,0,0,0,0,0,1,0,0 days 01:02:43
1992062,SecondHalf,Ghana,0,0,0,0,0,0,1,0,0,0 days 01:02:45
1992062,SecondHalf,Ghana,0,1,0,0,0,0,0,0,0,0 days 01:02:46
1992062,SecondHalf,Ghana,0,0,0,0,0,0,1,0,0,0 days 01:02:47
1992062,SecondHalf,Colombia,0,0,0,0,0,0,0,0,0,0 days 01:02:49
1992062,SecondHalf,Colombia,0,0,0,0,0,0,1,0,0,0 days 01:02:50
1992062,SecondHalf,Colombia,0,0,0,0,0,0,1,0,0,0 days 01:02:54
1992062,SecondHalf,Colombia,0,0,0,0,0,0,1,0,0,0 days 01:02:57
1992062,SecondHalf,Colombia,0,0,0,0,0,0,1,0,0,0 days 01:02:59
1992062,SecondHalf,Colombia,0,0,0,0,0,0,1,0,0,0 days 01:03:01
1992062,SecondHalf,Colombia,0,0,0,0,0,0,1,0,0,0 days 01:03:08
1992062,SecondHalf,Colombia,0,0,0,0,0,0,1,0,0,0 days 01:03:14
1992062,SecondHalf,Colombia,0,0,0,0,0,0,1,0,0,0 days 01:03:16
1992062,SecondHalf,Colombia,0,0,0,0,0,0,1,0,0,0 days 01:03:23
1992062,SecondHalf,Ghana,0,0,0,0,0,0,1,0,0,0 days 01:03:30
1992062,SecondHalf,Ghana,0,0,0,0,0,0,1,0,0,0 days 01:03:36
1992062,SecondHalf,Ghana,0,0,0,0,0,0,1,0,0,0 days 01:03:39
1992062,SecondHalf,Ghana,0,0,0,0,0,0,1,0,0,0 days 01:03:42
1992062,SecondHalf,Ghana,0,0,0,0,0,0,1,0,0,0 days 01:03:44
1992062,SecondHalf,Ghana,0,0,0,0,0,0,1,0,0,0 days 01:03:50
1992062,SecondHalf,Ghana,0,0,0,0,0,0,0,0,0,0 days 01:03:54
1992062,SecondHalf,Colombia,0,0,0,0,0,0,1,0,0,0 days 01:04:08
1992062,SecondHalf,Colombia,0,0,0,0,0,0,1,0,0,0 days 01:04:11
1992062,SecondHalf,Colombia,0,0,0,0,0,0,1,0,0,0 days 01:04:13
1992062,SecondHalf,Colombia,0,0,0,0,0,0,1,0,0,0 days 01:04:19
1992062,SecondHalf,Colombia,0,0,0,0,0,0,1,0,0,0 days 01:04:20
1992062,SecondHalf,Colombia,0,0,0,0,0,0,1,0,0,0 days 01:04:23
1992062,SecondHalf,Colombia,0,0,0,0,0,0,1,0,0,0 days 01:04:25
1992062,SecondHalf,Ghana,0,0,0,0,0,1,0,0,0,0 days 01:04:26
1992062,SecondHalf,Colombia,0,0,0,0,0,0,1,0,0,0 days 01:04:35
1992062,SecondHalf,Ghana,0,0,0,0,0,0,0,0,0,0 days 01:04:36
1992062,SecondHalf,Colombia,0,0,0,0,0,0,1,0,0,0 days 01:04:36
1992062,SecondHalf,Colombia,0,0,0,0,0,0,1,0,0,0 days 01:05:12
1992062,SecondHalf,Colombia,0,0,0,0,0,0,1,0,0,0 days 01:05:14
1992062,SecondHalf,Colombia,0,0,0,0,0,0,1,0,0,0 days 01:05:16
1992062,SecondHalf,Colombia,0,0,0,0,0,0,0,0,1,0 days 01:05:19
1992062,SecondHalf,Ghana,0,0,0,0,0,0,0,0,0,0 days 01:05:19
1992062,SecondHalf,Colombia,0,0,0,0,0,0,1,0,0,0 days 01:05:20
1992062,SecondHalf,Ghana,0,0,0,0,0,0,0,0,0,0 days 01:05:22
1992062,SecondHalf,Ghana,0,1,0,0,0,0,0,0,0,0 days 01:05:23
1992062,SecondHalf,Colombia,0,0,0,0,0,0,0,1,0,0 days 01:05:24
1992062,SecondHalf,Ghana,0,0,0,1,0,0,0,0,0,0 days 01:05:24
1992062,SecondHalf,Ghana,0,0,0,0,0,0,0,0,0,0 days 01:05:25
1992062,SecondHalf,Colombia,0,0,0,0,1,0,0,0,0,0 days 01:05:30
1992062,SecondHalf,Ghana,0,0,0,0,1,0,0,0,0,0 days 01:05:30
1992062,SecondHalf,Ghana,0,0,0,0,0,0,0,0,0,0 days 01:05:35
1992062,SecondHalf,Colombia,0,0,0,0,0,0,1,0,0,0 days 01:05:56
1992062,SecondHalf,Colombia,0,0,0,0,0,0,1,0,0,0 days 01:05:59
1992062,SecondHalf,Colombia,0,0,0,0,0,0,1,0,0,0 days 01:06:05
1992062,SecondHalf,Colombia,0,0,0,0,0,0,1,0,0,0 days 01:06:08
1992062,SecondHalf,Colombia,0,0,0,0,0,0,1,0,0,0 days 01:06:18
1992062,SecondHalf,Colombia,0,0,0,0,0,0,1,0,0,0 days 01:06:20
1992062,SecondHalf,Colombia,0,0,0,0,0,0,1,0,0,0 days 01:06:22
1992062,SecondHalf,Colombia,0,0,0,0,0,0,1,0,0,0 days 01:06:25
1992062,SecondHalf,Colombia,0,0,0,0,0,0,1,0,0,0 days 01:06:27
1992062,SecondHalf,Colombia,0,0,0,0,0,0,1,0,0,0 days 01:06:32
1992062,SecondHalf,Colombia,0,0,0,0,0,0,1,0,0,0 days 01:06:34
1992062,SecondHalf,Colombia,0,0,0,0,0,0,1,0,0,0 days 01:06:36
1992062,SecondHalf,Colombia,0,0,0,0,0,0,1,0,0,0 days 01:06:39
1992062,SecondHalf,Colombia,0,0,0,0,0,0,1,0,0,0 days 01:06:41
1992062,SecondHalf,Colombia,0,0,0,0,0,0,1,0,0,0 days 01:06:44
1992062,SecondHalf,Colombia,0,0,0,0,0,0,1,0,0,0 days 01:06:45
1992062,SecondHalf,Colombia,0,0,0,0,0,0,1,0,0,0 days 01:06:47
1992062,SecondHalf,Colombia,0,0,0,0,0,0,1,0,0,0 days 01:06:50
1992062,SecondHalf,Colombia,0,0,0,0,0,0,1,0,0,0 days 01:06:53
1992063,SecondHalf,Portugal,0,0,0,0,0,0,1,0,0,0 days 00:57:04
1992063,SecondHalf,Portugal,0,0,0,0,0,0,1,0,0,0 days 00:57:06
1992063,SecondHalf,Portugal,0,0,0,0,0,0,1,0,0,0 days 00:57:08
1992063,SecondHalf,Portugal,1,0,0,0,0,0,0,0,0,0 days 00:57:12
1992063,SecondHalf,Portugal,0,0,0,0,0,0,0,0,0,0 days 00:57:15
1992063,SecondHalf,Croatia,0,0,1,0,0,0,0,0,0,0 days 00:57:15
1992063,SecondHalf,Portugal,0,0,0,0,0,0,1,0,0,0 days 00:57:17
1992063,SecondHalf,Portugal,0,0,0,0,0,0,1,0,0,0 days 00:57:21
1992063,SecondHalf,Portugal,0,0,0,0,0,0,1,0,0,0 days 00:57:25
1992063,SecondHalf,Croatia,0,0,0,0,0,0,0,0,0,0 days 00:57:28
1992063,SecondHalf,Croatia,0,0,0,0,0,0,1,0,0,0 days 00:57:33
1992063,SecondHalf,Croatia,0,0,0,0,0,0,1,0,0,0 days 00:57:35
1992063,SecondHalf,Croatia,0,0,0,0,0,0,1,0,0,0 days 00:57:39
1992063,SecondHalf,Croatia,0,0,0,0,0,0,1,0,0,0 days 00:57:42
1992063,SecondHalf,Croatia,0,0,0,0,0,0,1,0,0,0 days 00:57:45
1992063,SecondHalf,Croatia,0,0,0,0,0,0,1,0,0,0 days 00:57:47
1992063,SecondHalf,Croatia,0,0,0,0,0,0,1,0,0,0 days 00:57:49
1992063,SecondHalf,Croatia,0,0,0,0,0,0,1,0,0,0 days 00:57:51
1992063,SecondHalf,Croatia,0,0,0,0,0,0,1,0,0,0 days 00:57:55
1992063,SecondHalf,Croatia,0,0,0,0,0,0,1,0,0,0 days 00:58:05
1992063,SecondHalf,Croatia,1,0,0,0,0,0,0,0,0,0 days 00:58:08
1992063,SecondHalf,Portugal,0,0,0,0,0,0,0,0,0,0 days 00:58:08
1992063,SecondHalf,Portugal,0,0,0,0,0,0,0,0,0,0 days 00:58:10
1992063,SecondHalf,Croatia,0,0,0,0,0,0,0,0,0,0 days 00:58:10
1992063,SecondHalf,Croatia,0,0,0,0,0,0,1,0,0,0 days 00:58:48
1992063,SecondHalf,Portugal,0,0,1,0,0,0,0,0,0,0 days 00:58:52
1992063,SecondHalf,Croatia,0,0,0,0,0,0,1,0,0,0 days 00:58:52
1992063,SecondHalf,Croatia,0,0,0,1,0,0,0,0,0,0 days 00:58:54
1992063,SecondHalf,Portugal,0,0,0,0,0,0,0,1,0,0 days 00:58:54
1992063,SecondHalf,Portugal,0,0,0,0,0,0,1,0,0,0 days 00:58:55
1992063,SecondHalf,Portugal,0,0,0,0,0,0,1,0,0,0 days 00:58:57
1992063,SecondHalf,Croatia,0,0,0,0,1,0,0,0,0,0 days 00:58:57
1992063,SecondHalf,Portugal,0,1,0,0,0,0,0,0,0,0 days 00:58:57
1992063,SecondHalf,Portugal,0,0,0,0,1,0,0,0,0,0 days 00:58:57
1992063,SecondHalf,Croatia,0,0,0,0,0,0,0,0,0,0 days 00:58:59
1992063,SecondHalf,Portugal,0,0,0,0,0,0,1,0,0,0 days 00:59:17
1992063,SecondHalf,Portugal,0,0,0,0,0,0,1,0,0,0 days 00:59:22
1992063,SecondHalf,Portugal,0,0,0,0,0,0,1,0,0,0 days 00:59:24
1992063,SecondHalf,Portugal,0,0,0,0,0,0,1,0,0,0 days 00:59:28
1992063,SecondHalf,Portugal,0,0,0,0,0,0,1,0,0,0 days 00:59:31
1992063,SecondHalf,Croatia,0,0,0,0,0,0,1,0,0,0 days 00:59:45
1992063,SecondHalf,Portugal,0,1,0,0,0,0,0,0,0,0 days 00:59:47
1992063,SecondHalf,Portugal,0,0,0,0,0,0,1,0,0,0 days 00:59:47
1992063,SecondHalf,Portugal,0,0,0,0,0,0,1,0,0,0 days 00:59:49
1992063,SecondHalf,Portugal,0,0,0,0,0,0,1,0,0,0 days 00:59:52
1992063,SecondHalf,Portugal,0,0,0,0,0,0,1,0,0,0 days 00:59:55
1992063,SecondHalf,Portugal,0,0,0,0,0,0,1,0,0,0 days 00:59:57
1992063,SecondHalf,Portugal,0,0,0,0,0,0,0,0,0,0 days 01:00:02
1992063,SecondHalf,Croatia,0,0,0,0,0,0,0,0,0,0 days 01:00:02
1992063,SecondHalf,Portugal,0,0,0,0,0,0,0,0,0,0 days 01:00:00
1992063,SecondHalf,Portugal,0,0,0,0,0,0,0,0,0,0 days 01:01:52
1992063,SecondHalf,Portugal,0,0,0,0,0,0,0,0,0,0 days 01:01:52
1992063,SecondHalf,Portugal,0,0,0,0,0,0,0,0,0,0 days 01:02:05
1992063,SecondHalf,Portugal,0,0,0,0,0,0,0,0,0,0 days 01:02:05
1992063,SecondHalf,Portugal,0,0,0,0,0,0,0,0,0,0 days 01:02:22
1992063,SecondHalf,Portugal,0,0,0,0,0,0,0,0,0,0 days 01:02:22
1992063,SecondHalf,Portugal,0,0,0,0,0,0,0,0,0,0 days 01:02:26
1992063,SecondHalf,Portugal,0,0,0,0,0,0,0,0,0,0 days 01:02:26
1992063,SecondHalf,Portugal,0,0,0,0,0,0,0,0,0,0 days 01:02:27
1992063,SecondHalf,Croatia,0,0,0,0,0,0,1,0,0,0 days 01:02:30
1992063,SecondHalf,Croatia,0,0,0,0,0,0,1,0,0,0 days 01:02:33
1992063,SecondHalf,Croatia,0,0,0,0,0,0,1,0,0,0 days 01:02:35
1992063,SecondHalf,Croatia,0,0,0,0,0,0,0,0,0,0 days 01:02:37
1992063,SecondHalf,Croatia,0,0,0,0,0,0,0,0,0,0 days 01:02:38
1992063,SecondHalf,Portugal,0,0,0,0,0,0,0,0,0,0 days 01:02:38
1992063,SecondHalf,Portugal,0,0,0,0,0,0,1,0,0,0 days 01:03:28
1992063,SecondHalf,Croatia,0,0,0,0,1,0,0,0,0,0 days 01:03:30
1992063,SecondHalf,Portugal,0,0,0,0,1,0,0,0,0,0 days 01:03:30
1992064,SecondHalf,England,0,0,0,0,0,0,1,0,0,0 days 00:57:00
1992064,SecondHalf,England,0,0,0,0,0,0,1,0,0,0 days 00:57:05
1992064,SecondHalf,DR Congo,0,0,1,0,0,0,0,0,0,0 days 00:57:06
1992064,SecondHalf,England,0,0,0,0,0,0,1,0,0,0 days 00:57:09
1992064,SecondHalf,England,0,0,0,0,0,0,1,0,0,0 days 00:57:15
1992064,SecondHalf,DR Congo,0,0,0,0,0,0,1,0,0,0 days 00:57:28
1992064,SecondHalf,DR Congo,0,0,0,0,0,0,1,0,0,0 days 00:57:32
1992064,SecondHalf,DR Congo,0,0,0,0,0,0,1,0,0,0 days 00:57:36
1992064,SecondHalf,England,0,0,0,0,0,1,0,0,0,0 days 00:57:37
1992064,SecondHalf,DR Congo,0,0,0,0,0,0,1,0,0,0 days 00:57:38
1992064,SecondHalf,DR Congo,0,0,0,0,0,0,1,0,0,0 days 00:57:41
1992064,SecondHalf,England,0,0,0,0,0,0,1,0,0,0 days 00:57:46
1992064,SecondHalf,England,0,0,0,0,0,0,1,0,0,0 days 00:57:49
1992064,SecondHalf,England,0,0,0,0,0,0,1,0,0,0 days 00:57:54
1992064,SecondHalf,England,0,0,0,0,0,0,1,0,0,0 days 00:57:55
1992064,SecondHalf,England,0,0,0,0,0,0,1,0,0,0 days 00:57:58
1992064,SecondHalf,England,0,0,0,0,0,0,1,0,0,0 days 00:58:01
1992064,SecondHalf,England,0,0,0,0,0,0,1,0,0,0 days 00:58:02
1992064,SecondHalf,England,0,0,0,0,0,0,1,0,0,0 days 00:58:06
1992064,SecondHalf,England,0,0,0,0,0,0,1,0,0,0 days 00:58:11
1992064,SecondHalf,England,0,0,0,0,0,0,1,0,0,0 days 00:58:18
1992064,SecondHalf,England,0,0,0,0,0,0,1,0,0,0 days 00:58:23
1992064,SecondHalf,England,0,0,0,0,0,0,1,0,0,0 days 00:58:25
1992064,SecondHalf,DR Congo,0,0,0,0,0,0,0,0,0,0 days 00:58:25
1992064,SecondHalf,DR Congo,0,1,0,0,0,0,0,0,0,0 days 00:58:27
1992064,SecondHalf,DR Congo,0,0,0,0,0,0,1,0,0,0 days 00:58:33
1992064,SecondHalf,DR Congo,0,0,0,0,0,0,1,0,0,0 days 00:58:34
1992064,SecondHalf,DR Congo,0,0,0,0,0,0,1,0,0,0 days 00:58:35
1992064,SecondHalf,DR Congo,0,0,0,0,0,0,1,0,0,0 days 00:58:37
1992064,SecondHalf,England,0,0,0,0,0,0,0,0,0,0 days 00:58:37
1992064,SecondHalf,DR Congo,0,0,0,0,0,0,0,0,0,0 days 00:58:38
1992064,SecondHalf,England,0,1,0,0,0,0,0,0,0,0 days 00:58:39
1992064,SecondHalf,England,0,0,0,0,0,0,1,0,0,0 days 00:58:40
1992064,SecondHalf,England,0,0,0,0,0,0,1,0,0,0 days 00:58:42
1992064,SecondHalf,England,0,0,0,0,0,0,1,0,0,0 days 00:58:45
1992064,SecondHalf,DR Congo,0,0,0,0,0,0,0,0,0,0 days 00:58:45
1992064,SecondHalf,DR Congo,0,0,0,0,0,0,0,0,0,0 days 00:58:47
1992064,SecondHalf,DR Congo,0,0,0,0,0,0,1,0,0,0 days 00:58:53
1992064,SecondHalf,DR Congo,0,0,0,0,0,0,1,0,0,0 days 00:58:55
1992064,SecondHalf,DR Congo,0,0,0,0,0,0,1,0,0,0 days 00:58:58
1992064,SecondHalf,DR Congo,0,0,0,0,0,0,1,0,0,0 days 00:59:02
1992064,SecondHalf,DR Congo,0,0,0,0,0,0,1,0,0,0 days 00:59:07
1992064,SecondHalf,DR Congo,0,0,0,0,0,0,1,0,0,0 days 00:59:10
1992064,SecondHalf,DR Congo,0,0,0,0,0,0,1,0,0,0 days 00:59:11
1992064,SecondHalf,England,0,0,0,0,0,0,0,0,0,0 days 00:59:14
1992064,SecondHalf,DR Congo,0,0,0,0,0,0,0,0,1,0 days 00:59:14
1992064,SecondHalf,DR Congo,0,0,0,0,0,0,1,0,0,0 days 00:59:15
1992064,SecondHalf,DR Congo,0,0,0,0,0,0,1,0,0,0 days 00:59:19
1992064,SecondHalf,England,0,0,0,0,0,1,0,0,0,0 days 00:59:21
1992064,SecondHalf,DR Congo,0,0,0,0,0,0,1,0,0,0 days 00:59:25
1992064,SecondHalf,DR Congo,0,0,0,0,0,0,1,0,0,0 days 00:59:27
1992064,SecondHalf,England,0,0,1,0,0,0,0,0,0,0 days 00:59:28
1992064,SecondHalf,DR Congo,0,0,0,0,0,0,1,0,0,0 days 00:59:30
1992064,SecondHalf,DR Congo,0,0,0,0,0,0,1,0,0,0 days 00:59:34
1992064,SecondHalf,DR Congo,0,0,0,0,0,0,1,0,0,0 days 00:59:41
1992064,SecondHalf,DR Congo,0,0,0,0,0,0,1,0,0,0 days 00:59:42
1992064,SecondHalf,DR Congo,0,0,0,0,0,0,1,0,0,0 days 00:59:45
1992064,SecondHalf,England,0,0,0,0,0,0,0,0,0,0 days 01:00:02
1992064,SecondHalf,England,0,0,0,0,0,0,0,0,0,0 days 01:00:02
1992064,SecondHalf,England,0,0,0,0,0,0,0,0,0,0 days 01:00:12
1992064,SecondHalf,England,0,0,0,0,0,0,0,0,0,0 days 01:00:12
1992064,SecondHalf,England,0,0,0,0,0,0,1,0,0,0 days 01:00:20
1992064,SecondHalf,England,0,0,0,0,0,0,1,0,0,0 days 01:00:23
1992064,SecondHalf,England,0,0,0,0,0,0,1,0,0,0 days 01:00:27
1992064,SecondHalf,England,0,0,0,0,0,0,1,0,0,0 days 01:00:28
1992064,SecondHalf,England,0,0,0,0,0,0,1,0,0,0 days 01:00:32
1992064,SecondHalf,England,0,0,0,0,0,0,1,0,0,0 days 01:00:35
1992064,SecondHalf,England,0,0,0,0,0,0,1,0,0,0 days 01:00:39
1992064,SecondHalf,England,0,0,0,0,0,0,1,0,0,0 days 01:00:41
1992064,SecondHalf,DR Congo,0,0,1,0,0,0,0,0,0,0 days 01:00:42
1992064,SecondHalf,England,0,0,0,0,0,0,1,0,0,0 days 01:00:44
1992064,SecondHalf,DR Congo,0,0,1,0,0,0,0,0,0,0 days 01:00:45
1992064,SecondHalf,DR Congo,0,1,0,0,0,0,0,0,0,0 days 01:00:48
1992064,SecondHalf,DR Congo,0,0,0,0,0,0,1,0,0,0 days 01:00:51
1992064,SecondHalf,England,0,0,0,0,0,0,0,0,0,0 days 01:00:51
1992064,SecondHalf,DR Congo,0,0,0,0,0,0,1,0,0,0 days 01:01:00
1992064,SecondHalf,DR Congo,0,0,0,0,0,0,1,0,0,0 days 01:01:05
1992064,SecondHalf,DR Congo,0,0,0,0,0,0,1,0,0,0 days 01:01:08
1992064,SecondHalf,DR Congo,0,0,0,0,0,0,1,0,0,0 days 01:01:12
1992064,SecondHalf,DR Congo,0,0,0,0,0,0,1,0,0,0 days 01:01:17
1992064,SecondHalf,England,0,0,0,0,0,0,0,1,0,0 days 01:01:23
1992064,SecondHalf,DR Congo,0,0,0,0,0,0,0,0,1,0 days 01:01:23
1992064,SecondHalf,DR Congo,0,0,0,0,0,0,1,0,0,0 days 01:01:25
1992064,SecondHalf,DR Congo,0,0,0,0,0,0,1,0,0,0 days 01:01:27
1992064,SecondHalf,DR Congo,0,0,0,0,0,0,1,0,0,0 days 01:01:28
1992064,SecondHalf,DR Congo,0,0,0,0,0,0,1,0,0,0 days 01:01:31
1992064,SecondHalf,DR Congo,1,0,0,0,0,0,0,0,0,0 days 01:01:33
1992064,SecondHalf,England,0,0,0,0,0,0,0,0,0,0 days 01:01:33
1992064,SecondHalf,DR Congo,0,0,0,0,0,0,1,0,0,0 days 01:01:37
1992064,SecondHalf,DR Congo,0,0,0,0,0,0,1,0,0,0 days 01:01:42
1992064,SecondHalf,DR Congo,0,0,0,0,0,0,1,0,0,0 days 01:01:43
1992064,SecondHalf,DR Congo,0,0,0,0,0,0,1,0,0,0 days 01:01:50
1992064,SecondHalf,England,0,0,1,0,0,0,0,0,0,0 days 01:01:51
1992064,SecondHalf,England,0,0,0,0,0,0,0,0,0,0 days 01:01:52
1992064,SecondHalf,DR Congo,0,0,0,0,0,0,0,0,0,0 days 01:01:52
1992064,SecondHalf,DR Congo,0,0,0,0,0,0,1,0,0,0 days 01:02:14
1992064,SecondHalf,DR Congo,0,0,0,0,0,0,1,0,0,0 days 01:02:18
1992064,SecondHalf,DR Congo,1,0,0,0,0,0,0,0,0,0 days 01:02:22
1992064,SecondHalf,England,0,0,0,0,0,0,0,0,0,0 days 01:02:22
1992064,SecondHalf,DR Congo,0,0,0,0,0,0,0,0,0,0 days 01:02:23
1992064,SecondHalf,England,0,0,0,0,0,0,0,0,0,0 days 01:02:23
1992064,SecondHalf,DR Congo,0,0,0,0,0,0,1,0,0,0 days 01:02:58
1992064,SecondHalf,DR Congo,0,0,0,0,0,0,1,0,0,0 days 01:03:02
1992064,SecondHalf,England,0,0,0,0,0,0,0,0,0,0 days 01:03:03
1992064,SecondHalf,England,0,0,0,0,0,0,0,0,1,0 days 01:03:06
1992064,SecondHalf,DR Congo,0,0,0,0,0,0,0,1,0,0 days 01:03:06
1992064,SecondHalf,DR Congo,0,0,0,0,0,0,0,0,0,0 days 01:03:09
1992064,SecondHalf,DR Congo,0,0,0,0,0,0,0,0,0,0 days 01:03:33
1992064,SecondHalf,DR Congo,0,0,0,0,0,0,0,0,0,0 days 01:03:33
1992064,SecondHalf,England,0,0,0,0,0,0,1,0,0,0 days 01:03:44
1992064,SecondHalf,England,0,0,0,0,0,0,1,0,0,0 days 01:03:46
1992064,SecondHalf,England,0,0,0,0,0,0,1,0,0,0 days 01:03:51
1992064,SecondHalf,England,0,0,0,0,0,0,1,0,0,0 days 01:03:52
1992064,SecondHalf,England,0,0,0,0,0,0,1,0,0,0 days 01:03:55
1992064,SecondHalf,England,0,0,0,0,0,0,1,0,0,0 days 01:03:59
1992064,SecondHalf,England,0,0,0,0,0,0,1,0,0,0 days 01:04:03
1992064,SecondHalf,England,0,0,0,0,0,0,1,0,0,0 days 01:04:06
1992064,SecondHalf,England,0,0,0,0,0,0,1,0,0,0 days 01:04:08
1992064,SecondHalf,DR Congo,0,0,0,0,0,0,0,1,0,0 days 01:04:14
1992064,SecondHalf,England,0,0,0,0,0,0,0,0,1,0 days 01:04:14
1992064,SecondHalf,England,0,0,0,0,0,0,1,0,0,0 days 01:04:16
1992064,SecondHalf,England,0,0,0,0,0,0,1,0,0,0 days 01:04:19
1992064,SecondHalf,England,0,0,0,0,0,0,1,0,0,0 days 01:04:21
1992064,SecondHalf,England,0,0,0,0,0,0,1,0,0,0 days 01:04:24
1992064,SecondHalf,DR Congo,0,0,1,0,0,0,0,0,0,0 days 01:04:26
1992064,SecondHalf,DR Congo,0,0,1,0,0,0,0,0,0,0 days 01:04:29
1992064,SecondHalf,DR Congo,0,1,0,0,0,0,0,0,0,0 days 01:04:32
1992064,SecondHalf,DR Congo,0,0,0,0,0,0,0,0,0,0 days 01:04:38
1992064,SecondHalf,England,0,1,0,0,0,0,0,0,0,0 days 01:04:39
1992064,SecondHalf,England,0,0,0,0,1,0,0,0,0,0 days 01:04:40
1992064,SecondHalf,DR Congo,0,0,0,0,1,0,0,0,0,0 days 01:04:40
1992064,SecondHalf,England,0,0,0,0,0,0,1,0,0,0 days 01:04:44
1992064,SecondHalf,England,0,0,0,0,0,0,1,0,0,0 days 01:04:45
1992064,SecondHalf,England,0,0,0,0,0,0,1,0,0,0 days 01:04:51
1992064,SecondHalf,England,0,0,0,0,0,0,1,0,0,0 days 01:04:54
1992064,SecondHalf,England,0,0,0,0,0,0,1,0,0,0 days 01:04:57
1992064,SecondHalf,England,0,0,0,0,0,0,1,0,0,0 days 01:05:04
1992064,SecondHalf,DR Congo,0,0,1,0,0,0,0,0,0,0 days 01:05:07
1992064,SecondHalf,England,0,0,0,0,0,0,0,0,0,0 days 01:05:10
1992064,SecondHalf,DR Congo,0,0,0,0,0,0,0,0,0,0 days 01:05:11
1992064,SecondHalf,England,0,0,0,0,0,0,1,0,0,0 days 01:05:12
1992064,SecondHalf,England,0,0,0,0,0,0,1,0,0,0 days 01:05:13
1992064,SecondHalf,England,0,0,0,0,0,0,1,0,0,0 days 01:05:14
1992064,SecondHalf,England,0,0,0,0,0,0,1,0,0,0 days 01:05:19
1992064,SecondHalf,England,0,0,0,0,0,0,1,0,0,0 days 01:05:21
1992064,SecondHalf,England,0,0,0,0,0,0,1,0,0,0 days 01:05:22
1992064,SecondHalf,England,0,0,0,0,0,0,1,0,0,0 days 01:05:25
1992064,SecondHalf,England,0,0,0,0,0,0,1,0,0,0 days 01:05:28
1992064,SecondHalf,England,0,0,0,0,0,0,1,0,0,0 days 01:05:33
1992064,SecondHalf,DR Congo,0,0,0,0,0,0,0,0,0,0 days 01:05:33
1992064,SecondHalf,DR Congo,0,0,0,0,0,0,0,0,0,0 days 01:05:35
1992064,SecondHalf,England,0,0,0,0,0,0,0,0,0,0 days 01:05:35
1992064,SecondHalf,England,0,0,0,0,0,0,1,0,0,0 days 01:05:36
1992064,SecondHalf,England,0,0,0,0,0,0,1,0,0,0 days 01:05:40
1992064,SecondHalf,DR Congo,0,0,1,0,0,0,0,0,0,0 days 01:05:42
1992064,SecondHalf,DR Congo,0,1,0,0,0,0,0,0,0,0 days 01:05:44
1992064,SecondHalf,DR Congo,0,0,0,0,0,0,1,0,0,0 days 01:05:44
1992064,SecondHalf,DR Congo,0,0,0,0,1,0,0,0,0,0 days 01:05:47
1992064,SecondHalf,England,0,0,0,0,1,0,0,0,0,0 days 01:05:47
1992064,SecondHalf,DR Congo,0,0,0,0,0,0,1,0,0,0 days 01:06:18
1992064,SecondHalf,England,0,0,0,0,0,0,1,0,0,0 days 01:06:22
1992064,SecondHalf,DR Congo,0,0,0,0,0,0,1,0,0,0 days 01:06:40
1992064,SecondHalf,DR Congo,0,0,0,0,0,0,0,0,0,0 days 01:06:44
1992064,SecondHalf,England,0,0,0,0,0,0,1,0,0,0 days 01:06:46
1992064,SecondHalf,England,0,1,0,0,0,0,0,0,0,0 days 01:06:48
1992064,SecondHalf,England,0,0,0,0,0,0,1,0,0,0 days 01:06:51
1992064,SecondHalf,England,0,0,0,0,0,0,1,0,0,0 days 01:06:54
1992065,SecondHalf,Senegal,0,0,0,0,0,0,1,0,0,0 days 00:57:01
1992065,SecondHalf,Senegal,0,0,0,0,0,0,1,0,0,0 days 00:57:05
1992065,SecondHalf,Senegal,0,0,0,0,0,0,1,0,0,0 days 00:57:09
1992065,SecondHalf,Senegal,0,0,0,0,0,0,1,0,0,0 days 00:57:12
1992065,SecondHalf,Senegal,0,0,0,0,0,0,1,0,0,0 days 00:57:12
1992065,SecondHalf,Senegal,0,0,0,0,0,0,1,0,0,0 days 00:57:15
1992065,SecondHalf,Senegal,0,0,0,0,1,0,0,0,0,0 days 00:57:18
1992065,SecondHalf,Belgium,0,0,0,0,1,0,0,0,0,0 days 00:57:18
1992065,SecondHalf,Senegal,0,0,0,0,0,0,1,0,0,0 days 00:57:34
1992065,SecondHalf,Senegal,0,0,0,0,0,0,1,0,0,0 days 00:57:36
1992065,SecondHalf,Senegal,0,0,0,0,0,0,1,0,0,0 days 00:57:38
1992065,SecondHalf,Senegal,0,0,0,0,0,0,1,0,0,0 days 00:57:42
1992065,SecondHalf,Senegal,0,0,0,0,0,0,1,0,0,0 days 00:57:45
1992065,SecondHalf,Senegal,0,0,0,0,0,0,1,0,0,0 days 00:57:48
1992065,SecondHalf,Senegal,0,0,0,0,0,0,1,0,0,0 days 00:57:52
1992065,SecondHalf,Senegal,0,0,0,0,0,0,1,0,0,0 days 00:57:58
1992065,SecondHalf,Senegal,0,0,0,0,0,0,1,0,0,0 days 00:57:59
1992065,SecondHalf,Belgium,0,0,0,0,0,1,0,0,0,0 days 00:58:00
1992065,SecondHalf,Senegal,0,0,0,0,0,0,0,0,0,0 days 00:58:01
1992065,SecondHalf,Belgium,0,0,0,0,0,0,1,0,0,0 days 00:58:02
1992065,SecondHalf,Belgium,0,0,0,0,0,0,1,0,0,0 days 00:58:04
1992065,SecondHalf,Belgium,0,1,0,0,0,0,0,0,0,0 days 00:58:06
1992065,SecondHalf,Belgium,0,0,0,0,0,0,1,0,0,0 days 00:58:09
1992065,SecondHalf,Belgium,0,0,0,0,0,0,1,0,0,0 days 00:58:13
1992065,SecondHalf,Belgium,0,0,0,0,0,0,1,0,0,0 days 00:58:17
1992065,SecondHalf,Belgium,0,0,0,0,0,0,1,0,0,0 days 00:58:19
1992065,SecondHalf,Belgium,0,0,0,0,0,0,1,0,0,0 days 00:58:22
1992065,SecondHalf,Belgium,0,0,0,0,0,0,1,0,0,0 days 00:58:23
1992065,SecondHalf,Belgium,0,0,0,0,0,0,1,0,0,0 days 00:58:26
1992065,SecondHalf,Belgium,0,0,0,0,0,0,1,0,0,0 days 00:58:31
1992065,SecondHalf,Belgium,0,0,0,0,0,0,1,0,0,0 days 00:58:35
1992065,SecondHalf,Belgium,0,0,0,0,0,0,1,0,0,0 days 00:58:38
1992065,SecondHalf,Belgium,0,0,0,0,0,0,1,0,0,0 days 00:58:47
1992065,SecondHalf,Senegal,0,0,0,0,0,0,0,0,0,0 days 00:58:50
1992065,SecondHalf,Belgium,0,0,0,0,0,0,0,0,0,0 days 00:58:50
1992065,SecondHalf,Belgium,0,0,0,0,0,0,1,0,0,0 days 00:58:50
1992065,SecondHalf,Belgium,0,0,0,0,0,0,1,0,0,0 days 00:58:54
1992065,SecondHalf,Belgium,0,0,0,0,0,0,1,0,0,0 days 00:58:57
1992065,SecondHalf,Belgium,0,0,0,0,0,0,1,0,0,0 days 00:58:59
1992065,SecondHalf,Belgium,0,0,0,1,0,0,0,0,0,0 days 00:59:00
1992065,SecondHalf,Senegal,0,0,0,0,0,0,0,1,0,0 days 00:59:00
1992065,SecondHalf,Senegal,0,1,0,0,0,0,0,0,0,0 days 00:59:01
1992065,SecondHalf,Belgium,0,0,0,0,0,0,0,0,0,0 days 00:59:01
1992065,SecondHalf,Senegal,0,0,0,0,0,0,1,0,0,0 days 00:59:02
1992065,SecondHalf,Belgium,0,0,0,0,0,1,0,0,0,0 days 00:59:04
1992065,SecondHalf,Belgium,0,1,0,0,0,0,0,0,0,0 days 00:59:06
1992065,SecondHalf,Belgium,0,0,0,0,0,0,1,0,0,0 days 00:59:11
1992065,SecondHalf,Senegal,0,0,0,0,0,0,0,0,0,0 days 00:59:13
1992065,SecondHalf,Belgium,0,0,0,0,0,0,0,0,1,0 days 00:59:13
1992065,SecondHalf,Belgium,0,0,0,0,0,0,0,0,1,0 days 00:59:16
1992065,SecondHalf,Senegal,0,0,0,0,0,0,0,0,0,0 days 00:59:16
1992065,SecondHalf,Belgium,1,0,0,0,0,0,0,0,0,0 days 00:59:17
1992065,SecondHalf,Senegal,0,0,0,0,0,0,0,0,0,0 days 00:59:17
1992065,SecondHalf,Belgium,0,0,0,0,0,0,0,0,0,0 days 00:59:18
1992065,SecondHalf,Belgium,0,0,0,0,0,0,0,0,0,0 days 00:59:21
1992065,SecondHalf,Senegal,0,0,0,0,0,0,1,0,0,0 days 00:59:21
1992065,SecondHalf,Senegal,0,0,0,0,0,0,0,0,0,0 days 00:59:21
1992065,SecondHalf,Belgium,0,0,0,0,0,0,0,0,0,0 days 00:59:22
1992065,SecondHalf,Belgium,0,0,0,0,0,0,1,0,0,0 days 00:59:24
1992065,SecondHalf,Belgium,0,0,0,0,0,0,1,0,0,0 days 00:59:27
1992065,SecondHalf,Belgium,0,0,0,0,0,0,1,0,0,0 days 00:59:29
1992065,SecondHalf,Belgium,0,0,0,0,0,0,1,0,0,0 days 00:59:31
1992065,SecondHalf,Belgium,0,0,0,0,0,0,1,0,0,0 days 00:59:34
1992065,SecondHalf,Senegal,0,0,0,0,0,1,0,0,0,0 days 00:59:36
1992065,SecondHalf,Senegal,0,0,0,0,0,0,0,0,0,0 days 00:59:38
1992065,SecondHalf,Belgium,0,0,0,0,0,0,1,0,0,0 days 00:59:39
1992065,SecondHalf,Belgium,1,0,0,0,0,0,0,0,0,0 days 00:59:41
1992065,SecondHalf,Senegal,0,0,0,0,0,0,0,0,0,0 days 00:59:41
1992065,SecondHalf,Senegal,0,0,0,0,0,0,0,0,0,0 days 00:59:42
1992065,SecondHalf,Belgium,0,0,0,0,0,0,0,0,0,0 days 00:59:42
1992065,SecondHalf,Belgium,0,0,0,0,0,0,1,0,0,0 days 01:00:14
1992065,SecondHalf,Senegal,0,0,1,0,0,0,0,0,0,0 days 01:00:17
1992065,SecondHalf,Belgium,0,0,0,0,0,0,1,0,0,0 days 01:00:21
1992065,SecondHalf,Belgium,0,0,0,0,0,0,1,0,0,0 days 01:00:24
1992065,SecondHalf,Belgium,0,0,0,0,0,0,1,0,0,0 days 01:00:27
1992065,SecondHalf,Belgium,0,0,0,0,0,0,0,0,0,0 days 01:00:31
1992065,SecondHalf,Senegal,0,0,0,0,0,0,0,0,0,0 days 01:00:31
1992065,SecondHalf,Belgium,0,0,0,0,0,0,1,0,0,0 days 01:00:31
1992065,SecondHalf,Belgium,0,0,0,0,0,0,1,0,0,0 days 01:00:34
1992065,SecondHalf,Belgium,0,0,0,0,0,0,1,0,0,0 days 01:00:36
1992065,SecondHalf,Belgium,0,0,0,0,0,0,1,0,0,0 days 01:00:37
1992065,SecondHalf,Belgium,0,0,0,0,0,0,1,0,0,0 days 01:00:40
1992065,SecondHalf,Belgium,0,0,0,0,0,0,1,0,0,0 days 01:00:46
1992065,SecondHalf,Belgium,0,0,0,0,0,0,1,0,0,0 days 01:00:50
1992065,SecondHalf,Senegal,0,0,1,0,0,0,0,0,0,0 days 01:00:51
1992065,SecondHalf,Belgium,0,0,0,0,0,0,1,0,0,0 days 01:00:57
1992065,SecondHalf,Senegal,0,0,1,0,0,0,0,0,0,0 days 01:00:59
1992065,SecondHalf,Senegal,0,0,0,0,0,0,0,0,0,0 days 01:01:02
1992065,SecondHalf,Belgium,0,0,0,0,0,0,1,0,0,0 days 01:01:03
1992065,SecondHalf,Belgium,0,0,0,0,0,0,1,0,0,0 days 01:01:04
1992065,SecondHalf,Belgium,0,0,0,0,0,0,1,0,0,0 days 01:01:06
1992065,SecondHalf,Senegal,0,0,0,0,0,0,0,0,0,0 days 01:01:07
1992065,SecondHalf,Belgium,1,0,0,0,0,0,0,0,0,0 days 01:01:07
1992065,SecondHalf,Senegal,0,0,1,0,0,0,0,0,0,0 days 01:01:09
1992065,SecondHalf,Belgium,0,0,0,0,0,0,1,0,0,0 days 01:01:10
1992065,SecondHalf,Belgium,0,0,0,0,0,0,1,0,0,0 days 01:01:13
1992065,SecondHalf,Belgium,0,0,0,0,0,0,1,0,0,0 days 01:01:14
1992065,SecondHalf,Belgium,0,0,0,0,0,0,1,0,0,0 days 01:01:18
1992065,SecondHalf,Senegal,0,0,0,0,0,0,0,0,0,0 days 01:01:18
1992065,SecondHalf,Belgium,0,0,0,0,0,0,1,0,0,0 days 01:01:22
1992065,SecondHalf,Belgium,0,0,0,0,0,0,1,0,0,0 days 01:01:23
1992065,SecondHalf,Senegal,0,0,0,0,0,0,1,0,0,0 days 01:01:39
1992065,SecondHalf,Senegal,0,0,0,0,0,0,1,0,0,0 days 01:01:40
1992065,SecondHalf,Senegal,0,0,0,0,0,0,1,0,0,0 days 01:01:43
1992065,SecondHalf,Senegal,0,0,0,0,0,0,1,0,0,0 days 01:01:45
1992065,SecondHalf,Belgium,0,0,0,0,0,0,1,0,0,0 days 01:01:50
1992065,SecondHalf,Belgium,0,0,0,0,0,0,1,0,0,0 days 01:01:51
1992065,SecondHalf,Belgium,0,1,0,0,0,0,0,0,0,0 days 01:01:51
1992065,SecondHalf,Belgium,0,0,0,0,0,0,1,0,0,0 days 01:01:52
1992065,SecondHalf,Senegal,0,0,0,0,1,0,0,0,0,0 days 01:01:54
1992065,SecondHalf,Belgium,0,0,0,0,1,0,0,0,0,0 days 01:01:54
1992065,SecondHalf,Belgium,0,0,0,0,0,0,0,0,0,0 days 01:02:32
1992065,SecondHalf,Belgium,0,0,0,0,0,0,0,0,0,0 days 01:02:32
1992065,SecondHalf,Belgium,0,0,0,0,0,0,0,0,0,0 days 01:02:33
1992065,SecondHalf,Belgium,0,0,0,0,0,0,1,0,0,0 days 01:02:43
1992065,SecondHalf,Belgium,0,0,0,0,0,0,1,0,0,0 days 01:02:45
1992065,SecondHalf,Belgium,0,0,0,0,0,0,1,0,0,0 days 01:02:49
1992065,SecondHalf,Belgium,0,0,0,0,0,0,1,0,0,0 days 01:02:53
1992065,SecondHalf,Belgium,0,0,0,0,0,0,1,0,0,0 days 01:02:54
1992065,SecondHalf,Belgium,0,0,0,0,0,0,1,0,0,0 days 01:02:59
1992065,SecondHalf,Senegal,0,0,0,0,0,1,0,0,0,0 days 01:03:01
1992065,SecondHalf,Senegal,0,1,0,0,0,0,0,0,0,0 days 01:03:02
1992065,SecondHalf,Senegal,0,0,0,0,0,0,1,0,0,0 days 01:03:03
1992065,SecondHalf,Senegal,0,0,0,0,0,0,0,0,1,0 days 01:03:03
1992065,SecondHalf,Senegal,0,0,0,0,1,0,0,0,0,0 days 01:03:05
1992065,SecondHalf,Belgium,0,0,0,0,1,0,0,0,0,0 days 01:03:05
1992065,SecondHalf,Belgium,0,0,0,0,0,0,0,0,0,0 days 01:03:08
1992065,SecondHalf,Senegal,0,0,0,0,0,0,1,0,0,0 days 01:04:08
1992065,SecondHalf,Senegal,0,0,0,0,0,0,1,0,0,0 days 01:04:19
1992065,SecondHalf,Belgium,0,0,0,0,0,0,0,0,0,0 days 01:04:22
1992065,SecondHalf,Belgium,0,0,0,0,0,0,1,0,0,0 days 01:04:24
1992065,SecondHalf,Belgium,0,0,0,0,0,0,1,0,0,0 days 01:04:28
1992065,SecondHalf,Belgium,0,0,0,0,0,0,1,0,0,0 days 01:04:34
1992065,SecondHalf,Belgium,0,0,0,0,0,0,1,0,0,0 days 01:04:36
1992065,SecondHalf,Senegal,0,0,0,0,0,1,0,0,0,0 days 01:04:38
1992065,SecondHalf,Belgium,0,0,0,0,0,0,1,0,0,0 days 01:04:44
1992065,SecondHalf,Belgium,0,0,0,0,0,0,1,0,0,0 days 01:04:48
1992065,SecondHalf,Belgium,0,0,0,0,0,0,1,0,0,0 days 01:04:49
1992065,SecondHalf,Belgium,0,0,0,0,0,0,1,0,0,0 days 01:04:51
1992065,SecondHalf,Belgium,0,0,0,0,0,0,0,0,0,0 days 01:04:56
1992065,SecondHalf,Senegal,0,0,0,0,0,0,0,0,0,0 days 01:04:56
1992065,SecondHalf,Belgium,0,0,0,0,0,0,0,0,0,0 days 01:04:00
1992065,SecondHalf,Senegal,0,0,0,0,0,0,0,0,0,0 days 01:05:47
1992065,SecondHalf,Senegal,0,0,0,0,0,0,0,0,0,0 days 01:05:47
1992065,SecondHalf,Senegal,0,0,0,0,0,0,1,0,0,0 days 01:06:05
1992065,SecondHalf,Senegal,0,0,0,0,0,0,1,0,0,0 days 01:06:10
1992065,SecondHalf,Belgium,0,0,0,0,0,0,1,0,0,0 days 01:06:10
1992065,SecondHalf,Belgium,0,1,0,0,0,0,0,0,0,0 days 01:06:11
1992065,SecondHalf,Belgium,0,0,0,0,0,0,1,0,0,0 days 01:06:11
1992065,SecondHalf,Belgium,0,0,0,0,0,0,1,0,0,0 days 01:06:13
1992065,SecondHalf,Belgium,0,0,0,0,0,0,1,0,0,0 days 01:06:18
1992065,SecondHalf,Belgium,0,0,0,0,0,0,1,0,0,0 days 01:06:24
1992065,SecondHalf,Belgium,0,0,0,0,0,0,1,0,0,0 days 01:06:27
1992065,SecondHalf,Belgium,0,0,0,0,0,0,0,0,0,0 days 01:06:28
1992065,SecondHalf,Senegal,0,0,0,0,0,0,1,0,0,0 days 01:06:28
1992065,SecondHalf,Senegal,0,1,0,0,0,0,0,0,0,0 days 01:06:30
1992065,SecondHalf,Senegal,0,0,0,0,0,0,1,0,0,0 days 01:06:31
1992065,SecondHalf,Senegal,0,0,0,0,0,0,1,0,0,0 days 01:06:33
1992065,SecondHalf,Belgium,0,1,0,0,0,0,0,0,0,0 days 01:06:35
1992065,SecondHalf,Belgium,0,0,0,0,0,0,1,0,0,0 days 01:06:35
1992065,SecondHalf,Belgium,0,0,0,0,0,0,1,0,0,0 days 01:06:36
1992065,SecondHalf,Belgium,0,0,0,0,0,0,1,0,0,0 days 01:06:40
1992065,SecondHalf,Senegal,0,0,0,0,0,1,0,0,0,0 days 01:06:43
1992065,SecondHalf,Senegal,0,1,0,0,0,0,0,0,0,0 days 01:06:45
1992065,SecondHalf,Senegal,0,0,0,0,0,0,1,0,0,0 days 01:06:45
1992065,SecondHalf,Senegal,0,0,0,0,0,0,0,0,0,0 days 01:06:46
1992065,SecondHalf,Senegal,0,0,0,0,1,0,0,0,0,0 days 01:06:47
1992065,SecondHalf,Belgium,0,0,0,0,1,0,0,0,0,0 days 01:06:47
1992065,SecondHalf,Senegal,0,0,0,0,0,0,0,0,0,0 days 01:06:49
1992066,SecondHalf,Switzerland,0,0,0,0,0,0,1,0,0,0 days 00:57:02
1992066,SecondHalf,Switzerland,0,0,0,0,0,0,1,0,0,0 days 00:57:04
1992066,SecondHalf,Switzerland,0,0,0,0,0,0,1,0,0,0 days 00:57:06
1992066,SecondHalf,Switzerland,0,0,0,0,0,0,1,0,0,0 days 00:57:12
1992066,SecondHalf,Algeria,0,0,0,0,0,0,0,0,0,0 days 00:57:15
1992066,SecondHalf,Switzerland,0,0,0,0,0,0,0,0,1,0 days 00:57:15
1992066,SecondHalf,Switzerland,0,0,0,0,0,0,1,0,0,0 days 00:57:17
1992066,SecondHalf,Algeria,0,0,0,0,0,0,0,0,0,0 days 00:57:18
1992066,SecondHalf,Algeria,0,0,0,0,0,0,0,0,0,0 days 00:57:19
1992066,SecondHalf,Switzerland,0,0,0,0,0,0,0,0,1,0 days 00:57:19
1992066,SecondHalf,Switzerland,0,0,0,0,0,0,1,0,0,0 days 00:57:20
1992066,SecondHalf,Algeria,0,0,0,0,0,0,0,0,0,0 days 00:57:55
1992066,SecondHalf,Algeria,0,0,0,0,0,0,0,0,0,0 days 00:57:55
1992066,SecondHalf,Algeria,0,0,0,0,0,0,0,0,0,0 days 00:57:59
1992066,SecondHalf,Algeria,0,0,0,0,0,0,0,0,0,0 days 00:57:59
1992066,SecondHalf,Algeria,0,0,0,0,0,0,0,0,0,0 days 00:58:01
1992066,SecondHalf,Algeria,0,0,0,0,0,0,1,0,0,0 days 00:58:14
1992066,SecondHalf,Algeria,0,0,0,0,0,0,1,0,0,0 days 00:58:16
1992066,SecondHalf,Algeria,0,0,0,0,0,0,1,0,0,0 days 00:58:21
1992066,SecondHalf,Switzerland,0,0,0,0,0,0,0,0,0,0 days 00:58:22
1992066,SecondHalf,Algeria,0,0,0,0,0,0,1,0,0,0 days 00:58:23
1992066,SecondHalf,Algeria,0,0,0,0,0,0,1,0,0,0 days 00:58:25
1992066,SecondHalf,Algeria,0,0,0,0,0,0,1,0,0,0 days 00:58:26
1992066,SecondHalf,Algeria,0,0,0,0,0,0,1,0,0,0 days 00:58:30
1992066,SecondHalf,Algeria,0,0,0,0,0,0,1,0,0,0 days 00:58:35
1992066,SecondHalf,Algeria,0,0,0,0,0,0,1,0,0,0 days 00:58:38
1992066,SecondHalf,Algeria,0,0,0,0,0,0,1,0,0,0 days 00:58:42
1992066,SecondHalf,Switzerland,0,0,0,0,0,0,0,0,0,0 days 00:58:48
1992066,SecondHalf,Switzerland,0,0,0,0,0,0,1,0,0,0 days 00:59:22
1992066,SecondHalf,Switzerland,0,0,0,0,0,0,1,0,0,0 days 00:59:24
1992066,SecondHalf,Switzerland,0,0,0,0,0,0,1,0,0,0 days 00:59:28
1992066,SecondHalf,Switzerland,0,0,0,0,0,0,1,0,0,0 days 00:59:31
1992066,SecondHalf,Algeria,0,1,0,0,0,0,0,0,0,0 days 00:59:33
1992066,SecondHalf,Switzerland,0,0,0,0,0,0,0,0,0,0 days 00:59:35
1992066,SecondHalf,Algeria,0,0,0,0,0,0,0,0,1,0 days 00:59:35
1992066,SecondHalf,Algeria,0,0,0,0,0,0,1,0,0,0 days 00:59:36
1992066,SecondHalf,Algeria,0,0,0,0,0,0,1,0,0,0 days 00:59:37
1992066,SecondHalf,Algeria,0,0,0,0,0,0,1,0,0,0 days 00:59:40
1992066,SecondHalf,Algeria,0,0,0,0,0,0,0,0,0,0 days 00:59:41
1992066,SecondHalf,Switzerland,0,1,0,0,0,0,0,0,0,0 days 00:59:43
1992066,SecondHalf,Algeria,0,0,0,0,0,0,0,0,0,0 days 00:59:45
1992066,SecondHalf,Switzerland,0,0,0,0,0,0,0,0,1,0 days 00:59:45
1992066,SecondHalf,Switzerland,0,0,0,0,0,0,1,0,0,0 days 00:59:52
1992066,SecondHalf,Switzerland,0,0,0,0,0,0,1,0,0,0 days 00:59:53
1992066,SecondHalf,Algeria,0,0,1,0,0,0,0,0,0,0 days 00:59:54
1992066,SecondHalf,Algeria,0,0,0,0,0,0,0,0,0,0 days 00:59:55
1992066,SecondHalf,Switzerland,0,0,0,0,0,0,0,0,0,0 days 00:59:55
1992066,SecondHalf,Switzerland,0,0,0,0,0,0,1,0,0,0 days 01:00:28
1992066,SecondHalf,Algeria,0,0,0,0,0,0,1,0,0,0 days 01:00:41
1992066,SecondHalf,Algeria,0,0,0,0,0,0,1,0,0,0 days 01:00:43
1992066,SecondHalf,Algeria,0,0,0,0,0,0,1,0,0,0 days 01:00:44
1992066,SecondHalf,Algeria,0,0,0,0,0,0,1,0,0,0 days 01:00:49
1992066,SecondHalf,Switzerland,0,0,0,0,0,0,1,0,0,0 days 01:01:01
1992066,SecondHalf,Switzerland,0,0,0,0,0,0,1,0,0,0 days 01:01:05
1992066,SecondHalf,Switzerland,0,0,0,0,0,0,1,0,0,0 days 01:01:10
1992066,SecondHalf,Switzerland,0,0,0,0,0,0,1,0,0,0 days 01:01:12
1992066,SecondHalf,Switzerland,0,0,0,0,0,0,1,0,0,0 days 01:01:15
1992066,SecondHalf,Switzerland,0,0,0,0,0,0,1,0,0,0 days 01:01:18
1992066,SecondHalf,Switzerland,0,0,0,0,0,0,1,0,0,0 days 01:01:21
1992066,SecondHalf,Switzerland,0,0,0,0,0,0,1,0,0,0 days 01:01:23
1992066,SecondHalf,Switzerland,0,0,0,0,0,0,1,0,0,0 days 01:01:26
1992066,SecondHalf,Switzerland,0,0,0,0,0,0,1,0,0,0 days 01:01:29
1992066,SecondHalf,Switzerland,0,0,0,0,0,0,1,0,0,0 days 01:01:31
1992066,SecondHalf,Algeria,0,1,0,0,0,0,0,0,0,0 days 01:01:33
1992066,SecondHalf,Algeria,0,0,0,0,0,0,1,0,0,0 days 01:01:33
1992066,SecondHalf,Algeria,0,0,0,0,0,0,1,0,0,0 days 01:01:35
1992066,SecondHalf,Algeria,0,0,0,0,0,0,1,0,0,0 days 01:01:37
1992066,SecondHalf,Switzerland,0,0,0,0,0,1,0,0,0,0 days 01:01:38
1992066,SecondHalf,Switzerland,0,1,0,0,0,0,0,0,0,0 days 01:01:39
1992066,SecondHalf,Switzerland,0,0,0,0,0,0,1,0,0,0 days 01:01:39
1992066,SecondHalf,Switzerland,0,0,0,0,0,0,1,0,0,0 days 01:01:45
1992066,SecondHalf,Algeria,0,0,0,0,0,1,0,0,0,0 days 01:01:47
1992066,SecondHalf,Algeria,0,1,0,0,0,0,0,0,0,0 days 01:01:49
1992066,SecondHalf,Algeria,0,0,0,0,0,0,1,0,0,0 days 01:01:49
1992066,SecondHalf,Algeria,0,0,0,0,0,0,1,0,0,0 days 01:01:50
1992066,SecondHalf,Algeria,0,0,0,0,0,0,1,0,0,0 days 01:01:55
1992066,SecondHalf,Algeria,0,0,0,0,0,0,1,0,0,0 days 01:02:02
1992066,SecondHalf,Algeria,0,0,0,0,0,0,1,0,0,0 days 01:02:03
1992066,SecondHalf,Algeria,0,0,0,0,0,0,1,0,0,0 days 01:02:07
1992066,SecondHalf,Algeria,0,0,0,0,0,0,1,0,0,0 days 01:02:09
1992066,SecondHalf,Switzerland,0,0,1,0,0,0,0,0,0,0 days 01:02:15
1992066,SecondHalf,Algeria,0,0,0,0,0,0,0,0,0,0 days 01:02:16
1992066,SecondHalf,Switzerland,0,0,0,0,0,0,1,0,0,0 days 01:02:29
1992066,SecondHalf,Algeria,0,0,0,0,0,0,1,0,0,0 days 01:02:31
1992066,SecondHalf,Algeria,0,0,0,0,0,0,1,0,0,0 days 01:02:32
1992066,SecondHalf,Switzerland,0,0,1,0,0,0,0,0,0,0 days 01:02:33
1992066,SecondHalf,Algeria,0,0,0,0,0,0,0,0,0,0 days 01:02:34
1992066,SecondHalf,Switzerland,0,0,0,0,0,0,0,0,0,0 days 01:02:34
1992066,SecondHalf,Algeria,0,0,0,0,0,0,0,0,0,0 days 01:02:35
1992066,SecondHalf,Switzerland,0,0,1,0,0,0,0,0,0,0 days 01:02:36
1992066,SecondHalf,Algeria,0,1,0,0,0,0,0,0,0,0 days 01:02:37
1992066,SecondHalf,Algeria,0,0,0,0,0,0,1,0,0,0 days 01:02:38
1992066,SecondHalf,Algeria,0,0,0,0,0,0,1,0,0,0 days 01:02:42
1992066,SecondHalf,Switzerland,0,0,1,0,0,0,0,0,0,0 days 01:02:43
1992066,SecondHalf,Switzerland,0,1,0,0,0,0,0,0,0,0 days 01:02:46
1992066,SecondHalf,Switzerland,0,0,0,0,0,0,1,0,0,0 days 01:02:53
1992066,SecondHalf,Switzerland,0,0,0,0,0,0,1,0,0,0 days 01:02:55
1992066,SecondHalf,Switzerland,0,0,0,0,0,0,1,0,0,0 days 01:02:58
1992066,SecondHalf,Switzerland,0,0,0,0,0,0,1,0,0,0 days 01:02:59
1992066,SecondHalf,Switzerland,0,0,0,0,0,0,1,0,0,0 days 01:03:01
1992066,SecondHalf,Switzerland,0,0,0,0,0,0,1,0,0,0 days 01:03:05
1992066,SecondHalf,Switzerland,0,0,0,0,0,0,1,0,0,0 days 01:03:07
1992066,SecondHalf,Switzerland,0,0,0,0,0,0,1,0,0,0 days 01:03:10
1992066,SecondHalf,Switzerland,0,0,0,0,0,0,1,0,0,0 days 01:03:16
1992066,SecondHalf,Switzerland,0,0,0,0,0,0,1,0,0,0 days 01:03:22
1992066,SecondHalf,Switzerland,0,0,0,0,0,0,1,0,0,0 days 01:03:25
1992066,SecondHalf,Algeria,0,0,0,0,0,0,1,0,0,0 days 01:03:26
1992066,SecondHalf,Algeria,0,1,0,0,0,0,0,0,0,0 days 01:03:31
1992066,SecondHalf,Algeria,0,0,0,0,0,0,1,0,0,0 days 01:03:35
1992066,SecondHalf,Algeria,0,0,0,0,0,0,1,0,0,0 days 01:03:36
1992066,SecondHalf,Algeria,0,0,0,0,0,0,1,0,0,0 days 01:03:38
1992066,SecondHalf,Algeria,0,0,0,0,0,0,1,0,0,0 days 01:03:41
1992066,SecondHalf,Algeria,0,0,0,0,0,0,1,0,0,0 days 01:03:44
1992066,SecondHalf,Algeria,0,0,0,0,0,0,1,0,0,0 days 01:03:45
1992066,SecondHalf,Algeria,0,0,0,0,0,0,1,0,0,0 days 01:03:51
1992066,SecondHalf,Algeria,0,0,0,0,0,0,1,0,0,0 days 01:03:53
1992066,SecondHalf,Algeria,0,0,0,0,0,0,1,0,0,0 days 01:03:57
1992066,SecondHalf,Algeria,0,0,0,0,0,0,1,0,0,0 days 01:04:00
1992066,SecondHalf,Switzerland,0,0,0,0,0,1,0,0,0,0 days 01:04:01
1992066,SecondHalf,Switzerland,0,1,0,0,0,0,0,0,0,0 days 01:04:03
1992066,SecondHalf,Switzerland,0,0,0,0,0,0,1,0,0,0 days 01:04:03
1992066,SecondHalf,Switzerland,0,0,0,0,0,0,1,0,0,0 days 01:04:09
1992066,SecondHalf,Algeria,0,0,0,0,0,0,0,0,0,0 days 01:04:10
1992066,SecondHalf,Switzerland,0,0,0,0,0,0,0,0,0,0 days 01:04:11
1992066,SecondHalf,Algeria,0,0,0,0,0,0,0,0,0,0 days 01:04:11
1992066,SecondHalf,Switzerland,0,0,0,0,0,0,1,0,0,0 days 01:04:52
1992066,SecondHalf,Algeria,0,0,0,0,0,0,0,0,0,0 days 01:04:53
1992066,SecondHalf,Switzerland,1,0,0,0,0,0,0,0,0,0 days 01:04:53
1992066,SecondHalf,Switzerland,0,0,0,0,1,0,0,0,0,0 days 01:04:58
1992066,SecondHalf,Algeria,0,0,0,0,1,0,0,0,0,0 days 01:04:58
1992066,SecondHalf,Algeria,0,0,0,0,0,0,1,0,0,0 days 01:05:02
1992066,SecondHalf,Algeria,0,0,0,0,0,0,1,0,0,0 days 01:05:05
1992066,SecondHalf,Algeria,0,0,0,0,0,0,1,0,0,0 days 01:05:10
1992066,SecondHalf,Algeria,0,0,0,0,0,0,1,0,0,0 days 01:05:13
1992066,SecondHalf,Algeria,0,0,0,0,0,0,1,0,0,0 days 01:05:16
1992066,SecondHalf,Algeria,0,0,0,0,0,0,1,0,0,0 days 01:05:21
1992066,SecondHalf,Algeria,0,0,0,0,0,0,1,0,0,0 days 01:05:28
1992066,SecondHalf,Algeria,0,0,0,0,0,0,1,0,0,0 days 01:05:31
1992066,SecondHalf,Algeria,0,0,0,0,0,0,1,0,0,0 days 01:05:34
1992066,SecondHalf,Algeria,0,0,0,0,0,0,1,0,0,0 days 01:05:36
1992066,SecondHalf,Algeria,0,0,0,0,0,0,1,0,0,0 days 01:05:39
1992066,SecondHalf,Algeria,0,0,0,0,0,0,1,0,0,0 days 01:05:42
1992066,SecondHalf,Algeria,0,0,0,0,0,0,1,0,0,0 days 01:05:43
1992066,SecondHalf,Algeria,0,0,0,0,0,0,1,0,0,0 days 01:05:46
1992066,SecondHalf,Algeria,0,0,0,0,0,0,1,0,0,0 days 01:05:49
1992066,SecondHalf,Algeria,0,0,0,0,0,0,1,0,0,0 days 01:05:53
1992066,SecondHalf,Switzerland,0,0,0,0,0,0,0,0,0,0 days 01:05:55
1992066,SecondHalf,Switzerland,0,0,0,0,0,0,1,0,0,0 days 01:06:13
1992066,SecondHalf,Switzerland,0,0,0,0,0,0,1,0,0,0 days 01:06:16
1992066,SecondHalf,Switzerland,0,0,0,0,0,0,0,0,0,0 days 01:06:19
1992066,SecondHalf,Algeria,0,0,0,0,0,0,0,0,0,0 days 01:06:19
1992066,SecondHalf,Switzerland,0,0,0,0,0,0,1,0,0,0 days 01:06:20
1992066,SecondHalf,Algeria,0,0,0,0,0,0,0,0,0,0 days 01:06:21
1992066,SecondHalf,Algeria,0,1,0,0,0,0,0,0,0,0 days 01:06:24
1992066,SecondHalf,Algeria,0,0,0,0,0,0,1,0,0,0 days 01:06:27
1992066,SecondHalf,Switzerland,0,1,0,0,0,0,0,0,0,0 days 01:06:30
1992066,SecondHalf,Switzerland,0,0,0,0,0,0,1,0,0,0 days 01:06:30
1992066,SecondHalf,Switzerland,0,0,0,0,0,0,1,0,0,0 days 01:06:32
1992066,SecondHalf,Algeria,0,1,0,0,0,0,0,0,0,0 days 01:06:36
1992066,SecondHalf,Algeria,0,0,0,0,0,0,1,0,0,0 days 01:06:40
1992066,SecondHalf,Algeria,0,0,0,0,0,0,1,0,0,0 days 01:06:42
1992066,SecondHalf,Algeria,0,0,0,0,0,0,1,0,0,0 days 01:06:43
1992066,SecondHalf,Algeria,0,0,0,0,0,0,1,0,0,0 days 01:06:46
1992066,SecondHalf,Algeria,0,0,0,0,0,0,1,0,0,0 days 01:06:47
1992066,SecondHalf,Switzerland,0,0,0,0,0,0,0,0,0,0 days 01:06:48
1992067,SecondHalf,Spain,0,0,0,0,0,0,1,0,0,0 days 00:57:02
1992067,SecondHalf,Spain,0,0,0,0,0,0,1,0,0,0 days 00:57:05
1992067,SecondHalf,Spain,0,0,0,0,0,0,1,0,0,0 days 00:57:13
1992067,SecondHalf,Spain,0,0,0,0,0,0,1,0,0,0 days 00:57:15
1992067,SecondHalf,Spain,0,0,0,0,0,0,1,0,0,0 days 00:57:18
1992067,SecondHalf,Spain,0,0,0,0,0,0,1,0,0,0 days 00:57:19
1992067,SecondHalf,Spain,0,0,0,0,0,0,1,0,0,0 days 00:57:20
1992067,SecondHalf,Spain,1,0,0,0,0,0,0,0,0,0 days 00:57:22
1992067,SecondHalf,Austria,0,0,0,0,0,0,0,0,0,0 days 00:57:22
1992067,SecondHalf,Spain,0,0,0,0,0,0,0,0,0,0 days 00:57:23
1992067,SecondHalf,Austria,0,1,0,0,0,0,0,0,0,0 days 00:57:25
1992067,SecondHalf,Spain,0,0,0,0,0,1,0,0,0,0 days 00:57:25
1992067,SecondHalf,Austria,0,0,0,0,0,0,1,0,0,0 days 00:57:25
1992067,SecondHalf,Spain,0,1,0,0,0,0,0,0,0,0 days 00:57:27
1992067,SecondHalf,Spain,0,0,0,0,0,0,1,0,0,0 days 00:57:27
1992067,SecondHalf,Spain,0,0,0,0,0,0,1,0,0,0 days 00:57:30
1992067,SecondHalf,Spain,0,0,0,0,0,0,1,0,0,0 days 00:57:33
1992067,SecondHalf,Spain,0,0,0,0,0,0,1,0,0,0 days 00:57:36
1992067,SecondHalf,Spain,0,0,0,0,0,0,1,0,0,0 days 00:57:40
1992067,SecondHalf,Spain,0,0,0,0,0,0,1,0,0,0 days 00:57:43
1992067,SecondHalf,Spain,0,0,0,0,0,0,1,0,0,0 days 00:57:45
1992067,SecondHalf,Spain,0,0,0,0,0,0,1,0,0,0 days 00:57:48
1992067,SecondHalf,Spain,0,0,0,0,0,0,1,0,0,0 days 00:57:51
1992067,SecondHalf,Spain,0,0,0,0,0,0,1,0,0,0 days 00:57:53
1992067,SecondHalf,Spain,0,0,0,0,0,0,1,0,0,0 days 00:57:56
1992067,SecondHalf,Spain,0,0,0,0,0,0,1,0,0,0 days 00:57:59
1992067,SecondHalf,Spain,1,0,0,0,0,0,0,0,0,0 days 00:58:02
1992067,SecondHalf,Austria,0,0,0,0,0,0,0,0,0,0 days 00:58:02
1992067,SecondHalf,Spain,0,0,0,0,0,0,0,0,0,0 days 00:58:03
1992067,SecondHalf,Austria,0,0,0,0,0,0,1,0,0,0 days 00:58:30
1992067,SecondHalf,Austria,0,0,0,0,0,0,1,0,0,0 days 00:58:34
1992067,SecondHalf,Austria,0,0,0,0,0,0,1,0,0,0 days 00:58:37
1992067,SecondHalf,Spain,0,0,0,0,0,0,0,0,0,0 days 00:58:40
1992067,SecondHalf,Austria,0,0,0,0,0,0,0,0,0,0 days 00:58:40
1992067,SecondHalf,Spain,0,0,1,0,0,0,0,0,0,0 days 00:58:41
1992067,SecondHalf,Austria,0,0,0,0,0,0,1,0,0,0 days 00:58:42
1992067,SecondHalf,Spain,0,1,0,0,0,0,0,0,0,0 days 00:58:45
1992067,SecondHalf,Spain,0,0,0,0,0,0,1,0,0,0 days 00:58:45
1992067,SecondHalf,Spain,0,0,0,0,0,0,1,0,0,0 days 00:58:47
1992067,SecondHalf,Austria,0,0,0,0,0,0,0,0,0,0 days 00:58:52
1992067,SecondHalf,Spain,0,0,0,0,0,0,0,0,0,0 days 00:58:52
1992067,SecondHalf,Austria,0,0,0,0,0,0,0,0,0,0 days 00:58:00
1992067,SecondHalf,Austria,0,0,0,0,0,0,0,0,0,0 days 00:59:09
1992067,SecondHalf,Austria,0,0,0,0,0,0,0,0,0,0 days 00:59:09
1992067,SecondHalf,Austria,0,0,0,0,0,0,0,0,0,0 days 00:59:14
1992067,SecondHalf,Austria,0,0,0,0,0,0,0,0,0,0 days 00:59:14
1992067,SecondHalf,Austria,0,0,0,0,0,0,0,0,0,0 days 00:59:15
1992067,SecondHalf,Spain,0,0,0,0,0,0,1,0,0,0 days 00:59:32
1992067,SecondHalf,Spain,0,0,0,0,0,0,1,0,0,0 days 00:59:38
1992067,SecondHalf,Spain,0,0,0,0,0,0,1,0,0,0 days 00:59:42
1992067,SecondHalf,Spain,0,0,0,0,0,0,1,0,0,0 days 00:59:44
1992067,SecondHalf,Spain,0,0,0,0,0,0,1,0,0,0 days 00:59:46
1992067,SecondHalf,Spain,0,0,0,0,0,0,1,0,0,0 days 00:59:48
1992067,SecondHalf,Spain,0,0,0,0,0,0,1,0,0,0 days 00:59:50
1992067,SecondHalf,Austria,0,0,0,0,0,0,1,0,0,0 days 00:59:53
1992067,SecondHalf,Austria,0,0,0,0,0,0,1,0,0,0 days 00:59:55
1992067,SecondHalf,Spain,0,0,0,0,0,0,0,0,0,0 days 00:59:56
1992067,SecondHalf,Austria,0,0,0,0,0,0,0,0,0,0 days 00:59:57
1992067,SecondHalf,Austria,0,1,0,0,0,0,0,0,0,0 days 00:59:58
1992067,SecondHalf,Austria,0,0,0,0,0,0,1,0,0,0 days 00:59:58
1992067,SecondHalf,Austria,0,0,0,0,0,0,1,0,0,0 days 00:59:59
1992067,SecondHalf,Austria,0,0,0,0,0,0,1,0,0,0 days 01:00:00
1992067,SecondHalf,Austria,0,0,0,0,0,0,1,0,0,0 days 01:00:02
1992067,SecondHalf,Austria,0,0,0,0,0,0,1,0,0,0 days 01:00:06
1992067,SecondHalf,Austria,1,0,0,0,0,0,0,0,0,0 days 01:00:09
1992067,SecondHalf,Spain,0,0,0,0,0,0,1,0,0,0 days 01:00:29
1992067,SecondHalf,Spain,0,0,0,0,0,0,1,0,0,0 days 01:00:32
1992067,SecondHalf,Spain,0,0,0,0,0,0,1,0,0,0 days 01:00:35
1992067,SecondHalf,Spain,0,0,0,0,0,0,1,0,0,0 days 01:00:38
1992067,SecondHalf,Austria,0,0,0,0,0,0,0,0,0,0 days 01:00:38
1992067,SecondHalf,Spain,0,0,0,0,0,0,1,0,0,0 days 01:00:44
1992067,SecondHalf,Spain,0,0,0,0,0,0,1,0,0,0 days 01:00:46
1992067,SecondHalf,Spain,0,0,0,0,0,0,1,0,0,0 days 01:00:49
1992067,SecondHalf,Spain,0,0,0,0,0,0,1,0,0,0 days 01:00:52
1992067,SecondHalf,Spain,0,0,0,0,0,0,1,0,0,0 days 01:01:00
1992067,SecondHalf,Austria,0,0,0,0,0,0,0,0,0,0 days 01:01:03
1992067,SecondHalf,Spain,1,0,0,0,0,0,0,0,0,0 days 01:01:03
1992067,SecondHalf,Spain,0,0,0,0,0,0,1,0,0,0 days 01:01:06
1992067,SecondHalf,Spain,0,0,0,0,0,0,1,0,0,0 days 01:01:14
1992067,SecondHalf,Spain,0,0,0,0,0,0,1,0,0,0 days 01:01:16
1992067,SecondHalf,Spain,0,0,0,0,0,0,1,0,0,0 days 01:01:17
1992067,SecondHalf,Spain,0,0,0,0,0,0,0,0,0,0 days 01:01:21
1992067,SecondHalf,Austria,0,0,0,0,0,0,0,0,0,0 days 01:01:21
1992067,SecondHalf,Austria,0,0,0,0,0,0,1,0,0,0 days 01:01:46
1992067,SecondHalf,Austria,0,0,0,0,0,0,1,0,0,0 days 01:01:46
1992067,SecondHalf,Austria,0,0,0,0,0,0,1,0,0,0 days 01:01:47
1992067,SecondHalf,Austria,0,0,0,0,0,0,1,0,0,0 days 01:01:48
1992067,SecondHalf,Austria,0,0,0,0,0,0,1,0,0,0 days 01:01:49
1992067,SecondHalf,Austria,0,0,0,0,0,0,1,0,0,0 days 01:01:50
1992067,SecondHalf,Austria,0,0,0,0,0,0,1,0,0,0 days 01:01:53
1992067,SecondHalf,Austria,0,0,0,0,0,0,1,0,0,0 days 01:01:55
1992067,SecondHalf,Austria,0,0,0,0,0,0,1,0,0,0 days 01:01:57
1992067,SecondHalf,Austria,0,0,0,0,0,0,1,0,0,0 days 01:01:59
1992067,SecondHalf,Spain,0,0,0,0,0,0,0,0,0,0 days 01:01:00
1992067,SecondHalf,Austria,0,0,0,0,0,0,1,0,0,0 days 01:02:00
1992067,SecondHalf,Spain,0,0,0,0,0,1,0,0,0,0 days 01:02:01
1992067,SecondHalf,Spain,0,0,0,0,0,0,1,0,0,0 days 01:02:02
1992067,SecondHalf,Austria,0,0,0,0,0,0,1,0,0,0 days 01:02:03
1992067,SecondHalf,Austria,0,0,0,0,0,0,1,0,0,0 days 01:02:05
1992067,SecondHalf,Spain,0,0,0,0,0,0,0,0,0,0 days 01:02:08
1992067,SecondHalf,Austria,0,0,0,0,1,0,0,0,0,0 days 01:02:10
1992067,SecondHalf,Spain,0,0,0,0,1,0,0,0,0,0 days 01:02:10
1992067,SecondHalf,Spain,0,0,0,0,0,0,1,0,0,0 days 01:03:40
1992067,SecondHalf,Spain,0,0,0,0,0,0,1,0,0,0 days 01:03:43
1992067,SecondHalf,Spain,0,0,0,0,0,0,1,0,0,0 days 01:03:50
1992067,SecondHalf,Spain,0,0,0,0,0,0,1,0,0,0 days 01:03:51
1992067,SecondHalf,Spain,0,0,0,0,0,0,1,0,0,0 days 01:03:54
1992067,SecondHalf,Spain,0,0,0,0,0,0,1,0,0,0 days 01:03:58
1992067,SecondHalf,Spain,0,0,0,0,0,0,1,0,0,0 days 01:03:59
1992067,SecondHalf,Spain,0,0,0,0,0,0,1,0,0,0 days 01:04:03
1992067,SecondHalf,Austria,0,1,0,0,0,0,0,0,0,0 days 01:04:06
1992067,SecondHalf,Austria,0,0,0,0,0,0,1,0,0,0 days 01:04:07
1992067,SecondHalf,Austria,0,0,0,0,0,0,1,0,0,0 days 01:04:09
1992067,SecondHalf,Austria,0,0,0,0,0,0,1,0,0,0 days 01:04:12
1992067,SecondHalf,Austria,0,0,0,0,0,0,1,0,0,0 days 01:04:14
1992067,SecondHalf,Spain,0,0,0,0,0,0,0,0,0,0 days 01:04:17
1992067,SecondHalf,Spain,0,0,0,0,0,0,1,0,0,0 days 01:04:19
1992067,SecondHalf,Spain,0,0,0,0,0,0,1,0,0,0 days 01:04:30
1992067,SecondHalf,Spain,0,0,0,0,0,0,0,0,1,0 days 01:04:40
1992067,SecondHalf,Austria,0,0,0,0,0,0,0,1,0,0 days 01:04:40
1992067,SecondHalf,Spain,0,0,0,0,0,0,1,0,0,0 days 01:04:44
1992067,SecondHalf,Spain,0,0,0,0,0,0,1,0,0,0 days 01:04:50
1992067,SecondHalf,Spain,0,0,0,0,0,0,1,0,0,0 days 01:04:51
1992067,SecondHalf,Spain,0,0,0,0,0,0,1,0,0,0 days 01:04:53
1992067,SecondHalf,Spain,0,0,0,0,0,0,1,0,0,0 days 01:04:55
1992067,SecondHalf,Spain,0,0,0,0,0,0,1,0,0,0 days 01:05:01
1992067,SecondHalf,Spain,0,0,0,0,0,0,1,0,0,0 days 01:05:02
1992067,SecondHalf,Spain,0,0,0,0,0,0,1,0,0,0 days 01:05:05
1992067,SecondHalf,Spain,0,0,0,0,0,0,1,0,0,0 days 01:05:07
1992067,SecondHalf,Spain,0,0,0,0,0,0,1,0,0,0 days 01:05:08
1992067,SecondHalf,Spain,0,0,0,0,0,0,1,0,0,0 days 01:05:09
1992067,SecondHalf,Spain,0,0,0,0,0,0,1,0,0,0 days 01:05:10
1992067,SecondHalf,Spain,0,0,0,0,0,0,1,0,0,0 days 01:05:12
1992067,SecondHalf,Spain,0,0,0,0,0,0,1,0,0,0 days 01:05:15
1992067,SecondHalf,Spain,0,0,0,0,0,0,1,0,0,0 days 01:05:16
1992067,SecondHalf,Spain,0,0,0,0,0,0,1,0,0,0 days 01:05:18
1992067,SecondHalf,Spain,0,0,0,0,0,0,1,0,0,0 days 01:05:20
1992067,SecondHalf,Spain,0,0,0,0,0,0,1,0,0,0 days 01:05:22
1992067,SecondHalf,Spain,1,0,0,0,0,0,0,0,0,0 days 01:05:25
1992067,SecondHalf,Austria,0,0,0,0,0,0,0,0,0,0 days 01:05:25
1992067,SecondHalf,Spain,0,0,0,0,0,0,1,0,0,0 days 01:05:26
1992067,SecondHalf,Austria,0,0,0,0,0,0,0,0,0,0 days 01:05:26
1992067,SecondHalf,Spain,0,0,0,0,0,0,1,0,0,0 days 01:05:27
1992067,SecondHalf,Spain,0,0,0,0,0,0,1,0,0,0 days 01:05:28
1992067,SecondHalf,Spain,1,0,0,0,0,0,0,0,0,0 days 01:05:29
1993367,SecondHalf,Morocco,0,0,0,0,0,0,0,0,0,0 days 00:57:03
1993367,SecondHalf,Canada,0,0,0,0,0,0,0,0,0,0 days 00:57:03
1993367,SecondHalf,Canada,0,0,0,0,0,0,1,0,0,0 days 00:57:03
1993367,SecondHalf,Morocco,0,0,0,0,0,0,0,0,0,0 days 00:57:04
1993367,SecondHalf,Morocco,0,0,0,0,0,0,0,0,0,0 days 00:57:08
1993367,SecondHalf,Canada,0,0,0,0,1,0,0,0,0,0 days 00:57:08
1993367,SecondHalf,Morocco,0,0,0,0,1,0,0,0,0,0 days 00:57:08
1993367,SecondHalf,Canada,0,0,0,0,0,0,1,0,0,0 days 00:57:15
1993367,SecondHalf,Canada,0,0,0,0,0,0,1,0,0,0 days 00:57:16
1993367,SecondHalf,Canada,0,0,0,0,0,0,1,0,0,0 days 00:57:20
1993367,SecondHalf,Canada,0,0,0,0,0,0,1,0,0,0 days 00:57:22
1993367,SecondHalf,Canada,0,0,0,0,0,0,1,0,0,0 days 00:57:29
1993367,SecondHalf,Canada,0,0,0,0,0,0,0,0,0,0 days 00:57:30
1993367,SecondHalf,Morocco,0,0,0,0,0,0,0,0,0,0 days 00:57:30
1993367,SecondHalf,Morocco,0,0,0,0,0,0,0,0,0,0 days 00:57:30
1993367,SecondHalf,Canada,0,0,0,0,0,0,1,0,0,0 days 00:58:06
1993367,SecondHalf,Canada,0,0,0,0,0,0,1,0,0,0 days 00:58:09
1993367,SecondHalf,Morocco,0,0,1,0,0,0,0,0,0,0 days 00:58:09
1993367,SecondHalf,Morocco,0,0,1,0,0,0,0,0,0,0 days 00:58:11
1993367,SecondHalf,Canada,0,0,0,0,0,0,1,0,0,0 days 00:58:41
1993367,SecondHalf,Morocco,0,0,1,0,0,0,0,0,0,0 days 00:58:43
1993367,SecondHalf,Canada,0,0,0,0,0,0,1,0,0,0 days 00:58:45
1993367,SecondHalf,Canada,0,0,0,0,0,0,1,0,0,0 days 00:58:48
1993367,SecondHalf,Canada,0,0,0,0,0,0,1,0,0,0 days 00:58:49
1993367,SecondHalf,Morocco,0,1,0,0,0,0,0,0,0,0 days 00:58:51
1993367,SecondHalf,Morocco,0,0,0,0,0,0,1,0,0,0 days 00:58:55
1993367,SecondHalf,Canada,0,1,0,0,0,0,0,0,0,0 days 00:58:57
1993367,SecondHalf,Canada,0,0,0,0,0,0,1,0,0,0 days 00:58:57
1993367,SecondHalf,Canada,0,0,0,0,0,0,1,0,0,0 days 00:58:58
1993367,SecondHalf,Canada,0,0,0,0,0,0,1,0,0,0 days 00:58:58
1993367,SecondHalf,Morocco,0,0,0,0,0,0,0,0,0,0 days 00:58:58
1993367,SecondHalf,Canada,0,0,0,0,0,0,1,0,0,0 days 00:59:05
1993367,SecondHalf,Canada,0,0,0,0,0,0,1,0,0,0 days 00:59:08
1993367,SecondHalf,Canada,0,0,0,0,0,0,1,0,0,0 days 00:59:14
1993367,SecondHalf,Morocco,0,0,0,0,0,0,0,0,0,0 days 00:59:17
1993367,SecondHalf,Canada,0,0,0,0,0,0,0,0,0,0 days 00:59:17
1993367,SecondHalf,Morocco,0,0,0,0,0,0,0,0,0,0 days 00:59:17
1993367,SecondHalf,Canada,0,0,0,0,0,0,0,0,0,0 days 00:59:17
1993367,SecondHalf,Canada,0,0,0,0,0,0,0,0,0,0 days 00:59:00
1993367,SecondHalf,Morocco,0,0,0,0,0,0,1,0,0,0 days 01:00:17
1993367,SecondHalf,Morocco,0,0,0,0,0,0,1,0,0,0 days 01:00:20
1993367,SecondHalf,Morocco,0,0,0,0,0,0,1,0,0,0 days 01:00:22
1993367,SecondHalf,Morocco,0,0,0,0,0,0,1,0,0,0 days 01:00:24
1993367,SecondHalf,Canada,0,0,0,0,0,0,1,0,0,0 days 01:00:29
1993367,SecondHalf,Canada,0,1,0,0,0,0,0,0,0,0 days 01:00:30
1993367,SecondHalf,Canada,0,0,0,0,0,0,1,0,0,0 days 01:00:30
1993367,SecondHalf,Canada,0,0,0,0,0,0,1,0,0,0 days 01:00:31
1993367,SecondHalf,Canada,0,0,0,0,0,0,1,0,0,0 days 01:00:32
1993367,SecondHalf,Canada,0,0,0,0,0,0,1,0,0,0 days 01:00:32
1993367,SecondHalf,Morocco,0,0,0,0,0,1,0,0,0,0 days 01:00:32
1993367,SecondHalf,Morocco,0,0,0,0,0,0,1,0,0,0 days 01:00:37
1993367,SecondHalf,Canada,0,0,0,0,0,0,1,0,0,0 days 01:00:40
1993367,SecondHalf,Canada,0,0,0,0,0,0,1,0,0,0 days 01:00:42
1993367,SecondHalf,Canada,0,0,0,0,0,0,1,0,0,0 days 01:00:46
1993367,SecondHalf,Canada,0,0,0,0,0,0,1,0,0,0 days 01:00:48
1993367,SecondHalf,Canada,0,0,0,0,0,0,1,0,0,0 days 01:00:49
1993367,SecondHalf,Canada,0,0,0,0,0,0,1,0,0,0 days 01:00:50
1993367,SecondHalf,Canada,0,0,0,0,0,0,1,0,0,0 days 01:00:52
1993367,SecondHalf,Canada,0,0,0,0,0,0,1,0,0,0 days 01:00:57
1993367,SecondHalf,Canada,0,0,0,0,0,0,1,0,0,0 days 01:00:58
1993367,SecondHalf,Canada,0,0,0,0,0,0,1,0,0,0 days 01:01:02
1993367,SecondHalf,Canada,0,0,0,0,0,0,1,0,0,0 days 01:01:12
1993367,SecondHalf,Canada,0,0,0,0,0,0,1,0,0,0 days 01:01:15
1993367,SecondHalf,Canada,0,0,0,0,0,0,1,0,0,0 days 01:01:18
1993367,SecondHalf,Canada,0,0,0,0,0,0,1,0,0,0 days 01:01:20
1993367,SecondHalf,Morocco,0,0,0,0,0,0,0,0,0,0 days 01:01:20
1993367,SecondHalf,Morocco,0,0,0,0,0,0,0,0,0,0 days 01:01:22
1993367,SecondHalf,Morocco,0,0,0,0,0,0,1,0,0,0 days 01:01:26
1993367,SecondHalf,Morocco,0,0,0,0,0,0,1,0,0,0 days 01:01:28
1993367,SecondHalf,Morocco,0,0,0,1,0,0,0,0,0,0 days 01:01:34
1993367,SecondHalf,Morocco,0,0,0,0,0,0,0,0,0,0 days 01:01:34
1993367,SecondHalf,Canada,0,0,0,0,0,0,0,1,0,0 days 01:01:34
1993367,SecondHalf,Morocco,0,0,0,0,0,0,0,1,0,0 days 01:01:36
1993367,SecondHalf,Canada,0,0,0,1,0,0,0,0,0,0 days 01:01:36
1993367,SecondHalf,Morocco,0,0,0,0,1,0,0,0,0,0 days 01:01:38
1993367,SecondHalf,Canada,0,0,0,0,1,0,0,0,0,0 days 01:01:38
1993367,SecondHalf,Morocco,0,0,0,0,0,0,0,0,0,0 days 01:02:06
1993367,SecondHalf,Morocco,0,0,0,0,0,0,0,0,0,0 days 01:02:06
1993367,SecondHalf,Morocco,0,0,0,0,0,0,0,0,0,0 days 01:02:08
1993367,SecondHalf,Morocco,0,0,0,0,0,0,0,0,0,0 days 01:02:08
1993367,SecondHalf,Canada,0,0,0,0,0,0,0,0,0,0 days 01:02:25
1993367,SecondHalf,Canada,0,0,0,0,0,0,0,0,0,0 days 01:02:25
1993367,SecondHalf,Morocco,0,0,0,0,0,0,1,0,0,0 days 01:02:39
1993367,SecondHalf,Morocco,0,0,0,0,0,0,1,0,0,0 days 01:02:40
1993367,SecondHalf,Morocco,0,0,0,0,0,0,1,0,0,0 days 01:02:45
1993367,SecondHalf,Morocco,0,0,0,0,0,0,1,0,0,0 days 01:02:48
1993367,SecondHalf,Morocco,0,0,0,0,0,0,1,0,0,0 days 01:02:49
1993367,SecondHalf,Morocco,0,0,0,0,0,0,1,0,0,0 days 01:02:54
1993367,SecondHalf,Morocco,0,0,0,0,0,0,1,0,0,0 days 01:02:59
1993367,SecondHalf,Morocco,0,0,0,0,0,0,1,0,0,0 days 01:03:05
1993367,SecondHalf,Morocco,0,0,0,0,0,0,1,0,0,0 days 01:03:07
1993367,SecondHalf,Morocco,0,0,0,0,0,0,1,0,0,0 days 01:03:11
1993367,SecondHalf,Canada,0,0,0,0,0,0,0,0,0,0 days 01:03:15
1993367,SecondHalf,Morocco,0,0,0,0,0,0,0,0,1,0 days 01:03:15
1993367,SecondHalf,Morocco,0,0,0,0,0,0,1,0,0,0 days 01:03:16
1993367,SecondHalf,Canada,0,0,1,0,0,0,0,0,0,0 days 01:03:19
1993367,SecondHalf,Morocco,0,0,0,0,0,0,1,0,0,0 days 01:03:21
1993367,SecondHalf,Morocco,0,0,0,0,0,0,1,0,0,0 days 01:03:23
1993367,SecondHalf,Morocco,0,0,0,0,0,0,1,0,0,0 days 01:03:25
1993367,SecondHalf,Canada,0,0,1,0,0,0,0,0,0,0 days 01:03:27
1993367,SecondHalf,Morocco,0,0,0,0,0,0,1,0,0,0 days 01:03:32
1993367,SecondHalf,Morocco,0,0,0,0,0,0,1,0,0,0 days 01:03:35
1993367,SecondHalf,Morocco,0,0,0,0,0,0,1,0,0,0 days 01:03:37
1993367,SecondHalf,Morocco,0,0,0,0,0,0,1,0,0,0 days 01:03:39
1993367,SecondHalf,Morocco,0,0,0,0,0,0,1,0,0,0 days 01:03:41
1993367,SecondHalf,Morocco,0,0,0,0,0,0,1,0,0,0 days 01:03:42
1993367,SecondHalf,Morocco,0,0,0,0,0,0,1,0,0,0 days 01:03:48
1993367,SecondHalf,Morocco,0,0,0,0,0,0,0,0,0,0 days 01:03:49
1993367,SecondHalf,Canada,0,0,1,0,0,0,0,0,0,0 days 01:03:51
1993367,SecondHalf,Morocco,0,0,0,0,0,0,1,0,0,0 days 01:03:53
1993367,SecondHalf,Canada,0,1,0,0,0,0,0,0,0,0 days 01:03:56
1993367,SecondHalf,Canada,0,0,0,0,0,0,1,0,0,0 days 01:03:57
1993367,SecondHalf,Canada,0,0,0,0,1,0,0,0,0,0 days 01:04:00
1993367,SecondHalf,Morocco,0,0,0,0,1,0,0,0,0,0 days 01:04:00
1993367,SecondHalf,Morocco,0,0,0,0,0,0,1,0,0,0 days 01:04:13
1993367,SecondHalf,Morocco,0,0,0,0,0,0,1,0,0,0 days 01:04:15
1993367,SecondHalf,Morocco,0,0,0,0,0,0,1,0,0,0 days 01:04:18
1993367,SecondHalf,Morocco,0,0,0,0,0,0,1,0,0,0 days 01:04:20
1993367,SecondHalf,Morocco,0,0,0,0,0,0,1,0,0,0 days 01:04:24
1993367,SecondHalf,Morocco,0,0,0,0,0,0,1,0,0,0 days 01:04:27
1993367,SecondHalf,Morocco,0,0,0,0,0,0,1,0,0,0 days 01:04:28
1993367,SecondHalf,Morocco,0,0,0,0,0,0,1,0,0,0 days 01:04:30
1993367,SecondHalf,Morocco,0,0,0,0,0,0,1,0,0,0 days 01:04:34
1993367,SecondHalf,Morocco,0,0,0,0,0,0,1,0,0,0 days 01:04:39
1993367,SecondHalf,Morocco,0,0,0,0,0,0,1,0,0,0 days 01:04:40
1993367,SecondHalf,Morocco,0,0,0,0,0,0,1,0,0,0 days 01:04:42
1993367,SecondHalf,Morocco,0,0,0,0,0,0,1,0,0,0 days 01:04:46
1993367,SecondHalf,Morocco,0,0,0,0,0,0,1,0,0,0 days 01:04:48
1993367,SecondHalf,Morocco,0,0,0,0,0,0,1,0,0,0 days 01:04:50
1993367,SecondHalf,Morocco,0,0,0,0,0,0,1,0,0,0 days 01:04:52
1993367,SecondHalf,Morocco,0,0,0,0,0,0,1,0,0,0 days 01:04:55
1993367,SecondHalf,Morocco,0,0,0,0,0,0,1,0,0,0 days 01:04:57
1993367,SecondHalf,Canada,0,1,0,0,0,0,0,0,0,0 days 01:05:02
1993367,SecondHalf,Canada,0,0,0,0,0,0,1,0,0,0 days 01:05:03
1993367,SecondHalf,Canada,0,0,0,0,0,0,1,0,0,0 days 01:05:06
1993367,SecondHalf,Canada,0,0,0,0,0,0,1,0,0,0 days 01:05:08
1993367,SecondHalf,Canada,0,0,0,0,0,0,1,0,0,0 days 01:05:10
1993367,SecondHalf,Canada,0,0,0,0,0,0,1,0,0,0 days 01:05:13
1993367,SecondHalf,Canada,0,0,0,0,0,0,1,0,0,0 days 01:05:16
1993367,SecondHalf,Canada,0,0,0,0,0,0,1,0,0,0 days 01:05:19
1993367,SecondHalf,Canada,0,0,0,0,0,0,1,0,0,0 days 01:05:21
1993367,SecondHalf,Canada,0,0,0,0,0,0,0,0,0,0 days 01:05:34
1993367,SecondHalf,Morocco,0,0,0,0,0,0,0,0,0,0 days 01:05:34
1993367,SecondHalf,Canada,0,0,0,0,0,0,0,0,0,0 days 01:05:00
1993367,SecondHalf,Morocco,0,0,0,0,0,0,1,0,0,0 days 01:06:11
1993367,SecondHalf,Canada,0,0,0,0,0,0,1,0,0,0 days 01:06:17
1993367,SecondHalf,Canada,0,0,0,0,0,0,0,0,0,0 days 01:06:20
1993367,SecondHalf,Morocco,0,0,0,0,0,0,0,0,1,0 days 01:06:22
1993367,SecondHalf,Canada,0,0,0,0,0,0,0,1,0,0 days 01:06:22
1993367,SecondHalf,Morocco,0,0,0,0,0,0,1,0,0,0 days 01:06:28
1993367,SecondHalf,Morocco,0,0,0,0,0,0,1,0,0,0 days 01:06:29
1993367,SecondHalf,Morocco,0,0,0,0,0,0,1,0,0,0 days 01:06:30
1993367,SecondHalf,Morocco,0,0,1,0,0,0,0,0,0,0 days 01:06:35
1993367,SecondHalf,Canada,0,0,0,0,0,0,0,0,0,0 days 01:06:38
1993367,SecondHalf,Canada,0,0,0,0,0,0,0,0,0,0 days 01:06:39
1993367,SecondHalf,Morocco,0,0,0,0,0,0,0,0,0,0 days 01:06:39
1993367,SecondHalf,Canada,0,0,0,0,0,0,1,0,0,0 days 01:06:40
1993367,SecondHalf,Canada,0,0,0,0,0,0,1,0,0,0 days 01:06:41
1993367,SecondHalf,Canada,0,1,0,0,0,0,0,0,0,0 days 01:06:42
1993367,SecondHalf,Canada,0,0,0,0,0,0,1,0,0,0 days 01:06:42
1993367,SecondHalf,Morocco,0,0,0,0,0,0,0,0,0,0 days 01:06:44
1993367,SecondHalf,Canada,0,0,0,0,1,0,0,0,0,0 days 01:06:47
1993367,SecondHalf,Morocco,0,0,0,0,1,0,0,0,0,0 days 01:06:47
1993367,SecondHalf,Canada,0,0,0,0,0,0,0,0,0,0 days 01:06:50
1993896,SecondHalf,Norway,0,0,0,0,0,0,1,0,0,0 days 00:57:01
1993896,SecondHalf,Norway,0,0,0,0,0,0,1,0,0,0 days 00:57:02
1993896,SecondHalf,Norway,0,0,0,0,0,0,1,0,0,0 days 00:57:04
1993896,SecondHalf,Norway,0,0,0,0,0,0,1,0,0,0 days 00:57:06
1993896,SecondHalf,Norway,0,0,0,0,0,0,1,0,0,0 days 00:57:08
1993896,SecondHalf,Norway,0,0,0,0,0,0,1,0,0,0 days 00:57:13
1993896,SecondHalf,Norway,0,0,0,1,0,0,0,0,0,0 days 00:57:23
1993896,SecondHalf,Brazil,0,0,0,0,0,0,0,1,0,0 days 00:57:23
1993896,SecondHalf,Brazil,0,0,0,0,0,0,0,0,0,0 days 00:57:45
1993896,SecondHalf,Brazil,0,0,0,0,0,0,0,0,0,0 days 00:57:45
1993896,SecondHalf,Brazil,0,0,0,0,0,0,0,0,0,0 days 00:57:46
1993896,SecondHalf,Norway,0,0,0,0,0,0,1,0,0,0 days 00:58:01
1993896,SecondHalf,Norway,0,0,0,0,0,0,1,0,0,0 days 00:58:05
1993896,SecondHalf,Norway,0,0,0,0,0,0,1,0,0,0 days 00:58:08
1993896,SecondHalf,Norway,0,0,0,0,0,0,1,0,0,0 days 00:58:11
1993896,SecondHalf,Norway,0,0,0,0,0,0,1,0,0,0 days 00:58:13
1993896,SecondHalf,Norway,0,0,0,0,0,0,1,0,0,0 days 00:58:17
1993896,SecondHalf,Norway,0,0,0,0,0,0,1,0,0,0 days 00:58:20
1993896,SecondHalf,Norway,0,0,0,0,0,0,1,0,0,0 days 00:58:21
1993896,SecondHalf,Norway,0,0,0,0,0,0,1,0,0,0 days 00:58:22
1993896,SecondHalf,Norway,0,0,0,0,0,0,1,0,0,0 days 00:58:24
1993896,SecondHalf,Norway,0,0,0,0,0,0,1,0,0,0 days 00:58:27
1993896,SecondHalf,Brazil,0,0,0,0,0,1,0,0,0,0 days 00:58:28
1993896,SecondHalf,Brazil,0,1,0,0,0,0,0,0,0,0 days 00:58:29
1993896,SecondHalf,Brazil,0,0,0,0,0,0,1,0,0,0 days 00:58:30
1993896,SecondHalf,Norway,0,0,0,0,0,0,0,0,0,0 days 00:58:32
1993896,SecondHalf,Brazil,0,0,0,0,0,0,0,0,1,0 days 00:58:32
1993896,SecondHalf,Brazil,0,0,0,0,0,0,1,0,0,0 days 00:58:33
1993896,SecondHalf,Brazil,1,0,0,0,0,0,0,0,0,0 days 00:58:37
1993896,SecondHalf,Norway,0,0,0,0,0,0,1,0,0,0 days 00:59:03
1993896,SecondHalf,Norway,0,0,0,0,0,0,1,0,0,0 days 00:59:05
1993896,SecondHalf,Norway,0,0,0,0,0,0,1,0,0,0 days 00:59:12
1993896,SecondHalf,Norway,0,0,0,0,0,0,1,0,0,0 days 00:59:18
1993896,SecondHalf,Norway,0,0,0,0,0,0,1,0,0,0 days 00:59:21
1993896,SecondHalf,Norway,0,0,0,0,0,0,1,0,0,0 days 00:59:27
1993896,SecondHalf,Norway,0,0,0,0,0,0,1,0,0,0 days 00:59:31
1993896,SecondHalf,Norway,0,0,0,0,0,0,1,0,0,0 days 00:59:33
1993896,SecondHalf,Norway,0,0,0,0,0,0,1,0,0,0 days 00:59:36
1993896,SecondHalf,Norway,0,0,0,0,0,0,1,0,0,0 days 00:59:38
1993896,SecondHalf,Norway,0,0,0,0,0,0,1,0,0,0 days 00:59:40
1993896,SecondHalf,Norway,0,0,0,0,0,0,1,0,0,0 days 00:59:43
1993896,SecondHalf,Norway,0,0,0,0,0,0,1,0,0,0 days 00:59:43
1993896,SecondHalf,Norway,0,0,0,0,0,0,1,0,0,0 days 00:59:47
1993896,SecondHalf,Norway,0,0,0,0,0,0,1,0,0,0 days 00:59:49
1993896,SecondHalf,Norway,0,0,0,0,0,0,1,0,0,0 days 00:59:50
1993896,SecondHalf,Norway,0,0,0,0,0,0,1,0,0,0 days 00:59:59
1993896,SecondHalf,Brazil,0,0,0,0,0,0,0,0,0,0 days 01:00:03
1993896,SecondHalf,Norway,0,0,0,0,0,0,1,0,0,0 days 01:00:04
1993896,SecondHalf,Norway,0,0,0,0,0,0,1,0,0,0 days 01:00:11
1993896,SecondHalf,Brazil,0,1,0,0,0,0,0,0,0,0 days 01:00:13
1993896,SecondHalf,Brazil,0,0,0,0,0,0,1,0,0,0 days 01:00:15
1993896,SecondHalf,Brazil,0,0,0,0,0,0,1,0,0,0 days 01:00:19
1993896,SecondHalf,Brazil,0,0,0,0,0,0,1,0,0,0 days 01:00:22
1993896,SecondHalf,Brazil,0,0,0,0,0,0,1,0,0,0 days 01:00:23
1993896,SecondHalf,Norway,0,0,0,0,0,1,0,0,0,0 days 01:00:25
1993896,SecondHalf,Norway,0,0,0,0,0,0,1,0,0,0 days 01:00:27
1993896,SecondHalf,Brazil,0,0,0,0,0,0,1,0,0,0 days 01:00:27
1993896,SecondHalf,Brazil,1,0,0,0,0,0,0,0,0,0 days 01:00:34
1993896,SecondHalf,Norway,0,0,0,0,0,0,0,0,0,0 days 01:00:34
1993896,SecondHalf,Brazil,0,0,0,0,0,0,0,0,0,0 days 01:00:36
1993896,SecondHalf,Norway,0,0,0,0,0,0,0,0,0,0 days 01:00:36
1993896,SecondHalf,Brazil,0,0,0,0,0,0,1,0,0,0 days 01:01:18
1993896,SecondHalf,Norway,0,0,0,0,0,0,0,0,0,0 days 01:01:21
1993896,SecondHalf,Norway,0,0,1,0,0,0,0,0,0,0 days 01:01:23
1993896,SecondHalf,Brazil,0,0,0,0,0,0,1,0,0,0 days 01:01:27
1993896,SecondHalf,Norway,0,0,0,0,0,0,0,0,0,0 days 01:01:31
1993896,SecondHalf,Brazil,0,0,0,0,0,0,0,0,0,0 days 01:01:31
1993896,SecondHalf,Brazil,0,0,0,0,0,0,1,0,0,0 days 01:01:31
1993896,SecondHalf,Norway,0,0,0,0,0,0,0,0,0,0 days 01:01:33
1993896,SecondHalf,Brazil,1,0,0,0,0,0,0,0,0,0 days 01:01:33
1993896,SecondHalf,Norway,0,1,0,0,0,0,0,0,0,0 days 01:01:36
1993896,SecondHalf,Norway,0,0,0,0,0,0,1,0,0,0 days 01:01:36
1993896,SecondHalf,Norway,0,0,0,0,0,0,1,0,0,0 days 01:01:40
1993896,SecondHalf,Brazil,0,1,0,0,0,0,0,0,0,0 days 01:01:45
1993896,SecondHalf,Brazil,0,0,0,0,0,0,1,0,0,0 days 01:01:47
1993896,SecondHalf,Brazil,0,0,0,0,0,0,1,0,0,0 days 01:01:50
1993896,SecondHalf,Brazil,0,0,0,0,0,0,1,0,0,0 days 01:01:53
1993896,SecondHalf,Brazil,0,0,0,0,0,0,1,0,0,0 days 01:01:55
1993896,SecondHalf,Brazil,0,0,0,0,0,0,1,0,0,0 days 01:01:58
1993896,SecondHalf,Brazil,0,0,0,0,0,0,1,0,0,0 days 01:02:06
1993896,SecondHalf,Brazil,0,0,0,0,0,0,1,0,0,0 days 01:02:08
1993896,SecondHalf,Norway,0,0,0,0,0,0,0,0,0,0 days 01:02:11
1993896,SecondHalf,Brazil,0,0,0,0,0,0,0,0,1,0 days 01:02:11
1993896,SecondHalf,Norway,0,0,0,0,0,0,0,0,0,0 days 01:02:14
1993896,SecondHalf,Brazil,0,0,0,0,0,0,0,0,1,0 days 01:02:14
1993896,SecondHalf,Brazil,0,0,0,0,0,0,1,0,0,0 days 01:02:16
1993896,SecondHalf,Brazil,0,0,0,0,0,0,0,0,0,0 days 01:02:19
1993896,SecondHalf,Norway,0,0,0,0,0,0,0,0,0,0 days 01:02:19
1993896,SecondHalf,Norway,0,0,0,0,0,0,0,0,0,0 days 01:02:55
1993896,SecondHalf,Norway,0,0,0,0,0,0,0,0,0,0 days 01:02:55
1993896,SecondHalf,Brazil,0,0,0,0,0,0,0,0,0,0 days 01:02:00
1993896,SecondHalf,Norway,0,0,0,0,0,0,1,0,0,0 days 01:03:08
1993896,SecondHalf,Norway,0,0,0,0,0,0,1,0,0,0 days 01:03:11
1993896,SecondHalf,Norway,0,0,0,0,0,0,1,0,0,0 days 01:03:15
1993896,SecondHalf,Norway,0,0,0,0,0,0,1,0,0,0 days 01:03:18
1993896,SecondHalf,Norway,0,0,0,0,0,0,1,0,0,0 days 01:03:22
1993896,SecondHalf,Norway,0,0,0,0,0,0,1,0,0,0 days 01:03:24
1993896,SecondHalf,Norway,0,0,0,0,0,0,1,0,0,0 days 01:03:32
1993896,SecondHalf,Norway,0,0,0,0,0,0,1,0,0,0 days 01:03:34
1993896,SecondHalf,Norway,0,0,0,0,0,0,1,0,0,0 days 01:03:38
1993896,SecondHalf,Norway,0,0,0,0,0,0,1,0,0,0 days 01:03:42
1993896,SecondHalf,Norway,0,0,0,0,0,0,1,0,0,0 days 01:03:42
1993896,SecondHalf,Norway,0,0,0,0,0,0,1,0,0,0 days 01:03:48
1993896,SecondHalf,Brazil,0,0,0,0,0,1,0,0,0,0 days 01:03:51
1993896,SecondHalf,Norway,0,0,0,0,0,0,0,0,0,0 days 01:03:52
1993896,SecondHalf,Brazil,0,0,1,0,0,0,0,0,0,0 days 01:03:53
1993896,SecondHalf,Brazil,0,0,0,0,0,0,1,0,0,0 days 01:03:54
1993896,SecondHalf,Norway,0,0,0,0,0,0,1,0,0,0 days 01:03:57
1993896,SecondHalf,Norway,0,0,0,0,0,0,1,0,0,0 days 01:03:58
1993896,SecondHalf,Norway,0,0,0,0,0,0,1,0,0,0 days 01:04:00
1993896,SecondHalf,Norway,0,0,0,0,0,0,1,0,0,0 days 01:04:04
1993896,SecondHalf,Norway,0,0,0,0,0,0,1,0,0,0 days 01:04:08
1993896,SecondHalf,Norway,0,0,0,0,0,0,1,0,0,0 days 01:04:10
1993896,SecondHalf,Norway,0,0,0,0,0,0,1,0,0,0 days 01:04:16
1993896,SecondHalf,Norway,0,0,0,0,0,0,1,0,0,0 days 01:04:20
1993896,SecondHalf,Norway,0,0,0,0,0,0,1,0,0,0 days 01:04:26
1993896,SecondHalf,Norway,0,0,0,0,0,0,1,0,0,0 days 01:04:33
1993896,SecondHalf,Norway,0,0,0,0,0,0,1,0,0,0 days 01:04:36
1993896,SecondHalf,Norway,0,0,0,0,0,0,1,0,0,0 days 01:04:39
1993896,SecondHalf,Norway,0,0,0,0,0,0,0,0,1,0 days 01:04:40
1993896,SecondHalf,Brazil,0,0,0,0,0,0,0,1,0,0 days 01:04:40
1993896,SecondHalf,Norway,0,0,0,0,0,0,0,0,0,0 days 01:04:41
1993896,SecondHalf,Brazil,0,0,0,0,0,0,1,0,0,0 days 01:04:41
1993896,SecondHalf,Norway,0,0,0,0,0,0,0,0,0,0 days 01:04:42
1993896,SecondHalf,Brazil,0,0,0,0,0,0,1,0,0,0 days 01:04:42
1993896,SecondHalf,Norway,0,0,0,0,0,0,1,0,0,0 days 01:04:43
1993896,SecondHalf,Norway,0,0,0,0,0,0,1,0,0,0 days 01:04:44
1993896,SecondHalf,Norway,0,0,0,0,0,0,1,0,0,0 days 01:04:49
1993896,SecondHalf,Norway,0,0,0,0,0,0,1,0,0,0 days 01:04:53
1993896,SecondHalf,Norway,0,0,0,0,0,0,1,0,0,0 days 01:04:56
1993896,SecondHalf,Norway,0,0,0,0,0,0,1,0,0,0 days 01:04:58
1993896,SecondHalf,Norway,0,0,0,0,0,0,1,0,0,0 days 01:04:59
1993896,SecondHalf,Norway,0,0,0,0,0,0,1,0,0,0 days 01:05:02
1993896,SecondHalf,Norway,0,0,0,0,0,0,1,0,0,0 days 01:05:04
1993896,SecondHalf,Norway,0,0,0,0,0,0,1,0,0,0 days 01:05:07
1993896,SecondHalf,Brazil,0,0,1,0,0,0,0,0,0,0 days 01:05:09
1993896,SecondHalf,Norway,0,0,0,0,0,0,0,0,0,0 days 01:05:10
1993896,SecondHalf,Brazil,0,0,0,0,0,0,0,0,0,0 days 01:05:10
1993896,SecondHalf,Brazil,0,0,0,0,0,0,0,0,0,0 days 01:05:10
1993896,SecondHalf,Norway,0,0,0,0,0,0,1,0,0,0 days 01:05:49
1993896,SecondHalf,Norway,0,0,0,0,0,0,0,0,0,0 days 01:05:53
1993896,SecondHalf,Brazil,0,0,0,0,0,0,0,0,0,0 days 01:05:53
1993896,SecondHalf,Brazil,0,0,1,0,0,0,0,0,0,0 days 01:05:54
1993896,SecondHalf,Norway,0,0,0,0,0,0,1,0,0,0 days 01:05:58
1993896,SecondHalf,Norway,0,0,0,0,0,0,1,0,0,0 days 01:06:00
1993896,SecondHalf,Norway,0,0,0,0,0,0,1,0,0,0 days 01:06:05
1993896,SecondHalf,Norway,0,0,0,0,0,0,1,0,0,0 days 01:06:07
1993896,SecondHalf,Norway,0,0,0,0,0,0,1,0,0,0 days 01:06:09
1993896,SecondHalf,Norway,0,0,0,0,0,0,1,0,0,0 days 01:06:11
1993896,SecondHalf,Norway,0,0,0,0,0,0,1,0,0,0 days 01:06:13
1993896,SecondHalf,Norway,0,0,0,0,0,0,1,0,0,0 days 01:06:15
1993896,SecondHalf,Norway,1,0,0,0,0,0,0,0,0,0 days 01:06:16
1993896,SecondHalf,Brazil,0,0,0,0,0,0,0,0,0,0 days 01:06:51
1993896,SecondHalf,Brazil,0,0,0,0,0,0,0,0,0,0 days 01:06:51
1993896,SecondHalf,Brazil,0,0,0,0,0,0,0,0,0,0 days 01:06:52
1993896,SecondHalf,Brazil,0,0,0,0,0,0,0,0,0,0 days 01:06:52
1993896,SecondHalf,Brazil,0,0,0,0,0,0,0,0,0,0 days 01:06:53
1994739,SecondHalf,Paraguay,0,0,0,0,0,0,0,0,0,0 days 00:57:54
1994739,SecondHalf,Paraguay,0,0,0,0,0,0,0,0,0,0 days 00:57:54
1994739,SecondHalf,France,0,0,0,0,0,0,1,0,0,0 days 00:58:02
1994739,SecondHalf,France,0,0,0,0,0,0,1,0,0,0 days 00:58:06
1994739,SecondHalf,France,0,0,0,0,0,0,1,0,0,0 days 00:58:09
1994739,SecondHalf,France,0,0,0,0,0,0,1,0,0,0 days 00:58:13
1994739,SecondHalf,France,0,0,0,0,0,0,1,0,0,0 days 00:58:17
1994739,SecondHalf,France,0,0,0,0,0,0,0,0,1,0 days 00:58:20
1994739,SecondHalf,Paraguay,0,0,0,0,0,0,0,1,0,0 days 00:58:20
1994739,SecondHalf,Paraguay,0,1,0,0,0,0,0,0,0,0 days 00:58:22
1994739,SecondHalf,Paraguay,0,0,0,0,0,0,0,0,0,0 days 00:58:25
1994739,SecondHalf,France,0,1,0,0,0,0,0,0,0,0 days 00:58:26
1994739,SecondHalf,France,0,0,0,0,0,0,1,0,0,0 days 00:58:27
1994739,SecondHalf,France,0,0,0,0,0,0,1,0,0,0 days 00:58:31
1994739,SecondHalf,France,0,0,0,0,0,0,0,0,1,0 days 00:58:34
1994739,SecondHalf,Paraguay,0,0,0,0,0,0,0,0,0,0 days 00:58:34
1994739,SecondHalf,France,0,0,0,0,0,0,0,0,1,0 days 00:58:35
1994739,SecondHalf,Paraguay,0,0,0,0,0,0,0,0,0,0 days 00:58:40
1994739,SecondHalf,Paraguay,0,0,0,0,0,0,1,0,0,0 days 00:58:48
1994739,SecondHalf,Paraguay,0,0,0,0,0,0,0,0,0,0 days 00:58:55
1994739,SecondHalf,France,0,0,0,0,0,0,0,0,0,0 days 00:58:56
1994739,SecondHalf,France,0,0,0,0,0,0,1,0,0,0 days 00:59:00
1994739,SecondHalf,France,0,0,0,0,0,0,1,0,0,0 days 00:59:06
1994739,SecondHalf,France,0,0,0,0,0,0,1,0,0,0 days 00:59:15
1994739,SecondHalf,France,0,0,0,0,0,0,1,0,0,0 days 00:59:16
1994739,SecondHalf,France,0,0,0,0,0,0,1,0,0,0 days 00:59:18
1994739,SecondHalf,France,0,0,0,0,0,0,1,0,0,0 days 00:59:20
1994739,SecondHalf,France,0,0,0,0,0,0,1,0,0,0 days 00:59:25
1994739,SecondHalf,France,0,0,0,0,0,0,1,0,0,0 days 00:59:27
1994739,SecondHalf,France,1,0,0,0,0,0,0,0,0,0 days 00:59:31
1994739,SecondHalf,Paraguay,0,0,0,0,0,0,0,0,0,0 days 01:00:14
1994739,SecondHalf,Paraguay,0,0,0,0,0,0,0,0,0,0 days 01:00:14
1994739,SecondHalf,France,0,0,0,0,0,0,0,0,0,0 days 01:00:39
1994739,SecondHalf,France,0,0,0,0,0,0,0,0,0,0 days 01:00:39
1994739,SecondHalf,Paraguay,0,0,0,0,0,0,1,0,0,0 days 01:00:49
1994739,SecondHalf,Paraguay,0,0,0,0,0,0,1,0,0,0 days 01:00:52
1994739,SecondHalf,Paraguay,0,0,0,0,0,0,1,0,0,0 days 01:00:53
1994739,SecondHalf,France,0,0,0,0,0,0,1,0,0,0 days 01:00:54
1994739,SecondHalf,France,0,1,0,0,0,0,0,0,0,0 days 01:00:56
1994739,SecondHalf,France,0,0,0,0,0,0,1,0,0,0 days 01:00:56
1994739,SecondHalf,Paraguay,0,0,0,0,0,0,0,0,0,0 days 01:00:56
1994739,SecondHalf,France,0,0,0,0,0,0,1,0,0,0 days 01:01:08
1994739,SecondHalf,France,0,0,0,0,0,0,1,0,0,0 days 01:01:11
1994739,SecondHalf,France,0,0,0,0,0,0,1,0,0,0 days 01:01:19
1994739,SecondHalf,France,0,0,0,0,0,0,1,0,0,0 days 01:01:22
1994739,SecondHalf,Paraguay,0,0,1,0,0,0,0,0,0,0 days 01:01:24
1994739,SecondHalf,France,0,0,0,0,0,0,1,0,0,0 days 01:01:30
1994739,SecondHalf,France,0,0,0,0,0,0,1,0,0,0 days 01:01:31
1994739,SecondHalf,France,0,0,0,0,0,0,1,0,0,0 days 01:01:35
1994739,SecondHalf,France,0,0,0,0,0,0,1,0,0,0 days 01:01:40
1994739,SecondHalf,France,0,0,0,0,0,0,1,0,0,0 days 01:01:41
1994739,SecondHalf,France,0,0,0,0,0,0,1,0,0,0 days 01:01:42
1994739,SecondHalf,France,0,0,0,0,0,0,1,0,0,0 days 01:01:43
1994739,SecondHalf,France,0,0,0,0,0,0,1,0,0,0 days 01:01:47
1994739,SecondHalf,Paraguay,0,1,0,0,0,0,0,0,0,0 days 01:01:48
1994739,SecondHalf,Paraguay,0,0,0,0,0,0,1,0,0,0 days 01:01:50
1994739,SecondHalf,Paraguay,0,0,0,0,0,0,1,0,0,0 days 01:01:52
1994739,SecondHalf,France,0,0,0,0,0,0,0,0,0,0 days 01:01:52
1994739,SecondHalf,Paraguay,0,0,0,0,0,0,1,0,0,0 days 01:02:12
1994739,SecondHalf,Paraguay,0,0,0,0,0,0,1,0,0,0 days 01:02:15
1994739,SecondHalf,France,0,1,0,0,0,0,0,0,0,0 days 01:02:16
1994739,SecondHalf,France,0,0,0,0,0,0,1,0,0,0 days 01:02:23
1994739,SecondHalf,France,0,0,0,0,0,0,1,0,0,0 days 01:02:26
1994739,SecondHalf,France,0,0,0,0,0,0,1,0,0,0 days 01:02:29
1994739,SecondHalf,France,0,0,0,0,0,0,0,0,1,0 days 01:02:31
1994739,SecondHalf,Paraguay,0,0,0,0,0,0,0,1,0,0 days 01:02:31
1994739,SecondHalf,Paraguay,0,1,0,0,0,0,0,0,0,0 days 01:02:32
1994739,SecondHalf,Paraguay,0,0,0,0,0,0,1,0,0,0 days 01:02:33
1994739,SecondHalf,Paraguay,0,0,0,0,0,0,1,0,0,0 days 01:02:34
1994739,SecondHalf,Paraguay,0,0,0,0,0,0,1,0,0,0 days 01:02:36
1994739,SecondHalf,France,0,0,0,0,0,0,1,0,0,0 days 01:02:38
1994739,SecondHalf,France,0,1,0,0,0,0,0,0,0,0 days 01:02:40
1994739,SecondHalf,France,0,0,0,0,0,0,1,0,0,0 days 01:02:40
1994739,SecondHalf,France,0,0,0,0,0,0,1,0,0,0 days 01:02:41
1994739,SecondHalf,France,0,0,0,0,0,0,1,0,0,0 days 01:02:45
1994739,SecondHalf,France,0,0,0,0,0,0,1,0,0,0 days 01:02:47
1994739,SecondHalf,France,0,0,0,0,0,0,1,0,0,0 days 01:02:50
1994739,SecondHalf,France,0,0,0,0,0,0,0,0,0,0 days 01:02:58
1994739,SecondHalf,France,0,0,0,0,0,0,1,0,0,0 days 01:03:00
1994739,SecondHalf,France,0,0,0,0,0,0,1,0,0,0 days 01:03:02
1994739,SecondHalf,France,0,0,0,0,0,0,1,0,0,0 days 01:03:09
1994739,SecondHalf,France,0,0,0,0,0,0,1,0,0,0 days 01:03:10
1994739,SecondHalf,Paraguay,0,0,0,0,0,0,0,0,0,0 days 01:03:10
1994739,SecondHalf,France,0,0,0,0,0,0,0,0,0,0 days 01:03:11
1994739,SecondHalf,Paraguay,0,0,0,0,0,0,0,0,0,0 days 01:03:11
1994739,SecondHalf,Paraguay,0,0,0,0,0,0,0,0,0,0 days 01:03:12
1994739,SecondHalf,Paraguay,0,1,0,0,0,0,0,0,0,0 days 01:03:12
1994739,SecondHalf,Paraguay,0,0,0,0,0,0,1,0,0,0 days 01:03:13
1994739,SecondHalf,France,0,1,0,0,0,0,0,0,0,0 days 01:03:15
1994739,SecondHalf,France,0,0,0,0,0,0,1,0,0,0 days 01:03:16
1994739,SecondHalf,France,0,0,0,0,0,0,1,0,0,0 days 01:03:19
1994739,SecondHalf,France,1,0,0,0,0,0,0,0,0,0 days 01:03:21
1994739,SecondHalf,Paraguay,0,0,0,0,0,0,1,0,0,0 days 01:03:45
1994739,SecondHalf,France,0,1,0,0,0,0,0,0,0,0 days 01:03:49
1994739,SecondHalf,France,0,0,0,0,0,0,1,0,0,0 days 01:03:51
1994739,SecondHalf,France,0,0,0,0,0,0,1,0,0,0 days 01:03:59
1994739,SecondHalf,France,0,0,0,0,0,0,1,0,0,0 days 01:04:00
1994739,SecondHalf,France,0,0,0,0,0,0,1,0,0,0 days 01:04:02
1994739,SecondHalf,France,0,0,0,0,0,0,1,0,0,0 days 01:04:05
1994739,SecondHalf,France,0,0,0,0,0,0,1,0,0,0 days 01:04:10
1994739,SecondHalf,France,0,0,0,0,0,0,1,0,0,0 days 01:04:13
1994739,SecondHalf,France,0,0,0,0,0,0,1,0,0,0 days 01:04:14
1994739,SecondHalf,France,0,0,0,0,0,0,1,0,0,0 days 01:04:16
1994739,SecondHalf,France,0,0,0,0,0,0,1,0,0,0 days 01:04:18
1994739,SecondHalf,France,0,0,0,0,0,0,1,0,0,0 days 01:04:27
1994739,SecondHalf,France,0,0,0,0,0,0,1,0,0,0 days 01:04:30
1994739,SecondHalf,France,0,0,0,0,0,0,1,0,0,0 days 01:04:33
1994739,SecondHalf,France,0,0,0,0,0,0,1,0,0,0 days 01:04:35
1994739,SecondHalf,France,0,0,0,0,0,0,1,0,0,0 days 01:04:37
1994739,SecondHalf,France,0,0,0,0,0,0,1,0,0,0 days 01:04:38
1994739,SecondHalf,Paraguay,0,0,0,0,0,0,0,0,0,0 days 01:04:38
1994739,SecondHalf,France,0,0,0,0,0,0,1,0,0,0 days 01:04:41
1994739,SecondHalf,Paraguay,0,0,0,0,0,1,0,0,0,0 days 01:04:43
1994739,SecondHalf,France,0,0,0,0,0,0,1,0,0,0 days 01:04:46
1994739,SecondHalf,Paraguay,0,0,0,0,0,0,0,0,0,0 days 01:04:50
1994739,SecondHalf,France,0,0,0,0,0,0,0,0,1,0 days 01:04:50
1994739,SecondHalf,Paraguay,0,0,0,0,0,0,0,0,0,0 days 01:04:51
1994739,SecondHalf,France,0,0,0,0,0,0,0,0,1,0 days 01:04:51
1994739,SecondHalf,Paraguay,0,0,0,0,1,0,0,0,0,0 days 01:04:52
1994739,SecondHalf,France,0,0,0,0,1,0,0,0,0,0 days 01:04:52
1994739,SecondHalf,France,0,0,0,0,0,0,0,0,1,0 days 01:04:52
1995347,SecondHalf,England,0,0,0,0,0,0,1,0,0,0 days 00:57:06
1995347,SecondHalf,Mexico,0,0,1,0,0,0,0,0,0,0 days 00:57:08
1995347,SecondHalf,England,0,0,0,0,0,0,0,0,0,0 days 00:57:08
1995347,SecondHalf,Mexico,0,0,0,0,0,0,0,0,0,0 days 00:57:08
1995347,SecondHalf,England,0,0,0,0,0,0,0,0,0,0 days 00:57:09
1995347,SecondHalf,England,0,0,0,0,0,0,0,0,1,0 days 00:57:10
1995347,SecondHalf,England,0,0,0,0,1,0,0,0,0,0 days 00:57:13
1995347,SecondHalf,Mexico,0,0,0,0,1,0,0,0,0,0 days 00:57:13
1995347,SecondHalf,England,1,0,0,0,0,0,0,0,0,0 days 00:59:50
1995347,SecondHalf,Mexico,0,0,0,0,0,0,0,0,0,0 days 00:59:50
1995347,SecondHalf,Mexico,0,0,0,0,0,0,0,0,0,0 days 01:00:28
1995347,SecondHalf,Mexico,0,0,0,0,0,0,0,0,0,0 days 01:00:28
1995347,SecondHalf,Mexico,0,0,0,0,0,0,0,0,0,0 days 01:00:39
1995347,SecondHalf,Mexico,0,0,0,0,0,0,0,0,0,0 days 01:00:39
1995347,SecondHalf,Mexico,0,0,0,0,0,0,0,0,0,0 days 01:00:40
1995347,SecondHalf,Mexico,0,0,0,0,1,0,0,0,0,0 days 01:01:03
1995347,SecondHalf,England,0,0,0,0,1,0,0,0,0,0 days 01:01:03
1995347,SecondHalf,England,0,0,0,0,0,0,1,0,0,0 days 01:01:25
1995347,SecondHalf,England,0,0,0,0,0,0,1,0,0,0 days 01:01:27
1995347,SecondHalf,England,0,0,0,0,0,0,1,0,0,0 days 01:01:29
1995347,SecondHalf,England,0,0,0,0,0,0,1,0,0,0 days 01:01:32
1995347,SecondHalf,England,0,0,0,0,0,0,1,0,0,0 days 01:01:34
1995347,SecondHalf,England,0,0,0,0,0,0,1,0,0,0 days 01:01:35
1995347,SecondHalf,England,0,0,0,0,0,0,1,0,0,0 days 01:01:42
1995347,SecondHalf,England,0,0,0,0,1,0,0,0,0,0 days 01:01:45
1995347,SecondHalf,Mexico,0,0,0,0,1,0,0,0,0,0 days 01:01:45
1995347,SecondHalf,England,0,0,0,0,0,0,1,0,0,0 days 01:02:11
1995347,SecondHalf,England,0,0,0,0,0,0,1,0,0,0 days 01:02:12
1995347,SecondHalf,England,0,0,0,0,0,0,1,0,0,0 days 01:02:14
1995347,SecondHalf,Mexico,0,0,0,0,0,0,1,0,0,0 days 01:02:17
1995347,SecondHalf,Mexico,0,1,0,0,0,0,0,0,0,0 days 01:02:18
1995347,SecondHalf,Mexico,0,0,0,0,0,0,1,0,0,0 days 01:02:18
1995347,SecondHalf,Mexico,0,0,0,0,0,0,1,0,0,0 days 01:02:22
1995347,SecondHalf,Mexico,0,0,0,0,0,0,1,0,0,0 days 01:02:24
1995347,SecondHalf,England,0,0,0,0,0,0,0,0,0,0 days 01:02:24
1995347,SecondHalf,Mexico,0,0,0,0,0,0,1,0,0,0 days 01:02:31
1995347,SecondHalf,Mexico,0,0,0,0,0,0,1,0,0,0 days 01:02:33
1995347,SecondHalf,Mexico,0,0,0,0,0,0,1,0,0,0 days 01:02:35
1995347,SecondHalf,England,0,0,0,0,0,0,0,0,0,0 days 01:02:39
1995347,SecondHalf,Mexico,0,0,0,0,0,0,1,0,0,0 days 01:02:42
1995347,SecondHalf,Mexico,0,0,0,0,0,0,1,0,0,0 days 01:02:44
1995347,SecondHalf,England,0,0,0,0,0,0,0,0,0,0 days 01:02:44
1995347,SecondHalf,Mexico,0,0,0,0,0,0,1,0,0,0 days 01:02:47
1995347,SecondHalf,England,0,0,0,0,0,0,0,0,0,0 days 01:02:48
1995347,SecondHalf,England,0,0,0,0,0,0,1,0,0,0 days 01:02:59
1995347,SecondHalf,England,0,0,0,0,0,0,1,0,0,0 days 01:03:02
1995347,SecondHalf,England,0,0,0,0,0,0,1,0,0,0 days 01:03:03
1995347,SecondHalf,England,0,0,0,0,0,0,1,0,0,0 days 01:03:06
1995347,SecondHalf,England,0,0,0,0,0,0,1,0,0,0 days 01:03:07
1995347,SecondHalf,England,0,0,0,0,0,0,1,0,0,0 days 01:03:09
1995347,SecondHalf,England,0,0,0,0,0,0,1,0,0,0 days 01:03:10
1995347,SecondHalf,England,0,0,0,0,0,0,1,0,0,0 days 01:03:13
1995347,SecondHalf,England,0,0,0,0,0,0,1,0,0,0 days 01:03:14
1995347,SecondHalf,England,0,0,0,0,0,0,1,0,0,0 days 01:03:19
1995347,SecondHalf,England,0,0,0,0,0,0,1,0,0,0 days 01:03:21
1995347,SecondHalf,England,0,0,0,0,0,0,0,0,1,0 days 01:03:27
1995347,SecondHalf,Mexico,0,0,0,0,0,0,0,1,0,0 days 01:03:27
1995347,SecondHalf,Mexico,0,1,0,0,0,0,0,0,0,0 days 01:03:29
1995347,SecondHalf,Mexico,0,0,0,0,0,0,1,0,0,0 days 01:03:30
1995347,SecondHalf,Mexico,0,0,0,0,0,0,1,0,0,0 days 01:03:31
1995347,SecondHalf,Mexico,0,0,0,0,0,0,1,0,0,0 days 01:03:35
1995347,SecondHalf,Mexico,0,0,0,0,0,0,1,0,0,0 days 01:03:39
1995347,SecondHalf,Mexico,0,0,0,0,0,0,1,0,0,0 days 01:03:45
1995347,SecondHalf,Mexico,0,0,0,1,0,0,0,0,0,0 days 01:03:47
1995347,SecondHalf,England,0,0,0,0,0,0,0,1,0,0 days 01:03:47
1995347,SecondHalf,Mexico,0,0,0,0,0,0,1,0,0,0 days 01:03:53
1995347,SecondHalf,Mexico,0,0,0,0,0,0,1,0,0,0 days 01:03:56
1995347,SecondHalf,Mexico,0,0,0,0,0,0,1,0,0,0 days 01:04:00
1995347,SecondHalf,Mexico,0,0,0,0,0,0,1,0,0,0 days 01:04:03
1995347,SecondHalf,Mexico,0,0,0,0,0,0,1,0,0,0 days 01:04:08
1995347,SecondHalf,England,0,0,1,0,0,0,0,0,0,0 days 01:04:12
1995347,SecondHalf,Mexico,0,0,0,0,0,0,0,0,0,0 days 01:04:13
1995347,SecondHalf,England,0,0,0,0,0,0,0,0,0,0 days 01:04:13
1995347,SecondHalf,Mexico,0,0,0,0,0,0,1,0,0,0 days 01:04:38
1995347,SecondHalf,England,0,0,0,0,0,0,0,0,0,0 days 01:04:41
1995347,SecondHalf,England,0,0,1,0,0,0,0,0,0,0 days 01:04:41
1995347,SecondHalf,Mexico,0,0,0,0,0,0,0,0,0,0 days 01:04:41
1995347,SecondHalf,Mexico,0,0,0,0,0,0,1,0,0,0 days 01:04:45
1995347,SecondHalf,Mexico,0,0,0,0,0,0,1,0,0,0 days 01:04:46
1995347,SecondHalf,Mexico,0,0,0,0,0,0,1,0,0,0 days 01:04:51
1995347,SecondHalf,Mexico,0,0,0,0,0,0,1,0,0,0 days 01:04:55
1995347,SecondHalf,England,0,0,1,0,0,0,0,0,0,0 days 01:04:56
1995347,SecondHalf,Mexico,0,0,0,0,0,0,0,0,0,0 days 01:04:57
1995347,SecondHalf,England,0,0,0,0,0,0,0,0,0,0 days 01:04:57
1995347,SecondHalf,England,0,0,1,0,0,0,0,0,0,0 days 01:04:57
1995347,SecondHalf,Mexico,0,0,0,0,1,0,0,0,0,0 days 01:05:01
1995347,SecondHalf,England,0,0,0,0,1,0,0,0,0,0 days 01:05:01
1995348,SecondHalf,USA,0,0,0,0,0,0,0,0,0,0 days 00:58:11
1995348,SecondHalf,USA,0,0,0,0,0,0,0,0,0,0 days 00:58:11
1995348,SecondHalf,USA,0,0,0,0,0,0,0,0,0,0 days 00:58:12
1995348,SecondHalf,USA,0,0,0,0,0,0,1,0,0,0 days 00:58:17
1995348,SecondHalf,USA,0,0,0,0,0,0,1,0,0,0 days 00:58:18
1995348,SecondHalf,USA,0,0,0,0,0,0,1,0,0,0 days 00:58:21
1995348,SecondHalf,USA,0,0,0,0,0,0,1,0,0,0 days 00:58:25
1995348,SecondHalf,USA,0,0,0,0,0,0,1,0,0,0 days 00:58:32
1995348,SecondHalf,USA,0,0,0,0,0,0,1,0,0,0 days 00:58:34
1995348,SecondHalf,USA,0,0,0,0,0,0,1,0,0,0 days 00:58:35
1995348,SecondHalf,USA,0,0,0,0,0,0,1,0,0,0 days 00:58:37
1995348,SecondHalf,USA,0,0,0,0,0,0,1,0,0,0 days 00:58:41
1995348,SecondHalf,USA,0,0,0,0,0,0,1,0,0,0 days 00:58:44
1995348,SecondHalf,USA,0,0,0,0,0,0,1,0,0,0 days 00:58:48
1995348,SecondHalf,USA,0,0,0,0,0,0,1,0,0,0 days 00:58:52
1995348,SecondHalf,USA,0,0,0,0,0,0,1,0,0,0 days 00:58:55
1995348,SecondHalf,USA,0,0,0,0,0,0,1,0,0,0 days 00:58:56
1995348,SecondHalf,USA,0,0,0,0,0,0,1,0,0,0 days 00:58:58
1995348,SecondHalf,USA,0,0,0,0,0,0,1,0,0,0 days 00:59:06
1995348,SecondHalf,USA,0,0,0,0,0,0,1,0,0,0 days 00:59:09
1995348,SecondHalf,USA,0,0,0,0,0,0,1,0,0,0 days 00:59:11
1995348,SecondHalf,USA,0,0,0,0,0,0,1,0,0,0 days 00:59:14
1995348,SecondHalf,USA,0,0,0,0,0,0,1,0,0,0 days 00:59:15
1995348,SecondHalf,USA,0,0,0,0,0,0,0,0,0,0 days 00:59:17
1995348,SecondHalf,Belgium,0,0,0,0,0,0,1,0,0,0 days 00:59:29
1995348,SecondHalf,Belgium,0,0,0,0,0,0,0,0,0,0 days 00:59:31
1995348,SecondHalf,USA,0,1,0,0,0,0,0,0,0,0 days 00:59:33
1995348,SecondHalf,USA,0,0,0,0,0,0,0,0,1,0 days 00:59:36
1995348,SecondHalf,Belgium,0,0,0,0,0,0,0,1,0,0 days 00:59:36
1995348,SecondHalf,USA,0,0,0,0,0,0,1,0,0,0 days 00:59:37
1995348,SecondHalf,USA,0,0,0,0,0,0,1,0,0,0 days 00:59:39
1995348,SecondHalf,USA,0,0,0,0,0,0,1,0,0,0 days 00:59:42
1995348,SecondHalf,USA,0,0,0,0,0,0,1,0,0,0 days 00:59:43
1995348,SecondHalf,USA,0,0,0,0,0,0,1,0,0,0 days 00:59:45
1995348,SecondHalf,USA,0,0,0,0,0,0,1,0,0,0 days 00:59:48
1995348,SecondHalf,USA,0,0,0,0,0,0,1,0,0,0 days 00:59:51
1995348,SecondHalf,USA,0,0,0,0,0,0,1,0,0,0 days 00:59:54
1995348,SecondHalf,USA,0,0,0,0,0,0,1,0,0,0 days 00:59:55
1995348,SecondHalf,USA,0,0,0,0,0,0,1,0,0,0 days 00:59:56
1995348,SecondHalf,USA,0,0,0,0,0,0,1,0,0,0 days 00:59:58
1995348,SecondHalf,USA,0,0,0,0,0,0,1,0,0,0 days 01:00:00
1995348,SecondHalf,USA,0,0,0,0,0,0,0,0,0,0 days 01:00:01
1995348,SecondHalf,Belgium,0,0,0,0,0,0,1,0,0,0 days 01:00:03
1995348,SecondHalf,Belgium,0,1,0,0,0,0,0,0,0,0 days 01:00:04
1995348,SecondHalf,Belgium,0,0,0,0,0,0,1,0,0,0 days 01:00:05
1995348,SecondHalf,Belgium,0,0,0,0,0,0,1,0,0,0 days 01:00:07
1995348,SecondHalf,USA,0,0,0,0,0,0,1,0,0,0 days 01:00:12
1995348,SecondHalf,USA,0,1,0,0,0,0,0,0,0,0 days 01:00:13
1995348,SecondHalf,USA,0,0,0,0,0,0,1,0,0,0 days 01:00:14
1995348,SecondHalf,Belgium,0,0,0,0,0,0,0,0,0,0 days 01:00:16
1995348,SecondHalf,USA,0,0,0,0,0,0,0,0,0,0 days 01:00:16
1995348,SecondHalf,Belgium,0,0,0,0,0,0,1,0,0,0 days 01:00:17
1995348,SecondHalf,Belgium,0,0,0,0,0,0,1,0,0,0 days 01:00:19
1995348,SecondHalf,Belgium,0,1,0,0,0,0,0,0,0,0 days 01:00:21
1995348,SecondHalf,Belgium,0,0,0,0,0,0,1,0,0,0 days 01:00:25
1995348,SecondHalf,Belgium,0,0,0,0,0,0,1,0,0,0 days 01:00:27
1995348,SecondHalf,Belgium,0,0,0,0,0,0,1,0,0,0 days 01:00:32
1995348,SecondHalf,Belgium,0,0,0,0,0,0,1,0,0,0 days 01:00:36
1995348,SecondHalf,USA,0,0,0,0,0,0,1,0,0,0 days 01:00:40
1995348,SecondHalf,Belgium,0,0,0,0,0,1,0,0,0,0 days 01:00:42
1995348,SecondHalf,USA,0,0,0,0,0,0,0,0,0,0 days 01:00:43
1995348,SecondHalf,USA,0,1,0,0,0,0,0,0,0,0 days 01:00:44
1995348,SecondHalf,USA,0,0,0,0,0,0,1,0,0,0 days 01:00:46
1995348,SecondHalf,USA,0,0,0,0,0,0,1,0,0,0 days 01:00:47
1995348,SecondHalf,USA,0,0,0,0,0,0,1,0,0,0 days 01:00:48
1995348,SecondHalf,USA,0,0,0,0,0,0,1,0,0,0 days 01:00:51
1995348,SecondHalf,USA,0,0,0,0,0,0,1,0,0,0 days 01:00:55
1995348,SecondHalf,USA,0,0,0,0,0,0,1,0,0,0 days 01:00:57
1995348,SecondHalf,USA,0,0,0,0,0,0,1,0,0,0 days 01:01:04
1995348,SecondHalf,USA,0,0,0,0,0,0,1,0,0,0 days 01:01:05
1995348,SecondHalf,USA,0,0,0,0,0,0,1,0,0,0 days 01:01:06
1995348,SecondHalf,USA,0,0,0,0,0,0,1,0,0,0 days 01:01:09
1995348,SecondHalf,USA,0,0,0,0,0,0,1,0,0,0 days 01:01:13
1995348,SecondHalf,Belgium,0,0,1,0,0,0,0,0,0,0 days 01:01:14
1995348,SecondHalf,USA,0,0,0,0,0,0,1,0,0,0 days 01:01:17
1995348,SecondHalf,USA,0,0,0,0,0,0,1,0,0,0 days 01:01:20
1995348,SecondHalf,USA,0,0,0,0,0,0,1,0,0,0 days 01:01:24
1995348,SecondHalf,USA,0,0,0,0,0,0,1,0,0,0 days 01:01:26
1995348,SecondHalf,USA,0,0,0,0,0,0,1,0,0,0 days 01:01:28
1995348,SecondHalf,Belgium,0,0,0,0,0,0,0,0,0,0 days 01:01:28
1995348,SecondHalf,USA,0,0,0,0,0,0,1,0,0,0 days 01:01:31
1995348,SecondHalf,USA,0,0,0,0,0,0,1,0,0,0 days 01:01:33
1995348,SecondHalf,USA,0,0,0,0,0,0,1,0,0,0 days 01:01:37
1995348,SecondHalf,USA,0,0,0,0,0,0,1,0,0,0 days 01:01:43
1995348,SecondHalf,USA,0,0,0,0,0,0,1,0,0,0 days 01:01:46
1995348,SecondHalf,Belgium,0,0,0,0,0,0,0,0,0,0 days 01:01:49
1995348,SecondHalf,Belgium,0,1,0,0,0,0,0,0,0,0 days 01:01:51
1995348,SecondHalf,Belgium,0,0,0,0,0,0,1,0,0,0 days 01:01:54
1995348,SecondHalf,Belgium,1,0,0,0,0,0,0,0,0,0 days 01:01:56
1995348,SecondHalf,USA,0,0,0,0,0,0,0,0,0,0 days 01:01:56
1995348,SecondHalf,Belgium,0,0,0,0,0,0,0,0,0,0 days 01:01:58
1995348,SecondHalf,USA,0,0,0,0,0,0,0,0,0,0 days 01:01:58
1995348,SecondHalf,Belgium,0,0,0,0,0,0,1,0,0,0 days 01:02:37
1995348,SecondHalf,USA,0,0,1,0,0,0,0,0,0,0 days 01:02:40
1995348,SecondHalf,Belgium,0,0,0,0,0,0,1,0,0,0 days 01:02:41
1995348,SecondHalf,USA,0,0,0,0,0,0,1,0,0,0 days 01:02:44
1995348,SecondHalf,USA,0,0,0,0,0,0,1,0,0,0 days 01:02:46
1995348,SecondHalf,USA,0,1,0,0,0,0,0,0,0,0 days 01:02:50
1995348,SecondHalf,USA,0,0,0,1,0,0,0,0,0,0 days 01:02:52
1995348,SecondHalf,Belgium,0,0,0,0,0,0,0,1,0,0 days 01:02:52
1995348,SecondHalf,USA,0,0,0,0,0,0,0,0,0,0 days 01:02:53
1995348,SecondHalf,Belgium,0,0,0,0,0,0,0,0,0,0 days 01:02:54
1995348,SecondHalf,USA,0,0,0,0,0,0,1,0,0,0 days 01:02:56
1995348,SecondHalf,USA,0,0,0,0,0,0,0,0,0,0 days 01:02:58
1995348,SecondHalf,Belgium,0,0,0,0,0,0,1,0,0,0 days 01:03:11
1995348,SecondHalf,Belgium,0,0,0,0,0,0,1,0,0,0 days 01:03:13
1995348,SecondHalf,Belgium,0,0,0,0,0,0,1,0,0,0 days 01:03:18
1995348,SecondHalf,Belgium,0,0,0,0,0,0,1,0,0,0 days 01:03:19
1995348,SecondHalf,Belgium,0,0,0,0,0,0,1,0,0,0 days 01:03:20
1995348,SecondHalf,USA,0,1,0,0,0,0,0,0,0,0 days 01:03:23
1995348,SecondHalf,USA,0,0,0,0,0,0,1,0,0,0 days 01:03:25
1995348,SecondHalf,USA,0,0,0,0,0,0,1,0,0,0 days 01:03:27
1995348,SecondHalf,USA,0,0,0,0,0,0,1,0,0,0 days 01:03:30
1995348,SecondHalf,USA,0,0,0,0,0,0,1,0,0,0 days 01:03:32
1995348,SecondHalf,USA,0,0,0,0,0,0,1,0,0,0 days 01:03:37
1995348,SecondHalf,USA,0,0,0,0,0,0,1,0,0,0 days 01:03:40
1995348,SecondHalf,USA,0,0,0,0,0,0,1,0,0,0 days 01:03:46
1995348,SecondHalf,USA,0,0,0,0,0,0,1,0,0,0 days 01:03:48
1995348,SecondHalf,USA,0,0,0,0,0,0,1,0,0,0 days 01:03:51
1995348,SecondHalf,Belgium,0,0,0,0,0,1,0,0,0,0 days 01:03:53
1995348,SecondHalf,USA,0,0,0,0,0,0,1,0,0,0 days 01:03:56
1995348,SecondHalf,USA,0,0,0,0,0,0,1,0,0,0 days 01:04:00
1995348,SecondHalf,USA,0,0,0,0,0,0,1,0,0,0 days 01:04:03
1995348,SecondHalf,USA,0,0,0,0,0,0,1,0,0,0 days 01:04:04
1995348,SecondHalf,USA,0,0,0,0,0,0,1,0,0,0 days 01:04:06
1995348,SecondHalf,USA,0,0,0,0,0,0,1,0,0,0 days 01:04:10
1995348,SecondHalf,USA,0,0,0,0,0,0,1,0,0,0 days 01:04:14
1995348,SecondHalf,USA,0,0,0,0,0,0,1,0,0,0 days 01:04:16
1995348,SecondHalf,USA,0,0,0,0,0,0,1,0,0,0 days 01:04:18
1995348,SecondHalf,USA,0,0,0,0,0,0,1,0,0,0 days 01:04:21
1995348,SecondHalf,USA,0,0,0,0,0,0,1,0,0,0 days 01:04:27
1995348,SecondHalf,USA,0,0,0,0,0,0,1,0,0,0 days 01:04:29
1995348,SecondHalf,USA,0,0,0,0,0,0,1,0,0,0 days 01:04:30
1995348,SecondHalf,USA,0,0,0,0,0,0,1,0,0,0 days 01:04:34
1995348,SecondHalf,USA,0,0,0,0,0,0,1,0,0,0 days 01:04:38
1995348,SecondHalf,USA,0,0,0,0,0,0,1,0,0,0 days 01:04:40
1995348,SecondHalf,USA,0,0,0,0,0,0,1,0,0,0 days 01:04:42
1995348,SecondHalf,USA,0,0,0,0,0,0,1,0,0,0 days 01:04:44
1995348,SecondHalf,Belgium,0,0,1,0,0,0,0,0,0,0 days 01:04:44
1995348,SecondHalf,Belgium,0,0,0,0,0,0,0,0,0,0 days 01:04:46
1995348,SecondHalf,USA,0,0,0,0,0,0,0,0,0,0 days 01:04:46
1995348,SecondHalf,USA,0,0,0,0,0,0,1,0,0,0 days 01:05:14
1995348,SecondHalf,USA,1,0,0,0,0,0,0,0,0,0 days 01:05:16
1995348,SecondHalf,Belgium,0,0,0,0,0,0,1,0,0,0 days 01:05:33
1995348,SecondHalf,USA,0,0,0,0,0,0,1,0,0,0 days 01:05:37
1995348,SecondHalf,Belgium,0,0,0,0,0,0,1,0,0,0 days 01:05:39
1995348,SecondHalf,Belgium,0,0,0,0,0,0,1,0,0,0 days 01:05:41
1995348,SecondHalf,Belgium,0,0,0,0,0,0,1,0,0,0 days 01:05:44
1995348,SecondHalf,Belgium,0,0,0,0,0,0,1,0,0,0 days 01:05:45
1995348,SecondHalf,Belgium,0,0,0,0,0,0,1,0,0,0 days 01:05:46
1995348,SecondHalf,Belgium,0,0,0,0,0,0,1,0,0,0 days 01:05:52
1995348,SecondHalf,USA,0,0,0,0,0,0,0,0,0,0 days 01:05:54
1995348,SecondHalf,Belgium,0,0,0,0,0,0,0,0,1,0 days 01:05:54
1995348,SecondHalf,USA,0,0,0,0,0,0,0,0,0,0 days 01:05:55
1995348,SecondHalf,Belgium,0,0,0,0,0,0,0,0,1,0 days 01:05:55
1995348,SecondHalf,Belgium,0,0,0,0,0,0,1,0,0,0 days 01:05:56
1995348,SecondHalf,USA,0,0,0,0,0,0,1,0,0,0 days 01:06:06
1995348,SecondHalf,USA,0,0,0,0,0,0,1,0,0,0 days 01:06:11
1995348,SecondHalf,USA,0,0,0,0,0,0,1,0,0,0 days 01:06:14
1995348,SecondHalf,USA,0,0,0,0,0,0,1,0,0,0 days 01:06:16
1995348,SecondHalf,USA,0,0,0,0,0,0,0,0,0,0 days 01:06:20
1995348,SecondHalf,Belgium,0,0,0,0,1,0,0,0,0,0 days 01:06:22
1995348,SecondHalf,USA,0,0,0,0,1,0,0,0,0,0 days 01:06:22
1995348,SecondHalf,Belgium,0,0,0,0,0,0,0,0,0,0 days 01:06:53
1995348,SecondHalf,Belgium,0,0,0,0,0,0,0,0,0,0 days 01:06:53
1995348,SecondHalf,Belgium,0,0,0,0,0,0,0,0,0,0 days 01:06:54
1995348,SecondHalf,Belgium,0,0,0,0,0,0,0,0,0,0 days 01:06:54
1995348,SecondHalf,Belgium,0,0,0,0,0,0,0,0,0,0 days 01:06:55
1998192,SecondHalf,Portugal,0,0,0,0,0,0,1,0,0,0 days 00:57:01
1998192,SecondHalf,Portugal,0,0,0,0,0,0,0,0,0,0 days 00:57:03
1998192,SecondHalf,Spain,0,0,0,0,0,0,0,0,0,0 days 00:57:03
1998192,SecondHalf,Spain,0,0,0,0,0,0,1,0,0,0 days 00:57:12
1998192,SecondHalf,Spain,0,0,0,0,0,0,1,0,0,0 days 00:57:15
1998192,SecondHalf,Portugal,0,0,0,0,0,0,0,0,0,0 days 00:57:19
1998192,SecondHalf,Portugal,0,0,0,0,0,0,1,0,0,0 days 00:57:24
1998192,SecondHalf,Portugal,0,0,0,0,0,0,1,0,0,0 days 00:57:26
1998192,SecondHalf,Portugal,0,0,0,0,0,0,1,0,0,0 days 00:57:29
1998192,SecondHalf,Spain,0,1,0,0,0,0,0,0,0,0 days 00:57:31
1998192,SecondHalf,Spain,0,0,0,0,0,0,1,0,0,0 days 00:57:35
1998192,SecondHalf,Spain,0,0,0,0,0,0,1,0,0,0 days 00:57:37
1998192,SecondHalf,Spain,0,0,0,0,0,0,1,0,0,0 days 00:57:38
1998192,SecondHalf,Spain,0,0,0,0,0,0,1,0,0,0 days 00:57:41
1998192,SecondHalf,Spain,0,0,0,0,0,0,1,0,0,0 days 00:57:45
1998192,SecondHalf,Spain,0,0,0,0,0,0,0,0,0,0 days 00:57:46
1998192,SecondHalf,Portugal,0,0,1,0,0,0,0,0,0,0 days 00:57:48
1998192,SecondHalf,Portugal,0,1,0,0,0,0,0,0,0,0 days 00:57:49
1998192,SecondHalf,Portugal,0,0,0,0,0,0,1,0,0,0 days 00:57:50
1998192,SecondHalf,Portugal,0,0,0,0,0,0,1,0,0,0 days 00:57:51
1998192,SecondHalf,Portugal,0,0,0,0,0,0,0,0,0,0 days 00:57:00
1998192,SecondHalf,Portugal,0,0,0,0,0,0,1,0,0,0 days 00:58:01
1998192,SecondHalf,Portugal,0,0,0,0,0,0,1,0,0,0 days 00:58:03
1998192,SecondHalf,Portugal,0,0,0,0,0,0,1,0,0,0 days 00:58:05
1998192,SecondHalf,Portugal,0,0,0,0,0,0,1,0,0,0 days 00:58:06
1998192,SecondHalf,Portugal,0,0,0,0,0,0,1,0,0,0 days 00:58:09
1998192,SecondHalf,Portugal,0,0,0,0,0,0,1,0,0,0 days 00:58:11
1998192,SecondHalf,Portugal,0,0,0,0,0,0,1,0,0,0 days 00:58:12
1998192,SecondHalf,Portugal,0,0,0,0,0,0,1,0,0,0 days 00:58:14
1998192,SecondHalf,Portugal,0,0,0,0,0,0,1,0,0,0 days 00:58:15
1998192,SecondHalf,Portugal,0,0,0,0,0,0,1,0,0,0 days 00:58:16
1998192,SecondHalf,Portugal,0,0,0,0,0,0,1,0,0,0 days 00:58:21
1998192,SecondHalf,Portugal,0,0,0,0,0,0,1,0,0,0 days 00:58:24
1998192,SecondHalf,Portugal,0,0,0,0,0,0,1,0,0,0 days 00:58:29
1998192,SecondHalf,Portugal,0,0,0,0,0,0,1,0,0,0 days 00:58:35
1998192,SecondHalf,Portugal,1,0,0,0,0,0,0,0,0,0 days 00:58:38
1998192,SecondHalf,Spain,0,0,0,0,0,0,0,0,0,0 days 00:58:40
1998192,SecondHalf,Spain,0,0,0,0,0,0,1,0,0,0 days 00:58:44
1998192,SecondHalf,Spain,0,0,0,0,0,0,1,0,0,0 days 00:58:47
1998192,SecondHalf,Spain,0,0,0,0,0,0,1,0,0,0 days 00:58:50
1998192,SecondHalf,Spain,0,0,0,0,0,0,1,0,0,0 days 00:59:04
1998192,SecondHalf,Spain,0,0,0,0,0,0,0,0,0,0 days 00:59:08
1998192,SecondHalf,Portugal,0,0,0,0,0,0,0,0,0,0 days 00:59:08
1998192,SecondHalf,Portugal,0,0,0,0,0,0,1,0,0,0 days 00:59:08
1998192,SecondHalf,Spain,0,0,0,0,0,0,0,0,0,0 days 00:59:10
1998192,SecondHalf,Portugal,0,0,0,0,0,0,1,0,0,0 days 00:59:10
1998192,SecondHalf,Spain,0,0,0,0,0,0,1,0,0,0 days 00:59:14
1998192,SecondHalf,Spain,0,0,0,0,0,0,1,0,0,0 days 00:59:15
1998192,SecondHalf,Spain,0,0,0,0,0,0,1,0,0,0 days 00:59:17
1998192,SecondHalf,Spain,0,0,0,0,0,0,1,0,0,0 days 00:59:24
1998192,SecondHalf,Spain,0,0,0,0,0,0,1,0,0,0 days 00:59:31
1998192,SecondHalf,Spain,0,0,0,0,0,0,1,0,0,0 days 00:59:32
1998192,SecondHalf,Spain,0,0,0,0,0,0,1,0,0,0 days 00:59:35
1998192,SecondHalf,Spain,0,0,0,0,0,0,1,0,0,0 days 00:59:37
1998192,SecondHalf,Spain,0,0,0,0,0,0,1,0,0,0 days 00:59:40
1998192,SecondHalf,Spain,0,0,0,0,0,0,1,0,0,0 days 00:59:42
1998192,SecondHalf,Spain,0,0,0,0,0,0,1,0,0,0 days 00:59:47
1998192,SecondHalf,Spain,0,0,0,0,0,0,1,0,0,0 days 00:59:50
1998192,SecondHalf,Spain,0,0,0,0,0,0,1,0,0,0 days 00:59:52
1998192,SecondHalf,Spain,0,0,0,0,0,0,1,0,0,0 days 00:59:55
1998192,SecondHalf,Spain,0,0,0,0,0,0,1,0,0,0 days 00:59:56
1998192,SecondHalf,Spain,0,0,0,0,0,0,1,0,0,0 days 00:59:58
1998192,SecondHalf,Spain,0,0,0,0,0,0,1,0,0,0 days 01:00:02
1998192,SecondHalf,Portugal,0,0,0,0,0,1,0,0,0,0 days 01:00:03
1998192,SecondHalf,Portugal,0,1,0,0,0,0,0,0,0,0 days 01:00:04
1998192,SecondHalf,Portugal,0,0,0,0,1,0,0,0,0,0 days 01:00:05
1998192,SecondHalf,Spain,0,0,0,0,1,0,0,0,0,0 days 01:00:05
1998192,SecondHalf,Portugal,0,0,0,0,0,0,1,0,0,0 days 01:00:18
1998192,SecondHalf,Portugal,0,0,0,0,0,0,1,0,0,0 days 01:00:22
1998192,SecondHalf,Portugal,0,0,0,0,0,0,1,0,0,0 days 01:00:23
1998192,SecondHalf,Portugal,0,0,0,0,0,0,1,0,0,0 days 01:00:25
1998192,SecondHalf,Portugal,0,0,0,0,0,0,1,0,0,0 days 01:00:27
1998192,SecondHalf,Portugal,0,0,0,0,0,0,0,0,0,0 days 01:00:28
1998192,SecondHalf,Spain,0,1,0,0,0,0,0,0,0,0 days 01:00:30
1998192,SecondHalf,Spain,0,0,0,0,0,0,1,0,0,0 days 01:00:31
1998192,SecondHalf,Portugal,0,0,0,0,0,0,0,0,0,0 days 01:00:32
1998192,SecondHalf,Spain,0,0,0,0,0,0,0,0,1,0 days 01:00:32
1998192,SecondHalf,Spain,0,0,0,0,0,0,1,0,0,0 days 01:00:33
1998192,SecondHalf,Spain,1,0,0,0,0,0,0,0,0,0 days 01:00:35
1998192,SecondHalf,Portugal,0,0,0,0,0,0,0,0,0,0 days 01:00:35
1998192,SecondHalf,Spain,0,0,0,0,0,0,0,0,0,0 days 01:00:36
1998192,SecondHalf,Portugal,0,0,0,0,0,0,0,0,0,0 days 01:00:36
1998192,SecondHalf,Spain,0,0,0,0,0,0,1,0,0,0 days 01:01:01
1998192,SecondHalf,Portugal,0,0,1,0,0,0,0,0,0,0 days 01:01:03
1998192,SecondHalf,Portugal,0,0,1,0,0,0,0,0,0,0 days 01:01:05
1998192,SecondHalf,Portugal,0,0,0,0,0,0,0,0,0,0 days 01:01:08
1998192,SecondHalf,Spain,1,0,0,0,0,0,0,0,0,0 days 01:01:08
1998192,SecondHalf,Portugal,0,0,0,0,0,0,0,0,0,0 days 01:01:08
1998192,SecondHalf,Spain,0,0,0,0,0,0,0,0,0,0 days 01:01:08
1998192,SecondHalf,Spain,0,0,0,0,0,0,1,0,0,0 days 01:01:37
1998192,SecondHalf,Spain,0,0,0,0,0,0,0,0,0,0 days 01:01:40
1998192,SecondHalf,Portugal,0,0,0,0,0,0,0,0,0,0 days 01:01:40
1998192,SecondHalf,Portugal,0,0,0,0,0,0,0,0,0,0 days 01:01:41
1998192,SecondHalf,Portugal,0,0,0,0,0,0,1,0,0,0 days 01:01:47
1998192,SecondHalf,Portugal,0,0,0,0,0,0,1,0,0,0 days 01:01:52
1998192,SecondHalf,Portugal,0,0,0,0,0,0,1,0,0,0 days 01:01:54
1998192,SecondHalf,Portugal,0,0,0,0,0,0,1,0,0,0 days 01:02:00
1998192,SecondHalf,Portugal,0,0,0,0,0,0,1,0,0,0 days 01:02:01
1998192,SecondHalf,Portugal,0,0,0,0,0,0,1,0,0,0 days 01:02:02
1998192,SecondHalf,Portugal,0,0,0,0,0,0,1,0,0,0 days 01:02:05
1998192,SecondHalf,Portugal,0,0,0,0,0,0,1,0,0,0 days 01:02:11
1998192,SecondHalf,Portugal,0,0,0,0,0,0,1,0,0,0 days 01:02:14
1998192,SecondHalf,Spain,0,0,0,0,0,0,0,0,0,0 days 01:02:18
1998192,SecondHalf,Portugal,0,0,0,0,0,0,0,0,1,0 days 01:02:18
1998192,SecondHalf,Portugal,0,0,0,0,0,0,1,0,0,0 days 01:02:20
1998192,SecondHalf,Portugal,0,0,0,0,0,0,1,0,0,0 days 01:02:22
1998192,SecondHalf,Portugal,0,0,0,0,0,0,1,0,0,0 days 01:02:23
1998192,SecondHalf,Portugal,0,0,0,0,0,0,1,0,0,0 days 01:02:26
1998192,SecondHalf,Spain,0,0,0,0,0,0,0,0,0,0 days 01:02:26
1998192,SecondHalf,Spain,0,0,0,0,0,0,1,0,0,0 days 01:02:28
1998192,SecondHalf,Spain,0,0,0,1,0,0,0,0,0,0 days 01:02:30
1998192,SecondHalf,Portugal,0,0,0,0,0,0,0,1,0,0 days 01:02:30
1998192,SecondHalf,Portugal,0,0,0,0,0,0,1,0,0,0 days 01:02:31
1998192,SecondHalf,Portugal,0,0,0,0,0,0,1,0,0,0 days 01:02:34
1998192,SecondHalf,Portugal,0,0,0,0,0,0,1,0,0,0 days 01:02:36
1998192,SecondHalf,Portugal,0,0,0,0,1,0,0,0,0,0 days 01:02:40
1998192,SecondHalf,Spain,0,0,0,0,1,0,0,0,0,0 days 01:02:40
1998192,SecondHalf,Portugal,0,0,0,0,0,0,1,0,0,0 days 01:02:52
1998192,SecondHalf,Portugal,0,0,0,0,0,0,1,0,0,0 days 01:02:54
1998192,SecondHalf,Portugal,0,0,0,0,0,0,1,0,0,0 days 01:02:55
1998192,SecondHalf,Portugal,0,0,0,0,0,0,1,0,0,0 days 01:02:57
1998192,SecondHalf,Portugal,0,0,0,0,0,0,1,0,0,0 days 01:03:00
1998192,SecondHalf,Portugal,0,0,0,0,0,0,1,0,0,0 days 01:03:03
1998192,SecondHalf,Portugal,0,0,0,0,0,0,1,0,0,0 days 01:03:05
1998192,SecondHalf,Portugal,0,0,0,0,0,0,1,0,0,0 days 01:03:06
1998192,SecondHalf,Portugal,0,0,0,0,0,0,1,0,0,0 days 01:03:11
1998192,SecondHalf,Portugal,0,0,0,0,0,0,1,0,0,0 days 01:03:12
1998192,SecondHalf,Spain,0,0,1,0,0,0,0,0,0,0 days 01:03:13
1998192,SecondHalf,Spain,0,0,0,0,0,0,1,0,0,0 days 01:03:14
1998192,SecondHalf,Portugal,0,0,0,0,0,0,1,0,0,0 days 01:03:33
1998192,SecondHalf,Portugal,0,0,0,0,0,0,1,0,0,0 days 01:03:36
1998192,SecondHalf,Portugal,0,0,0,0,0,0,1,0,0,0 days 01:03:38
1998192,SecondHalf,Portugal,0,0,0,0,0,0,1,0,0,0 days 01:03:40
1998192,SecondHalf,Portugal,0,0,0,0,0,0,1,0,0,0 days 01:03:44
1998192,SecondHalf,Portugal,0,0,0,0,0,0,1,0,0,0 days 01:03:48
1998192,SecondHalf,Portugal,0,0,0,0,0,0,1,0,0,0 days 01:03:54
1998192,SecondHalf,Portugal,0,0,0,0,0,0,1,0,0,0 days 01:03:57
1998192,SecondHalf,Spain,0,0,0,0,0,0,1,0,0,0 days 01:04:00
1998192,SecondHalf,Spain,0,1,0,0,0,0,0,0,0,0 days 01:04:02
1998192,SecondHalf,Spain,0,0,0,0,0,0,1,0,0,0 days 01:04:04
1998192,SecondHalf,Spain,0,0,0,0,0,0,1,0,0,0 days 01:04:05
1998192,SecondHalf,Spain,0,0,0,0,0,0,1,0,0,0 days 01:04:07
1998192,SecondHalf,Spain,0,0,0,0,0,0,1,0,0,0 days 01:04:09
1998192,SecondHalf,Spain,0,0,0,0,0,0,1,0,0,0 days 01:04:11
1998192,SecondHalf,Spain,0,0,0,0,0,0,1,0,0,0 days 01:04:14
1998192,SecondHalf,Spain,0,0,0,0,0,0,1,0,0,0 days 01:04:19
1998192,SecondHalf,Spain,0,0,0,0,0,0,1,0,0,0 days 01:04:21
1998192,SecondHalf,Spain,0,0,0,0,0,0,1,0,0,0 days 01:04:27
1998192,SecondHalf,Portugal,0,0,0,0,0,0,0,0,0,0 days 01:04:30
1998192,SecondHalf,Spain,0,0,0,0,0,0,0,0,0,0 days 01:04:30
1998192,SecondHalf,Portugal,0,0,0,0,0,0,1,0,0,0 days 01:04:30
1998192,SecondHalf,Spain,0,0,0,0,0,0,0,0,0,0 days 01:04:33
1998192,SecondHalf,Portugal,0,0,0,0,0,0,0,0,0,0 days 01:04:33
1998192,SecondHalf,Portugal,0,0,0,0,0,0,1,0,0,0 days 01:04:33
1998192,SecondHalf,Spain,0,0,0,0,0,0,0,0,0,0 days 01:04:34
1998192,SecondHalf,Spain,0,0,0,0,0,0,1,0,0,0 days 01:04:37
1998192,SecondHalf,Spain,0,0,0,0,0,0,1,0,0,0 days 01:04:40
1998192,SecondHalf,Portugal,0,0,0,0,0,1,0,0,0,0 days 01:04:41
1998192,SecondHalf,Portugal,0,1,0,0,0,0,0,0,0,0 days 01:04:43
1998192,SecondHalf,Portugal,0,0,0,0,0,0,1,0,0,0 days 01:04:43
1998192,SecondHalf,Portugal,0,0,0,0,0,0,0,0,0,0 days 01:04:44
1998192,SecondHalf,Portugal,0,0,0,0,0,0,0,0,0,0 days 01:04:45
1998192,SecondHalf,Spain,0,1,0,0,0,0,0,0,0,0 days 01:04:46
1998192,SecondHalf,Portugal,0,0,0,0,0,0,0,0,0,0 days 01:04:47
1998192,SecondHalf,Spain,1,0,0,0,0,0,0,0,0,0 days 01:04:47
1998192,SecondHalf,Portugal,0,0,0,0,0,0,0,0,0,0 days 01:04:48
1998192,SecondHalf,Portugal,0,0,0,0,0,0,1,0,0,0 days 01:05:02
1998192,SecondHalf,Spain,0,0,0,0,0,0,1,0,0,0 days 01:05:06
1998192,SecondHalf,Spain,0,0,0,0,0,0,1,0,0,0 days 01:05:09
1998192,SecondHalf,Spain,0,1,0,0,0,0,0,0,0,0 days 01:05:11
1998192,SecondHalf,Spain,0,0,0,0,0,0,1,0,0,0 days 01:05:12
1998192,SecondHalf,Spain,0,0,0,0,0,0,1,0,0,0 days 01:05:14
1998192,SecondHalf,Spain,0,0,0,0,0,0,1,0,0,0 days 01:05:16
1998192,SecondHalf,Spain,0,0,0,0,0,0,1,0,0,0 days 01:05:23
1998192,SecondHalf,Spain,0,0,0,0,0,0,1,0,0,0 days 01:05:29
1998192,SecondHalf,Spain,0,0,0,0,0,0,1,0,0,0 days 01:05:31
1998192,SecondHalf,Portugal,0,0,1,0,0,0,0,0,0,0 days 01:05:32
1998192,SecondHalf,Spain,0,0,0,0,0,0,1,0,0,0 days 01:05:51
1998192,SecondHalf,Spain,0,0,0,0,0,0,1,0,0,0 days 01:05:55
1998192,SecondHalf,Spain,0,0,0,0,0,0,1,0,0,0 days 01:06:02
1998192,SecondHalf,Spain,0,0,0,0,0,0,1,0,0,0 days 01:06:04
1998192,SecondHalf,Spain,0,0,0,0,0,0,1,0,0,0 days 01:06:05
1998192,SecondHalf,Spain,0,0,0,0,0,0,1,0,0,0 days 01:06:06
1998192,SecondHalf,Spain,0,0,0,0,0,0,1,0,0,0 days 01:06:08
1998192,SecondHalf,Spain,0,0,0,0,0,0,1,0,0,0 days 01:06:10
1998192,SecondHalf,Spain,0,0,0,0,0,0,1,0,0,0 days 01:06:12
1998192,SecondHalf,Spain,0,0,0,0,0,0,1,0,0,0 days 01:06:16
1998192,SecondHalf,Spain,0,0,0,0,0,0,1,0,0,0 days 01:06:18
1998192,SecondHalf,Spain,0,0,0,0,0,0,0,0,1,0 days 01:06:24
1998192,SecondHalf,Portugal,0,1,0,0,0,0,0,0,0,0 days 01:06:25
1998192,SecondHalf,Portugal,0,0,0,0,0,0,0,0,1,0 days 01:06:27
1998192,SecondHalf,Spain,0,0,0,0,0,0,0,1,0,0 days 01:06:27
1998192,SecondHalf,Spain,0,1,0,0,0,0,0,0,0,0 days 01:06:28
1998192,SecondHalf,Spain,0,0,0,0,0,0,1,0,0,0 days 01:06:29
1998192,SecondHalf,Spain,0,0,0,0,0,0,1,0,0,0 days 01:06:32
1998192,SecondHalf,Spain,0,0,0,0,0,0,1,0,0,0 days 01:06:35
1998192,SecondHalf,Spain,0,0,0,0,0,0,1,0,0,0 days 01:06:40
1998192,SecondHalf,Spain,0,0,0,0,0,0,1,0,0,0 days 01:06:42
1998192,SecondHalf,Spain,0,0,0,0,0,0,1,0,0,0 days 01:06:44
1998192,SecondHalf,Spain,0,0,0,0,0,0,1,0,0,0 days 01:06:48
1998192,SecondHalf,Spain,0,0,0,0,0,0,1,0,0,0 days 01:06:50
1998192,SecondHalf,Spain,0,0,0,0,0,0,1,0,0,0 days 01:06:54
1998192,SecondHalf,Spain,0,0,0,0,0,0,1,0,0,0 days 01:06:56
1998571,SecondHalf,Argentina,0,0,0,0,0,0,1,0,0,0 days 00:57:02
1998571,SecondHalf,Argentina,0,1,0,0,0,0,0,0,0,0 days 00:57:03
1998571,SecondHalf,Argentina,0,0,0,1,0,0,0,0,0,0 days 00:57:06
1998571,SecondHalf,Egypt,0,0,0,0,0,0,0,1,0,0 days 00:57:06
1998571,SecondHalf,Argentina,0,0,0,0,0,0,1,0,0,0 days 00:57:14
1998571,SecondHalf,Argentina,0,0,0,0,0,0,1,0,0,0 days 00:57:17
1998571,SecondHalf,Argentina,1,0,0,0,0,0,0,0,0,0 days 00:57:22
1998571,SecondHalf,Egypt,0,0,0,0,0,0,0,0,0,0 days 00:57:22
1998571,SecondHalf,Egypt,0,0,1,0,0,0,0,0,0,0 days 00:57:25
1998571,SecondHalf,Egypt,0,0,0,0,0,0,0,0,0,0 days 00:57:27
1998571,SecondHalf,Egypt,0,0,0,0,0,0,0,0,1,0 days 00:57:27
1998571,SecondHalf,Argentina,0,0,0,0,0,0,0,1,0,0 days 00:57:27
1998571,SecondHalf,Egypt,0,0,0,0,0,0,0,0,0,0 days 00:57:34
1998571,SecondHalf,Argentina,0,0,0,0,0,0,0,0,1,0 days 00:57:34
1998571,SecondHalf,Argentina,0,0,0,0,1,0,0,0,0,0 days 00:57:35
1998571,SecondHalf,Egypt,0,0,0,0,1,0,0,0,0,0 days 00:57:35
1998571,SecondHalf,Argentina,0,0,0,0,0,0,1,0,0,0 days 01:00:44
1998571,SecondHalf,Argentina,1,0,0,0,0,0,0,0,0,0 days 01:00:47
1998571,SecondHalf,Argentina,0,0,0,0,0,0,0,0,0,0 days 01:00:48
1998571,SecondHalf,Egypt,0,0,0,0,0,0,0,0,0,0 days 01:00:48
1998571,SecondHalf,Egypt,0,0,0,0,0,0,0,0,0,0 days 01:00:48
1998571,SecondHalf,Argentina,0,0,0,0,0,0,1,0,0,0 days 01:01:02
1998571,SecondHalf,Argentina,0,0,0,0,0,0,1,0,0,0 days 01:01:10
1998571,SecondHalf,Egypt,0,0,1,0,0,0,0,0,0,0 days 01:01:12
1998571,SecondHalf,Egypt,0,0,1,0,0,0,0,0,0,0 days 01:01:13
1998571,SecondHalf,Argentina,0,0,0,0,0,0,1,0,0,0 days 01:01:19
1998571,SecondHalf,Argentina,0,0,0,0,0,0,1,0,0,0 days 01:01:21
1998571,SecondHalf,Argentina,0,0,0,0,0,0,1,0,0,0 days 01:01:25
1998571,SecondHalf,Argentina,0,0,0,0,0,0,1,0,0,0 days 01:01:27
1998571,SecondHalf,Argentina,0,0,0,0,0,0,1,0,0,0 days 01:01:30
1998571,SecondHalf,Argentina,0,0,0,0,0,0,1,0,0,0 days 01:01:33
1998571,SecondHalf,Argentina,0,0,0,0,0,0,1,0,0,0 days 01:01:36
1998571,SecondHalf,Argentina,0,0,0,0,0,0,1,0,0,0 days 01:01:41
1998571,SecondHalf,Argentina,0,0,0,0,0,0,1,0,0,0 days 01:01:43
1998571,SecondHalf,Argentina,0,0,0,0,0,0,1,0,0,0 days 01:01:45
1998571,SecondHalf,Argentina,0,0,0,0,0,0,0,0,0,0 days 01:01:47
1998571,SecondHalf,Egypt,0,1,0,0,0,0,0,0,0,0 days 01:01:49
1998571,SecondHalf,Egypt,0,0,0,0,0,0,1,0,0,0 days 01:01:54
1998571,SecondHalf,Egypt,0,0,0,0,0,0,1,0,0,0 days 01:01:57
1998571,SecondHalf,Argentina,0,0,0,0,0,0,0,0,0,0 days 01:01:57
1998571,SecondHalf,Egypt,0,0,0,0,0,0,1,0,0,0 days 01:02:14
1998571,SecondHalf,Argentina,0,0,0,0,0,0,0,0,0,0 days 01:02:17
1998571,SecondHalf,Egypt,0,0,0,0,0,0,0,0,0,0 days 01:02:17
1998571,SecondHalf,Egypt,0,0,0,0,0,0,1,0,0,0 days 01:02:24
1998571,SecondHalf,Egypt,0,0,0,0,0,0,1,0,0,0 days 01:02:28
1998571,SecondHalf,Egypt,0,0,0,0,0,0,1,0,0,0 days 01:02:30
1998571,SecondHalf,Egypt,0,0,0,0,0,0,1,0,0,0 days 01:02:32
1998571,SecondHalf,Egypt,0,0,0,0,0,0,1,0,0,0 days 01:02:34
1998571,SecondHalf,Egypt,0,0,0,0,0,0,1,0,0,0 days 01:02:38
1998571,SecondHalf,Egypt,0,0,0,0,0,0,1,0,0,0 days 01:02:42
1998571,SecondHalf,Egypt,0,0,0,0,0,0,1,0,0,0 days 01:02:44
1998571,SecondHalf,Egypt,0,0,0,0,0,0,1,0,0,0 days 01:02:46
1998571,SecondHalf,Argentina,0,0,0,0,0,0,0,0,0,0 days 01:02:46
1998571,SecondHalf,Egypt,0,0,0,0,0,0,1,0,0,0 days 01:02:47
1998571,SecondHalf,Egypt,0,0,0,0,0,0,1,0,0,0 days 01:02:49
1998571,SecondHalf,Argentina,0,0,0,0,0,1,0,0,0,0 days 01:02:51
1998571,SecondHalf,Argentina,0,1,0,0,0,0,0,0,0,0 days 01:02:52
1998571,SecondHalf,Argentina,0,0,0,0,0,0,1,0,0,0 days 01:02:59
1998571,SecondHalf,Argentina,0,0,0,0,0,0,1,0,0,0 days 01:03:06
1998571,SecondHalf,Argentina,0,0,0,0,0,0,1,0,0,0 days 01:03:09
1998571,SecondHalf,Argentina,0,0,0,0,0,0,1,0,0,0 days 01:03:11
1998571,SecondHalf,Argentina,0,0,0,1,0,0,0,0,0,0 days 01:03:14
1998571,SecondHalf,Egypt,0,0,0,0,0,0,0,1,0,0 days 01:03:14
1998571,SecondHalf,Egypt,0,1,0,0,0,0,0,0,0,0 days 01:03:17
1998571,SecondHalf,Egypt,0,0,0,0,0,0,1,0,0,0 days 01:03:18
1998571,SecondHalf,Egypt,0,0,0,0,0,0,1,0,0,0 days 01:03:20
1998571,SecondHalf,Egypt,0,0,0,1,0,0,0,0,0,0 days 01:03:24
1998571,SecondHalf,Argentina,0,0,0,0,0,0,0,1,0,0 days 01:03:24
1998571,SecondHalf,Egypt,0,0,0,0,1,0,0,0,0,0 days 01:03:26
1998571,SecondHalf,Argentina,0,0,0,0,1,0,0,0,0,0 days 01:03:26
1998571,SecondHalf,Argentina,0,0,0,0,0,0,1,0,0,0 days 01:03:34
1998571,SecondHalf,Argentina,0,0,0,0,0,0,1,0,0,0 days 01:03:36
1998571,SecondHalf,Argentina,0,0,0,0,0,0,1,0,0,0 days 01:03:39
1998571,SecondHalf,Egypt,0,0,0,0,0,0,0,0,0,0 days 01:03:42
1998571,SecondHalf,Argentina,0,0,0,0,0,0,0,0,1,0 days 01:03:42
1998571,SecondHalf,Egypt,0,0,0,0,0,0,0,0,0,0 days 01:03:44
1998571,SecondHalf,Argentina,0,0,0,0,0,0,0,0,1,0 days 01:03:44
1998571,SecondHalf,Argentina,0,0,0,0,0,0,1,0,0,0 days 01:03:45
1998571,SecondHalf,Argentina,0,0,0,0,0,0,1,0,0,0 days 01:03:46
1998571,SecondHalf,Argentina,0,0,0,0,0,0,1,0,0,0 days 01:03:49
1998571,SecondHalf,Argentina,0,0,0,0,0,0,1,0,0,0 days 01:03:51
1998571,SecondHalf,Argentina,0,0,0,0,0,0,1,0,0,0 days 01:03:53
1998571,SecondHalf,Argentina,0,0,0,0,0,0,1,0,0,0 days 01:03:56
1998571,SecondHalf,Argentina,0,0,0,0,0,0,1,0,0,0 days 01:04:02
1998571,SecondHalf,Argentina,0,0,0,0,0,0,1,0,0,0 days 01:04:04
1998571,SecondHalf,Argentina,0,0,0,0,0,0,1,0,0,0 days 01:04:06
1998571,SecondHalf,Egypt,0,0,0,0,0,0,0,0,0,0 days 01:04:08
1998571,SecondHalf,Egypt,0,0,1,0,0,0,0,0,0,0 days 01:04:08
1998571,SecondHalf,Argentina,0,0,0,0,0,0,0,0,0,0 days 01:04:08
1998571,SecondHalf,Egypt,0,0,1,0,0,0,0,0,0,0 days 01:04:10
1998571,SecondHalf,Argentina,0,0,0,0,0,0,1,0,0,0 days 01:04:14
1998571,SecondHalf,Argentina,0,0,0,0,0,0,1,0,0,0 days 01:04:18
1998571,SecondHalf,Argentina,0,0,0,1,0,0,0,0,0,0 days 01:04:20
1998571,SecondHalf,Egypt,0,0,0,0,0,0,0,1,0,0 days 01:04:20
1998571,SecondHalf,Argentina,0,0,0,0,0,0,1,0,0,0 days 01:04:23
1998571,SecondHalf,Argentina,0,0,0,0,0,0,1,0,0,0 days 01:04:25
1998571,SecondHalf,Argentina,0,0,0,0,0,0,1,0,0,0 days 01:04:27
1998571,SecondHalf,Argentina,0,0,0,0,0,0,1,0,0,0 days 01:04:29
1998571,SecondHalf,Argentina,0,0,0,0,0,0,1,0,0,0 days 01:04:31
1998571,SecondHalf,Argentina,0,0,0,0,0,0,1,0,0,0 days 01:04:34
1998571,SecondHalf,Egypt,0,0,0,0,0,0,1,0,0,0 days 01:04:47
1998571,SecondHalf,Egypt,0,0,0,0,0,0,1,0,0,0 days 01:04:56
1998571,SecondHalf,Argentina,0,0,0,0,0,1,0,0,0,0 days 01:04:59
1998571,SecondHalf,Argentina,0,1,0,0,0,0,0,0,0,0 days 01:05:01
1998571,SecondHalf,Argentina,0,0,0,0,0,0,1,0,0,0 days 01:05:01
1998571,SecondHalf,Argentina,0,0,0,0,0,0,1,0,0,0 days 01:05:02
1998571,SecondHalf,Argentina,0,0,0,0,0,0,1,0,0,0 days 01:05:04
1998571,SecondHalf,Argentina,0,0,0,0,0,0,1,0,0,0 days 01:05:07
1998571,SecondHalf,Argentina,0,0,0,0,0,0,1,0,0,0 days 01:05:08
1998571,SecondHalf,Argentina,0,0,0,0,0,0,1,0,0,0 days 01:05:10
1998571,SecondHalf,Argentina,0,0,0,0,0,0,1,0,0,0 days 01:05:12
1998571,SecondHalf,Argentina,0,0,0,0,0,0,1,0,0,0 days 01:05:13
1998571,SecondHalf,Argentina,0,0,0,0,0,0,1,0,0,0 days 01:05:16
1998571,SecondHalf,Egypt,0,0,0,0,0,0,1,0,0,0 days 01:05:17
1998571,SecondHalf,Argentina,0,0,0,0,0,0,0,0,0,0 days 01:05:18
1998571,SecondHalf,Egypt,0,0,0,0,0,0,0,0,0,0 days 01:05:18
1998571,SecondHalf,Argentina,0,0,0,0,0,0,0,0,0,0 days 01:05:40
1998571,SecondHalf,Argentina,0,0,0,0,0,0,0,0,0,0 days 01:05:40
1998571,SecondHalf,Argentina,0,0,0,0,0,0,0,0,0,0 days 01:05:44
1998571,SecondHalf,Argentina,0,0,0,0,0,0,0,0,0,0 days 01:05:44
1998571,SecondHalf,Argentina,0,0,0,0,0,0,0,0,0,0 days 01:05:45
1998571,SecondHalf,Argentina,0,0,0,0,0,0,1,0,0,0 days 01:05:57
1998571,SecondHalf,Argentina,0,0,0,0,0,0,1,0,0,0 days 01:05:59
1998571,SecondHalf,Egypt,0,0,0,0,0,0,0,0,0,0 days 01:06:01
1998571,SecondHalf,Argentina,0,0,0,0,0,0,0,0,1,0 days 01:06:01
1998571,SecondHalf,Egypt,0,0,0,0,0,0,0,0,0,0 days 01:06:04
1998571,SecondHalf,Argentina,0,0,0,0,0,0,1,0,0,0 days 01:06:04
1998571,SecondHalf,Egypt,0,0,0,0,0,0,0,0,0,0 days 01:06:06
1998571,SecondHalf,Argentina,0,0,0,0,0,0,0,0,0,0 days 01:06:06
1998571,SecondHalf,Argentina,0,0,0,0,0,0,1,0,0,0 days 01:06:26
1998571,SecondHalf,Egypt,0,0,0,0,0,0,0,0,0,0 days 01:06:31
1998571,SecondHalf,Argentina,0,0,0,0,0,0,0,0,0,0 days 01:06:31
1998571,SecondHalf,Egypt,0,0,1,0,0,0,0,0,0,0 days 01:06:31
1998571,SecondHalf,Argentina,0,0,0,0,0,0,0,0,0,0 days 01:06:32
1998571,SecondHalf,Egypt,0,0,1,0,0,0,0,0,0,0 days 01:06:33
1998571,SecondHalf,Egypt,0,1,0,0,0,0,0,0,0,0 days 01:06:35
1998571,SecondHalf,Egypt,0,0,0,0,0,0,0,0,0,0 days 01:06:40
1998571,SecondHalf,Argentina,0,0,0,0,0,0,0,0,0,0 days 01:06:43
1998571,SecondHalf,Egypt,0,0,0,0,0,0,0,0,1,0 days 01:06:43
1998571,SecondHalf,Egypt,0,0,0,0,0,0,1,0,0,0 days 01:06:44
1998571,SecondHalf,Egypt,1,0,0,0,0,0,0,0,0,0 days 01:06:46
1998572,SecondHalf,Colombia,0,0,0,0,0,0,1,0,0,0 days 00:57:01
1998572,SecondHalf,Colombia,0,0,0,0,0,0,1,0,0,0 days 00:57:05
1998572,SecondHalf,Colombia,0,0,0,0,0,0,1,0,0,0 days 00:57:08
1998572,SecondHalf,Colombia,0,0,0,0,0,0,1,0,0,0 days 00:57:10
1998572,SecondHalf,Colombia,0,0,0,0,0,0,1,0,0,0 days 00:57:13
1998572,SecondHalf,Colombia,0,0,0,0,0,0,1,0,0,0 days 00:57:17
1998572,SecondHalf,Colombia,0,0,0,0,0,0,1,0,0,0 days 00:57:19
1998572,SecondHalf,Switzerland,0,0,0,0,0,0,1,0,0,0 days 00:57:23
1998572,SecondHalf,Switzerland,0,0,1,0,0,0,0,0,0,0 days 00:57:25
1998572,SecondHalf,Colombia,0,0,0,0,0,0,0,0,0,0 days 00:57:27
1998572,SecondHalf,Switzerland,0,0,0,0,0,0,1,0,0,0 days 00:57:30
1998572,SecondHalf,Switzerland,0,1,0,0,0,0,0,0,0,0 days 00:57:32
1998572,SecondHalf,Switzerland,0,0,0,0,0,0,1,0,0,0 days 00:57:36
1998572,SecondHalf,Colombia,0,0,1,0,0,0,0,0,0,0 days 00:57:37
1998572,SecondHalf,Switzerland,0,0,0,0,0,0,1,0,0,0 days 00:57:42
1998572,SecondHalf,Switzerland,0,0,0,0,0,0,1,0,0,0 days 00:57:44
1998572,SecondHalf,Switzerland,0,0,0,0,0,0,1,0,0,0 days 00:57:47
1998572,SecondHalf,Switzerland,0,0,0,0,0,0,1,0,0,0 days 00:57:57
1998572,SecondHalf,Switzerland,0,0,0,0,0,0,1,0,0,0 days 00:57:59
1998572,SecondHalf,Colombia,0,0,0,0,0,0,0,0,0,0 days 00:58:00
1998572,SecondHalf,Switzerland,0,0,0,0,0,0,1,0,0,0 days 00:58:00
1998572,SecondHalf,Colombia,0,0,0,0,0,0,1,0,0,0 days 00:58:02
1998572,SecondHalf,Colombia,0,1,0,0,0,0,0,0,0,0 days 00:58:03
1998572,SecondHalf,Colombia,0,0,0,0,0,0,1,0,0,0 days 00:58:04
1998572,SecondHalf,Colombia,0,0,0,0,1,0,0,0,0,0 days 00:58:07
1998572,SecondHalf,Switzerland,0,0,0,0,1,0,0,0,0,0 days 00:58:07
1998572,SecondHalf,Switzerland,0,0,0,0,0,0,0,0,0,0 days 00:58:10
1998572,SecondHalf,Colombia,0,0,0,0,0,0,1,0,0,0 days 00:58:46
1998572,SecondHalf,Colombia,0,0,0,0,0,0,1,0,0,0 days 00:58:54
1998572,SecondHalf,Switzerland,0,0,0,0,0,0,1,0,0,0 days 00:58:58
1998572,SecondHalf,Switzerland,0,1,0,0,0,0,0,0,0,0 days 00:59:01
1998572,SecondHalf,Switzerland,0,0,0,0,0,0,1,0,0,0 days 00:59:05
1998572,SecondHalf,Switzerland,0,0,0,0,0,0,1,0,0,0 days 00:59:08
1998572,SecondHalf,Switzerland,0,0,0,0,0,0,1,0,0,0 days 00:59:09
1998572,SecondHalf,Switzerland,0,0,0,0,0,0,1,0,0,0 days 00:59:11
1998572,SecondHalf,Switzerland,0,0,0,0,0,0,1,0,0,0 days 00:59:16
1998572,SecondHalf,Colombia,0,0,0,0,0,1,0,0,0,0 days 00:59:17
1998572,SecondHalf,Colombia,0,1,0,0,0,0,0,0,0,0 days 00:59:18
1998572,SecondHalf,Colombia,0,0,0,0,0,0,1,0,0,0 days 00:59:18
1998572,SecondHalf,Colombia,0,0,0,0,0,0,1,0,0,0 days 00:59:22
1998572,SecondHalf,Switzerland,0,0,1,0,0,0,0,0,0,0 days 00:59:23
1998572,SecondHalf,Colombia,1,0,0,0,0,0,0,0,0,0 days 00:59:27
1998572,SecondHalf,Switzerland,0,0,0,0,0,0,0,0,0,0 days 00:59:27
1998572,SecondHalf,Switzerland,0,0,0,0,0,0,0,0,0,0 days 00:59:28
1998572,SecondHalf,Switzerland,0,0,0,0,1,0,0,0,0,0 days 00:59:34
1998572,SecondHalf,Colombia,0,0,0,0,1,0,0,0,0,0 days 00:59:34
1998572,SecondHalf,Colombia,0,0,0,0,0,0,0,0,0,0 days 00:59:36
1998572,SecondHalf,Switzerland,0,0,0,0,0,0,1,0,0,0 days 01:00:03
1998572,SecondHalf,Switzerland,0,0,0,0,0,0,1,0,0,0 days 01:00:06
1998572,SecondHalf,Switzerland,0,0,0,0,0,0,1,0,0,0 days 01:00:10
1998572,SecondHalf,Colombia,0,0,1,0,0,0,0,0,0,0 days 01:00:13
1998572,SecondHalf,Colombia,0,0,0,0,0,0,0,0,0,0 days 01:00:17
1998572,SecondHalf,Switzerland,1,0,0,0,0,0,0,0,0,0 days 01:00:17
1998572,SecondHalf,Colombia,0,1,0,0,0,0,0,0,0,0 days 01:00:19
1998572,SecondHalf,Colombia,0,0,0,0,0,0,1,0,0,0 days 01:00:20
1998572,SecondHalf,Colombia,0,0,0,0,0,0,1,0,0,0 days 01:00:22
1998572,SecondHalf,Colombia,0,0,0,0,0,0,1,0,0,0 days 01:00:24
1998572,SecondHalf,Colombia,0,0,0,0,1,0,0,0,0,0 days 01:00:26
1998572,SecondHalf,Switzerland,0,0,0,0,1,0,0,0,0,0 days 01:00:26
1998572,SecondHalf,Colombia,0,0,0,0,0,0,1,0,0,0 days 01:00:41
1998572,SecondHalf,Colombia,0,0,0,0,0,0,1,0,0,0 days 01:00:42
1998572,SecondHalf,Colombia,0,0,0,0,0,0,1,0,0,0 days 01:00:44
1998572,SecondHalf,Colombia,0,0,0,0,0,0,1,0,0,0 days 01:00:45
1998572,SecondHalf,Colombia,0,0,0,0,0,0,1,0,0,0 days 01:00:48
1998572,SecondHalf,Colombia,0,0,0,0,0,0,1,0,0,0 days 01:00:53
1998572,SecondHalf,Colombia,0,0,0,0,0,0,1,0,0,0 days 01:00:58
1998572,SecondHalf,Colombia,0,0,0,0,0,0,1,0,0,0 days 01:01:01
1998572,SecondHalf,Switzerland,0,0,1,0,0,0,0,0,0,0 days 01:01:03
1998572,SecondHalf,Colombia,0,0,0,0,0,0,1,0,0,0 days 01:01:11
1998572,SecondHalf,Colombia,0,0,0,0,0,0,0,0,0,0 days 01:01:12
1998572,SecondHalf,Switzerland,0,0,0,0,0,0,0,0,0,0 days 01:01:12
1998572,SecondHalf,Switzerland,0,0,0,0,0,0,1,0,0,0 days 01:01:24
1998572,SecondHalf,Switzerland,0,0,0,0,0,0,1,0,0,0 days 01:01:26
1998572,SecondHalf,Switzerland,0,0,0,0,0,0,1,0,0,0 days 01:01:28
1998572,SecondHalf,Switzerland,0,0,0,0,0,0,1,0,0,0 days 01:01:31
1998572,SecondHalf,Switzerland,0,0,0,0,0,0,1,0,0,0 days 01:01:34
1998572,SecondHalf,Colombia,0,0,0,0,0,0,0,0,0,0 days 01:01:35
1998572,SecondHalf,Switzerland,0,0,0,0,0,0,0,0,0,0 days 01:01:37
1998572,SecondHalf,Colombia,0,0,0,0,0,0,0,0,0,0 days 01:01:37
1998572,SecondHalf,Colombia,0,0,0,0,0,0,0,0,0,0 days 01:01:37
1998572,SecondHalf,Colombia,0,1,0,0,0,0,0,0,0,0 days 01:01:38
1998572,SecondHalf,Colombia,0,0,0,0,0,0,1,0,0,0 days 01:01:38
1998572,SecondHalf,Colombia,0,0,0,0,0,0,1,0,0,0 days 01:01:39
1998572,SecondHalf,Colombia,0,0,0,0,0,0,1,0,0,0 days 01:01:40
1998572,SecondHalf,Switzerland,0,1,0,0,0,0,0,0,0,0 days 01:01:46
1998572,SecondHalf,Switzerland,0,0,0,0,0,0,1,0,0,0 days 01:01:46
1998572,SecondHalf,Switzerland,0,0,0,0,0,0,1,0,0,0 days 01:01:48
1998572,SecondHalf,Colombia,0,0,0,0,0,0,1,0,0,0 days 01:01:49
1998572,SecondHalf,Colombia,0,1,0,0,0,0,0,0,0,0 days 01:01:51
1998572,SecondHalf,Colombia,0,0,0,0,1,0,0,0,0,0 days 01:01:54
1998572,SecondHalf,Switzerland,0,0,0,0,1,0,0,0,0,0 days 01:01:54
1998572,SecondHalf,Colombia,0,0,0,0,0,0,0,0,0,0 days 01:01:00
1998572,SecondHalf,Colombia,0,0,0,0,0,0,1,0,0,0 days 01:02:02
1998572,SecondHalf,Colombia,0,0,0,0,0,0,1,0,0,0 days 01:02:04
1998572,SecondHalf,Switzerland,0,0,0,0,0,0,0,0,0,0 days 01:02:08
1998572,SecondHalf,Colombia,0,0,0,0,0,0,0,0,1,0 days 01:02:08
1998572,SecondHalf,Colombia,0,0,0,0,0,0,1,0,0,0 days 01:02:08
1998572,SecondHalf,Switzerland,0,0,0,0,0,1,0,0,0,0 days 01:02:09
1998572,SecondHalf,Colombia,0,0,0,0,0,0,0,0,0,0 days 01:02:10
1998572,SecondHalf,Switzerland,0,0,0,0,0,0,1,0,0,0 days 01:02:12
1998572,SecondHalf,Switzerland,0,0,0,0,0,0,1,0,0,0 days 01:02:13
1998572,SecondHalf,Switzerland,0,1,0,0,0,0,0,0,0,0 days 01:02:14
1998572,SecondHalf,Switzerland,0,0,0,0,0,0,1,0,0,0 days 01:02:14
1998572,SecondHalf,Switzerland,0,0,0,0,0,0,1,0,0,0 days 01:02:15
1998572,SecondHalf,Switzerland,0,0,0,0,0,0,1,0,0,0 days 01:02:16
1998572,SecondHalf,Switzerland,0,0,0,0,0,0,1,0,0,0 days 01:02:19
1998572,SecondHalf,Switzerland,0,0,0,0,0,0,1,0,0,0 days 01:02:21
1998572,SecondHalf,Switzerland,0,0,0,0,0,0,1,0,0,0 days 01:02:24
1998572,SecondHalf,Colombia,0,0,0,0,0,1,0,0,0,0 days 01:02:26
1998572,SecondHalf,Colombia,0,1,0,0,0,0,0,0,0,0 days 01:02:28
1998572,SecondHalf,Colombia,1,0,0,0,0,0,0,0,0,0 days 01:02:30
1998572,SecondHalf,Switzerland,0,0,0,0,0,0,1,0,0,0 days 01:02:52
1998572,SecondHalf,Switzerland,0,0,0,0,0,0,1,0,0,0 days 01:02:55
1998572,SecondHalf,Switzerland,0,0,0,0,0,0,1,0,0,0 days 01:02:56
1998572,SecondHalf,Switzerland,0,0,0,0,0,0,1,0,0,0 days 01:02:58
1998572,SecondHalf,Switzerland,0,0,0,0,0,0,1,0,0,0 days 01:03:02
1998572,SecondHalf,Colombia,0,0,0,0,0,0,1,0,0,0 days 01:03:03
1998572,SecondHalf,Switzerland,0,0,0,0,0,1,0,0,0,0 days 01:03:07
1998572,SecondHalf,Switzerland,0,0,0,0,0,0,1,0,0,0 days 01:03:08
1998572,SecondHalf,Switzerland,0,0,0,0,0,0,1,0,0,0 days 01:03:11
1998572,SecondHalf,Colombia,0,0,0,0,0,0,1,0,0,0 days 01:03:12
1998572,SecondHalf,Switzerland,0,0,0,0,0,0,1,0,0,0 days 01:03:17
1998572,SecondHalf,Colombia,0,1,0,0,0,0,0,0,0,0 days 01:03:22
1998572,SecondHalf,Colombia,0,0,0,0,0,0,1,0,0,0 days 01:03:25
1998572,SecondHalf,Colombia,0,0,0,0,0,0,1,0,0,0 days 01:03:28
1998572,SecondHalf,Colombia,0,0,0,0,0,0,1,0,0,0 days 01:03:35
1998572,SecondHalf,Colombia,0,0,0,0,0,0,1,0,0,0 days 01:03:40
1998572,SecondHalf,Colombia,0,0,0,0,0,0,1,0,0,0 days 01:03:41
1998572,SecondHalf,Colombia,0,0,0,0,0,0,1,0,0,0 days 01:03:48
1998572,SecondHalf,Colombia,0,0,0,0,0,0,1,0,0,0 days 01:03:50
1998572,SecondHalf,Colombia,0,0,0,0,0,0,1,0,0,0 days 01:03:52
1998572,SecondHalf,Colombia,0,0,0,0,0,0,1,0,0,0 days 01:03:58
1998572,SecondHalf,Colombia,0,0,0,0,0,0,1,0,0,0 days 01:04:01
1998572,SecondHalf,Switzerland,0,0,1,0,0,0,0,0,0,0 days 01:04:01
1998572,SecondHalf,Colombia,0,0,0,0,0,0,1,0,0,0 days 01:04:23
1998572,SecondHalf,Colombia,0,0,0,0,1,0,0,0,0,0 days 01:04:25
1998572,SecondHalf,Switzerland,0,0,0,0,1,0,0,0,0,0 days 01:04:25
1998572,SecondHalf,Colombia,0,0,0,0,0,0,0,0,0,0 days 01:05:12
1998572,SecondHalf,Colombia,0,0,0,0,0,0,0,0,0,0 days 01:05:12
1998572,SecondHalf,Colombia,0,0,0,0,0,0,0,0,0,0 days 01:05:20
1998572,SecondHalf,Colombia,0,0,0,0,0,0,0,0,0,0 days 01:05:20
1998572,SecondHalf,Colombia,0,0,0,0,0,0,0,0,0,0 days 01:05:21
1998572,SecondHalf,Switzerland,0,0,0,0,0,0,1,0,0,0 days 01:05:24
1998572,SecondHalf,Switzerland,0,0,0,0,0,0,1,0,0,0 days 01:05:28
1998572,SecondHalf,Switzerland,0,0,0,0,0,0,1,0,0,0 days 01:05:31
1998572,SecondHalf,Switzerland,0,0,0,0,0,0,1,0,0,0 days 01:05:33
1998572,SecondHalf,Switzerland,0,0,0,0,0,0,1,0,0,0 days 01:05:34
1998572,SecondHalf,Switzerland,0,0,0,0,0,0,1,0,0,0 days 01:05:35
1998572,SecondHalf,Switzerland,0,0,0,0,0,0,1,0,0,0 days 01:05:37
1998572,SecondHalf,Switzerland,0,0,0,0,0,0,1,0,0,0 days 01:05:40
1998572,SecondHalf,Switzerland,0,0,0,0,0,0,1,0,0,0 days 01:05:43
1998572,SecondHalf,Switzerland,0,0,0,0,0,0,1,0,0,0 days 01:05:52
1998572,SecondHalf,Switzerland,0,0,0,0,0,0,1,0,0,0 days 01:05:55
1998572,SecondHalf,Colombia,0,0,0,0,1,0,0,0,0,0 days 01:05:58
1998572,SecondHalf,Switzerland,0,0,0,0,1,0,0,0,0,0 days 01:05:58
1998572,SecondHalf,Switzerland,0,0,0,0,0,0,1,0,0,0 days 01:06:11
1998572,SecondHalf,Switzerland,0,0,0,0,0,0,1,0,0,0 days 01:06:14
1998572,SecondHalf,Switzerland,0,0,0,0,0,0,1,0,0,0 days 01:06:17
1998572,SecondHalf,Switzerland,0,0,0,0,0,0,1,0,0,0 days 01:06:19
1998572,SecondHalf,Switzerland,0,0,0,0,0,0,1,0,0,0 days 01:06:24
1998572,SecondHalf,Switzerland,0,0,0,0,0,0,0,0,0,0 days 01:06:25
1998572,SecondHalf,Colombia,0,1,0,0,0,0,0,0,0,0 days 01:06:26
1998572,SecondHalf,Colombia,0,0,0,0,0,0,1,0,0,0 days 01:06:26
1998572,SecondHalf,Colombia,0,0,0,0,0,0,1,0,0,0 days 01:06:31
1998572,SecondHalf,Colombia,0,0,0,0,0,0,1,0,0,0 days 01:06:33
1998572,SecondHalf,Colombia,0,0,0,0,0,0,1,0,0,0 days 01:06:34
1998572,SecondHalf,Colombia,0,0,0,0,0,0,0,0,0,0 days 01:06:40
1998582,SecondHalf,France,0,0,0,0,0,0,1,0,0,0 days 00:57:01
1998582,SecondHalf,Morocco,0,0,0,0,0,0,0,0,0,0 days 00:57:03
1998582,SecondHalf,France,0,0,0,0,0,0,0,0,1,0 days 00:57:03
1998582,SecondHalf,France,0,0,0,0,0,0,1,0,0,0 days 00:57:05
1998582,SecondHalf,Morocco,0,0,0,0,0,0,1,0,0,0 days 00:57:31
1998582,SecondHalf,Morocco,0,0,0,0,0,0,0,0,0,0 days 00:57:35
1998582,SecondHalf,France,0,0,0,0,0,0,0,0,0,0 days 00:57:35
1998582,SecondHalf,France,0,0,1,0,0,0,0,0,0,0 days 00:57:36
1998582,SecondHalf,Morocco,0,0,0,0,0,0,1,0,0,0 days 00:57:38
1998582,SecondHalf,France,0,0,0,0,0,0,0,0,0,0 days 00:57:39
1998582,SecondHalf,Morocco,0,0,0,0,0,0,0,0,0,0 days 00:57:39
1998582,SecondHalf,France,0,0,0,0,0,0,1,0,0,0 days 00:57:40
1998582,SecondHalf,France,0,0,0,0,0,0,1,0,0,0 days 00:57:42
1998582,SecondHalf,Morocco,0,0,0,0,0,0,1,0,0,0 days 00:57:43
1998582,SecondHalf,Morocco,0,0,0,0,0,0,0,0,0,0 days 00:57:45
1998582,SecondHalf,France,0,0,0,0,0,0,0,0,0,0 days 00:57:45
1998582,SecondHalf,France,0,0,0,0,0,0,1,0,0,0 days 00:57:45
1998582,SecondHalf,Morocco,0,0,0,0,0,0,1,0,0,0 days 00:57:47
1998582,SecondHalf,Morocco,0,0,0,0,0,0,1,0,0,0 days 00:57:48
1998582,SecondHalf,Morocco,0,0,0,0,0,0,1,0,0,0 days 00:57:49
1998582,SecondHalf,France,0,0,0,0,1,0,0,0,0,0 days 00:57:52
1998582,SecondHalf,Morocco,0,0,0,0,1,0,0,0,0,0 days 00:57:52
1998582,SecondHalf,Morocco,0,0,0,0,0,0,1,0,0,0 days 00:58:03
1998582,SecondHalf,Morocco,0,0,0,0,0,0,1,0,0,0 days 00:58:04
1998582,SecondHalf,Morocco,0,0,0,0,0,0,1,0,0,0 days 00:58:08
1998582,SecondHalf,Morocco,0,0,0,0,0,0,1,0,0,0 days 00:58:10
1998582,SecondHalf,Morocco,0,0,0,0,0,0,1,0,0,0 days 00:58:14
1998582,SecondHalf,Morocco,0,0,0,0,0,0,1,0,0,0 days 00:58:15
1998582,SecondHalf,Morocco,0,0,0,0,0,0,1,0,0,0 days 00:58:21
1998582,SecondHalf,Morocco,0,0,0,0,0,0,1,0,0,0 days 00:58:23
1998582,SecondHalf,France,0,0,0,0,0,0,1,0,0,0 days 00:58:25
1998582,SecondHalf,France,0,1,0,0,0,0,0,0,0,0 days 00:58:29
1998582,SecondHalf,France,0,0,0,0,0,0,1,0,0,0 days 00:58:30
1998582,SecondHalf,France,0,0,0,0,0,0,1,0,0,0 days 00:58:34
1998582,SecondHalf,France,0,0,0,0,0,0,1,0,0,0 days 00:58:38
1998582,SecondHalf,France,0,0,0,0,0,0,1,0,0,0 days 00:58:40
1998582,SecondHalf,France,0,0,0,0,0,0,1,0,0,0 days 00:58:46
1998582,SecondHalf,France,0,0,0,0,0,0,1,0,0,0 days 00:58:49
1998582,SecondHalf,France,0,0,0,0,0,0,1,0,0,0 days 00:58:51
1998582,SecondHalf,France,0,0,0,0,0,0,1,0,0,0 days 00:58:57
1998582,SecondHalf,France,0,0,0,0,0,0,1,0,0,0 days 00:59:00
1998582,SecondHalf,France,0,0,0,0,0,0,0,0,0,0 days 00:59:02
1998582,SecondHalf,Morocco,0,0,0,0,0,0,1,0,0,0 days 00:59:03
1998582,SecondHalf,Morocco,0,0,0,0,0,0,1,0,0,0 days 00:59:04
1998582,SecondHalf,France,0,0,0,0,0,0,0,0,0,0 days 00:59:04
1998582,SecondHalf,Morocco,0,1,0,0,0,0,0,0,0,0 days 00:59:05
1998582,SecondHalf,Morocco,0,0,0,0,0,0,1,0,0,0 days 00:59:05
1998582,SecondHalf,France,0,0,0,0,0,1,0,0,0,0 days 00:59:06
1998582,SecondHalf,Morocco,0,0,0,0,0,0,0,0,0,0 days 00:59:07
1998582,SecondHalf,France,0,1,0,0,0,0,0,0,0,0 days 00:59:08
1998582,SecondHalf,France,0,0,0,0,0,0,1,0,0,0 days 00:59:09
1998582,SecondHalf,France,0,0,0,0,0,0,1,0,0,0 days 00:59:10
1998582,SecondHalf,Morocco,0,0,1,0,0,0,0,0,0,0 days 00:59:11
1998582,SecondHalf,France,0,0,0,0,0,0,1,0,0,0 days 00:59:14
1998582,SecondHalf,France,0,0,0,0,0,0,1,0,0,0 days 00:59:16
1998582,SecondHalf,France,1,0,0,0,0,0,0,0,0,0 days 00:59:18
1998582,SecondHalf,Morocco,0,0,0,0,0,0,0,0,0,0 days 01:01:14
1998582,SecondHalf,Morocco,0,0,0,0,0,0,0,0,0,0 days 01:01:14
1998582,SecondHalf,Morocco,0,0,0,0,0,0,0,0,0,0 days 01:01:20
1998582,SecondHalf,Morocco,0,0,0,0,0,0,0,0,0,0 days 01:01:20
1998582,SecondHalf,Morocco,0,0,0,0,0,0,1,0,0,0 days 01:01:29
1998582,SecondHalf,France,0,0,0,0,0,0,1,0,0,0 days 01:01:43
1998582,SecondHalf,Morocco,0,0,0,0,0,0,1,0,0,0 days 01:01:46
1998582,SecondHalf,Morocco,0,0,0,0,0,0,0,0,0,0 days 01:01:47
1998582,SecondHalf,France,0,0,0,0,0,0,0,0,0,0 days 01:01:47
1998582,SecondHalf,Morocco,0,0,0,0,0,0,1,0,0,0 days 01:01:47
1998582,SecondHalf,Morocco,0,1,0,0,0,0,0,0,0,0 days 01:01:48
1998582,SecondHalf,Morocco,0,0,0,0,0,0,1,0,0,0 days 01:01:48
1998582,SecondHalf,Morocco,0,0,0,0,0,0,0,0,1,0 days 01:01:49
1998582,SecondHalf,France,0,0,0,0,0,0,0,1,0,0 days 01:01:49
1998582,SecondHalf,France,0,0,1,0,0,0,0,0,0,0 days 01:01:52
1998582,SecondHalf,Morocco,0,0,0,0,0,0,1,0,0,0 days 01:01:57
1998582,SecondHalf,Morocco,0,0,0,0,0,0,1,0,0,0 days 01:01:59
1998582,SecondHalf,Morocco,0,0,0,0,0,0,1,0,0,0 days 01:02:00
1998582,SecondHalf,Morocco,0,0,0,0,0,0,1,0,0,0 days 01:02:04
1998582,SecondHalf,Morocco,0,0,0,0,0,0,1,0,0,0 days 01:02:07
1998582,SecondHalf,Morocco,0,0,0,0,0,0,1,0,0,0 days 01:02:08
1998582,SecondHalf,Morocco,0,0,0,0,0,0,1,0,0,0 days 01:02:10
1998582,SecondHalf,Morocco,0,0,0,0,0,0,1,0,0,0 days 01:02:13
1998582,SecondHalf,Morocco,0,0,0,0,0,0,1,0,0,0 days 01:02:16
1998582,SecondHalf,Morocco,0,0,0,0,0,0,1,0,0,0 days 01:02:18
1998582,SecondHalf,Morocco,0,0,0,0,0,0,1,0,0,0 days 01:02:22
1998582,SecondHalf,Morocco,0,0,0,0,0,0,1,0,0,0 days 01:02:24
1998582,SecondHalf,Morocco,0,0,0,0,0,0,1,0,0,0 days 01:02:25
1998582,SecondHalf,France,0,0,0,0,0,1,0,0,0,0 days 01:02:26
1998582,SecondHalf,France,0,1,0,0,0,0,0,0,0,0 days 01:02:29
1998582,SecondHalf,France,0,0,0,0,0,0,1,0,0,0 days 01:02:29
1998582,SecondHalf,France,0,0,0,0,0,0,0,0,1,0 days 01:02:30
1998582,SecondHalf,Morocco,0,0,0,0,1,0,0,0,0,0 days 01:02:32
1998582,SecondHalf,France,0,0,0,0,1,0,0,0,0,0 days 01:02:32
1998582,SecondHalf,Morocco,0,0,0,0,0,0,0,0,0,0 days 01:02:35
1998582,SecondHalf,France,0,0,0,0,0,0,1,0,0,0 days 01:03:12
1998582,SecondHalf,France,0,0,0,0,0,0,1,0,0,0 days 01:03:19
1998582,SecondHalf,France,0,0,0,0,0,0,1,0,0,0 days 01:03:21
1998582,SecondHalf,France,0,0,0,0,0,0,1,0,0,0 days 01:03:26
1998582,SecondHalf,France,0,0,0,0,0,0,1,0,0,0 days 01:03:27
1998582,SecondHalf,Morocco,0,0,0,0,0,0,0,0,0,0 days 01:03:29
1998582,SecondHalf,France,0,0,0,0,0,0,0,0,1,0 days 01:03:29
1998582,SecondHalf,France,0,0,0,0,0,0,1,0,0,0 days 01:03:32
1998582,SecondHalf,France,0,0,0,0,0,0,1,0,0,0 days 01:03:35
1998582,SecondHalf,France,0,0,0,0,0,0,1,0,0,0 days 01:03:38
1998582,SecondHalf,France,0,0,0,0,0,0,1,0,0,0 days 01:03:39
1998582,SecondHalf,Morocco,0,0,1,0,0,0,0,0,0,0 days 01:03:40
1998582,SecondHalf,France,0,0,0,0,0,0,1,0,0,0 days 01:03:55
1998582,SecondHalf,France,0,0,0,0,0,0,1,0,0,0 days 01:03:57
1998582,SecondHalf,France,0,0,0,0,0,0,1,0,0,0 days 01:03:59
1998582,SecondHalf,France,0,0,0,0,0,0,1,0,0,0 days 01:04:03
1998582,SecondHalf,France,0,0,0,0,0,0,1,0,0,0 days 01:04:05
1998582,SecondHalf,France,0,0,0,0,0,0,1,0,0,0 days 01:04:09
1998582,SecondHalf,France,0,0,0,0,0,0,1,0,0,0 days 01:04:11
1998582,SecondHalf,France,0,0,0,0,0,0,1,0,0,0 days 01:04:14
1998582,SecondHalf,France,0,0,0,0,0,0,1,0,0,0 days 01:04:16
1998582,SecondHalf,France,0,0,0,0,0,0,1,0,0,0 days 01:04:19
1998582,SecondHalf,France,0,0,0,0,0,0,1,0,0,0 days 01:04:21
1998582,SecondHalf,France,0,0,0,0,0,0,1,0,0,0 days 01:04:23
1998582,SecondHalf,France,0,0,0,0,0,0,1,0,0,0 days 01:04:25
1998582,SecondHalf,France,0,0,0,0,0,0,1,0,0,0 days 01:04:27
1998582,SecondHalf,France,0,0,0,0,0,0,0,0,1,0 days 01:04:34
1998582,SecondHalf,Morocco,0,0,0,0,0,0,0,1,0,0 days 01:04:34
1998582,SecondHalf,France,0,0,0,1,0,0,0,0,0,0 days 01:04:36
1998582,SecondHalf,Morocco,0,0,0,0,0,0,0,1,0,0 days 01:04:36
1998582,SecondHalf,France,0,0,0,0,0,0,1,0,0,0 days 01:04:38
1998582,SecondHalf,France,0,0,0,0,0,0,1,0,0,0 days 01:04:39
1998582,SecondHalf,France,0,0,0,0,0,0,1,0,0,0 days 01:04:44
1998582,SecondHalf,France,0,0,0,0,0,0,1,0,0,0 days 01:04:46
1998582,SecondHalf,Morocco,0,0,0,0,0,0,0,0,0,0 days 01:04:46
1998582,SecondHalf,Morocco,0,1,0,0,0,0,0,0,0,0 days 01:04:48
1998582,SecondHalf,Morocco,0,0,0,0,0,0,0,0,0,0 days 01:04:51
1998582,SecondHalf,France,0,0,0,0,0,0,1,0,0,0 days 01:05:12
1998582,SecondHalf,France,0,0,0,0,0,0,1,0,0,0 days 01:05:15
1998582,SecondHalf,France,0,0,0,0,0,0,1,0,0,0 days 01:05:16
1998582,SecondHalf,France,1,0,0,0,0,0,0,0,0,0 days 01:05:21
1998582,SecondHalf,Morocco,0,0,0,0,0,0,1,0,0,0 days 01:06:30
1998582,SecondHalf,Morocco,0,0,0,0,0,0,1,0,0,0 days 01:06:32
1998582,SecondHalf,Morocco,0,0,0,0,0,0,1,0,0,0 days 01:06:33
1998582,SecondHalf,Morocco,0,0,0,0,0,0,1,0,0,0 days 01:06:35
1998582,SecondHalf,Morocco,0,0,0,0,0,0,1,0,0,0 days 01:06:39
1998582,SecondHalf,Morocco,0,0,0,0,0,0,1,0,0,0 days 01:06:41
1998582,SecondHalf,Morocco,0,0,0,0,0,0,1,0,0,0 days 01:06:43
1998582,SecondHalf,Morocco,0,0,0,0,0,0,1,0,0,0 days 01:06:48
1998901,SecondHalf,Norway,0,0,0,0,0,0,1,0,0,0 days 00:58:04
1998901,SecondHalf,England,0,0,0,0,0,0,0,0,0,0 days 00:58:06
1998901,SecondHalf,England,0,1,0,0,0,0,0,0,0,0 days 00:58:09
1998901,SecondHalf,England,0,0,0,0,0,0,0,0,1,0 days 00:58:11
1998901,SecondHalf,Norway,0,0,0,0,0,0,0,1,0,0 days 00:58:11
1998901,SecondHalf,England,0,0,0,0,0,0,0,0,0,0 days 00:58:12
1998901,SecondHalf,Norway,0,0,0,0,0,0,0,0,0,0 days 00:59:41
1998901,SecondHalf,Norway,0,0,0,0,0,0,0,0,0,0 days 00:59:41
1998901,SecondHalf,Norway,0,0,0,0,0,0,1,0,0,0 days 01:00:01
1998901,SecondHalf,Norway,0,0,0,0,0,0,1,0,0,0 days 01:00:03
1998901,SecondHalf,Norway,0,0,0,0,0,0,1,0,0,0 days 01:00:04
1998901,SecondHalf,England,0,0,1,0,0,0,0,0,0,0 days 01:00:07
1998901,SecondHalf,England,0,0,0,0,0,0,1,0,0,0 days 01:00:09
1998901,SecondHalf,England,0,0,0,0,0,0,0,0,0,0 days 01:00:11
1998901,SecondHalf,Norway,0,0,0,0,0,0,1,0,0,0 days 01:00:13
1998901,SecondHalf,Norway,0,0,0,0,0,0,1,0,0,0 days 01:00:17
1998901,SecondHalf,England,0,0,0,0,0,1,0,0,0,0 days 01:00:19
1998901,SecondHalf,England,0,0,0,0,0,0,1,0,0,0 days 01:00:20
1998901,SecondHalf,England,0,0,0,0,0,0,1,0,0,0 days 01:00:22
1998901,SecondHalf,England,0,1,0,0,0,0,0,0,0,0 days 01:00:23
1998901,SecondHalf,England,0,0,0,0,0,0,1,0,0,0 days 01:00:23
1998901,SecondHalf,England,0,0,0,0,0,0,1,0,0,0 days 01:00:28
1998901,SecondHalf,England,0,0,0,0,0,0,1,0,0,0 days 01:00:29
1998901,SecondHalf,England,0,0,0,0,0,0,1,0,0,0 days 01:00:32
1998901,SecondHalf,Norway,0,0,0,0,0,0,0,0,0,0 days 01:00:32
1998901,SecondHalf,Norway,0,1,0,0,0,0,0,0,0,0 days 01:00:35
1998901,SecondHalf,Norway,0,0,0,0,0,0,1,0,0,0 days 01:00:35
1998901,SecondHalf,Norway,0,0,0,0,0,0,1,0,0,0 days 01:00:38
1998901,SecondHalf,Norway,0,0,0,0,0,0,1,0,0,0 days 01:00:44
1998901,SecondHalf,England,0,0,1,0,0,0,0,0,0,0 days 01:00:47
1998901,SecondHalf,Norway,0,0,0,0,0,0,1,0,0,0 days 01:00:52
1998901,SecondHalf,Norway,0,0,0,0,0,0,1,0,0,0 days 01:00:54
1998901,SecondHalf,Norway,0,0,0,0,0,0,1,0,0,0 days 01:00:56
1998901,SecondHalf,Norway,0,0,0,0,0,0,1,0,0,0 days 01:00:56
1998901,SecondHalf,Norway,0,0,0,0,0,0,1,0,0,0 days 01:00:58
1998901,SecondHalf,Norway,0,0,0,0,0,0,1,0,0,0 days 01:01:00
1998901,SecondHalf,Norway,0,0,0,0,0,0,1,0,0,0 days 01:01:04
1998901,SecondHalf,Norway,0,0,0,0,0,0,1,0,0,0 days 01:01:05
1998901,SecondHalf,Norway,0,0,0,0,0,0,1,0,0,0 days 01:01:07
1998901,SecondHalf,Norway,0,0,0,0,0,0,1,0,0,0 days 01:01:12
1998901,SecondHalf,Norway,0,0,0,0,0,0,1,0,0,0 days 01:01:16
1998901,SecondHalf,Norway,0,0,0,0,0,0,1,0,0,0 days 01:01:20
1998901,SecondHalf,Norway,0,0,0,0,0,0,1,0,0,0 days 01:01:23
1998901,SecondHalf,Norway,0,0,0,0,0,0,1,0,0,0 days 01:01:26
1998901,SecondHalf,Norway,0,0,0,0,0,0,1,0,0,0 days 01:01:29
1998901,SecondHalf,Norway,0,0,0,0,0,0,1,0,0,0 days 01:01:36
1998901,SecondHalf,Norway,0,0,0,0,0,0,1,0,0,0 days 01:01:38
1998901,SecondHalf,Norway,0,0,0,0,0,0,1,0,0,0 days 01:01:42
1998901,SecondHalf,Norway,0,0,0,0,0,0,1,0,0,0 days 01:01:53
1998901,SecondHalf,Norway,0,0,0,0,0,0,1,0,0,0 days 01:01:57
1998901,SecondHalf,Norway,0,0,0,0,0,0,1,0,0,0 days 01:02:07
1998901,SecondHalf,Norway,0,0,0,0,0,0,1,0,0,0 days 01:02:09
1998901,SecondHalf,Norway,0,0,0,0,0,0,1,0,0,0 days 01:02:12
1998901,SecondHalf,Norway,0,0,0,0,0,0,1,0,0,0 days 01:02:15
1998901,SecondHalf,Norway,0,0,0,0,0,0,1,0,0,0 days 01:02:20
1998901,SecondHalf,Norway,0,0,0,0,0,0,1,0,0,0 days 01:02:25
1998901,SecondHalf,Norway,0,0,0,0,0,0,1,0,0,0 days 01:02:32
1998901,SecondHalf,Norway,0,0,0,0,0,0,1,0,0,0 days 01:02:39
1998901,SecondHalf,Norway,0,0,0,0,0,0,1,0,0,0 days 01:02:42
1998901,SecondHalf,Norway,0,0,0,0,0,0,1,0,0,0 days 01:02:44
1998901,SecondHalf,Norway,0,0,0,0,0,0,1,0,0,0 days 01:02:45
1998901,SecondHalf,Norway,0,0,0,0,0,0,1,0,0,0 days 01:02:47
1998901,SecondHalf,Norway,0,0,0,0,0,0,1,0,0,0 days 01:02:49
1998901,SecondHalf,Norway,0,0,0,0,0,0,1,0,0,0 days 01:02:52
1998901,SecondHalf,Norway,0,0,0,0,0,0,1,0,0,0 days 01:03:04
1998901,SecondHalf,England,0,0,0,0,0,0,1,0,0,0 days 01:03:29
1998901,SecondHalf,England,0,0,0,0,0,0,1,0,0,0 days 01:03:39
1998901,SecondHalf,Norway,0,0,0,0,0,0,0,0,0,0 days 01:03:42
1998901,SecondHalf,England,0,0,0,0,0,0,0,0,0,0 days 01:03:42
1998901,SecondHalf,Norway,0,0,0,0,0,0,1,0,0,0 days 01:03:43
1998901,SecondHalf,England,0,0,0,0,0,0,1,0,0,0 days 01:03:48
1998901,SecondHalf,England,0,0,0,0,0,0,1,0,0,0 days 01:03:53
1998901,SecondHalf,England,0,0,0,0,0,0,1,0,0,0 days 01:04:01
1998901,SecondHalf,England,0,0,0,0,1,0,0,0,0,0 days 01:04:04
1998901,SecondHalf,Norway,0,0,0,0,1,0,0,0,0,0 days 01:04:04
1998901,SecondHalf,England,0,0,0,0,0,0,1,0,0,0 days 01:04:23
1998901,SecondHalf,England,0,0,0,0,0,0,1,0,0,0 days 01:04:25
1998901,SecondHalf,England,0,0,0,0,0,0,1,0,0,0 days 01:04:26
1998901,SecondHalf,England,0,0,0,0,0,0,1,0,0,0 days 01:04:29
1998901,SecondHalf,England,0,0,0,0,0,0,1,0,0,0 days 01:04:32
1998901,SecondHalf,England,0,0,0,0,0,0,1,0,0,0 days 01:04:34
1998901,SecondHalf,Norway,0,0,0,0,0,0,1,0,0,0 days 01:04:58
1998901,SecondHalf,Norway,0,0,0,0,0,0,1,0,0,0 days 01:05:02
1998901,SecondHalf,Norway,0,0,0,0,0,0,1,0,0,0 days 01:05:06
1998901,SecondHalf,England,0,0,0,0,0,1,0,0,0,0 days 01:05:09
1998901,SecondHalf,Norway,0,0,0,0,0,0,1,0,0,0 days 01:05:30
1998901,SecondHalf,England,0,0,0,0,0,0,0,0,0,0 days 01:05:33
1998901,SecondHalf,Norway,0,0,0,0,0,0,0,0,0,0 days 01:05:33
1998901,SecondHalf,Norway,0,0,0,0,0,0,0,0,0,0 days 01:05:34
1998901,SecondHalf,England,0,1,0,0,0,0,0,0,0,0 days 01:05:35
1998901,SecondHalf,England,0,0,0,1,0,0,0,0,0,0 days 01:05:35
1998901,SecondHalf,Norway,0,0,0,0,0,0,0,1,0,0 days 01:05:35
1998901,SecondHalf,England,0,0,0,0,0,0,0,0,0,0 days 01:05:36
1998901,SecondHalf,England,0,0,0,0,0,0,0,0,0,0 days 01:05:38
1998901,SecondHalf,Norway,0,1,0,0,0,0,0,0,0,0 days 01:05:38
1998901,SecondHalf,Norway,0,0,0,0,0,0,1,0,0,0 days 01:05:38
1998901,SecondHalf,England,0,0,0,0,0,0,0,0,0,0 days 01:05:40
1998901,SecondHalf,England,0,1,0,0,0,0,0,0,0,0 days 01:05:41
1998901,SecondHalf,England,0,0,0,0,0,0,1,0,0,0 days 01:05:41
1998901,SecondHalf,Norway,0,0,0,0,0,0,0,0,0,0 days 01:05:50
1998901,SecondHalf,England,0,0,0,0,0,0,0,0,1,0 days 01:05:50
1998901,SecondHalf,England,0,0,0,0,0,0,1,0,0,0 days 01:05:52
1998901,SecondHalf,England,0,0,0,1,0,0,0,0,0,0 days 01:05:54
1998901,SecondHalf,Norway,0,0,0,0,0,0,0,1,0,0 days 01:05:54
1998901,SecondHalf,Norway,0,1,0,0,0,0,0,0,0,0 days 01:05:58
1998901,SecondHalf,Norway,0,0,0,0,0,0,1,0,0,0 days 01:05:59
1998901,SecondHalf,England,0,0,0,0,0,0,0,0,0,0 days 01:06:02
1998901,SecondHalf,England,0,0,0,0,0,0,1,0,0,0 days 01:06:03
1998901,SecondHalf,England,0,1,0,0,0,0,0,0,0,0 days 01:06:07
1998901,SecondHalf,England,0,0,0,0,0,0,1,0,0,0 days 01:06:07
1998901,SecondHalf,England,0,0,0,0,0,0,1,0,0,0 days 01:06:17
1998901,SecondHalf,England,0,0,0,0,0,0,1,0,0,0 days 01:06:23
1998901,SecondHalf,England,0,0,0,0,0,0,1,0,0,0 days 01:06:26
1998901,SecondHalf,England,0,0,0,0,0,0,1,0,0,0 days 01:06:31
1998901,SecondHalf,England,0,0,0,0,0,0,1,0,0,0 days 01:06:36
1998901,SecondHalf,England,0,0,0,0,0,0,1,0,0,0 days 01:06:39
1998901,SecondHalf,England,0,0,0,0,0,0,0,0,1,0 days 01:06:40
1998901,SecondHalf,Norway,0,0,0,0,0,0,0,1,0,0 days 01:06:40
1998901,SecondHalf,England,0,0,0,0,0,0,0,0,0,0 days 01:06:41
1998994,SecondHalf,Spain,0,0,0,0,0,0,1,0,0,0 days 00:57:02
1998994,SecondHalf,Spain,0,0,0,0,0,0,1,0,0,0 days 00:57:05
1998994,SecondHalf,Spain,0,0,0,0,0,0,1,0,0,0 days 00:57:10
1998994,SecondHalf,Spain,0,0,0,0,0,0,1,0,0,0 days 00:57:13
1998994,SecondHalf,Belgium,0,0,0,0,0,0,0,0,0,0 days 00:57:16
1998994,SecondHalf,Belgium,0,0,1,0,0,0,0,0,0,0 days 00:57:17
1998994,SecondHalf,Spain,0,0,0,0,0,0,1,0,0,0 days 00:57:24
1998994,SecondHalf,Spain,0,0,0,0,0,0,1,0,0,0 days 00:57:30
1998994,SecondHalf,Spain,0,0,0,0,0,0,1,0,0,0 days 00:57:33
1998994,SecondHalf,Spain,0,0,0,0,0,0,1,0,0,0 days 00:57:36
1998994,SecondHalf,Spain,0,0,0,0,0,0,1,0,0,0 days 00:57:38
1998994,SecondHalf,Spain,0,0,0,0,0,0,1,0,0,0 days 00:57:40
1998994,SecondHalf,Spain,0,0,0,0,0,0,1,0,0,0 days 00:57:43
1998994,SecondHalf,Spain,0,0,0,0,0,0,1,0,0,0 days 00:57:45
1998994,SecondHalf,Spain,0,0,0,0,0,0,1,0,0,0 days 00:57:50
1998994,SecondHalf,Spain,0,0,0,0,0,0,1,0,0,0 days 00:57:52
1998994,SecondHalf,Spain,0,0,0,0,0,0,1,0,0,0 days 00:57:57
1998994,SecondHalf,Spain,0,0,0,0,0,0,1,0,0,0 days 00:57:59
1998994,SecondHalf,Belgium,0,0,0,0,0,1,0,0,0,0 days 00:58:00
1998994,SecondHalf,Belgium,0,1,0,0,0,0,0,0,0,0 days 00:58:01
1998994,SecondHalf,Spain,0,0,0,0,1,0,0,0,0,0 days 00:58:04
1998994,SecondHalf,Belgium,0,0,0,0,1,0,0,0,0,0 days 00:58:04
1998994,SecondHalf,Belgium,0,0,0,0,0,0,1,0,0,0 days 00:58:36
1998994,SecondHalf,Belgium,0,0,0,0,0,0,1,0,0,0 days 00:58:38
1998994,SecondHalf,Belgium,0,0,0,0,0,0,1,0,0,0 days 00:58:39
1998994,SecondHalf,Belgium,0,0,0,0,0,0,1,0,0,0 days 00:58:41
1998994,SecondHalf,Belgium,0,0,0,0,0,0,1,0,0,0 days 00:58:44
1998994,SecondHalf,Belgium,0,0,0,0,0,0,1,0,0,0 days 00:58:46
1998994,SecondHalf,Belgium,0,0,0,0,0,0,1,0,0,0 days 00:58:47
1998994,SecondHalf,Belgium,0,0,0,0,0,0,1,0,0,0 days 00:58:49
1998994,SecondHalf,Spain,0,0,0,0,0,0,0,0,0,0 days 00:58:50
1998994,SecondHalf,Spain,0,0,0,0,0,0,1,0,0,0 days 00:58:51
1998994,SecondHalf,Spain,0,0,0,0,0,0,1,0,0,0 days 00:58:53
1998994,SecondHalf,Belgium,0,0,0,0,0,0,1,0,0,0 days 00:58:56
1998994,SecondHalf,Belgium,0,0,0,0,0,0,0,0,0,0 days 00:58:59
1998994,SecondHalf,Spain,0,0,0,0,0,0,0,0,1,0 days 00:58:59
1998994,SecondHalf,Spain,0,1,0,0,0,0,0,0,0,0 days 00:59:01
1998994,SecondHalf,Spain,0,0,0,0,0,0,1,0,0,0 days 00:59:11
1998994,SecondHalf,Spain,0,0,0,0,0,0,1,0,0,0 days 00:59:17
1998994,SecondHalf,Spain,0,0,0,0,0,0,1,0,0,0 days 00:59:18
1998994,SecondHalf,Spain,0,0,0,0,0,0,1,0,0,0 days 00:59:20
1998994,SecondHalf,Belgium,0,0,1,0,0,0,0,0,0,0 days 00:59:21
1998994,SecondHalf,Belgium,0,0,0,0,0,0,0,0,0,0 days 00:59:54
1998994,SecondHalf,Belgium,0,0,0,0,0,0,0,0,0,0 days 00:59:54
1998994,SecondHalf,Belgium,0,0,0,0,0,0,0,0,0,0 days 00:59:55
1998994,SecondHalf,Belgium,0,0,0,0,0,0,0,0,0,0 days 00:59:55
1998994,SecondHalf,Belgium,0,0,0,0,0,0,0,0,0,0 days 01:00:07
1998994,SecondHalf,Belgium,0,0,0,0,0,0,0,0,0,0 days 01:00:07
1998994,SecondHalf,Belgium,0,0,0,0,0,0,0,0,0,0 days 01:00:08
1998994,SecondHalf,Spain,0,0,0,0,0,0,1,0,0,0 days 01:00:16
1998994,SecondHalf,Spain,0,0,0,0,0,0,1,0,0,0 days 01:00:19
1998994,SecondHalf,Spain,0,0,0,0,0,0,1,0,0,0 days 01:00:23
1998994,SecondHalf,Spain,0,0,0,0,0,0,1,0,0,0 days 01:00:27
1998994,SecondHalf,Spain,0,0,0,0,0,0,1,0,0,0 days 01:00:31
1998994,SecondHalf,Spain,1,0,0,0,0,0,0,0,0,0 days 01:00:34
1998994,SecondHalf,Belgium,0,0,0,0,0,0,0,0,0,0 days 01:00:34
1998994,SecondHalf,Spain,0,0,0,0,0,0,1,0,0,0 days 01:00:42
1998994,SecondHalf,Spain,0,0,0,0,0,0,1,0,0,0 days 01:00:44
1998994,SecondHalf,Spain,0,0,0,0,0,0,1,0,0,0 days 01:00:45
1998994,SecondHalf,Spain,0,0,0,0,0,0,1,0,0,0 days 01:00:51
1998994,SecondHalf,Spain,0,0,0,0,0,0,1,0,0,0 days 01:00:54
1998994,SecondHalf,Spain,0,0,0,0,0,0,0,0,1,0 days 01:00:55
1998994,SecondHalf,Belgium,0,0,0,0,0,0,0,1,0,0 days 01:00:55
1998994,SecondHalf,Spain,0,0,0,0,0,0,0,0,0,0 days 01:00:56
1998994,SecondHalf,Belgium,0,0,0,0,0,0,1,0,0,0 days 01:00:58
1998994,SecondHalf,Belgium,0,1,0,0,0,0,0,0,0,0 days 01:01:00
1998994,SecondHalf,Belgium,0,0,0,0,0,0,0,0,1,0 days 01:01:04
1998994,SecondHalf,Belgium,0,0,0,0,0,0,1,0,0,0 days 01:01:05
1998994,SecondHalf,Belgium,0,0,0,0,0,0,1,0,0,0 days 01:01:10
1998994,SecondHalf,Spain,0,0,0,0,0,1,0,0,0,0 days 01:01:11
1998994,SecondHalf,Spain,0,0,0,0,0,0,0,0,0,0 days 01:01:13
1998994,SecondHalf,Spain,0,0,1,0,0,0,0,0,0,0 days 01:01:14
1998994,SecondHalf,Belgium,1,0,0,0,0,0,0,0,0,0 days 01:01:16
1998994,SecondHalf,Spain,0,0,0,0,0,0,0,0,0,0 days 01:01:16
1998994,SecondHalf,Spain,0,0,0,0,0,0,0,0,0,0 days 01:01:17
1998994,SecondHalf,Spain,0,0,0,0,0,0,1,0,0,0 days 01:01:22
1998994,SecondHalf,Spain,0,0,0,0,0,0,1,0,0,0 days 01:01:29
1998994,SecondHalf,Spain,0,0,0,0,0,0,1,0,0,0 days 01:01:31
1998994,SecondHalf,Spain,0,0,0,0,0,0,1,0,0,0 days 01:01:34
1998994,SecondHalf,Spain,0,0,0,0,0,0,1,0,0,0 days 01:01:36
1998994,SecondHalf,Spain,0,0,0,0,0,0,1,0,0,0 days 01:01:38
1998994,SecondHalf,Spain,0,0,0,0,0,0,1,0,0,0 days 01:01:41
1998994,SecondHalf,Spain,0,0,0,0,0,0,1,0,0,0 days 01:01:45
1998994,SecondHalf,Spain,0,0,0,0,0,0,1,0,0,0 days 01:01:50
1998994,SecondHalf,Belgium,0,0,0,0,0,0,0,0,0,0 days 01:01:51
1998994,SecondHalf,Spain,1,0,0,0,0,0,0,0,0,0 days 01:01:52
1998994,SecondHalf,Belgium,0,0,0,0,0,0,0,0,0,0 days 01:01:53
1998994,SecondHalf,Belgium,0,0,1,0,0,0,0,0,0,0 days 01:01:54
1998994,SecondHalf,Spain,0,0,0,0,0,0,0,0,0,0 days 01:01:56
1998994,SecondHalf,Belgium,0,0,0,0,0,0,0,0,0,0 days 01:01:56
1998994,SecondHalf,Spain,0,0,0,0,0,0,1,0,0,0 days 01:02:16
1998994,SecondHalf,Spain,0,0,0,0,0,0,1,0,0,0 days 01:02:18
1998994,SecondHalf,Spain,0,0,0,0,0,0,1,0,0,0 days 01:02:20
1998994,SecondHalf,Spain,0,0,0,0,0,0,1,0,0,0 days 01:02:22
1998994,SecondHalf,Spain,0,0,0,0,0,0,1,0,0,0 days 01:02:24
1998994,SecondHalf,Spain,0,0,0,0,0,0,1,0,0,0 days 01:02:28
1998994,SecondHalf,Spain,0,0,0,0,0,0,1,0,0,0 days 01:02:35
1998994,SecondHalf,Spain,0,0,0,0,0,0,0,0,0,0 days 01:02:36
1998994,SecondHalf,Belgium,0,0,1,0,0,0,0,0,0,0 days 01:02:36
1998994,SecondHalf,Spain,0,0,0,0,0,0,1,0,0,0 days 01:02:39
1998994,SecondHalf,Spain,0,0,0,0,0,0,1,0,0,0 days 01:02:44
1998994,SecondHalf,Spain,0,0,0,0,0,0,1,0,0,0 days 01:02:48
1998994,SecondHalf,Spain,0,0,0,0,0,0,1,0,0,0 days 01:02:50
1998994,SecondHalf,Spain,0,0,0,0,0,0,1,0,0,0 days 01:02:55
1998994,SecondHalf,Spain,0,0,0,0,0,0,1,0,0,0 days 01:02:56
1998994,SecondHalf,Spain,0,0,0,0,0,0,0,0,1,0 days 01:02:58
1998994,SecondHalf,Belgium,0,0,0,0,0,0,0,1,0,0 days 01:02:58
1998994,SecondHalf,Belgium,0,1,0,0,0,0,0,0,0,0 days 01:02:59
1998994,SecondHalf,Belgium,0,0,0,0,0,0,1,0,0,0 days 01:03:00
1998994,SecondHalf,Spain,0,0,0,0,0,0,0,0,0,0 days 01:03:01
1998994,SecondHalf,Spain,0,0,0,0,0,0,1,0,0,0 days 01:03:03
1998994,SecondHalf,Spain,0,1,0,0,0,0,0,0,0,0 days 01:03:03
1998994,SecondHalf,Belgium,0,0,0,0,1,0,0,0,0,0 days 01:03:04
1998994,SecondHalf,Spain,0,0,0,0,1,0,0,0,0,0 days 01:03:04
1998994,SecondHalf,Spain,0,0,0,0,0,0,0,0,1,0 days 01:03:04
1998994,SecondHalf,Spain,0,0,0,0,0,0,1,0,0,0 days 01:03:18
1998994,SecondHalf,Spain,0,0,0,0,0,0,1,0,0,0 days 01:03:19
1998994,SecondHalf,Spain,0,0,0,0,0,0,1,0,0,0 days 01:03:20
1998994,SecondHalf,Spain,0,0,0,0,0,0,1,0,0,0 days 01:03:23
1998994,SecondHalf,Spain,0,0,0,0,0,0,1,0,0,0 days 01:03:27
1998994,SecondHalf,Spain,0,0,0,0,0,0,1,0,0,0 days 01:03:31
1998994,SecondHalf,Spain,0,0,0,0,0,0,1,0,0,0 days 01:03:32
1998994,SecondHalf,Spain,0,0,0,0,0,0,1,0,0,0 days 01:03:37
1998994,SecondHalf,Spain,0,0,0,0,0,0,1,0,0,0 days 01:03:39
1998994,SecondHalf,Spain,0,0,0,0,0,0,0,0,0,0 days 01:03:42
1998994,SecondHalf,Belgium,0,0,0,0,0,0,0,0,0,0 days 01:03:44
1998994,SecondHalf,Belgium,0,0,0,0,0,0,1,0,0,0 days 01:04:05
1998994,SecondHalf,Spain,0,0,0,0,0,0,0,0,0,0 days 01:04:10
1998994,SecondHalf,Belgium,0,0,0,0,0,0,0,0,0,0 days 01:04:10
1998994,SecondHalf,Belgium,0,0,0,0,0,0,1,0,0,0 days 01:04:10
1998994,SecondHalf,Spain,0,1,0,0,0,0,0,0,0,0 days 01:04:14
1998994,SecondHalf,Spain,0,0,0,0,0,0,1,0,0,0 days 01:04:14
1998994,SecondHalf,Spain,0,0,0,0,0,0,1,0,0,0 days 01:04:18
1998994,SecondHalf,Spain,0,0,0,0,0,0,1,0,0,0 days 01:04:20
1998994,SecondHalf,Spain,0,0,0,0,0,0,1,0,0,0 days 01:04:27
1998994,SecondHalf,Spain,0,0,0,0,0,0,1,0,0,0 days 01:04:31
1998994,SecondHalf,Spain,0,0,0,0,0,0,1,0,0,0 days 01:04:35
1998994,SecondHalf,Spain,0,0,0,0,0,0,1,0,0,0 days 01:04:41
1998994,SecondHalf,Spain,0,0,0,0,0,0,1,0,0,0 days 01:04:44
1998994,SecondHalf,Spain,0,0,0,0,0,0,1,0,0,0 days 01:04:47
1998994,SecondHalf,Spain,0,0,0,0,0,0,1,0,0,0 days 01:04:50
1998994,SecondHalf,Spain,0,0,0,0,0,0,1,0,0,0 days 01:04:51
1998994,SecondHalf,Spain,0,0,0,1,0,0,0,0,0,0 days 01:04:54
1998994,SecondHalf,Belgium,0,0,0,0,0,0,0,1,0,0 days 01:04:54
1998994,SecondHalf,Spain,0,0,0,0,0,0,1,0,0,0 days 01:04:56
1998994,SecondHalf,Belgium,0,0,0,0,0,0,0,1,0,0 days 01:04:57
1998994,SecondHalf,Spain,0,0,0,0,0,0,0,0,1,0 days 01:04:57
1998994,SecondHalf,Belgium,0,1,0,0,0,0,0,0,0,0 days 01:04:59
1998994,SecondHalf,Belgium,0,0,0,0,0,0,1,0,0,0 days 01:04:59
1998994,SecondHalf,Belgium,0,0,0,0,0,0,0,0,1,0 days 01:05:01
1998994,SecondHalf,Spain,0,0,0,0,1,0,0,0,0,0 days 01:05:03
1998994,SecondHalf,Belgium,0,0,0,0,1,0,0,0,0,0 days 01:05:03
1999238,SecondHalf,Argentina,0,0,0,0,0,0,1,0,0,0 days 00:57:10
1999238,SecondHalf,Switzerland,0,0,0,0,0,0,1,0,0,0 days 00:57:15
1999238,SecondHalf,Switzerland,0,0,0,0,0,0,0,0,0,0 days 00:57:16
1999238,SecondHalf,Argentina,0,0,0,0,0,0,1,0,0,0 days 00:57:17
1999238,SecondHalf,Argentina,0,0,0,0,0,0,1,0,0,0 days 00:57:20
1999238,SecondHalf,Argentina,0,0,0,0,0,0,1,0,0,0 days 00:57:22
1999238,SecondHalf,Argentina,0,0,0,0,0,0,1,0,0,0 days 00:57:29
1999238,SecondHalf,Switzerland,0,0,0,0,0,0,1,0,0,0 days 00:57:33
1999238,SecondHalf,Switzerland,0,1,0,0,0,0,0,0,0,0 days 00:57:35
1999238,SecondHalf,Switzerland,0,0,0,0,0,0,1,0,0,0 days 00:57:36
1999238,SecondHalf,Switzerland,0,0,0,0,0,0,1,0,0,0 days 00:57:41
1999238,SecondHalf,Switzerland,0,0,0,0,0,0,1,0,0,0 days 00:57:46
1999238,SecondHalf,Switzerland,0,0,0,0,0,0,0,0,0,0 days 00:57:48
1999238,SecondHalf,Argentina,0,0,0,0,0,0,1,0,0,0 days 00:58:12
1999238,SecondHalf,Argentina,0,0,0,0,0,0,1,0,0,0 days 00:58:15
1999238,SecondHalf,Argentina,0,0,0,0,0,0,1,0,0,0 days 00:58:19
1999238,SecondHalf,Switzerland,0,0,0,0,0,0,0,0,0,0 days 00:58:21
1999238,SecondHalf,Switzerland,0,0,0,0,0,0,0,0,0,0 days 00:58:23
1999238,SecondHalf,Argentina,0,0,0,0,0,0,0,0,1,0 days 00:58:23
1999238,SecondHalf,Argentina,0,0,0,0,1,0,0,0,0,0 days 00:58:27
1999238,SecondHalf,Switzerland,0,0,0,0,1,0,0,0,0,0 days 00:58:27
1999238,SecondHalf,Argentina,0,0,0,0,0,0,1,0,0,0 days 00:58:50
1999238,SecondHalf,Argentina,0,0,0,0,0,0,1,0,0,0 days 00:58:55
1999238,SecondHalf,Argentina,0,0,0,0,0,0,1,0,0,0 days 00:58:57
1999238,SecondHalf,Argentina,0,0,0,0,0,0,1,0,0,0 days 00:58:59
1999238,SecondHalf,Argentina,0,0,0,0,0,0,1,0,0,0 days 00:59:04
1999238,SecondHalf,Argentina,0,0,0,0,0,0,1,0,0,0 days 00:59:06
1999238,SecondHalf,Switzerland,0,0,0,0,0,0,0,0,0,0 days 00:59:08
1999238,SecondHalf,Argentina,0,0,0,0,0,0,0,0,1,0 days 00:59:08
1999238,SecondHalf,Argentina,0,0,0,0,0,0,1,0,0,0 days 00:59:12
1999238,SecondHalf,Switzerland,0,0,0,0,0,0,1,0,0,0 days 00:59:19
1999238,SecondHalf,Switzerland,0,0,0,0,0,0,1,0,0,0 days 00:59:22
1999238,SecondHalf,Switzerland,0,0,0,0,0,0,1,0,0,0 days 00:59:26
1999238,SecondHalf,Switzerland,0,0,0,0,0,0,1,0,0,0 days 00:59:31
1999238,SecondHalf,Switzerland,0,0,0,0,0,0,1,0,0,0 days 00:59:33
1999238,SecondHalf,Switzerland,0,0,0,0,0,0,1,0,0,0 days 00:59:35
1999238,SecondHalf,Switzerland,0,0,0,0,0,0,1,0,0,0 days 00:59:38
1999238,SecondHalf,Switzerland,0,0,0,0,0,0,1,0,0,0 days 00:59:44
1999238,SecondHalf,Switzerland,0,0,0,0,0,0,1,0,0,0 days 00:59:46
1999238,SecondHalf,Argentina,0,0,0,0,0,0,0,0,0,0 days 00:59:49
1999238,SecondHalf,Switzerland,0,0,0,0,0,0,0,0,0,0 days 00:59:49
1999238,SecondHalf,Switzerland,1,0,0,0,0,0,0,0,0,0 days 00:59:50
1999238,SecondHalf,Argentina,0,0,0,0,0,0,0,0,0,0 days 00:59:50
1999238,SecondHalf,Argentina,0,0,0,0,0,0,0,0,0,0 days 00:59:52
1999238,SecondHalf,Argentina,0,0,0,0,0,0,1,0,0,0 days 01:00:05
1999238,SecondHalf,Argentina,0,0,0,0,0,0,1,0,0,0 days 01:00:14
1999238,SecondHalf,Argentina,0,0,0,0,0,0,1,0,0,0 days 01:00:15
1999238,SecondHalf,Argentina,0,0,0,0,0,0,1,0,0,0 days 01:00:16
1999238,SecondHalf,Argentina,0,0,0,0,0,0,1,0,0,0 days 01:00:21
1999238,SecondHalf,Argentina,0,0,0,0,0,0,1,0,0,0 days 01:00:22
1999238,SecondHalf,Argentina,0,0,0,0,0,0,1,0,0,0 days 01:00:22
1999238,SecondHalf,Argentina,0,0,0,0,0,0,1,0,0,0 days 01:00:23
1999238,SecondHalf,Argentina,0,0,0,0,0,0,1,0,0,0 days 01:00:24
1999238,SecondHalf,Argentina,0,0,0,0,0,0,1,0,0,0 days 01:00:25
1999238,SecondHalf,Argentina,0,0,0,0,0,0,1,0,0,0 days 01:00:25
1999238,SecondHalf,Argentina,0,0,0,0,0,0,1,0,0,0 days 01:00:27
1999238,SecondHalf,Argentina,0,0,0,0,0,0,1,0,0,0 days 01:00:27
1999238,SecondHalf,Argentina,0,0,0,0,0,0,1,0,0,0 days 01:00:30
1999238,SecondHalf,Argentina,0,0,0,0,0,0,1,0,0,0 days 01:00:33
1999238,SecondHalf,Argentina,0,0,0,0,0,0,1,0,0,0 days 01:00:34
1999238,SecondHalf,Argentina,0,0,0,0,0,0,1,0,0,0 days 01:00:36
1999238,SecondHalf,Argentina,0,0,0,0,0,0,1,0,0,0 days 01:00:38
1999238,SecondHalf,Argentina,0,0,0,0,0,0,1,0,0,0 days 01:00:42
1999238,SecondHalf,Argentina,0,0,0,0,0,0,1,0,0,0 days 01:00:44
1999238,SecondHalf,Argentina,0,0,0,0,0,0,1,0,0,0 days 01:00:45
1999238,SecondHalf,Argentina,0,0,0,0,0,0,1,0,0,0 days 01:00:48
1999238,SecondHalf,Argentina,0,0,0,0,0,0,1,0,0,0 days 01:00:53
1999238,SecondHalf,Argentina,0,0,0,0,0,0,1,0,0,0 days 01:00:55
1999238,SecondHalf,Argentina,0,0,0,0,0,0,1,0,0,0 days 01:00:57
1999238,SecondHalf,Argentina,0,0,0,0,0,0,1,0,0,0 days 01:00:58
1999238,SecondHalf,Argentina,0,0,0,0,0,0,1,0,0,0 days 01:01:01
1999238,SecondHalf,Argentina,0,0,0,0,0,0,1,0,0,0 days 01:01:04
1999238,SecondHalf,Argentina,0,0,0,0,0,0,1,0,0,0 days 01:01:08
1999238,SecondHalf,Argentina,0,0,0,0,0,0,1,0,0,0 days 01:01:14
1999238,SecondHalf,Switzerland,0,0,0,0,0,0,0,0,0,0 days 01:01:16
1999238,SecondHalf,Argentina,0,0,0,0,0,0,0,0,0,0 days 01:01:16
1999238,SecondHalf,Argentina,0,0,0,0,0,0,0,0,0,0 days 01:01:17
1999238,SecondHalf,Switzerland,0,0,0,0,0,0,0,0,0,0 days 01:01:17
1999238,SecondHalf,Switzerland,0,0,0,1,0,0,0,0,0,0 days 01:01:20
1999238,SecondHalf,Argentina,0,0,0,0,0,0,0,1,0,0 days 01:01:20
1999238,SecondHalf,Argentina,0,0,0,0,0,0,1,0,0,0 days 01:01:21
1999238,SecondHalf,Switzerland,0,0,0,0,1,0,0,0,0,0 days 01:01:22
1999238,SecondHalf,Argentina,0,0,0,0,1,0,0,0,0,0 days 01:01:22
1999238,SecondHalf,Argentina,0,0,0,0,0,0,1,0,0,0 days 01:02:40
1999238,SecondHalf,Switzerland,0,0,0,0,0,0,1,0,0,0 days 01:02:41
1999238,SecondHalf,Switzerland,0,1,0,0,0,0,0,0,0,0 days 01:02:42
1999238,SecondHalf,Switzerland,0,0,0,0,0,0,1,0,0,0 days 01:02:46
1999238,SecondHalf,Switzerland,0,0,0,0,0,0,1,0,0,0 days 01:02:54
1999238,SecondHalf,Argentina,0,0,0,0,0,1,0,0,0,0 days 01:02:54
1999238,SecondHalf,Argentina,0,0,0,0,0,0,0,0,0,0 days 01:02:55
1999238,SecondHalf,Switzerland,0,0,0,0,0,0,0,0,0,0 days 01:02:55
1999238,SecondHalf,Switzerland,0,0,0,0,0,0,1,0,0,0 days 01:03:24
1999238,SecondHalf,Argentina,0,0,1,0,0,0,0,0,0,0 days 01:03:26
1999238,SecondHalf,Switzerland,0,0,0,0,0,0,1,0,0,0 days 01:03:35
1999238,SecondHalf,Switzerland,0,0,0,0,0,0,1,0,0,0 days 01:03:37
1999238,SecondHalf,Switzerland,0,0,0,0,0,0,1,0,0,0 days 01:03:40
1999238,SecondHalf,Switzerland,0,0,0,0,0,0,1,0,0,0 days 01:03:41
1999238,SecondHalf,Switzerland,0,0,0,0,0,0,1,0,0,0 days 01:03:44
1999238,SecondHalf,Switzerland,0,0,0,0,0,0,1,0,0,0 days 01:03:48
1999238,SecondHalf,Switzerland,0,0,0,0,0,0,1,0,0,0 days 01:03:52
1999238,SecondHalf,Switzerland,0,0,0,0,0,0,1,0,0,0 days 01:03:55
1999238,SecondHalf,Switzerland,0,0,0,0,0,0,1,0,0,0 days 01:03:59
1999238,SecondHalf,Switzerland,0,0,0,0,0,0,1,0,0,0 days 01:04:01
1999238,SecondHalf,Switzerland,0,0,0,0,0,0,1,0,0,0 days 01:04:03
1999238,SecondHalf,Switzerland,0,0,0,0,0,0,1,0,0,0 days 01:04:05
1999238,SecondHalf,Switzerland,0,0,0,0,0,0,1,0,0,0 days 01:04:07
1999238,SecondHalf,Switzerland,0,0,0,0,0,0,1,0,0,0 days 01:04:10
1999238,SecondHalf,Switzerland,0,0,0,0,0,0,1,0,0,0 days 01:04:12
1999238,SecondHalf,Switzerland,0,0,0,0,0,0,1,0,0,0 days 01:04:14
1999238,SecondHalf,Switzerland,0,0,0,0,0,0,1,0,0,0 days 01:04:19
1999238,SecondHalf,Switzerland,0,0,0,0,0,0,1,0,0,0 days 01:04:25
1999238,SecondHalf,Switzerland,0,0,0,0,0,0,1,0,0,0 days 01:04:26
1999238,SecondHalf,Switzerland,0,0,0,0,0,0,1,0,0,0 days 01:04:28
1999238,SecondHalf,Switzerland,0,0,0,0,0,0,1,0,0,0 days 01:04:33
1999238,SecondHalf,Switzerland,0,0,0,0,0,0,1,0,0,0 days 01:04:35
1999238,SecondHalf,Switzerland,0,0,0,0,0,0,0,0,0,0 days 01:04:35
1999238,SecondHalf,Argentina,0,0,0,0,0,0,0,1,0,0 days 01:04:37
1999238,SecondHalf,Switzerland,0,0,0,1,0,0,0,0,0,0 days 01:04:37
1999238,SecondHalf,Switzerland,0,0,0,0,0,0,1,0,0,0 days 01:04:39
1999238,SecondHalf,Switzerland,0,0,0,0,0,0,1,0,0,0 days 01:04:40
1999238,SecondHalf,Switzerland,0,0,0,0,0,0,1,0,0,0 days 01:04:42
1999238,SecondHalf,Argentina,0,0,0,0,0,0,0,0,0,0 days 01:04:44
1999238,SecondHalf,Switzerland,1,0,0,0,0,0,0,0,0,0 days 01:04:44
1999238,SecondHalf,Argentina,0,1,0,0,0,0,0,0,0,0 days 01:04:46
1999238,SecondHalf,Argentina,0,0,0,0,0,0,1,0,0,0 days 01:04:51
1999238,SecondHalf,Switzerland,0,1,0,0,0,0,0,0,0,0 days 01:04:54
1999238,SecondHalf,Switzerland,0,0,0,0,0,0,1,0,0,0 days 01:04:55
1999238,SecondHalf,Switzerland,0,0,0,0,0,0,1,0,0,0 days 01:04:57
1999238,SecondHalf,Switzerland,0,0,0,0,0,0,1,0,0,0 days 01:04:59
1999238,SecondHalf,Switzerland,0,0,0,0,0,0,0,0,1,0 days 01:05:02
1999238,SecondHalf,Argentina,0,0,0,0,0,0,0,1,0,0 days 01:05:02
1999238,SecondHalf,Argentina,0,1,0,0,0,0,0,0,0,0 days 01:05:03
1999238,SecondHalf,Argentina,0,0,0,0,0,0,1,0,0,0 days 01:05:03
1999238,SecondHalf,Argentina,0,0,0,0,0,0,0,0,1,0 days 01:05:03
1999238,SecondHalf,Switzerland,0,0,0,0,0,0,0,0,0,0 days 01:05:03
1999238,SecondHalf,Switzerland,0,0,0,0,0,0,0,0,0,0 days 01:05:03
1999238,SecondHalf,Switzerland,0,0,0,0,0,0,1,0,0,0 days 01:05:05
1999238,SecondHalf,Switzerland,0,1,0,0,0,0,0,0,0,0 days 01:05:10
1999238,SecondHalf,Switzerland,0,0,0,0,0,0,1,0,0,0 days 01:05:11
1999238,SecondHalf,Switzerland,0,0,0,0,0,0,1,0,0,0 days 01:05:16
1999238,SecondHalf,Switzerland,0,0,0,0,0,0,1,0,0,0 days 01:05:18
1999238,SecondHalf,Switzerland,1,0,0,0,0,0,0,0,0,0 days 01:05:20
1999238,SecondHalf,Argentina,0,0,0,0,0,0,0,0,0,0 days 01:05:21
1999238,SecondHalf,Argentina,0,0,0,0,0,0,0,0,0,0 days 01:05:24
1999238,SecondHalf,Argentina,0,0,0,0,0,0,1,0,0,0 days 01:05:36
1999238,SecondHalf,Switzerland,0,0,1,0,0,0,0,0,0,0 days 01:05:43
1999238,SecondHalf,Switzerland,0,0,0,0,0,0,1,0,0,0 days 01:05:45
1999238,SecondHalf,Argentina,0,0,0,0,0,1,0,0,0,0 days 01:05:46
1999238,SecondHalf,Switzerland,0,1,0,0,0,0,0,0,0,0 days 01:05:46
1999238,SecondHalf,Switzerland,0,0,0,0,0,0,1,0,0,0 days 01:05:46
1999238,SecondHalf,Switzerland,0,0,0,0,0,0,1,0,0,0 days 01:05:52
1999238,SecondHalf,Switzerland,0,0,0,0,0,0,1,0,0,0 days 01:06:00
1999238,SecondHalf,Switzerland,0,0,0,0,0,0,1,0,0,0 days 01:06:07
1999238,SecondHalf,Switzerland,0,0,0,0,0,0,1,0,0,0 days 01:06:10
1999238,SecondHalf,Switzerland,0,0,0,0,0,0,1,0,0,0 days 01:06:16
1999238,SecondHalf,Switzerland,0,0,0,0,0,0,1,0,0,0 days 01:06:18
1999238,SecondHalf,Switzerland,0,0,0,0,0,0,1,0,0,0 days 01:06:20
1999238,SecondHalf,Switzerland,0,0,0,1,0,0,0,0,0,0 days 01:06:22
1999238,SecondHalf,Argentina,0,0,0,0,0,0,0,1,0,0 days 01:06:22
1999238,SecondHalf,Switzerland,0,0,0,0,0,0,0,0,0,0 days 01:06:23
1999238,SecondHalf,Argentina,0,1,0,0,0,0,0,0,0,0 days 01:06:24
1999238,SecondHalf,Argentina,0,0,0,0,0,0,1,0,0,0 days 01:06:25
1999238,SecondHalf,Switzerland,0,1,0,0,0,0,0,0,0,0 days 01:06:30
1999238,SecondHalf,Switzerland,0,0,0,0,0,0,1,0,0,0 days 01:06:31
1999238,SecondHalf,Switzerland,0,0,0,0,0,0,1,0,0,0 days 01:06:36
1999238,SecondHalf,Switzerland,0,0,0,0,0,0,1,0,0,0 days 01:06:44
1999238,SecondHalf,Switzerland,0,0,0,0,0,0,1,0,0,0 days 01:06:47
1999238,SecondHalf,Switzerland,0,0,0,0,0,0,1,0,0,0 days 01:06:52
1999238,SecondHalf,Switzerland,0,0,0,0,0,0,1,0,0,0 days 01:06:53
1999238,SecondHalf,Switzerland,1,0,0,0,0,0,0,0,0,0 days 01:06:55
2002449,SecondHalf,Spain,0,0,0,0,0,0,1,0,0,0 days 00:57:00
2002449,SecondHalf,Spain,0,0,0,0,0,0,1,0,0,0 days 00:57:01
2002449,SecondHalf,Spain,0,0,0,0,0,0,1,0,0,0 days 00:57:02
2002449,SecondHalf,Spain,0,0,0,0,0,0,1,0,0,0 days 00:57:07
2002449,SecondHalf,Spain,0,0,0,0,0,0,1,0,0,0 days 00:57:13
2002449,SecondHalf,Spain,1,0,0,0,0,0,0,0,0,0 days 00:57:17
2002449,SecondHalf,France,0,0,0,0,0,0,0,0,0,0 days 00:57:17
2002449,SecondHalf,Spain,0,0,0,0,0,0,1,0,0,0 days 00:57:18
2002449,SecondHalf,Spain,0,0,0,0,0,0,1,0,0,0 days 00:57:20
2002449,SecondHalf,France,0,0,1,0,0,0,0,0,0,0 days 00:57:22
2002449,SecondHalf,Spain,0,0,0,0,0,0,0,0,0,0 days 00:57:24
2002449,SecondHalf,Spain,0,0,0,0,0,0,1,0,0,0 days 00:57:25
2002449,SecondHalf,Spain,0,0,0,0,0,0,1,0,0,0 days 00:57:27
2002449,SecondHalf,Spain,0,0,0,0,0,0,1,0,0,0 days 00:57:30
2002449,SecondHalf,Spain,0,0,0,0,0,0,1,0,0,0 days 00:57:31
2002449,SecondHalf,Spain,1,0,0,0,0,0,0,0,0,0 days 00:57:33
2002449,SecondHalf,France,0,0,0,0,0,0,1,0,0,0 days 00:59:00
2002449,SecondHalf,France,0,0,0,0,0,0,1,0,0,0 days 00:59:01
2002449,SecondHalf,France,0,0,0,0,0,0,1,0,0,0 days 00:59:03
2002449,SecondHalf,France,0,0,0,0,0,0,1,0,0,0 days 00:59:05
2002449,SecondHalf,France,0,0,0,0,0,0,1,0,0,0 days 00:59:07
2002449,SecondHalf,Spain,0,1,0,0,0,0,0,0,0,0 days 00:59:08
2002449,SecondHalf,Spain,0,0,0,0,0,0,0,0,0,0 days 00:59:11
2002449,SecondHalf,France,0,1,0,0,0,0,0,0,0,0 days 00:59:14
2002449,SecondHalf,France,0,0,0,0,0,0,1,0,0,0 days 00:59:14
2002449,SecondHalf,France,0,0,0,0,0,0,1,0,0,0 days 00:59:15
2002449,SecondHalf,Spain,0,0,0,0,0,0,0,0,0,0 days 00:59:16
2002449,SecondHalf,France,0,0,0,0,0,0,1,0,0,0 days 00:59:16
2002449,SecondHalf,Spain,0,1,0,0,0,0,0,0,0,0 days 00:59:17
2002449,SecondHalf,Spain,0,0,0,0,0,0,1,0,0,0 days 00:59:18
2002449,SecondHalf,Spain,0,0,0,0,0,0,1,0,0,0 days 00:59:24
2002449,SecondHalf,Spain,0,0,0,0,0,0,1,0,0,0 days 00:59:25
2002449,SecondHalf,Spain,0,0,0,0,0,0,1,0,0,0 days 00:59:26
2002449,SecondHalf,France,0,0,0,0,0,0,0,0,0,0 days 00:59:30
2002449,SecondHalf,France,0,0,0,0,0,0,1,0,0,0 days 00:59:30
2002449,SecondHalf,France,0,0,0,0,0,0,1,0,0,0 days 00:59:36
2002449,SecondHalf,France,0,0,0,0,0,0,1,0,0,0 days 00:59:37
2002449,SecondHalf,France,0,0,0,0,0,0,1,0,0,0 days 00:59:43
2002449,SecondHalf,France,0,0,0,0,0,0,1,0,0,0 days 00:59:45
2002449,SecondHalf,France,0,0,0,0,0,0,1,0,0,0 days 00:59:48
2002449,SecondHalf,France,0,0,0,0,0,0,1,0,0,0 days 00:59:50
2002449,SecondHalf,France,0,0,0,0,0,0,1,0,0,0 days 00:59:53
2002449,SecondHalf,France,0,0,0,0,0,0,1,0,0,0 days 00:59:56
2002449,SecondHalf,France,0,0,0,0,0,0,1,0,0,0 days 01:00:00
2002449,SecondHalf,Spain,0,0,0,0,0,0,0,0,0,0 days 01:00:00
2002449,SecondHalf,Spain,0,1,0,0,0,0,0,0,0,0 days 01:00:03
2002449,SecondHalf,Spain,0,0,0,0,0,0,1,0,0,0 days 01:00:09
2002449,SecondHalf,Spain,0,0,0,0,0,0,1,0,0,0 days 01:00:11
2002449,SecondHalf,Spain,0,0,0,0,0,0,1,0,0,0 days 01:00:13
2002449,SecondHalf,Spain,0,0,0,0,0,0,1,0,0,0 days 01:00:14
2002449,SecondHalf,Spain,0,0,0,0,0,0,1,0,0,0 days 01:00:16
2002449,SecondHalf,Spain,0,0,0,0,0,0,1,0,0,0 days 01:00:18
2002449,SecondHalf,Spain,0,0,0,0,0,0,0,0,0,0 days 01:00:23
2002449,SecondHalf,France,0,0,0,0,0,0,0,0,0,0 days 01:00:23
2002449,SecondHalf,France,0,0,0,0,0,0,1,0,0,0 days 01:00:46
2002449,SecondHalf,France,0,0,0,0,0,0,1,0,0,0 days 01:00:48
2002449,SecondHalf,France,0,0,0,0,0,0,1,0,0,0 days 01:00:52
2002449,SecondHalf,Spain,0,0,1,0,0,0,0,0,0,0 days 01:00:55
2002449,SecondHalf,France,0,0,0,0,0,0,0,0,0,0 days 01:00:57
2002449,SecondHalf,Spain,0,0,0,0,0,0,0,0,0,0 days 01:00:57
2002449,SecondHalf,France,0,0,0,0,0,0,1,0,0,0 days 01:00:57
2002449,SecondHalf,France,0,0,0,0,0,0,1,0,0,0 days 01:00:59
2002449,SecondHalf,Spain,0,0,0,0,0,0,0,0,0,0 days 01:00:00
2002449,SecondHalf,Spain,0,0,0,0,0,0,1,0,0,0 days 01:01:00
2002449,SecondHalf,Spain,0,1,0,0,0,0,0,0,0,0 days 01:01:01
2002449,SecondHalf,Spain,0,0,0,0,0,0,1,0,0,0 days 01:01:01
2002449,SecondHalf,Spain,0,0,0,0,0,0,1,0,0,0 days 01:01:02
2002449,SecondHalf,Spain,0,0,0,0,0,0,1,0,0,0 days 01:01:05
2002449,SecondHalf,Spain,0,0,0,0,0,0,1,0,0,0 days 01:01:06
2002449,SecondHalf,Spain,0,0,0,0,0,0,1,0,0,0 days 01:01:08
2002449,SecondHalf,France,0,0,0,0,0,0,1,0,0,0 days 01:01:25
2002449,SecondHalf,Spain,0,0,0,0,0,1,0,0,0,0 days 01:01:27
2002449,SecondHalf,Spain,0,0,0,0,0,0,0,0,0,0 days 01:01:28
2002449,SecondHalf,France,0,0,0,0,0,0,1,0,0,0 days 01:01:31
2002449,SecondHalf,France,0,0,0,0,0,0,1,0,0,0 days 01:01:33
2002449,SecondHalf,France,0,0,0,0,0,0,1,0,0,0 days 01:01:34
2002449,SecondHalf,France,0,0,0,0,0,0,1,0,0,0 days 01:01:36
2002449,SecondHalf,France,0,0,0,0,0,0,1,0,0,0 days 01:01:39
2002449,SecondHalf,France,0,0,0,0,0,0,1,0,0,0 days 01:01:43
2002449,SecondHalf,France,0,0,0,0,0,0,1,0,0,0 days 01:01:45
2002449,SecondHalf,France,0,0,0,0,0,0,0,0,0,0 days 01:01:47
2002449,SecondHalf,Spain,0,0,0,0,0,0,1,0,0,0 days 01:01:53
2002449,SecondHalf,Spain,0,0,0,0,0,0,1,0,0,0 days 01:01:58
2002449,SecondHalf,Spain,0,0,0,0,0,0,1,0,0,0 days 01:02:02
2002449,SecondHalf,France,0,0,0,0,0,0,0,0,0,0 days 01:02:05
2002449,SecondHalf,Spain,0,0,0,0,0,0,0,0,0,0 days 01:02:05
2002449,SecondHalf,France,0,0,0,0,0,0,1,0,0,0 days 01:02:05
2002449,SecondHalf,France,0,0,0,0,0,0,1,0,0,0 days 01:02:06
2002449,SecondHalf,France,0,1,0,0,0,0,0,0,0,0 days 01:02:07
2002449,SecondHalf,France,0,0,0,0,0,0,1,0,0,0 days 01:02:08
2002449,SecondHalf,France,0,0,0,1,0,0,0,0,0,0 days 01:02:10
2002449,SecondHalf,Spain,0,0,0,0,0,0,0,1,0,0 days 01:02:10
2002449,SecondHalf,Spain,0,1,0,0,0,0,0,0,0,0 days 01:02:11
2002449,SecondHalf,Spain,0,0,0,0,0,0,1,0,0,0 days 01:02:12
2002449,SecondHalf,Spain,0,0,0,0,0,0,1,0,0,0 days 01:02:17
2002449,SecondHalf,Spain,0,0,0,0,0,0,1,0,0,0 days 01:02:21
2002449,SecondHalf,Spain,0,0,0,0,0,0,1,0,0,0 days 01:02:22
2002449,SecondHalf,Spain,0,0,0,0,0,0,1,0,0,0 days 01:02:24
2002449,SecondHalf,Spain,0,0,0,0,0,0,1,0,0,0 days 01:02:26
2002449,SecondHalf,Spain,0,0,0,0,0,0,1,0,0,0 days 01:02:29
2002449,SecondHalf,Spain,0,0,0,0,0,0,1,0,0,0 days 01:02:39
2002449,SecondHalf,Spain,0,0,0,0,0,0,1,0,0,0 days 01:02:41
2002449,SecondHalf,Spain,0,0,0,0,0,0,1,0,0,0 days 01:02:47
2002449,SecondHalf,Spain,0,0,0,0,0,0,1,0,0,0 days 01:02:50
2002449,SecondHalf,Spain,0,0,0,0,0,0,1,0,0,0 days 01:02:51
2002449,SecondHalf,Spain,0,0,0,0,0,0,1,0,0,0 days 01:02:52
2002449,SecondHalf,France,0,0,0,0,0,0,0,0,0,0 days 01:02:52
2002449,SecondHalf,Spain,0,0,0,0,0,0,0,0,0,0 days 01:02:53
2002449,SecondHalf,France,0,1,0,0,0,0,0,0,0,0 days 01:02:54
2002449,SecondHalf,France,0,0,0,0,0,0,1,0,0,0 days 01:02:54
2002449,SecondHalf,Spain,0,0,0,0,0,1,0,0,0,0 days 01:02:55
2002449,SecondHalf,Spain,0,1,0,0,0,0,0,0,0,0 days 01:02:56
2002449,SecondHalf,Spain,0,0,0,0,0,0,1,0,0,0 days 01:02:58
2002449,SecondHalf,Spain,0,0,0,0,0,0,1,0,0,0 days 01:03:05
2002449,SecondHalf,Spain,0,0,0,0,0,0,1,0,0,0 days 01:03:07
2002449,SecondHalf,Spain,0,0,0,0,0,0,1,0,0,0 days 01:03:08
2002449,SecondHalf,Spain,0,0,0,0,0,0,1,0,0,0 days 01:03:10
2002449,SecondHalf,Spain,0,0,0,0,0,0,1,0,0,0 days 01:03:11
2002449,SecondHalf,Spain,0,0,0,0,0,0,1,0,0,0 days 01:03:12
2002449,SecondHalf,Spain,0,0,0,0,0,0,1,0,0,0 days 01:03:19
2002449,SecondHalf,Spain,0,0,0,0,0,0,1,0,0,0 days 01:03:20
2002449,SecondHalf,Spain,0,0,0,0,0,0,1,0,0,0 days 01:03:24
2002449,SecondHalf,Spain,0,0,0,0,0,0,1,0,0,0 days 01:03:27
2002449,SecondHalf,Spain,0,0,0,0,0,0,1,0,0,0 days 01:03:29
2002449,SecondHalf,Spain,0,0,0,0,0,0,1,0,0,0 days 01:03:33
2002449,SecondHalf,Spain,0,0,0,0,0,0,1,0,0,0 days 01:03:35
2002449,SecondHalf,Spain,0,0,0,0,0,0,1,0,0,0 days 01:03:39
2002449,SecondHalf,Spain,0,0,0,0,0,0,1,0,0,0 days 01:03:42
2002449,SecondHalf,Spain,0,0,0,0,0,0,1,0,0,0 days 01:03:44
2002449,SecondHalf,Spain,0,0,0,0,0,0,1,0,0,0 days 01:03:45
2002449,SecondHalf,France,0,1,0,0,0,0,0,0,0,0 days 01:03:47
2002449,SecondHalf,France,0,0,0,0,0,0,1,0,0,0 days 01:03:50
2002449,SecondHalf,France,0,0,0,0,0,0,1,0,0,0 days 01:03:58
2002449,SecondHalf,Spain,0,0,1,0,0,0,0,0,0,0 days 01:03:59
2002449,SecondHalf,Spain,0,0,0,0,0,0,0,0,0,0 days 01:03:59
2002449,SecondHalf,France,0,0,0,0,0,0,0,0,0,0 days 01:03:59
2002449,SecondHalf,France,0,0,0,0,0,0,1,0,0,0 days 01:04:12
2002449,SecondHalf,France,0,0,0,0,0,0,1,0,0,0 days 01:04:14
2002449,SecondHalf,Spain,0,0,0,0,0,0,0,0,0,0 days 01:04:17
2002449,SecondHalf,France,0,0,0,0,0,0,1,0,0,0 days 01:04:17
2002449,SecondHalf,Spain,0,0,0,0,0,0,0,0,0,0 days 01:04:18
2002449,SecondHalf,France,0,0,0,0,0,0,0,0,0,0 days 01:04:18
2002449,SecondHalf,France,0,0,0,0,0,0,1,0,0,0 days 01:04:35
2002449,SecondHalf,France,1,0,0,0,0,0,0,0,0,0 days 01:04:37
2002449,SecondHalf,Spain,0,0,0,0,0,0,1,0,0,0 days 01:04:49
2002449,SecondHalf,Spain,0,0,0,0,0,0,1,0,0,0 days 01:04:52
2002449,SecondHalf,Spain,0,0,0,0,1,0,0,0,0,0 days 01:04:58
2002449,SecondHalf,France,0,0,0,0,1,0,0,0,0,0 days 01:04:58
2002449,SecondHalf,Spain,0,0,0,0,0,0,1,0,0,0 days 01:05:11
2002449,SecondHalf,Spain,0,0,0,0,0,0,1,0,0,0 days 01:05:14
2002449,SecondHalf,Spain,0,0,0,0,0,0,1,0,0,0 days 01:05:15
2002449,SecondHalf,Spain,0,0,0,0,0,0,1,0,0,0 days 01:05:17
2002449,SecondHalf,Spain,0,0,0,0,0,0,1,0,0,0 days 01:05:18
2002449,SecondHalf,France,0,1,0,0,0,0,0,0,0,0 days 01:05:19
2002449,SecondHalf,France,0,0,0,0,0,0,1,0,0,0 days 01:05:19
2002449,SecondHalf,France,0,0,0,0,0,0,1,0,0,0 days 01:05:22
2002449,SecondHalf,France,0,0,0,0,0,0,1,0,0,0 days 01:05:23
2002449,SecondHalf,France,0,0,0,0,0,0,1,0,0,0 days 01:05:26
2002449,SecondHalf,France,0,0,0,0,0,0,1,0,0,0 days 01:05:28
2002449,SecondHalf,France,0,0,0,0,0,0,0,0,0,0 days 01:05:31
2002449,SecondHalf,Spain,0,0,0,0,0,0,1,0,0,0 days 01:05:32
2002449,SecondHalf,France,0,0,0,0,0,0,1,0,0,0 days 01:05:37
2002449,SecondHalf,France,0,0,0,0,0,0,1,0,0,0 days 01:05:38
2002449,SecondHalf,France,0,0,0,0,0,0,1,0,0,0 days 01:05:41
2002449,SecondHalf,France,0,0,0,0,0,0,1,0,0,0 days 01:05:45
2002449,SecondHalf,France,0,0,0,0,0,0,1,0,0,0 days 01:05:48
2002449,SecondHalf,France,0,0,0,0,0,0,1,0,0,0 days 01:05:50
2002449,SecondHalf,France,0,0,0,0,0,0,1,0,0,0 days 01:05:53
2002449,SecondHalf,France,0,0,0,0,0,0,1,0,0,0 days 01:05:59
2002449,SecondHalf,France,0,0,0,0,0,0,1,0,0,0 days 01:06:01
2002449,SecondHalf,France,0,0,0,0,0,0,1,0,0,0 days 01:06:03
2002449,SecondHalf,France,0,0,0,0,0,0,1,0,0,0 days 01:06:04
2002449,SecondHalf,Spain,0,0,1,0,0,0,0,0,0,0 days 01:06:06
2002449,SecondHalf,France,0,0,0,0,0,0,1,0,0,0 days 01:06:16
2002449,SecondHalf,France,0,0,0,0,0,0,1,0,0,0 days 01:06:21
2002449,SecondHalf,France,0,0,0,0,0,0,1,0,0,0 days 01:06:23
2002449,SecondHalf,France,0,0,0,0,0,0,1,0,0,0 days 01:06:26
2002449,SecondHalf,Spain,0,0,0,0,0,0,0,0,0,0 days 01:06:27
2002449,SecondHalf,Spain,0,0,0,0,0,0,0,0,0,0 days 01:06:31
2002449,SecondHalf,France,1,0,0,0,0,0,0,0,0,0 days 01:06:31
2002449,SecondHalf,Spain,0,0,0,0,0,0,0,0,0,0 days 01:06:33
2002449,SecondHalf,France,0,0,0,0,0,0,0,0,0,0 days 01:06:33
2002449,SecondHalf,France,0,0,0,0,0,0,1,0,0,0 days 01:06:45
2002449,SecondHalf,France,0,0,0,0,0,0,1,0,0,0 days 01:06:49
2002449,SecondHalf,France,0,0,0,0,0,0,1,0,0,0 days 01:06:51
2002449,SecondHalf,France,0,0,0,0,0,0,1,0,0,0 days 01:06:55
2005991,SecondHalf,Argentina,0,0,0,0,0,0,1,0,0,0 days 00:57:33
2005991,SecondHalf,Argentina,0,0,0,0,0,0,1,0,0,0 days 00:57:35
2005991,SecondHalf,Argentina,0,0,0,0,0,0,1,0,0,0 days 00:57:36
2005991,SecondHalf,England,0,0,0,0,0,0,0,0,0,0 days 00:57:38
2005991,SecondHalf,Argentina,0,0,0,0,0,0,0,0,0,0 days 00:57:38
2005991,SecondHalf,England,0,0,1,0,0,0,0,0,0,0 days 00:57:38
2005991,SecondHalf,Argentina,0,0,0,0,0,0,1,0,0,0 days 00:57:45
2005991,SecondHalf,Argentina,0,0,0,0,0,0,1,0,0,0 days 00:57:47
2005991,SecondHalf,Argentina,0,0,0,0,0,0,1,0,0,0 days 00:57:48
2005991,SecondHalf,Argentina,0,0,0,0,0,0,1,0,0,0 days 00:57:52
2005991,SecondHalf,Argentina,0,0,0,0,0,0,1,0,0,0 days 00:57:53
2005991,SecondHalf,Argentina,0,0,0,0,0,0,1,0,0,0 days 00:57:59
2005991,SecondHalf,Argentina,0,0,0,0,0,0,1,0,0,0 days 00:58:01
2005991,SecondHalf,Argentina,0,0,0,0,0,0,1,0,0,0 days 00:58:06
2005991,SecondHalf,Argentina,0,0,0,0,0,0,1,0,0,0 days 00:58:08
2005991,SecondHalf,Argentina,0,0,0,0,0,0,1,0,0,0 days 00:58:11
2005991,SecondHalf,Argentina,0,0,0,0,0,0,1,0,0,0 days 00:58:13
2005991,SecondHalf,Argentina,0,0,0,0,0,0,1,0,0,0 days 00:58:14
2005991,SecondHalf,Argentina,0,0,0,0,0,0,1,0,0,0 days 00:58:17
2005991,SecondHalf,Argentina,0,0,0,0,0,0,1,0,0,0 days 00:58:18
2005991,SecondHalf,Argentina,0,0,0,0,0,0,1,0,0,0 days 00:58:23
2005991,SecondHalf,England,0,0,0,0,0,0,1,0,0,0 days 00:58:49
2005991,SecondHalf,England,0,0,0,0,0,0,1,0,0,0 days 00:58:51
2005991,SecondHalf,England,0,0,0,0,0,0,1,0,0,0 days 00:58:53
2005991,SecondHalf,England,0,0,0,0,0,0,1,0,0,0 days 00:58:54
2005991,SecondHalf,England,0,0,0,0,0,0,1,0,0,0 days 00:58:56
2005991,SecondHalf,England,0,0,0,0,0,0,1,0,0,0 days 00:59:02
2005991,SecondHalf,England,0,0,0,0,0,0,1,0,0,0 days 00:59:04
2005991,SecondHalf,Argentina,0,0,0,0,0,1,0,0,0,0 days 00:59:06
2005991,SecondHalf,Argentina,0,0,0,0,0,0,1,0,0,0 days 00:59:07
2005991,SecondHalf,Argentina,0,1,0,0,0,0,0,0,0,0 days 00:59:08
2005991,SecondHalf,Argentina,0,0,0,1,0,0,0,0,0,0 days 00:59:10
2005991,SecondHalf,England,0,0,0,0,0,0,0,1,0,0 days 00:59:10
2005991,SecondHalf,Argentina,0,0,0,0,0,0,1,0,0,0 days 00:59:16
2005991,SecondHalf,Argentina,0,0,0,0,0,0,1,0,0,0 days 00:59:19
2005991,SecondHalf,Argentina,0,0,0,0,0,0,1,0,0,0 days 00:59:19
2005991,SecondHalf,England,0,1,0,0,0,0,0,0,0,0 days 00:59:24
2005991,SecondHalf,England,0,0,1,0,0,0,0,0,0,0 days 00:59:24
2005991,SecondHalf,Argentina,0,0,0,0,0,0,1,0,0,0 days 00:59:29
2005991,SecondHalf,Argentina,0,0,0,0,0,0,1,0,0,0 days 00:59:31
2005991,SecondHalf,Argentina,0,0,0,0,0,0,1,0,0,0 days 00:59:33
2005991,SecondHalf,Argentina,0,0,0,0,0,0,1,0,0,0 days 00:59:33
2005991,SecondHalf,Argentina,0,0,0,0,0,0,1,0,0,0 days 00:59:37
2005991,SecondHalf,Argentina,0,0,0,0,0,0,1,0,0,0 days 00:59:38
2005991,SecondHalf,Argentina,0,0,0,0,0,0,1,0,0,0 days 00:59:42
2005991,SecondHalf,Argentina,0,0,0,0,0,0,1,0,0,0 days 00:59:43
2005991,SecondHalf,Argentina,0,0,0,0,0,0,1,0,0,0 days 00:59:46
2005991,SecondHalf,Argentina,0,0,0,0,0,0,1,0,0,0 days 00:59:50
2005991,SecondHalf,England,0,0,1,0,0,0,0,0,0,0 days 00:59:51
2005991,SecondHalf,Argentina,0,0,0,0,0,0,1,0,0,0 days 00:59:55
2005991,SecondHalf,Argentina,0,0,0,0,0,0,1,0,0,0 days 00:59:57
2005991,SecondHalf,Argentina,0,0,0,0,0,0,1,0,0,0 days 01:00:02
2005991,SecondHalf,Argentina,0,0,0,0,0,0,1,0,0,0 days 01:00:04
2005991,SecondHalf,Argentina,0,0,0,0,0,0,1,0,0,0 days 01:00:06
2005991,SecondHalf,Argentina,0,0,0,0,0,0,1,0,0,0 days 01:00:08
2005991,SecondHalf,Argentina,0,0,0,0,0,0,1,0,0,0 days 01:00:09
2005991,SecondHalf,Argentina,0,0,0,0,0,0,1,0,0,0 days 01:00:12
2005991,SecondHalf,Argentina,0,0,0,0,0,0,1,0,0,0 days 01:00:16
2005991,SecondHalf,Argentina,0,0,0,0,0,0,1,0,0,0 days 01:00:20
2005991,SecondHalf,Argentina,0,0,0,0,0,0,1,0,0,0 days 01:00:25
2005991,SecondHalf,Argentina,1,0,0,0,0,0,0,0,0,0 days 01:00:28
2005991,SecondHalf,England,0,0,0,0,0,0,1,0,0,0 days 01:00:52
2005991,SecondHalf,England,0,0,0,0,0,0,1,0,0,0 days 01:00:55
2005991,SecondHalf,Argentina,0,0,0,0,0,0,1,0,0,0 days 01:00:59
2005991,SecondHalf,Argentina,0,1,0,0,0,0,0,0,0,0 days 01:01:02
2005991,SecondHalf,Argentina,0,0,0,0,0,0,1,0,0,0 days 01:01:05
2005991,SecondHalf,Argentina,0,0,0,0,0,0,1,0,0,0 days 01:01:06
2005991,SecondHalf,Argentina,0,0,0,0,0,0,1,0,0,0 days 01:01:09
2005991,SecondHalf,Argentina,0,0,0,0,0,0,1,0,0,0 days 01:01:14
2005991,SecondHalf,Argentina,0,0,0,0,0,0,1,0,0,0 days 01:01:17
2005991,SecondHalf,Argentina,0,0,0,0,0,0,1,0,0,0 days 01:01:19
2005991,SecondHalf,Argentina,0,0,0,0,0,0,1,0,0,0 days 01:01:21
2005991,SecondHalf,Argentina,0,0,0,0,0,0,1,0,0,0 days 01:01:23
2005991,SecondHalf,Argentina,0,0,0,0,0,0,1,0,0,0 days 01:01:25
2005991,SecondHalf,Argentina,0,0,0,0,0,0,1,0,0,0 days 01:01:28
2005991,SecondHalf,Argentina,0,0,0,0,0,0,1,0,0,0 days 01:01:31
2005991,SecondHalf,England,0,0,0,0,0,0,0,0,0,0 days 01:01:35
2005991,SecondHalf,Argentina,0,0,0,0,0,0,0,0,1,0 days 01:01:35
2005991,SecondHalf,Argentina,0,0,0,0,0,0,1,0,0,0 days 01:01:38
2005991,SecondHalf,Argentina,0,0,0,0,0,0,1,0,0,0 days 01:01:39
2005991,SecondHalf,Argentina,0,0,0,0,0,0,1,0,0,0 days 01:01:39
2005991,SecondHalf,England,0,0,1,0,0,0,0,0,0,0 days 01:01:41
2005991,SecondHalf,Argentina,0,0,0,0,0,0,1,0,0,0 days 01:01:42
2005991,SecondHalf,Argentina,0,0,0,0,0,0,1,0,0,0 days 01:01:45
2005991,SecondHalf,Argentina,0,0,0,0,0,0,1,0,0,0 days 01:01:48
2005991,SecondHalf,Argentina,0,0,0,0,0,0,1,0,0,0 days 01:01:49
2005991,SecondHalf,Argentina,0,0,0,0,0,0,1,0,0,0 days 01:01:50
2005991,SecondHalf,Argentina,0,0,0,0,0,0,1,0,0,0 days 01:01:53
2005991,SecondHalf,Argentina,0,0,0,0,0,0,1,0,0,0 days 01:01:56
2005991,SecondHalf,Argentina,0,0,0,0,0,0,1,0,0,0 days 01:01:56
2005991,SecondHalf,Argentina,0,0,0,1,0,0,0,0,0,0 days 01:01:58
2005991,SecondHalf,England,0,0,0,0,0,0,0,1,0,0 days 01:01:58
2005991,SecondHalf,Argentina,0,0,0,0,0,0,1,0,0,0 days 01:02:02
2005991,SecondHalf,Argentina,0,0,0,0,0,0,1,0,0,0 days 01:02:07
2005991,SecondHalf,Argentina,0,0,0,0,0,0,1,0,0,0 days 01:02:08
2005991,SecondHalf,Argentina,0,0,0,0,0,0,1,0,0,0 days 01:02:10
2005991,SecondHalf,Argentina,0,0,0,0,0,0,1,0,0,0 days 01:02:11
2005991,SecondHalf,Argentina,0,0,0,0,0,0,1,0,0,0 days 01:02:14
2005991,SecondHalf,Argentina,0,0,0,0,0,0,1,0,0,0 days 01:02:17
2005991,SecondHalf,Argentina,0,0,0,0,0,0,1,0,0,0 days 01:02:24
2005991,SecondHalf,Argentina,0,0,0,0,0,0,1,0,0,0 days 01:02:26
2005991,SecondHalf,Argentina,0,0,0,0,0,0,0,0,0,0 days 01:02:29
2005991,SecondHalf,England,0,0,1,0,0,0,0,0,0,0 days 01:02:31
2005991,SecondHalf,Argentina,0,0,0,0,0,0,1,0,0,0 days 01:02:38
2005991,SecondHalf,Argentina,0,0,0,0,0,0,1,0,0,0 days 01:02:44
2005991,SecondHalf,Argentina,0,0,0,0,0,0,1,0,0,0 days 01:02:46
2005991,SecondHalf,England,0,0,0,0,0,0,0,0,0,0 days 01:02:48
2005991,SecondHalf,Argentina,0,0,0,0,0,0,0,0,1,0 days 01:02:48
2005991,SecondHalf,Argentina,0,0,0,0,0,0,0,0,1,0 days 01:02:50
2005991,SecondHalf,England,0,0,0,0,0,0,0,1,0,0 days 01:02:50
2005991,SecondHalf,England,0,0,0,0,0,0,0,0,1,0 days 01:02:52
2005991,SecondHalf,Argentina,0,0,0,0,0,0,0,1,0,0 days 01:02:52
2005991,SecondHalf,Argentina,0,0,0,1,0,0,0,0,0,0 days 01:02:53
2005991,SecondHalf,England,0,0,0,0,0,0,0,1,0,0 days 01:02:53
2005991,SecondHalf,Argentina,0,0,0,0,0,0,0,0,0,0 days 01:02:53
2005991,SecondHalf,England,0,0,0,0,0,0,1,0,0,0 days 01:02:55
2005991,SecondHalf,Argentina,0,0,0,0,0,0,0,0,0,0 days 01:02:56
2005991,SecondHalf,England,0,0,0,0,0,0,0,0,0,0 days 01:02:56
2005991,SecondHalf,England,0,0,0,0,0,0,1,0,0,0 days 01:02:56
2005991,SecondHalf,England,0,0,0,0,0,0,1,0,0,0 days 01:02:57
2005991,SecondHalf,England,0,1,0,0,0,0,0,0,0,0 days 01:02:58
2005991,SecondHalf,England,0,0,0,0,0,0,1,0,0,0 days 01:03:00
2005991,SecondHalf,Argentina,0,0,0,0,0,0,1,0,0,0 days 01:03:03
2005991,SecondHalf,Argentina,0,1,0,0,0,0,0,0,0,0 days 01:03:06
2005991,SecondHalf,Argentina,0,0,0,0,0,0,1,0,0,0 days 01:03:07
2005991,SecondHalf,Argentina,0,0,0,0,0,0,1,0,0,0 days 01:03:11
2005991,SecondHalf,Argentina,0,0,0,0,0,0,1,0,0,0 days 01:03:13
2005991,SecondHalf,Argentina,0,0,0,0,0,0,1,0,0,0 days 01:03:17
2005991,SecondHalf,England,0,0,0,0,0,1,0,0,0,0 days 01:03:19
2005991,SecondHalf,England,0,0,0,0,0,0,0,1,0,0 days 01:03:20
2005991,SecondHalf,Argentina,0,0,0,1,0,0,0,0,0,0 days 01:03:20
2005991,SecondHalf,Argentina,0,0,0,0,0,0,0,0,0,0 days 01:03:52
2005991,SecondHalf,Argentina,0,0,0,0,0,0,0,0,0,0 days 01:03:52
2005991,SecondHalf,Argentina,0,0,0,0,0,0,0,0,0,0 days 01:04:03
2005991,SecondHalf,Argentina,0,0,0,0,0,0,1,0,0,0 days 01:04:07
2005991,SecondHalf,Argentina,0,0,0,0,0,0,1,0,0,0 days 01:04:12
2005991,SecondHalf,Argentina,0,0,0,0,0,0,1,0,0,0 days 01:04:14
2005991,SecondHalf,Argentina,0,0,0,0,0,0,1,0,0,0 days 01:04:17
2005991,SecondHalf,Argentina,0,0,0,0,0,0,1,0,0,0 days 01:04:21
2005991,SecondHalf,Argentina,0,0,0,0,0,0,1,0,0,0 days 01:04:23
2005991,SecondHalf,Argentina,0,0,0,0,0,0,1,0,0,0 days 01:04:24
2005991,SecondHalf,Argentina,0,0,0,0,0,0,1,0,0,0 days 01:04:27
2005991,SecondHalf,Argentina,0,0,0,0,0,0,1,0,0,0 days 01:04:33
2005991,SecondHalf,Argentina,0,0,0,0,0,0,1,0,0,0 days 01:04:36
2005991,SecondHalf,Argentina,0,0,0,0,0,0,1,0,0,0 days 01:04:38
2005991,SecondHalf,Argentina,0,0,0,0,0,0,1,0,0,0 days 01:04:39
2005991,SecondHalf,Argentina,0,0,0,0,0,0,0,0,0,0 days 01:04:40
2005991,SecondHalf,England,0,0,0,0,0,0,0,0,0,0 days 01:04:40
2005991,SecondHalf,England,0,0,1,0,0,0,0,0,0,0 days 01:04:40
2005991,SecondHalf,England,0,1,0,0,0,0,0,0,0,0 days 01:04:44
2005991,SecondHalf,England,0,0,1,0,0,0,0,0,0,0 days 01:04:45
2005991,SecondHalf,Argentina,0,0,0,0,0,0,0,0,0,0 days 01:04:45
2005991,SecondHalf,England,0,0,0,0,0,0,1,0,0,0 days 01:05:06
2005991,SecondHalf,England,0,0,0,0,0,0,1,0,0,0 days 01:05:07
2005991,SecondHalf,England,0,0,0,0,0,0,1,0,0,0 days 01:05:09
2005991,SecondHalf,England,0,0,0,0,0,0,1,0,0,0 days 01:05:13
2005991,SecondHalf,England,0,0,0,0,0,0,1,0,0,0 days 01:05:17
2005991,SecondHalf,England,0,0,0,0,0,0,0,0,0,0 days 01:05:21
2005991,SecondHalf,Argentina,0,0,0,0,0,0,0,0,0,0 days 01:05:21
2005991,SecondHalf,Argentina,0,0,0,0,0,0,1,0,0,0 days 01:05:22
2005991,SecondHalf,England,0,0,0,0,0,0,1,0,0,0 days 01:05:23
2005991,SecondHalf,Argentina,0,0,0,0,0,0,1,0,0,0 days 01:05:25
2005991,SecondHalf,England,0,0,0,0,0,0,1,0,0,0 days 01:05:28
2005991,SecondHalf,England,0,0,0,0,0,0,1,0,0,0 days 01:05:29
2005991,SecondHalf,England,0,0,0,0,0,0,1,0,0,0 days 01:05:35
2005991,SecondHalf,England,0,0,0,0,0,0,1,0,0,0 days 01:05:38
2005991,SecondHalf,England,0,0,0,0,0,0,1,0,0,0 days 01:05:43
2005991,SecondHalf,England,1,0,0,0,0,0,0,0,0,0 days 01:05:45
2005991,SecondHalf,Argentina,0,0,0,0,0,0,0,0,0,0 days 01:05:45
2005991,SecondHalf,Argentina,0,0,0,0,0,0,0,0,0,0 days 01:05:46
2005991,SecondHalf,Argentina,0,0,0,0,0,0,1,0,0,0 days 01:05:49
2005991,SecondHalf,Argentina,0,0,0,0,0,0,0,0,0,0 days 01:05:51
2005991,SecondHalf,Argentina,0,0,0,0,0,0,0,0,0,0 days 01:05:52
2005991,SecondHalf,England,0,0,0,0,0,0,0,0,1,0 days 01:05:52
2005991,SecondHalf,Argentina,0,0,0,0,0,0,0,0,0,0 days 01:05:52
2005991,SecondHalf,England,0,1,0,0,0,0,0,0,0,0 days 01:05:53
2005991,SecondHalf,England,0,0,0,0,0,0,1,0,0,0 days 01:05:55
2005991,SecondHalf,England,1,0,0,0,0,0,0,0,0,0 days 01:05:58
2005991,SecondHalf,Argentina,0,0,0,0,0,0,0,0,0,0 days 01:05:58
2005991,SecondHalf,Argentina,0,0,0,0,0,0,0,0,0,0 days 01:06:02
2005991,SecondHalf,Argentina,0,0,0,0,0,0,1,0,0,0 days 01:06:05
2005991,SecondHalf,Argentina,0,0,0,0,1,0,0,0,0,0 days 01:06:10
2005991,SecondHalf,England,0,0,0,0,1,0,0,0,0,0 days 01:06:10
2005991,SecondHalf,Argentina,0,0,0,0,0,0,1,0,0,0 days 01:06:16
2005991,SecondHalf,Argentina,0,0,0,0,0,0,1,0,0,0 days 01:06:18
2005991,SecondHalf,Argentina,0,0,0,0,0,0,1,0,0,0 days 01:06:21
2005991,SecondHalf,England,0,0,0,0,0,0,0,0,0,0 days 01:06:28
2005991,SecondHalf,Argentina,0,0,0,0,0,0,0,0,1,0 days 01:06:28
2005991,SecondHalf,Argentina,0,0,0,0,0,0,0,0,1,0 days 01:06:30
2005991,SecondHalf,England,0,0,0,0,0,0,0,0,0,0 days 01:06:30
2005991,SecondHalf,Argentina,0,0,0,0,0,0,1,0,0,0 days 01:06:31
2005991,SecondHalf,England,0,0,1,0,0,0,0,0,0,0 days 01:06:34
2005991,SecondHalf,Argentina,0,0,0,0,0,0,1,0,0,0 days 01:06:34
2005991,SecondHalf,England,0,0,0,0,0,0,0,0,0,0 days 01:06:35
2005991,SecondHalf,Argentina,0,0,0,0,0,0,0,0,0,0 days 01:06:35
2007643,SecondHalf,France,0,0,0,1,0,0,0,0,0,0 days 00:57:00
2007643,SecondHalf,England,0,0,0,0,0,0,0,1,0,0 days 00:57:00
2007643,SecondHalf,France,0,0,0,0,0,0,0,0,0,0 days 00:57:01
2007643,SecondHalf,England,0,0,0,0,1,0,0,0,0,0 days 00:57:03
2007643,SecondHalf,France,0,0,0,0,1,0,0,0,0,0 days 00:57:03
2007643,SecondHalf,England,0,0,0,0,0,0,1,0,0,0 days 00:57:46
2007643,SecondHalf,England,0,0,0,0,0,0,1,0,0,0 days 00:57:48
2007643,SecondHalf,England,0,0,0,0,0,0,1,0,0,0 days 00:57:50
2007643,SecondHalf,England,0,0,0,0,0,0,1,0,0,0 days 00:57:52
2007643,SecondHalf,France,0,0,0,0,0,1,0,0,0,0 days 00:57:53
2007643,SecondHalf,England,0,0,0,0,0,0,1,0,0,0 days 00:58:00
2007643,SecondHalf,France,0,0,0,0,0,0,0,0,0,0 days 00:58:00
2007643,SecondHalf,England,0,0,0,0,0,0,0,0,0,0 days 00:58:02
2007643,SecondHalf,France,0,0,0,0,0,0,0,0,0,0 days 00:58:02
2007643,SecondHalf,England,0,0,0,0,0,0,1,0,0,0 days 00:58:47
2007643,SecondHalf,France,0,0,0,0,0,0,0,0,0,0 days 00:58:48
2007643,SecondHalf,England,0,0,0,0,0,0,0,0,0,0 days 00:58:48
2007643,SecondHalf,England,1,0,0,0,0,0,0,0,0,0 days 00:58:49
2007643,SecondHalf,France,0,0,0,0,0,0,0,0,0,0 days 00:58:49
2007643,SecondHalf,France,0,1,0,0,0,0,0,0,0,0 days 00:58:54
2007643,SecondHalf,France,0,0,0,0,0,0,1,0,0,0 days 00:58:54
2007643,SecondHalf,France,0,0,0,0,0,0,0,0,1,0 days 00:58:58
2007643,SecondHalf,England,0,1,0,0,0,0,0,0,0,0 days 00:58:59
2007643,SecondHalf,England,0,0,0,0,0,0,0,0,0,0 days 00:59:05
2007643,SecondHalf,France,0,0,0,0,0,0,1,0,0,0 days 00:59:13
2007643,SecondHalf,France,0,0,0,0,0,0,1,0,0,0 days 00:59:20
2007643,SecondHalf,France,0,0,0,0,0,0,1,0,0,0 days 00:59:23
2007643,SecondHalf,France,0,0,0,0,0,0,1,0,0,0 days 00:59:26
2007643,SecondHalf,France,0,0,0,0,0,0,1,0,0,0 days 00:59:30
2007643,SecondHalf,England,0,1,0,0,0,0,0,0,0,0 days 00:59:32
2007643,SecondHalf,England,0,0,0,0,0,0,1,0,0,0 days 00:59:32
2007643,SecondHalf,England,0,0,0,0,0,0,1,0,0,0 days 00:59:35
2007643,SecondHalf,England,0,0,0,0,0,0,1,0,0,0 days 00:59:38
2007643,SecondHalf,England,0,0,0,0,0,0,1,0,0,0 days 00:59:40
2007643,SecondHalf,England,0,0,0,0,0,0,1,0,0,0 days 00:59:41
2007643,SecondHalf,England,0,0,0,0,0,0,1,0,0,0 days 00:59:48
2007643,SecondHalf,France,0,0,0,0,0,0,0,0,0,0 days 00:59:48
2007643,SecondHalf,France,0,1,0,0,0,0,0,0,0,0 days 00:59:50
2007643,SecondHalf,France,0,0,0,0,0,0,1,0,0,0 days 00:59:50
2007643,SecondHalf,France,0,0,0,0,0,0,1,0,0,0 days 00:59:53
2007643,SecondHalf,France,0,0,0,0,0,0,1,0,0,0 days 00:59:57
2007643,SecondHalf,France,0,0,0,0,0,0,1,0,0,0 days 01:00:00
2007643,SecondHalf,France,0,0,0,0,0,0,0,0,1,0 days 01:00:05
2007643,SecondHalf,England,0,0,0,0,0,0,0,1,0,0 days 01:00:05
2007643,SecondHalf,France,0,0,0,0,0,0,0,0,0,0 days 01:00:06
2007643,SecondHalf,France,0,0,0,0,0,0,0,0,0,0 days 01:00:07
2007643,SecondHalf,England,0,0,0,0,0,0,0,0,1,0 days 01:00:07
2007643,SecondHalf,England,0,1,0,0,0,0,0,0,0,0 days 01:00:08
2007643,SecondHalf,England,0,0,0,0,0,0,1,0,0,0 days 01:00:09
2007643,SecondHalf,England,0,0,0,0,0,0,1,0,0,0 days 01:00:14
2007643,SecondHalf,England,0,0,0,0,0,0,1,0,0,0 days 01:00:18
2007643,SecondHalf,England,0,0,0,0,0,0,0,0,0,0 days 01:00:19
2007643,SecondHalf,France,0,0,0,0,0,0,1,0,0,0 days 01:00:20
2007643,SecondHalf,France,0,1,0,0,0,0,0,0,0,0 days 01:00:21
2007643,SecondHalf,France,1,0,0,0,0,0,0,0,0,0 days 01:00:25
2007643,SecondHalf,England,0,0,0,0,0,0,1,0,0,0 days 01:00:48
2007643,SecondHalf,England,0,0,0,0,0,0,1,0,0,0 days 01:00:50
2007643,SecondHalf,England,0,0,0,0,0,0,1,0,0,0 days 01:00:54
2007643,SecondHalf,England,0,0,0,0,0,0,1,0,0,0 days 01:00:56
2007643,SecondHalf,England,0,0,0,0,0,0,1,0,0,0 days 01:01:04
2007643,SecondHalf,England,0,0,0,0,0,0,1,0,0,0 days 01:01:05
2007643,SecondHalf,England,0,0,0,0,0,0,1,0,0,0 days 01:01:08
2007643,SecondHalf,England,0,0,0,0,0,0,1,0,0,0 days 01:01:14
2007643,SecondHalf,England,0,0,0,0,0,0,1,0,0,0 days 01:01:16
2007643,SecondHalf,England,0,0,0,0,0,0,1,0,0,0 days 01:01:18
2007643,SecondHalf,England,0,0,0,0,0,0,1,0,0,0 days 01:01:21
2007643,SecondHalf,England,0,0,0,0,0,0,1,0,0,0 days 01:01:23
2007643,SecondHalf,England,0,0,0,0,0,0,1,0,0,0 days 01:01:26
2007643,SecondHalf,England,0,0,0,0,0,0,1,0,0,0 days 01:01:29
2007643,SecondHalf,England,0,0,0,0,0,0,1,0,0,0 days 01:01:32
2007643,SecondHalf,England,0,0,0,0,0,0,1,0,0,0 days 01:01:35
2007643,SecondHalf,England,0,0,0,0,0,0,1,0,0,0 days 01:01:37
2007643,SecondHalf,England,0,0,0,0,0,0,1,0,0,0 days 01:01:39
2007643,SecondHalf,England,0,0,0,0,0,0,1,0,0,0 days 01:01:41
2007643,SecondHalf,England,0,0,0,0,0,0,1,0,0,0 days 01:01:45
2007643,SecondHalf,England,0,0,0,0,0,0,1,0,0,0 days 01:01:48
2007643,SecondHalf,England,0,0,0,0,0,0,1,0,0,0 days 01:01:53
2007643,SecondHalf,England,0,0,0,0,0,0,0,0,1,0 days 01:01:56
2007643,SecondHalf,France,0,0,0,0,0,0,0,0,0,0 days 01:01:56
2007643,SecondHalf,France,0,0,0,0,0,0,0,0,0,0 days 01:01:57
2007643,SecondHalf,England,0,0,0,0,0,0,1,0,0,0 days 01:01:57
2007643,SecondHalf,France,0,0,1,0,0,0,0,0,0,0 days 01:01:58
2007643,SecondHalf,England,0,0,0,0,0,0,1,0,0,0 days 01:02:00
2007643,SecondHalf,England,0,0,0,1,0,0,0,0,0,0 days 01:02:02
2007643,SecondHalf,France,0,0,0,0,0,0,0,1,0,0 days 01:02:02
2007643,SecondHalf,England,0,0,0,0,0,0,0,0,0,0 days 01:02:02
2007643,SecondHalf,France,0,0,1,0,0,0,0,0,0,0 days 01:02:03
2007643,SecondHalf,France,0,0,1,0,0,0,0,0,0,0 days 01:02:04
2007643,SecondHalf,England,0,0,0,0,1,0,0,0,0,0 days 01:02:06
2007643,SecondHalf,France,0,0,0,0,1,0,0,0,0,0 days 01:02:06
2007643,SecondHalf,France,0,0,0,0,0,0,1,0,0,0 days 01:02:21
2007643,SecondHalf,France,0,0,0,0,0,0,1,0,0,0 days 01:02:26
2007643,SecondHalf,France,0,0,0,0,0,0,1,0,0,0 days 01:02:29
2007643,SecondHalf,France,0,0,0,0,0,0,1,0,0,0 days 01:02:32
2007643,SecondHalf,France,0,0,0,0,0,0,0,0,1,0 days 01:02:37
2007643,SecondHalf,England,0,0,0,0,0,0,0,1,0,0 days 01:02:37
2007643,SecondHalf,England,0,1,0,0,0,0,0,0,0,0 days 01:02:38
2007643,SecondHalf,France,0,0,0,0,0,0,0,0,0,0 days 01:02:40
2007643,SecondHalf,England,0,0,0,0,0,0,0,0,1,0 days 01:02:40
2007643,SecondHalf,France,0,0,0,0,0,0,0,0,0,0 days 01:02:41
2007643,SecondHalf,England,0,0,0,0,0,0,0,0,1,0 days 01:02:41
2007643,SecondHalf,England,0,0,0,0,0,0,1,0,0,0 days 01:02:43
2007643,SecondHalf,France,0,0,0,0,0,0,0,0,0,0 days 01:02:50
2007643,SecondHalf,England,0,0,0,0,0,0,0,0,1,0 days 01:02:50
2007643,SecondHalf,England,0,0,0,0,0,0,1,0,0,0 days 01:02:52
2007643,SecondHalf,England,0,0,0,0,0,0,0,0,0,0 days 01:02:53
2007643,SecondHalf,England,0,0,0,0,0,0,1,0,0,0 days 01:02:56
2007643,SecondHalf,France,0,0,0,0,0,0,0,0,0,0 days 01:03:02
2007643,SecondHalf,England,1,0,0,0,0,0,0,0,0,0 days 01:03:02
2007643,SecondHalf,France,0,0,1,0,0,0,0,0,0,0 days 01:03:03
2007643,SecondHalf,England,0,0,0,0,0,0,1,0,0,0 days 01:03:06
2007643,SecondHalf,England,0,0,0,0,0,0,1,0,0,0 days 01:03:12
2007643,SecondHalf,France,0,0,1,0,0,0,0,0,0,0 days 01:03:15
2007643,SecondHalf,France,0,1,0,0,0,0,0,0,0,0 days 01:03:16
2007643,SecondHalf,France,0,0,0,0,0,0,1,0,0,0 days 01:03:18
2007643,SecondHalf,France,0,0,0,0,0,0,1,0,0,0 days 01:03:19
2007643,SecondHalf,France,0,0,0,0,0,0,1,0,0,0 days 01:03:23
2007643,SecondHalf,France,0,0,0,0,0,0,1,0,0,0 days 01:03:25
2007643,SecondHalf,France,0,0,0,0,0,0,1,0,0,0 days 01:03:31
2007643,SecondHalf,France,0,0,0,0,0,0,1,0,0,0 days 01:03:34
2007643,SecondHalf,France,0,0,0,0,0,0,1,0,0,0 days 01:03:39
2007643,SecondHalf,France,0,0,0,0,0,0,1,0,0,0 days 01:03:42
2007643,SecondHalf,England,0,0,0,0,0,0,0,0,0,0 days 01:03:44
2007643,SecondHalf,France,1,0,0,0,0,0,0,0,0,0 days 01:03:44
2007643,SecondHalf,England,0,0,0,0,0,0,0,0,0,0 days 01:03:46
2007643,SecondHalf,England,0,0,0,0,0,0,1,0,0,0 days 01:04:02
2007643,SecondHalf,England,0,0,0,0,0,0,1,0,0,0 days 01:04:05
2007643,SecondHalf,England,0,0,0,0,0,0,1,0,0,0 days 01:04:07
2007643,SecondHalf,France,0,0,0,0,0,0,1,0,0,0 days 01:04:18
2007643,SecondHalf,France,0,0,0,0,0,0,1,0,0,0 days 01:04:22
2007643,SecondHalf,France,0,0,0,0,0,0,1,0,0,0 days 01:04:29
2007643,SecondHalf,France,0,0,0,0,0,0,1,0,0,0 days 01:04:31
2007643,SecondHalf,France,0,0,0,0,0,0,1,0,0,0 days 01:04:33
2007643,SecondHalf,France,0,0,0,0,0,0,1,0,0,0 days 01:04:37
2007643,SecondHalf,France,0,0,0,0,0,0,1,0,0,0 days 01:04:40
2007643,SecondHalf,England,0,0,0,0,0,0,0,0,0,0 days 01:04:44
2007643,SecondHalf,France,1,0,0,0,0,0,0,0,0,0 days 01:04:44
2007643,SecondHalf,France,0,0,0,0,0,0,1,0,0,0 days 01:04:49
2007643,SecondHalf,France,0,0,0,0,0,0,1,0,0,0 days 01:04:53
2007643,SecondHalf,France,0,0,0,0,0,0,1,0,0,0 days 01:04:58
2007643,SecondHalf,France,0,0,0,0,0,0,1,0,0,0 days 01:04:59
2007643,SecondHalf,France,0,0,0,0,0,0,1,0,0,0 days 01:05:01
2007643,SecondHalf,France,0,0,0,0,0,0,1,0,0,0 days 01:05:04
2007643,SecondHalf,France,0,0,0,0,0,0,1,0,0,0 days 01:05:05
2007643,SecondHalf,France,0,0,0,0,0,0,1,0,0,0 days 01:05:07
2007643,SecondHalf,France,0,0,0,0,0,0,1,0,0,0 days 01:05:10
2007643,SecondHalf,France,0,0,0,0,0,0,1,0,0,0 days 01:05:11
2007643,SecondHalf,France,0,0,0,0,0,0,1,0,0,0 days 01:05:16
2007643,SecondHalf,England,0,0,0,0,0,0,0,0,0,0 days 01:05:17
2007643,SecondHalf,France,0,0,0,0,0,0,1,0,0,0 days 01:05:18
2007643,SecondHalf,England,0,1,0,0,0,0,0,0,0,0 days 01:05:20
2007643,SecondHalf,England,0,0,0,0,0,0,1,0,0,0 days 01:05:22
2007643,SecondHalf,England,0,0,0,0,0,0,1,0,0,0 days 01:05:24
2007643,SecondHalf,England,0,0,0,0,0,0,0,0,0,0 days 01:05:30
2007643,SecondHalf,France,0,1,0,0,0,0,0,0,0,0 days 01:05:33
2007643,SecondHalf,France,0,0,0,0,0,0,1,0,0,0 days 01:05:37
2007643,SecondHalf,France,0,0,0,0,0,0,1,0,0,0 days 01:05:40
2007643,SecondHalf,France,0,0,0,0,0,0,1,0,0,0 days 01:05:47
2007643,SecondHalf,France,0,0,0,0,0,0,1,0,0,0 days 01:05:48
2007643,SecondHalf,France,0,0,0,0,0,0,1,0,0,0 days 01:05:49
2007643,SecondHalf,France,1,0,0,0,0,0,0,0,0,0 days 01:05:50
2007643,SecondHalf,England,0,0,0,0,0,0,1,0,0,0 days 01:06:42
2007643,SecondHalf,England,0,0,0,0,0,0,1,0,0,0 days 01:06:48
2007643,SecondHalf,England,0,0,0,0,0,0,0,0,0,0 days 01:06:50
2007643,SecondHalf,France,0,0,0,0,0,0,0,0,0,0 days 01:06:50
2007643,SecondHalf,France,0,0,0,0,0,0,1,0,0,0 days 01:06:51
2007643,SecondHalf,France,0,1,0,0,0,0,0,0,0,0 days 01:06:52
2007643,SecondHalf,France,0,0,0,0,0,0,1,0,0,0 days 01:06:55
2007643,SecondHalf,France,0,0,0,0,0,0,1,0,0,0 days 01:06:58
2007644,SecondHalf,Argentina,0,0,0,0,0,0,0,0,0,0 days 00:57:17
2007644,SecondHalf,Argentina,0,0,0,0,0,0,0,0,0,0 days 00:57:17
2007644,SecondHalf,Argentina,0,0,0,0,0,0,1,0,0,0 days 00:57:36
2007644,SecondHalf,Argentina,0,0,0,0,0,0,1,0,0,0 days 00:57:41
2007644,SecondHalf,Argentina,0,0,0,0,0,0,0,0,0,0 days 00:57:43
2007644,SecondHalf,Argentina,0,0,0,0,0,0,1,0,0,0 days 00:57:43
2007644,SecondHalf,Spain,0,0,0,0,0,0,0,0,0,0 days 00:57:43
2007644,SecondHalf,Spain,0,0,0,0,0,0,1,0,0,0 days 00:57:50
2007644,SecondHalf,Spain,0,0,0,0,0,0,1,0,0,0 days 00:57:53
2007644,SecondHalf,Spain,0,0,0,0,0,0,1,0,0,0 days 00:57:58
2007644,SecondHalf,Spain,0,0,0,0,0,0,1,0,0,0 days 00:58:02
2007644,SecondHalf,Spain,0,0,0,0,0,0,1,0,0,0 days 00:58:05
2007644,SecondHalf,Spain,0,0,0,0,0,0,1,0,0,0 days 00:58:08
2007644,SecondHalf,Spain,0,0,0,0,0,0,1,0,0,0 days 00:58:10
2007644,SecondHalf,Spain,0,0,0,0,0,0,1,0,0,0 days 00:58:16
2007644,SecondHalf,Spain,0,0,0,0,0,0,1,0,0,0 days 00:58:18
2007644,SecondHalf,Spain,0,0,0,1,0,0,0,0,0,0 days 00:58:21
2007644,SecondHalf,Argentina,0,0,0,0,0,0,0,1,0,0 days 00:58:21
2007644,SecondHalf,Argentina,0,1,0,0,0,0,0,0,0,0 days 00:58:23
2007644,SecondHalf,Argentina,0,0,0,0,0,0,1,0,0,0 days 00:58:23
2007644,SecondHalf,Argentina,0,0,0,1,0,0,0,0,0,0 days 00:58:25
2007644,SecondHalf,Spain,0,0,0,0,0,0,0,1,0,0 days 00:58:25
2007644,SecondHalf,Spain,0,1,0,0,0,0,0,0,0,0 days 00:58:27
2007644,SecondHalf,Spain,0,0,0,0,0,0,1,0,0,0 days 00:58:27
2007644,SecondHalf,Spain,0,0,0,0,0,0,1,0,0,0 days 00:58:28
2007644,SecondHalf,Spain,0,0,0,0,0,0,1,0,0,0 days 00:58:31
2007644,SecondHalf,Spain,0,0,0,0,0,0,1,0,0,0 days 00:58:33
2007644,SecondHalf,Spain,0,0,0,0,0,0,1,0,0,0 days 00:58:35
2007644,SecondHalf,Spain,0,0,0,0,0,0,1,0,0,0 days 00:58:39
2007644,SecondHalf,Spain,0,0,0,0,0,0,1,0,0,0 days 00:58:44
2007644,SecondHalf,Spain,0,0,0,0,0,0,1,0,0,0 days 00:58:47
2007644,SecondHalf,Spain,0,0,0,0,0,0,1,0,0,0 days 00:58:51
2007644,SecondHalf,Spain,0,0,0,0,0,0,1,0,0,0 days 00:58:52
2007644,SecondHalf,Spain,0,0,0,0,0,0,1,0,0,0 days 00:58:55
2007644,SecondHalf,Spain,0,0,0,0,1,0,0,0,0,0 days 00:59:02
2007644,SecondHalf,Argentina,0,0,0,0,1,0,0,0,0,0 days 00:59:02
2007644,SecondHalf,Spain,1,0,0,0,0,0,0,0,0,0 days 01:00:38
2007644,SecondHalf,Argentina,0,0,0,0,0,0,0,0,0,0 days 01:00:38
2007644,SecondHalf,Spain,0,0,0,0,0,0,1,0,0,0 days 01:00:41
2007644,SecondHalf,Argentina,0,0,1,0,0,0,0,0,0,0 days 01:00:41
2007644,SecondHalf,Argentina,0,0,1,0,0,0,0,0,0,0 days 01:00:44
2007644,SecondHalf,Argentina,0,0,0,0,0,0,0,0,0,0 days 01:00:48
2007644,SecondHalf,Spain,0,0,0,0,0,0,0,0,0,0 days 01:00:48
2007644,SecondHalf,Spain,0,0,0,0,0,0,0,0,0,0 days 01:01:10
2007644,SecondHalf,Spain,0,0,0,0,0,0,0,0,0,0 days 01:01:10
2007644,SecondHalf,Spain,0,0,0,0,0,0,0,0,0,0 days 01:01:12
2007644,SecondHalf,Spain,0,0,0,0,0,0,0,0,0,0 days 01:01:12
2007644,SecondHalf,Argentina,0,0,0,0,0,0,1,0,0,0 days 01:01:37
2007644,SecondHalf,Spain,0,1,0,0,0,0,0,0,0,0 days 01:01:40
2007644,SecondHalf,Spain,0,0,0,0,0,0,1,0,0,0 days 01:01:40
2007644,SecondHalf,Argentina,0,0,0,0,1,0,0,0,0,0 days 01:01:44
2007644,SecondHalf,Spain,0,0,0,0,1,0,0,0,0,0 days 01:01:44
2007644,SecondHalf,Spain,0,0,0,0,0,0,1,0,0,0 days 01:02:06
2007644,SecondHalf,Spain,0,0,0,0,0,0,0,0,1,0 days 01:02:07
2007644,SecondHalf,Spain,0,0,0,0,0,0,0,0,0,0 days 01:02:12
2007644,SecondHalf,Argentina,0,0,0,0,0,0,1,0,0,0 days 01:02:43
2007644,SecondHalf,Spain,0,0,1,0,0,0,0,0,0,0 days 01:02:45
2007644,SecondHalf,Argentina,0,0,0,0,0,0,1,0,0,0 days 01:02:46
2007644,SecondHalf,Argentina,0,0,0,0,0,0,1,0,0,0 days 01:02:47
2007644,SecondHalf,Spain,0,0,0,0,0,0,0,0,0,0 days 01:02:47
2007644,SecondHalf,Spain,0,1,0,0,0,0,0,0,0,0 days 01:02:49
2007644,SecondHalf,Spain,0,0,0,0,0,0,1,0,0,0 days 01:02:50
2007644,SecondHalf,Argentina,0,0,0,0,0,1,0,0,0,0 days 01:02:51
2007644,SecondHalf,Spain,0,0,0,0,0,0,1,0,0,0 days 01:02:54
2007644,SecondHalf,Spain,0,0,0,0,0,0,1,0,0,0 days 01:02:55
2007644,SecondHalf,Spain,0,0,0,0,0,0,1,0,0,0 days 01:02:59
2007644,SecondHalf,Spain,0,0,0,0,0,0,1,0,0,0 days 01:03:03
2007644,SecondHalf,Argentina,0,0,1,0,0,0,0,0,0,0 days 01:03:06
2007644,SecondHalf,Spain,0,0,0,0,0,0,1,0,0,0 days 01:03:08
2007644,SecondHalf,Spain,0,0,0,0,0,0,1,0,0,0 days 01:03:10
2007644,SecondHalf,Spain,0,0,0,0,0,0,1,0,0,0 days 01:03:12
2007644,SecondHalf,Spain,0,0,0,0,0,0,1,0,0,0 days 01:03:17
2007644,SecondHalf,Spain,0,0,0,0,0,0,1,0,0,0 days 01:03:20
2007644,SecondHalf,Spain,0,0,0,0,0,0,1,0,0,0 days 01:03:24
2007644,SecondHalf,Spain,1,0,0,0,0,0,0,0,0,0 days 01:03:25
2007644,SecondHalf,Argentina,0,0,0,0,0,0,0,0,0,0 days 01:03:25
2007644,SecondHalf,Spain,0,0,0,0,0,0,0,0,0,0 days 01:03:28
2007644,SecondHalf,Argentina,0,0,0,0,0,0,0,0,0,0 days 01:03:28
2007644,SecondHalf,Spain,0,0,0,0,0,0,1,0,0,0 days 01:04:19
2007644,SecondHalf,Argentina,0,0,1,0,0,0,0,0,0,0 days 01:04:21
2007644,SecondHalf,Argentina,0,0,0,0,0,0,0,0,0,0 days 01:04:22
2007644,SecondHalf,Spain,0,0,0,0,0,0,1,0,0,0 days 01:04:23
2007644,SecondHalf,Spain,0,0,0,0,0,0,1,0,0,0 days 01:04:25
2007644,SecondHalf,Argentina,0,0,1,0,0,0,0,0,0,0 days 01:04:28
2007644,SecondHalf,Spain,0,0,0,0,0,0,0,0,0,0 days 01:04:29
2007644,SecondHalf,Argentina,0,0,0,0,0,0,0,0,0,0 days 01:04:29
2007644,SecondHalf,Spain,0,0,0,0,0,0,1,0,0,0 days 01:04:46
2007644,SecondHalf,Argentina,0,0,1,0,0,0,0,0,0,0 days 01:04:48
2007644,SecondHalf,Argentina,0,0,0,0,0,0,0,0,0,0 days 01:04:49
2007644,SecondHalf,Spain,0,0,0,0,0,0,0,0,0,0 days 01:04:50
2007644,SecondHalf,Argentina,0,0,0,0,0,0,0,0,0,0 days 01:04:50
2007644,SecondHalf,Argentina,0,0,0,0,0,0,0,0,0,0 days 01:04:51
2007644,SecondHalf,Spain,1,0,0,0,0,0,0,0,0,0 days 01:04:51
2007644,SecondHalf,Argentina,0,1,0,0,0,0,0,0,0,0 days 01:04:54
2007644,SecondHalf,Argentina,0,0,0,0,0,0,1,0,0,0 days 01:04:57
2007644,SecondHalf,Spain,0,1,0,0,0,0,0,0,0,0 days 01:04:59
2007644,SecondHalf,Spain,0,0,0,0,0,0,1,0,0,0 days 01:05:00
2007644,SecondHalf,Spain,0,0,0,0,0,0,1,0,0,0 days 01:05:12
2007644,SecondHalf,Spain,0,0,0,0,0,0,1,0,0,0 days 01:05:15
2007644,SecondHalf,Spain,0,0,0,0,0,0,1,0,0,0 days 01:05:17
2007644,SecondHalf,Spain,0,0,0,0,0,0,1,0,0,0 days 01:05:20
2007644,SecondHalf,Spain,0,0,0,0,0,0,1,0,0,0 days 01:05:22
2007644,SecondHalf,Argentina,0,0,1,0,0,0,0,0,0,0 days 01:05:27
2007644,SecondHalf,Spain,0,0,0,0,0,0,1,0,0,0 days 01:05:30
2007644,SecondHalf,Spain,0,0,0,0,0,0,1,0,0,0 days 01:05:31
2007644,SecondHalf,Spain,0,0,0,0,0,0,1,0,0,0 days 01:05:34
2007644,SecondHalf,Spain,0,0,0,0,0,0,1,0,0,0 days 01:05:39
2007644,SecondHalf,Argentina,0,0,1,0,0,0,0,0,0,0 days 01:05:41
2007644,SecondHalf,Spain,0,0,0,0,0,0,0,0,0,0 days 01:05:42
2007644,SecondHalf,Argentina,0,0,0,0,0,0,0,0,0,0 days 01:05:42
2007644,SecondHalf,Spain,0,0,0,0,0,0,1,0,0,0 days 01:06:11
2007644,SecondHalf,Argentina,0,0,1,0,0,0,0,0,0,0 days 01:06:14
2007644,SecondHalf,Spain,0,0,0,0,0,0,1,0,0,0 days 01:06:16
2007644,SecondHalf,Argentina,0,0,0,0,0,0,0,1,0,0 days 01:06:18
2007644,SecondHalf,Spain,0,0,0,0,0,0,0,0,1,0 days 01:06:18
2007644,SecondHalf,Argentina,0,0,0,0,0,0,0,0,0,0 days 01:06:19
2007644,SecondHalf,Spain,0,0,0,0,0,0,1,0,0,0 days 01:06:21
2007644,SecondHalf,Argentina,0,0,0,0,0,0,0,0,0,0 days 01:06:23
2007644,SecondHalf,Argentina,0,0,0,0,0,0,0,0,0,0 days 01:06:23
2007644,SecondHalf,Spain,1,0,0,0,0,0,0,0,0,0 days 01:06:23
