period,minute,second,play_pattern,team,match_id,match_time,ball_recovery,clearance,dispossessed,dribble,foul,interception,pass,shot,tackle
1,22,0,From Corner,Tunisia,3857254,0 days 00:22:00,0,1,0,0,0,0,0,0,0
1,22,1,From Corner,Denmark,3857254,0 days 00:22:01,0,0,0,0,0,0,1,0,0
1,22,4,From Corner,Denmark,3857254,0 days 00:22:04,0,0,0,0,0,0,1,0,0
1,22,5,From Corner,Denmark,3857254,0 days 00:22:05,0,0,0,0,0,0,0,1,0
1,22,6,From Corner,Tunisia,3857254,0 days 00:22:06,0,1,0,0,0,0,0,0,0
1,22,7,From Corner,Tunisia,3857254,0 days 00:22:07,0,1,0,0,0,0,0,0,0
1,22,8,From Corner,Denmark,3857254,0 days 00:22:08,1,0,0,0,0,0,0,0,0
1,22,9,From Corner,Denmark,3857254,0 days 00:22:09,0,0,0,0,0,0,0,1,0
1,22,21,From Keeper,Tunisia,3857254,0 days 00:22:21,0,0,0,0,0,0,1,0,0
1,22,24,From Keeper,Tunisia,3857254,0 days 00:22:24,0,0,0,0,0,0,1,0,0
1,22,25,From Keeper,Tunisia,3857254,0 days 00:22:25,0,0,0,0,0,0,1,0,0
1,22,28,From Keeper,Tunisia,3857254,0 days 00:22:28,0,0,0,0,0,0,1,0,0
1,23,8,From Free Kick,Denmark,3857254,0 days 00:23:08,0,0,0,0,0,0,1,0,0
1,23,13,From Free Kick,Denmark,3857254,0 days 00:23:13,0,0,0,0,0,0,1,0,0
1,23,14,From Free Kick,Denmark,3857254,0 days 00:23:14,0,0,0,0,0,0,1,0,0
1,23,19,From Throw In,Denmark,3857254,0 days 00:23:19,0,0,0,0,0,0,1,0,0
1,23,21,From Throw In,Denmark,3857254,0 days 00:23:21,0,0,0,0,0,0,1,0,0
1,23,24,From Throw In,Denmark,3857254,0 days 00:23:24,0,0,0,0,0,0,1,0,0
1,23,29,From Throw In,Denmark,3857254,0 days 00:23:29,0,0,0,0,0,0,1,0,0
1,23,31,From Throw In,Denmark,3857254,0 days 00:23:31,0,0,0,0,0,0,1,0,0
1,23,33,From Throw In,Denmark,3857254,0 days 00:23:33,0,0,0,0,0,0,1,0,0
1,23,34,From Throw In,Denmark,3857254,0 days 00:23:34,0,0,0,0,0,0,1,0,0
1,23,36,From Throw In,Denmark,3857254,0 days 00:23:36,0,0,0,0,0,0,1,0,0
1,23,38,From Throw In,Denmark,3857254,0 days 00:23:38,0,0,0,0,0,0,1,0,0
1,23,40,From Throw In,Denmark,3857254,0 days 00:23:40,0,0,0,0,0,0,1,0,0
1,23,43,From Throw In,Denmark,3857254,0 days 00:23:43,0,0,0,0,0,0,1,0,0
1,23,44,From Throw In,Denmark,3857254,0 days 00:23:44,0,0,0,0,0,0,1,0,0
1,23,45,From Throw In,Denmark,3857254,0 days 00:23:45,0,0,0,0,1,0,0,0,0
1,24,21,From Free Kick,Tunisia,3857254,0 days 00:24:21,0,0,0,0,0,0,1,0,0
1,24,24,From Free Kick,Denmark,3857254,0 days 00:24:24,0,0,0,0,0,0,1,0,0
1,24,26,From Free Kick,Tunisia,3857254,0 days 00:24:26,1,0,0,0,0,0,0,0,0
1,24,28,From Free Kick,Tunisia,3857254,0 days 00:24:28,0,0,0,0,0,0,1,0,0
1,24,30,From Free Kick,Tunisia,3857254,0 days 00:24:30,0,0,0,0,0,0,1,0,0
1,24,32,From Free Kick,Tunisia,3857254,0 days 00:24:32,0,0,0,0,0,0,1,0,0
1,24,33,From Free Kick,Denmark,3857254,0 days 00:24:33,0,0,0,0,0,0,1,0,0
1,24,37,From Free Kick,Denmark,3857254,0 days 00:24:37,0,0,0,0,0,0,1,0,0
1,24,37,From Free Kick,Tunisia,3857254,0 days 00:24:37,0,0,0,0,0,1,0,0,0
1,24,39,From Free Kick,Tunisia,3857254,0 days 00:24:39,0,0,1,0,0,0,0,0,0
1,24,39,From Free Kick,Denmark,3857254,0 days 00:24:39,0,0,0,0,0,0,0,0,1
1,25,3,From Throw In,Tunisia,3857254,0 days 00:25:03,0,0,0,0,0,0,1,0,0
1,25,5,From Throw In,Denmark,3857254,0 days 00:25:05,0,1,0,0,0,0,0,0,0
1,25,7,From Throw In,Tunisia,3857254,0 days 00:25:07,1,0,0,0,0,0,0,0,0
1,25,12,From Throw In,Tunisia,3857254,0 days 00:25:12,0,0,0,0,0,0,1,0,0
1,25,14,Regular Play,Denmark,3857254,0 days 00:25:14,1,0,0,0,0,0,0,0,0
1,25,15,Regular Play,Denmark,3857254,0 days 00:25:15,0,0,0,0,0,0,1,0,0
1,25,16,Regular Play,Denmark,3857254,0 days 00:25:16,0,0,0,0,0,0,1,0,0
1,25,18,Regular Play,Denmark,3857254,0 days 00:25:18,0,0,0,0,0,0,1,0,0
1,25,18,Regular Play,Denmark,3857254,0 days 00:25:18,0,0,0,0,0,0,1,0,0
1,25,19,Regular Play,Denmark,3857254,0 days 00:25:19,0,0,0,0,0,0,1,0,0
1,25,24,Regular Play,Denmark,3857254,0 days 00:25:24,0,0,0,0,0,0,1,0,0
1,25,26,Regular Play,Denmark,3857254,0 days 00:25:26,0,0,0,0,0,0,1,0,0
1,25,27,Regular Play,Denmark,3857254,0 days 00:25:27,0,0,0,0,0,0,1,0,0
1,25,29,Regular Play,Denmark,3857254,0 days 00:25:29,0,0,0,0,0,0,1,0,0
1,25,31,Regular Play,Denmark,3857254,0 days 00:25:31,0,0,0,0,0,0,1,0,0
1,25,33,Regular Play,Denmark,3857254,0 days 00:25:33,0,0,0,0,0,0,1,0,0
1,25,35,Regular Play,Denmark,3857254,0 days 00:25:35,0,0,0,0,0,0,1,0,0
1,25,40,Regular Play,Denmark,3857254,0 days 00:25:40,0,0,0,0,0,0,1,0,0
1,25,42,Regular Play,Denmark,3857254,0 days 00:25:42,0,0,0,0,0,0,1,0,0
1,25,45,Regular Play,Denmark,3857254,0 days 00:25:45,0,0,0,0,0,0,1,0,0
1,25,47,Regular Play,Denmark,3857254,0 days 00:25:47,0,0,0,0,0,0,1,0,0
1,25,49,Regular Play,Denmark,3857254,0 days 00:25:49,0,0,0,0,0,0,1,0,0
1,25,50,Regular Play,Denmark,3857254,0 days 00:25:50,0,0,0,0,0,0,1,0,0
1,25,53,Regular Play,Denmark,3857254,0 days 00:25:53,0,0,0,0,0,0,1,0,0
1,25,54,Regular Play,Denmark,3857254,0 days 00:25:54,0,0,0,0,0,0,1,0,0
1,25,56,Regular Play,Denmark,3857254,0 days 00:25:56,0,0,0,0,0,0,1,0,0
1,25,59,Regular Play,Denmark,3857254,0 days 00:25:59,0,0,0,0,0,0,1,0,0
1,26,3,Regular Play,Denmark,3857254,0 days 00:26:03,0,0,0,0,0,0,1,0,0
1,26,4,Regular Play,Denmark,3857254,0 days 00:26:04,0,0,0,0,0,0,1,0,0
1,26,7,Regular Play,Denmark,3857254,0 days 00:26:07,0,0,0,0,0,0,1,0,0
1,26,10,Regular Play,Denmark,3857254,0 days 00:26:10,0,0,0,0,0,0,1,0,0
1,26,15,Regular Play,Denmark,3857254,0 days 00:26:15,0,0,0,0,0,0,1,0,0
1,26,17,Regular Play,Denmark,3857254,0 days 00:26:17,0,0,0,0,0,0,1,0,0
1,26,20,Regular Play,Denmark,3857254,0 days 00:26:20,0,0,0,0,0,0,1,0,0
1,26,22,Regular Play,Denmark,3857254,0 days 00:26:22,0,0,0,0,0,0,1,0,0
1,26,23,Regular Play,Denmark,3857254,0 days 00:26:23,0,0,0,0,0,0,1,0,0
1,26,30,Regular Play,Denmark,3857254,0 days 00:26:30,0,0,0,0,0,0,1,0,0
1,26,32,Regular Play,Denmark,3857254,0 days 00:26:32,0,0,0,0,0,0,1,0,0
1,26,34,Regular Play,Tunisia,3857254,0 days 00:26:34,0,0,0,0,0,1,0,0,0
1,26,50,From Throw In,Denmark,3857254,0 days 00:26:50,0,0,0,0,0,0,1,0,0
1,26,51,From Throw In,Tunisia,3857254,0 days 00:26:51,0,0,0,0,0,1,0,0,0
1,26,53,From Throw In,Denmark,3857254,0 days 00:26:53,0,0,0,0,0,0,1,0,0
1,26,55,From Throw In,Tunisia,3857254,0 days 00:26:55,0,1,0,0,0,0,0,0,0
1,26,57,From Throw In,Denmark,3857254,0 days 00:26:57,1,0,0,0,0,0,0,0,0
1,26,58,From Throw In,Denmark,3857254,0 days 00:26:58,0,0,0,0,0,0,1,0,0
1,26,59,From Throw In,Denmark,3857254,0 days 00:26:59,0,0,0,0,0,0,1,0,0
1,27,0,From Throw In,Denmark,3857254,0 days 00:27:00,0,0,0,0,0,0,1,0,0
1,27,2,Regular Play,Tunisia,3857254,0 days 00:27:02,1,0,0,0,0,0,0,0,0
1,27,20,Regular Play,Tunisia,3857254,0 days 00:27:20,0,0,0,0,0,0,1,0,0
1,27,24,Regular Play,Denmark,3857254,0 days 00:27:24,0,1,0,0,0,0,0,0,0
1,27,51,From Throw In,Tunisia,3857254,0 days 00:27:51,0,0,0,0,0,0,1,0,0
1,27,55,From Throw In,Tunisia,3857254,0 days 00:27:55,0,0,0,0,0,0,1,0,0
1,27,59,From Throw In,Tunisia,3857254,0 days 00:27:59,0,0,0,0,0,0,1,0,0
1,28,2,From Throw In,Tunisia,3857254,0 days 00:28:02,0,0,0,0,0,0,1,0,0
1,28,12,From Throw In,Denmark,3857254,0 days 00:28:12,0,0,0,0,0,0,1,0,0
1,28,13,From Throw In,Denmark,3857254,0 days 00:28:13,0,0,0,0,0,0,1,0,0
1,28,14,From Throw In,Denmark,3857254,0 days 00:28:14,0,0,0,0,0,0,1,0,0
1,28,16,From Throw In,Denmark,3857254,0 days 00:28:16,0,0,0,0,0,0,1,0,0
1,28,16,From Throw In,Tunisia,3857254,0 days 00:28:16,0,0,0,0,0,1,0,0,0
1,28,18,Regular Play,Tunisia,3857254,0 days 00:28:18,1,0,0,0,0,0,0,0,0
1,28,18,Regular Play,Tunisia,3857254,0 days 00:28:18,0,0,0,0,0,0,1,0,0
1,28,19,Regular Play,Tunisia,3857254,0 days 00:28:19,0,0,0,0,0,0,1,0,0
1,28,20,Regular Play,Tunisia,3857254,0 days 00:28:20,0,0,0,0,0,0,1,0,0
1,28,22,Regular Play,Tunisia,3857254,0 days 00:28:22,0,0,0,0,0,0,1,0,0
1,28,25,Regular Play,Tunisia,3857254,0 days 00:28:25,0,0,0,0,0,0,1,0,0
1,28,28,Regular Play,Denmark,3857254,0 days 00:28:28,0,1,0,0,0,0,0,0,0
1,28,46,From Throw In,Tunisia,3857254,0 days 00:28:46,0,0,0,0,0,0,1,0,0
1,28,48,From Throw In,Tunisia,3857254,0 days 00:28:48,0,0,0,0,0,0,1,0,0
1,28,50,From Counter,Denmark,3857254,0 days 00:28:50,0,0,0,0,0,0,1,0,0
1,28,53,From Counter,Denmark,3857254,0 days 00:28:53,0,0,0,0,0,0,1,0,0
1,28,53,From Counter,Tunisia,3857254,0 days 00:28:53,0,0,0,0,0,1,0,0,0
1,28,55,From Counter,Denmark,3857254,0 days 00:28:55,1,0,0,0,0,0,0,0,0
1,28,56,From Counter,Denmark,3857254,0 days 00:28:56,0,0,0,0,0,0,1,0,0
1,28,57,Regular Play,Tunisia,3857254,0 days 00:28:57,1,0,0,0,0,0,0,0,0
1,28,59,Regular Play,Tunisia,3857254,0 days 00:28:59,0,0,0,0,0,0,1,0,0
1,29,0,Regular Play,Tunisia,3857254,0 days 00:29:00,0,0,0,0,0,0,1,0,0
1,29,3,Regular Play,Tunisia,3857254,0 days 00:29:03,0,0,0,0,0,0,1,0,0
1,29,4,Regular Play,Denmark,3857254,0 days 00:29:04,0,0,0,0,0,0,1,0,0
1,29,6,Regular Play,Denmark,3857254,0 days 00:29:06,0,0,0,0,0,0,1,0,0
1,29,7,Regular Play,Denmark,3857254,0 days 00:29:07,0,0,0,0,0,0,1,0,0
1,29,23,From Throw In,Tunisia,3857254,0 days 00:29:23,0,0,0,0,0,0,1,0,0
1,29,24,From Throw In,Tunisia,3857254,0 days 00:29:24,0,0,0,0,0,0,1,0,0
1,29,25,From Throw In,Tunisia,3857254,0 days 00:29:25,0,0,0,0,0,0,1,0,0
1,29,28,Regular Play,Denmark,3857254,0 days 00:29:28,1,0,0,0,0,0,0,0,0
1,29,33,Regular Play,Denmark,3857254,0 days 00:29:33,0,0,0,0,0,0,1,0,0
1,29,36,Regular Play,Denmark,3857254,0 days 00:29:36,0,0,0,0,0,0,1,0,0
1,29,43,Regular Play,Denmark,3857254,0 days 00:29:43,0,0,0,0,0,0,1,0,0
1,29,45,Regular Play,Tunisia,3857254,0 days 00:29:45,0,0,0,0,1,0,0,0,0
1,30,1,From Free Kick,Denmark,3857254,0 days 00:30:01,0,0,0,0,0,0,1,0,0
1,30,3,From Free Kick,Denmark,3857254,0 days 00:30:03,0,0,0,0,0,0,1,0,0
1,30,4,From Free Kick,Denmark,3857254,0 days 00:30:04,0,0,0,0,0,0,1,0,0
1,30,8,From Free Kick,Denmark,3857254,0 days 00:30:08,0,0,0,0,0,0,1,0,0
1,30,10,From Free Kick,Denmark,3857254,0 days 00:30:10,0,0,0,0,0,0,1,0,0
1,30,11,From Free Kick,Denmark,3857254,0 days 00:30:11,0,0,0,0,0,0,1,0,0
1,30,12,From Free Kick,Denmark,3857254,0 days 00:30:12,0,0,0,0,0,0,1,0,0
1,30,16,From Free Kick,Denmark,3857254,0 days 00:30:16,0,0,0,0,0,0,1,0,0
1,30,19,From Free Kick,Denmark,3857254,0 days 00:30:19,0,0,0,0,0,0,1,0,0
1,30,20,From Free Kick,Denmark,3857254,0 days 00:30:20,0,0,0,0,0,0,1,0,0
1,30,25,From Free Kick,Denmark,3857254,0 days 00:30:25,0,0,0,0,0,0,1,0,0
1,30,28,From Free Kick,Denmark,3857254,0 days 00:30:28,0,0,1,0,0,0,0,0,0
1,30,28,From Free Kick,Tunisia,3857254,0 days 00:30:28,0,0,0,0,0,0,0,0,1
1,31,1,From Corner,Denmark,3857254,0 days 00:31:01,0,0,0,0,0,0,1,0,0
1,31,3,From Corner,Denmark,3857254,0 days 00:31:03,0,0,0,0,0,0,1,0,0
1,31,4,From Corner,Tunisia,3857254,0 days 00:31:04,0,1,0,0,0,0,0,0,0
1,31,7,From Corner,Tunisia,3857254,0 days 00:31:07,0,1,0,0,0,0,0,0,0
1,31,8,From Corner,Tunisia,3857254,0 days 00:31:08,0,1,0,0,0,0,0,0,0
1,31,10,From Corner,Denmark,3857254,0 days 00:31:10,0,0,0,0,0,0,1,0,0
1,31,14,From Corner,Denmark,3857254,0 days 00:31:14,0,0,0,0,0,0,1,0,0
1,31,16,From Corner,Denmark,3857254,0 days 00:31:16,0,0,0,0,0,0,1,0,0
1,31,18,From Corner,Tunisia,3857254,0 days 00:31:18,0,1,0,0,0,0,0,0,0
1,31,21,From Corner,Denmark,3857254,0 days 00:31:21,0,0,0,0,0,0,1,0,0
1,31,22,Regular Play,Tunisia,3857254,0 days 00:31:22,0,0,0,0,0,0,1,0,0
1,31,27,Regular Play,Tunisia,3857254,0 days 00:31:27,0,0,0,0,0,0,1,0,0
1,31,29,Regular Play,Tunisia,3857254,0 days 00:31:29,0,0,0,0,0,0,1,0,0
1,31,30,Regular Play,Tunisia,3857254,0 days 00:31:30,0,0,0,0,0,0,1,0,0
1,31,31,Regular Play,Denmark,3857254,0 days 00:31:31,0,0,0,0,1,0,0,0,0
1,31,32,Regular Play,Tunisia,3857254,0 days 00:31:32,0,0,0,1,0,0,0,0,0
1,31,35,Regular Play,Tunisia,3857254,0 days 00:31:35,0,0,0,0,0,0,1,0,0
1,31,38,Regular Play,Tunisia,3857254,0 days 00:31:38,0,0,0,1,0,0,0,0,0
1,31,38,Regular Play,Denmark,3857254,0 days 00:31:38,0,0,0,0,0,0,0,0,1
1,31,39,Regular Play,Denmark,3857254,0 days 00:31:39,1,0,0,0,0,0,0,0,0
1,31,41,Regular Play,Denmark,3857254,0 days 00:31:41,0,0,0,0,0,0,1,0,0
1,31,42,Regular Play,Denmark,3857254,0 days 00:31:42,0,0,0,0,0,0,1,0,0
1,31,44,Regular Play,Denmark,3857254,0 days 00:31:44,0,0,0,0,0,0,1,0,0
1,31,44,Regular Play,Denmark,3857254,0 days 00:31:44,0,0,0,0,0,0,1,0,0
1,31,47,Regular Play,Denmark,3857254,0 days 00:31:47,0,0,0,0,0,0,1,0,0
1,31,49,Regular Play,Denmark,3857254,0 days 00:31:49,0,0,0,0,0,0,1,0,0
1,31,51,Regular Play,Denmark,3857254,0 days 00:31:51,0,0,0,0,0,0,1,0,0
1,31,51,Regular Play,Denmark,3857254,0 days 00:31:51,0,0,0,0,0,0,1,0,0
1,31,56,Regular Play,Denmark,3857254,0 days 00:31:56,0,0,0,0,0,0,1,0,0
1,31,59,Regular Play,Denmark,3857254,0 days 00:31:59,0,0,0,0,0,0,1,0,0
1,22,0,Regular Play,Spain,3857255,0 days 00:22:00,0,0,0,0,0,0,1,0,0
1,22,3,Regular Play,Spain,3857255,0 days 00:22:03,0,0,0,0,0,0,1,0,0
1,22,7,Regular Play,Spain,3857255,0 days 00:22:07,0,0,0,0,0,0,1,0,0
1,22,8,Regular Play,Spain,3857255,0 days 00:22:08,0,0,0,0,0,0,1,0,0
1,22,10,Regular Play,Spain,3857255,0 days 00:22:10,0,0,0,0,0,0,1,0,0
1,22,18,Regular Play,Spain,3857255,0 days 00:22:18,0,0,0,0,0,0,1,0,0
1,22,20,Regular Play,Spain,3857255,0 days 00:22:20,0,0,0,0,0,0,1,0,0
1,22,22,Regular Play,Spain,3857255,0 days 00:22:22,0,0,0,0,0,0,1,0,0
1,22,23,Regular Play,Spain,3857255,0 days 00:22:23,0,0,0,0,0,0,1,0,0
1,22,29,Regular Play,Spain,3857255,0 days 00:22:29,0,0,0,0,0,0,1,0,0
1,22,30,Regular Play,Spain,3857255,0 days 00:22:30,0,0,0,0,0,0,1,0,0
1,22,33,Regular Play,Spain,3857255,0 days 00:22:33,0,0,0,0,0,0,1,0,0
1,22,34,Regular Play,Spain,3857255,0 days 00:22:34,0,0,0,0,0,0,0,1,0
1,22,39,From Keeper,Japan,3857255,0 days 00:22:39,0,0,0,0,0,0,1,0,0
1,22,41,From Keeper,Japan,3857255,0 days 00:22:41,0,0,0,0,0,0,1,0,0
1,22,42,From Keeper,Spain,3857255,0 days 00:22:42,0,0,0,0,0,0,1,0,0
1,22,44,From Keeper,Japan,3857255,0 days 00:22:44,0,0,0,0,0,0,1,0,0
1,22,49,From Keeper,Japan,3857255,0 days 00:22:49,0,0,0,0,0,0,1,0,0
1,22,50,Regular Play,Spain,3857255,0 days 00:22:50,1,0,0,0,0,0,0,0,0
1,22,51,Regular Play,Spain,3857255,0 days 00:22:51,0,0,0,0,0,0,1,0,0
1,22,53,Regular Play,Spain,3857255,0 days 00:22:53,0,0,0,0,0,0,1,0,0
1,22,53,Regular Play,Spain,3857255,0 days 00:22:53,0,0,0,0,0,0,1,0,0
1,22,57,Regular Play,Spain,3857255,0 days 00:22:57,0,0,0,0,0,0,1,0,0
1,22,59,Regular Play,Spain,3857255,0 days 00:22:59,0,0,0,0,0,0,1,0,0
1,23,1,Regular Play,Spain,3857255,0 days 00:23:01,0,0,0,0,0,0,1,0,0
1,23,3,Regular Play,Spain,3857255,0 days 00:23:03,0,0,0,0,0,0,1,0,0
1,23,7,Regular Play,Spain,3857255,0 days 00:23:07,0,0,0,0,0,0,1,0,0
1,23,11,Regular Play,Spain,3857255,0 days 00:23:11,0,0,0,0,0,0,1,0,0
1,23,13,Regular Play,Spain,3857255,0 days 00:23:13,0,0,0,0,0,0,1,0,0
1,23,18,Regular Play,Spain,3857255,0 days 00:23:18,0,0,0,0,0,0,1,0,0
1,23,25,Regular Play,Spain,3857255,0 days 00:23:25,0,0,0,0,0,0,1,0,0
1,23,28,Regular Play,Spain,3857255,0 days 00:23:28,0,0,0,0,0,0,1,0,0
1,23,35,Regular Play,Spain,3857255,0 days 00:23:35,0,0,0,0,0,0,1,0,0
1,23,38,Regular Play,Spain,3857255,0 days 00:23:38,0,0,0,0,0,0,1,0,0
1,23,41,Regular Play,Spain,3857255,0 days 00:23:41,0,0,0,0,0,0,1,0,0
1,23,44,Regular Play,Spain,3857255,0 days 00:23:44,0,0,0,0,0,0,1,0,0
1,23,44,Regular Play,Spain,3857255,0 days 00:23:44,0,0,0,0,0,0,1,0,0
1,23,46,Regular Play,Spain,3857255,0 days 00:23:46,0,0,0,0,0,0,1,0,0
1,23,53,Regular Play,Spain,3857255,0 days 00:23:53,0,0,0,0,0,0,1,0,0
1,24,47,From Free Kick,Japan,3857255,0 days 00:24:47,0,0,0,0,0,0,1,0,0
1,24,49,From Free Kick,Japan,3857255,0 days 00:24:49,0,0,0,0,0,0,1,0,0
1,24,53,From Free Kick,Japan,3857255,0 days 00:24:53,0,0,0,0,0,0,1,0,0
1,24,54,From Free Kick,Japan,3857255,0 days 00:24:54,0,0,0,0,0,0,1,0,0
1,24,55,From Free Kick,Japan,3857255,0 days 00:24:55,0,0,0,0,0,0,1,0,0
1,25,15,From Free Kick,Spain,3857255,0 days 00:25:15,0,0,0,0,0,0,1,0,0
1,25,18,From Free Kick,Spain,3857255,0 days 00:25:18,0,0,0,0,0,0,1,0,0
1,25,24,From Free Kick,Spain,3857255,0 days 00:25:24,0,0,0,0,0,0,1,0,0
1,25,27,From Free Kick,Spain,3857255,0 days 00:25:27,0,0,0,0,0,0,1,0,0
1,25,36,From Free Kick,Spain,3857255,0 days 00:25:36,0,0,0,0,0,0,1,0,0
1,25,39,From Free Kick,Spain,3857255,0 days 00:25:39,0,0,0,0,0,0,1,0,0
1,25,42,Regular Play,Japan,3857255,0 days 00:25:42,0,0,0,0,0,0,1,0,0
1,25,44,Regular Play,Japan,3857255,0 days 00:25:44,0,0,0,0,0,0,1,0,0
1,25,46,Regular Play,Japan,3857255,0 days 00:25:46,0,0,0,0,0,0,1,0,0
1,25,48,Regular Play,Japan,3857255,0 days 00:25:48,0,0,1,0,0,0,0,0,0
1,25,48,Regular Play,Spain,3857255,0 days 00:25:48,0,0,0,0,0,0,0,0,1
1,25,49,Regular Play,Spain,3857255,0 days 00:25:49,1,0,0,0,0,0,0,0,0
1,25,51,Regular Play,Spain,3857255,0 days 00:25:51,0,0,0,0,0,0,1,0,0
1,25,51,Regular Play,Spain,3857255,0 days 00:25:51,0,0,0,0,0,0,1,0,0
1,25,53,Regular Play,Spain,3857255,0 days 00:25:53,0,0,0,0,0,0,1,0,0
1,25,56,Regular Play,Spain,3857255,0 days 00:25:56,0,0,0,0,0,0,1,0,0
1,26,0,Regular Play,Spain,3857255,0 days 00:26:00,0,0,0,0,0,0,1,0,0
1,26,3,Regular Play,Spain,3857255,0 days 00:26:03,0,0,0,0,0,0,1,0,0
1,26,13,Regular Play,Spain,3857255,0 days 00:26:13,0,0,0,0,0,0,1,0,0
1,26,20,Regular Play,Spain,3857255,0 days 00:26:20,0,0,0,0,0,0,1,0,0
1,26,22,Regular Play,Spain,3857255,0 days 00:26:22,0,0,0,0,0,0,1,0,0
1,26,23,Regular Play,Japan,3857255,0 days 00:26:23,0,0,0,0,0,0,1,0,0
1,26,26,Regular Play,Japan,3857255,0 days 00:26:26,0,0,0,0,0,0,1,0,0
1,26,29,Regular Play,Japan,3857255,0 days 00:26:29,0,0,0,0,0,0,1,0,0
1,26,30,Regular Play,Japan,3857255,0 days 00:26:30,0,0,0,0,0,0,1,0,0
1,26,32,Regular Play,Spain,3857255,0 days 00:26:32,0,0,0,0,0,0,1,0,0
1,26,37,Regular Play,Spain,3857255,0 days 00:26:37,0,0,0,0,0,0,1,0,0
1,26,41,Regular Play,Spain,3857255,0 days 00:26:41,0,0,0,0,0,0,1,0,0
1,26,43,Regular Play,Spain,3857255,0 days 00:26:43,0,0,0,0,0,0,1,0,0
1,26,44,Regular Play,Spain,3857255,0 days 00:26:44,0,0,0,0,0,0,1,0,0
1,26,47,Regular Play,Spain,3857255,0 days 00:26:47,0,0,0,0,0,0,1,0,0
1,26,51,Regular Play,Spain,3857255,0 days 00:26:51,0,0,0,0,0,0,1,0,0
1,26,53,Regular Play,Spain,3857255,0 days 00:26:53,0,0,0,0,0,0,1,0,0
1,26,55,Regular Play,Spain,3857255,0 days 00:26:55,0,0,0,0,0,0,1,0,0
1,26,59,Regular Play,Spain,3857255,0 days 00:26:59,0,0,0,0,0,0,1,0,0
1,27,3,Regular Play,Spain,3857255,0 days 00:27:03,0,0,0,0,0,0,1,0,0
1,27,5,Regular Play,Spain,3857255,0 days 00:27:05,0,0,0,0,0,0,1,0,0
1,27,6,Regular Play,Japan,3857255,0 days 00:27:06,0,0,0,0,1,0,0,0,0
1,27,19,From Free Kick,Spain,3857255,0 days 00:27:19,0,0,0,0,0,0,1,0,0
1,27,21,From Free Kick,Spain,3857255,0 days 00:27:21,0,0,0,0,0,0,1,0,0
1,27,24,From Free Kick,Spain,3857255,0 days 00:27:24,0,0,0,0,0,0,1,0,0
1,27,26,From Free Kick,Spain,3857255,0 days 00:27:26,0,0,0,0,0,0,1,0,0
1,27,28,From Free Kick,Spain,3857255,0 days 00:27:28,0,0,0,0,0,0,1,0,0
1,27,30,From Free Kick,Spain,3857255,0 days 00:27:30,0,0,0,0,0,0,1,0,0
1,27,32,From Free Kick,Spain,3857255,0 days 00:27:32,0,0,0,0,0,0,1,0,0
1,27,35,From Free Kick,Spain,3857255,0 days 00:27:35,0,0,0,0,0,0,1,0,0
1,27,36,From Free Kick,Spain,3857255,0 days 00:27:36,0,0,0,0,0,0,1,0,0
1,27,40,From Free Kick,Spain,3857255,0 days 00:27:40,0,0,0,0,0,0,1,0,0
1,27,43,From Free Kick,Spain,3857255,0 days 00:27:43,0,0,0,1,0,0,0,0,0
1,27,44,From Free Kick,Spain,3857255,0 days 00:27:44,0,0,0,0,0,0,1,0,0
1,27,47,From Free Kick,Japan,3857255,0 days 00:27:47,1,0,0,0,0,0,0,0,0
1,27,48,From Free Kick,Japan,3857255,0 days 00:27:48,0,0,0,0,0,0,1,0,0
1,27,52,From Free Kick,Spain,3857255,0 days 00:27:52,1,0,0,0,0,0,0,0,0
1,27,56,From Free Kick,Spain,3857255,0 days 00:27:56,0,0,0,0,0,0,1,0,0
1,27,59,Regular Play,Japan,3857255,0 days 00:27:59,1,0,0,0,0,0,0,0,0
1,28,1,Regular Play,Japan,3857255,0 days 00:28:01,0,0,0,0,0,0,1,0,0
1,28,4,Regular Play,Japan,3857255,0 days 00:28:04,0,0,0,0,0,0,1,0,0
1,28,6,Regular Play,Japan,3857255,0 days 00:28:06,0,0,0,1,0,0,0,0,0
1,28,6,Regular Play,Spain,3857255,0 days 00:28:06,0,0,0,0,0,0,0,0,1
1,28,9,Regular Play,Spain,3857255,0 days 00:28:09,0,0,0,0,0,0,1,0,0
1,28,10,Regular Play,Spain,3857255,0 days 00:28:10,0,0,0,0,0,0,1,0,0
1,28,12,Regular Play,Spain,3857255,0 days 00:28:12,0,0,0,0,0,0,1,0,0
1,28,12,Regular Play,Spain,3857255,0 days 00:28:12,0,0,0,0,0,0,1,0,0
1,28,15,Regular Play,Spain,3857255,0 days 00:28:15,0,0,0,0,0,0,1,0,0
1,28,18,Regular Play,Spain,3857255,0 days 00:28:18,0,0,0,0,0,0,1,0,0
1,28,21,Regular Play,Spain,3857255,0 days 00:28:21,0,0,0,0,0,0,1,0,0
1,28,23,Regular Play,Spain,3857255,0 days 00:28:23,0,0,0,0,0,0,1,0,0
1,28,26,Regular Play,Spain,3857255,0 days 00:28:26,0,0,0,0,0,0,1,0,0
1,28,28,Regular Play,Spain,3857255,0 days 00:28:28,0,0,0,0,0,0,1,0,0
1,28,30,Regular Play,Spain,3857255,0 days 00:28:30,0,0,0,0,0,0,1,0,0
1,28,32,Regular Play,Spain,3857255,0 days 00:28:32,0,0,0,0,0,0,1,0,0
1,28,34,Regular Play,Spain,3857255,0 days 00:28:34,0,0,0,0,0,0,1,0,0
1,28,38,Regular Play,Spain,3857255,0 days 00:28:38,0,0,0,0,0,0,1,0,0
1,28,41,Regular Play,Spain,3857255,0 days 00:28:41,0,0,0,0,0,0,1,0,0
1,28,45,Regular Play,Spain,3857255,0 days 00:28:45,0,0,0,0,0,0,1,0,0
1,28,46,Regular Play,Spain,3857255,0 days 00:28:46,0,0,0,0,0,0,1,0,0
1,28,49,Regular Play,Spain,3857255,0 days 00:28:49,0,0,0,0,0,0,1,0,0
1,28,51,Regular Play,Spain,3857255,0 days 00:28:51,0,0,0,0,0,0,1,0,0
1,28,53,Regular Play,Spain,3857255,0 days 00:28:53,0,0,0,0,0,0,1,0,0
1,28,55,Regular Play,Spain,3857255,0 days 00:28:55,0,0,0,0,0,0,1,0,0
1,28,59,Regular Play,Spain,3857255,0 days 00:28:59,0,0,0,0,0,0,1,0,0
1,29,2,Regular Play,Spain,3857255,0 days 00:29:02,0,0,0,0,0,0,1,0,0
1,29,5,Regular Play,Spain,3857255,0 days 00:29:05,0,0,0,0,0,0,1,0,0
1,29,7,Regular Play,Spain,3857255,0 days 00:29:07,0,0,0,0,0,0,1,0,0
1,29,11,Regular Play,Spain,3857255,0 days 00:29:11,0,0,0,0,0,0,1,0,0
1,29,15,Regular Play,Spain,3857255,0 days 00:29:15,0,0,0,0,0,0,1,0,0
1,29,17,Regular Play,Spain,3857255,0 days 00:29:17,0,0,0,0,0,0,1,0,0
1,29,22,Regular Play,Spain,3857255,0 days 00:29:22,0,0,0,0,0,0,1,0,0
1,29,25,Regular Play,Spain,3857255,0 days 00:29:25,0,0,0,0,0,0,1,0,0
1,29,30,Regular Play,Spain,3857255,0 days 00:29:30,0,0,0,0,0,0,1,0,0
1,29,33,Regular Play,Spain,3857255,0 days 00:29:33,0,0,0,0,0,0,1,0,0
1,29,39,Regular Play,Spain,3857255,0 days 00:29:39,0,0,0,0,0,0,1,0,0
1,29,41,Regular Play,Spain,3857255,0 days 00:29:41,0,0,0,0,0,0,1,0,0
1,29,45,Regular Play,Spain,3857255,0 days 00:29:45,0,0,0,0,0,0,1,0,0
1,29,49,Regular Play,Japan,3857255,0 days 00:29:49,0,0,0,0,0,0,1,0,0
1,29,51,Regular Play,Japan,3857255,0 days 00:29:51,0,0,0,0,0,0,1,0,0
1,29,55,Regular Play,Japan,3857255,0 days 00:29:55,0,0,0,0,0,0,1,0,0
1,29,57,Regular Play,Japan,3857255,0 days 00:29:57,0,0,0,0,0,0,1,0,0
1,29,57,Regular Play,Spain,3857255,0 days 00:29:57,0,0,0,0,1,0,0,0,0
1,29,59,Regular Play,Japan,3857255,0 days 00:29:59,0,0,0,0,0,0,1,0,0
1,30,2,Regular Play,Japan,3857255,0 days 00:30:02,0,0,0,0,0,0,1,0,0
1,30,5,Regular Play,Spain,3857255,0 days 00:30:05,0,0,0,0,0,0,1,0,0
1,30,6,Regular Play,Japan,3857255,0 days 00:30:06,0,0,0,0,0,0,1,0,0
1,30,10,Regular Play,Japan,3857255,0 days 00:30:10,0,0,0,0,0,0,1,0,0
1,30,15,Regular Play,Japan,3857255,0 days 00:30:15,0,0,0,0,0,0,1,0,0
1,30,17,Regular Play,Japan,3857255,0 days 00:30:17,0,0,0,0,0,0,1,0,0
1,30,18,Regular Play,Japan,3857255,0 days 00:30:18,0,0,0,0,0,0,1,0,0
1,30,19,Regular Play,Japan,3857255,0 days 00:30:19,0,0,0,0,0,0,1,0,0
1,30,22,Regular Play,Japan,3857255,0 days 00:30:22,0,0,0,0,0,0,1,0,0
1,30,24,Regular Play,Japan,3857255,0 days 00:30:24,0,0,0,0,0,0,1,0,0
1,30,25,Regular Play,Japan,3857255,0 days 00:30:25,0,0,0,0,0,0,1,0,0
1,30,26,Regular Play,Japan,3857255,0 days 00:30:26,0,0,0,0,0,0,1,0,0
1,30,30,Regular Play,Japan,3857255,0 days 00:30:30,0,0,0,0,0,0,1,0,0
1,30,33,Regular Play,Japan,3857255,0 days 00:30:33,0,0,0,0,0,0,1,0,0
1,30,36,Regular Play,Japan,3857255,0 days 00:30:36,0,0,0,0,0,0,1,0,0
1,30,38,Regular Play,Spain,3857255,0 days 00:30:38,0,0,0,0,0,0,1,0,0
1,30,38,Regular Play,Spain,3857255,0 days 00:30:38,0,0,0,0,0,0,1,0,0
1,30,41,Regular Play,Japan,3857255,0 days 00:30:41,0,0,0,0,0,0,1,0,0
1,30,42,Regular Play,Japan,3857255,0 days 00:30:42,0,0,0,0,0,0,1,0,0
1,30,43,Regular Play,Spain,3857255,0 days 00:30:43,0,0,0,0,0,0,1,0,0
1,30,45,Regular Play,Spain,3857255,0 days 00:30:45,0,0,0,0,0,0,1,0,0
1,30,45,Regular Play,Spain,3857255,0 days 00:30:45,0,0,0,0,0,0,1,0,0
1,30,47,Regular Play,Spain,3857255,0 days 00:30:47,0,0,0,0,0,0,1,0,0
1,30,54,Regular Play,Spain,3857255,0 days 00:30:54,0,0,0,0,0,0,1,0,0
1,30,57,Regular Play,Spain,3857255,0 days 00:30:57,0,0,0,0,0,0,1,0,0
1,30,59,Regular Play,Spain,3857255,0 days 00:30:59,0,0,0,0,0,0,1,0,0
1,31,3,Regular Play,Spain,3857255,0 days 00:31:03,0,0,0,0,0,0,1,0,0
1,31,7,Regular Play,Spain,3857255,0 days 00:31:07,0,0,0,0,0,0,1,0,0
1,31,11,Regular Play,Spain,3857255,0 days 00:31:11,0,0,0,0,0,0,1,0,0
1,31,13,Regular Play,Spain,3857255,0 days 00:31:13,0,0,0,0,0,0,1,0,0
1,31,18,Regular Play,Spain,3857255,0 days 00:31:18,0,0,0,0,0,0,1,0,0
1,31,24,Regular Play,Japan,3857255,0 days 00:31:24,0,0,0,0,1,0,0,0,0
1,22,2,From Free Kick,Serbia,3857256,0 days 00:22:02,0,0,0,0,0,0,1,0,0
1,22,6,From Free Kick,Serbia,3857256,0 days 00:22:06,0,0,0,0,0,0,1,0,0
1,22,10,From Free Kick,Serbia,3857256,0 days 00:22:10,0,0,0,0,0,0,1,0,0
1,22,13,From Free Kick,Serbia,3857256,0 days 00:22:13,0,0,0,0,0,0,1,0,0
1,22,15,From Free Kick,Serbia,3857256,0 days 00:22:15,0,0,0,0,0,0,0,1,0
1,22,25,From Keeper,Switzerland,3857256,0 days 00:22:25,0,0,0,0,0,0,1,0,0
1,22,31,From Keeper,Switzerland,3857256,0 days 00:22:31,0,0,0,0,0,0,1,0,0
1,22,34,From Keeper,Switzerland,3857256,0 days 00:22:34,0,0,0,0,0,0,1,0,0
1,22,36,From Keeper,Switzerland,3857256,0 days 00:22:36,0,0,0,0,0,0,1,0,0
1,22,40,From Keeper,Switzerland,3857256,0 days 00:22:40,0,0,0,0,0,0,1,0,0
1,22,42,From Keeper,Switzerland,3857256,0 days 00:22:42,0,0,0,0,0,0,1,0,0
1,22,46,From Keeper,Switzerland,3857256,0 days 00:22:46,0,0,0,0,0,0,1,0,0
1,22,49,Regular Play,Serbia,3857256,0 days 00:22:49,1,0,0,0,0,0,0,0,0
1,22,55,Regular Play,Serbia,3857256,0 days 00:22:55,0,0,0,0,0,0,1,0,0
1,23,1,Regular Play,Serbia,3857256,0 days 00:23:01,0,0,0,0,0,0,1,0,0
1,23,4,Regular Play,Serbia,3857256,0 days 00:23:04,0,0,0,0,0,0,1,0,0
1,23,7,Regular Play,Serbia,3857256,0 days 00:23:07,0,0,0,0,0,0,1,0,0
1,23,9,Regular Play,Serbia,3857256,0 days 00:23:09,0,0,0,0,1,0,0,0,0
1,23,9,Regular Play,Switzerland,3857256,0 days 00:23:09,0,0,0,0,0,0,1,0,0
1,23,14,Regular Play,Switzerland,3857256,0 days 00:23:14,0,0,0,0,0,0,1,0,0
1,23,18,Regular Play,Switzerland,3857256,0 days 00:23:18,0,0,0,1,0,0,0,0,0
1,23,20,Regular Play,Serbia,3857256,0 days 00:23:20,0,0,0,0,0,0,1,0,0
1,23,21,Regular Play,Serbia,3857256,0 days 00:23:21,0,0,0,0,0,0,1,0,0
1,23,22,Regular Play,Serbia,3857256,0 days 00:23:22,0,0,0,0,0,0,1,0,0
1,23,24,Regular Play,Serbia,3857256,0 days 00:23:24,0,0,0,0,0,0,1,0,0
1,23,26,Regular Play,Serbia,3857256,0 days 00:23:26,0,0,0,0,0,0,1,0,0
1,23,47,From Throw In,Serbia,3857256,0 days 00:23:47,0,0,0,0,0,0,1,0,0
1,23,51,From Throw In,Serbia,3857256,0 days 00:23:51,0,0,0,0,0,0,1,0,0
1,23,53,From Throw In,Serbia,3857256,0 days 00:23:53,0,0,0,0,0,0,1,0,0
1,24,2,From Throw In,Serbia,3857256,0 days 00:24:02,0,0,0,0,0,0,1,0,0
1,24,5,From Throw In,Serbia,3857256,0 days 00:24:05,0,0,0,0,0,0,1,0,0
1,24,9,From Throw In,Serbia,3857256,0 days 00:24:09,0,0,0,0,0,0,1,0,0
1,24,11,From Throw In,Serbia,3857256,0 days 00:24:11,0,0,0,0,0,0,1,0,0
1,24,14,From Throw In,Serbia,3857256,0 days 00:24:14,0,0,0,0,0,0,1,0,0
1,24,21,From Throw In,Serbia,3857256,0 days 00:24:21,0,0,0,0,0,0,1,0,0
1,24,25,From Throw In,Serbia,3857256,0 days 00:24:25,0,0,0,0,0,0,1,0,0
1,24,28,From Throw In,Serbia,3857256,0 days 00:24:28,0,0,0,0,0,0,1,0,0
1,24,30,From Throw In,Serbia,3857256,0 days 00:24:30,0,0,0,0,0,0,1,0,0
1,24,32,From Throw In,Serbia,3857256,0 days 00:24:32,0,0,0,0,0,0,1,0,0
1,24,33,From Throw In,Serbia,3857256,0 days 00:24:33,0,0,0,0,0,0,1,0,0
1,24,39,From Throw In,Serbia,3857256,0 days 00:24:39,0,0,0,0,0,0,1,0,0
1,24,40,From Throw In,Serbia,3857256,0 days 00:24:40,0,0,0,0,0,0,1,0,0
1,24,47,From Throw In,Serbia,3857256,0 days 00:24:47,0,0,0,0,0,0,1,0,0
1,24,48,From Throw In,Switzerland,3857256,0 days 00:24:48,0,1,0,0,0,0,0,0,0
1,24,53,From Throw In,Serbia,3857256,0 days 00:24:53,1,0,0,0,0,0,0,0,0
1,24,54,From Throw In,Serbia,3857256,0 days 00:24:54,0,0,0,0,0,0,1,0,0
1,24,56,From Throw In,Serbia,3857256,0 days 00:24:56,0,0,0,0,0,0,1,0,0
1,24,59,From Counter,Switzerland,3857256,0 days 00:24:59,1,0,0,0,0,0,0,0,0
1,25,0,From Counter,Switzerland,3857256,0 days 00:25:00,0,0,0,0,0,0,1,0,0
1,25,2,From Counter,Serbia,3857256,0 days 00:25:02,0,0,0,0,1,0,0,0,0
1,25,14,From Free Kick,Switzerland,3857256,0 days 00:25:14,0,0,0,0,0,0,1,0,0
1,25,16,From Free Kick,Switzerland,3857256,0 days 00:25:16,0,0,0,0,0,0,1,0,0
1,25,18,From Free Kick,Switzerland,3857256,0 days 00:25:18,0,0,0,0,0,0,1,0,0
1,25,20,From Free Kick,Switzerland,3857256,0 days 00:25:20,0,0,0,0,0,0,1,0,0
1,25,24,From Free Kick,Switzerland,3857256,0 days 00:25:24,0,0,0,0,0,0,1,0,0
1,25,27,From Free Kick,Serbia,3857256,0 days 00:25:27,0,0,0,0,0,1,0,0,0
1,25,33,From Throw In,Switzerland,3857256,0 days 00:25:33,0,0,0,0,0,0,1,0,0
1,25,36,From Throw In,Switzerland,3857256,0 days 00:25:36,0,0,0,0,0,0,1,0,0
1,25,39,From Throw In,Switzerland,3857256,0 days 00:25:39,0,0,0,0,0,0,1,0,0
1,25,42,From Throw In,Switzerland,3857256,0 days 00:25:42,0,0,0,0,0,0,1,0,0
1,25,47,From Throw In,Switzerland,3857256,0 days 00:25:47,0,0,0,1,0,0,0,0,0
1,25,49,Regular Play,Serbia,3857256,0 days 00:25:49,0,0,0,0,0,0,1,0,0
1,25,55,Regular Play,Serbia,3857256,0 days 00:25:55,0,0,0,0,0,0,1,0,0
1,25,56,Regular Play,Serbia,3857256,0 days 00:25:56,0,0,0,0,0,0,0,1,0
1,27,4,From Kick Off,Switzerland,3857256,0 days 00:27:04,0,0,0,0,0,0,1,0,0
1,27,8,From Kick Off,Switzerland,3857256,0 days 00:27:08,0,0,0,0,0,0,1,0,0
1,27,12,From Kick Off,Switzerland,3857256,0 days 00:27:12,0,0,0,0,0,0,1,0,0
1,27,14,From Kick Off,Switzerland,3857256,0 days 00:27:14,0,0,0,0,0,0,1,0,0
1,27,18,Regular Play,Serbia,3857256,0 days 00:27:18,1,0,0,0,0,0,0,0,0
1,27,23,Regular Play,Serbia,3857256,0 days 00:27:23,0,0,0,0,0,0,1,0,0
1,27,28,Regular Play,Serbia,3857256,0 days 00:27:28,0,0,0,0,0,0,1,0,0
1,27,30,Regular Play,Serbia,3857256,0 days 00:27:30,0,0,0,0,0,0,1,0,0
1,27,35,Regular Play,Serbia,3857256,0 days 00:27:35,0,0,0,0,0,0,1,0,0
1,27,36,Regular Play,Serbia,3857256,0 days 00:27:36,0,0,0,0,0,0,1,0,0
1,27,38,Regular Play,Serbia,3857256,0 days 00:27:38,0,0,0,0,0,0,1,0,0
1,27,39,Regular Play,Serbia,3857256,0 days 00:27:39,0,0,0,0,0,0,1,0,0
1,27,41,Regular Play,Serbia,3857256,0 days 00:27:41,0,0,0,0,0,0,1,0,0
1,27,48,Regular Play,Serbia,3857256,0 days 00:27:48,0,0,0,0,0,0,1,0,0
1,27,53,Regular Play,Serbia,3857256,0 days 00:27:53,0,0,0,0,0,0,1,0,0
1,27,54,Regular Play,Serbia,3857256,0 days 00:27:54,0,0,0,0,0,0,1,0,0
1,27,55,Regular Play,Switzerland,3857256,0 days 00:27:55,0,0,0,0,0,0,1,0,0
1,28,15,From Throw In,Serbia,3857256,0 days 00:28:15,0,0,0,0,0,0,1,0,0
1,28,19,From Throw In,Serbia,3857256,0 days 00:28:19,0,0,0,0,0,0,1,0,0
1,28,24,From Throw In,Serbia,3857256,0 days 00:28:24,0,0,0,0,0,0,1,0,0
1,28,26,From Throw In,Serbia,3857256,0 days 00:28:26,0,0,0,0,0,0,1,0,0
1,28,29,From Throw In,Serbia,3857256,0 days 00:28:29,0,0,0,0,0,0,1,0,0
1,28,34,From Throw In,Serbia,3857256,0 days 00:28:34,0,0,0,0,0,0,1,0,0
1,28,35,From Throw In,Serbia,3857256,0 days 00:28:35,0,0,0,0,0,0,1,0,0
1,28,37,From Throw In,Serbia,3857256,0 days 00:28:37,0,0,0,0,0,0,1,0,0
1,28,39,From Throw In,Serbia,3857256,0 days 00:28:39,0,0,0,0,0,0,1,0,0
1,28,42,From Throw In,Serbia,3857256,0 days 00:28:42,0,0,0,0,0,0,1,0,0
1,28,42,From Throw In,Serbia,3857256,0 days 00:28:42,0,0,0,0,0,0,1,0,0
1,28,45,From Throw In,Switzerland,3857256,0 days 00:28:45,1,0,0,0,0,0,0,0,0
1,28,46,From Throw In,Switzerland,3857256,0 days 00:28:46,0,0,0,0,0,0,1,0,0
1,28,46,From Throw In,Switzerland,3857256,0 days 00:28:46,0,0,0,0,0,0,1,0,0
1,28,49,From Throw In,Serbia,3857256,0 days 00:28:49,1,0,0,0,0,0,0,0,0
1,28,54,From Throw In,Serbia,3857256,0 days 00:28:54,0,0,1,0,0,0,0,0,0
1,28,54,Regular Play,Switzerland,3857256,0 days 00:28:54,0,0,0,0,0,0,0,0,1
1,28,56,Regular Play,Serbia,3857256,0 days 00:28:56,0,0,0,0,1,0,0,0,0
1,29,29,From Free Kick,Switzerland,3857256,0 days 00:29:29,0,0,0,0,0,0,1,0,0
1,29,32,From Free Kick,Switzerland,3857256,0 days 00:29:32,0,0,0,0,0,0,1,0,0
1,29,36,From Free Kick,Switzerland,3857256,0 days 00:29:36,0,0,0,0,0,0,1,0,0
1,29,41,From Free Kick,Switzerland,3857256,0 days 00:29:41,0,0,0,0,0,0,1,0,0
1,29,44,From Free Kick,Switzerland,3857256,0 days 00:29:44,0,0,0,0,0,0,1,0,0
1,29,49,From Free Kick,Switzerland,3857256,0 days 00:29:49,0,0,0,0,0,0,1,0,0
1,29,53,From Free Kick,Switzerland,3857256,0 days 00:29:53,0,0,0,0,0,0,0,1,0
1,30,33,From Goal Kick,Serbia,3857256,0 days 00:30:33,0,0,0,0,0,0,1,0,0
1,30,37,From Goal Kick,Switzerland,3857256,0 days 00:30:37,0,1,0,0,0,0,0,0,0
1,30,41,From Goal Kick,Switzerland,3857256,0 days 00:30:41,0,0,0,0,0,0,1,0,0
1,30,42,From Goal Kick,Serbia,3857256,0 days 00:30:42,0,0,0,0,0,0,1,0,0
1,30,43,From Goal Kick,Serbia,3857256,0 days 00:30:43,0,0,0,0,0,0,1,0,0
1,30,45,From Goal Kick,Serbia,3857256,0 days 00:30:45,0,0,0,0,0,0,1,0,0
1,30,46,From Goal Kick,Serbia,3857256,0 days 00:30:46,0,0,0,0,0,0,1,0,0
1,30,49,From Goal Kick,Serbia,3857256,0 days 00:30:49,0,0,0,0,0,0,1,0,0
1,30,51,From Goal Kick,Serbia,3857256,0 days 00:30:51,0,0,0,0,0,0,1,0,0
1,30,52,From Goal Kick,Serbia,3857256,0 days 00:30:52,0,0,0,0,0,0,1,0,0
1,31,14,From Throw In,Switzerland,3857256,0 days 00:31:14,0,0,0,0,0,0,1,0,0
1,31,16,From Throw In,Switzerland,3857256,0 days 00:31:16,0,0,0,0,0,0,1,0,0
1,31,18,From Throw In,Serbia,3857256,0 days 00:31:18,0,0,0,0,0,0,1,0,0
1,31,19,From Throw In,Serbia,3857256,0 days 00:31:19,0,0,0,0,0,0,1,0,0
1,31,20,From Throw In,Switzerland,3857256,0 days 00:31:20,0,0,0,0,0,0,1,0,0
1,31,22,From Throw In,Switzerland,3857256,0 days 00:31:22,0,0,0,0,0,0,1,0,0
1,31,23,From Throw In,Switzerland,3857256,0 days 00:31:23,0,0,0,0,0,0,1,0,0
1,31,26,From Throw In,Serbia,3857256,0 days 00:31:26,1,0,0,0,0,0,0,0,0
1,31,47,From Throw In,Switzerland,3857256,0 days 00:31:47,0,0,0,0,0,0,1,0,0
1,31,49,From Throw In,Switzerland,3857256,0 days 00:31:49,0,0,0,0,0,0,1,0,0
1,31,50,From Throw In,Switzerland,3857256,0 days 00:31:50,0,0,0,0,0,0,1,0,0
1,31,52,From Throw In,Switzerland,3857256,0 days 00:31:52,0,0,0,0,0,0,1,0,0
1,31,55,From Throw In,Switzerland,3857256,0 days 00:31:55,0,0,0,0,0,0,1,0,0
1,22,1,From Keeper,Denmark,3857257,0 days 00:22:01,0,0,0,0,0,0,1,0,0
1,22,6,From Keeper,Denmark,3857257,0 days 00:22:06,0,0,0,0,0,0,1,0,0
1,22,7,From Keeper,Australia,3857257,0 days 00:22:07,1,0,0,0,0,0,0,0,0
1,22,9,From Keeper,Australia,3857257,0 days 00:22:09,0,0,0,0,0,0,1,0,0
1,22,11,From Keeper,Denmark,3857257,0 days 00:22:11,0,0,0,0,0,0,1,0,0
1,22,14,From Keeper,Australia,3857257,0 days 00:22:14,0,0,0,0,0,0,1,0,0
1,22,14,From Keeper,Australia,3857257,0 days 00:22:14,0,0,0,0,1,0,0,0,0
1,22,19,From Free Kick,Denmark,3857257,0 days 00:22:19,0,0,0,0,0,0,1,0,0
1,22,21,From Free Kick,Denmark,3857257,0 days 00:22:21,0,0,0,0,0,0,1,0,0
1,22,24,From Free Kick,Denmark,3857257,0 days 00:22:24,0,0,0,0,0,0,1,0,0
1,22,25,From Free Kick,Denmark,3857257,0 days 00:22:25,0,0,0,0,0,0,1,0,0
1,22,27,From Free Kick,Denmark,3857257,0 days 00:22:27,0,0,0,0,0,0,1,0,0
1,22,31,From Free Kick,Denmark,3857257,0 days 00:22:31,0,0,0,0,0,0,1,0,0
1,22,32,From Free Kick,Denmark,3857257,0 days 00:22:32,0,0,0,0,0,0,1,0,0
1,22,36,From Free Kick,Denmark,3857257,0 days 00:22:36,0,0,0,0,0,0,1,0,0
1,22,43,From Free Kick,Denmark,3857257,0 days 00:22:43,0,0,0,0,0,0,1,0,0
1,22,46,From Free Kick,Australia,3857257,0 days 00:22:46,0,0,0,0,0,1,0,0,0
1,23,1,From Throw In,Denmark,3857257,0 days 00:23:01,0,0,0,0,0,0,1,0,0
1,23,3,From Throw In,Denmark,3857257,0 days 00:23:03,0,0,0,0,0,0,1,0,0
1,23,6,From Throw In,Denmark,3857257,0 days 00:23:06,0,0,0,0,0,0,1,0,0
1,23,11,From Throw In,Denmark,3857257,0 days 00:23:11,0,0,0,0,0,0,1,0,0
1,23,14,From Throw In,Denmark,3857257,0 days 00:23:14,0,0,0,0,0,0,1,0,0
1,23,18,From Throw In,Denmark,3857257,0 days 00:23:18,0,0,0,0,0,0,1,0,0
1,23,20,From Throw In,Denmark,3857257,0 days 00:23:20,0,0,0,0,0,0,1,0,0
1,23,23,From Throw In,Denmark,3857257,0 days 00:23:23,0,0,0,0,0,0,1,0,0
1,23,26,From Throw In,Denmark,3857257,0 days 00:23:26,0,0,0,0,0,0,1,0,0
1,23,31,From Throw In,Denmark,3857257,0 days 00:23:31,0,0,0,0,0,0,1,0,0
1,23,35,From Throw In,Denmark,3857257,0 days 00:23:35,0,0,0,0,0,0,1,0,0
1,23,38,From Throw In,Denmark,3857257,0 days 00:23:38,0,0,0,0,0,0,1,0,0
1,23,41,From Throw In,Denmark,3857257,0 days 00:23:41,0,0,0,0,0,0,1,0,0
1,23,43,From Throw In,Denmark,3857257,0 days 00:23:43,0,0,0,0,0,0,1,0,0
1,23,44,From Throw In,Denmark,3857257,0 days 00:23:44,0,0,0,0,0,0,1,0,0
1,23,46,From Throw In,Denmark,3857257,0 days 00:23:46,0,0,0,1,0,0,0,0,0
1,23,46,From Throw In,Australia,3857257,0 days 00:23:46,0,0,0,0,0,0,0,0,1
1,23,49,From Throw In,Australia,3857257,0 days 00:23:49,0,0,0,0,0,0,1,0,0
1,23,54,From Throw In,Australia,3857257,0 days 00:23:54,0,0,0,0,0,0,1,0,0
1,23,56,From Throw In,Denmark,3857257,0 days 00:23:56,0,0,0,0,0,0,1,0,0
1,23,58,From Throw In,Denmark,3857257,0 days 00:23:58,0,0,0,0,0,0,1,0,0
1,24,1,From Throw In,Denmark,3857257,0 days 00:24:01,0,0,0,0,0,0,1,0,0
1,24,4,From Throw In,Denmark,3857257,0 days 00:24:04,0,0,0,0,0,0,1,0,0
1,24,6,From Throw In,Denmark,3857257,0 days 00:24:06,0,0,0,0,0,0,1,0,0
1,24,7,From Throw In,Denmark,3857257,0 days 00:24:07,0,0,0,0,0,0,0,1,0
1,24,28,From Keeper,Australia,3857257,0 days 00:24:28,0,0,0,0,0,0,1,0,0
1,24,31,From Keeper,Denmark,3857257,0 days 00:24:31,0,0,0,0,0,1,0,0,0
1,24,40,From Throw In,Denmark,3857257,0 days 00:24:40,0,0,0,0,0,0,1,0,0
1,24,41,From Throw In,Denmark,3857257,0 days 00:24:41,0,0,0,0,0,0,1,0,0
1,24,43,From Throw In,Denmark,3857257,0 days 00:24:43,0,0,0,0,0,0,1,0,0
1,24,46,From Throw In,Australia,3857257,0 days 00:24:46,0,0,0,0,0,0,1,0,0
1,24,50,From Throw In,Australia,3857257,0 days 00:24:50,0,0,0,0,0,0,1,0,0
1,24,51,From Throw In,Australia,3857257,0 days 00:24:51,0,0,0,0,1,0,0,0,0
1,25,6,From Free Kick,Denmark,3857257,0 days 00:25:06,0,0,0,0,0,0,1,0,0
1,25,9,From Free Kick,Denmark,3857257,0 days 00:25:09,0,0,0,0,0,0,1,0,0
1,25,26,From Throw In,Australia,3857257,0 days 00:25:26,0,0,0,0,0,0,1,0,0
1,25,27,From Throw In,Australia,3857257,0 days 00:25:27,0,0,0,0,0,0,1,0,0
1,25,31,From Throw In,Australia,3857257,0 days 00:25:31,0,0,0,0,0,0,1,0,0
1,25,33,From Throw In,Australia,3857257,0 days 00:25:33,0,0,0,0,0,0,1,0,0
1,25,36,Regular Play,Denmark,3857257,0 days 00:25:36,0,0,0,0,0,0,1,0,0
1,25,39,Regular Play,Denmark,3857257,0 days 00:25:39,0,0,0,0,0,0,1,0,0
1,25,41,Regular Play,Denmark,3857257,0 days 00:25:41,0,0,0,0,0,0,1,0,0
1,25,44,Regular Play,Denmark,3857257,0 days 00:25:44,0,0,0,0,0,0,1,0,0
1,25,45,Regular Play,Denmark,3857257,0 days 00:25:45,0,0,0,0,0,0,1,0,0
1,25,47,Regular Play,Denmark,3857257,0 days 00:25:47,0,0,0,0,0,0,1,0,0
1,26,2,From Free Kick,Australia,3857257,0 days 00:26:02,0,0,0,0,0,0,1,0,0
1,26,5,From Free Kick,Australia,3857257,0 days 00:26:05,0,0,0,0,0,0,1,0,0
1,26,7,From Free Kick,Australia,3857257,0 days 00:26:07,0,0,0,0,0,0,1,0,0
1,26,10,From Free Kick,Australia,3857257,0 days 00:26:10,0,0,0,0,0,0,1,0,0
1,26,12,From Free Kick,Australia,3857257,0 days 00:26:12,0,0,0,0,0,0,1,0,0
1,26,14,From Free Kick,Australia,3857257,0 days 00:26:14,0,0,0,0,0,0,1,0,0
1,26,16,From Free Kick,Australia,3857257,0 days 00:26:16,0,0,0,0,0,0,1,0,0
1,26,20,From Free Kick,Australia,3857257,0 days 00:26:20,0,0,0,0,0,0,1,0,0
1,26,24,From Free Kick,Australia,3857257,0 days 00:26:24,0,0,0,0,0,0,1,0,0
1,26,25,From Free Kick,Australia,3857257,0 days 00:26:25,0,0,0,0,0,0,1,0,0
1,26,29,From Free Kick,Australia,3857257,0 days 00:26:29,0,0,0,1,0,0,0,0,0
1,26,29,From Free Kick,Denmark,3857257,0 days 00:26:29,0,0,0,0,0,0,0,0,1
1,26,30,From Free Kick,Denmark,3857257,0 days 00:26:30,0,0,0,0,0,0,1,0,0
1,26,32,From Free Kick,Denmark,3857257,0 days 00:26:32,0,0,0,0,0,0,1,0,0
1,26,35,From Free Kick,Australia,3857257,0 days 00:26:35,0,0,0,0,0,0,1,0,0
1,26,39,From Free Kick,Australia,3857257,0 days 00:26:39,0,0,0,0,0,0,1,0,0
1,26,42,From Free Kick,Australia,3857257,0 days 00:26:42,0,0,0,0,0,0,1,0,0
1,26,44,From Free Kick,Australia,3857257,0 days 00:26:44,0,0,0,0,0,0,1,0,0
1,26,44,From Free Kick,Australia,3857257,0 days 00:26:44,0,0,0,0,0,0,1,0,0
1,26,47,From Free Kick,Australia,3857257,0 days 00:26:47,0,0,0,0,0,0,1,0,0
1,26,49,From Free Kick,Australia,3857257,0 days 00:26:49,0,0,0,0,0,0,1,0,0
1,26,51,Regular Play,Denmark,3857257,0 days 00:26:51,1,0,0,0,0,0,0,0,0
1,26,59,Regular Play,Denmark,3857257,0 days 00:26:59,0,0,0,0,0,0,1,0,0
1,27,4,Regular Play,Denmark,3857257,0 days 00:27:04,0,0,0,0,0,0,1,0,0
1,27,7,Regular Play,Denmark,3857257,0 days 00:27:07,0,0,0,0,0,0,1,0,0
1,27,8,Regular Play,Denmark,3857257,0 days 00:27:08,0,0,0,0,0,0,1,0,0
1,27,13,Regular Play,Denmark,3857257,0 days 00:27:13,0,0,0,0,0,0,1,0,0
1,27,18,Regular Play,Denmark,3857257,0 days 00:27:18,0,0,0,0,0,0,1,0,0
1,27,24,Regular Play,Denmark,3857257,0 days 00:27:24,0,0,0,0,0,0,1,0,0
1,27,28,Regular Play,Denmark,3857257,0 days 00:27:28,0,0,0,1,0,0,0,0,0
1,27,28,Regular Play,Australia,3857257,0 days 00:27:28,0,0,0,0,0,0,0,0,1
1,27,30,Regular Play,Denmark,3857257,0 days 00:27:30,0,0,0,0,1,0,0,0,0
1,28,4,From Free Kick,Australia,3857257,0 days 00:28:04,0,0,0,0,0,0,1,0,0
1,28,8,From Free Kick,Australia,3857257,0 days 00:28:08,0,0,0,0,0,0,1,0,0
1,28,12,From Free Kick,Australia,3857257,0 days 00:28:12,0,0,0,0,0,0,1,0,0
1,28,14,From Free Kick,Australia,3857257,0 days 00:28:14,0,0,0,0,0,0,1,0,0
1,28,14,From Free Kick,Australia,3857257,0 days 00:28:14,0,0,0,0,0,0,1,0,0
1,28,16,From Free Kick,Australia,3857257,0 days 00:28:16,0,0,0,0,0,0,1,0,0
1,28,17,Regular Play,Denmark,3857257,0 days 00:28:17,0,0,0,0,0,0,1,0,0
1,28,18,Regular Play,Denmark,3857257,0 days 00:28:18,0,0,0,0,0,0,1,0,0
1,28,20,Regular Play,Denmark,3857257,0 days 00:28:20,0,0,0,0,0,0,1,0,0
1,28,22,Regular Play,Denmark,3857257,0 days 00:28:22,0,0,0,0,0,0,1,0,0
1,28,23,Regular Play,Denmark,3857257,0 days 00:28:23,0,0,0,0,0,0,1,0,0
1,28,29,Regular Play,Denmark,3857257,0 days 00:28:29,0,0,0,1,0,0,0,0,0
1,28,30,Regular Play,Denmark,3857257,0 days 00:28:30,0,0,0,0,0,0,1,0,0
1,28,31,Regular Play,Australia,3857257,0 days 00:28:31,0,1,0,0,0,0,0,0,0
1,28,34,Regular Play,Denmark,3857257,0 days 00:28:34,1,0,0,0,0,0,0,0,0
1,28,36,Regular Play,Denmark,3857257,0 days 00:28:36,0,0,0,0,0,0,0,1,0
1,29,0,From Goal Kick,Australia,3857257,0 days 00:29:00,0,0,0,0,0,0,1,0,0
1,29,3,From Goal Kick,Australia,3857257,0 days 00:29:03,0,0,0,0,0,0,1,0,0
1,29,6,Regular Play,Denmark,3857257,0 days 00:29:06,0,0,0,0,0,0,1,0,0
1,29,9,Regular Play,Denmark,3857257,0 days 00:29:09,0,0,0,0,0,0,1,0,0
1,29,10,Regular Play,Australia,3857257,0 days 00:29:10,0,0,0,0,0,1,0,0,0
1,29,13,Regular Play,Denmark,3857257,0 days 00:29:13,1,0,0,0,0,0,0,0,0
1,29,14,Regular Play,Denmark,3857257,0 days 00:29:14,0,0,0,0,0,0,1,0,0
1,29,19,Regular Play,Denmark,3857257,0 days 00:29:19,0,0,0,0,0,0,1,0,0
1,29,21,Regular Play,Denmark,3857257,0 days 00:29:21,0,0,0,0,0,0,1,0,0
1,29,23,Regular Play,Denmark,3857257,0 days 00:29:23,0,0,0,0,0,0,1,0,0
1,29,25,Regular Play,Denmark,3857257,0 days 00:29:25,0,0,0,0,0,0,1,0,0
1,29,26,Regular Play,Denmark,3857257,0 days 00:29:26,0,0,0,0,0,0,1,0,0
1,29,29,Regular Play,Denmark,3857257,0 days 00:29:29,0,0,0,0,0,0,1,0,0
1,29,31,Regular Play,Denmark,3857257,0 days 00:29:31,0,0,0,0,0,0,1,0,0
1,29,34,Regular Play,Denmark,3857257,0 days 00:29:34,0,0,0,0,0,0,1,0,0
1,29,44,Regular Play,Denmark,3857257,0 days 00:29:44,0,0,0,0,0,0,1,0,0
1,29,46,Regular Play,Denmark,3857257,0 days 00:29:46,0,0,0,0,0,0,1,0,0
1,29,49,Regular Play,Denmark,3857257,0 days 00:29:49,0,0,0,0,0,0,1,0,0
1,29,51,Regular Play,Denmark,3857257,0 days 00:29:51,0,0,0,0,0,0,1,0,0
1,29,53,Regular Play,Denmark,3857257,0 days 00:29:53,0,0,0,0,0,0,1,0,0
1,29,58,Regular Play,Denmark,3857257,0 days 00:29:58,0,0,0,0,0,0,1,0,0
1,30,4,Regular Play,Denmark,3857257,0 days 00:30:04,0,0,0,0,0,0,1,0,0
1,30,8,Regular Play,Denmark,3857257,0 days 00:30:08,0,0,0,0,0,0,1,0,0
1,30,11,Regular Play,Australia,3857257,0 days 00:30:11,1,0,0,0,0,0,0,0,0
1,30,11,Regular Play,Australia,3857257,0 days 00:30:11,0,0,0,1,0,0,0,0,0
1,30,11,Regular Play,Denmark,3857257,0 days 00:30:11,0,0,0,0,0,0,0,0,1
1,30,35,From Throw In,Australia,3857257,0 days 00:30:35,0,0,0,0,0,0,1,0,0
1,30,37,From Throw In,Australia,3857257,0 days 00:30:37,0,0,0,0,0,0,1,0,0
1,30,39,Regular Play,Denmark,3857257,0 days 00:30:39,0,0,0,0,0,0,1,0,0
1,30,40,Regular Play,Denmark,3857257,0 days 00:30:40,0,0,0,0,0,0,1,0,0
1,30,49,Regular Play,Denmark,3857257,0 days 00:30:49,0,0,0,0,0,0,1,0,0
1,30,54,Regular Play,Denmark,3857257,0 days 00:30:54,0,0,0,0,0,0,1,0,0
1,30,58,Regular Play,Denmark,3857257,0 days 00:30:58,0,0,0,0,0,0,1,0,0
1,30,59,Regular Play,Denmark,3857257,0 days 00:30:59,0,0,0,0,0,0,1,0,0
1,31,2,Regular Play,Denmark,3857257,0 days 00:31:02,0,0,0,0,0,0,1,0,0
1,31,6,Regular Play,Denmark,3857257,0 days 00:31:06,0,0,0,0,0,0,1,0,0
1,31,8,Regular Play,Denmark,3857257,0 days 00:31:08,0,0,0,0,0,0,1,0,0
1,31,10,Regular Play,Denmark,3857257,0 days 00:31:10,0,0,0,0,0,0,1,0,0
1,31,11,Regular Play,Australia,3857257,0 days 00:31:11,0,0,0,0,0,1,0,0,0
1,31,12,Regular Play,Australia,3857257,0 days 00:31:12,0,0,0,0,0,0,1,0,0
1,31,13,Regular Play,Australia,3857257,0 days 00:31:13,0,0,0,0,0,0,1,0,0
1,31,15,Regular Play,Australia,3857257,0 days 00:31:15,0,0,0,0,0,0,1,0,0
1,31,16,Regular Play,Australia,3857257,0 days 00:31:16,0,0,0,0,0,0,1,0,0
1,31,19,Regular Play,Australia,3857257,0 days 00:31:19,0,0,0,0,0,0,1,0,0
1,31,20,Regular Play,Denmark,3857257,0 days 00:31:20,0,1,0,0,0,0,0,0,0
1,31,26,From Throw In,Australia,3857257,0 days 00:31:26,0,0,0,0,0,0,1,0,0
1,31,30,From Throw In,Australia,3857257,0 days 00:31:30,0,0,0,0,0,0,1,0,0
1,31,32,From Throw In,Australia,3857257,0 days 00:31:32,0,0,0,0,0,0,1,0,0
1,31,33,From Throw In,Australia,3857257,0 days 00:31:33,0,0,0,0,0,0,0,1,0
1,31,37,From Keeper,Denmark,3857257,0 days 00:31:37,0,0,0,0,0,0,1,0,0
1,31,41,Regular Play,Australia,3857257,0 days 00:31:41,0,0,0,0,0,0,1,0,0
1,31,45,Regular Play,Australia,3857257,0 days 00:31:45,0,0,0,0,0,0,1,0,0
1,31,47,Regular Play,Australia,3857257,0 days 00:31:47,0,0,0,0,0,0,1,0,0
1,31,50,Regular Play,Australia,3857257,0 days 00:31:50,0,0,0,0,0,0,1,0,0
1,31,52,Regular Play,Australia,3857257,0 days 00:31:52,0,0,0,0,0,0,1,0,0
1,31,54,Regular Play,Denmark,3857257,0 days 00:31:54,1,0,0,0,0,0,0,0,0
1,31,56,Regular Play,Denmark,3857257,0 days 00:31:56,0,0,0,0,0,0,1,0,0
1,31,59,Regular Play,Denmark,3857257,0 days 00:31:59,0,0,0,0,0,0,1,0,0
1,22,1,Regular Play,Serbia,3857258,0 days 00:22:01,0,0,0,0,0,0,1,0,0
1,22,6,Regular Play,Serbia,3857258,0 days 00:22:06,0,0,0,0,0,0,1,0,0
1,22,8,Regular Play,Serbia,3857258,0 days 00:22:08,0,0,0,0,0,0,1,0,0
1,22,14,Regular Play,Serbia,3857258,0 days 00:22:14,0,0,0,0,0,0,1,0,0
1,22,15,Regular Play,Serbia,3857258,0 days 00:22:15,0,0,0,0,0,0,1,0,0
1,22,17,Regular Play,Serbia,3857258,0 days 00:22:17,0,0,0,0,0,0,1,0,0
1,22,19,Regular Play,Serbia,3857258,0 days 00:22:19,0,0,0,0,0,0,1,0,0
1,22,24,Regular Play,Serbia,3857258,0 days 00:22:24,0,0,0,0,0,0,1,0,0
1,22,29,Regular Play,Serbia,3857258,0 days 00:22:29,0,0,0,0,0,0,1,0,0
1,22,33,Regular Play,Serbia,3857258,0 days 00:22:33,0,0,0,0,0,0,1,0,0
1,22,35,Regular Play,Serbia,3857258,0 days 00:22:35,0,0,0,0,0,0,1,0,0
1,23,6,From Throw In,Serbia,3857258,0 days 00:23:06,0,0,0,0,0,0,1,0,0
1,23,8,From Throw In,Brazil,3857258,0 days 00:23:08,0,0,0,0,0,0,1,0,0
1,23,10,From Throw In,Serbia,3857258,0 days 00:23:10,1,0,0,0,0,0,0,0,0
1,23,11,From Throw In,Serbia,3857258,0 days 00:23:11,0,0,0,0,0,0,1,0,0
1,23,16,From Throw In,Serbia,3857258,0 days 00:23:16,0,0,0,0,0,0,1,0,0
1,23,17,From Throw In,Serbia,3857258,0 days 00:23:17,0,0,0,0,0,0,1,0,0
1,23,20,From Throw In,Serbia,3857258,0 days 00:23:20,0,0,0,0,0,0,1,0,0
1,23,21,From Throw In,Serbia,3857258,0 days 00:23:21,0,0,0,0,0,0,1,0,0
1,23,22,From Throw In,Serbia,3857258,0 days 00:23:22,0,0,0,0,0,0,1,0,0
1,23,26,From Throw In,Brazil,3857258,0 days 00:23:26,0,0,0,0,0,0,1,0,0
1,23,30,From Throw In,Serbia,3857258,0 days 00:23:30,1,0,0,0,0,0,0,0,0
1,23,30,From Throw In,Serbia,3857258,0 days 00:23:30,0,0,1,0,0,0,0,0,0
1,23,30,From Throw In,Brazil,3857258,0 days 00:23:30,0,0,0,0,0,0,0,0,1
1,23,51,From Goal Kick,Serbia,3857258,0 days 00:23:51,0,0,0,0,0,0,1,0,0
1,23,54,From Goal Kick,Serbia,3857258,0 days 00:23:54,0,0,0,0,0,0,1,0,0
1,23,56,From Goal Kick,Serbia,3857258,0 days 00:23:56,0,0,0,0,0,0,1,0,0
1,23,59,From Goal Kick,Brazil,3857258,0 days 00:23:59,0,0,0,0,0,0,1,0,0
1,24,2,From Goal Kick,Serbia,3857258,0 days 00:24:02,0,1,0,0,0,0,0,0,0
1,24,4,From Goal Kick,Serbia,3857258,0 days 00:24:04,0,0,0,0,0,0,1,0,0
1,24,5,From Goal Kick,Serbia,3857258,0 days 00:24:05,0,0,0,0,0,0,1,0,0
1,24,8,Regular Play,Brazil,3857258,0 days 00:24:08,0,0,0,0,0,0,1,0,0
1,24,13,Regular Play,Brazil,3857258,0 days 00:24:13,0,0,0,0,0,0,1,0,0
1,24,17,Regular Play,Brazil,3857258,0 days 00:24:17,0,0,0,0,0,0,1,0,0
1,24,20,Regular Play,Brazil,3857258,0 days 00:24:20,0,0,0,0,0,0,1,0,0
1,24,22,Regular Play,Brazil,3857258,0 days 00:24:22,0,0,0,0,0,0,1,0,0
1,24,24,Regular Play,Brazil,3857258,0 days 00:24:24,0,0,0,0,0,0,1,0,0
1,24,27,Regular Play,Brazil,3857258,0 days 00:24:27,0,0,0,0,0,0,1,0,0
1,24,29,Regular Play,Brazil,3857258,0 days 00:24:29,0,0,0,0,0,0,1,0,0
1,24,35,Regular Play,Brazil,3857258,0 days 00:24:35,0,0,0,0,0,0,1,0,0
1,24,37,Regular Play,Brazil,3857258,0 days 00:24:37,0,0,0,0,0,0,1,0,0
1,24,39,Regular Play,Brazil,3857258,0 days 00:24:39,0,0,0,0,0,0,1,0,0
1,24,39,Regular Play,Serbia,3857258,0 days 00:24:39,0,0,0,0,0,1,0,0,0
1,24,42,Regular Play,Serbia,3857258,0 days 00:24:42,1,0,0,0,0,0,0,0,0
1,24,43,Regular Play,Serbia,3857258,0 days 00:24:43,0,0,0,0,0,0,1,0,0
1,24,47,Regular Play,Serbia,3857258,0 days 00:24:47,0,0,0,0,0,0,1,0,0
1,25,3,From Keeper,Brazil,3857258,0 days 00:25:03,0,0,0,0,0,0,1,0,0
1,25,9,From Keeper,Brazil,3857258,0 days 00:25:09,0,0,0,0,0,0,1,0,0
1,25,16,From Keeper,Brazil,3857258,0 days 00:25:16,0,0,0,0,0,0,1,0,0
1,25,17,From Keeper,Brazil,3857258,0 days 00:25:17,0,0,0,0,0,0,1,0,0
1,25,21,From Keeper,Brazil,3857258,0 days 00:25:21,0,0,0,0,0,0,1,0,0
1,25,25,From Keeper,Serbia,3857258,0 days 00:25:25,0,1,0,0,0,0,0,0,0
1,25,43,From Throw In,Brazil,3857258,0 days 00:25:43,0,0,0,0,0,0,1,0,0
1,25,46,From Throw In,Brazil,3857258,0 days 00:25:46,0,0,0,0,0,0,1,0,0
1,25,48,From Throw In,Brazil,3857258,0 days 00:25:48,0,0,0,0,0,0,1,0,0
1,25,54,From Throw In,Brazil,3857258,0 days 00:25:54,0,0,0,0,0,0,1,0,0
1,25,57,From Throw In,Brazil,3857258,0 days 00:25:57,0,0,0,0,0,0,1,0,0
1,26,2,From Throw In,Brazil,3857258,0 days 00:26:02,0,0,0,0,0,0,1,0,0
1,26,4,From Throw In,Brazil,3857258,0 days 00:26:04,0,0,0,0,0,0,1,0,0
1,26,6,From Throw In,Brazil,3857258,0 days 00:26:06,0,0,0,0,0,0,1,0,0
1,26,9,From Throw In,Brazil,3857258,0 days 00:26:09,0,0,0,0,0,0,1,0,0
1,26,12,From Throw In,Brazil,3857258,0 days 00:26:12,0,0,0,1,0,0,0,0,0
1,26,12,From Throw In,Serbia,3857258,0 days 00:26:12,0,0,0,0,0,0,0,0,1
1,26,17,From Throw In,Brazil,3857258,0 days 00:26:17,1,0,0,0,0,0,0,0,0
1,26,18,From Throw In,Brazil,3857258,0 days 00:26:18,0,0,0,0,0,0,1,0,0
1,26,20,From Throw In,Brazil,3857258,0 days 00:26:20,0,0,0,0,0,0,1,0,0
1,26,24,From Throw In,Brazil,3857258,0 days 00:26:24,0,0,0,0,0,0,1,0,0
1,26,27,From Throw In,Brazil,3857258,0 days 00:26:27,0,0,0,0,0,0,1,0,0
1,26,30,From Throw In,Brazil,3857258,0 days 00:26:30,0,0,0,0,0,0,1,0,0
1,26,34,From Throw In,Brazil,3857258,0 days 00:26:34,0,0,0,0,0,0,1,0,0
1,26,37,From Throw In,Brazil,3857258,0 days 00:26:37,0,0,0,0,0,0,1,0,0
1,26,42,From Throw In,Brazil,3857258,0 days 00:26:42,0,0,0,0,0,0,1,0,0
1,26,43,From Throw In,Brazil,3857258,0 days 00:26:43,0,0,0,0,0,0,1,0,0
1,26,44,From Throw In,Brazil,3857258,0 days 00:26:44,0,0,0,0,0,0,1,0,0
1,26,46,From Throw In,Brazil,3857258,0 days 00:26:46,0,0,0,0,0,0,1,0,0
1,26,49,From Throw In,Brazil,3857258,0 days 00:26:49,0,0,0,0,0,0,1,0,0
1,26,52,From Throw In,Brazil,3857258,0 days 00:26:52,0,0,0,1,0,0,0,0,0
1,26,55,From Keeper,Serbia,3857258,0 days 00:26:55,0,0,0,0,0,0,1,0,0
1,27,0,From Throw In,Brazil,3857258,0 days 00:27:00,0,0,0,0,0,0,1,0,0
1,27,1,From Throw In,Brazil,3857258,0 days 00:27:01,0,0,0,0,0,0,1,0,0
1,27,4,From Throw In,Serbia,3857258,0 days 00:27:04,0,0,0,0,1,0,0,0,0
1,28,12,From Free Kick,Brazil,3857258,0 days 00:28:12,0,0,0,0,0,0,1,0,0
1,28,14,From Free Kick,Brazil,3857258,0 days 00:28:14,0,0,0,0,0,0,1,0,0
1,28,16,From Free Kick,Brazil,3857258,0 days 00:28:16,0,0,0,0,0,0,1,0,0
1,28,52,From Throw In,Serbia,3857258,0 days 00:28:52,0,0,0,0,0,0,1,0,0
1,28,53,From Throw In,Serbia,3857258,0 days 00:28:53,0,0,0,0,0,0,1,0,0
1,28,54,From Throw In,Serbia,3857258,0 days 00:28:54,0,0,0,0,0,0,1,0,0
1,28,56,Regular Play,Brazil,3857258,0 days 00:28:56,0,0,0,0,0,0,1,0,0
1,28,59,Regular Play,Serbia,3857258,0 days 00:28:59,0,0,0,0,0,0,1,0,0
1,29,3,Regular Play,Brazil,3857258,0 days 00:29:03,1,0,0,0,0,0,0,0,0
1,29,6,Regular Play,Brazil,3857258,0 days 00:29:06,0,0,0,0,0,0,1,0,0
1,29,8,Regular Play,Brazil,3857258,0 days 00:29:08,0,0,0,0,0,0,1,0,0
1,29,10,Regular Play,Brazil,3857258,0 days 00:29:10,0,0,0,0,0,0,1,0,0
1,29,16,Regular Play,Brazil,3857258,0 days 00:29:16,0,0,0,0,0,0,1,0,0
1,29,19,Regular Play,Brazil,3857258,0 days 00:29:19,0,0,0,0,0,0,1,0,0
1,29,25,Regular Play,Brazil,3857258,0 days 00:29:25,0,0,0,0,0,0,1,0,0
1,29,26,Regular Play,Brazil,3857258,0 days 00:29:26,0,0,0,0,0,0,1,0,0
1,29,28,Regular Play,Brazil,3857258,0 days 00:29:28,0,0,0,0,0,0,1,0,0
1,29,33,Regular Play,Brazil,3857258,0 days 00:29:33,0,0,0,0,0,0,1,0,0
1,29,36,Regular Play,Brazil,3857258,0 days 00:29:36,0,0,0,0,0,0,1,0,0
1,29,38,Regular Play,Brazil,3857258,0 days 00:29:38,0,0,0,0,0,0,1,0,0
1,29,39,Regular Play,Brazil,3857258,0 days 00:29:39,0,0,0,0,0,0,1,0,0
1,29,42,Regular Play,Brazil,3857258,0 days 00:29:42,0,0,0,0,0,0,1,0,0
1,29,43,Regular Play,Brazil,3857258,0 days 00:29:43,1,0,0,0,0,0,0,0,0
1,29,44,Regular Play,Brazil,3857258,0 days 00:29:44,0,0,0,0,0,0,1,0,0
1,29,47,Regular Play,Brazil,3857258,0 days 00:29:47,0,0,0,0,0,0,1,0,0
1,29,49,Regular Play,Brazil,3857258,0 days 00:29:49,0,0,0,0,0,0,1,0,0
1,29,51,Regular Play,Serbia,3857258,0 days 00:29:51,0,1,0,0,0,0,0,0,0
1,30,26,From Corner,Brazil,3857258,0 days 00:30:26,0,0,0,0,0,0,1,0,0
1,30,27,From Corner,Serbia,3857258,0 days 00:30:27,0,1,0,0,0,0,0,0,0
1,30,43,From Corner,Brazil,3857258,0 days 00:30:43,0,0,0,0,0,0,1,0,0
1,30,46,From Corner,Brazil,3857258,0 days 00:30:46,0,0,0,0,0,0,1,0,0
1,30,48,From Corner,Brazil,3857258,0 days 00:30:48,0,0,0,0,0,0,1,0,0
1,30,48,From Corner,Serbia,3857258,0 days 00:30:48,1,0,0,0,0,0,0,0,0
1,30,59,From Corner,Serbia,3857258,0 days 00:30:59,0,0,0,0,0,0,1,0,0
1,31,6,From Corner,Serbia,3857258,0 days 00:31:06,0,0,1,0,0,0,0,0,0
1,31,6,From Corner,Brazil,3857258,0 days 00:31:06,0,0,0,0,0,0,0,0,1
1,31,10,From Corner,Brazil,3857258,0 days 00:31:10,0,0,0,0,0,0,1,0,0
1,31,13,From Corner,Brazil,3857258,0 days 00:31:13,0,0,0,0,0,0,1,0,0
1,31,16,From Corner,Brazil,3857258,0 days 00:31:16,0,0,0,0,0,0,1,0,0
1,31,16,From Corner,Serbia,3857258,0 days 00:31:16,0,0,0,0,0,1,0,0,0
1,31,22,From Throw In,Brazil,3857258,0 days 00:31:22,0,0,0,0,0,0,1,0,0
1,31,23,From Throw In,Brazil,3857258,0 days 00:31:23,0,0,0,0,0,0,1,0,0
1,31,26,From Throw In,Serbia,3857258,0 days 00:31:26,0,0,0,0,1,0,0,0,0
1,31,48,From Free Kick,Brazil,3857258,0 days 00:31:48,0,0,0,0,0,0,1,0,0
1,31,49,From Free Kick,Brazil,3857258,0 days 00:31:49,0,0,0,0,0,0,1,0,0
1,31,51,From Free Kick,Brazil,3857258,0 days 00:31:51,0,0,0,0,0,0,1,0,0
1,31,54,From Free Kick,Brazil,3857258,0 days 00:31:54,0,0,0,0,0,0,1,0,0
1,31,57,From Free Kick,Brazil,3857258,0 days 00:31:57,0,0,0,0,0,0,1,0,0
1,22,6,From Corner,Serbia,3857259,0 days 00:22:06,0,0,0,0,0,0,1,0,0
1,22,18,From Keeper,Cameroon,3857259,0 days 00:22:18,0,0,0,0,0,0,1,0,0
1,22,21,From Keeper,Cameroon,3857259,0 days 00:22:21,0,0,0,0,0,0,1,0,0
1,22,23,From Keeper,Cameroon,3857259,0 days 00:22:23,0,0,0,0,0,0,1,0,0
1,22,27,From Keeper,Cameroon,3857259,0 days 00:22:27,0,0,0,0,0,0,1,0,0
1,22,29,From Keeper,Cameroon,3857259,0 days 00:22:29,0,0,0,0,0,0,1,0,0
1,22,31,Regular Play,Serbia,3857259,0 days 00:22:31,0,0,0,0,0,0,1,0,0
1,22,33,Regular Play,Serbia,3857259,0 days 00:22:33,0,0,0,0,0,0,1,0,0
1,22,37,Regular Play,Serbia,3857259,0 days 00:22:37,0,0,0,0,0,0,1,0,0
1,22,39,Regular Play,Cameroon,3857259,0 days 00:22:39,0,0,0,0,1,0,0,0,0
1,23,8,From Free Kick,Serbia,3857259,0 days 00:23:08,0,0,0,0,0,0,1,0,0
1,23,11,From Free Kick,Serbia,3857259,0 days 00:23:11,0,0,0,0,0,0,1,0,0
1,23,13,From Free Kick,Serbia,3857259,0 days 00:23:13,0,0,0,0,0,0,1,0,0
1,23,18,From Free Kick,Cameroon,3857259,0 days 00:23:18,0,0,0,0,1,0,0,0,0
1,24,29,From Free Kick,Serbia,3857259,0 days 00:24:29,0,0,0,0,0,0,1,0,0
1,24,51,From Throw In,Cameroon,3857259,0 days 00:24:51,0,0,0,0,0,0,1,0,0
1,24,52,From Throw In,Cameroon,3857259,0 days 00:24:52,0,0,0,0,0,0,1,0,0
1,24,55,From Throw In,Cameroon,3857259,0 days 00:24:55,0,0,0,0,0,0,1,0,0
1,25,6,From Throw In,Serbia,3857259,0 days 00:25:06,0,0,0,0,0,0,1,0,0
1,25,7,From Throw In,Serbia,3857259,0 days 00:25:07,0,0,0,0,0,0,1,0,0
1,25,9,From Throw In,Serbia,3857259,0 days 00:25:09,0,0,0,0,0,0,1,0,0
1,25,10,From Throw In,Serbia,3857259,0 days 00:25:10,0,0,0,0,0,0,1,0,0
1,25,12,From Throw In,Serbia,3857259,0 days 00:25:12,0,0,0,0,0,0,1,0,0
1,25,13,From Throw In,Cameroon,3857259,0 days 00:25:13,0,1,0,0,0,0,0,0,0
1,25,15,From Throw In,Serbia,3857259,0 days 00:25:15,0,0,0,0,0,0,1,0,0
1,25,16,From Throw In,Cameroon,3857259,0 days 00:25:16,0,0,0,0,0,0,1,0,0
1,25,18,From Throw In,Serbia,3857259,0 days 00:25:18,0,0,0,0,1,0,0,0,0
1,25,38,From Free Kick,Cameroon,3857259,0 days 00:25:38,0,0,0,0,0,0,1,0,0
1,25,40,From Free Kick,Serbia,3857259,0 days 00:25:40,0,1,0,0,0,0,0,0,0
1,25,43,Regular Play,Serbia,3857259,0 days 00:25:43,1,0,0,0,0,0,0,0,0
1,25,43,Regular Play,Serbia,3857259,0 days 00:25:43,0,0,0,0,0,0,1,0,0
1,25,45,Regular Play,Serbia,3857259,0 days 00:25:45,0,0,0,0,0,0,1,0,0
1,25,48,Regular Play,Serbia,3857259,0 days 00:25:48,0,0,0,0,0,0,1,0,0
1,25,51,Regular Play,Serbia,3857259,0 days 00:25:51,0,0,0,0,0,0,1,0,0
1,25,54,Regular Play,Serbia,3857259,0 days 00:25:54,0,0,0,0,0,0,1,0,0
1,25,56,Regular Play,Serbia,3857259,0 days 00:25:56,0,0,0,0,0,0,1,0,0
1,26,4,Regular Play,Serbia,3857259,0 days 00:26:04,0,0,0,0,0,0,1,0,0
1,26,8,Regular Play,Serbia,3857259,0 days 00:26:08,0,0,0,0,0,0,1,0,0
1,26,11,Regular Play,Serbia,3857259,0 days 00:26:11,0,0,0,0,0,0,1,0,0
1,26,16,Regular Play,Serbia,3857259,0 days 00:26:16,0,0,0,0,0,0,1,0,0
1,26,19,Regular Play,Serbia,3857259,0 days 00:26:19,0,0,0,0,0,0,1,0,0
1,26,21,Regular Play,Serbia,3857259,0 days 00:26:21,0,0,0,0,0,0,1,0,0
1,26,22,Regular Play,Cameroon,3857259,0 days 00:26:22,0,0,0,0,0,1,0,0,0
1,26,25,Regular Play,Serbia,3857259,0 days 00:26:25,1,0,0,0,0,0,0,0,0
1,26,28,Regular Play,Serbia,3857259,0 days 00:26:28,0,0,0,0,0,0,1,0,0
1,27,16,From Goal Kick,Cameroon,3857259,0 days 00:27:16,0,0,0,0,0,0,1,0,0
1,27,20,From Goal Kick,Cameroon,3857259,0 days 00:27:20,0,0,0,0,0,0,1,0,0
1,27,22,From Goal Kick,Serbia,3857259,0 days 00:27:22,0,0,0,0,0,0,1,0,0
1,27,25,From Goal Kick,Serbia,3857259,0 days 00:27:25,0,0,0,0,0,0,1,0,0
1,28,5,From Corner,Cameroon,3857259,0 days 00:28:05,0,0,0,0,0,0,1,0,0
1,28,6,From Corner,Cameroon,3857259,0 days 00:28:06,0,0,0,0,0,0,0,1,0
1,28,7,From Corner,Cameroon,3857259,0 days 00:28:07,1,0,0,0,0,0,0,0,0
1,28,7,From Corner,Cameroon,3857259,0 days 00:28:07,0,0,0,0,0,0,0,1,0
1,29,52,From Kick Off,Serbia,3857259,0 days 00:29:52,0,0,0,0,0,0,1,0,0
1,29,53,From Kick Off,Serbia,3857259,0 days 00:29:53,0,0,0,0,0,0,1,0,0
1,29,55,From Kick Off,Serbia,3857259,0 days 00:29:55,0,0,0,0,0,0,1,0,0
1,29,57,From Kick Off,Serbia,3857259,0 days 00:29:57,0,0,0,0,0,0,1,0,0
1,29,59,From Kick Off,Serbia,3857259,0 days 00:29:59,0,0,0,0,0,0,1,0,0
1,30,0,From Kick Off,Serbia,3857259,0 days 00:30:00,0,0,0,0,0,0,1,0,0
1,30,18,From Throw In,Cameroon,3857259,0 days 00:30:18,0,0,0,0,0,0,1,0,0
1,30,20,From Throw In,Cameroon,3857259,0 days 00:30:20,0,0,0,0,0,0,1,0,0
1,30,25,From Throw In,Cameroon,3857259,0 days 00:30:25,0,0,0,0,0,0,1,0,0
1,30,27,From Throw In,Cameroon,3857259,0 days 00:30:27,0,0,0,0,0,0,1,0,0
1,30,29,From Throw In,Cameroon,3857259,0 days 00:30:29,0,0,0,0,0,0,1,0,0
1,30,29,From Throw In,Cameroon,3857259,0 days 00:30:29,0,0,0,0,0,0,1,0,0
1,30,30,Regular Play,Serbia,3857259,0 days 00:30:30,0,0,0,0,0,0,1,0,0
1,30,31,Regular Play,Serbia,3857259,0 days 00:30:31,0,0,0,0,0,0,1,0,0
1,30,34,Regular Play,Serbia,3857259,0 days 00:30:34,0,0,0,0,0,0,1,0,0
1,30,35,Regular Play,Serbia,3857259,0 days 00:30:35,0,0,0,0,0,0,1,0,0
1,30,36,Regular Play,Cameroon,3857259,0 days 00:30:36,0,0,0,0,0,0,1,0,0
1,30,37,Regular Play,Cameroon,3857259,0 days 00:30:37,0,0,0,0,0,0,1,0,0
1,30,40,Regular Play,Cameroon,3857259,0 days 00:30:40,0,0,0,0,0,0,1,0,0
1,30,41,Regular Play,Cameroon,3857259,0 days 00:30:41,0,0,1,0,0,0,0,0,0
1,30,41,Regular Play,Serbia,3857259,0 days 00:30:41,0,0,0,0,0,0,0,0,1
1,30,42,Regular Play,Serbia,3857259,0 days 00:30:42,1,0,0,0,0,0,0,0,0
1,30,43,Regular Play,Cameroon,3857259,0 days 00:30:43,0,0,0,0,1,0,0,0,0
1,30,43,Regular Play,Serbia,3857259,0 days 00:30:43,0,0,0,1,0,0,0,0,0
1,30,43,Regular Play,Cameroon,3857259,0 days 00:30:43,0,0,0,0,0,0,0,0,1
1,30,44,Regular Play,Serbia,3857259,0 days 00:30:44,1,0,0,0,0,0,0,0,0
1,30,46,Regular Play,Serbia,3857259,0 days 00:30:46,0,0,0,1,0,0,0,0,0
1,30,49,Regular Play,Serbia,3857259,0 days 00:30:49,0,0,0,0,0,0,1,0,0
1,30,50,Regular Play,Cameroon,3857259,0 days 00:30:50,0,1,0,0,0,0,0,0,0
1,30,51,Regular Play,Serbia,3857259,0 days 00:30:51,0,0,0,0,1,0,0,0,0
1,31,50,From Free Kick,Cameroon,3857259,0 days 00:31:50,0,0,0,0,0,0,1,0,0
1,31,52,From Free Kick,Cameroon,3857259,0 days 00:31:52,0,0,0,0,0,0,1,0,0
1,31,55,From Free Kick,Cameroon,3857259,0 days 00:31:55,0,0,0,0,0,0,1,0,0
1,31,59,Regular Play,Serbia,3857259,0 days 00:31:59,0,0,0,0,0,0,1,0,0
1,22,2,Regular Play,Mexico,3857260,0 days 00:22:02,0,0,0,0,0,0,1,0,0
1,22,5,Regular Play,Mexico,3857260,0 days 00:22:05,0,0,0,0,0,0,1,0,0
1,22,12,Regular Play,Mexico,3857260,0 days 00:22:12,0,0,0,0,0,0,1,0,0
1,22,13,Regular Play,Saudi Arabia,3857260,0 days 00:22:13,0,1,0,0,0,0,0,0,0
1,22,15,Regular Play,Mexico,3857260,0 days 00:22:15,1,0,0,0,0,0,0,0,0
1,22,16,Regular Play,Mexico,3857260,0 days 00:22:16,0,0,0,0,0,0,1,0,0
1,22,17,Regular Play,Saudi Arabia,3857260,0 days 00:22:17,0,1,0,0,0,0,0,0,0
1,22,19,Regular Play,Saudi Arabia,3857260,0 days 00:22:19,0,1,0,0,0,0,0,0,0
1,22,21,Regular Play,Mexico,3857260,0 days 00:22:21,1,0,0,0,0,0,0,0,0
1,22,21,Regular Play,Mexico,3857260,0 days 00:22:21,0,0,0,0,0,0,0,1,0
1,22,38,From Keeper,Saudi Arabia,3857260,0 days 00:22:38,0,0,0,0,0,0,1,0,0
1,22,44,Regular Play,Mexico,3857260,0 days 00:22:44,1,0,0,0,0,0,0,0,0
1,22,45,Regular Play,Mexico,3857260,0 days 00:22:45,0,0,0,0,0,0,1,0,0
1,22,47,Regular Play,Mexico,3857260,0 days 00:22:47,0,0,0,0,0,0,1,0,0
1,22,52,Regular Play,Mexico,3857260,0 days 00:22:52,0,0,0,0,0,0,1,0,0
1,22,59,Regular Play,Saudi Arabia,3857260,0 days 00:22:59,1,0,0,0,0,0,0,0,0
1,23,0,Regular Play,Saudi Arabia,3857260,0 days 00:23:00,0,0,0,0,0,0,1,0,0
1,23,4,Regular Play,Saudi Arabia,3857260,0 days 00:23:04,0,0,0,0,0,0,1,0,0
1,23,11,Regular Play,Saudi Arabia,3857260,0 days 00:23:11,0,0,1,0,0,0,0,0,0
1,23,11,Regular Play,Mexico,3857260,0 days 00:23:11,0,0,0,0,0,0,0,0,1
1,23,12,Regular Play,Mexico,3857260,0 days 00:23:12,0,0,0,0,0,0,1,0,0
1,23,14,Regular Play,Saudi Arabia,3857260,0 days 00:23:14,1,0,0,0,0,0,0,0,0
1,23,15,Regular Play,Saudi Arabia,3857260,0 days 00:23:15,0,0,0,0,0,0,1,0,0
1,23,17,Regular Play,Saudi Arabia,3857260,0 days 00:23:17,0,0,0,0,0,0,1,0,0
1,23,19,Regular Play,Saudi Arabia,3857260,0 days 00:23:19,0,0,0,1,0,0,0,0,0
1,23,22,Regular Play,Saudi Arabia,3857260,0 days 00:23:22,0,0,0,0,0,0,1,0,0
1,23,31,From Throw In,Mexico,3857260,0 days 00:23:31,0,0,0,0,0,0,1,0,0
1,23,34,From Throw In,Mexico,3857260,0 days 00:23:34,0,0,0,0,0,0,1,0,0
1,23,39,From Throw In,Mexico,3857260,0 days 00:23:39,0,0,0,0,0,0,1,0,0
1,23,42,From Throw In,Mexico,3857260,0 days 00:23:42,0,0,0,0,0,0,1,0,0
1,23,48,From Throw In,Mexico,3857260,0 days 00:23:48,0,0,0,0,0,0,1,0,0
1,23,50,From Throw In,Mexico,3857260,0 days 00:23:50,0,0,0,0,0,0,1,0,0
1,23,51,From Throw In,Mexico,3857260,0 days 00:23:51,0,0,0,0,0,0,1,0,0
1,23,53,From Throw In,Mexico,3857260,0 days 00:23:53,0,0,0,0,0,0,1,0,0
1,23,56,From Throw In,Saudi Arabia,3857260,0 days 00:23:56,0,0,0,0,1,0,0,0,0
1,24,2,From Free Kick,Mexico,3857260,0 days 00:24:02,0,0,0,0,0,0,1,0,0
1,24,6,From Free Kick,Mexico,3857260,0 days 00:24:06,0,0,0,0,0,0,1,0,0
1,24,7,From Free Kick,Mexico,3857260,0 days 00:24:07,0,0,0,0,0,0,1,0,0
1,24,10,From Free Kick,Mexico,3857260,0 days 00:24:10,0,0,0,0,0,0,1,0,0
1,24,12,From Free Kick,Mexico,3857260,0 days 00:24:12,0,0,0,0,0,0,1,0,0
1,24,14,From Free Kick,Mexico,3857260,0 days 00:24:14,0,0,0,0,0,0,1,0,0
1,24,18,From Free Kick,Mexico,3857260,0 days 00:24:18,0,0,0,1,0,0,0,0,0
1,24,18,From Free Kick,Saudi Arabia,3857260,0 days 00:24:18,0,0,0,0,0,0,0,0,1
1,24,21,From Free Kick,Mexico,3857260,0 days 00:24:21,1,0,0,0,0,0,0,0,0
1,24,23,From Free Kick,Mexico,3857260,0 days 00:24:23,0,0,0,0,0,0,1,0,0
1,24,26,From Free Kick,Mexico,3857260,0 days 00:24:26,0,0,0,0,0,0,1,0,0
1,24,27,From Free Kick,Mexico,3857260,0 days 00:24:27,1,0,0,0,0,0,0,0,0
1,24,27,From Free Kick,Mexico,3857260,0 days 00:24:27,0,0,0,0,0,0,0,1,0
1,24,48,From Keeper,Saudi Arabia,3857260,0 days 00:24:48,0,0,0,0,0,0,1,0,0
1,24,50,From Keeper,Mexico,3857260,0 days 00:24:50,0,0,0,0,0,0,1,0,0
1,24,52,From Keeper,Saudi Arabia,3857260,0 days 00:24:52,0,0,0,0,0,0,1,0,0
1,24,54,From Keeper,Saudi Arabia,3857260,0 days 00:24:54,0,0,0,0,0,0,1,0,0
1,25,0,From Keeper,Saudi Arabia,3857260,0 days 00:25:00,0,0,0,0,0,0,1,0,0
1,25,1,From Keeper,Saudi Arabia,3857260,0 days 00:25:01,0,0,0,0,0,0,1,0,0
1,25,4,From Keeper,Saudi Arabia,3857260,0 days 00:25:04,0,0,0,0,0,0,1,0,0
1,25,4,From Keeper,Saudi Arabia,3857260,0 days 00:25:04,0,0,0,0,0,0,1,0,0
1,25,6,From Keeper,Saudi Arabia,3857260,0 days 00:25:06,0,0,0,0,0,0,1,0,0
1,25,9,From Keeper,Saudi Arabia,3857260,0 days 00:25:09,0,0,0,0,0,0,1,0,0
1,25,12,From Keeper,Saudi Arabia,3857260,0 days 00:25:12,0,0,0,0,0,0,1,0,0
1,25,15,From Keeper,Saudi Arabia,3857260,0 days 00:25:15,0,0,0,0,0,0,1,0,0
1,25,18,From Keeper,Mexico,3857260,0 days 00:25:18,0,1,0,0,0,0,0,0,0
1,25,34,From Throw In,Saudi Arabia,3857260,0 days 00:25:34,0,0,0,0,0,0,1,0,0
1,25,37,From Throw In,Mexico,3857260,0 days 00:25:37,0,0,0,0,0,1,0,0,0
1,25,38,From Throw In,Mexico,3857260,0 days 00:25:38,0,0,0,0,0,0,1,0,0
1,25,39,From Throw In,Mexico,3857260,0 days 00:25:39,0,0,0,0,0,0,1,0,0
1,25,56,From Throw In,Saudi Arabia,3857260,0 days 00:25:56,0,0,0,0,0,0,1,0,0
1,26,0,From Throw In,Saudi Arabia,3857260,0 days 00:26:00,0,0,0,0,0,0,1,0,0
1,26,3,From Throw In,Saudi Arabia,3857260,0 days 00:26:03,0,0,0,0,0,0,1,0,0
1,26,5,From Throw In,Mexico,3857260,0 days 00:26:05,0,0,0,0,0,1,0,0,0
1,26,6,From Throw In,Saudi Arabia,3857260,0 days 00:26:06,0,0,0,0,0,0,1,0,0
1,26,8,From Throw In,Mexico,3857260,0 days 00:26:08,0,0,0,0,0,0,1,0,0
1,26,10,From Throw In,Saudi Arabia,3857260,0 days 00:26:10,0,0,0,0,0,0,1,0,0
1,26,12,Regular Play,Mexico,3857260,0 days 00:26:12,1,0,0,0,0,0,0,0,0
1,26,12,Regular Play,Mexico,3857260,0 days 00:26:12,0,0,0,0,0,0,1,0,0
1,26,14,Regular Play,Mexico,3857260,0 days 00:26:14,0,0,0,0,0,0,1,0,0
1,26,17,Regular Play,Mexico,3857260,0 days 00:26:17,0,0,0,0,0,0,1,0,0
1,26,19,Regular Play,Mexico,3857260,0 days 00:26:19,0,0,0,0,0,0,1,0,0
1,26,24,Regular Play,Mexico,3857260,0 days 00:26:24,0,0,0,0,0,0,1,0,0
1,26,25,Regular Play,Mexico,3857260,0 days 00:26:25,0,0,0,0,0,0,0,1,0
1,26,26,Regular Play,Saudi Arabia,3857260,0 days 00:26:26,0,1,0,0,0,0,0,0,0
1,27,2,From Throw In,Mexico,3857260,0 days 00:27:02,0,0,0,0,0,0,1,0,0
1,27,5,From Throw In,Mexico,3857260,0 days 00:27:05,0,0,0,0,0,0,1,0,0
1,27,6,From Throw In,Mexico,3857260,0 days 00:27:06,0,0,0,0,0,0,1,0,0
1,27,11,From Throw In,Mexico,3857260,0 days 00:27:11,0,0,0,0,0,0,1,0,0
1,27,14,From Throw In,Mexico,3857260,0 days 00:27:14,0,0,0,0,0,0,1,0,0
1,27,18,From Throw In,Mexico,3857260,0 days 00:27:18,0,0,0,0,0,0,1,0,0
1,27,24,From Throw In,Mexico,3857260,0 days 00:27:24,0,0,0,0,0,0,1,0,0
1,27,26,From Throw In,Saudi Arabia,3857260,0 days 00:27:26,1,0,0,0,0,0,0,0,0
1,27,39,From Throw In,Saudi Arabia,3857260,0 days 00:27:39,0,0,0,0,0,0,1,0,0
1,27,43,From Throw In,Saudi Arabia,3857260,0 days 00:27:43,0,0,0,0,0,0,1,0,0
1,27,44,From Throw In,Saudi Arabia,3857260,0 days 00:27:44,0,0,0,0,1,0,0,0,0
1,28,9,From Free Kick,Mexico,3857260,0 days 00:28:09,0,0,0,0,0,0,1,0,0
1,28,11,From Free Kick,Mexico,3857260,0 days 00:28:11,0,0,0,0,0,0,1,0,0
1,28,13,From Free Kick,Mexico,3857260,0 days 00:28:13,0,0,0,0,0,0,1,0,0
1,28,55,From Goal Kick,Saudi Arabia,3857260,0 days 00:28:55,0,0,0,0,0,0,1,0,0
1,28,59,From Goal Kick,Saudi Arabia,3857260,0 days 00:28:59,0,0,0,0,0,0,1,0,0
1,29,2,From Goal Kick,Mexico,3857260,0 days 00:29:02,0,0,0,0,1,0,0,0,0
1,29,19,From Free Kick,Saudi Arabia,3857260,0 days 00:29:19,0,0,0,0,0,0,1,0,0
1,29,21,From Free Kick,Saudi Arabia,3857260,0 days 00:29:21,0,0,0,0,0,0,1,0,0
1,29,24,From Free Kick,Saudi Arabia,3857260,0 days 00:29:24,0,0,0,0,0,0,1,0,0
1,29,25,From Free Kick,Mexico,3857260,0 days 00:29:25,0,0,0,0,0,1,0,0,0
1,29,28,Regular Play,Mexico,3857260,0 days 00:29:28,1,0,0,0,0,0,0,0,0
1,29,35,Regular Play,Mexico,3857260,0 days 00:29:35,0,0,0,0,0,0,1,0,0
1,29,38,Regular Play,Mexico,3857260,0 days 00:29:38,0,0,0,0,0,0,1,0,0
1,29,41,Regular Play,Mexico,3857260,0 days 00:29:41,0,0,0,0,0,0,1,0,0
1,29,47,Regular Play,Mexico,3857260,0 days 00:29:47,0,0,0,0,0,0,1,0,0
1,30,2,From Throw In,Saudi Arabia,3857260,0 days 00:30:02,0,0,0,0,0,0,1,0,0
1,30,5,From Throw In,Saudi Arabia,3857260,0 days 00:30:05,0,0,0,0,0,0,1,0,0
1,30,8,From Throw In,Saudi Arabia,3857260,0 days 00:30:08,0,0,0,0,0,0,1,0,0
1,30,11,From Counter,Mexico,3857260,0 days 00:30:11,1,0,0,0,0,0,0,0,0
1,30,12,From Counter,Mexico,3857260,0 days 00:30:12,0,0,0,0,0,0,1,0,0
1,31,21,From Goal Kick,Saudi Arabia,3857260,0 days 00:31:21,0,0,0,0,0,0,1,0,0
1,31,24,From Goal Kick,Mexico,3857260,0 days 00:31:24,0,1,0,0,0,0,0,0,0
1,31,41,From Throw In,Saudi Arabia,3857260,0 days 00:31:41,0,0,0,0,0,0,1,0,0
1,31,43,From Throw In,Mexico,3857260,0 days 00:31:43,0,0,0,0,0,0,1,0,0
1,31,43,From Throw In,Mexico,3857260,0 days 00:31:43,0,0,0,0,0,0,1,0,0
1,31,44,From Throw In,Saudi Arabia,3857260,0 days 00:31:44,1,0,0,0,0,0,0,0,0
1,31,46,From Throw In,Saudi Arabia,3857260,0 days 00:31:46,0,0,0,0,0,0,1,0,0
1,31,48,From Throw In,Saudi Arabia,3857260,0 days 00:31:48,0,0,0,0,0,0,1,0,0
1,31,48,Regular Play,Mexico,3857260,0 days 00:31:48,0,0,0,0,0,1,0,0,0
1,31,49,Regular Play,Saudi Arabia,3857260,0 days 00:31:49,0,0,0,0,1,0,0,0,0
1,22,5,From Throw In,England,3857261,0 days 00:22:05,0,0,0,0,0,0,1,0,0
1,22,7,From Throw In,England,3857261,0 days 00:22:07,0,0,0,0,0,0,1,0,0
1,22,9,From Throw In,England,3857261,0 days 00:22:09,0,0,0,0,0,0,1,0,0
1,22,11,From Throw In,Wales,3857261,0 days 00:22:11,0,0,0,0,1,0,0,0,0
1,22,54,From Free Kick,England,3857261,0 days 00:22:54,0,0,0,0,0,0,1,0,0
1,23,3,From Free Kick,England,3857261,0 days 00:23:03,0,0,0,0,0,0,0,1,0
1,23,5,From Free Kick,England,3857261,0 days 00:23:05,1,0,0,0,0,0,0,0,0
1,25,12,Regular Play,England,3857261,0 days 00:25:12,0,0,0,0,0,0,1,0,0
1,25,14,Regular Play,England,3857261,0 days 00:25:14,0,0,0,0,0,0,1,0,0
1,25,19,Regular Play,England,3857261,0 days 00:25:19,0,0,0,0,0,0,1,0,0
1,25,21,Regular Play,England,3857261,0 days 00:25:21,0,0,0,0,0,0,1,0,0
1,25,25,Regular Play,England,3857261,0 days 00:25:25,0,0,0,0,0,0,1,0,0
1,25,26,Regular Play,England,3857261,0 days 00:25:26,0,0,0,0,0,0,1,0,0
1,25,29,Regular Play,England,3857261,0 days 00:25:29,0,0,0,0,0,0,1,0,0
1,25,31,Regular Play,England,3857261,0 days 00:25:31,0,0,0,0,0,0,1,0,0
1,25,32,Regular Play,England,3857261,0 days 00:25:32,0,0,0,0,0,0,1,0,0
1,25,33,Regular Play,England,3857261,0 days 00:25:33,0,0,0,0,0,0,1,0,0
1,25,36,Regular Play,England,3857261,0 days 00:25:36,0,0,0,0,0,0,1,0,0
1,25,39,Regular Play,England,3857261,0 days 00:25:39,0,0,0,0,0,0,1,0,0
1,25,42,Regular Play,England,3857261,0 days 00:25:42,0,0,0,0,0,0,1,0,0
1,25,43,Regular Play,England,3857261,0 days 00:25:43,0,0,0,0,0,0,1,0,0
1,25,46,Regular Play,England,3857261,0 days 00:25:46,0,0,0,1,0,0,0,0,0
1,25,46,Regular Play,Wales,3857261,0 days 00:25:46,0,0,0,0,0,0,0,0,1
1,25,47,Regular Play,Wales,3857261,0 days 00:25:47,1,0,0,0,0,0,0,0,0
1,25,49,Regular Play,Wales,3857261,0 days 00:25:49,0,0,0,0,0,0,1,0,0
1,26,4,From Throw In,England,3857261,0 days 00:26:04,0,0,0,0,0,0,1,0,0
1,26,5,From Throw In,England,3857261,0 days 00:26:05,0,0,0,0,0,0,1,0,0
1,26,6,From Throw In,England,3857261,0 days 00:26:06,0,0,0,0,0,0,1,0,0
1,26,16,From Throw In,England,3857261,0 days 00:26:16,0,0,0,0,0,0,1,0,0
1,26,17,From Throw In,England,3857261,0 days 00:26:17,0,0,0,0,0,0,1,0,0
1,26,18,From Throw In,England,3857261,0 days 00:26:18,0,0,0,0,0,0,1,0,0
1,26,25,From Throw In,England,3857261,0 days 00:26:25,0,0,0,0,0,0,1,0,0
1,26,31,From Throw In,England,3857261,0 days 00:26:31,0,0,0,0,0,0,1,0,0
1,26,33,From Throw In,England,3857261,0 days 00:26:33,0,0,0,0,0,0,1,0,0
1,26,36,From Throw In,England,3857261,0 days 00:26:36,0,0,0,0,1,0,0,0,0
1,27,7,From Free Kick,Wales,3857261,0 days 00:27:07,0,0,0,0,0,0,1,0,0
1,27,11,From Free Kick,England,3857261,0 days 00:27:11,0,0,0,0,0,0,1,0,0
1,27,13,From Free Kick,England,3857261,0 days 00:27:13,0,0,0,0,0,0,1,0,0
1,27,13,From Free Kick,Wales,3857261,0 days 00:27:13,1,0,0,0,0,0,0,0,0
1,27,14,From Free Kick,Wales,3857261,0 days 00:27:14,0,0,0,0,0,0,1,0,0
1,27,16,From Free Kick,Wales,3857261,0 days 00:27:16,0,0,0,0,0,0,1,0,0
1,27,33,From Throw In,Wales,3857261,0 days 00:27:33,0,0,0,0,0,0,1,0,0
1,27,35,From Throw In,England,3857261,0 days 00:27:35,0,1,0,0,0,0,0,0,0
1,27,44,From Throw In,Wales,3857261,0 days 00:27:44,0,0,0,0,0,0,1,0,0
1,27,50,From Throw In,Wales,3857261,0 days 00:27:50,0,0,1,0,0,0,0,0,0
1,27,50,Regular Play,England,3857261,0 days 00:27:50,0,0,0,0,0,0,0,0,1
1,27,52,Regular Play,England,3857261,0 days 00:27:52,0,0,0,0,0,0,1,0,0
1,27,54,Regular Play,Wales,3857261,0 days 00:27:54,0,0,0,0,1,0,0,0,0
1,27,56,Regular Play,England,3857261,0 days 00:27:56,1,0,0,0,0,0,0,0,0
1,27,57,Regular Play,England,3857261,0 days 00:27:57,0,0,1,0,0,0,0,0,0
1,27,57,Regular Play,Wales,3857261,0 days 00:27:57,0,0,0,0,0,0,0,0,1
1,27,59,Regular Play,Wales,3857261,0 days 00:27:59,1,0,0,0,0,0,0,0,0
1,28,4,Regular Play,England,3857261,0 days 00:28:04,0,0,0,0,1,0,0,0,0
1,28,27,From Free Kick,Wales,3857261,0 days 00:28:27,0,0,0,0,0,0,1,0,0
1,28,27,From Free Kick,Wales,3857261,0 days 00:28:27,0,0,0,0,0,0,1,0,0
1,28,30,From Free Kick,Wales,3857261,0 days 00:28:30,0,0,0,0,0,0,1,0,0
1,28,33,From Free Kick,Wales,3857261,0 days 00:28:33,0,0,0,0,0,0,1,0,0
1,28,35,From Free Kick,Wales,3857261,0 days 00:28:35,0,0,0,0,0,0,1,0,0
1,28,36,From Free Kick,Wales,3857261,0 days 00:28:36,0,0,0,0,0,0,1,0,0
1,28,37,Regular Play,England,3857261,0 days 00:28:37,0,0,0,0,0,1,0,0,0
1,28,39,Regular Play,Wales,3857261,0 days 00:28:39,0,0,0,0,1,0,0,0,0
1,29,29,From Free Kick,England,3857261,0 days 00:29:29,0,0,0,0,0,0,1,0,0
1,29,30,From Free Kick,England,3857261,0 days 00:29:30,0,0,0,0,0,0,1,0,0
1,29,33,From Free Kick,England,3857261,0 days 00:29:33,0,0,0,0,0,0,1,0,0
1,29,35,From Free Kick,England,3857261,0 days 00:29:35,0,0,0,0,0,0,1,0,0
1,29,38,From Free Kick,England,3857261,0 days 00:29:38,0,0,0,0,0,0,1,0,0
1,29,39,From Free Kick,England,3857261,0 days 00:29:39,0,0,0,0,0,0,1,0,0
1,29,44,From Free Kick,England,3857261,0 days 00:29:44,0,0,0,0,0,0,1,0,0
1,29,46,From Free Kick,England,3857261,0 days 00:29:46,0,0,0,0,0,0,1,0,0
1,29,48,Regular Play,Wales,3857261,0 days 00:29:48,0,0,0,0,0,0,1,0,0
1,29,50,Regular Play,Wales,3857261,0 days 00:29:50,0,0,0,0,0,0,1,0,0
1,29,51,Regular Play,Wales,3857261,0 days 00:29:51,0,0,0,0,0,0,1,0,0
1,29,52,Regular Play,Wales,3857261,0 days 00:29:52,0,0,0,0,0,0,1,0,0
1,29,54,Regular Play,Wales,3857261,0 days 00:29:54,0,0,0,0,0,0,1,0,0
1,29,56,Regular Play,England,3857261,0 days 00:29:56,1,0,0,0,0,0,0,0,0
1,29,58,Regular Play,England,3857261,0 days 00:29:58,0,0,0,0,0,0,1,0,0
1,29,58,Regular Play,England,3857261,0 days 00:29:58,0,0,0,0,0,0,1,0,0
1,30,1,Regular Play,England,3857261,0 days 00:30:01,0,0,0,0,0,0,1,0,0
1,30,2,Regular Play,England,3857261,0 days 00:30:02,0,0,0,0,0,0,1,0,0
1,30,4,Regular Play,England,3857261,0 days 00:30:04,0,0,0,0,0,0,1,0,0
1,30,8,Regular Play,England,3857261,0 days 00:30:08,1,0,0,0,0,0,0,0,0
1,30,10,Regular Play,England,3857261,0 days 00:30:10,0,0,0,0,0,0,1,0,0
1,30,13,Regular Play,England,3857261,0 days 00:30:13,0,0,0,0,0,0,1,0,0
1,30,18,Regular Play,England,3857261,0 days 00:30:18,0,0,0,0,0,0,1,0,0
1,30,20,Regular Play,England,3857261,0 days 00:30:20,0,0,0,1,0,0,0,0,0
1,30,20,Regular Play,Wales,3857261,0 days 00:30:20,0,0,0,0,0,0,0,0,1
1,30,22,Regular Play,Wales,3857261,0 days 00:30:22,0,0,0,0,0,0,1,0,0
1,30,23,Regular Play,England,3857261,0 days 00:30:23,1,0,0,0,0,0,0,0,0
1,30,27,Regular Play,England,3857261,0 days 00:30:27,0,0,0,0,0,0,1,0,0
1,30,27,Regular Play,England,3857261,0 days 00:30:27,0,0,0,0,0,0,1,0,0
1,30,28,Regular Play,England,3857261,0 days 00:30:28,0,0,0,0,0,0,1,0,0
1,30,32,Regular Play,England,3857261,0 days 00:30:32,0,0,0,0,0,0,1,0,0
1,30,34,Regular Play,England,3857261,0 days 00:30:34,0,0,0,0,0,0,1,0,0
1,30,35,Regular Play,England,3857261,0 days 00:30:35,0,0,0,0,0,0,1,0,0
1,30,38,Regular Play,England,3857261,0 days 00:30:38,0,0,0,0,0,0,1,0,0
1,30,39,Regular Play,England,3857261,0 days 00:30:39,0,0,0,0,0,0,1,0,0
1,30,41,Regular Play,England,3857261,0 days 00:30:41,0,0,0,0,0,0,1,0,0
1,30,43,Regular Play,England,3857261,0 days 00:30:43,0,0,0,0,0,0,1,0,0
1,30,45,Regular Play,England,3857261,0 days 00:30:45,0,0,0,0,0,0,1,0,0
1,30,52,Regular Play,England,3857261,0 days 00:30:52,0,0,0,0,0,0,1,0,0
1,31,21,From Throw In,Wales,3857261,0 days 00:31:21,0,0,0,0,0,0,1,0,0
1,31,24,Regular Play,England,3857261,0 days 00:31:24,0,0,0,0,0,0,1,0,0
1,31,27,Regular Play,England,3857261,0 days 00:31:27,0,0,0,0,0,0,1,0,0
1,31,28,Regular Play,Wales,3857261,0 days 00:31:28,0,0,0,0,0,0,1,0,0
1,31,30,Regular Play,England,3857261,0 days 00:31:30,0,0,0,0,0,0,1,0,0
1,31,31,Regular Play,England,3857261,0 days 00:31:31,0,0,0,0,0,0,1,0,0
1,31,36,Regular Play,Wales,3857261,0 days 00:31:36,1,0,0,0,0,0,0,0,0
1,31,42,Regular Play,Wales,3857261,0 days 00:31:42,0,0,0,0,0,0,1,0,0
1,31,46,Regular Play,Wales,3857261,0 days 00:31:46,0,0,0,0,0,0,1,0,0
1,31,48,Regular Play,Wales,3857261,0 days 00:31:48,0,0,0,0,0,0,1,0,0
1,31,51,Regular Play,Wales,3857261,0 days 00:31:51,0,0,0,0,0,0,1,0,0
1,31,53,Regular Play,Wales,3857261,0 days 00:31:53,0,0,0,0,0,0,1,0,0
1,31,54,Regular Play,Wales,3857261,0 days 00:31:54,0,0,0,0,0,0,1,0,0
1,22,1,Regular Play,Portugal,3857262,0 days 00:22:01,0,0,0,0,0,0,1,0,0
1,22,5,Regular Play,Portugal,3857262,0 days 00:22:05,0,0,0,0,0,0,1,0,0
1,22,9,Regular Play,Portugal,3857262,0 days 00:22:09,0,0,0,0,0,0,1,0,0
1,22,13,Regular Play,Portugal,3857262,0 days 00:22:13,0,0,0,0,0,0,1,0,0
1,22,25,Regular Play,Portugal,3857262,0 days 00:22:25,0,0,0,0,0,0,1,0,0
1,22,27,Regular Play,Portugal,3857262,0 days 00:22:27,0,0,0,0,0,0,1,0,0
1,22,30,Regular Play,Portugal,3857262,0 days 00:22:30,0,0,0,1,0,0,0,0,0
1,22,33,Regular Play,Portugal,3857262,0 days 00:22:33,0,0,0,0,0,0,1,0,0
1,22,39,Regular Play,Portugal,3857262,0 days 00:22:39,0,0,0,0,0,0,1,0,0
1,22,46,Regular Play,Portugal,3857262,0 days 00:22:46,0,0,0,0,0,0,1,0,0
1,22,48,Regular Play,Portugal,3857262,0 days 00:22:48,0,0,0,0,0,0,1,0,0
1,22,50,Regular Play,South Korea,3857262,0 days 00:22:50,0,1,0,0,0,0,0,0,0
1,23,14,From Throw In,Portugal,3857262,0 days 00:23:14,0,0,0,0,0,0,1,0,0
1,23,26,From Throw In,South Korea,3857262,0 days 00:23:26,0,0,0,0,0,0,1,0,0
1,23,27,Regular Play,Portugal,3857262,0 days 00:23:27,0,0,0,0,0,0,1,0,0
1,23,29,Regular Play,Portugal,3857262,0 days 00:23:29,0,0,0,0,0,0,1,0,0
1,23,34,Regular Play,Portugal,3857262,0 days 00:23:34,0,0,0,0,0,0,1,0,0
1,23,37,Regular Play,Portugal,3857262,0 days 00:23:37,0,0,0,0,0,0,1,0,0
1,23,38,Regular Play,South Korea,3857262,0 days 00:23:38,1,0,0,0,0,0,0,0,0
1,23,39,Regular Play,Portugal,3857262,0 days 00:23:39,0,0,0,0,0,0,1,0,0
1,23,42,Regular Play,Portugal,3857262,0 days 00:23:42,0,0,0,0,0,0,1,0,0
1,23,49,Regular Play,Portugal,3857262,0 days 00:23:49,0,0,0,0,0,0,1,0,0
1,23,51,Regular Play,Portugal,3857262,0 days 00:23:51,0,0,0,0,0,0,1,0,0
1,23,53,Regular Play,Portugal,3857262,0 days 00:23:53,0,0,0,0,0,0,1,0,0
1,23,56,Regular Play,Portugal,3857262,0 days 00:23:56,0,0,0,0,0,0,1,0,0
1,24,2,Regular Play,Portugal,3857262,0 days 00:24:02,0,0,0,0,0,0,1,0,0
1,24,4,Regular Play,Portugal,3857262,0 days 00:24:04,0,0,0,0,0,0,1,0,0
1,24,8,Regular Play,Portugal,3857262,0 days 00:24:08,0,0,0,0,0,0,1,0,0
1,24,25,From Throw In,South Korea,3857262,0 days 00:24:25,0,0,0,0,0,0,1,0,0
1,24,27,From Throw In,South Korea,3857262,0 days 00:24:27,0,0,0,0,0,0,1,0,0
1,24,29,From Throw In,Portugal,3857262,0 days 00:24:29,1,0,0,0,0,0,0,0,0
1,24,32,From Throw In,Portugal,3857262,0 days 00:24:32,0,0,0,0,0,0,1,0,0
1,24,35,From Throw In,Portugal,3857262,0 days 00:24:35,0,0,0,0,0,0,1,0,0
1,24,39,From Throw In,South Korea,3857262,0 days 00:24:39,0,0,0,0,0,0,1,0,0
1,24,40,From Throw In,South Korea,3857262,0 days 00:24:40,0,0,0,0,0,0,1,0,0
1,24,43,From Throw In,South Korea,3857262,0 days 00:24:43,0,0,0,0,0,0,1,0,0
1,24,48,From Throw In,South Korea,3857262,0 days 00:24:48,0,0,0,0,0,0,1,0,0
1,24,49,From Throw In,South Korea,3857262,0 days 00:24:49,0,0,0,0,0,0,1,0,0
1,24,54,From Throw In,South Korea,3857262,0 days 00:24:54,0,0,0,0,0,0,1,0,0
1,24,57,From Throw In,South Korea,3857262,0 days 00:24:57,0,0,0,0,0,0,1,0,0
1,25,0,From Throw In,South Korea,3857262,0 days 00:25:00,0,0,0,0,0,0,1,0,0
1,25,5,From Throw In,South Korea,3857262,0 days 00:25:05,0,0,0,0,0,0,1,0,0
1,25,8,From Throw In,South Korea,3857262,0 days 00:25:08,0,0,0,0,0,0,1,0,0
1,25,11,From Throw In,South Korea,3857262,0 days 00:25:11,0,0,0,0,0,0,1,0,0
1,25,14,From Throw In,South Korea,3857262,0 days 00:25:14,0,0,0,0,0,0,1,0,0
1,25,19,From Throw In,South Korea,3857262,0 days 00:25:19,0,0,0,0,0,0,1,0,0
1,25,23,From Throw In,South Korea,3857262,0 days 00:25:23,0,0,0,0,0,0,1,0,0
1,25,26,From Throw In,Portugal,3857262,0 days 00:25:26,0,0,0,0,1,0,0,0,0
1,26,9,From Free Kick,South Korea,3857262,0 days 00:26:09,0,0,0,0,0,0,1,0,0
1,26,10,From Free Kick,Portugal,3857262,0 days 00:26:10,0,1,0,0,0,0,0,0,0
1,26,41,From Corner,South Korea,3857262,0 days 00:26:41,0,0,0,0,0,0,1,0,0
1,26,43,From Corner,South Korea,3857262,0 days 00:26:43,1,0,0,0,0,0,0,0,0
1,26,43,From Corner,South Korea,3857262,0 days 00:26:43,0,0,0,0,0,0,0,1,0
1,27,46,From Kick Off,Portugal,3857262,0 days 00:27:46,0,0,0,0,0,0,1,0,0
1,27,48,From Kick Off,Portugal,3857262,0 days 00:27:48,0,0,0,0,0,0,1,0,0
1,27,52,From Kick Off,South Korea,3857262,0 days 00:27:52,0,1,0,0,0,0,0,0,0
1,27,53,From Kick Off,South Korea,3857262,0 days 00:27:53,0,0,0,0,0,0,1,0,0
1,27,54,From Kick Off,South Korea,3857262,0 days 00:27:54,0,0,0,0,0,0,1,0,0
1,27,55,From Kick Off,Portugal,3857262,0 days 00:27:55,0,0,0,0,0,0,1,0,0
1,27,56,From Kick Off,Portugal,3857262,0 days 00:27:56,0,0,0,0,0,0,1,0,0
1,27,59,From Kick Off,Portugal,3857262,0 days 00:27:59,0,0,0,0,0,0,1,0,0
1,28,0,From Kick Off,Portugal,3857262,0 days 00:28:00,0,0,0,0,0,0,1,0,0
1,28,4,From Kick Off,Portugal,3857262,0 days 00:28:04,0,0,0,0,0,0,1,0,0
1,28,6,From Kick Off,Portugal,3857262,0 days 00:28:06,0,0,0,0,0,0,1,0,0
1,28,9,From Kick Off,Portugal,3857262,0 days 00:28:09,0,0,0,0,0,0,1,0,0
1,28,16,From Kick Off,South Korea,3857262,0 days 00:28:16,0,0,0,0,1,0,0,0,0
1,28,36,From Free Kick,Portugal,3857262,0 days 00:28:36,0,0,0,0,0,0,1,0,0
1,28,39,From Free Kick,Portugal,3857262,0 days 00:28:39,0,0,0,0,0,0,1,0,0
1,28,42,From Free Kick,Portugal,3857262,0 days 00:28:42,0,0,0,0,0,0,1,0,0
1,28,45,From Free Kick,Portugal,3857262,0 days 00:28:45,0,0,0,0,0,0,1,0,0
1,28,47,From Free Kick,South Korea,3857262,0 days 00:28:47,0,0,0,0,1,0,0,0,0
1,29,9,From Free Kick,Portugal,3857262,0 days 00:29:09,0,0,0,0,0,0,1,0,0
1,29,14,From Free Kick,Portugal,3857262,0 days 00:29:14,0,0,0,0,0,0,1,0,0
1,29,16,From Free Kick,Portugal,3857262,0 days 00:29:16,0,0,0,0,0,0,1,0,0
1,29,20,From Free Kick,Portugal,3857262,0 days 00:29:20,0,0,0,0,0,0,1,0,0
1,29,23,From Free Kick,Portugal,3857262,0 days 00:29:23,0,0,0,0,0,0,1,0,0
1,29,28,From Free Kick,Portugal,3857262,0 days 00:29:28,0,0,0,0,0,0,1,0,0
1,29,29,From Free Kick,Portugal,3857262,0 days 00:29:29,0,0,0,0,0,0,1,0,0
1,30,9,From Free Kick,South Korea,3857262,0 days 00:30:09,0,0,0,0,0,0,1,0,0
1,30,13,From Free Kick,South Korea,3857262,0 days 00:30:13,0,0,0,0,0,0,1,0,0
1,30,17,From Free Kick,South Korea,3857262,0 days 00:30:17,0,0,1,0,0,0,0,0,0
1,30,17,From Free Kick,Portugal,3857262,0 days 00:30:17,0,0,0,0,0,0,0,0,1
1,30,18,From Free Kick,South Korea,3857262,0 days 00:30:18,1,0,0,0,0,0,0,0,0
1,30,18,From Free Kick,South Korea,3857262,0 days 00:30:18,0,0,0,0,0,0,0,1,0
1,30,20,From Free Kick,South Korea,3857262,0 days 00:30:20,1,0,0,0,0,0,0,0,0
1,30,22,From Free Kick,South Korea,3857262,0 days 00:30:22,0,0,0,0,0,0,1,0,0
1,30,25,From Free Kick,South Korea,3857262,0 days 00:30:25,0,0,0,0,0,0,1,0,0
1,30,26,From Free Kick,South Korea,3857262,0 days 00:30:26,0,0,0,0,0,0,1,0,0
1,30,31,From Free Kick,South Korea,3857262,0 days 00:30:31,0,0,0,0,0,0,1,0,0
1,30,33,From Free Kick,Portugal,3857262,0 days 00:30:33,0,0,0,0,0,1,0,0,0
1,30,40,From Throw In,South Korea,3857262,0 days 00:30:40,0,0,0,0,0,0,1,0,0
1,30,42,From Throw In,South Korea,3857262,0 days 00:30:42,0,0,0,0,0,0,1,0,0
1,30,44,From Throw In,South Korea,3857262,0 days 00:30:44,0,0,0,0,0,0,1,0,0
1,30,47,From Throw In,South Korea,3857262,0 days 00:30:47,0,0,0,0,0,0,1,0,0
1,30,59,From Throw In,South Korea,3857262,0 days 00:30:59,0,0,0,0,0,0,1,0,0
1,31,2,From Throw In,South Korea,3857262,0 days 00:31:02,0,0,0,0,0,0,1,0,0
1,31,4,From Throw In,South Korea,3857262,0 days 00:31:04,0,0,1,0,0,0,0,0,0
1,31,4,From Throw In,Portugal,3857262,0 days 00:31:04,0,0,0,0,0,0,0,0,1
1,31,7,From Throw In,South Korea,3857262,0 days 00:31:07,0,0,0,0,0,0,1,0,0
1,31,10,From Throw In,South Korea,3857262,0 days 00:31:10,0,0,0,0,0,0,1,0,0
1,31,12,From Throw In,South Korea,3857262,0 days 00:31:12,0,0,0,0,0,0,1,0,0
1,31,15,From Throw In,South Korea,3857262,0 days 00:31:15,0,0,0,0,0,0,1,0,0
1,31,17,From Throw In,South Korea,3857262,0 days 00:31:17,0,0,0,0,0,0,1,0,0
1,31,21,From Throw In,South Korea,3857262,0 days 00:31:21,1,0,0,0,0,0,0,0,0
1,31,21,Regular Play,Portugal,3857262,0 days 00:31:21,1,0,0,0,0,0,0,0,0
1,31,23,Regular Play,Portugal,3857262,0 days 00:31:23,0,0,0,1,0,0,0,0,0
1,31,23,Regular Play,South Korea,3857262,0 days 00:31:23,0,0,0,0,0,0,0,0,1
1,31,24,Regular Play,Portugal,3857262,0 days 00:31:24,0,0,0,0,0,0,1,0,0
1,31,25,Regular Play,Portugal,3857262,0 days 00:31:25,0,0,0,0,0,0,1,0,0
1,31,25,Regular Play,Portugal,3857262,0 days 00:31:25,0,0,0,0,0,0,1,0,0
1,31,26,Regular Play,Portugal,3857262,0 days 00:31:26,0,0,0,0,0,0,1,0,0
1,31,28,Regular Play,Portugal,3857262,0 days 00:31:28,0,0,0,0,0,0,1,0,0
1,31,33,Regular Play,Portugal,3857262,0 days 00:31:33,0,0,0,0,0,0,1,0,0
1,31,36,Regular Play,Portugal,3857262,0 days 00:31:36,0,0,0,0,0,0,1,0,0
1,31,37,Regular Play,Portugal,3857262,0 days 00:31:37,0,0,0,0,0,0,1,0,0
1,31,39,Regular Play,Portugal,3857262,0 days 00:31:39,0,0,0,0,0,0,1,0,0
1,31,41,Regular Play,Portugal,3857262,0 days 00:31:41,0,0,0,0,0,0,1,0,0
1,31,44,Regular Play,Portugal,3857262,0 days 00:31:44,0,0,0,0,0,0,1,0,0
1,31,47,Regular Play,Portugal,3857262,0 days 00:31:47,0,0,0,0,0,0,1,0,0
1,31,53,Regular Play,Portugal,3857262,0 days 00:31:53,0,0,0,0,0,0,1,0,0
1,31,55,Regular Play,Portugal,3857262,0 days 00:31:55,0,0,0,0,0,0,1,0,0
1,31,58,Regular Play,Portugal,3857262,0 days 00:31:58,0,0,0,0,0,0,1,0,0
1,22,0,From Goal Kick,Spain,3857263,0 days 00:22:00,0,0,0,0,0,0,1,0,0
1,22,2,From Goal Kick,Spain,3857263,0 days 00:22:02,0,0,1,0,0,0,0,0,0
1,22,2,From Goal Kick,Germany,3857263,0 days 00:22:02,0,0,0,0,0,0,0,0,1
1,22,4,From Goal Kick,Spain,3857263,0 days 00:22:04,0,0,0,0,1,0,0,0,0
1,22,28,From Free Kick,Germany,3857263,0 days 00:22:28,0,0,0,0,0,0,1,0,0
1,22,32,From Free Kick,Spain,3857263,0 days 00:22:32,0,0,0,0,0,0,1,0,0
1,22,35,From Free Kick,Spain,3857263,0 days 00:22:35,0,0,0,0,0,0,1,0,0
1,22,59,From Throw In,Germany,3857263,0 days 00:22:59,0,0,0,0,0,0,1,0,0
1,23,12,From Goal Kick,Spain,3857263,0 days 00:23:12,0,0,0,0,0,0,1,0,0
1,23,17,From Goal Kick,Germany,3857263,0 days 00:23:17,0,0,0,0,1,0,0,0,0
1,23,46,From Free Kick,Spain,3857263,0 days 00:23:46,0,0,0,0,0,0,1,0,0
1,23,47,From Free Kick,Spain,3857263,0 days 00:23:47,0,0,0,0,0,0,1,0,0
1,23,49,From Free Kick,Spain,3857263,0 days 00:23:49,0,0,0,0,0,0,1,0,0
1,23,54,From Free Kick,Spain,3857263,0 days 00:23:54,0,0,0,0,0,0,1,0,0
1,23,56,From Free Kick,Germany,3857263,0 days 00:23:56,0,0,0,0,0,1,0,0,0
1,23,57,From Free Kick,Germany,3857263,0 days 00:23:57,1,0,0,0,0,0,0,0,0
1,23,58,From Free Kick,Spain,3857263,0 days 00:23:58,0,0,0,0,0,0,1,0,0
1,24,1,From Free Kick,Spain,3857263,0 days 00:24:01,0,0,1,0,0,0,0,0,0
1,24,1,Regular Play,Germany,3857263,0 days 00:24:01,0,0,0,0,0,0,0,0,1
1,24,2,Regular Play,Germany,3857263,0 days 00:24:02,0,0,0,0,0,0,1,0,0
1,24,3,Regular Play,Germany,3857263,0 days 00:24:03,0,0,0,0,0,0,1,0,0
1,24,4,Regular Play,Germany,3857263,0 days 00:24:04,0,0,0,0,0,0,1,0,0
1,24,6,Regular Play,Germany,3857263,0 days 00:24:06,0,0,0,1,0,0,0,0,0
1,24,6,Regular Play,Spain,3857263,0 days 00:24:06,0,0,0,0,0,0,1,0,0
1,24,7,Regular Play,Spain,3857263,0 days 00:24:07,0,0,0,0,0,0,1,0,0
1,24,9,Regular Play,Germany,3857263,0 days 00:24:09,1,0,0,0,0,0,0,0,0
1,24,10,Regular Play,Germany,3857263,0 days 00:24:10,0,0,0,1,0,0,0,0,0
1,24,11,Regular Play,Germany,3857263,0 days 00:24:11,0,0,0,0,0,0,0,1,0
1,25,24,From Goal Kick,Spain,3857263,0 days 00:25:24,0,0,0,0,0,0,1,0,0
1,25,33,From Goal Kick,Spain,3857263,0 days 00:25:33,0,0,0,0,0,0,1,0,0
1,25,35,From Goal Kick,Spain,3857263,0 days 00:25:35,0,0,0,0,0,0,1,0,0
1,25,40,From Goal Kick,Spain,3857263,0 days 00:25:40,0,0,0,0,0,0,1,0,0
1,25,41,From Goal Kick,Spain,3857263,0 days 00:25:41,0,0,0,0,0,0,1,0,0
1,25,42,Regular Play,Germany,3857263,0 days 00:25:42,0,0,0,0,0,0,1,0,0
1,25,44,Regular Play,Germany,3857263,0 days 00:25:44,0,0,0,0,0,0,1,0,0
1,25,45,Regular Play,Germany,3857263,0 days 00:25:45,0,0,0,0,0,0,1,0,0
1,25,47,Regular Play,Germany,3857263,0 days 00:25:47,0,0,0,0,0,0,1,0,0
1,25,48,Regular Play,Germany,3857263,0 days 00:25:48,0,0,0,0,0,0,1,0,0
1,25,53,Regular Play,Germany,3857263,0 days 00:25:53,0,0,0,0,0,0,1,0,0
1,25,54,Regular Play,Spain,3857263,0 days 00:25:54,1,0,0,0,0,0,0,0,0
1,25,56,Regular Play,Spain,3857263,0 days 00:25:56,0,0,0,0,0,0,1,0,0
1,25,58,Regular Play,Spain,3857263,0 days 00:25:58,0,0,0,0,0,0,0,1,0
1,26,0,Regular Play,Germany,3857263,0 days 00:26:00,1,0,0,0,0,0,0,0,0
1,26,17,Regular Play,Germany,3857263,0 days 00:26:17,0,0,0,0,0,0,1,0,0
1,26,19,Regular Play,Germany,3857263,0 days 00:26:19,0,0,0,0,0,0,1,0,0
1,26,23,Regular Play,Spain,3857263,0 days 00:26:23,0,0,0,0,1,0,0,0,0
1,26,34,From Free Kick,Germany,3857263,0 days 00:26:34,0,0,0,0,0,0,1,0,0
1,26,36,From Free Kick,Germany,3857263,0 days 00:26:36,0,0,0,0,0,0,1,0,0
1,26,40,From Free Kick,Germany,3857263,0 days 00:26:40,0,0,0,0,0,0,1,0,0
1,26,43,From Free Kick,Germany,3857263,0 days 00:26:43,0,0,0,0,0,0,1,0,0
1,26,45,From Free Kick,Germany,3857263,0 days 00:26:45,0,0,0,0,0,0,1,0,0
1,26,47,From Free Kick,Germany,3857263,0 days 00:26:47,0,0,0,0,0,0,1,0,0
1,26,48,From Free Kick,Germany,3857263,0 days 00:26:48,0,0,0,0,0,0,1,0,0
1,26,50,From Free Kick,Germany,3857263,0 days 00:26:50,0,0,0,0,0,0,1,0,0
1,26,55,From Free Kick,Germany,3857263,0 days 00:26:55,0,0,0,0,0,0,1,0,0
1,26,56,From Free Kick,Germany,3857263,0 days 00:26:56,0,0,0,0,0,0,1,0,0
1,26,58,From Free Kick,Germany,3857263,0 days 00:26:58,0,0,0,0,0,0,1,0,0
1,27,5,From Free Kick,Germany,3857263,0 days 00:27:05,0,0,0,0,0,0,1,0,0
1,27,7,From Free Kick,Germany,3857263,0 days 00:27:07,0,0,0,0,0,0,1,0,0
1,27,10,Regular Play,Spain,3857263,0 days 00:27:10,0,0,0,0,0,0,1,0,0
1,27,14,Regular Play,Spain,3857263,0 days 00:27:14,0,0,0,0,0,0,1,0,0
1,27,16,Regular Play,Spain,3857263,0 days 00:27:16,0,0,0,0,0,0,1,0,0
1,27,18,Regular Play,Germany,3857263,0 days 00:27:18,0,0,0,0,1,0,0,0,0
1,27,30,From Free Kick,Spain,3857263,0 days 00:27:30,0,0,0,0,0,0,1,0,0
1,27,31,From Free Kick,Spain,3857263,0 days 00:27:31,0,0,0,0,0,0,1,0,0
1,27,34,From Free Kick,Spain,3857263,0 days 00:27:34,0,0,0,0,0,0,1,0,0
1,27,38,From Free Kick,Spain,3857263,0 days 00:27:38,0,0,0,0,0,0,1,0,0
1,27,40,From Free Kick,Spain,3857263,0 days 00:27:40,0,0,0,0,0,0,1,0,0
1,27,41,From Free Kick,Spain,3857263,0 days 00:27:41,0,0,0,0,0,0,1,0,0
1,27,44,Regular Play,Germany,3857263,0 days 00:27:44,0,0,0,0,0,0,1,0,0
1,27,49,Regular Play,Germany,3857263,0 days 00:27:49,0,0,0,0,0,0,1,0,0
1,27,52,Regular Play,Germany,3857263,0 days 00:27:52,0,0,0,0,0,0,1,0,0
1,27,54,Regular Play,Germany,3857263,0 days 00:27:54,0,0,0,0,0,0,1,0,0
1,27,56,Regular Play,Germany,3857263,0 days 00:27:56,0,0,0,0,0,0,1,0,0
1,27,57,Regular Play,Germany,3857263,0 days 00:27:57,0,0,0,0,0,0,1,0,0
1,27,59,Regular Play,Germany,3857263,0 days 00:27:59,0,0,0,0,0,0,1,0,0
1,28,2,Regular Play,Germany,3857263,0 days 00:28:02,0,0,0,0,0,0,1,0,0
1,28,7,Regular Play,Germany,3857263,0 days 00:28:07,0,0,0,0,0,0,1,0,0
1,28,10,Regular Play,Spain,3857263,0 days 00:28:10,0,0,0,0,0,0,1,0,0
1,28,11,Regular Play,Spain,3857263,0 days 00:28:11,0,0,0,0,0,0,1,0,0
1,28,13,Regular Play,Spain,3857263,0 days 00:28:13,0,0,1,0,0,0,0,0,0
1,28,13,Regular Play,Germany,3857263,0 days 00:28:13,0,0,0,0,0,0,0,0,1
1,28,13,Regular Play,Germany,3857263,0 days 00:28:13,1,0,0,0,0,0,0,0,0
1,28,15,Regular Play,Germany,3857263,0 days 00:28:15,0,0,0,0,0,0,1,0,0
1,28,17,Regular Play,Germany,3857263,0 days 00:28:17,0,0,0,0,0,0,1,0,0
1,28,22,Regular Play,Spain,3857263,0 days 00:28:22,1,0,0,0,0,0,0,0,0
1,28,22,Regular Play,Spain,3857263,0 days 00:28:22,0,0,0,1,0,0,0,0,0
1,28,24,Regular Play,Germany,3857263,0 days 00:28:24,0,0,0,0,0,0,1,0,0
1,28,24,Regular Play,Germany,3857263,0 days 00:28:24,0,0,0,0,0,0,1,0,0
1,28,26,Regular Play,Spain,3857263,0 days 00:28:26,0,0,0,0,0,0,1,0,0
1,28,29,Regular Play,Germany,3857263,0 days 00:28:29,0,1,0,0,0,0,0,0,0
1,28,35,Regular Play,Spain,3857263,0 days 00:28:35,1,0,0,0,0,0,0,0,0
1,28,37,Regular Play,Spain,3857263,0 days 00:28:37,0,0,0,0,0,0,1,0,0
1,28,40,Regular Play,Spain,3857263,0 days 00:28:40,0,0,0,0,0,0,1,0,0
1,28,47,Regular Play,Spain,3857263,0 days 00:28:47,0,0,0,0,0,0,1,0,0
1,28,57,Regular Play,Spain,3857263,0 days 00:28:57,0,0,0,0,0,0,1,0,0
1,29,1,Regular Play,Spain,3857263,0 days 00:29:01,0,0,0,0,0,0,1,0,0
1,29,2,Regular Play,Germany,3857263,0 days 00:29:02,0,0,0,0,0,1,0,0,0
1,29,2,Regular Play,Spain,3857263,0 days 00:29:02,0,0,0,0,1,0,0,0,0
1,29,14,From Free Kick,Germany,3857263,0 days 00:29:14,0,0,0,0,0,0,1,0,0
1,29,20,From Free Kick,Germany,3857263,0 days 00:29:20,0,0,0,0,0,0,1,0,0
1,29,24,From Free Kick,Germany,3857263,0 days 00:29:24,0,0,0,0,0,0,1,0,0
1,29,27,From Free Kick,Germany,3857263,0 days 00:29:27,0,0,0,0,0,0,1,0,0
1,29,29,From Free Kick,Spain,3857263,0 days 00:29:29,0,1,0,0,0,0,0,0,0
1,29,31,From Free Kick,Germany,3857263,0 days 00:29:31,1,0,0,0,0,0,0,0,0
1,29,36,From Free Kick,Germany,3857263,0 days 00:29:36,0,0,0,0,0,0,1,0,0
1,29,40,From Free Kick,Germany,3857263,0 days 00:29:40,0,0,0,0,0,0,0,1,0
1,29,56,From Goal Kick,Spain,3857263,0 days 00:29:56,0,0,0,0,0,0,1,0,0
1,29,57,From Goal Kick,Spain,3857263,0 days 00:29:57,0,0,0,0,0,0,1,0,0
1,29,59,From Goal Kick,Spain,3857263,0 days 00:29:59,0,0,0,0,0,0,1,0,0
1,30,0,From Goal Kick,Spain,3857263,0 days 00:30:00,0,0,0,0,0,0,1,0,0
1,30,2,From Goal Kick,Spain,3857263,0 days 00:30:02,0,0,0,0,0,0,1,0,0
1,30,5,From Goal Kick,Germany,3857263,0 days 00:30:05,1,0,0,0,0,0,0,0,0
1,30,6,From Goal Kick,Spain,3857263,0 days 00:30:06,1,0,0,0,0,0,0,0,0
1,30,6,From Goal Kick,Spain,3857263,0 days 00:30:06,0,0,0,1,0,0,0,0,0
1,30,6,From Goal Kick,Germany,3857263,0 days 00:30:06,0,0,0,0,0,0,0,0,1
1,30,8,From Goal Kick,Germany,3857263,0 days 00:30:08,1,0,0,0,0,0,0,0,0
1,30,9,From Goal Kick,Spain,3857263,0 days 00:30:09,0,0,0,0,0,0,1,0,0
1,30,12,From Goal Kick,Spain,3857263,0 days 00:30:12,0,0,0,0,0,0,1,0,0
1,30,14,From Goal Kick,Germany,3857263,0 days 00:30:14,0,0,0,0,0,1,0,0,0
1,30,19,From Goal Kick,Germany,3857263,0 days 00:30:19,1,0,0,0,0,0,0,0,0
1,30,19,From Goal Kick,Spain,3857263,0 days 00:30:19,1,0,0,0,0,0,0,0,0
1,30,21,From Goal Kick,Spain,3857263,0 days 00:30:21,0,0,0,0,0,0,1,0,0
1,30,23,From Goal Kick,Spain,3857263,0 days 00:30:23,0,0,0,0,0,0,1,0,0
1,30,26,From Goal Kick,Spain,3857263,0 days 00:30:26,0,0,0,0,0,0,1,0,0
1,30,32,From Goal Kick,Spain,3857263,0 days 00:30:32,0,0,0,0,0,0,1,0,0
1,30,34,From Goal Kick,Spain,3857263,0 days 00:30:34,0,0,0,0,0,0,1,0,0
1,30,35,From Goal Kick,Spain,3857263,0 days 00:30:35,0,0,0,0,0,0,1,0,0
1,30,38,From Goal Kick,Spain,3857263,0 days 00:30:38,0,0,0,0,0,0,1,0,0
1,30,40,From Goal Kick,Spain,3857263,0 days 00:30:40,0,0,0,0,0,0,1,0,0
1,30,43,From Goal Kick,Spain,3857263,0 days 00:30:43,0,0,0,0,0,0,1,0,0
1,30,45,From Goal Kick,Spain,3857263,0 days 00:30:45,0,0,0,0,0,0,1,0,0
1,30,49,From Goal Kick,Spain,3857263,0 days 00:30:49,0,0,0,0,0,0,1,0,0
1,30,50,From Goal Kick,Spain,3857263,0 days 00:30:50,0,0,0,0,0,0,1,0,0
1,31,7,From Throw In,Germany,3857263,0 days 00:31:07,0,0,0,0,0,0,1,0,0
1,31,8,From Throw In,Spain,3857263,0 days 00:31:08,0,0,0,0,0,1,0,0,0
1,31,9,From Throw In,Spain,3857263,0 days 00:31:09,0,0,0,0,0,0,1,0,0
1,31,10,From Throw In,Spain,3857263,0 days 00:31:10,0,0,1,0,0,0,0,0,0
1,31,10,From Throw In,Germany,3857263,0 days 00:31:10,0,0,0,0,0,0,0,0,1
1,31,11,From Throw In,Germany,3857263,0 days 00:31:11,0,0,0,0,0,0,1,0,0
1,31,13,From Throw In,Germany,3857263,0 days 00:31:13,0,0,0,0,0,0,1,0,0
1,31,15,From Throw In,Germany,3857263,0 days 00:31:15,0,0,0,0,0,0,1,0,0
1,31,16,From Throw In,Germany,3857263,0 days 00:31:16,0,0,0,0,0,0,1,0,0
1,31,36,From Throw In,Germany,3857263,0 days 00:31:36,0,0,0,0,0,0,1,0,0
1,31,37,From Throw In,Germany,3857263,0 days 00:31:37,0,0,0,0,0,0,1,0,0
1,31,40,From Throw In,Germany,3857263,0 days 00:31:40,0,0,0,0,0,0,1,0,0
1,31,40,From Throw In,Spain,3857263,0 days 00:31:40,1,0,0,0,0,0,0,0,0
1,31,41,From Throw In,Spain,3857263,0 days 00:31:41,0,0,0,0,0,0,1,0,0
1,31,43,From Throw In,Germany,3857263,0 days 00:31:43,1,0,0,0,0,0,0,0,0
1,31,45,From Throw In,Germany,3857263,0 days 00:31:45,0,0,0,0,0,0,1,0,0
1,31,49,From Throw In,Germany,3857263,0 days 00:31:49,0,0,0,0,0,0,1,0,0
1,31,52,From Throw In,Germany,3857263,0 days 00:31:52,0,0,0,0,0,0,1,0,0
1,31,53,From Throw In,Germany,3857263,0 days 00:31:53,0,0,0,0,0,0,1,0,0
1,31,53,From Throw In,Spain,3857263,0 days 00:31:53,0,0,0,0,0,1,0,0,0
1,31,55,From Throw In,Spain,3857263,0 days 00:31:55,1,0,0,0,0,0,0,0,0
1,31,55,From Throw In,Spain,3857263,0 days 00:31:55,0,0,0,0,0,0,1,0,0
1,31,57,From Throw In,Germany,3857263,0 days 00:31:57,1,0,0,0,0,0,0,0,0
1,31,57,From Throw In,Germany,3857263,0 days 00:31:57,0,0,0,1,0,0,0,0,0
1,31,59,Regular Play,Spain,3857263,0 days 00:31:59,0,0,0,0,0,0,1,0,0
1,31,59,Regular Play,Spain,3857263,0 days 00:31:59,0,0,0,0,0,0,1,0,0
1,22,3,Regular Play,Argentina,3857264,0 days 00:22:03,0,0,0,0,0,0,1,0,0
1,22,6,Regular Play,Argentina,3857264,0 days 00:22:06,0,0,0,0,0,0,1,0,0
1,22,9,Regular Play,Argentina,3857264,0 days 00:22:09,0,0,0,0,0,0,1,0,0
1,22,11,Regular Play,Argentina,3857264,0 days 00:22:11,0,0,0,0,0,0,1,0,0
1,22,13,Regular Play,Argentina,3857264,0 days 00:22:13,0,0,0,0,0,0,1,0,0
1,22,15,Regular Play,Argentina,3857264,0 days 00:22:15,0,0,0,0,0,0,1,0,0
1,22,17,Regular Play,Argentina,3857264,0 days 00:22:17,0,0,0,0,0,0,1,0,0
1,22,17,Regular Play,Poland,3857264,0 days 00:22:17,0,0,0,0,0,1,0,0,0
1,22,20,Regular Play,Poland,3857264,0 days 00:22:20,0,0,0,0,0,0,1,0,0
1,22,21,Regular Play,Poland,3857264,0 days 00:22:21,0,0,0,0,0,0,1,0,0
1,22,22,Regular Play,Argentina,3857264,0 days 00:22:22,0,0,0,0,0,0,1,0,0
1,22,25,Regular Play,Argentina,3857264,0 days 00:22:25,0,0,0,0,0,0,1,0,0
1,22,27,Regular Play,Argentina,3857264,0 days 00:22:27,0,0,0,0,0,0,1,0,0
1,22,36,Regular Play,Argentina,3857264,0 days 00:22:36,0,0,0,0,0,0,1,0,0
1,22,40,Regular Play,Argentina,3857264,0 days 00:22:40,0,0,0,0,0,0,1,0,0
1,22,42,Regular Play,Argentina,3857264,0 days 00:22:42,0,0,0,0,0,0,1,0,0
1,22,42,Regular Play,Argentina,3857264,0 days 00:22:42,0,0,0,0,0,0,1,0,0
1,22,43,Regular Play,Argentina,3857264,0 days 00:22:43,0,0,0,0,0,0,1,0,0
1,22,47,Regular Play,Argentina,3857264,0 days 00:22:47,0,0,0,0,0,0,1,0,0
1,22,54,Regular Play,Argentina,3857264,0 days 00:22:54,0,0,0,0,0,0,1,0,0
1,23,11,From Corner,Argentina,3857264,0 days 00:23:11,0,0,0,0,0,0,1,0,0
1,23,13,From Corner,Argentina,3857264,0 days 00:23:13,0,0,0,0,0,0,1,0,0
1,23,15,From Corner,Argentina,3857264,0 days 00:23:15,0,0,0,0,0,0,1,0,0
1,23,18,From Corner,Argentina,3857264,0 days 00:23:18,0,0,0,0,0,0,1,0,0
1,23,21,From Corner,Argentina,3857264,0 days 00:23:21,0,0,0,0,0,0,1,0,0
1,23,22,From Corner,Poland,3857264,0 days 00:23:22,0,1,0,0,0,0,0,0,0
1,23,24,From Corner,Argentina,3857264,0 days 00:23:24,1,0,0,0,0,0,0,0,0
1,23,25,From Corner,Argentina,3857264,0 days 00:23:25,0,0,0,0,0,0,1,0,0
1,23,32,From Throw In,Argentina,3857264,0 days 00:23:32,0,0,0,0,0,0,1,0,0
1,23,35,From Throw In,Argentina,3857264,0 days 00:23:35,0,0,0,0,0,0,1,0,0
1,23,39,From Throw In,Argentina,3857264,0 days 00:23:39,0,0,0,0,0,0,1,0,0
1,23,45,From Throw In,Argentina,3857264,0 days 00:23:45,0,0,0,0,0,0,1,0,0
1,23,48,From Throw In,Argentina,3857264,0 days 00:23:48,0,0,0,0,0,0,1,0,0
1,23,53,From Throw In,Argentina,3857264,0 days 00:23:53,0,0,0,0,0,0,1,0,0
1,23,55,From Throw In,Argentina,3857264,0 days 00:23:55,0,0,0,0,0,0,1,0,0
1,23,55,Regular Play,Poland,3857264,0 days 00:23:55,0,0,0,0,0,1,0,0,0
1,23,57,Regular Play,Poland,3857264,0 days 00:23:57,0,0,0,0,0,0,1,0,0
1,23,59,Regular Play,Argentina,3857264,0 days 00:23:59,0,0,0,0,1,0,0,0,0
1,24,15,From Free Kick,Poland,3857264,0 days 00:24:15,0,0,0,0,0,0,1,0,0
1,24,19,From Free Kick,Poland,3857264,0 days 00:24:19,0,0,0,0,0,0,1,0,0
1,24,23,From Free Kick,Poland,3857264,0 days 00:24:23,0,0,0,0,0,0,1,0,0
1,24,25,From Free Kick,Poland,3857264,0 days 00:24:25,0,0,0,0,0,0,1,0,0
1,24,28,From Free Kick,Poland,3857264,0 days 00:24:28,0,0,0,0,0,0,1,0,0
1,24,29,From Free Kick,Poland,3857264,0 days 00:24:29,0,0,0,0,0,0,1,0,0
1,24,33,From Free Kick,Poland,3857264,0 days 00:24:33,0,0,0,0,0,0,1,0,0
1,24,35,Regular Play,Argentina,3857264,0 days 00:24:35,0,0,0,0,0,0,1,0,0
1,24,42,Regular Play,Argentina,3857264,0 days 00:24:42,0,0,0,0,0,0,1,0,0
1,24,45,Regular Play,Argentina,3857264,0 days 00:24:45,0,0,0,0,0,0,1,0,0
1,24,47,Regular Play,Argentina,3857264,0 days 00:24:47,0,0,0,0,0,0,1,0,0
1,24,52,Regular Play,Argentina,3857264,0 days 00:24:52,0,0,0,0,0,0,1,0,0
1,24,53,Regular Play,Argentina,3857264,0 days 00:24:53,0,0,0,0,0,0,1,0,0
1,24,54,Regular Play,Argentina,3857264,0 days 00:24:54,0,0,0,0,0,0,1,0,0
1,24,57,Regular Play,Argentina,3857264,0 days 00:24:57,0,0,0,0,0,0,1,0,0
1,25,2,Regular Play,Argentina,3857264,0 days 00:25:02,0,0,0,0,0,0,1,0,0
1,25,8,Regular Play,Argentina,3857264,0 days 00:25:08,0,0,0,0,0,0,1,0,0
1,25,11,Regular Play,Argentina,3857264,0 days 00:25:11,0,0,0,0,0,0,1,0,0
1,25,16,Regular Play,Argentina,3857264,0 days 00:25:16,0,0,0,0,0,0,1,0,0
1,25,20,Regular Play,Argentina,3857264,0 days 00:25:20,0,0,0,0,0,0,1,0,0
1,25,23,Regular Play,Argentina,3857264,0 days 00:25:23,0,0,0,0,0,0,1,0,0
1,25,27,Regular Play,Argentina,3857264,0 days 00:25:27,0,0,0,0,0,0,1,0,0
1,25,31,Regular Play,Argentina,3857264,0 days 00:25:31,0,0,0,0,0,0,1,0,0
1,25,33,Regular Play,Argentina,3857264,0 days 00:25:33,0,0,0,0,0,0,1,0,0
1,25,36,Regular Play,Argentina,3857264,0 days 00:25:36,0,0,0,0,0,0,1,0,0
1,25,39,Regular Play,Argentina,3857264,0 days 00:25:39,0,0,0,0,0,0,1,0,0
1,25,43,Regular Play,Argentina,3857264,0 days 00:25:43,0,0,0,0,0,0,1,0,0
1,25,45,Regular Play,Argentina,3857264,0 days 00:25:45,0,0,0,0,0,0,1,0,0
1,25,47,Regular Play,Argentina,3857264,0 days 00:25:47,0,0,0,0,0,0,1,0,0
1,25,49,Regular Play,Argentina,3857264,0 days 00:25:49,0,0,0,0,0,0,1,0,0
1,25,52,Regular Play,Argentina,3857264,0 days 00:25:52,0,0,0,0,0,0,1,0,0
1,25,56,Regular Play,Poland,3857264,0 days 00:25:56,0,1,0,0,0,0,0,0,0
1,26,2,Regular Play,Poland,3857264,0 days 00:26:02,1,0,0,0,0,0,0,0,0
1,26,3,Regular Play,Poland,3857264,0 days 00:26:03,0,0,1,0,0,0,0,0,0
1,26,3,Regular Play,Argentina,3857264,0 days 00:26:03,0,0,0,0,0,0,0,0,1
1,26,4,Regular Play,Argentina,3857264,0 days 00:26:04,1,0,0,0,0,0,0,0,0
1,26,7,Regular Play,Argentina,3857264,0 days 00:26:07,0,0,0,0,0,0,1,0,0
1,26,11,Regular Play,Argentina,3857264,0 days 00:26:11,0,0,0,0,0,0,1,0,0
1,26,14,Regular Play,Argentina,3857264,0 days 00:26:14,0,0,0,1,0,0,0,0,0
1,26,16,Regular Play,Argentina,3857264,0 days 00:26:16,0,0,0,1,0,0,0,0,0
1,26,16,Regular Play,Argentina,3857264,0 days 00:26:16,0,0,1,0,0,0,0,0,0
1,26,16,Regular Play,Poland,3857264,0 days 00:26:16,0,0,0,0,0,0,0,0,1
1,26,22,Regular Play,Argentina,3857264,0 days 00:26:22,0,0,0,0,0,0,1,0,0
1,26,25,Regular Play,Argentina,3857264,0 days 00:26:25,0,0,0,0,0,0,1,0,0
1,26,26,Regular Play,Argentina,3857264,0 days 00:26:26,0,0,0,0,0,0,1,0,0
1,26,29,Regular Play,Argentina,3857264,0 days 00:26:29,0,0,0,1,0,0,0,0,0
1,26,29,Regular Play,Poland,3857264,0 days 00:26:29,0,0,0,0,0,0,0,0,1
1,26,31,Regular Play,Poland,3857264,0 days 00:26:31,0,0,0,0,0,0,1,0,0
1,26,34,Regular Play,Poland,3857264,0 days 00:26:34,0,0,0,0,0,0,1,0,0
1,26,36,Regular Play,Poland,3857264,0 days 00:26:36,0,0,0,0,0,0,1,0,0
1,26,37,Regular Play,Poland,3857264,0 days 00:26:37,0,0,0,0,0,0,1,0,0
1,26,42,Regular Play,Argentina,3857264,0 days 00:26:42,0,0,0,0,0,0,1,0,0
1,26,45,Regular Play,Argentina,3857264,0 days 00:26:45,0,0,0,0,0,0,1,0,0
1,26,47,Regular Play,Argentina,3857264,0 days 00:26:47,0,0,0,0,0,0,1,0,0
1,27,18,Regular Play,Argentina,3857264,0 days 00:27:18,0,0,0,0,0,0,1,0,0
1,27,20,Regular Play,Argentina,3857264,0 days 00:27:20,0,0,0,0,0,0,1,0,0
1,27,25,Regular Play,Argentina,3857264,0 days 00:27:25,0,0,0,0,0,0,1,0,0
1,27,28,Regular Play,Argentina,3857264,0 days 00:27:28,0,0,0,0,0,0,1,0,0
1,27,30,Regular Play,Argentina,3857264,0 days 00:27:30,0,0,0,0,0,0,1,0,0
1,27,33,Regular Play,Argentina,3857264,0 days 00:27:33,0,0,0,0,0,0,1,0,0
1,27,37,Regular Play,Argentina,3857264,0 days 00:27:37,0,0,0,0,0,0,1,0,0
1,27,49,Regular Play,Argentina,3857264,0 days 00:27:49,0,0,0,0,0,0,1,0,0
1,27,52,Regular Play,Argentina,3857264,0 days 00:27:52,0,0,0,0,0,0,1,0,0
1,27,54,Regular Play,Argentina,3857264,0 days 00:27:54,0,0,0,0,0,0,1,0,0
1,27,54,Regular Play,Argentina,3857264,0 days 00:27:54,0,0,0,0,0,0,0,1,0
1,27,56,Regular Play,Poland,3857264,0 days 00:27:56,0,1,0,0,0,0,0,0,0
1,27,57,Regular Play,Argentina,3857264,0 days 00:27:57,1,0,0,0,0,0,0,0,0
1,27,59,Regular Play,Argentina,3857264,0 days 00:27:59,0,0,0,0,0,0,0,1,0
1,28,30,From Goal Kick,Poland,3857264,0 days 00:28:30,0,0,0,0,0,0,1,0,0
1,28,36,From Goal Kick,Poland,3857264,0 days 00:28:36,0,0,0,0,0,0,1,0,0
1,28,39,From Goal Kick,Poland,3857264,0 days 00:28:39,0,0,0,0,0,0,1,0,0
1,28,42,From Goal Kick,Poland,3857264,0 days 00:28:42,0,0,0,0,0,0,1,0,0
1,28,46,From Goal Kick,Poland,3857264,0 days 00:28:46,0,0,0,0,0,0,1,0,0
1,28,49,From Goal Kick,Argentina,3857264,0 days 00:28:49,0,0,0,0,0,0,1,0,0
1,29,4,From Throw In,Poland,3857264,0 days 00:29:04,0,0,0,0,0,0,1,0,0
1,29,7,From Throw In,Poland,3857264,0 days 00:29:07,0,0,0,0,0,0,1,0,0
1,29,14,From Throw In,Poland,3857264,0 days 00:29:14,0,0,0,0,0,0,1,0,0
1,29,17,From Throw In,Poland,3857264,0 days 00:29:17,0,0,0,0,0,0,1,0,0
1,29,23,From Throw In,Poland,3857264,0 days 00:29:23,0,0,0,0,0,0,1,0,0
1,29,26,From Throw In,Poland,3857264,0 days 00:29:26,0,0,0,0,0,0,1,0,0
1,29,45,From Throw In,Argentina,3857264,0 days 00:29:45,0,0,0,0,0,0,1,0,0
1,29,46,From Throw In,Argentina,3857264,0 days 00:29:46,0,0,0,0,0,0,1,0,0
1,29,48,From Throw In,Argentina,3857264,0 days 00:29:48,0,0,0,0,0,0,1,0,0
1,29,52,From Throw In,Argentina,3857264,0 days 00:29:52,1,0,0,0,0,0,0,0,0
1,29,54,From Throw In,Argentina,3857264,0 days 00:29:54,0,0,0,0,0,0,1,0,0
1,30,0,From Throw In,Argentina,3857264,0 days 00:30:00,0,0,0,0,0,0,1,0,0
1,30,3,From Throw In,Argentina,3857264,0 days 00:30:03,0,0,0,0,0,0,1,0,0
1,30,9,From Throw In,Argentina,3857264,0 days 00:30:09,0,0,0,0,0,0,1,0,0
1,30,11,From Throw In,Poland,3857264,0 days 00:30:11,0,0,0,0,0,0,1,0,0
1,30,12,From Throw In,Poland,3857264,0 days 00:30:12,0,0,0,0,0,0,1,0,0
1,30,14,From Throw In,Argentina,3857264,0 days 00:30:14,1,0,0,0,0,0,0,0,0
1,30,16,From Throw In,Argentina,3857264,0 days 00:30:16,0,0,0,0,0,0,1,0,0
1,30,21,From Throw In,Argentina,3857264,0 days 00:30:21,0,0,0,0,0,0,1,0,0
1,30,25,From Throw In,Argentina,3857264,0 days 00:30:25,0,0,0,0,0,0,1,0,0
1,30,27,From Throw In,Argentina,3857264,0 days 00:30:27,0,0,0,0,0,0,1,0,0
1,30,28,From Throw In,Argentina,3857264,0 days 00:30:28,0,0,0,0,0,0,1,0,0
1,30,32,From Throw In,Argentina,3857264,0 days 00:30:32,0,0,0,0,0,0,1,0,0
1,30,35,From Throw In,Argentina,3857264,0 days 00:30:35,0,0,0,0,0,0,1,0,0
1,30,38,From Throw In,Argentina,3857264,0 days 00:30:38,0,0,0,0,0,0,1,0,0
1,30,45,From Throw In,Argentina,3857264,0 days 00:30:45,0,0,0,0,0,0,1,0,0
1,30,47,From Throw In,Argentina,3857264,0 days 00:30:47,0,0,0,0,0,0,1,0,0
1,30,49,From Throw In,Argentina,3857264,0 days 00:30:49,0,0,0,0,0,0,1,0,0
1,30,50,From Throw In,Poland,3857264,0 days 00:30:50,0,1,0,0,0,0,0,0,0
1,30,53,From Throw In,Poland,3857264,0 days 00:30:53,0,0,0,0,0,0,1,0,0
1,31,0,From Throw In,Argentina,3857264,0 days 00:31:00,0,0,0,0,0,0,1,0,0
1,31,7,From Throw In,Argentina,3857264,0 days 00:31:07,0,0,0,0,0,0,1,0,0
1,31,11,From Throw In,Argentina,3857264,0 days 00:31:11,0,0,0,0,0,0,1,0,0
1,31,13,From Throw In,Argentina,3857264,0 days 00:31:13,0,0,1,0,0,0,0,0,0
1,31,13,From Throw In,Poland,3857264,0 days 00:31:13,0,0,0,0,0,0,0,0,1
1,31,14,From Throw In,Poland,3857264,0 days 00:31:14,0,0,0,0,0,0,1,0,0
1,31,16,From Throw In,Argentina,3857264,0 days 00:31:16,0,0,0,0,0,0,1,0,0
1,31,19,From Throw In,Argentina,3857264,0 days 00:31:19,0,0,0,0,0,0,1,0,0
1,31,21,From Throw In,Argentina,3857264,0 days 00:31:21,0,0,0,0,0,0,1,0,0
1,31,22,From Throw In,Argentina,3857264,0 days 00:31:22,0,0,0,0,0,0,1,0,0
1,31,25,From Throw In,Argentina,3857264,0 days 00:31:25,0,0,0,0,0,0,1,0,0
1,31,27,From Throw In,Argentina,3857264,0 days 00:31:27,0,0,0,0,0,0,1,0,0
1,31,29,From Throw In,Argentina,3857264,0 days 00:31:29,0,0,0,0,0,0,1,0,0
1,31,31,From Throw In,Argentina,3857264,0 days 00:31:31,0,0,0,0,0,0,1,0,0
1,31,34,From Throw In,Argentina,3857264,0 days 00:31:34,0,0,0,0,0,0,1,0,0
1,31,39,From Throw In,Argentina,3857264,0 days 00:31:39,0,0,0,0,0,0,1,0,0
1,31,40,From Throw In,Argentina,3857264,0 days 00:31:40,0,0,0,0,0,0,1,0,0
1,31,41,From Throw In,Poland,3857264,0 days 00:31:41,0,0,0,0,0,0,1,0,0
1,31,43,From Throw In,Poland,3857264,0 days 00:31:43,0,0,0,0,0,0,1,0,0
1,31,43,From Throw In,Argentina,3857264,0 days 00:31:43,0,0,0,0,0,1,0,0,0
1,31,46,From Throw In,Argentina,3857264,0 days 00:31:46,1,0,0,0,0,0,0,0,0
1,31,47,From Throw In,Argentina,3857264,0 days 00:31:47,0,0,0,0,0,0,1,0,0
1,31,52,From Throw In,Argentina,3857264,0 days 00:31:52,0,0,0,0,0,0,1,0,0
1,31,54,From Throw In,Argentina,3857264,0 days 00:31:54,0,0,0,0,0,0,1,0,0
1,31,57,From Throw In,Argentina,3857264,0 days 00:31:57,0,0,0,0,0,0,1,0,0
1,22,2,Regular Play,Mexico,3857265,0 days 00:22:02,0,0,0,0,0,0,1,0,0
1,22,4,Regular Play,Mexico,3857265,0 days 00:22:04,0,0,0,0,0,0,1,0,0
1,22,7,Regular Play,Mexico,3857265,0 days 00:22:07,0,0,0,0,0,0,1,0,0
1,22,12,Regular Play,Mexico,3857265,0 days 00:22:12,0,0,0,0,0,0,1,0,0
1,22,13,Regular Play,Poland,3857265,0 days 00:22:13,0,1,0,0,0,0,0,0,0
1,22,16,Regular Play,Mexico,3857265,0 days 00:22:16,0,0,0,0,0,0,1,0,0
1,22,17,Regular Play,Mexico,3857265,0 days 00:22:17,0,0,0,0,1,0,0,0,0
1,22,50,From Free Kick,Poland,3857265,0 days 00:22:50,0,0,0,0,0,0,1,0,0
1,22,54,Regular Play,Mexico,3857265,0 days 00:22:54,0,0,0,0,0,0,1,0,0
1,22,58,Regular Play,Mexico,3857265,0 days 00:22:58,0,0,0,0,0,0,1,0,0
1,23,5,Regular Play,Mexico,3857265,0 days 00:23:05,0,0,0,0,0,0,1,0,0
1,23,8,Regular Play,Mexico,3857265,0 days 00:23:08,0,0,0,0,0,0,1,0,0
1,23,11,Regular Play,Mexico,3857265,0 days 00:23:11,0,0,0,0,0,0,1,0,0
1,23,16,Regular Play,Mexico,3857265,0 days 00:23:16,0,0,0,0,0,0,1,0,0
1,23,22,Regular Play,Mexico,3857265,0 days 00:23:22,0,0,0,0,0,0,1,0,0
1,23,25,Regular Play,Mexico,3857265,0 days 00:23:25,0,0,0,0,0,0,1,0,0
1,23,55,From Goal Kick,Poland,3857265,0 days 00:23:55,0,0,0,0,0,0,1,0,0
1,23,59,From Goal Kick,Mexico,3857265,0 days 00:23:59,0,0,0,0,0,0,1,0,0
1,24,0,From Goal Kick,Mexico,3857265,0 days 00:24:00,0,0,0,0,0,0,1,0,0
1,24,1,From Goal Kick,Poland,3857265,0 days 00:24:01,1,0,0,0,0,0,0,0,0
1,24,1,From Goal Kick,Poland,3857265,0 days 00:24:01,0,0,0,0,0,0,1,0,0
1,24,6,From Goal Kick,Poland,3857265,0 days 00:24:06,0,0,0,0,0,0,1,0,0
1,24,11,From Goal Kick,Poland,3857265,0 days 00:24:11,0,0,0,0,0,0,1,0,0
1,24,13,From Goal Kick,Poland,3857265,0 days 00:24:13,0,0,0,0,0,0,1,0,0
1,24,18,From Goal Kick,Poland,3857265,0 days 00:24:18,0,0,0,0,0,0,1,0,0
1,24,23,From Goal Kick,Poland,3857265,0 days 00:24:23,0,0,1,0,0,0,0,0,0
1,24,23,From Goal Kick,Mexico,3857265,0 days 00:24:23,0,0,0,0,0,0,0,0,1
1,24,25,From Goal Kick,Poland,3857265,0 days 00:24:25,1,0,0,0,0,0,0,0,0
1,24,40,From Throw In,Mexico,3857265,0 days 00:24:40,0,0,0,0,0,0,1,0,0
1,24,43,From Throw In,Mexico,3857265,0 days 00:24:43,0,0,0,0,0,0,1,0,0
1,24,46,From Throw In,Mexico,3857265,0 days 00:24:46,0,0,0,1,0,0,0,0,0
1,24,47,From Throw In,Mexico,3857265,0 days 00:24:47,0,0,0,1,0,0,0,0,0
1,24,47,Regular Play,Poland,3857265,0 days 00:24:47,0,0,0,0,0,0,0,0,1
1,24,48,Regular Play,Poland,3857265,0 days 00:24:48,1,0,0,0,0,0,0,0,0
1,24,49,Regular Play,Mexico,3857265,0 days 00:24:49,0,0,0,0,1,0,0,0,0
1,24,54,From Free Kick,Poland,3857265,0 days 00:24:54,0,0,0,0,0,0,1,0,0
1,24,56,From Free Kick,Poland,3857265,0 days 00:24:56,0,0,0,0,0,0,1,0,0
1,24,59,Regular Play,Mexico,3857265,0 days 00:24:59,0,0,0,0,0,1,0,0,0
1,25,2,Regular Play,Mexico,3857265,0 days 00:25:02,0,0,0,0,0,0,1,0,0
1,25,4,Regular Play,Mexico,3857265,0 days 00:25:04,0,0,0,0,0,0,1,0,0
1,25,8,Regular Play,Poland,3857265,0 days 00:25:08,1,0,0,0,0,0,0,0,0
1,25,9,Regular Play,Poland,3857265,0 days 00:25:09,0,0,0,0,1,0,0,0,0
1,25,14,From Free Kick,Mexico,3857265,0 days 00:25:14,0,0,0,0,0,0,1,0,0
1,25,19,From Free Kick,Mexico,3857265,0 days 00:25:19,0,0,0,0,0,0,1,0,0
1,25,23,From Free Kick,Mexico,3857265,0 days 00:25:23,0,0,0,0,0,0,1,0,0
1,25,26,From Free Kick,Mexico,3857265,0 days 00:25:26,0,0,0,0,0,0,1,0,0
1,25,31,From Free Kick,Mexico,3857265,0 days 00:25:31,0,0,0,0,0,0,1,0,0
1,25,34,From Free Kick,Mexico,3857265,0 days 00:25:34,0,0,0,0,0,0,1,0,0
1,25,37,From Free Kick,Mexico,3857265,0 days 00:25:37,0,0,0,0,0,0,1,0,0
1,25,39,From Free Kick,Mexico,3857265,0 days 00:25:39,0,0,0,0,0,0,1,0,0
1,25,41,From Free Kick,Mexico,3857265,0 days 00:25:41,0,0,0,0,0,0,0,1,0
1,26,13,From Goal Kick,Poland,3857265,0 days 00:26:13,0,0,0,0,0,0,1,0,0
1,26,17,From Goal Kick,Mexico,3857265,0 days 00:26:17,0,0,0,0,0,0,1,0,0
1,26,19,From Goal Kick,Poland,3857265,0 days 00:26:19,0,0,0,0,0,0,1,0,0
1,26,21,Regular Play,Mexico,3857265,0 days 00:26:21,1,0,0,0,0,0,0,0,0
1,26,23,Regular Play,Poland,3857265,0 days 00:26:23,0,0,0,0,1,0,0,0,0
1,26,36,From Free Kick,Mexico,3857265,0 days 00:26:36,0,0,0,0,0,0,1,0,0
1,26,38,From Free Kick,Mexico,3857265,0 days 00:26:38,0,0,0,0,0,0,1,0,0
1,26,41,From Free Kick,Mexico,3857265,0 days 00:26:41,0,0,0,0,0,0,1,0,0
1,26,43,From Free Kick,Mexico,3857265,0 days 00:26:43,0,0,0,0,0,0,1,0,0
1,26,48,From Free Kick,Mexico,3857265,0 days 00:26:48,0,0,0,0,0,0,1,0,0
1,26,50,From Free Kick,Mexico,3857265,0 days 00:26:50,0,0,0,0,0,0,1,0,0
1,26,54,From Free Kick,Mexico,3857265,0 days 00:26:54,0,0,0,0,0,0,1,0,0
1,26,59,From Free Kick,Mexico,3857265,0 days 00:26:59,0,0,0,0,0,0,1,0,0
1,27,1,From Free Kick,Mexico,3857265,0 days 00:27:01,0,0,0,0,0,0,1,0,0
1,27,4,From Free Kick,Mexico,3857265,0 days 00:27:04,0,0,0,0,0,0,1,0,0
1,27,8,From Free Kick,Mexico,3857265,0 days 00:27:08,0,0,0,0,0,0,1,0,0
1,27,10,From Free Kick,Mexico,3857265,0 days 00:27:10,0,0,0,0,0,0,1,0,0
1,27,14,From Free Kick,Poland,3857265,0 days 00:27:14,0,1,0,0,0,0,0,0,0
1,27,14,From Free Kick,Mexico,3857265,0 days 00:27:14,0,0,0,0,1,0,0,0,0
1,27,44,From Free Kick,Poland,3857265,0 days 00:27:44,0,0,0,0,0,0,1,0,0
1,27,47,From Free Kick,Mexico,3857265,0 days 00:27:47,0,0,0,0,0,0,1,0,0
1,27,50,From Free Kick,Mexico,3857265,0 days 00:27:50,0,0,0,0,0,0,1,0,0
1,27,51,From Free Kick,Poland,3857265,0 days 00:27:51,1,0,0,0,0,0,0,0,0
1,27,52,From Free Kick,Poland,3857265,0 days 00:27:52,0,0,0,0,0,0,1,0,0
1,27,54,From Free Kick,Poland,3857265,0 days 00:27:54,0,0,0,0,0,0,1,0,0
1,28,0,From Free Kick,Poland,3857265,0 days 00:28:00,0,0,0,0,0,0,1,0,0
1,28,4,From Free Kick,Poland,3857265,0 days 00:28:04,0,0,0,0,0,0,1,0,0
1,28,6,From Free Kick,Mexico,3857265,0 days 00:28:06,0,0,0,0,0,0,1,0,0
1,28,7,From Free Kick,Poland,3857265,0 days 00:28:07,1,0,0,0,0,0,0,0,0
1,28,8,From Free Kick,Poland,3857265,0 days 00:28:08,0,0,0,0,0,0,1,0,0
1,28,10,From Free Kick,Mexico,3857265,0 days 00:28:10,0,0,0,0,1,0,0,0,0
1,29,38,From Free Kick,Poland,3857265,0 days 00:29:38,0,0,0,0,0,0,1,0,0
1,29,39,From Free Kick,Mexico,3857265,0 days 00:29:39,0,1,0,0,0,0,0,0,0
1,30,10,From Throw In,Poland,3857265,0 days 00:30:10,0,0,0,0,0,0,1,0,0
1,30,11,From Throw In,Poland,3857265,0 days 00:30:11,0,0,0,0,0,0,1,0,0
1,30,12,From Throw In,Poland,3857265,0 days 00:30:12,0,0,0,0,0,0,1,0,0
1,30,14,From Throw In,Poland,3857265,0 days 00:30:14,0,0,0,0,0,0,1,0,0
1,30,16,From Throw In,Poland,3857265,0 days 00:30:16,0,0,0,0,0,0,1,0,0
1,30,18,From Throw In,Poland,3857265,0 days 00:30:18,0,0,0,0,0,0,1,0,0
1,30,21,Regular Play,Mexico,3857265,0 days 00:30:21,1,0,0,0,0,0,0,0,0
1,30,28,Regular Play,Mexico,3857265,0 days 00:30:28,0,0,0,0,0,0,1,0,0
1,30,33,Regular Play,Mexico,3857265,0 days 00:30:33,0,0,0,0,0,0,1,0,0
1,30,37,Regular Play,Mexico,3857265,0 days 00:30:37,0,0,0,0,0,0,1,0,0
1,30,40,Regular Play,Mexico,3857265,0 days 00:30:40,0,0,0,0,0,0,1,0,0
1,30,42,Regular Play,Mexico,3857265,0 days 00:30:42,0,0,0,0,0,0,1,0,0
1,30,44,Regular Play,Mexico,3857265,0 days 00:30:44,0,0,0,0,0,0,1,0,0
1,30,50,Regular Play,Mexico,3857265,0 days 00:30:50,0,0,0,0,0,0,1,0,0
1,30,54,Regular Play,Mexico,3857265,0 days 00:30:54,0,0,0,0,0,0,1,0,0
1,30,55,Regular Play,Poland,3857265,0 days 00:30:55,0,1,0,0,0,0,0,0,0
1,30,57,Regular Play,Poland,3857265,0 days 00:30:57,1,0,0,0,0,0,0,0,0
1,30,59,Regular Play,Poland,3857265,0 days 00:30:59,0,0,0,0,0,0,1,0,0
1,31,0,Regular Play,Mexico,3857265,0 days 00:31:00,1,0,0,0,0,0,0,0,0
1,31,1,Regular Play,Mexico,3857265,0 days 00:31:01,0,0,0,0,0,0,1,0,0
1,31,3,Regular Play,Mexico,3857265,0 days 00:31:03,0,0,0,0,0,0,1,0,0
1,31,6,Regular Play,Mexico,3857265,0 days 00:31:06,0,0,0,0,0,0,1,0,0
1,31,12,Regular Play,Mexico,3857265,0 days 00:31:12,0,0,0,0,0,0,1,0,0
1,31,14,Regular Play,Mexico,3857265,0 days 00:31:14,0,0,0,0,0,0,1,0,0
1,31,17,Regular Play,Mexico,3857265,0 days 00:31:17,0,0,0,0,0,0,1,0,0
1,31,20,Regular Play,Poland,3857265,0 days 00:31:20,1,0,0,0,0,0,0,0,0
1,31,25,Regular Play,Poland,3857265,0 days 00:31:25,0,0,0,1,0,0,0,0,0
1,31,27,Regular Play,Mexico,3857265,0 days 00:31:27,1,0,0,0,0,0,0,0,0
1,31,28,Regular Play,Mexico,3857265,0 days 00:31:28,0,0,0,0,0,0,1,0,0
1,31,48,From Throw In,Mexico,3857265,0 days 00:31:48,0,0,0,0,0,0,1,0,0
1,31,49,From Throw In,Mexico,3857265,0 days 00:31:49,0,0,0,0,0,0,1,0,0
1,31,51,From Throw In,Poland,3857265,0 days 00:31:51,0,0,0,0,0,0,1,0,0
1,31,52,From Throw In,Mexico,3857265,0 days 00:31:52,1,0,0,0,0,0,0,0,0
1,31,53,From Throw In,Mexico,3857265,0 days 00:31:53,0,0,0,0,0,0,1,0,0
1,31,57,From Throw In,Mexico,3857265,0 days 00:31:57,0,0,0,0,0,0,1,0,0
1,31,59,From Throw In,Mexico,3857265,0 days 00:31:59,0,0,0,0,0,0,1,0,0
1,22,1,From Free Kick,Denmark,3857266,0 days 00:22:01,0,0,0,0,0,0,1,0,0
1,22,2,From Free Kick,Denmark,3857266,0 days 00:22:02,0,0,0,0,0,0,1,0,0
1,22,7,From Free Kick,Denmark,3857266,0 days 00:22:07,0,0,0,0,0,0,1,0,0
1,22,9,From Free Kick,Denmark,3857266,0 days 00:22:09,0,0,0,0,0,0,1,0,0
1,22,11,From Free Kick,Denmark,3857266,0 days 00:22:11,0,0,0,0,0,0,1,0,0
1,22,15,From Free Kick,Denmark,3857266,0 days 00:22:15,0,0,0,0,1,0,0,0,0
1,23,45,From Free Kick,France,3857266,0 days 00:23:45,0,0,0,0,0,0,1,0,0
1,23,49,From Free Kick,France,3857266,0 days 00:23:49,0,0,0,0,0,0,1,0,0
1,23,52,From Free Kick,France,3857266,0 days 00:23:52,0,0,0,0,0,0,1,0,0
1,23,57,From Free Kick,France,3857266,0 days 00:23:57,0,0,0,0,0,0,1,0,0
1,24,0,From Free Kick,France,3857266,0 days 00:24:00,0,0,0,0,0,0,1,0,0
1,24,3,From Free Kick,France,3857266,0 days 00:24:03,0,0,0,0,0,0,1,0,0
1,24,7,From Free Kick,France,3857266,0 days 00:24:07,0,0,0,0,0,0,1,0,0
1,24,12,Regular Play,Denmark,3857266,0 days 00:24:12,0,0,0,0,0,0,1,0,0
1,24,17,Regular Play,Denmark,3857266,0 days 00:24:17,0,0,0,0,0,0,1,0,0
1,24,19,Regular Play,Denmark,3857266,0 days 00:24:19,0,0,0,0,0,0,1,0,0
1,24,22,Regular Play,Denmark,3857266,0 days 00:24:22,0,0,0,0,0,0,1,0,0
1,24,25,Regular Play,Denmark,3857266,0 days 00:24:25,0,0,0,0,0,0,1,0,0
1,24,28,Regular Play,Denmark,3857266,0 days 00:24:28,0,0,0,0,0,0,1,0,0
1,24,33,Regular Play,Denmark,3857266,0 days 00:24:33,0,0,0,0,0,0,1,0,0
1,24,39,Regular Play,Denmark,3857266,0 days 00:24:39,0,0,0,0,0,0,1,0,0
1,24,40,Regular Play,Denmark,3857266,0 days 00:24:40,0,0,0,0,0,0,1,0,0
1,24,43,Regular Play,Denmark,3857266,0 days 00:24:43,0,0,0,0,0,0,1,0,0
1,24,45,Regular Play,Denmark,3857266,0 days 00:24:45,0,0,0,0,0,0,1,0,0
1,24,48,Regular Play,Denmark,3857266,0 days 00:24:48,0,0,0,0,0,0,1,0,0
1,25,28,From Goal Kick,France,3857266,0 days 00:25:28,0,0,0,0,0,0,1,0,0
1,25,32,From Goal Kick,France,3857266,0 days 00:25:32,0,0,0,0,0,0,1,0,0
1,25,37,From Goal Kick,France,3857266,0 days 00:25:37,0,0,0,0,0,0,1,0,0
1,25,40,From Goal Kick,France,3857266,0 days 00:25:40,0,0,0,0,0,0,1,0,0
1,25,42,From Goal Kick,France,3857266,0 days 00:25:42,0,0,0,0,0,0,1,0,0
1,25,44,From Goal Kick,France,3857266,0 days 00:25:44,0,0,0,0,0,0,1,0,0
1,25,46,Regular Play,Denmark,3857266,0 days 00:25:46,0,0,0,0,0,0,1,0,0
1,25,49,Regular Play,Denmark,3857266,0 days 00:25:49,0,0,0,0,0,0,1,0,0
1,25,50,Regular Play,Denmark,3857266,0 days 00:25:50,0,0,0,0,0,0,1,0,0
1,25,55,Regular Play,Denmark,3857266,0 days 00:25:55,0,0,0,0,0,0,1,0,0
1,26,1,Regular Play,Denmark,3857266,0 days 00:26:01,0,0,0,0,0,0,1,0,0
1,26,5,Regular Play,Denmark,3857266,0 days 00:26:05,0,0,0,0,0,0,1,0,0
1,26,12,Regular Play,Denmark,3857266,0 days 00:26:12,0,0,0,0,0,0,1,0,0
1,26,13,Regular Play,Denmark,3857266,0 days 00:26:13,0,0,0,0,0,0,1,0,0
1,26,29,Regular Play,Denmark,3857266,0 days 00:26:29,1,0,0,0,0,0,0,0,0
1,26,32,Regular Play,Denmark,3857266,0 days 00:26:32,0,0,0,0,0,0,1,0,0
1,26,38,Regular Play,Denmark,3857266,0 days 00:26:38,0,0,0,0,0,0,1,0,0
1,26,42,Regular Play,France,3857266,0 days 00:26:42,0,1,0,0,0,0,0,0,0
1,26,50,From Throw In,Denmark,3857266,0 days 00:26:50,0,0,0,0,0,0,1,0,0
1,26,51,From Throw In,Denmark,3857266,0 days 00:26:51,0,0,0,0,0,0,1,0,0
1,26,52,From Throw In,Denmark,3857266,0 days 00:26:52,0,0,0,0,0,0,1,0,0
1,26,52,From Throw In,France,3857266,0 days 00:26:52,0,0,0,0,0,0,1,0,0
1,26,54,From Throw In,Denmark,3857266,0 days 00:26:54,1,0,0,0,0,0,0,0,0
1,26,58,From Throw In,Denmark,3857266,0 days 00:26:58,0,0,0,0,0,0,1,0,0
1,27,2,From Throw In,Denmark,3857266,0 days 00:27:02,0,0,0,0,0,0,1,0,0
1,27,4,From Throw In,Denmark,3857266,0 days 00:27:04,0,0,0,0,0,0,1,0,0
1,27,7,From Throw In,Denmark,3857266,0 days 00:27:07,0,0,0,0,0,0,1,0,0
1,27,11,From Throw In,Denmark,3857266,0 days 00:27:11,0,0,0,0,0,0,1,0,0
1,27,14,From Throw In,France,3857266,0 days 00:27:14,0,0,0,0,0,0,1,0,0
1,27,24,From Throw In,Denmark,3857266,0 days 00:27:24,0,0,0,0,0,0,1,0,0
1,27,25,From Throw In,Denmark,3857266,0 days 00:27:25,0,0,0,0,0,0,1,0,0
1,27,26,From Throw In,Denmark,3857266,0 days 00:27:26,0,0,0,0,0,0,1,0,0
1,27,27,From Throw In,Denmark,3857266,0 days 00:27:27,0,0,0,0,0,0,1,0,0
1,27,27,From Throw In,Denmark,3857266,0 days 00:27:27,0,0,0,0,0,0,1,0,0
1,27,29,From Throw In,Denmark,3857266,0 days 00:27:29,0,0,0,0,0,0,1,0,0
1,27,30,From Throw In,France,3857266,0 days 00:27:30,0,0,0,0,0,1,0,0,0
1,27,31,From Throw In,Denmark,3857266,0 days 00:27:31,1,0,0,0,0,0,0,0,0
1,27,32,From Throw In,Denmark,3857266,0 days 00:27:32,0,0,0,0,0,0,1,0,0
1,27,43,From Throw In,Denmark,3857266,0 days 00:27:43,0,0,0,0,0,0,1,0,0
1,27,43,From Throw In,Denmark,3857266,0 days 00:27:43,0,0,0,0,0,0,1,0,0
1,27,45,From Throw In,Denmark,3857266,0 days 00:27:45,0,0,0,0,0,0,1,0,0
1,28,17,From Goal Kick,France,3857266,0 days 00:28:17,0,0,0,0,0,0,1,0,0
1,28,20,From Goal Kick,Denmark,3857266,0 days 00:28:20,0,0,0,0,0,0,1,0,0
1,28,21,From Goal Kick,France,3857266,0 days 00:28:21,1,0,0,0,0,0,0,0,0
1,28,23,From Goal Kick,France,3857266,0 days 00:28:23,0,0,0,0,0,0,1,0,0
1,28,26,From Goal Kick,France,3857266,0 days 00:28:26,0,0,0,0,0,0,1,0,0
1,28,29,From Goal Kick,Denmark,3857266,0 days 00:28:29,0,1,0,0,0,0,0,0,0
1,28,31,Regular Play,Denmark,3857266,0 days 00:28:31,1,0,0,0,0,0,0,0,0
1,28,35,Regular Play,Denmark,3857266,0 days 00:28:35,0,0,0,0,0,0,1,0,0
1,28,42,Regular Play,Denmark,3857266,0 days 00:28:42,0,0,0,0,0,0,1,0,0
1,28,45,Regular Play,Denmark,3857266,0 days 00:28:45,0,0,0,0,0,0,1,0,0
1,28,47,Regular Play,Denmark,3857266,0 days 00:28:47,0,0,0,1,0,0,0,0,0
1,28,47,Regular Play,France,3857266,0 days 00:28:47,0,0,0,0,0,0,0,0,1
1,28,49,Regular Play,France,3857266,0 days 00:28:49,0,0,0,0,0,0,1,0,0
1,28,58,From Throw In,Denmark,3857266,0 days 00:28:58,0,0,0,0,0,0,1,0,0
1,29,0,From Throw In,Denmark,3857266,0 days 00:29:00,0,0,0,0,0,0,1,0,0
1,29,1,From Throw In,Denmark,3857266,0 days 00:29:01,0,0,0,0,0,0,1,0,0
1,29,3,From Throw In,Denmark,3857266,0 days 00:29:03,0,0,0,0,0,0,1,0,0
1,29,4,From Throw In,Denmark,3857266,0 days 00:29:04,0,0,0,1,0,0,0,0,0
1,29,35,From Goal Kick,France,3857266,0 days 00:29:35,0,0,0,0,0,0,1,0,0
1,29,39,From Goal Kick,France,3857266,0 days 00:29:39,0,0,0,0,0,0,1,0,0
1,29,40,From Goal Kick,France,3857266,0 days 00:29:40,0,0,0,0,0,0,1,0,0
1,29,50,From Goal Kick,France,3857266,0 days 00:29:50,0,0,0,0,0,0,1,0,0
1,29,53,From Goal Kick,France,3857266,0 days 00:29:53,0,0,0,0,0,0,0,1,0
1,29,55,Regular Play,Denmark,3857266,0 days 00:29:55,1,0,0,0,0,0,0,0,0
1,30,12,Regular Play,Denmark,3857266,0 days 00:30:12,0,0,0,0,0,0,1,0,0
1,30,13,Regular Play,Denmark,3857266,0 days 00:30:13,0,0,0,0,0,0,1,0,0
1,30,20,Regular Play,Denmark,3857266,0 days 00:30:20,0,0,0,0,0,0,1,0,0
1,30,22,Regular Play,Denmark,3857266,0 days 00:30:22,0,0,0,0,0,0,1,0,0
1,30,25,Regular Play,Denmark,3857266,0 days 00:30:25,0,0,0,0,0,0,1,0,0
1,30,31,Regular Play,Denmark,3857266,0 days 00:30:31,0,0,0,0,0,0,1,0,0
1,30,36,Regular Play,Denmark,3857266,0 days 00:30:36,0,0,0,0,0,0,1,0,0
1,30,37,Regular Play,Denmark,3857266,0 days 00:30:37,0,0,0,0,0,0,1,0,0
1,30,38,Regular Play,Denmark,3857266,0 days 00:30:38,0,0,0,0,0,0,1,0,0
1,30,39,Regular Play,Denmark,3857266,0 days 00:30:39,0,0,0,0,0,0,1,0,0
1,30,39,Regular Play,France,3857266,0 days 00:30:39,0,0,0,0,0,1,0,0,0
1,30,40,Regular Play,France,3857266,0 days 00:30:40,0,0,0,0,0,0,1,0,0
1,30,42,Regular Play,France,3857266,0 days 00:30:42,0,0,0,0,0,0,1,0,0
1,30,50,From Throw In,Denmark,3857266,0 days 00:30:50,0,0,0,0,0,0,1,0,0
1,30,52,From Throw In,Denmark,3857266,0 days 00:30:52,0,0,0,0,0,0,1,0,0
1,30,54,From Throw In,Denmark,3857266,0 days 00:30:54,0,0,0,0,0,0,1,0,0
1,30,59,From Throw In,Denmark,3857266,0 days 00:30:59,0,0,0,0,0,0,1,0,0
1,31,3,From Throw In,Denmark,3857266,0 days 00:31:03,0,0,0,0,0,0,1,0,0
1,31,8,From Throw In,Denmark,3857266,0 days 00:31:08,0,0,0,0,0,0,1,0,0
1,31,10,From Throw In,Denmark,3857266,0 days 00:31:10,0,0,0,0,0,0,1,0,0
1,31,16,From Throw In,Denmark,3857266,0 days 00:31:16,0,0,0,0,0,0,1,0,0
1,31,21,From Throw In,Denmark,3857266,0 days 00:31:21,0,0,0,0,0,0,1,0,0
1,31,24,From Throw In,Denmark,3857266,0 days 00:31:24,0,0,0,1,0,0,0,0,0
1,31,24,From Throw In,France,3857266,0 days 00:31:24,0,0,0,0,0,0,0,0,1
1,22,0,From Throw In,Ecuador,3857267,0 days 00:22:00,0,0,0,0,0,0,1,0,0
1,22,1,From Throw In,Ecuador,3857267,0 days 00:22:01,0,0,0,0,0,0,1,0,0
1,22,4,From Throw In,Ecuador,3857267,0 days 00:22:04,0,0,0,0,0,0,1,0,0
1,22,6,From Throw In,Ecuador,3857267,0 days 00:22:06,0,0,0,0,0,0,1,0,0
1,22,8,From Throw In,Ecuador,3857267,0 days 00:22:08,0,0,0,0,0,0,1,0,0
1,22,13,From Throw In,Ecuador,3857267,0 days 00:22:13,0,0,0,0,0,0,1,0,0
1,22,17,From Throw In,Ecuador,3857267,0 days 00:22:17,0,0,0,0,0,0,1,0,0
1,22,20,From Throw In,Ecuador,3857267,0 days 00:22:20,0,0,0,0,0,0,1,0,0
1,22,23,From Throw In,Ecuador,3857267,0 days 00:22:23,0,0,0,0,0,0,1,0,0
1,22,28,From Throw In,Ecuador,3857267,0 days 00:22:28,0,0,0,0,0,0,1,0,0
1,22,29,From Throw In,Ecuador,3857267,0 days 00:22:29,0,0,0,0,0,0,1,0,0
1,22,32,From Throw In,Ecuador,3857267,0 days 00:22:32,0,0,0,0,0,0,1,0,0
1,22,34,Regular Play,Senegal,3857267,0 days 00:22:34,0,0,0,0,0,0,1,0,0
1,22,36,Regular Play,Senegal,3857267,0 days 00:22:36,0,0,0,0,0,0,1,0,0
1,22,39,Regular Play,Senegal,3857267,0 days 00:22:39,0,0,0,0,0,0,1,0,0
1,22,41,Regular Play,Senegal,3857267,0 days 00:22:41,0,0,0,0,0,0,1,0,0
1,22,43,Regular Play,Ecuador,3857267,0 days 00:22:43,0,0,0,0,0,0,1,0,0
1,22,45,Regular Play,Ecuador,3857267,0 days 00:22:45,0,0,0,0,0,0,1,0,0
1,22,47,Regular Play,Senegal,3857267,0 days 00:22:47,0,0,0,0,0,0,1,0,0
1,22,49,Regular Play,Senegal,3857267,0 days 00:22:49,0,0,0,1,0,0,0,0,0
1,22,52,Regular Play,Senegal,3857267,0 days 00:22:52,0,0,0,0,0,0,1,0,0
1,22,56,Regular Play,Senegal,3857267,0 days 00:22:56,0,0,0,0,0,0,1,0,0
1,23,3,Regular Play,Senegal,3857267,0 days 00:23:03,0,0,0,0,0,0,1,0,0
1,23,4,Regular Play,Senegal,3857267,0 days 00:23:04,0,0,0,0,0,0,1,0,0
1,23,7,Regular Play,Senegal,3857267,0 days 00:23:07,0,0,0,0,0,0,1,0,0
1,23,12,Regular Play,Ecuador,3857267,0 days 00:23:12,1,0,0,0,0,0,0,0,0
1,23,14,Regular Play,Ecuador,3857267,0 days 00:23:14,0,0,0,0,0,0,1,0,0
1,23,17,Regular Play,Ecuador,3857267,0 days 00:23:17,0,0,0,0,0,0,1,0,0
1,23,19,Regular Play,Ecuador,3857267,0 days 00:23:19,0,0,0,0,0,0,1,0,0
1,23,23,Regular Play,Senegal,3857267,0 days 00:23:23,0,0,0,0,0,0,1,0,0
1,23,25,Regular Play,Ecuador,3857267,0 days 00:23:25,0,0,0,0,0,0,1,0,0
1,23,28,Regular Play,Senegal,3857267,0 days 00:23:28,0,0,0,0,0,0,1,0,0
1,23,37,Regular Play,Senegal,3857267,0 days 00:23:37,0,0,0,0,0,0,0,1,0
1,24,16,From Corner,Senegal,3857267,0 days 00:24:16,0,0,0,0,0,0,1,0,0
1,24,19,From Corner,Senegal,3857267,0 days 00:24:19,1,0,0,0,0,0,0,0,0
1,24,20,From Corner,Senegal,3857267,0 days 00:24:20,0,0,0,0,0,0,0,1,0
1,24,22,From Corner,Senegal,3857267,0 days 00:24:22,1,0,0,0,0,0,0,0,0
1,24,23,From Corner,Senegal,3857267,0 days 00:24:23,0,0,0,0,0,0,1,0,0
1,24,26,From Corner,Senegal,3857267,0 days 00:24:26,0,0,0,0,0,0,1,0,0
1,24,27,From Corner,Senegal,3857267,0 days 00:24:27,0,0,0,0,0,0,0,1,0
1,24,29,Regular Play,Ecuador,3857267,0 days 00:24:29,1,0,0,0,0,0,0,0,0
1,24,45,Regular Play,Ecuador,3857267,0 days 00:24:45,0,0,0,0,0,0,1,0,0
1,24,48,Regular Play,Ecuador,3857267,0 days 00:24:48,0,0,0,0,0,0,1,0,0
1,24,51,Regular Play,Ecuador,3857267,0 days 00:24:51,0,0,0,0,0,0,1,0,0
1,24,54,Regular Play,Ecuador,3857267,0 days 00:24:54,0,0,0,0,0,0,1,0,0
1,24,57,Regular Play,Ecuador,3857267,0 days 00:24:57,0,0,0,0,0,0,1,0,0
1,24,59,Regular Play,Ecuador,3857267,0 days 00:24:59,0,0,0,0,0,0,1,0,0
1,25,1,Regular Play,Ecuador,3857267,0 days 00:25:01,0,0,0,0,0,0,1,0,0
1,25,7,Regular Play,Ecuador,3857267,0 days 00:25:07,0,0,0,0,0,0,1,0,0
1,25,14,Regular Play,Ecuador,3857267,0 days 00:25:14,0,0,0,0,0,0,1,0,0
1,25,22,Regular Play,Ecuador,3857267,0 days 00:25:22,0,0,0,0,0,0,1,0,0
1,25,28,Regular Play,Ecuador,3857267,0 days 00:25:28,0,0,0,0,0,0,1,0,0
1,25,32,Regular Play,Senegal,3857267,0 days 00:25:32,0,1,0,0,0,0,0,0,0
1,25,33,Regular Play,Senegal,3857267,0 days 00:25:33,1,0,0,0,0,0,0,0,0
1,25,34,Regular Play,Senegal,3857267,0 days 00:25:34,0,0,0,0,0,0,1,0,0
1,25,36,Regular Play,Ecuador,3857267,0 days 00:25:36,1,0,0,0,0,0,0,0,0
1,25,43,Regular Play,Ecuador,3857267,0 days 00:25:43,0,0,1,0,0,0,0,0,0
1,25,43,Regular Play,Senegal,3857267,0 days 00:25:43,0,0,0,0,0,0,0,0,1
1,26,2,From Throw In,Ecuador,3857267,0 days 00:26:02,0,0,0,0,0,0,1,0,0
1,26,5,From Throw In,Ecuador,3857267,0 days 00:26:05,0,0,0,0,0,0,1,0,0
1,26,8,From Throw In,Ecuador,3857267,0 days 00:26:08,0,0,0,0,0,0,1,0,0
1,26,11,From Throw In,Ecuador,3857267,0 days 00:26:11,0,0,0,0,0,0,1,0,0
1,26,13,From Throw In,Ecuador,3857267,0 days 00:26:13,0,0,0,0,0,0,1,0,0
1,26,16,From Throw In,Ecuador,3857267,0 days 00:26:16,0,0,0,0,0,0,1,0,0
1,26,18,Regular Play,Senegal,3857267,0 days 00:26:18,1,0,0,0,0,0,0,0,0
1,26,19,Regular Play,Senegal,3857267,0 days 00:26:19,0,0,0,0,0,0,1,0,0
1,26,21,Regular Play,Senegal,3857267,0 days 00:26:21,0,0,1,0,0,0,0,0,0
1,26,21,Regular Play,Ecuador,3857267,0 days 00:26:21,0,0,0,0,0,0,0,0,1
1,26,21,Regular Play,Ecuador,3857267,0 days 00:26:21,1,0,0,0,0,0,0,0,0
1,26,23,Regular Play,Senegal,3857267,0 days 00:26:23,1,0,0,0,0,0,0,0,0
1,26,24,Regular Play,Senegal,3857267,0 days 00:26:24,0,0,0,1,0,0,0,0,0
1,26,24,Regular Play,Ecuador,3857267,0 days 00:26:24,0,0,0,0,0,0,0,0,1
1,26,25,Regular Play,Ecuador,3857267,0 days 00:26:25,1,0,0,0,0,0,0,0,0
1,26,28,Regular Play,Ecuador,3857267,0 days 00:26:28,0,0,0,0,0,0,1,0,0
1,26,33,Regular Play,Ecuador,3857267,0 days 00:26:33,0,0,0,0,0,0,1,0,0
1,26,39,Regular Play,Ecuador,3857267,0 days 00:26:39,0,0,0,0,0,0,1,0,0
1,26,41,Regular Play,Senegal,3857267,0 days 00:26:41,0,1,0,0,0,0,0,0,0
1,26,42,Regular Play,Senegal,3857267,0 days 00:26:42,1,0,0,0,0,0,0,0,0
1,26,44,Regular Play,Ecuador,3857267,0 days 00:26:44,0,0,0,0,1,0,0,0,0
1,26,56,From Free Kick,Senegal,3857267,0 days 00:26:56,0,0,0,0,0,0,1,0,0
1,27,1,From Free Kick,Ecuador,3857267,0 days 00:27:01,0,0,0,0,0,1,0,0,0
1,27,15,From Throw In,Senegal,3857267,0 days 00:27:15,0,0,0,0,0,0,1,0,0
1,27,19,From Throw In,Senegal,3857267,0 days 00:27:19,0,0,0,0,0,0,1,0,0
1,27,21,From Throw In,Senegal,3857267,0 days 00:27:21,0,0,0,0,0,0,1,0,0
1,27,24,From Throw In,Senegal,3857267,0 days 00:27:24,0,0,0,0,0,0,1,0,0
1,27,27,From Throw In,Senegal,3857267,0 days 00:27:27,0,0,0,0,0,0,1,0,0
1,27,29,From Throw In,Ecuador,3857267,0 days 00:27:29,0,0,0,0,0,0,1,0,0
1,27,31,From Throw In,Ecuador,3857267,0 days 00:27:31,0,0,0,0,0,0,1,0,0
1,27,46,From Throw In,Senegal,3857267,0 days 00:27:46,0,0,0,0,0,0,1,0,0
1,27,50,From Throw In,Senegal,3857267,0 days 00:27:50,0,0,0,0,0,0,1,0,0
1,27,58,From Throw In,Senegal,3857267,0 days 00:27:58,0,0,0,0,0,0,1,0,0
1,28,0,From Throw In,Senegal,3857267,0 days 00:28:00,0,0,1,0,0,0,0,0,0
1,28,0,From Throw In,Ecuador,3857267,0 days 00:28:00,0,0,0,0,0,0,0,0,1
1,28,1,From Throw In,Senegal,3857267,0 days 00:28:01,1,0,0,0,0,0,0,0,0
1,28,5,From Throw In,Senegal,3857267,0 days 00:28:05,0,0,0,0,0,0,1,0,0
1,28,7,From Throw In,Senegal,3857267,0 days 00:28:07,0,0,0,1,0,0,0,0,0
1,28,7,From Throw In,Ecuador,3857267,0 days 00:28:07,0,0,0,0,0,0,0,0,1
1,28,9,From Throw In,Ecuador,3857267,0 days 00:28:09,0,0,0,0,0,0,1,0,0
1,28,9,From Throw In,Senegal,3857267,0 days 00:28:09,0,0,0,0,0,0,1,0,0
1,28,13,From Throw In,Senegal,3857267,0 days 00:28:13,0,0,0,0,0,0,1,0,0
1,28,15,From Throw In,Senegal,3857267,0 days 00:28:15,0,0,0,0,0,0,1,0,0
1,28,19,From Throw In,Senegal,3857267,0 days 00:28:19,0,0,0,0,0,0,1,0,0
1,28,22,From Throw In,Ecuador,3857267,0 days 00:28:22,1,0,0,0,0,0,0,0,0
1,28,39,From Throw In,Ecuador,3857267,0 days 00:28:39,0,0,0,0,0,0,1,0,0
1,28,43,From Throw In,Senegal,3857267,0 days 00:28:43,0,0,0,0,0,0,1,0,0
1,28,45,From Throw In,Ecuador,3857267,0 days 00:28:45,0,0,0,0,0,0,1,0,0
1,28,47,From Throw In,Senegal,3857267,0 days 00:28:47,0,0,0,0,0,0,1,0,0
1,28,48,From Throw In,Senegal,3857267,0 days 00:28:48,0,0,0,0,0,0,1,0,0
1,28,49,Regular Play,Ecuador,3857267,0 days 00:28:49,1,0,0,0,0,0,0,0,0
1,28,51,Regular Play,Ecuador,3857267,0 days 00:28:51,0,0,0,0,0,0,1,0,0
1,28,52,Regular Play,Ecuador,3857267,0 days 00:28:52,0,0,0,0,0,0,1,0,0
1,28,55,Regular Play,Ecuador,3857267,0 days 00:28:55,0,0,0,0,0,0,1,0,0
1,28,59,Regular Play,Ecuador,3857267,0 days 00:28:59,0,0,1,0,0,0,0,0,0
1,28,59,Regular Play,Senegal,3857267,0 days 00:28:59,0,0,0,0,0,0,0,0,1
1,29,30,From Throw In,Ecuador,3857267,0 days 00:29:30,0,0,0,0,0,0,1,0,0
1,29,34,From Throw In,Ecuador,3857267,0 days 00:29:34,0,0,0,0,1,0,0,0,0
1,29,57,From Free Kick,Senegal,3857267,0 days 00:29:57,0,0,0,0,0,0,1,0,0
1,30,1,From Free Kick,Senegal,3857267,0 days 00:30:01,0,0,0,0,0,0,1,0,0
1,30,6,From Free Kick,Senegal,3857267,0 days 00:30:06,0,0,0,0,0,0,1,0,0
1,30,9,From Free Kick,Senegal,3857267,0 days 00:30:09,0,0,0,0,0,0,1,0,0
1,30,14,From Free Kick,Senegal,3857267,0 days 00:30:14,0,0,0,0,0,0,1,0,0
1,30,17,From Free Kick,Senegal,3857267,0 days 00:30:17,0,0,0,0,0,0,1,0,0
1,30,21,From Free Kick,Ecuador,3857267,0 days 00:30:21,0,0,0,0,0,0,1,0,0
1,30,23,From Free Kick,Senegal,3857267,0 days 00:30:23,0,1,0,0,0,0,0,0,0
1,30,25,Regular Play,Ecuador,3857267,0 days 00:30:25,0,0,0,0,0,0,1,0,0
1,30,27,Regular Play,Ecuador,3857267,0 days 00:30:27,0,0,0,0,0,0,1,0,0
1,30,29,Regular Play,Ecuador,3857267,0 days 00:30:29,0,0,0,0,0,0,1,0,0
1,30,31,Regular Play,Ecuador,3857267,0 days 00:30:31,0,0,0,0,0,0,1,0,0
1,30,34,Regular Play,Ecuador,3857267,0 days 00:30:34,0,0,0,0,0,0,1,0,0
1,30,37,Regular Play,Ecuador,3857267,0 days 00:30:37,0,0,0,0,0,0,1,0,0
1,30,40,Regular Play,Ecuador,3857267,0 days 00:30:40,0,0,0,0,0,0,1,0,0
1,30,40,Regular Play,Senegal,3857267,0 days 00:30:40,0,0,0,0,0,1,0,0,0
1,30,42,Regular Play,Senegal,3857267,0 days 00:30:42,0,0,0,0,0,0,1,0,0
1,30,43,Regular Play,Senegal,3857267,0 days 00:30:43,0,0,0,0,0,0,1,0,0
1,30,45,Regular Play,Senegal,3857267,0 days 00:30:45,0,0,0,0,0,0,1,0,0
1,30,47,Regular Play,Ecuador,3857267,0 days 00:30:47,1,0,0,0,0,0,0,0,0
1,30,48,Regular Play,Ecuador,3857267,0 days 00:30:48,0,0,0,0,0,0,1,0,0
1,31,11,From Goal Kick,Ecuador,3857267,0 days 00:31:11,0,0,0,0,0,0,1,0,0
1,31,18,From Goal Kick,Ecuador,3857267,0 days 00:31:18,0,0,0,0,0,0,1,0,0
1,31,22,From Goal Kick,Ecuador,3857267,0 days 00:31:22,0,0,0,0,0,0,1,0,0
1,31,25,From Goal Kick,Ecuador,3857267,0 days 00:31:25,0,0,0,0,0,0,1,0,0
1,31,27,From Goal Kick,Ecuador,3857267,0 days 00:31:27,0,0,0,0,0,0,1,0,0
1,31,33,From Goal Kick,Ecuador,3857267,0 days 00:31:33,0,0,0,0,0,0,1,0,0
1,31,34,From Goal Kick,Ecuador,3857267,0 days 00:31:34,0,0,0,0,0,0,1,0,0
1,31,38,From Goal Kick,Ecuador,3857267,0 days 00:31:38,0,0,0,0,0,0,1,0,0
1,31,42,From Goal Kick,Ecuador,3857267,0 days 00:31:42,0,0,0,0,0,0,1,0,0
1,31,44,From Goal Kick,Ecuador,3857267,0 days 00:31:44,0,0,0,0,0,0,1,0,0
1,31,48,From Goal Kick,Ecuador,3857267,0 days 00:31:48,0,0,0,0,0,0,1,0,0
1,31,51,From Goal Kick,Ecuador,3857267,0 days 00:31:51,0,0,0,0,0,0,1,0,0
1,31,54,From Goal Kick,Ecuador,3857267,0 days 00:31:54,0,0,0,0,0,0,1,0,0
1,31,55,From Goal Kick,Ecuador,3857267,0 days 00:31:55,0,0,0,0,0,0,1,0,0
1,22,3,From Free Kick,Belgium,3857268,0 days 00:22:03,0,0,0,0,0,0,1,0,0
1,22,6,From Free Kick,Belgium,3857268,0 days 00:22:06,0,0,0,0,0,0,1,0,0
1,22,10,From Free Kick,Belgium,3857268,0 days 00:22:10,0,0,0,0,0,0,1,0,0
1,22,16,From Free Kick,Belgium,3857268,0 days 00:22:16,0,0,0,0,0,0,1,0,0
1,22,22,From Free Kick,Belgium,3857268,0 days 00:22:22,0,0,0,0,0,0,1,0,0
1,22,27,From Free Kick,Belgium,3857268,0 days 00:22:27,0,0,1,0,0,0,0,0,0
1,22,27,From Free Kick,Canada,3857268,0 days 00:22:27,0,0,0,0,0,0,0,0,1
1,22,28,From Free Kick,Belgium,3857268,0 days 00:22:28,1,0,0,0,0,0,0,0,0
1,22,29,From Free Kick,Belgium,3857268,0 days 00:22:29,0,0,0,0,0,0,1,0,0
1,22,31,From Free Kick,Belgium,3857268,0 days 00:22:31,0,0,0,0,0,0,1,0,0
1,22,33,From Free Kick,Belgium,3857268,0 days 00:22:33,0,0,0,0,0,0,0,1,0
1,23,22,From Corner,Belgium,3857268,0 days 00:23:22,0,0,0,0,0,0,1,0,0
1,23,23,From Corner,Canada,3857268,0 days 00:23:23,0,1,0,0,0,0,0,0,0
1,23,27,From Corner,Belgium,3857268,0 days 00:23:27,0,0,0,0,0,0,1,0,0
1,23,28,Regular Play,Canada,3857268,0 days 00:23:28,1,0,0,0,0,0,0,0,0
1,23,29,Regular Play,Canada,3857268,0 days 00:23:29,0,0,0,1,0,0,0,0,0
1,23,29,Regular Play,Belgium,3857268,0 days 00:23:29,0,0,0,0,0,0,0,0,1
1,23,31,Regular Play,Canada,3857268,0 days 00:23:31,1,0,0,0,0,0,0,0,0
1,23,32,Regular Play,Canada,3857268,0 days 00:23:32,0,0,0,0,0,0,1,0,0
1,23,38,Regular Play,Canada,3857268,0 days 00:23:38,1,0,0,0,0,0,0,0,0
1,23,39,Regular Play,Belgium,3857268,0 days 00:23:39,0,0,0,0,0,0,1,0,0
1,23,40,Regular Play,Canada,3857268,0 days 00:23:40,1,0,0,0,0,0,0,0,0
1,23,41,Regular Play,Canada,3857268,0 days 00:23:41,0,0,0,1,0,0,0,0,0
1,23,41,Regular Play,Belgium,3857268,0 days 00:23:41,0,0,0,0,0,0,0,0,1
1,23,43,Regular Play,Canada,3857268,0 days 00:23:43,1,0,0,0,0,0,0,0,0
1,23,44,Regular Play,Canada,3857268,0 days 00:23:44,0,0,0,0,0,0,1,0,0
1,23,52,From Throw In,Belgium,3857268,0 days 00:23:52,0,0,0,0,0,0,1,0,0
1,23,55,From Throw In,Belgium,3857268,0 days 00:23:55,0,0,0,0,0,0,1,0,0
1,24,2,From Throw In,Belgium,3857268,0 days 00:24:02,0,0,0,0,0,0,1,0,0
1,24,3,From Throw In,Belgium,3857268,0 days 00:24:03,0,0,0,0,0,0,1,0,0
1,24,6,From Throw In,Belgium,3857268,0 days 00:24:06,0,0,0,0,0,0,1,0,0
1,24,8,From Throw In,Belgium,3857268,0 days 00:24:08,0,0,0,0,0,0,1,0,0
1,24,11,From Throw In,Belgium,3857268,0 days 00:24:11,0,0,0,0,0,0,1,0,0
1,24,14,From Throw In,Belgium,3857268,0 days 00:24:14,0,0,0,0,0,0,1,0,0
1,24,16,From Throw In,Canada,3857268,0 days 00:24:16,1,0,0,0,0,0,0,0,0
1,24,17,From Throw In,Belgium,3857268,0 days 00:24:17,0,0,0,0,0,0,1,0,0
1,24,18,From Throw In,Belgium,3857268,0 days 00:24:18,0,0,0,0,0,0,1,0,0
1,24,24,From Throw In,Belgium,3857268,0 days 00:24:24,0,0,0,0,0,0,1,0,0
1,24,30,From Throw In,Belgium,3857268,0 days 00:24:30,0,0,0,0,0,0,1,0,0
1,24,41,From Throw In,Belgium,3857268,0 days 00:24:41,0,0,0,0,0,0,1,0,0
1,24,45,From Throw In,Belgium,3857268,0 days 00:24:45,0,0,0,0,0,0,1,0,0
1,24,48,From Throw In,Belgium,3857268,0 days 00:24:48,0,0,0,0,0,0,1,0,0
1,24,50,From Throw In,Belgium,3857268,0 days 00:24:50,0,0,0,0,0,0,1,0,0
1,24,52,From Throw In,Belgium,3857268,0 days 00:24:52,0,0,0,0,0,0,1,0,0
1,24,54,From Throw In,Belgium,3857268,0 days 00:24:54,0,0,0,0,0,0,1,0,0
1,24,56,From Throw In,Belgium,3857268,0 days 00:24:56,0,0,0,0,0,0,1,0,0
1,24,57,From Throw In,Canada,3857268,0 days 00:24:57,0,0,0,0,1,0,0,0,0
1,25,16,From Free Kick,Belgium,3857268,0 days 00:25:16,0,0,0,0,0,0,1,0,0
1,25,17,From Free Kick,Belgium,3857268,0 days 00:25:17,0,0,0,0,0,0,1,0,0
1,25,19,From Free Kick,Canada,3857268,0 days 00:25:19,0,0,0,0,0,1,0,0,0
1,25,20,From Free Kick,Belgium,3857268,0 days 00:25:20,1,0,0,0,0,0,0,0,0
1,25,36,From Goal Kick,Canada,3857268,0 days 00:25:36,0,0,0,0,0,0,1,0,0
1,25,42,From Goal Kick,Canada,3857268,0 days 00:25:42,0,0,0,0,0,0,1,0,0
1,25,47,From Goal Kick,Canada,3857268,0 days 00:25:47,0,0,0,0,0,0,1,0,0
1,25,48,From Goal Kick,Canada,3857268,0 days 00:25:48,0,0,0,0,0,0,1,0,0
1,25,53,From Goal Kick,Canada,3857268,0 days 00:25:53,1,0,0,0,0,0,0,0,0
1,25,54,From Goal Kick,Canada,3857268,0 days 00:25:54,0,0,0,0,0,0,1,0,0
1,25,55,From Goal Kick,Canada,3857268,0 days 00:25:55,0,0,0,0,0,0,1,0,0
1,25,57,From Goal Kick,Canada,3857268,0 days 00:25:57,0,0,0,0,0,0,1,0,0
1,26,4,From Goal Kick,Canada,3857268,0 days 00:26:04,0,0,0,0,0,0,1,0,0
1,26,5,From Goal Kick,Canada,3857268,0 days 00:26:05,0,0,0,0,0,0,1,0,0
1,26,7,From Goal Kick,Canada,3857268,0 days 00:26:07,0,0,0,0,0,0,1,0,0
1,26,9,From Goal Kick,Canada,3857268,0 days 00:26:09,0,0,0,0,0,0,0,1,0
1,26,21,From Goal Kick,Belgium,3857268,0 days 00:26:21,0,0,0,0,0,0,1,0,0
1,26,26,From Goal Kick,Canada,3857268,0 days 00:26:26,0,0,0,0,1,0,0,0,0
1,26,43,From Free Kick,Belgium,3857268,0 days 00:26:43,0,0,0,0,0,0,1,0,0
1,26,46,From Free Kick,Belgium,3857268,0 days 00:26:46,0,0,0,0,0,0,1,0,0
1,26,49,From Free Kick,Belgium,3857268,0 days 00:26:49,0,0,0,0,0,0,1,0,0
1,26,54,From Free Kick,Belgium,3857268,0 days 00:26:54,0,0,0,0,0,0,1,0,0
1,26,56,From Free Kick,Belgium,3857268,0 days 00:26:56,0,0,0,0,0,0,1,0,0
1,26,59,From Free Kick,Belgium,3857268,0 days 00:26:59,0,0,0,0,0,0,1,0,0
1,27,0,From Free Kick,Canada,3857268,0 days 00:27:00,0,0,0,0,1,0,0,0,0
1,27,28,From Free Kick,Belgium,3857268,0 days 00:27:28,0,0,0,0,0,0,1,0,0
1,27,31,From Free Kick,Belgium,3857268,0 days 00:27:31,0,0,0,0,0,0,1,0,0
1,27,33,From Free Kick,Belgium,3857268,0 days 00:27:33,0,0,0,0,0,0,1,0,0
1,27,37,From Free Kick,Belgium,3857268,0 days 00:27:37,0,0,0,0,0,0,1,0,0
1,27,40,From Free Kick,Canada,3857268,0 days 00:27:40,0,0,0,0,0,1,0,0,0
1,27,42,From Free Kick,Belgium,3857268,0 days 00:27:42,1,0,0,0,0,0,0,0,0
1,27,45,From Free Kick,Belgium,3857268,0 days 00:27:45,0,0,0,0,0,0,1,0,0
1,27,46,From Free Kick,Belgium,3857268,0 days 00:27:46,0,0,1,0,0,0,0,0,0
1,27,46,Regular Play,Canada,3857268,0 days 00:27:46,0,0,0,0,0,0,0,0,1
1,27,47,Regular Play,Canada,3857268,0 days 00:27:47,0,0,0,0,0,0,1,0,0
1,27,52,Regular Play,Canada,3857268,0 days 00:27:52,0,0,1,0,0,0,0,0,0
1,27,52,Regular Play,Belgium,3857268,0 days 00:27:52,0,0,0,0,0,0,0,0,1
1,27,54,Regular Play,Canada,3857268,0 days 00:27:54,0,0,0,0,0,0,1,0,0
1,28,0,Regular Play,Canada,3857268,0 days 00:28:00,0,0,0,0,0,0,1,0,0
1,28,2,Regular Play,Canada,3857268,0 days 00:28:02,0,0,0,0,0,0,1,0,0
1,28,5,Regular Play,Canada,3857268,0 days 00:28:05,0,0,0,0,0,0,1,0,0
1,28,9,Regular Play,Canada,3857268,0 days 00:28:09,0,0,0,0,0,0,1,0,0
1,28,13,Regular Play,Canada,3857268,0 days 00:28:13,0,0,0,0,0,0,1,0,0
1,28,20,Regular Play,Canada,3857268,0 days 00:28:20,0,0,0,0,0,0,1,0,0
1,28,21,Regular Play,Belgium,3857268,0 days 00:28:21,0,0,0,0,0,1,0,0,0
1,28,28,Regular Play,Canada,3857268,0 days 00:28:28,0,0,0,0,0,0,1,0,0
1,28,30,Regular Play,Canada,3857268,0 days 00:28:30,0,0,0,0,0,0,1,0,0
1,28,31,Regular Play,Canada,3857268,0 days 00:28:31,0,0,0,0,0,0,1,0,0
1,28,32,Regular Play,Canada,3857268,0 days 00:28:32,0,0,0,0,0,0,1,0,0
1,28,33,Regular Play,Canada,3857268,0 days 00:28:33,0,0,0,0,0,0,1,0,0
1,28,36,Regular Play,Belgium,3857268,0 days 00:28:36,0,0,0,0,0,0,1,0,0
1,28,37,Regular Play,Canada,3857268,0 days 00:28:37,1,0,0,0,0,0,0,0,0
1,28,38,Regular Play,Canada,3857268,0 days 00:28:38,0,0,0,0,0,0,1,0,0
1,28,39,Regular Play,Canada,3857268,0 days 00:28:39,0,0,0,0,0,0,1,0,0
1,28,41,Regular Play,Belgium,3857268,0 days 00:28:41,0,1,0,0,0,0,0,0,0
1,28,46,Regular Play,Canada,3857268,0 days 00:28:46,1,0,0,0,0,0,0,0,0
1,28,48,Regular Play,Canada,3857268,0 days 00:28:48,0,0,0,0,0,0,1,0,0
1,28,50,Regular Play,Canada,3857268,0 days 00:28:50,0,0,0,0,0,0,1,0,0
1,28,53,Regular Play,Canada,3857268,0 days 00:28:53,0,0,0,0,0,0,1,0,0
1,28,55,Regular Play,Canada,3857268,0 days 00:28:55,0,0,0,0,0,0,1,0,0
1,28,58,Regular Play,Canada,3857268,0 days 00:28:58,0,0,0,0,0,0,1,0,0
1,29,1,Regular Play,Canada,3857268,0 days 00:29:01,0,0,0,0,0,0,1,0,0
1,29,4,Regular Play,Canada,3857268,0 days 00:29:04,0,0,0,0,0,0,1,0,0
1,29,5,Regular Play,Canada,3857268,0 days 00:29:05,0,0,0,0,0,0,1,0,0
1,29,11,Regular Play,Canada,3857268,0 days 00:29:11,0,0,0,0,0,0,1,0,0
1,29,15,Regular Play,Canada,3857268,0 days 00:29:15,0,0,0,0,0,0,1,0,0
1,29,16,Regular Play,Canada,3857268,0 days 00:29:16,0,0,0,0,0,0,0,1,0
1,29,18,Regular Play,Belgium,3857268,0 days 00:29:18,0,1,0,0,0,0,0,0,0
1,29,19,Regular Play,Belgium,3857268,0 days 00:29:19,0,1,0,0,0,0,0,0,0
1,29,21,Regular Play,Canada,3857268,0 days 00:29:21,0,0,0,0,0,0,1,0,0
1,29,22,Regular Play,Belgium,3857268,0 days 00:29:22,0,1,0,0,0,0,0,0,0
1,29,25,Regular Play,Canada,3857268,0 days 00:29:25,0,0,0,0,0,0,1,0,0
1,29,27,Regular Play,Belgium,3857268,0 days 00:29:27,0,0,0,0,0,0,1,0,0
1,29,29,Regular Play,Canada,3857268,0 days 00:29:29,0,0,0,0,0,0,1,0,0
1,29,33,Regular Play,Canada,3857268,0 days 00:29:33,0,0,0,0,0,0,1,0,0
1,29,38,Regular Play,Canada,3857268,0 days 00:29:38,0,0,0,0,0,0,1,0,0
1,29,41,Regular Play,Canada,3857268,0 days 00:29:41,0,0,0,0,0,0,1,0,0
1,29,44,Regular Play,Canada,3857268,0 days 00:29:44,0,0,0,0,0,0,1,0,0
1,29,46,Regular Play,Canada,3857268,0 days 00:29:46,0,0,0,0,0,0,1,0,0
1,29,55,Regular Play,Canada,3857268,0 days 00:29:55,0,0,0,1,0,0,0,0,0
1,29,56,Regular Play,Canada,3857268,0 days 00:29:56,0,0,0,1,0,0,0,0,0
1,29,56,Regular Play,Belgium,3857268,0 days 00:29:56,0,0,0,0,0,0,0,0,1
1,29,56,Regular Play,Canada,3857268,0 days 00:29:56,1,0,0,0,0,0,0,0,0
1,29,58,Regular Play,Belgium,3857268,0 days 00:29:58,0,1,0,0,0,0,0,0,0
1,30,34,From Throw In,Canada,3857268,0 days 00:30:34,0,0,0,0,0,0,1,0,0
1,30,35,From Throw In,Canada,3857268,0 days 00:30:35,0,0,0,0,0,0,1,0,0
1,30,37,From Throw In,Canada,3857268,0 days 00:30:37,0,0,0,0,0,0,1,0,0
1,30,42,From Throw In,Canada,3857268,0 days 00:30:42,0,0,0,0,0,0,1,0,0
1,30,43,From Throw In,Canada,3857268,0 days 00:30:43,0,0,0,0,0,0,0,1,0
1,30,45,Regular Play,Belgium,3857268,0 days 00:30:45,1,0,0,0,0,0,0,0,0
1,30,49,Regular Play,Belgium,3857268,0 days 00:30:49,0,0,0,0,0,0,1,0,0
1,30,52,Regular Play,Belgium,3857268,0 days 00:30:52,0,0,0,0,0,0,1,0,0
1,30,56,Regular Play,Belgium,3857268,0 days 00:30:56,0,0,0,0,0,0,1,0,0
1,30,58,Regular Play,Belgium,3857268,0 days 00:30:58,0,0,0,0,0,0,1,0,0
1,31,0,Regular Play,Belgium,3857268,0 days 00:31:00,0,0,0,0,0,0,1,0,0
1,31,8,Regular Play,Belgium,3857268,0 days 00:31:08,0,0,0,0,0,0,1,0,0
1,31,11,Regular Play,Belgium,3857268,0 days 00:31:11,0,0,0,0,0,0,1,0,0
1,31,12,Regular Play,Belgium,3857268,0 days 00:31:12,0,0,0,0,0,0,1,0,0
1,31,14,Regular Play,Belgium,3857268,0 days 00:31:14,0,0,0,0,0,0,1,0,0
1,31,17,Regular Play,Belgium,3857268,0 days 00:31:17,0,0,0,0,0,0,1,0,0
1,31,20,Regular Play,Belgium,3857268,0 days 00:31:20,0,0,0,0,0,0,1,0,0
1,31,24,Regular Play,Belgium,3857268,0 days 00:31:24,0,0,0,0,0,0,1,0,0
1,31,27,Regular Play,Belgium,3857268,0 days 00:31:27,0,0,0,0,0,0,1,0,0
1,31,30,Regular Play,Belgium,3857268,0 days 00:31:30,0,0,0,0,0,0,1,0,0
1,31,33,Regular Play,Belgium,3857268,0 days 00:31:33,0,0,0,0,0,0,1,0,0
1,31,36,Regular Play,Belgium,3857268,0 days 00:31:36,0,0,1,0,0,0,0,0,0
1,31,36,Regular Play,Canada,3857268,0 days 00:31:36,0,0,0,0,0,0,0,0,1
1,31,38,Regular Play,Canada,3857268,0 days 00:31:38,1,0,0,0,0,0,0,0,0
1,31,40,Regular Play,Canada,3857268,0 days 00:31:40,0,0,0,0,0,0,1,0,0
1,31,48,Regular Play,Canada,3857268,0 days 00:31:48,0,0,0,0,0,0,1,0,0
1,31,56,Regular Play,Canada,3857268,0 days 00:31:56,0,0,0,0,0,0,1,0,0
1,31,58,Regular Play,Canada,3857268,0 days 00:31:58,0,0,0,0,0,0,0,1,0
1,22,0,Regular Play,Brazil,3857269,0 days 00:22:00,0,0,0,0,0,0,1,0,0
1,22,1,Regular Play,Brazil,3857269,0 days 00:22:01,0,0,0,0,0,0,1,0,0
1,22,1,Regular Play,Switzerland,3857269,0 days 00:22:01,0,0,0,0,0,1,0,0,0
1,22,3,Regular Play,Switzerland,3857269,0 days 00:22:03,0,0,0,0,0,0,1,0,0
1,22,5,Regular Play,Switzerland,3857269,0 days 00:22:05,0,0,0,0,0,0,1,0,0
1,22,6,Regular Play,Brazil,3857269,0 days 00:22:06,0,0,0,0,1,0,0,0,0
1,22,34,From Free Kick,Switzerland,3857269,0 days 00:22:34,0,0,0,0,0,0,1,0,0
1,22,37,From Free Kick,Switzerland,3857269,0 days 00:22:37,0,0,0,0,0,0,1,0,0
1,22,38,From Free Kick,Switzerland,3857269,0 days 00:22:38,0,0,0,0,0,0,1,0,0
1,22,39,From Free Kick,Switzerland,3857269,0 days 00:22:39,0,0,0,0,0,0,1,0,0
1,22,42,From Free Kick,Switzerland,3857269,0 days 00:22:42,0,0,0,0,0,0,1,0,0
1,22,44,From Free Kick,Switzerland,3857269,0 days 00:22:44,0,0,0,0,0,0,1,0,0
1,22,46,From Free Kick,Switzerland,3857269,0 days 00:22:46,0,0,0,0,0,0,1,0,0
1,22,53,From Free Kick,Switzerland,3857269,0 days 00:22:53,0,0,0,0,0,0,1,0,0
1,22,55,From Free Kick,Switzerland,3857269,0 days 00:22:55,0,0,0,0,0,0,1,0,0
1,23,0,From Free Kick,Switzerland,3857269,0 days 00:23:00,0,0,0,0,0,0,1,0,0
1,23,5,From Free Kick,Switzerland,3857269,0 days 00:23:05,0,0,0,0,0,0,1,0,0
1,23,11,From Free Kick,Switzerland,3857269,0 days 00:23:11,0,0,0,0,0,0,1,0,0
1,23,13,From Free Kick,Switzerland,3857269,0 days 00:23:13,0,0,0,0,0,0,1,0,0
1,23,17,From Free Kick,Switzerland,3857269,0 days 00:23:17,0,0,0,0,0,0,1,0,0
1,23,19,From Free Kick,Switzerland,3857269,0 days 00:23:19,0,0,0,0,0,0,1,0,0
1,23,24,From Free Kick,Switzerland,3857269,0 days 00:23:24,0,0,0,0,0,0,1,0,0
1,23,29,From Free Kick,Switzerland,3857269,0 days 00:23:29,0,0,0,0,0,0,1,0,0
1,23,35,From Free Kick,Switzerland,3857269,0 days 00:23:35,0,0,0,0,0,0,1,0,0
1,23,36,From Free Kick,Switzerland,3857269,0 days 00:23:36,0,0,0,0,0,0,1,0,0
1,23,38,From Free Kick,Switzerland,3857269,0 days 00:23:38,0,0,0,0,0,0,1,0,0
1,23,42,From Free Kick,Switzerland,3857269,0 days 00:23:42,0,0,0,0,0,0,1,0,0
1,23,45,From Free Kick,Switzerland,3857269,0 days 00:23:45,0,0,0,0,0,0,1,0,0
1,23,45,From Free Kick,Brazil,3857269,0 days 00:23:45,0,1,0,0,0,0,0,0,0
1,23,47,From Free Kick,Switzerland,3857269,0 days 00:23:47,1,0,0,0,0,0,0,0,0
1,23,49,From Free Kick,Switzerland,3857269,0 days 00:23:49,0,0,0,0,0,0,1,0,0
1,23,52,From Free Kick,Switzerland,3857269,0 days 00:23:52,0,0,0,0,0,0,1,0,0
1,23,55,From Free Kick,Switzerland,3857269,0 days 00:23:55,0,0,0,0,0,0,1,0,0
1,23,57,From Free Kick,Switzerland,3857269,0 days 00:23:57,0,0,0,0,0,0,1,0,0
1,23,59,From Free Kick,Switzerland,3857269,0 days 00:23:59,0,0,0,0,0,0,1,0,0
1,24,1,From Free Kick,Brazil,3857269,0 days 00:24:01,0,1,0,0,0,0,0,0,0
1,24,3,From Free Kick,Switzerland,3857269,0 days 00:24:03,1,0,0,0,0,0,0,0,0
1,24,4,From Free Kick,Switzerland,3857269,0 days 00:24:04,0,0,0,0,0,0,1,0,0
1,24,5,Regular Play,Brazil,3857269,0 days 00:24:05,0,0,0,0,0,1,0,0,0
1,24,8,Regular Play,Brazil,3857269,0 days 00:24:08,0,0,0,0,0,0,1,0,0
1,24,9,Regular Play,Brazil,3857269,0 days 00:24:09,0,0,0,0,0,0,1,0,0
1,24,11,Regular Play,Brazil,3857269,0 days 00:24:11,0,0,0,0,0,0,1,0,0
1,24,28,From Throw In,Switzerland,3857269,0 days 00:24:28,0,0,0,0,0,0,1,0,0
1,24,31,From Throw In,Switzerland,3857269,0 days 00:24:31,0,0,0,0,0,0,1,0,0
1,24,37,From Throw In,Switzerland,3857269,0 days 00:24:37,0,0,0,0,0,0,1,0,0
1,24,39,From Throw In,Switzerland,3857269,0 days 00:24:39,0,0,0,0,0,0,1,0,0
1,24,48,From Throw In,Switzerland,3857269,0 days 00:24:48,0,0,0,0,0,0,1,0,0
1,24,50,From Throw In,Switzerland,3857269,0 days 00:24:50,0,0,0,0,0,0,1,0,0
1,24,53,From Throw In,Switzerland,3857269,0 days 00:24:53,0,0,1,0,0,0,0,0,0
1,24,53,From Throw In,Brazil,3857269,0 days 00:24:53,0,0,0,0,0,0,0,0,1
1,24,54,From Throw In,Brazil,3857269,0 days 00:24:54,0,0,0,0,0,0,1,0,0
1,24,55,From Throw In,Switzerland,3857269,0 days 00:24:55,1,0,0,0,0,0,0,0,0
1,25,1,From Throw In,Switzerland,3857269,0 days 00:25:01,0,0,0,1,0,0,0,0,0
1,25,1,Regular Play,Brazil,3857269,0 days 00:25:01,0,0,0,0,0,0,0,0,1
1,25,3,Regular Play,Brazil,3857269,0 days 00:25:03,1,0,0,0,0,0,0,0,0
1,25,4,Regular Play,Switzerland,3857269,0 days 00:25:04,0,0,0,0,0,0,1,0,0
1,25,6,Regular Play,Brazil,3857269,0 days 00:25:06,1,0,0,0,0,0,0,0,0
1,25,8,Regular Play,Switzerland,3857269,0 days 00:25:08,0,0,0,0,1,0,0,0,0
1,25,25,From Free Kick,Brazil,3857269,0 days 00:25:25,0,0,0,0,0,0,1,0,0
1,25,31,From Free Kick,Brazil,3857269,0 days 00:25:31,0,0,0,0,0,0,1,0,0
1,25,31,From Free Kick,Brazil,3857269,0 days 00:25:31,0,0,0,0,0,0,1,0,0
1,25,37,From Free Kick,Brazil,3857269,0 days 00:25:37,0,0,0,0,0,0,1,0,0
1,25,39,From Free Kick,Brazil,3857269,0 days 00:25:39,0,0,0,0,0,0,1,0,0
1,25,44,From Free Kick,Brazil,3857269,0 days 00:25:44,0,0,0,0,0,0,1,0,0
1,25,47,From Free Kick,Brazil,3857269,0 days 00:25:47,0,0,0,0,0,0,1,0,0
1,25,49,From Free Kick,Brazil,3857269,0 days 00:25:49,0,0,0,0,0,0,1,0,0
1,25,50,From Free Kick,Brazil,3857269,0 days 00:25:50,0,0,0,0,0,0,1,0,0
1,25,53,From Free Kick,Brazil,3857269,0 days 00:25:53,0,0,0,0,0,0,1,0,0
1,25,55,From Free Kick,Brazil,3857269,0 days 00:25:55,0,0,0,0,0,0,1,0,0
1,25,59,From Free Kick,Brazil,3857269,0 days 00:25:59,0,0,0,0,0,0,1,0,0
1,26,0,From Free Kick,Brazil,3857269,0 days 00:26:00,0,0,0,0,0,0,1,0,0
1,26,3,From Free Kick,Switzerland,3857269,0 days 00:26:03,0,0,0,0,0,0,1,0,0
1,26,4,From Free Kick,Switzerland,3857269,0 days 00:26:04,0,0,1,0,0,0,0,0,0
1,26,4,From Free Kick,Brazil,3857269,0 days 00:26:04,0,0,0,0,0,0,0,0,1
1,26,5,From Free Kick,Brazil,3857269,0 days 00:26:05,1,0,0,0,0,0,0,0,0
1,26,6,From Free Kick,Brazil,3857269,0 days 00:26:06,0,0,0,0,0,0,1,0,0
1,26,7,From Free Kick,Brazil,3857269,0 days 00:26:07,0,0,0,0,0,0,1,0,0
1,26,10,From Free Kick,Brazil,3857269,0 days 00:26:10,0,0,0,0,0,0,1,0,0
1,26,13,From Free Kick,Brazil,3857269,0 days 00:26:13,0,0,0,0,0,0,1,0,0
1,26,15,From Free Kick,Brazil,3857269,0 days 00:26:15,0,0,0,0,0,0,1,0,0
1,26,21,From Free Kick,Brazil,3857269,0 days 00:26:21,0,0,1,0,0,0,0,0,0
1,26,21,Regular Play,Switzerland,3857269,0 days 00:26:21,0,0,0,0,0,0,0,0,1
1,26,22,Regular Play,Switzerland,3857269,0 days 00:26:22,1,0,0,0,0,0,0,0,0
1,26,24,Regular Play,Switzerland,3857269,0 days 00:26:24,0,0,0,0,0,0,1,0,0
1,26,24,Regular Play,Switzerland,3857269,0 days 00:26:24,0,0,0,0,0,0,1,0,0
1,26,26,Regular Play,Switzerland,3857269,0 days 00:26:26,0,0,1,0,0,0,0,0,0
1,26,26,Regular Play,Brazil,3857269,0 days 00:26:26,0,0,0,0,0,0,0,0,1
1,26,27,Regular Play,Brazil,3857269,0 days 00:26:27,1,0,0,0,0,0,0,0,0
1,26,28,Regular Play,Brazil,3857269,0 days 00:26:28,0,0,0,0,0,0,1,0,0
1,26,33,Regular Play,Brazil,3857269,0 days 00:26:33,0,0,0,0,0,0,1,0,0
1,26,34,Regular Play,Brazil,3857269,0 days 00:26:34,0,0,0,0,0,0,1,0,0
1,26,36,Regular Play,Brazil,3857269,0 days 00:26:36,0,0,0,0,0,0,1,0,0
1,26,39,Regular Play,Brazil,3857269,0 days 00:26:39,0,0,0,0,0,0,1,0,0
1,26,41,Regular Play,Brazil,3857269,0 days 00:26:41,0,0,0,0,0,0,0,1,0
1,27,14,From Corner,Brazil,3857269,0 days 00:27:14,0,0,0,0,0,0,1,0,0
1,27,15,From Corner,Switzerland,3857269,0 days 00:27:15,0,1,0,0,0,0,0,0,0
1,27,17,From Corner,Brazil,3857269,0 days 00:27:17,1,0,0,0,0,0,0,0,0
1,27,17,From Corner,Brazil,3857269,0 days 00:27:17,0,0,0,0,0,0,0,1,0
1,27,18,From Corner,Brazil,3857269,0 days 00:27:18,1,0,0,0,0,0,0,0,0
1,27,19,From Corner,Brazil,3857269,0 days 00:27:19,0,0,1,0,0,0,0,0,0
1,27,19,From Corner,Switzerland,3857269,0 days 00:27:19,0,0,0,0,0,0,0,0,1
1,27,20,From Corner,Brazil,3857269,0 days 00:27:20,1,0,0,0,0,0,0,0,0
1,27,22,From Corner,Brazil,3857269,0 days 00:27:22,0,0,0,0,0,0,1,0,0
1,27,23,From Corner,Switzerland,3857269,0 days 00:27:23,0,1,0,0,0,0,0,0,0
1,27,28,From Corner,Brazil,3857269,0 days 00:27:28,1,0,0,0,0,0,0,0,0
1,27,29,From Corner,Brazil,3857269,0 days 00:27:29,0,0,0,0,0,0,1,0,0
1,27,30,From Corner,Switzerland,3857269,0 days 00:27:30,1,0,0,0,0,0,0,0,0
1,27,32,From Corner,Switzerland,3857269,0 days 00:27:32,0,0,0,0,0,0,1,0,0
1,27,34,From Corner,Brazil,3857269,0 days 00:27:34,0,0,0,0,0,0,1,0,0
1,27,57,From Throw In,Switzerland,3857269,0 days 00:27:57,0,0,0,0,0,0,1,0,0
1,27,57,From Throw In,Switzerland,3857269,0 days 00:27:57,0,0,0,0,0,0,1,0,0
1,27,59,From Throw In,Switzerland,3857269,0 days 00:27:59,0,0,0,1,0,0,0,0,0
1,27,59,From Throw In,Brazil,3857269,0 days 00:27:59,0,0,0,0,0,0,0,0,1
1,28,12,From Throw In,Switzerland,3857269,0 days 00:28:12,0,0,0,0,0,0,1,0,0
1,28,13,From Throw In,Brazil,3857269,0 days 00:28:13,0,0,0,0,0,0,1,0,0
1,28,15,From Throw In,Switzerland,3857269,0 days 00:28:15,0,0,0,0,0,0,1,0,0
1,28,17,From Throw In,Switzerland,3857269,0 days 00:28:17,0,0,0,0,0,0,1,0,0
1,28,18,From Throw In,Switzerland,3857269,0 days 00:28:18,0,0,0,0,0,0,1,0,0
1,28,19,Regular Play,Brazil,3857269,0 days 00:28:19,1,0,0,0,0,0,0,0,0
1,28,20,Regular Play,Brazil,3857269,0 days 00:28:20,0,0,0,1,0,0,0,0,0
1,28,20,Regular Play,Switzerland,3857269,0 days 00:28:20,0,0,0,0,0,0,0,0,1
1,28,21,Regular Play,Brazil,3857269,0 days 00:28:21,1,0,0,0,0,0,0,0,0
1,28,22,Regular Play,Switzerland,3857269,0 days 00:28:22,0,0,0,0,1,0,0,0,0
1,28,41,From Free Kick,Brazil,3857269,0 days 00:28:41,0,0,0,0,0,0,1,0,0
1,28,47,From Free Kick,Brazil,3857269,0 days 00:28:47,0,0,0,0,0,0,1,0,0
1,28,53,From Free Kick,Brazil,3857269,0 days 00:28:53,0,0,0,0,0,0,1,0,0
1,28,55,From Free Kick,Brazil,3857269,0 days 00:28:55,0,0,0,0,0,0,1,0,0
1,28,56,From Free Kick,Brazil,3857269,0 days 00:28:56,0,0,0,0,0,0,1,0,0
1,28,59,From Free Kick,Brazil,3857269,0 days 00:28:59,0,0,1,0,0,0,0,0,0
1,28,59,From Free Kick,Switzerland,3857269,0 days 00:28:59,0,0,0,0,0,0,0,0,1
1,29,1,From Free Kick,Switzerland,3857269,0 days 00:29:01,0,0,0,0,0,0,1,0,0
1,29,2,From Free Kick,Switzerland,3857269,0 days 00:29:02,0,0,0,0,0,0,1,0,0
1,29,4,From Free Kick,Brazil,3857269,0 days 00:29:04,0,0,0,0,0,0,1,0,0
1,29,13,From Free Kick,Brazil,3857269,0 days 00:29:13,0,0,0,0,0,0,1,0,0
1,29,15,From Free Kick,Brazil,3857269,0 days 00:29:15,0,0,0,0,0,0,1,0,0
1,29,18,From Free Kick,Brazil,3857269,0 days 00:29:18,0,0,0,0,0,0,1,0,0
1,29,20,From Free Kick,Brazil,3857269,0 days 00:29:20,0,0,0,0,0,0,1,0,0
1,29,30,From Free Kick,Brazil,3857269,0 days 00:29:30,0,0,0,0,0,0,1,0,0
1,29,35,From Free Kick,Brazil,3857269,0 days 00:29:35,0,0,0,0,0,0,1,0,0
1,29,36,From Free Kick,Switzerland,3857269,0 days 00:29:36,0,0,0,0,0,0,1,0,0
1,29,37,From Free Kick,Brazil,3857269,0 days 00:29:37,1,0,0,0,0,0,0,0,0
1,29,44,From Free Kick,Brazil,3857269,0 days 00:29:44,0,0,0,0,0,0,1,0,0
1,29,46,From Free Kick,Brazil,3857269,0 days 00:29:46,0,0,0,0,0,0,1,0,0
1,29,53,From Free Kick,Brazil,3857269,0 days 00:29:53,0,0,0,0,0,0,1,0,0
1,30,3,From Free Kick,Brazil,3857269,0 days 00:30:03,0,0,0,0,0,0,1,0,0
1,30,3,From Free Kick,Brazil,3857269,0 days 00:30:03,0,0,0,0,0,0,1,0,0
1,30,7,From Free Kick,Brazil,3857269,0 days 00:30:07,0,0,0,0,0,0,1,0,0
1,30,10,From Free Kick,Brazil,3857269,0 days 00:30:10,0,0,0,0,0,0,1,0,0
1,30,15,From Free Kick,Brazil,3857269,0 days 00:30:15,0,0,0,0,0,0,1,0,0
1,30,16,From Free Kick,Brazil,3857269,0 days 00:30:16,0,0,0,0,0,0,1,0,0
1,30,16,From Free Kick,Switzerland,3857269,0 days 00:30:16,0,0,0,0,0,1,0,0,0
1,30,19,From Free Kick,Brazil,3857269,0 days 00:30:19,0,0,0,0,0,0,0,1,0
1,30,32,From Keeper,Switzerland,3857269,0 days 00:30:32,0,0,0,0,0,0,1,0,0
1,30,37,From Keeper,Switzerland,3857269,0 days 00:30:37,0,0,0,0,0,0,1,0,0
1,30,39,From Keeper,Switzerland,3857269,0 days 00:30:39,0,0,0,0,0,0,1,0,0
1,30,40,From Keeper,Brazil,3857269,0 days 00:30:40,0,0,0,0,0,1,0,0,0
1,30,41,From Keeper,Brazil,3857269,0 days 00:30:41,0,0,0,0,0,0,1,0,0
1,30,45,From Keeper,Switzerland,3857269,0 days 00:30:45,1,0,0,0,0,0,0,0,0
1,30,45,From Keeper,Switzerland,3857269,0 days 00:30:45,1,0,0,0,0,0,0,0,0
1,30,46,From Keeper,Switzerland,3857269,0 days 00:30:46,0,0,0,0,0,0,1,0,0
1,30,48,From Keeper,Switzerland,3857269,0 days 00:30:48,0,0,0,0,0,0,1,0,0
1,30,49,From Keeper,Brazil,3857269,0 days 00:30:49,0,0,0,0,0,1,0,0,0
1,30,51,Regular Play,Brazil,3857269,0 days 00:30:51,1,0,0,0,0,0,0,0,0
1,30,51,Regular Play,Switzerland,3857269,0 days 00:30:51,0,0,0,0,1,0,0,0,0
1,31,6,From Free Kick,Brazil,3857269,0 days 00:31:06,0,0,0,0,0,0,1,0,0
1,31,9,From Free Kick,Brazil,3857269,0 days 00:31:09,0,0,0,0,0,0,1,0,0
1,31,17,From Free Kick,Brazil,3857269,0 days 00:31:17,0,0,0,0,0,0,1,0,0
1,31,19,From Free Kick,Brazil,3857269,0 days 00:31:19,0,0,0,0,0,0,1,0,0
1,31,23,From Free Kick,Brazil,3857269,0 days 00:31:23,0,0,0,0,0,0,1,0,0
1,31,25,From Free Kick,Brazil,3857269,0 days 00:31:25,0,0,0,0,0,0,1,0,0
1,31,27,From Free Kick,Brazil,3857269,0 days 00:31:27,0,0,0,0,0,0,0,1,0
1,31,28,From Free Kick,Switzerland,3857269,0 days 00:31:28,0,1,0,0,0,0,0,0,0
1,31,32,From Free Kick,Brazil,3857269,0 days 00:31:32,0,0,0,0,0,0,1,0,0
1,31,35,From Free Kick,Brazil,3857269,0 days 00:31:35,0,0,0,0,0,0,1,0,0
1,31,37,From Free Kick,Brazil,3857269,0 days 00:31:37,0,0,0,0,0,0,1,0,0
1,31,39,From Free Kick,Brazil,3857269,0 days 00:31:39,0,0,0,0,0,0,1,0,0
1,31,43,From Free Kick,Brazil,3857269,0 days 00:31:43,0,0,0,0,0,0,1,0,0
1,31,46,From Free Kick,Brazil,3857269,0 days 00:31:46,0,0,0,0,0,0,1,0,0
1,31,49,From Free Kick,Brazil,3857269,0 days 00:31:49,0,0,0,0,0,0,1,0,0
1,31,51,From Free Kick,Brazil,3857269,0 days 00:31:51,0,0,0,0,0,0,1,0,0
1,31,53,From Free Kick,Brazil,3857269,0 days 00:31:53,0,0,0,0,0,0,1,0,0
1,31,55,From Free Kick,Brazil,3857269,0 days 00:31:55,0,0,0,0,0,0,1,0,0
1,31,58,From Free Kick,Brazil,3857269,0 days 00:31:58,0,0,0,0,0,0,1,0,0
1,31,59,From Free Kick,Brazil,3857269,0 days 00:31:59,0,0,0,0,0,0,1,0,0
1,22,0,Regular Play,Uruguay,3857270,0 days 00:22:00,0,0,0,0,0,0,1,0,0
1,22,2,Regular Play,Uruguay,3857270,0 days 00:22:02,0,0,0,0,0,0,1,0,0
1,22,7,Regular Play,Uruguay,3857270,0 days 00:22:07,0,0,0,0,0,0,1,0,0
1,22,27,From Throw In,Portugal,3857270,0 days 00:22:27,0,0,0,0,0,0,1,0,0
1,22,31,From Throw In,Uruguay,3857270,0 days 00:22:31,1,0,0,0,0,0,0,0,0
1,22,36,From Throw In,Uruguay,3857270,0 days 00:22:36,0,0,0,0,0,0,1,0,0
1,22,40,From Throw In,Portugal,3857270,0 days 00:22:40,0,1,0,0,0,0,0,0,0
1,22,42,From Throw In,Uruguay,3857270,0 days 00:22:42,0,0,0,0,0,0,1,0,0
1,22,43,From Throw In,Portugal,3857270,0 days 00:22:43,0,0,0,0,0,0,1,0,0
1,22,45,From Throw In,Portugal,3857270,0 days 00:22:45,0,0,0,0,0,0,1,0,0
1,22,47,From Throw In,Portugal,3857270,0 days 00:22:47,0,0,0,0,0,0,1,0,0
1,22,48,From Throw In,Portugal,3857270,0 days 00:22:48,0,0,0,0,0,0,1,0,0
1,22,52,From Throw In,Portugal,3857270,0 days 00:22:52,0,0,0,0,0,0,1,0,0
1,22,57,From Throw In,Portugal,3857270,0 days 00:22:57,0,0,0,0,0,0,1,0,0
1,23,1,From Throw In,Portugal,3857270,0 days 00:23:01,0,0,0,0,0,0,1,0,0
1,23,2,From Throw In,Portugal,3857270,0 days 00:23:02,1,0,0,0,0,0,0,0,0
1,23,5,From Throw In,Portugal,3857270,0 days 00:23:05,0,0,0,0,0,0,1,0,0
1,23,7,From Throw In,Portugal,3857270,0 days 00:23:07,0,0,0,0,0,0,1,0,0
1,23,11,From Throw In,Portugal,3857270,0 days 00:23:11,0,0,0,0,0,0,1,0,0
1,23,13,From Throw In,Portugal,3857270,0 days 00:23:13,0,0,0,0,0,0,1,0,0
1,23,17,From Throw In,Portugal,3857270,0 days 00:23:17,0,0,0,0,0,0,1,0,0
1,23,19,From Throw In,Portugal,3857270,0 days 00:23:19,0,0,0,0,0,0,1,0,0
1,23,23,From Throw In,Portugal,3857270,0 days 00:23:23,0,0,0,0,0,0,1,0,0
1,23,25,From Throw In,Portugal,3857270,0 days 00:23:25,0,0,0,0,0,0,1,0,0
1,23,26,From Throw In,Portugal,3857270,0 days 00:23:26,0,0,0,1,0,0,0,0,0
1,23,28,From Throw In,Portugal,3857270,0 days 00:23:28,0,0,0,0,0,0,1,0,0
1,23,29,From Throw In,Portugal,3857270,0 days 00:23:29,0,0,0,0,0,0,1,0,0
1,23,34,From Throw In,Portugal,3857270,0 days 00:23:34,0,0,0,0,0,0,1,0,0
1,23,36,From Throw In,Portugal,3857270,0 days 00:23:36,0,0,0,0,0,0,1,0,0
1,23,37,From Throw In,Portugal,3857270,0 days 00:23:37,0,0,0,0,0,0,1,0,0
1,23,41,From Throw In,Portugal,3857270,0 days 00:23:41,0,0,0,0,0,0,1,0,0
1,23,42,From Throw In,Portugal,3857270,0 days 00:23:42,0,0,0,0,0,0,1,0,0
1,23,47,From Throw In,Portugal,3857270,0 days 00:23:47,0,0,0,0,0,0,1,0,0
1,23,49,From Throw In,Portugal,3857270,0 days 00:23:49,0,0,0,0,0,0,1,0,0
1,23,52,From Throw In,Portugal,3857270,0 days 00:23:52,0,0,0,0,0,0,1,0,0
1,23,57,From Throw In,Portugal,3857270,0 days 00:23:57,0,0,0,0,0,0,1,0,0
1,24,0,From Throw In,Portugal,3857270,0 days 00:24:00,0,0,0,0,0,0,1,0,0
1,24,3,From Throw In,Portugal,3857270,0 days 00:24:03,0,0,0,0,0,0,1,0,0
1,24,7,From Throw In,Portugal,3857270,0 days 00:24:07,0,0,0,0,0,0,1,0,0
1,24,9,From Throw In,Portugal,3857270,0 days 00:24:09,0,0,0,0,0,0,1,0,0
1,24,12,From Throw In,Portugal,3857270,0 days 00:24:12,0,0,0,0,0,0,1,0,0
1,24,13,From Throw In,Portugal,3857270,0 days 00:24:13,0,0,0,0,0,0,1,0,0
1,24,18,From Throw In,Portugal,3857270,0 days 00:24:18,0,0,0,0,0,0,1,0,0
1,24,20,From Throw In,Portugal,3857270,0 days 00:24:20,0,0,0,0,0,0,1,0,0
1,24,22,From Throw In,Portugal,3857270,0 days 00:24:22,0,0,0,0,0,0,1,0,0
1,24,26,From Throw In,Portugal,3857270,0 days 00:24:26,0,0,0,0,0,0,1,0,0
1,24,29,From Throw In,Portugal,3857270,0 days 00:24:29,0,0,0,0,0,0,1,0,0
1,24,36,From Throw In,Portugal,3857270,0 days 00:24:36,0,0,0,0,0,0,1,0,0
1,24,38,From Throw In,Portugal,3857270,0 days 00:24:38,0,0,0,0,0,0,1,0,0
1,24,42,From Throw In,Portugal,3857270,0 days 00:24:42,0,0,0,0,0,0,1,0,0
1,24,43,From Throw In,Portugal,3857270,0 days 00:24:43,0,0,0,0,0,0,1,0,0
1,24,45,From Throw In,Portugal,3857270,0 days 00:24:45,0,0,0,0,0,0,1,0,0
1,24,47,From Throw In,Portugal,3857270,0 days 00:24:47,0,0,0,0,0,0,1,0,0
1,24,49,Regular Play,Uruguay,3857270,0 days 00:24:49,0,0,0,0,0,0,1,0,0
1,24,50,Regular Play,Uruguay,3857270,0 days 00:24:50,0,0,0,0,0,0,1,0,0
1,24,51,Regular Play,Uruguay,3857270,0 days 00:24:51,0,0,0,0,0,0,1,0,0
1,25,16,From Goal Kick,Uruguay,3857270,0 days 00:25:16,0,0,0,0,0,0,1,0,0
1,25,20,From Goal Kick,Uruguay,3857270,0 days 00:25:20,0,0,0,0,0,0,1,0,0
1,25,23,From Goal Kick,Portugal,3857270,0 days 00:25:23,0,0,0,0,0,0,1,0,0
1,25,27,From Goal Kick,Portugal,3857270,0 days 00:25:27,0,0,0,0,0,0,1,0,0
1,25,28,From Goal Kick,Uruguay,3857270,0 days 00:25:28,0,0,0,0,0,1,0,0,0
1,25,29,From Goal Kick,Uruguay,3857270,0 days 00:25:29,0,0,0,0,0,0,1,0,0
1,25,32,Regular Play,Portugal,3857270,0 days 00:25:32,0,0,0,0,0,0,1,0,0
1,25,34,Regular Play,Portugal,3857270,0 days 00:25:34,0,0,0,0,0,0,1,0,0
1,25,37,Regular Play,Portugal,3857270,0 days 00:25:37,0,0,0,0,0,0,1,0,0
1,25,40,Regular Play,Portugal,3857270,0 days 00:25:40,0,0,0,0,0,0,1,0,0
1,25,43,Regular Play,Portugal,3857270,0 days 00:25:43,0,0,0,0,0,0,1,0,0
1,25,44,Regular Play,Portugal,3857270,0 days 00:25:44,0,0,0,0,0,0,1,0,0
1,25,47,Regular Play,Portugal,3857270,0 days 00:25:47,0,0,0,0,0,0,1,0,0
1,25,52,Regular Play,Portugal,3857270,0 days 00:25:52,0,0,0,0,0,0,1,0,0
1,25,53,Regular Play,Portugal,3857270,0 days 00:25:53,0,0,0,0,0,0,1,0,0
1,25,55,Regular Play,Portugal,3857270,0 days 00:25:55,0,0,0,0,0,0,1,0,0
1,25,56,Regular Play,Portugal,3857270,0 days 00:25:56,0,0,0,0,0,0,1,0,0
1,26,1,Regular Play,Portugal,3857270,0 days 00:26:01,0,0,0,0,0,0,1,0,0
1,26,5,Regular Play,Portugal,3857270,0 days 00:26:05,0,0,0,0,0,0,1,0,0
1,26,7,Regular Play,Portugal,3857270,0 days 00:26:07,0,0,0,0,0,0,1,0,0
1,26,11,Regular Play,Portugal,3857270,0 days 00:26:11,0,0,0,0,0,0,1,0,0
1,26,16,Regular Play,Portugal,3857270,0 days 00:26:16,0,0,0,0,0,0,1,0,0
1,26,19,Regular Play,Portugal,3857270,0 days 00:26:19,0,0,0,0,0,0,1,0,0
1,26,21,Regular Play,Portugal,3857270,0 days 00:26:21,0,0,0,0,0,0,1,0,0
1,26,29,Regular Play,Portugal,3857270,0 days 00:26:29,0,0,0,0,0,0,1,0,0
1,26,31,Regular Play,Portugal,3857270,0 days 00:26:31,0,0,0,0,0,0,1,0,0
1,26,52,From Goal Kick,Uruguay,3857270,0 days 00:26:52,0,0,0,0,0,0,1,0,0
1,26,54,From Goal Kick,Uruguay,3857270,0 days 00:26:54,0,0,0,0,0,0,1,0,0
1,26,57,From Goal Kick,Uruguay,3857270,0 days 00:26:57,0,0,0,0,0,0,1,0,0
1,27,0,From Goal Kick,Uruguay,3857270,0 days 00:27:00,0,0,0,0,0,0,1,0,0
1,27,1,Regular Play,Portugal,3857270,0 days 00:27:01,1,0,0,0,0,0,0,0,0
1,27,4,Regular Play,Portugal,3857270,0 days 00:27:04,0,0,0,0,0,0,1,0,0
1,27,7,Regular Play,Portugal,3857270,0 days 00:27:07,0,0,0,0,0,0,1,0,0
1,27,10,Regular Play,Portugal,3857270,0 days 00:27:10,0,0,0,0,0,0,1,0,0
1,27,15,Regular Play,Portugal,3857270,0 days 00:27:15,0,0,0,0,0,0,1,0,0
1,27,19,Regular Play,Portugal,3857270,0 days 00:27:19,0,0,0,0,0,0,1,0,0
1,27,22,Regular Play,Portugal,3857270,0 days 00:27:22,0,0,0,0,0,0,1,0,0
1,27,43,From Throw In,Uruguay,3857270,0 days 00:27:43,0,0,0,0,0,0,1,0,0
1,28,4,From Throw In,Portugal,3857270,0 days 00:28:04,0,0,0,0,0,0,1,0,0
1,28,7,From Throw In,Portugal,3857270,0 days 00:28:07,0,0,0,0,0,0,1,0,0
1,28,8,From Throw In,Portugal,3857270,0 days 00:28:08,0,0,0,0,0,0,1,0,0
1,28,10,Regular Play,Uruguay,3857270,0 days 00:28:10,0,0,0,0,0,0,1,0,0
1,28,11,Regular Play,Uruguay,3857270,0 days 00:28:11,0,0,0,0,0,0,1,0,0
1,28,13,Regular Play,Portugal,3857270,0 days 00:28:13,0,0,0,0,0,0,1,0,0
1,28,15,Regular Play,Uruguay,3857270,0 days 00:28:15,0,0,0,0,0,0,1,0,0
1,28,17,Regular Play,Uruguay,3857270,0 days 00:28:17,0,0,0,0,0,0,1,0,0
1,28,17,Regular Play,Portugal,3857270,0 days 00:28:17,0,0,0,0,0,1,0,0,0
1,28,18,Regular Play,Portugal,3857270,0 days 00:28:18,0,0,0,0,0,0,1,0,0
1,28,21,Regular Play,Portugal,3857270,0 days 00:28:21,0,0,0,0,0,0,1,0,0
1,28,26,Regular Play,Portugal,3857270,0 days 00:28:26,0,0,0,0,0,0,1,0,0
1,28,28,Regular Play,Portugal,3857270,0 days 00:28:28,0,0,0,0,0,0,1,0,0
1,28,31,Regular Play,Portugal,3857270,0 days 00:28:31,0,0,0,0,0,0,1,0,0
1,28,51,From Free Kick,Uruguay,3857270,0 days 00:28:51,0,0,0,0,0,0,1,0,0
1,28,54,From Free Kick,Uruguay,3857270,0 days 00:28:54,0,0,0,0,0,0,1,0,0
1,29,1,From Free Kick,Uruguay,3857270,0 days 00:29:01,0,0,0,0,0,0,1,0,0
1,29,5,From Free Kick,Uruguay,3857270,0 days 00:29:05,0,0,0,0,0,0,1,0,0
1,29,10,From Free Kick,Uruguay,3857270,0 days 00:29:10,0,0,0,0,0,0,1,0,0
1,29,15,From Free Kick,Uruguay,3857270,0 days 00:29:15,0,0,0,0,0,0,1,0,0
1,29,18,From Free Kick,Uruguay,3857270,0 days 00:29:18,0,0,0,0,0,0,1,0,0
1,29,20,From Free Kick,Uruguay,3857270,0 days 00:29:20,0,0,0,0,0,0,1,0,0
1,29,25,From Free Kick,Uruguay,3857270,0 days 00:29:25,0,0,0,0,0,0,1,0,0
1,29,29,Regular Play,Portugal,3857270,0 days 00:29:29,0,0,0,0,0,0,1,0,0
1,29,30,Regular Play,Portugal,3857270,0 days 00:29:30,0,0,0,0,0,0,1,0,0
1,29,32,Regular Play,Portugal,3857270,0 days 00:29:32,0,0,0,1,0,0,0,0,0
1,29,32,Regular Play,Uruguay,3857270,0 days 00:29:32,0,0,0,0,0,0,0,0,1
1,29,35,Regular Play,Uruguay,3857270,0 days 00:29:35,0,0,0,0,0,0,1,0,0
1,29,59,From Throw In,Uruguay,3857270,0 days 00:29:59,0,0,0,0,0,0,1,0,0
1,30,0,From Throw In,Uruguay,3857270,0 days 00:30:00,0,0,0,0,0,0,1,0,0
1,30,1,From Throw In,Uruguay,3857270,0 days 00:30:01,0,0,1,0,0,0,0,0,0
1,30,1,From Throw In,Portugal,3857270,0 days 00:30:01,0,0,0,0,0,0,0,0,1
1,30,13,From Throw In,Uruguay,3857270,0 days 00:30:13,0,0,0,0,0,0,1,0,0
1,30,20,From Throw In,Uruguay,3857270,0 days 00:30:20,0,0,0,0,0,0,1,0,0
1,30,22,From Throw In,Uruguay,3857270,0 days 00:30:22,0,0,0,0,0,0,1,0,0
1,30,27,From Throw In,Uruguay,3857270,0 days 00:30:27,0,0,0,0,0,0,1,0,0
1,30,33,From Throw In,Uruguay,3857270,0 days 00:30:33,0,0,0,0,0,0,1,0,0
1,30,35,From Throw In,Uruguay,3857270,0 days 00:30:35,0,0,0,0,0,0,1,0,0
1,30,40,From Throw In,Uruguay,3857270,0 days 00:30:40,0,0,0,0,0,0,1,0,0
1,30,43,From Throw In,Portugal,3857270,0 days 00:30:43,0,1,0,0,0,0,0,0,0
1,30,45,From Throw In,Uruguay,3857270,0 days 00:30:45,0,0,0,0,0,0,1,0,0
1,30,49,From Throw In,Uruguay,3857270,0 days 00:30:49,0,0,0,0,0,0,1,0,0
1,30,50,From Throw In,Uruguay,3857270,0 days 00:30:50,0,0,0,0,0,0,1,0,0
1,30,54,From Throw In,Uruguay,3857270,0 days 00:30:54,0,0,0,0,0,0,1,0,0
1,30,55,From Throw In,Uruguay,3857270,0 days 00:30:55,0,0,0,0,0,0,1,0,0
1,31,9,From Throw In,Uruguay,3857270,0 days 00:31:09,0,0,0,0,0,0,1,0,0
1,31,10,From Throw In,Uruguay,3857270,0 days 00:31:10,0,0,0,0,0,0,1,0,0
1,31,12,From Throw In,Portugal,3857270,0 days 00:31:12,0,1,0,0,0,0,0,0,0
1,31,15,From Throw In,Uruguay,3857270,0 days 00:31:15,0,0,0,0,0,0,1,0,0
1,31,19,From Throw In,Uruguay,3857270,0 days 00:31:19,0,0,0,0,0,0,1,0,0
1,31,21,From Throw In,Portugal,3857270,0 days 00:31:21,0,1,0,0,0,0,0,0,0
1,31,24,From Throw In,Uruguay,3857270,0 days 00:31:24,0,0,0,0,0,0,1,0,0
1,31,28,From Throw In,Uruguay,3857270,0 days 00:31:28,0,0,0,0,0,0,1,0,0
1,31,31,From Throw In,Uruguay,3857270,0 days 00:31:31,0,0,0,0,0,0,1,0,0
1,31,34,From Throw In,Uruguay,3857270,0 days 00:31:34,0,0,0,0,0,0,1,0,0
1,31,37,From Throw In,Uruguay,3857270,0 days 00:31:37,0,0,0,0,0,0,1,0,0
1,31,41,From Throw In,Uruguay,3857270,0 days 00:31:41,0,0,0,0,0,0,1,0,0
1,31,43,From Throw In,Portugal,3857270,0 days 00:31:43,0,0,0,0,0,0,1,0,0
1,31,45,From Throw In,Uruguay,3857270,0 days 00:31:45,0,0,0,0,0,0,1,0,0
1,31,47,From Throw In,Uruguay,3857270,0 days 00:31:47,0,0,0,0,0,0,1,0,0
1,31,55,From Throw In,Uruguay,3857270,0 days 00:31:55,0,0,0,1,0,0,0,0,0
1,31,57,From Throw In,Uruguay,3857270,0 days 00:31:57,0,0,0,0,0,0,0,1,0
1,22,1,From Throw In,England,3857271,0 days 00:22:01,0,0,0,0,0,0,1,0,0
1,22,2,From Throw In,England,3857271,0 days 00:22:02,0,0,0,0,0,0,1,0,0
1,22,3,From Throw In,England,3857271,0 days 00:22:03,0,0,0,0,0,0,1,0,0
1,22,8,From Throw In,England,3857271,0 days 00:22:08,0,0,0,0,0,0,1,0,0
1,22,12,From Throw In,England,3857271,0 days 00:22:12,0,0,0,0,0,0,1,0,0
1,22,13,From Throw In,England,3857271,0 days 00:22:13,0,0,0,0,0,0,1,0,0
1,22,17,From Throw In,England,3857271,0 days 00:22:17,0,0,0,0,0,0,1,0,0
1,22,21,From Throw In,England,3857271,0 days 00:22:21,0,0,0,0,0,0,1,0,0
1,22,26,From Throw In,England,3857271,0 days 00:22:26,0,0,0,0,0,0,1,0,0
1,22,30,From Throw In,England,3857271,0 days 00:22:30,0,0,0,0,0,0,1,0,0
1,22,32,From Throw In,England,3857271,0 days 00:22:32,0,0,0,0,0,0,1,0,0
1,22,34,From Throw In,Iran,3857271,0 days 00:22:34,0,0,0,0,0,0,1,0,0
1,22,38,From Throw In,England,3857271,0 days 00:22:38,0,0,0,0,0,0,1,0,0
1,22,40,From Throw In,Iran,3857271,0 days 00:22:40,0,0,0,0,1,0,0,0,0
1,22,57,From Free Kick,England,3857271,0 days 00:22:57,0,0,0,0,0,0,1,0,0
1,23,0,From Free Kick,England,3857271,0 days 00:23:00,0,0,0,0,0,0,1,0,0
1,23,1,From Free Kick,England,3857271,0 days 00:23:01,0,0,0,0,0,0,1,0,0
1,23,4,From Free Kick,England,3857271,0 days 00:23:04,0,0,0,0,0,0,1,0,0
1,23,5,From Free Kick,England,3857271,0 days 00:23:05,0,0,0,0,0,0,1,0,0
1,23,8,From Free Kick,England,3857271,0 days 00:23:08,0,0,0,0,0,0,1,0,0
1,23,10,From Free Kick,Iran,3857271,0 days 00:23:10,0,1,0,0,0,0,0,0,0
1,23,10,From Free Kick,England,3857271,0 days 00:23:10,0,0,0,0,0,0,1,0,0
1,23,37,From Throw In,Iran,3857271,0 days 00:23:37,0,0,0,0,0,0,1,0,0
1,23,38,From Throw In,Iran,3857271,0 days 00:23:38,0,0,0,0,0,0,1,0,0
1,23,41,Regular Play,England,3857271,0 days 00:23:41,1,0,0,0,0,0,0,0,0
1,23,42,Regular Play,England,3857271,0 days 00:23:42,0,0,0,0,0,0,1,0,0
1,23,47,Regular Play,England,3857271,0 days 00:23:47,0,0,0,0,0,0,1,0,0
1,23,48,Regular Play,England,3857271,0 days 00:23:48,0,0,0,0,0,0,1,0,0
1,23,51,Regular Play,England,3857271,0 days 00:23:51,0,0,0,0,0,0,1,0,0
1,24,12,From Free Kick,Iran,3857271,0 days 00:24:12,0,0,0,0,0,0,1,0,0
1,24,15,Regular Play,England,3857271,0 days 00:24:15,0,0,0,0,0,0,1,0,0
1,24,17,Regular Play,England,3857271,0 days 00:24:17,0,0,0,0,0,0,1,0,0
1,24,19,Regular Play,Iran,3857271,0 days 00:24:19,0,0,0,0,1,0,0,0,0
1,24,43,From Free Kick,England,3857271,0 days 00:24:43,0,0,0,0,0,0,1,0,0
1,24,45,From Free Kick,England,3857271,0 days 00:24:45,0,0,0,0,0,0,1,0,0
1,24,48,From Free Kick,England,3857271,0 days 00:24:48,0,0,0,0,0,0,1,0,0
1,24,51,From Free Kick,England,3857271,0 days 00:24:51,0,0,0,0,0,0,1,0,0
1,24,54,From Free Kick,England,3857271,0 days 00:24:54,0,0,0,0,0,0,1,0,0
1,24,55,From Free Kick,Iran,3857271,0 days 00:24:55,0,0,0,0,1,0,0,0,0
1,25,17,From Free Kick,England,3857271,0 days 00:25:17,0,0,0,0,0,0,1,0,0
1,25,18,Regular Play,Iran,3857271,0 days 00:25:18,0,0,0,0,0,1,0,0,0
1,25,20,Regular Play,Iran,3857271,0 days 00:25:20,0,0,0,1,0,0,0,0,0
1,25,20,Regular Play,England,3857271,0 days 00:25:20,0,0,0,0,0,0,0,0,1
1,25,22,Regular Play,Iran,3857271,0 days 00:25:22,1,0,0,0,0,0,0,0,0
1,25,23,Regular Play,Iran,3857271,0 days 00:25:23,0,0,0,0,0,0,1,0,0
1,25,23,Regular Play,England,3857271,0 days 00:25:23,1,0,0,0,0,0,0,0,0
1,25,25,Regular Play,Iran,3857271,0 days 00:25:25,1,0,0,0,0,0,0,0,0
1,25,27,Regular Play,Iran,3857271,0 days 00:25:27,0,0,0,0,0,0,1,0,0
1,25,35,From Throw In,England,3857271,0 days 00:25:35,0,0,0,0,0,0,1,0,0
1,25,39,From Throw In,England,3857271,0 days 00:25:39,0,0,0,0,0,0,1,0,0
1,25,46,From Throw In,England,3857271,0 days 00:25:46,0,0,0,0,0,0,1,0,0
1,25,49,From Throw In,England,3857271,0 days 00:25:49,0,0,0,0,0,0,1,0,0
1,25,52,From Throw In,England,3857271,0 days 00:25:52,0,0,0,0,0,0,1,0,0
1,25,55,From Throw In,England,3857271,0 days 00:25:55,0,0,0,0,0,0,1,0,0
1,25,59,From Throw In,England,3857271,0 days 00:25:59,0,0,0,0,0,0,1,0,0
1,26,1,From Throw In,England,3857271,0 days 00:26:01,0,0,0,0,0,0,1,0,0
1,26,3,From Throw In,England,3857271,0 days 00:26:03,0,0,0,0,0,0,1,0,0
1,26,6,From Throw In,England,3857271,0 days 00:26:06,0,0,0,1,0,0,0,0,0
1,26,6,From Throw In,Iran,3857271,0 days 00:26:06,0,0,0,0,0,0,0,0,1
1,26,7,From Throw In,England,3857271,0 days 00:26:07,0,0,0,0,1,0,0,0,0
1,26,44,From Free Kick,Iran,3857271,0 days 00:26:44,0,0,0,0,0,0,1,0,0
1,26,48,From Free Kick,Iran,3857271,0 days 00:26:48,0,0,0,0,0,0,1,0,0
1,26,49,Regular Play,England,3857271,0 days 00:26:49,0,0,0,0,0,1,0,0,0
1,26,51,Regular Play,England,3857271,0 days 00:26:51,0,0,0,0,0,0,1,0,0
1,26,52,Regular Play,Iran,3857271,0 days 00:26:52,0,0,0,0,0,1,0,0,0
1,26,54,Regular Play,England,3857271,0 days 00:26:54,0,0,0,0,0,0,1,0,0
1,26,58,Regular Play,England,3857271,0 days 00:26:58,0,0,0,0,0,0,0,1,0
1,27,13,From Keeper,Iran,3857271,0 days 00:27:13,0,0,0,0,0,0,1,0,0
1,27,18,From Keeper,Iran,3857271,0 days 00:27:18,0,0,0,0,0,0,1,0,0
1,27,20,From Keeper,Iran,3857271,0 days 00:27:20,0,0,0,0,0,0,1,0,0
1,27,22,From Keeper,Iran,3857271,0 days 00:27:22,0,0,0,0,0,0,1,0,0
1,27,23,From Keeper,Iran,3857271,0 days 00:27:23,0,0,0,0,0,0,1,0,0
1,27,27,From Keeper,Iran,3857271,0 days 00:27:27,0,0,0,0,0,0,1,0,0
1,27,30,Regular Play,England,3857271,0 days 00:27:30,0,0,0,0,0,0,1,0,0
1,27,33,Regular Play,England,3857271,0 days 00:27:33,0,0,0,0,0,0,1,0,0
1,27,36,Regular Play,England,3857271,0 days 00:27:36,0,0,0,0,0,0,1,0,0
1,27,39,Regular Play,England,3857271,0 days 00:27:39,0,0,0,0,0,0,1,0,0
1,27,42,Regular Play,Iran,3857271,0 days 00:27:42,0,0,0,0,1,0,0,0,0
1,28,2,From Free Kick,England,3857271,0 days 00:28:02,0,0,0,0,0,0,1,0,0
1,28,5,From Free Kick,England,3857271,0 days 00:28:05,0,0,0,0,0,0,1,0,0
1,28,10,From Free Kick,England,3857271,0 days 00:28:10,0,0,0,0,0,0,1,0,0
1,28,14,From Free Kick,England,3857271,0 days 00:28:14,0,0,0,0,0,0,1,0,0
1,28,20,From Free Kick,England,3857271,0 days 00:28:20,0,0,0,0,0,0,1,0,0
1,28,26,From Free Kick,England,3857271,0 days 00:28:26,0,0,0,0,0,0,1,0,0
1,28,28,From Free Kick,England,3857271,0 days 00:28:28,0,0,0,0,0,0,1,0,0
1,28,32,From Free Kick,England,3857271,0 days 00:28:32,0,0,0,0,0,0,1,0,0
1,28,33,From Free Kick,England,3857271,0 days 00:28:33,0,0,0,0,0,0,1,0,0
1,28,37,From Free Kick,England,3857271,0 days 00:28:37,0,0,0,0,0,0,1,0,0
1,28,40,From Free Kick,England,3857271,0 days 00:28:40,0,0,0,0,0,0,1,0,0
1,28,47,From Free Kick,England,3857271,0 days 00:28:47,0,0,0,0,0,0,1,0,0
1,28,49,From Free Kick,England,3857271,0 days 00:28:49,0,0,0,0,0,0,1,0,0
1,28,52,From Free Kick,England,3857271,0 days 00:28:52,0,0,0,0,0,0,1,0,0
1,28,54,From Free Kick,England,3857271,0 days 00:28:54,0,0,0,0,0,0,1,0,0
1,28,59,From Free Kick,England,3857271,0 days 00:28:59,0,0,0,0,0,0,1,0,0
1,29,1,From Free Kick,England,3857271,0 days 00:29:01,0,0,0,0,0,0,1,0,0
1,29,2,From Free Kick,England,3857271,0 days 00:29:02,0,0,0,0,0,0,1,0,0
1,29,4,From Free Kick,England,3857271,0 days 00:29:04,0,0,0,0,0,0,1,0,0
1,29,5,From Free Kick,England,3857271,0 days 00:29:05,0,0,0,0,0,0,1,0,0
1,29,7,From Free Kick,England,3857271,0 days 00:29:07,0,0,0,0,0,0,1,0,0
1,29,8,From Free Kick,England,3857271,0 days 00:29:08,0,0,0,0,0,0,0,1,0
1,29,46,From Goal Kick,Iran,3857271,0 days 00:29:46,0,0,0,0,0,0,1,0,0
1,29,49,From Goal Kick,England,3857271,0 days 00:29:49,0,0,0,0,0,0,1,0,0
1,29,50,From Goal Kick,England,3857271,0 days 00:29:50,0,0,1,0,0,0,0,0,0
1,29,50,From Goal Kick,Iran,3857271,0 days 00:29:50,0,0,0,0,0,0,0,0,1
1,30,1,From Throw In,Iran,3857271,0 days 00:30:01,0,0,0,0,0,0,1,0,0
1,30,2,From Throw In,Iran,3857271,0 days 00:30:02,0,0,0,0,0,0,1,0,0
1,30,4,From Throw In,Iran,3857271,0 days 00:30:04,0,0,0,0,0,0,1,0,0
1,30,6,Regular Play,England,3857271,0 days 00:30:06,1,0,0,0,0,0,0,0,0
1,30,7,Regular Play,England,3857271,0 days 00:30:07,0,0,0,0,0,0,1,0,0
1,30,11,Regular Play,England,3857271,0 days 00:30:11,0,0,0,0,0,0,1,0,0
1,30,13,Regular Play,England,3857271,0 days 00:30:13,0,0,0,0,0,0,1,0,0
1,30,15,Regular Play,Iran,3857271,0 days 00:30:15,1,0,0,0,0,0,0,0,0
1,30,15,Regular Play,Iran,3857271,0 days 00:30:15,0,0,0,1,0,0,0,0,0
1,30,15,Regular Play,England,3857271,0 days 00:30:15,0,0,0,0,0,0,0,0,1
1,30,17,Regular Play,England,3857271,0 days 00:30:17,0,0,0,0,0,0,1,0,0
1,30,18,Regular Play,England,3857271,0 days 00:30:18,0,0,0,0,0,0,1,0,0
1,30,32,Regular Play,England,3857271,0 days 00:30:32,0,0,0,0,0,0,1,0,0
1,30,34,Regular Play,England,3857271,0 days 00:30:34,0,0,0,0,0,0,1,0,0
1,30,35,Regular Play,England,3857271,0 days 00:30:35,0,0,0,0,0,0,1,0,0
1,30,37,Regular Play,Iran,3857271,0 days 00:30:37,0,1,0,0,0,0,0,0,0
1,30,39,Regular Play,England,3857271,0 days 00:30:39,1,0,0,0,0,0,0,0,0
1,30,41,Regular Play,England,3857271,0 days 00:30:41,0,0,0,0,0,0,1,0,0
1,30,43,Regular Play,England,3857271,0 days 00:30:43,0,0,0,0,0,0,1,0,0
1,30,44,Regular Play,England,3857271,0 days 00:30:44,0,0,0,1,0,0,0,0,0
1,30,46,Regular Play,England,3857271,0 days 00:30:46,0,0,1,0,0,0,0,0,0
1,30,46,Regular Play,Iran,3857271,0 days 00:30:46,0,0,0,0,0,0,0,0,1
1,31,45,From Corner,England,3857271,0 days 00:31:45,0,0,0,0,0,0,1,0,0
1,31,47,From Corner,England,3857271,0 days 00:31:47,0,0,0,0,0,0,0,1,0
1,31,48,From Corner,Iran,3857271,0 days 00:31:48,0,1,0,0,0,0,0,0,0
1,31,53,From Corner,England,3857271,0 days 00:31:53,0,0,0,0,0,0,1,0,0
1,31,55,Regular Play,Iran,3857271,0 days 00:31:55,0,0,0,0,0,0,1,0,0
1,31,58,Regular Play,Iran,3857271,0 days 00:31:58,0,0,0,0,0,0,1,0,0
1,22,2,From Keeper,England,3857272,0 days 00:22:02,0,0,0,0,0,0,1,0,0
1,22,3,From Keeper,England,3857272,0 days 00:22:03,0,0,0,0,0,0,1,0,0
1,22,5,From Keeper,England,3857272,0 days 00:22:05,0,0,0,0,0,0,1,0,0
1,22,8,From Keeper,England,3857272,0 days 00:22:08,0,0,0,0,0,0,1,0,0
1,22,12,From Keeper,England,3857272,0 days 00:22:12,0,0,0,0,0,0,1,0,0
1,22,12,From Keeper,United States,3857272,0 days 00:22:12,1,0,0,0,0,0,0,0,0
1,22,37,From Throw In,England,3857272,0 days 00:22:37,0,0,0,0,0,0,1,0,0
1,22,42,From Throw In,England,3857272,0 days 00:22:42,0,0,0,0,0,0,1,0,0
1,22,45,From Throw In,England,3857272,0 days 00:22:45,0,0,0,0,0,0,1,0,0
1,22,55,From Throw In,England,3857272,0 days 00:22:55,0,0,0,0,0,0,1,0,0
1,22,56,From Throw In,England,3857272,0 days 00:22:56,0,0,0,0,0,0,1,0,0
1,22,59,From Throw In,England,3857272,0 days 00:22:59,0,0,0,1,0,0,0,0,0
1,23,2,From Throw In,England,3857272,0 days 00:23:02,0,0,0,0,0,0,1,0,0
1,23,5,From Throw In,England,3857272,0 days 00:23:05,1,0,0,0,0,0,0,0,0
1,23,7,From Throw In,England,3857272,0 days 00:23:07,0,0,0,0,0,0,1,0,0
1,23,16,From Throw In,United States,3857272,0 days 00:23:16,0,1,0,0,0,0,0,0,0
1,23,16,From Throw In,United States,3857272,0 days 00:23:16,0,1,0,0,0,0,0,0,0
1,23,18,From Throw In,England,3857272,0 days 00:23:18,1,0,0,0,0,0,0,0,0
1,23,20,From Throw In,England,3857272,0 days 00:23:20,0,0,0,0,0,0,1,0,0
1,23,27,From Throw In,England,3857272,0 days 00:23:27,0,0,0,0,0,0,1,0,0
1,23,29,From Throw In,England,3857272,0 days 00:23:29,0,0,0,0,0,0,1,0,0
1,23,30,From Throw In,England,3857272,0 days 00:23:30,0,0,0,0,0,0,1,0,0
1,23,33,From Throw In,England,3857272,0 days 00:23:33,0,0,0,0,0,0,1,0,0
1,23,56,From Throw In,United States,3857272,0 days 00:23:56,0,0,0,0,0,0,1,0,0
1,23,57,From Throw In,England,3857272,0 days 00:23:57,0,0,0,0,0,0,1,0,0
1,23,59,From Throw In,England,3857272,0 days 00:23:59,0,0,0,0,1,0,0,0,0
1,24,12,From Free Kick,United States,3857272,0 days 00:24:12,0,0,0,0,0,0,1,0,0
1,24,14,From Free Kick,United States,3857272,0 days 00:24:14,0,0,0,0,0,0,1,0,0
1,24,20,From Free Kick,United States,3857272,0 days 00:24:20,0,0,0,0,0,0,1,0,0
1,24,24,From Free Kick,United States,3857272,0 days 00:24:24,0,0,0,0,0,0,1,0,0
1,24,28,From Free Kick,United States,3857272,0 days 00:24:28,0,0,0,0,0,0,1,0,0
1,24,30,From Free Kick,United States,3857272,0 days 00:24:30,0,0,0,0,0,0,1,0,0
1,24,33,From Free Kick,England,3857272,0 days 00:24:33,0,0,0,0,1,0,0,0,0
1,24,34,From Free Kick,United States,3857272,0 days 00:24:34,0,0,0,0,0,0,1,0,0
1,24,42,From Free Kick,United States,3857272,0 days 00:24:42,0,0,0,0,0,0,1,0,0
1,24,44,From Free Kick,United States,3857272,0 days 00:24:44,0,0,0,1,0,0,0,0,0
1,24,45,From Free Kick,United States,3857272,0 days 00:24:45,0,0,0,0,0,0,1,0,0
1,24,47,From Free Kick,United States,3857272,0 days 00:24:47,0,0,0,0,0,0,1,0,0
1,24,49,From Free Kick,United States,3857272,0 days 00:24:49,0,0,0,0,0,0,1,0,0
1,24,58,From Free Kick,United States,3857272,0 days 00:24:58,0,0,0,0,0,0,1,0,0
1,25,1,From Free Kick,United States,3857272,0 days 00:25:01,0,0,0,0,0,0,1,0,0
1,25,3,From Free Kick,United States,3857272,0 days 00:25:03,0,0,0,0,0,0,1,0,0
1,25,6,From Free Kick,United States,3857272,0 days 00:25:06,0,0,0,0,0,0,1,0,0
1,25,7,From Free Kick,United States,3857272,0 days 00:25:07,0,0,0,0,0,0,0,1,0
1,25,44,From Goal Kick,England,3857272,0 days 00:25:44,0,0,0,0,0,0,1,0,0
1,25,50,From Goal Kick,United States,3857272,0 days 00:25:50,1,0,0,0,0,0,0,0,0
1,25,54,From Goal Kick,United States,3857272,0 days 00:25:54,0,0,1,0,0,0,0,0,0
1,25,54,From Goal Kick,England,3857272,0 days 00:25:54,0,0,0,0,0,0,0,0,1
1,26,5,From Throw In,England,3857272,0 days 00:26:05,0,0,0,0,0,0,1,0,0
1,26,11,From Throw In,England,3857272,0 days 00:26:11,0,0,0,0,0,0,1,0,0
1,26,15,From Throw In,England,3857272,0 days 00:26:15,0,0,0,0,0,0,1,0,0
1,26,18,From Throw In,England,3857272,0 days 00:26:18,0,0,0,0,0,0,1,0,0
1,26,21,From Throw In,England,3857272,0 days 00:26:21,0,0,0,0,0,0,1,0,0
1,26,23,Regular Play,United States,3857272,0 days 00:26:23,1,0,0,0,0,0,0,0,0
1,26,25,Regular Play,United States,3857272,0 days 00:26:25,0,0,0,0,0,0,1,0,0
1,26,48,From Throw In,United States,3857272,0 days 00:26:48,0,0,0,0,0,0,1,0,0
1,26,50,From Throw In,England,3857272,0 days 00:26:50,0,0,0,0,0,0,1,0,0
1,26,53,From Throw In,United States,3857272,0 days 00:26:53,1,0,0,0,0,0,0,0,0
1,26,53,From Throw In,England,3857272,0 days 00:26:53,0,0,0,0,1,0,0,0,0
1,27,19,From Free Kick,United States,3857272,0 days 00:27:19,0,0,0,0,0,0,1,0,0
1,27,20,From Free Kick,United States,3857272,0 days 00:27:20,0,0,0,0,0,0,1,0,0
1,27,21,From Free Kick,United States,3857272,0 days 00:27:21,0,0,0,0,0,0,1,0,0
1,27,24,From Free Kick,United States,3857272,0 days 00:27:24,0,0,0,0,0,0,1,0,0
1,27,27,From Free Kick,United States,3857272,0 days 00:27:27,0,0,0,0,0,0,1,0,0
1,27,29,From Free Kick,United States,3857272,0 days 00:27:29,0,0,0,0,0,0,1,0,0
1,27,34,From Free Kick,United States,3857272,0 days 00:27:34,0,0,0,0,0,0,1,0,0
1,27,37,From Free Kick,United States,3857272,0 days 00:27:37,0,0,0,0,0,0,1,0,0
1,27,41,From Free Kick,United States,3857272,0 days 00:27:41,0,0,0,0,0,0,1,0,0
1,27,43,From Free Kick,United States,3857272,0 days 00:27:43,0,0,0,0,0,0,1,0,0
1,27,52,From Free Kick,United States,3857272,0 days 00:27:52,0,0,0,0,0,0,1,0,0
1,27,56,From Free Kick,United States,3857272,0 days 00:27:56,0,0,0,0,0,0,1,0,0
1,27,58,From Free Kick,United States,3857272,0 days 00:27:58,0,0,0,0,0,0,1,0,0
1,28,1,From Free Kick,United States,3857272,0 days 00:28:01,0,0,0,0,0,0,1,0,0
1,28,4,From Free Kick,United States,3857272,0 days 00:28:04,0,0,0,0,0,0,1,0,0
1,28,6,From Free Kick,United States,3857272,0 days 00:28:06,0,0,0,0,0,0,0,1,0
1,28,18,From Keeper,England,3857272,0 days 00:28:18,0,0,0,0,0,0,1,0,0
1,28,24,From Keeper,England,3857272,0 days 00:28:24,0,0,0,0,0,0,1,0,0
1,28,27,From Keeper,England,3857272,0 days 00:28:27,0,0,1,0,0,0,0,0,0
1,28,27,From Keeper,United States,3857272,0 days 00:28:27,0,0,0,0,0,0,0,0,1
1,28,32,From Throw In,England,3857272,0 days 00:28:32,0,0,0,0,0,0,1,0,0
1,28,40,From Throw In,England,3857272,0 days 00:28:40,0,0,0,0,0,0,1,0,0
1,28,41,From Throw In,England,3857272,0 days 00:28:41,0,0,0,0,0,0,1,0,0
1,28,43,From Throw In,England,3857272,0 days 00:28:43,0,0,0,0,0,0,1,0,0
1,28,48,From Throw In,England,3857272,0 days 00:28:48,0,0,0,0,0,0,1,0,0
1,28,52,From Throw In,England,3857272,0 days 00:28:52,0,0,0,0,0,0,1,0,0
1,28,54,From Throw In,England,3857272,0 days 00:28:54,0,0,1,0,0,0,0,0,0
1,28,54,Regular Play,United States,3857272,0 days 00:28:54,0,0,0,0,0,0,0,0,1
1,28,56,Regular Play,United States,3857272,0 days 00:28:56,1,0,0,0,0,0,0,0,0
1,29,6,Regular Play,United States,3857272,0 days 00:29:06,0,0,0,0,0,0,1,0,0
1,29,10,Regular Play,United States,3857272,0 days 00:29:10,0,0,0,0,0,0,1,0,0
1,29,14,Regular Play,United States,3857272,0 days 00:29:14,0,0,0,0,0,0,1,0,0
1,29,17,Regular Play,United States,3857272,0 days 00:29:17,0,0,0,0,0,0,1,0,0
1,29,18,Regular Play,United States,3857272,0 days 00:29:18,0,0,0,0,0,0,1,0,0
1,29,19,Regular Play,United States,3857272,0 days 00:29:19,0,0,0,0,0,0,1,0,0
1,29,22,Regular Play,United States,3857272,0 days 00:29:22,0,0,0,0,0,0,1,0,0
1,29,28,Regular Play,United States,3857272,0 days 00:29:28,0,0,0,0,0,0,1,0,0
1,29,32,Regular Play,United States,3857272,0 days 00:29:32,0,0,0,0,0,0,1,0,0
1,29,34,Regular Play,United States,3857272,0 days 00:29:34,0,0,0,0,0,0,1,0,0
1,29,35,Regular Play,United States,3857272,0 days 00:29:35,0,0,0,0,0,0,1,0,0
1,29,38,Regular Play,United States,3857272,0 days 00:29:38,0,0,0,0,0,0,1,0,0
1,29,39,Regular Play,United States,3857272,0 days 00:29:39,0,0,0,0,0,0,1,0,0
1,29,41,Regular Play,United States,3857272,0 days 00:29:41,0,0,0,0,0,0,1,0,0
1,29,43,Regular Play,United States,3857272,0 days 00:29:43,0,0,0,0,0,0,1,0,0
1,29,47,Regular Play,United States,3857272,0 days 00:29:47,0,0,0,0,0,0,1,0,0
1,29,50,Regular Play,United States,3857272,0 days 00:29:50,0,0,0,0,0,0,1,0,0
1,29,51,Regular Play,United States,3857272,0 days 00:29:51,0,0,0,0,0,0,1,0,0
1,29,51,Regular Play,England,3857272,0 days 00:29:51,0,0,0,0,1,0,0,0,0
1,30,18,From Free Kick,United States,3857272,0 days 00:30:18,0,0,0,0,0,0,1,0,0
1,30,21,From Free Kick,United States,3857272,0 days 00:30:21,0,0,0,0,0,0,1,0,0
1,30,25,From Free Kick,United States,3857272,0 days 00:30:25,0,0,0,0,0,0,1,0,0
1,30,38,From Free Kick,United States,3857272,0 days 00:30:38,0,0,0,0,0,0,1,0,0
1,30,39,From Free Kick,United States,3857272,0 days 00:30:39,0,0,0,0,0,0,1,0,0
1,30,42,From Free Kick,United States,3857272,0 days 00:30:42,0,0,0,0,0,0,1,0,0
1,30,45,From Free Kick,England,3857272,0 days 00:30:45,0,1,0,0,0,0,0,0,0
1,30,47,Regular Play,England,3857272,0 days 00:30:47,1,0,0,0,0,0,0,0,0
1,30,48,Regular Play,England,3857272,0 days 00:30:48,0,0,0,0,0,0,1,0,0
1,30,49,Regular Play,England,3857272,0 days 00:30:49,0,0,0,0,0,0,1,0,0
1,30,53,Regular Play,England,3857272,0 days 00:30:53,0,0,0,0,0,0,1,0,0
1,30,54,Regular Play,United States,3857272,0 days 00:30:54,0,0,0,0,1,0,0,0,0
1,31,15,From Free Kick,England,3857272,0 days 00:31:15,0,0,0,0,0,0,1,0,0
1,31,17,From Free Kick,England,3857272,0 days 00:31:17,0,0,0,0,0,0,1,0,0
1,31,22,From Free Kick,England,3857272,0 days 00:31:22,0,0,0,0,0,0,1,0,0
1,31,23,From Free Kick,United States,3857272,0 days 00:31:23,0,1,0,0,0,0,0,0,0
1,31,25,From Free Kick,United States,3857272,0 days 00:31:25,0,0,0,0,0,0,1,0,0
1,31,26,From Free Kick,England,3857272,0 days 00:31:26,0,0,0,0,0,0,1,0,0
1,31,31,From Free Kick,England,3857272,0 days 00:31:31,0,0,0,0,0,0,1,0,0
1,31,34,From Free Kick,England,3857272,0 days 00:31:34,0,0,0,0,0,0,1,0,0
1,31,37,From Free Kick,England,3857272,0 days 00:31:37,0,0,0,0,0,0,1,0,0
1,31,42,From Free Kick,England,3857272,0 days 00:31:42,0,0,0,0,0,0,1,0,0
1,31,45,From Free Kick,United States,3857272,0 days 00:31:45,0,0,0,0,0,0,1,0,0
1,31,46,From Free Kick,United States,3857272,0 days 00:31:46,0,0,0,0,0,0,1,0,0
1,31,48,From Free Kick,England,3857272,0 days 00:31:48,0,0,0,0,0,1,0,0,0
1,31,50,From Free Kick,England,3857272,0 days 00:31:50,1,0,0,0,0,0,0,0,0
1,31,51,From Free Kick,England,3857272,0 days 00:31:51,0,0,1,0,0,0,0,0,0
1,31,51,Regular Play,United States,3857272,0 days 00:31:51,0,0,0,0,0,0,0,0,1
1,31,52,Regular Play,United States,3857272,0 days 00:31:52,1,0,0,0,0,0,0,0,0
1,22,34,From Free Kick,Iran,3857273,0 days 00:22:34,0,0,0,0,0,0,1,0,0
1,22,36,From Free Kick,Iran,3857273,0 days 00:22:36,0,0,0,0,0,0,0,1,0
1,23,3,From Goal Kick,Wales,3857273,0 days 00:23:03,0,0,0,0,0,0,1,0,0
1,23,7,From Goal Kick,Wales,3857273,0 days 00:23:07,0,0,0,0,0,0,1,0,0
1,23,10,From Goal Kick,Wales,3857273,0 days 00:23:10,0,0,0,1,0,0,0,0,0
1,23,10,From Goal Kick,Iran,3857273,0 days 00:23:10,0,0,0,0,0,0,0,0,1
1,23,12,From Goal Kick,Iran,3857273,0 days 00:23:12,0,0,0,0,0,0,1,0,0
1,23,15,From Goal Kick,Iran,3857273,0 days 00:23:15,0,0,0,0,0,0,1,0,0
1,23,18,From Goal Kick,Wales,3857273,0 days 00:23:18,0,0,0,0,0,0,1,0,0
1,23,19,From Goal Kick,Wales,3857273,0 days 00:23:19,0,0,0,0,0,0,1,0,0
1,23,22,From Goal Kick,Wales,3857273,0 days 00:23:22,0,0,0,0,0,0,1,0,0
1,23,25,From Goal Kick,Wales,3857273,0 days 00:23:25,0,0,0,0,0,0,1,0,0
1,23,26,From Goal Kick,Wales,3857273,0 days 00:23:26,0,0,0,0,0,0,1,0,0
1,23,29,From Goal Kick,Wales,3857273,0 days 00:23:29,0,0,0,0,0,0,1,0,0
1,23,32,From Goal Kick,Wales,3857273,0 days 00:23:32,0,0,0,0,0,0,1,0,0
1,23,33,From Goal Kick,Wales,3857273,0 days 00:23:33,0,0,0,0,0,0,1,0,0
1,23,38,From Goal Kick,Wales,3857273,0 days 00:23:38,0,0,0,0,0,0,1,0,0
1,23,44,From Goal Kick,Wales,3857273,0 days 00:23:44,0,0,1,0,0,0,0,0,0
1,23,44,From Goal Kick,Iran,3857273,0 days 00:23:44,0,0,0,0,0,0,0,0,1
1,23,45,From Goal Kick,Wales,3857273,0 days 00:23:45,0,1,0,0,0,0,0,0,0
1,24,36,From Throw In,Wales,3857273,0 days 00:24:36,0,0,0,0,0,0,1,0,0
1,24,39,From Throw In,Wales,3857273,0 days 00:24:39,0,0,0,0,0,0,1,0,0
1,24,43,From Throw In,Wales,3857273,0 days 00:24:43,0,0,0,0,0,0,1,0,0
1,24,47,From Throw In,Wales,3857273,0 days 00:24:47,0,0,0,0,0,0,1,0,0
1,24,51,From Throw In,Wales,3857273,0 days 00:24:51,0,0,0,0,0,0,1,0,0
1,24,53,From Throw In,Wales,3857273,0 days 00:24:53,0,0,0,0,0,0,1,0,0
1,24,54,From Throw In,Wales,3857273,0 days 00:24:54,0,0,0,0,0,0,1,0,0
1,24,57,From Throw In,Wales,3857273,0 days 00:24:57,0,0,0,0,0,0,1,0,0
1,25,0,From Throw In,Wales,3857273,0 days 00:25:00,0,0,0,0,0,0,1,0,0
1,25,4,From Throw In,Wales,3857273,0 days 00:25:04,0,0,0,0,0,0,1,0,0
1,25,6,From Throw In,Wales,3857273,0 days 00:25:06,0,0,0,0,0,0,1,0,0
1,25,8,From Throw In,Wales,3857273,0 days 00:25:08,0,0,0,0,0,0,1,0,0
1,25,11,From Throw In,Iran,3857273,0 days 00:25:11,1,0,0,0,0,0,0,0,0
1,25,11,From Throw In,Iran,3857273,0 days 00:25:11,0,0,0,0,0,0,1,0,0
1,25,13,From Throw In,Iran,3857273,0 days 00:25:13,0,0,0,0,0,0,1,0,0
1,25,26,From Throw In,Wales,3857273,0 days 00:25:26,0,0,0,0,0,0,1,0,0
1,25,27,From Throw In,Wales,3857273,0 days 00:25:27,0,0,0,0,0,0,1,0,0
1,25,30,From Throw In,Iran,3857273,0 days 00:25:30,0,0,0,0,0,1,0,0,0
1,25,33,From Throw In,Iran,3857273,0 days 00:25:33,0,0,0,0,0,0,1,0,0
1,25,35,From Throw In,Wales,3857273,0 days 00:25:35,1,0,0,0,0,0,0,0,0
1,25,36,From Throw In,Wales,3857273,0 days 00:25:36,0,0,0,0,0,0,1,0,0
1,25,37,From Throw In,Iran,3857273,0 days 00:25:37,0,0,0,0,0,1,0,0,0
1,25,38,From Throw In,Iran,3857273,0 days 00:25:38,1,0,0,0,0,0,0,0,0
1,25,42,From Throw In,Iran,3857273,0 days 00:25:42,0,0,0,0,0,0,1,0,0
1,25,46,From Throw In,Iran,3857273,0 days 00:25:46,0,0,1,0,0,0,0,0,0
1,25,46,From Throw In,Wales,3857273,0 days 00:25:46,0,0,0,0,0,0,0,0,1
1,25,49,From Throw In,Wales,3857273,0 days 00:25:49,1,0,0,0,0,0,0,0,0
1,25,51,From Throw In,Wales,3857273,0 days 00:25:51,0,0,0,1,0,0,0,0,0
1,25,53,From Throw In,Iran,3857273,0 days 00:25:53,0,0,0,0,1,0,0,0,0
1,27,49,From Free Kick,Wales,3857273,0 days 00:27:49,0,0,0,0,0,0,1,0,0
1,27,51,From Free Kick,Wales,3857273,0 days 00:27:51,0,0,0,0,0,0,1,0,0
1,27,54,From Free Kick,Wales,3857273,0 days 00:27:54,0,0,0,0,0,0,1,0,0
1,27,55,From Free Kick,Wales,3857273,0 days 00:27:55,0,0,0,0,0,0,1,0,0
1,28,0,From Free Kick,Wales,3857273,0 days 00:28:00,0,0,0,0,0,0,1,0,0
1,28,2,From Free Kick,Wales,3857273,0 days 00:28:02,0,0,0,0,0,0,1,0,0
1,28,4,From Free Kick,Wales,3857273,0 days 00:28:04,0,0,0,0,0,0,1,0,0
1,28,7,From Free Kick,Wales,3857273,0 days 00:28:07,0,0,0,0,0,0,1,0,0
1,28,8,From Free Kick,Wales,3857273,0 days 00:28:08,0,0,0,0,0,0,1,0,0
1,28,12,From Free Kick,Wales,3857273,0 days 00:28:12,0,0,0,0,0,0,1,0,0
1,28,14,From Free Kick,Wales,3857273,0 days 00:28:14,0,0,0,0,0,0,1,0,0
1,28,17,From Free Kick,Wales,3857273,0 days 00:28:17,0,0,0,0,0,0,1,0,0
1,28,20,From Free Kick,Wales,3857273,0 days 00:28:20,0,0,0,0,0,0,1,0,0
1,28,22,From Free Kick,Iran,3857273,0 days 00:28:22,1,0,0,0,0,0,0,0,0
1,28,23,From Free Kick,Iran,3857273,0 days 00:28:23,0,0,0,0,0,0,1,0,0
1,28,25,From Free Kick,Iran,3857273,0 days 00:28:25,0,0,0,1,0,0,0,0,0
1,28,28,From Free Kick,Wales,3857273,0 days 00:28:28,1,0,0,0,0,0,0,0,0
1,28,32,From Free Kick,Wales,3857273,0 days 00:28:32,0,0,1,0,0,0,0,0,0
1,28,32,From Free Kick,Iran,3857273,0 days 00:28:32,0,0,0,0,0,0,0,0,1
1,28,35,From Throw In,Wales,3857273,0 days 00:28:35,0,0,0,0,0,0,1,0,0
1,28,40,From Throw In,Wales,3857273,0 days 00:28:40,0,0,0,0,0,0,1,0,0
1,28,44,From Throw In,Wales,3857273,0 days 00:28:44,0,0,0,0,0,0,1,0,0
1,28,47,From Throw In,Wales,3857273,0 days 00:28:47,0,0,0,0,0,0,1,0,0
1,28,48,From Throw In,Wales,3857273,0 days 00:28:48,0,0,0,0,0,0,0,1,0
1,28,59,From Keeper,Iran,3857273,0 days 00:28:59,0,0,0,0,0,0,1,0,0
1,29,2,From Keeper,Iran,3857273,0 days 00:29:02,0,0,0,0,0,0,1,0,0
1,29,3,Regular Play,Wales,3857273,0 days 00:29:03,0,0,0,0,0,0,1,0,0
1,29,4,Regular Play,Wales,3857273,0 days 00:29:04,0,0,0,0,0,0,1,0,0
1,29,6,Regular Play,Wales,3857273,0 days 00:29:06,0,0,0,0,0,0,1,0,0
1,29,8,Regular Play,Wales,3857273,0 days 00:29:08,0,0,0,0,0,0,1,0,0
1,29,9,Regular Play,Wales,3857273,0 days 00:29:09,1,0,0,0,0,0,0,0,0
1,29,10,Regular Play,Wales,3857273,0 days 00:29:10,0,0,0,0,0,0,1,0,0
1,29,13,Regular Play,Wales,3857273,0 days 00:29:13,0,0,0,0,0,0,1,0,0
1,29,16,Regular Play,Wales,3857273,0 days 00:29:16,0,0,0,0,0,0,1,0,0
1,29,20,Regular Play,Wales,3857273,0 days 00:29:20,0,0,0,0,0,0,1,0,0
1,29,20,Regular Play,Iran,3857273,0 days 00:29:20,0,0,0,0,0,1,0,0,0
1,29,24,Regular Play,Iran,3857273,0 days 00:29:24,0,0,0,0,0,0,1,0,0
1,29,26,Regular Play,Iran,3857273,0 days 00:29:26,0,0,0,0,0,0,1,0,0
1,29,29,Regular Play,Wales,3857273,0 days 00:29:29,1,0,0,0,0,0,0,0,0
1,29,31,Regular Play,Wales,3857273,0 days 00:29:31,0,0,0,0,0,0,1,0,0
1,29,34,Regular Play,Wales,3857273,0 days 00:29:34,0,0,0,0,0,0,1,0,0
1,29,38,Regular Play,Wales,3857273,0 days 00:29:38,0,0,0,0,0,0,1,0,0
1,29,39,Regular Play,Iran,3857273,0 days 00:29:39,0,0,0,0,0,1,0,0,0
1,29,40,Regular Play,Iran,3857273,0 days 00:29:40,0,0,0,0,0,0,1,0,0
1,29,42,Regular Play,Iran,3857273,0 days 00:29:42,0,0,0,0,0,0,1,0,0
1,29,44,Regular Play,Wales,3857273,0 days 00:29:44,0,0,0,0,0,1,0,0,0
1,29,47,Regular Play,Wales,3857273,0 days 00:29:47,0,0,0,0,0,0,1,0,0
1,29,50,Regular Play,Wales,3857273,0 days 00:29:50,0,0,0,0,0,0,1,0,0
1,29,55,Regular Play,Wales,3857273,0 days 00:29:55,0,0,0,0,0,0,1,0,0
1,30,5,Regular Play,Wales,3857273,0 days 00:30:05,0,0,0,0,0,0,1,0,0
1,30,8,Regular Play,Wales,3857273,0 days 00:30:08,0,0,0,0,0,0,1,0,0
1,30,9,Regular Play,Wales,3857273,0 days 00:30:09,0,0,0,0,0,0,1,0,0
1,30,11,Regular Play,Wales,3857273,0 days 00:30:11,0,0,0,0,0,0,1,0,0
1,30,12,Regular Play,Wales,3857273,0 days 00:30:12,0,0,0,0,0,0,1,0,0
1,30,15,Regular Play,Iran,3857273,0 days 00:30:15,0,0,0,0,1,0,0,0,0
1,31,22,From Free Kick,Wales,3857273,0 days 00:31:22,0,0,0,0,0,0,1,0,0
1,31,23,From Free Kick,Iran,3857273,0 days 00:31:23,0,1,0,0,0,0,0,0,0
1,31,26,From Free Kick,Wales,3857273,0 days 00:31:26,1,0,0,0,0,0,0,0,0
1,31,29,From Free Kick,Wales,3857273,0 days 00:31:29,0,0,0,0,0,0,1,0,0
1,31,35,From Free Kick,Wales,3857273,0 days 00:31:35,0,0,0,0,0,0,1,0,0
1,31,38,From Free Kick,Wales,3857273,0 days 00:31:38,0,0,0,0,0,0,1,0,0
1,31,42,From Free Kick,Wales,3857273,0 days 00:31:42,0,0,0,0,0,0,1,0,0
1,31,48,From Free Kick,Wales,3857273,0 days 00:31:48,0,0,0,1,0,0,0,0,0
1,31,48,Regular Play,Iran,3857273,0 days 00:31:48,0,0,0,0,0,0,0,0,1
1,31,51,Regular Play,Iran,3857273,0 days 00:31:51,0,0,0,0,0,0,1,0,0
1,31,55,Regular Play,Iran,3857273,0 days 00:31:55,0,0,0,0,0,0,1,0,0
1,31,56,Regular Play,Iran,3857273,0 days 00:31:56,0,0,0,0,0,0,1,0,0
1,22,1,From Free Kick,Ecuador,3857274,0 days 00:22:01,0,0,0,0,0,0,1,0,0
1,22,5,From Free Kick,Ecuador,3857274,0 days 00:22:05,0,0,0,0,0,0,1,0,0
1,22,10,From Free Kick,Ecuador,3857274,0 days 00:22:10,0,0,0,0,0,0,1,0,0
1,22,16,From Free Kick,Ecuador,3857274,0 days 00:22:16,0,0,0,0,0,0,1,0,0
1,22,17,From Free Kick,Ecuador,3857274,0 days 00:22:17,0,0,0,0,0,0,1,0,0
1,22,21,From Free Kick,Ecuador,3857274,0 days 00:22:21,0,0,0,0,0,0,1,0,0
1,22,26,From Free Kick,Ecuador,3857274,0 days 00:22:26,0,0,0,0,0,0,1,0,0
1,22,30,From Free Kick,Ecuador,3857274,0 days 00:22:30,0,0,0,0,0,0,1,0,0
1,22,31,From Free Kick,Ecuador,3857274,0 days 00:22:31,0,0,0,0,0,0,1,0,0
1,22,35,From Free Kick,Ecuador,3857274,0 days 00:22:35,0,0,0,0,0,0,1,0,0
1,22,35,From Free Kick,Ecuador,3857274,0 days 00:22:35,0,0,0,0,0,0,1,0,0
1,22,40,From Free Kick,Ecuador,3857274,0 days 00:22:40,0,0,0,0,0,0,1,0,0
1,22,42,Regular Play,Netherlands,3857274,0 days 00:22:42,1,0,0,0,0,0,0,0,0
1,22,44,Regular Play,Netherlands,3857274,0 days 00:22:44,0,0,0,0,0,0,1,0,0
1,22,48,Regular Play,Netherlands,3857274,0 days 00:22:48,0,0,0,0,0,0,1,0,0
1,22,51,Regular Play,Netherlands,3857274,0 days 00:22:51,0,0,0,0,0,0,1,0,0
1,22,56,Regular Play,Netherlands,3857274,0 days 00:22:56,0,0,0,0,0,0,1,0,0
1,22,58,Regular Play,Netherlands,3857274,0 days 00:22:58,0,0,0,0,0,0,1,0,0
1,23,7,Regular Play,Netherlands,3857274,0 days 00:23:07,0,0,0,0,0,0,1,0,0
1,23,15,From Throw In,Ecuador,3857274,0 days 00:23:15,0,0,0,0,0,0,1,0,0
1,23,19,From Throw In,Ecuador,3857274,0 days 00:23:19,0,0,0,0,0,0,1,0,0
1,23,22,From Throw In,Netherlands,3857274,0 days 00:23:22,0,1,0,0,0,0,0,0,0
1,23,22,From Throw In,Ecuador,3857274,0 days 00:23:22,1,0,0,0,0,0,0,0,0
1,23,23,From Throw In,Ecuador,3857274,0 days 00:23:23,0,0,1,0,0,0,0,0,0
1,23,23,From Throw In,Netherlands,3857274,0 days 00:23:23,0,0,0,0,0,0,0,0,1
1,23,25,From Throw In,Ecuador,3857274,0 days 00:23:25,1,0,0,0,0,0,0,0,0
1,23,29,From Throw In,Ecuador,3857274,0 days 00:23:29,0,0,0,0,0,0,1,0,0
1,23,30,From Throw In,Netherlands,3857274,0 days 00:23:30,0,1,0,0,0,0,0,0,0
1,23,31,From Throw In,Ecuador,3857274,0 days 00:23:31,1,0,0,0,0,0,0,0,0
1,23,32,From Throw In,Ecuador,3857274,0 days 00:23:32,0,0,0,0,0,0,0,1,0
1,23,36,From Throw In,Netherlands,3857274,0 days 00:23:36,0,1,0,0,0,0,0,0,0
1,23,38,From Throw In,Ecuador,3857274,0 days 00:23:38,0,0,0,0,0,0,1,0,0
1,23,40,From Throw In,Ecuador,3857274,0 days 00:23:40,0,0,0,0,0,0,1,0,0
1,23,40,From Throw In,Ecuador,3857274,0 days 00:23:40,0,0,0,0,0,0,1,0,0
1,23,44,From Throw In,Ecuador,3857274,0 days 00:23:44,0,0,0,0,0,0,1,0,0
1,23,45,From Throw In,Netherlands,3857274,0 days 00:23:45,0,0,0,0,0,1,0,0,0
1,24,18,From Throw In,Ecuador,3857274,0 days 00:24:18,0,0,0,0,0,0,1,0,0
1,24,19,From Throw In,Ecuador,3857274,0 days 00:24:19,0,0,0,0,0,0,1,0,0
1,24,20,From Throw In,Ecuador,3857274,0 days 00:24:20,0,0,0,0,0,0,1,0,0
1,24,23,From Throw In,Ecuador,3857274,0 days 00:24:23,0,0,0,0,0,0,1,0,0
1,24,24,From Throw In,Netherlands,3857274,0 days 00:24:24,0,1,0,0,0,0,0,0,0
1,24,26,From Throw In,Ecuador,3857274,0 days 00:24:26,0,0,0,0,0,0,1,0,0
1,24,27,From Throw In,Ecuador,3857274,0 days 00:24:27,0,0,0,0,0,0,1,0,0
1,24,28,From Throw In,Ecuador,3857274,0 days 00:24:28,0,0,0,0,0,0,1,0,0
1,24,30,From Throw In,Ecuador,3857274,0 days 00:24:30,0,0,0,0,0,0,1,0,0
1,24,31,From Throw In,Ecuador,3857274,0 days 00:24:31,0,0,0,0,0,0,1,0,0
1,24,34,From Throw In,Ecuador,3857274,0 days 00:24:34,0,0,0,0,0,0,1,0,0
1,24,35,From Throw In,Netherlands,3857274,0 days 00:24:35,0,1,0,0,0,0,0,0,0
1,24,38,From Throw In,Netherlands,3857274,0 days 00:24:38,0,1,0,0,0,0,0,0,0
1,24,41,From Throw In,Ecuador,3857274,0 days 00:24:41,1,0,0,0,0,0,0,0,0
1,24,42,From Throw In,Ecuador,3857274,0 days 00:24:42,0,0,0,0,0,0,1,0,0
1,24,44,From Throw In,Ecuador,3857274,0 days 00:24:44,0,0,0,0,0,0,1,0,0
1,24,47,From Throw In,Ecuador,3857274,0 days 00:24:47,0,0,0,0,0,0,1,0,0
1,24,50,From Throw In,Ecuador,3857274,0 days 00:24:50,0,0,0,0,0,0,1,0,0
1,24,50,From Throw In,Ecuador,3857274,0 days 00:24:50,0,0,0,0,0,0,1,0,0
1,24,51,From Throw In,Ecuador,3857274,0 days 00:24:51,0,0,0,0,0,0,1,0,0
1,24,52,From Throw In,Ecuador,3857274,0 days 00:24:52,0,0,1,0,0,0,0,0,0
1,24,52,From Throw In,Netherlands,3857274,0 days 00:24:52,0,0,0,0,0,0,0,0,1
1,24,56,From Throw In,Netherlands,3857274,0 days 00:24:56,0,0,0,0,0,0,1,0,0
1,25,1,From Throw In,Ecuador,3857274,0 days 00:25:01,1,0,0,0,0,0,0,0,0
1,25,5,From Throw In,Ecuador,3857274,0 days 00:25:05,0,0,0,0,0,0,1,0,0
1,25,8,From Throw In,Ecuador,3857274,0 days 00:25:08,0,0,0,0,0,0,1,0,0
1,25,12,From Throw In,Ecuador,3857274,0 days 00:25:12,0,0,0,0,0,0,1,0,0
1,25,18,From Throw In,Ecuador,3857274,0 days 00:25:18,0,0,0,0,0,0,1,0,0
1,25,21,From Throw In,Ecuador,3857274,0 days 00:25:21,0,0,0,0,0,0,1,0,0
1,25,25,From Throw In,Ecuador,3857274,0 days 00:25:25,0,0,0,0,0,0,1,0,0
1,25,29,From Throw In,Ecuador,3857274,0 days 00:25:29,0,0,0,0,0,0,1,0,0
1,25,30,From Throw In,Ecuador,3857274,0 days 00:25:30,0,0,0,0,0,0,1,0,0
1,25,31,From Throw In,Netherlands,3857274,0 days 00:25:31,0,0,0,0,1,0,0,0,0
1,26,8,From Free Kick,Ecuador,3857274,0 days 00:26:08,0,0,0,0,0,0,1,0,0
1,26,13,From Free Kick,Ecuador,3857274,0 days 00:26:13,0,0,0,0,0,0,1,0,0
1,26,15,From Free Kick,Ecuador,3857274,0 days 00:26:15,0,0,0,0,0,0,1,0,0
1,26,16,From Free Kick,Ecuador,3857274,0 days 00:26:16,0,0,0,0,0,0,1,0,0
1,26,34,From Goal Kick,Netherlands,3857274,0 days 00:26:34,0,0,0,0,0,0,1,0,0
1,26,38,From Goal Kick,Netherlands,3857274,0 days 00:26:38,0,0,0,0,0,0,1,0,0
1,26,39,Regular Play,Ecuador,3857274,0 days 00:26:39,0,0,0,0,0,0,1,0,0
1,26,41,Regular Play,Ecuador,3857274,0 days 00:26:41,0,0,0,0,0,0,1,0,0
1,26,43,Regular Play,Ecuador,3857274,0 days 00:26:43,0,0,0,0,0,0,1,0,0
1,26,43,Regular Play,Ecuador,3857274,0 days 00:26:43,0,0,0,0,0,0,1,0,0
1,26,44,Regular Play,Netherlands,3857274,0 days 00:26:44,1,0,0,0,0,0,0,0,0
1,26,49,Regular Play,Ecuador,3857274,0 days 00:26:49,1,0,0,0,0,0,0,0,0
1,26,51,Regular Play,Ecuador,3857274,0 days 00:26:51,0,0,0,0,0,0,1,0,0
1,26,55,Regular Play,Ecuador,3857274,0 days 00:26:55,0,0,0,0,0,0,1,0,0
1,26,56,Regular Play,Ecuador,3857274,0 days 00:26:56,0,0,0,0,0,0,0,1,0
1,26,58,Regular Play,Ecuador,3857274,0 days 00:26:58,1,0,0,0,0,0,0,0,0
1,27,0,Regular Play,Ecuador,3857274,0 days 00:27:00,0,0,0,0,0,0,1,0,0
1,28,0,From Corner,Ecuador,3857274,0 days 00:28:00,0,0,0,0,0,0,1,0,0
1,28,1,From Corner,Netherlands,3857274,0 days 00:28:01,0,1,0,0,0,0,0,0,0
1,28,9,From Throw In,Ecuador,3857274,0 days 00:28:09,0,0,0,0,0,0,1,0,0
1,28,13,From Throw In,Ecuador,3857274,0 days 00:28:13,0,0,0,0,0,0,1,0,0
1,28,15,From Throw In,Ecuador,3857274,0 days 00:28:15,0,0,0,1,0,0,0,0,0
1,28,15,From Throw In,Netherlands,3857274,0 days 00:28:15,0,0,0,0,0,0,0,0,1
1,28,20,From Throw In,Ecuador,3857274,0 days 00:28:20,0,0,0,0,0,0,1,0,0
1,28,23,From Throw In,Ecuador,3857274,0 days 00:28:23,0,0,0,0,0,0,1,0,0
1,28,26,From Throw In,Ecuador,3857274,0 days 00:28:26,0,0,0,0,0,0,1,0,0
1,28,28,From Throw In,Ecuador,3857274,0 days 00:28:28,0,0,0,0,0,0,1,0,0
1,28,31,From Throw In,Ecuador,3857274,0 days 00:28:31,0,0,0,0,1,0,0,0,0
1,28,48,From Free Kick,Netherlands,3857274,0 days 00:28:48,0,0,0,0,0,0,1,0,0
1,28,51,From Free Kick,Netherlands,3857274,0 days 00:28:51,0,0,0,0,0,0,1,0,0
1,28,53,From Free Kick,Netherlands,3857274,0 days 00:28:53,0,0,0,0,0,0,1,0,0
1,28,56,From Free Kick,Netherlands,3857274,0 days 00:28:56,0,0,0,0,0,0,1,0,0
1,28,58,From Free Kick,Netherlands,3857274,0 days 00:28:58,0,0,0,0,0,0,1,0,0
1,28,59,From Free Kick,Ecuador,3857274,0 days 00:28:59,0,0,0,0,0,1,0,0,0
1,29,0,From Free Kick,Ecuador,3857274,0 days 00:29:00,0,0,0,0,0,0,1,0,0
1,29,2,From Free Kick,Netherlands,3857274,0 days 00:29:02,1,0,0,0,0,0,0,0,0
1,29,3,From Free Kick,Netherlands,3857274,0 days 00:29:03,0,0,0,0,0,0,1,0,0
1,29,6,From Free Kick,Netherlands,3857274,0 days 00:29:06,0,0,0,0,0,0,1,0,0
1,29,8,From Free Kick,Netherlands,3857274,0 days 00:29:08,0,0,0,0,0,0,1,0,0
1,29,9,From Free Kick,Netherlands,3857274,0 days 00:29:09,0,0,0,0,0,0,1,0,0
1,29,10,From Free Kick,Netherlands,3857274,0 days 00:29:10,0,0,0,0,0,0,1,0,0
1,29,13,From Free Kick,Netherlands,3857274,0 days 00:29:13,0,0,1,0,0,0,0,0,0
1,29,13,Regular Play,Ecuador,3857274,0 days 00:29:13,0,0,0,0,0,0,0,0,1
1,29,14,Regular Play,Ecuador,3857274,0 days 00:29:14,1,0,0,0,0,0,0,0,0
1,29,16,Regular Play,Ecuador,3857274,0 days 00:29:16,0,0,1,0,0,0,0,0,0
1,29,16,Regular Play,Netherlands,3857274,0 days 00:29:16,0,0,0,0,0,0,0,0,1
1,29,16,Regular Play,Ecuador,3857274,0 days 00:29:16,1,0,0,0,0,0,0,0,0
1,29,17,Regular Play,Ecuador,3857274,0 days 00:29:17,0,0,0,1,0,0,0,0,0
1,29,17,Regular Play,Netherlands,3857274,0 days 00:29:17,1,0,0,0,0,0,0,0,0
1,29,20,Regular Play,Netherlands,3857274,0 days 00:29:20,0,0,0,0,0,0,1,0,0
1,29,20,Regular Play,Netherlands,3857274,0 days 00:29:20,1,0,0,0,0,0,0,0,0
1,29,24,Regular Play,Netherlands,3857274,0 days 00:29:24,0,0,0,0,0,0,1,0,0
1,29,25,Regular Play,Netherlands,3857274,0 days 00:29:25,0,0,0,0,0,0,1,0,0
1,29,27,Regular Play,Netherlands,3857274,0 days 00:29:27,0,0,0,0,0,0,1,0,0
1,29,29,Regular Play,Netherlands,3857274,0 days 00:29:29,0,0,0,0,0,0,1,0,0
1,29,31,Regular Play,Ecuador,3857274,0 days 00:29:31,0,1,0,0,0,0,0,0,0
1,30,7,From Corner,Netherlands,3857274,0 days 00:30:07,0,0,0,0,0,0,1,0,0
1,30,9,From Corner,Ecuador,3857274,0 days 00:30:09,0,1,0,0,0,0,0,0,0
1,30,10,From Corner,Ecuador,3857274,0 days 00:30:10,0,0,0,0,0,0,1,0,0
1,30,14,From Corner,Ecuador,3857274,0 days 00:30:14,0,0,0,0,0,0,1,0,0
1,30,18,From Corner,Netherlands,3857274,0 days 00:30:18,1,0,0,0,0,0,0,0,0
1,30,20,From Corner,Netherlands,3857274,0 days 00:30:20,0,0,0,0,0,0,1,0,0
1,30,30,From Corner,Netherlands,3857274,0 days 00:30:30,0,0,0,0,0,0,1,0,0
1,30,35,From Corner,Netherlands,3857274,0 days 00:30:35,0,0,0,0,0,0,1,0,0
1,30,37,From Corner,Netherlands,3857274,0 days 00:30:37,0,0,0,0,0,0,1,0,0
1,30,38,From Corner,Netherlands,3857274,0 days 00:30:38,0,0,0,0,0,0,1,0,0
1,30,40,From Corner,Netherlands,3857274,0 days 00:30:40,0,0,0,0,0,0,1,0,0
1,30,42,From Corner,Netherlands,3857274,0 days 00:30:42,0,0,0,0,0,0,1,0,0
1,30,44,From Corner,Netherlands,3857274,0 days 00:30:44,0,0,0,0,0,0,1,0,0
1,30,48,From Throw In,Ecuador,3857274,0 days 00:30:48,0,0,0,0,0,0,1,0,0
1,30,51,From Throw In,Ecuador,3857274,0 days 00:30:51,0,0,0,0,0,0,1,0,0
1,30,52,Regular Play,Netherlands,3857274,0 days 00:30:52,1,0,0,0,0,0,0,0,0
1,30,54,Regular Play,Ecuador,3857274,0 days 00:30:54,0,0,0,0,1,0,0,0,0
1,31,8,From Free Kick,Netherlands,3857274,0 days 00:31:08,0,0,0,0,0,0,1,0,0
1,31,14,From Free Kick,Netherlands,3857274,0 days 00:31:14,0,0,0,0,0,0,1,0,0
1,31,19,From Free Kick,Netherlands,3857274,0 days 00:31:19,0,0,0,0,0,0,1,0,0
1,31,21,From Free Kick,Netherlands,3857274,0 days 00:31:21,0,0,0,0,0,0,1,0,0
1,31,25,From Free Kick,Netherlands,3857274,0 days 00:31:25,0,0,0,0,0,0,1,0,0
1,31,30,From Free Kick,Netherlands,3857274,0 days 00:31:30,0,0,0,0,0,0,1,0,0
1,31,32,From Free Kick,Netherlands,3857274,0 days 00:31:32,0,0,1,0,0,0,0,0,0
1,31,32,From Free Kick,Ecuador,3857274,0 days 00:31:32,0,0,0,0,0,0,0,0,1
1,31,34,From Free Kick,Netherlands,3857274,0 days 00:31:34,1,0,0,0,0,0,0,0,0
1,31,36,From Free Kick,Netherlands,3857274,0 days 00:31:36,0,0,0,0,0,0,1,0,0
1,31,37,From Free Kick,Netherlands,3857274,0 days 00:31:37,0,0,0,0,0,0,1,0,0
1,31,38,From Free Kick,Netherlands,3857274,0 days 00:31:38,0,0,0,0,0,0,1,0,0
1,31,39,From Free Kick,Ecuador,3857274,0 days 00:31:39,0,0,0,0,0,1,0,0,0
1,31,41,Regular Play,Ecuador,3857274,0 days 00:31:41,0,0,0,0,0,0,1,0,0
1,31,43,Regular Play,Ecuador,3857274,0 days 00:31:43,0,0,0,0,0,0,1,0,0
1,31,46,Regular Play,Ecuador,3857274,0 days 00:31:46,0,0,0,0,0,0,1,0,0
1,31,53,Regular Play,Ecuador,3857274,0 days 00:31:53,0,0,0,0,0,0,0,1,0
1,22,3,From Throw In,France,3857275,0 days 00:22:03,0,0,0,0,0,0,1,0,0
1,22,6,Regular Play,Tunisia,3857275,0 days 00:22:06,1,0,0,0,0,0,0,0,0
1,22,7,Regular Play,Tunisia,3857275,0 days 00:22:07,0,0,0,0,0,0,1,0,0
1,22,9,Regular Play,Tunisia,3857275,0 days 00:22:09,0,0,0,0,0,0,1,0,0
1,22,10,Regular Play,Tunisia,3857275,0 days 00:22:10,0,0,0,0,0,0,1,0,0
1,22,12,Regular Play,Tunisia,3857275,0 days 00:22:12,0,0,0,0,0,0,1,0,0
1,22,15,Regular Play,Tunisia,3857275,0 days 00:22:15,0,0,0,0,0,0,1,0,0
1,22,18,Regular Play,Tunisia,3857275,0 days 00:22:18,0,0,0,0,0,0,1,0,0
1,22,20,Regular Play,France,3857275,0 days 00:22:20,1,0,0,0,0,0,0,0,0
1,22,20,Regular Play,France,3857275,0 days 00:22:20,0,0,0,1,0,0,0,0,0
1,22,20,Regular Play,Tunisia,3857275,0 days 00:22:20,0,0,0,0,0,0,0,0,1
1,22,22,Regular Play,France,3857275,0 days 00:22:22,1,0,0,0,0,0,0,0,0
1,22,25,Regular Play,France,3857275,0 days 00:22:25,0,0,0,0,0,0,1,0,0
1,22,25,Regular Play,Tunisia,3857275,0 days 00:22:25,0,0,0,0,0,1,0,0,0
1,22,29,Regular Play,France,3857275,0 days 00:22:29,0,0,0,0,0,0,1,0,0
1,22,31,Regular Play,France,3857275,0 days 00:22:31,0,0,0,0,0,0,1,0,0
1,22,33,Regular Play,France,3857275,0 days 00:22:33,0,0,0,0,0,0,1,0,0
1,22,35,Regular Play,France,3857275,0 days 00:22:35,0,0,0,0,0,0,1,0,0
1,22,37,Regular Play,France,3857275,0 days 00:22:37,0,0,0,0,0,0,1,0,0
1,22,42,Regular Play,France,3857275,0 days 00:22:42,0,0,0,0,0,0,1,0,0
1,22,43,Regular Play,France,3857275,0 days 00:22:43,0,0,0,0,0,0,1,0,0
1,22,45,Regular Play,France,3857275,0 days 00:22:45,0,0,0,0,0,0,1,0,0
1,22,47,Regular Play,France,3857275,0 days 00:22:47,0,0,0,0,0,0,1,0,0
1,22,50,Regular Play,France,3857275,0 days 00:22:50,0,0,0,0,0,0,1,0,0
1,22,52,Regular Play,France,3857275,0 days 00:22:52,0,0,0,0,0,0,1,0,0
1,22,57,Regular Play,France,3857275,0 days 00:22:57,0,0,0,0,0,0,1,0,0
1,22,59,Regular Play,Tunisia,3857275,0 days 00:22:59,0,1,0,0,0,0,0,0,0
1,23,0,Regular Play,Tunisia,3857275,0 days 00:23:00,1,0,0,0,0,0,0,0,0
1,23,2,Regular Play,Tunisia,3857275,0 days 00:23:02,0,0,0,0,0,0,1,0,0
1,23,5,Regular Play,Tunisia,3857275,0 days 00:23:05,0,0,0,0,0,0,1,0,0
1,23,10,Regular Play,Tunisia,3857275,0 days 00:23:10,0,0,1,0,0,0,0,0,0
1,23,10,Regular Play,France,3857275,0 days 00:23:10,0,0,0,0,0,0,0,0,1
1,23,24,From Goal Kick,France,3857275,0 days 00:23:24,0,0,0,0,0,0,1,0,0
1,23,30,From Goal Kick,France,3857275,0 days 00:23:30,0,0,0,0,0,0,1,0,0
1,23,33,From Goal Kick,France,3857275,0 days 00:23:33,0,0,0,0,0,0,1,0,0
1,23,36,From Goal Kick,France,3857275,0 days 00:23:36,0,0,0,0,0,0,1,0,0
1,23,39,From Goal Kick,France,3857275,0 days 00:23:39,0,0,0,0,0,0,1,0,0
1,23,41,From Goal Kick,France,3857275,0 days 00:23:41,0,0,0,0,0,0,1,0,0
1,23,44,From Goal Kick,France,3857275,0 days 00:23:44,0,0,0,0,0,0,1,0,0
1,23,45,From Goal Kick,France,3857275,0 days 00:23:45,0,0,0,0,0,0,1,0,0
1,23,48,From Goal Kick,France,3857275,0 days 00:23:48,0,0,0,0,0,0,1,0,0
1,23,50,Regular Play,Tunisia,3857275,0 days 00:23:50,0,0,0,0,0,0,1,0,0
1,23,52,Regular Play,Tunisia,3857275,0 days 00:23:52,0,0,0,0,0,0,1,0,0
1,23,57,Regular Play,Tunisia,3857275,0 days 00:23:57,0,0,0,0,0,0,1,0,0
1,24,1,Regular Play,Tunisia,3857275,0 days 00:24:01,0,0,0,0,0,0,1,0,0
1,24,5,Regular Play,Tunisia,3857275,0 days 00:24:05,0,0,0,0,0,0,1,0,0
1,24,7,Regular Play,Tunisia,3857275,0 days 00:24:07,0,0,0,0,0,0,1,0,0
1,24,20,From Throw In,Tunisia,3857275,0 days 00:24:20,0,0,0,0,0,0,1,0,0
1,24,25,From Throw In,Tunisia,3857275,0 days 00:24:25,0,0,0,0,0,0,1,0,0
1,24,27,From Throw In,Tunisia,3857275,0 days 00:24:27,0,0,0,0,0,0,1,0,0
1,24,31,From Throw In,Tunisia,3857275,0 days 00:24:31,0,0,0,0,0,0,1,0,0
1,24,32,From Throw In,Tunisia,3857275,0 days 00:24:32,0,0,0,0,0,0,1,0,0
1,24,33,From Throw In,Tunisia,3857275,0 days 00:24:33,0,0,1,0,0,0,0,0,0
1,24,33,Regular Play,France,3857275,0 days 00:24:33,0,0,0,0,0,0,0,0,1
1,24,35,Regular Play,France,3857275,0 days 00:24:35,0,0,0,0,0,0,1,0,0
1,24,36,Regular Play,France,3857275,0 days 00:24:36,0,0,0,0,0,0,1,0,0
1,24,39,Regular Play,France,3857275,0 days 00:24:39,0,0,0,0,0,0,1,0,0
1,24,46,Regular Play,France,3857275,0 days 00:24:46,0,0,0,0,0,0,1,0,0
1,24,49,Regular Play,France,3857275,0 days 00:24:49,0,0,0,0,0,0,0,1,0
1,25,21,From Goal Kick,Tunisia,3857275,0 days 00:25:21,0,0,0,0,0,0,1,0,0
1,25,22,From Goal Kick,Tunisia,3857275,0 days 00:25:22,0,0,0,0,0,0,1,0,0
1,25,24,From Goal Kick,Tunisia,3857275,0 days 00:25:24,0,0,0,0,0,0,1,0,0
1,25,25,From Goal Kick,Tunisia,3857275,0 days 00:25:25,0,0,0,0,0,0,1,0,0
1,25,30,From Goal Kick,Tunisia,3857275,0 days 00:25:30,0,0,0,0,0,0,1,0,0
1,25,35,From Goal Kick,Tunisia,3857275,0 days 00:25:35,0,0,0,0,0,0,1,0,0
1,25,39,From Goal Kick,Tunisia,3857275,0 days 00:25:39,0,0,0,0,0,0,1,0,0
1,25,47,From Goal Kick,Tunisia,3857275,0 days 00:25:47,0,0,0,0,0,0,1,0,0
1,25,50,From Goal Kick,Tunisia,3857275,0 days 00:25:50,0,0,0,0,0,0,1,0,0
1,25,53,From Goal Kick,Tunisia,3857275,0 days 00:25:53,0,0,0,0,0,0,1,0,0
1,25,53,From Goal Kick,France,3857275,0 days 00:25:53,0,0,0,0,0,0,1,0,0
1,25,56,From Goal Kick,Tunisia,3857275,0 days 00:25:56,0,0,0,0,0,0,1,0,0
1,25,59,From Goal Kick,Tunisia,3857275,0 days 00:25:59,0,0,0,0,0,0,1,0,0
1,26,2,From Goal Kick,Tunisia,3857275,0 days 00:26:02,0,0,0,0,0,0,1,0,0
1,26,4,From Goal Kick,Tunisia,3857275,0 days 00:26:04,0,0,0,0,0,0,1,0,0
1,26,5,From Goal Kick,Tunisia,3857275,0 days 00:26:05,0,0,0,0,0,0,1,0,0
1,26,8,From Goal Kick,Tunisia,3857275,0 days 00:26:08,0,0,0,0,0,0,1,0,0
1,26,16,From Goal Kick,Tunisia,3857275,0 days 00:26:16,0,0,0,0,0,0,1,0,0
1,26,20,From Goal Kick,Tunisia,3857275,0 days 00:26:20,0,0,0,0,0,0,1,0,0
1,26,21,From Goal Kick,Tunisia,3857275,0 days 00:26:21,0,0,0,0,0,0,1,0,0
1,26,38,From Free Kick,France,3857275,0 days 00:26:38,0,0,0,0,0,0,1,0,0
1,26,42,From Free Kick,France,3857275,0 days 00:26:42,0,0,0,0,0,0,1,0,0
1,26,46,From Free Kick,France,3857275,0 days 00:26:46,0,0,0,0,0,0,1,0,0
1,26,49,From Free Kick,France,3857275,0 days 00:26:49,0,0,0,0,0,0,1,0,0
1,26,53,From Free Kick,France,3857275,0 days 00:26:53,0,0,0,0,0,0,1,0,0
1,26,56,From Free Kick,France,3857275,0 days 00:26:56,0,0,0,0,0,0,1,0,0
1,27,0,From Free Kick,France,3857275,0 days 00:27:00,0,0,0,0,0,0,1,0,0
1,27,1,From Free Kick,France,3857275,0 days 00:27:01,0,0,0,0,0,0,1,0,0
1,27,4,From Free Kick,France,3857275,0 days 00:27:04,0,0,0,0,0,0,1,0,0
1,27,7,From Free Kick,France,3857275,0 days 00:27:07,0,0,0,0,0,0,1,0,0
1,27,11,From Free Kick,France,3857275,0 days 00:27:11,0,0,0,0,0,0,1,0,0
1,27,14,From Free Kick,France,3857275,0 days 00:27:14,0,0,0,0,0,0,1,0,0
1,27,20,From Free Kick,Tunisia,3857275,0 days 00:27:20,0,0,0,0,1,0,0,0,0
1,28,2,From Free Kick,France,3857275,0 days 00:28:02,0,0,0,0,0,0,1,0,0
1,28,8,From Free Kick,France,3857275,0 days 00:28:08,0,0,0,0,0,0,1,0,0
1,28,9,From Free Kick,France,3857275,0 days 00:28:09,0,0,0,0,0,0,1,0,0
1,28,11,From Free Kick,France,3857275,0 days 00:28:11,0,0,0,0,0,0,1,0,0
1,28,13,From Free Kick,France,3857275,0 days 00:28:13,0,0,0,0,0,0,1,0,0
1,28,16,From Free Kick,France,3857275,0 days 00:28:16,0,0,0,0,0,0,1,0,0
1,28,18,From Free Kick,France,3857275,0 days 00:28:18,0,0,0,0,0,0,1,0,0
1,28,21,From Free Kick,France,3857275,0 days 00:28:21,0,0,0,0,0,0,1,0,0
1,28,25,From Free Kick,France,3857275,0 days 00:28:25,0,0,0,0,0,0,1,0,0
1,28,26,From Free Kick,France,3857275,0 days 00:28:26,0,0,0,0,0,0,1,0,0
1,28,27,From Free Kick,France,3857275,0 days 00:28:27,0,0,0,0,0,0,1,0,0
1,28,29,From Free Kick,France,3857275,0 days 00:28:29,0,0,0,0,0,0,1,0,0
1,28,35,From Free Kick,France,3857275,0 days 00:28:35,0,0,0,0,0,0,1,0,0
1,28,37,From Free Kick,France,3857275,0 days 00:28:37,0,0,0,0,0,0,1,0,0
1,28,39,From Free Kick,France,3857275,0 days 00:28:39,0,0,0,0,0,0,1,0,0
1,28,40,From Free Kick,France,3857275,0 days 00:28:40,0,0,0,0,0,0,1,0,0
1,28,44,From Throw In,Tunisia,3857275,0 days 00:28:44,0,0,0,0,0,0,1,0,0
1,28,50,From Throw In,France,3857275,0 days 00:28:50,0,0,0,0,1,0,0,0,0
1,28,51,From Throw In,Tunisia,3857275,0 days 00:28:51,0,0,0,0,0,0,1,0,0
1,28,53,From Throw In,Tunisia,3857275,0 days 00:28:53,0,0,0,0,0,0,1,0,0
1,28,56,From Throw In,Tunisia,3857275,0 days 00:28:56,0,0,0,0,0,0,1,0,0
1,28,58,From Throw In,Tunisia,3857275,0 days 00:28:58,0,0,0,0,0,0,1,0,0
1,28,59,From Throw In,France,3857275,0 days 00:28:59,0,1,0,0,0,0,0,0,0
1,29,6,From Throw In,Tunisia,3857275,0 days 00:29:06,0,0,0,0,0,0,1,0,0
1,29,10,From Throw In,Tunisia,3857275,0 days 00:29:10,0,0,0,0,0,0,1,0,0
1,29,11,From Throw In,Tunisia,3857275,0 days 00:29:11,0,0,0,0,0,0,0,1,0
1,29,25,From Keeper,France,3857275,0 days 00:29:25,0,0,0,0,0,0,1,0,0
1,29,29,From Keeper,France,3857275,0 days 00:29:29,0,0,0,0,0,0,1,0,0
1,29,32,From Keeper,Tunisia,3857275,0 days 00:29:32,0,0,0,0,0,0,1,0,0
1,29,34,From Keeper,Tunisia,3857275,0 days 00:29:34,0,0,0,0,0,0,1,0,0
1,29,37,From Keeper,France,3857275,0 days 00:29:37,1,0,0,0,0,0,0,0,0
1,29,38,From Keeper,France,3857275,0 days 00:29:38,0,0,0,0,0,0,1,0,0
1,29,46,From Keeper,France,3857275,0 days 00:29:46,0,0,0,0,0,0,1,0,0
1,29,49,From Keeper,France,3857275,0 days 00:29:49,0,0,0,0,0,0,1,0,0
1,29,52,From Keeper,France,3857275,0 days 00:29:52,0,0,0,0,0,0,1,0,0
1,29,55,From Keeper,France,3857275,0 days 00:29:55,0,0,0,0,0,0,1,0,0
1,30,0,From Keeper,France,3857275,0 days 00:30:00,0,0,0,0,0,0,1,0,0
1,30,1,From Keeper,France,3857275,0 days 00:30:01,0,0,0,0,0,0,1,0,0
1,30,3,From Keeper,France,3857275,0 days 00:30:03,0,0,0,0,0,0,1,0,0
1,30,5,From Keeper,France,3857275,0 days 00:30:05,0,0,0,0,0,0,1,0,0
1,30,7,From Keeper,France,3857275,0 days 00:30:07,0,0,0,0,0,0,1,0,0
1,30,10,From Keeper,France,3857275,0 days 00:30:10,0,0,1,0,0,0,0,0,0
1,30,10,Regular Play,Tunisia,3857275,0 days 00:30:10,0,0,0,0,0,0,0,0,1
1,30,13,Regular Play,Tunisia,3857275,0 days 00:30:13,0,0,0,0,0,0,1,0,0
1,30,19,Regular Play,Tunisia,3857275,0 days 00:30:19,0,0,0,0,0,0,1,0,0
1,31,3,From Corner,Tunisia,3857275,0 days 00:31:03,0,0,0,0,0,0,1,0,0
1,31,4,From Corner,France,3857275,0 days 00:31:04,0,1,0,0,0,0,0,0,0
1,31,27,From Corner,Tunisia,3857275,0 days 00:31:27,0,0,0,0,0,0,1,0,0
1,31,28,From Corner,France,3857275,0 days 00:31:28,0,1,0,0,0,0,0,0,0
1,31,30,From Corner,Tunisia,3857275,0 days 00:31:30,1,0,0,0,0,0,0,0,0
1,31,32,From Corner,Tunisia,3857275,0 days 00:31:32,0,0,0,0,0,0,1,0,0
1,31,33,From Corner,France,3857275,0 days 00:31:33,0,1,0,0,0,0,0,0,0
1,31,35,From Corner,France,3857275,0 days 00:31:35,1,0,0,0,0,0,0,0,0
1,31,36,From Corner,Tunisia,3857275,0 days 00:31:36,1,0,0,0,0,0,0,0,0
1,31,39,From Corner,Tunisia,3857275,0 days 00:31:39,0,0,0,0,0,0,1,0,0
1,22,1,From Throw In,Morocco,3857276,0 days 00:22:01,0,0,0,0,0,0,1,0,0
1,22,3,From Throw In,Morocco,3857276,0 days 00:22:03,0,0,0,0,0,0,1,0,0
1,22,3,From Throw In,Canada,3857276,0 days 00:22:03,0,0,0,0,0,1,0,0,0
1,22,12,From Throw In,Morocco,3857276,0 days 00:22:12,0,0,0,0,0,0,1,0,0
1,22,16,From Throw In,Morocco,3857276,0 days 00:22:16,0,0,0,0,0,0,1,0,0
1,22,20,From Throw In,Morocco,3857276,0 days 00:22:20,0,0,0,0,0,0,1,0,0
1,22,26,From Throw In,Morocco,3857276,0 days 00:22:26,0,0,0,0,0,0,1,0,0
1,22,28,From Throw In,Morocco,3857276,0 days 00:22:28,0,0,0,0,0,0,1,0,0
1,22,31,From Throw In,Morocco,3857276,0 days 00:22:31,0,0,0,0,0,0,1,0,0
1,22,36,From Throw In,Morocco,3857276,0 days 00:22:36,0,0,0,0,0,0,0,1,0
1,24,3,From Kick Off,Canada,3857276,0 days 00:24:03,0,0,0,0,0,0,1,0,0
1,24,5,From Kick Off,Canada,3857276,0 days 00:24:05,0,0,0,0,0,0,1,0,0
1,24,7,From Kick Off,Canada,3857276,0 days 00:24:07,0,0,0,0,0,0,1,0,0
1,24,9,From Kick Off,Canada,3857276,0 days 00:24:09,0,0,0,0,0,0,1,0,0
1,24,10,From Kick Off,Canada,3857276,0 days 00:24:10,0,0,0,0,0,0,1,0,0
1,24,11,From Kick Off,Canada,3857276,0 days 00:24:11,0,0,0,0,0,0,1,0,0
1,24,14,From Kick Off,Canada,3857276,0 days 00:24:14,0,0,0,0,0,0,1,0,0
1,24,16,From Kick Off,Canada,3857276,0 days 00:24:16,0,0,0,0,0,0,1,0,0
1,24,19,From Kick Off,Morocco,3857276,0 days 00:24:19,0,0,0,0,0,1,0,0,0
1,24,23,From Kick Off,Morocco,3857276,0 days 00:24:23,0,0,0,0,0,0,1,0,0
1,24,25,From Kick Off,Canada,3857276,0 days 00:24:25,1,0,0,0,0,0,0,0,0
1,24,27,From Kick Off,Canada,3857276,0 days 00:24:27,0,0,0,0,0,0,1,0,0
1,24,56,From Throw In,Morocco,3857276,0 days 00:24:56,0,0,0,0,0,0,1,0,0
1,24,57,From Throw In,Morocco,3857276,0 days 00:24:57,0,0,0,0,0,0,1,0,0
1,24,59,From Throw In,Morocco,3857276,0 days 00:24:59,0,0,0,0,0,0,1,0,0
1,24,59,From Throw In,Morocco,3857276,0 days 00:24:59,0,0,0,0,0,0,1,0,0
1,25,7,From Throw In,Canada,3857276,0 days 00:25:07,0,0,0,0,0,0,1,0,0
1,25,11,From Throw In,Canada,3857276,0 days 00:25:11,0,0,0,0,0,0,1,0,0
1,25,13,From Throw In,Canada,3857276,0 days 00:25:13,0,0,0,0,0,0,1,0,0
1,25,15,From Throw In,Canada,3857276,0 days 00:25:15,0,0,0,0,0,0,1,0,0
1,25,18,From Throw In,Canada,3857276,0 days 00:25:18,0,0,0,0,0,0,1,0,0
1,25,21,From Throw In,Canada,3857276,0 days 00:25:21,0,0,0,0,0,0,1,0,0
1,25,24,From Throw In,Canada,3857276,0 days 00:25:24,0,0,0,0,0,0,1,0,0
1,25,26,From Throw In,Canada,3857276,0 days 00:25:26,0,0,0,0,0,0,1,0,0
1,25,27,From Throw In,Morocco,3857276,0 days 00:25:27,0,1,0,0,0,0,0,0,0
1,25,30,From Throw In,Morocco,3857276,0 days 00:25:30,0,0,0,0,0,0,1,0,0
1,25,33,From Throw In,Canada,3857276,0 days 00:25:33,1,0,0,0,0,0,0,0,0
1,25,35,From Throw In,Canada,3857276,0 days 00:25:35,0,0,0,0,0,0,1,0,0
1,25,38,From Throw In,Canada,3857276,0 days 00:25:38,0,0,1,0,0,0,0,0,0
1,25,38,Regular Play,Morocco,3857276,0 days 00:25:38,0,0,0,0,0,0,0,0,1
1,25,39,Regular Play,Morocco,3857276,0 days 00:25:39,1,0,0,0,0,0,0,0,0
1,25,39,Regular Play,Canada,3857276,0 days 00:25:39,0,0,0,0,1,0,0,0,0
1,26,30,From Free Kick,Morocco,3857276,0 days 00:26:30,0,0,0,0,0,0,1,0,0
1,26,33,From Free Kick,Morocco,3857276,0 days 00:26:33,0,0,0,0,0,0,1,0,0
1,26,34,Regular Play,Canada,3857276,0 days 00:26:34,1,0,0,0,0,0,0,0,0
1,26,37,Regular Play,Canada,3857276,0 days 00:26:37,0,0,0,0,0,0,1,0,0
1,26,40,Regular Play,Canada,3857276,0 days 00:26:40,0,0,0,1,0,0,0,0,0
1,26,40,Regular Play,Morocco,3857276,0 days 00:26:40,0,0,0,0,0,0,0,0,1
1,26,46,From Throw In,Canada,3857276,0 days 00:26:46,0,0,0,0,0,0,1,0,0
1,26,49,From Throw In,Canada,3857276,0 days 00:26:49,0,0,0,0,0,0,1,0,0
1,26,52,From Throw In,Canada,3857276,0 days 00:26:52,0,0,0,0,0,0,1,0,0
1,26,56,From Throw In,Canada,3857276,0 days 00:26:56,0,0,0,0,0,0,1,0,0
1,26,59,From Throw In,Canada,3857276,0 days 00:26:59,0,0,0,1,0,0,0,0,0
1,27,0,From Throw In,Canada,3857276,0 days 00:27:00,0,0,0,1,0,0,0,0,0
1,27,1,From Throw In,Canada,3857276,0 days 00:27:01,0,0,0,1,0,0,0,0,0
1,27,1,From Throw In,Morocco,3857276,0 days 00:27:01,0,0,0,0,0,0,0,0,1
1,27,2,From Throw In,Morocco,3857276,0 days 00:27:02,0,0,0,0,0,0,1,0,0
1,27,3,From Throw In,Morocco,3857276,0 days 00:27:03,0,0,1,0,0,0,0,0,0
1,27,3,From Throw In,Canada,3857276,0 days 00:27:03,0,0,0,0,0,0,0,0,1
1,27,4,From Throw In,Canada,3857276,0 days 00:27:04,1,0,0,0,0,0,0,0,0
1,27,7,From Throw In,Canada,3857276,0 days 00:27:07,0,0,0,0,0,0,1,0,0
1,27,11,From Throw In,Canada,3857276,0 days 00:27:11,0,0,0,0,0,0,1,0,0
1,27,16,From Throw In,Canada,3857276,0 days 00:27:16,0,0,0,0,0,0,1,0,0
1,27,19,From Throw In,Canada,3857276,0 days 00:27:19,0,0,0,0,0,0,1,0,0
1,27,21,From Throw In,Canada,3857276,0 days 00:27:21,0,0,0,0,0,0,1,0,0
1,27,22,From Throw In,Canada,3857276,0 days 00:27:22,0,0,0,0,0,0,1,0,0
1,27,24,From Throw In,Canada,3857276,0 days 00:27:24,0,0,0,0,0,0,1,0,0
1,27,26,From Throw In,Canada,3857276,0 days 00:27:26,0,0,0,0,0,0,1,0,0
1,27,27,From Throw In,Canada,3857276,0 days 00:27:27,0,0,0,0,0,0,1,0,0
1,27,30,From Throw In,Canada,3857276,0 days 00:27:30,0,0,0,0,0,0,1,0,0
1,27,36,From Throw In,Canada,3857276,0 days 00:27:36,0,0,0,0,0,0,1,0,0
1,27,40,From Throw In,Canada,3857276,0 days 00:27:40,0,0,0,0,0,0,1,0,0
1,27,41,From Throw In,Canada,3857276,0 days 00:27:41,0,0,0,0,0,0,1,0,0
1,27,44,From Throw In,Canada,3857276,0 days 00:27:44,0,0,0,0,0,0,1,0,0
1,27,48,Regular Play,Morocco,3857276,0 days 00:27:48,0,0,0,0,0,1,0,0,0
1,27,50,Regular Play,Morocco,3857276,0 days 00:27:50,0,0,0,0,0,0,1,0,0
1,27,52,Regular Play,Canada,3857276,0 days 00:27:52,0,0,0,0,1,0,0,0,0
1,28,10,From Free Kick,Morocco,3857276,0 days 00:28:10,0,0,0,0,0,0,1,0,0
1,28,16,From Free Kick,Morocco,3857276,0 days 00:28:16,0,0,0,0,0,0,1,0,0
1,28,18,From Free Kick,Morocco,3857276,0 days 00:28:18,0,0,0,0,0,0,1,0,0
1,28,21,From Free Kick,Morocco,3857276,0 days 00:28:21,0,0,0,0,0,0,1,0,0
1,28,23,From Free Kick,Canada,3857276,0 days 00:28:23,0,0,0,0,1,0,0,0,0
1,29,0,From Free Kick,Morocco,3857276,0 days 00:29:00,0,0,0,0,0,0,1,0,0
1,29,3,From Free Kick,Morocco,3857276,0 days 00:29:03,0,0,0,0,0,0,1,0,0
1,29,6,From Free Kick,Morocco,3857276,0 days 00:29:06,0,0,0,0,0,0,1,0,0
1,29,9,From Free Kick,Morocco,3857276,0 days 00:29:09,0,0,0,0,0,0,1,0,0
1,29,12,From Free Kick,Morocco,3857276,0 days 00:29:12,0,0,0,0,0,0,1,0,0
1,29,15,Regular Play,Canada,3857276,0 days 00:29:15,1,0,0,0,0,0,0,0,0
1,29,17,Regular Play,Morocco,3857276,0 days 00:29:17,0,0,0,0,1,0,0,0,0
1,29,26,From Free Kick,Canada,3857276,0 days 00:29:26,0,0,0,0,0,0,1,0,0
1,29,27,From Free Kick,Canada,3857276,0 days 00:29:27,0,0,0,0,0,0,1,0,0
1,29,35,From Free Kick,Canada,3857276,0 days 00:29:35,0,0,0,0,0,0,1,0,0
1,29,38,From Free Kick,Canada,3857276,0 days 00:29:38,0,0,0,0,0,0,1,0,0
1,29,58,From Throw In,Morocco,3857276,0 days 00:29:58,0,0,0,0,0,0,1,0,0
1,29,59,From Throw In,Canada,3857276,0 days 00:29:59,0,0,0,0,0,1,0,0,0
1,30,2,From Throw In,Morocco,3857276,0 days 00:30:02,1,0,0,0,0,0,0,0,0
1,30,4,From Throw In,Morocco,3857276,0 days 00:30:04,0,0,0,0,0,0,1,0,0
1,30,20,From Free Kick,Canada,3857276,0 days 00:30:20,0,0,0,0,0,0,1,0,0
1,30,26,From Free Kick,Canada,3857276,0 days 00:30:26,0,0,0,0,0,0,1,0,0
1,30,28,From Free Kick,Canada,3857276,0 days 00:30:28,0,0,0,0,0,0,1,0,0
1,30,34,From Free Kick,Canada,3857276,0 days 00:30:34,0,0,0,0,0,0,1,0,0
1,30,37,From Free Kick,Canada,3857276,0 days 00:30:37,0,0,0,0,0,0,1,0,0
1,30,40,From Free Kick,Canada,3857276,0 days 00:30:40,0,0,0,0,0,0,1,0,0
1,30,43,From Free Kick,Canada,3857276,0 days 00:30:43,0,0,0,0,0,0,1,0,0
1,30,47,From Free Kick,Canada,3857276,0 days 00:30:47,0,0,0,0,0,0,1,0,0
1,30,51,From Free Kick,Canada,3857276,0 days 00:30:51,0,0,0,0,0,0,1,0,0
1,30,56,From Free Kick,Canada,3857276,0 days 00:30:56,0,0,0,0,0,0,1,0,0
1,30,57,From Free Kick,Canada,3857276,0 days 00:30:57,0,0,0,0,0,0,1,0,0
1,31,29,From Throw In,Morocco,3857276,0 days 00:31:29,0,0,0,0,0,0,1,0,0
1,31,36,From Throw In,Canada,3857276,0 days 00:31:36,0,0,0,0,0,0,1,0,0
1,31,40,From Throw In,Canada,3857276,0 days 00:31:40,0,0,0,0,0,0,1,0,0
1,31,44,From Throw In,Canada,3857276,0 days 00:31:44,0,0,0,0,0,0,1,0,0
1,31,47,From Throw In,Canada,3857276,0 days 00:31:47,0,0,0,0,0,0,1,0,0
1,31,51,From Throw In,Canada,3857276,0 days 00:31:51,0,0,0,0,0,0,1,0,0
1,31,55,From Throw In,Canada,3857276,0 days 00:31:55,0,0,0,0,0,0,1,0,0
1,31,58,From Throw In,Canada,3857276,0 days 00:31:58,0,0,0,0,0,0,1,0,0
1,31,59,From Throw In,Canada,3857276,0 days 00:31:59,0,0,0,0,0,0,1,0,0
1,22,0,From Corner,Croatia,3857277,0 days 00:22:00,0,0,0,0,0,0,1,0,0
1,22,2,From Corner,Croatia,3857277,0 days 00:22:02,0,0,0,0,0,0,1,0,0
1,22,7,From Corner,Croatia,3857277,0 days 00:22:07,0,0,0,0,0,0,1,0,0
1,22,12,From Corner,Croatia,3857277,0 days 00:22:12,0,0,0,0,0,0,1,0,0
1,22,13,From Corner,Croatia,3857277,0 days 00:22:13,0,0,0,0,0,0,1,0,0
1,22,16,From Corner,Croatia,3857277,0 days 00:22:16,0,0,0,0,0,0,1,0,0
1,22,18,From Corner,Croatia,3857277,0 days 00:22:18,0,0,0,0,0,0,1,0,0
1,22,24,From Corner,Croatia,3857277,0 days 00:22:24,0,0,0,1,0,0,0,0,0
1,22,24,Regular Play,Morocco,3857277,0 days 00:22:24,0,0,0,0,0,0,0,0,1
1,22,25,Regular Play,Morocco,3857277,0 days 00:22:25,0,0,0,0,0,0,1,0,0
1,22,30,Regular Play,Morocco,3857277,0 days 00:22:30,0,0,0,0,0,0,1,0,0
1,22,33,Regular Play,Morocco,3857277,0 days 00:22:33,0,0,0,0,0,0,1,0,0
1,22,36,Regular Play,Morocco,3857277,0 days 00:22:36,0,0,0,0,0,0,1,0,0
1,22,37,Regular Play,Croatia,3857277,0 days 00:22:37,0,0,0,0,0,1,0,0,0
1,22,38,Regular Play,Croatia,3857277,0 days 00:22:38,0,0,0,0,0,0,1,0,0
1,22,41,Regular Play,Croatia,3857277,0 days 00:22:41,0,0,1,0,0,0,0,0,0
1,22,41,Regular Play,Morocco,3857277,0 days 00:22:41,0,0,0,0,0,0,0,0,1
1,22,42,Regular Play,Morocco,3857277,0 days 00:22:42,1,0,0,0,0,0,0,0,0
1,22,43,Regular Play,Morocco,3857277,0 days 00:22:43,0,0,0,0,0,0,1,0,0
1,22,49,Regular Play,Morocco,3857277,0 days 00:22:49,0,0,0,0,0,0,1,0,0
1,22,52,Regular Play,Morocco,3857277,0 days 00:22:52,0,0,0,0,0,0,1,0,0
1,22,55,Regular Play,Morocco,3857277,0 days 00:22:55,0,0,0,0,0,0,1,0,0
1,22,57,Regular Play,Morocco,3857277,0 days 00:22:57,0,0,0,0,0,0,1,0,0
1,23,3,Regular Play,Morocco,3857277,0 days 00:23:03,0,0,0,0,0,0,1,0,0
1,23,6,Regular Play,Morocco,3857277,0 days 00:23:06,0,0,0,0,0,0,1,0,0
1,23,12,Regular Play,Morocco,3857277,0 days 00:23:12,0,0,0,0,0,0,1,0,0
1,23,12,Regular Play,Morocco,3857277,0 days 00:23:12,0,0,0,0,0,0,1,0,0
1,23,15,Regular Play,Morocco,3857277,0 days 00:23:15,0,0,0,0,0,0,1,0,0
1,23,18,Regular Play,Morocco,3857277,0 days 00:23:18,0,0,0,0,0,0,1,0,0
1,23,24,Regular Play,Morocco,3857277,0 days 00:23:24,0,0,0,1,0,0,0,0,0
1,23,28,Regular Play,Morocco,3857277,0 days 00:23:28,0,0,0,0,0,0,1,0,0
1,23,29,Regular Play,Croatia,3857277,0 days 00:23:29,0,1,0,0,0,0,0,0,0
1,23,49,From Throw In,Morocco,3857277,0 days 00:23:49,0,0,0,0,0,0,1,0,0
1,23,50,From Throw In,Morocco,3857277,0 days 00:23:50,0,0,0,0,0,0,1,0,0
1,23,52,From Throw In,Morocco,3857277,0 days 00:23:52,0,0,0,0,0,0,1,0,0
1,23,55,From Throw In,Morocco,3857277,0 days 00:23:55,0,0,0,0,0,0,1,0,0
1,23,59,From Throw In,Morocco,3857277,0 days 00:23:59,0,0,0,0,0,0,1,0,0
1,24,2,From Throw In,Morocco,3857277,0 days 00:24:02,0,0,0,0,0,0,1,0,0
1,24,5,From Throw In,Morocco,3857277,0 days 00:24:05,0,0,0,0,0,0,1,0,0
1,24,7,From Throw In,Morocco,3857277,0 days 00:24:07,0,0,0,0,0,0,1,0,0
1,24,10,From Throw In,Morocco,3857277,0 days 00:24:10,0,0,0,0,0,0,1,0,0
1,24,12,From Throw In,Morocco,3857277,0 days 00:24:12,0,0,0,0,0,0,1,0,0
1,24,14,From Throw In,Morocco,3857277,0 days 00:24:14,0,0,0,0,0,0,1,0,0
1,24,17,From Throw In,Morocco,3857277,0 days 00:24:17,0,0,0,0,0,0,1,0,0
1,24,21,From Throw In,Morocco,3857277,0 days 00:24:21,0,0,0,0,0,0,1,0,0
1,24,25,From Throw In,Morocco,3857277,0 days 00:24:25,0,0,0,0,0,0,0,1,0
1,24,28,From Throw In,Morocco,3857277,0 days 00:24:28,0,0,0,0,1,0,0,0,0
1,25,6,From Free Kick,Croatia,3857277,0 days 00:25:06,0,0,0,0,0,0,1,0,0
1,25,9,From Free Kick,Croatia,3857277,0 days 00:25:09,0,0,0,0,0,0,1,0,0
1,25,12,From Free Kick,Croatia,3857277,0 days 00:25:12,0,0,0,0,0,0,1,0,0
1,25,16,From Free Kick,Croatia,3857277,0 days 00:25:16,0,0,0,0,0,0,1,0,0
1,25,24,From Free Kick,Croatia,3857277,0 days 00:25:24,0,0,0,0,0,0,1,0,0
1,25,26,From Free Kick,Croatia,3857277,0 days 00:25:26,0,0,0,0,0,0,1,0,0
1,25,30,From Free Kick,Croatia,3857277,0 days 00:25:30,0,0,0,0,0,0,1,0,0
1,25,33,From Free Kick,Croatia,3857277,0 days 00:25:33,0,0,0,0,0,0,1,0,0
1,25,36,From Free Kick,Croatia,3857277,0 days 00:25:36,0,0,0,0,0,0,1,0,0
1,25,38,From Free Kick,Croatia,3857277,0 days 00:25:38,0,0,0,0,0,0,1,0,0
1,25,39,From Free Kick,Croatia,3857277,0 days 00:25:39,0,0,0,0,0,0,1,0,0
1,25,40,From Free Kick,Croatia,3857277,0 days 00:25:40,0,0,0,0,0,0,1,0,0
1,25,42,From Free Kick,Morocco,3857277,0 days 00:25:42,1,0,0,0,0,0,0,0,0
1,25,57,From Free Kick,Morocco,3857277,0 days 00:25:57,0,0,0,0,0,0,1,0,0
1,26,0,From Free Kick,Morocco,3857277,0 days 00:26:00,0,0,0,0,0,0,1,0,0
1,26,2,From Free Kick,Morocco,3857277,0 days 00:26:02,0,0,0,0,1,0,0,0,0
1,26,15,From Free Kick,Croatia,3857277,0 days 00:26:15,0,0,0,0,0,0,1,0,0
1,26,21,From Free Kick,Croatia,3857277,0 days 00:26:21,0,0,0,0,0,0,1,0,0
1,26,25,From Free Kick,Croatia,3857277,0 days 00:26:25,0,0,0,0,0,0,1,0,0
1,26,30,From Free Kick,Croatia,3857277,0 days 00:26:30,0,0,0,0,0,0,1,0,0
1,26,45,From Throw In,Croatia,3857277,0 days 00:26:45,0,0,0,0,0,0,1,0,0
1,26,48,From Throw In,Croatia,3857277,0 days 00:26:48,0,0,0,0,0,0,1,0,0
1,26,54,From Throw In,Croatia,3857277,0 days 00:26:54,0,0,0,0,0,0,1,0,0
1,26,56,From Throw In,Croatia,3857277,0 days 00:26:56,0,0,0,0,0,0,1,0,0
1,26,58,From Throw In,Croatia,3857277,0 days 00:26:58,0,0,0,0,0,0,1,0,0
1,27,1,From Throw In,Croatia,3857277,0 days 00:27:01,0,0,0,0,0,0,1,0,0
1,27,3,From Throw In,Croatia,3857277,0 days 00:27:03,0,0,0,0,0,0,1,0,0
1,27,7,From Throw In,Croatia,3857277,0 days 00:27:07,0,0,0,0,0,0,1,0,0
1,27,9,From Throw In,Croatia,3857277,0 days 00:27:09,0,0,0,0,0,0,1,0,0
1,27,13,From Throw In,Croatia,3857277,0 days 00:27:13,0,0,0,0,0,0,1,0,0
1,27,16,From Throw In,Croatia,3857277,0 days 00:27:16,0,0,0,0,0,0,1,0,0
1,27,23,From Throw In,Croatia,3857277,0 days 00:27:23,0,0,0,0,0,0,1,0,0
1,27,25,From Throw In,Croatia,3857277,0 days 00:27:25,0,0,0,0,0,0,1,0,0
1,27,27,From Throw In,Croatia,3857277,0 days 00:27:27,0,0,0,0,0,0,1,0,0
1,27,30,From Throw In,Croatia,3857277,0 days 00:27:30,0,0,0,0,0,0,1,0,0
1,27,33,From Throw In,Croatia,3857277,0 days 00:27:33,0,0,0,0,0,0,1,0,0
1,27,35,From Throw In,Croatia,3857277,0 days 00:27:35,0,0,0,0,0,0,1,0,0
1,27,39,From Throw In,Croatia,3857277,0 days 00:27:39,0,0,0,0,0,0,1,0,0
1,27,41,From Throw In,Croatia,3857277,0 days 00:27:41,0,0,0,0,0,0,1,0,0
1,27,46,From Throw In,Croatia,3857277,0 days 00:27:46,0,0,0,0,0,0,1,0,0
1,27,50,From Throw In,Croatia,3857277,0 days 00:27:50,0,0,0,0,0,0,1,0,0
1,27,51,From Throw In,Croatia,3857277,0 days 00:27:51,0,0,0,0,0,0,1,0,0
1,27,57,From Throw In,Croatia,3857277,0 days 00:27:57,0,0,0,0,0,0,1,0,0
1,28,4,From Keeper,Morocco,3857277,0 days 00:28:04,0,0,0,0,0,0,1,0,0
1,28,8,From Keeper,Morocco,3857277,0 days 00:28:08,0,0,0,0,0,0,1,0,0
1,28,9,From Keeper,Morocco,3857277,0 days 00:28:09,0,0,0,0,0,0,1,0,0
1,28,10,From Keeper,Morocco,3857277,0 days 00:28:10,0,0,0,0,0,0,1,0,0
1,28,12,From Keeper,Morocco,3857277,0 days 00:28:12,0,0,0,0,0,0,1,0,0
1,28,15,From Keeper,Morocco,3857277,0 days 00:28:15,0,0,0,0,0,0,1,0,0
1,28,20,From Keeper,Morocco,3857277,0 days 00:28:20,0,0,0,0,0,0,1,0,0
1,28,24,From Keeper,Croatia,3857277,0 days 00:28:24,0,0,0,0,1,0,0,0,0
1,28,42,From Free Kick,Morocco,3857277,0 days 00:28:42,0,0,0,0,0,0,1,0,0
1,28,46,From Free Kick,Morocco,3857277,0 days 00:28:46,0,0,0,0,0,0,1,0,0
1,28,50,From Free Kick,Morocco,3857277,0 days 00:28:50,0,0,0,0,0,0,1,0,0
1,28,53,From Free Kick,Morocco,3857277,0 days 00:28:53,0,0,0,0,0,0,1,0,0
1,28,56,From Free Kick,Morocco,3857277,0 days 00:28:56,0,0,0,0,0,0,1,0,0
1,28,58,From Free Kick,Morocco,3857277,0 days 00:28:58,0,0,0,0,0,0,1,0,0
1,29,1,From Free Kick,Croatia,3857277,0 days 00:29:01,0,0,0,0,1,0,0,0,0
1,29,12,From Free Kick,Morocco,3857277,0 days 00:29:12,0,0,0,0,0,0,1,0,0
1,29,13,From Free Kick,Morocco,3857277,0 days 00:29:13,0,0,0,0,0,0,1,0,0
1,29,18,From Free Kick,Morocco,3857277,0 days 00:29:18,0,0,0,0,0,0,1,0,0
1,29,20,From Free Kick,Morocco,3857277,0 days 00:29:20,0,0,0,0,0,0,1,0,0
1,29,21,From Free Kick,Morocco,3857277,0 days 00:29:21,0,0,0,0,0,0,1,0,0
1,29,23,Regular Play,Croatia,3857277,0 days 00:29:23,1,0,0,0,0,0,0,0,0
1,29,24,Regular Play,Croatia,3857277,0 days 00:29:24,0,0,1,0,0,0,0,0,0
1,29,24,Regular Play,Morocco,3857277,0 days 00:29:24,0,0,0,0,0,0,0,0,1
1,29,25,Regular Play,Croatia,3857277,0 days 00:29:25,0,0,0,0,0,0,1,0,0
1,29,26,Regular Play,Croatia,3857277,0 days 00:29:26,0,0,0,0,0,0,1,0,0
1,29,27,Regular Play,Croatia,3857277,0 days 00:29:27,0,0,0,0,0,0,1,0,0
1,29,31,Regular Play,Croatia,3857277,0 days 00:29:31,0,0,0,0,0,0,1,0,0
1,29,36,Regular Play,Croatia,3857277,0 days 00:29:36,0,0,0,0,0,0,1,0,0
1,29,37,Regular Play,Morocco,3857277,0 days 00:29:37,1,0,0,0,0,0,0,0,0
1,29,39,Regular Play,Morocco,3857277,0 days 00:29:39,0,0,0,0,0,0,1,0,0
1,29,44,Regular Play,Morocco,3857277,0 days 00:29:44,0,0,1,0,0,0,0,0,0
1,29,44,Regular Play,Croatia,3857277,0 days 00:29:44,0,0,0,0,0,0,0,0,1
1,29,50,From Throw In,Croatia,3857277,0 days 00:29:50,0,0,0,0,0,0,1,0,0
1,29,53,From Throw In,Croatia,3857277,0 days 00:29:53,0,0,0,0,0,0,1,0,0
1,29,54,From Throw In,Croatia,3857277,0 days 00:29:54,0,0,0,0,0,0,1,0,0
1,29,59,From Throw In,Croatia,3857277,0 days 00:29:59,0,0,0,0,0,0,1,0,0
1,30,1,From Throw In,Croatia,3857277,0 days 00:30:01,0,0,0,0,0,0,1,0,0
1,30,2,From Throw In,Croatia,3857277,0 days 00:30:02,0,0,0,0,0,0,1,0,0
1,30,5,From Throw In,Croatia,3857277,0 days 00:30:05,0,0,0,0,0,0,1,0,0
1,30,6,From Throw In,Croatia,3857277,0 days 00:30:06,0,0,0,0,0,0,1,0,0
1,30,10,From Throw In,Croatia,3857277,0 days 00:30:10,0,0,0,0,0,0,1,0,0
1,30,13,From Throw In,Croatia,3857277,0 days 00:30:13,0,0,0,0,0,0,1,0,0
1,30,14,From Throw In,Croatia,3857277,0 days 00:30:14,0,0,0,0,0,0,1,0,0
1,30,17,From Throw In,Croatia,3857277,0 days 00:30:17,0,0,0,0,0,0,1,0,0
1,30,21,From Throw In,Croatia,3857277,0 days 00:30:21,0,0,0,0,0,0,1,0,0
1,30,22,From Throw In,Croatia,3857277,0 days 00:30:22,0,0,0,0,0,0,1,0,0
1,30,26,From Throw In,Croatia,3857277,0 days 00:30:26,0,0,0,0,0,0,1,0,0
1,30,27,From Throw In,Morocco,3857277,0 days 00:30:27,0,0,0,0,0,1,0,0,0
1,30,28,Regular Play,Morocco,3857277,0 days 00:30:28,0,0,0,0,0,0,1,0,0
1,30,29,Regular Play,Morocco,3857277,0 days 00:30:29,0,0,0,0,0,0,1,0,0
1,30,31,Regular Play,Morocco,3857277,0 days 00:30:31,0,0,0,0,0,0,1,0,0
1,30,34,Regular Play,Morocco,3857277,0 days 00:30:34,0,0,0,0,0,0,1,0,0
1,30,36,Regular Play,Morocco,3857277,0 days 00:30:36,0,0,0,0,0,0,1,0,0
1,30,38,Regular Play,Morocco,3857277,0 days 00:30:38,0,0,0,0,0,0,1,0,0
1,30,41,Regular Play,Morocco,3857277,0 days 00:30:41,0,0,0,0,0,0,1,0,0
1,30,43,Regular Play,Croatia,3857277,0 days 00:30:43,0,0,0,0,0,0,1,0,0
1,30,46,Regular Play,Morocco,3857277,0 days 00:30:46,1,0,0,0,0,0,0,0,0
1,30,46,Regular Play,Morocco,3857277,0 days 00:30:46,0,0,0,0,0,0,1,0,0
1,30,49,Regular Play,Morocco,3857277,0 days 00:30:49,0,0,0,0,0,0,1,0,0
1,31,5,From Goal Kick,Croatia,3857277,0 days 00:31:05,0,0,0,0,0,0,1,0,0
1,31,7,From Goal Kick,Croatia,3857277,0 days 00:31:07,0,0,0,0,0,0,1,0,0
1,31,8,From Goal Kick,Croatia,3857277,0 days 00:31:08,0,0,0,0,0,0,1,0,0
1,31,15,From Goal Kick,Croatia,3857277,0 days 00:31:15,0,0,0,0,0,0,1,0,0
1,31,16,From Goal Kick,Croatia,3857277,0 days 00:31:16,0,0,0,0,0,0,1,0,0
1,31,23,From Goal Kick,Croatia,3857277,0 days 00:31:23,0,0,0,0,0,0,1,0,0
1,31,28,From Goal Kick,Croatia,3857277,0 days 00:31:28,0,0,0,0,0,0,1,0,0
1,31,31,From Goal Kick,Croatia,3857277,0 days 00:31:31,0,0,0,0,0,0,1,0,0
1,31,33,From Goal Kick,Croatia,3857277,0 days 00:31:33,0,0,0,0,0,0,1,0,0
1,31,35,From Goal Kick,Croatia,3857277,0 days 00:31:35,0,0,0,0,0,0,1,0,0
1,31,39,From Goal Kick,Croatia,3857277,0 days 00:31:39,0,0,0,0,0,0,1,0,0
1,31,41,From Goal Kick,Croatia,3857277,0 days 00:31:41,0,0,0,0,0,0,1,0,0
1,31,44,From Goal Kick,Croatia,3857277,0 days 00:31:44,0,0,0,0,0,0,1,0,0
1,31,45,From Goal Kick,Croatia,3857277,0 days 00:31:45,0,0,0,0,0,0,1,0,0
1,31,50,From Goal Kick,Croatia,3857277,0 days 00:31:50,0,0,0,0,0,0,1,0,0
1,31,54,From Goal Kick,Croatia,3857277,0 days 00:31:54,0,0,0,0,0,0,1,0,0
1,31,56,From Goal Kick,Morocco,3857277,0 days 00:31:56,1,0,0,0,0,0,0,0,0
1,31,56,From Goal Kick,Morocco,3857277,0 days 00:31:56,0,0,0,1,0,0,0,0,0
1,31,56,From Goal Kick,Croatia,3857277,0 days 00:31:56,0,0,0,0,0,0,0,0,1
1,31,58,From Goal Kick,Croatia,3857277,0 days 00:31:58,0,0,0,0,0,0,1,0,0
1,22,0,From Throw In,United States,3857278,0 days 00:22:00,0,0,0,0,0,0,1,0,0
1,22,2,From Throw In,United States,3857278,0 days 00:22:02,0,0,0,0,0,0,1,0,0
1,22,4,From Throw In,United States,3857278,0 days 00:22:04,0,0,0,0,0,0,1,0,0
1,22,6,From Throw In,United States,3857278,0 days 00:22:06,0,0,0,0,0,0,1,0,0
1,22,8,From Throw In,United States,3857278,0 days 00:22:08,0,0,0,0,0,0,1,0,0
1,22,12,From Throw In,United States,3857278,0 days 00:22:12,0,0,0,0,0,0,1,0,0
1,22,14,From Throw In,United States,3857278,0 days 00:22:14,0,0,0,0,0,0,1,0,0
1,22,15,From Throw In,Iran,3857278,0 days 00:22:15,0,0,0,0,0,1,0,0,0
1,22,17,From Throw In,Iran,3857278,0 days 00:22:17,1,0,0,0,0,0,0,0,0
1,22,20,From Throw In,Iran,3857278,0 days 00:22:20,0,0,0,0,0,0,1,0,0
1,22,25,From Throw In,United States,3857278,0 days 00:22:25,0,0,0,0,0,0,1,0,0
1,22,28,From Throw In,United States,3857278,0 days 00:22:28,0,0,0,0,0,0,1,0,0
1,22,30,From Throw In,United States,3857278,0 days 00:22:30,0,0,0,0,0,0,1,0,0
1,22,32,From Throw In,United States,3857278,0 days 00:22:32,0,0,0,0,0,0,1,0,0
1,22,33,From Throw In,Iran,3857278,0 days 00:22:33,0,0,0,0,0,1,0,0,0
1,22,35,From Throw In,Iran,3857278,0 days 00:22:35,0,0,0,0,0,0,1,0,0
1,22,36,From Throw In,Iran,3857278,0 days 00:22:36,0,0,0,0,0,0,1,0,0
1,22,38,From Throw In,United States,3857278,0 days 00:22:38,0,0,0,0,0,0,1,0,0
1,22,40,From Throw In,United States,3857278,0 days 00:22:40,0,0,0,0,0,0,1,0,0
1,22,44,From Throw In,United States,3857278,0 days 00:22:44,0,0,0,0,0,0,1,0,0
1,22,51,From Throw In,United States,3857278,0 days 00:22:51,0,0,0,0,0,0,1,0,0
1,22,53,From Throw In,United States,3857278,0 days 00:22:53,0,0,0,0,0,0,1,0,0
1,22,54,From Throw In,United States,3857278,0 days 00:22:54,0,0,0,0,0,0,1,0,0
1,22,57,From Throw In,United States,3857278,0 days 00:22:57,0,0,0,0,0,0,1,0,0
1,23,0,From Throw In,United States,3857278,0 days 00:23:00,0,0,0,0,0,0,1,0,0
1,23,4,From Throw In,United States,3857278,0 days 00:23:04,0,0,0,0,0,0,1,0,0
1,23,5,From Throw In,United States,3857278,0 days 00:23:05,0,0,0,0,0,0,1,0,0
1,23,6,From Throw In,United States,3857278,0 days 00:23:06,0,0,0,0,0,0,1,0,0
1,23,48,From Goal Kick,Iran,3857278,0 days 00:23:48,0,0,0,0,0,0,1,0,0
1,23,52,From Goal Kick,United States,3857278,0 days 00:23:52,0,1,0,0,0,0,0,0,0
1,23,54,From Goal Kick,Iran,3857278,0 days 00:23:54,0,0,0,0,0,0,1,0,0
1,23,55,Regular Play,United States,3857278,0 days 00:23:55,0,0,0,0,0,0,1,0,0
1,24,0,Regular Play,United States,3857278,0 days 00:24:00,0,0,0,0,0,0,1,0,0
1,24,2,Regular Play,United States,3857278,0 days 00:24:02,0,0,0,0,0,0,1,0,0
1,24,3,Regular Play,United States,3857278,0 days 00:24:03,0,0,0,0,0,0,1,0,0
1,24,7,Regular Play,United States,3857278,0 days 00:24:07,0,0,0,0,0,0,1,0,0
1,24,8,Regular Play,United States,3857278,0 days 00:24:08,0,0,0,0,0,0,1,0,0
1,24,14,Regular Play,United States,3857278,0 days 00:24:14,0,0,0,0,0,0,1,0,0
1,24,16,Regular Play,United States,3857278,0 days 00:24:16,0,0,0,1,0,0,0,0,0
1,24,17,Regular Play,United States,3857278,0 days 00:24:17,0,0,0,0,0,0,1,0,0
1,24,19,Regular Play,United States,3857278,0 days 00:24:19,0,0,0,0,0,0,1,0,0
1,24,53,From Goal Kick,Iran,3857278,0 days 00:24:53,0,0,0,0,0,0,1,0,0
1,24,59,From Goal Kick,Iran,3857278,0 days 00:24:59,0,0,0,0,0,0,1,0,0
1,25,2,From Goal Kick,United States,3857278,0 days 00:25:02,0,1,0,0,0,0,0,0,0
1,25,4,From Goal Kick,Iran,3857278,0 days 00:25:04,0,0,0,0,0,0,1,0,0
1,25,6,From Goal Kick,Iran,3857278,0 days 00:25:06,0,0,0,0,0,0,1,0,0
1,25,10,Regular Play,United States,3857278,0 days 00:25:10,1,0,0,0,0,0,0,0,0
1,25,11,Regular Play,United States,3857278,0 days 00:25:11,0,0,0,0,0,0,1,0,0
1,25,14,Regular Play,United States,3857278,0 days 00:25:14,0,0,0,0,0,0,1,0,0
1,25,22,Regular Play,United States,3857278,0 days 00:25:22,0,0,0,0,0,0,1,0,0
1,25,27,Regular Play,United States,3857278,0 days 00:25:27,0,0,0,0,0,0,1,0,0
1,25,31,Regular Play,United States,3857278,0 days 00:25:31,0,0,0,0,0,0,1,0,0
1,25,33,Regular Play,United States,3857278,0 days 00:25:33,0,0,0,0,0,0,1,0,0
1,25,35,Regular Play,United States,3857278,0 days 00:25:35,0,0,0,0,0,0,1,0,0
1,25,36,Regular Play,United States,3857278,0 days 00:25:36,0,0,0,0,0,0,1,0,0
1,25,38,Regular Play,United States,3857278,0 days 00:25:38,0,0,0,0,0,0,1,0,0
1,25,41,Regular Play,United States,3857278,0 days 00:25:41,0,0,0,0,0,0,1,0,0
1,25,42,Regular Play,United States,3857278,0 days 00:25:42,0,0,0,0,0,0,1,0,0
1,25,44,Regular Play,United States,3857278,0 days 00:25:44,0,0,0,0,0,0,1,0,0
1,25,47,Regular Play,United States,3857278,0 days 00:25:47,0,0,0,0,0,0,1,0,0
1,25,49,Regular Play,United States,3857278,0 days 00:25:49,0,0,0,0,0,0,1,0,0
1,25,53,Regular Play,United States,3857278,0 days 00:25:53,0,0,0,0,0,0,1,0,0
1,25,56,Regular Play,United States,3857278,0 days 00:25:56,0,0,0,0,0,0,1,0,0
1,25,58,Regular Play,United States,3857278,0 days 00:25:58,0,0,0,0,0,0,1,0,0
1,26,0,Regular Play,United States,3857278,0 days 00:26:00,0,0,0,0,0,0,1,0,0
1,26,35,From Corner,United States,3857278,0 days 00:26:35,0,0,0,0,0,0,1,0,0
1,26,36,From Corner,Iran,3857278,0 days 00:26:36,0,1,0,0,0,0,0,0,0
1,26,41,From Corner,Iran,3857278,0 days 00:26:41,1,0,0,0,0,0,0,0,0
1,26,42,From Corner,Iran,3857278,0 days 00:26:42,0,0,0,0,0,0,1,0,0
1,26,46,From Corner,United States,3857278,0 days 00:26:46,1,0,0,0,0,0,0,0,0
1,26,47,From Corner,United States,3857278,0 days 00:26:47,0,0,0,0,0,0,1,0,0
1,26,47,From Corner,Iran,3857278,0 days 00:26:47,0,0,0,0,1,0,0,0,0
1,26,52,From Corner,United States,3857278,0 days 00:26:52,0,0,0,0,0,0,1,0,0
1,26,56,From Corner,United States,3857278,0 days 00:26:56,0,0,0,0,0,0,1,0,0
1,27,3,From Corner,United States,3857278,0 days 00:27:03,0,0,0,1,0,0,0,0,0
1,27,6,From Corner,United States,3857278,0 days 00:27:06,0,0,0,0,0,0,1,0,0
1,27,8,From Corner,United States,3857278,0 days 00:27:08,0,0,0,0,0,0,0,1,0
1,27,10,From Corner,United States,3857278,0 days 00:27:10,1,0,0,0,0,0,0,0,0
1,27,10,From Corner,United States,3857278,0 days 00:27:10,0,0,0,0,0,0,0,1,0
1,27,35,From Keeper,Iran,3857278,0 days 00:27:35,0,0,0,0,0,0,1,0,0
1,27,37,From Keeper,Iran,3857278,0 days 00:27:37,0,0,0,0,0,0,1,0,0
1,27,40,From Keeper,Iran,3857278,0 days 00:27:40,0,0,0,0,0,0,1,0,0
1,27,42,From Keeper,Iran,3857278,0 days 00:27:42,0,0,0,0,0,0,1,0,0
1,27,44,From Keeper,Iran,3857278,0 days 00:27:44,0,0,0,0,0,0,1,0,0
1,27,49,From Keeper,Iran,3857278,0 days 00:27:49,0,0,0,0,0,0,1,0,0
1,27,56,From Keeper,Iran,3857278,0 days 00:27:56,0,0,0,0,0,0,1,0,0
1,28,0,From Keeper,Iran,3857278,0 days 00:28:00,0,0,0,0,0,0,1,0,0
1,28,3,From Keeper,Iran,3857278,0 days 00:28:03,0,0,0,0,0,0,1,0,0
1,28,5,From Keeper,Iran,3857278,0 days 00:28:05,0,0,0,0,0,0,1,0,0
1,28,9,From Keeper,Iran,3857278,0 days 00:28:09,0,0,0,0,0,0,1,0,0
1,28,14,From Keeper,Iran,3857278,0 days 00:28:14,0,0,0,0,0,0,1,0,0
1,28,17,Regular Play,United States,3857278,0 days 00:28:17,1,0,0,0,0,0,0,0,0
1,28,21,Regular Play,United States,3857278,0 days 00:28:21,0,0,0,0,0,0,1,0,0
1,28,24,Regular Play,United States,3857278,0 days 00:28:24,0,0,0,0,0,0,1,0,0
1,28,33,Regular Play,Iran,3857278,0 days 00:28:33,0,0,0,0,0,0,1,0,0
1,28,35,Regular Play,United States,3857278,0 days 00:28:35,1,0,0,0,0,0,0,0,0
1,28,36,Regular Play,United States,3857278,0 days 00:28:36,0,0,0,0,0,0,1,0,0
1,28,39,Regular Play,United States,3857278,0 days 00:28:39,0,0,0,0,0,0,1,0,0
1,28,47,Regular Play,United States,3857278,0 days 00:28:47,0,0,0,0,0,0,1,0,0
1,28,53,Regular Play,United States,3857278,0 days 00:28:53,0,0,0,0,0,0,1,0,0
1,28,56,Regular Play,United States,3857278,0 days 00:28:56,0,0,0,0,0,0,1,0,0
1,28,59,Regular Play,United States,3857278,0 days 00:28:59,0,0,0,0,0,0,1,0,0
1,29,7,Regular Play,United States,3857278,0 days 00:29:07,0,0,0,0,0,0,1,0,0
1,29,9,Regular Play,United States,3857278,0 days 00:29:09,0,0,0,0,0,0,1,0,0
1,29,16,Regular Play,United States,3857278,0 days 00:29:16,0,0,0,0,0,0,0,1,0
1,29,19,Regular Play,United States,3857278,0 days 00:29:19,0,0,0,0,0,0,1,0,0
1,29,21,Regular Play,United States,3857278,0 days 00:29:21,0,0,0,0,0,0,1,0,0
1,29,25,Regular Play,United States,3857278,0 days 00:29:25,0,0,0,1,0,0,0,0,0
1,29,27,Regular Play,United States,3857278,0 days 00:29:27,0,0,0,0,0,0,1,0,0
1,29,28,Regular Play,Iran,3857278,0 days 00:29:28,0,0,0,0,0,0,1,0,0
1,29,31,Regular Play,Iran,3857278,0 days 00:29:31,0,0,0,0,0,0,1,0,0
1,29,34,Regular Play,United States,3857278,0 days 00:29:34,1,0,0,0,0,0,0,0,0
1,30,20,From Throw In,Iran,3857278,0 days 00:30:20,0,0,0,0,0,0,1,0,0
1,30,21,From Throw In,Iran,3857278,0 days 00:30:21,0,0,0,0,0,0,1,0,0
1,30,22,From Throw In,Iran,3857278,0 days 00:30:22,0,0,0,0,0,0,1,0,0
1,30,27,From Throw In,Iran,3857278,0 days 00:30:27,0,0,0,0,0,0,1,0,0
1,30,28,From Throw In,Iran,3857278,0 days 00:30:28,0,0,0,0,0,0,1,0,0
1,30,33,From Throw In,Iran,3857278,0 days 00:30:33,0,0,0,1,0,0,0,0,0
1,22,0,Regular Play,Australia,3857279,0 days 00:22:00,0,0,0,0,0,0,1,0,0
1,22,4,Regular Play,Australia,3857279,0 days 00:22:04,0,0,0,0,0,0,1,0,0
1,22,9,Regular Play,Australia,3857279,0 days 00:22:09,0,0,0,0,0,0,1,0,0
1,22,11,Regular Play,Australia,3857279,0 days 00:22:11,1,0,0,0,0,0,0,0,0
1,22,14,Regular Play,Australia,3857279,0 days 00:22:14,0,0,0,0,0,0,1,0,0
1,22,17,Regular Play,Australia,3857279,0 days 00:22:17,0,0,0,0,0,0,1,0,0
1,22,21,Regular Play,Australia,3857279,0 days 00:22:21,0,0,0,0,0,0,1,0,0
1,22,25,Regular Play,Australia,3857279,0 days 00:22:25,0,0,0,0,0,0,1,0,0
1,22,29,Regular Play,France,3857279,0 days 00:22:29,1,0,0,0,0,0,0,0,0
1,22,30,Regular Play,Australia,3857279,0 days 00:22:30,0,0,0,0,1,0,0,0,0
1,22,37,From Free Kick,France,3857279,0 days 00:22:37,0,0,0,0,0,0,1,0,0
1,22,40,From Free Kick,France,3857279,0 days 00:22:40,0,0,0,0,0,0,1,0,0
1,22,41,From Free Kick,France,3857279,0 days 00:22:41,0,0,0,0,0,0,1,0,0
1,22,45,From Free Kick,France,3857279,0 days 00:22:45,0,0,0,0,0,0,1,0,0
1,22,48,From Free Kick,France,3857279,0 days 00:22:48,0,0,0,0,0,0,1,0,0
1,22,51,From Free Kick,France,3857279,0 days 00:22:51,0,0,0,0,0,0,1,0,0
1,22,54,From Free Kick,France,3857279,0 days 00:22:54,0,0,0,0,0,0,1,0,0
1,23,0,From Free Kick,France,3857279,0 days 00:23:00,0,0,0,0,0,0,1,0,0
1,23,1,From Free Kick,France,3857279,0 days 00:23:01,0,0,0,0,0,0,1,0,0
1,23,4,From Free Kick,France,3857279,0 days 00:23:04,0,0,0,0,0,0,1,0,0
1,23,7,From Free Kick,France,3857279,0 days 00:23:07,0,0,0,0,0,0,1,0,0
1,23,17,From Free Kick,France,3857279,0 days 00:23:17,0,0,0,1,0,0,0,0,0
1,23,17,From Free Kick,France,3857279,0 days 00:23:17,0,0,0,1,0,0,0,0,0
1,23,17,From Free Kick,Australia,3857279,0 days 00:23:17,0,0,0,0,0,0,0,0,1
1,23,20,From Free Kick,Australia,3857279,0 days 00:23:20,0,0,0,0,0,0,1,0,0
1,23,28,From Free Kick,France,3857279,0 days 00:23:28,0,0,0,0,0,0,1,0,0
1,23,30,From Free Kick,France,3857279,0 days 00:23:30,0,0,0,0,0,0,1,0,0
1,23,35,From Free Kick,France,3857279,0 days 00:23:35,0,0,0,0,0,0,1,0,0
1,23,38,From Free Kick,France,3857279,0 days 00:23:38,0,0,0,0,0,0,1,0,0
1,23,42,From Free Kick,France,3857279,0 days 00:23:42,0,0,0,0,0,0,1,0,0
1,24,6,From Throw In,Australia,3857279,0 days 00:24:06,0,0,0,0,0,0,1,0,0
1,24,7,From Throw In,Australia,3857279,0 days 00:24:07,0,0,0,0,0,0,1,0,0
1,24,10,From Throw In,Australia,3857279,0 days 00:24:10,0,0,0,0,0,0,1,0,0
1,24,10,From Throw In,Australia,3857279,0 days 00:24:10,0,0,0,0,0,0,1,0,0
1,24,14,From Throw In,France,3857279,0 days 00:24:14,0,0,0,0,0,0,1,0,0
1,24,15,From Throw In,Australia,3857279,0 days 00:24:15,1,0,0,0,0,0,0,0,0
1,24,16,From Throw In,Australia,3857279,0 days 00:24:16,0,0,0,0,0,0,1,0,0
1,24,19,From Throw In,France,3857279,0 days 00:24:19,0,0,0,0,0,0,1,0,0
1,24,21,From Throw In,Australia,3857279,0 days 00:24:21,0,0,0,0,0,0,1,0,0
1,24,23,Regular Play,France,3857279,0 days 00:24:23,0,0,0,0,0,0,1,0,0
1,24,25,Regular Play,France,3857279,0 days 00:24:25,0,0,0,0,0,0,1,0,0
1,24,27,Regular Play,France,3857279,0 days 00:24:27,0,0,0,0,0,0,1,0,0
1,24,31,Regular Play,Australia,3857279,0 days 00:24:31,0,1,0,0,0,0,0,0,0
1,24,37,From Throw In,France,3857279,0 days 00:24:37,0,0,0,0,0,0,1,0,0
1,24,41,From Throw In,France,3857279,0 days 00:24:41,0,0,0,0,0,0,1,0,0
1,24,44,From Throw In,France,3857279,0 days 00:24:44,0,0,0,0,0,0,1,0,0
1,24,47,From Throw In,France,3857279,0 days 00:24:47,0,0,0,0,0,0,1,0,0
1,24,51,From Throw In,France,3857279,0 days 00:24:51,0,0,0,0,0,0,1,0,0
1,24,53,From Throw In,France,3857279,0 days 00:24:53,0,0,0,0,0,0,1,0,0
1,24,55,From Throw In,France,3857279,0 days 00:24:55,0,0,0,0,0,0,1,0,0
1,24,59,From Throw In,France,3857279,0 days 00:24:59,0,0,0,0,0,0,1,0,0
1,25,3,From Throw In,France,3857279,0 days 00:25:03,0,0,0,0,0,0,1,0,0
1,25,6,From Throw In,France,3857279,0 days 00:25:06,0,0,0,0,0,0,1,0,0
1,25,10,From Throw In,France,3857279,0 days 00:25:10,0,0,0,1,0,0,0,0,0
1,25,10,From Throw In,Australia,3857279,0 days 00:25:10,0,0,0,0,0,0,0,0,1
1,25,13,From Throw In,Australia,3857279,0 days 00:25:13,0,0,0,0,0,0,1,0,0
1,25,19,From Throw In,France,3857279,0 days 00:25:19,0,0,0,0,0,0,1,0,0
1,25,26,From Throw In,France,3857279,0 days 00:25:26,0,0,0,0,0,0,1,0,0
1,25,31,From Throw In,France,3857279,0 days 00:25:31,0,0,0,0,0,0,1,0,0
1,25,33,From Throw In,France,3857279,0 days 00:25:33,0,0,0,0,0,0,0,1,0
1,25,53,From Corner,France,3857279,0 days 00:25:53,0,0,0,0,0,0,1,0,0
1,25,54,From Corner,Australia,3857279,0 days 00:25:54,0,1,0,0,0,0,0,0,0
1,25,58,From Corner,France,3857279,0 days 00:25:58,0,0,0,0,0,0,1,0,0
1,26,0,From Corner,France,3857279,0 days 00:26:00,0,0,0,0,0,0,1,0,0
1,26,2,From Corner,France,3857279,0 days 00:26:02,0,0,0,0,0,0,0,1,0
1,27,12,From Kick Off,Australia,3857279,0 days 00:27:12,0,0,0,0,0,0,1,0,0
1,27,15,From Kick Off,Australia,3857279,0 days 00:27:15,0,0,0,0,0,0,1,0,0
1,27,18,From Kick Off,Australia,3857279,0 days 00:27:18,0,0,0,0,0,0,1,0,0
1,27,20,From Kick Off,Australia,3857279,0 days 00:27:20,0,0,0,0,0,0,1,0,0
1,27,21,From Kick Off,Australia,3857279,0 days 00:27:21,0,0,0,0,0,0,1,0,0
1,27,42,From Corner,France,3857279,0 days 00:27:42,0,0,0,0,0,0,1,0,0
1,27,44,From Corner,France,3857279,0 days 00:27:44,0,0,0,0,0,0,1,0,0
1,27,45,From Corner,France,3857279,0 days 00:27:45,0,0,0,0,0,0,1,0,0
1,27,46,From Corner,Australia,3857279,0 days 00:27:46,0,1,0,0,0,0,0,0,0
1,27,54,From Throw In,France,3857279,0 days 00:27:54,0,0,0,0,0,0,1,0,0
1,27,57,From Throw In,France,3857279,0 days 00:27:57,0,0,0,0,0,0,1,0,0
1,28,0,From Throw In,France,3857279,0 days 00:28:00,0,0,0,0,0,0,1,0,0
1,28,5,From Throw In,France,3857279,0 days 00:28:05,0,0,0,0,0,0,1,0,0
1,28,11,From Throw In,France,3857279,0 days 00:28:11,0,0,0,0,0,0,1,0,0
1,28,16,From Throw In,France,3857279,0 days 00:28:16,0,0,0,0,0,0,1,0,0
1,28,18,From Throw In,France,3857279,0 days 00:28:18,0,0,0,0,0,0,1,0,0
1,28,18,From Throw In,France,3857279,0 days 00:28:18,0,0,0,0,0,0,1,0,0
1,28,20,From Throw In,France,3857279,0 days 00:28:20,0,0,0,0,0,0,1,0,0
1,28,22,From Throw In,France,3857279,0 days 00:28:22,0,0,0,0,0,0,1,0,0
1,28,44,From Corner,France,3857279,0 days 00:28:44,0,0,0,0,0,0,1,0,0
1,28,52,From Corner,France,3857279,0 days 00:28:52,0,0,0,0,0,0,1,0,0
1,28,55,From Corner,France,3857279,0 days 00:28:55,0,0,0,0,0,0,1,0,0
1,28,57,From Corner,France,3857279,0 days 00:28:57,0,0,0,0,0,0,1,0,0
1,28,59,From Corner,France,3857279,0 days 00:28:59,0,0,0,0,0,0,0,1,0
1,29,39,From Goal Kick,Australia,3857279,0 days 00:29:39,0,0,0,0,0,0,1,0,0
1,29,42,From Goal Kick,Australia,3857279,0 days 00:29:42,0,0,0,0,0,0,1,0,0
1,29,44,From Goal Kick,France,3857279,0 days 00:29:44,0,0,0,0,0,0,1,0,0
1,29,45,From Goal Kick,France,3857279,0 days 00:29:45,0,0,0,0,0,0,1,0,0
1,29,46,From Goal Kick,Australia,3857279,0 days 00:29:46,0,0,0,0,0,0,1,0,0
1,29,49,From Goal Kick,Australia,3857279,0 days 00:29:49,0,0,0,0,0,0,1,0,0
1,29,51,From Goal Kick,Australia,3857279,0 days 00:29:51,0,0,0,0,0,0,1,0,0
1,29,56,Regular Play,France,3857279,0 days 00:29:56,1,0,0,0,0,0,0,0,0
1,30,0,Regular Play,France,3857279,0 days 00:30:00,0,0,0,0,0,0,1,0,0
1,30,4,Regular Play,France,3857279,0 days 00:30:04,0,0,0,0,0,0,1,0,0
1,30,7,Regular Play,France,3857279,0 days 00:30:07,0,0,0,0,0,0,1,0,0
1,30,9,Regular Play,France,3857279,0 days 00:30:09,0,0,0,0,0,0,1,0,0
1,30,14,Regular Play,France,3857279,0 days 00:30:14,0,0,0,0,0,0,1,0,0
1,30,17,Regular Play,France,3857279,0 days 00:30:17,0,0,0,0,0,0,1,0,0
1,30,20,Regular Play,France,3857279,0 days 00:30:20,0,0,0,0,0,0,1,0,0
1,30,25,Regular Play,France,3857279,0 days 00:30:25,0,0,0,0,0,0,1,0,0
1,30,27,Regular Play,France,3857279,0 days 00:30:27,0,0,0,0,0,0,1,0,0
1,30,31,Regular Play,France,3857279,0 days 00:30:31,0,0,0,1,0,0,0,0,0
1,30,32,Regular Play,France,3857279,0 days 00:30:32,0,0,0,0,0,0,1,0,0
1,30,34,Regular Play,France,3857279,0 days 00:30:34,0,0,0,0,0,0,1,0,0
1,30,38,Regular Play,France,3857279,0 days 00:30:38,0,0,0,0,0,0,1,0,0
1,30,41,Regular Play,France,3857279,0 days 00:30:41,0,0,0,0,0,0,1,0,0
1,30,44,Regular Play,France,3857279,0 days 00:30:44,0,0,0,0,0,0,1,0,0
1,30,46,Regular Play,France,3857279,0 days 00:30:46,0,0,0,0,0,0,1,0,0
1,30,47,Regular Play,France,3857279,0 days 00:30:47,0,0,0,0,0,0,1,0,0
1,31,8,From Keeper,Australia,3857279,0 days 00:31:08,0,0,0,0,0,0,1,0,0
1,31,10,From Keeper,Australia,3857279,0 days 00:31:10,0,0,0,0,0,0,1,0,0
1,31,13,From Keeper,Australia,3857279,0 days 00:31:13,0,0,1,0,0,0,0,0,0
1,31,13,Regular Play,France,3857279,0 days 00:31:13,0,0,0,0,0,0,0,0,1
1,31,15,Regular Play,France,3857279,0 days 00:31:15,0,0,0,0,0,0,1,0,0
1,31,17,Regular Play,France,3857279,0 days 00:31:17,0,0,0,0,0,0,1,0,0
1,31,18,Regular Play,France,3857279,0 days 00:31:18,0,0,0,0,0,0,0,1,0
1,22,7,From Corner,Brazil,3857280,0 days 00:22:07,0,0,0,0,0,0,1,0,0
1,22,8,From Corner,Cameroon,3857280,0 days 00:22:08,0,1,0,0,0,0,0,0,0
1,22,11,From Corner,Brazil,3857280,0 days 00:22:11,0,0,0,0,0,0,1,0,0
1,22,42,From Goal Kick,Cameroon,3857280,0 days 00:22:42,0,0,0,0,0,0,1,0,0
1,22,45,From Goal Kick,Cameroon,3857280,0 days 00:22:45,0,0,1,0,0,0,0,0,0
1,22,45,From Goal Kick,Brazil,3857280,0 days 00:22:45,0,0,0,0,0,0,0,0,1
1,23,14,From Goal Kick,Cameroon,3857280,0 days 00:23:14,0,0,0,0,0,0,1,0,0
1,23,17,From Goal Kick,Brazil,3857280,0 days 00:23:17,0,0,0,0,0,0,1,0,0
1,23,19,From Goal Kick,Cameroon,3857280,0 days 00:23:19,0,0,0,0,0,0,1,0,0
1,23,21,From Goal Kick,Brazil,3857280,0 days 00:23:21,0,0,0,0,0,0,1,0,0
1,23,22,From Goal Kick,Cameroon,3857280,0 days 00:23:22,0,0,0,0,0,0,1,0,0
1,23,24,From Goal Kick,Cameroon,3857280,0 days 00:23:24,0,0,0,0,0,0,1,0,0
1,23,26,From Goal Kick,Cameroon,3857280,0 days 00:23:26,0,0,0,1,0,0,0,0,0
1,23,28,From Goal Kick,Cameroon,3857280,0 days 00:23:28,0,0,0,0,0,0,1,0,0
1,23,28,Regular Play,Brazil,3857280,0 days 00:23:28,0,0,0,0,0,1,0,0,0
1,23,29,Regular Play,Brazil,3857280,0 days 00:23:29,0,0,0,0,0,0,1,0,0
1,23,31,Regular Play,Cameroon,3857280,0 days 00:23:31,0,0,0,0,1,0,0,0,0
1,23,59,From Free Kick,Brazil,3857280,0 days 00:23:59,0,0,0,0,0,0,1,0,0
1,24,3,From Free Kick,Brazil,3857280,0 days 00:24:03,0,0,0,0,0,0,1,0,0
1,24,6,From Free Kick,Brazil,3857280,0 days 00:24:06,0,0,0,0,0,0,1,0,0
1,24,14,From Free Kick,Brazil,3857280,0 days 00:24:14,0,0,0,1,0,0,0,0,0
1,24,15,From Free Kick,Brazil,3857280,0 days 00:24:15,0,0,0,0,0,0,1,0,0
1,24,18,From Free Kick,Cameroon,3857280,0 days 00:24:18,0,0,0,0,0,0,1,0,0
1,24,19,From Free Kick,Brazil,3857280,0 days 00:24:19,1,0,0,0,0,0,0,0,0
1,24,20,From Free Kick,Brazil,3857280,0 days 00:24:20,0,0,0,0,0,0,1,0,0
1,24,23,From Free Kick,Brazil,3857280,0 days 00:24:23,0,0,0,0,0,0,1,0,0
1,24,26,From Free Kick,Brazil,3857280,0 days 00:24:26,0,0,0,0,0,0,1,0,0
1,24,27,From Free Kick,Brazil,3857280,0 days 00:24:27,0,0,0,0,0,0,1,0,0
1,24,29,From Free Kick,Cameroon,3857280,0 days 00:24:29,0,1,0,0,0,0,0,0,0
1,24,31,From Free Kick,Brazil,3857280,0 days 00:24:31,0,0,0,0,0,0,1,0,0
1,24,34,From Free Kick,Brazil,3857280,0 days 00:24:34,0,0,0,0,0,0,1,0,0
1,24,39,From Free Kick,Brazil,3857280,0 days 00:24:39,0,0,0,0,0,0,1,0,0
1,24,40,From Free Kick,Cameroon,3857280,0 days 00:24:40,0,1,0,0,0,0,0,0,0
1,25,1,From Corner,Brazil,3857280,0 days 00:25:01,0,0,0,0,0,0,1,0,0
1,25,4,From Corner,Brazil,3857280,0 days 00:25:04,0,0,0,0,0,0,1,0,0
1,25,6,From Corner,Brazil,3857280,0 days 00:25:06,0,0,0,0,0,0,1,0,0
1,25,7,From Corner,Cameroon,3857280,0 days 00:25:07,0,1,0,0,0,0,0,0,0
1,25,10,From Corner,Brazil,3857280,0 days 00:25:10,0,0,0,0,0,0,1,0,0
1,25,11,From Corner,Brazil,3857280,0 days 00:25:11,0,0,0,0,0,0,1,0,0
1,25,15,From Corner,Brazil,3857280,0 days 00:25:15,0,0,0,0,0,0,1,0,0
1,25,18,From Corner,Brazil,3857280,0 days 00:25:18,0,0,0,0,0,0,1,0,0
1,25,19,From Corner,Brazil,3857280,0 days 00:25:19,0,0,0,0,0,0,1,0,0
1,25,20,From Corner,Brazil,3857280,0 days 00:25:20,0,0,0,0,0,0,1,0,0
1,25,22,Regular Play,Cameroon,3857280,0 days 00:25:22,1,0,0,0,0,0,0,0,0
1,25,25,Regular Play,Brazil,3857280,0 days 00:25:25,0,0,0,0,1,0,0,0,0
1,25,49,From Free Kick,Cameroon,3857280,0 days 00:25:49,0,0,0,0,0,0,1,0,0
1,25,53,From Free Kick,Cameroon,3857280,0 days 00:25:53,0,0,0,0,0,0,1,0,0
1,26,1,From Free Kick,Cameroon,3857280,0 days 00:26:01,0,0,0,0,0,0,1,0,0
1,26,3,From Free Kick,Cameroon,3857280,0 days 00:26:03,0,0,0,0,0,0,1,0,0
1,26,7,From Free Kick,Brazil,3857280,0 days 00:26:07,0,0,0,0,1,0,0,0,0
1,26,21,From Free Kick,Cameroon,3857280,0 days 00:26:21,0,0,0,0,0,0,1,0,0
1,26,23,From Free Kick,Cameroon,3857280,0 days 00:26:23,0,0,0,0,0,0,1,0,0
1,26,27,From Free Kick,Cameroon,3857280,0 days 00:26:27,0,0,0,0,0,0,1,0,0
1,26,29,From Free Kick,Cameroon,3857280,0 days 00:26:29,0,0,0,0,0,0,1,0,0
1,26,33,From Free Kick,Cameroon,3857280,0 days 00:26:33,0,0,0,0,0,0,1,0,0
1,26,34,From Free Kick,Cameroon,3857280,0 days 00:26:34,0,0,0,0,0,0,1,0,0
1,26,37,From Free Kick,Cameroon,3857280,0 days 00:26:37,0,0,0,0,0,0,1,0,0
1,26,37,From Free Kick,Cameroon,3857280,0 days 00:26:37,0,0,0,0,0,0,1,0,0
1,26,38,From Free Kick,Cameroon,3857280,0 days 00:26:38,0,0,0,0,0,0,1,0,0
1,26,44,From Free Kick,Cameroon,3857280,0 days 00:26:44,0,0,0,0,0,0,1,0,0
1,26,47,From Free Kick,Cameroon,3857280,0 days 00:26:47,0,0,0,0,0,0,1,0,0
1,26,48,From Free Kick,Brazil,3857280,0 days 00:26:48,0,1,0,0,0,0,0,0,0
1,26,52,From Free Kick,Cameroon,3857280,0 days 00:26:52,1,0,0,0,0,0,0,0,0
1,26,54,From Free Kick,Cameroon,3857280,0 days 00:26:54,0,0,0,0,0,0,1,0,0
1,26,57,From Free Kick,Cameroon,3857280,0 days 00:26:57,0,0,0,0,0,0,1,0,0
1,26,59,From Free Kick,Cameroon,3857280,0 days 00:26:59,0,0,0,0,0,0,1,0,0
1,27,4,From Free Kick,Cameroon,3857280,0 days 00:27:04,0,0,0,0,0,0,1,0,0
1,27,5,From Free Kick,Cameroon,3857280,0 days 00:27:05,0,0,0,0,0,0,1,0,0
1,27,8,From Free Kick,Brazil,3857280,0 days 00:27:08,1,0,0,0,0,0,0,0,0
1,27,8,From Free Kick,Brazil,3857280,0 days 00:27:08,0,0,1,0,0,0,0,0,0
1,27,8,From Free Kick,Cameroon,3857280,0 days 00:27:08,0,0,0,0,0,0,0,0,1
1,27,29,From Goal Kick,Brazil,3857280,0 days 00:27:29,0,0,0,0,0,0,1,0,0
1,27,31,From Goal Kick,Brazil,3857280,0 days 00:27:31,0,0,0,0,0,0,1,0,0
1,27,34,From Goal Kick,Brazil,3857280,0 days 00:27:34,0,0,0,0,0,0,1,0,0
1,27,38,From Goal Kick,Brazil,3857280,0 days 00:27:38,0,0,0,0,0,0,1,0,0
1,27,44,From Goal Kick,Cameroon,3857280,0 days 00:27:44,0,0,0,0,1,0,0,0,0
1,27,44,From Goal Kick,Brazil,3857280,0 days 00:27:44,0,0,0,1,0,0,0,0,0
1,27,49,From Goal Kick,Cameroon,3857280,0 days 00:27:49,0,0,0,0,1,0,0,0,0
1,29,41,From Free Kick,Brazil,3857280,0 days 00:29:41,0,0,0,0,0,0,0,1,0
1,29,43,From Free Kick,Brazil,3857280,0 days 00:29:43,0,0,0,0,0,0,1,0,0
1,29,46,From Free Kick,Brazil,3857280,0 days 00:29:46,0,0,0,0,0,0,1,0,0
1,29,49,From Free Kick,Brazil,3857280,0 days 00:29:49,0,0,0,0,0,0,1,0,0
1,30,30,From Goal Kick,Cameroon,3857280,0 days 00:30:30,0,0,0,0,0,0,1,0,0
1,30,33,From Goal Kick,Brazil,3857280,0 days 00:30:33,0,0,0,0,0,0,1,0,0
1,30,34,From Goal Kick,Cameroon,3857280,0 days 00:30:34,0,0,0,0,0,0,1,0,0
1,30,38,From Goal Kick,Cameroon,3857280,0 days 00:30:38,0,0,1,0,0,0,0,0,0
1,30,38,From Goal Kick,Brazil,3857280,0 days 00:30:38,0,0,0,0,0,0,0,0,1
1,30,49,From Throw In,Cameroon,3857280,0 days 00:30:49,0,0,0,0,0,0,1,0,0
1,30,53,From Throw In,Cameroon,3857280,0 days 00:30:53,0,0,0,0,0,0,1,0,0
1,31,0,From Throw In,Cameroon,3857280,0 days 00:31:00,0,0,0,0,0,0,1,0,0
1,31,4,From Throw In,Cameroon,3857280,0 days 00:31:04,0,0,0,0,0,0,1,0,0
1,31,4,From Throw In,Cameroon,3857280,0 days 00:31:04,0,0,0,0,0,0,1,0,0
1,31,6,From Throw In,Brazil,3857280,0 days 00:31:06,0,0,0,0,0,1,0,0,0
1,31,23,From Throw In,Cameroon,3857280,0 days 00:31:23,0,0,0,0,0,0,1,0,0
1,31,24,From Throw In,Cameroon,3857280,0 days 00:31:24,0,0,0,0,0,0,1,0,0
1,31,26,From Throw In,Cameroon,3857280,0 days 00:31:26,0,0,0,0,0,0,1,0,0
1,31,27,From Throw In,Cameroon,3857280,0 days 00:31:27,0,0,0,0,0,0,1,0,0
1,31,29,From Counter,Brazil,3857280,0 days 00:31:29,1,0,0,0,0,0,0,0,0
1,31,38,From Counter,Brazil,3857280,0 days 00:31:38,0,0,0,0,0,0,1,0,0
1,31,41,From Counter,Brazil,3857280,0 days 00:31:41,0,0,0,0,0,0,1,0,0
1,31,43,From Counter,Cameroon,3857280,0 days 00:31:43,0,0,0,0,1,0,0,0,0
1,31,43,From Counter,Brazil,3857280,0 days 00:31:43,0,0,0,0,0,0,1,0,0
1,31,47,From Counter,Cameroon,3857280,0 days 00:31:47,0,0,0,0,1,0,0,0,0
1,22,0,From Keeper,Canada,3857281,0 days 00:22:00,0,0,0,0,0,0,1,0,0
1,22,2,From Keeper,Canada,3857281,0 days 00:22:02,0,0,0,0,0,0,1,0,0
1,22,7,From Keeper,Canada,3857281,0 days 00:22:07,0,0,0,0,0,0,1,0,0
1,22,12,From Keeper,Canada,3857281,0 days 00:22:12,0,0,0,0,0,0,1,0,0
1,22,14,From Keeper,Canada,3857281,0 days 00:22:14,0,0,0,0,0,0,1,0,0
1,22,16,From Keeper,Canada,3857281,0 days 00:22:16,0,0,0,0,0,0,1,0,0
1,22,18,From Keeper,Canada,3857281,0 days 00:22:18,0,0,0,0,0,0,1,0,0
1,22,20,From Keeper,Canada,3857281,0 days 00:22:20,0,0,0,0,0,0,1,0,0
1,22,23,From Keeper,Canada,3857281,0 days 00:22:23,0,0,0,0,0,0,1,0,0
1,22,27,From Keeper,Canada,3857281,0 days 00:22:27,0,0,0,0,0,0,1,0,0
1,22,31,From Keeper,Canada,3857281,0 days 00:22:31,0,0,0,0,0,0,1,0,0
1,22,32,From Keeper,Canada,3857281,0 days 00:22:32,0,0,0,1,0,0,0,0,0
1,22,36,From Keeper,Canada,3857281,0 days 00:22:36,0,0,0,1,0,0,0,0,0
1,22,37,From Keeper,Canada,3857281,0 days 00:22:37,0,0,0,0,0,0,1,0,0
1,22,38,From Keeper,Croatia,3857281,0 days 00:22:38,0,0,0,0,0,1,0,0,0
1,22,40,From Keeper,Canada,3857281,0 days 00:22:40,1,0,0,0,0,0,0,0,0
1,22,40,From Keeper,Canada,3857281,0 days 00:22:40,0,0,0,0,0,0,1,0,0
1,23,4,From Throw In,Canada,3857281,0 days 00:23:04,0,0,0,0,0,0,1,0,0
1,23,6,From Throw In,Canada,3857281,0 days 00:23:06,0,0,0,0,0,0,1,0,0
1,23,8,From Throw In,Canada,3857281,0 days 00:23:08,0,0,0,0,0,0,1,0,0
1,23,9,From Throw In,Canada,3857281,0 days 00:23:09,0,0,0,0,0,0,1,0,0
1,23,10,From Throw In,Canada,3857281,0 days 00:23:10,0,0,0,0,0,0,1,0,0
1,23,11,From Throw In,Canada,3857281,0 days 00:23:11,0,0,0,0,0,0,1,0,0
1,23,15,From Throw In,Canada,3857281,0 days 00:23:15,0,0,1,0,0,0,0,0,0
1,23,15,From Throw In,Croatia,3857281,0 days 00:23:15,0,0,0,0,0,0,0,0,1
1,23,16,From Throw In,Canada,3857281,0 days 00:23:16,1,0,0,0,0,0,0,0,0
1,23,17,From Throw In,Canada,3857281,0 days 00:23:17,0,0,0,0,0,0,1,0,0
1,23,19,From Throw In,Canada,3857281,0 days 00:23:19,0,0,0,0,0,0,1,0,0
1,23,20,From Throw In,Canada,3857281,0 days 00:23:20,0,0,0,0,0,0,1,0,0
1,23,23,From Throw In,Canada,3857281,0 days 00:23:23,0,0,1,0,0,0,0,0,0
1,23,23,From Throw In,Croatia,3857281,0 days 00:23:23,0,0,0,0,0,0,0,0,1
1,23,24,From Throw In,Canada,3857281,0 days 00:23:24,1,0,0,0,0,0,0,0,0
1,23,25,From Throw In,Canada,3857281,0 days 00:23:25,0,0,0,0,0,0,1,0,0
1,23,28,From Throw In,Canada,3857281,0 days 00:23:28,0,0,0,0,0,0,1,0,0
1,23,35,From Throw In,Canada,3857281,0 days 00:23:35,0,0,0,0,0,0,1,0,0
1,23,36,From Throw In,Canada,3857281,0 days 00:23:36,0,0,0,0,0,0,1,0,0
1,23,38,From Throw In,Croatia,3857281,0 days 00:23:38,0,1,0,0,0,0,0,0,0
1,23,41,From Throw In,Canada,3857281,0 days 00:23:41,0,0,0,0,0,0,1,0,0
1,23,43,From Throw In,Canada,3857281,0 days 00:23:43,0,0,0,0,0,0,1,0,0
1,23,45,From Throw In,Canada,3857281,0 days 00:23:45,1,0,0,0,0,0,0,0,0
1,23,45,From Throw In,Canada,3857281,0 days 00:23:45,0,0,1,0,0,0,0,0,0
1,23,45,Regular Play,Croatia,3857281,0 days 00:23:45,0,0,0,0,0,0,0,0,1
1,23,46,Regular Play,Croatia,3857281,0 days 00:23:46,0,0,0,0,0,0,1,0,0
1,23,48,Regular Play,Croatia,3857281,0 days 00:23:48,0,0,0,0,0,0,1,0,0
1,23,50,Regular Play,Croatia,3857281,0 days 00:23:50,0,0,0,0,0,0,1,0,0
1,23,53,Regular Play,Canada,3857281,0 days 00:23:53,0,0,0,0,0,0,1,0,0
1,23,55,Regular Play,Canada,3857281,0 days 00:23:55,0,0,0,0,0,0,1,0,0
1,23,57,Regular Play,Canada,3857281,0 days 00:23:57,0,0,0,0,0,0,1,0,0
1,24,4,Regular Play,Canada,3857281,0 days 00:24:04,0,0,0,1,0,0,0,0,0
1,24,4,Regular Play,Croatia,3857281,0 days 00:24:04,0,0,0,0,0,0,0,0,1
1,24,26,Regular Play,Canada,3857281,0 days 00:24:26,0,0,0,0,1,0,0,0,0
1,24,46,From Throw In,Croatia,3857281,0 days 00:24:46,0,0,0,0,0,0,1,0,0
1,24,49,Regular Play,Canada,3857281,0 days 00:24:49,1,0,0,0,0,0,0,0,0
1,24,50,Regular Play,Canada,3857281,0 days 00:24:50,0,0,0,0,0,0,1,0,0
1,24,55,Regular Play,Canada,3857281,0 days 00:24:55,0,0,0,0,0,0,1,0,0
1,24,57,Regular Play,Canada,3857281,0 days 00:24:57,0,0,0,0,0,0,1,0,0
1,25,1,Regular Play,Croatia,3857281,0 days 00:25:01,0,0,0,0,0,0,1,0,0
1,25,3,Regular Play,Croatia,3857281,0 days 00:25:03,0,0,0,0,0,0,1,0,0
1,25,5,Regular Play,Canada,3857281,0 days 00:25:05,0,1,0,0,0,0,0,0,0
1,25,19,From Throw In,Croatia,3857281,0 days 00:25:19,0,0,0,0,0,0,1,0,0
1,25,22,From Throw In,Croatia,3857281,0 days 00:25:22,0,0,0,0,0,0,1,0,0
1,25,24,From Throw In,Croatia,3857281,0 days 00:25:24,0,0,0,0,0,0,1,0,0
1,25,27,From Throw In,Croatia,3857281,0 days 00:25:27,0,0,0,0,0,0,1,0,0
1,25,29,From Throw In,Croatia,3857281,0 days 00:25:29,0,0,0,0,0,0,1,0,0
1,25,31,From Throw In,Croatia,3857281,0 days 00:25:31,0,0,0,0,0,0,1,0,0
1,25,33,From Throw In,Croatia,3857281,0 days 00:25:33,0,0,0,0,0,0,1,0,0
1,26,30,From Free Kick,Canada,3857281,0 days 00:26:30,0,0,0,0,0,0,1,0,0
1,26,31,From Free Kick,Canada,3857281,0 days 00:26:31,0,0,0,0,0,0,1,0,0
1,26,33,From Free Kick,Canada,3857281,0 days 00:26:33,0,0,0,0,0,0,1,0,0
1,26,35,From Free Kick,Canada,3857281,0 days 00:26:35,0,0,0,0,0,0,1,0,0
1,26,38,From Free Kick,Canada,3857281,0 days 00:26:38,0,0,0,0,0,0,1,0,0
1,26,39,From Free Kick,Canada,3857281,0 days 00:26:39,0,0,0,0,0,0,1,0,0
1,26,52,From Throw In,Croatia,3857281,0 days 00:26:52,0,0,0,0,0,0,1,0,0
1,26,54,From Throw In,Canada,3857281,0 days 00:26:54,0,0,0,0,0,0,1,0,0
1,26,56,From Throw In,Croatia,3857281,0 days 00:26:56,1,0,0,0,0,0,0,0,0
1,27,1,From Throw In,Croatia,3857281,0 days 00:27:01,0,0,0,0,0,0,1,0,0
1,27,3,From Throw In,Croatia,3857281,0 days 00:27:03,0,0,0,0,0,0,1,0,0
1,27,6,From Throw In,Canada,3857281,0 days 00:27:06,1,0,0,0,0,0,0,0,0
1,27,9,From Throw In,Canada,3857281,0 days 00:27:09,0,0,0,1,0,0,0,0,0
1,27,14,From Throw In,Canada,3857281,0 days 00:27:14,0,0,0,1,0,0,0,0,0
1,27,14,From Throw In,Croatia,3857281,0 days 00:27:14,0,0,0,0,0,0,0,0,1
1,27,15,From Throw In,Croatia,3857281,0 days 00:27:15,1,0,0,0,0,0,0,0,0
1,27,16,From Throw In,Croatia,3857281,0 days 00:27:16,0,0,0,0,0,0,1,0,0
1,27,19,From Throw In,Croatia,3857281,0 days 00:27:19,0,0,0,0,0,0,1,0,0
1,27,22,From Throw In,Croatia,3857281,0 days 00:27:22,0,0,0,0,0,0,1,0,0
1,27,26,From Throw In,Croatia,3857281,0 days 00:27:26,0,0,0,0,0,0,1,0,0
1,27,28,From Throw In,Croatia,3857281,0 days 00:27:28,0,0,0,0,0,0,1,0,0
1,27,30,From Throw In,Croatia,3857281,0 days 00:27:30,0,0,0,0,0,0,1,0,0
1,27,32,From Throw In,Croatia,3857281,0 days 00:27:32,0,0,0,0,0,0,1,0,0
1,27,35,From Throw In,Croatia,3857281,0 days 00:27:35,0,0,0,1,0,0,0,0,0
1,27,35,From Throw In,Canada,3857281,0 days 00:27:35,0,0,0,0,0,0,0,0,1
1,27,37,From Throw In,Canada,3857281,0 days 00:27:37,1,0,0,0,0,0,0,0,0
1,27,38,From Throw In,Canada,3857281,0 days 00:27:38,0,0,0,0,0,0,1,0,0
1,27,44,From Throw In,Croatia,3857281,0 days 00:27:44,1,0,0,0,0,0,0,0,0
1,27,45,From Throw In,Croatia,3857281,0 days 00:27:45,0,0,0,0,0,0,1,0,0
1,27,50,From Throw In,Croatia,3857281,0 days 00:27:50,0,0,0,0,0,0,1,0,0
1,27,53,From Throw In,Croatia,3857281,0 days 00:27:53,0,0,0,0,0,0,1,0,0
1,27,53,From Throw In,Croatia,3857281,0 days 00:27:53,0,0,0,0,0,0,1,0,0
1,27,57,From Throw In,Croatia,3857281,0 days 00:27:57,0,0,0,0,0,0,1,0,0
1,27,58,Regular Play,Canada,3857281,0 days 00:27:58,1,0,0,0,0,0,0,0,0
1,28,2,Regular Play,Croatia,3857281,0 days 00:28:02,0,0,0,0,1,0,0,0,0
1,28,34,From Free Kick,Canada,3857281,0 days 00:28:34,0,0,0,0,0,0,1,0,0
1,28,37,From Free Kick,Canada,3857281,0 days 00:28:37,0,0,0,0,0,0,1,0,0
1,28,39,From Free Kick,Croatia,3857281,0 days 00:28:39,0,1,0,0,0,0,0,0,0
1,28,48,From Throw In,Canada,3857281,0 days 00:28:48,0,0,0,0,0,0,1,0,0
1,28,52,From Throw In,Canada,3857281,0 days 00:28:52,0,0,0,0,0,0,1,0,0
1,28,56,From Throw In,Canada,3857281,0 days 00:28:56,0,0,0,0,0,0,1,0,0
1,28,58,From Throw In,Canada,3857281,0 days 00:28:58,0,0,0,0,0,0,1,0,0
1,29,0,From Throw In,Canada,3857281,0 days 00:29:00,0,0,0,0,0,0,1,0,0
1,29,3,From Throw In,Canada,3857281,0 days 00:29:03,0,0,0,0,0,0,1,0,0
1,29,7,From Throw In,Canada,3857281,0 days 00:29:07,0,0,0,0,0,0,1,0,0
1,29,9,From Throw In,Canada,3857281,0 days 00:29:09,0,0,0,0,0,0,1,0,0
1,29,11,From Throw In,Canada,3857281,0 days 00:29:11,0,0,0,0,0,0,1,0,0
1,29,14,From Throw In,Canada,3857281,0 days 00:29:14,0,0,0,0,0,0,1,0,0
1,29,17,From Throw In,Canada,3857281,0 days 00:29:17,0,0,0,0,0,0,1,0,0
1,29,20,From Throw In,Canada,3857281,0 days 00:29:20,0,0,0,0,0,0,1,0,0
1,29,21,From Throw In,Canada,3857281,0 days 00:29:21,0,0,0,0,0,0,1,0,0
1,29,30,From Throw In,Croatia,3857281,0 days 00:29:30,0,0,0,0,0,0,1,0,0
1,29,32,From Throw In,Croatia,3857281,0 days 00:29:32,0,0,0,0,0,0,1,0,0
1,29,33,From Throw In,Croatia,3857281,0 days 00:29:33,0,0,0,0,0,0,1,0,0
1,29,36,From Throw In,Croatia,3857281,0 days 00:29:36,0,0,0,0,0,0,1,0,0
1,29,39,From Throw In,Croatia,3857281,0 days 00:29:39,0,0,0,0,0,0,1,0,0
1,29,40,From Throw In,Croatia,3857281,0 days 00:29:40,0,0,0,0,0,0,1,0,0
1,29,42,From Throw In,Croatia,3857281,0 days 00:29:42,0,0,1,0,0,0,0,0,0
1,29,42,From Throw In,Canada,3857281,0 days 00:29:42,0,0,0,0,0,0,0,0,1
1,29,48,From Throw In,Canada,3857281,0 days 00:29:48,0,0,0,0,0,0,1,0,0
1,29,50,From Throw In,Croatia,3857281,0 days 00:29:50,0,0,0,0,0,0,1,0,0
1,29,52,From Throw In,Croatia,3857281,0 days 00:29:52,0,0,0,0,0,0,1,0,0
1,29,54,Regular Play,Canada,3857281,0 days 00:29:54,0,0,0,0,0,0,1,0,0
1,30,0,Regular Play,Canada,3857281,0 days 00:30:00,0,0,0,0,0,0,1,0,0
1,30,1,Regular Play,Croatia,3857281,0 days 00:30:01,0,0,0,0,1,0,0,0,0
1,30,59,From Free Kick,Canada,3857281,0 days 00:30:59,0,0,0,0,0,0,1,0,0
1,31,0,From Free Kick,Croatia,3857281,0 days 00:31:00,0,1,0,0,0,0,0,0,0
1,31,2,From Free Kick,Canada,3857281,0 days 00:31:02,1,0,0,0,0,0,0,0,0
1,31,3,From Free Kick,Canada,3857281,0 days 00:31:03,0,0,0,0,0,0,1,0,0
1,31,8,From Free Kick,Canada,3857281,0 days 00:31:08,0,0,0,0,0,0,1,0,0
1,31,18,From Free Kick,Canada,3857281,0 days 00:31:18,0,0,0,0,0,0,1,0,0
1,31,21,From Free Kick,Canada,3857281,0 days 00:31:21,0,0,0,0,0,0,1,0,0
1,31,27,From Free Kick,Canada,3857281,0 days 00:31:27,0,0,0,0,0,0,1,0,0
1,31,28,From Counter,Croatia,3857281,0 days 00:31:28,0,0,0,0,0,0,1,0,0
1,31,31,From Counter,Croatia,3857281,0 days 00:31:31,0,0,0,0,0,0,1,0,0
1,31,33,From Counter,Croatia,3857281,0 days 00:31:33,0,0,0,0,0,0,1,0,0
1,31,36,From Counter,Canada,3857281,0 days 00:31:36,0,0,0,0,0,1,0,0,0
1,31,38,From Counter,Croatia,3857281,0 days 00:31:38,0,0,0,1,0,0,0,0,0
1,31,38,Regular Play,Canada,3857281,0 days 00:31:38,0,0,0,0,0,0,0,0,1
1,31,45,Regular Play,Canada,3857281,0 days 00:31:45,0,0,0,0,0,0,1,0,0
1,22,0,From Throw In,Wales,3857282,0 days 00:22:00,0,1,0,0,0,0,0,0,0
1,22,1,From Throw In,United States,3857282,0 days 00:22:01,0,0,0,0,0,0,1,0,0
1,22,7,From Throw In,United States,3857282,0 days 00:22:07,0,0,0,0,0,0,1,0,0
1,22,12,From Throw In,United States,3857282,0 days 00:22:12,0,0,0,0,0,0,1,0,0
1,22,14,From Throw In,United States,3857282,0 days 00:22:14,0,0,0,0,0,0,1,0,0
1,22,15,From Throw In,Wales,3857282,0 days 00:22:15,1,0,0,0,0,0,0,0,0
1,22,16,From Throw In,Wales,3857282,0 days 00:22:16,0,0,0,0,0,0,1,0,0
1,22,30,From Throw In,United States,3857282,0 days 00:22:30,0,0,0,0,0,0,1,0,0
1,22,34,From Throw In,United States,3857282,0 days 00:22:34,0,0,0,0,0,0,1,0,0
1,22,38,From Throw In,United States,3857282,0 days 00:22:38,0,0,0,0,0,0,1,0,0
1,22,40,From Throw In,United States,3857282,0 days 00:22:40,0,0,0,0,0,0,1,0,0
1,22,43,From Throw In,United States,3857282,0 days 00:22:43,0,0,0,0,0,0,1,0,0
1,22,47,From Throw In,United States,3857282,0 days 00:22:47,0,0,0,0,0,0,1,0,0
1,22,49,From Throw In,United States,3857282,0 days 00:22:49,0,0,0,0,0,0,1,0,0
1,22,51,From Throw In,United States,3857282,0 days 00:22:51,0,0,0,0,0,0,1,0,0
1,22,52,From Throw In,United States,3857282,0 days 00:22:52,0,0,0,0,0,0,1,0,0
1,22,58,From Throw In,United States,3857282,0 days 00:22:58,0,0,0,0,0,0,1,0,0
1,23,1,From Throw In,United States,3857282,0 days 00:23:01,0,0,0,0,0,0,1,0,0
1,23,22,From Goal Kick,Wales,3857282,0 days 00:23:22,0,0,0,0,0,0,1,0,0
1,23,25,From Goal Kick,Wales,3857282,0 days 00:23:25,0,0,0,0,0,0,1,0,0
1,23,26,From Goal Kick,Wales,3857282,0 days 00:23:26,1,0,0,0,0,0,0,0,0
1,23,28,From Goal Kick,Wales,3857282,0 days 00:23:28,0,0,0,0,0,0,1,0,0
1,23,30,From Goal Kick,Wales,3857282,0 days 00:23:30,0,0,0,0,0,0,1,0,0
1,23,32,From Goal Kick,Wales,3857282,0 days 00:23:32,0,0,0,0,0,0,1,0,0
1,23,35,From Goal Kick,Wales,3857282,0 days 00:23:35,0,0,0,0,0,0,1,0,0
1,23,38,From Goal Kick,Wales,3857282,0 days 00:23:38,0,0,0,0,0,0,1,0,0
1,23,42,From Goal Kick,Wales,3857282,0 days 00:23:42,0,0,0,0,0,0,1,0,0
1,23,43,From Goal Kick,Wales,3857282,0 days 00:23:43,0,0,0,0,0,0,1,0,0
1,23,47,From Goal Kick,Wales,3857282,0 days 00:23:47,0,0,0,0,0,0,1,0,0
1,23,50,Regular Play,United States,3857282,0 days 00:23:50,0,0,0,0,0,0,1,0,0
1,23,52,Regular Play,United States,3857282,0 days 00:23:52,0,0,0,0,0,0,1,0,0
1,24,2,From Throw In,Wales,3857282,0 days 00:24:02,0,0,0,0,0,0,1,0,0
1,24,6,From Throw In,Wales,3857282,0 days 00:24:06,0,0,0,0,0,0,1,0,0
1,24,7,From Throw In,United States,3857282,0 days 00:24:07,0,0,0,0,0,1,0,0,0
1,24,9,From Throw In,United States,3857282,0 days 00:24:09,1,0,0,0,0,0,0,0,0
1,24,11,From Throw In,United States,3857282,0 days 00:24:11,0,0,0,0,0,0,1,0,0
1,24,12,From Throw In,Wales,3857282,0 days 00:24:12,0,0,0,0,0,1,0,0,0
1,24,13,From Throw In,Wales,3857282,0 days 00:24:13,1,0,0,0,0,0,0,0,0
1,24,14,From Throw In,United States,3857282,0 days 00:24:14,0,0,0,0,1,0,0,0,0
1,24,47,From Free Kick,Wales,3857282,0 days 00:24:47,0,0,0,0,0,0,1,0,0
1,24,49,From Free Kick,Wales,3857282,0 days 00:24:49,0,0,0,0,0,0,1,0,0
1,24,52,From Free Kick,Wales,3857282,0 days 00:24:52,0,0,0,0,0,0,1,0,0
1,24,55,From Free Kick,Wales,3857282,0 days 00:24:55,0,0,0,0,0,0,1,0,0
1,24,57,From Free Kick,Wales,3857282,0 days 00:24:57,0,0,0,0,0,0,1,0,0
1,24,58,From Free Kick,Wales,3857282,0 days 00:24:58,0,0,0,0,0,0,1,0,0
1,25,2,Regular Play,United States,3857282,0 days 00:25:02,1,0,0,0,0,0,0,0,0
1,25,4,Regular Play,United States,3857282,0 days 00:25:04,0,0,0,0,0,0,1,0,0
1,25,8,Regular Play,United States,3857282,0 days 00:25:08,0,0,0,0,0,0,1,0,0
1,25,11,Regular Play,United States,3857282,0 days 00:25:11,0,0,0,0,0,0,1,0,0
1,25,13,Regular Play,Wales,3857282,0 days 00:25:13,0,1,0,0,0,0,0,0,0
1,25,17,Regular Play,Wales,3857282,0 days 00:25:17,0,0,0,0,0,0,1,0,0
1,25,19,Regular Play,Wales,3857282,0 days 00:25:19,0,0,0,0,0,0,1,0,0
1,25,47,From Throw In,United States,3857282,0 days 00:25:47,0,0,0,0,0,0,1,0,0
1,25,49,Regular Play,Wales,3857282,0 days 00:25:49,1,0,0,0,0,0,0,0,0
1,25,50,Regular Play,Wales,3857282,0 days 00:25:50,0,0,1,0,0,0,0,0,0
1,25,50,Regular Play,United States,3857282,0 days 00:25:50,0,0,0,0,0,0,0,0,1
1,26,7,From Throw In,Wales,3857282,0 days 00:26:07,0,0,0,0,0,0,1,0,0
1,26,9,From Throw In,United States,3857282,0 days 00:26:09,0,1,0,0,0,0,0,0,0
1,26,10,From Throw In,Wales,3857282,0 days 00:26:10,1,0,0,0,0,0,0,0,0
1,26,12,From Throw In,Wales,3857282,0 days 00:26:12,0,0,0,0,0,0,1,0,0
1,26,12,From Throw In,Wales,3857282,0 days 00:26:12,0,0,0,0,0,0,1,0,0
1,26,15,From Throw In,Wales,3857282,0 days 00:26:15,0,0,0,0,0,0,1,0,0
1,26,28,From Throw In,United States,3857282,0 days 00:26:28,0,0,0,0,0,0,1,0,0
1,26,31,From Throw In,United States,3857282,0 days 00:26:31,0,0,0,0,0,0,1,0,0
1,26,43,From Throw In,United States,3857282,0 days 00:26:43,0,0,0,0,0,0,1,0,0
1,26,53,From Throw In,United States,3857282,0 days 00:26:53,0,0,0,0,0,0,1,0,0
1,26,54,From Throw In,United States,3857282,0 days 00:26:54,0,0,0,0,0,0,1,0,0
1,26,56,From Throw In,United States,3857282,0 days 00:26:56,0,0,0,0,0,0,1,0,0
1,26,58,From Throw In,United States,3857282,0 days 00:26:58,0,0,0,0,0,0,1,0,0
1,27,2,From Throw In,United States,3857282,0 days 00:27:02,0,0,0,0,0,0,1,0,0
1,27,4,Regular Play,Wales,3857282,0 days 00:27:04,0,0,0,0,0,0,1,0,0
1,27,6,Regular Play,Wales,3857282,0 days 00:27:06,0,0,0,0,0,0,1,0,0
1,27,10,Regular Play,Wales,3857282,0 days 00:27:10,0,0,0,0,0,0,1,0,0
1,27,12,Regular Play,Wales,3857282,0 days 00:27:12,0,0,0,0,0,0,1,0,0
1,27,22,From Throw In,United States,3857282,0 days 00:27:22,0,0,0,0,0,0,1,0,0
1,27,25,From Throw In,United States,3857282,0 days 00:27:25,0,0,0,0,0,0,1,0,0
1,27,29,From Throw In,United States,3857282,0 days 00:27:29,0,0,0,0,0,0,1,0,0
1,27,33,From Throw In,United States,3857282,0 days 00:27:33,0,0,0,0,0,0,1,0,0
1,27,34,From Throw In,United States,3857282,0 days 00:27:34,0,0,0,0,0,0,1,0,0
1,27,36,From Throw In,United States,3857282,0 days 00:27:36,0,0,0,0,0,0,1,0,0
1,27,38,From Throw In,United States,3857282,0 days 00:27:38,0,0,0,0,0,0,1,0,0
1,27,41,From Throw In,United States,3857282,0 days 00:27:41,0,0,0,0,0,0,1,0,0
1,27,49,From Throw In,United States,3857282,0 days 00:27:49,0,0,0,0,0,0,1,0,0
1,27,51,From Throw In,Wales,3857282,0 days 00:27:51,0,1,0,0,0,0,0,0,0
1,27,52,From Throw In,Wales,3857282,0 days 00:27:52,0,1,0,0,0,0,0,0,0
1,27,55,From Throw In,Wales,3857282,0 days 00:27:55,1,0,0,0,0,0,0,0,0
1,27,56,From Throw In,Wales,3857282,0 days 00:27:56,0,0,1,0,0,0,0,0,0
1,27,56,From Throw In,United States,3857282,0 days 00:27:56,0,0,0,0,0,0,0,0,1
1,28,0,From Throw In,United States,3857282,0 days 00:28:00,1,0,0,0,0,0,0,0,0
1,28,1,From Throw In,United States,3857282,0 days 00:28:01,0,0,0,0,0,0,1,0,0
1,28,3,From Throw In,United States,3857282,0 days 00:28:03,0,0,0,0,0,0,1,0,0
1,28,6,From Throw In,United States,3857282,0 days 00:28:06,0,0,0,0,0,0,1,0,0
1,28,8,From Throw In,United States,3857282,0 days 00:28:08,0,0,0,0,0,0,1,0,0
1,28,11,From Throw In,United States,3857282,0 days 00:28:11,0,0,0,0,0,0,1,0,0
1,28,14,From Throw In,United States,3857282,0 days 00:28:14,0,0,0,0,0,0,1,0,0
1,28,16,From Throw In,United States,3857282,0 days 00:28:16,0,0,0,0,0,0,1,0,0
1,28,26,From Throw In,United States,3857282,0 days 00:28:26,0,0,0,0,0,0,1,0,0
1,28,29,From Throw In,United States,3857282,0 days 00:28:29,0,0,0,0,0,0,0,1,0
1,29,0,From Goal Kick,Wales,3857282,0 days 00:29:00,0,0,0,0,0,0,1,0,0
1,29,2,From Goal Kick,Wales,3857282,0 days 00:29:02,0,0,0,0,0,0,1,0,0
1,29,5,From Goal Kick,Wales,3857282,0 days 00:29:05,0,0,0,0,0,0,1,0,0
1,29,6,From Goal Kick,Wales,3857282,0 days 00:29:06,0,0,0,0,0,0,1,0,0
1,29,18,From Throw In,United States,3857282,0 days 00:29:18,0,0,0,0,0,0,1,0,0
1,29,20,From Throw In,United States,3857282,0 days 00:29:20,0,0,0,0,0,0,1,0,0
1,29,23,From Throw In,United States,3857282,0 days 00:29:23,0,0,0,0,0,0,1,0,0
1,29,25,From Throw In,United States,3857282,0 days 00:29:25,0,0,0,0,0,0,1,0,0
1,29,27,From Throw In,United States,3857282,0 days 00:29:27,0,0,0,0,0,0,1,0,0
1,29,28,From Throw In,United States,3857282,0 days 00:29:28,0,0,0,0,0,0,1,0,0
1,29,33,From Throw In,United States,3857282,0 days 00:29:33,0,0,1,0,0,0,0,0,0
1,29,33,From Throw In,Wales,3857282,0 days 00:29:33,0,0,0,0,0,0,0,0,1
1,29,34,From Throw In,Wales,3857282,0 days 00:29:34,1,0,0,0,0,0,0,0,0
1,29,37,From Throw In,United States,3857282,0 days 00:29:37,0,0,0,0,0,0,1,0,0
1,29,39,From Throw In,United States,3857282,0 days 00:29:39,0,0,0,0,0,0,1,0,0
1,29,43,From Throw In,United States,3857282,0 days 00:29:43,0,0,0,0,0,0,1,0,0
1,29,48,From Throw In,United States,3857282,0 days 00:29:48,0,0,0,0,0,0,1,0,0
1,29,54,From Throw In,United States,3857282,0 days 00:29:54,0,0,0,0,0,0,1,0,0
1,29,56,From Throw In,United States,3857282,0 days 00:29:56,0,0,0,0,0,0,1,0,0
1,30,1,From Throw In,United States,3857282,0 days 00:30:01,0,0,0,0,0,0,1,0,0
1,30,5,From Throw In,United States,3857282,0 days 00:30:05,0,0,0,0,0,0,1,0,0
1,30,7,From Throw In,United States,3857282,0 days 00:30:07,0,0,0,0,0,0,1,0,0
1,30,8,From Throw In,United States,3857282,0 days 00:30:08,0,0,0,0,0,0,1,0,0
1,30,11,From Throw In,United States,3857282,0 days 00:30:11,0,0,0,0,0,0,1,0,0
1,30,12,From Throw In,United States,3857282,0 days 00:30:12,0,0,0,0,0,0,1,0,0
1,30,13,From Throw In,United States,3857282,0 days 00:30:13,0,0,0,0,0,0,1,0,0
1,30,18,From Throw In,United States,3857282,0 days 00:30:18,0,0,0,0,0,0,1,0,0
1,30,20,From Throw In,United States,3857282,0 days 00:30:20,0,0,0,0,0,0,1,0,0
1,30,22,From Throw In,Wales,3857282,0 days 00:30:22,0,1,0,0,0,0,0,0,0
1,30,26,Regular Play,Wales,3857282,0 days 00:30:26,0,0,0,0,0,0,1,0,0
1,30,27,Regular Play,Wales,3857282,0 days 00:30:27,0,0,0,0,0,0,1,0,0
1,30,28,Regular Play,Wales,3857282,0 days 00:30:28,0,0,0,0,0,0,1,0,0
1,30,29,Regular Play,United States,3857282,0 days 00:30:29,0,0,0,0,1,0,0,0,0
1,31,3,From Free Kick,Wales,3857282,0 days 00:31:03,0,0,0,0,0,0,1,0,0
1,31,8,Regular Play,United States,3857282,0 days 00:31:08,1,0,0,0,0,0,0,0,0
1,31,9,Regular Play,United States,3857282,0 days 00:31:09,0,0,0,0,0,0,1,0,0
1,31,12,Regular Play,United States,3857282,0 days 00:31:12,0,0,0,0,0,0,1,0,0
1,31,15,Regular Play,United States,3857282,0 days 00:31:15,0,0,0,0,0,0,1,0,0
1,31,18,Regular Play,United States,3857282,0 days 00:31:18,0,0,0,0,0,0,1,0,0
1,31,20,Regular Play,United States,3857282,0 days 00:31:20,0,0,0,0,0,0,1,0,0
1,31,25,Regular Play,United States,3857282,0 days 00:31:25,0,0,0,0,0,0,1,0,0
1,31,26,Regular Play,United States,3857282,0 days 00:31:26,0,0,0,0,0,0,1,0,0
1,31,30,Regular Play,United States,3857282,0 days 00:31:30,0,0,0,0,0,0,1,0,0
1,31,34,Regular Play,United States,3857282,0 days 00:31:34,0,0,0,0,0,0,1,0,0
1,31,39,Regular Play,United States,3857282,0 days 00:31:39,0,0,0,0,0,0,1,0,0
1,31,41,Regular Play,United States,3857282,0 days 00:31:41,0,0,0,0,0,0,1,0,0
1,31,43,Regular Play,United States,3857282,0 days 00:31:43,0,0,0,0,0,0,1,0,0
1,31,46,Regular Play,United States,3857282,0 days 00:31:46,0,0,0,0,0,0,1,0,0
1,31,52,Regular Play,United States,3857282,0 days 00:31:52,0,0,0,0,0,0,1,0,0
1,31,57,Regular Play,United States,3857282,0 days 00:31:57,0,0,0,0,0,0,1,0,0
1,22,0,From Free Kick,Morocco,3857283,0 days 00:22:00,0,0,0,0,0,0,1,0,0
1,22,1,From Free Kick,Morocco,3857283,0 days 00:22:01,0,0,0,0,0,0,1,0,0
1,22,3,From Free Kick,Morocco,3857283,0 days 00:22:03,0,0,0,0,0,0,1,0,0
1,22,4,From Free Kick,Morocco,3857283,0 days 00:22:04,0,0,0,0,0,0,1,0,0
1,22,6,From Free Kick,Morocco,3857283,0 days 00:22:06,0,0,0,0,0,0,1,0,0
1,22,10,From Free Kick,Morocco,3857283,0 days 00:22:10,0,0,0,0,0,0,1,0,0
1,22,13,From Free Kick,Morocco,3857283,0 days 00:22:13,0,0,0,0,0,0,1,0,0
1,22,16,From Free Kick,Morocco,3857283,0 days 00:22:16,0,0,0,0,0,0,1,0,0
1,22,19,From Free Kick,Morocco,3857283,0 days 00:22:19,0,0,0,0,0,0,1,0,0
1,22,21,From Free Kick,Morocco,3857283,0 days 00:22:21,0,0,0,0,0,0,1,0,0
1,22,25,From Free Kick,Morocco,3857283,0 days 00:22:25,0,0,0,0,0,0,1,0,0
1,22,28,From Free Kick,Morocco,3857283,0 days 00:22:28,0,0,0,0,0,0,1,0,0
1,22,30,Regular Play,Belgium,3857283,0 days 00:22:30,0,0,0,0,0,0,1,0,0
1,22,34,Regular Play,Belgium,3857283,0 days 00:22:34,0,0,0,1,0,0,0,0,0
1,22,37,Regular Play,Belgium,3857283,0 days 00:22:37,0,0,0,0,0,0,1,0,0
1,22,40,Regular Play,Morocco,3857283,0 days 00:22:40,0,0,0,0,0,0,1,0,0
1,22,42,Regular Play,Belgium,3857283,0 days 00:22:42,1,0,0,0,0,0,0,0,0
1,22,47,Regular Play,Belgium,3857283,0 days 00:22:47,0,0,0,0,0,0,1,0,0
1,22,48,Regular Play,Morocco,3857283,0 days 00:22:48,1,0,0,0,0,0,0,0,0
1,22,49,Regular Play,Morocco,3857283,0 days 00:22:49,0,0,0,0,0,0,1,0,0
1,22,50,Regular Play,Morocco,3857283,0 days 00:22:50,0,0,0,0,0,0,1,0,0
1,22,51,Regular Play,Morocco,3857283,0 days 00:22:51,0,0,0,0,0,0,1,0,0
1,22,52,Regular Play,Morocco,3857283,0 days 00:22:52,0,0,0,0,0,0,1,0,0
1,22,53,Regular Play,Morocco,3857283,0 days 00:22:53,0,0,0,0,0,0,1,0,0
1,22,55,Regular Play,Morocco,3857283,0 days 00:22:55,0,0,0,0,0,0,1,0,0
1,22,56,Regular Play,Belgium,3857283,0 days 00:22:56,0,0,0,0,1,0,0,0,0
1,23,15,From Free Kick,Morocco,3857283,0 days 00:23:15,0,0,0,0,0,0,1,0,0
1,23,17,From Free Kick,Morocco,3857283,0 days 00:23:17,0,0,0,0,0,0,1,0,0
1,23,25,From Free Kick,Morocco,3857283,0 days 00:23:25,0,0,0,0,0,0,1,0,0
1,23,53,From Throw In,Belgium,3857283,0 days 00:23:53,0,0,0,0,0,0,1,0,0
1,23,56,From Throw In,Belgium,3857283,0 days 00:23:56,0,0,0,0,0,0,1,0,0
1,23,59,From Throw In,Belgium,3857283,0 days 00:23:59,0,0,1,0,0,0,0,0,0
1,23,59,From Throw In,Morocco,3857283,0 days 00:23:59,0,0,0,0,0,0,0,0,1
1,24,8,From Throw In,Belgium,3857283,0 days 00:24:08,0,0,0,0,0,0,1,0,0
1,24,9,From Throw In,Belgium,3857283,0 days 00:24:09,0,0,0,0,0,0,1,0,0
1,24,12,From Throw In,Belgium,3857283,0 days 00:24:12,0,0,0,0,0,0,1,0,0
1,24,14,From Throw In,Belgium,3857283,0 days 00:24:14,0,0,0,0,0,0,1,0,0
1,24,18,From Throw In,Belgium,3857283,0 days 00:24:18,0,0,0,0,0,0,1,0,0
1,24,21,From Throw In,Belgium,3857283,0 days 00:24:21,0,0,0,0,0,0,1,0,0
1,24,22,From Throw In,Belgium,3857283,0 days 00:24:22,0,0,0,0,0,0,1,0,0
1,24,26,From Throw In,Belgium,3857283,0 days 00:24:26,0,0,0,0,0,0,1,0,0
1,24,29,From Throw In,Belgium,3857283,0 days 00:24:29,0,0,0,0,0,0,1,0,0
1,24,32,From Throw In,Belgium,3857283,0 days 00:24:32,0,0,0,0,0,0,1,0,0
1,24,36,From Throw In,Belgium,3857283,0 days 00:24:36,0,0,0,0,0,0,1,0,0
1,24,39,From Throw In,Belgium,3857283,0 days 00:24:39,0,0,0,0,0,0,1,0,0
1,24,42,From Throw In,Belgium,3857283,0 days 00:24:42,0,0,0,0,0,0,1,0,0
1,24,43,From Throw In,Belgium,3857283,0 days 00:24:43,0,0,0,0,0,0,1,0,0
1,24,48,From Throw In,Belgium,3857283,0 days 00:24:48,0,0,0,0,0,0,1,0,0
1,24,49,From Throw In,Belgium,3857283,0 days 00:24:49,0,0,0,0,0,0,1,0,0
1,24,50,From Throw In,Belgium,3857283,0 days 00:24:50,0,0,1,0,0,0,0,0,0
1,24,50,Regular Play,Morocco,3857283,0 days 00:24:50,0,0,0,0,0,0,0,0,1
1,24,51,Regular Play,Morocco,3857283,0 days 00:24:51,0,0,0,0,0,0,1,0,0
1,24,55,Regular Play,Morocco,3857283,0 days 00:24:55,0,0,0,0,0,0,1,0,0
1,24,57,Regular Play,Morocco,3857283,0 days 00:24:57,0,0,0,0,0,0,1,0,0
1,25,23,From Free Kick,Belgium,3857283,0 days 00:25:23,0,0,0,0,0,0,1,0,0
1,25,25,From Free Kick,Belgium,3857283,0 days 00:25:25,0,0,0,0,0,0,1,0,0
1,25,26,From Free Kick,Belgium,3857283,0 days 00:25:26,0,0,0,0,0,0,1,0,0
1,25,35,From Throw In,Belgium,3857283,0 days 00:25:35,0,0,0,0,0,0,1,0,0
1,25,38,From Throw In,Belgium,3857283,0 days 00:25:38,0,0,0,0,0,0,1,0,0
1,25,42,From Throw In,Belgium,3857283,0 days 00:25:42,0,0,0,0,0,0,1,0,0
1,25,45,From Throw In,Belgium,3857283,0 days 00:25:45,0,0,0,0,0,0,1,0,0
1,25,48,From Throw In,Belgium,3857283,0 days 00:25:48,0,0,0,0,0,0,1,0,0
1,25,51,From Throw In,Belgium,3857283,0 days 00:25:51,0,0,0,0,0,0,1,0,0
1,25,56,From Throw In,Belgium,3857283,0 days 00:25:56,0,0,0,0,0,0,1,0,0
1,25,57,From Throw In,Belgium,3857283,0 days 00:25:57,0,0,0,0,0,0,1,0,0
1,26,0,From Throw In,Belgium,3857283,0 days 00:26:00,0,0,0,0,0,0,1,0,0
1,26,4,From Throw In,Belgium,3857283,0 days 00:26:04,0,0,0,0,0,0,1,0,0
1,26,6,From Throw In,Belgium,3857283,0 days 00:26:06,0,0,0,0,0,0,1,0,0
1,26,35,From Goal Kick,Morocco,3857283,0 days 00:26:35,0,0,0,0,0,0,1,0,0
1,26,39,From Goal Kick,Morocco,3857283,0 days 00:26:39,0,0,0,0,0,0,1,0,0
1,26,44,From Goal Kick,Morocco,3857283,0 days 00:26:44,0,0,0,0,0,0,1,0,0
1,26,47,From Goal Kick,Morocco,3857283,0 days 00:26:47,0,0,0,0,0,0,1,0,0
1,26,49,From Goal Kick,Morocco,3857283,0 days 00:26:49,0,0,0,0,0,0,1,0,0
1,26,50,From Goal Kick,Morocco,3857283,0 days 00:26:50,0,0,0,0,0,0,1,0,0
1,26,52,From Goal Kick,Morocco,3857283,0 days 00:26:52,0,0,0,0,0,0,1,0,0
1,26,54,From Goal Kick,Morocco,3857283,0 days 00:26:54,0,0,0,0,0,0,1,0,0
1,26,56,From Goal Kick,Morocco,3857283,0 days 00:26:56,0,0,0,0,0,0,1,0,0
1,26,58,From Goal Kick,Morocco,3857283,0 days 00:26:58,0,0,0,0,0,0,1,0,0
1,27,5,From Goal Kick,Morocco,3857283,0 days 00:27:05,0,0,0,0,0,0,1,0,0
1,27,12,From Goal Kick,Morocco,3857283,0 days 00:27:12,0,0,0,0,0,0,1,0,0
1,27,13,From Goal Kick,Morocco,3857283,0 days 00:27:13,0,0,0,0,0,0,1,0,0
1,27,15,From Goal Kick,Morocco,3857283,0 days 00:27:15,0,0,0,0,0,0,1,0,0
1,27,24,From Goal Kick,Morocco,3857283,0 days 00:27:24,0,0,0,0,0,0,1,0,0
1,27,26,From Goal Kick,Morocco,3857283,0 days 00:27:26,0,0,0,0,0,0,1,0,0
1,27,27,From Goal Kick,Morocco,3857283,0 days 00:27:27,0,0,0,0,0,0,0,1,0
1,27,43,From Goal Kick,Belgium,3857283,0 days 00:27:43,0,0,0,0,0,0,1,0,0
1,27,46,From Goal Kick,Belgium,3857283,0 days 00:27:46,0,0,0,0,0,0,1,0,0
1,27,48,From Goal Kick,Morocco,3857283,0 days 00:27:48,1,0,0,0,0,0,0,0,0
1,27,50,From Goal Kick,Morocco,3857283,0 days 00:27:50,0,0,0,0,0,0,1,0,0
1,27,50,From Goal Kick,Belgium,3857283,0 days 00:27:50,0,0,0,0,0,0,1,0,0
1,27,52,From Goal Kick,Belgium,3857283,0 days 00:27:52,0,0,0,0,1,0,0,0,0
1,28,50,From Free Kick,Morocco,3857283,0 days 00:28:50,0,0,0,0,0,0,1,0,0
1,29,2,From Goal Kick,Belgium,3857283,0 days 00:29:02,0,0,0,0,0,0,1,0,0
1,29,7,From Goal Kick,Belgium,3857283,0 days 00:29:07,0,0,0,0,0,0,1,0,0
1,29,13,From Goal Kick,Belgium,3857283,0 days 00:29:13,0,0,0,0,0,0,1,0,0
1,29,19,From Goal Kick,Belgium,3857283,0 days 00:29:19,0,0,0,0,0,0,1,0,0
1,29,22,From Goal Kick,Belgium,3857283,0 days 00:29:22,0,0,0,0,0,0,1,0,0
1,29,23,From Goal Kick,Belgium,3857283,0 days 00:29:23,0,0,0,0,0,0,1,0,0
1,29,26,From Goal Kick,Belgium,3857283,0 days 00:29:26,0,0,0,0,0,0,1,0,0
1,29,30,From Goal Kick,Belgium,3857283,0 days 00:29:30,0,0,0,0,0,0,1,0,0
1,29,33,From Goal Kick,Belgium,3857283,0 days 00:29:33,0,0,0,0,0,0,1,0,0
1,29,35,From Goal Kick,Belgium,3857283,0 days 00:29:35,0,0,0,0,0,0,1,0,0
1,29,38,From Goal Kick,Belgium,3857283,0 days 00:29:38,0,0,0,0,0,0,1,0,0
1,29,39,From Goal Kick,Belgium,3857283,0 days 00:29:39,0,0,0,0,0,0,1,0,0
1,29,40,From Goal Kick,Belgium,3857283,0 days 00:29:40,0,0,0,0,0,0,1,0,0
1,29,43,From Goal Kick,Morocco,3857283,0 days 00:29:43,0,0,0,0,1,0,0,0,0
1,29,58,From Free Kick,Belgium,3857283,0 days 00:29:58,0,0,0,0,0,0,1,0,0
1,30,0,From Free Kick,Belgium,3857283,0 days 00:30:00,0,0,0,0,0,0,1,0,0
1,30,5,From Free Kick,Belgium,3857283,0 days 00:30:05,0,0,0,0,0,0,1,0,0
1,30,6,From Free Kick,Belgium,3857283,0 days 00:30:06,0,0,0,0,0,0,1,0,0
1,30,7,Regular Play,Morocco,3857283,0 days 00:30:07,0,0,0,0,0,0,1,0,0
1,30,10,Regular Play,Morocco,3857283,0 days 00:30:10,0,0,0,0,0,0,1,0,0
1,30,13,Regular Play,Morocco,3857283,0 days 00:30:13,0,0,0,0,0,0,1,0,0
1,30,14,Regular Play,Morocco,3857283,0 days 00:30:14,0,0,0,0,0,0,1,0,0
1,30,18,Regular Play,Morocco,3857283,0 days 00:30:18,0,0,0,0,0,0,1,0,0
1,30,24,Regular Play,Morocco,3857283,0 days 00:30:24,0,0,0,0,0,0,1,0,0
1,30,28,Regular Play,Morocco,3857283,0 days 00:30:28,0,0,0,0,0,0,1,0,0
1,30,30,Regular Play,Morocco,3857283,0 days 00:30:30,0,0,0,1,0,0,0,0,0
1,30,30,Regular Play,Belgium,3857283,0 days 00:30:30,0,0,0,0,0,0,0,0,1
1,30,34,Regular Play,Belgium,3857283,0 days 00:30:34,0,0,0,0,0,0,1,0,0
1,30,36,Regular Play,Morocco,3857283,0 days 00:30:36,0,0,0,0,0,1,0,0,0
1,30,40,Regular Play,Morocco,3857283,0 days 00:30:40,0,0,0,0,0,0,1,0,0
1,30,41,Regular Play,Morocco,3857283,0 days 00:30:41,0,0,0,0,0,0,1,0,0
1,30,42,Regular Play,Morocco,3857283,0 days 00:30:42,0,0,0,0,0,0,1,0,0
1,30,44,Regular Play,Morocco,3857283,0 days 00:30:44,0,0,0,0,0,0,1,0,0
1,30,46,Regular Play,Morocco,3857283,0 days 00:30:46,0,0,0,0,0,0,1,0,0
1,30,48,Regular Play,Belgium,3857283,0 days 00:30:48,0,0,0,0,0,0,1,0,0
1,30,50,Regular Play,Belgium,3857283,0 days 00:30:50,0,0,0,0,0,0,1,0,0
1,30,52,Regular Play,Belgium,3857283,0 days 00:30:52,0,0,0,0,0,0,1,0,0
1,30,54,Regular Play,Belgium,3857283,0 days 00:30:54,0,0,0,0,0,0,1,0,0
1,30,54,Regular Play,Morocco,3857283,0 days 00:30:54,0,0,0,0,0,1,0,0,0
1,30,56,Regular Play,Morocco,3857283,0 days 00:30:56,0,0,0,0,0,0,1,0,0
1,30,57,Regular Play,Morocco,3857283,0 days 00:30:57,0,0,0,0,1,0,0,0,0
1,31,25,From Free Kick,Belgium,3857283,0 days 00:31:25,0,0,0,0,0,0,1,0,0
1,31,28,From Free Kick,Belgium,3857283,0 days 00:31:28,0,0,0,0,0,0,1,0,0
1,31,32,From Free Kick,Belgium,3857283,0 days 00:31:32,0,0,0,0,0,0,1,0,0
1,31,33,From Free Kick,Belgium,3857283,0 days 00:31:33,0,0,0,0,0,0,1,0,0
1,31,38,From Free Kick,Belgium,3857283,0 days 00:31:38,0,0,0,0,0,0,1,0,0
1,31,40,From Free Kick,Belgium,3857283,0 days 00:31:40,0,0,0,0,0,0,1,0,0
1,31,41,From Free Kick,Belgium,3857283,0 days 00:31:41,0,0,0,0,0,0,1,0,0
1,31,43,From Free Kick,Belgium,3857283,0 days 00:31:43,0,0,0,0,0,0,1,0,0
1,31,49,From Free Kick,Belgium,3857283,0 days 00:31:49,0,0,0,0,0,0,1,0,0
1,31,54,From Free Kick,Belgium,3857283,0 days 00:31:54,0,0,0,0,0,0,1,0,0
1,31,58,From Free Kick,Belgium,3857283,0 days 00:31:58,0,0,0,0,0,0,1,0,0
1,22,7,From Goal Kick,Germany,3857284,0 days 00:22:07,0,0,0,0,0,0,1,0,0
1,22,9,From Goal Kick,Germany,3857284,0 days 00:22:09,0,0,0,0,0,0,1,0,0
1,22,12,From Goal Kick,Germany,3857284,0 days 00:22:12,0,0,0,0,0,0,1,0,0
1,22,15,From Goal Kick,Germany,3857284,0 days 00:22:15,0,0,0,0,0,0,1,0,0
1,22,20,From Goal Kick,Germany,3857284,0 days 00:22:20,0,0,0,0,0,0,1,0,0
1,22,23,From Goal Kick,Germany,3857284,0 days 00:22:23,0,0,0,0,0,0,1,0,0
1,22,25,From Goal Kick,Germany,3857284,0 days 00:22:25,0,0,0,0,0,0,1,0,0
1,22,28,From Goal Kick,Germany,3857284,0 days 00:22:28,0,0,0,0,0,0,1,0,0
1,22,33,From Goal Kick,Germany,3857284,0 days 00:22:33,0,0,0,0,0,0,1,0,0
1,22,35,From Goal Kick,Germany,3857284,0 days 00:22:35,0,0,0,0,0,0,1,0,0
1,22,38,From Goal Kick,Germany,3857284,0 days 00:22:38,0,0,0,0,0,0,1,0,0
1,22,43,From Goal Kick,Germany,3857284,0 days 00:22:43,0,0,0,0,0,0,1,0,0
1,22,44,From Goal Kick,Germany,3857284,0 days 00:22:44,0,0,0,0,0,0,1,0,0
1,22,46,From Goal Kick,Germany,3857284,0 days 00:22:46,0,0,0,0,0,0,1,0,0
1,22,50,From Goal Kick,Germany,3857284,0 days 00:22:50,0,0,0,0,0,0,1,0,0
1,22,52,From Goal Kick,Germany,3857284,0 days 00:22:52,0,0,0,0,0,0,1,0,0
1,22,54,From Goal Kick,Germany,3857284,0 days 00:22:54,0,0,0,0,0,0,1,0,0
1,23,3,From Throw In,Germany,3857284,0 days 00:23:03,0,0,0,0,0,0,1,0,0
1,23,8,From Throw In,Germany,3857284,0 days 00:23:08,0,0,0,0,0,0,1,0,0
1,23,10,From Throw In,Germany,3857284,0 days 00:23:10,0,0,0,0,0,0,1,0,0
1,23,14,From Throw In,Germany,3857284,0 days 00:23:14,0,0,0,0,0,0,1,0,0
1,23,18,From Throw In,Germany,3857284,0 days 00:23:18,0,0,0,0,0,0,1,0,0
1,23,20,From Throw In,Germany,3857284,0 days 00:23:20,0,0,0,0,0,0,1,0,0
1,23,24,From Throw In,Germany,3857284,0 days 00:23:24,0,0,0,0,0,0,1,0,0
1,23,27,From Throw In,Germany,3857284,0 days 00:23:27,0,0,0,0,0,0,1,0,0
1,23,29,From Throw In,Germany,3857284,0 days 00:23:29,0,0,0,0,0,0,1,0,0
1,23,33,From Throw In,Germany,3857284,0 days 00:23:33,0,0,0,0,0,0,1,0,0
1,23,37,From Throw In,Germany,3857284,0 days 00:23:37,0,0,0,0,0,0,1,0,0
1,23,41,From Throw In,Germany,3857284,0 days 00:23:41,0,0,0,0,0,0,1,0,0
1,23,46,From Throw In,Germany,3857284,0 days 00:23:46,0,0,0,0,0,0,1,0,0
1,23,49,From Throw In,Germany,3857284,0 days 00:23:49,0,0,0,0,0,0,1,0,0
1,23,50,From Throw In,Germany,3857284,0 days 00:23:50,0,0,0,0,0,0,1,0,0
1,23,50,From Throw In,Germany,3857284,0 days 00:23:50,0,0,0,0,0,0,1,0,0
1,23,51,From Throw In,Japan,3857284,0 days 00:23:51,0,1,0,0,0,0,0,0,0
1,23,52,From Throw In,Japan,3857284,0 days 00:23:52,1,0,0,0,0,0,0,0,0
1,23,53,From Throw In,Japan,3857284,0 days 00:23:53,0,0,0,0,0,0,1,0,0
1,23,55,From Throw In,Germany,3857284,0 days 00:23:55,0,0,0,0,0,0,1,0,0
1,23,58,From Throw In,Germany,3857284,0 days 00:23:58,0,0,0,0,0,0,1,0,0
1,24,0,From Throw In,Germany,3857284,0 days 00:24:00,0,0,0,0,0,0,1,0,0
1,24,2,From Throw In,Japan,3857284,0 days 00:24:02,0,0,0,0,0,0,1,0,0
1,24,6,From Throw In,Germany,3857284,0 days 00:24:06,1,0,0,0,0,0,0,0,0
1,24,8,From Throw In,Germany,3857284,0 days 00:24:08,0,0,1,0,0,0,0,0,0
1,24,8,From Throw In,Japan,3857284,0 days 00:24:08,0,0,0,0,0,0,0,0,1
1,24,51,From Throw In,Germany,3857284,0 days 00:24:51,0,0,0,0,0,0,1,0,0
1,24,54,From Throw In,Japan,3857284,0 days 00:24:54,0,1,0,0,0,0,0,0,0
1,25,10,From Throw In,Germany,3857284,0 days 00:25:10,0,0,0,0,0,0,1,0,0
1,25,12,From Throw In,Germany,3857284,0 days 00:25:12,0,0,0,0,0,0,1,0,0
1,25,21,From Throw In,Germany,3857284,0 days 00:25:21,0,0,0,0,0,0,1,0,0
1,25,23,From Throw In,Germany,3857284,0 days 00:25:23,0,0,0,0,0,0,1,0,0
1,25,26,From Throw In,Germany,3857284,0 days 00:25:26,0,0,1,0,0,0,0,0,0
1,25,26,From Throw In,Japan,3857284,0 days 00:25:26,0,0,0,0,0,0,0,0,1
1,25,38,From Throw In,Germany,3857284,0 days 00:25:38,0,0,0,0,0,0,1,0,0
1,25,40,From Throw In,Germany,3857284,0 days 00:25:40,0,0,0,0,0,0,1,0,0
1,25,41,From Throw In,Germany,3857284,0 days 00:25:41,0,0,0,0,0,0,1,0,0
1,25,42,From Throw In,Germany,3857284,0 days 00:25:42,0,0,0,0,0,0,1,0,0
1,25,44,From Throw In,Germany,3857284,0 days 00:25:44,0,0,0,0,0,0,1,0,0
1,25,47,From Throw In,Germany,3857284,0 days 00:25:47,0,0,0,0,0,0,1,0,0
1,25,48,From Throw In,Germany,3857284,0 days 00:25:48,0,0,0,0,0,0,1,0,0
1,25,52,From Throw In,Germany,3857284,0 days 00:25:52,0,0,0,0,0,0,1,0,0
1,25,53,From Throw In,Germany,3857284,0 days 00:25:53,0,0,0,0,0,0,0,1,0
1,25,54,From Throw In,Germany,3857284,0 days 00:25:54,0,0,0,0,0,0,1,0,0
1,25,56,From Throw In,Japan,3857284,0 days 00:25:56,0,1,0,0,0,0,0,0,0
1,25,58,From Throw In,Germany,3857284,0 days 00:25:58,0,0,0,0,0,0,1,0,0
1,26,1,From Throw In,Germany,3857284,0 days 00:26:01,0,0,0,0,0,0,1,0,0
1,26,2,From Throw In,Germany,3857284,0 days 00:26:02,0,0,0,0,0,0,1,0,0
1,26,4,From Throw In,Germany,3857284,0 days 00:26:04,0,0,0,0,0,0,1,0,0
1,26,6,From Throw In,Germany,3857284,0 days 00:26:06,0,0,0,0,0,0,1,0,0
1,26,9,From Throw In,Germany,3857284,0 days 00:26:09,0,0,0,0,0,0,1,0,0
1,26,16,From Throw In,Germany,3857284,0 days 00:26:16,0,0,0,0,0,0,1,0,0
1,26,21,From Throw In,Germany,3857284,0 days 00:26:21,0,0,0,0,0,0,1,0,0
1,26,28,From Throw In,Germany,3857284,0 days 00:26:28,0,0,0,0,0,0,1,0,0
1,26,32,From Throw In,Germany,3857284,0 days 00:26:32,0,0,0,0,0,0,1,0,0
1,26,33,From Throw In,Germany,3857284,0 days 00:26:33,0,0,0,0,0,0,1,0,0
1,26,37,From Throw In,Germany,3857284,0 days 00:26:37,0,0,0,0,0,0,1,0,0
1,26,39,From Throw In,Germany,3857284,0 days 00:26:39,0,0,0,0,0,0,1,0,0
1,26,42,From Throw In,Germany,3857284,0 days 00:26:42,0,0,0,0,0,0,1,0,0
1,26,45,From Throw In,Germany,3857284,0 days 00:26:45,0,0,0,0,0,0,1,0,0
1,26,46,From Throw In,Japan,3857284,0 days 00:26:46,0,1,0,0,0,0,0,0,0
1,26,54,From Throw In,Germany,3857284,0 days 00:26:54,0,0,0,0,0,0,1,0,0
1,26,58,From Throw In,Germany,3857284,0 days 00:26:58,0,0,0,0,0,0,1,0,0
1,27,3,From Throw In,Germany,3857284,0 days 00:27:03,0,0,0,0,0,0,1,0,0
1,27,7,From Throw In,Germany,3857284,0 days 00:27:07,0,0,0,0,0,0,1,0,0
1,27,12,From Throw In,Germany,3857284,0 days 00:27:12,0,0,0,0,0,0,1,0,0
1,27,15,From Throw In,Germany,3857284,0 days 00:27:15,0,0,0,0,0,0,1,0,0
1,27,16,From Throw In,Germany,3857284,0 days 00:27:16,0,0,0,0,0,0,1,0,0
1,27,17,From Throw In,Germany,3857284,0 days 00:27:17,0,0,0,0,0,0,1,0,0
1,27,19,From Throw In,Germany,3857284,0 days 00:27:19,0,0,0,0,0,0,1,0,0
1,27,23,From Throw In,Germany,3857284,0 days 00:27:23,0,0,0,0,0,0,1,0,0
1,27,25,From Throw In,Germany,3857284,0 days 00:27:25,0,0,0,0,0,0,1,0,0
1,27,27,From Throw In,Germany,3857284,0 days 00:27:27,0,0,0,0,0,0,1,0,0
1,27,29,From Throw In,Germany,3857284,0 days 00:27:29,0,0,0,0,0,0,1,0,0
1,27,31,From Throw In,Germany,3857284,0 days 00:27:31,0,0,0,0,0,0,0,1,0
1,27,54,From Keeper,Japan,3857284,0 days 00:27:54,0,0,0,0,0,0,1,0,0
1,27,56,From Keeper,Japan,3857284,0 days 00:27:56,0,0,0,0,0,0,1,0,0
1,27,59,From Keeper,Japan,3857284,0 days 00:27:59,0,0,0,0,0,0,1,0,0
1,28,5,From Throw In,Germany,3857284,0 days 00:28:05,0,0,0,0,0,0,1,0,0
1,28,12,From Throw In,Germany,3857284,0 days 00:28:12,0,0,0,0,0,0,1,0,0
1,28,18,From Throw In,Germany,3857284,0 days 00:28:18,0,0,0,0,0,0,1,0,0
1,28,22,From Throw In,Germany,3857284,0 days 00:28:22,0,0,0,0,0,0,1,0,0
1,28,24,From Throw In,Germany,3857284,0 days 00:28:24,0,0,0,0,0,0,1,0,0
1,28,27,From Throw In,Germany,3857284,0 days 00:28:27,0,0,0,0,0,0,1,0,0
1,28,32,From Throw In,Germany,3857284,0 days 00:28:32,0,0,0,0,0,0,1,0,0
1,28,33,From Throw In,Japan,3857284,0 days 00:28:33,0,0,0,0,0,0,1,0,0
1,28,34,From Throw In,Germany,3857284,0 days 00:28:34,1,0,0,0,0,0,0,0,0
1,28,35,From Throw In,Germany,3857284,0 days 00:28:35,0,0,0,0,0,0,1,0,0
1,28,37,From Throw In,Germany,3857284,0 days 00:28:37,0,0,0,0,0,0,1,0,0
1,28,38,From Throw In,Germany,3857284,0 days 00:28:38,1,0,0,0,0,0,0,0,0
1,28,39,From Throw In,Germany,3857284,0 days 00:28:39,1,0,0,0,0,0,0,0,0
1,28,39,From Throw In,Germany,3857284,0 days 00:28:39,0,0,0,0,0,0,0,1,0
1,28,41,From Throw In,Japan,3857284,0 days 00:28:41,0,1,0,0,0,0,0,0,0
1,28,42,From Throw In,Germany,3857284,0 days 00:28:42,1,0,0,0,0,0,0,0,0
1,28,44,From Throw In,Germany,3857284,0 days 00:28:44,0,0,0,0,0,0,1,0,0
1,28,47,From Throw In,Germany,3857284,0 days 00:28:47,0,0,0,0,0,0,1,0,0
1,28,48,From Throw In,Japan,3857284,0 days 00:28:48,0,1,0,0,0,0,0,0,0
1,28,59,From Throw In,Germany,3857284,0 days 00:28:59,0,0,0,0,0,0,1,0,0
1,29,4,From Throw In,Germany,3857284,0 days 00:29:04,0,0,0,0,0,0,1,0,0
1,29,5,From Throw In,Germany,3857284,0 days 00:29:05,0,0,0,0,0,0,1,0,0
1,29,7,Regular Play,Japan,3857284,0 days 00:29:07,1,0,0,0,0,0,0,0,0
1,29,9,Regular Play,Japan,3857284,0 days 00:29:09,0,0,0,0,0,0,1,0,0
1,29,11,Regular Play,Germany,3857284,0 days 00:29:11,0,0,0,0,0,0,1,0,0
1,29,14,Regular Play,Japan,3857284,0 days 00:29:14,1,0,0,0,0,0,0,0,0
1,29,17,Regular Play,Germany,3857284,0 days 00:29:17,1,0,0,0,0,0,0,0,0
1,29,19,Regular Play,Japan,3857284,0 days 00:29:19,0,0,0,0,1,0,0,0,0
1,29,26,From Free Kick,Germany,3857284,0 days 00:29:26,0,0,0,0,0,0,1,0,0
1,29,28,From Free Kick,Germany,3857284,0 days 00:29:28,0,0,0,0,0,0,1,0,0
1,29,33,From Free Kick,Germany,3857284,0 days 00:29:33,0,0,0,0,0,0,1,0,0
1,29,36,From Free Kick,Germany,3857284,0 days 00:29:36,0,0,0,0,0,0,1,0,0
1,29,40,From Free Kick,Germany,3857284,0 days 00:29:40,0,0,0,0,0,0,1,0,0
1,29,42,From Free Kick,Germany,3857284,0 days 00:29:42,0,0,0,0,0,0,1,0,0
1,29,44,From Free Kick,Germany,3857284,0 days 00:29:44,0,0,0,0,0,0,1,0,0
1,29,49,From Free Kick,Germany,3857284,0 days 00:29:49,0,0,0,0,0,0,1,0,0
1,29,52,From Free Kick,Germany,3857284,0 days 00:29:52,0,0,0,0,0,0,1,0,0
1,29,57,From Free Kick,Germany,3857284,0 days 00:29:57,0,0,0,0,0,0,1,0,0
1,30,0,From Free Kick,Germany,3857284,0 days 00:30:00,0,0,0,0,0,0,1,0,0
1,30,1,From Free Kick,Germany,3857284,0 days 00:30:01,0,0,0,0,0,0,1,0,0
1,30,4,From Free Kick,Germany,3857284,0 days 00:30:04,0,0,0,0,0,0,1,0,0
1,30,9,From Free Kick,Germany,3857284,0 days 00:30:09,0,0,0,0,0,0,1,0,0
1,30,12,From Free Kick,Germany,3857284,0 days 00:30:12,0,0,0,0,0,0,1,0,0
1,30,16,From Free Kick,Germany,3857284,0 days 00:30:16,0,0,0,0,0,0,1,0,0
1,30,19,From Free Kick,Germany,3857284,0 days 00:30:19,0,0,0,0,0,0,1,0,0
1,30,26,From Free Kick,Germany,3857284,0 days 00:30:26,0,0,0,0,0,0,1,0,0
1,30,31,From Free Kick,Germany,3857284,0 days 00:30:31,0,0,0,0,0,0,1,0,0
1,30,32,From Free Kick,Germany,3857284,0 days 00:30:32,0,0,0,0,0,0,1,0,0
1,30,37,From Free Kick,Germany,3857284,0 days 00:30:37,0,0,0,0,0,0,1,0,0
1,30,39,From Free Kick,Germany,3857284,0 days 00:30:39,0,0,0,0,0,0,1,0,0
1,30,43,From Free Kick,Japan,3857284,0 days 00:30:43,0,0,0,0,1,0,0,0,0
1,22,7,From Free Kick,Netherlands,3857285,0 days 00:22:07,0,0,0,0,0,0,1,0,0
1,22,8,From Free Kick,Senegal,3857285,0 days 00:22:08,0,1,0,0,0,0,0,0,0
1,22,9,From Free Kick,Senegal,3857285,0 days 00:22:09,0,1,0,0,0,0,0,0,0
1,22,10,From Free Kick,Senegal,3857285,0 days 00:22:10,1,0,0,0,0,0,0,0,0
1,22,11,From Free Kick,Senegal,3857285,0 days 00:22:11,0,0,0,0,0,0,1,0,0
1,22,17,From Free Kick,Netherlands,3857285,0 days 00:22:17,1,0,0,0,0,0,0,0,0
1,22,27,From Free Kick,Netherlands,3857285,0 days 00:22:27,0,0,0,0,0,0,1,0,0
1,22,32,From Free Kick,Netherlands,3857285,0 days 00:22:32,0,0,0,0,0,0,1,0,0
1,22,35,From Free Kick,Netherlands,3857285,0 days 00:22:35,0,0,0,0,0,0,1,0,0
1,22,36,From Free Kick,Netherlands,3857285,0 days 00:22:36,0,0,0,0,0,0,1,0,0
1,22,39,From Free Kick,Netherlands,3857285,0 days 00:22:39,0,0,0,0,0,0,1,0,0
1,22,41,From Free Kick,Netherlands,3857285,0 days 00:22:41,0,0,0,0,0,0,1,0,0
1,22,43,Regular Play,Senegal,3857285,0 days 00:22:43,0,0,0,0,0,0,1,0,0
1,22,46,Regular Play,Senegal,3857285,0 days 00:22:46,0,0,0,0,0,0,1,0,0
1,22,48,Regular Play,Senegal,3857285,0 days 00:22:48,0,0,0,0,0,0,1,0,0
1,23,8,From Throw In,Netherlands,3857285,0 days 00:23:08,0,0,0,0,0,0,1,0,0
1,23,9,From Throw In,Netherlands,3857285,0 days 00:23:09,0,0,0,0,0,0,1,0,0
1,23,11,From Throw In,Netherlands,3857285,0 days 00:23:11,0,0,1,0,0,0,0,0,0
1,23,11,Regular Play,Senegal,3857285,0 days 00:23:11,0,0,0,0,0,0,0,0,1
1,23,12,Regular Play,Senegal,3857285,0 days 00:23:12,0,0,0,0,0,0,1,0,0
1,23,13,Regular Play,Senegal,3857285,0 days 00:23:13,0,0,0,0,0,0,1,0,0
1,23,19,Regular Play,Netherlands,3857285,0 days 00:23:19,1,0,0,0,0,0,0,0,0
1,23,21,Regular Play,Netherlands,3857285,0 days 00:23:21,0,0,0,1,0,0,0,0,0
1,23,21,Regular Play,Senegal,3857285,0 days 00:23:21,0,0,0,0,0,0,0,0,1
1,23,32,From Throw In,Netherlands,3857285,0 days 00:23:32,0,0,0,0,0,0,1,0,0
1,23,36,From Throw In,Netherlands,3857285,0 days 00:23:36,0,0,0,0,0,0,1,0,0
1,23,41,From Throw In,Netherlands,3857285,0 days 00:23:41,0,0,0,0,0,0,1,0,0
1,23,44,From Throw In,Netherlands,3857285,0 days 00:23:44,0,0,0,0,0,0,1,0,0
1,23,46,From Throw In,Netherlands,3857285,0 days 00:23:46,0,0,0,0,0,0,1,0,0
1,23,48,From Throw In,Netherlands,3857285,0 days 00:23:48,0,0,0,0,0,0,1,0,0
1,23,51,Regular Play,Senegal,3857285,0 days 00:23:51,1,0,0,0,0,0,0,0,0
1,23,55,Regular Play,Senegal,3857285,0 days 00:23:55,0,0,0,0,0,0,1,0,0
1,24,0,Regular Play,Senegal,3857285,0 days 00:24:00,0,0,0,0,0,0,1,0,0
1,24,4,Regular Play,Senegal,3857285,0 days 00:24:04,0,0,0,0,0,0,1,0,0
1,24,6,Regular Play,Netherlands,3857285,0 days 00:24:06,0,0,0,0,1,0,0,0,0
1,24,22,From Free Kick,Senegal,3857285,0 days 00:24:22,0,0,0,0,0,0,1,0,0
1,24,23,From Free Kick,Senegal,3857285,0 days 00:24:23,0,0,0,0,0,0,1,0,0
1,24,27,From Free Kick,Senegal,3857285,0 days 00:24:27,0,0,0,0,0,0,1,0,0
1,24,30,From Free Kick,Senegal,3857285,0 days 00:24:30,0,0,0,0,0,0,1,0,0
1,24,37,From Free Kick,Senegal,3857285,0 days 00:24:37,0,0,0,1,0,0,0,0,0
1,24,39,From Free Kick,Senegal,3857285,0 days 00:24:39,0,0,0,0,0,0,0,1,0
1,25,0,From Corner,Senegal,3857285,0 days 00:25:00,0,0,0,0,0,0,1,0,0
1,25,1,From Corner,Senegal,3857285,0 days 00:25:01,0,0,0,0,0,0,1,0,0
1,25,3,From Corner,Senegal,3857285,0 days 00:25:03,0,0,0,0,0,0,1,0,0
1,25,6,From Corner,Netherlands,3857285,0 days 00:25:06,0,1,0,0,0,0,0,0,0
1,25,7,From Corner,Senegal,3857285,0 days 00:25:07,1,0,0,0,0,0,0,0,0
1,25,9,From Corner,Senegal,3857285,0 days 00:25:09,0,0,0,0,0,0,1,0,0
1,25,11,From Corner,Senegal,3857285,0 days 00:25:11,0,0,0,0,0,0,1,0,0
1,25,13,From Corner,Senegal,3857285,0 days 00:25:13,0,0,0,0,0,0,1,0,0
1,25,16,From Corner,Senegal,3857285,0 days 00:25:16,0,0,1,0,0,0,0,0,0
1,25,16,Regular Play,Netherlands,3857285,0 days 00:25:16,0,0,0,0,0,0,0,0,1
1,25,17,Regular Play,Netherlands,3857285,0 days 00:25:17,0,0,0,0,0,0,1,0,0
1,25,17,Regular Play,Netherlands,3857285,0 days 00:25:17,0,0,0,0,0,0,1,0,0
1,25,18,Regular Play,Netherlands,3857285,0 days 00:25:18,0,0,0,0,0,0,1,0,0
1,25,21,Regular Play,Netherlands,3857285,0 days 00:25:21,0,0,0,0,0,0,1,0,0
1,25,24,Regular Play,Senegal,3857285,0 days 00:25:24,0,0,0,0,0,0,1,0,0
1,25,27,Regular Play,Senegal,3857285,0 days 00:25:27,0,0,0,0,0,0,1,0,0
1,25,28,Regular Play,Senegal,3857285,0 days 00:25:28,0,0,0,0,0,0,1,0,0
1,25,30,Regular Play,Senegal,3857285,0 days 00:25:30,0,0,0,0,0,0,1,0,0
1,25,33,Regular Play,Senegal,3857285,0 days 00:25:33,0,0,1,0,0,0,0,0,0
1,25,33,Regular Play,Netherlands,3857285,0 days 00:25:33,0,0,0,0,0,0,0,0,1
1,25,34,Regular Play,Netherlands,3857285,0 days 00:25:34,1,0,0,0,0,0,0,0,0
1,25,35,Regular Play,Netherlands,3857285,0 days 00:25:35,0,0,0,0,0,0,1,0,0
1,25,37,Regular Play,Netherlands,3857285,0 days 00:25:37,0,0,0,0,0,0,1,0,0
1,25,43,Regular Play,Netherlands,3857285,0 days 00:25:43,0,0,0,0,0,0,1,0,0
1,25,45,Regular Play,Netherlands,3857285,0 days 00:25:45,0,0,0,0,0,0,1,0,0
1,25,51,Regular Play,Netherlands,3857285,0 days 00:25:51,0,0,0,0,0,0,1,0,0
1,25,59,Regular Play,Netherlands,3857285,0 days 00:25:59,0,0,0,0,0,0,1,0,0
1,26,2,Regular Play,Netherlands,3857285,0 days 00:26:02,0,0,0,0,0,0,1,0,0
1,26,36,From Corner,Netherlands,3857285,0 days 00:26:36,0,0,0,0,0,0,1,0,0
1,26,38,From Corner,Netherlands,3857285,0 days 00:26:38,0,0,0,0,0,0,0,1,0
1,27,6,From Goal Kick,Senegal,3857285,0 days 00:27:06,0,0,0,0,0,0,1,0,0
1,27,9,From Goal Kick,Senegal,3857285,0 days 00:27:09,0,0,0,0,0,0,1,0,0
1,27,11,From Goal Kick,Senegal,3857285,0 days 00:27:11,0,0,0,0,0,0,1,0,0
1,27,13,From Goal Kick,Senegal,3857285,0 days 00:27:13,0,0,0,0,0,0,1,0,0
1,27,16,From Goal Kick,Senegal,3857285,0 days 00:27:16,0,0,0,0,0,0,1,0,0
1,27,19,From Goal Kick,Netherlands,3857285,0 days 00:27:19,0,0,0,0,1,0,0,0,0
1,27,29,From Free Kick,Senegal,3857285,0 days 00:27:29,0,0,0,0,0,0,1,0,0
1,27,38,From Free Kick,Senegal,3857285,0 days 00:27:38,0,0,0,0,0,0,1,0,0
1,27,41,From Free Kick,Senegal,3857285,0 days 00:27:41,0,0,0,0,0,0,1,0,0
1,27,43,From Free Kick,Senegal,3857285,0 days 00:27:43,0,0,0,0,0,0,1,0,0
1,27,44,From Free Kick,Senegal,3857285,0 days 00:27:44,0,0,0,0,0,0,1,0,0
1,27,48,From Free Kick,Senegal,3857285,0 days 00:27:48,0,0,0,0,0,0,1,0,0
1,27,50,From Free Kick,Senegal,3857285,0 days 00:27:50,0,0,0,0,0,0,1,0,0
1,27,51,From Free Kick,Senegal,3857285,0 days 00:27:51,0,0,0,0,0,0,1,0,0
1,27,52,From Free Kick,Netherlands,3857285,0 days 00:27:52,0,0,0,0,0,1,0,0,0
1,27,54,From Free Kick,Senegal,3857285,0 days 00:27:54,1,0,0,0,0,0,0,0,0
1,27,55,From Free Kick,Senegal,3857285,0 days 00:27:55,0,0,0,0,0,0,1,0,0
1,27,56,From Free Kick,Senegal,3857285,0 days 00:27:56,0,0,0,0,0,0,1,0,0
1,27,59,From Free Kick,Senegal,3857285,0 days 00:27:59,0,0,0,0,0,0,1,0,0
1,28,1,From Free Kick,Senegal,3857285,0 days 00:28:01,0,0,0,0,0,0,1,0,0
1,28,3,From Free Kick,Senegal,3857285,0 days 00:28:03,0,0,0,0,0,0,1,0,0
1,28,4,From Free Kick,Senegal,3857285,0 days 00:28:04,0,0,0,0,0,0,1,0,0
1,28,7,From Free Kick,Netherlands,3857285,0 days 00:28:07,1,0,0,0,0,0,0,0,0
1,28,13,From Free Kick,Netherlands,3857285,0 days 00:28:13,0,0,0,0,0,0,1,0,0
1,28,16,From Free Kick,Senegal,3857285,0 days 00:28:16,1,0,0,0,0,0,0,0,0
1,28,19,From Free Kick,Senegal,3857285,0 days 00:28:19,0,0,0,0,0,0,1,0,0
1,28,20,From Free Kick,Senegal,3857285,0 days 00:28:20,0,0,0,0,0,0,0,1,0
1,28,21,From Free Kick,Senegal,3857285,0 days 00:28:21,1,0,0,0,0,0,0,0,0
1,28,25,From Free Kick,Senegal,3857285,0 days 00:28:25,0,0,0,0,0,0,1,0,0
1,28,26,From Free Kick,Senegal,3857285,0 days 00:28:26,0,0,0,0,0,0,1,0,0
1,28,29,From Free Kick,Senegal,3857285,0 days 00:28:29,0,0,0,0,0,0,1,0,0
1,28,35,From Free Kick,Senegal,3857285,0 days 00:28:35,0,0,0,0,0,0,0,1,0
1,28,51,From Goal Kick,Netherlands,3857285,0 days 00:28:51,0,0,0,0,0,0,1,0,0
1,28,59,From Goal Kick,Netherlands,3857285,0 days 00:28:59,0,0,0,0,0,0,1,0,0
1,29,1,From Goal Kick,Netherlands,3857285,0 days 00:29:01,0,0,0,0,0,0,1,0,0
1,29,5,From Goal Kick,Netherlands,3857285,0 days 00:29:05,0,0,0,0,0,0,1,0,0
1,29,13,From Goal Kick,Netherlands,3857285,0 days 00:29:13,0,0,0,0,0,0,1,0,0
1,29,15,From Goal Kick,Netherlands,3857285,0 days 00:29:15,0,0,0,0,0,0,1,0,0
1,29,16,From Goal Kick,Senegal,3857285,0 days 00:29:16,0,0,0,0,0,1,0,0,0
1,29,21,From Throw In,Netherlands,3857285,0 days 00:29:21,0,0,0,0,0,0,1,0,0
1,29,27,From Throw In,Netherlands,3857285,0 days 00:29:27,0,0,0,0,0,0,1,0,0
1,29,28,From Throw In,Netherlands,3857285,0 days 00:29:28,0,0,0,0,0,0,1,0,0
1,29,34,From Throw In,Netherlands,3857285,0 days 00:29:34,0,0,0,0,0,0,1,0,0
1,29,38,From Throw In,Netherlands,3857285,0 days 00:29:38,0,0,0,0,0,0,1,0,0
1,29,41,From Throw In,Netherlands,3857285,0 days 00:29:41,0,0,0,0,0,0,1,0,0
1,29,47,From Throw In,Netherlands,3857285,0 days 00:29:47,0,0,0,0,0,0,1,0,0
1,29,53,From Throw In,Netherlands,3857285,0 days 00:29:53,0,0,0,0,0,0,1,0,0
1,29,56,From Throw In,Netherlands,3857285,0 days 00:29:56,0,0,0,0,0,0,1,0,0
1,29,57,From Throw In,Netherlands,3857285,0 days 00:29:57,0,0,0,0,0,0,1,0,0
1,30,22,From Throw In,Senegal,3857285,0 days 00:30:22,0,0,0,0,0,0,1,0,0
1,30,25,From Throw In,Netherlands,3857285,0 days 00:30:25,0,0,0,0,0,0,1,0,0
1,30,29,From Throw In,Senegal,3857285,0 days 00:30:29,0,0,0,0,1,0,0,0,0
1,31,48,From Free Kick,Netherlands,3857285,0 days 00:31:48,0,0,0,0,0,0,1,0,0
1,31,50,From Free Kick,Senegal,3857285,0 days 00:31:50,0,1,0,0,0,0,0,0,0
1,31,54,Regular Play,Senegal,3857285,0 days 00:31:54,0,0,0,0,0,0,1,0,0
1,31,57,Regular Play,Senegal,3857285,0 days 00:31:57,0,0,0,0,0,0,1,0,0
1,22,2,From Free Kick,Qatar,3857286,0 days 00:22:02,0,1,0,0,0,0,0,0,0
1,22,5,From Free Kick,Ecuador,3857286,0 days 00:22:05,0,0,0,0,0,0,1,0,0
1,22,6,From Free Kick,Qatar,3857286,0 days 00:22:06,0,0,0,0,0,0,1,0,0
1,22,7,From Free Kick,Qatar,3857286,0 days 00:22:07,0,0,0,0,0,0,1,0,0
1,22,8,From Free Kick,Ecuador,3857286,0 days 00:22:08,0,0,0,0,0,0,1,0,0
1,22,11,From Free Kick,Ecuador,3857286,0 days 00:22:11,0,0,0,0,0,0,1,0,0
1,22,13,From Free Kick,Ecuador,3857286,0 days 00:22:13,0,0,0,0,0,0,1,0,0
1,22,14,From Free Kick,Qatar,3857286,0 days 00:22:14,1,0,0,0,0,0,0,0,0
1,22,15,From Free Kick,Qatar,3857286,0 days 00:22:15,0,0,0,0,0,0,1,0,0
1,22,20,From Free Kick,Ecuador,3857286,0 days 00:22:20,0,0,0,0,0,0,1,0,0
1,22,22,From Free Kick,Ecuador,3857286,0 days 00:22:22,0,0,0,0,0,0,1,0,0
1,22,24,From Free Kick,Ecuador,3857286,0 days 00:22:24,0,0,0,0,0,0,1,0,0
1,22,26,From Free Kick,Ecuador,3857286,0 days 00:22:26,0,0,0,0,0,0,1,0,0
1,22,28,From Free Kick,Ecuador,3857286,0 days 00:22:28,0,0,0,0,0,0,1,0,0
1,22,31,From Free Kick,Ecuador,3857286,0 days 00:22:31,0,0,0,0,0,0,1,0,0
1,22,34,From Free Kick,Ecuador,3857286,0 days 00:22:34,0,0,0,0,0,0,1,0,0
1,22,38,From Free Kick,Ecuador,3857286,0 days 00:22:38,0,0,0,0,0,0,1,0,0
1,22,42,From Free Kick,Ecuador,3857286,0 days 00:22:42,0,0,0,0,0,0,1,0,0
1,22,44,From Free Kick,Ecuador,3857286,0 days 00:22:44,0,0,0,0,0,0,1,0,0
1,22,45,From Free Kick,Ecuador,3857286,0 days 00:22:45,0,0,0,0,0,0,1,0,0
1,22,49,From Free Kick,Qatar,3857286,0 days 00:22:49,0,0,0,0,0,0,1,0,0
1,22,51,From Free Kick,Ecuador,3857286,0 days 00:22:51,0,0,0,0,0,0,1,0,0
1,22,55,From Free Kick,Ecuador,3857286,0 days 00:22:55,0,0,0,0,0,0,1,0,0
1,22,57,From Free Kick,Ecuador,3857286,0 days 00:22:57,0,0,0,0,0,0,1,0,0
1,22,59,From Free Kick,Ecuador,3857286,0 days 00:22:59,0,0,0,0,0,0,1,0,0
1,23,8,From Throw In,Qatar,3857286,0 days 00:23:08,0,0,0,0,0,0,1,0,0
1,23,13,From Throw In,Qatar,3857286,0 days 00:23:13,0,0,0,0,0,0,1,0,0
1,23,14,From Throw In,Qatar,3857286,0 days 00:23:14,0,0,0,0,0,0,1,0,0
1,23,18,From Throw In,Qatar,3857286,0 days 00:23:18,0,0,0,0,0,0,1,0,0
1,23,19,From Throw In,Ecuador,3857286,0 days 00:23:19,0,0,0,0,0,0,1,0,0
1,23,40,From Throw In,Qatar,3857286,0 days 00:23:40,0,0,0,0,0,0,1,0,0
1,23,42,From Throw In,Qatar,3857286,0 days 00:23:42,0,0,0,0,0,0,1,0,0
1,23,43,From Throw In,Ecuador,3857286,0 days 00:23:43,0,0,0,0,1,0,0,0,0
1,23,57,From Free Kick,Qatar,3857286,0 days 00:23:57,0,0,0,0,0,0,1,0,0
1,24,5,From Free Kick,Qatar,3857286,0 days 00:24:05,0,0,0,0,0,0,1,0,0
1,24,6,From Free Kick,Ecuador,3857286,0 days 00:24:06,0,0,0,0,0,0,1,0,0
1,24,8,From Free Kick,Qatar,3857286,0 days 00:24:08,0,1,0,0,0,0,0,0,0
1,24,10,From Free Kick,Qatar,3857286,0 days 00:24:10,1,0,0,0,0,0,0,0,0
1,24,12,From Free Kick,Qatar,3857286,0 days 00:24:12,0,0,0,0,0,0,1,0,0
1,24,13,From Free Kick,Qatar,3857286,0 days 00:24:13,0,0,0,0,0,0,1,0,0
1,24,15,From Free Kick,Qatar,3857286,0 days 00:24:15,0,0,0,0,0,0,1,0,0
1,24,18,From Free Kick,Qatar,3857286,0 days 00:24:18,0,0,0,0,0,0,1,0,0
1,24,19,From Free Kick,Qatar,3857286,0 days 00:24:19,0,0,0,0,0,0,1,0,0
1,24,23,From Free Kick,Qatar,3857286,0 days 00:24:23,0,0,0,0,0,0,1,0,0
1,24,28,From Free Kick,Qatar,3857286,0 days 00:24:28,0,0,0,0,0,0,1,0,0
1,24,31,From Free Kick,Qatar,3857286,0 days 00:24:31,0,0,0,0,0,0,1,0,0
1,24,33,Regular Play,Ecuador,3857286,0 days 00:24:33,0,0,0,0,0,1,0,0,0
1,24,33,Regular Play,Ecuador,3857286,0 days 00:24:33,0,0,0,1,0,0,0,0,0
1,24,36,Regular Play,Ecuador,3857286,0 days 00:24:36,0,0,0,0,0,0,1,0,0
1,24,41,Regular Play,Qatar,3857286,0 days 00:24:41,0,1,0,0,0,0,0,0,0
1,24,43,Regular Play,Ecuador,3857286,0 days 00:24:43,0,0,0,0,0,0,1,0,0
1,24,44,Regular Play,Qatar,3857286,0 days 00:24:44,0,0,0,0,1,0,0,0,0
1,25,8,From Free Kick,Ecuador,3857286,0 days 00:25:08,0,0,0,0,0,0,1,0,0
1,25,11,From Free Kick,Ecuador,3857286,0 days 00:25:11,0,0,0,0,0,0,1,0,0
1,25,17,From Free Kick,Ecuador,3857286,0 days 00:25:17,0,0,0,0,0,0,1,0,0
1,25,20,From Free Kick,Qatar,3857286,0 days 00:25:20,0,1,0,0,0,0,0,0,0
1,25,21,From Free Kick,Ecuador,3857286,0 days 00:25:21,1,0,0,0,0,0,0,0,0
1,25,22,From Free Kick,Ecuador,3857286,0 days 00:25:22,0,0,1,0,0,0,0,0,0
1,25,22,Regular Play,Qatar,3857286,0 days 00:25:22,0,0,0,0,0,0,0,0,1
1,25,24,Regular Play,Qatar,3857286,0 days 00:25:24,0,0,0,0,0,0,1,0,0
1,25,26,Regular Play,Qatar,3857286,0 days 00:25:26,0,0,0,0,0,0,1,0,0
1,25,28,Regular Play,Ecuador,3857286,0 days 00:25:28,0,0,0,0,0,0,1,0,0
1,25,33,Regular Play,Ecuador,3857286,0 days 00:25:33,0,0,0,0,0,0,1,0,0
1,25,36,Regular Play,Ecuador,3857286,0 days 00:25:36,0,0,0,0,0,0,1,0,0
1,25,40,Regular Play,Ecuador,3857286,0 days 00:25:40,0,0,0,0,0,0,1,0,0
1,25,42,Regular Play,Ecuador,3857286,0 days 00:25:42,0,0,0,0,0,0,1,0,0
1,25,44,Regular Play,Ecuador,3857286,0 days 00:25:44,0,0,0,0,0,0,1,0,0
1,25,46,Regular Play,Ecuador,3857286,0 days 00:25:46,0,0,0,0,0,0,1,0,0
1,25,49,Regular Play,Ecuador,3857286,0 days 00:25:49,0,0,0,0,0,0,1,0,0
1,25,51,Regular Play,Ecuador,3857286,0 days 00:25:51,0,0,0,1,0,0,0,0,0
1,25,58,Regular Play,Qatar,3857286,0 days 00:25:58,0,0,1,0,0,0,0,0,0
1,25,58,Regular Play,Ecuador,3857286,0 days 00:25:58,0,0,0,0,0,0,0,0,1
1,26,13,From Throw In,Qatar,3857286,0 days 00:26:13,0,0,0,0,0,0,1,0,0
1,26,14,From Throw In,Qatar,3857286,0 days 00:26:14,0,0,0,0,0,0,1,0,0
1,26,19,From Throw In,Qatar,3857286,0 days 00:26:19,0,0,0,0,0,0,1,0,0
1,26,22,Regular Play,Ecuador,3857286,0 days 00:26:22,0,0,0,0,0,0,1,0,0
1,26,26,Regular Play,Ecuador,3857286,0 days 00:26:26,0,0,0,0,0,0,1,0,0
1,26,26,Regular Play,Ecuador,3857286,0 days 00:26:26,0,0,0,0,0,0,1,0,0
1,26,28,Regular Play,Ecuador,3857286,0 days 00:26:28,0,0,0,0,0,0,1,0,0
1,26,31,Regular Play,Ecuador,3857286,0 days 00:26:31,0,0,0,0,0,0,1,0,0
1,26,36,Regular Play,Ecuador,3857286,0 days 00:26:36,0,0,0,0,0,0,1,0,0
1,26,38,Regular Play,Qatar,3857286,0 days 00:26:38,0,0,0,0,0,0,1,0,0
1,26,41,Regular Play,Qatar,3857286,0 days 00:26:41,0,0,0,0,0,0,1,0,0
1,26,53,From Throw In,Ecuador,3857286,0 days 00:26:53,0,0,0,0,0,0,1,0,0
1,26,55,From Throw In,Ecuador,3857286,0 days 00:26:55,0,0,0,0,0,0,1,0,0
1,27,1,From Throw In,Ecuador,3857286,0 days 00:27:01,0,0,0,0,0,0,1,0,0
1,27,2,From Throw In,Ecuador,3857286,0 days 00:27:02,0,0,0,0,0,0,1,0,0
1,27,5,From Throw In,Ecuador,3857286,0 days 00:27:05,0,0,0,0,0,0,1,0,0
1,27,8,From Throw In,Ecuador,3857286,0 days 00:27:08,0,0,0,0,0,0,1,0,0
1,27,11,From Throw In,Ecuador,3857286,0 days 00:27:11,0,0,0,0,0,0,1,0,0
1,27,14,From Throw In,Ecuador,3857286,0 days 00:27:14,0,0,0,0,0,0,1,0,0
1,27,20,From Throw In,Ecuador,3857286,0 days 00:27:20,0,0,0,0,0,0,1,0,0
1,27,22,From Throw In,Ecuador,3857286,0 days 00:27:22,0,0,0,0,0,0,1,0,0
1,27,24,From Throw In,Ecuador,3857286,0 days 00:27:24,0,0,0,0,0,0,1,0,0
1,27,28,From Throw In,Ecuador,3857286,0 days 00:27:28,0,0,0,0,0,0,1,0,0
1,27,32,From Throw In,Ecuador,3857286,0 days 00:27:32,0,0,0,0,0,0,1,0,0
1,27,35,From Throw In,Ecuador,3857286,0 days 00:27:35,0,0,0,0,0,0,1,0,0
1,27,38,From Throw In,Ecuador,3857286,0 days 00:27:38,0,0,0,0,0,0,1,0,0
1,27,40,From Throw In,Ecuador,3857286,0 days 00:27:40,0,0,0,0,0,0,1,0,0
1,27,46,From Throw In,Ecuador,3857286,0 days 00:27:46,0,0,0,0,0,0,1,0,0
1,27,50,From Throw In,Ecuador,3857286,0 days 00:27:50,0,0,0,0,0,0,1,0,0
1,27,52,From Throw In,Ecuador,3857286,0 days 00:27:52,0,0,0,0,0,0,1,0,0
1,27,54,From Throw In,Ecuador,3857286,0 days 00:27:54,0,0,0,0,0,0,1,0,0
1,27,56,From Throw In,Ecuador,3857286,0 days 00:27:56,0,0,0,0,0,0,1,0,0
1,28,0,From Throw In,Ecuador,3857286,0 days 00:28:00,0,0,0,0,0,0,1,0,0
1,28,3,From Throw In,Qatar,3857286,0 days 00:28:03,0,0,0,0,0,0,1,0,0
1,28,6,From Throw In,Ecuador,3857286,0 days 00:28:06,1,0,0,0,0,0,0,0,0
1,28,6,From Throw In,Ecuador,3857286,0 days 00:28:06,0,0,0,1,0,0,0,0,0
1,28,7,From Throw In,Ecuador,3857286,0 days 00:28:07,0,0,0,0,0,0,0,1,0
1,28,21,From Goal Kick,Qatar,3857286,0 days 00:28:21,0,0,0,0,0,0,1,0,0
1,28,23,From Goal Kick,Qatar,3857286,0 days 00:28:23,0,0,0,0,0,0,1,0,0
1,28,25,From Goal Kick,Qatar,3857286,0 days 00:28:25,0,0,0,0,0,0,1,0,0
1,28,28,From Goal Kick,Qatar,3857286,0 days 00:28:28,0,0,0,0,0,0,1,0,0
1,28,29,From Goal Kick,Ecuador,3857286,0 days 00:28:29,0,0,0,0,1,0,0,0,0
1,29,8,From Free Kick,Qatar,3857286,0 days 00:29:08,0,0,0,0,0,0,1,0,0
1,29,14,From Free Kick,Qatar,3857286,0 days 00:29:14,0,0,0,0,0,0,1,0,0
1,29,15,From Free Kick,Qatar,3857286,0 days 00:29:15,0,0,0,0,0,0,1,0,0
1,29,38,From Throw In,Ecuador,3857286,0 days 00:29:38,0,0,0,0,0,0,1,0,0
1,29,43,From Throw In,Ecuador,3857286,0 days 00:29:43,0,0,1,0,0,0,0,0,0
1,29,43,From Throw In,Qatar,3857286,0 days 00:29:43,0,0,0,0,0,0,0,0,1
1,29,45,From Throw In,Qatar,3857286,0 days 00:29:45,1,0,0,0,0,0,0,0,0
1,29,45,From Throw In,Qatar,3857286,0 days 00:29:45,0,0,0,0,0,0,1,0,0
1,29,48,From Throw In,Qatar,3857286,0 days 00:29:48,0,0,0,0,0,0,1,0,0
1,29,57,From Throw In,Ecuador,3857286,0 days 00:29:57,0,0,0,0,0,0,1,0,0
1,30,2,From Throw In,Ecuador,3857286,0 days 00:30:02,0,0,0,0,0,0,1,0,0
1,30,4,From Throw In,Ecuador,3857286,0 days 00:30:04,0,0,0,0,0,0,1,0,0
1,30,7,From Throw In,Ecuador,3857286,0 days 00:30:07,0,0,0,0,0,0,1,0,0
1,30,11,From Throw In,Ecuador,3857286,0 days 00:30:11,0,0,0,0,0,0,1,0,0
1,30,15,From Throw In,Ecuador,3857286,0 days 00:30:15,0,0,0,0,0,0,1,0,0
1,30,16,From Throw In,Ecuador,3857286,0 days 00:30:16,0,0,0,0,0,0,1,0,0
1,30,29,From Throw In,Qatar,3857286,0 days 00:30:29,0,0,0,0,0,0,1,0,0
1,30,31,Regular Play,Ecuador,3857286,0 days 00:30:31,1,0,0,0,0,0,0,0,0
1,30,36,Regular Play,Ecuador,3857286,0 days 00:30:36,0,0,0,0,0,0,1,0,0
1,30,37,Regular Play,Qatar,3857286,0 days 00:30:37,0,0,0,0,0,1,0,0,0
1,30,38,Regular Play,Ecuador,3857286,0 days 00:30:38,1,0,0,0,0,0,0,0,0
1,30,41,Regular Play,Ecuador,3857286,0 days 00:30:41,0,0,0,0,0,0,1,0,0
1,30,43,Regular Play,Ecuador,3857286,0 days 00:30:43,0,0,0,0,0,0,1,0,0
1,30,44,Regular Play,Ecuador,3857286,0 days 00:30:44,0,0,0,0,0,0,0,1,0
1,22,5,From Throw In,Uruguay,3857287,0 days 00:22:05,0,0,0,0,0,0,1,0,0
1,22,6,From Throw In,Uruguay,3857287,0 days 00:22:06,0,0,0,0,0,0,1,0,0
1,22,10,From Throw In,Uruguay,3857287,0 days 00:22:10,0,0,0,0,0,0,1,0,0
1,22,12,From Throw In,Uruguay,3857287,0 days 00:22:12,0,0,0,0,0,0,1,0,0
1,22,17,From Throw In,Uruguay,3857287,0 days 00:22:17,0,0,0,0,0,0,1,0,0
1,22,18,From Throw In,Uruguay,3857287,0 days 00:22:18,0,0,0,0,0,0,1,0,0
1,22,23,From Throw In,Uruguay,3857287,0 days 00:22:23,0,0,0,0,0,0,1,0,0
1,22,27,From Throw In,Uruguay,3857287,0 days 00:22:27,0,0,0,0,0,0,1,0,0
1,22,28,From Throw In,South Korea,3857287,0 days 00:22:28,0,0,0,0,0,1,0,0,0
1,22,42,From Throw In,Uruguay,3857287,0 days 00:22:42,0,0,0,0,0,0,1,0,0
1,22,44,From Throw In,Uruguay,3857287,0 days 00:22:44,0,0,0,0,0,0,1,0,0
1,22,47,From Throw In,Uruguay,3857287,0 days 00:22:47,0,0,0,0,0,0,1,0,0
1,22,49,From Throw In,Uruguay,3857287,0 days 00:22:49,0,0,0,0,0,0,1,0,0
1,22,51,From Throw In,Uruguay,3857287,0 days 00:22:51,0,0,0,0,0,0,1,0,0
1,22,54,From Throw In,Uruguay,3857287,0 days 00:22:54,0,0,0,0,0,0,1,0,0
1,22,55,From Throw In,Uruguay,3857287,0 days 00:22:55,0,0,0,0,0,0,1,0,0
1,22,57,From Throw In,Uruguay,3857287,0 days 00:22:57,0,0,0,0,0,0,1,0,0
1,23,2,From Throw In,Uruguay,3857287,0 days 00:23:02,0,0,0,0,0,0,1,0,0
1,23,5,From Throw In,South Korea,3857287,0 days 00:23:05,0,0,0,0,0,0,1,0,0
1,23,6,From Throw In,Uruguay,3857287,0 days 00:23:06,0,0,0,0,0,1,0,0,0
1,23,8,From Throw In,South Korea,3857287,0 days 00:23:08,1,0,0,0,0,0,0,0,0
1,23,8,From Throw In,Uruguay,3857287,0 days 00:23:08,0,0,0,0,0,0,1,0,0
1,23,10,From Throw In,Uruguay,3857287,0 days 00:23:10,0,0,0,0,0,0,1,0,0
1,23,11,From Throw In,Uruguay,3857287,0 days 00:23:11,0,0,0,0,0,0,1,0,0
1,23,13,From Throw In,Uruguay,3857287,0 days 00:23:13,0,0,0,0,0,0,1,0,0
1,23,15,From Throw In,Uruguay,3857287,0 days 00:23:15,0,0,0,0,0,0,1,0,0
1,23,17,From Throw In,Uruguay,3857287,0 days 00:23:17,0,0,0,0,0,0,1,0,0
1,23,18,From Throw In,Uruguay,3857287,0 days 00:23:18,0,0,0,0,0,0,1,0,0
1,23,20,From Throw In,Uruguay,3857287,0 days 00:23:20,0,0,0,0,0,0,1,0,0
1,23,21,From Throw In,Uruguay,3857287,0 days 00:23:21,0,0,0,0,0,0,1,0,0
1,23,23,From Throw In,Uruguay,3857287,0 days 00:23:23,0,0,0,0,0,0,1,0,0
1,23,27,From Throw In,Uruguay,3857287,0 days 00:23:27,0,0,0,0,0,0,1,0,0
1,23,30,From Throw In,Uruguay,3857287,0 days 00:23:30,0,0,0,0,0,0,1,0,0
1,23,36,From Throw In,Uruguay,3857287,0 days 00:23:36,0,0,0,0,0,0,1,0,0
1,23,39,From Throw In,Uruguay,3857287,0 days 00:23:39,0,0,0,0,0,0,1,0,0
1,23,42,From Throw In,Uruguay,3857287,0 days 00:23:42,0,0,0,0,0,0,1,0,0
1,23,46,From Throw In,Uruguay,3857287,0 days 00:23:46,0,0,0,0,0,0,1,0,0
1,23,49,From Throw In,Uruguay,3857287,0 days 00:23:49,0,0,0,0,0,0,1,0,0
1,23,51,From Throw In,Uruguay,3857287,0 days 00:23:51,0,0,0,0,0,0,1,0,0
1,23,54,From Throw In,Uruguay,3857287,0 days 00:23:54,0,0,0,0,0,0,1,0,0
1,23,55,From Throw In,Uruguay,3857287,0 days 00:23:55,0,0,0,0,0,0,1,0,0
1,23,56,From Throw In,South Korea,3857287,0 days 00:23:56,0,1,0,0,0,0,0,0,0
1,23,58,From Throw In,Uruguay,3857287,0 days 00:23:58,0,0,0,0,0,0,1,0,0
1,24,0,From Throw In,South Korea,3857287,0 days 00:24:00,0,0,0,0,1,0,0,0,0
1,24,48,From Free Kick,Uruguay,3857287,0 days 00:24:48,0,0,0,0,0,0,1,0,0
1,24,50,From Free Kick,South Korea,3857287,0 days 00:24:50,0,1,0,0,0,0,0,0,0
1,25,22,From Corner,Uruguay,3857287,0 days 00:25:22,0,0,0,0,0,0,1,0,0
1,25,24,From Corner,South Korea,3857287,0 days 00:25:24,0,1,0,0,0,0,0,0,0
1,25,28,From Corner,Uruguay,3857287,0 days 00:25:28,1,0,0,0,0,0,0,0,0
1,25,29,From Corner,Uruguay,3857287,0 days 00:25:29,0,0,0,0,0,0,1,0,0
1,25,32,From Corner,Uruguay,3857287,0 days 00:25:32,0,0,0,0,0,0,1,0,0
1,25,35,From Corner,Uruguay,3857287,0 days 00:25:35,0,0,0,1,0,0,0,0,0
1,25,36,From Corner,Uruguay,3857287,0 days 00:25:36,0,0,0,0,0,0,1,0,0
1,25,37,Regular Play,South Korea,3857287,0 days 00:25:37,0,0,0,0,0,1,0,0,0
1,25,39,Regular Play,South Korea,3857287,0 days 00:25:39,0,0,0,0,0,0,1,0,0
1,25,47,Regular Play,South Korea,3857287,0 days 00:25:47,0,0,0,1,0,0,0,0,0
1,25,50,Regular Play,South Korea,3857287,0 days 00:25:50,0,0,0,0,0,0,1,0,0
1,25,51,Regular Play,Uruguay,3857287,0 days 00:25:51,0,1,0,0,0,0,0,0,0
1,26,24,From Throw In,South Korea,3857287,0 days 00:26:24,0,0,0,0,0,0,1,0,0
1,26,27,From Throw In,Uruguay,3857287,0 days 00:26:27,0,1,0,0,0,0,0,0,0
1,26,28,From Throw In,Uruguay,3857287,0 days 00:26:28,0,1,0,0,0,0,0,0,0
1,26,29,Regular Play,Uruguay,3857287,0 days 00:26:29,0,0,0,0,0,0,1,0,0
1,26,34,Regular Play,Uruguay,3857287,0 days 00:26:34,0,0,0,0,0,0,1,0,0
1,26,35,Regular Play,South Korea,3857287,0 days 00:26:35,1,0,0,0,0,0,0,0,0
1,26,36,Regular Play,Uruguay,3857287,0 days 00:26:36,1,0,0,0,0,0,0,0,0
1,26,36,Regular Play,Uruguay,3857287,0 days 00:26:36,0,0,0,1,0,0,0,0,0
1,26,36,Regular Play,South Korea,3857287,0 days 00:26:36,0,0,0,0,0,0,0,0,1
1,26,37,Regular Play,Uruguay,3857287,0 days 00:26:37,0,0,0,0,0,0,1,0,0
1,26,44,Regular Play,Uruguay,3857287,0 days 00:26:44,0,0,0,0,0,0,1,0,0
1,26,49,Regular Play,South Korea,3857287,0 days 00:26:49,1,0,0,0,0,0,0,0,0
1,26,51,Regular Play,South Korea,3857287,0 days 00:26:51,0,0,0,0,0,0,1,0,0
1,26,56,Regular Play,Uruguay,3857287,0 days 00:26:56,1,0,0,0,0,0,0,0,0
1,26,59,Regular Play,Uruguay,3857287,0 days 00:26:59,0,0,0,0,0,0,1,0,0
1,27,3,Regular Play,Uruguay,3857287,0 days 00:27:03,0,0,0,0,0,0,1,0,0
1,27,4,Regular Play,Uruguay,3857287,0 days 00:27:04,0,0,0,0,0,0,1,0,0
1,27,6,Regular Play,Uruguay,3857287,0 days 00:27:06,0,0,0,0,0,0,1,0,0
1,27,9,Regular Play,Uruguay,3857287,0 days 00:27:09,0,0,0,0,0,0,1,0,0
1,27,15,Regular Play,Uruguay,3857287,0 days 00:27:15,0,0,0,0,0,0,1,0,0
1,27,17,Regular Play,Uruguay,3857287,0 days 00:27:17,0,0,0,0,0,0,1,0,0
1,27,20,Regular Play,Uruguay,3857287,0 days 00:27:20,0,0,0,0,0,0,1,0,0
1,27,23,Regular Play,Uruguay,3857287,0 days 00:27:23,0,0,0,0,0,0,1,0,0
1,27,26,Regular Play,Uruguay,3857287,0 days 00:27:26,0,0,0,0,0,0,1,0,0
1,27,28,Regular Play,Uruguay,3857287,0 days 00:27:28,0,0,0,0,0,0,1,0,0
1,27,31,Regular Play,Uruguay,3857287,0 days 00:27:31,0,0,0,0,0,0,1,0,0
1,27,34,Regular Play,Uruguay,3857287,0 days 00:27:34,0,0,0,0,0,0,1,0,0
1,27,40,Regular Play,Uruguay,3857287,0 days 00:27:40,0,0,0,1,0,0,0,0,0
1,27,40,Regular Play,South Korea,3857287,0 days 00:27:40,0,0,0,0,0,0,0,0,1
1,27,44,Regular Play,Uruguay,3857287,0 days 00:27:44,0,0,0,0,1,0,0,0,0
1,28,23,From Free Kick,South Korea,3857287,0 days 00:28:23,0,0,0,0,0,0,1,0,0
1,28,27,From Free Kick,Uruguay,3857287,0 days 00:28:27,0,1,0,0,0,0,0,0,0
1,28,29,From Free Kick,South Korea,3857287,0 days 00:28:29,0,0,0,0,0,0,1,0,0
1,28,30,From Free Kick,Uruguay,3857287,0 days 00:28:30,0,0,0,0,0,1,0,0,0
1,28,49,From Throw In,South Korea,3857287,0 days 00:28:49,0,0,0,0,0,0,1,0,0
1,28,50,From Throw In,South Korea,3857287,0 days 00:28:50,0,0,0,0,0,0,1,0,0
1,28,51,From Throw In,Uruguay,3857287,0 days 00:28:51,0,0,0,0,0,0,1,0,0
1,28,53,From Throw In,South Korea,3857287,0 days 00:28:53,1,0,0,0,0,0,0,0,0
1,28,54,From Throw In,South Korea,3857287,0 days 00:28:54,0,0,0,0,0,0,1,0,0
1,28,58,From Throw In,South Korea,3857287,0 days 00:28:58,0,0,0,0,0,0,1,0,0
1,29,25,From Throw In,Uruguay,3857287,0 days 00:29:25,0,0,0,0,0,0,1,0,0
1,29,26,From Throw In,Uruguay,3857287,0 days 00:29:26,0,0,0,0,0,0,1,0,0
1,29,27,From Throw In,South Korea,3857287,0 days 00:29:27,0,0,0,0,0,1,0,0,0
1,29,27,From Throw In,Uruguay,3857287,0 days 00:29:27,1,0,0,0,0,0,0,0,0
1,29,29,From Throw In,Uruguay,3857287,0 days 00:29:29,0,0,0,1,0,0,0,0,0
1,29,29,Regular Play,South Korea,3857287,0 days 00:29:29,0,0,0,0,0,0,0,0,1
1,29,29,Regular Play,South Korea,3857287,0 days 00:29:29,1,0,0,0,0,0,0,0,0
1,29,30,Regular Play,South Korea,3857287,0 days 00:29:30,0,0,0,0,0,0,1,0,0
1,29,33,Regular Play,South Korea,3857287,0 days 00:29:33,0,0,0,0,0,0,1,0,0
1,29,35,Regular Play,South Korea,3857287,0 days 00:29:35,0,0,0,0,0,0,1,0,0
1,29,37,Regular Play,Uruguay,3857287,0 days 00:29:37,0,0,0,0,0,1,0,0,0
1,29,46,From Throw In,South Korea,3857287,0 days 00:29:46,0,0,0,0,0,0,1,0,0
1,29,46,From Throw In,South Korea,3857287,0 days 00:29:46,0,0,0,0,0,0,1,0,0
1,29,49,From Throw In,South Korea,3857287,0 days 00:29:49,0,0,0,0,0,0,1,0,0
1,29,50,From Throw In,South Korea,3857287,0 days 00:29:50,0,0,0,0,0,0,1,0,0
1,29,52,From Throw In,South Korea,3857287,0 days 00:29:52,0,0,0,0,0,0,1,0,0
1,29,53,From Throw In,South Korea,3857287,0 days 00:29:53,0,0,0,0,0,0,1,0,0
1,29,56,From Throw In,South Korea,3857287,0 days 00:29:56,0,0,0,0,0,0,1,0,0
1,30,1,From Throw In,South Korea,3857287,0 days 00:30:01,0,0,0,0,0,0,1,0,0
1,30,5,From Throw In,South Korea,3857287,0 days 00:30:05,0,0,0,0,0,0,1,0,0
1,30,10,From Throw In,South Korea,3857287,0 days 00:30:10,0,0,0,0,0,0,1,0,0
1,30,14,From Throw In,South Korea,3857287,0 days 00:30:14,0,0,0,0,0,0,1,0,0
1,30,16,From Throw In,South Korea,3857287,0 days 00:30:16,0,0,0,0,0,0,1,0,0
1,30,23,From Throw In,South Korea,3857287,0 days 00:30:23,0,0,0,0,0,0,1,0,0
1,30,29,From Throw In,South Korea,3857287,0 days 00:30:29,0,0,0,0,0,0,1,0,0
1,30,31,From Throw In,South Korea,3857287,0 days 00:30:31,0,0,0,0,0,0,1,0,0
1,30,33,From Throw In,South Korea,3857287,0 days 00:30:33,0,0,0,0,0,0,1,0,0
1,30,38,From Throw In,South Korea,3857287,0 days 00:30:38,0,0,0,0,0,0,1,0,0
1,30,43,From Throw In,South Korea,3857287,0 days 00:30:43,0,0,0,0,0,0,1,0,0
1,30,45,From Throw In,South Korea,3857287,0 days 00:30:45,0,0,0,0,0,0,1,0,0
1,30,49,From Throw In,South Korea,3857287,0 days 00:30:49,0,0,0,0,0,0,1,0,0
1,30,58,From Throw In,South Korea,3857287,0 days 00:30:58,0,0,0,0,0,0,1,0,0
1,31,4,From Throw In,South Korea,3857287,0 days 00:31:04,0,0,0,0,0,0,1,0,0
1,31,5,From Throw In,South Korea,3857287,0 days 00:31:05,0,0,0,0,0,0,1,0,0
1,31,6,From Throw In,South Korea,3857287,0 days 00:31:06,0,0,0,0,0,0,1,0,0
1,31,11,From Throw In,South Korea,3857287,0 days 00:31:11,0,0,0,0,0,0,1,0,0
1,31,16,From Throw In,South Korea,3857287,0 days 00:31:16,0,0,0,0,0,0,1,0,0
1,31,19,From Throw In,Uruguay,3857287,0 days 00:31:19,0,0,0,0,0,0,1,0,0
1,31,21,From Throw In,South Korea,3857287,0 days 00:31:21,1,0,0,0,0,0,0,0,0
1,31,25,From Throw In,South Korea,3857287,0 days 00:31:25,0,0,0,0,0,0,1,0,0
1,31,29,From Throw In,South Korea,3857287,0 days 00:31:29,0,0,0,0,0,0,1,0,0
1,22,3,From Goal Kick,Tunisia,3857288,0 days 00:22:03,0,0,0,0,0,0,1,0,0
1,22,23,From Throw In,Australia,3857288,0 days 00:22:23,0,0,0,0,0,0,1,0,0
1,22,27,From Throw In,Australia,3857288,0 days 00:22:27,0,0,0,0,0,0,1,0,0
1,22,29,From Throw In,Australia,3857288,0 days 00:22:29,0,0,0,0,0,0,1,0,0
1,22,32,From Throw In,Australia,3857288,0 days 00:22:32,0,0,0,0,0,0,1,0,0
1,22,36,From Throw In,Australia,3857288,0 days 00:22:36,0,0,0,0,0,0,1,0,0
1,22,39,From Throw In,Australia,3857288,0 days 00:22:39,0,0,0,0,0,0,1,0,0
1,22,41,From Throw In,Australia,3857288,0 days 00:22:41,0,0,0,0,0,0,1,0,0
1,22,43,From Throw In,Australia,3857288,0 days 00:22:43,0,0,0,0,0,0,1,0,0
1,22,49,From Throw In,Australia,3857288,0 days 00:22:49,0,0,0,0,0,0,1,0,0
1,22,50,From Throw In,Australia,3857288,0 days 00:22:50,1,0,0,0,0,0,0,0,0
1,22,50,From Throw In,Australia,3857288,0 days 00:22:50,0,0,0,0,0,0,0,1,0
1,24,14,From Kick Off,Tunisia,3857288,0 days 00:24:14,0,0,0,0,0,0,1,0,0
1,24,15,From Kick Off,Tunisia,3857288,0 days 00:24:15,0,0,0,0,0,0,1,0,0
1,24,22,From Kick Off,Tunisia,3857288,0 days 00:24:22,0,0,0,0,0,0,1,0,0
1,24,25,From Kick Off,Tunisia,3857288,0 days 00:24:25,0,0,0,0,1,0,0,0,0
1,25,8,From Free Kick,Australia,3857288,0 days 00:25:08,0,0,0,0,0,0,1,0,0
1,25,13,From Free Kick,Australia,3857288,0 days 00:25:13,0,0,0,0,0,0,1,0,0
1,25,16,From Free Kick,Tunisia,3857288,0 days 00:25:16,0,0,0,0,1,0,0,0,0
1,26,5,From Free Kick,Australia,3857288,0 days 00:26:05,0,0,0,0,0,0,1,0,0
1,26,6,From Free Kick,Australia,3857288,0 days 00:26:06,0,0,0,0,0,0,0,1,0
1,26,9,From Free Kick,Tunisia,3857288,0 days 00:26:09,1,0,0,0,0,0,0,0,0
1,26,10,From Free Kick,Tunisia,3857288,0 days 00:26:10,0,0,0,0,0,0,1,0,0
1,26,16,From Free Kick,Australia,3857288,0 days 00:26:16,1,0,0,0,0,0,0,0,0
1,26,26,From Free Kick,Australia,3857288,0 days 00:26:26,0,0,0,0,0,0,1,0,0
1,26,32,From Free Kick,Australia,3857288,0 days 00:26:32,0,0,0,0,0,0,1,0,0
1,26,37,From Free Kick,Australia,3857288,0 days 00:26:37,0,0,0,0,0,0,1,0,0
1,26,58,From Throw In,Tunisia,3857288,0 days 00:26:58,0,0,0,0,0,0,1,0,0
1,27,1,From Throw In,Tunisia,3857288,0 days 00:27:01,0,0,0,0,0,0,1,0,0
1,27,3,From Throw In,Tunisia,3857288,0 days 00:27:03,0,0,0,0,0,0,1,0,0
1,27,9,From Throw In,Tunisia,3857288,0 days 00:27:09,0,0,0,0,0,0,1,0,0
1,27,11,From Throw In,Tunisia,3857288,0 days 00:27:11,0,0,0,0,0,0,1,0,0
1,27,11,From Throw In,Australia,3857288,0 days 00:27:11,0,0,0,0,1,0,0,0,0
1,27,55,From Free Kick,Tunisia,3857288,0 days 00:27:55,0,0,0,0,0,0,1,0,0
1,27,56,From Free Kick,Tunisia,3857288,0 days 00:27:56,0,0,0,0,0,0,1,0,0
1,28,0,From Free Kick,Tunisia,3857288,0 days 00:28:00,0,0,0,0,0,0,1,0,0
1,28,9,From Throw In,Tunisia,3857288,0 days 00:28:09,0,0,0,0,0,0,1,0,0
1,28,13,From Throw In,Tunisia,3857288,0 days 00:28:13,0,0,0,0,0,0,1,0,0
1,28,19,From Throw In,Tunisia,3857288,0 days 00:28:19,0,0,0,0,0,0,1,0,0
1,28,22,Regular Play,Australia,3857288,0 days 00:28:22,0,0,0,0,0,0,1,0,0
1,28,24,Regular Play,Australia,3857288,0 days 00:28:24,0,0,0,0,0,0,1,0,0
1,28,28,Regular Play,Australia,3857288,0 days 00:28:28,0,0,1,0,0,0,0,0,0
1,28,28,Regular Play,Tunisia,3857288,0 days 00:28:28,0,0,0,0,0,0,0,0,1
1,28,36,From Throw In,Tunisia,3857288,0 days 00:28:36,0,0,0,0,0,0,1,0,0
1,28,39,From Throw In,Tunisia,3857288,0 days 00:28:39,0,0,0,0,0,0,1,0,0
1,28,40,From Throw In,Tunisia,3857288,0 days 00:28:40,0,0,0,0,0,0,1,0,0
1,28,43,From Throw In,Tunisia,3857288,0 days 00:28:43,0,0,0,0,0,0,1,0,0
1,28,45,From Throw In,Tunisia,3857288,0 days 00:28:45,0,0,0,0,0,0,1,0,0
1,28,48,From Throw In,Tunisia,3857288,0 days 00:28:48,0,0,0,0,0,0,1,0,0
1,28,51,From Throw In,Tunisia,3857288,0 days 00:28:51,0,0,0,0,0,0,1,0,0
1,28,57,From Throw In,Tunisia,3857288,0 days 00:28:57,0,0,0,0,0,0,1,0,0
1,28,59,From Throw In,Tunisia,3857288,0 days 00:28:59,0,0,0,0,0,0,1,0,0
1,29,2,From Throw In,Tunisia,3857288,0 days 00:29:02,0,0,0,0,1,0,0,0,0
1,29,40,From Free Kick,Australia,3857288,0 days 00:29:40,0,0,0,0,0,0,1,0,0
1,29,43,From Free Kick,Australia,3857288,0 days 00:29:43,0,0,0,0,0,0,1,0,0
1,29,44,From Free Kick,Tunisia,3857288,0 days 00:29:44,1,0,0,0,0,0,0,0,0
1,29,45,From Free Kick,Tunisia,3857288,0 days 00:29:45,0,0,0,0,0,0,1,0,0
1,29,47,From Free Kick,Australia,3857288,0 days 00:29:47,0,0,0,0,0,0,1,0,0
1,29,51,From Free Kick,Australia,3857288,0 days 00:29:51,0,0,0,0,0,0,1,0,0
1,29,53,Regular Play,Tunisia,3857288,0 days 00:29:53,0,0,0,0,0,0,1,0,0
1,29,55,Regular Play,Tunisia,3857288,0 days 00:29:55,0,0,0,0,0,0,1,0,0
1,29,56,Regular Play,Australia,3857288,0 days 00:29:56,0,0,0,0,0,0,1,0,0
1,29,58,Regular Play,Tunisia,3857288,0 days 00:29:58,1,0,0,0,0,0,0,0,0
1,29,59,Regular Play,Tunisia,3857288,0 days 00:29:59,0,0,0,0,0,0,1,0,0
1,30,0,Regular Play,Tunisia,3857288,0 days 00:30:00,0,0,0,0,0,0,1,0,0
1,30,2,Regular Play,Tunisia,3857288,0 days 00:30:02,0,0,0,0,0,0,1,0,0
1,30,4,Regular Play,Australia,3857288,0 days 00:30:04,0,0,0,0,1,0,0,0,0
1,30,30,From Free Kick,Tunisia,3857288,0 days 00:30:30,0,0,0,0,0,0,1,0,0
1,30,34,From Free Kick,Tunisia,3857288,0 days 00:30:34,0,0,0,0,0,0,1,0,0
1,30,36,From Free Kick,Tunisia,3857288,0 days 00:30:36,0,0,0,0,0,0,1,0,0
1,30,40,From Free Kick,Australia,3857288,0 days 00:30:40,0,0,0,0,0,0,1,0,0
1,30,42,From Free Kick,Australia,3857288,0 days 00:30:42,0,0,0,0,0,0,1,0,0
1,30,44,From Free Kick,Tunisia,3857288,0 days 00:30:44,0,0,0,0,1,0,0,0,0
1,31,39,From Free Kick,Australia,3857288,0 days 00:31:39,0,0,0,0,0,0,1,0,0
1,31,44,From Free Kick,Tunisia,3857288,0 days 00:31:44,0,1,0,0,0,0,0,0,0
1,31,46,From Free Kick,Australia,3857288,0 days 00:31:46,0,0,0,0,0,0,1,0,0
1,31,49,Regular Play,Tunisia,3857288,0 days 00:31:49,0,0,0,0,0,0,1,0,0
1,31,50,Regular Play,Tunisia,3857288,0 days 00:31:50,0,0,0,0,0,0,1,0,0
1,31,52,Regular Play,Tunisia,3857288,0 days 00:31:52,0,0,0,0,0,0,1,0,0
1,31,53,Regular Play,Tunisia,3857288,0 days 00:31:53,0,0,0,0,0,0,1,0,0
1,31,57,Regular Play,Australia,3857288,0 days 00:31:57,1,0,0,0,0,0,0,0,0
1,22,37,From Free Kick,Argentina,3857289,0 days 00:22:37,0,0,0,0,0,0,1,0,0
1,22,39,From Free Kick,Argentina,3857289,0 days 00:22:39,0,0,0,0,0,0,1,0,0
1,22,41,From Free Kick,Argentina,3857289,0 days 00:22:41,0,0,0,0,0,0,1,0,0
1,22,45,From Free Kick,Argentina,3857289,0 days 00:22:45,0,0,0,0,0,0,1,0,0
1,22,47,From Free Kick,Argentina,3857289,0 days 00:22:47,0,0,0,0,0,0,1,0,0
1,22,50,From Free Kick,Argentina,3857289,0 days 00:22:50,0,0,0,1,0,0,0,0,0
1,22,53,From Free Kick,Argentina,3857289,0 days 00:22:53,0,0,0,0,0,0,1,0,0
1,22,53,From Free Kick,Mexico,3857289,0 days 00:22:53,0,0,0,0,0,1,0,0,0
1,22,56,From Free Kick,Argentina,3857289,0 days 00:22:56,0,0,0,0,0,0,1,0,0
1,22,57,From Free Kick,Mexico,3857289,0 days 00:22:57,0,1,0,0,0,0,0,0,0
1,23,5,From Throw In,Argentina,3857289,0 days 00:23:05,0,0,0,0,0,0,1,0,0
1,23,9,From Throw In,Argentina,3857289,0 days 00:23:09,0,0,0,0,0,0,1,0,0
1,23,13,From Throw In,Argentina,3857289,0 days 00:23:13,0,0,0,0,0,0,1,0,0
1,23,15,From Throw In,Argentina,3857289,0 days 00:23:15,0,0,0,0,0,0,1,0,0
1,23,17,From Throw In,Argentina,3857289,0 days 00:23:17,0,0,0,0,0,0,1,0,0
1,23,23,From Throw In,Argentina,3857289,0 days 00:23:23,0,0,0,0,0,0,1,0,0
1,23,27,From Throw In,Argentina,3857289,0 days 00:23:27,0,0,0,0,0,0,1,0,0
1,23,30,From Throw In,Argentina,3857289,0 days 00:23:30,0,0,0,0,0,0,1,0,0
1,23,32,From Throw In,Argentina,3857289,0 days 00:23:32,0,0,1,0,0,0,0,0,0
1,23,32,From Throw In,Mexico,3857289,0 days 00:23:32,0,0,0,0,0,0,0,0,1
1,23,45,From Throw In,Argentina,3857289,0 days 00:23:45,0,0,0,0,0,0,1,0,0
1,23,49,From Throw In,Argentina,3857289,0 days 00:23:49,0,0,0,0,0,0,1,0,0
1,23,53,From Throw In,Argentina,3857289,0 days 00:23:53,0,0,0,0,0,0,1,0,0
1,23,56,From Throw In,Argentina,3857289,0 days 00:23:56,0,0,0,0,0,0,1,0,0
1,24,1,From Throw In,Argentina,3857289,0 days 00:24:01,0,0,0,1,0,0,0,0,0
1,24,1,From Throw In,Mexico,3857289,0 days 00:24:01,0,0,0,0,0,0,0,0,1
1,24,3,From Throw In,Argentina,3857289,0 days 00:24:03,1,0,0,0,0,0,0,0,0
1,24,4,From Throw In,Argentina,3857289,0 days 00:24:04,0,0,0,0,0,0,1,0,0
1,24,6,From Throw In,Argentina,3857289,0 days 00:24:06,0,0,0,0,0,0,1,0,0
1,24,10,From Throw In,Argentina,3857289,0 days 00:24:10,0,0,0,0,0,0,1,0,0
1,24,11,From Throw In,Argentina,3857289,0 days 00:24:11,0,0,0,0,0,0,1,0,0
1,24,46,From Free Kick,Mexico,3857289,0 days 00:24:46,0,0,0,0,0,0,1,0,0
1,25,2,From Free Kick,Mexico,3857289,0 days 00:25:02,0,0,0,0,0,0,1,0,0
1,25,5,From Free Kick,Argentina,3857289,0 days 00:25:05,0,0,0,0,0,1,0,0,0
1,25,11,From Throw In,Mexico,3857289,0 days 00:25:11,0,0,0,0,0,0,1,0,0
1,25,15,From Throw In,Mexico,3857289,0 days 00:25:15,0,0,0,0,0,0,1,0,0
1,25,17,From Throw In,Mexico,3857289,0 days 00:25:17,0,0,0,0,0,0,1,0,0
1,25,19,From Throw In,Mexico,3857289,0 days 00:25:19,0,0,0,0,0,0,1,0,0
1,25,23,From Throw In,Mexico,3857289,0 days 00:25:23,0,0,0,0,0,0,1,0,0
1,25,25,From Throw In,Mexico,3857289,0 days 00:25:25,0,0,0,0,0,0,1,0,0
1,25,28,From Throw In,Mexico,3857289,0 days 00:25:28,0,0,0,0,0,0,1,0,0
1,25,32,From Throw In,Mexico,3857289,0 days 00:25:32,0,0,0,0,0,0,1,0,0
1,25,35,From Throw In,Mexico,3857289,0 days 00:25:35,0,0,0,0,0,0,1,0,0
1,25,39,From Throw In,Argentina,3857289,0 days 00:25:39,0,1,0,0,0,0,0,0,0
1,25,53,From Throw In,Mexico,3857289,0 days 00:25:53,0,0,0,0,0,0,1,0,0
1,25,54,From Throw In,Mexico,3857289,0 days 00:25:54,0,0,0,0,0,0,1,0,0
1,25,57,From Throw In,Mexico,3857289,0 days 00:25:57,0,0,0,0,0,0,1,0,0
1,26,12,From Goal Kick,Argentina,3857289,0 days 00:26:12,0,0,0,0,0,0,1,0,0
1,26,15,From Goal Kick,Argentina,3857289,0 days 00:26:15,0,0,0,0,0,0,1,0,0
1,26,18,From Goal Kick,Argentina,3857289,0 days 00:26:18,0,0,0,0,0,0,1,0,0
1,26,21,From Goal Kick,Argentina,3857289,0 days 00:26:21,0,0,0,0,0,0,1,0,0
1,26,24,From Goal Kick,Argentina,3857289,0 days 00:26:24,0,0,0,0,0,0,1,0,0
1,26,27,From Goal Kick,Argentina,3857289,0 days 00:26:27,0,0,0,1,0,0,0,0,0
1,26,27,Regular Play,Mexico,3857289,0 days 00:26:27,0,0,0,0,0,0,0,0,1
1,26,27,Regular Play,Mexico,3857289,0 days 00:26:27,0,0,0,0,0,0,1,0,0
1,26,30,Regular Play,Mexico,3857289,0 days 00:26:30,0,0,0,0,0,0,1,0,0
1,26,31,Regular Play,Mexico,3857289,0 days 00:26:31,0,0,0,0,0,0,1,0,0
1,26,34,Regular Play,Mexico,3857289,0 days 00:26:34,0,0,0,0,0,0,1,0,0
1,26,37,Regular Play,Mexico,3857289,0 days 00:26:37,0,0,0,0,0,0,1,0,0
1,26,39,Regular Play,Mexico,3857289,0 days 00:26:39,0,0,0,0,0,0,1,0,0
1,26,39,Regular Play,Argentina,3857289,0 days 00:26:39,0,0,0,0,0,0,1,0,0
1,26,42,Regular Play,Argentina,3857289,0 days 00:26:42,0,0,0,0,0,0,1,0,0
1,26,44,Regular Play,Argentina,3857289,0 days 00:26:44,0,0,0,0,0,0,1,0,0
1,26,47,Regular Play,Argentina,3857289,0 days 00:26:47,0,0,0,0,0,0,1,0,0
1,26,48,Regular Play,Argentina,3857289,0 days 00:26:48,0,0,0,0,0,0,1,0,0
1,26,49,Regular Play,Argentina,3857289,0 days 00:26:49,0,0,0,0,0,0,1,0,0
1,26,51,Regular Play,Argentina,3857289,0 days 00:26:51,0,0,0,0,0,0,1,0,0
1,26,54,Regular Play,Argentina,3857289,0 days 00:26:54,0,0,0,0,0,0,1,0,0
1,26,57,Regular Play,Argentina,3857289,0 days 00:26:57,0,0,0,0,0,0,1,0,0
1,26,59,Regular Play,Argentina,3857289,0 days 00:26:59,0,0,0,0,0,0,1,0,0
1,27,1,Regular Play,Argentina,3857289,0 days 00:27:01,0,0,0,0,0,0,1,0,0
1,27,3,Regular Play,Argentina,3857289,0 days 00:27:03,0,0,0,0,0,0,1,0,0
1,27,11,Regular Play,Argentina,3857289,0 days 00:27:11,0,0,0,0,1,0,0,0,0
1,28,39,From Free Kick,Mexico,3857289,0 days 00:28:39,0,0,0,0,0,0,1,0,0
1,28,43,From Free Kick,Argentina,3857289,0 days 00:28:43,0,0,0,0,0,0,1,0,0
1,28,44,From Free Kick,Mexico,3857289,0 days 00:28:44,0,0,0,0,0,0,1,0,0
1,28,46,From Free Kick,Mexico,3857289,0 days 00:28:46,0,0,0,0,0,0,1,0,0
1,28,49,From Free Kick,Mexico,3857289,0 days 00:28:49,0,0,0,0,0,0,1,0,0
1,28,50,From Free Kick,Mexico,3857289,0 days 00:28:50,0,0,0,0,0,0,1,0,0
1,28,53,From Free Kick,Mexico,3857289,0 days 00:28:53,0,0,0,0,0,0,1,0,0
1,28,55,From Free Kick,Argentina,3857289,0 days 00:28:55,0,0,0,0,0,0,1,0,0
1,28,57,From Free Kick,Mexico,3857289,0 days 00:28:57,0,0,0,0,0,0,1,0,0
1,29,1,From Free Kick,Mexico,3857289,0 days 00:29:01,0,0,0,0,0,0,1,0,0
1,29,4,From Free Kick,Mexico,3857289,0 days 00:29:04,0,0,0,0,0,0,1,0,0
1,29,6,From Free Kick,Mexico,3857289,0 days 00:29:06,0,0,0,0,0,0,1,0,0
1,29,11,From Free Kick,Mexico,3857289,0 days 00:29:11,0,0,0,0,0,0,1,0,0
1,29,30,From Free Kick,Argentina,3857289,0 days 00:29:30,0,0,0,0,0,0,1,0,0
1,29,34,From Free Kick,Argentina,3857289,0 days 00:29:34,0,0,0,0,0,0,1,0,0
1,29,34,From Free Kick,Argentina,3857289,0 days 00:29:34,0,0,0,0,0,0,1,0,0
1,29,36,From Free Kick,Argentina,3857289,0 days 00:29:36,0,0,0,0,0,0,1,0,0
1,29,38,From Free Kick,Argentina,3857289,0 days 00:29:38,0,0,0,0,0,0,1,0,0
1,29,44,From Free Kick,Argentina,3857289,0 days 00:29:44,0,0,0,0,0,0,1,0,0
1,29,47,From Free Kick,Argentina,3857289,0 days 00:29:47,0,0,0,0,0,0,1,0,0
1,29,50,From Free Kick,Argentina,3857289,0 days 00:29:50,0,0,0,0,0,0,1,0,0
1,29,56,From Free Kick,Argentina,3857289,0 days 00:29:56,0,0,0,0,0,0,1,0,0
1,29,56,From Free Kick,Argentina,3857289,0 days 00:29:56,0,0,0,0,0,0,1,0,0
1,29,58,From Free Kick,Argentina,3857289,0 days 00:29:58,0,0,0,0,0,0,1,0,0
1,30,2,From Free Kick,Argentina,3857289,0 days 00:30:02,0,0,0,0,0,0,1,0,0
1,30,16,From Throw In,Mexico,3857289,0 days 00:30:16,0,0,0,0,0,0,1,0,0
1,30,19,From Throw In,Mexico,3857289,0 days 00:30:19,0,0,1,0,0,0,0,0,0
1,30,19,Regular Play,Argentina,3857289,0 days 00:30:19,0,0,0,0,0,0,0,0,1
1,30,19,Regular Play,Argentina,3857289,0 days 00:30:19,1,0,0,0,0,0,0,0,0
1,30,20,Regular Play,Argentina,3857289,0 days 00:30:20,0,0,0,0,0,0,1,0,0
1,30,22,Regular Play,Argentina,3857289,0 days 00:30:22,0,0,0,0,0,0,1,0,0
1,30,24,Regular Play,Mexico,3857289,0 days 00:30:24,0,0,0,0,1,0,0,0,0
1,30,46,From Free Kick,Argentina,3857289,0 days 00:30:46,0,0,0,0,0,0,1,0,0
1,30,48,From Free Kick,Argentina,3857289,0 days 00:30:48,0,0,0,0,0,0,1,0,0
1,30,51,From Free Kick,Argentina,3857289,0 days 00:30:51,0,0,0,0,0,0,1,0,0
1,30,53,From Free Kick,Argentina,3857289,0 days 00:30:53,0,0,0,0,0,0,1,0,0
1,30,55,From Free Kick,Argentina,3857289,0 days 00:30:55,0,0,0,0,0,0,1,0,0
1,30,57,From Free Kick,Argentina,3857289,0 days 00:30:57,0,0,0,0,0,0,1,0,0
1,30,59,From Free Kick,Argentina,3857289,0 days 00:30:59,0,0,0,0,0,0,1,0,0
1,31,5,From Free Kick,Argentina,3857289,0 days 00:31:05,0,0,0,0,0,0,1,0,0
1,31,6,From Free Kick,Mexico,3857289,0 days 00:31:06,0,0,0,0,1,0,0,0,0
1,31,25,From Free Kick,Argentina,3857289,0 days 00:31:25,0,0,0,0,0,0,1,0,0
1,31,26,From Free Kick,Argentina,3857289,0 days 00:31:26,0,0,0,0,0,0,1,0,0
1,31,28,From Free Kick,Argentina,3857289,0 days 00:31:28,0,0,0,0,0,0,1,0,0
1,31,29,From Free Kick,Argentina,3857289,0 days 00:31:29,0,0,0,0,0,0,1,0,0
1,31,32,From Free Kick,Argentina,3857289,0 days 00:31:32,0,0,0,0,0,0,1,0,0
1,31,36,From Free Kick,Argentina,3857289,0 days 00:31:36,0,0,0,0,0,0,1,0,0
1,31,38,From Free Kick,Mexico,3857289,0 days 00:31:38,0,0,0,0,0,1,0,0,0
1,31,39,From Free Kick,Mexico,3857289,0 days 00:31:39,0,0,0,0,0,0,1,0,0
1,22,2,Regular Play,Cameroon,3857290,0 days 00:22:02,0,0,0,0,0,0,1,0,0
1,22,6,Regular Play,Cameroon,3857290,0 days 00:22:06,0,0,0,0,0,0,1,0,0
1,22,8,Regular Play,Cameroon,3857290,0 days 00:22:08,0,0,0,0,0,0,1,0,0
1,22,13,Regular Play,Cameroon,3857290,0 days 00:22:13,0,0,0,0,0,0,1,0,0
1,22,19,Regular Play,Cameroon,3857290,0 days 00:22:19,0,0,0,0,0,0,1,0,0
1,22,20,Regular Play,Switzerland,3857290,0 days 00:22:20,0,0,0,0,0,1,0,0,0
1,22,23,Regular Play,Cameroon,3857290,0 days 00:22:23,0,1,0,0,0,0,0,0,0
1,22,25,Regular Play,Cameroon,3857290,0 days 00:22:25,0,0,0,0,0,0,1,0,0
1,22,27,Regular Play,Switzerland,3857290,0 days 00:22:27,1,0,0,0,0,0,0,0,0
1,22,31,Regular Play,Switzerland,3857290,0 days 00:22:31,0,0,0,0,0,0,1,0,0
1,22,33,Regular Play,Switzerland,3857290,0 days 00:22:33,0,0,0,0,0,0,1,0,0
1,22,38,Regular Play,Switzerland,3857290,0 days 00:22:38,0,0,0,0,0,0,1,0,0
1,22,41,Regular Play,Switzerland,3857290,0 days 00:22:41,0,0,0,0,0,0,1,0,0
1,22,43,Regular Play,Switzerland,3857290,0 days 00:22:43,0,0,0,0,0,0,1,0,0
1,22,44,Regular Play,Cameroon,3857290,0 days 00:22:44,1,0,0,0,0,0,0,0,0
1,22,50,Regular Play,Cameroon,3857290,0 days 00:22:50,0,0,0,0,0,0,1,0,0
1,22,52,Regular Play,Cameroon,3857290,0 days 00:22:52,0,0,0,0,0,0,1,0,0
1,22,53,Regular Play,Cameroon,3857290,0 days 00:22:53,0,0,0,0,0,0,1,0,0
1,22,54,Regular Play,Cameroon,3857290,0 days 00:22:54,0,0,0,0,0,0,1,0,0
1,22,58,Regular Play,Cameroon,3857290,0 days 00:22:58,0,0,0,0,0,0,1,0,0
1,23,3,Regular Play,Cameroon,3857290,0 days 00:23:03,0,0,0,1,0,0,0,0,0
1,23,4,Regular Play,Cameroon,3857290,0 days 00:23:04,0,0,0,1,0,0,0,0,0
1,23,4,Regular Play,Cameroon,3857290,0 days 00:23:04,0,0,0,0,0,0,1,0,0
1,23,6,Regular Play,Cameroon,3857290,0 days 00:23:06,0,0,0,0,0,0,1,0,0
1,23,11,Regular Play,Cameroon,3857290,0 days 00:23:11,0,0,0,0,0,0,1,0,0
1,23,12,Regular Play,Cameroon,3857290,0 days 00:23:12,0,0,0,0,0,0,1,0,0
1,23,59,From Corner,Cameroon,3857290,0 days 00:23:59,0,0,0,0,0,0,1,0,0
1,24,5,From Corner,Cameroon,3857290,0 days 00:24:05,0,0,0,0,0,0,1,0,0
1,24,7,From Corner,Switzerland,3857290,0 days 00:24:07,0,1,0,0,0,0,0,0,0
1,24,11,From Corner,Switzerland,3857290,0 days 00:24:11,1,0,0,0,0,0,0,0,0
1,24,12,From Corner,Switzerland,3857290,0 days 00:24:12,0,0,0,0,0,0,1,0,0
1,24,14,From Corner,Switzerland,3857290,0 days 00:24:14,0,0,0,0,0,0,1,0,0
1,24,22,From Corner,Cameroon,3857290,0 days 00:24:22,0,0,0,0,0,0,1,0,0
1,24,26,From Corner,Cameroon,3857290,0 days 00:24:26,0,0,0,0,0,0,1,0,0
1,24,29,From Corner,Cameroon,3857290,0 days 00:24:29,0,0,0,0,0,0,1,0,0
1,24,32,From Corner,Cameroon,3857290,0 days 00:24:32,0,0,0,0,0,0,1,0,0
1,24,35,From Corner,Cameroon,3857290,0 days 00:24:35,0,0,0,0,0,0,1,0,0
1,24,39,From Corner,Cameroon,3857290,0 days 00:24:39,0,0,0,0,0,0,1,0,0
1,24,42,From Corner,Cameroon,3857290,0 days 00:24:42,0,0,0,0,0,0,1,0,0
1,24,44,From Corner,Cameroon,3857290,0 days 00:24:44,0,0,0,0,0,0,1,0,0
1,24,49,From Corner,Cameroon,3857290,0 days 00:24:49,0,0,0,0,0,0,1,0,0
1,24,52,Regular Play,Switzerland,3857290,0 days 00:24:52,0,0,0,0,0,0,1,0,0
1,24,57,Regular Play,Switzerland,3857290,0 days 00:24:57,0,0,0,0,0,0,1,0,0
1,24,59,Regular Play,Switzerland,3857290,0 days 00:24:59,0,0,0,0,0,0,1,0,0
1,25,2,Regular Play,Switzerland,3857290,0 days 00:25:02,0,0,0,0,0,0,1,0,0
1,25,7,Regular Play,Switzerland,3857290,0 days 00:25:07,0,0,0,0,0,0,1,0,0
1,25,9,Regular Play,Switzerland,3857290,0 days 00:25:09,0,0,0,0,0,0,1,0,0
1,25,12,Regular Play,Switzerland,3857290,0 days 00:25:12,0,0,0,0,0,0,1,0,0
1,25,15,Regular Play,Switzerland,3857290,0 days 00:25:15,0,0,0,0,0,0,1,0,0
1,25,18,Regular Play,Switzerland,3857290,0 days 00:25:18,0,0,0,0,0,0,1,0,0
1,25,19,Regular Play,Cameroon,3857290,0 days 00:25:19,1,0,0,0,0,0,0,0,0
1,25,20,Regular Play,Cameroon,3857290,0 days 00:25:20,0,0,0,0,0,0,1,0,0
1,25,23,Regular Play,Cameroon,3857290,0 days 00:25:23,0,0,0,0,0,0,1,0,0
1,25,24,Regular Play,Cameroon,3857290,0 days 00:25:24,0,0,0,0,0,0,1,0,0
1,25,27,Regular Play,Cameroon,3857290,0 days 00:25:27,0,0,0,0,0,0,1,0,0
1,25,34,Regular Play,Cameroon,3857290,0 days 00:25:34,0,0,0,0,0,0,1,0,0
1,25,38,Regular Play,Cameroon,3857290,0 days 00:25:38,0,0,0,0,0,0,1,0,0
1,25,42,Regular Play,Cameroon,3857290,0 days 00:25:42,0,0,0,0,0,0,0,1,0
1,25,58,From Goal Kick,Switzerland,3857290,0 days 00:25:58,0,0,0,0,0,0,1,0,0
1,26,1,From Goal Kick,Switzerland,3857290,0 days 00:26:01,0,0,0,0,0,0,1,0,0
1,26,5,From Goal Kick,Switzerland,3857290,0 days 00:26:05,0,0,0,0,0,0,1,0,0
1,26,8,From Goal Kick,Switzerland,3857290,0 days 00:26:08,0,0,0,0,0,0,1,0,0
1,26,10,From Goal Kick,Switzerland,3857290,0 days 00:26:10,0,0,0,0,0,0,1,0,0
1,26,12,From Goal Kick,Switzerland,3857290,0 days 00:26:12,0,0,0,0,0,0,1,0,0
1,26,14,From Goal Kick,Cameroon,3857290,0 days 00:26:14,1,0,0,0,0,0,0,0,0
1,26,19,From Goal Kick,Cameroon,3857290,0 days 00:26:19,0,0,0,0,0,0,1,0,0
1,26,36,From Throw In,Switzerland,3857290,0 days 00:26:36,0,0,0,0,0,0,1,0,0
1,26,37,From Throw In,Switzerland,3857290,0 days 00:26:37,0,0,0,0,0,0,1,0,0
1,26,40,From Throw In,Switzerland,3857290,0 days 00:26:40,0,0,1,0,0,0,0,0,0
1,26,40,From Throw In,Cameroon,3857290,0 days 00:26:40,0,0,0,0,0,0,0,0,1
1,26,59,From Goal Kick,Cameroon,3857290,0 days 00:26:59,0,0,0,0,0,0,1,0,0
1,27,3,From Goal Kick,Cameroon,3857290,0 days 00:27:03,0,0,0,0,0,0,1,0,0
1,27,4,From Goal Kick,Cameroon,3857290,0 days 00:27:04,0,0,0,0,0,0,1,0,0
1,27,20,From Throw In,Switzerland,3857290,0 days 00:27:20,0,0,0,0,0,0,1,0,0
1,27,22,From Throw In,Switzerland,3857290,0 days 00:27:22,0,0,0,0,0,0,1,0,0
1,27,24,From Throw In,Cameroon,3857290,0 days 00:27:24,1,0,0,0,0,0,0,0,0
1,27,24,From Throw In,Cameroon,3857290,0 days 00:27:24,0,0,0,0,0,0,1,0,0
1,27,27,From Throw In,Switzerland,3857290,0 days 00:27:27,0,0,0,0,0,0,1,0,0
1,27,28,From Throw In,Switzerland,3857290,0 days 00:27:28,0,0,0,0,0,0,1,0,0
1,27,29,From Throw In,Switzerland,3857290,0 days 00:27:29,0,0,0,0,0,0,1,0,0
1,27,31,Regular Play,Cameroon,3857290,0 days 00:27:31,0,0,0,0,0,0,1,0,0
1,27,32,Regular Play,Cameroon,3857290,0 days 00:27:32,0,0,0,0,0,0,1,0,0
1,27,36,Regular Play,Cameroon,3857290,0 days 00:27:36,0,0,0,0,0,0,1,0,0
1,27,39,Regular Play,Cameroon,3857290,0 days 00:27:39,0,0,0,0,0,0,1,0,0
1,27,43,Regular Play,Cameroon,3857290,0 days 00:27:43,0,0,0,0,0,0,1,0,0
1,27,47,Regular Play,Switzerland,3857290,0 days 00:27:47,0,0,0,0,0,0,1,0,0
1,27,51,Regular Play,Switzerland,3857290,0 days 00:27:51,0,0,0,0,0,0,1,0,0
1,27,59,Regular Play,Switzerland,3857290,0 days 00:27:59,0,0,0,0,0,0,1,0,0
1,28,2,Regular Play,Switzerland,3857290,0 days 00:28:02,0,0,0,0,0,0,1,0,0
1,28,4,Regular Play,Cameroon,3857290,0 days 00:28:04,0,0,0,0,1,0,0,0,0
1,28,31,From Free Kick,Switzerland,3857290,0 days 00:28:31,0,0,0,0,0,0,1,0,0
1,28,32,From Free Kick,Switzerland,3857290,0 days 00:28:32,0,0,0,0,0,0,1,0,0
1,28,36,From Free Kick,Switzerland,3857290,0 days 00:28:36,0,0,0,0,0,0,1,0,0
1,28,37,From Free Kick,Cameroon,3857290,0 days 00:28:37,0,1,0,0,0,0,0,0,0
1,28,38,From Free Kick,Cameroon,3857290,0 days 00:28:38,0,1,0,0,0,0,0,0,0
1,28,40,Regular Play,Cameroon,3857290,0 days 00:28:40,0,0,0,0,0,0,1,0,0
1,28,41,Regular Play,Cameroon,3857290,0 days 00:28:41,0,0,0,0,0,0,1,0,0
1,28,47,Regular Play,Cameroon,3857290,0 days 00:28:47,0,0,0,0,0,0,1,0,0
1,28,49,Regular Play,Cameroon,3857290,0 days 00:28:49,0,0,0,0,0,0,1,0,0
1,28,50,Regular Play,Cameroon,3857290,0 days 00:28:50,1,0,0,0,0,0,0,0,0
1,28,52,Regular Play,Cameroon,3857290,0 days 00:28:52,0,0,1,0,0,0,0,0,0
1,28,52,Regular Play,Switzerland,3857290,0 days 00:28:52,0,0,0,0,0,0,0,0,1
1,28,53,Regular Play,Cameroon,3857290,0 days 00:28:53,1,0,0,0,0,0,0,0,0
1,28,54,Regular Play,Cameroon,3857290,0 days 00:28:54,0,0,0,0,0,0,1,0,0
1,28,56,Regular Play,Cameroon,3857290,0 days 00:28:56,0,0,0,0,0,0,1,0,0
1,29,0,Regular Play,Cameroon,3857290,0 days 00:29:00,0,0,0,0,0,0,1,0,0
1,29,2,Regular Play,Cameroon,3857290,0 days 00:29:02,0,0,0,0,0,0,1,0,0
1,29,3,Regular Play,Cameroon,3857290,0 days 00:29:03,0,0,0,0,0,0,1,0,0
1,29,4,Regular Play,Cameroon,3857290,0 days 00:29:04,0,0,0,0,0,0,1,0,0
1,29,7,Regular Play,Cameroon,3857290,0 days 00:29:07,0,0,0,0,0,0,0,1,0
1,29,9,Regular Play,Switzerland,3857290,0 days 00:29:09,0,1,0,0,0,0,0,0,0
1,29,55,From Corner,Cameroon,3857290,0 days 00:29:55,0,0,0,0,0,0,1,0,0
1,29,56,From Corner,Switzerland,3857290,0 days 00:29:56,0,1,0,0,0,0,0,0,0
1,29,58,From Corner,Switzerland,3857290,0 days 00:29:58,0,1,0,0,0,0,0,0,0
1,30,0,From Corner,Cameroon,3857290,0 days 00:30:00,1,0,0,0,0,0,0,0,0
1,30,1,From Corner,Cameroon,3857290,0 days 00:30:01,0,0,0,0,0,0,1,0,0
1,30,1,From Corner,Switzerland,3857290,0 days 00:30:01,0,1,0,0,0,0,0,0,0
1,30,6,From Corner,Switzerland,3857290,0 days 00:30:06,1,0,0,0,0,0,0,0,0
1,30,12,From Throw In,Cameroon,3857290,0 days 00:30:12,0,0,0,0,0,0,1,0,0
1,30,17,From Throw In,Cameroon,3857290,0 days 00:30:17,0,0,0,0,0,0,1,0,0
1,30,22,From Throw In,Cameroon,3857290,0 days 00:30:22,0,0,0,0,0,0,1,0,0
1,30,25,From Throw In,Cameroon,3857290,0 days 00:30:25,0,0,0,0,0,0,1,0,0
1,30,29,From Throw In,Cameroon,3857290,0 days 00:30:29,0,0,0,0,0,0,1,0,0
1,30,35,From Throw In,Cameroon,3857290,0 days 00:30:35,0,0,0,0,0,0,1,0,0
1,30,36,From Throw In,Switzerland,3857290,0 days 00:30:36,0,1,0,0,0,0,0,0,0
1,30,38,From Throw In,Cameroon,3857290,0 days 00:30:38,1,0,0,0,0,0,0,0,0
1,30,40,From Throw In,Cameroon,3857290,0 days 00:30:40,0,0,0,0,0,0,1,0,0
1,30,42,From Throw In,Cameroon,3857290,0 days 00:30:42,0,0,0,0,0,0,1,0,0
1,30,45,From Throw In,Cameroon,3857290,0 days 00:30:45,0,0,0,0,0,0,1,0,0
1,30,46,From Throw In,Cameroon,3857290,0 days 00:30:46,0,0,0,0,0,0,1,0,0
1,30,48,From Throw In,Cameroon,3857290,0 days 00:30:48,0,0,0,0,0,0,1,0,0
1,30,51,From Throw In,Switzerland,3857290,0 days 00:30:51,0,0,0,0,1,0,0,0,0
1,30,51,From Throw In,Cameroon,3857290,0 days 00:30:51,0,0,0,0,0,0,1,0,0
1,30,53,From Throw In,Cameroon,3857290,0 days 00:30:53,0,0,0,0,0,0,1,0,0
1,30,55,From Throw In,Cameroon,3857290,0 days 00:30:55,0,0,0,0,0,0,1,0,0
1,30,58,From Throw In,Cameroon,3857290,0 days 00:30:58,0,0,0,0,0,0,1,0,0
1,31,0,From Throw In,Cameroon,3857290,0 days 00:31:00,0,0,0,0,0,0,1,0,0
1,31,3,From Throw In,Cameroon,3857290,0 days 00:31:03,0,0,0,0,0,0,1,0,0
1,31,6,From Throw In,Cameroon,3857290,0 days 00:31:06,0,0,0,0,0,0,1,0,0
1,31,7,From Throw In,Cameroon,3857290,0 days 00:31:07,0,0,0,0,0,0,1,0,0
1,31,10,From Throw In,Cameroon,3857290,0 days 00:31:10,0,0,0,0,0,0,1,0,0
1,31,12,From Throw In,Cameroon,3857290,0 days 00:31:12,0,0,0,0,0,0,1,0,0
1,31,14,From Throw In,Cameroon,3857290,0 days 00:31:14,0,0,0,0,0,0,1,0,0
1,31,15,From Throw In,Cameroon,3857290,0 days 00:31:15,0,0,0,0,0,0,1,0,0
1,31,16,From Throw In,Cameroon,3857290,0 days 00:31:16,0,0,0,0,0,0,1,0,0
1,31,19,From Throw In,Cameroon,3857290,0 days 00:31:19,0,0,0,1,0,0,0,0,0
1,31,19,From Throw In,Switzerland,3857290,0 days 00:31:19,1,0,0,0,0,0,0,0,0
1,31,20,From Throw In,Switzerland,3857290,0 days 00:31:20,0,0,0,0,0,0,1,0,0
1,31,20,From Throw In,Cameroon,3857290,0 days 00:31:20,1,0,0,0,0,0,0,0,0
1,31,21,From Throw In,Cameroon,3857290,0 days 00:31:21,0,0,0,0,0,0,1,0,0
1,31,23,From Throw In,Cameroon,3857290,0 days 00:31:23,0,0,0,0,0,0,1,0,0
1,31,26,From Throw In,Cameroon,3857290,0 days 00:31:26,0,0,0,0,0,0,1,0,0
1,31,27,From Throw In,Cameroon,3857290,0 days 00:31:27,0,0,0,0,0,0,1,0,0
1,31,30,From Throw In,Cameroon,3857290,0 days 00:31:30,0,0,0,0,0,0,1,0,0
1,31,33,From Throw In,Cameroon,3857290,0 days 00:31:33,0,0,0,0,0,0,1,0,0
1,31,37,From Throw In,Cameroon,3857290,0 days 00:31:37,0,0,0,0,0,0,1,0,0
1,31,44,From Throw In,Cameroon,3857290,0 days 00:31:44,0,0,0,0,0,0,1,0,0
1,31,45,From Throw In,Cameroon,3857290,0 days 00:31:45,0,0,0,0,0,0,1,0,0
1,31,49,From Throw In,Cameroon,3857290,0 days 00:31:49,0,0,0,0,0,0,1,0,0
1,31,50,Regular Play,Switzerland,3857290,0 days 00:31:50,0,0,0,0,0,0,1,0,0
1,31,52,Regular Play,Switzerland,3857290,0 days 00:31:52,0,0,0,0,0,0,1,0,0
1,31,53,Regular Play,Switzerland,3857290,0 days 00:31:53,0,0,0,0,0,0,1,0,0
1,31,55,Regular Play,Switzerland,3857290,0 days 00:31:55,0,0,0,0,0,0,1,0,0
1,31,57,Regular Play,Switzerland,3857290,0 days 00:31:57,0,0,0,0,0,0,1,0,0
1,22,0,Regular Play,Spain,3857291,0 days 00:22:00,0,0,0,0,0,0,1,0,0
1,22,3,Regular Play,Spain,3857291,0 days 00:22:03,0,0,0,0,0,0,1,0,0
1,22,4,Regular Play,Spain,3857291,0 days 00:22:04,0,0,0,0,0,0,1,0,0
1,22,7,Regular Play,Spain,3857291,0 days 00:22:07,0,0,0,0,0,0,1,0,0
1,22,12,Regular Play,Spain,3857291,0 days 00:22:12,0,0,0,0,0,0,1,0,0
1,22,14,Regular Play,Spain,3857291,0 days 00:22:14,0,0,0,0,0,0,1,0,0
1,23,22,From Corner,Spain,3857291,0 days 00:23:22,0,0,0,0,0,0,1,0,0
1,23,23,From Corner,Costa Rica,3857291,0 days 00:23:23,0,1,0,0,0,0,0,0,0
1,23,25,From Corner,Costa Rica,3857291,0 days 00:23:25,0,1,0,0,0,0,0,0,0
1,23,29,From Corner,Spain,3857291,0 days 00:23:29,0,0,0,0,0,0,1,0,0
1,23,35,From Corner,Spain,3857291,0 days 00:23:35,0,0,1,0,0,0,0,0,0
1,23,35,From Corner,Costa Rica,3857291,0 days 00:23:35,0,0,0,0,0,0,0,0,1
1,23,37,From Corner,Costa Rica,3857291,0 days 00:23:37,0,0,1,0,0,0,0,0,0
1,23,37,From Corner,Spain,3857291,0 days 00:23:37,0,0,0,0,0,0,0,0,1
1,23,38,From Corner,Spain,3857291,0 days 00:23:38,1,0,0,0,0,0,0,0,0
1,23,41,From Corner,Spain,3857291,0 days 00:23:41,0,0,0,0,0,0,1,0,0
1,23,53,From Goal Kick,Costa Rica,3857291,0 days 00:23:53,0,0,0,0,0,0,1,0,0
1,23,55,From Goal Kick,Costa Rica,3857291,0 days 00:23:55,0,0,0,0,0,0,1,0,0
1,24,2,From Throw In,Spain,3857291,0 days 00:24:02,0,0,0,0,0,0,1,0,0
1,24,6,From Throw In,Spain,3857291,0 days 00:24:06,0,0,0,0,0,0,1,0,0
1,24,10,From Throw In,Spain,3857291,0 days 00:24:10,0,0,0,0,0,0,1,0,0
1,24,13,From Throw In,Spain,3857291,0 days 00:24:13,0,0,0,0,0,0,1,0,0
1,24,15,From Throw In,Spain,3857291,0 days 00:24:15,0,0,0,0,0,0,1,0,0
1,24,21,From Throw In,Spain,3857291,0 days 00:24:21,0,0,0,0,0,0,1,0,0
1,24,23,From Throw In,Spain,3857291,0 days 00:24:23,0,0,0,0,0,0,1,0,0
1,24,25,From Throw In,Spain,3857291,0 days 00:24:25,0,0,0,0,0,0,1,0,0
1,24,27,From Throw In,Spain,3857291,0 days 00:24:27,0,0,0,0,0,0,1,0,0
1,24,28,From Throw In,Spain,3857291,0 days 00:24:28,0,0,0,0,0,0,1,0,0
1,24,29,From Throw In,Spain,3857291,0 days 00:24:29,0,0,0,0,0,0,1,0,0
1,24,32,From Throw In,Spain,3857291,0 days 00:24:32,0,0,0,0,0,0,1,0,0
1,24,34,From Throw In,Spain,3857291,0 days 00:24:34,0,0,0,0,0,0,1,0,0
1,24,37,From Throw In,Spain,3857291,0 days 00:24:37,0,0,0,0,0,0,1,0,0
1,24,42,From Throw In,Spain,3857291,0 days 00:24:42,0,0,0,0,0,0,1,0,0
1,24,44,From Throw In,Costa Rica,3857291,0 days 00:24:44,0,0,0,0,0,0,1,0,0
1,24,48,From Throw In,Spain,3857291,0 days 00:24:48,1,0,0,0,0,0,0,0,0
1,24,49,From Throw In,Spain,3857291,0 days 00:24:49,0,0,0,0,0,0,1,0,0
1,24,50,From Throw In,Spain,3857291,0 days 00:24:50,0,0,0,0,0,0,1,0,0
1,24,51,From Throw In,Spain,3857291,0 days 00:24:51,0,0,0,0,0,0,1,0,0
1,24,53,From Throw In,Spain,3857291,0 days 00:24:53,0,0,0,0,0,0,1,0,0
1,24,55,From Throw In,Spain,3857291,0 days 00:24:55,0,0,0,0,0,0,1,0,0
1,24,58,From Throw In,Spain,3857291,0 days 00:24:58,0,0,0,0,0,0,1,0,0
1,25,2,From Throw In,Spain,3857291,0 days 00:25:02,0,0,0,0,0,0,1,0,0
1,25,5,From Throw In,Spain,3857291,0 days 00:25:05,0,0,0,0,0,0,1,0,0
1,25,6,From Throw In,Spain,3857291,0 days 00:25:06,0,0,0,0,0,0,1,0,0
1,25,8,From Throw In,Spain,3857291,0 days 00:25:08,0,0,0,0,0,0,1,0,0
1,25,11,From Throw In,Spain,3857291,0 days 00:25:11,0,0,0,0,0,0,1,0,0
1,25,13,From Throw In,Spain,3857291,0 days 00:25:13,0,0,0,0,0,0,1,0,0
1,25,14,From Throw In,Costa Rica,3857291,0 days 00:25:14,0,0,0,0,0,1,0,0,0
1,25,15,From Throw In,Costa Rica,3857291,0 days 00:25:15,0,0,0,0,0,0,1,0,0
1,25,17,From Throw In,Costa Rica,3857291,0 days 00:25:17,0,0,0,1,0,0,0,0,0
1,25,20,From Throw In,Spain,3857291,0 days 00:25:20,1,0,0,0,0,0,0,0,0
1,25,21,From Throw In,Spain,3857291,0 days 00:25:21,0,0,0,0,0,0,1,0,0
1,25,22,From Throw In,Spain,3857291,0 days 00:25:22,0,0,0,0,0,0,1,0,0
1,25,25,From Throw In,Spain,3857291,0 days 00:25:25,0,0,0,0,0,0,1,0,0
1,25,28,From Throw In,Spain,3857291,0 days 00:25:28,0,0,0,0,0,0,1,0,0
1,25,35,From Throw In,Spain,3857291,0 days 00:25:35,0,0,0,0,0,0,1,0,0
1,25,38,From Throw In,Spain,3857291,0 days 00:25:38,0,0,0,0,0,0,1,0,0
1,25,40,From Throw In,Spain,3857291,0 days 00:25:40,0,0,0,0,0,0,1,0,0
1,25,43,From Throw In,Spain,3857291,0 days 00:25:43,0,0,0,0,0,0,1,0,0
1,25,45,From Throw In,Spain,3857291,0 days 00:25:45,0,0,0,0,0,0,1,0,0
1,25,47,From Throw In,Spain,3857291,0 days 00:25:47,0,0,0,0,0,0,1,0,0
1,25,50,From Throw In,Spain,3857291,0 days 00:25:50,0,0,0,0,0,0,1,0,0
1,25,53,From Throw In,Spain,3857291,0 days 00:25:53,0,0,0,0,0,0,1,0,0
1,26,0,From Throw In,Spain,3857291,0 days 00:26:00,0,0,0,0,0,0,1,0,0
1,26,2,From Throw In,Spain,3857291,0 days 00:26:02,0,0,0,0,0,0,1,0,0
1,26,4,From Throw In,Spain,3857291,0 days 00:26:04,0,0,0,1,0,0,0,0,0
1,26,4,From Throw In,Costa Rica,3857291,0 days 00:26:04,0,0,0,0,0,0,0,0,1
1,26,14,From Throw In,Spain,3857291,0 days 00:26:14,0,0,0,0,0,0,1,0,0
1,26,16,From Throw In,Spain,3857291,0 days 00:26:16,0,0,0,0,0,0,1,0,0
1,26,21,From Throw In,Spain,3857291,0 days 00:26:21,0,0,0,0,0,0,1,0,0
1,26,22,From Throw In,Spain,3857291,0 days 00:26:22,0,0,0,0,0,0,1,0,0
1,26,24,From Throw In,Spain,3857291,0 days 00:26:24,0,0,0,0,0,0,1,0,0
1,26,28,From Throw In,Spain,3857291,0 days 00:26:28,0,0,0,1,0,0,0,0,0
1,26,29,From Throw In,Costa Rica,3857291,0 days 00:26:29,0,0,0,0,0,0,1,0,0
1,26,31,From Throw In,Costa Rica,3857291,0 days 00:26:31,0,0,0,0,0,0,1,0,0
1,26,33,From Throw In,Spain,3857291,0 days 00:26:33,0,0,0,0,0,0,1,0,0
1,26,34,From Throw In,Spain,3857291,0 days 00:26:34,0,0,0,0,0,0,1,0,0
1,26,36,From Throw In,Spain,3857291,0 days 00:26:36,0,0,0,0,0,0,1,0,0
1,26,39,From Throw In,Spain,3857291,0 days 00:26:39,0,0,0,0,0,0,1,0,0
1,26,41,From Throw In,Spain,3857291,0 days 00:26:41,0,0,0,0,0,0,1,0,0
1,26,42,From Throw In,Spain,3857291,0 days 00:26:42,0,0,0,0,0,0,1,0,0
1,26,43,From Throw In,Spain,3857291,0 days 00:26:43,0,0,0,0,0,0,1,0,0
1,26,48,From Throw In,Spain,3857291,0 days 00:26:48,0,0,0,0,0,0,1,0,0
1,26,49,From Throw In,Spain,3857291,0 days 00:26:49,0,0,0,0,0,0,1,0,0
1,26,50,From Throw In,Spain,3857291,0 days 00:26:50,0,0,0,0,0,0,1,0,0
1,26,51,From Throw In,Spain,3857291,0 days 00:26:51,0,0,0,0,0,0,1,0,0
1,26,55,From Throw In,Spain,3857291,0 days 00:26:55,0,0,0,0,0,0,1,0,0
1,26,56,From Throw In,Spain,3857291,0 days 00:26:56,0,0,0,0,0,0,1,0,0
1,26,58,From Throw In,Spain,3857291,0 days 00:26:58,0,0,0,0,0,0,1,0,0
1,27,1,From Throw In,Spain,3857291,0 days 00:27:01,0,0,0,0,0,0,1,0,0
1,27,2,From Throw In,Spain,3857291,0 days 00:27:02,0,0,0,0,0,0,1,0,0
1,27,4,From Throw In,Spain,3857291,0 days 00:27:04,0,0,0,0,0,0,1,0,0
1,27,7,From Throw In,Spain,3857291,0 days 00:27:07,0,0,0,0,0,0,1,0,0
1,27,10,From Throw In,Spain,3857291,0 days 00:27:10,0,0,0,0,0,0,1,0,0
1,27,11,From Throw In,Spain,3857291,0 days 00:27:11,0,0,0,0,0,0,1,0,0
1,27,19,From Throw In,Spain,3857291,0 days 00:27:19,0,0,0,0,0,0,1,0,0
1,27,20,From Throw In,Spain,3857291,0 days 00:27:20,0,0,0,0,0,0,1,0,0
1,27,22,From Throw In,Spain,3857291,0 days 00:27:22,0,0,0,0,0,0,1,0,0
1,27,27,From Throw In,Spain,3857291,0 days 00:27:27,0,0,0,0,0,0,1,0,0
1,27,29,From Throw In,Spain,3857291,0 days 00:27:29,0,0,0,1,0,0,0,0,0
1,27,31,From Throw In,Spain,3857291,0 days 00:27:31,0,0,0,0,0,0,1,0,0
1,27,33,From Throw In,Spain,3857291,0 days 00:27:33,0,0,0,0,0,0,1,0,0
1,27,35,From Throw In,Spain,3857291,0 days 00:27:35,0,0,0,0,0,0,1,0,0
1,27,37,From Throw In,Spain,3857291,0 days 00:27:37,0,0,0,0,0,0,1,0,0
1,27,40,From Throw In,Spain,3857291,0 days 00:27:40,0,0,0,0,0,0,1,0,0
1,27,41,From Throw In,Spain,3857291,0 days 00:27:41,0,0,0,0,0,0,1,0,0
1,27,45,From Throw In,Spain,3857291,0 days 00:27:45,0,0,0,0,0,0,1,0,0
1,27,46,From Throw In,Spain,3857291,0 days 00:27:46,0,0,0,0,0,0,1,0,0
1,27,46,From Throw In,Costa Rica,3857291,0 days 00:27:46,0,1,0,0,0,0,0,0,0
1,27,50,From Throw In,Spain,3857291,0 days 00:27:50,0,0,0,0,0,0,1,0,0
1,27,54,From Throw In,Spain,3857291,0 days 00:27:54,0,0,0,0,0,0,1,0,0
1,27,57,From Throw In,Spain,3857291,0 days 00:27:57,0,0,0,0,0,0,1,0,0
1,27,59,From Throw In,Spain,3857291,0 days 00:27:59,0,0,0,0,0,0,1,0,0
1,28,1,From Throw In,Spain,3857291,0 days 00:28:01,0,0,0,0,0,0,1,0,0
1,28,4,From Throw In,Spain,3857291,0 days 00:28:04,0,0,0,0,0,0,1,0,0
1,28,6,From Throw In,Spain,3857291,0 days 00:28:06,0,0,0,0,0,0,1,0,0
1,28,12,From Throw In,Spain,3857291,0 days 00:28:12,0,0,0,0,0,0,1,0,0
1,28,15,From Throw In,Spain,3857291,0 days 00:28:15,0,0,0,0,0,0,1,0,0
1,28,21,From Throw In,Spain,3857291,0 days 00:28:21,0,0,0,0,0,0,1,0,0
1,28,22,From Throw In,Spain,3857291,0 days 00:28:22,0,0,0,0,0,0,1,0,0
1,28,31,From Throw In,Spain,3857291,0 days 00:28:31,0,0,0,0,0,0,1,0,0
1,28,38,From Throw In,Spain,3857291,0 days 00:28:38,0,0,0,0,0,0,1,0,0
1,28,40,From Throw In,Spain,3857291,0 days 00:28:40,0,0,0,0,0,0,1,0,0
1,28,42,From Throw In,Spain,3857291,0 days 00:28:42,0,0,0,0,0,0,1,0,0
1,28,43,From Throw In,Spain,3857291,0 days 00:28:43,0,0,0,0,0,0,1,0,0
1,28,46,From Throw In,Spain,3857291,0 days 00:28:46,0,0,0,0,0,0,1,0,0
1,28,46,From Throw In,Spain,3857291,0 days 00:28:46,0,0,0,0,0,0,1,0,0
1,28,47,From Throw In,Costa Rica,3857291,0 days 00:28:47,0,1,0,0,0,0,0,0,0
1,28,48,From Throw In,Costa Rica,3857291,0 days 00:28:48,0,0,0,0,0,0,1,0,0
1,28,50,From Throw In,Spain,3857291,0 days 00:28:50,1,0,0,0,0,0,0,0,0
1,28,51,From Throw In,Costa Rica,3857291,0 days 00:28:51,0,0,0,0,1,0,0,0,0
1,30,9,Other,Spain,3857291,0 days 00:30:09,0,0,0,0,0,0,0,1,0
1,31,4,From Kick Off,Costa Rica,3857291,0 days 00:31:04,0,0,0,0,0,0,1,0,0
1,31,6,From Kick Off,Costa Rica,3857291,0 days 00:31:06,0,0,0,0,0,0,1,0,0
1,31,9,From Kick Off,Costa Rica,3857291,0 days 00:31:09,0,0,0,0,0,0,1,0,0
1,31,12,From Kick Off,Costa Rica,3857291,0 days 00:31:12,0,0,0,0,0,0,1,0,0
1,31,16,From Kick Off,Costa Rica,3857291,0 days 00:31:16,0,0,0,0,0,0,1,0,0
1,31,18,From Kick Off,Spain,3857291,0 days 00:31:18,0,0,0,0,0,1,0,0,0
1,31,25,From Throw In,Costa Rica,3857291,0 days 00:31:25,0,0,0,0,0,0,1,0,0
1,31,29,From Throw In,Costa Rica,3857291,0 days 00:31:29,0,0,1,0,0,0,0,0,0
1,31,29,From Throw In,Spain,3857291,0 days 00:31:29,0,0,0,0,0,0,0,0,1
1,31,35,From Throw In,Costa Rica,3857291,0 days 00:31:35,0,0,0,0,0,0,1,0,0
1,31,36,From Throw In,Costa Rica,3857291,0 days 00:31:36,0,0,0,0,0,0,1,0,0
1,31,38,From Throw In,Costa Rica,3857291,0 days 00:31:38,0,0,0,0,0,0,1,0,0
1,31,39,Regular Play,Spain,3857291,0 days 00:31:39,0,0,0,0,0,0,1,0,0
1,31,39,Regular Play,Spain,3857291,0 days 00:31:39,0,0,0,0,0,0,1,0,0
1,31,41,Regular Play,Spain,3857291,0 days 00:31:41,0,0,0,0,0,0,1,0,0
1,31,43,Regular Play,Spain,3857291,0 days 00:31:43,0,0,0,0,0,0,1,0,0
1,31,44,Regular Play,Spain,3857291,0 days 00:31:44,0,0,0,0,0,0,1,0,0
1,31,57,From Throw In,Costa Rica,3857291,0 days 00:31:57,0,0,0,0,0,0,1,0,0
1,22,2,From Throw In,Costa Rica,3857292,0 days 00:22:02,0,0,0,0,0,0,1,0,0
1,22,5,Regular Play,Germany,3857292,0 days 00:22:05,0,0,0,0,0,0,1,0,0
1,22,9,Regular Play,Germany,3857292,0 days 00:22:09,0,0,0,0,0,0,1,0,0
1,22,18,Regular Play,Germany,3857292,0 days 00:22:18,0,0,0,0,0,0,1,0,0
1,22,21,Regular Play,Germany,3857292,0 days 00:22:21,0,0,0,0,0,0,1,0,0
1,22,24,Regular Play,Germany,3857292,0 days 00:22:24,0,0,0,0,0,0,1,0,0
1,22,26,Regular Play,Germany,3857292,0 days 00:22:26,0,0,0,0,0,0,1,0,0
1,22,28,Regular Play,Germany,3857292,0 days 00:22:28,0,0,0,0,0,0,1,0,0
1,22,29,Regular Play,Germany,3857292,0 days 00:22:29,0,0,0,0,0,0,1,0,0
1,22,31,Regular Play,Germany,3857292,0 days 00:22:31,0,0,0,0,0,0,1,0,0
1,22,34,Regular Play,Germany,3857292,0 days 00:22:34,0,0,0,0,0,0,1,0,0
1,22,36,Regular Play,Germany,3857292,0 days 00:22:36,0,0,0,0,0,0,1,0,0
1,22,37,Regular Play,Germany,3857292,0 days 00:22:37,0,0,0,0,0,0,1,0,0
1,22,37,Regular Play,Germany,3857292,0 days 00:22:37,0,0,0,0,0,0,1,0,0
1,22,38,Regular Play,Germany,3857292,0 days 00:22:38,0,0,0,0,0,0,1,0,0
1,22,39,Regular Play,Costa Rica,3857292,0 days 00:22:39,0,0,0,0,0,1,0,0,0
1,22,41,Regular Play,Germany,3857292,0 days 00:22:41,1,0,0,0,0,0,0,0,0
1,22,41,Regular Play,Germany,3857292,0 days 00:22:41,0,0,0,1,0,0,0,0,0
1,22,41,Regular Play,Costa Rica,3857292,0 days 00:22:41,0,0,0,0,0,0,0,0,1
1,22,42,Regular Play,Germany,3857292,0 days 00:22:42,1,0,0,0,0,0,0,0,0
1,22,43,Regular Play,Germany,3857292,0 days 00:22:43,0,0,0,0,0,0,1,0,0
1,22,46,Regular Play,Germany,3857292,0 days 00:22:46,1,0,0,0,0,0,0,0,0
1,22,49,Regular Play,Germany,3857292,0 days 00:22:49,0,0,0,0,0,0,1,0,0
1,22,51,Regular Play,Germany,3857292,0 days 00:22:51,0,0,0,0,0,0,1,0,0
1,22,52,Regular Play,Germany,3857292,0 days 00:22:52,1,0,0,0,0,0,0,0,0
1,22,53,Regular Play,Costa Rica,3857292,0 days 00:22:53,0,1,0,0,0,0,0,0,0
1,22,57,Regular Play,Costa Rica,3857292,0 days 00:22:57,1,0,0,0,0,0,0,0,0
1,23,0,Regular Play,Costa Rica,3857292,0 days 00:23:00,0,0,0,0,0,0,1,0,0
1,23,3,Regular Play,Costa Rica,3857292,0 days 00:23:03,0,0,0,0,0,0,1,0,0
1,23,5,Regular Play,Costa Rica,3857292,0 days 00:23:05,0,0,0,0,0,0,1,0,0
1,23,21,From Throw In,Costa Rica,3857292,0 days 00:23:21,0,0,0,0,0,0,1,0,0
1,23,23,From Throw In,Germany,3857292,0 days 00:23:23,0,0,0,0,1,0,0,0,0
1,23,31,From Free Kick,Costa Rica,3857292,0 days 00:23:31,0,0,0,0,0,0,1,0,0
1,23,34,From Free Kick,Costa Rica,3857292,0 days 00:23:34,0,0,0,0,0,0,1,0,0
1,23,37,From Free Kick,Costa Rica,3857292,0 days 00:23:37,0,0,0,0,0,0,1,0,0
1,23,39,From Free Kick,Costa Rica,3857292,0 days 00:23:39,0,0,0,0,0,0,1,0,0
1,23,40,From Free Kick,Costa Rica,3857292,0 days 00:23:40,0,0,0,0,0,0,1,0,0
1,23,42,From Free Kick,Germany,3857292,0 days 00:23:42,0,0,0,0,0,0,1,0,0
1,23,47,From Free Kick,Costa Rica,3857292,0 days 00:23:47,1,0,0,0,0,0,0,0,0
1,23,48,From Free Kick,Costa Rica,3857292,0 days 00:23:48,0,0,0,0,0,0,1,0,0
1,23,52,From Free Kick,Costa Rica,3857292,0 days 00:23:52,0,0,0,0,0,0,1,0,0
1,23,55,From Free Kick,Costa Rica,3857292,0 days 00:23:55,0,0,0,0,0,0,1,0,0
1,23,57,From Free Kick,Costa Rica,3857292,0 days 00:23:57,0,0,0,0,0,0,1,0,0
1,23,59,From Free Kick,Costa Rica,3857292,0 days 00:23:59,0,0,0,0,0,0,1,0,0
1,24,1,From Free Kick,Costa Rica,3857292,0 days 00:24:01,0,0,0,0,0,0,1,0,0
1,24,2,From Free Kick,Costa Rica,3857292,0 days 00:24:02,0,0,0,0,0,0,1,0,0
1,24,5,From Free Kick,Costa Rica,3857292,0 days 00:24:05,0,0,0,0,0,0,1,0,0
1,24,6,From Free Kick,Costa Rica,3857292,0 days 00:24:06,0,0,0,0,0,0,1,0,0
1,24,10,From Free Kick,Costa Rica,3857292,0 days 00:24:10,0,0,0,0,0,0,1,0,0
1,24,15,Regular Play,Germany,3857292,0 days 00:24:15,0,0,0,0,0,0,1,0,0
1,24,18,Regular Play,Germany,3857292,0 days 00:24:18,0,0,0,0,0,0,1,0,0
1,24,20,Regular Play,Germany,3857292,0 days 00:24:20,0,0,0,0,0,0,1,0,0
1,24,26,Regular Play,Germany,3857292,0 days 00:24:26,0,0,0,0,0,0,1,0,0
1,24,31,Regular Play,Germany,3857292,0 days 00:24:31,0,0,0,0,0,0,1,0,0
1,24,36,Regular Play,Germany,3857292,0 days 00:24:36,0,0,0,0,0,0,1,0,0
1,24,39,Regular Play,Germany,3857292,0 days 00:24:39,0,0,0,0,0,0,1,0,0
1,24,44,Regular Play,Germany,3857292,0 days 00:24:44,0,0,0,0,0,0,1,0,0
1,24,52,Regular Play,Germany,3857292,0 days 00:24:52,0,0,0,0,0,0,1,0,0
1,24,57,Regular Play,Germany,3857292,0 days 00:24:57,0,0,0,0,0,0,1,0,0
1,24,59,Regular Play,Costa Rica,3857292,0 days 00:24:59,0,0,0,0,0,0,1,0,0
1,25,0,Regular Play,Germany,3857292,0 days 00:25:00,0,0,0,0,0,0,1,0,0
1,25,1,Regular Play,Germany,3857292,0 days 00:25:01,0,0,0,0,0,0,1,0,0
1,25,3,Regular Play,Germany,3857292,0 days 00:25:03,0,0,0,0,0,0,1,0,0
1,25,4,Regular Play,Germany,3857292,0 days 00:25:04,0,0,0,0,0,0,1,0,0
1,25,7,Regular Play,Germany,3857292,0 days 00:25:07,0,0,0,0,0,0,1,0,0
1,25,8,Regular Play,Germany,3857292,0 days 00:25:08,0,0,0,0,0,0,1,0,0
1,25,10,Regular Play,Germany,3857292,0 days 00:25:10,0,0,0,0,0,0,1,0,0
1,25,12,Regular Play,Germany,3857292,0 days 00:25:12,0,0,0,0,0,0,1,0,0
1,25,14,Regular Play,Germany,3857292,0 days 00:25:14,0,0,0,0,0,0,1,0,0
1,25,18,Regular Play,Germany,3857292,0 days 00:25:18,0,0,0,0,0,0,1,0,0
1,25,21,Regular Play,Germany,3857292,0 days 00:25:21,0,0,0,0,0,0,1,0,0
1,25,44,From Free Kick,Costa Rica,3857292,0 days 00:25:44,0,0,0,0,0,0,1,0,0
1,26,0,From Throw In,Germany,3857292,0 days 00:26:00,0,0,0,0,0,0,1,0,0
1,26,1,From Throw In,Germany,3857292,0 days 00:26:01,0,0,0,0,0,0,1,0,0
1,26,4,From Throw In,Germany,3857292,0 days 00:26:04,0,0,0,0,0,0,1,0,0
1,26,9,From Throw In,Germany,3857292,0 days 00:26:09,0,0,0,0,0,0,1,0,0
1,26,12,From Throw In,Germany,3857292,0 days 00:26:12,0,0,0,0,0,0,1,0,0
1,26,15,From Throw In,Germany,3857292,0 days 00:26:15,0,0,0,0,0,0,1,0,0
1,26,19,From Throw In,Germany,3857292,0 days 00:26:19,0,0,0,0,0,0,1,0,0
1,26,21,From Throw In,Germany,3857292,0 days 00:26:21,0,0,0,0,0,0,1,0,0
1,26,22,From Throw In,Germany,3857292,0 days 00:26:22,0,0,0,0,0,0,1,0,0
1,26,25,Regular Play,Costa Rica,3857292,0 days 00:26:25,1,0,0,0,0,0,0,0,0
1,26,26,Regular Play,Costa Rica,3857292,0 days 00:26:26,0,0,0,1,0,0,0,0,0
1,26,27,Regular Play,Costa Rica,3857292,0 days 00:26:27,0,0,0,0,0,0,1,0,0
1,26,28,Regular Play,Costa Rica,3857292,0 days 00:26:28,0,0,0,0,0,0,1,0,0
1,26,29,Regular Play,Costa Rica,3857292,0 days 00:26:29,0,0,0,0,0,0,1,0,0
1,26,31,Regular Play,Germany,3857292,0 days 00:26:31,0,0,0,0,0,0,1,0,0
1,26,34,Regular Play,Germany,3857292,0 days 00:26:34,0,0,0,0,0,0,1,0,0
1,26,41,Regular Play,Germany,3857292,0 days 00:26:41,0,0,0,0,0,0,1,0,0
1,27,18,From Corner,Germany,3857292,0 days 00:27:18,0,0,0,0,0,0,1,0,0
1,27,19,From Corner,Costa Rica,3857292,0 days 00:27:19,0,1,0,0,0,0,0,0,0
1,27,20,From Corner,Costa Rica,3857292,0 days 00:27:20,0,0,0,0,0,0,1,0,0
1,27,22,From Corner,Germany,3857292,0 days 00:27:22,1,0,0,0,0,0,0,0,0
1,27,28,From Corner,Germany,3857292,0 days 00:27:28,0,0,0,0,0,0,1,0,0
1,27,35,From Corner,Germany,3857292,0 days 00:27:35,0,0,0,0,0,0,1,0,0
1,27,38,From Corner,Germany,3857292,0 days 00:27:38,0,0,0,0,0,0,1,0,0
1,27,39,From Corner,Germany,3857292,0 days 00:27:39,0,0,0,0,0,0,1,0,0
1,27,41,From Corner,Germany,3857292,0 days 00:27:41,0,0,0,0,0,0,1,0,0
1,27,44,From Corner,Germany,3857292,0 days 00:27:44,0,0,0,0,0,0,1,0,0
1,27,47,From Corner,Germany,3857292,0 days 00:27:47,0,0,0,1,0,0,0,0,0
1,27,49,From Corner,Germany,3857292,0 days 00:27:49,0,0,0,0,0,0,1,0,0
1,27,50,From Corner,Germany,3857292,0 days 00:27:50,0,0,0,0,0,0,1,0,0
1,27,50,From Corner,Germany,3857292,0 days 00:27:50,0,0,0,0,0,0,1,0,0
1,27,52,From Corner,Costa Rica,3857292,0 days 00:27:52,0,0,0,0,0,0,1,0,0
1,27,53,From Corner,Costa Rica,3857292,0 days 00:27:53,0,0,0,0,0,0,1,0,0
1,27,56,From Corner,Germany,3857292,0 days 00:27:56,0,0,0,0,0,0,1,0,0
1,27,59,From Corner,Germany,3857292,0 days 00:27:59,0,0,0,0,0,0,1,0,0
1,28,0,Regular Play,Costa Rica,3857292,0 days 00:28:00,1,0,0,0,0,0,0,0,0
1,28,2,Regular Play,Costa Rica,3857292,0 days 00:28:02,0,0,0,0,0,0,1,0,0
1,28,6,Regular Play,Costa Rica,3857292,0 days 00:28:06,0,0,0,0,0,0,1,0,0
1,28,13,Regular Play,Costa Rica,3857292,0 days 00:28:13,0,0,0,0,0,0,1,0,0
1,28,36,From Goal Kick,Germany,3857292,0 days 00:28:36,0,0,0,0,0,0,1,0,0
1,28,38,From Goal Kick,Germany,3857292,0 days 00:28:38,0,0,0,0,0,0,1,0,0
1,28,44,From Goal Kick,Germany,3857292,0 days 00:28:44,0,0,0,0,0,0,1,0,0
1,28,47,From Goal Kick,Germany,3857292,0 days 00:28:47,0,0,0,0,0,0,1,0,0
1,28,50,From Goal Kick,Germany,3857292,0 days 00:28:50,0,0,0,0,0,0,1,0,0
1,28,55,From Goal Kick,Germany,3857292,0 days 00:28:55,0,0,0,0,0,0,1,0,0
1,28,56,From Goal Kick,Germany,3857292,0 days 00:28:56,0,0,0,0,0,0,1,0,0
1,28,59,From Goal Kick,Germany,3857292,0 days 00:28:59,0,0,0,0,0,0,1,0,0
1,29,0,From Goal Kick,Costa Rica,3857292,0 days 00:29:00,0,0,0,0,0,1,0,0,0
1,29,1,From Goal Kick,Costa Rica,3857292,0 days 00:29:01,0,0,0,0,0,0,1,0,0
1,29,4,From Goal Kick,Costa Rica,3857292,0 days 00:29:04,0,0,0,0,0,0,1,0,0
1,29,5,From Goal Kick,Germany,3857292,0 days 00:29:05,0,0,0,0,0,0,1,0,0
1,29,7,From Goal Kick,Germany,3857292,0 days 00:29:07,0,0,0,0,0,0,1,0,0
1,29,10,From Goal Kick,Germany,3857292,0 days 00:29:10,0,0,0,0,0,0,1,0,0
1,29,11,From Goal Kick,Germany,3857292,0 days 00:29:11,0,0,0,0,0,0,1,0,0
1,29,14,From Goal Kick,Germany,3857292,0 days 00:29:14,0,0,0,0,0,0,1,0,0
1,29,17,From Goal Kick,Germany,3857292,0 days 00:29:17,0,0,0,0,0,0,1,0,0
1,29,20,From Goal Kick,Germany,3857292,0 days 00:29:20,0,0,0,0,0,0,1,0,0
1,29,21,From Goal Kick,Germany,3857292,0 days 00:29:21,0,0,0,0,0,0,1,0,0
1,29,24,From Goal Kick,Germany,3857292,0 days 00:29:24,0,0,0,0,0,0,1,0,0
1,29,26,From Goal Kick,Germany,3857292,0 days 00:29:26,0,0,0,0,0,0,1,0,0
1,29,27,From Goal Kick,Germany,3857292,0 days 00:29:27,0,0,0,0,0,0,1,0,0
1,29,29,From Goal Kick,Germany,3857292,0 days 00:29:29,0,0,1,0,0,0,0,0,0
1,29,29,From Goal Kick,Costa Rica,3857292,0 days 00:29:29,0,0,0,0,0,0,0,0,1
1,29,30,From Goal Kick,Germany,3857292,0 days 00:29:30,1,0,0,0,0,0,0,0,0
1,29,32,From Goal Kick,Germany,3857292,0 days 00:29:32,0,0,0,0,0,0,0,1,0
1,30,3,From Corner,Germany,3857292,0 days 00:30:03,0,0,0,0,0,0,1,0,0
1,30,4,From Corner,Costa Rica,3857292,0 days 00:30:04,0,1,0,0,0,0,0,0,0
1,30,8,Regular Play,Costa Rica,3857292,0 days 00:30:08,0,0,0,0,0,0,1,0,0
1,30,16,Regular Play,Costa Rica,3857292,0 days 00:30:16,0,0,0,0,0,0,1,0,0
1,30,18,Regular Play,Costa Rica,3857292,0 days 00:30:18,0,0,0,0,0,0,1,0,0
1,30,20,Regular Play,Costa Rica,3857292,0 days 00:30:20,0,0,0,0,0,0,1,0,0
1,30,22,Regular Play,Germany,3857292,0 days 00:30:22,1,0,0,0,0,0,0,0,0
1,30,24,Regular Play,Germany,3857292,0 days 00:30:24,0,0,0,0,0,0,1,0,0
1,30,24,Regular Play,Germany,3857292,0 days 00:30:24,0,0,0,0,0,0,1,0,0
1,30,27,Regular Play,Germany,3857292,0 days 00:30:27,0,0,0,0,0,0,1,0,0
1,30,34,Regular Play,Germany,3857292,0 days 00:30:34,0,0,0,0,0,0,1,0,0
1,30,36,Regular Play,Germany,3857292,0 days 00:30:36,0,0,0,0,0,0,1,0,0
1,30,40,Regular Play,Germany,3857292,0 days 00:30:40,0,0,0,0,0,0,1,0,0
1,30,46,Regular Play,Germany,3857292,0 days 00:30:46,0,0,0,0,0,0,1,0,0
1,30,48,Regular Play,Germany,3857292,0 days 00:30:48,0,0,0,0,0,0,1,0,0
1,30,50,Regular Play,Costa Rica,3857292,0 days 00:30:50,1,0,0,0,0,0,0,0,0
1,31,12,Regular Play,Costa Rica,3857292,0 days 00:31:12,0,0,0,0,0,0,1,0,0
1,31,17,Regular Play,Germany,3857292,0 days 00:31:17,1,0,0,0,0,0,0,0,0
1,31,20,Regular Play,Germany,3857292,0 days 00:31:20,0,0,0,0,0,0,1,0,0
1,31,23,Regular Play,Germany,3857292,0 days 00:31:23,0,0,0,0,0,0,1,0,0
1,31,28,Regular Play,Germany,3857292,0 days 00:31:28,0,0,0,0,0,0,1,0,0
1,31,37,Regular Play,Germany,3857292,0 days 00:31:37,0,0,0,0,0,0,1,0,0
1,31,39,Regular Play,Germany,3857292,0 days 00:31:39,0,0,0,0,0,0,1,0,0
1,31,40,Regular Play,Costa Rica,3857292,0 days 00:31:40,0,1,0,0,0,0,0,0,0
1,31,42,Regular Play,Costa Rica,3857292,0 days 00:31:42,0,0,0,0,0,0,1,0,0
1,31,44,Regular Play,Costa Rica,3857292,0 days 00:31:44,0,0,0,0,0,0,1,0,0
1,31,45,Regular Play,Germany,3857292,0 days 00:31:45,1,0,0,0,0,0,0,0,0
1,31,50,Regular Play,Germany,3857292,0 days 00:31:50,0,0,0,0,0,0,1,0,0
1,31,54,Regular Play,Germany,3857292,0 days 00:31:54,0,0,0,0,0,0,1,0,0
1,31,58,Regular Play,Germany,3857292,0 days 00:31:58,0,0,0,0,0,0,1,0,0
1,22,0,From Free Kick,Ghana,3857293,0 days 00:22:00,0,0,0,0,0,0,1,0,0
1,22,3,Regular Play,Uruguay,3857293,0 days 00:22:03,0,0,0,0,0,0,1,0,0
1,22,6,Regular Play,Uruguay,3857293,0 days 00:22:06,0,0,0,0,0,0,1,0,0
1,22,7,Regular Play,Uruguay,3857293,0 days 00:22:07,0,0,0,0,0,0,1,0,0
1,22,8,Regular Play,Uruguay,3857293,0 days 00:22:08,0,0,1,0,0,0,0,0,0
1,22,8,Regular Play,Ghana,3857293,0 days 00:22:08,0,0,0,0,0,0,0,0,1
1,22,10,Regular Play,Ghana,3857293,0 days 00:22:10,1,0,0,0,0,0,0,0,0
1,22,11,Regular Play,Ghana,3857293,0 days 00:22:11,0,0,0,0,0,0,1,0,0
1,22,12,Regular Play,Uruguay,3857293,0 days 00:22:12,0,0,0,0,0,0,1,0,0
1,22,15,Regular Play,Uruguay,3857293,0 days 00:22:15,0,0,0,0,0,0,0,1,0
1,22,16,Regular Play,Ghana,3857293,0 days 00:22:16,0,1,0,0,0,0,0,0,0
1,23,7,From Corner,Uruguay,3857293,0 days 00:23:07,0,0,0,0,0,0,1,0,0
1,23,8,From Corner,Ghana,3857293,0 days 00:23:08,0,1,0,0,0,0,0,0,0
1,23,10,From Corner,Uruguay,3857293,0 days 00:23:10,0,0,0,0,0,0,1,0,0
1,23,12,From Corner,Uruguay,3857293,0 days 00:23:12,0,0,0,0,0,0,1,0,0
1,23,13,From Corner,Uruguay,3857293,0 days 00:23:13,0,0,0,0,0,0,1,0,0
1,23,16,From Corner,Uruguay,3857293,0 days 00:23:16,0,0,0,0,0,0,1,0,0
1,23,19,From Corner,Uruguay,3857293,0 days 00:23:19,0,0,0,0,0,0,1,0,0
1,23,24,From Corner,Uruguay,3857293,0 days 00:23:24,0,0,0,0,0,0,1,0,0
1,23,26,From Corner,Uruguay,3857293,0 days 00:23:26,0,0,0,0,0,0,1,0,0
1,23,29,From Corner,Uruguay,3857293,0 days 00:23:29,0,0,0,0,0,0,1,0,0
1,23,33,From Corner,Uruguay,3857293,0 days 00:23:33,0,0,0,0,0,0,1,0,0
1,23,37,From Corner,Uruguay,3857293,0 days 00:23:37,0,0,0,0,0,0,1,0,0
1,23,40,From Corner,Uruguay,3857293,0 days 00:23:40,0,0,0,0,0,0,1,0,0
1,23,42,From Corner,Uruguay,3857293,0 days 00:23:42,0,0,0,0,0,0,1,0,0
1,23,44,From Corner,Uruguay,3857293,0 days 00:23:44,0,0,0,0,0,0,1,0,0
1,23,45,From Corner,Uruguay,3857293,0 days 00:23:45,0,0,0,0,0,0,1,0,0
1,23,46,Regular Play,Ghana,3857293,0 days 00:23:46,0,0,0,0,0,0,1,0,0
1,23,47,Regular Play,Ghana,3857293,0 days 00:23:47,0,0,0,0,0,0,1,0,0
1,23,49,Regular Play,Ghana,3857293,0 days 00:23:49,0,0,0,1,0,0,0,0,0
1,23,54,Regular Play,Ghana,3857293,0 days 00:23:54,0,0,0,0,0,0,1,0,0
1,23,54,Regular Play,Uruguay,3857293,0 days 00:23:54,0,0,0,0,0,0,1,0,0
1,24,7,From Throw In,Uruguay,3857293,0 days 00:24:07,0,0,0,0,0,0,1,0,0
1,24,11,From Throw In,Uruguay,3857293,0 days 00:24:11,0,0,0,0,0,0,1,0,0
1,24,15,From Throw In,Uruguay,3857293,0 days 00:24:15,0,0,0,0,0,0,1,0,0
1,24,17,From Throw In,Ghana,3857293,0 days 00:24:17,0,1,0,0,0,0,0,0,0
1,24,19,From Throw In,Uruguay,3857293,0 days 00:24:19,0,0,0,0,0,0,1,0,0
1,24,40,From Throw In,Ghana,3857293,0 days 00:24:40,0,0,0,0,0,0,1,0,0
1,24,52,From Throw In,Ghana,3857293,0 days 00:24:52,0,0,0,0,0,0,1,0,0
1,25,2,From Throw In,Ghana,3857293,0 days 00:25:02,0,0,0,0,0,0,1,0,0
1,25,7,Regular Play,Uruguay,3857293,0 days 00:25:07,0,0,0,0,0,0,1,0,0
1,25,10,Regular Play,Uruguay,3857293,0 days 00:25:10,0,0,0,0,0,0,1,0,0
1,25,13,Regular Play,Uruguay,3857293,0 days 00:25:13,0,0,0,0,0,0,1,0,0
1,25,15,Regular Play,Ghana,3857293,0 days 00:25:15,1,0,0,0,0,0,0,0,0
1,25,19,Regular Play,Ghana,3857293,0 days 00:25:19,0,0,1,0,0,0,0,0,0
1,25,19,Regular Play,Uruguay,3857293,0 days 00:25:19,0,0,0,0,0,0,0,0,1
1,25,19,Regular Play,Uruguay,3857293,0 days 00:25:19,0,0,0,0,0,0,1,0,0
1,25,24,Regular Play,Uruguay,3857293,0 days 00:25:24,0,0,0,0,0,0,1,0,0
1,25,28,Regular Play,Uruguay,3857293,0 days 00:25:28,0,0,0,1,0,0,0,0,0
1,25,28,Regular Play,Uruguay,3857293,0 days 00:25:28,0,0,0,0,0,0,0,1,0
1,25,30,Regular Play,Uruguay,3857293,0 days 00:25:30,1,0,0,0,0,0,0,0,0
1,25,30,Regular Play,Uruguay,3857293,0 days 00:25:30,0,0,0,0,0,0,0,1,0
1,26,54,From Kick Off,Ghana,3857293,0 days 00:26:54,0,0,0,0,0,0,1,0,0
1,26,58,From Kick Off,Ghana,3857293,0 days 00:26:58,0,0,0,0,0,0,1,0,0
1,27,0,From Kick Off,Ghana,3857293,0 days 00:27:00,0,0,0,0,0,0,1,0,0
1,27,2,From Kick Off,Uruguay,3857293,0 days 00:27:02,0,0,0,0,0,0,1,0,0
1,27,3,Regular Play,Uruguay,3857293,0 days 00:27:03,1,0,0,0,0,0,0,0,0
1,27,3,Regular Play,Uruguay,3857293,0 days 00:27:03,0,0,0,1,0,0,0,0,0
1,27,4,Regular Play,Uruguay,3857293,0 days 00:27:04,1,0,0,0,0,0,0,0,0
1,27,4,Regular Play,Uruguay,3857293,0 days 00:27:04,0,0,0,0,0,0,1,0,0
1,27,6,Regular Play,Uruguay,3857293,0 days 00:27:06,0,0,0,0,0,0,1,0,0
1,27,9,Regular Play,Uruguay,3857293,0 days 00:27:09,0,0,0,0,0,0,1,0,0
1,27,10,Regular Play,Ghana,3857293,0 days 00:27:10,0,1,0,0,0,0,0,0,0
1,27,15,Regular Play,Ghana,3857293,0 days 00:27:15,1,0,0,0,0,0,0,0,0
1,27,17,Regular Play,Ghana,3857293,0 days 00:27:17,0,0,0,1,0,0,0,0,0
1,27,17,Regular Play,Uruguay,3857293,0 days 00:27:17,0,0,0,0,0,0,0,0,1
1,27,31,From Throw In,Uruguay,3857293,0 days 00:27:31,0,0,0,0,0,0,1,0,0
1,27,34,From Throw In,Uruguay,3857293,0 days 00:27:34,0,0,0,0,0,0,1,0,0
1,27,37,From Throw In,Uruguay,3857293,0 days 00:27:37,0,0,0,0,0,0,1,0,0
1,27,39,Regular Play,Ghana,3857293,0 days 00:27:39,0,0,0,0,0,0,1,0,0
1,27,40,Regular Play,Ghana,3857293,0 days 00:27:40,0,0,0,0,0,0,1,0,0
1,27,45,Regular Play,Ghana,3857293,0 days 00:27:45,0,0,1,0,0,0,0,0,0
1,27,45,Regular Play,Uruguay,3857293,0 days 00:27:45,0,0,0,0,0,0,0,0,1
1,27,47,Regular Play,Uruguay,3857293,0 days 00:27:47,0,1,0,0,0,0,0,0,0
1,28,25,From Throw In,Ghana,3857293,0 days 00:28:25,0,0,0,0,0,0,1,0,0
1,28,27,From Throw In,Uruguay,3857293,0 days 00:28:27,0,1,0,0,0,0,0,0,0
1,28,29,From Throw In,Ghana,3857293,0 days 00:28:29,0,0,0,0,0,0,1,0,0
1,28,31,From Throw In,Ghana,3857293,0 days 00:28:31,0,0,0,0,0,0,1,0,0
1,28,33,From Throw In,Ghana,3857293,0 days 00:28:33,0,0,0,0,0,0,1,0,0
1,28,35,Regular Play,Uruguay,3857293,0 days 00:28:35,1,0,0,0,0,0,0,0,0
1,28,51,Regular Play,Uruguay,3857293,0 days 00:28:51,0,0,0,0,0,0,1,0,0
1,28,53,Regular Play,Uruguay,3857293,0 days 00:28:53,0,0,0,0,0,0,1,0,0
1,28,55,Regular Play,Uruguay,3857293,0 days 00:28:55,0,0,0,0,0,0,1,0,0
1,28,58,Regular Play,Uruguay,3857293,0 days 00:28:58,0,0,0,0,0,0,1,0,0
1,29,2,Regular Play,Uruguay,3857293,0 days 00:29:02,0,0,0,0,0,0,1,0,0
1,29,7,Regular Play,Uruguay,3857293,0 days 00:29:07,0,0,0,0,0,0,1,0,0
1,29,11,Regular Play,Uruguay,3857293,0 days 00:29:11,0,0,0,0,0,0,1,0,0
1,29,11,Regular Play,Ghana,3857293,0 days 00:29:11,0,1,0,0,0,0,0,0,0
1,29,14,Regular Play,Uruguay,3857293,0 days 00:29:14,0,0,0,0,1,0,0,0,0
1,29,35,From Free Kick,Ghana,3857293,0 days 00:29:35,0,0,0,0,0,0,1,0,0
1,29,38,From Free Kick,Ghana,3857293,0 days 00:29:38,0,0,0,0,0,0,1,0,0
1,29,40,From Free Kick,Ghana,3857293,0 days 00:29:40,0,0,0,0,0,0,1,0,0
1,29,46,From Free Kick,Ghana,3857293,0 days 00:29:46,0,0,0,0,0,0,1,0,0
1,29,48,From Free Kick,Ghana,3857293,0 days 00:29:48,0,0,0,0,0,0,1,0,0
1,29,50,From Free Kick,Ghana,3857293,0 days 00:29:50,0,0,1,0,0,0,0,0,0
1,29,50,Regular Play,Uruguay,3857293,0 days 00:29:50,0,0,0,0,0,0,0,0,1
1,29,52,Regular Play,Uruguay,3857293,0 days 00:29:52,0,0,0,0,0,0,1,0,0
1,29,53,Regular Play,Uruguay,3857293,0 days 00:29:53,0,0,0,0,0,0,1,0,0
1,29,55,Regular Play,Ghana,3857293,0 days 00:29:55,0,0,0,0,1,0,0,0,0
1,30,44,From Free Kick,Uruguay,3857293,0 days 00:30:44,0,0,0,0,0,0,1,0,0
1,30,45,From Free Kick,Uruguay,3857293,0 days 00:30:45,0,0,0,0,0,0,1,0,0
1,30,46,From Free Kick,Uruguay,3857293,0 days 00:30:46,0,0,0,0,0,0,1,0,0
1,30,47,From Free Kick,Uruguay,3857293,0 days 00:30:47,0,0,0,0,0,0,1,0,0
1,30,51,From Free Kick,Uruguay,3857293,0 days 00:30:51,0,0,0,0,0,0,1,0,0
1,30,53,From Free Kick,Uruguay,3857293,0 days 00:30:53,0,0,0,0,0,0,1,0,0
1,30,56,From Free Kick,Uruguay,3857293,0 days 00:30:56,0,0,0,0,0,0,1,0,0
1,30,58,From Free Kick,Uruguay,3857293,0 days 00:30:58,0,0,0,0,0,0,1,0,0
1,30,59,From Free Kick,Uruguay,3857293,0 days 00:30:59,0,0,0,0,0,0,1,0,0
1,31,0,From Free Kick,Uruguay,3857293,0 days 00:31:00,0,0,0,0,0,0,1,0,0
1,31,2,From Free Kick,Uruguay,3857293,0 days 00:31:02,0,0,0,0,0,0,0,1,0
1,22,0,Regular Play,Netherlands,3857294,0 days 00:22:00,0,0,0,0,0,0,1,0,0
1,22,2,Regular Play,Qatar,3857294,0 days 00:22:02,0,0,0,0,0,0,1,0,0
1,22,4,Regular Play,Qatar,3857294,0 days 00:22:04,0,0,0,0,0,0,1,0,0
1,22,8,Regular Play,Qatar,3857294,0 days 00:22:08,0,0,0,0,0,0,1,0,0
1,22,12,Regular Play,Qatar,3857294,0 days 00:22:12,0,0,0,0,0,0,1,0,0
1,22,16,Regular Play,Qatar,3857294,0 days 00:22:16,0,0,0,0,0,0,1,0,0
1,22,23,Regular Play,Qatar,3857294,0 days 00:22:23,0,0,0,0,0,0,1,0,0
1,22,27,Regular Play,Qatar,3857294,0 days 00:22:27,0,0,0,0,0,0,1,0,0
1,22,31,Regular Play,Qatar,3857294,0 days 00:22:31,0,0,0,0,0,0,1,0,0
1,22,35,Regular Play,Qatar,3857294,0 days 00:22:35,0,0,0,0,0,0,1,0,0
1,23,17,From Corner,Qatar,3857294,0 days 00:23:17,0,0,0,0,0,0,1,0,0
1,23,18,From Corner,Netherlands,3857294,0 days 00:23:18,0,1,0,0,0,0,0,0,0
1,23,20,From Corner,Qatar,3857294,0 days 00:23:20,1,0,0,0,0,0,0,0,0
1,23,23,From Corner,Qatar,3857294,0 days 00:23:23,0,0,0,0,0,0,1,0,0
1,23,27,From Corner,Qatar,3857294,0 days 00:23:27,0,0,0,0,0,0,1,0,0
1,23,29,From Corner,Netherlands,3857294,0 days 00:23:29,0,1,0,0,0,0,0,0,0
1,24,5,From Corner,Qatar,3857294,0 days 00:24:05,0,0,0,0,0,0,1,0,0
1,24,6,From Corner,Qatar,3857294,0 days 00:24:06,0,0,0,0,0,0,0,1,0
1,24,15,From Goal Kick,Netherlands,3857294,0 days 00:24:15,0,0,0,0,0,0,1,0,0
1,24,21,From Goal Kick,Netherlands,3857294,0 days 00:24:21,0,0,0,0,0,0,1,0,0
1,24,25,From Goal Kick,Netherlands,3857294,0 days 00:24:25,0,0,0,0,0,0,1,0,0
1,24,28,From Goal Kick,Netherlands,3857294,0 days 00:24:28,0,0,0,0,0,0,1,0,0
1,24,31,From Goal Kick,Netherlands,3857294,0 days 00:24:31,0,0,0,0,0,0,1,0,0
1,24,34,From Goal Kick,Netherlands,3857294,0 days 00:24:34,0,0,0,0,0,0,1,0,0
1,24,37,From Goal Kick,Netherlands,3857294,0 days 00:24:37,0,0,0,0,0,0,1,0,0
1,24,40,From Goal Kick,Netherlands,3857294,0 days 00:24:40,0,0,0,0,0,0,1,0,0
1,24,44,From Goal Kick,Netherlands,3857294,0 days 00:24:44,0,0,0,0,0,0,1,0,0
1,24,48,From Goal Kick,Netherlands,3857294,0 days 00:24:48,0,0,0,0,0,0,1,0,0
1,24,49,From Goal Kick,Netherlands,3857294,0 days 00:24:49,0,0,1,0,0,0,0,0,0
1,24,49,Regular Play,Qatar,3857294,0 days 00:24:49,0,0,0,0,0,0,0,0,1
1,24,50,Regular Play,Qatar,3857294,0 days 00:24:50,0,0,0,0,0,0,1,0,0
1,24,51,Regular Play,Qatar,3857294,0 days 00:24:51,0,0,0,0,0,0,1,0,0
1,24,53,Regular Play,Qatar,3857294,0 days 00:24:53,0,0,0,0,0,0,1,0,0
1,24,55,Regular Play,Netherlands,3857294,0 days 00:24:55,0,0,0,0,0,0,1,0,0
1,24,58,Regular Play,Netherlands,3857294,0 days 00:24:58,0,0,0,0,0,0,1,0,0
1,25,0,Regular Play,Netherlands,3857294,0 days 00:25:00,0,0,0,0,0,0,1,0,0
1,25,2,Regular Play,Netherlands,3857294,0 days 00:25:02,0,0,0,0,0,0,1,0,0
1,25,8,Regular Play,Netherlands,3857294,0 days 00:25:08,0,0,0,0,0,0,1,0,0
1,25,11,Regular Play,Netherlands,3857294,0 days 00:25:11,0,0,0,0,0,0,1,0,0
1,25,15,Regular Play,Netherlands,3857294,0 days 00:25:15,0,0,0,0,0,0,0,1,0
1,25,18,Regular Play,Netherlands,3857294,0 days 00:25:18,0,0,0,0,0,0,1,0,0
1,25,19,Regular Play,Qatar,3857294,0 days 00:25:19,0,0,0,0,0,0,1,0,0
1,25,20,Regular Play,Qatar,3857294,0 days 00:25:20,0,0,0,0,0,0,1,0,0
1,25,21,Regular Play,Qatar,3857294,0 days 00:25:21,0,0,0,0,0,0,1,0,0
1,25,26,Regular Play,Qatar,3857294,0 days 00:25:26,0,0,0,0,0,0,1,0,0
1,25,40,From Goal Kick,Netherlands,3857294,0 days 00:25:40,0,0,0,0,0,0,1,0,0
1,25,44,From Goal Kick,Netherlands,3857294,0 days 00:25:44,0,0,0,0,0,0,1,0,0
1,25,47,From Goal Kick,Netherlands,3857294,0 days 00:25:47,0,0,0,0,0,0,1,0,0
1,25,50,From Goal Kick,Netherlands,3857294,0 days 00:25:50,0,0,0,0,0,0,1,0,0
1,25,51,From Goal Kick,Netherlands,3857294,0 days 00:25:51,0,0,0,0,0,0,1,0,0
1,25,52,From Goal Kick,Netherlands,3857294,0 days 00:25:52,0,0,0,0,0,0,1,0,0
1,25,55,From Goal Kick,Netherlands,3857294,0 days 00:25:55,0,0,0,0,0,0,0,1,0
1,27,12,From Kick Off,Qatar,3857294,0 days 00:27:12,0,0,0,0,0,0,1,0,0
1,27,20,From Kick Off,Qatar,3857294,0 days 00:27:20,0,0,0,0,0,0,1,0,0
1,27,27,From Kick Off,Qatar,3857294,0 days 00:27:27,0,0,0,0,0,0,1,0,0
1,27,32,From Kick Off,Qatar,3857294,0 days 00:27:32,0,0,0,0,0,0,1,0,0
1,27,40,From Kick Off,Qatar,3857294,0 days 00:27:40,0,0,0,0,0,0,1,0,0
1,27,42,From Kick Off,Netherlands,3857294,0 days 00:27:42,0,0,0,0,0,0,1,0,0
1,27,47,From Throw In,Qatar,3857294,0 days 00:27:47,0,0,0,0,0,0,1,0,0
1,27,51,From Throw In,Qatar,3857294,0 days 00:27:51,0,0,0,0,0,0,1,0,0
1,27,54,From Throw In,Netherlands,3857294,0 days 00:27:54,0,0,0,0,0,0,1,0,0
1,27,57,From Throw In,Netherlands,3857294,0 days 00:27:57,0,0,0,0,0,0,1,0,0
1,27,58,From Throw In,Qatar,3857294,0 days 00:27:58,1,0,0,0,0,0,0,0,0
1,27,59,From Throw In,Qatar,3857294,0 days 00:27:59,0,0,0,1,0,0,0,0,0
1,28,2,From Throw In,Qatar,3857294,0 days 00:28:02,0,0,0,0,0,0,1,0,0
1,28,7,From Throw In,Qatar,3857294,0 days 00:28:07,0,0,0,0,0,0,1,0,0
1,28,9,From Throw In,Qatar,3857294,0 days 00:28:09,0,0,0,0,0,0,1,0,0
1,28,10,From Throw In,Qatar,3857294,0 days 00:28:10,0,0,0,0,0,0,1,0,0
1,28,12,From Throw In,Qatar,3857294,0 days 00:28:12,0,0,0,0,0,0,1,0,0
1,28,14,From Throw In,Qatar,3857294,0 days 00:28:14,0,0,0,0,0,0,1,0,0
1,28,19,From Throw In,Qatar,3857294,0 days 00:28:19,0,0,0,0,0,0,1,0,0
1,28,23,From Throw In,Netherlands,3857294,0 days 00:28:23,1,0,0,0,0,0,0,0,0
1,28,24,From Throw In,Netherlands,3857294,0 days 00:28:24,0,0,0,0,0,0,1,0,0
1,28,26,From Throw In,Netherlands,3857294,0 days 00:28:26,0,0,0,0,0,0,1,0,0
1,28,28,From Throw In,Qatar,3857294,0 days 00:28:28,0,0,0,0,0,1,0,0,0
1,28,28,From Throw In,Qatar,3857294,0 days 00:28:28,0,0,0,1,0,0,0,0,0
1,28,31,From Throw In,Qatar,3857294,0 days 00:28:31,0,0,0,0,0,0,0,1,0
1,28,43,From Keeper,Netherlands,3857294,0 days 00:28:43,0,0,0,0,0,0,1,0,0
1,28,46,From Keeper,Netherlands,3857294,0 days 00:28:46,0,0,0,0,0,0,1,0,0
1,28,47,From Keeper,Netherlands,3857294,0 days 00:28:47,0,0,0,0,0,0,1,0,0
1,28,50,From Keeper,Netherlands,3857294,0 days 00:28:50,0,0,0,0,0,0,1,0,0
1,28,52,From Keeper,Netherlands,3857294,0 days 00:28:52,0,0,0,0,0,0,1,0,0
1,28,55,From Keeper,Netherlands,3857294,0 days 00:28:55,0,0,0,0,0,0,1,0,0
1,28,58,From Keeper,Netherlands,3857294,0 days 00:28:58,0,0,0,0,0,0,1,0,0
1,29,1,From Keeper,Netherlands,3857294,0 days 00:29:01,0,0,0,0,0,0,1,0,0
1,29,6,From Keeper,Netherlands,3857294,0 days 00:29:06,0,0,0,0,0,0,1,0,0
1,29,10,From Keeper,Netherlands,3857294,0 days 00:29:10,0,0,0,0,0,0,1,0,0
1,29,11,From Keeper,Netherlands,3857294,0 days 00:29:11,0,0,0,0,0,0,1,0,0
1,29,12,From Keeper,Netherlands,3857294,0 days 00:29:12,0,0,0,0,0,0,1,0,0
1,29,18,From Keeper,Netherlands,3857294,0 days 00:29:18,0,0,0,0,0,0,1,0,0
1,29,20,From Keeper,Netherlands,3857294,0 days 00:29:20,0,0,0,0,0,0,1,0,0
1,29,21,From Keeper,Netherlands,3857294,0 days 00:29:21,0,0,0,0,0,0,1,0,0
1,29,23,From Keeper,Netherlands,3857294,0 days 00:29:23,0,0,0,0,0,0,1,0,0
1,29,24,From Keeper,Netherlands,3857294,0 days 00:29:24,0,0,0,0,0,0,1,0,0
1,29,28,From Keeper,Netherlands,3857294,0 days 00:29:28,0,0,0,0,0,0,1,0,0
1,29,29,From Keeper,Netherlands,3857294,0 days 00:29:29,0,0,0,0,0,0,1,0,0
1,29,33,From Keeper,Netherlands,3857294,0 days 00:29:33,0,0,0,0,0,0,1,0,0
1,29,34,From Keeper,Netherlands,3857294,0 days 00:29:34,0,0,0,0,0,0,1,0,0
1,29,37,From Keeper,Netherlands,3857294,0 days 00:29:37,0,0,0,0,0,0,1,0,0
1,29,38,From Keeper,Netherlands,3857294,0 days 00:29:38,0,0,0,0,0,0,1,0,0
1,29,40,From Keeper,Netherlands,3857294,0 days 00:29:40,0,0,0,0,0,0,1,0,0
1,29,41,From Keeper,Netherlands,3857294,0 days 00:29:41,0,0,0,0,0,0,1,0,0
1,29,43,From Keeper,Netherlands,3857294,0 days 00:29:43,0,0,0,0,0,0,1,0,0
1,29,46,From Keeper,Netherlands,3857294,0 days 00:29:46,0,0,0,0,0,0,1,0,0
1,29,49,From Keeper,Netherlands,3857294,0 days 00:29:49,0,0,0,0,0,0,1,0,0
1,29,53,From Keeper,Netherlands,3857294,0 days 00:29:53,0,0,0,0,0,0,1,0,0
1,29,55,From Keeper,Netherlands,3857294,0 days 00:29:55,0,0,0,0,0,0,1,0,0
1,29,57,From Keeper,Netherlands,3857294,0 days 00:29:57,0,0,0,0,0,0,1,0,0
1,30,0,From Keeper,Netherlands,3857294,0 days 00:30:00,0,0,0,0,0,0,1,0,0
1,30,2,From Keeper,Netherlands,3857294,0 days 00:30:02,0,0,0,0,0,0,1,0,0
1,30,5,From Keeper,Netherlands,3857294,0 days 00:30:05,0,0,0,0,0,0,1,0,0
1,30,6,From Keeper,Netherlands,3857294,0 days 00:30:06,0,0,0,0,0,0,1,0,0
1,30,6,From Keeper,Netherlands,3857294,0 days 00:30:06,0,0,0,0,0,0,1,0,0
1,30,7,From Keeper,Netherlands,3857294,0 days 00:30:07,0,0,0,0,0,0,1,0,0
1,30,8,From Keeper,Netherlands,3857294,0 days 00:30:08,0,0,0,0,0,0,1,0,0
1,30,10,From Keeper,Netherlands,3857294,0 days 00:30:10,0,0,0,0,0,0,1,0,0
1,30,12,From Keeper,Netherlands,3857294,0 days 00:30:12,0,0,0,0,0,0,1,0,0
1,30,13,From Keeper,Netherlands,3857294,0 days 00:30:13,0,0,0,0,0,0,1,0,0
1,30,15,From Keeper,Netherlands,3857294,0 days 00:30:15,0,0,0,0,0,0,1,0,0
1,30,17,From Keeper,Netherlands,3857294,0 days 00:30:17,0,0,0,0,0,0,1,0,0
1,30,19,From Keeper,Netherlands,3857294,0 days 00:30:19,0,0,0,0,0,0,1,0,0
1,30,25,From Keeper,Netherlands,3857294,0 days 00:30:25,0,0,0,0,0,0,1,0,0
1,30,26,From Keeper,Netherlands,3857294,0 days 00:30:26,0,0,0,0,0,0,1,0,0
1,30,28,From Keeper,Netherlands,3857294,0 days 00:30:28,0,0,0,0,0,0,1,0,0
1,30,30,From Keeper,Netherlands,3857294,0 days 00:30:30,0,0,0,0,0,0,1,0,0
1,30,32,From Keeper,Netherlands,3857294,0 days 00:30:32,0,0,0,0,0,0,1,0,0
1,30,34,From Keeper,Netherlands,3857294,0 days 00:30:34,0,0,0,0,0,0,1,0,0
1,30,36,From Keeper,Netherlands,3857294,0 days 00:30:36,0,0,0,0,0,0,1,0,0
1,30,38,From Keeper,Netherlands,3857294,0 days 00:30:38,0,0,0,0,0,0,1,0,0
1,30,41,From Keeper,Netherlands,3857294,0 days 00:30:41,0,0,0,0,0,0,1,0,0
1,30,46,From Keeper,Netherlands,3857294,0 days 00:30:46,0,0,0,0,0,0,1,0,0
1,30,48,From Keeper,Netherlands,3857294,0 days 00:30:48,0,0,0,0,0,0,1,0,0
1,30,49,From Keeper,Netherlands,3857294,0 days 00:30:49,0,0,0,0,0,0,1,0,0
1,30,49,Regular Play,Qatar,3857294,0 days 00:30:49,0,0,0,0,0,0,1,0,0
1,30,50,Regular Play,Qatar,3857294,0 days 00:30:50,0,0,0,0,0,0,1,0,0
1,30,51,Regular Play,Qatar,3857294,0 days 00:30:51,0,0,0,0,0,0,1,0,0
1,30,54,Regular Play,Qatar,3857294,0 days 00:30:54,0,0,0,0,0,0,1,0,0
1,30,55,Regular Play,Qatar,3857294,0 days 00:30:55,0,0,0,0,0,0,1,0,0
1,30,59,Regular Play,Netherlands,3857294,0 days 00:30:59,0,0,0,0,0,0,1,0,0
1,31,2,Regular Play,Netherlands,3857294,0 days 00:31:02,0,0,0,0,0,0,1,0,0
1,31,4,Regular Play,Netherlands,3857294,0 days 00:31:04,0,0,0,0,0,0,1,0,0
1,31,7,Regular Play,Netherlands,3857294,0 days 00:31:07,0,0,0,0,0,0,1,0,0
1,31,9,Regular Play,Netherlands,3857294,0 days 00:31:09,0,0,0,0,0,0,1,0,0
1,31,11,Regular Play,Netherlands,3857294,0 days 00:31:11,0,0,0,0,0,0,1,0,0
1,31,19,Regular Play,Netherlands,3857294,0 days 00:31:19,0,0,0,0,0,0,1,0,0
1,31,21,Regular Play,Netherlands,3857294,0 days 00:31:21,0,0,0,0,0,0,1,0,0
1,31,24,Regular Play,Netherlands,3857294,0 days 00:31:24,0,0,0,0,0,0,1,0,0
1,31,26,Regular Play,Netherlands,3857294,0 days 00:31:26,0,0,0,0,0,0,1,0,0
1,31,28,Regular Play,Netherlands,3857294,0 days 00:31:28,0,0,0,0,0,0,1,0,0
1,31,31,Regular Play,Netherlands,3857294,0 days 00:31:31,0,0,0,0,0,0,1,0,0
1,31,32,Regular Play,Netherlands,3857294,0 days 00:31:32,0,0,0,0,0,0,1,0,0
1,31,34,Regular Play,Netherlands,3857294,0 days 00:31:34,0,0,0,0,0,0,1,0,0
1,31,36,Regular Play,Netherlands,3857294,0 days 00:31:36,0,0,0,0,0,0,1,0,0
1,31,36,Regular Play,Netherlands,3857294,0 days 00:31:36,0,0,0,0,0,0,1,0,0
1,31,37,Regular Play,Netherlands,3857294,0 days 00:31:37,0,0,0,0,0,0,1,0,0
1,31,39,Regular Play,Netherlands,3857294,0 days 00:31:39,0,0,0,0,0,0,1,0,0
1,31,41,Regular Play,Qatar,3857294,0 days 00:31:41,1,0,0,0,0,0,0,0,0
1,31,41,Regular Play,Qatar,3857294,0 days 00:31:41,0,0,0,1,0,0,0,0,0
1,31,42,Regular Play,Qatar,3857294,0 days 00:31:42,1,0,0,0,0,0,0,0,0
1,31,43,Regular Play,Qatar,3857294,0 days 00:31:43,0,0,0,0,0,0,1,0,0
1,31,45,Regular Play,Qatar,3857294,0 days 00:31:45,0,0,0,0,0,0,1,0,0
1,31,47,Regular Play,Netherlands,3857294,0 days 00:31:47,0,0,0,0,1,0,0,0,0
1,31,59,From Free Kick,Qatar,3857294,0 days 00:31:59,0,0,0,0,0,0,1,0,0
1,22,0,From Free Kick,Costa Rica,3857295,0 days 00:22:00,0,0,0,0,0,0,1,0,0
1,22,3,From Free Kick,Costa Rica,3857295,0 days 00:22:03,0,0,0,0,0,0,1,0,0
1,22,5,From Free Kick,Costa Rica,3857295,0 days 00:22:05,0,0,0,0,0,0,1,0,0
1,22,6,From Free Kick,Costa Rica,3857295,0 days 00:22:06,0,0,0,0,0,0,1,0,0
1,22,7,From Free Kick,Costa Rica,3857295,0 days 00:22:07,0,0,0,0,0,0,1,0,0
1,22,9,From Free Kick,Costa Rica,3857295,0 days 00:22:09,1,0,0,0,0,0,0,0,0
1,22,11,From Free Kick,Costa Rica,3857295,0 days 00:22:11,0,0,0,0,0,0,1,0,0
1,22,13,From Free Kick,Costa Rica,3857295,0 days 00:22:13,0,0,0,0,0,0,1,0,0
1,22,15,From Free Kick,Costa Rica,3857295,0 days 00:22:15,0,0,0,0,0,0,1,0,0
1,22,19,From Free Kick,Costa Rica,3857295,0 days 00:22:19,0,0,0,0,0,0,1,0,0
1,22,22,From Free Kick,Japan,3857295,0 days 00:22:22,0,0,0,0,0,0,1,0,0
1,22,26,From Free Kick,Costa Rica,3857295,0 days 00:22:26,1,0,0,0,0,0,0,0,0
1,22,31,From Free Kick,Costa Rica,3857295,0 days 00:22:31,0,0,0,0,0,0,1,0,0
1,22,33,From Free Kick,Japan,3857295,0 days 00:22:33,1,0,0,0,0,0,0,0,0
1,22,34,From Free Kick,Japan,3857295,0 days 00:22:34,0,0,0,0,0,0,1,0,0
1,22,53,From Throw In,Costa Rica,3857295,0 days 00:22:53,0,0,0,0,0,0,1,0,0
1,22,54,From Throw In,Costa Rica,3857295,0 days 00:22:54,0,0,0,0,0,0,1,0,0
1,22,56,From Throw In,Costa Rica,3857295,0 days 00:22:56,0,0,0,0,0,0,1,0,0
1,22,59,From Throw In,Costa Rica,3857295,0 days 00:22:59,0,0,0,0,0,0,1,0,0
1,23,5,From Throw In,Costa Rica,3857295,0 days 00:23:05,0,0,0,0,0,0,1,0,0
1,23,8,From Throw In,Costa Rica,3857295,0 days 00:23:08,0,0,0,0,0,0,1,0,0
1,23,9,From Throw In,Costa Rica,3857295,0 days 00:23:09,0,0,0,0,0,0,1,0,0
1,23,10,From Throw In,Costa Rica,3857295,0 days 00:23:10,0,0,0,0,0,0,1,0,0
1,23,12,From Throw In,Costa Rica,3857295,0 days 00:23:12,0,0,0,0,0,0,1,0,0
1,23,13,Regular Play,Japan,3857295,0 days 00:23:13,0,0,0,0,0,0,1,0,0
1,23,14,Regular Play,Japan,3857295,0 days 00:23:14,0,0,0,0,0,0,1,0,0
1,23,16,Regular Play,Japan,3857295,0 days 00:23:16,0,0,1,0,0,0,0,0,0
1,23,16,Regular Play,Costa Rica,3857295,0 days 00:23:16,0,0,0,0,0,0,0,0,1
1,23,18,Regular Play,Japan,3857295,0 days 00:23:18,0,0,0,0,0,0,1,0,0
1,23,19,Regular Play,Costa Rica,3857295,0 days 00:23:19,1,0,0,0,0,0,0,0,0
1,23,20,Regular Play,Costa Rica,3857295,0 days 00:23:20,0,0,0,0,0,0,1,0,0
1,23,23,Regular Play,Costa Rica,3857295,0 days 00:23:23,0,0,0,0,0,0,1,0,0
1,23,26,Regular Play,Costa Rica,3857295,0 days 00:23:26,0,0,0,0,0,0,1,0,0
1,23,30,Regular Play,Costa Rica,3857295,0 days 00:23:30,0,0,0,0,0,0,1,0,0
1,23,33,Regular Play,Costa Rica,3857295,0 days 00:23:33,0,0,0,0,0,0,1,0,0
1,23,35,Regular Play,Costa Rica,3857295,0 days 00:23:35,0,0,0,0,0,0,1,0,0
1,23,37,Regular Play,Costa Rica,3857295,0 days 00:23:37,0,0,1,0,0,0,0,0,0
1,23,37,Regular Play,Japan,3857295,0 days 00:23:37,0,0,0,0,0,0,0,0,1
1,23,48,From Throw In,Japan,3857295,0 days 00:23:48,0,0,0,0,0,0,1,0,0
1,23,52,From Throw In,Japan,3857295,0 days 00:23:52,0,0,0,0,0,0,1,0,0
1,23,55,From Throw In,Japan,3857295,0 days 00:23:55,0,0,0,0,0,0,1,0,0
1,23,58,From Throw In,Japan,3857295,0 days 00:23:58,0,0,0,0,0,0,1,0,0
1,24,1,From Throw In,Japan,3857295,0 days 00:24:01,0,0,0,0,0,0,1,0,0
1,24,4,From Throw In,Japan,3857295,0 days 00:24:04,0,0,0,0,0,0,1,0,0
1,24,9,From Throw In,Japan,3857295,0 days 00:24:09,0,0,0,0,0,0,1,0,0
1,24,12,From Throw In,Japan,3857295,0 days 00:24:12,0,0,0,0,0,0,1,0,0
1,24,15,From Throw In,Japan,3857295,0 days 00:24:15,0,0,0,0,0,0,1,0,0
1,24,16,From Throw In,Japan,3857295,0 days 00:24:16,0,0,0,0,0,0,1,0,0
1,24,19,From Throw In,Japan,3857295,0 days 00:24:19,0,0,0,0,0,0,1,0,0
1,24,24,From Throw In,Japan,3857295,0 days 00:24:24,0,0,0,0,0,0,1,0,0
1,24,27,From Throw In,Japan,3857295,0 days 00:24:27,0,0,0,0,0,0,1,0,0
1,24,43,From Goal Kick,Costa Rica,3857295,0 days 00:24:43,0,0,0,0,0,0,1,0,0
1,24,51,From Goal Kick,Costa Rica,3857295,0 days 00:24:51,0,0,0,0,0,0,1,0,0
1,24,57,From Goal Kick,Costa Rica,3857295,0 days 00:24:57,0,0,0,0,0,0,1,0,0
1,24,58,From Goal Kick,Costa Rica,3857295,0 days 00:24:58,0,0,0,0,0,0,1,0,0
1,25,1,From Goal Kick,Costa Rica,3857295,0 days 00:25:01,0,0,0,0,0,0,1,0,0
1,25,4,From Goal Kick,Costa Rica,3857295,0 days 00:25:04,0,0,0,0,0,0,1,0,0
1,25,5,From Goal Kick,Costa Rica,3857295,0 days 00:25:05,0,0,0,0,0,0,1,0,0
1,25,6,From Goal Kick,Costa Rica,3857295,0 days 00:25:06,0,0,1,0,0,0,0,0,0
1,25,6,Regular Play,Japan,3857295,0 days 00:25:06,0,0,0,0,0,0,0,0,1
1,25,8,Regular Play,Japan,3857295,0 days 00:25:08,1,0,0,0,0,0,0,0,0
1,25,9,Regular Play,Japan,3857295,0 days 00:25:09,0,0,1,0,0,0,0,0,0
1,25,9,Regular Play,Costa Rica,3857295,0 days 00:25:09,0,0,0,0,0,0,0,0,1
1,25,10,Regular Play,Japan,3857295,0 days 00:25:10,1,0,0,0,0,0,0,0,0
1,25,11,Regular Play,Japan,3857295,0 days 00:25:11,0,0,0,0,0,0,1,0,0
1,25,14,Regular Play,Japan,3857295,0 days 00:25:14,0,0,0,1,0,0,0,0,0
1,25,14,Regular Play,Costa Rica,3857295,0 days 00:25:14,0,0,0,0,0,0,0,0,1
1,25,14,Regular Play,Costa Rica,3857295,0 days 00:25:14,1,0,0,0,0,0,0,0,0
1,25,20,Regular Play,Costa Rica,3857295,0 days 00:25:20,0,0,1,0,0,0,0,0,0
1,25,20,Regular Play,Japan,3857295,0 days 00:25:20,0,0,0,0,0,0,0,0,1
1,25,32,From Throw In,Costa Rica,3857295,0 days 00:25:32,0,0,0,0,0,0,1,0,0
1,25,35,From Throw In,Costa Rica,3857295,0 days 00:25:35,0,0,0,0,0,0,1,0,0
1,25,42,From Throw In,Costa Rica,3857295,0 days 00:25:42,0,0,0,0,0,0,1,0,0
1,25,46,From Throw In,Costa Rica,3857295,0 days 00:25:46,0,0,0,0,0,0,1,0,0
1,25,53,From Throw In,Costa Rica,3857295,0 days 00:25:53,0,0,0,0,0,0,1,0,0
1,26,0,From Throw In,Costa Rica,3857295,0 days 00:26:00,0,0,0,0,0,0,1,0,0
1,26,5,From Throw In,Costa Rica,3857295,0 days 00:26:05,0,0,0,0,0,0,1,0,0
1,26,6,From Throw In,Costa Rica,3857295,0 days 00:26:06,0,0,0,0,0,0,1,0,0
1,26,10,From Throw In,Costa Rica,3857295,0 days 00:26:10,0,0,0,0,0,0,1,0,0
1,26,13,From Throw In,Japan,3857295,0 days 00:26:13,0,0,0,0,0,0,1,0,0
1,26,15,From Throw In,Costa Rica,3857295,0 days 00:26:15,1,0,0,0,0,0,0,0,0
1,26,15,From Throw In,Costa Rica,3857295,0 days 00:26:15,0,0,0,1,0,0,0,0,0
1,26,17,From Throw In,Costa Rica,3857295,0 days 00:26:17,0,0,0,0,0,0,1,0,0
1,26,19,From Throw In,Costa Rica,3857295,0 days 00:26:19,0,0,0,0,0,0,1,0,0
1,26,24,From Throw In,Costa Rica,3857295,0 days 00:26:24,0,0,0,0,0,0,1,0,0
1,26,27,From Throw In,Costa Rica,3857295,0 days 00:26:27,0,0,0,0,0,0,1,0,0
1,26,27,From Throw In,Costa Rica,3857295,0 days 00:26:27,0,0,0,0,0,0,1,0,0
1,26,30,From Throw In,Costa Rica,3857295,0 days 00:26:30,0,0,0,0,0,0,1,0,0
1,26,32,From Throw In,Costa Rica,3857295,0 days 00:26:32,0,0,0,0,0,0,1,0,0
1,26,36,From Throw In,Costa Rica,3857295,0 days 00:26:36,0,0,0,0,0,0,1,0,0
1,26,38,From Throw In,Costa Rica,3857295,0 days 00:26:38,0,0,0,0,0,0,1,0,0
1,26,40,From Throw In,Costa Rica,3857295,0 days 00:26:40,0,0,0,0,0,0,1,0,0
1,26,43,From Throw In,Costa Rica,3857295,0 days 00:26:43,0,0,0,0,0,0,1,0,0
1,26,46,From Throw In,Costa Rica,3857295,0 days 00:26:46,0,0,0,0,0,0,1,0,0
1,26,47,From Throw In,Costa Rica,3857295,0 days 00:26:47,0,0,0,0,0,0,1,0,0
1,26,49,From Throw In,Costa Rica,3857295,0 days 00:26:49,0,0,0,0,0,0,1,0,0
1,26,50,From Throw In,Japan,3857295,0 days 00:26:50,0,0,0,0,0,1,0,0,0
1,26,50,From Throw In,Japan,3857295,0 days 00:26:50,1,0,0,0,0,0,0,0,0
1,26,53,From Throw In,Costa Rica,3857295,0 days 00:26:53,1,0,0,0,0,0,0,0,0
1,26,56,From Throw In,Costa Rica,3857295,0 days 00:26:56,0,0,0,0,0,0,1,0,0
1,26,59,From Throw In,Costa Rica,3857295,0 days 00:26:59,0,0,0,0,0,0,1,0,0
1,27,1,From Throw In,Costa Rica,3857295,0 days 00:27:01,0,0,0,0,0,0,1,0,0
1,27,3,From Throw In,Costa Rica,3857295,0 days 00:27:03,0,0,0,0,0,0,1,0,0
1,27,4,From Throw In,Costa Rica,3857295,0 days 00:27:04,0,0,0,0,0,0,1,0,0
1,27,8,From Throw In,Costa Rica,3857295,0 days 00:27:08,0,0,0,0,0,0,1,0,0
1,27,13,From Throw In,Costa Rica,3857295,0 days 00:27:13,1,0,0,0,0,0,0,0,0
1,27,15,From Throw In,Costa Rica,3857295,0 days 00:27:15,0,0,0,0,0,0,1,0,0
1,27,19,From Throw In,Costa Rica,3857295,0 days 00:27:19,0,0,0,0,0,0,1,0,0
1,27,21,From Throw In,Costa Rica,3857295,0 days 00:27:21,0,0,0,0,0,0,1,0,0
1,27,25,From Throw In,Costa Rica,3857295,0 days 00:27:25,0,0,0,0,0,0,1,0,0
1,27,27,From Throw In,Costa Rica,3857295,0 days 00:27:27,0,0,0,0,0,0,1,0,0
1,27,30,From Throw In,Costa Rica,3857295,0 days 00:27:30,0,0,0,0,0,0,1,0,0
1,27,32,Regular Play,Japan,3857295,0 days 00:27:32,0,0,0,0,0,1,0,0,0
1,27,33,Regular Play,Japan,3857295,0 days 00:27:33,0,0,0,0,0,0,1,0,0
1,27,35,Regular Play,Japan,3857295,0 days 00:27:35,0,0,0,0,0,0,1,0,0
1,27,36,Regular Play,Japan,3857295,0 days 00:27:36,0,0,0,0,0,0,1,0,0
1,27,37,Regular Play,Japan,3857295,0 days 00:27:37,0,0,0,0,0,0,1,0,0
1,27,38,Regular Play,Japan,3857295,0 days 00:27:38,0,0,0,0,0,0,1,0,0
1,27,41,Regular Play,Japan,3857295,0 days 00:27:41,0,0,0,0,0,0,1,0,0
1,27,47,Regular Play,Japan,3857295,0 days 00:27:47,0,0,0,0,0,0,1,0,0
1,27,53,Regular Play,Japan,3857295,0 days 00:27:53,0,0,0,0,0,0,1,0,0
1,27,55,Regular Play,Japan,3857295,0 days 00:27:55,0,0,0,0,0,0,1,0,0
1,28,0,Regular Play,Japan,3857295,0 days 00:28:00,0,0,0,0,0,0,1,0,0
1,28,1,Regular Play,Japan,3857295,0 days 00:28:01,0,0,0,0,0,0,1,0,0
1,28,6,Regular Play,Japan,3857295,0 days 00:28:06,0,0,0,0,0,0,1,0,0
1,28,9,Regular Play,Japan,3857295,0 days 00:28:09,0,0,0,0,0,0,1,0,0
1,28,10,Regular Play,Costa Rica,3857295,0 days 00:28:10,1,0,0,0,0,0,0,0,0
1,28,11,Regular Play,Costa Rica,3857295,0 days 00:28:11,0,0,0,0,0,0,1,0,0
1,28,33,From Throw In,Japan,3857295,0 days 00:28:33,0,0,0,0,0,0,1,0,0
1,28,36,From Throw In,Costa Rica,3857295,0 days 00:28:36,0,1,0,0,0,0,0,0,0
1,28,40,From Throw In,Japan,3857295,0 days 00:28:40,0,0,0,0,0,0,1,0,0
1,28,42,From Throw In,Japan,3857295,0 days 00:28:42,0,0,0,0,0,0,1,0,0
1,29,3,From Throw In,Costa Rica,3857295,0 days 00:29:03,0,0,0,0,0,0,1,0,0
1,29,4,From Throw In,Costa Rica,3857295,0 days 00:29:04,0,0,0,0,0,0,1,0,0
1,29,5,From Throw In,Costa Rica,3857295,0 days 00:29:05,0,0,0,0,0,0,1,0,0
1,29,8,From Throw In,Costa Rica,3857295,0 days 00:29:08,0,0,0,0,0,0,1,0,0
1,29,10,From Throw In,Costa Rica,3857295,0 days 00:29:10,1,0,0,0,0,0,0,0,0
1,29,10,From Throw In,Costa Rica,3857295,0 days 00:29:10,0,0,0,0,0,0,1,0,0
1,29,13,From Throw In,Japan,3857295,0 days 00:29:13,1,0,0,0,0,0,0,0,0
1,29,16,From Throw In,Japan,3857295,0 days 00:29:16,0,0,0,0,0,0,1,0,0
1,29,17,From Throw In,Costa Rica,3857295,0 days 00:29:17,1,0,0,0,0,0,0,0,0
1,29,19,From Throw In,Costa Rica,3857295,0 days 00:29:19,0,0,0,0,0,0,1,0,0
1,29,20,From Throw In,Costa Rica,3857295,0 days 00:29:20,0,0,0,0,0,0,1,0,0
1,29,21,From Throw In,Costa Rica,3857295,0 days 00:29:21,0,0,0,0,0,0,1,0,0
1,29,28,From Throw In,Costa Rica,3857295,0 days 00:29:28,0,0,0,0,0,0,1,0,0
1,29,33,From Throw In,Costa Rica,3857295,0 days 00:29:33,0,0,0,0,0,0,1,0,0
1,29,35,From Throw In,Costa Rica,3857295,0 days 00:29:35,0,0,0,0,0,0,1,0,0
1,29,37,From Throw In,Costa Rica,3857295,0 days 00:29:37,0,0,0,0,0,0,1,0,0
1,29,39,From Throw In,Costa Rica,3857295,0 days 00:29:39,0,0,0,0,0,0,1,0,0
1,29,40,From Throw In,Costa Rica,3857295,0 days 00:29:40,0,0,0,0,0,0,1,0,0
1,29,48,From Throw In,Costa Rica,3857295,0 days 00:29:48,0,0,0,0,0,0,1,0,0
1,29,53,From Throw In,Costa Rica,3857295,0 days 00:29:53,0,0,0,0,0,0,1,0,0
1,29,54,From Throw In,Costa Rica,3857295,0 days 00:29:54,0,0,0,0,0,0,1,0,0
1,29,57,From Throw In,Costa Rica,3857295,0 days 00:29:57,0,0,0,0,0,0,1,0,0
1,30,5,From Throw In,Costa Rica,3857295,0 days 00:30:05,0,0,0,0,0,0,1,0,0
1,30,9,From Throw In,Costa Rica,3857295,0 days 00:30:09,0,0,0,0,0,0,1,0,0
1,30,11,From Throw In,Costa Rica,3857295,0 days 00:30:11,0,0,0,0,0,0,1,0,0
1,30,13,From Throw In,Costa Rica,3857295,0 days 00:30:13,0,0,0,0,0,0,1,0,0
1,30,13,From Throw In,Japan,3857295,0 days 00:30:13,0,0,0,0,0,1,0,0,0
1,30,25,From Throw In,Costa Rica,3857295,0 days 00:30:25,0,0,0,0,0,0,1,0,0
1,30,27,From Throw In,Costa Rica,3857295,0 days 00:30:27,0,0,0,0,0,0,1,0,0
1,30,28,From Throw In,Costa Rica,3857295,0 days 00:30:28,0,0,0,0,0,0,1,0,0
1,30,36,From Throw In,Costa Rica,3857295,0 days 00:30:36,0,0,0,0,0,0,1,0,0
1,30,37,From Throw In,Costa Rica,3857295,0 days 00:30:37,0,0,0,0,0,0,1,0,0
1,30,38,From Throw In,Costa Rica,3857295,0 days 00:30:38,0,0,0,0,0,0,1,0,0
1,30,40,From Throw In,Costa Rica,3857295,0 days 00:30:40,0,0,0,0,0,0,1,0,0
1,30,40,From Throw In,Costa Rica,3857295,0 days 00:30:40,0,0,0,0,0,0,1,0,0
1,30,43,From Throw In,Costa Rica,3857295,0 days 00:30:43,0,0,0,0,0,0,1,0,0
1,30,44,From Throw In,Japan,3857295,0 days 00:30:44,0,0,0,0,1,0,0,0,0
1,31,4,From Free Kick,Costa Rica,3857295,0 days 00:31:04,0,0,0,0,0,0,1,0,0
1,31,10,From Free Kick,Costa Rica,3857295,0 days 00:31:10,0,0,0,0,1,0,0,0,0
1,31,53,From Free Kick,Japan,3857295,0 days 00:31:53,0,0,0,0,0,0,1,0,0
1,31,57,From Free Kick,Japan,3857295,0 days 00:31:57,0,0,0,0,0,0,1,0,0
1,22,11,From Throw In,Belgium,3857296,0 days 00:22:11,0,0,0,0,0,0,1,0,0
1,22,15,From Throw In,Belgium,3857296,0 days 00:22:15,0,0,0,0,0,0,1,0,0
1,22,18,From Throw In,Belgium,3857296,0 days 00:22:18,0,0,0,0,0,0,1,0,0
1,22,21,From Throw In,Belgium,3857296,0 days 00:22:21,0,0,0,0,0,0,1,0,0
1,22,24,From Throw In,Belgium,3857296,0 days 00:22:24,0,0,0,0,0,0,1,0,0
1,22,25,From Throw In,Belgium,3857296,0 days 00:22:25,0,0,0,0,0,0,1,0,0
1,22,27,From Throw In,Belgium,3857296,0 days 00:22:27,0,0,0,0,0,0,1,0,0
1,22,30,From Throw In,Belgium,3857296,0 days 00:22:30,0,0,0,0,0,0,1,0,0
1,22,36,From Throw In,Belgium,3857296,0 days 00:22:36,0,0,0,0,0,0,1,0,0
1,22,39,From Throw In,Belgium,3857296,0 days 00:22:39,0,0,0,0,0,0,1,0,0
1,22,42,From Throw In,Belgium,3857296,0 days 00:22:42,0,0,0,0,0,0,1,0,0
1,22,46,From Throw In,Belgium,3857296,0 days 00:22:46,0,0,0,0,0,0,1,0,0
1,22,49,From Throw In,Belgium,3857296,0 days 00:22:49,0,0,0,0,0,0,1,0,0
1,22,50,From Throw In,Belgium,3857296,0 days 00:22:50,0,0,0,0,0,0,1,0,0
1,22,52,Regular Play,Croatia,3857296,0 days 00:22:52,1,0,0,0,0,0,0,0,0
1,22,54,Regular Play,Croatia,3857296,0 days 00:22:54,0,0,0,0,0,0,1,0,0
1,22,58,Regular Play,Croatia,3857296,0 days 00:22:58,0,0,0,0,0,0,1,0,0
1,22,59,Regular Play,Croatia,3857296,0 days 00:22:59,0,0,0,0,0,0,1,0,0
1,23,5,Regular Play,Croatia,3857296,0 days 00:23:05,0,0,0,0,0,0,1,0,0
1,23,5,Regular Play,Belgium,3857296,0 days 00:23:05,0,0,0,0,0,1,0,0,0
1,23,7,Regular Play,Belgium,3857296,0 days 00:23:07,0,1,0,0,0,0,0,0,0
1,23,21,From Throw In,Croatia,3857296,0 days 00:23:21,0,0,0,0,0,0,1,0,0
1,23,24,From Throw In,Croatia,3857296,0 days 00:23:24,0,0,0,0,0,0,1,0,0
1,23,26,From Throw In,Croatia,3857296,0 days 00:23:26,0,0,0,0,0,0,1,0,0
1,23,30,From Throw In,Croatia,3857296,0 days 00:23:30,0,0,0,0,0,0,1,0,0
1,23,34,From Throw In,Croatia,3857296,0 days 00:23:34,0,0,0,0,0,0,1,0,0
1,23,35,From Throw In,Croatia,3857296,0 days 00:23:35,0,0,0,0,0,0,1,0,0
1,23,37,From Throw In,Croatia,3857296,0 days 00:23:37,0,0,0,0,0,0,1,0,0
1,23,39,From Throw In,Croatia,3857296,0 days 00:23:39,0,0,0,0,0,0,1,0,0
1,23,40,From Throw In,Croatia,3857296,0 days 00:23:40,0,0,0,0,0,0,1,0,0
1,23,42,From Throw In,Croatia,3857296,0 days 00:23:42,0,0,0,0,0,0,1,0,0
1,23,43,From Throw In,Belgium,3857296,0 days 00:23:43,0,0,0,0,0,0,1,0,0
1,23,44,From Throw In,Croatia,3857296,0 days 00:23:44,1,0,0,0,0,0,0,0,0
1,23,46,From Throw In,Croatia,3857296,0 days 00:23:46,0,0,0,0,0,0,1,0,0
1,23,48,Regular Play,Belgium,3857296,0 days 00:23:48,0,0,0,0,0,0,1,0,0
1,23,52,Regular Play,Belgium,3857296,0 days 00:23:52,0,0,0,0,0,0,1,0,0
1,23,55,Regular Play,Belgium,3857296,0 days 00:23:55,0,0,0,0,0,0,1,0,0
1,23,59,Regular Play,Belgium,3857296,0 days 00:23:59,0,0,0,0,0,0,1,0,0
1,24,1,Regular Play,Belgium,3857296,0 days 00:24:01,0,0,0,0,0,0,1,0,0
1,24,3,Regular Play,Belgium,3857296,0 days 00:24:03,0,0,0,0,0,0,1,0,0
1,24,7,Regular Play,Belgium,3857296,0 days 00:24:07,0,0,0,0,0,0,1,0,0
1,24,15,Regular Play,Belgium,3857296,0 days 00:24:15,0,0,0,0,0,0,1,0,0
1,24,17,Regular Play,Belgium,3857296,0 days 00:24:17,0,0,0,0,0,0,1,0,0
1,24,20,Regular Play,Belgium,3857296,0 days 00:24:20,0,0,0,0,0,0,1,0,0
1,24,23,Regular Play,Belgium,3857296,0 days 00:24:23,0,0,0,0,0,0,1,0,0
1,24,26,Regular Play,Belgium,3857296,0 days 00:24:26,0,0,0,0,0,0,1,0,0
1,24,30,Regular Play,Belgium,3857296,0 days 00:24:30,0,0,0,0,0,0,1,0,0
1,24,33,Regular Play,Belgium,3857296,0 days 00:24:33,0,0,0,0,0,0,1,0,0
1,24,36,Regular Play,Belgium,3857296,0 days 00:24:36,0,0,0,0,0,0,1,0,0
1,24,38,Regular Play,Belgium,3857296,0 days 00:24:38,0,0,0,0,0,0,1,0,0
1,24,40,Regular Play,Belgium,3857296,0 days 00:24:40,0,0,0,0,0,0,1,0,0
1,24,47,Regular Play,Belgium,3857296,0 days 00:24:47,0,0,0,0,0,0,1,0,0
1,24,50,Regular Play,Belgium,3857296,0 days 00:24:50,0,0,0,0,0,0,0,1,0
1,24,52,Regular Play,Croatia,3857296,0 days 00:24:52,0,1,0,0,0,0,0,0,0
1,24,55,Regular Play,Croatia,3857296,0 days 00:24:55,0,0,0,0,0,0,1,0,0
1,25,0,Regular Play,Croatia,3857296,0 days 00:25:00,0,0,0,0,0,0,1,0,0
1,25,4,Regular Play,Croatia,3857296,0 days 00:25:04,0,0,0,0,0,0,1,0,0
1,25,8,Regular Play,Croatia,3857296,0 days 00:25:08,0,0,0,0,0,0,1,0,0
1,25,13,Regular Play,Croatia,3857296,0 days 00:25:13,0,0,0,0,0,0,1,0,0
1,25,18,Regular Play,Croatia,3857296,0 days 00:25:18,0,0,0,0,0,0,1,0,0
1,25,20,Regular Play,Croatia,3857296,0 days 00:25:20,0,0,0,0,0,0,1,0,0
1,25,24,Regular Play,Croatia,3857296,0 days 00:25:24,0,0,0,0,0,0,1,0,0
1,25,29,Regular Play,Croatia,3857296,0 days 00:25:29,0,0,0,0,0,0,1,0,0
1,25,33,Regular Play,Croatia,3857296,0 days 00:25:33,0,0,1,0,0,0,0,0,0
1,25,33,Regular Play,Belgium,3857296,0 days 00:25:33,0,0,0,0,0,0,0,0,1
1,25,34,Regular Play,Croatia,3857296,0 days 00:25:34,1,0,0,0,0,0,0,0,0
1,25,35,Regular Play,Belgium,3857296,0 days 00:25:35,0,1,0,0,0,0,0,0,0
1,25,38,Regular Play,Croatia,3857296,0 days 00:25:38,1,0,0,0,0,0,0,0,0
1,25,41,Regular Play,Croatia,3857296,0 days 00:25:41,0,0,0,0,0,0,1,0,0
1,25,42,Regular Play,Croatia,3857296,0 days 00:25:42,0,0,0,0,0,0,1,0,0
1,25,46,Regular Play,Croatia,3857296,0 days 00:25:46,0,0,0,0,0,0,1,0,0
1,25,48,Regular Play,Croatia,3857296,0 days 00:25:48,0,0,0,0,0,0,1,0,0
1,25,52,Regular Play,Croatia,3857296,0 days 00:25:52,0,0,0,0,0,0,1,0,0
1,25,53,Regular Play,Croatia,3857296,0 days 00:25:53,0,0,0,1,0,0,0,0,0
1,25,53,Regular Play,Belgium,3857296,0 days 00:25:53,0,0,0,0,0,0,0,0,1
1,26,38,From Corner,Croatia,3857296,0 days 00:26:38,0,0,0,0,0,0,1,0,0
1,26,40,From Corner,Belgium,3857296,0 days 00:26:40,0,1,0,0,0,0,0,0,0
1,26,44,From Corner,Croatia,3857296,0 days 00:26:44,0,0,0,0,0,0,1,0,0
1,26,48,From Corner,Croatia,3857296,0 days 00:26:48,0,0,0,0,0,0,1,0,0
1,26,51,From Corner,Croatia,3857296,0 days 00:26:51,0,0,0,0,0,0,1,0,0
1,26,53,From Corner,Croatia,3857296,0 days 00:26:53,0,0,0,0,0,0,1,0,0
1,27,4,From Throw In,Belgium,3857296,0 days 00:27:04,0,0,0,0,0,0,1,0,0
1,27,6,From Throw In,Belgium,3857296,0 days 00:27:06,0,0,0,0,0,0,1,0,0
1,27,7,From Throw In,Belgium,3857296,0 days 00:27:07,0,0,0,0,0,0,1,0,0
1,27,16,From Throw In,Croatia,3857296,0 days 00:27:16,0,0,0,0,0,0,1,0,0
1,27,19,From Throw In,Croatia,3857296,0 days 00:27:19,0,0,0,0,0,0,1,0,0
1,27,23,From Throw In,Croatia,3857296,0 days 00:27:23,0,0,0,0,0,0,1,0,0
1,27,26,From Throw In,Croatia,3857296,0 days 00:27:26,0,0,0,0,0,0,1,0,0
1,27,28,From Throw In,Croatia,3857296,0 days 00:27:28,0,0,0,0,0,0,1,0,0
1,27,32,From Throw In,Croatia,3857296,0 days 00:27:32,0,0,0,0,0,0,1,0,0
1,27,35,From Throw In,Croatia,3857296,0 days 00:27:35,0,0,0,0,0,0,1,0,0
1,27,36,From Throw In,Belgium,3857296,0 days 00:27:36,0,0,0,0,0,0,1,0,0
1,27,46,From Throw In,Croatia,3857296,0 days 00:27:46,0,0,0,0,0,0,1,0,0
1,27,49,From Throw In,Croatia,3857296,0 days 00:27:49,0,0,0,0,0,0,1,0,0
1,27,52,From Throw In,Croatia,3857296,0 days 00:27:52,0,0,0,0,0,0,1,0,0
1,27,56,From Throw In,Croatia,3857296,0 days 00:27:56,0,0,0,0,0,0,1,0,0
1,28,0,From Throw In,Croatia,3857296,0 days 00:28:00,0,0,0,0,0,0,1,0,0
1,28,6,From Throw In,Croatia,3857296,0 days 00:28:06,0,0,0,0,0,0,1,0,0
1,28,9,From Throw In,Croatia,3857296,0 days 00:28:09,0,0,0,0,0,0,1,0,0
1,28,10,From Throw In,Croatia,3857296,0 days 00:28:10,0,0,0,0,0,0,1,0,0
1,28,11,From Throw In,Croatia,3857296,0 days 00:28:11,0,0,0,0,0,0,1,0,0
1,28,16,From Throw In,Croatia,3857296,0 days 00:28:16,0,0,0,0,0,0,1,0,0
1,28,18,From Throw In,Croatia,3857296,0 days 00:28:18,0,0,0,0,0,0,1,0,0
1,28,41,From Free Kick,Belgium,3857296,0 days 00:28:41,0,0,0,0,0,0,1,0,0
1,28,42,From Free Kick,Belgium,3857296,0 days 00:28:42,0,0,0,0,0,0,1,0,0
1,28,46,From Free Kick,Belgium,3857296,0 days 00:28:46,0,0,0,0,0,0,1,0,0
1,28,49,From Free Kick,Belgium,3857296,0 days 00:28:49,0,0,0,0,0,0,1,0,0
1,28,50,Regular Play,Croatia,3857296,0 days 00:28:50,0,0,0,0,0,0,1,0,0
1,28,55,Regular Play,Croatia,3857296,0 days 00:28:55,0,0,0,0,0,0,1,0,0
1,28,57,Regular Play,Croatia,3857296,0 days 00:28:57,0,0,0,0,0,0,1,0,0
1,29,0,Regular Play,Croatia,3857296,0 days 00:29:00,0,0,0,0,0,0,1,0,0
1,29,2,Regular Play,Croatia,3857296,0 days 00:29:02,0,0,0,0,0,0,1,0,0
1,29,6,Regular Play,Croatia,3857296,0 days 00:29:06,0,0,0,0,0,0,1,0,0
1,29,9,Regular Play,Croatia,3857296,0 days 00:29:09,0,0,0,0,0,0,1,0,0
1,29,11,Regular Play,Belgium,3857296,0 days 00:29:11,1,0,0,0,0,0,0,0,0
1,29,15,Regular Play,Belgium,3857296,0 days 00:29:15,0,0,0,0,0,0,1,0,0
1,29,16,Regular Play,Belgium,3857296,0 days 00:29:16,0,0,0,0,0,0,1,0,0
1,29,17,Regular Play,Belgium,3857296,0 days 00:29:17,0,0,0,0,0,0,1,0,0
1,29,20,Regular Play,Belgium,3857296,0 days 00:29:20,0,0,0,0,0,0,1,0,0
1,29,22,Regular Play,Belgium,3857296,0 days 00:29:22,0,0,0,0,0,0,1,0,0
1,29,22,Regular Play,Croatia,3857296,0 days 00:29:22,0,0,0,0,1,0,0,0,0
1,29,23,Regular Play,Belgium,3857296,0 days 00:29:23,0,0,0,0,0,0,1,0,0
1,29,26,Regular Play,Belgium,3857296,0 days 00:29:26,0,0,0,0,0,0,1,0,0
1,29,29,Regular Play,Belgium,3857296,0 days 00:29:29,0,0,0,0,0,0,1,0,0
1,29,32,Regular Play,Belgium,3857296,0 days 00:29:32,0,0,0,0,0,0,1,0,0
1,29,35,Regular Play,Belgium,3857296,0 days 00:29:35,0,0,0,0,0,0,1,0,0
1,29,38,Regular Play,Belgium,3857296,0 days 00:29:38,0,0,0,0,0,0,1,0,0
1,29,44,Regular Play,Belgium,3857296,0 days 00:29:44,0,0,0,0,0,0,1,0,0
1,29,47,Regular Play,Belgium,3857296,0 days 00:29:47,0,0,0,0,0,0,1,0,0
1,29,51,Regular Play,Belgium,3857296,0 days 00:29:51,0,0,0,0,0,0,1,0,0
1,29,54,Regular Play,Belgium,3857296,0 days 00:29:54,0,0,0,0,0,0,1,0,0
1,29,58,Regular Play,Belgium,3857296,0 days 00:29:58,0,0,0,0,0,0,1,0,0
1,30,1,Regular Play,Belgium,3857296,0 days 00:30:01,0,0,0,0,0,0,1,0,0
1,30,4,Regular Play,Belgium,3857296,0 days 00:30:04,0,0,0,0,0,0,1,0,0
1,30,10,Regular Play,Belgium,3857296,0 days 00:30:10,0,0,0,0,0,0,1,0,0
1,30,13,Regular Play,Belgium,3857296,0 days 00:30:13,0,0,0,0,0,0,1,0,0
1,30,19,Regular Play,Belgium,3857296,0 days 00:30:19,0,0,0,0,0,0,1,0,0
1,30,20,Regular Play,Belgium,3857296,0 days 00:30:20,0,0,0,0,0,0,1,0,0
1,30,23,Regular Play,Belgium,3857296,0 days 00:30:23,0,0,0,0,0,0,1,0,0
1,30,28,Regular Play,Belgium,3857296,0 days 00:30:28,0,0,0,0,0,0,1,0,0
1,30,30,Regular Play,Belgium,3857296,0 days 00:30:30,0,0,0,0,0,0,1,0,0
1,30,33,Regular Play,Belgium,3857296,0 days 00:30:33,0,0,0,0,0,0,1,0,0
1,30,37,Regular Play,Belgium,3857296,0 days 00:30:37,0,0,0,0,0,0,1,0,0
1,30,41,Regular Play,Belgium,3857296,0 days 00:30:41,0,0,0,0,0,0,1,0,0
1,30,44,Regular Play,Belgium,3857296,0 days 00:30:44,0,0,1,0,0,0,0,0,0
1,30,44,Regular Play,Croatia,3857296,0 days 00:30:44,0,0,0,0,0,0,0,0,1
1,30,48,Regular Play,Belgium,3857296,0 days 00:30:48,1,0,0,0,0,0,0,0,0
1,30,48,Regular Play,Belgium,3857296,0 days 00:30:48,0,0,0,0,0,0,1,0,0
1,30,52,Regular Play,Belgium,3857296,0 days 00:30:52,0,0,0,0,0,0,1,0,0
1,30,54,Regular Play,Belgium,3857296,0 days 00:30:54,0,0,0,0,0,0,1,0,0
1,30,58,Regular Play,Belgium,3857296,0 days 00:30:58,0,0,0,0,0,0,1,0,0
1,31,0,Regular Play,Belgium,3857296,0 days 00:31:00,0,0,0,0,0,0,1,0,0
1,31,2,Regular Play,Belgium,3857296,0 days 00:31:02,0,0,0,0,0,0,1,0,0
1,31,4,Regular Play,Croatia,3857296,0 days 00:31:04,1,0,0,0,0,0,0,0,0
1,31,5,Regular Play,Croatia,3857296,0 days 00:31:05,0,0,0,0,0,0,1,0,0
1,31,6,Regular Play,Croatia,3857296,0 days 00:31:06,0,0,0,0,0,0,1,0,0
1,31,8,Regular Play,Belgium,3857296,0 days 00:31:08,0,0,0,0,1,0,0,0,0
1,31,8,Regular Play,Croatia,3857296,0 days 00:31:08,0,0,0,0,0,0,1,0,0
1,31,10,Regular Play,Croatia,3857296,0 days 00:31:10,0,0,0,0,0,0,1,0,0
1,31,11,Regular Play,Croatia,3857296,0 days 00:31:11,0,0,0,0,0,0,1,0,0
1,31,14,Regular Play,Croatia,3857296,0 days 00:31:14,0,0,0,0,0,0,1,0,0
1,31,17,Regular Play,Croatia,3857296,0 days 00:31:17,0,0,0,0,0,0,1,0,0
1,31,22,Regular Play,Croatia,3857296,0 days 00:31:22,0,0,0,0,0,0,1,0,0
1,31,25,Regular Play,Croatia,3857296,0 days 00:31:25,0,0,0,0,0,0,1,0,0
1,31,30,Regular Play,Croatia,3857296,0 days 00:31:30,0,0,0,0,0,0,1,0,0
1,31,36,Regular Play,Croatia,3857296,0 days 00:31:36,0,0,0,1,0,0,0,0,0
1,31,37,Regular Play,Belgium,3857296,0 days 00:31:37,0,1,0,0,0,0,0,0,0
1,31,51,From Throw In,Croatia,3857296,0 days 00:31:51,0,0,0,0,0,0,1,0,0
1,31,57,From Throw In,Croatia,3857296,0 days 00:31:57,0,0,0,0,0,0,1,0,0
1,22,8,From Throw In,Poland,3857297,0 days 00:22:08,0,0,0,0,0,0,1,0,0
1,22,11,From Throw In,Poland,3857297,0 days 00:22:11,1,0,0,0,0,0,0,0,0
1,22,14,From Throw In,Poland,3857297,0 days 00:22:14,0,0,1,0,0,0,0,0,0
1,22,14,From Throw In,Saudi Arabia,3857297,0 days 00:22:14,0,0,0,0,0,0,0,0,1
1,22,35,From Throw In,Saudi Arabia,3857297,0 days 00:22:35,0,0,0,0,0,0,1,0,0
1,22,46,From Throw In,Saudi Arabia,3857297,0 days 00:22:46,0,0,0,0,0,0,1,0,0
1,22,48,From Throw In,Saudi Arabia,3857297,0 days 00:22:48,0,0,0,0,0,0,1,0,0
1,22,51,From Throw In,Saudi Arabia,3857297,0 days 00:22:51,0,0,0,0,0,0,1,0,0
1,22,53,From Throw In,Saudi Arabia,3857297,0 days 00:22:53,0,0,0,0,0,0,1,0,0
1,22,55,From Throw In,Saudi Arabia,3857297,0 days 00:22:55,0,0,0,0,0,0,1,0,0
1,22,57,From Throw In,Saudi Arabia,3857297,0 days 00:22:57,0,0,0,0,0,0,1,0,0
1,22,59,From Throw In,Poland,3857297,0 days 00:22:59,0,1,0,0,0,0,0,0,0
1,23,1,From Throw In,Saudi Arabia,3857297,0 days 00:23:01,0,0,0,0,0,0,1,0,0
1,23,3,From Throw In,Saudi Arabia,3857297,0 days 00:23:03,0,0,0,0,0,0,1,0,0
1,23,5,From Throw In,Saudi Arabia,3857297,0 days 00:23:05,0,0,0,0,0,0,1,0,0
1,23,8,From Throw In,Saudi Arabia,3857297,0 days 00:23:08,0,0,0,0,0,0,1,0,0
1,23,9,From Throw In,Poland,3857297,0 days 00:23:09,0,1,0,0,0,0,0,0,0
1,23,10,From Throw In,Saudi Arabia,3857297,0 days 00:23:10,0,0,0,0,0,0,1,0,0
1,23,15,From Throw In,Saudi Arabia,3857297,0 days 00:23:15,0,0,0,0,0,0,1,0,0
1,23,15,Regular Play,Poland,3857297,0 days 00:23:15,1,0,0,0,0,0,0,0,0
1,23,18,Regular Play,Poland,3857297,0 days 00:23:18,0,0,0,0,0,0,1,0,0
1,23,37,From Goal Kick,Poland,3857297,0 days 00:23:37,0,0,0,0,0,0,1,0,0
1,23,43,From Goal Kick,Poland,3857297,0 days 00:23:43,0,0,0,0,0,0,1,0,0
1,23,47,From Goal Kick,Poland,3857297,0 days 00:23:47,0,0,0,0,0,0,1,0,0
1,23,51,From Goal Kick,Poland,3857297,0 days 00:23:51,0,0,0,0,0,0,1,0,0
1,23,55,From Goal Kick,Poland,3857297,0 days 00:23:55,0,0,0,0,0,0,1,0,0
1,23,58,From Goal Kick,Poland,3857297,0 days 00:23:58,0,0,0,0,0,0,1,0,0
1,24,1,From Goal Kick,Poland,3857297,0 days 00:24:01,0,0,0,0,0,0,1,0,0
1,24,2,From Goal Kick,Saudi Arabia,3857297,0 days 00:24:02,0,0,0,0,0,1,0,0,0
1,24,4,From Goal Kick,Saudi Arabia,3857297,0 days 00:24:04,1,0,0,0,0,0,0,0,0
1,24,8,From Goal Kick,Saudi Arabia,3857297,0 days 00:24:08,0,0,0,0,0,0,1,0,0
1,24,22,From Throw In,Poland,3857297,0 days 00:24:22,0,0,0,0,0,0,1,0,0
1,24,23,From Throw In,Poland,3857297,0 days 00:24:23,0,0,0,0,0,0,1,0,0
1,24,25,From Throw In,Poland,3857297,0 days 00:24:25,0,0,0,0,0,0,1,0,0
1,24,26,From Throw In,Poland,3857297,0 days 00:24:26,0,0,0,0,0,0,1,0,0
1,24,26,From Throw In,Poland,3857297,0 days 00:24:26,0,0,0,0,0,0,1,0,0
1,24,27,From Throw In,Poland,3857297,0 days 00:24:27,0,0,0,0,0,0,1,0,0
1,24,28,From Throw In,Saudi Arabia,3857297,0 days 00:24:28,0,0,0,0,0,1,0,0,0
1,24,29,From Throw In,Poland,3857297,0 days 00:24:29,0,0,0,0,0,0,1,0,0
1,24,30,Regular Play,Saudi Arabia,3857297,0 days 00:24:30,1,0,0,0,0,0,0,0,0
1,24,31,Regular Play,Saudi Arabia,3857297,0 days 00:24:31,0,0,1,0,0,0,0,0,0
1,24,31,Regular Play,Poland,3857297,0 days 00:24:31,0,0,0,0,0,0,0,0,1
1,24,33,Regular Play,Saudi Arabia,3857297,0 days 00:24:33,1,0,0,0,0,0,0,0,0
1,24,39,Regular Play,Saudi Arabia,3857297,0 days 00:24:39,0,0,0,0,0,0,1,0,0
1,24,43,Regular Play,Saudi Arabia,3857297,0 days 00:24:43,0,0,0,0,0,0,1,0,0
1,24,46,Regular Play,Saudi Arabia,3857297,0 days 00:24:46,0,0,0,0,0,0,1,0,0
1,24,48,Regular Play,Saudi Arabia,3857297,0 days 00:24:48,0,0,0,0,0,0,1,0,0
1,24,52,Regular Play,Saudi Arabia,3857297,0 days 00:24:52,0,0,0,0,0,0,1,0,0
1,24,53,Regular Play,Poland,3857297,0 days 00:24:53,1,0,0,0,0,0,0,0,0
1,24,55,Regular Play,Poland,3857297,0 days 00:24:55,0,0,0,0,0,0,1,0,0
1,24,59,Regular Play,Poland,3857297,0 days 00:24:59,0,0,0,0,0,0,1,0,0
1,25,0,Regular Play,Poland,3857297,0 days 00:25:00,0,0,0,0,0,0,1,0,0
1,25,2,Regular Play,Poland,3857297,0 days 00:25:02,0,0,0,0,0,0,1,0,0
1,25,4,Regular Play,Poland,3857297,0 days 00:25:04,0,0,0,0,0,0,1,0,0
1,25,9,Regular Play,Poland,3857297,0 days 00:25:09,0,0,0,0,0,0,1,0,0
1,25,34,From Corner,Poland,3857297,0 days 00:25:34,0,0,0,0,0,0,1,0,0
1,25,36,From Corner,Poland,3857297,0 days 00:25:36,0,0,0,0,0,0,0,1,0
1,26,1,From Corner,Poland,3857297,0 days 00:26:01,0,0,0,0,0,0,1,0,0
1,26,2,From Corner,Saudi Arabia,3857297,0 days 00:26:02,0,1,0,0,0,0,0,0,0
1,26,5,Regular Play,Saudi Arabia,3857297,0 days 00:26:05,0,0,0,0,0,0,1,0,0
1,26,7,Regular Play,Saudi Arabia,3857297,0 days 00:26:07,0,0,0,1,0,0,0,0,0
1,26,10,Regular Play,Saudi Arabia,3857297,0 days 00:26:10,0,0,0,0,0,0,1,0,0
1,26,14,Regular Play,Saudi Arabia,3857297,0 days 00:26:14,0,0,0,0,0,0,1,0,0
1,26,16,Regular Play,Poland,3857297,0 days 00:26:16,0,1,0,0,0,0,0,0,0
1,27,24,From Throw In,Saudi Arabia,3857297,0 days 00:27:24,0,0,0,0,0,0,1,0,0
1,27,29,From Throw In,Saudi Arabia,3857297,0 days 00:27:29,0,0,0,0,0,0,1,0,0
1,27,32,From Throw In,Saudi Arabia,3857297,0 days 00:27:32,0,0,0,0,0,0,1,0,0
1,27,36,From Throw In,Saudi Arabia,3857297,0 days 00:27:36,0,0,0,1,0,0,0,0,0
1,27,36,From Throw In,Poland,3857297,0 days 00:27:36,0,0,0,0,0,0,0,0,1
1,27,53,From Throw In,Saudi Arabia,3857297,0 days 00:27:53,0,0,0,0,0,0,1,0,0
1,27,54,From Throw In,Saudi Arabia,3857297,0 days 00:27:54,0,0,0,0,0,0,1,0,0
1,27,55,From Throw In,Saudi Arabia,3857297,0 days 00:27:55,0,0,0,0,0,0,1,0,0
1,27,56,Regular Play,Poland,3857297,0 days 00:27:56,0,0,0,0,0,1,0,0,0
1,27,57,Regular Play,Poland,3857297,0 days 00:27:57,0,0,0,0,0,0,1,0,0
1,27,59,Regular Play,Poland,3857297,0 days 00:27:59,0,0,0,0,0,0,1,0,0
1,28,2,Regular Play,Poland,3857297,0 days 00:28:02,0,0,0,0,0,0,1,0,0
1,28,4,Regular Play,Saudi Arabia,3857297,0 days 00:28:04,0,0,0,0,1,0,0,0,0
1,28,27,From Free Kick,Poland,3857297,0 days 00:28:27,0,0,0,0,0,0,1,0,0
1,28,28,From Free Kick,Poland,3857297,0 days 00:28:28,0,0,0,0,0,0,1,0,0
1,28,33,From Free Kick,Poland,3857297,0 days 00:28:33,0,0,0,0,0,0,1,0,0
1,28,36,From Free Kick,Poland,3857297,0 days 00:28:36,0,0,0,0,0,0,1,0,0
1,28,37,From Free Kick,Poland,3857297,0 days 00:28:37,0,0,0,0,0,0,1,0,0
1,28,40,From Free Kick,Poland,3857297,0 days 00:28:40,0,0,0,0,0,0,1,0,0
1,28,42,From Free Kick,Poland,3857297,0 days 00:28:42,0,0,0,0,0,0,1,0,0
1,28,44,From Free Kick,Poland,3857297,0 days 00:28:44,0,0,0,0,0,0,1,0,0
1,28,45,From Free Kick,Poland,3857297,0 days 00:28:45,0,0,0,0,0,0,1,0,0
1,28,46,Regular Play,Saudi Arabia,3857297,0 days 00:28:46,0,0,0,0,0,0,1,0,0
1,28,47,Regular Play,Saudi Arabia,3857297,0 days 00:28:47,0,0,0,0,0,0,1,0,0
1,28,49,Regular Play,Saudi Arabia,3857297,0 days 00:28:49,0,0,0,0,0,0,1,0,0
1,28,52,Regular Play,Saudi Arabia,3857297,0 days 00:28:52,0,0,0,0,0,0,1,0,0
1,28,54,Regular Play,Saudi Arabia,3857297,0 days 00:28:54,0,0,0,0,0,0,1,0,0
1,28,55,Regular Play,Saudi Arabia,3857297,0 days 00:28:55,0,0,0,0,0,0,1,0,0
1,28,58,Regular Play,Saudi Arabia,3857297,0 days 00:28:58,0,0,0,0,0,0,1,0,0
1,29,0,Regular Play,Saudi Arabia,3857297,0 days 00:29:00,0,0,0,0,0,0,1,0,0
1,29,5,Regular Play,Saudi Arabia,3857297,0 days 00:29:05,0,0,0,0,0,0,1,0,0
1,29,6,Regular Play,Poland,3857297,0 days 00:29:06,0,0,0,0,0,0,1,0,0
1,29,7,Regular Play,Poland,3857297,0 days 00:29:07,0,0,0,0,0,0,1,0,0
1,29,9,Regular Play,Poland,3857297,0 days 00:29:09,0,0,0,0,0,0,1,0,0
1,29,11,Regular Play,Poland,3857297,0 days 00:29:11,0,0,0,0,0,0,1,0,0
1,29,13,Regular Play,Poland,3857297,0 days 00:29:13,0,0,0,0,0,0,1,0,0
1,29,16,Regular Play,Poland,3857297,0 days 00:29:16,0,0,0,0,0,0,1,0,0
1,29,19,Regular Play,Poland,3857297,0 days 00:29:19,0,0,0,0,0,0,1,0,0
1,29,20,Regular Play,Poland,3857297,0 days 00:29:20,0,0,0,0,0,0,1,0,0
1,29,22,Regular Play,Poland,3857297,0 days 00:29:22,0,0,0,0,0,0,1,0,0
1,29,25,Regular Play,Poland,3857297,0 days 00:29:25,0,0,0,0,0,0,1,0,0
1,29,28,Regular Play,Poland,3857297,0 days 00:29:28,0,0,0,0,0,0,1,0,0
1,29,32,Regular Play,Saudi Arabia,3857297,0 days 00:29:32,1,0,0,0,0,0,0,0,0
1,29,32,Regular Play,Saudi Arabia,3857297,0 days 00:29:32,0,0,1,0,0,0,0,0,0
1,29,32,Regular Play,Poland,3857297,0 days 00:29:32,0,0,0,0,0,0,0,0,1
1,29,35,Regular Play,Poland,3857297,0 days 00:29:35,0,0,0,0,0,0,1,0,0
1,29,37,Regular Play,Poland,3857297,0 days 00:29:37,0,0,0,0,0,0,1,0,0
1,29,40,Regular Play,Saudi Arabia,3857297,0 days 00:29:40,1,0,0,0,0,0,0,0,0
1,29,42,Regular Play,Saudi Arabia,3857297,0 days 00:29:42,0,0,0,0,0,0,1,0,0
1,29,44,Regular Play,Saudi Arabia,3857297,0 days 00:29:44,0,0,0,0,0,0,1,0,0
1,29,51,Regular Play,Saudi Arabia,3857297,0 days 00:29:51,0,0,0,0,0,0,1,0,0
1,29,53,Regular Play,Saudi Arabia,3857297,0 days 00:29:53,0,0,0,0,0,0,1,0,0
1,29,53,Regular Play,Saudi Arabia,3857297,0 days 00:29:53,0,0,0,0,0,0,1,0,0
1,29,54,Regular Play,Saudi Arabia,3857297,0 days 00:29:54,0,0,0,0,1,0,0,0,0
1,30,15,From Free Kick,Poland,3857297,0 days 00:30:15,0,0,0,0,0,0,1,0,0
1,30,19,From Free Kick,Poland,3857297,0 days 00:30:19,0,0,0,0,0,0,1,0,0
1,30,23,From Free Kick,Poland,3857297,0 days 00:30:23,0,0,0,0,0,0,1,0,0
1,30,24,From Free Kick,Poland,3857297,0 days 00:30:24,0,0,0,0,0,0,1,0,0
1,30,25,Regular Play,Saudi Arabia,3857297,0 days 00:30:25,0,0,0,0,0,0,1,0,0
1,30,26,Regular Play,Saudi Arabia,3857297,0 days 00:30:26,0,0,0,0,0,0,1,0,0
1,30,29,Regular Play,Saudi Arabia,3857297,0 days 00:30:29,0,0,0,0,0,0,1,0,0
1,30,31,Regular Play,Saudi Arabia,3857297,0 days 00:30:31,0,0,0,0,0,0,1,0,0
1,30,32,Regular Play,Saudi Arabia,3857297,0 days 00:30:32,0,0,0,0,0,0,1,0,0
1,30,34,Regular Play,Saudi Arabia,3857297,0 days 00:30:34,0,0,0,0,0,0,1,0,0
1,30,37,Regular Play,Saudi Arabia,3857297,0 days 00:30:37,0,0,0,0,0,0,1,0,0
1,30,40,Regular Play,Saudi Arabia,3857297,0 days 00:30:40,0,0,0,0,0,0,1,0,0
1,30,42,Regular Play,Saudi Arabia,3857297,0 days 00:30:42,0,0,0,0,0,0,1,0,0
1,30,48,Regular Play,Saudi Arabia,3857297,0 days 00:30:48,0,0,0,0,0,0,1,0,0
1,30,49,Regular Play,Saudi Arabia,3857297,0 days 00:30:49,0,0,0,0,0,0,1,0,0
1,30,52,Regular Play,Saudi Arabia,3857297,0 days 00:30:52,0,0,0,0,0,0,1,0,0
1,30,55,Regular Play,Saudi Arabia,3857297,0 days 00:30:55,0,0,0,0,0,0,1,0,0
1,31,0,Regular Play,Saudi Arabia,3857297,0 days 00:31:00,0,0,0,0,0,0,1,0,0
1,31,3,Regular Play,Saudi Arabia,3857297,0 days 00:31:03,0,0,0,0,0,0,1,0,0
1,31,7,Regular Play,Saudi Arabia,3857297,0 days 00:31:07,0,0,0,0,0,0,1,0,0
1,31,9,Regular Play,Saudi Arabia,3857297,0 days 00:31:09,0,0,0,0,0,0,1,0,0
1,31,11,Regular Play,Saudi Arabia,3857297,0 days 00:31:11,0,0,0,0,0,0,1,0,0
1,31,27,From Throw In,Saudi Arabia,3857297,0 days 00:31:27,0,0,0,0,0,0,1,0,0
1,31,31,From Throw In,Saudi Arabia,3857297,0 days 00:31:31,0,0,0,0,0,0,1,0,0
1,31,35,From Throw In,Saudi Arabia,3857297,0 days 00:31:35,0,0,0,0,0,0,1,0,0
1,31,38,From Throw In,Saudi Arabia,3857297,0 days 00:31:38,0,0,0,0,0,0,1,0,0
1,31,40,From Throw In,Saudi Arabia,3857297,0 days 00:31:40,0,0,0,0,0,0,1,0,0
1,31,44,From Throw In,Saudi Arabia,3857297,0 days 00:31:44,0,0,0,0,0,0,1,0,0
1,31,47,From Throw In,Saudi Arabia,3857297,0 days 00:31:47,0,0,0,0,0,0,1,0,0
1,31,52,From Throw In,Saudi Arabia,3857297,0 days 00:31:52,0,0,0,0,0,0,1,0,0
1,31,54,From Throw In,Saudi Arabia,3857297,0 days 00:31:54,0,0,0,0,0,0,1,0,0
1,31,56,From Throw In,Saudi Arabia,3857297,0 days 00:31:56,0,0,0,0,0,0,1,0,0
1,22,0,Regular Play,Portugal,3857298,0 days 00:22:00,0,0,0,0,0,0,1,0,0
1,22,4,Regular Play,Portugal,3857298,0 days 00:22:04,0,0,0,0,0,0,1,0,0
1,22,5,Regular Play,Portugal,3857298,0 days 00:22:05,0,0,0,0,0,0,1,0,0
1,22,7,Regular Play,Portugal,3857298,0 days 00:22:07,0,0,0,0,0,0,1,0,0
1,22,31,From Goal Kick,Ghana,3857298,0 days 00:22:31,0,0,0,0,0,0,1,0,0
1,22,34,From Goal Kick,Ghana,3857298,0 days 00:22:34,0,0,0,0,0,0,1,0,0
1,22,37,From Goal Kick,Portugal,3857298,0 days 00:22:37,0,0,0,0,0,0,1,0,0
1,23,6,From Goal Kick,Ghana,3857298,0 days 00:23:06,0,0,0,0,0,0,1,0,0
1,23,9,From Goal Kick,Ghana,3857298,0 days 00:23:09,0,0,0,0,0,0,1,0,0
1,23,11,Regular Play,Portugal,3857298,0 days 00:23:11,1,0,0,0,0,0,0,0,0
1,23,12,Regular Play,Portugal,3857298,0 days 00:23:12,0,0,0,0,0,0,1,0,0
1,23,13,Regular Play,Portugal,3857298,0 days 00:23:13,0,0,0,0,0,0,1,0,0
1,23,14,Regular Play,Portugal,3857298,0 days 00:23:14,0,0,0,0,0,0,1,0,0
1,23,17,Regular Play,Portugal,3857298,0 days 00:23:17,0,0,0,0,0,0,1,0,0
1,23,20,Regular Play,Portugal,3857298,0 days 00:23:20,0,0,0,0,0,0,1,0,0
1,23,22,Regular Play,Portugal,3857298,0 days 00:23:22,0,0,0,0,0,0,1,0,0
1,23,27,Regular Play,Portugal,3857298,0 days 00:23:27,0,0,0,0,0,0,1,0,0
1,23,30,Regular Play,Portugal,3857298,0 days 00:23:30,0,0,0,0,0,0,1,0,0
1,23,33,Regular Play,Portugal,3857298,0 days 00:23:33,0,0,0,0,0,0,1,0,0
1,23,35,Regular Play,Portugal,3857298,0 days 00:23:35,0,0,0,0,0,0,1,0,0
1,23,36,From Counter,Ghana,3857298,0 days 00:23:36,0,0,0,0,0,0,1,0,0
1,23,39,From Counter,Portugal,3857298,0 days 00:23:39,0,0,0,0,1,0,0,0,0
1,24,0,From Free Kick,Ghana,3857298,0 days 00:24:00,0,0,0,0,0,0,1,0,0
1,24,1,From Free Kick,Ghana,3857298,0 days 00:24:01,0,0,0,0,0,0,1,0,0
1,24,2,From Free Kick,Ghana,3857298,0 days 00:24:02,0,0,0,0,0,0,1,0,0
1,24,3,From Free Kick,Ghana,3857298,0 days 00:24:03,0,0,0,0,0,0,1,0,0
1,24,5,Regular Play,Portugal,3857298,0 days 00:24:05,1,0,0,0,0,0,0,0,0
1,24,8,Regular Play,Portugal,3857298,0 days 00:24:08,0,0,0,0,0,0,1,0,0
1,24,11,Regular Play,Portugal,3857298,0 days 00:24:11,0,0,0,0,0,0,1,0,0
1,24,15,Regular Play,Portugal,3857298,0 days 00:24:15,0,0,0,0,0,0,1,0,0
1,24,18,Regular Play,Portugal,3857298,0 days 00:24:18,0,0,0,0,0,0,1,0,0
1,24,22,Regular Play,Portugal,3857298,0 days 00:24:22,0,0,0,0,0,0,1,0,0
1,24,28,Regular Play,Portugal,3857298,0 days 00:24:28,0,0,0,0,0,0,1,0,0
1,24,31,Regular Play,Portugal,3857298,0 days 00:24:31,0,0,0,0,0,0,1,0,0
1,24,42,From Goal Kick,Ghana,3857298,0 days 00:24:42,0,0,0,0,0,0,1,0,0
1,24,45,From Goal Kick,Ghana,3857298,0 days 00:24:45,0,0,0,0,0,0,1,0,0
1,24,47,From Goal Kick,Ghana,3857298,0 days 00:24:47,0,0,0,0,0,0,1,0,0
1,24,49,From Goal Kick,Ghana,3857298,0 days 00:24:49,0,0,0,0,0,0,1,0,0
1,24,51,From Goal Kick,Portugal,3857298,0 days 00:24:51,0,0,0,0,1,0,0,0,0
1,25,32,From Free Kick,Ghana,3857298,0 days 00:25:32,0,0,0,0,0,0,1,0,0
1,25,36,From Free Kick,Portugal,3857298,0 days 00:25:36,0,0,0,0,0,0,1,0,0
1,25,37,From Free Kick,Ghana,3857298,0 days 00:25:37,0,0,0,0,0,0,1,0,0
1,25,38,From Free Kick,Portugal,3857298,0 days 00:25:38,0,0,0,0,0,0,1,0,0
1,25,43,From Free Kick,Ghana,3857298,0 days 00:25:43,0,0,0,0,0,0,1,0,0
1,25,54,From Free Kick,Ghana,3857298,0 days 00:25:54,0,0,0,0,0,0,1,0,0
1,25,57,From Free Kick,Ghana,3857298,0 days 00:25:57,0,0,0,0,0,0,1,0,0
1,25,59,Regular Play,Portugal,3857298,0 days 00:25:59,0,0,0,0,0,0,1,0,0
1,26,0,Regular Play,Portugal,3857298,0 days 00:26:00,0,0,0,0,0,0,1,0,0
1,26,2,Regular Play,Portugal,3857298,0 days 00:26:02,0,0,0,0,0,0,1,0,0
1,26,3,Regular Play,Ghana,3857298,0 days 00:26:03,0,0,0,0,1,0,0,0,0
1,26,3,Regular Play,Portugal,3857298,0 days 00:26:03,0,0,0,0,0,0,1,0,0
1,26,6,Regular Play,Portugal,3857298,0 days 00:26:06,0,0,0,0,0,0,1,0,0
1,26,7,Regular Play,Portugal,3857298,0 days 00:26:07,0,0,0,0,0,0,1,0,0
1,26,8,Regular Play,Ghana,3857298,0 days 00:26:08,0,1,0,0,0,0,0,0,0
1,26,9,Regular Play,Ghana,3857298,0 days 00:26:09,1,0,0,0,0,0,0,0,0
1,26,13,Regular Play,Ghana,3857298,0 days 00:26:13,0,0,0,0,0,0,1,0,0
1,26,15,Regular Play,Ghana,3857298,0 days 00:26:15,0,0,0,0,0,0,1,0,0
1,26,18,Regular Play,Ghana,3857298,0 days 00:26:18,0,0,0,0,0,0,1,0,0
1,26,19,Regular Play,Ghana,3857298,0 days 00:26:19,0,0,0,0,0,0,1,0,0
1,26,21,Regular Play,Ghana,3857298,0 days 00:26:21,0,0,0,0,0,0,1,0,0
1,26,25,Regular Play,Ghana,3857298,0 days 00:26:25,0,0,0,0,0,0,1,0,0
1,26,26,Regular Play,Ghana,3857298,0 days 00:26:26,0,0,0,0,0,0,1,0,0
1,26,30,Regular Play,Ghana,3857298,0 days 00:26:30,0,0,0,0,1,0,0,0,0
1,26,42,From Free Kick,Portugal,3857298,0 days 00:26:42,0,0,0,0,0,0,1,0,0
1,26,44,From Free Kick,Portugal,3857298,0 days 00:26:44,0,0,0,0,0,0,1,0,0
1,26,49,From Free Kick,Portugal,3857298,0 days 00:26:49,0,0,0,0,0,0,1,0,0
1,26,53,From Free Kick,Portugal,3857298,0 days 00:26:53,0,0,0,0,0,0,1,0,0
1,26,57,From Free Kick,Portugal,3857298,0 days 00:26:57,0,0,0,0,0,0,1,0,0
1,27,3,From Free Kick,Portugal,3857298,0 days 00:27:03,0,0,0,0,0,0,1,0,0
1,27,5,From Free Kick,Portugal,3857298,0 days 00:27:05,0,0,0,0,0,0,1,0,0
1,27,9,From Free Kick,Portugal,3857298,0 days 00:27:09,0,0,0,0,0,0,1,0,0
1,27,11,From Free Kick,Ghana,3857298,0 days 00:27:11,0,1,0,0,0,0,0,0,0
1,27,12,From Free Kick,Portugal,3857298,0 days 00:27:12,0,0,0,0,0,0,1,0,0
1,27,15,From Free Kick,Portugal,3857298,0 days 00:27:15,0,0,0,0,0,0,1,0,0
1,27,20,From Free Kick,Portugal,3857298,0 days 00:27:20,0,0,0,0,0,0,1,0,0
1,27,22,From Free Kick,Portugal,3857298,0 days 00:27:22,0,0,0,0,0,0,1,0,0
1,27,25,From Free Kick,Portugal,3857298,0 days 00:27:25,0,0,0,0,0,0,1,0,0
1,27,30,From Free Kick,Portugal,3857298,0 days 00:27:30,0,0,0,0,0,0,1,0,0
1,27,31,From Free Kick,Portugal,3857298,0 days 00:27:31,0,0,0,0,0,0,0,1,0
1,28,9,From Goal Kick,Ghana,3857298,0 days 00:28:09,0,0,0,0,0,0,1,0,0
1,28,12,From Goal Kick,Portugal,3857298,0 days 00:28:12,0,1,0,0,0,0,0,0,0
1,28,15,From Goal Kick,Portugal,3857298,0 days 00:28:15,0,0,0,0,0,0,1,0,0
1,28,16,From Goal Kick,Portugal,3857298,0 days 00:28:16,0,0,0,0,0,0,1,0,0
1,28,17,From Goal Kick,Ghana,3857298,0 days 00:28:17,0,0,0,0,0,0,1,0,0
1,28,19,From Goal Kick,Ghana,3857298,0 days 00:28:19,0,0,0,0,0,0,1,0,0
1,28,21,From Goal Kick,Portugal,3857298,0 days 00:28:21,0,0,0,0,0,0,1,0,0
1,28,22,From Goal Kick,Ghana,3857298,0 days 00:28:22,0,0,0,0,0,0,1,0,0
1,28,24,From Goal Kick,Portugal,3857298,0 days 00:28:24,0,0,0,0,0,0,1,0,0
1,28,26,From Goal Kick,Ghana,3857298,0 days 00:28:26,1,0,0,0,0,0,0,0,0
1,28,29,From Goal Kick,Ghana,3857298,0 days 00:28:29,0,0,0,0,0,0,1,0,0
1,28,29,From Goal Kick,Ghana,3857298,0 days 00:28:29,0,0,0,0,0,0,1,0,0
1,28,32,From Goal Kick,Ghana,3857298,0 days 00:28:32,0,0,0,0,0,0,1,0,0
1,28,34,From Goal Kick,Ghana,3857298,0 days 00:28:34,0,0,0,0,0,0,1,0,0
1,28,39,From Goal Kick,Ghana,3857298,0 days 00:28:39,0,0,0,0,0,0,1,0,0
1,28,42,From Goal Kick,Ghana,3857298,0 days 00:28:42,0,0,0,0,0,0,1,0,0
1,28,45,From Goal Kick,Ghana,3857298,0 days 00:28:45,0,0,0,0,0,0,1,0,0
1,28,46,From Goal Kick,Ghana,3857298,0 days 00:28:46,0,0,0,0,0,0,1,0,0
1,28,50,From Goal Kick,Ghana,3857298,0 days 00:28:50,0,0,0,0,0,0,1,0,0
1,28,51,From Goal Kick,Portugal,3857298,0 days 00:28:51,0,1,0,0,0,0,0,0,0
1,28,54,From Goal Kick,Ghana,3857298,0 days 00:28:54,0,0,0,0,0,0,1,0,0
1,28,55,Regular Play,Portugal,3857298,0 days 00:28:55,0,0,0,0,0,0,1,0,0
1,28,57,Regular Play,Portugal,3857298,0 days 00:28:57,0,0,0,0,0,0,1,0,0
1,29,1,Regular Play,Portugal,3857298,0 days 00:29:01,0,0,0,0,0,0,1,0,0
1,29,3,Regular Play,Ghana,3857298,0 days 00:29:03,0,0,0,0,1,0,0,0,0
1,30,5,From Free Kick,Portugal,3857298,0 days 00:30:05,0,0,0,0,0,0,1,0,0
1,30,7,From Free Kick,Ghana,3857298,0 days 00:30:07,0,1,0,0,0,0,0,0,0
1,30,10,From Free Kick,Portugal,3857298,0 days 00:30:10,0,0,0,0,0,0,1,0,0
1,30,11,Regular Play,Ghana,3857298,0 days 00:30:11,1,0,0,0,0,0,0,0,0
1,30,12,Regular Play,Ghana,3857298,0 days 00:30:12,0,0,0,0,0,0,1,0,0
1,30,14,Regular Play,Ghana,3857298,0 days 00:30:14,0,0,0,1,0,0,0,0,0
1,30,17,Regular Play,Ghana,3857298,0 days 00:30:17,0,0,0,0,0,0,1,0,0
1,30,21,Regular Play,Ghana,3857298,0 days 00:30:21,0,0,0,0,0,0,1,0,0
1,30,24,Regular Play,Portugal,3857298,0 days 00:30:24,0,0,0,0,0,0,1,0,0
1,30,26,Regular Play,Portugal,3857298,0 days 00:30:26,0,0,0,0,1,0,0,0,0
1,30,50,From Free Kick,Ghana,3857298,0 days 00:30:50,0,0,0,0,0,0,1,0,0
1,30,50,From Free Kick,Ghana,3857298,0 days 00:30:50,0,0,0,0,0,0,1,0,0
1,30,54,From Free Kick,Ghana,3857298,0 days 00:30:54,0,0,0,0,0,0,1,0,0
1,30,57,From Free Kick,Ghana,3857298,0 days 00:30:57,0,0,0,0,0,0,1,0,0
1,31,2,From Free Kick,Ghana,3857298,0 days 00:31:02,0,0,0,0,0,0,1,0,0
1,31,5,From Free Kick,Ghana,3857298,0 days 00:31:05,0,0,0,1,0,0,0,0,0
1,31,8,From Free Kick,Ghana,3857298,0 days 00:31:08,0,0,0,0,0,0,1,0,0
1,31,9,From Free Kick,Portugal,3857298,0 days 00:31:09,1,0,0,0,0,0,0,0,0
1,31,10,Regular Play,Portugal,3857298,0 days 00:31:10,1,0,0,0,0,0,0,0,0
1,31,10,Regular Play,Portugal,3857298,0 days 00:31:10,0,0,0,0,0,0,1,0,0
1,31,13,Regular Play,Portugal,3857298,0 days 00:31:13,0,0,0,0,0,0,1,0,0
1,31,14,Regular Play,Ghana,3857298,0 days 00:31:14,0,0,0,0,1,0,0,0,0
1,31,33,From Free Kick,Portugal,3857298,0 days 00:31:33,0,0,0,0,0,0,1,0,0
1,31,35,From Free Kick,Portugal,3857298,0 days 00:31:35,0,0,0,0,0,0,1,0,0
1,31,37,From Free Kick,Portugal,3857298,0 days 00:31:37,0,0,0,0,0,0,1,0,0
1,31,42,From Free Kick,Ghana,3857298,0 days 00:31:42,0,0,0,0,1,0,0,0,0
1,22,7,From Throw In,South Korea,3857299,0 days 00:22:07,1,0,0,0,0,0,0,0,0
1,22,8,Regular Play,Ghana,3857299,0 days 00:22:08,0,0,0,0,0,0,1,0,0
1,22,9,Regular Play,Ghana,3857299,0 days 00:22:09,0,0,0,0,0,0,1,0,0
1,22,11,Regular Play,Ghana,3857299,0 days 00:22:11,0,0,0,0,0,0,1,0,0
1,22,13,Regular Play,Ghana,3857299,0 days 00:22:13,0,0,0,0,0,0,1,0,0
1,22,15,Regular Play,Ghana,3857299,0 days 00:22:15,0,0,0,0,0,0,1,0,0
1,22,21,Regular Play,Ghana,3857299,0 days 00:22:21,0,0,0,0,0,0,1,0,0
1,22,22,Regular Play,South Korea,3857299,0 days 00:22:22,0,0,0,0,0,0,1,0,0
1,22,24,Regular Play,South Korea,3857299,0 days 00:22:24,0,0,0,0,0,0,1,0,0
1,22,27,Regular Play,Ghana,3857299,0 days 00:22:27,1,0,0,0,0,0,0,0,0
1,22,28,Regular Play,Ghana,3857299,0 days 00:22:28,0,0,0,0,0,0,1,0,0
1,22,31,Regular Play,Ghana,3857299,0 days 00:22:31,0,0,0,0,0,0,1,0,0
1,22,34,Regular Play,Ghana,3857299,0 days 00:22:34,0,0,0,0,0,0,1,0,0
1,22,34,Regular Play,South Korea,3857299,0 days 00:22:34,0,0,0,0,0,1,0,0,0
1,22,36,Regular Play,Ghana,3857299,0 days 00:22:36,1,0,0,0,0,0,0,0,0
1,22,39,Regular Play,Ghana,3857299,0 days 00:22:39,0,0,0,0,0,0,1,0,0
1,22,41,Regular Play,Ghana,3857299,0 days 00:22:41,0,0,0,0,0,0,1,0,0
1,22,46,Regular Play,South Korea,3857299,0 days 00:22:46,0,0,0,0,1,0,0,0,0
1,23,41,From Free Kick,Ghana,3857299,0 days 00:23:41,0,0,0,0,0,0,1,0,0
1,23,42,From Free Kick,South Korea,3857299,0 days 00:23:42,0,1,0,0,0,0,0,0,0
1,23,43,From Free Kick,Ghana,3857299,0 days 00:23:43,1,0,0,0,0,0,0,0,0
1,23,43,From Free Kick,Ghana,3857299,0 days 00:23:43,0,0,0,0,0,0,0,1,0
1,26,6,From Kick Off,South Korea,3857299,0 days 00:26:06,0,0,0,0,0,0,1,0,0
1,26,8,From Kick Off,South Korea,3857299,0 days 00:26:08,0,0,0,0,0,0,1,0,0
1,26,9,From Kick Off,South Korea,3857299,0 days 00:26:09,0,0,0,0,0,0,1,0,0
1,26,12,From Kick Off,South Korea,3857299,0 days 00:26:12,0,0,0,0,0,0,1,0,0
1,26,14,From Kick Off,South Korea,3857299,0 days 00:26:14,0,0,0,0,0,0,1,0,0
1,26,17,From Kick Off,South Korea,3857299,0 days 00:26:17,0,0,0,0,0,0,1,0,0
1,26,19,From Kick Off,South Korea,3857299,0 days 00:26:19,0,0,0,0,0,0,1,0,0
1,26,21,From Kick Off,South Korea,3857299,0 days 00:26:21,0,0,1,0,0,0,0,0,0
1,26,21,Regular Play,Ghana,3857299,0 days 00:26:21,0,0,0,0,0,0,0,0,1
1,26,25,Regular Play,Ghana,3857299,0 days 00:26:25,0,0,0,0,0,0,1,0,0
1,26,27,Regular Play,South Korea,3857299,0 days 00:26:27,0,0,0,0,1,0,0,0,0
1,26,27,Regular Play,Ghana,3857299,0 days 00:26:27,1,0,0,0,0,0,0,0,0
1,26,30,Regular Play,South Korea,3857299,0 days 00:26:30,0,0,0,0,1,0,0,0,0
1,27,22,From Free Kick,Ghana,3857299,0 days 00:27:22,0,0,0,0,0,0,1,0,0
1,27,24,From Free Kick,Ghana,3857299,0 days 00:27:24,0,0,0,0,0,0,1,0,0
1,27,25,From Free Kick,South Korea,3857299,0 days 00:27:25,0,1,0,0,0,0,0,0,0
1,27,26,From Free Kick,South Korea,3857299,0 days 00:27:26,0,1,0,0,0,0,0,0,0
1,27,29,From Free Kick,Ghana,3857299,0 days 00:27:29,1,0,0,0,0,0,0,0,0
1,27,31,From Free Kick,Ghana,3857299,0 days 00:27:31,0,0,0,0,0,0,1,0,0
1,27,34,From Free Kick,Ghana,3857299,0 days 00:27:34,0,0,0,0,0,0,1,0,0
1,27,39,From Counter,South Korea,3857299,0 days 00:27:39,1,0,0,0,0,0,0,0,0
1,27,41,From Counter,South Korea,3857299,0 days 00:27:41,0,0,0,0,0,0,1,0,0
1,27,44,From Counter,South Korea,3857299,0 days 00:27:44,0,0,0,0,0,0,1,0,0
1,27,47,From Counter,South Korea,3857299,0 days 00:27:47,0,0,0,0,0,0,1,0,0
1,28,0,From Keeper,Ghana,3857299,0 days 00:28:00,0,0,0,0,0,0,1,0,0
1,28,4,From Keeper,Ghana,3857299,0 days 00:28:04,0,0,0,0,0,0,1,0,0
1,28,8,From Keeper,Ghana,3857299,0 days 00:28:08,0,0,0,0,0,0,1,0,0
1,28,13,From Keeper,Ghana,3857299,0 days 00:28:13,0,0,0,0,0,0,1,0,0
1,28,16,Regular Play,South Korea,3857299,0 days 00:28:16,0,0,0,0,0,0,1,0,0
1,28,18,Regular Play,South Korea,3857299,0 days 00:28:18,0,0,0,0,0,0,1,0,0
1,28,20,Regular Play,Ghana,3857299,0 days 00:28:20,0,0,0,0,1,0,0,0,0
1,28,42,From Free Kick,South Korea,3857299,0 days 00:28:42,0,0,0,0,0,0,1,0,0
1,28,45,From Free Kick,South Korea,3857299,0 days 00:28:45,0,0,0,0,0,0,1,0,0
1,28,51,From Free Kick,South Korea,3857299,0 days 00:28:51,0,0,0,0,0,0,1,0,0
1,28,55,From Free Kick,South Korea,3857299,0 days 00:28:55,0,0,0,0,0,0,1,0,0
1,29,0,From Free Kick,South Korea,3857299,0 days 00:29:00,0,0,0,0,0,0,1,0,0
1,29,1,From Free Kick,South Korea,3857299,0 days 00:29:01,0,0,0,0,0,0,1,0,0
1,29,3,Regular Play,Ghana,3857299,0 days 00:29:03,0,0,0,0,0,0,1,0,0
1,29,4,Regular Play,Ghana,3857299,0 days 00:29:04,0,0,0,0,0,0,1,0,0
1,29,7,Regular Play,Ghana,3857299,0 days 00:29:07,0,0,0,0,0,0,1,0,0
1,29,8,Regular Play,South Korea,3857299,0 days 00:29:08,1,0,0,0,0,0,0,0,0
1,29,9,Regular Play,South Korea,3857299,0 days 00:29:09,0,0,0,0,0,0,1,0,0
1,29,11,Regular Play,South Korea,3857299,0 days 00:29:11,0,0,0,0,0,0,1,0,0
1,29,13,Regular Play,South Korea,3857299,0 days 00:29:13,0,0,0,0,0,0,1,0,0
1,29,14,Regular Play,South Korea,3857299,0 days 00:29:14,0,0,0,0,0,0,1,0,0
1,29,15,Regular Play,South Korea,3857299,0 days 00:29:15,0,0,0,0,0,0,1,0,0
1,29,16,Regular Play,South Korea,3857299,0 days 00:29:16,0,0,0,0,0,0,1,0,0
1,29,17,Regular Play,South Korea,3857299,0 days 00:29:17,0,0,0,0,0,0,1,0,0
1,29,18,Regular Play,Ghana,3857299,0 days 00:29:18,0,0,0,0,0,1,0,0,0
1,29,21,Regular Play,South Korea,3857299,0 days 00:29:21,0,0,0,0,0,0,1,0,0
1,29,26,Regular Play,South Korea,3857299,0 days 00:29:26,0,0,0,0,0,0,1,0,0
1,29,30,Regular Play,South Korea,3857299,0 days 00:29:30,0,0,0,0,0,0,1,0,0
1,29,32,Regular Play,South Korea,3857299,0 days 00:29:32,0,0,0,0,0,0,1,0,0
1,29,35,Regular Play,South Korea,3857299,0 days 00:29:35,0,0,0,0,0,0,1,0,0
1,29,38,Regular Play,South Korea,3857299,0 days 00:29:38,0,0,0,0,0,0,1,0,0
1,29,45,Regular Play,South Korea,3857299,0 days 00:29:45,0,0,0,0,0,0,1,0,0
1,29,46,Regular Play,South Korea,3857299,0 days 00:29:46,0,0,0,0,0,0,1,0,0
1,29,48,Regular Play,South Korea,3857299,0 days 00:29:48,0,0,0,0,0,0,1,0,0
1,29,50,Regular Play,South Korea,3857299,0 days 00:29:50,0,0,0,0,0,0,1,0,0
1,29,55,Regular Play,South Korea,3857299,0 days 00:29:55,0,0,0,1,0,0,0,0,0
1,29,55,Regular Play,Ghana,3857299,0 days 00:29:55,0,0,0,0,0,0,0,0,1
1,30,0,Regular Play,Ghana,3857299,0 days 00:30:00,0,0,0,0,0,0,1,0,0
1,30,2,Regular Play,Ghana,3857299,0 days 00:30:02,0,0,0,0,0,0,1,0,0
1,30,3,Regular Play,Ghana,3857299,0 days 00:30:03,0,0,0,0,0,0,1,0,0
1,30,6,Regular Play,Ghana,3857299,0 days 00:30:06,0,0,0,0,0,0,1,0,0
1,30,9,Regular Play,Ghana,3857299,0 days 00:30:09,0,0,0,0,0,0,1,0,0
1,30,13,Regular Play,Ghana,3857299,0 days 00:30:13,0,0,0,0,0,0,1,0,0
1,30,15,Regular Play,Ghana,3857299,0 days 00:30:15,0,0,0,0,0,0,1,0,0
1,30,17,Regular Play,Ghana,3857299,0 days 00:30:17,0,0,0,0,0,0,1,0,0
1,30,20,Regular Play,Ghana,3857299,0 days 00:30:20,0,0,0,0,0,0,1,0,0
1,30,24,Regular Play,Ghana,3857299,0 days 00:30:24,0,0,0,0,0,0,1,0,0
1,30,25,Regular Play,Ghana,3857299,0 days 00:30:25,0,0,0,0,0,0,1,0,0
1,30,31,Regular Play,Ghana,3857299,0 days 00:30:31,0,0,0,0,0,0,1,0,0
1,30,33,Regular Play,Ghana,3857299,0 days 00:30:33,0,0,0,0,0,0,1,0,0
1,30,35,Regular Play,Ghana,3857299,0 days 00:30:35,0,0,0,0,0,0,1,0,0
1,30,41,Regular Play,Ghana,3857299,0 days 00:30:41,0,0,0,0,0,0,1,0,0
1,30,41,Regular Play,Ghana,3857299,0 days 00:30:41,0,0,0,0,0,0,1,0,0
1,30,44,Regular Play,Ghana,3857299,0 days 00:30:44,0,0,0,0,0,0,1,0,0
1,30,48,Regular Play,Ghana,3857299,0 days 00:30:48,1,0,0,0,0,0,0,0,0
1,30,48,Regular Play,Ghana,3857299,0 days 00:30:48,0,0,0,0,0,0,1,0,0
1,30,52,Regular Play,Ghana,3857299,0 days 00:30:52,0,0,0,0,0,0,1,0,0
1,30,57,Regular Play,Ghana,3857299,0 days 00:30:57,0,0,0,0,0,0,1,0,0
1,31,5,Regular Play,South Korea,3857299,0 days 00:31:05,1,0,0,0,0,0,0,0,0
1,31,5,Regular Play,Ghana,3857299,0 days 00:31:05,0,0,0,0,1,0,0,0,0
1,31,23,From Free Kick,South Korea,3857299,0 days 00:31:23,0,0,0,0,0,0,1,0,0
1,31,26,From Free Kick,South Korea,3857299,0 days 00:31:26,0,0,0,0,0,0,1,0,0
1,31,29,From Free Kick,South Korea,3857299,0 days 00:31:29,0,0,0,0,0,0,1,0,0
1,31,32,From Free Kick,South Korea,3857299,0 days 00:31:32,0,0,0,0,0,0,1,0,0
1,31,36,From Free Kick,South Korea,3857299,0 days 00:31:36,0,0,0,0,0,0,1,0,0
1,31,40,From Free Kick,South Korea,3857299,0 days 00:31:40,0,0,0,0,0,0,1,0,0
1,31,42,From Free Kick,South Korea,3857299,0 days 00:31:42,0,0,0,0,0,0,1,0,0
1,31,47,From Free Kick,South Korea,3857299,0 days 00:31:47,0,0,0,0,0,0,1,0,0
1,31,50,From Free Kick,South Korea,3857299,0 days 00:31:50,0,0,0,0,0,0,1,0,0
1,31,53,From Free Kick,South Korea,3857299,0 days 00:31:53,0,0,0,0,0,0,1,0,0
1,22,17,From Free Kick,Saudi Arabia,3857300,0 days 00:22:17,0,0,0,0,0,0,1,0,0
1,22,21,From Free Kick,Saudi Arabia,3857300,0 days 00:22:21,0,0,0,0,0,0,1,0,0
1,22,22,From Free Kick,Saudi Arabia,3857300,0 days 00:22:22,0,0,0,0,0,0,1,0,0
1,22,24,From Free Kick,Saudi Arabia,3857300,0 days 00:22:24,0,0,0,0,0,0,1,0,0
1,22,26,From Free Kick,Saudi Arabia,3857300,0 days 00:22:26,0,0,0,0,0,0,1,0,0
1,22,27,From Free Kick,Saudi Arabia,3857300,0 days 00:22:27,0,0,0,0,0,0,1,0,0
1,22,28,From Free Kick,Saudi Arabia,3857300,0 days 00:22:28,0,0,0,1,0,0,0,0,0
1,22,32,From Free Kick,Saudi Arabia,3857300,0 days 00:22:32,0,0,0,0,0,0,1,0,0
1,22,34,From Free Kick,Saudi Arabia,3857300,0 days 00:22:34,0,0,0,0,0,0,1,0,0
1,22,35,From Free Kick,Argentina,3857300,0 days 00:22:35,0,0,0,0,0,1,0,0,0
1,22,50,From Throw In,Saudi Arabia,3857300,0 days 00:22:50,0,0,0,0,0,0,1,0,0
1,22,55,From Throw In,Saudi Arabia,3857300,0 days 00:22:55,0,0,0,0,0,0,1,0,0
1,22,58,From Throw In,Saudi Arabia,3857300,0 days 00:22:58,0,0,0,0,0,0,1,0,0
1,22,59,From Throw In,Saudi Arabia,3857300,0 days 00:22:59,0,0,0,0,0,0,1,0,0
1,23,2,Regular Play,Argentina,3857300,0 days 00:23:02,1,0,0,0,0,0,0,0,0
1,23,3,Regular Play,Argentina,3857300,0 days 00:23:03,0,0,0,0,0,0,1,0,0
1,23,3,Regular Play,Argentina,3857300,0 days 00:23:03,0,0,0,0,0,0,1,0,0
1,23,4,Regular Play,Argentina,3857300,0 days 00:23:04,0,0,0,0,0,0,1,0,0
1,23,6,Regular Play,Argentina,3857300,0 days 00:23:06,0,0,0,0,0,0,1,0,0
1,23,9,Regular Play,Argentina,3857300,0 days 00:23:09,0,0,0,0,0,0,1,0,0
1,23,22,From Free Kick,Saudi Arabia,3857300,0 days 00:23:22,0,0,0,0,0,0,1,0,0
1,23,26,From Free Kick,Saudi Arabia,3857300,0 days 00:23:26,0,0,0,0,0,0,1,0,0
1,23,29,From Free Kick,Saudi Arabia,3857300,0 days 00:23:29,0,0,0,0,0,0,1,0,0
1,23,31,From Free Kick,Saudi Arabia,3857300,0 days 00:23:31,0,0,0,0,0,0,1,0,0
1,23,37,From Free Kick,Saudi Arabia,3857300,0 days 00:23:37,0,0,0,0,0,0,1,0,0
1,23,39,From Free Kick,Saudi Arabia,3857300,0 days 00:23:39,0,0,0,0,0,0,1,0,0
1,23,40,From Free Kick,Saudi Arabia,3857300,0 days 00:23:40,0,0,0,0,0,0,1,0,0
1,23,42,From Free Kick,Saudi Arabia,3857300,0 days 00:23:42,0,0,0,0,0,0,1,0,0
1,23,44,From Free Kick,Saudi Arabia,3857300,0 days 00:23:44,0,0,0,0,0,0,1,0,0
1,23,45,From Free Kick,Saudi Arabia,3857300,0 days 00:23:45,0,0,0,0,0,0,1,0,0
1,23,47,From Free Kick,Saudi Arabia,3857300,0 days 00:23:47,0,0,0,0,0,0,1,0,0
1,23,49,From Free Kick,Saudi Arabia,3857300,0 days 00:23:49,0,0,0,0,0,0,1,0,0
1,23,54,From Free Kick,Saudi Arabia,3857300,0 days 00:23:54,0,0,0,0,0,0,1,0,0
1,23,58,Regular Play,Argentina,3857300,0 days 00:23:58,1,0,0,0,0,0,0,0,0
1,24,0,Regular Play,Argentina,3857300,0 days 00:24:00,0,0,0,0,0,0,1,0,0
1,24,3,Regular Play,Argentina,3857300,0 days 00:24:03,0,0,0,0,0,0,1,0,0
1,24,5,Regular Play,Argentina,3857300,0 days 00:24:05,0,0,0,0,0,0,1,0,0
1,24,8,Regular Play,Argentina,3857300,0 days 00:24:08,0,0,0,0,0,0,1,0,0
1,24,10,Regular Play,Argentina,3857300,0 days 00:24:10,0,0,0,0,0,0,1,0,0
1,24,12,Regular Play,Argentina,3857300,0 days 00:24:12,0,0,0,0,0,0,1,0,0
1,24,19,Regular Play,Argentina,3857300,0 days 00:24:19,0,0,0,0,0,0,1,0,0
1,24,23,Regular Play,Argentina,3857300,0 days 00:24:23,0,0,0,0,0,0,1,0,0
1,24,27,Regular Play,Argentina,3857300,0 days 00:24:27,0,0,0,0,0,0,1,0,0
1,24,29,Regular Play,Saudi Arabia,3857300,0 days 00:24:29,0,0,0,0,0,0,1,0,0
1,24,32,Regular Play,Saudi Arabia,3857300,0 days 00:24:32,0,0,0,0,1,0,0,0,0
1,25,2,From Free Kick,Argentina,3857300,0 days 00:25:02,0,0,0,0,0,0,1,0,0
1,25,5,From Free Kick,Argentina,3857300,0 days 00:25:05,0,0,0,0,0,0,1,0,0
1,25,7,From Free Kick,Saudi Arabia,3857300,0 days 00:25:07,0,0,0,0,1,0,0,0,0
1,25,31,From Free Kick,Argentina,3857300,0 days 00:25:31,0,0,0,0,0,0,1,0,0
1,25,33,From Free Kick,Argentina,3857300,0 days 00:25:33,0,0,0,0,0,0,1,0,0
1,25,36,From Free Kick,Argentina,3857300,0 days 00:25:36,0,0,0,0,0,0,1,0,0
1,25,37,From Free Kick,Argentina,3857300,0 days 00:25:37,0,0,0,0,0,0,1,0,0
1,25,42,From Free Kick,Argentina,3857300,0 days 00:25:42,0,0,0,0,0,0,1,0,0
1,25,46,From Free Kick,Argentina,3857300,0 days 00:25:46,0,0,0,0,0,0,1,0,0
1,25,52,From Free Kick,Argentina,3857300,0 days 00:25:52,0,0,0,0,0,0,1,0,0
1,25,55,From Free Kick,Argentina,3857300,0 days 00:25:55,0,0,0,0,0,0,1,0,0
1,26,0,From Free Kick,Argentina,3857300,0 days 00:26:00,0,0,0,0,0,0,1,0,0
1,26,5,From Free Kick,Argentina,3857300,0 days 00:26:05,0,0,0,0,0,0,1,0,0
1,26,8,From Free Kick,Argentina,3857300,0 days 00:26:08,0,0,0,0,0,0,1,0,0
1,26,10,From Free Kick,Argentina,3857300,0 days 00:26:10,0,0,0,0,0,0,1,0,0
1,26,13,From Free Kick,Argentina,3857300,0 days 00:26:13,0,0,0,0,0,0,1,0,0
1,26,16,From Free Kick,Argentina,3857300,0 days 00:26:16,0,0,0,0,0,0,1,0,0
1,26,20,From Free Kick,Argentina,3857300,0 days 00:26:20,0,0,0,0,0,0,1,0,0
1,26,25,From Free Kick,Saudi Arabia,3857300,0 days 00:26:25,0,0,0,0,0,0,1,0,0
1,26,26,From Free Kick,Saudi Arabia,3857300,0 days 00:26:26,0,0,0,0,0,0,1,0,0
1,26,30,From Free Kick,Argentina,3857300,0 days 00:26:30,0,0,0,0,0,0,1,0,0
1,26,35,From Free Kick,Argentina,3857300,0 days 00:26:35,0,0,0,0,0,0,1,0,0
1,26,40,From Free Kick,Argentina,3857300,0 days 00:26:40,0,0,0,0,0,0,1,0,0
1,26,42,From Free Kick,Saudi Arabia,3857300,0 days 00:26:42,1,0,0,0,0,0,0,0,0
1,26,42,From Free Kick,Saudi Arabia,3857300,0 days 00:26:42,0,0,0,0,0,0,1,0,0
1,26,45,From Free Kick,Saudi Arabia,3857300,0 days 00:26:45,0,0,0,0,0,0,1,0,0
1,26,47,From Free Kick,Saudi Arabia,3857300,0 days 00:26:47,0,1,0,0,0,0,0,0,0
1,26,50,From Free Kick,Argentina,3857300,0 days 00:26:50,0,0,0,0,0,0,1,0,0
1,26,53,From Free Kick,Argentina,3857300,0 days 00:26:53,0,0,0,0,0,0,1,0,0
1,28,28,From Free Kick,Saudi Arabia,3857300,0 days 00:28:28,0,0,0,0,0,0,1,0,0
1,28,31,From Free Kick,Saudi Arabia,3857300,0 days 00:28:31,0,0,0,0,0,0,1,0,0
1,28,38,From Free Kick,Saudi Arabia,3857300,0 days 00:28:38,0,0,0,0,0,0,1,0,0
1,28,43,From Free Kick,Saudi Arabia,3857300,0 days 00:28:43,0,0,0,0,0,0,1,0,0
1,28,45,From Free Kick,Argentina,3857300,0 days 00:28:45,0,0,0,0,1,0,0,0,0
1,29,4,From Free Kick,Saudi Arabia,3857300,0 days 00:29:04,0,0,0,0,0,0,1,0,0
1,29,7,From Free Kick,Saudi Arabia,3857300,0 days 00:29:07,0,0,0,0,0,0,1,0,0
1,29,11,From Free Kick,Saudi Arabia,3857300,0 days 00:29:11,0,0,0,0,0,0,1,0,0
1,29,13,From Free Kick,Argentina,3857300,0 days 00:29:13,0,1,0,0,0,0,0,0,0
1,30,9,From Corner,Saudi Arabia,3857300,0 days 00:30:09,0,0,0,0,0,0,1,0,0
1,30,11,From Corner,Saudi Arabia,3857300,0 days 00:30:11,0,0,0,0,0,0,1,0,0
1,30,12,From Corner,Argentina,3857300,0 days 00:30:12,0,1,0,0,0,0,0,0,0
1,30,14,From Corner,Saudi Arabia,3857300,0 days 00:30:14,0,0,0,0,0,0,1,0,0
1,30,21,From Corner,Argentina,3857300,0 days 00:30:21,0,0,0,0,1,0,0,0,0
1,31,10,From Free Kick,Saudi Arabia,3857300,0 days 00:31:10,0,0,0,0,0,0,1,0,0
1,31,17,From Keeper,Argentina,3857300,0 days 00:31:17,0,0,0,0,0,0,1,0,0
1,31,21,From Keeper,Argentina,3857300,0 days 00:31:21,0,0,0,0,0,0,1,0,0
1,31,36,From Free Kick,Saudi Arabia,3857300,0 days 00:31:36,0,0,0,0,0,0,1,0,0
1,31,41,From Free Kick,Saudi Arabia,3857300,0 days 00:31:41,0,0,0,0,0,0,1,0,0
1,31,43,From Free Kick,Saudi Arabia,3857300,0 days 00:31:43,0,0,0,0,0,0,1,0,0
1,31,46,From Free Kick,Saudi Arabia,3857300,0 days 00:31:46,0,0,0,0,0,0,1,0,0
1,31,50,From Free Kick,Saudi Arabia,3857300,0 days 00:31:50,0,0,0,1,0,0,0,0,0
1,31,50,From Free Kick,Argentina,3857300,0 days 00:31:50,0,0,0,0,0,0,0,0,1
1,22,27,From Free Kick,Qatar,3857301,0 days 00:22:27,0,0,0,0,0,0,1,0,0
1,22,28,From Free Kick,Senegal,3857301,0 days 00:22:28,1,0,0,0,0,0,0,0,0
1,22,40,From Throw In,Qatar,3857301,0 days 00:22:40,0,0,0,0,0,0,1,0,0
1,22,42,From Throw In,Qatar,3857301,0 days 00:22:42,0,0,0,0,0,0,1,0,0
1,22,47,From Throw In,Qatar,3857301,0 days 00:22:47,0,0,0,0,0,0,1,0,0
1,22,56,From Throw In,Senegal,3857301,0 days 00:22:56,0,0,0,0,0,0,1,0,0
1,23,0,From Throw In,Senegal,3857301,0 days 00:23:00,0,0,0,0,0,0,1,0,0
1,23,4,From Throw In,Senegal,3857301,0 days 00:23:04,0,0,0,0,0,0,1,0,0
1,23,8,From Throw In,Qatar,3857301,0 days 00:23:08,0,0,0,0,1,0,0,0,0
1,23,15,From Free Kick,Senegal,3857301,0 days 00:23:15,0,0,0,0,0,0,1,0,0
1,23,18,From Free Kick,Senegal,3857301,0 days 00:23:18,0,0,0,0,0,0,1,0,0
1,23,22,From Free Kick,Senegal,3857301,0 days 00:23:22,0,0,0,0,0,0,1,0,0
1,23,29,From Free Kick,Senegal,3857301,0 days 00:23:29,0,0,0,0,0,0,1,0,0
1,23,31,From Free Kick,Senegal,3857301,0 days 00:23:31,0,0,0,0,0,0,1,0,0
1,23,37,From Free Kick,Senegal,3857301,0 days 00:23:37,0,0,0,0,0,0,1,0,0
1,23,40,From Free Kick,Senegal,3857301,0 days 00:23:40,0,0,0,0,0,0,1,0,0
1,23,42,From Free Kick,Senegal,3857301,0 days 00:23:42,0,0,0,0,0,0,1,0,0
1,23,43,From Free Kick,Senegal,3857301,0 days 00:23:43,0,0,0,0,0,0,1,0,0
1,23,44,From Free Kick,Senegal,3857301,0 days 00:23:44,0,0,0,0,0,0,0,1,0
1,24,6,From Goal Kick,Qatar,3857301,0 days 00:24:06,0,0,0,0,0,0,1,0,0
1,24,7,From Goal Kick,Qatar,3857301,0 days 00:24:07,0,0,0,0,0,0,1,0,0
1,24,9,From Goal Kick,Qatar,3857301,0 days 00:24:09,0,0,0,0,0,0,1,0,0
1,24,15,From Throw In,Senegal,3857301,0 days 00:24:15,0,0,0,0,0,0,1,0,0
1,24,18,From Throw In,Senegal,3857301,0 days 00:24:18,0,0,0,0,0,0,1,0,0
1,24,23,From Throw In,Senegal,3857301,0 days 00:24:23,0,0,0,0,0,0,1,0,0
1,24,25,From Throw In,Senegal,3857301,0 days 00:24:25,0,0,0,0,0,0,1,0,0
1,24,30,From Throw In,Senegal,3857301,0 days 00:24:30,0,0,0,0,0,0,1,0,0
1,24,31,From Throw In,Senegal,3857301,0 days 00:24:31,0,0,0,0,0,0,1,0,0
1,24,53,From Goal Kick,Qatar,3857301,0 days 00:24:53,0,0,0,0,0,0,1,0,0
1,24,55,From Goal Kick,Qatar,3857301,0 days 00:24:55,0,0,0,0,0,0,1,0,0
1,24,59,From Goal Kick,Qatar,3857301,0 days 00:24:59,0,0,0,0,0,0,1,0,0
1,25,2,From Goal Kick,Qatar,3857301,0 days 00:25:02,0,0,0,0,0,0,1,0,0
1,25,4,From Goal Kick,Qatar,3857301,0 days 00:25:04,0,0,0,0,0,0,1,0,0
1,25,8,From Goal Kick,Qatar,3857301,0 days 00:25:08,0,0,0,0,0,0,1,0,0
1,25,10,From Goal Kick,Qatar,3857301,0 days 00:25:10,0,0,0,0,0,0,1,0,0
1,25,12,From Goal Kick,Qatar,3857301,0 days 00:25:12,0,0,0,0,0,0,1,0,0
1,25,13,From Goal Kick,Qatar,3857301,0 days 00:25:13,0,0,0,0,0,0,1,0,0
1,25,18,From Goal Kick,Qatar,3857301,0 days 00:25:18,0,0,0,0,0,0,1,0,0
1,25,26,From Goal Kick,Qatar,3857301,0 days 00:25:26,0,0,0,0,0,0,0,1,0
1,25,42,From Goal Kick,Senegal,3857301,0 days 00:25:42,0,0,0,0,0,0,1,0,0
1,25,58,From Keeper,Qatar,3857301,0 days 00:25:58,0,0,0,0,0,0,1,0,0
1,26,1,From Keeper,Qatar,3857301,0 days 00:26:01,0,0,0,0,0,0,1,0,0
1,26,7,From Keeper,Qatar,3857301,0 days 00:26:07,0,0,0,0,0,0,1,0,0
1,26,11,From Keeper,Qatar,3857301,0 days 00:26:11,0,0,0,0,0,0,1,0,0
1,26,15,From Keeper,Qatar,3857301,0 days 00:26:15,0,0,0,0,0,0,1,0,0
1,26,17,From Keeper,Qatar,3857301,0 days 00:26:17,0,0,1,0,0,0,0,0,0
1,26,17,Regular Play,Senegal,3857301,0 days 00:26:17,0,0,0,0,0,0,0,0,1
1,26,19,Regular Play,Senegal,3857301,0 days 00:26:19,1,0,0,0,0,0,0,0,0
1,26,21,Regular Play,Senegal,3857301,0 days 00:26:21,0,0,0,0,0,0,1,0,0
1,26,22,Regular Play,Senegal,3857301,0 days 00:26:22,0,0,0,0,0,0,1,0,0
1,26,24,Regular Play,Senegal,3857301,0 days 00:26:24,0,0,0,0,0,0,1,0,0
1,26,27,Regular Play,Senegal,3857301,0 days 00:26:27,0,0,0,0,0,0,1,0,0
1,26,36,Regular Play,Senegal,3857301,0 days 00:26:36,0,0,0,0,0,0,1,0,0
1,26,38,Regular Play,Senegal,3857301,0 days 00:26:38,0,0,0,0,0,0,1,0,0
1,26,42,Regular Play,Senegal,3857301,0 days 00:26:42,0,0,0,0,0,0,1,0,0
1,26,47,Regular Play,Senegal,3857301,0 days 00:26:47,0,0,0,0,0,0,1,0,0
1,26,48,Regular Play,Qatar,3857301,0 days 00:26:48,0,1,0,0,0,0,0,0,0
1,27,16,From Corner,Senegal,3857301,0 days 00:27:16,0,0,0,0,0,0,1,0,0
1,27,17,From Corner,Qatar,3857301,0 days 00:27:17,0,1,0,0,0,0,0,0,0
1,27,19,From Corner,Qatar,3857301,0 days 00:27:19,0,1,0,0,0,0,0,0,0
1,27,25,From Throw In,Senegal,3857301,0 days 00:27:25,0,0,0,0,0,0,1,0,0
1,27,30,From Throw In,Senegal,3857301,0 days 00:27:30,0,0,0,0,0,0,1,0,0
1,27,34,From Throw In,Senegal,3857301,0 days 00:27:34,0,0,0,0,0,0,1,0,0
1,27,35,From Throw In,Senegal,3857301,0 days 00:27:35,0,0,0,0,0,0,1,0,0
1,27,37,From Throw In,Senegal,3857301,0 days 00:27:37,0,0,0,0,0,0,1,0,0
1,27,40,From Throw In,Senegal,3857301,0 days 00:27:40,0,0,0,0,0,0,1,0,0
1,27,42,From Throw In,Senegal,3857301,0 days 00:27:42,0,0,0,0,0,0,1,0,0
1,27,42,From Throw In,Senegal,3857301,0 days 00:27:42,0,0,0,0,0,0,1,0,0
1,27,45,From Throw In,Senegal,3857301,0 days 00:27:45,0,0,0,0,0,0,1,0,0
1,27,50,From Throw In,Senegal,3857301,0 days 00:27:50,0,0,0,0,0,0,1,0,0
1,27,52,From Throw In,Qatar,3857301,0 days 00:27:52,0,1,0,0,0,0,0,0,0
1,27,54,From Throw In,Senegal,3857301,0 days 00:27:54,0,0,0,0,0,0,1,0,0
1,27,56,From Throw In,Qatar,3857301,0 days 00:27:56,0,1,0,0,0,0,0,0,0
1,28,28,From Free Kick,Qatar,3857301,0 days 00:28:28,0,0,0,0,0,0,1,0,0
1,28,30,From Free Kick,Qatar,3857301,0 days 00:28:30,0,0,0,0,0,0,1,0,0
1,28,32,From Free Kick,Qatar,3857301,0 days 00:28:32,0,0,0,0,0,0,1,0,0
1,28,35,From Free Kick,Qatar,3857301,0 days 00:28:35,0,0,0,0,0,0,1,0,0
1,28,37,From Free Kick,Qatar,3857301,0 days 00:28:37,0,0,0,0,0,0,1,0,0
1,28,43,Regular Play,Senegal,3857301,0 days 00:28:43,1,0,0,0,0,0,0,0,0
1,28,46,Regular Play,Senegal,3857301,0 days 00:28:46,0,0,0,0,0,0,1,0,0
1,28,49,Regular Play,Senegal,3857301,0 days 00:28:49,0,0,0,0,0,0,1,0,0
1,28,51,Regular Play,Senegal,3857301,0 days 00:28:51,0,0,0,0,0,0,1,0,0
1,28,52,Regular Play,Senegal,3857301,0 days 00:28:52,0,0,0,0,0,0,1,0,0
1,28,54,Regular Play,Qatar,3857301,0 days 00:28:54,0,0,0,0,0,0,1,0,0
1,28,56,Regular Play,Senegal,3857301,0 days 00:28:56,1,0,0,0,0,0,0,0,0
1,28,57,Regular Play,Qatar,3857301,0 days 00:28:57,0,0,0,0,0,0,1,0,0
1,28,58,Regular Play,Qatar,3857301,0 days 00:28:58,0,0,0,0,0,0,1,0,0
1,29,3,Regular Play,Qatar,3857301,0 days 00:29:03,0,0,0,0,0,0,1,0,0
1,29,6,Regular Play,Qatar,3857301,0 days 00:29:06,0,0,0,0,0,0,1,0,0
1,29,12,From Keeper,Senegal,3857301,0 days 00:29:12,0,0,0,0,0,0,1,0,0
1,29,17,From Keeper,Senegal,3857301,0 days 00:29:17,0,0,0,1,0,0,0,0,0
1,29,18,Regular Play,Qatar,3857301,0 days 00:29:18,0,0,0,0,0,0,1,0,0
1,29,37,Regular Play,Qatar,3857301,0 days 00:29:37,0,0,0,0,0,0,1,0,0
1,29,41,Regular Play,Qatar,3857301,0 days 00:29:41,0,0,0,0,0,0,1,0,0
1,29,42,Regular Play,Senegal,3857301,0 days 00:29:42,0,0,0,0,1,0,0,0,0
1,22,0,From Goal Kick,United States,3869117,0 days 00:22:00,0,0,0,0,0,0,1,0,0
1,22,1,From Goal Kick,United States,3869117,0 days 00:22:01,0,0,0,0,0,0,1,0,0
1,22,4,From Goal Kick,United States,3869117,0 days 00:22:04,0,0,0,0,0,0,1,0,0
1,22,6,From Goal Kick,United States,3869117,0 days 00:22:06,0,0,0,0,0,0,1,0,0
1,22,8,From Goal Kick,United States,3869117,0 days 00:22:08,0,0,0,0,0,0,1,0,0
1,22,10,From Goal Kick,United States,3869117,0 days 00:22:10,0,0,0,0,0,0,1,0,0
1,22,13,From Goal Kick,United States,3869117,0 days 00:22:13,0,0,0,0,0,0,1,0,0
1,22,15,From Goal Kick,United States,3869117,0 days 00:22:15,0,0,0,0,0,0,1,0,0
1,22,17,From Goal Kick,United States,3869117,0 days 00:22:17,0,0,0,0,0,0,1,0,0
1,22,19,From Goal Kick,Netherlands,3869117,0 days 00:22:19,1,0,0,0,0,0,0,0,0
1,22,22,From Goal Kick,Netherlands,3869117,0 days 00:22:22,0,0,0,0,0,0,1,0,0
1,22,32,From Throw In,United States,3869117,0 days 00:22:32,0,0,0,0,0,0,1,0,0
1,22,36,From Throw In,United States,3869117,0 days 00:22:36,0,0,0,0,0,0,1,0,0
1,22,39,From Throw In,Netherlands,3869117,0 days 00:22:39,0,0,0,0,0,0,1,0,0
1,22,43,From Throw In,United States,3869117,0 days 00:22:43,1,0,0,0,0,0,0,0,0
1,22,49,From Throw In,United States,3869117,0 days 00:22:49,0,0,0,0,0,0,1,0,0
1,22,52,From Throw In,United States,3869117,0 days 00:22:52,0,0,0,0,0,0,1,0,0
1,23,2,From Throw In,United States,3869117,0 days 00:23:02,0,0,0,0,0,0,1,0,0
1,23,7,From Throw In,United States,3869117,0 days 00:23:07,0,0,0,0,0,0,1,0,0
1,23,7,Regular Play,Netherlands,3869117,0 days 00:23:07,1,0,0,0,0,0,0,0,0
1,23,9,Regular Play,Netherlands,3869117,0 days 00:23:09,0,0,0,0,0,0,1,0,0
1,23,10,Regular Play,Netherlands,3869117,0 days 00:23:10,0,0,0,0,0,0,1,0,0
1,23,14,Regular Play,Netherlands,3869117,0 days 00:23:14,0,0,0,0,0,0,1,0,0
1,23,15,Regular Play,United States,3869117,0 days 00:23:15,0,0,0,0,0,0,1,0,0
1,23,17,Regular Play,United States,3869117,0 days 00:23:17,0,0,0,0,0,0,1,0,0
1,23,20,Regular Play,United States,3869117,0 days 00:23:20,0,0,0,0,0,0,1,0,0
1,23,23,Regular Play,United States,3869117,0 days 00:23:23,0,0,0,0,0,0,1,0,0
1,23,26,Regular Play,United States,3869117,0 days 00:23:26,0,0,0,0,0,0,1,0,0
1,23,32,Regular Play,United States,3869117,0 days 00:23:32,0,0,0,0,0,0,1,0,0
1,23,36,Regular Play,United States,3869117,0 days 00:23:36,0,0,0,0,0,0,1,0,0
1,23,37,Regular Play,United States,3869117,0 days 00:23:37,0,0,0,0,0,0,1,0,0
1,23,41,Regular Play,United States,3869117,0 days 00:23:41,0,0,0,0,0,0,1,0,0
1,23,45,Regular Play,United States,3869117,0 days 00:23:45,0,0,0,0,0,0,1,0,0
1,23,50,Regular Play,United States,3869117,0 days 00:23:50,0,0,0,0,0,0,1,0,0
1,23,51,Regular Play,Netherlands,3869117,0 days 00:23:51,0,0,0,0,0,0,1,0,0
1,24,0,Regular Play,Netherlands,3869117,0 days 00:24:00,0,0,0,0,0,0,1,0,0
1,24,2,Regular Play,Netherlands,3869117,0 days 00:24:02,0,0,0,0,0,0,1,0,0
1,24,6,Regular Play,Netherlands,3869117,0 days 00:24:06,0,0,0,0,0,0,1,0,0
1,24,8,Regular Play,Netherlands,3869117,0 days 00:24:08,0,0,0,0,0,0,1,0,0
1,24,11,Regular Play,Netherlands,3869117,0 days 00:24:11,0,0,0,0,0,0,1,0,0
1,24,14,Regular Play,Netherlands,3869117,0 days 00:24:14,0,0,0,0,0,0,1,0,0
1,24,17,Regular Play,Netherlands,3869117,0 days 00:24:17,0,0,0,0,0,0,1,0,0
1,24,18,Regular Play,Netherlands,3869117,0 days 00:24:18,0,0,0,0,0,0,1,0,0
1,24,19,Regular Play,Netherlands,3869117,0 days 00:24:19,0,0,0,0,0,0,1,0,0
1,24,36,From Throw In,United States,3869117,0 days 00:24:36,0,0,0,0,0,0,1,0,0
1,24,36,From Throw In,United States,3869117,0 days 00:24:36,0,0,0,0,0,0,1,0,0
1,24,40,From Throw In,United States,3869117,0 days 00:24:40,0,0,0,0,0,0,1,0,0
1,24,43,From Throw In,United States,3869117,0 days 00:24:43,0,0,0,0,0,0,1,0,0
1,24,50,From Throw In,United States,3869117,0 days 00:24:50,0,0,0,0,0,0,1,0,0
1,25,0,From Throw In,United States,3869117,0 days 00:25:00,0,0,0,0,0,0,1,0,0
1,25,5,From Throw In,United States,3869117,0 days 00:25:05,0,0,0,0,0,0,1,0,0
1,25,13,From Throw In,United States,3869117,0 days 00:25:13,0,0,0,0,0,0,1,0,0
1,25,14,From Throw In,United States,3869117,0 days 00:25:14,0,0,1,0,0,0,0,0,0
1,25,14,From Throw In,Netherlands,3869117,0 days 00:25:14,0,0,0,0,0,0,0,0,1
1,25,16,From Throw In,Netherlands,3869117,0 days 00:25:16,0,0,0,0,0,0,1,0,0
1,25,20,From Throw In,Netherlands,3869117,0 days 00:25:20,0,0,0,0,0,0,1,0,0
1,25,25,From Throw In,United States,3869117,0 days 00:25:25,1,0,0,0,0,0,0,0,0
1,25,26,From Throw In,United States,3869117,0 days 00:25:26,0,0,0,0,0,0,1,0,0
1,25,32,From Throw In,United States,3869117,0 days 00:25:32,0,0,0,0,0,0,1,0,0
1,25,37,From Throw In,United States,3869117,0 days 00:25:37,0,0,0,0,0,0,1,0,0
1,25,40,From Throw In,United States,3869117,0 days 00:25:40,0,0,0,0,0,0,1,0,0
1,25,43,From Throw In,United States,3869117,0 days 00:25:43,0,0,0,0,0,0,1,0,0
1,25,48,From Throw In,United States,3869117,0 days 00:25:48,0,0,0,0,0,0,1,0,0
1,25,50,From Throw In,United States,3869117,0 days 00:25:50,0,0,0,0,0,0,1,0,0
1,25,53,From Throw In,United States,3869117,0 days 00:25:53,0,0,0,0,0,0,1,0,0
1,25,55,From Throw In,United States,3869117,0 days 00:25:55,0,0,0,0,0,0,1,0,0
1,25,59,From Throw In,United States,3869117,0 days 00:25:59,0,0,0,0,0,0,1,0,0
1,26,1,From Throw In,United States,3869117,0 days 00:26:01,0,0,0,0,0,0,1,0,0
1,26,9,From Throw In,United States,3869117,0 days 00:26:09,0,0,0,0,0,0,1,0,0
1,26,10,From Throw In,United States,3869117,0 days 00:26:10,0,0,0,0,0,0,1,0,0
1,26,13,From Throw In,United States,3869117,0 days 00:26:13,0,0,0,0,0,0,1,0,0
1,26,16,From Throw In,United States,3869117,0 days 00:26:16,0,0,0,0,0,0,1,0,0
1,26,18,From Throw In,United States,3869117,0 days 00:26:18,0,0,0,0,0,0,1,0,0
1,26,22,From Throw In,United States,3869117,0 days 00:26:22,0,0,0,0,0,0,1,0,0
1,26,24,Regular Play,Netherlands,3869117,0 days 00:26:24,0,0,0,0,0,0,1,0,0
1,26,25,Regular Play,Netherlands,3869117,0 days 00:26:25,0,0,0,0,0,0,1,0,0
1,26,31,Regular Play,Netherlands,3869117,0 days 00:26:31,0,0,0,0,0,0,1,0,0
1,26,33,Regular Play,Netherlands,3869117,0 days 00:26:33,0,0,0,0,0,0,1,0,0
1,26,36,Regular Play,United States,3869117,0 days 00:26:36,1,0,0,0,0,0,0,0,0
1,26,38,Regular Play,United States,3869117,0 days 00:26:38,0,0,0,0,0,0,1,0,0
1,26,41,Regular Play,United States,3869117,0 days 00:26:41,0,0,0,0,0,0,1,0,0
1,26,45,Regular Play,United States,3869117,0 days 00:26:45,0,0,0,0,0,0,1,0,0
1,26,47,Regular Play,United States,3869117,0 days 00:26:47,1,0,0,0,0,0,0,0,0
1,26,48,Regular Play,United States,3869117,0 days 00:26:48,0,0,1,0,0,0,0,0,0
1,26,48,Regular Play,Netherlands,3869117,0 days 00:26:48,0,0,0,0,0,0,0,0,1
1,26,49,Regular Play,Netherlands,3869117,0 days 00:26:49,0,0,0,0,0,0,1,0,0
1,26,50,Regular Play,Netherlands,3869117,0 days 00:26:50,0,0,0,0,0,0,1,0,0
1,26,51,Regular Play,United States,3869117,0 days 00:26:51,1,0,0,0,0,0,0,0,0
1,26,52,Regular Play,United States,3869117,0 days 00:26:52,0,0,0,0,0,0,1,0,0
1,26,54,Regular Play,United States,3869117,0 days 00:26:54,0,0,0,0,0,0,1,0,0
1,26,56,Regular Play,United States,3869117,0 days 00:26:56,0,0,0,0,0,0,1,0,0
1,26,59,Regular Play,United States,3869117,0 days 00:26:59,0,0,0,0,0,0,1,0,0
1,27,1,Regular Play,United States,3869117,0 days 00:27:01,0,0,0,0,0,0,1,0,0
1,27,2,Regular Play,Netherlands,3869117,0 days 00:27:02,0,0,0,0,0,0,1,0,0
1,27,6,Regular Play,Netherlands,3869117,0 days 00:27:06,0,0,0,0,0,0,1,0,0
1,27,8,Regular Play,Netherlands,3869117,0 days 00:27:08,0,0,0,0,0,0,1,0,0
1,27,11,Regular Play,Netherlands,3869117,0 days 00:27:11,0,0,0,0,0,0,1,0,0
1,27,25,Regular Play,Netherlands,3869117,0 days 00:27:25,0,0,0,1,0,0,0,0,0
1,27,25,Regular Play,United States,3869117,0 days 00:27:25,0,0,0,0,0,0,0,0,1
1,27,58,From Corner,Netherlands,3869117,0 days 00:27:58,0,0,0,0,0,0,1,0,0
1,28,0,From Corner,United States,3869117,0 days 00:28:00,0,1,0,0,0,0,0,0,0
1,28,39,From Corner,Netherlands,3869117,0 days 00:28:39,0,0,0,0,0,0,1,0,0
1,28,41,From Corner,United States,3869117,0 days 00:28:41,0,1,0,0,0,0,0,0,0
1,28,43,From Corner,Netherlands,3869117,0 days 00:28:43,1,0,0,0,0,0,0,0,0
1,28,44,From Corner,Netherlands,3869117,0 days 00:28:44,0,0,0,0,0,0,1,0,0
1,29,15,From Goal Kick,United States,3869117,0 days 00:29:15,0,0,0,0,0,0,1,0,0
1,29,20,Regular Play,Netherlands,3869117,0 days 00:29:20,1,0,0,0,0,0,0,0,0
1,29,23,Regular Play,Netherlands,3869117,0 days 00:29:23,0,0,0,0,0,0,1,0,0
1,29,25,Regular Play,Netherlands,3869117,0 days 00:29:25,0,0,0,0,0,0,1,0,0
1,29,28,Regular Play,Netherlands,3869117,0 days 00:29:28,0,0,0,0,0,0,1,0,0
1,29,30,Regular Play,Netherlands,3869117,0 days 00:29:30,0,0,0,0,0,0,1,0,0
1,29,32,Regular Play,Netherlands,3869117,0 days 00:29:32,0,0,0,0,0,0,1,0,0
1,29,33,Regular Play,United States,3869117,0 days 00:29:33,0,0,0,0,0,1,0,0,0
1,29,35,Regular Play,United States,3869117,0 days 00:29:35,0,0,0,0,0,0,1,0,0
1,29,36,Regular Play,United States,3869117,0 days 00:29:36,0,0,0,0,0,0,1,0,0
1,29,39,Regular Play,Netherlands,3869117,0 days 00:29:39,1,0,0,0,0,0,0,0,0
1,29,41,Regular Play,Netherlands,3869117,0 days 00:29:41,0,0,0,0,0,0,1,0,0
1,29,43,Regular Play,United States,3869117,0 days 00:29:43,0,1,0,0,0,0,0,0,0
1,29,48,Regular Play,United States,3869117,0 days 00:29:48,0,0,0,0,0,0,1,0,0
1,29,50,Regular Play,Netherlands,3869117,0 days 00:29:50,1,0,0,0,0,0,0,0,0
1,29,51,Regular Play,Netherlands,3869117,0 days 00:29:51,0,0,0,0,0,0,1,0,0
1,29,52,Regular Play,United States,3869117,0 days 00:29:52,0,0,0,0,0,1,0,0,0
1,29,54,Regular Play,United States,3869117,0 days 00:29:54,0,0,0,0,0,0,1,0,0
1,29,55,Regular Play,Netherlands,3869117,0 days 00:29:55,0,0,0,0,1,0,0,0,0
1,30,18,From Free Kick,United States,3869117,0 days 00:30:18,0,0,0,0,0,0,1,0,0
1,30,20,From Free Kick,United States,3869117,0 days 00:30:20,0,0,0,0,0,0,1,0,0
1,30,23,From Free Kick,United States,3869117,0 days 00:30:23,0,0,0,0,0,0,1,0,0
1,30,25,From Free Kick,United States,3869117,0 days 00:30:25,0,0,0,0,0,0,1,0,0
1,30,29,From Free Kick,United States,3869117,0 days 00:30:29,0,0,0,0,0,0,1,0,0
1,30,36,From Free Kick,United States,3869117,0 days 00:30:36,0,0,0,0,0,0,1,0,0
1,30,39,From Free Kick,United States,3869117,0 days 00:30:39,0,0,0,0,0,0,1,0,0
1,30,42,From Free Kick,United States,3869117,0 days 00:30:42,0,0,0,0,0,0,1,0,0
1,30,58,From Throw In,Netherlands,3869117,0 days 00:30:58,0,0,0,0,0,0,1,0,0
1,30,59,From Throw In,Netherlands,3869117,0 days 00:30:59,0,0,0,0,0,0,1,0,0
1,31,1,From Throw In,Netherlands,3869117,0 days 00:31:01,0,0,1,0,0,0,0,0,0
1,31,1,From Throw In,United States,3869117,0 days 00:31:01,0,0,0,0,0,0,0,0,1
1,31,18,From Throw In,Netherlands,3869117,0 days 00:31:18,0,0,0,0,0,0,1,0,0
1,31,19,From Throw In,Netherlands,3869117,0 days 00:31:19,0,0,0,0,0,0,1,0,0
1,31,34,From Throw In,United States,3869117,0 days 00:31:34,0,0,0,0,0,0,1,0,0
1,31,36,From Throw In,United States,3869117,0 days 00:31:36,0,0,0,0,0,0,1,0,0
1,31,38,From Throw In,Netherlands,3869117,0 days 00:31:38,0,0,0,0,0,0,1,0,0
1,31,46,From Throw In,United States,3869117,0 days 00:31:46,1,0,0,0,0,0,0,0,0
1,31,47,From Throw In,United States,3869117,0 days 00:31:47,0,0,0,0,0,0,1,0,0
1,31,54,From Throw In,United States,3869117,0 days 00:31:54,0,0,0,0,0,0,1,0,0
1,31,59,From Throw In,United States,3869117,0 days 00:31:59,0,0,0,0,0,0,1,0,0
1,22,0,Regular Play,Senegal,3869118,0 days 00:22:00,1,0,0,0,0,0,0,0,0
1,22,0,Regular Play,Senegal,3869118,0 days 00:22:00,0,0,0,0,0,0,0,1,0
1,22,58,From Goal Kick,England,3869118,0 days 00:22:58,0,0,0,0,0,0,1,0,0
1,23,3,From Goal Kick,England,3869118,0 days 00:23:03,0,0,0,0,0,0,1,0,0
1,23,6,From Goal Kick,England,3869118,0 days 00:23:06,0,0,0,0,0,0,1,0,0
1,23,11,From Goal Kick,England,3869118,0 days 00:23:11,0,0,0,0,0,0,1,0,0
1,23,14,From Goal Kick,England,3869118,0 days 00:23:14,0,0,0,0,0,0,1,0,0
1,23,18,From Goal Kick,England,3869118,0 days 00:23:18,0,0,0,0,0,0,1,0,0
1,23,20,Regular Play,Senegal,3869118,0 days 00:23:20,0,0,0,0,0,0,1,0,0
1,23,22,Regular Play,Senegal,3869118,0 days 00:23:22,0,0,0,0,0,0,1,0,0
1,23,23,Regular Play,England,3869118,0 days 00:23:23,0,0,0,0,0,1,0,0,0
1,23,28,Regular Play,Senegal,3869118,0 days 00:23:28,0,0,0,0,0,0,1,0,0
1,23,31,Regular Play,Senegal,3869118,0 days 00:23:31,0,0,0,0,0,0,1,0,0
1,23,33,Regular Play,Senegal,3869118,0 days 00:23:33,0,0,0,0,0,0,1,0,0
1,23,40,From Throw In,England,3869118,0 days 00:23:40,0,0,0,0,0,0,1,0,0
1,23,44,From Throw In,England,3869118,0 days 00:23:44,0,0,0,0,0,0,1,0,0
1,23,47,From Throw In,England,3869118,0 days 00:23:47,0,0,0,0,0,0,1,0,0
1,23,49,From Throw In,England,3869118,0 days 00:23:49,0,0,0,0,0,0,1,0,0
1,23,51,From Throw In,England,3869118,0 days 00:23:51,0,0,0,0,0,0,1,0,0
1,23,53,From Throw In,England,3869118,0 days 00:23:53,0,0,0,0,0,0,1,0,0
1,23,56,From Throw In,England,3869118,0 days 00:23:56,0,0,0,0,0,0,1,0,0
1,24,0,From Throw In,England,3869118,0 days 00:24:00,0,0,0,0,0,0,1,0,0
1,24,7,From Throw In,England,3869118,0 days 00:24:07,0,0,0,0,0,0,1,0,0
1,24,11,From Throw In,England,3869118,0 days 00:24:11,0,0,0,0,0,0,1,0,0
1,24,13,From Throw In,England,3869118,0 days 00:24:13,0,0,0,0,0,0,1,0,0
1,24,20,From Throw In,England,3869118,0 days 00:24:20,0,0,0,0,0,0,1,0,0
1,24,20,From Throw In,Senegal,3869118,0 days 00:24:20,0,0,0,0,0,0,1,0,0
1,24,22,From Throw In,Senegal,3869118,0 days 00:24:22,0,0,0,0,0,0,1,0,0
1,24,23,From Throw In,England,3869118,0 days 00:24:23,0,0,0,0,0,1,0,0,0
1,24,25,From Throw In,England,3869118,0 days 00:24:25,1,0,0,0,0,0,0,0,0
1,24,27,From Throw In,England,3869118,0 days 00:24:27,0,0,0,0,0,0,1,0,0
1,24,31,From Throw In,England,3869118,0 days 00:24:31,0,0,0,0,0,0,1,0,0
1,24,33,From Throw In,England,3869118,0 days 00:24:33,0,0,0,0,0,0,1,0,0
1,24,38,From Throw In,England,3869118,0 days 00:24:38,0,0,0,0,0,0,1,0,0
1,24,50,From Throw In,England,3869118,0 days 00:24:50,0,0,0,0,0,0,1,0,0
1,24,54,From Throw In,England,3869118,0 days 00:24:54,0,0,0,0,0,0,1,0,0
1,24,57,From Throw In,England,3869118,0 days 00:24:57,0,0,0,0,0,0,1,0,0
1,25,1,From Throw In,England,3869118,0 days 00:25:01,0,0,0,0,0,0,1,0,0
1,25,8,From Throw In,England,3869118,0 days 00:25:08,0,0,0,0,0,0,1,0,0
1,25,13,From Throw In,England,3869118,0 days 00:25:13,0,0,0,0,0,0,1,0,0
1,25,16,From Throw In,England,3869118,0 days 00:25:16,0,0,0,0,0,0,1,0,0
1,25,18,From Throw In,England,3869118,0 days 00:25:18,0,0,0,0,0,0,1,0,0
1,25,23,From Throw In,England,3869118,0 days 00:25:23,0,0,0,0,0,0,1,0,0
1,25,29,From Throw In,England,3869118,0 days 00:25:29,0,0,0,0,0,0,1,0,0
1,25,31,From Throw In,England,3869118,0 days 00:25:31,0,0,0,0,0,0,1,0,0
1,25,33,From Throw In,England,3869118,0 days 00:25:33,0,0,0,0,0,0,1,0,0
1,25,37,From Throw In,England,3869118,0 days 00:25:37,0,0,0,0,0,0,1,0,0
1,25,40,From Throw In,England,3869118,0 days 00:25:40,0,0,0,0,0,0,1,0,0
1,25,43,From Throw In,England,3869118,0 days 00:25:43,0,0,0,0,0,0,1,0,0
1,25,47,From Throw In,England,3869118,0 days 00:25:47,0,0,0,0,0,0,1,0,0
1,25,49,From Throw In,England,3869118,0 days 00:25:49,0,0,0,0,0,0,1,0,0
1,25,51,From Throw In,England,3869118,0 days 00:25:51,0,0,0,0,0,0,1,0,0
1,25,53,From Throw In,England,3869118,0 days 00:25:53,0,0,0,0,0,0,1,0,0
1,25,53,From Throw In,England,3869118,0 days 00:25:53,0,0,0,0,0,0,1,0,0
1,25,57,From Throw In,England,3869118,0 days 00:25:57,0,0,0,0,0,0,1,0,0
1,25,58,From Throw In,Senegal,3869118,0 days 00:25:58,0,1,0,0,0,0,0,0,0
1,26,0,From Throw In,Senegal,3869118,0 days 00:26:00,0,1,0,0,0,0,0,0,0
1,26,2,From Throw In,England,3869118,0 days 00:26:02,0,0,0,0,0,0,1,0,0
1,26,10,From Throw In,England,3869118,0 days 00:26:10,0,0,0,0,0,0,1,0,0
1,26,14,From Throw In,England,3869118,0 days 00:26:14,0,0,0,0,0,0,1,0,0
1,26,17,From Throw In,England,3869118,0 days 00:26:17,0,0,0,0,0,0,1,0,0
1,26,18,From Throw In,England,3869118,0 days 00:26:18,0,0,0,0,0,0,1,0,0
1,26,22,From Throw In,England,3869118,0 days 00:26:22,0,0,0,0,0,0,1,0,0
1,26,24,From Throw In,England,3869118,0 days 00:26:24,0,0,0,0,0,0,1,0,0
1,26,29,From Throw In,England,3869118,0 days 00:26:29,0,0,0,0,0,0,1,0,0
1,26,34,From Throw In,England,3869118,0 days 00:26:34,0,0,0,0,0,0,1,0,0
1,26,43,From Throw In,England,3869118,0 days 00:26:43,0,0,0,0,0,0,1,0,0
1,26,50,From Throw In,England,3869118,0 days 00:26:50,0,0,0,0,0,0,1,0,0
1,26,51,From Throw In,Senegal,3869118,0 days 00:26:51,0,0,0,0,0,0,1,0,0
1,26,52,From Throw In,England,3869118,0 days 00:26:52,0,0,0,0,0,0,1,0,0
1,26,56,From Throw In,England,3869118,0 days 00:26:56,0,0,0,0,0,0,1,0,0
1,26,59,From Throw In,Senegal,3869118,0 days 00:26:59,0,1,0,0,0,0,0,0,0
1,27,17,From Throw In,England,3869118,0 days 00:27:17,0,0,0,0,0,0,1,0,0
1,27,18,From Throw In,England,3869118,0 days 00:27:18,0,0,0,0,0,0,1,0,0
1,27,19,From Throw In,England,3869118,0 days 00:27:19,0,0,0,0,0,0,1,0,0
1,27,23,From Throw In,England,3869118,0 days 00:27:23,0,0,0,0,0,0,1,0,0
1,27,26,From Throw In,England,3869118,0 days 00:27:26,0,0,0,0,0,0,1,0,0
1,27,29,From Throw In,England,3869118,0 days 00:27:29,0,0,0,0,0,0,1,0,0
1,27,34,From Throw In,England,3869118,0 days 00:27:34,0,0,0,0,0,0,1,0,0
1,27,37,From Throw In,England,3869118,0 days 00:27:37,0,0,0,0,0,0,1,0,0
1,27,38,From Throw In,England,3869118,0 days 00:27:38,0,0,0,0,0,0,1,0,0
1,27,40,From Throw In,England,3869118,0 days 00:27:40,0,0,0,0,0,0,1,0,0
1,27,44,From Throw In,England,3869118,0 days 00:27:44,0,0,0,0,0,0,1,0,0
1,27,47,From Throw In,England,3869118,0 days 00:27:47,0,0,0,0,0,0,1,0,0
1,27,50,From Throw In,England,3869118,0 days 00:27:50,0,0,0,0,0,0,1,0,0
1,27,51,From Throw In,England,3869118,0 days 00:27:51,0,0,0,0,0,0,1,0,0
1,27,52,From Throw In,England,3869118,0 days 00:27:52,0,0,0,0,0,0,1,0,0
1,27,55,From Throw In,England,3869118,0 days 00:27:55,0,0,0,0,0,0,1,0,0
1,27,59,From Throw In,England,3869118,0 days 00:27:59,0,0,0,0,0,0,1,0,0
1,27,59,From Throw In,England,3869118,0 days 00:27:59,0,0,0,0,0,0,1,0,0
1,28,2,From Throw In,England,3869118,0 days 00:28:02,0,0,0,0,0,0,1,0,0
1,28,4,From Throw In,England,3869118,0 days 00:28:04,0,0,0,0,0,0,1,0,0
1,28,6,From Throw In,England,3869118,0 days 00:28:06,0,0,0,0,0,0,1,0,0
1,28,9,From Throw In,England,3869118,0 days 00:28:09,0,0,0,0,0,0,1,0,0
1,28,12,From Throw In,England,3869118,0 days 00:28:12,0,0,0,0,0,0,1,0,0
1,28,15,From Throw In,England,3869118,0 days 00:28:15,0,0,0,0,0,0,1,0,0
1,29,9,From Throw In,Senegal,3869118,0 days 00:29:09,0,0,0,0,0,0,1,0,0
1,29,12,From Throw In,England,3869118,0 days 00:29:12,0,0,0,0,1,0,0,0,0
1,29,26,From Free Kick,Senegal,3869118,0 days 00:29:26,0,0,0,0,0,0,1,0,0
1,29,32,From Free Kick,Senegal,3869118,0 days 00:29:32,0,0,0,0,0,0,1,0,0
1,29,37,From Free Kick,Senegal,3869118,0 days 00:29:37,0,0,0,0,0,0,1,0,0
1,29,38,From Free Kick,Senegal,3869118,0 days 00:29:38,0,0,0,0,0,0,1,0,0
1,29,39,From Free Kick,Senegal,3869118,0 days 00:29:39,0,0,0,0,0,0,1,0,0
1,29,42,From Free Kick,Senegal,3869118,0 days 00:29:42,0,0,0,0,0,0,1,0,0
1,29,49,From Free Kick,Senegal,3869118,0 days 00:29:49,0,0,0,0,0,0,1,0,0
1,29,50,From Free Kick,Senegal,3869118,0 days 00:29:50,0,0,0,0,0,0,1,0,0
1,29,52,From Free Kick,Senegal,3869118,0 days 00:29:52,0,0,0,0,0,0,1,0,0
1,29,57,From Free Kick,Senegal,3869118,0 days 00:29:57,0,0,0,0,0,0,1,0,0
1,29,59,From Free Kick,Senegal,3869118,0 days 00:29:59,1,0,0,0,0,0,0,0,0
1,30,0,From Free Kick,Senegal,3869118,0 days 00:30:00,0,0,0,0,0,0,1,0,0
1,30,6,From Free Kick,Senegal,3869118,0 days 00:30:06,0,0,0,0,0,0,1,0,0
1,30,7,From Free Kick,Senegal,3869118,0 days 00:30:07,0,0,0,0,0,0,1,0,0
1,30,9,From Free Kick,Senegal,3869118,0 days 00:30:09,0,0,0,0,0,0,1,0,0
1,30,10,From Free Kick,Senegal,3869118,0 days 00:30:10,0,0,0,0,0,0,1,0,0
1,30,14,From Free Kick,Senegal,3869118,0 days 00:30:14,0,0,0,0,0,0,1,0,0
1,30,16,From Free Kick,Senegal,3869118,0 days 00:30:16,0,0,0,0,0,0,1,0,0
1,30,17,From Free Kick,Senegal,3869118,0 days 00:30:17,0,0,0,0,0,0,1,0,0
1,30,18,From Free Kick,Senegal,3869118,0 days 00:30:18,0,0,0,0,0,0,1,0,0
1,30,19,From Free Kick,Senegal,3869118,0 days 00:30:19,0,0,0,0,0,0,1,0,0
1,30,21,From Free Kick,Senegal,3869118,0 days 00:30:21,0,0,0,0,0,0,1,0,0
1,30,28,From Free Kick,Senegal,3869118,0 days 00:30:28,0,0,0,0,0,0,1,0,0
1,30,32,From Free Kick,Senegal,3869118,0 days 00:30:32,0,0,0,0,0,0,1,0,0
1,30,33,From Free Kick,England,3869118,0 days 00:30:33,0,0,0,0,0,0,1,0,0
1,30,35,From Free Kick,Senegal,3869118,0 days 00:30:35,0,0,0,0,0,0,1,0,0
1,30,38,From Free Kick,Senegal,3869118,0 days 00:30:38,0,0,0,0,0,0,1,0,0
1,30,39,From Free Kick,Senegal,3869118,0 days 00:30:39,0,0,0,0,0,0,1,0,0
1,30,39,From Free Kick,England,3869118,0 days 00:30:39,0,0,0,0,0,0,1,0,0
1,30,41,From Free Kick,Senegal,3869118,0 days 00:30:41,0,0,0,0,0,1,0,0,0
1,30,41,From Free Kick,Senegal,3869118,0 days 00:30:41,0,0,0,0,0,0,1,0,0
1,30,44,From Free Kick,Senegal,3869118,0 days 00:30:44,0,0,0,0,0,0,1,0,0
1,30,47,From Free Kick,Senegal,3869118,0 days 00:30:47,0,0,0,0,0,0,1,0,0
1,30,50,From Free Kick,England,3869118,0 days 00:30:50,0,0,0,0,0,0,1,0,0
1,30,53,From Free Kick,England,3869118,0 days 00:30:53,0,0,0,0,0,0,1,0,0
1,30,53,From Free Kick,Senegal,3869118,0 days 00:30:53,1,0,0,0,0,0,0,0,0
1,30,59,From Free Kick,Senegal,3869118,0 days 00:30:59,0,0,0,0,0,0,1,0,0
1,31,1,From Free Kick,Senegal,3869118,0 days 00:31:01,0,0,0,0,0,0,0,1,0
1,31,3,From Counter,England,3869118,0 days 00:31:03,1,0,0,0,0,0,0,0,0
1,31,4,From Counter,England,3869118,0 days 00:31:04,0,0,0,0,0,0,1,0,0
1,31,7,From Counter,Senegal,3869118,0 days 00:31:07,0,0,0,0,1,0,0,0,0
1,31,34,From Free Kick,England,3869118,0 days 00:31:34,0,0,0,0,0,0,1,0,0
1,31,37,From Free Kick,England,3869118,0 days 00:31:37,0,0,0,0,0,0,1,0,0
1,31,40,From Free Kick,England,3869118,0 days 00:31:40,0,0,0,0,0,0,1,0,0
1,31,46,From Free Kick,England,3869118,0 days 00:31:46,0,0,0,0,0,0,1,0,0
1,31,49,From Free Kick,England,3869118,0 days 00:31:49,0,0,0,0,0,0,1,0,0
1,31,53,From Free Kick,England,3869118,0 days 00:31:53,0,0,0,0,0,0,1,0,0
1,22,2,Regular Play,Australia,3869151,0 days 00:22:02,0,0,0,0,0,0,1,0,0
1,22,4,Regular Play,Australia,3869151,0 days 00:22:04,0,0,0,0,0,0,1,0,0
1,22,7,Regular Play,Australia,3869151,0 days 00:22:07,0,0,0,0,0,0,1,0,0
1,22,9,Regular Play,Australia,3869151,0 days 00:22:09,0,0,0,0,0,0,1,0,0
1,22,12,Regular Play,Australia,3869151,0 days 00:22:12,0,0,0,0,0,0,1,0,0
1,22,13,Regular Play,Australia,3869151,0 days 00:22:13,0,0,0,0,0,0,1,0,0
1,22,16,Regular Play,Australia,3869151,0 days 00:22:16,0,0,0,0,0,0,1,0,0
1,22,20,Regular Play,Australia,3869151,0 days 00:22:20,0,0,0,0,0,0,1,0,0
1,22,21,Regular Play,Australia,3869151,0 days 00:22:21,0,0,0,0,0,0,1,0,0
1,22,24,Regular Play,Australia,3869151,0 days 00:22:24,0,0,0,0,0,0,1,0,0
1,22,26,Regular Play,Australia,3869151,0 days 00:22:26,0,0,0,0,0,0,1,0,0
1,22,31,Regular Play,Australia,3869151,0 days 00:22:31,0,0,0,0,0,0,1,0,0
1,22,34,Regular Play,Australia,3869151,0 days 00:22:34,0,0,0,0,0,0,1,0,0
1,22,36,Regular Play,Australia,3869151,0 days 00:22:36,0,0,0,0,0,0,1,0,0
1,22,39,Regular Play,Australia,3869151,0 days 00:22:39,0,0,0,0,0,0,1,0,0
1,22,40,Regular Play,Australia,3869151,0 days 00:22:40,0,0,0,0,0,0,1,0,0
1,22,44,Regular Play,Australia,3869151,0 days 00:22:44,0,0,0,0,0,0,1,0,0
1,22,46,Regular Play,Australia,3869151,0 days 00:22:46,0,0,0,0,0,0,1,0,0
1,22,50,Regular Play,Australia,3869151,0 days 00:22:50,0,0,0,0,0,0,1,0,0
1,22,52,Regular Play,Australia,3869151,0 days 00:22:52,0,0,0,0,0,0,1,0,0
1,22,54,Regular Play,Australia,3869151,0 days 00:22:54,0,0,0,0,0,0,1,0,0
1,23,34,From Corner,Australia,3869151,0 days 00:23:34,0,0,0,0,0,0,1,0,0
1,23,36,From Corner,Argentina,3869151,0 days 00:23:36,0,1,0,0,0,0,0,0,0
1,23,40,From Corner,Australia,3869151,0 days 00:23:40,1,0,0,0,0,0,0,0,0
1,23,43,From Corner,Australia,3869151,0 days 00:23:43,0,0,0,0,0,0,1,0,0
1,23,57,From Goal Kick,Argentina,3869151,0 days 00:23:57,0,0,0,0,0,0,1,0,0
1,24,0,From Goal Kick,Argentina,3869151,0 days 00:24:00,0,0,0,0,0,0,1,0,0
1,24,3,From Goal Kick,Argentina,3869151,0 days 00:24:03,0,0,0,0,0,0,1,0,0
1,24,8,From Goal Kick,Australia,3869151,0 days 00:24:08,0,0,0,0,0,0,1,0,0
1,24,11,From Goal Kick,Argentina,3869151,0 days 00:24:11,1,0,0,0,0,0,0,0,0
1,24,12,From Goal Kick,Argentina,3869151,0 days 00:24:12,0,0,0,0,0,0,1,0,0
1,24,20,From Throw In,Australia,3869151,0 days 00:24:20,0,0,0,0,0,0,1,0,0
1,24,23,From Throw In,Australia,3869151,0 days 00:24:23,0,0,0,0,0,0,1,0,0
1,24,27,From Throw In,Australia,3869151,0 days 00:24:27,0,0,0,0,0,0,1,0,0
1,24,29,From Throw In,Australia,3869151,0 days 00:24:29,0,0,0,0,0,0,1,0,0
1,24,32,From Throw In,Australia,3869151,0 days 00:24:32,0,0,0,0,0,0,1,0,0
1,24,34,From Throw In,Australia,3869151,0 days 00:24:34,0,0,0,0,0,0,1,0,0
1,24,37,From Throw In,Australia,3869151,0 days 00:24:37,0,0,0,0,0,0,1,0,0
1,24,41,From Throw In,Australia,3869151,0 days 00:24:41,0,0,0,0,0,0,1,0,0
1,24,47,From Throw In,Australia,3869151,0 days 00:24:47,0,0,0,0,0,0,1,0,0
1,24,49,From Throw In,Australia,3869151,0 days 00:24:49,0,0,0,0,0,0,1,0,0
1,24,53,From Throw In,Australia,3869151,0 days 00:24:53,0,0,0,0,0,0,1,0,0
1,24,56,From Throw In,Australia,3869151,0 days 00:24:56,0,0,0,0,0,0,1,0,0
1,25,0,From Throw In,Australia,3869151,0 days 00:25:00,0,0,0,0,0,0,1,0,0
1,25,1,From Throw In,Australia,3869151,0 days 00:25:01,0,0,0,0,0,0,1,0,0
1,25,5,From Throw In,Australia,3869151,0 days 00:25:05,0,0,0,0,0,0,1,0,0
1,25,7,From Throw In,Australia,3869151,0 days 00:25:07,0,0,0,0,0,0,1,0,0
1,25,13,From Throw In,Australia,3869151,0 days 00:25:13,0,0,0,0,0,0,1,0,0
1,25,16,From Throw In,Australia,3869151,0 days 00:25:16,0,0,0,0,0,0,1,0,0
1,25,22,From Throw In,Australia,3869151,0 days 00:25:22,0,0,0,0,0,0,1,0,0
1,25,23,From Throw In,Australia,3869151,0 days 00:25:23,0,0,0,0,0,0,1,0,0
1,25,26,From Throw In,Australia,3869151,0 days 00:25:26,0,0,0,0,0,0,1,0,0
1,25,29,From Throw In,Australia,3869151,0 days 00:25:29,0,0,0,0,0,0,1,0,0
1,25,32,From Throw In,Australia,3869151,0 days 00:25:32,0,0,0,0,0,0,1,0,0
1,25,35,From Throw In,Australia,3869151,0 days 00:25:35,0,0,0,0,0,0,1,0,0
1,25,38,From Throw In,Australia,3869151,0 days 00:25:38,0,0,0,0,0,0,1,0,0
1,25,40,From Throw In,Australia,3869151,0 days 00:25:40,0,0,0,0,0,0,1,0,0
1,25,43,From Throw In,Australia,3869151,0 days 00:25:43,0,0,0,0,0,0,1,0,0
1,25,53,From Throw In,Australia,3869151,0 days 00:25:53,0,0,0,0,0,0,1,0,0
1,25,57,From Throw In,Australia,3869151,0 days 00:25:57,0,0,0,0,0,0,1,0,0
1,26,0,From Throw In,Australia,3869151,0 days 00:26:00,0,0,0,0,0,0,1,0,0
1,26,5,From Throw In,Australia,3869151,0 days 00:26:05,0,0,0,0,0,0,1,0,0
1,26,7,From Throw In,Australia,3869151,0 days 00:26:07,0,0,0,0,0,0,1,0,0
1,26,10,From Throw In,Australia,3869151,0 days 00:26:10,0,0,0,0,0,0,1,0,0
1,26,15,From Throw In,Australia,3869151,0 days 00:26:15,0,0,0,0,0,0,1,0,0
1,26,19,From Throw In,Australia,3869151,0 days 00:26:19,0,0,0,0,0,0,1,0,0
1,26,22,From Throw In,Australia,3869151,0 days 00:26:22,0,0,0,0,0,0,1,0,0
1,26,24,From Throw In,Australia,3869151,0 days 00:26:24,0,0,0,0,0,0,1,0,0
1,26,28,From Throw In,Argentina,3869151,0 days 00:26:28,0,1,0,0,0,0,0,0,0
1,26,34,From Throw In,Australia,3869151,0 days 00:26:34,0,0,0,0,0,0,1,0,0
1,26,37,From Throw In,Australia,3869151,0 days 00:26:37,0,0,0,0,0,0,1,0,0
1,26,39,From Throw In,Australia,3869151,0 days 00:26:39,0,0,0,0,0,0,1,0,0
1,26,40,From Throw In,Australia,3869151,0 days 00:26:40,0,0,0,0,0,0,1,0,0
1,26,44,From Throw In,Australia,3869151,0 days 00:26:44,0,0,0,0,0,0,1,0,0
1,26,48,From Throw In,Australia,3869151,0 days 00:26:48,0,0,0,0,0,0,1,0,0
1,26,49,From Throw In,Argentina,3869151,0 days 00:26:49,0,0,0,0,0,1,0,0,0
1,26,51,Regular Play,Argentina,3869151,0 days 00:26:51,0,0,0,0,0,0,1,0,0
1,26,51,Regular Play,Argentina,3869151,0 days 00:26:51,0,0,0,0,0,0,1,0,0
1,26,54,Regular Play,Argentina,3869151,0 days 00:26:54,0,0,0,0,0,0,1,0,0
1,27,14,From Throw In,Argentina,3869151,0 days 00:27:14,0,0,0,0,0,0,1,0,0
1,27,16,From Throw In,Argentina,3869151,0 days 00:27:16,0,0,0,0,0,0,1,0,0
1,27,17,From Throw In,Argentina,3869151,0 days 00:27:17,0,0,0,0,0,0,1,0,0
1,27,18,From Throw In,Argentina,3869151,0 days 00:27:18,0,0,0,0,0,0,1,0,0
1,27,39,From Throw In,Australia,3869151,0 days 00:27:39,0,0,0,0,0,0,1,0,0
1,27,43,From Throw In,Australia,3869151,0 days 00:27:43,0,0,0,0,0,0,1,0,0
1,28,7,From Corner,Australia,3869151,0 days 00:28:07,0,0,0,0,0,0,1,0,0
1,28,9,From Corner,Australia,3869151,0 days 00:28:09,0,0,0,0,0,0,0,1,0
1,28,10,From Corner,Argentina,3869151,0 days 00:28:10,0,1,0,0,0,0,0,0,0
1,28,11,From Corner,Argentina,3869151,0 days 00:28:11,0,1,0,0,0,0,0,0,0
1,28,13,From Corner,Australia,3869151,0 days 00:28:13,0,0,0,0,0,0,1,0,0
1,28,17,From Corner,Australia,3869151,0 days 00:28:17,0,0,0,0,0,0,1,0,0
1,28,20,From Corner,Australia,3869151,0 days 00:28:20,0,0,0,0,0,0,1,0,0
1,28,26,From Corner,Australia,3869151,0 days 00:28:26,0,0,1,0,0,0,0,0,0
1,28,26,Regular Play,Argentina,3869151,0 days 00:28:26,0,0,0,0,0,0,0,0,1
1,28,29,Regular Play,Australia,3869151,0 days 00:28:29,0,0,0,0,1,0,0,0,0
1,28,46,From Free Kick,Argentina,3869151,0 days 00:28:46,0,0,0,0,0,0,1,0,0
1,28,49,From Free Kick,Argentina,3869151,0 days 00:28:49,0,0,0,0,0,0,1,0,0
1,28,50,From Free Kick,Argentina,3869151,0 days 00:28:50,0,0,0,0,0,0,1,0,0
1,28,52,From Free Kick,Argentina,3869151,0 days 00:28:52,0,0,0,0,0,0,1,0,0
1,28,57,From Free Kick,Argentina,3869151,0 days 00:28:57,0,0,0,0,0,0,1,0,0
1,29,2,From Free Kick,Argentina,3869151,0 days 00:29:02,0,0,0,0,0,0,1,0,0
1,29,4,From Free Kick,Argentina,3869151,0 days 00:29:04,0,0,0,0,0,0,1,0,0
1,29,5,Regular Play,Australia,3869151,0 days 00:29:05,1,0,0,0,0,0,0,0,0
1,29,6,Regular Play,Australia,3869151,0 days 00:29:06,0,0,0,0,0,0,1,0,0
1,29,8,Regular Play,Australia,3869151,0 days 00:29:08,0,0,0,1,0,0,0,0,0
1,29,10,Regular Play,Australia,3869151,0 days 00:29:10,0,0,0,0,0,0,1,0,0
1,29,16,Regular Play,Australia,3869151,0 days 00:29:16,0,0,0,0,0,0,1,0,0
1,29,19,Regular Play,Australia,3869151,0 days 00:29:19,0,0,0,0,0,0,1,0,0
1,29,19,Regular Play,Argentina,3869151,0 days 00:29:19,0,0,0,0,0,1,0,0,0
1,29,22,Regular Play,Australia,3869151,0 days 00:29:22,0,0,0,0,0,0,1,0,0
1,29,23,Regular Play,Australia,3869151,0 days 00:29:23,0,0,0,0,0,0,1,0,0
1,29,25,Regular Play,Argentina,3869151,0 days 00:29:25,0,0,0,0,0,0,1,0,0
1,29,27,Regular Play,Argentina,3869151,0 days 00:29:27,0,0,0,0,0,0,1,0,0
1,29,31,Regular Play,Argentina,3869151,0 days 00:29:31,0,0,0,0,0,0,1,0,0
1,29,32,Regular Play,Australia,3869151,0 days 00:29:32,0,0,0,0,0,1,0,0,0
1,29,33,Regular Play,Australia,3869151,0 days 00:29:33,1,0,0,0,0,0,0,0,0
1,29,33,Regular Play,Australia,3869151,0 days 00:29:33,0,0,0,0,0,0,1,0,0
1,29,35,Regular Play,Australia,3869151,0 days 00:29:35,0,0,0,1,0,0,0,0,0
1,29,37,Regular Play,Argentina,3869151,0 days 00:29:37,0,0,0,0,0,0,1,0,0
1,29,42,Regular Play,Argentina,3869151,0 days 00:29:42,0,0,0,0,0,0,1,0,0
1,29,46,Regular Play,Argentina,3869151,0 days 00:29:46,0,0,0,0,0,0,1,0,0
1,29,49,Regular Play,Argentina,3869151,0 days 00:29:49,0,0,0,0,0,0,1,0,0
1,29,55,Regular Play,Argentina,3869151,0 days 00:29:55,0,0,0,0,0,0,1,0,0
1,30,0,Regular Play,Argentina,3869151,0 days 00:30:00,0,0,0,1,0,0,0,0,0
1,30,2,Regular Play,Argentina,3869151,0 days 00:30:02,0,0,0,0,0,0,1,0,0
1,30,4,Regular Play,Argentina,3869151,0 days 00:30:04,0,0,0,0,0,0,1,0,0
1,30,6,Regular Play,Australia,3869151,0 days 00:30:06,0,1,0,0,0,0,0,0,0
1,30,12,From Throw In,Argentina,3869151,0 days 00:30:12,0,0,0,0,0,0,1,0,0
1,30,16,From Throw In,Argentina,3869151,0 days 00:30:16,0,0,0,0,0,0,1,0,0
1,30,19,From Throw In,Argentina,3869151,0 days 00:30:19,0,0,0,0,0,0,1,0,0
1,30,23,From Throw In,Argentina,3869151,0 days 00:30:23,0,0,0,0,0,0,1,0,0
1,30,25,From Throw In,Argentina,3869151,0 days 00:30:25,0,0,0,0,0,0,1,0,0
1,30,27,From Throw In,Argentina,3869151,0 days 00:30:27,0,0,0,0,0,0,1,0,0
1,30,30,From Throw In,Argentina,3869151,0 days 00:30:30,0,0,0,0,0,0,1,0,0
1,30,32,From Throw In,Argentina,3869151,0 days 00:30:32,0,0,0,0,0,0,1,0,0
1,30,34,Regular Play,Australia,3869151,0 days 00:30:34,0,0,0,0,0,0,1,0,0
1,30,37,Regular Play,Australia,3869151,0 days 00:30:37,0,0,0,0,0,0,1,0,0
1,30,39,Regular Play,Argentina,3869151,0 days 00:30:39,0,1,0,0,0,0,0,0,0
1,30,40,Regular Play,Australia,3869151,0 days 00:30:40,0,0,0,0,0,0,1,0,0
1,30,41,Regular Play,Australia,3869151,0 days 00:30:41,0,0,0,0,0,0,1,0,0
1,30,45,Regular Play,Australia,3869151,0 days 00:30:45,0,0,0,1,0,0,0,0,0
1,30,45,Regular Play,Argentina,3869151,0 days 00:30:45,0,0,0,0,1,0,0,0,0
1,31,37,From Free Kick,Australia,3869151,0 days 00:31:37,0,0,0,0,0,0,1,0,0
1,22,0,Regular Play,Poland,3869152,0 days 00:22:00,0,0,0,0,0,0,1,0,0
1,22,3,Regular Play,Poland,3869152,0 days 00:22:03,0,0,0,0,0,0,1,0,0
1,22,6,Regular Play,Poland,3869152,0 days 00:22:06,0,0,0,0,0,0,1,0,0
1,22,12,Regular Play,Poland,3869152,0 days 00:22:12,0,0,0,0,0,0,1,0,0
1,22,15,Regular Play,France,3869152,0 days 00:22:15,1,0,0,0,0,0,0,0,0
1,22,16,Regular Play,France,3869152,0 days 00:22:16,0,0,0,0,0,0,1,0,0
1,22,19,Regular Play,Poland,3869152,0 days 00:22:19,0,0,0,0,0,1,0,0,0
1,22,21,Regular Play,Poland,3869152,0 days 00:22:21,0,0,0,0,0,0,1,0,0
1,22,25,Regular Play,Poland,3869152,0 days 00:22:25,0,0,0,0,0,0,1,0,0
1,22,28,Regular Play,Poland,3869152,0 days 00:22:28,0,0,0,0,0,0,1,0,0
1,22,30,Regular Play,Poland,3869152,0 days 00:22:30,0,0,0,0,0,0,1,0,0
1,22,33,Regular Play,Poland,3869152,0 days 00:22:33,0,0,0,0,0,0,1,0,0
1,22,36,Regular Play,Poland,3869152,0 days 00:22:36,0,0,0,0,0,0,1,0,0
1,22,42,Regular Play,Poland,3869152,0 days 00:22:42,0,0,0,0,0,0,1,0,0
1,22,44,Regular Play,Poland,3869152,0 days 00:22:44,0,0,0,0,0,0,1,0,0
1,22,48,Regular Play,Poland,3869152,0 days 00:22:48,0,0,0,0,0,0,1,0,0
1,22,51,Regular Play,Poland,3869152,0 days 00:22:51,0,0,0,0,0,0,1,0,0
1,22,52,Regular Play,Poland,3869152,0 days 00:22:52,0,0,0,0,0,0,1,0,0
1,22,58,Regular Play,Poland,3869152,0 days 00:22:58,0,0,0,0,0,0,1,0,0
1,23,2,Regular Play,Poland,3869152,0 days 00:23:02,0,0,0,0,0,0,1,0,0
1,23,4,Regular Play,Poland,3869152,0 days 00:23:04,0,0,0,0,0,0,1,0,0
1,23,8,Regular Play,Poland,3869152,0 days 00:23:08,0,0,0,0,0,0,1,0,0
1,23,13,Regular Play,Poland,3869152,0 days 00:23:13,0,0,0,0,0,0,1,0,0
1,23,16,Regular Play,Poland,3869152,0 days 00:23:16,0,0,0,0,0,0,1,0,0
1,23,19,Regular Play,France,3869152,0 days 00:23:19,0,1,0,0,0,0,0,0,0
1,23,21,Regular Play,France,3869152,0 days 00:23:21,0,0,0,0,0,0,1,0,0
1,23,24,Regular Play,Poland,3869152,0 days 00:23:24,0,0,0,0,0,0,1,0,0
1,23,27,Regular Play,Poland,3869152,0 days 00:23:27,0,0,0,0,0,0,1,0,0
1,23,28,Regular Play,Poland,3869152,0 days 00:23:28,0,0,0,1,0,0,0,0,0
1,23,30,Regular Play,Poland,3869152,0 days 00:23:30,0,0,0,0,0,0,1,0,0
1,23,34,Regular Play,Poland,3869152,0 days 00:23:34,0,0,0,0,0,0,1,0,0
1,23,36,Regular Play,Poland,3869152,0 days 00:23:36,0,0,0,0,0,0,1,0,0
1,23,37,Regular Play,Poland,3869152,0 days 00:23:37,0,0,0,0,0,0,1,0,0
1,23,43,Regular Play,Poland,3869152,0 days 00:23:43,0,0,0,0,0,0,1,0,0
1,23,46,Regular Play,Poland,3869152,0 days 00:23:46,0,0,0,0,0,0,1,0,0
1,23,51,Regular Play,Poland,3869152,0 days 00:23:51,0,0,0,0,0,0,1,0,0
1,23,52,Regular Play,Poland,3869152,0 days 00:23:52,0,0,0,0,0,0,1,0,0
1,23,55,Regular Play,Poland,3869152,0 days 00:23:55,0,0,0,0,0,0,1,0,0
1,23,58,Regular Play,Poland,3869152,0 days 00:23:58,0,0,0,0,0,0,1,0,0
1,24,0,Regular Play,Poland,3869152,0 days 00:24:00,0,0,0,0,0,0,1,0,0
1,24,3,Regular Play,Poland,3869152,0 days 00:24:03,0,0,0,0,0,0,1,0,0
1,24,4,Regular Play,Poland,3869152,0 days 00:24:04,0,0,0,0,0,0,0,1,0
1,24,6,Regular Play,France,3869152,0 days 00:24:06,1,0,0,0,0,0,0,0,0
1,24,7,Regular Play,France,3869152,0 days 00:24:07,0,0,1,0,0,0,0,0,0
1,24,7,Regular Play,Poland,3869152,0 days 00:24:07,0,0,0,0,0,0,0,0,1
1,24,10,Regular Play,Poland,3869152,0 days 00:24:10,1,0,0,0,0,0,0,0,0
1,24,12,Regular Play,Poland,3869152,0 days 00:24:12,0,0,0,0,0,0,1,0,0
1,24,16,Regular Play,Poland,3869152,0 days 00:24:16,0,0,0,0,0,0,1,0,0
1,24,19,Regular Play,Poland,3869152,0 days 00:24:19,0,0,0,1,0,0,0,0,0
1,24,20,Regular Play,Poland,3869152,0 days 00:24:20,0,0,0,0,0,0,1,0,0
1,24,24,Regular Play,Poland,3869152,0 days 00:24:24,0,0,0,0,0,0,1,0,0
1,24,29,Regular Play,Poland,3869152,0 days 00:24:29,0,0,0,0,0,0,1,0,0
1,24,38,Regular Play,Poland,3869152,0 days 00:24:38,0,0,0,0,0,0,1,0,0
1,24,42,Regular Play,France,3869152,0 days 00:24:42,0,0,0,0,1,0,0,0,0
1,25,34,From Free Kick,Poland,3869152,0 days 00:25:34,0,0,0,0,0,0,1,0,0
1,25,43,From Free Kick,Poland,3869152,0 days 00:25:43,0,0,0,0,0,0,1,0,0
1,25,45,From Free Kick,Poland,3869152,0 days 00:25:45,0,0,0,0,0,0,1,0,0
1,25,47,From Free Kick,Poland,3869152,0 days 00:25:47,0,0,0,0,0,0,1,0,0
1,25,49,From Free Kick,Poland,3869152,0 days 00:25:49,0,0,0,0,0,0,1,0,0
1,25,50,From Free Kick,Poland,3869152,0 days 00:25:50,0,0,0,0,0,0,1,0,0
1,25,51,From Free Kick,France,3869152,0 days 00:25:51,0,0,0,0,0,1,0,0,0
1,25,51,From Counter,France,3869152,0 days 00:25:51,0,0,0,0,0,0,1,0,0
1,25,53,From Counter,France,3869152,0 days 00:25:53,0,0,0,0,0,0,1,0,0
1,25,56,From Counter,France,3869152,0 days 00:25:56,0,0,0,1,0,0,0,0,0
1,25,59,Regular Play,Poland,3869152,0 days 00:25:59,0,0,0,0,0,0,1,0,0
1,26,9,Regular Play,Poland,3869152,0 days 00:26:09,0,0,0,0,0,0,1,0,0
1,26,12,Regular Play,Poland,3869152,0 days 00:26:12,0,0,0,0,0,0,1,0,0
1,26,16,Regular Play,Poland,3869152,0 days 00:26:16,0,0,0,0,0,0,1,0,0
1,26,17,Regular Play,Poland,3869152,0 days 00:26:17,0,0,0,0,0,0,1,0,0
1,26,19,Regular Play,Poland,3869152,0 days 00:26:19,0,0,0,0,0,0,1,0,0
1,26,22,Regular Play,Poland,3869152,0 days 00:26:22,0,0,0,0,0,0,1,0,0
1,26,24,Regular Play,Poland,3869152,0 days 00:26:24,0,0,0,0,0,0,1,0,0
1,26,28,Regular Play,Poland,3869152,0 days 00:26:28,0,0,0,0,0,0,1,0,0
1,26,31,Regular Play,Poland,3869152,0 days 00:26:31,0,0,0,0,0,0,1,0,0
1,26,35,Regular Play,Poland,3869152,0 days 00:26:35,0,0,0,0,0,0,1,0,0
1,26,38,Regular Play,Poland,3869152,0 days 00:26:38,0,0,0,0,0,0,1,0,0
1,26,41,Regular Play,Poland,3869152,0 days 00:26:41,0,0,0,0,0,0,1,0,0
1,26,45,Regular Play,Poland,3869152,0 days 00:26:45,0,0,0,0,0,0,1,0,0
1,26,50,Regular Play,Poland,3869152,0 days 00:26:50,0,0,0,0,0,0,1,0,0
1,26,51,Regular Play,Poland,3869152,0 days 00:26:51,0,0,0,0,0,0,1,0,0
1,26,53,Regular Play,Poland,3869152,0 days 00:26:53,0,0,0,0,0,0,1,0,0
1,26,58,Regular Play,Poland,3869152,0 days 00:26:58,0,0,0,0,0,0,1,0,0
1,27,0,Regular Play,Poland,3869152,0 days 00:27:00,0,0,0,0,0,0,1,0,0
1,27,3,Regular Play,Poland,3869152,0 days 00:27:03,0,0,0,0,0,0,1,0,0
1,27,5,Regular Play,Poland,3869152,0 days 00:27:05,0,0,0,0,0,0,1,0,0
1,27,9,Regular Play,Poland,3869152,0 days 00:27:09,0,0,0,0,0,0,1,0,0
1,27,11,Regular Play,Poland,3869152,0 days 00:27:11,0,0,0,0,0,0,1,0,0
1,27,14,Regular Play,Poland,3869152,0 days 00:27:14,0,0,0,0,0,0,1,0,0
1,27,18,Regular Play,France,3869152,0 days 00:27:18,1,0,0,0,0,0,0,0,0
1,27,19,Regular Play,France,3869152,0 days 00:27:19,0,0,0,0,0,0,1,0,0
1,27,25,Regular Play,France,3869152,0 days 00:27:25,0,0,0,0,0,0,1,0,0
1,27,27,Regular Play,France,3869152,0 days 00:27:27,0,0,0,0,0,0,1,0,0
1,27,30,Regular Play,France,3869152,0 days 00:27:30,0,0,0,0,0,0,1,0,0
1,27,35,Regular Play,France,3869152,0 days 00:27:35,0,0,0,0,0,0,1,0,0
1,27,36,Regular Play,France,3869152,0 days 00:27:36,0,0,0,0,0,0,1,0,0
1,27,39,Regular Play,France,3869152,0 days 00:27:39,0,0,0,0,0,0,1,0,0
1,27,44,Regular Play,France,3869152,0 days 00:27:44,0,0,0,0,0,0,1,0,0
1,27,46,Regular Play,France,3869152,0 days 00:27:46,0,0,0,0,0,0,1,0,0
1,27,47,Regular Play,Poland,3869152,0 days 00:27:47,0,0,0,0,0,0,1,0,0
1,27,49,Regular Play,Poland,3869152,0 days 00:27:49,0,0,0,0,0,0,1,0,0
1,27,51,Regular Play,Poland,3869152,0 days 00:27:51,0,0,0,0,0,0,1,0,0
1,27,53,Regular Play,Poland,3869152,0 days 00:27:53,0,0,0,0,0,0,1,0,0
1,27,54,Regular Play,Poland,3869152,0 days 00:27:54,0,0,0,0,0,0,1,0,0
1,28,2,Regular Play,Poland,3869152,0 days 00:28:02,0,0,0,0,0,0,1,0,0
1,28,4,Regular Play,Poland,3869152,0 days 00:28:04,0,0,0,0,0,0,1,0,0
1,28,6,Regular Play,France,3869152,0 days 00:28:06,1,0,0,0,0,0,0,0,0
1,28,9,Regular Play,France,3869152,0 days 00:28:09,0,0,0,0,0,0,1,0,0
1,28,46,From Free Kick,Poland,3869152,0 days 00:28:46,0,0,0,0,0,0,1,0,0
1,28,51,From Free Kick,Poland,3869152,0 days 00:28:51,0,0,0,0,0,0,1,0,0
1,28,53,From Free Kick,Poland,3869152,0 days 00:28:53,0,0,0,0,0,0,1,0,0
1,28,58,From Free Kick,Poland,3869152,0 days 00:28:58,0,0,0,0,0,0,1,0,0
1,29,3,From Free Kick,Poland,3869152,0 days 00:29:03,0,0,0,0,0,0,1,0,0
1,29,6,From Free Kick,Poland,3869152,0 days 00:29:06,0,0,0,0,0,0,1,0,0
1,29,28,From Goal Kick,France,3869152,0 days 00:29:28,0,0,0,0,0,0,1,0,0
1,29,32,From Goal Kick,France,3869152,0 days 00:29:32,0,0,0,0,0,0,1,0,0
1,29,39,From Goal Kick,France,3869152,0 days 00:29:39,0,0,0,0,0,0,1,0,0
1,29,48,From Goal Kick,France,3869152,0 days 00:29:48,0,0,0,0,0,0,1,0,0
1,29,54,From Goal Kick,France,3869152,0 days 00:29:54,0,0,0,0,0,0,1,0,0
1,29,57,From Goal Kick,France,3869152,0 days 00:29:57,0,0,0,0,0,0,1,0,0
1,29,59,From Goal Kick,France,3869152,0 days 00:29:59,0,0,0,0,0,0,1,0,0
1,30,1,From Goal Kick,France,3869152,0 days 00:30:01,0,0,0,0,0,0,1,0,0
1,30,7,From Goal Kick,France,3869152,0 days 00:30:07,0,0,0,0,0,0,1,0,0
1,30,10,From Goal Kick,France,3869152,0 days 00:30:10,0,0,0,0,0,0,1,0,0
1,30,12,From Goal Kick,France,3869152,0 days 00:30:12,0,0,0,0,0,0,1,0,0
1,30,13,Regular Play,Poland,3869152,0 days 00:30:13,0,0,0,0,0,1,0,0,0
1,30,15,Regular Play,Poland,3869152,0 days 00:30:15,0,0,0,0,0,0,1,0,0
1,30,16,Regular Play,Poland,3869152,0 days 00:30:16,0,0,0,0,0,0,1,0,0
1,30,19,Regular Play,Poland,3869152,0 days 00:30:19,0,0,0,0,0,0,1,0,0
1,30,22,Regular Play,Poland,3869152,0 days 00:30:22,0,0,0,0,0,0,1,0,0
1,30,25,Regular Play,Poland,3869152,0 days 00:30:25,0,0,0,0,0,0,1,0,0
1,30,41,From Throw In,Poland,3869152,0 days 00:30:41,0,0,0,0,0,0,1,0,0
1,30,43,From Throw In,Poland,3869152,0 days 00:30:43,0,0,0,0,0,0,1,0,0
1,30,45,From Throw In,Poland,3869152,0 days 00:30:45,1,0,0,0,0,0,0,0,0
1,30,45,From Throw In,Poland,3869152,0 days 00:30:45,0,0,0,1,0,0,0,0,0
1,30,47,From Throw In,Poland,3869152,0 days 00:30:47,0,0,0,0,0,0,1,0,0
1,30,49,From Throw In,Poland,3869152,0 days 00:30:49,0,0,0,0,0,0,1,0,0
1,30,55,From Throw In,France,3869152,0 days 00:30:55,0,0,0,0,1,0,0,0,0
1,22,0,Regular Play,Japan,3869219,0 days 00:22:00,0,0,0,0,0,0,1,0,0
1,22,2,Regular Play,Japan,3869219,0 days 00:22:02,0,0,0,0,1,0,0,0,0
1,23,44,From Free Kick,Croatia,3869219,0 days 00:23:44,0,0,0,0,0,0,1,0,0
1,23,46,From Free Kick,Japan,3869219,0 days 00:23:46,0,1,0,0,0,0,0,0,0
1,23,47,From Free Kick,Croatia,3869219,0 days 00:23:47,1,0,0,0,0,0,0,0,0
1,23,47,From Free Kick,Croatia,3869219,0 days 00:23:47,0,0,0,0,0,0,0,1,0
1,24,0,From Goal Kick,Japan,3869219,0 days 00:24:00,0,0,0,0,0,0,1,0,0
1,24,3,From Goal Kick,Japan,3869219,0 days 00:24:03,0,0,0,0,0,0,1,0,0
1,24,4,From Goal Kick,Japan,3869219,0 days 00:24:04,0,0,0,0,0,0,1,0,0
1,24,8,From Goal Kick,Japan,3869219,0 days 00:24:08,0,0,0,1,0,0,0,0,0
1,24,10,From Goal Kick,Japan,3869219,0 days 00:24:10,0,0,0,0,0,0,1,0,0
1,24,12,From Goal Kick,Japan,3869219,0 days 00:24:12,0,0,0,0,0,0,1,0,0
1,24,14,From Goal Kick,Japan,3869219,0 days 00:24:14,0,0,0,0,0,0,1,0,0
1,24,16,From Goal Kick,Japan,3869219,0 days 00:24:16,0,0,0,0,0,0,1,0,0
1,24,18,From Goal Kick,Japan,3869219,0 days 00:24:18,0,0,0,0,0,0,1,0,0
1,24,20,From Goal Kick,Japan,3869219,0 days 00:24:20,0,0,0,0,0,0,1,0,0
1,24,24,Regular Play,Croatia,3869219,0 days 00:24:24,1,0,0,0,0,0,0,0,0
1,24,26,Regular Play,Croatia,3869219,0 days 00:24:26,0,0,0,0,0,0,1,0,0
1,24,29,Regular Play,Croatia,3869219,0 days 00:24:29,0,0,0,0,0,0,1,0,0
1,24,32,Regular Play,Croatia,3869219,0 days 00:24:32,0,0,0,0,0,0,1,0,0
1,24,36,Regular Play,Croatia,3869219,0 days 00:24:36,0,0,0,0,0,0,1,0,0
1,24,49,Regular Play,Croatia,3869219,0 days 00:24:49,0,0,0,0,0,0,1,0,0
1,24,53,Regular Play,Croatia,3869219,0 days 00:24:53,0,0,0,0,0,0,1,0,0
1,25,1,Regular Play,Croatia,3869219,0 days 00:25:01,0,0,0,0,0,0,1,0,0
1,25,3,Regular Play,Croatia,3869219,0 days 00:25:03,0,0,0,0,0,0,1,0,0
1,25,6,Regular Play,Croatia,3869219,0 days 00:25:06,0,0,0,0,0,0,1,0,0
1,25,12,Regular Play,Croatia,3869219,0 days 00:25:12,0,0,0,0,0,0,1,0,0
1,25,14,Regular Play,Japan,3869219,0 days 00:25:14,1,0,0,0,0,0,0,0,0
1,25,33,Regular Play,Japan,3869219,0 days 00:25:33,0,0,0,0,0,0,1,0,0
1,25,39,From Throw In,Croatia,3869219,0 days 00:25:39,0,0,0,0,0,0,1,0,0
1,25,41,From Throw In,Croatia,3869219,0 days 00:25:41,0,0,0,0,0,0,1,0,0
1,25,44,From Throw In,Croatia,3869219,0 days 00:25:44,0,0,0,0,0,0,1,0,0
1,25,48,From Throw In,Croatia,3869219,0 days 00:25:48,0,0,0,0,0,0,1,0,0
1,25,52,From Throw In,Croatia,3869219,0 days 00:25:52,0,0,0,0,0,0,1,0,0
1,25,55,From Throw In,Croatia,3869219,0 days 00:25:55,0,0,0,0,0,0,1,0,0
1,25,58,From Throw In,Croatia,3869219,0 days 00:25:58,0,0,0,0,0,0,1,0,0
1,26,4,From Throw In,Croatia,3869219,0 days 00:26:04,0,0,0,0,0,0,1,0,0
1,26,8,From Throw In,Croatia,3869219,0 days 00:26:08,0,0,0,0,0,0,1,0,0
1,26,12,From Throw In,Croatia,3869219,0 days 00:26:12,0,0,0,0,0,0,1,0,0
1,26,15,From Throw In,Croatia,3869219,0 days 00:26:15,0,0,0,0,0,0,1,0,0
1,26,17,From Throw In,Croatia,3869219,0 days 00:26:17,0,0,0,0,0,0,1,0,0
1,26,18,From Throw In,Japan,3869219,0 days 00:26:18,1,0,0,0,0,0,0,0,0
1,26,20,From Throw In,Japan,3869219,0 days 00:26:20,0,0,0,0,0,0,1,0,0
1,26,23,From Throw In,Japan,3869219,0 days 00:26:23,0,0,0,0,0,0,1,0,0
1,26,27,From Throw In,Croatia,3869219,0 days 00:26:27,0,0,0,0,0,0,1,0,0
1,26,31,From Throw In,Croatia,3869219,0 days 00:26:31,0,0,0,0,0,0,1,0,0
1,26,32,From Throw In,Croatia,3869219,0 days 00:26:32,0,0,0,0,0,0,1,0,0
1,26,33,From Throw In,Croatia,3869219,0 days 00:26:33,0,0,0,0,0,0,1,0,0
1,26,36,From Throw In,Croatia,3869219,0 days 00:26:36,0,0,0,0,0,0,1,0,0
1,26,37,From Throw In,Croatia,3869219,0 days 00:26:37,0,0,0,0,0,0,1,0,0
1,26,40,From Throw In,Croatia,3869219,0 days 00:26:40,0,0,0,0,0,0,1,0,0
1,26,44,From Throw In,Croatia,3869219,0 days 00:26:44,0,0,0,0,0,0,1,0,0
1,26,51,From Throw In,Croatia,3869219,0 days 00:26:51,0,0,0,0,0,0,1,0,0
1,26,53,From Throw In,Croatia,3869219,0 days 00:26:53,0,0,0,0,0,0,1,0,0
1,26,57,From Throw In,Croatia,3869219,0 days 00:26:57,0,0,0,0,0,0,1,0,0
1,27,0,From Throw In,Croatia,3869219,0 days 00:27:00,0,0,0,0,0,0,1,0,0
1,27,4,From Throw In,Croatia,3869219,0 days 00:27:04,0,0,0,0,0,0,1,0,0
1,27,9,From Throw In,Croatia,3869219,0 days 00:27:09,0,0,0,0,0,0,1,0,0
1,27,11,From Throw In,Croatia,3869219,0 days 00:27:11,0,0,0,0,0,0,1,0,0
1,27,12,From Throw In,Croatia,3869219,0 days 00:27:12,0,0,0,0,0,0,1,0,0
1,27,13,From Throw In,Japan,3869219,0 days 00:27:13,0,0,0,0,0,0,1,0,0
1,27,17,From Throw In,Japan,3869219,0 days 00:27:17,0,0,0,0,0,0,1,0,0
1,27,19,From Throw In,Croatia,3869219,0 days 00:27:19,1,0,0,0,0,0,0,0,0
1,27,20,From Throw In,Croatia,3869219,0 days 00:27:20,0,0,0,0,0,0,1,0,0
1,27,25,From Throw In,Croatia,3869219,0 days 00:27:25,0,0,0,0,0,0,1,0,0
1,27,27,From Throw In,Croatia,3869219,0 days 00:27:27,0,0,0,0,0,0,1,0,0
1,27,30,From Throw In,Croatia,3869219,0 days 00:27:30,0,0,0,0,0,0,1,0,0
1,27,36,From Throw In,Croatia,3869219,0 days 00:27:36,0,0,0,0,0,0,1,0,0
1,27,43,From Throw In,Croatia,3869219,0 days 00:27:43,0,0,0,0,0,0,1,0,0
1,27,43,From Throw In,Croatia,3869219,0 days 00:27:43,0,0,0,0,0,0,1,0,0
1,27,49,From Throw In,Croatia,3869219,0 days 00:27:49,0,0,0,0,0,0,1,0,0
1,27,50,From Throw In,Croatia,3869219,0 days 00:27:50,0,0,0,0,0,0,1,0,0
1,27,52,From Throw In,Japan,3869219,0 days 00:27:52,0,1,0,0,0,0,0,0,0
1,27,54,From Throw In,Japan,3869219,0 days 00:27:54,0,1,0,0,0,0,0,0,0
1,28,11,From Throw In,Croatia,3869219,0 days 00:28:11,0,0,0,0,0,0,1,0,0
1,28,17,From Throw In,Croatia,3869219,0 days 00:28:17,0,0,0,0,0,0,1,0,0
1,28,23,From Throw In,Croatia,3869219,0 days 00:28:23,0,0,0,0,0,0,1,0,0
1,28,26,From Throw In,Croatia,3869219,0 days 00:28:26,0,0,0,0,0,0,1,0,0
1,28,28,From Throw In,Croatia,3869219,0 days 00:28:28,0,0,0,0,0,0,1,0,0
1,28,37,From Throw In,Croatia,3869219,0 days 00:28:37,0,0,0,0,0,0,1,0,0
1,28,41,From Throw In,Croatia,3869219,0 days 00:28:41,0,0,0,0,0,0,1,0,0
1,28,43,From Throw In,Croatia,3869219,0 days 00:28:43,0,0,0,0,0,0,1,0,0
1,28,45,From Throw In,Croatia,3869219,0 days 00:28:45,0,0,0,0,0,0,1,0,0
1,28,47,From Throw In,Japan,3869219,0 days 00:28:47,0,0,0,0,0,1,0,0,0
1,29,15,From Throw In,Croatia,3869219,0 days 00:29:15,0,0,0,0,0,0,1,0,0
1,29,17,From Throw In,Japan,3869219,0 days 00:29:17,0,1,0,0,0,0,0,0,0
1,29,19,From Throw In,Japan,3869219,0 days 00:29:19,0,1,0,0,0,0,0,0,0
1,29,20,From Throw In,Croatia,3869219,0 days 00:29:20,0,0,0,0,0,0,1,0,0
1,29,22,From Throw In,Croatia,3869219,0 days 00:29:22,0,0,0,0,0,0,1,0,0
1,29,23,From Throw In,Japan,3869219,0 days 00:29:23,0,1,0,0,0,0,0,0,0
1,29,26,From Throw In,Japan,3869219,0 days 00:29:26,0,1,0,0,0,0,0,0,0
1,29,27,From Throw In,Croatia,3869219,0 days 00:29:27,0,0,0,0,0,0,1,0,0
1,29,28,From Throw In,Croatia,3869219,0 days 00:29:28,0,0,0,0,0,0,1,0,0
1,29,30,From Throw In,Croatia,3869219,0 days 00:29:30,0,0,0,0,0,0,1,0,0
1,29,33,From Throw In,Croatia,3869219,0 days 00:29:33,0,0,0,0,0,0,1,0,0
1,29,36,From Throw In,Croatia,3869219,0 days 00:29:36,0,0,0,0,0,0,1,0,0
1,29,38,From Throw In,Japan,3869219,0 days 00:29:38,0,0,0,0,0,0,1,0,0
1,29,40,From Throw In,Japan,3869219,0 days 00:29:40,0,0,0,0,0,0,1,0,0
1,29,42,From Throw In,Croatia,3869219,0 days 00:29:42,0,0,0,0,0,0,1,0,0
1,29,44,From Throw In,Croatia,3869219,0 days 00:29:44,0,0,0,0,0,0,1,0,0
1,29,46,From Throw In,Croatia,3869219,0 days 00:29:46,0,0,0,0,0,0,1,0,0
1,29,52,From Throw In,Croatia,3869219,0 days 00:29:52,0,0,0,0,0,0,1,0,0
1,29,54,From Throw In,Croatia,3869219,0 days 00:29:54,0,0,1,0,0,0,0,0,0
1,29,54,Regular Play,Japan,3869219,0 days 00:29:54,0,0,0,0,0,0,0,0,1
1,29,54,Regular Play,Japan,3869219,0 days 00:29:54,0,0,0,0,0,0,1,0,0
1,30,0,Regular Play,Japan,3869219,0 days 00:30:00,0,0,0,0,0,0,1,0,0
1,30,5,Regular Play,Japan,3869219,0 days 00:30:05,0,0,1,0,0,0,0,0,0
1,30,5,Regular Play,Croatia,3869219,0 days 00:30:05,0,0,0,0,0,0,0,0,1
1,30,6,Regular Play,Japan,3869219,0 days 00:30:06,1,0,0,0,0,0,0,0,0
1,30,14,Regular Play,Japan,3869219,0 days 00:30:14,0,0,0,0,0,0,1,0,0
1,30,18,Regular Play,Croatia,3869219,0 days 00:30:18,1,0,0,0,0,0,0,0,0
1,30,26,Regular Play,Croatia,3869219,0 days 00:30:26,0,0,0,0,0,0,1,0,0
1,30,31,Regular Play,Croatia,3869219,0 days 00:30:31,0,0,0,0,0,0,1,0,0
1,30,34,Regular Play,Croatia,3869219,0 days 00:30:34,0,0,0,0,0,0,1,0,0
1,30,40,Regular Play,Croatia,3869219,0 days 00:30:40,0,0,0,0,0,0,1,0,0
1,30,42,Regular Play,Croatia,3869219,0 days 00:30:42,0,0,0,0,0,0,1,0,0
1,30,44,Regular Play,Croatia,3869219,0 days 00:30:44,0,0,0,0,0,0,1,0,0
1,30,48,Regular Play,Croatia,3869219,0 days 00:30:48,0,0,0,0,0,0,1,0,0
1,30,51,Regular Play,Croatia,3869219,0 days 00:30:51,0,0,0,0,0,0,1,0,0
1,30,55,Regular Play,Croatia,3869219,0 days 00:30:55,0,0,0,0,0,0,1,0,0
1,30,56,Regular Play,Croatia,3869219,0 days 00:30:56,0,0,0,0,0,0,1,0,0
1,30,57,Regular Play,Croatia,3869219,0 days 00:30:57,0,0,0,0,0,0,1,0,0
1,31,0,Regular Play,Croatia,3869219,0 days 00:31:00,0,0,0,0,0,0,1,0,0
1,31,5,Regular Play,Croatia,3869219,0 days 00:31:05,0,0,0,0,0,0,1,0,0
1,31,6,Regular Play,Croatia,3869219,0 days 00:31:06,0,0,0,0,0,0,1,0,0
1,31,7,Regular Play,Croatia,3869219,0 days 00:31:07,0,0,0,1,0,0,0,0,0
1,31,7,Regular Play,Japan,3869219,0 days 00:31:07,0,0,0,0,0,0,0,0,1
1,31,9,Regular Play,Japan,3869219,0 days 00:31:09,0,0,0,0,0,0,1,0,0
1,31,9,Regular Play,Croatia,3869219,0 days 00:31:09,1,0,0,0,0,0,0,0,0
1,31,13,Regular Play,Croatia,3869219,0 days 00:31:13,0,0,0,0,0,0,1,0,0
1,31,14,Regular Play,Croatia,3869219,0 days 00:31:14,0,0,0,0,0,0,1,0,0
1,31,15,Regular Play,Croatia,3869219,0 days 00:31:15,0,0,0,0,0,0,1,0,0
1,31,17,Regular Play,Croatia,3869219,0 days 00:31:17,0,0,0,0,0,0,1,0,0
1,31,18,Regular Play,Croatia,3869219,0 days 00:31:18,0,0,0,0,0,0,1,0,0
1,31,19,Regular Play,Croatia,3869219,0 days 00:31:19,0,0,0,0,0,0,1,0,0
1,31,23,Regular Play,Croatia,3869219,0 days 00:31:23,0,0,0,0,0,0,1,0,0
1,31,24,Regular Play,Croatia,3869219,0 days 00:31:24,0,0,0,0,0,0,1,0,0
1,31,28,Regular Play,Croatia,3869219,0 days 00:31:28,0,0,0,0,0,0,1,0,0
1,31,31,Regular Play,Croatia,3869219,0 days 00:31:31,0,0,0,0,0,0,1,0,0
1,31,32,Regular Play,Croatia,3869219,0 days 00:31:32,0,0,0,0,0,0,1,0,0
1,31,32,Regular Play,Japan,3869219,0 days 00:31:32,0,0,0,0,0,1,0,0,0
1,31,35,Regular Play,Croatia,3869219,0 days 00:31:35,0,0,0,0,0,0,1,0,0
1,31,39,Regular Play,Croatia,3869219,0 days 00:31:39,0,0,0,0,0,0,1,0,0
1,31,41,Regular Play,Croatia,3869219,0 days 00:31:41,0,0,0,0,0,0,1,0,0
1,31,43,Regular Play,Croatia,3869219,0 days 00:31:43,0,0,0,0,0,0,1,0,0
1,31,44,Regular Play,Croatia,3869219,0 days 00:31:44,0,0,0,0,0,0,1,0,0
1,31,47,Regular Play,Croatia,3869219,0 days 00:31:47,0,0,0,0,0,0,1,0,0
1,31,48,Regular Play,Croatia,3869219,0 days 00:31:48,0,0,0,0,0,0,1,0,0
1,31,50,Regular Play,Croatia,3869219,0 days 00:31:50,0,0,0,0,0,0,1,0,0
1,31,55,Regular Play,Croatia,3869219,0 days 00:31:55,0,0,0,0,0,0,1,0,0
1,31,59,Regular Play,Croatia,3869219,0 days 00:31:59,0,0,0,0,0,0,1,0,0
1,22,2,From Throw In,Morocco,3869220,0 days 00:22:02,0,0,0,0,0,0,1,0,0
1,22,5,From Throw In,Morocco,3869220,0 days 00:22:05,0,0,0,0,0,0,1,0,0
1,22,6,From Throw In,Morocco,3869220,0 days 00:22:06,0,0,0,0,0,0,1,0,0
1,22,7,Regular Play,Spain,3869220,0 days 00:22:07,0,0,0,0,0,1,0,0,0
1,22,8,Regular Play,Spain,3869220,0 days 00:22:08,0,0,0,0,0,0,1,0,0
1,22,9,Regular Play,Spain,3869220,0 days 00:22:09,0,0,0,0,0,0,1,0,0
1,22,10,Regular Play,Spain,3869220,0 days 00:22:10,0,0,0,0,0,0,1,0,0
1,22,11,Regular Play,Morocco,3869220,0 days 00:22:11,1,0,0,0,0,0,0,0,0
1,22,12,Regular Play,Morocco,3869220,0 days 00:22:12,0,0,0,0,0,0,1,0,0
1,22,14,Regular Play,Morocco,3869220,0 days 00:22:14,0,0,0,0,0,0,1,0,0
1,22,17,Regular Play,Morocco,3869220,0 days 00:22:17,0,0,0,0,0,0,1,0,0
1,22,20,Regular Play,Morocco,3869220,0 days 00:22:20,0,0,0,0,0,0,1,0,0
1,22,23,Regular Play,Morocco,3869220,0 days 00:22:23,0,0,0,0,0,0,1,0,0
1,22,26,Regular Play,Morocco,3869220,0 days 00:22:26,0,0,0,0,0,0,1,0,0
1,22,28,Regular Play,Morocco,3869220,0 days 00:22:28,0,0,0,0,0,0,1,0,0
1,22,31,Regular Play,Spain,3869220,0 days 00:22:31,0,0,0,0,0,1,0,0,0
1,22,46,From Throw In,Morocco,3869220,0 days 00:22:46,0,0,0,0,0,0,1,0,0
1,22,48,From Throw In,Morocco,3869220,0 days 00:22:48,0,0,0,0,0,0,1,0,0
1,23,0,From Throw In,Spain,3869220,0 days 00:23:00,0,0,0,0,0,0,1,0,0
1,23,4,From Throw In,Spain,3869220,0 days 00:23:04,0,0,0,0,0,0,1,0,0
1,23,8,From Throw In,Spain,3869220,0 days 00:23:08,0,0,0,0,0,0,1,0,0
1,23,14,From Throw In,Spain,3869220,0 days 00:23:14,0,0,0,0,0,0,1,0,0
1,23,17,From Throw In,Spain,3869220,0 days 00:23:17,0,0,0,0,0,0,1,0,0
1,23,20,From Throw In,Spain,3869220,0 days 00:23:20,0,0,0,0,0,0,1,0,0
1,23,23,From Throw In,Spain,3869220,0 days 00:23:23,0,0,1,0,0,0,0,0,0
1,23,23,Regular Play,Morocco,3869220,0 days 00:23:23,0,0,0,0,0,0,0,0,1
1,23,28,Regular Play,Morocco,3869220,0 days 00:23:28,0,0,0,1,0,0,0,0,0
1,23,28,Regular Play,Spain,3869220,0 days 00:23:28,0,0,0,0,0,0,0,0,1
1,23,30,Regular Play,Morocco,3869220,0 days 00:23:30,0,0,0,0,0,0,1,0,0
1,24,28,Regular Play,Morocco,3869220,0 days 00:24:28,1,0,0,0,0,0,0,0,0
1,24,29,Regular Play,Morocco,3869220,0 days 00:24:29,0,0,0,0,0,0,1,0,0
1,24,30,Regular Play,Morocco,3869220,0 days 00:24:30,0,0,0,0,0,0,1,0,0
1,24,33,Regular Play,Morocco,3869220,0 days 00:24:33,0,0,0,0,0,0,1,0,0
1,24,38,Regular Play,Morocco,3869220,0 days 00:24:38,0,0,0,0,0,0,1,0,0
1,24,42,Regular Play,Morocco,3869220,0 days 00:24:42,0,0,0,0,0,0,1,0,0
1,24,44,Regular Play,Spain,3869220,0 days 00:24:44,0,0,0,0,0,0,1,0,0
1,25,34,From Free Kick,Morocco,3869220,0 days 00:25:34,0,0,0,0,0,0,1,0,0
1,25,36,Regular Play,Spain,3869220,0 days 00:25:36,0,0,0,0,0,0,1,0,0
1,25,39,Regular Play,Spain,3869220,0 days 00:25:39,0,0,0,0,0,0,1,0,0
1,25,41,Regular Play,Spain,3869220,0 days 00:25:41,0,0,0,0,0,0,1,0,0
1,25,44,Regular Play,Spain,3869220,0 days 00:25:44,0,0,0,0,0,0,1,0,0
1,25,47,Regular Play,Spain,3869220,0 days 00:25:47,0,0,0,0,0,0,1,0,0
1,25,51,Regular Play,Spain,3869220,0 days 00:25:51,0,0,0,0,0,0,1,0,0
1,25,53,Regular Play,Spain,3869220,0 days 00:25:53,0,0,0,0,0,0,1,0,0
1,25,57,Regular Play,Spain,3869220,0 days 00:25:57,0,0,0,0,0,0,0,1,0
1,26,32,From Goal Kick,Morocco,3869220,0 days 00:26:32,0,0,0,0,0,0,1,0,0
1,26,36,Regular Play,Spain,3869220,0 days 00:26:36,0,0,0,0,0,0,1,0,0
1,26,38,Regular Play,Spain,3869220,0 days 00:26:38,0,0,0,0,0,0,1,0,0
1,26,41,Regular Play,Morocco,3869220,0 days 00:26:41,0,0,0,0,1,0,0,0,0
1,26,54,From Free Kick,Spain,3869220,0 days 00:26:54,0,0,0,0,0,0,1,0,0
1,26,59,From Free Kick,Spain,3869220,0 days 00:26:59,0,0,0,0,0,0,1,0,0
1,27,2,From Free Kick,Spain,3869220,0 days 00:27:02,0,0,0,0,0,0,1,0,0
1,27,3,From Free Kick,Spain,3869220,0 days 00:27:03,0,0,0,0,0,0,1,0,0
1,27,5,From Free Kick,Spain,3869220,0 days 00:27:05,0,0,0,0,0,0,1,0,0
1,27,7,From Free Kick,Spain,3869220,0 days 00:27:07,0,0,0,0,0,0,1,0,0
1,27,9,From Free Kick,Spain,3869220,0 days 00:27:09,0,0,0,0,0,0,1,0,0
1,27,10,From Free Kick,Spain,3869220,0 days 00:27:10,0,0,0,0,0,0,1,0,0
1,27,12,From Free Kick,Spain,3869220,0 days 00:27:12,0,0,0,0,0,0,1,0,0
1,27,15,From Free Kick,Spain,3869220,0 days 00:27:15,0,0,0,0,0,0,1,0,0
1,27,19,From Free Kick,Spain,3869220,0 days 00:27:19,0,0,0,0,0,0,1,0,0
1,27,19,From Free Kick,Spain,3869220,0 days 00:27:19,0,0,0,0,0,0,1,0,0
1,27,20,From Free Kick,Spain,3869220,0 days 00:27:20,0,0,0,0,0,0,1,0,0
1,27,22,From Free Kick,Spain,3869220,0 days 00:27:22,0,0,0,1,0,0,0,0,0
1,27,22,From Free Kick,Morocco,3869220,0 days 00:27:22,0,0,0,0,0,0,0,0,1
1,27,26,From Throw In,Spain,3869220,0 days 00:27:26,0,0,0,0,0,0,1,0,0
1,27,29,From Throw In,Spain,3869220,0 days 00:27:29,0,0,0,0,0,0,1,0,0
1,27,35,From Throw In,Spain,3869220,0 days 00:27:35,0,0,0,0,0,0,1,0,0
1,27,37,From Throw In,Spain,3869220,0 days 00:27:37,0,0,0,0,0,0,1,0,0
1,27,39,From Throw In,Spain,3869220,0 days 00:27:39,0,0,0,0,0,0,1,0,0
1,27,43,From Throw In,Spain,3869220,0 days 00:27:43,0,0,0,0,0,0,1,0,0
1,27,45,From Throw In,Spain,3869220,0 days 00:27:45,0,0,0,0,0,0,1,0,0
1,27,46,From Throw In,Spain,3869220,0 days 00:27:46,0,0,0,0,0,0,1,0,0
1,27,49,From Throw In,Spain,3869220,0 days 00:27:49,0,0,0,0,0,0,1,0,0
1,27,50,From Throw In,Spain,3869220,0 days 00:27:50,0,0,0,0,0,0,1,0,0
1,27,56,From Throw In,Spain,3869220,0 days 00:27:56,0,0,0,0,0,0,1,0,0
1,27,57,From Throw In,Spain,3869220,0 days 00:27:57,0,0,0,0,0,0,1,0,0
1,28,0,From Throw In,Spain,3869220,0 days 00:28:00,0,0,0,0,0,0,1,0,0
1,28,2,From Throw In,Spain,3869220,0 days 00:28:02,0,0,0,0,0,0,1,0,0
1,28,4,From Throw In,Spain,3869220,0 days 00:28:04,0,0,0,0,0,0,1,0,0
1,28,9,From Throw In,Spain,3869220,0 days 00:28:09,0,0,0,0,0,0,1,0,0
1,28,10,From Throw In,Spain,3869220,0 days 00:28:10,0,0,0,0,0,0,1,0,0
1,28,12,From Throw In,Spain,3869220,0 days 00:28:12,0,0,0,0,0,0,1,0,0
1,28,14,From Throw In,Morocco,3869220,0 days 00:28:14,0,1,0,0,0,0,0,0,0
1,28,16,Regular Play,Morocco,3869220,0 days 00:28:16,1,0,0,0,0,0,0,0,0
1,28,25,Regular Play,Morocco,3869220,0 days 00:28:25,0,0,0,0,0,0,1,0,0
1,28,27,Regular Play,Spain,3869220,0 days 00:28:27,0,0,0,0,0,0,1,0,0
1,28,29,Regular Play,Morocco,3869220,0 days 00:28:29,0,0,0,0,0,0,1,0,0
1,28,30,Regular Play,Morocco,3869220,0 days 00:28:30,0,0,0,0,0,0,1,0,0
1,28,32,Regular Play,Spain,3869220,0 days 00:28:32,1,0,0,0,0,0,0,0,0
1,28,32,Regular Play,Spain,3869220,0 days 00:28:32,0,0,0,1,0,0,0,0,0
1,28,32,Regular Play,Morocco,3869220,0 days 00:28:32,0,0,0,0,0,0,0,0,1
1,28,34,Regular Play,Spain,3869220,0 days 00:28:34,0,0,0,0,1,0,0,0,0
1,28,42,From Free Kick,Morocco,3869220,0 days 00:28:42,0,0,0,0,0,0,1,0,0
1,28,46,From Free Kick,Morocco,3869220,0 days 00:28:46,0,0,0,0,0,0,1,0,0
1,28,49,From Free Kick,Morocco,3869220,0 days 00:28:49,0,0,0,0,0,0,1,0,0
1,28,52,From Free Kick,Morocco,3869220,0 days 00:28:52,0,0,0,0,0,0,1,0,0
1,28,57,From Free Kick,Morocco,3869220,0 days 00:28:57,0,0,0,0,0,0,1,0,0
1,29,14,From Free Kick,Spain,3869220,0 days 00:29:14,0,0,0,0,0,0,1,0,0
1,29,17,From Free Kick,Spain,3869220,0 days 00:29:17,0,0,0,0,0,0,1,0,0
1,29,19,From Free Kick,Spain,3869220,0 days 00:29:19,0,0,0,0,0,0,1,0,0
1,29,21,From Free Kick,Spain,3869220,0 days 00:29:21,0,0,0,0,0,0,1,0,0
1,29,23,From Free Kick,Spain,3869220,0 days 00:29:23,0,0,0,0,0,0,1,0,0
1,29,27,From Free Kick,Spain,3869220,0 days 00:29:27,0,0,0,0,0,0,1,0,0
1,29,29,From Free Kick,Spain,3869220,0 days 00:29:29,0,0,0,0,0,0,1,0,0
1,29,30,From Free Kick,Morocco,3869220,0 days 00:29:30,0,0,0,0,0,1,0,0,0
1,29,34,From Free Kick,Morocco,3869220,0 days 00:29:34,0,0,0,0,0,0,1,0,0
1,29,36,From Free Kick,Spain,3869220,0 days 00:29:36,0,0,0,0,0,0,1,0,0
1,29,41,From Free Kick,Spain,3869220,0 days 00:29:41,0,0,0,0,0,0,1,0,0
1,29,46,From Free Kick,Spain,3869220,0 days 00:29:46,0,0,0,0,0,0,1,0,0
1,29,50,From Free Kick,Spain,3869220,0 days 00:29:50,0,0,0,1,0,0,0,0,0
1,29,52,From Free Kick,Spain,3869220,0 days 00:29:52,0,0,0,0,0,0,1,0,0
1,29,54,From Free Kick,Spain,3869220,0 days 00:29:54,0,0,0,0,0,0,1,0,0
1,29,57,From Free Kick,Spain,3869220,0 days 00:29:57,0,0,0,0,0,0,1,0,0
1,29,58,From Free Kick,Spain,3869220,0 days 00:29:58,0,0,0,0,0,0,1,0,0
1,30,0,From Free Kick,Spain,3869220,0 days 00:30:00,0,0,0,0,0,0,1,0,0
1,30,5,From Free Kick,Spain,3869220,0 days 00:30:05,0,0,0,0,0,0,1,0,0
1,30,8,From Free Kick,Spain,3869220,0 days 00:30:08,0,0,0,1,0,0,0,0,0
1,30,10,From Free Kick,Spain,3869220,0 days 00:30:10,0,0,0,0,0,0,1,0,0
1,30,12,From Free Kick,Morocco,3869220,0 days 00:30:12,1,0,0,0,0,0,0,0,0
1,30,12,From Free Kick,Morocco,3869220,0 days 00:30:12,0,0,1,0,0,0,0,0,0
1,30,12,From Free Kick,Spain,3869220,0 days 00:30:12,0,0,0,0,0,0,0,0,1
1,30,13,From Free Kick,Spain,3869220,0 days 00:30:13,1,0,0,0,0,0,0,0,0
1,30,15,From Free Kick,Spain,3869220,0 days 00:30:15,0,0,0,0,0,0,1,0,0
1,30,18,From Free Kick,Spain,3869220,0 days 00:30:18,0,0,0,0,0,0,1,0,0
1,30,20,From Free Kick,Spain,3869220,0 days 00:30:20,0,0,0,0,0,0,1,0,0
1,30,21,From Free Kick,Spain,3869220,0 days 00:30:21,0,0,0,0,0,0,1,0,0
1,30,24,From Free Kick,Spain,3869220,0 days 00:30:24,0,0,0,0,0,0,1,0,0
1,30,27,From Free Kick,Spain,3869220,0 days 00:30:27,0,0,0,0,0,0,1,0,0
1,30,34,From Free Kick,Spain,3869220,0 days 00:30:34,0,0,0,0,0,0,1,0,0
1,30,39,From Free Kick,Spain,3869220,0 days 00:30:39,0,0,0,0,0,0,1,0,0
1,30,40,From Free Kick,Spain,3869220,0 days 00:30:40,0,0,0,0,0,0,1,0,0
1,30,43,From Free Kick,Spain,3869220,0 days 00:30:43,0,0,0,0,0,0,1,0,0
1,30,47,From Free Kick,Spain,3869220,0 days 00:30:47,0,0,0,0,0,0,1,0,0
1,30,50,From Free Kick,Spain,3869220,0 days 00:30:50,0,0,0,0,0,0,1,0,0
1,30,52,From Free Kick,Spain,3869220,0 days 00:30:52,0,0,0,0,0,0,1,0,0
1,30,53,From Free Kick,Spain,3869220,0 days 00:30:53,0,0,0,0,0,0,1,0,0
1,30,55,Regular Play,Morocco,3869220,0 days 00:30:55,0,0,0,0,0,0,1,0,0
1,30,56,Regular Play,Morocco,3869220,0 days 00:30:56,0,0,0,0,0,0,1,0,0
1,31,0,Regular Play,Spain,3869220,0 days 00:31:00,0,1,0,0,0,0,0,0,0
1,31,2,Regular Play,Spain,3869220,0 days 00:31:02,0,0,0,0,1,0,0,0,0
1,31,24,From Free Kick,Morocco,3869220,0 days 00:31:24,0,0,0,0,0,0,1,0,0
1,31,27,From Free Kick,Morocco,3869220,0 days 00:31:27,0,0,0,0,0,0,1,0,0
1,31,28,From Free Kick,Spain,3869220,0 days 00:31:28,0,0,0,0,0,1,0,0,0
1,31,30,From Free Kick,Morocco,3869220,0 days 00:31:30,0,0,0,0,0,0,1,0,0
1,31,35,From Free Kick,Morocco,3869220,0 days 00:31:35,0,0,0,0,0,0,1,0,0
1,31,36,From Free Kick,Spain,3869220,0 days 00:31:36,0,0,0,0,0,0,1,0,0
1,31,38,From Free Kick,Morocco,3869220,0 days 00:31:38,0,0,0,0,0,0,1,0,0
1,31,43,From Free Kick,Morocco,3869220,0 days 00:31:43,0,0,0,0,0,0,1,0,0
1,31,46,From Free Kick,Morocco,3869220,0 days 00:31:46,0,0,0,0,0,0,1,0,0
1,31,51,From Free Kick,Morocco,3869220,0 days 00:31:51,0,0,0,0,0,0,1,0,0
1,31,57,From Free Kick,Morocco,3869220,0 days 00:31:57,0,0,1,0,0,0,0,0,0
1,31,57,From Free Kick,Spain,3869220,0 days 00:31:57,0,0,0,0,0,0,0,0,1
1,22,4,From Throw In,South Korea,3869253,0 days 00:22:04,0,0,0,0,0,0,1,0,0
1,22,8,From Throw In,South Korea,3869253,0 days 00:22:08,0,0,0,0,0,0,1,0,0
1,22,9,From Throw In,South Korea,3869253,0 days 00:22:09,0,0,0,0,0,0,1,0,0
1,22,13,From Throw In,South Korea,3869253,0 days 00:22:13,0,0,0,0,0,0,1,0,0
1,22,15,From Throw In,Brazil,3869253,0 days 00:22:15,0,0,0,0,0,0,1,0,0
1,22,16,From Throw In,Brazil,3869253,0 days 00:22:16,0,0,0,0,0,0,1,0,0
1,22,18,From Throw In,South Korea,3869253,0 days 00:22:18,0,0,0,0,0,1,0,0,0
1,22,19,From Throw In,South Korea,3869253,0 days 00:22:19,0,0,0,0,0,0,1,0,0
1,22,20,From Throw In,Brazil,3869253,0 days 00:22:20,0,0,0,0,0,1,0,0,0
1,22,22,From Throw In,South Korea,3869253,0 days 00:22:22,0,0,0,0,0,0,1,0,0
1,22,24,From Throw In,South Korea,3869253,0 days 00:22:24,0,0,0,0,0,0,1,0,0
1,22,26,From Throw In,South Korea,3869253,0 days 00:22:26,0,0,0,0,1,0,0,0,0
1,22,38,From Free Kick,Brazil,3869253,0 days 00:22:38,0,0,0,0,0,0,1,0,0
1,22,42,From Free Kick,Brazil,3869253,0 days 00:22:42,0,0,0,0,0,0,1,0,0
1,22,45,From Free Kick,Brazil,3869253,0 days 00:22:45,0,0,0,0,0,0,1,0,0
1,22,48,From Free Kick,Brazil,3869253,0 days 00:22:48,0,0,0,0,0,0,1,0,0
1,22,51,From Free Kick,Brazil,3869253,0 days 00:22:51,0,0,0,0,0,0,1,0,0
1,22,54,From Free Kick,Brazil,3869253,0 days 00:22:54,0,0,0,0,0,0,1,0,0
1,22,56,From Free Kick,Brazil,3869253,0 days 00:22:56,0,0,0,0,0,0,1,0,0
1,22,58,From Free Kick,Brazil,3869253,0 days 00:22:58,0,0,0,0,0,0,1,0,0
1,23,1,From Free Kick,Brazil,3869253,0 days 00:23:01,0,0,0,0,0,0,1,0,0
1,23,4,From Free Kick,Brazil,3869253,0 days 00:23:04,0,0,0,0,0,0,1,0,0
1,23,9,From Free Kick,Brazil,3869253,0 days 00:23:09,0,0,0,0,0,0,1,0,0
1,23,19,From Free Kick,Brazil,3869253,0 days 00:23:19,0,0,0,0,0,0,1,0,0
1,23,21,From Free Kick,Brazil,3869253,0 days 00:23:21,0,0,0,0,0,0,1,0,0
1,23,26,From Free Kick,Brazil,3869253,0 days 00:23:26,1,0,0,0,0,0,0,0,0
1,23,28,From Free Kick,Brazil,3869253,0 days 00:23:28,0,0,0,0,0,0,1,0,0
1,23,33,From Free Kick,Brazil,3869253,0 days 00:23:33,0,0,0,1,0,0,0,0,0
1,23,33,From Free Kick,South Korea,3869253,0 days 00:23:33,0,0,0,0,0,0,0,0,1
1,23,34,From Free Kick,Brazil,3869253,0 days 00:23:34,0,0,0,0,0,0,1,0,0
1,23,36,Regular Play,South Korea,3869253,0 days 00:23:36,0,0,0,0,0,0,1,0,0
1,23,38,Regular Play,Brazil,3869253,0 days 00:23:38,0,0,0,0,1,0,0,0,0
1,23,49,From Free Kick,South Korea,3869253,0 days 00:23:49,0,0,0,0,0,0,1,0,0
1,23,51,From Free Kick,South Korea,3869253,0 days 00:23:51,0,0,0,0,0,0,1,0,0
1,23,53,From Free Kick,South Korea,3869253,0 days 00:23:53,0,0,0,0,0,0,1,0,0
1,24,1,From Free Kick,South Korea,3869253,0 days 00:24:01,0,0,0,0,0,0,1,0,0
1,24,2,From Free Kick,South Korea,3869253,0 days 00:24:02,0,0,0,0,0,0,1,0,0
1,24,8,From Free Kick,South Korea,3869253,0 days 00:24:08,0,0,0,0,0,0,1,0,0
1,24,11,From Free Kick,South Korea,3869253,0 days 00:24:11,0,0,0,0,0,0,1,0,0
1,24,11,From Free Kick,South Korea,3869253,0 days 00:24:11,0,0,0,0,0,0,1,0,0
1,24,12,From Free Kick,South Korea,3869253,0 days 00:24:12,0,0,0,0,0,0,1,0,0
1,24,17,From Free Kick,South Korea,3869253,0 days 00:24:17,0,0,0,0,0,0,1,0,0
1,24,48,From Corner,South Korea,3869253,0 days 00:24:48,0,0,0,0,0,0,1,0,0
1,24,49,From Corner,Brazil,3869253,0 days 00:24:49,0,1,0,0,0,0,0,0,0
1,24,54,From Corner,South Korea,3869253,0 days 00:24:54,0,0,0,0,0,0,1,0,0
1,24,57,From Corner,South Korea,3869253,0 days 00:24:57,0,0,0,0,0,0,0,1,0
1,25,2,From Keeper,Brazil,3869253,0 days 00:25:02,0,0,0,0,0,0,1,0,0
1,25,8,Regular Play,Brazil,3869253,0 days 00:25:08,0,0,0,0,0,0,1,0,0
1,25,9,Regular Play,Brazil,3869253,0 days 00:25:09,0,0,0,0,0,0,1,0,0
1,25,11,Regular Play,Brazil,3869253,0 days 00:25:11,0,0,0,0,0,0,1,0,0
1,25,13,Regular Play,Brazil,3869253,0 days 00:25:13,0,0,0,0,0,0,1,0,0
1,25,17,Regular Play,South Korea,3869253,0 days 00:25:17,1,0,0,0,0,0,0,0,0
1,25,18,Regular Play,South Korea,3869253,0 days 00:25:18,0,0,0,0,0,0,1,0,0
1,25,21,Regular Play,South Korea,3869253,0 days 00:25:21,0,0,0,0,0,0,1,0,0
1,25,28,Regular Play,South Korea,3869253,0 days 00:25:28,0,0,0,0,0,0,1,0,0
1,25,30,Regular Play,South Korea,3869253,0 days 00:25:30,0,0,0,0,0,0,1,0,0
1,25,31,Regular Play,South Korea,3869253,0 days 00:25:31,0,0,0,0,0,0,1,0,0
1,25,38,Regular Play,South Korea,3869253,0 days 00:25:38,0,0,0,0,0,0,1,0,0
1,25,39,Regular Play,South Korea,3869253,0 days 00:25:39,0,0,0,0,0,0,1,0,0
1,25,41,From Counter,Brazil,3869253,0 days 00:25:41,0,0,0,0,0,0,1,0,0
1,25,49,From Counter,Brazil,3869253,0 days 00:25:49,0,0,1,0,0,0,0,0,0
1,25,49,Regular Play,South Korea,3869253,0 days 00:25:49,0,0,0,0,0,0,0,0,1
1,25,58,From Corner,Brazil,3869253,0 days 00:25:58,0,0,0,0,0,0,1,0,0
1,26,1,From Corner,Brazil,3869253,0 days 00:26:01,0,0,0,0,0,0,1,0,0
1,26,5,From Corner,Brazil,3869253,0 days 00:26:05,0,0,0,0,0,0,1,0,0
1,26,8,From Corner,Brazil,3869253,0 days 00:26:08,0,0,0,0,0,0,1,0,0
1,26,10,From Corner,Brazil,3869253,0 days 00:26:10,0,0,0,0,0,0,1,0,0
1,26,13,From Corner,Brazil,3869253,0 days 00:26:13,0,0,0,0,0,0,1,0,0
1,26,14,From Corner,Brazil,3869253,0 days 00:26:14,0,0,0,0,0,0,1,0,0
1,26,15,From Corner,Brazil,3869253,0 days 00:26:15,0,0,0,0,0,0,1,0,0
1,26,18,From Corner,Brazil,3869253,0 days 00:26:18,0,0,0,0,0,0,1,0,0
1,26,21,From Corner,Brazil,3869253,0 days 00:26:21,0,0,0,0,0,0,1,0,0
1,26,23,From Corner,Brazil,3869253,0 days 00:26:23,0,0,1,0,0,0,0,0,0
1,26,23,Regular Play,South Korea,3869253,0 days 00:26:23,0,0,0,0,0,0,0,0,1
1,26,24,Regular Play,South Korea,3869253,0 days 00:26:24,1,0,0,0,0,0,0,0,0
1,26,27,Regular Play,South Korea,3869253,0 days 00:26:27,0,0,0,0,0,0,1,0,0
1,26,28,Regular Play,South Korea,3869253,0 days 00:26:28,0,0,0,0,0,0,1,0,0
1,26,30,Regular Play,South Korea,3869253,0 days 00:26:30,0,0,0,0,0,0,1,0,0
1,26,34,Regular Play,South Korea,3869253,0 days 00:26:34,0,0,0,0,0,0,1,0,0
1,26,39,Regular Play,South Korea,3869253,0 days 00:26:39,0,0,0,0,0,0,1,0,0
1,26,40,Regular Play,South Korea,3869253,0 days 00:26:40,0,0,0,0,0,0,1,0,0
1,26,42,Regular Play,Brazil,3869253,0 days 00:26:42,1,0,0,0,0,0,0,0,0
1,26,44,Regular Play,Brazil,3869253,0 days 00:26:44,0,0,0,0,0,0,1,0,0
1,26,51,Regular Play,Brazil,3869253,0 days 00:26:51,0,0,0,0,0,0,1,0,0
1,26,58,Regular Play,Brazil,3869253,0 days 00:26:58,0,0,0,0,0,0,1,0,0
1,27,37,From Corner,Brazil,3869253,0 days 00:27:37,0,0,0,0,0,0,1,0,0
1,27,39,From Corner,South Korea,3869253,0 days 00:27:39,0,1,0,0,0,0,0,0,0
1,27,41,From Corner,Brazil,3869253,0 days 00:27:41,1,0,0,0,0,0,0,0,0
1,27,43,From Corner,Brazil,3869253,0 days 00:27:43,0,0,0,0,0,0,1,0,0
1,27,45,From Corner,Brazil,3869253,0 days 00:27:45,0,0,0,0,0,0,1,0,0
1,27,47,From Corner,South Korea,3869253,0 days 00:27:47,0,1,0,0,0,0,0,0,0
1,27,49,From Corner,Brazil,3869253,0 days 00:27:49,0,0,0,0,0,0,1,0,0
1,27,57,From Corner,Brazil,3869253,0 days 00:27:57,0,0,0,0,0,0,1,0,0
1,28,2,From Corner,Brazil,3869253,0 days 00:28:02,0,0,0,0,0,0,1,0,0
1,28,3,From Corner,South Korea,3869253,0 days 00:28:03,0,1,0,0,0,0,0,0,0
1,28,5,From Corner,South Korea,3869253,0 days 00:28:05,0,1,0,0,0,0,0,0,0
1,28,7,From Corner,Brazil,3869253,0 days 00:28:07,1,0,0,0,0,0,0,0,0
1,28,9,From Corner,Brazil,3869253,0 days 00:28:09,0,0,0,0,0,0,1,0,0
1,28,11,From Corner,Brazil,3869253,0 days 00:28:11,0,0,0,0,0,0,1,0,0
1,28,11,From Corner,Brazil,3869253,0 days 00:28:11,0,0,0,0,0,0,1,0,0
1,28,13,From Corner,Brazil,3869253,0 days 00:28:13,0,0,0,0,0,0,0,1,0
1,29,40,From Kick Off,South Korea,3869253,0 days 00:29:40,0,0,0,0,0,0,1,0,0
1,29,42,From Kick Off,South Korea,3869253,0 days 00:29:42,0,0,0,0,0,0,1,0,0
1,29,49,From Kick Off,South Korea,3869253,0 days 00:29:49,0,0,0,0,0,0,1,0,0
1,29,52,From Kick Off,South Korea,3869253,0 days 00:29:52,0,0,0,0,0,0,1,0,0
1,29,56,From Kick Off,South Korea,3869253,0 days 00:29:56,0,0,0,0,0,0,1,0,0
1,29,59,From Kick Off,South Korea,3869253,0 days 00:29:59,0,0,0,1,0,0,0,0,0
1,30,1,From Kick Off,South Korea,3869253,0 days 00:30:01,0,0,0,0,0,0,1,0,0
1,30,2,From Kick Off,South Korea,3869253,0 days 00:30:02,0,0,1,0,0,0,0,0,0
1,30,2,Regular Play,Brazil,3869253,0 days 00:30:02,0,0,0,0,0,0,0,0,1
1,30,3,Regular Play,Brazil,3869253,0 days 00:30:03,0,0,0,0,0,0,1,0,0
1,30,9,Regular Play,Brazil,3869253,0 days 00:30:09,0,0,0,0,0,0,1,0,0
1,30,10,Regular Play,Brazil,3869253,0 days 00:30:10,0,0,0,0,0,0,1,0,0
1,30,16,Regular Play,Brazil,3869253,0 days 00:30:16,0,0,0,0,0,0,1,0,0
1,30,19,Regular Play,Brazil,3869253,0 days 00:30:19,0,0,0,0,0,0,0,1,0
1,30,35,From Goal Kick,South Korea,3869253,0 days 00:30:35,0,0,0,0,0,0,1,0,0
1,30,39,From Goal Kick,South Korea,3869253,0 days 00:30:39,0,0,0,0,0,0,1,0,0
1,30,43,From Goal Kick,South Korea,3869253,0 days 00:30:43,0,0,0,0,0,0,1,0,0
1,30,46,From Goal Kick,Brazil,3869253,0 days 00:30:46,0,0,0,0,0,0,1,0,0
1,30,49,From Goal Kick,South Korea,3869253,0 days 00:30:49,1,0,0,0,0,0,0,0,0
1,30,51,From Goal Kick,South Korea,3869253,0 days 00:30:51,0,0,0,0,0,0,1,0,0
1,30,53,From Goal Kick,South Korea,3869253,0 days 00:30:53,0,0,0,0,0,0,1,0,0
1,30,57,From Goal Kick,South Korea,3869253,0 days 00:30:57,0,0,0,0,0,0,1,0,0
1,31,0,From Goal Kick,South Korea,3869253,0 days 00:31:00,0,0,0,0,0,0,1,0,0
1,31,4,From Goal Kick,South Korea,3869253,0 days 00:31:04,0,0,0,0,0,0,1,0,0
1,31,7,From Goal Kick,South Korea,3869253,0 days 00:31:07,0,0,0,0,0,0,1,0,0
1,31,10,From Goal Kick,South Korea,3869253,0 days 00:31:10,0,0,0,0,0,0,1,0,0
1,31,16,From Goal Kick,South Korea,3869253,0 days 00:31:16,0,0,0,0,0,0,1,0,0
1,31,19,From Goal Kick,South Korea,3869253,0 days 00:31:19,0,0,0,0,0,0,1,0,0
1,31,26,From Goal Kick,South Korea,3869253,0 days 00:31:26,0,0,0,0,0,0,1,0,0
1,31,28,From Goal Kick,South Korea,3869253,0 days 00:31:28,0,0,0,0,0,0,1,0,0
1,31,32,From Goal Kick,South Korea,3869253,0 days 00:31:32,0,0,0,0,0,0,1,0,0
1,31,36,From Goal Kick,South Korea,3869253,0 days 00:31:36,0,0,0,1,0,0,0,0,0
1,31,37,From Goal Kick,South Korea,3869253,0 days 00:31:37,0,0,0,0,0,0,0,1,0
1,31,39,Regular Play,Brazil,3869253,0 days 00:31:39,0,0,0,0,0,0,1,0,0
1,31,42,Regular Play,Brazil,3869253,0 days 00:31:42,0,0,0,0,0,0,1,0,0
1,31,44,Regular Play,Brazil,3869253,0 days 00:31:44,0,0,0,0,0,0,1,0,0
1,31,45,Regular Play,Brazil,3869253,0 days 00:31:45,0,0,0,0,0,0,1,0,0
1,31,47,Regular Play,Brazil,3869253,0 days 00:31:47,0,0,0,0,0,0,1,0,0
1,31,48,Regular Play,Brazil,3869253,0 days 00:31:48,0,0,0,0,0,0,1,0,0
1,31,50,From Throw In,Brazil,3869253,0 days 00:31:50,0,0,0,0,0,0,1,0,0
1,31,59,From Throw In,Brazil,3869253,0 days 00:31:59,0,0,0,0,0,0,1,0,0
1,22,15,From Keeper,Switzerland,3869254,0 days 00:22:15,0,0,0,0,0,0,1,0,0
1,22,16,From Keeper,Switzerland,3869254,0 days 00:22:16,0,0,0,0,0,0,1,0,0
1,22,18,From Keeper,Portugal,3869254,0 days 00:22:18,0,0,0,0,0,0,1,0,0
1,22,20,From Keeper,Switzerland,3869254,0 days 00:22:20,1,0,0,0,0,0,0,0,0
1,22,23,From Keeper,Switzerland,3869254,0 days 00:22:23,0,0,0,0,0,0,1,0,0
1,22,24,From Keeper,Switzerland,3869254,0 days 00:22:24,0,0,0,0,0,0,1,0,0
1,22,25,From Keeper,Switzerland,3869254,0 days 00:22:25,0,0,0,0,0,0,1,0,0
1,22,32,From Keeper,Switzerland,3869254,0 days 00:22:32,0,0,0,0,0,0,1,0,0
1,22,38,From Keeper,Switzerland,3869254,0 days 00:22:38,0,0,0,0,0,0,1,0,0
1,22,40,Regular Play,Portugal,3869254,0 days 00:22:40,0,0,0,0,0,0,1,0,0
1,22,42,Regular Play,Portugal,3869254,0 days 00:22:42,0,0,0,0,0,0,1,0,0
1,22,45,Regular Play,Switzerland,3869254,0 days 00:22:45,0,0,0,0,0,0,1,0,0
1,22,46,Regular Play,Portugal,3869254,0 days 00:22:46,0,0,0,0,1,0,0,0,0
1,23,0,From Free Kick,Switzerland,3869254,0 days 00:23:00,0,0,0,0,0,0,1,0,0
1,23,3,From Free Kick,Switzerland,3869254,0 days 00:23:03,0,0,0,0,0,0,1,0,0
1,23,4,From Free Kick,Switzerland,3869254,0 days 00:23:04,0,0,0,0,0,0,1,0,0
1,23,6,From Free Kick,Switzerland,3869254,0 days 00:23:06,0,0,0,0,0,0,1,0,0
1,23,10,From Free Kick,Switzerland,3869254,0 days 00:23:10,0,0,0,0,0,0,1,0,0
1,23,11,From Free Kick,Switzerland,3869254,0 days 00:23:11,0,0,0,0,0,0,1,0,0
1,23,13,From Free Kick,Switzerland,3869254,0 days 00:23:13,0,0,0,0,0,0,1,0,0
1,23,14,From Free Kick,Switzerland,3869254,0 days 00:23:14,0,0,0,0,0,0,1,0,0
1,23,21,From Free Kick,Switzerland,3869254,0 days 00:23:21,0,0,0,0,0,0,1,0,0
1,23,26,From Free Kick,Switzerland,3869254,0 days 00:23:26,0,0,0,0,0,0,1,0,0
1,23,29,Regular Play,Portugal,3869254,0 days 00:23:29,0,0,0,0,0,1,0,0,0
1,23,31,Regular Play,Portugal,3869254,0 days 00:23:31,0,0,0,0,0,0,1,0,0
1,23,33,Regular Play,Portugal,3869254,0 days 00:23:33,0,0,0,0,0,0,1,0,0
1,23,42,Regular Play,Portugal,3869254,0 days 00:23:42,0,0,0,1,0,0,0,0,0
1,23,42,Regular Play,Switzerland,3869254,0 days 00:23:42,0,0,0,0,0,0,0,0,1
1,25,12,From Throw In,Portugal,3869254,0 days 00:25:12,0,0,0,0,0,0,1,0,0
1,25,14,From Throw In,Switzerland,3869254,0 days 00:25:14,0,0,0,0,0,0,1,0,0
1,25,15,From Throw In,Portugal,3869254,0 days 00:25:15,1,0,0,0,0,0,0,0,0
1,25,16,From Throw In,Portugal,3869254,0 days 00:25:16,0,0,0,0,0,0,1,0,0
1,25,41,From Free Kick,Switzerland,3869254,0 days 00:25:41,0,0,0,0,0,0,1,0,0
1,25,46,From Free Kick,Switzerland,3869254,0 days 00:25:46,0,0,0,0,0,0,1,0,0
1,25,54,From Free Kick,Switzerland,3869254,0 days 00:25:54,0,0,0,0,0,0,1,0,0
1,25,57,From Free Kick,Switzerland,3869254,0 days 00:25:57,0,0,0,0,0,0,1,0,0
1,26,1,From Free Kick,Switzerland,3869254,0 days 00:26:01,0,0,0,0,0,0,1,0,0
1,26,4,From Free Kick,Switzerland,3869254,0 days 00:26:04,0,0,0,0,0,0,1,0,0
1,26,7,From Free Kick,Switzerland,3869254,0 days 00:26:07,0,0,0,0,0,0,1,0,0
1,26,14,From Free Kick,Switzerland,3869254,0 days 00:26:14,0,0,1,0,0,0,0,0,0
1,26,14,From Free Kick,Portugal,3869254,0 days 00:26:14,0,0,0,0,0,0,0,0,1
1,26,16,From Free Kick,Portugal,3869254,0 days 00:26:16,0,0,0,0,0,0,1,0,0
1,26,16,From Free Kick,Portugal,3869254,0 days 00:26:16,0,0,0,0,0,0,1,0,0
1,26,33,From Throw In,Switzerland,3869254,0 days 00:26:33,0,0,0,0,0,0,1,0,0
1,26,38,From Throw In,Switzerland,3869254,0 days 00:26:38,0,0,0,0,0,0,1,0,0
1,26,40,From Throw In,Switzerland,3869254,0 days 00:26:40,0,0,0,0,0,0,1,0,0
1,26,43,From Throw In,Switzerland,3869254,0 days 00:26:43,0,0,0,0,0,0,1,0,0
1,26,46,From Throw In,Switzerland,3869254,0 days 00:26:46,0,0,0,0,0,0,1,0,0
1,26,51,From Throw In,Switzerland,3869254,0 days 00:26:51,0,0,0,0,0,0,1,0,0
1,26,53,Regular Play,Portugal,3869254,0 days 00:26:53,0,0,0,0,0,0,1,0,0
1,26,54,Regular Play,Portugal,3869254,0 days 00:26:54,0,0,0,0,0,0,1,0,0
1,26,55,Regular Play,Portugal,3869254,0 days 00:26:55,0,0,0,0,0,0,1,0,0
1,26,56,Regular Play,Portugal,3869254,0 days 00:26:56,0,0,0,0,0,0,1,0,0
1,27,1,Regular Play,Portugal,3869254,0 days 00:27:01,0,0,0,0,0,0,1,0,0
1,27,7,Regular Play,Portugal,3869254,0 days 00:27:07,0,0,0,0,0,0,1,0,0
1,27,10,Regular Play,Portugal,3869254,0 days 00:27:10,0,0,0,0,0,0,1,0,0
1,27,13,Regular Play,Portugal,3869254,0 days 00:27:13,0,0,0,0,0,0,1,0,0
1,27,20,Regular Play,Switzerland,3869254,0 days 00:27:20,0,0,0,0,0,0,1,0,0
1,27,23,Regular Play,Switzerland,3869254,0 days 00:27:23,0,0,0,0,0,0,1,0,0
1,27,25,Regular Play,Switzerland,3869254,0 days 00:27:25,0,0,0,0,0,0,1,0,0
1,27,32,Regular Play,Switzerland,3869254,0 days 00:27:32,0,0,0,0,0,0,1,0,0
1,27,35,Regular Play,Switzerland,3869254,0 days 00:27:35,0,0,0,0,0,0,1,0,0
1,27,37,Regular Play,Portugal,3869254,0 days 00:27:37,0,0,0,0,0,0,1,0,0
1,27,38,Regular Play,Portugal,3869254,0 days 00:27:38,0,0,0,0,0,0,1,0,0
1,27,43,Regular Play,Portugal,3869254,0 days 00:27:43,0,0,0,0,0,0,1,0,0
1,27,46,Regular Play,Switzerland,3869254,0 days 00:27:46,1,0,0,0,0,0,0,0,0
1,27,48,Regular Play,Switzerland,3869254,0 days 00:27:48,0,0,0,0,0,0,1,0,0
1,27,52,Regular Play,Switzerland,3869254,0 days 00:27:52,0,0,0,0,0,0,1,0,0
1,27,57,Regular Play,Switzerland,3869254,0 days 00:27:57,0,0,0,0,0,0,1,0,0
1,28,4,Regular Play,Switzerland,3869254,0 days 00:28:04,0,0,0,0,0,0,1,0,0
1,28,10,Regular Play,Switzerland,3869254,0 days 00:28:10,0,0,0,0,0,0,1,0,0
1,28,19,Regular Play,Portugal,3869254,0 days 00:28:19,0,0,0,0,1,0,0,0,0
1,29,38,From Free Kick,Switzerland,3869254,0 days 00:29:38,0,0,0,0,0,0,0,1,0
1,30,15,From Corner,Switzerland,3869254,0 days 00:30:15,0,0,0,0,0,0,1,0,0
1,30,16,From Corner,Portugal,3869254,0 days 00:30:16,0,1,0,0,0,0,0,0,0
1,30,20,From Corner,Switzerland,3869254,0 days 00:30:20,0,0,0,0,0,0,1,0,0
1,30,44,From Free Kick,Portugal,3869254,0 days 00:30:44,0,0,0,0,0,0,1,0,0
1,30,46,From Free Kick,Portugal,3869254,0 days 00:30:46,0,0,0,0,0,0,1,0,0
1,30,50,From Free Kick,Switzerland,3869254,0 days 00:30:50,0,0,0,0,0,0,1,0,0
1,30,51,From Free Kick,Portugal,3869254,0 days 00:30:51,1,0,0,0,0,0,0,0,0
1,30,52,From Free Kick,Portugal,3869254,0 days 00:30:52,0,0,0,0,0,0,1,0,0
1,30,53,From Free Kick,Portugal,3869254,0 days 00:30:53,0,0,0,0,0,0,1,0,0
1,30,56,From Free Kick,Portugal,3869254,0 days 00:30:56,0,0,0,0,0,0,1,0,0
1,30,57,From Free Kick,Portugal,3869254,0 days 00:30:57,0,0,0,0,0,0,1,0,0
1,31,0,From Free Kick,Portugal,3869254,0 days 00:31:00,0,0,0,0,0,0,1,0,0
1,31,8,From Free Kick,Portugal,3869254,0 days 00:31:08,0,0,0,0,0,0,1,0,0
1,31,13,From Free Kick,Portugal,3869254,0 days 00:31:13,0,0,0,0,0,0,1,0,0
1,31,15,From Free Kick,Portugal,3869254,0 days 00:31:15,0,0,0,0,0,0,1,0,0
1,31,19,From Free Kick,Portugal,3869254,0 days 00:31:19,0,0,0,0,0,0,1,0,0
1,31,25,From Free Kick,Portugal,3869254,0 days 00:31:25,0,0,0,0,0,0,1,0,0
1,31,27,From Free Kick,Portugal,3869254,0 days 00:31:27,0,0,0,0,0,0,1,0,0
1,31,30,From Free Kick,Portugal,3869254,0 days 00:31:30,0,0,0,0,0,0,1,0,0
1,31,31,From Free Kick,Portugal,3869254,0 days 00:31:31,0,0,0,0,0,0,1,0,0
1,31,33,From Free Kick,Portugal,3869254,0 days 00:31:33,0,0,0,0,0,0,1,0,0
1,31,34,From Free Kick,Portugal,3869254,0 days 00:31:34,0,0,0,0,0,0,1,0,0
1,31,38,From Free Kick,Portugal,3869254,0 days 00:31:38,0,0,0,0,0,0,1,0,0
1,31,42,From Free Kick,Portugal,3869254,0 days 00:31:42,0,0,0,0,0,0,1,0,0
1,31,43,From Free Kick,Switzerland,3869254,0 days 00:31:43,0,1,0,0,0,0,0,0,0
1,22,1,From Goal Kick,Netherlands,3869321,0 days 00:22:01,0,0,0,1,0,0,0,0,0
1,22,6,From Goal Kick,Netherlands,3869321,0 days 00:22:06,0,0,0,0,0,0,1,0,0
1,22,8,From Goal Kick,Netherlands,3869321,0 days 00:22:08,0,0,0,0,0,0,1,0,0
1,22,11,From Goal Kick,Netherlands,3869321,0 days 00:22:11,0,0,0,0,0,0,1,0,0
1,22,14,From Goal Kick,Netherlands,3869321,0 days 00:22:14,0,0,0,0,0,0,1,0,0
1,22,15,From Goal Kick,Netherlands,3869321,0 days 00:22:15,0,0,0,0,0,0,1,0,0
1,22,18,From Goal Kick,Argentina,3869321,0 days 00:22:18,0,0,0,0,0,0,1,0,0
1,22,19,From Goal Kick,Argentina,3869321,0 days 00:22:19,0,0,0,0,0,0,1,0,0
1,22,21,From Goal Kick,Netherlands,3869321,0 days 00:22:21,0,0,0,0,0,0,1,0,0
1,22,24,From Goal Kick,Netherlands,3869321,0 days 00:22:24,0,0,0,0,0,0,1,0,0
1,22,26,From Goal Kick,Netherlands,3869321,0 days 00:22:26,0,0,0,0,0,0,1,0,0
1,22,29,From Goal Kick,Netherlands,3869321,0 days 00:22:29,0,0,0,0,0,0,1,0,0
1,22,32,From Goal Kick,Netherlands,3869321,0 days 00:22:32,0,0,0,0,0,0,1,0,0
1,22,41,From Goal Kick,Netherlands,3869321,0 days 00:22:41,0,0,0,0,0,0,1,0,0
1,22,43,From Goal Kick,Netherlands,3869321,0 days 00:22:43,0,0,0,0,0,0,1,0,0
1,22,44,From Goal Kick,Netherlands,3869321,0 days 00:22:44,0,0,0,0,0,0,1,0,0
1,22,47,From Goal Kick,Netherlands,3869321,0 days 00:22:47,0,0,0,0,0,0,1,0,0
1,22,48,From Goal Kick,Netherlands,3869321,0 days 00:22:48,0,0,0,0,0,0,1,0,0
1,22,50,From Goal Kick,Netherlands,3869321,0 days 00:22:50,0,0,0,0,0,0,1,0,0
1,22,52,From Goal Kick,Netherlands,3869321,0 days 00:22:52,0,0,0,0,0,0,1,0,0
1,23,21,From Throw In,Argentina,3869321,0 days 00:23:21,0,0,0,0,0,0,1,0,0
1,23,22,From Throw In,Argentina,3869321,0 days 00:23:22,0,0,0,0,0,0,1,0,0
1,23,24,From Throw In,Argentina,3869321,0 days 00:23:24,0,0,0,0,0,0,1,0,0
1,23,24,From Throw In,Netherlands,3869321,0 days 00:23:24,0,0,0,0,0,1,0,0,0
1,23,27,Regular Play,Netherlands,3869321,0 days 00:23:27,1,0,0,0,0,0,0,0,0
1,23,29,Regular Play,Netherlands,3869321,0 days 00:23:29,0,0,0,0,0,0,1,0,0
1,23,32,Regular Play,Netherlands,3869321,0 days 00:23:32,0,0,0,0,0,0,1,0,0
1,23,33,Regular Play,Netherlands,3869321,0 days 00:23:33,0,0,0,0,0,0,1,0,0
1,23,38,Regular Play,Netherlands,3869321,0 days 00:23:38,0,0,0,0,0,0,1,0,0
1,23,39,Regular Play,Netherlands,3869321,0 days 00:23:39,0,0,0,0,0,0,1,0,0
1,23,40,Regular Play,Netherlands,3869321,0 days 00:23:40,0,0,0,0,0,0,1,0,0
1,23,41,Regular Play,Netherlands,3869321,0 days 00:23:41,0,0,0,0,0,0,1,0,0
1,23,42,Regular Play,Netherlands,3869321,0 days 00:23:42,0,0,0,0,0,0,0,1,0
1,24,10,From Goal Kick,Argentina,3869321,0 days 00:24:10,0,0,0,0,0,0,1,0,0
1,24,14,From Goal Kick,Netherlands,3869321,0 days 00:24:14,0,1,0,0,0,0,0,0,0
1,24,31,From Throw In,Argentina,3869321,0 days 00:24:31,0,0,0,0,0,0,1,0,0
1,24,32,From Throw In,Argentina,3869321,0 days 00:24:32,0,0,0,0,0,0,1,0,0
1,24,37,From Throw In,Netherlands,3869321,0 days 00:24:37,0,0,0,0,1,0,0,0,0
1,24,53,From Free Kick,Argentina,3869321,0 days 00:24:53,0,0,0,0,0,0,1,0,0
1,24,57,From Free Kick,Argentina,3869321,0 days 00:24:57,0,0,0,0,0,0,1,0,0
1,25,0,From Free Kick,Argentina,3869321,0 days 00:25:00,0,0,0,0,0,0,1,0,0
1,25,2,From Free Kick,Argentina,3869321,0 days 00:25:02,0,0,0,0,0,0,1,0,0
1,25,8,From Free Kick,Argentina,3869321,0 days 00:25:08,0,0,0,0,0,0,1,0,0
1,25,13,From Free Kick,Argentina,3869321,0 days 00:25:13,0,0,0,0,0,0,1,0,0
1,25,15,From Free Kick,Argentina,3869321,0 days 00:25:15,0,0,0,0,0,0,1,0,0
1,25,16,From Free Kick,Argentina,3869321,0 days 00:25:16,0,0,0,0,0,0,1,0,0
1,25,17,From Free Kick,Netherlands,3869321,0 days 00:25:17,0,0,0,0,0,1,0,0,0
1,25,19,From Free Kick,Argentina,3869321,0 days 00:25:19,0,0,0,0,0,0,1,0,0
1,25,20,From Free Kick,Argentina,3869321,0 days 00:25:20,0,0,0,0,0,0,1,0,0
1,25,29,From Throw In,Netherlands,3869321,0 days 00:25:29,0,0,0,0,0,0,1,0,0
1,25,33,From Throw In,Netherlands,3869321,0 days 00:25:33,0,0,0,0,0,0,1,0,0
1,25,37,From Throw In,Netherlands,3869321,0 days 00:25:37,0,0,0,0,0,0,1,0,0
1,25,40,From Throw In,Netherlands,3869321,0 days 00:25:40,0,0,0,0,0,0,1,0,0
1,25,47,From Throw In,Netherlands,3869321,0 days 00:25:47,0,0,0,0,0,0,1,0,0
1,25,50,From Throw In,Netherlands,3869321,0 days 00:25:50,0,0,0,0,0,0,1,0,0
1,25,51,From Throw In,Netherlands,3869321,0 days 00:25:51,0,0,0,0,0,0,1,0,0
1,25,53,From Throw In,Netherlands,3869321,0 days 00:25:53,0,0,0,0,1,0,0,0,0
1,25,53,Regular Play,Argentina,3869321,0 days 00:25:53,0,0,0,0,0,0,1,0,0
1,25,56,Regular Play,Netherlands,3869321,0 days 00:25:56,0,0,0,0,1,0,0,0,0
1,26,30,From Free Kick,Argentina,3869321,0 days 00:26:30,0,0,0,0,0,0,1,0,0
1,26,33,From Free Kick,Argentina,3869321,0 days 00:26:33,0,0,0,0,0,0,1,0,0
1,26,36,From Free Kick,Argentina,3869321,0 days 00:26:36,0,0,0,0,0,0,1,0,0
1,26,39,From Free Kick,Argentina,3869321,0 days 00:26:39,0,0,0,0,0,0,1,0,0
1,26,41,From Free Kick,Argentina,3869321,0 days 00:26:41,0,0,0,0,0,0,1,0,0
1,26,55,From Free Kick,Netherlands,3869321,0 days 00:26:55,0,0,0,0,0,0,1,0,0
1,26,57,From Free Kick,Netherlands,3869321,0 days 00:26:57,0,0,0,0,0,0,1,0,0
1,27,3,From Free Kick,Netherlands,3869321,0 days 00:27:03,0,0,0,0,0,0,1,0,0
1,27,5,From Free Kick,Netherlands,3869321,0 days 00:27:05,0,0,0,0,1,0,0,0,0
1,27,23,From Free Kick,Argentina,3869321,0 days 00:27:23,0,0,0,0,0,0,1,0,0
1,27,25,From Free Kick,Argentina,3869321,0 days 00:27:25,0,0,0,0,0,0,1,0,0
1,27,27,From Free Kick,Argentina,3869321,0 days 00:27:27,0,0,0,1,0,0,0,0,0
1,27,29,From Free Kick,Argentina,3869321,0 days 00:27:29,0,0,0,0,0,0,1,0,0
1,27,31,From Free Kick,Argentina,3869321,0 days 00:27:31,0,0,0,0,0,0,1,0,0
1,27,47,From Throw In,Netherlands,3869321,0 days 00:27:47,0,0,0,0,0,0,1,0,0
1,27,50,From Throw In,Netherlands,3869321,0 days 00:27:50,0,0,0,0,0,0,1,0,0
1,27,54,From Throw In,Netherlands,3869321,0 days 00:27:54,0,0,0,0,0,0,1,0,0
1,27,59,From Throw In,Netherlands,3869321,0 days 00:27:59,0,0,0,0,0,0,1,0,0
1,28,16,From Throw In,Netherlands,3869321,0 days 00:28:16,0,0,0,0,0,0,1,0,0
1,28,19,From Throw In,Netherlands,3869321,0 days 00:28:19,0,0,0,0,0,0,1,0,0
1,28,21,From Throw In,Netherlands,3869321,0 days 00:28:21,0,0,0,0,0,0,1,0,0
1,28,22,From Throw In,Netherlands,3869321,0 days 00:28:22,0,0,0,0,0,0,1,0,0
1,28,25,From Throw In,Netherlands,3869321,0 days 00:28:25,0,0,0,0,0,0,1,0,0
1,28,27,From Throw In,Netherlands,3869321,0 days 00:28:27,0,0,0,0,0,0,1,0,0
1,28,30,From Throw In,Netherlands,3869321,0 days 00:28:30,0,0,0,0,0,0,1,0,0
1,28,33,From Throw In,Netherlands,3869321,0 days 00:28:33,0,0,0,0,0,0,1,0,0
1,28,37,From Throw In,Netherlands,3869321,0 days 00:28:37,0,0,0,0,0,0,1,0,0
1,28,39,From Throw In,Netherlands,3869321,0 days 00:28:39,0,0,0,0,0,0,1,0,0
1,28,43,From Throw In,Netherlands,3869321,0 days 00:28:43,0,0,0,0,0,0,1,0,0
1,28,45,From Throw In,Argentina,3869321,0 days 00:28:45,0,1,0,0,0,0,0,0,0
1,28,48,From Throw In,Netherlands,3869321,0 days 00:28:48,0,0,0,0,0,0,1,0,0
1,28,53,From Throw In,Netherlands,3869321,0 days 00:28:53,0,0,0,0,0,0,1,0,0
1,28,56,From Throw In,Netherlands,3869321,0 days 00:28:56,0,0,0,0,0,0,1,0,0
1,29,1,Regular Play,Argentina,3869321,0 days 00:29:01,0,0,0,0,0,0,1,0,0
1,29,3,Regular Play,Argentina,3869321,0 days 00:29:03,0,0,0,0,0,0,1,0,0
1,29,4,Regular Play,Argentina,3869321,0 days 00:29:04,0,0,0,1,0,0,0,0,0
1,29,7,Regular Play,Argentina,3869321,0 days 00:29:07,0,0,0,0,0,0,1,0,0
1,29,13,Regular Play,Argentina,3869321,0 days 00:29:13,0,0,0,0,0,0,1,0,0
1,29,14,Regular Play,Argentina,3869321,0 days 00:29:14,0,0,0,0,0,0,1,0,0
1,29,17,Regular Play,Argentina,3869321,0 days 00:29:17,0,0,0,0,0,0,1,0,0
1,29,24,Regular Play,Argentina,3869321,0 days 00:29:24,0,0,0,0,0,0,1,0,0
1,29,26,Regular Play,Argentina,3869321,0 days 00:29:26,0,0,0,0,0,0,1,0,0
1,29,28,Regular Play,Argentina,3869321,0 days 00:29:28,0,0,0,0,0,0,1,0,0
1,29,33,Regular Play,Argentina,3869321,0 days 00:29:33,0,0,0,0,0,0,1,0,0
1,29,37,Regular Play,Argentina,3869321,0 days 00:29:37,0,0,0,0,0,0,1,0,0
1,29,38,Regular Play,Argentina,3869321,0 days 00:29:38,0,0,0,0,0,0,1,0,0
1,29,40,Regular Play,Argentina,3869321,0 days 00:29:40,0,0,0,0,0,0,1,0,0
1,29,42,Regular Play,Argentina,3869321,0 days 00:29:42,0,0,0,0,0,0,1,0,0
1,29,45,Regular Play,Argentina,3869321,0 days 00:29:45,0,0,0,0,0,0,1,0,0
1,29,49,Regular Play,Argentina,3869321,0 days 00:29:49,0,0,0,0,0,0,1,0,0
1,29,52,Regular Play,Argentina,3869321,0 days 00:29:52,0,0,0,0,0,0,1,0,0
1,29,56,Regular Play,Argentina,3869321,0 days 00:29:56,0,0,0,0,0,0,1,0,0
1,29,59,Regular Play,Argentina,3869321,0 days 00:29:59,0,0,0,0,0,0,1,0,0
1,30,3,Regular Play,Argentina,3869321,0 days 00:30:03,0,0,0,0,0,0,1,0,0
1,30,6,Regular Play,Argentina,3869321,0 days 00:30:06,0,0,0,0,0,0,1,0,0
1,30,11,Regular Play,Argentina,3869321,0 days 00:30:11,0,0,0,0,0,0,1,0,0
1,30,15,Regular Play,Argentina,3869321,0 days 00:30:15,0,0,0,0,0,0,1,0,0
1,30,16,Regular Play,Argentina,3869321,0 days 00:30:16,0,0,0,0,0,0,1,0,0
1,31,7,From Throw In,Netherlands,3869321,0 days 00:31:07,0,0,0,0,0,0,1,0,0
1,31,10,Regular Play,Argentina,3869321,0 days 00:31:10,1,0,0,0,0,0,0,0,0
1,31,11,Regular Play,Argentina,3869321,0 days 00:31:11,0,0,0,0,0,0,1,0,0
1,31,16,Regular Play,Argentina,3869321,0 days 00:31:16,0,0,0,0,0,0,1,0,0
1,31,19,Regular Play,Argentina,3869321,0 days 00:31:19,0,0,0,0,0,0,1,0,0
1,31,21,Regular Play,Argentina,3869321,0 days 00:31:21,0,0,0,0,0,0,1,0,0
1,31,22,Regular Play,Netherlands,3869321,0 days 00:31:22,0,0,0,0,0,0,1,0,0
1,31,23,Regular Play,Argentina,3869321,0 days 00:31:23,0,0,0,0,0,1,0,0,0
1,31,26,Regular Play,Argentina,3869321,0 days 00:31:26,0,0,0,0,0,0,1,0,0
1,31,27,Regular Play,Argentina,3869321,0 days 00:31:27,0,0,0,0,0,0,1,0,0
1,31,28,Regular Play,Netherlands,3869321,0 days 00:31:28,0,0,0,0,0,1,0,0,0
1,31,30,Regular Play,Netherlands,3869321,0 days 00:31:30,0,0,0,0,0,0,1,0,0
1,31,30,Regular Play,Argentina,3869321,0 days 00:31:30,0,0,0,0,0,0,1,0,0
1,31,33,Regular Play,Argentina,3869321,0 days 00:31:33,0,0,0,0,0,0,1,0,0
1,31,34,Regular Play,Netherlands,3869321,0 days 00:31:34,0,0,0,0,0,1,0,0,0
1,31,35,Regular Play,Argentina,3869321,0 days 00:31:35,1,0,0,0,0,0,0,0,0
1,31,37,Regular Play,Argentina,3869321,0 days 00:31:37,0,0,0,0,0,0,1,0,0
1,31,44,Regular Play,Argentina,3869321,0 days 00:31:44,0,0,0,0,0,0,1,0,0
1,31,44,Regular Play,Netherlands,3869321,0 days 00:31:44,0,0,0,0,0,1,0,0,0
1,31,49,Regular Play,Argentina,3869321,0 days 00:31:49,0,0,0,0,0,0,1,0,0
1,31,54,Regular Play,Argentina,3869321,0 days 00:31:54,0,0,0,0,0,0,1,0,0
1,31,57,Regular Play,Argentina,3869321,0 days 00:31:57,0,0,0,0,0,0,1,0,0
1,22,0,From Throw In,England,3869354,0 days 00:22:00,0,0,0,0,0,0,1,0,0
1,22,1,From Throw In,England,3869354,0 days 00:22:01,0,0,0,0,0,0,1,0,0
1,22,5,From Throw In,England,3869354,0 days 00:22:05,0,0,0,0,0,0,1,0,0
1,22,8,From Throw In,England,3869354,0 days 00:22:08,0,0,0,0,0,0,1,0,0
1,22,12,From Throw In,England,3869354,0 days 00:22:12,0,0,0,0,0,0,1,0,0
1,22,17,From Throw In,England,3869354,0 days 00:22:17,0,0,0,0,0,0,1,0,0
1,22,22,From Throw In,England,3869354,0 days 00:22:22,0,0,0,0,0,0,1,0,0
1,22,23,From Throw In,England,3869354,0 days 00:22:23,0,0,0,0,0,0,1,0,0
1,22,24,From Throw In,England,3869354,0 days 00:22:24,0,0,0,0,0,0,1,0,0
1,22,26,From Throw In,England,3869354,0 days 00:22:26,0,0,0,0,0,0,1,0,0
1,22,27,From Throw In,England,3869354,0 days 00:22:27,0,0,0,0,0,0,1,0,0
1,22,34,From Throw In,England,3869354,0 days 00:22:34,0,0,0,0,0,0,1,0,0
1,22,36,Regular Play,France,3869354,0 days 00:22:36,0,0,0,0,0,0,1,0,0
1,22,37,Regular Play,France,3869354,0 days 00:22:37,0,0,0,0,0,0,1,0,0
1,22,39,Regular Play,France,3869354,0 days 00:22:39,0,0,0,0,0,0,1,0,0
1,22,41,Regular Play,France,3869354,0 days 00:22:41,0,0,0,0,0,0,1,0,0
1,22,44,Regular Play,France,3869354,0 days 00:22:44,0,0,0,0,0,0,1,0,0
1,22,46,Regular Play,France,3869354,0 days 00:22:46,0,0,0,0,0,0,1,0,0
1,22,47,Regular Play,France,3869354,0 days 00:22:47,0,0,0,0,0,0,1,0,0
1,22,48,Regular Play,France,3869354,0 days 00:22:48,0,0,0,0,0,0,1,0,0
1,22,49,Regular Play,France,3869354,0 days 00:22:49,0,0,0,0,0,0,1,0,0
1,22,49,Regular Play,England,3869354,0 days 00:22:49,0,0,0,0,0,1,0,0,0
1,22,51,Regular Play,England,3869354,0 days 00:22:51,1,0,0,0,0,0,0,0,0
1,22,53,Regular Play,England,3869354,0 days 00:22:53,0,0,0,0,0,0,1,0,0
1,22,55,Regular Play,England,3869354,0 days 00:22:55,0,0,1,0,0,0,0,0,0
1,22,55,Regular Play,France,3869354,0 days 00:22:55,0,0,0,0,0,0,0,0,1
1,23,16,From Throw In,England,3869354,0 days 00:23:16,0,0,0,0,0,0,1,0,0
1,23,17,From Throw In,England,3869354,0 days 00:23:17,0,0,0,0,0,0,1,0,0
1,23,23,From Throw In,England,3869354,0 days 00:23:23,0,0,0,0,0,0,1,0,0
1,23,25,From Throw In,England,3869354,0 days 00:23:25,0,0,0,0,0,0,1,0,0
1,23,28,From Throw In,England,3869354,0 days 00:23:28,0,0,0,0,0,0,1,0,0
1,23,32,From Throw In,England,3869354,0 days 00:23:32,0,0,0,0,0,0,1,0,0
1,23,35,From Throw In,England,3869354,0 days 00:23:35,0,0,0,0,0,0,1,0,0
1,23,40,From Throw In,England,3869354,0 days 00:23:40,0,0,0,0,0,0,1,0,0
1,23,43,From Throw In,England,3869354,0 days 00:23:43,0,0,0,0,0,0,1,0,0
1,23,45,From Throw In,England,3869354,0 days 00:23:45,0,0,0,0,0,0,1,0,0
1,23,54,From Throw In,England,3869354,0 days 00:23:54,0,0,0,0,0,0,1,0,0
1,23,55,From Throw In,England,3869354,0 days 00:23:55,0,0,0,0,0,0,1,0,0
1,23,57,From Throw In,England,3869354,0 days 00:23:57,0,0,0,0,0,0,1,0,0
1,23,59,From Throw In,England,3869354,0 days 00:23:59,0,0,0,0,0,0,1,0,0
1,24,2,From Throw In,England,3869354,0 days 00:24:02,0,0,0,0,0,0,1,0,0
1,24,4,From Throw In,England,3869354,0 days 00:24:04,0,0,0,0,0,0,1,0,0
1,24,5,From Throw In,England,3869354,0 days 00:24:05,0,0,0,0,0,0,1,0,0
1,24,7,From Throw In,France,3869354,0 days 00:24:07,0,0,0,0,0,0,1,0,0
1,24,10,From Throw In,France,3869354,0 days 00:24:10,0,0,0,0,0,0,1,0,0
1,24,12,From Throw In,England,3869354,0 days 00:24:12,0,0,0,0,0,0,1,0,0
1,24,13,From Throw In,England,3869354,0 days 00:24:13,0,0,0,0,0,0,1,0,0
1,24,19,From Throw In,England,3869354,0 days 00:24:19,0,0,0,0,0,0,1,0,0
1,24,22,From Throw In,England,3869354,0 days 00:24:22,0,0,0,0,0,0,1,0,0
1,24,25,From Throw In,England,3869354,0 days 00:24:25,0,0,0,0,0,0,1,0,0
1,24,27,From Throw In,France,3869354,0 days 00:24:27,0,0,0,0,0,0,1,0,0
1,24,31,From Throw In,France,3869354,0 days 00:24:31,0,0,1,0,0,0,0,0,0
1,24,31,From Throw In,England,3869354,0 days 00:24:31,0,0,0,0,0,0,0,0,1
1,24,32,From Throw In,England,3869354,0 days 00:24:32,1,0,0,0,0,0,0,0,0
1,24,34,From Throw In,France,3869354,0 days 00:24:34,0,1,0,0,0,0,0,0,0
1,24,36,From Throw In,France,3869354,0 days 00:24:36,1,0,0,0,0,0,0,0,0
1,24,37,From Throw In,France,3869354,0 days 00:24:37,0,0,0,0,0,0,1,0,0
1,26,5,From Throw In,England,3869354,0 days 00:26:05,0,0,0,0,0,0,1,0,0
1,26,13,From Throw In,England,3869354,0 days 00:26:13,0,0,0,0,0,0,1,0,0
1,26,13,From Throw In,England,3869354,0 days 00:26:13,0,0,0,0,0,0,1,0,0
1,26,16,From Throw In,England,3869354,0 days 00:26:16,0,0,0,0,0,0,1,0,0
1,26,21,From Throw In,England,3869354,0 days 00:26:21,0,0,0,0,0,0,1,0,0
1,26,27,From Throw In,England,3869354,0 days 00:26:27,0,0,0,0,0,0,1,0,0
1,26,29,From Throw In,England,3869354,0 days 00:26:29,0,0,0,0,0,0,1,0,0
1,26,33,From Throw In,England,3869354,0 days 00:26:33,0,0,0,0,0,0,1,0,0
1,26,38,From Throw In,England,3869354,0 days 00:26:38,0,0,0,0,0,0,1,0,0
1,26,40,From Throw In,England,3869354,0 days 00:26:40,0,0,0,0,0,0,1,0,0
1,26,41,From Throw In,England,3869354,0 days 00:26:41,0,0,0,0,0,0,1,0,0
1,26,42,Regular Play,France,3869354,0 days 00:26:42,1,0,0,0,0,0,0,0,0
1,26,43,Regular Play,France,3869354,0 days 00:26:43,0,0,0,0,0,0,1,0,0
1,26,49,Regular Play,France,3869354,0 days 00:26:49,0,0,0,0,0,0,1,0,0
1,26,52,Regular Play,France,3869354,0 days 00:26:52,0,0,0,0,0,0,1,0,0
1,26,54,Regular Play,France,3869354,0 days 00:26:54,0,0,0,0,0,0,1,0,0
1,26,56,Regular Play,France,3869354,0 days 00:26:56,0,0,0,0,0,0,1,0,0
1,26,58,Regular Play,France,3869354,0 days 00:26:58,0,0,0,0,0,0,1,0,0
1,27,2,Regular Play,France,3869354,0 days 00:27:02,0,0,0,0,0,0,1,0,0
1,27,3,Regular Play,France,3869354,0 days 00:27:03,0,0,0,0,0,0,1,0,0
1,27,8,Regular Play,France,3869354,0 days 00:27:08,0,0,0,0,0,0,1,0,0
1,27,10,Regular Play,France,3869354,0 days 00:27:10,0,0,0,0,0,0,1,0,0
1,27,16,Regular Play,France,3869354,0 days 00:27:16,0,0,0,0,0,0,1,0,0
1,27,17,Regular Play,France,3869354,0 days 00:27:17,0,0,0,0,0,0,1,0,0
1,27,20,Regular Play,France,3869354,0 days 00:27:20,0,0,0,0,0,0,1,0,0
1,27,21,Regular Play,France,3869354,0 days 00:27:21,0,0,0,0,0,0,1,0,0
1,27,24,Regular Play,France,3869354,0 days 00:27:24,0,0,0,0,0,0,1,0,0
1,27,29,Regular Play,England,3869354,0 days 00:27:29,1,0,0,0,0,0,0,0,0
1,27,31,Regular Play,England,3869354,0 days 00:27:31,0,0,0,0,0,0,1,0,0
1,27,42,Regular Play,England,3869354,0 days 00:27:42,0,0,0,0,0,0,1,0,0
1,27,44,Regular Play,England,3869354,0 days 00:27:44,0,0,0,0,0,0,1,0,0
1,27,49,Regular Play,England,3869354,0 days 00:27:49,0,0,0,0,0,0,1,0,0
1,27,53,Regular Play,England,3869354,0 days 00:27:53,0,0,0,0,0,0,1,0,0
1,27,55,Regular Play,England,3869354,0 days 00:27:55,0,0,0,0,0,0,1,0,0
1,27,56,Regular Play,England,3869354,0 days 00:27:56,0,0,0,0,0,0,1,0,0
1,28,4,Regular Play,England,3869354,0 days 00:28:04,0,0,0,0,0,0,1,0,0
1,28,8,Regular Play,England,3869354,0 days 00:28:08,1,0,0,0,0,0,0,0,0
1,28,8,Regular Play,England,3869354,0 days 00:28:08,0,0,0,0,0,0,1,0,0
1,28,12,From Throw In,England,3869354,0 days 00:28:12,0,0,0,0,0,0,1,0,0
1,28,13,From Throw In,France,3869354,0 days 00:28:13,0,0,0,0,0,1,0,0,0
1,28,15,From Throw In,France,3869354,0 days 00:28:15,0,0,0,0,0,0,1,0,0
1,28,15,From Throw In,England,3869354,0 days 00:28:15,0,0,0,0,0,1,0,0,0
1,28,19,From Throw In,England,3869354,0 days 00:28:19,0,0,0,0,0,0,1,0,0
1,28,20,From Throw In,England,3869354,0 days 00:28:20,0,0,0,0,0,0,1,0,0
1,28,21,From Throw In,France,3869354,0 days 00:28:21,0,0,0,0,0,1,0,0,0
1,28,22,From Throw In,France,3869354,0 days 00:28:22,0,0,0,0,0,0,1,0,0
1,28,24,From Throw In,England,3869354,0 days 00:28:24,0,0,0,0,0,0,1,0,0
1,28,28,From Throw In,England,3869354,0 days 00:28:28,0,0,0,0,0,0,1,0,0
1,28,30,From Throw In,England,3869354,0 days 00:28:30,0,0,0,0,0,0,0,1,0
1,29,19,From Corner,England,3869354,0 days 00:29:19,0,0,0,0,0,0,1,0,0
1,29,21,From Corner,England,3869354,0 days 00:29:21,0,0,0,0,0,0,1,0,0
1,29,22,From Corner,France,3869354,0 days 00:29:22,0,1,0,0,0,0,0,0,0
1,29,23,From Corner,France,3869354,0 days 00:29:23,1,0,0,0,0,0,0,0,0
1,29,25,From Corner,France,3869354,0 days 00:29:25,0,0,0,0,0,0,1,0,0
1,29,29,From Corner,England,3869354,0 days 00:29:29,0,0,0,0,0,0,1,0,0
1,29,31,From Corner,England,3869354,0 days 00:29:31,0,0,0,0,0,0,1,0,0
1,29,34,From Corner,England,3869354,0 days 00:29:34,0,0,0,0,0,0,1,0,0
1,29,37,From Corner,England,3869354,0 days 00:29:37,0,0,0,0,0,0,1,0,0
1,29,40,From Corner,England,3869354,0 days 00:29:40,0,0,0,0,0,0,1,0,0
1,29,43,From Corner,England,3869354,0 days 00:29:43,0,0,0,0,0,0,1,0,0
1,29,46,From Corner,England,3869354,0 days 00:29:46,0,0,0,0,0,0,1,0,0
1,29,50,From Corner,England,3869354,0 days 00:29:50,0,0,0,0,0,0,1,0,0
1,29,53,From Corner,England,3869354,0 days 00:29:53,0,0,0,0,0,0,1,0,0
1,29,57,From Corner,England,3869354,0 days 00:29:57,0,0,0,0,0,0,1,0,0
1,30,1,From Corner,England,3869354,0 days 00:30:01,0,0,0,0,0,0,1,0,0
1,30,2,From Corner,England,3869354,0 days 00:30:02,0,0,0,0,0,0,1,0,0
1,30,4,From Corner,England,3869354,0 days 00:30:04,1,0,0,0,0,0,0,0,0
1,30,5,From Corner,France,3869354,0 days 00:30:05,1,0,0,0,0,0,0,0,0
1,30,5,From Corner,France,3869354,0 days 00:30:05,0,0,0,0,0,0,1,0,0
1,30,8,From Corner,England,3869354,0 days 00:30:08,1,0,0,0,0,0,0,0,0
1,30,8,From Corner,England,3869354,0 days 00:30:08,0,0,1,0,0,0,0,0,0
1,30,8,From Corner,France,3869354,0 days 00:30:08,0,0,0,0,0,0,0,0,1
1,30,46,From Goal Kick,France,3869354,0 days 00:30:46,0,0,0,0,0,0,1,0,0
1,30,49,From Goal Kick,France,3869354,0 days 00:30:49,0,0,0,0,0,0,1,0,0
1,31,20,From Throw In,England,3869354,0 days 00:31:20,0,0,0,0,0,0,1,0,0
1,31,22,Regular Play,France,3869354,0 days 00:31:22,0,0,0,0,0,0,1,0,0
1,31,27,Regular Play,France,3869354,0 days 00:31:27,0,0,0,0,0,0,1,0,0
1,31,28,Regular Play,France,3869354,0 days 00:31:28,0,0,0,0,0,0,1,0,0
1,31,31,Regular Play,France,3869354,0 days 00:31:31,0,0,0,0,0,0,1,0,0
1,31,34,Regular Play,France,3869354,0 days 00:31:34,0,0,0,0,0,0,1,0,0
1,31,37,Regular Play,England,3869354,0 days 00:31:37,1,0,0,0,0,0,0,0,0
1,31,38,Regular Play,France,3869354,0 days 00:31:38,0,0,0,0,1,0,0,0,0
1,31,55,From Free Kick,England,3869354,0 days 00:31:55,0,0,0,0,0,0,1,0,0
1,31,57,From Free Kick,England,3869354,0 days 00:31:57,0,0,0,0,0,0,1,0,0
1,22,1,Regular Play,Brazil,3869420,0 days 00:22:01,0,0,0,0,0,0,1,0,0
1,22,8,Regular Play,Brazil,3869420,0 days 00:22:08,0,0,0,0,0,0,1,0,0
1,22,11,Regular Play,Brazil,3869420,0 days 00:22:11,0,0,0,0,0,0,1,0,0
1,22,13,Regular Play,Brazil,3869420,0 days 00:22:13,0,0,0,0,0,0,1,0,0
1,22,20,Regular Play,Brazil,3869420,0 days 00:22:20,0,0,0,0,0,0,1,0,0
1,22,23,Regular Play,Brazil,3869420,0 days 00:22:23,0,0,0,0,0,0,1,0,0
1,22,26,Regular Play,Brazil,3869420,0 days 00:22:26,0,0,0,0,0,0,1,0,0
1,22,30,Regular Play,Brazil,3869420,0 days 00:22:30,0,0,0,0,0,0,1,0,0
1,22,33,Regular Play,Croatia,3869420,0 days 00:22:33,0,1,0,0,0,0,0,0,0
1,22,35,Regular Play,Brazil,3869420,0 days 00:22:35,1,0,0,0,0,0,0,0,0
1,22,36,Regular Play,Brazil,3869420,0 days 00:22:36,0,0,0,0,0,0,1,0,0
1,22,37,Regular Play,Brazil,3869420,0 days 00:22:37,0,0,0,0,0,0,0,1,0
1,23,8,From Corner,Brazil,3869420,0 days 00:23:08,0,0,0,0,0,0,1,0,0
1,23,10,From Corner,Croatia,3869420,0 days 00:23:10,0,1,0,0,0,0,0,0,0
1,23,11,From Corner,Croatia,3869420,0 days 00:23:11,0,0,0,0,0,0,1,0,0
1,23,13,From Corner,Brazil,3869420,0 days 00:23:13,0,0,0,0,1,0,0,0,0
1,23,29,From Free Kick,Croatia,3869420,0 days 00:23:29,0,0,0,0,0,0,1,0,0
1,23,32,From Free Kick,Croatia,3869420,0 days 00:23:32,0,0,0,0,0,0,1,0,0
1,23,42,From Free Kick,Croatia,3869420,0 days 00:23:42,0,0,0,0,0,0,1,0,0
1,23,44,From Free Kick,Croatia,3869420,0 days 00:23:44,0,0,0,0,0,0,1,0,0
1,23,47,From Free Kick,Croatia,3869420,0 days 00:23:47,0,0,0,0,0,0,1,0,0
1,23,48,From Free Kick,Croatia,3869420,0 days 00:23:48,0,0,0,0,0,0,1,0,0
1,23,51,From Free Kick,Croatia,3869420,0 days 00:23:51,0,0,0,0,0,0,1,0,0
1,23,54,From Free Kick,Croatia,3869420,0 days 00:23:54,0,0,0,0,0,0,1,0,0
1,23,57,From Free Kick,Croatia,3869420,0 days 00:23:57,0,0,0,0,0,0,1,0,0
1,24,1,From Free Kick,Croatia,3869420,0 days 00:24:01,0,0,0,0,0,0,1,0,0
1,24,6,From Free Kick,Brazil,3869420,0 days 00:24:06,0,0,0,0,1,0,0,0,0
1,25,22,From Free Kick,Croatia,3869420,0 days 00:25:22,0,0,0,0,0,0,1,0,0
1,25,23,From Free Kick,Brazil,3869420,0 days 00:25:23,0,1,0,0,0,0,0,0,0
1,25,25,From Free Kick,Croatia,3869420,0 days 00:25:25,0,0,0,0,1,0,0,0,0
1,25,41,From Free Kick,Brazil,3869420,0 days 00:25:41,0,0,0,0,0,0,1,0,0
1,25,43,From Free Kick,Brazil,3869420,0 days 00:25:43,0,0,0,0,0,0,1,0,0
1,25,47,From Free Kick,Brazil,3869420,0 days 00:25:47,0,0,0,0,0,0,1,0,0
1,25,51,From Free Kick,Brazil,3869420,0 days 00:25:51,0,0,0,0,0,0,1,0,0
1,25,54,From Free Kick,Brazil,3869420,0 days 00:25:54,0,0,0,0,0,0,1,0,0
1,25,58,From Free Kick,Brazil,3869420,0 days 00:25:58,0,0,0,0,0,0,1,0,0
1,26,0,From Free Kick,Brazil,3869420,0 days 00:26:00,0,0,0,0,0,0,1,0,0
1,26,4,From Free Kick,Brazil,3869420,0 days 00:26:04,0,0,0,0,0,0,1,0,0
1,26,6,From Free Kick,Brazil,3869420,0 days 00:26:06,0,0,0,0,0,0,1,0,0
1,26,9,From Free Kick,Brazil,3869420,0 days 00:26:09,0,0,0,0,0,0,1,0,0
1,26,12,From Free Kick,Brazil,3869420,0 days 00:26:12,0,0,0,0,0,0,1,0,0
1,26,18,From Free Kick,Brazil,3869420,0 days 00:26:18,0,0,0,0,0,0,1,0,0
1,26,21,From Free Kick,Brazil,3869420,0 days 00:26:21,0,0,0,0,0,0,1,0,0
1,26,22,From Free Kick,Brazil,3869420,0 days 00:26:22,0,0,0,0,0,0,1,0,0
1,26,23,From Free Kick,Brazil,3869420,0 days 00:26:23,0,0,0,0,0,0,1,0,0
1,26,30,Regular Play,Croatia,3869420,0 days 00:26:30,1,0,0,0,0,0,0,0,0
1,26,32,Regular Play,Croatia,3869420,0 days 00:26:32,0,0,0,0,0,0,1,0,0
1,26,33,Regular Play,Brazil,3869420,0 days 00:26:33,0,0,0,0,0,0,1,0,0
1,26,35,Regular Play,Croatia,3869420,0 days 00:26:35,0,0,0,0,0,0,1,0,0
1,26,36,Regular Play,Brazil,3869420,0 days 00:26:36,0,0,0,0,0,0,1,0,0
1,26,37,Regular Play,Croatia,3869420,0 days 00:26:37,1,0,0,0,0,0,0,0,0
1,26,38,Regular Play,Croatia,3869420,0 days 00:26:38,0,0,0,0,0,0,1,0,0
1,26,39,Regular Play,Brazil,3869420,0 days 00:26:39,0,0,0,0,0,1,0,0,0
1,26,40,Regular Play,Brazil,3869420,0 days 00:26:40,0,0,1,0,0,0,0,0,0
1,26,40,Regular Play,Croatia,3869420,0 days 00:26:40,0,0,0,0,0,0,0,0,1
1,26,42,Regular Play,Croatia,3869420,0 days 00:26:42,0,0,0,1,0,0,0,0,0
1,26,42,Regular Play,Brazil,3869420,0 days 00:26:42,0,0,0,0,0,0,0,0,1
1,26,44,Regular Play,Croatia,3869420,0 days 00:26:44,1,0,0,0,0,0,0,0,0
1,26,45,Regular Play,Croatia,3869420,0 days 00:26:45,0,0,0,0,0,0,1,0,0
1,26,47,Regular Play,Croatia,3869420,0 days 00:26:47,0,0,0,0,0,0,1,0,0
1,26,48,Regular Play,Brazil,3869420,0 days 00:26:48,0,0,0,0,0,0,1,0,0
1,26,52,Regular Play,Brazil,3869420,0 days 00:26:52,0,0,0,0,0,0,1,0,0
1,26,56,Regular Play,Brazil,3869420,0 days 00:26:56,0,0,0,0,0,0,1,0,0
1,27,1,Regular Play,Brazil,3869420,0 days 00:27:01,0,0,0,0,0,0,1,0,0
1,27,5,Regular Play,Brazil,3869420,0 days 00:27:05,0,0,0,1,0,0,0,0,0
1,27,5,Regular Play,Croatia,3869420,0 days 00:27:05,0,0,0,0,0,0,0,0,1
1,27,6,Regular Play,Croatia,3869420,0 days 00:27:06,1,0,0,0,0,0,0,0,0
1,27,8,Regular Play,Croatia,3869420,0 days 00:27:08,0,0,0,0,0,0,1,0,0
1,27,14,Regular Play,Croatia,3869420,0 days 00:27:14,0,0,1,0,0,0,0,0,0
1,27,14,Regular Play,Brazil,3869420,0 days 00:27:14,0,0,0,0,0,0,0,0,1
1,27,35,From Throw In,Croatia,3869420,0 days 00:27:35,0,0,0,0,0,0,1,0,0
1,27,36,From Throw In,Croatia,3869420,0 days 00:27:36,0,0,0,0,0,0,1,0,0
1,27,39,Regular Play,Brazil,3869420,0 days 00:27:39,1,0,0,0,0,0,0,0,0
1,27,40,Regular Play,Brazil,3869420,0 days 00:27:40,0,0,0,0,0,0,1,0,0
1,27,40,Regular Play,Croatia,3869420,0 days 00:27:40,0,0,0,0,1,0,0,0,0
1,28,31,From Free Kick,Brazil,3869420,0 days 00:28:31,0,0,0,0,0,0,1,0,0
1,28,34,From Free Kick,Brazil,3869420,0 days 00:28:34,0,0,0,0,0,0,1,0,0
1,28,35,From Free Kick,Croatia,3869420,0 days 00:28:35,0,1,0,0,0,0,0,0,0
1,28,38,From Free Kick,Brazil,3869420,0 days 00:28:38,1,0,0,0,0,0,0,0,0
1,28,40,From Free Kick,Brazil,3869420,0 days 00:28:40,0,0,0,0,0,0,1,0,0
1,28,43,From Free Kick,Brazil,3869420,0 days 00:28:43,0,0,0,0,0,0,1,0,0
1,28,45,From Free Kick,Brazil,3869420,0 days 00:28:45,0,0,0,0,0,0,1,0,0
1,28,48,From Free Kick,Brazil,3869420,0 days 00:28:48,1,0,0,0,0,0,0,0,0
1,28,49,From Free Kick,Brazil,3869420,0 days 00:28:49,0,0,0,0,0,0,1,0,0
1,28,51,From Free Kick,Brazil,3869420,0 days 00:28:51,0,0,0,0,0,0,1,0,0
1,28,52,From Free Kick,Brazil,3869420,0 days 00:28:52,0,0,0,0,0,0,1,0,0
1,28,57,From Free Kick,Brazil,3869420,0 days 00:28:57,0,0,0,0,0,0,1,0,0
1,28,59,From Free Kick,Brazil,3869420,0 days 00:28:59,0,0,0,0,0,0,1,0,0
1,29,1,From Free Kick,Brazil,3869420,0 days 00:29:01,0,0,0,0,0,0,1,0,0
1,29,3,From Free Kick,Brazil,3869420,0 days 00:29:03,0,0,0,0,0,0,1,0,0
1,29,5,From Free Kick,Brazil,3869420,0 days 00:29:05,0,0,0,0,0,0,1,0,0
1,29,6,Regular Play,Croatia,3869420,0 days 00:29:06,1,0,0,0,0,0,0,0,0
1,29,10,Regular Play,Croatia,3869420,0 days 00:29:10,0,0,0,0,0,0,1,0,0
1,29,12,Regular Play,Croatia,3869420,0 days 00:29:12,0,0,0,0,0,0,1,0,0
1,29,15,Regular Play,Croatia,3869420,0 days 00:29:15,0,0,0,0,0,0,1,0,0
1,29,17,Regular Play,Croatia,3869420,0 days 00:29:17,0,0,0,0,0,0,1,0,0
1,29,19,Regular Play,Croatia,3869420,0 days 00:29:19,0,0,0,0,0,0,1,0,0
1,29,27,Regular Play,Croatia,3869420,0 days 00:29:27,0,0,0,0,0,0,0,1,0
1,29,48,From Goal Kick,Brazil,3869420,0 days 00:29:48,0,0,0,0,0,0,1,0,0
1,29,54,From Goal Kick,Brazil,3869420,0 days 00:29:54,0,0,0,0,0,0,1,0,0
1,29,57,From Goal Kick,Brazil,3869420,0 days 00:29:57,0,0,0,0,0,0,1,0,0
1,30,3,From Goal Kick,Brazil,3869420,0 days 00:30:03,0,0,0,0,0,0,1,0,0
1,30,7,From Goal Kick,Brazil,3869420,0 days 00:30:07,0,0,0,0,0,0,1,0,0
1,30,11,From Goal Kick,Brazil,3869420,0 days 00:30:11,0,0,0,0,0,0,1,0,0
1,30,13,From Goal Kick,Brazil,3869420,0 days 00:30:13,0,0,0,1,0,0,0,0,0
1,30,14,From Goal Kick,Croatia,3869420,0 days 00:30:14,0,0,0,0,1,0,0,0,0
1,30,57,From Free Kick,Brazil,3869420,0 days 00:30:57,0,0,0,0,0,0,1,0,0
1,30,58,From Free Kick,Brazil,3869420,0 days 00:30:58,0,0,0,0,0,0,1,0,0
1,31,1,Regular Play,Croatia,3869420,0 days 00:31:01,1,0,0,0,0,0,0,0,0
1,31,2,Regular Play,Croatia,3869420,0 days 00:31:02,0,0,0,0,0,0,1,0,0
1,31,4,Regular Play,Croatia,3869420,0 days 00:31:04,0,0,0,0,0,0,1,0,0
1,31,8,Regular Play,Croatia,3869420,0 days 00:31:08,0,0,0,0,0,0,1,0,0
1,31,13,From Throw In,Brazil,3869420,0 days 00:31:13,0,0,0,0,0,0,1,0,0
1,31,14,Regular Play,Croatia,3869420,0 days 00:31:14,0,0,0,0,0,0,1,0,0
1,31,16,Regular Play,Croatia,3869420,0 days 00:31:16,0,0,0,0,0,0,1,0,0
1,31,17,Regular Play,Croatia,3869420,0 days 00:31:17,0,0,0,1,0,0,0,0,0
1,31,21,Regular Play,Croatia,3869420,0 days 00:31:21,0,0,0,0,0,0,1,0,0
1,31,24,Regular Play,Brazil,3869420,0 days 00:31:24,0,0,0,0,1,0,0,0,0
1,31,40,From Free Kick,Croatia,3869420,0 days 00:31:40,0,0,0,0,0,0,1,0,0
1,31,43,From Free Kick,Croatia,3869420,0 days 00:31:43,0,0,0,0,0,0,1,0,0
1,31,46,From Free Kick,Croatia,3869420,0 days 00:31:46,0,0,0,0,0,0,1,0,0
1,31,51,From Free Kick,Croatia,3869420,0 days 00:31:51,0,0,0,0,0,0,1,0,0
1,31,52,From Free Kick,Croatia,3869420,0 days 00:31:52,0,0,0,0,0,0,1,0,0
1,31,56,From Free Kick,Croatia,3869420,0 days 00:31:56,0,0,0,0,0,0,1,0,0
1,31,58,From Free Kick,Croatia,3869420,0 days 00:31:58,0,0,0,0,0,0,1,0,0
1,22,2,From Goal Kick,Portugal,3869486,0 days 00:22:02,0,0,0,0,0,0,1,0,0
1,22,5,From Goal Kick,Portugal,3869486,0 days 00:22:05,0,0,0,0,0,0,1,0,0
1,22,17,From Goal Kick,Portugal,3869486,0 days 00:22:17,0,0,0,0,0,0,1,0,0
1,22,20,From Goal Kick,Portugal,3869486,0 days 00:22:20,0,0,0,0,0,0,1,0,0
1,22,25,From Goal Kick,Portugal,3869486,0 days 00:22:25,0,0,0,1,0,0,0,0,0
1,22,25,From Goal Kick,Morocco,3869486,0 days 00:22:25,0,0,0,0,0,0,0,0,1
1,22,46,From Throw In,Portugal,3869486,0 days 00:22:46,0,0,0,0,0,0,1,0,0
1,22,48,From Throw In,Portugal,3869486,0 days 00:22:48,0,0,0,0,0,0,1,0,0
1,22,50,From Throw In,Portugal,3869486,0 days 00:22:50,0,0,0,0,0,0,1,0,0
1,22,52,From Keeper,Portugal,3869486,0 days 00:22:52,0,0,0,0,1,0,0,0,0
1,23,55,From Free Kick,Morocco,3869486,0 days 00:23:55,0,0,0,0,0,0,1,0,0
1,23,59,From Free Kick,Portugal,3869486,0 days 00:23:59,0,0,0,0,0,1,0,0,0
1,24,0,From Free Kick,Portugal,3869486,0 days 00:24:00,0,0,0,0,0,0,1,0,0
1,24,4,From Free Kick,Morocco,3869486,0 days 00:24:04,0,0,0,0,0,0,1,0,0
1,24,6,From Free Kick,Morocco,3869486,0 days 00:24:06,0,0,0,1,0,0,0,0,0
1,24,6,From Free Kick,Portugal,3869486,0 days 00:24:06,0,0,0,0,0,0,0,0,1
1,24,15,From Throw In,Morocco,3869486,0 days 00:24:15,0,0,0,0,0,0,1,0,0
1,24,16,From Throw In,Morocco,3869486,0 days 00:24:16,0,0,0,0,0,0,1,0,0
1,24,18,From Throw In,Morocco,3869486,0 days 00:24:18,0,0,0,0,0,0,1,0,0
1,24,19,From Throw In,Morocco,3869486,0 days 00:24:19,0,0,0,0,0,0,1,0,0
1,24,23,From Throw In,Morocco,3869486,0 days 00:24:23,0,0,0,0,0,0,1,0,0
1,24,24,From Throw In,Morocco,3869486,0 days 00:24:24,0,0,0,0,0,0,1,0,0
1,24,28,From Throw In,Morocco,3869486,0 days 00:24:28,0,0,0,0,0,0,1,0,0
1,24,32,From Throw In,Morocco,3869486,0 days 00:24:32,0,0,0,0,0,0,1,0,0
1,24,32,From Throw In,Morocco,3869486,0 days 00:24:32,0,0,0,0,0,0,1,0,0
1,24,36,From Throw In,Morocco,3869486,0 days 00:24:36,0,0,0,0,0,0,1,0,0
1,24,38,From Throw In,Morocco,3869486,0 days 00:24:38,0,0,0,0,0,0,1,0,0
1,24,42,From Throw In,Morocco,3869486,0 days 00:24:42,0,0,0,0,0,0,1,0,0
1,24,45,From Throw In,Morocco,3869486,0 days 00:24:45,0,0,0,0,0,0,1,0,0
1,24,47,From Throw In,Morocco,3869486,0 days 00:24:47,1,0,0,0,0,0,0,0,0
1,24,48,From Throw In,Portugal,3869486,0 days 00:24:48,0,0,0,0,1,0,0,0,0
1,25,20,From Free Kick,Morocco,3869486,0 days 00:25:20,0,0,0,0,0,0,1,0,0
1,25,21,From Free Kick,Morocco,3869486,0 days 00:25:21,0,0,0,0,0,0,0,1,0
1,25,39,From Goal Kick,Portugal,3869486,0 days 00:25:39,0,0,0,0,0,0,1,0,0
1,25,45,From Goal Kick,Portugal,3869486,0 days 00:25:45,0,0,0,0,0,0,1,0,0
1,25,47,From Goal Kick,Portugal,3869486,0 days 00:25:47,0,0,0,0,0,0,1,0,0
1,25,49,From Goal Kick,Portugal,3869486,0 days 00:25:49,0,0,0,0,0,0,1,0,0
1,25,50,From Goal Kick,Morocco,3869486,0 days 00:25:50,0,0,0,0,0,0,1,0,0
1,25,52,From Goal Kick,Portugal,3869486,0 days 00:25:52,0,0,0,0,0,0,1,0,0
1,25,57,Regular Play,Morocco,3869486,0 days 00:25:57,0,0,0,0,0,0,1,0,0
1,25,59,Regular Play,Morocco,3869486,0 days 00:25:59,0,0,0,0,0,0,1,0,0
1,26,2,Regular Play,Morocco,3869486,0 days 00:26:02,0,0,0,0,0,0,1,0,0
1,26,10,Regular Play,Morocco,3869486,0 days 00:26:10,0,0,0,0,0,0,1,0,0
1,26,13,Regular Play,Morocco,3869486,0 days 00:26:13,0,0,0,0,0,0,1,0,0
1,26,22,From Throw In,Portugal,3869486,0 days 00:26:22,0,0,0,0,0,0,1,0,0
1,26,26,From Throw In,Portugal,3869486,0 days 00:26:26,0,0,0,0,0,0,1,0,0
1,26,28,From Throw In,Portugal,3869486,0 days 00:26:28,0,0,0,0,0,0,1,0,0
1,26,32,From Throw In,Portugal,3869486,0 days 00:26:32,0,0,0,0,0,0,1,0,0
1,26,41,From Throw In,Portugal,3869486,0 days 00:26:41,0,0,0,0,0,0,1,0,0
1,26,42,From Throw In,Portugal,3869486,0 days 00:26:42,0,0,0,0,0,0,1,0,0
1,26,45,From Throw In,Portugal,3869486,0 days 00:26:45,0,0,0,0,0,0,1,0,0
1,26,49,From Throw In,Portugal,3869486,0 days 00:26:49,0,0,0,0,0,0,1,0,0
1,26,52,From Throw In,Portugal,3869486,0 days 00:26:52,0,0,0,0,0,0,1,0,0
1,26,54,From Throw In,Portugal,3869486,0 days 00:26:54,0,0,0,0,0,0,1,0,0
1,26,58,From Throw In,Portugal,3869486,0 days 00:26:58,0,0,0,0,0,0,1,0,0
1,27,1,From Throw In,Portugal,3869486,0 days 00:27:01,0,0,0,0,0,0,1,0,0
1,27,4,From Throw In,Portugal,3869486,0 days 00:27:04,0,0,0,0,0,0,1,0,0
1,27,8,From Throw In,Portugal,3869486,0 days 00:27:08,0,0,0,0,0,0,1,0,0
1,27,10,From Throw In,Portugal,3869486,0 days 00:27:10,0,0,0,0,0,0,1,0,0
1,27,13,From Throw In,Portugal,3869486,0 days 00:27:13,0,0,0,0,0,0,1,0,0
1,27,17,From Throw In,Portugal,3869486,0 days 00:27:17,0,0,0,0,0,0,1,0,0
1,27,19,From Throw In,Portugal,3869486,0 days 00:27:19,0,0,0,0,0,0,1,0,0
1,27,21,From Throw In,Portugal,3869486,0 days 00:27:21,0,0,0,0,0,0,1,0,0
1,27,22,From Throw In,Portugal,3869486,0 days 00:27:22,0,0,0,0,0,0,1,0,0
1,27,23,From Throw In,Morocco,3869486,0 days 00:27:23,0,0,0,0,0,1,0,0,0
1,27,25,From Throw In,Portugal,3869486,0 days 00:27:25,0,0,0,0,0,0,1,0,0
1,27,33,From Throw In,Portugal,3869486,0 days 00:27:33,0,0,0,0,0,0,1,0,0
1,27,38,From Throw In,Portugal,3869486,0 days 00:27:38,0,0,0,0,0,0,1,0,0
1,27,41,From Throw In,Portugal,3869486,0 days 00:27:41,0,0,0,0,0,0,1,0,0
1,27,44,From Throw In,Portugal,3869486,0 days 00:27:44,0,0,0,0,0,0,1,0,0
1,27,52,From Throw In,Portugal,3869486,0 days 00:27:52,0,0,0,0,0,0,1,0,0
1,27,53,From Throw In,Portugal,3869486,0 days 00:27:53,0,0,0,0,0,0,1,0,0
1,27,55,From Throw In,Portugal,3869486,0 days 00:27:55,1,0,0,0,0,0,0,0,0
1,27,58,From Throw In,Portugal,3869486,0 days 00:27:58,0,0,0,0,0,0,1,0,0
1,28,0,From Throw In,Portugal,3869486,0 days 00:28:00,0,0,0,0,0,0,1,0,0
1,28,2,From Throw In,Portugal,3869486,0 days 00:28:02,0,0,0,0,0,0,1,0,0
1,28,5,From Throw In,Portugal,3869486,0 days 00:28:05,0,0,0,0,0,0,1,0,0
1,28,8,From Throw In,Portugal,3869486,0 days 00:28:08,0,0,0,0,0,0,1,0,0
1,28,12,From Throw In,Portugal,3869486,0 days 00:28:12,0,0,0,0,0,0,1,0,0
1,28,19,From Throw In,Portugal,3869486,0 days 00:28:19,0,0,0,0,0,0,1,0,0
1,28,21,From Throw In,Portugal,3869486,0 days 00:28:21,0,0,0,0,0,0,1,0,0
1,28,27,From Throw In,Portugal,3869486,0 days 00:28:27,0,0,0,0,0,0,1,0,0
1,29,18,From Goal Kick,Morocco,3869486,0 days 00:29:18,0,0,0,0,0,0,1,0,0
1,29,22,From Goal Kick,Morocco,3869486,0 days 00:29:22,0,0,0,0,0,0,1,0,0
1,29,23,Regular Play,Portugal,3869486,0 days 00:29:23,0,0,0,0,0,0,1,0,0
1,29,24,Regular Play,Portugal,3869486,0 days 00:29:24,0,0,0,1,0,0,0,0,0
1,29,26,Regular Play,Portugal,3869486,0 days 00:29:26,0,0,0,0,0,0,1,0,0
1,29,26,Regular Play,Portugal,3869486,0 days 00:29:26,0,0,0,0,0,0,1,0,0
1,29,29,Regular Play,Portugal,3869486,0 days 00:29:29,0,0,0,0,0,0,1,0,0
1,29,51,From Throw In,Morocco,3869486,0 days 00:29:51,0,0,0,0,0,0,1,0,0
1,29,54,From Throw In,Morocco,3869486,0 days 00:29:54,0,0,0,0,0,0,1,0,0
1,29,56,Regular Play,Portugal,3869486,0 days 00:29:56,1,0,0,0,0,0,0,0,0
1,29,57,Regular Play,Portugal,3869486,0 days 00:29:57,0,0,0,0,0,0,1,0,0
1,30,0,Regular Play,Portugal,3869486,0 days 00:30:00,0,0,0,0,0,0,1,0,0
1,30,3,Regular Play,Portugal,3869486,0 days 00:30:03,0,0,0,0,0,0,1,0,0
1,30,5,Regular Play,Portugal,3869486,0 days 00:30:05,0,0,0,0,0,0,1,0,0
1,30,7,Regular Play,Morocco,3869486,0 days 00:30:07,0,1,0,0,0,0,0,0,0
1,30,8,Regular Play,Portugal,3869486,0 days 00:30:08,1,0,0,0,0,0,0,0,0
1,30,9,Regular Play,Portugal,3869486,0 days 00:30:09,0,0,0,0,0,0,0,1,0
1,31,9,From Corner,Portugal,3869486,0 days 00:31:09,0,0,0,0,0,0,1,0,0
1,31,10,From Corner,Portugal,3869486,0 days 00:31:10,0,0,0,0,0,0,1,0,0
1,31,12,From Corner,Morocco,3869486,0 days 00:31:12,0,1,0,0,0,0,0,0,0
1,31,13,From Corner,Morocco,3869486,0 days 00:31:13,1,0,0,0,0,0,0,0,0
1,31,24,From Throw In,Portugal,3869486,0 days 00:31:24,0,0,0,0,0,0,1,0,0
1,31,27,From Throw In,Portugal,3869486,0 days 00:31:27,0,0,0,0,0,0,1,0,0
1,31,30,From Throw In,Portugal,3869486,0 days 00:31:30,0,0,0,0,0,0,1,0,0
1,31,32,From Throw In,Portugal,3869486,0 days 00:31:32,0,0,0,0,0,0,1,0,0
1,31,35,From Throw In,Portugal,3869486,0 days 00:31:35,0,0,0,0,0,0,1,0,0
1,31,37,From Throw In,Portugal,3869486,0 days 00:31:37,0,0,0,0,0,0,1,0,0
1,31,41,From Throw In,Portugal,3869486,0 days 00:31:41,0,0,0,0,0,0,1,0,0
1,31,44,From Throw In,Portugal,3869486,0 days 00:31:44,0,0,0,0,0,0,1,0,0
1,31,45,From Throw In,Portugal,3869486,0 days 00:31:45,0,0,0,0,0,0,1,0,0
1,31,47,From Throw In,Portugal,3869486,0 days 00:31:47,0,0,0,0,0,0,1,0,0
1,31,50,From Throw In,Portugal,3869486,0 days 00:31:50,0,0,0,0,0,0,1,0,0
1,31,56,From Throw In,Portugal,3869486,0 days 00:31:56,0,0,0,0,0,0,1,0,0
1,31,59,From Throw In,Portugal,3869486,0 days 00:31:59,0,0,0,0,0,0,1,0,0
1,22,20,From Goal Kick,Croatia,3869519,0 days 00:22:20,0,0,0,0,0,0,1,0,0
1,22,26,From Goal Kick,Croatia,3869519,0 days 00:22:26,0,0,0,0,0,0,1,0,0
1,22,30,From Goal Kick,Croatia,3869519,0 days 00:22:30,0,0,0,0,0,0,1,0,0
1,22,32,From Goal Kick,Croatia,3869519,0 days 00:22:32,0,0,0,0,0,0,1,0,0
1,22,33,From Goal Kick,Croatia,3869519,0 days 00:22:33,0,0,0,0,0,0,1,0,0
1,22,46,From Throw In,Croatia,3869519,0 days 00:22:46,0,0,0,0,0,0,1,0,0
1,22,47,From Throw In,Croatia,3869519,0 days 00:22:47,0,0,0,0,0,0,1,0,0
1,22,49,From Throw In,Croatia,3869519,0 days 00:22:49,0,0,0,0,0,0,1,0,0
1,22,59,From Throw In,Croatia,3869519,0 days 00:22:59,0,0,0,0,0,0,1,0,0
1,23,0,From Throw In,Croatia,3869519,0 days 00:23:00,0,0,0,0,0,0,1,0,0
1,23,1,From Throw In,Argentina,3869519,0 days 00:23:01,0,0,0,0,0,0,1,0,0
1,23,2,From Throw In,Argentina,3869519,0 days 00:23:02,0,0,0,0,0,0,1,0,0
1,23,3,From Throw In,Croatia,3869519,0 days 00:23:03,0,0,0,0,0,0,1,0,0
1,23,4,From Throw In,Croatia,3869519,0 days 00:23:04,0,0,0,0,0,0,1,0,0
1,23,7,From Throw In,Croatia,3869519,0 days 00:23:07,0,0,0,0,0,0,1,0,0
1,23,8,From Throw In,Argentina,3869519,0 days 00:23:08,0,0,0,0,0,0,1,0,0
1,23,11,From Throw In,Croatia,3869519,0 days 00:23:11,0,0,0,0,0,0,1,0,0
1,23,14,From Throw In,Croatia,3869519,0 days 00:23:14,0,0,0,0,0,0,1,0,0
1,23,16,From Throw In,Croatia,3869519,0 days 00:23:16,0,0,0,1,0,0,0,0,0
1,23,17,From Throw In,Croatia,3869519,0 days 00:23:17,0,0,0,0,0,0,1,0,0
1,23,20,From Throw In,Croatia,3869519,0 days 00:23:20,0,0,0,0,0,0,1,0,0
1,23,23,From Throw In,Croatia,3869519,0 days 00:23:23,0,0,0,0,0,0,1,0,0
1,23,26,From Throw In,Croatia,3869519,0 days 00:23:26,0,0,0,0,0,0,1,0,0
1,23,30,From Throw In,Croatia,3869519,0 days 00:23:30,0,0,0,0,0,0,1,0,0
1,23,33,From Throw In,Croatia,3869519,0 days 00:23:33,0,0,0,0,0,0,1,0,0
1,23,35,Regular Play,Argentina,3869519,0 days 00:23:35,0,0,0,0,0,0,1,0,0
1,23,36,Regular Play,Argentina,3869519,0 days 00:23:36,0,0,0,0,0,0,1,0,0
1,23,38,Regular Play,Argentina,3869519,0 days 00:23:38,0,0,0,0,0,0,1,0,0
1,23,43,Regular Play,Argentina,3869519,0 days 00:23:43,0,0,0,0,0,0,1,0,0
1,23,44,Regular Play,Argentina,3869519,0 days 00:23:44,0,0,0,0,0,0,1,0,0
1,23,45,Regular Play,Argentina,3869519,0 days 00:23:45,0,0,0,0,0,0,1,0,0
1,23,47,Regular Play,Argentina,3869519,0 days 00:23:47,0,0,0,0,0,0,1,0,0
1,23,49,Regular Play,Argentina,3869519,0 days 00:23:49,0,0,0,0,0,0,1,0,0
1,23,53,Regular Play,Argentina,3869519,0 days 00:23:53,0,0,0,0,0,0,1,0,0
1,23,57,Regular Play,Argentina,3869519,0 days 00:23:57,0,0,0,0,0,0,1,0,0
1,24,2,Regular Play,Argentina,3869519,0 days 00:24:02,0,0,0,0,0,0,1,0,0
1,24,5,Regular Play,Argentina,3869519,0 days 00:24:05,0,0,0,0,0,0,1,0,0
1,24,7,Regular Play,Argentina,3869519,0 days 00:24:07,0,0,0,0,0,0,1,0,0
1,24,10,Regular Play,Argentina,3869519,0 days 00:24:10,0,0,0,0,0,0,1,0,0
1,24,12,Regular Play,Croatia,3869519,0 days 00:24:12,1,0,0,0,0,0,0,0,0
1,24,14,Regular Play,Croatia,3869519,0 days 00:24:14,0,0,0,0,0,0,1,0,0
1,24,25,From Throw In,Argentina,3869519,0 days 00:24:25,0,0,0,0,0,0,1,0,0
1,24,30,From Throw In,Argentina,3869519,0 days 00:24:30,0,0,0,0,0,0,1,0,0
1,24,32,From Throw In,Argentina,3869519,0 days 00:24:32,0,0,0,0,0,0,1,0,0
1,24,35,From Throw In,Argentina,3869519,0 days 00:24:35,0,0,0,0,0,0,0,1,0
1,24,39,From Throw In,Croatia,3869519,0 days 00:24:39,0,0,0,0,0,0,1,0,0
1,24,42,From Throw In,Argentina,3869519,0 days 00:24:42,1,0,0,0,0,0,0,0,0
1,24,43,From Throw In,Argentina,3869519,0 days 00:24:43,0,0,0,0,0,0,1,0,0
1,24,52,From Throw In,Argentina,3869519,0 days 00:24:52,0,0,0,0,0,0,1,0,0
1,24,55,From Throw In,Argentina,3869519,0 days 00:24:55,0,0,0,0,0,0,1,0,0
1,24,57,From Throw In,Argentina,3869519,0 days 00:24:57,0,0,0,0,0,0,1,0,0
1,24,59,From Throw In,Argentina,3869519,0 days 00:24:59,0,0,0,0,0,0,1,0,0
1,25,2,From Throw In,Argentina,3869519,0 days 00:25:02,0,0,1,0,0,0,0,0,0
1,25,2,From Throw In,Croatia,3869519,0 days 00:25:02,0,0,0,0,0,0,0,0,1
1,25,3,From Throw In,Croatia,3869519,0 days 00:25:03,1,0,0,0,0,0,0,0,0
1,25,4,From Throw In,Croatia,3869519,0 days 00:25:04,0,0,0,0,0,0,1,0,0
1,25,8,From Throw In,Argentina,3869519,0 days 00:25:08,1,0,0,0,0,0,0,0,0
1,25,8,From Throw In,Argentina,3869519,0 days 00:25:08,0,0,0,0,0,0,1,0,0
1,25,11,From Throw In,Argentina,3869519,0 days 00:25:11,0,0,0,0,0,0,1,0,0
1,25,15,From Throw In,Argentina,3869519,0 days 00:25:15,0,0,0,0,0,0,1,0,0
1,25,17,From Throw In,Argentina,3869519,0 days 00:25:17,0,0,0,0,0,0,1,0,0
1,25,22,From Throw In,Argentina,3869519,0 days 00:25:22,0,0,0,0,0,0,1,0,0
1,25,26,From Throw In,Argentina,3869519,0 days 00:25:26,0,0,0,0,0,0,1,0,0
1,25,28,From Throw In,Argentina,3869519,0 days 00:25:28,0,0,0,0,0,0,1,0,0
1,25,29,From Throw In,Croatia,3869519,0 days 00:25:29,0,0,0,0,0,1,0,0,0
1,25,33,Regular Play,Croatia,3869519,0 days 00:25:33,0,0,0,0,0,0,1,0,0
1,25,34,Regular Play,Croatia,3869519,0 days 00:25:34,0,0,0,0,0,0,1,0,0
1,25,37,Regular Play,Croatia,3869519,0 days 00:25:37,0,0,0,0,0,0,1,0,0
1,25,38,Regular Play,Croatia,3869519,0 days 00:25:38,0,0,0,0,0,0,1,0,0
1,25,45,Regular Play,Croatia,3869519,0 days 00:25:45,0,0,0,0,0,0,1,0,0
1,25,46,Regular Play,Argentina,3869519,0 days 00:25:46,0,0,0,0,0,0,1,0,0
1,25,48,Regular Play,Argentina,3869519,0 days 00:25:48,0,0,0,0,0,0,1,0,0
1,25,51,Regular Play,Argentina,3869519,0 days 00:25:51,0,0,0,0,0,0,1,0,0
1,25,53,Regular Play,Argentina,3869519,0 days 00:25:53,0,0,0,0,0,0,1,0,0
1,25,55,Regular Play,Croatia,3869519,0 days 00:25:55,1,0,0,0,0,0,0,0,0
1,25,55,Regular Play,Argentina,3869519,0 days 00:25:55,0,0,0,0,1,0,0,0,0
1,25,57,Regular Play,Croatia,3869519,0 days 00:25:57,0,0,0,1,0,0,0,0,0
1,25,59,Regular Play,Argentina,3869519,0 days 00:25:59,0,0,0,0,1,0,0,0,0
1,26,1,Regular Play,Croatia,3869519,0 days 00:26:01,0,0,0,0,0,0,1,0,0
1,26,3,Regular Play,Argentina,3869519,0 days 00:26:03,0,0,0,0,1,0,0,0,0
1,27,18,From Free Kick,Croatia,3869519,0 days 00:27:18,0,0,0,0,0,0,1,0,0
1,27,19,From Free Kick,Argentina,3869519,0 days 00:27:19,0,1,0,0,0,0,0,0,0
1,27,21,Regular Play,Argentina,3869519,0 days 00:27:21,1,0,0,0,0,0,0,0,0
1,27,23,Regular Play,Argentina,3869519,0 days 00:27:23,0,0,0,1,0,0,0,0,0
1,27,23,Regular Play,Argentina,3869519,0 days 00:27:23,0,0,0,0,0,0,1,0,0
1,27,24,Regular Play,Argentina,3869519,0 days 00:27:24,1,0,0,0,0,0,0,0,0
1,27,25,Regular Play,Argentina,3869519,0 days 00:27:25,0,0,0,0,0,0,1,0,0
1,27,28,Regular Play,Argentina,3869519,0 days 00:27:28,0,0,0,0,0,0,1,0,0
1,27,32,Regular Play,Argentina,3869519,0 days 00:27:32,0,0,0,0,0,0,1,0,0
1,27,35,Regular Play,Croatia,3869519,0 days 00:27:35,0,0,0,0,0,1,0,0,0
1,27,40,Regular Play,Croatia,3869519,0 days 00:27:40,1,0,0,0,0,0,0,0,0
1,27,46,From Throw In,Argentina,3869519,0 days 00:27:46,0,0,0,0,0,0,1,0,0
1,27,49,From Throw In,Argentina,3869519,0 days 00:27:49,0,0,0,0,0,0,1,0,0
1,27,50,From Throw In,Argentina,3869519,0 days 00:27:50,0,0,0,0,0,0,1,0,0
1,27,53,From Throw In,Argentina,3869519,0 days 00:27:53,1,0,0,0,0,0,0,0,0
1,27,53,From Throw In,Argentina,3869519,0 days 00:27:53,0,0,0,0,0,0,1,0,0
1,27,56,From Throw In,Argentina,3869519,0 days 00:27:56,0,0,0,0,0,0,1,0,0
1,27,58,From Throw In,Argentina,3869519,0 days 00:27:58,0,0,0,0,0,0,1,0,0
1,28,0,From Throw In,Argentina,3869519,0 days 00:28:00,0,0,0,0,0,0,1,0,0
1,28,4,From Throw In,Argentina,3869519,0 days 00:28:04,0,0,0,0,0,0,1,0,0
1,28,6,From Throw In,Argentina,3869519,0 days 00:28:06,0,0,0,0,0,0,1,0,0
1,28,29,From Goal Kick,Croatia,3869519,0 days 00:28:29,0,0,0,0,0,0,1,0,0
1,28,33,From Goal Kick,Croatia,3869519,0 days 00:28:33,0,0,0,0,0,0,1,0,0
1,28,36,From Goal Kick,Croatia,3869519,0 days 00:28:36,0,0,0,0,0,0,1,0,0
1,28,40,From Goal Kick,Croatia,3869519,0 days 00:28:40,0,0,0,0,0,0,1,0,0
1,28,44,From Goal Kick,Croatia,3869519,0 days 00:28:44,0,0,0,0,0,0,1,0,0
1,28,47,From Goal Kick,Croatia,3869519,0 days 00:28:47,0,0,0,0,0,0,1,0,0
1,28,53,From Goal Kick,Croatia,3869519,0 days 00:28:53,0,0,0,0,0,0,1,0,0
1,28,57,From Goal Kick,Croatia,3869519,0 days 00:28:57,0,0,0,0,0,0,1,0,0
1,29,0,From Goal Kick,Argentina,3869519,0 days 00:29:00,0,0,0,0,0,0,1,0,0
1,29,3,From Goal Kick,Argentina,3869519,0 days 00:29:03,0,0,0,1,0,0,0,0,0
1,29,3,From Goal Kick,Croatia,3869519,0 days 00:29:03,0,0,0,0,0,0,0,0,1
1,29,5,From Goal Kick,Croatia,3869519,0 days 00:29:05,0,0,0,0,0,0,1,0,0
1,29,6,From Goal Kick,Croatia,3869519,0 days 00:29:06,0,0,0,0,0,0,1,0,0
1,29,7,From Goal Kick,Croatia,3869519,0 days 00:29:07,0,0,0,0,0,0,1,0,0
1,29,11,From Goal Kick,Croatia,3869519,0 days 00:29:11,0,0,1,0,0,0,0,0,0
1,29,11,From Goal Kick,Argentina,3869519,0 days 00:29:11,0,0,0,0,0,0,0,0,1
1,29,15,From Goal Kick,Argentina,3869519,0 days 00:29:15,0,1,0,0,0,0,0,0,0
1,29,33,From Throw In,Croatia,3869519,0 days 00:29:33,0,0,0,0,0,0,1,0,0
1,29,36,From Throw In,Croatia,3869519,0 days 00:29:36,0,0,0,0,0,0,1,0,0
1,29,42,From Throw In,Croatia,3869519,0 days 00:29:42,0,0,0,0,0,0,1,0,0
1,29,44,From Throw In,Argentina,3869519,0 days 00:29:44,0,0,0,0,0,0,1,0,0
1,29,45,From Throw In,Argentina,3869519,0 days 00:29:45,0,0,0,0,0,0,1,0,0
1,29,47,From Throw In,Croatia,3869519,0 days 00:29:47,1,0,0,0,0,0,0,0,0
1,29,51,From Throw In,Croatia,3869519,0 days 00:29:51,0,0,0,0,0,0,1,0,0
1,29,52,From Throw In,Croatia,3869519,0 days 00:29:52,0,0,0,0,0,0,1,0,0
1,29,54,From Throw In,Croatia,3869519,0 days 00:29:54,0,0,0,0,0,0,1,0,0
1,29,57,From Throw In,Croatia,3869519,0 days 00:29:57,0,0,0,0,0,0,1,0,0
1,30,1,From Throw In,Croatia,3869519,0 days 00:30:01,0,0,0,0,0,0,1,0,0
1,30,3,From Throw In,Croatia,3869519,0 days 00:30:03,0,0,0,0,0,0,1,0,0
1,30,6,From Throw In,Croatia,3869519,0 days 00:30:06,0,0,0,0,0,0,1,0,0
1,30,9,From Throw In,Croatia,3869519,0 days 00:30:09,0,0,0,0,0,0,1,0,0
1,30,13,From Throw In,Croatia,3869519,0 days 00:30:13,0,0,0,0,0,0,1,0,0
1,30,16,From Throw In,Croatia,3869519,0 days 00:30:16,0,0,0,0,0,0,1,0,0
1,30,18,From Throw In,Croatia,3869519,0 days 00:30:18,0,0,0,1,0,0,0,0,0
1,30,22,From Throw In,Croatia,3869519,0 days 00:30:22,0,0,0,0,0,0,1,0,0
1,30,25,From Throw In,Croatia,3869519,0 days 00:30:25,0,0,0,0,0,0,1,0,0
1,30,27,From Throw In,Croatia,3869519,0 days 00:30:27,0,0,0,0,0,0,1,0,0
1,30,29,From Throw In,Croatia,3869519,0 days 00:30:29,0,0,0,0,0,0,1,0,0
1,30,33,From Throw In,Croatia,3869519,0 days 00:30:33,0,0,0,0,0,0,0,1,0
1,30,56,From Goal Kick,Argentina,3869519,0 days 00:30:56,0,0,0,0,0,0,1,0,0
1,30,59,From Goal Kick,Argentina,3869519,0 days 00:30:59,0,0,0,0,0,0,1,0,0
1,31,4,From Goal Kick,Argentina,3869519,0 days 00:31:04,0,0,0,0,0,0,1,0,0
1,31,4,From Goal Kick,Croatia,3869519,0 days 00:31:04,1,0,0,0,0,0,0,0,0
1,31,5,From Goal Kick,Argentina,3869519,0 days 00:31:05,1,0,0,0,0,0,0,0,0
1,31,6,From Goal Kick,Argentina,3869519,0 days 00:31:06,0,0,0,0,0,0,1,0,0
1,31,10,From Goal Kick,Croatia,3869519,0 days 00:31:10,0,0,0,0,1,0,0,0,0
1,22,1,From Throw In,France,3869552,0 days 00:22:01,0,0,0,0,0,0,1,0,0
1,22,3,From Throw In,France,3869552,0 days 00:22:03,0,0,0,0,0,0,1,0,0
1,22,5,From Throw In,France,3869552,0 days 00:22:05,0,0,0,0,0,0,1,0,0
1,22,7,Regular Play,Morocco,3869552,0 days 00:22:07,1,0,0,0,0,0,0,0,0
1,22,8,Regular Play,Morocco,3869552,0 days 00:22:08,0,0,0,0,0,0,1,0,0
1,22,9,Regular Play,Morocco,3869552,0 days 00:22:09,0,0,0,0,0,0,1,0,0
1,22,11,Regular Play,Morocco,3869552,0 days 00:22:11,0,0,0,0,0,0,1,0,0
1,22,13,Regular Play,Morocco,3869552,0 days 00:22:13,0,0,0,0,0,0,1,0,0
1,22,20,Regular Play,Morocco,3869552,0 days 00:22:20,0,0,0,0,0,0,1,0,0
1,22,26,Regular Play,Morocco,3869552,0 days 00:22:26,0,0,0,0,0,0,1,0,0
1,22,29,Regular Play,Morocco,3869552,0 days 00:22:29,0,0,0,0,0,0,1,0,0
1,22,33,Regular Play,Morocco,3869552,0 days 00:22:33,0,0,0,0,0,0,1,0,0
1,22,35,Regular Play,Morocco,3869552,0 days 00:22:35,0,0,0,0,0,0,1,0,0
1,22,39,Regular Play,Morocco,3869552,0 days 00:22:39,0,0,0,0,0,0,1,0,0
1,22,45,Regular Play,Morocco,3869552,0 days 00:22:45,0,0,0,0,0,0,1,0,0
1,22,46,Regular Play,Morocco,3869552,0 days 00:22:46,0,0,0,0,0,0,1,0,0
1,22,46,Regular Play,France,3869552,0 days 00:22:46,0,0,0,0,0,1,0,0,0
1,22,47,Regular Play,Morocco,3869552,0 days 00:22:47,0,0,0,0,1,0,0,0,0
1,23,8,From Free Kick,France,3869552,0 days 00:23:08,0,0,0,0,0,0,1,0,0
1,23,16,From Free Kick,France,3869552,0 days 00:23:16,0,0,0,0,0,0,1,0,0
1,23,21,From Free Kick,France,3869552,0 days 00:23:21,0,0,0,0,0,0,1,0,0
1,23,27,From Free Kick,France,3869552,0 days 00:23:27,0,0,0,0,0,0,1,0,0
1,23,35,From Free Kick,France,3869552,0 days 00:23:35,0,0,0,0,0,0,1,0,0
1,23,39,From Free Kick,France,3869552,0 days 00:23:39,0,0,0,0,0,0,1,0,0
1,23,43,From Free Kick,France,3869552,0 days 00:23:43,0,0,0,0,0,0,1,0,0
1,23,46,From Free Kick,Morocco,3869552,0 days 00:23:46,0,1,0,0,0,0,0,0,0
1,23,48,From Free Kick,France,3869552,0 days 00:23:48,0,0,0,0,0,0,1,0,0
1,23,49,From Free Kick,France,3869552,0 days 00:23:49,0,0,0,1,0,0,0,0,0
1,23,49,From Free Kick,Morocco,3869552,0 days 00:23:49,0,0,0,0,0,0,0,0,1
1,23,50,From Free Kick,France,3869552,0 days 00:23:50,0,0,0,0,0,0,1,0,0
1,23,51,From Free Kick,France,3869552,0 days 00:23:51,0,0,0,0,0,0,1,0,0
1,23,52,Regular Play,Morocco,3869552,0 days 00:23:52,1,0,0,0,0,0,0,0,0
1,23,55,Regular Play,Morocco,3869552,0 days 00:23:55,0,0,0,0,0,0,1,0,0
1,23,58,Regular Play,Morocco,3869552,0 days 00:23:58,0,0,0,0,0,0,1,0,0
1,24,0,Regular Play,Morocco,3869552,0 days 00:24:00,0,0,0,0,0,0,1,0,0
1,24,3,Regular Play,Morocco,3869552,0 days 00:24:03,0,0,0,0,0,0,1,0,0
1,24,6,Regular Play,France,3869552,0 days 00:24:06,1,0,0,0,0,0,0,0,0
1,24,7,Regular Play,France,3869552,0 days 00:24:07,0,0,1,0,0,0,0,0,0
1,24,7,Regular Play,Morocco,3869552,0 days 00:24:07,0,0,0,0,0,0,0,0,1
1,24,8,Regular Play,Morocco,3869552,0 days 00:24:08,0,0,0,0,0,0,1,0,0
1,24,9,Regular Play,France,3869552,0 days 00:24:09,0,0,0,0,1,0,0,0,0
1,24,26,From Free Kick,Morocco,3869552,0 days 00:24:26,0,0,0,0,0,0,1,0,0
1,24,28,From Free Kick,Morocco,3869552,0 days 00:24:28,0,0,0,0,0,0,1,0,0
1,24,30,From Free Kick,Morocco,3869552,0 days 00:24:30,0,0,0,0,0,0,1,0,0
1,24,34,From Free Kick,Morocco,3869552,0 days 00:24:34,0,0,0,0,0,0,1,0,0
1,24,37,From Free Kick,Morocco,3869552,0 days 00:24:37,0,0,1,0,0,0,0,0,0
1,24,37,From Free Kick,France,3869552,0 days 00:24:37,0,0,0,0,0,0,0,0,1
1,24,56,From Throw In,Morocco,3869552,0 days 00:24:56,0,0,0,0,0,0,1,0,0
1,25,0,From Throw In,Morocco,3869552,0 days 00:25:00,0,0,0,0,0,0,1,0,0
1,25,3,From Throw In,Morocco,3869552,0 days 00:25:03,0,0,0,0,0,0,1,0,0
1,25,6,From Throw In,Morocco,3869552,0 days 00:25:06,0,0,0,0,0,0,1,0,0
1,25,8,From Throw In,Morocco,3869552,0 days 00:25:08,0,0,0,0,0,0,1,0,0
1,25,13,From Throw In,Morocco,3869552,0 days 00:25:13,0,0,0,0,0,0,1,0,0
1,25,16,From Throw In,Morocco,3869552,0 days 00:25:16,0,0,0,0,0,0,1,0,0
1,25,17,From Throw In,France,3869552,0 days 00:25:17,0,0,0,0,1,0,0,0,0
1,25,17,From Throw In,Morocco,3869552,0 days 00:25:17,0,0,0,0,0,0,1,0,0
1,25,19,From Throw In,Morocco,3869552,0 days 00:25:19,0,0,0,0,0,0,1,0,0
1,25,22,From Throw In,Morocco,3869552,0 days 00:25:22,0,0,0,0,0,0,1,0,0
1,25,25,From Throw In,Morocco,3869552,0 days 00:25:25,0,0,0,0,0,0,1,0,0
1,25,27,From Throw In,Morocco,3869552,0 days 00:25:27,0,0,0,0,0,0,0,1,0
1,25,29,From Throw In,France,3869552,0 days 00:25:29,1,0,0,0,0,0,0,0,0
1,25,34,From Throw In,France,3869552,0 days 00:25:34,0,0,0,0,0,0,1,0,0
1,25,35,From Throw In,Morocco,3869552,0 days 00:25:35,1,0,0,0,0,0,0,0,0
1,25,36,From Throw In,France,3869552,0 days 00:25:36,0,0,0,0,1,0,0,0,0
1,25,56,From Free Kick,Morocco,3869552,0 days 00:25:56,0,0,0,0,0,0,1,0,0
1,25,58,From Free Kick,Morocco,3869552,0 days 00:25:58,0,0,0,0,0,0,1,0,0
1,26,0,From Free Kick,Morocco,3869552,0 days 00:26:00,0,0,0,0,0,0,1,0,0
1,26,3,From Free Kick,Morocco,3869552,0 days 00:26:03,0,0,0,0,0,0,1,0,0
1,26,6,From Free Kick,Morocco,3869552,0 days 00:26:06,0,0,0,0,0,0,1,0,0
1,26,8,From Free Kick,Morocco,3869552,0 days 00:26:08,0,0,0,0,0,0,1,0,0
1,26,12,From Free Kick,Morocco,3869552,0 days 00:26:12,0,0,1,0,0,0,0,0,0
1,26,12,Regular Play,France,3869552,0 days 00:26:12,0,0,0,0,0,0,0,0,1
1,26,14,Regular Play,Morocco,3869552,0 days 00:26:14,0,0,0,0,1,0,0,0,0
1,28,16,From Free Kick,France,3869552,0 days 00:28:16,0,0,0,0,0,0,1,0,0
1,28,19,From Free Kick,France,3869552,0 days 00:28:19,0,0,0,0,0,0,1,0,0
1,28,22,From Free Kick,France,3869552,0 days 00:28:22,0,0,0,0,0,0,1,0,0
1,28,24,From Free Kick,France,3869552,0 days 00:28:24,0,0,0,0,0,0,1,0,0
1,28,25,From Free Kick,France,3869552,0 days 00:28:25,0,0,0,0,0,0,1,0,0
1,28,26,From Free Kick,France,3869552,0 days 00:28:26,0,0,0,0,0,0,1,0,0
1,28,32,From Free Kick,France,3869552,0 days 00:28:32,0,0,0,0,0,0,1,0,0
1,28,35,From Free Kick,France,3869552,0 days 00:28:35,0,0,0,0,0,0,1,0,0
1,28,36,From Free Kick,France,3869552,0 days 00:28:36,0,0,1,0,0,0,0,0,0
1,28,36,From Free Kick,Morocco,3869552,0 days 00:28:36,0,0,0,0,0,0,0,0,1
1,28,38,From Free Kick,Morocco,3869552,0 days 00:28:38,0,0,0,0,0,0,1,0,0
1,28,43,From Free Kick,Morocco,3869552,0 days 00:28:43,0,0,0,0,0,0,1,0,0
1,28,44,From Free Kick,France,3869552,0 days 00:28:44,0,0,0,0,0,1,0,0,0
1,28,49,From Free Kick,Morocco,3869552,0 days 00:28:49,0,0,0,0,1,0,0,0,0
1,29,17,From Free Kick,France,3869552,0 days 00:29:17,0,0,0,0,0,0,1,0,0
1,29,23,From Free Kick,France,3869552,0 days 00:29:23,0,0,0,0,0,0,1,0,0
1,29,25,From Free Kick,France,3869552,0 days 00:29:25,0,0,0,0,0,0,1,0,0
1,29,33,From Free Kick,France,3869552,0 days 00:29:33,0,0,0,0,0,0,1,0,0
1,29,37,From Free Kick,France,3869552,0 days 00:29:37,0,0,0,0,0,0,1,0,0
1,29,41,Regular Play,Morocco,3869552,0 days 00:29:41,1,0,0,0,0,0,0,0,0
1,29,44,Regular Play,Morocco,3869552,0 days 00:29:44,0,0,0,0,0,0,1,0,0
1,29,47,Regular Play,Morocco,3869552,0 days 00:29:47,0,0,0,1,0,0,0,0,0
1,29,48,Regular Play,Morocco,3869552,0 days 00:29:48,0,0,0,0,0,0,1,0,0
1,29,53,Regular Play,Morocco,3869552,0 days 00:29:53,0,0,0,0,0,0,1,0,0
1,29,59,Regular Play,Morocco,3869552,0 days 00:29:59,0,0,0,0,0,0,1,0,0
1,30,2,Regular Play,Morocco,3869552,0 days 00:30:02,0,0,0,0,0,0,1,0,0
1,30,6,Regular Play,Morocco,3869552,0 days 00:30:06,0,0,0,0,0,0,1,0,0
1,30,49,From Free Kick,France,3869552,0 days 00:30:49,0,0,0,0,0,0,1,0,0
1,30,52,From Free Kick,France,3869552,0 days 00:30:52,0,0,0,0,0,0,1,0,0
1,30,53,Regular Play,Morocco,3869552,0 days 00:30:53,0,0,0,0,0,0,1,0,0
1,30,55,Regular Play,Morocco,3869552,0 days 00:30:55,0,0,0,0,0,0,1,0,0
1,30,56,Regular Play,Morocco,3869552,0 days 00:30:56,0,0,0,0,0,0,1,0,0
1,30,58,Regular Play,France,3869552,0 days 00:30:58,0,0,0,0,0,0,1,0,0
1,30,59,Regular Play,Morocco,3869552,0 days 00:30:59,1,0,0,0,0,0,0,0,0
1,31,0,Regular Play,Morocco,3869552,0 days 00:31:00,0,0,0,0,0,0,1,0,0
1,31,3,Regular Play,Morocco,3869552,0 days 00:31:03,0,0,0,0,0,0,1,0,0
1,31,8,Regular Play,Morocco,3869552,0 days 00:31:08,0,0,0,0,0,0,1,0,0
1,31,11,Regular Play,Morocco,3869552,0 days 00:31:11,0,0,0,0,0,0,1,0,0
1,31,12,Regular Play,France,3869552,0 days 00:31:12,0,0,0,0,0,1,0,0,0
1,31,17,Regular Play,France,3869552,0 days 00:31:17,0,0,0,0,0,0,1,0,0
1,31,19,Regular Play,Morocco,3869552,0 days 00:31:19,0,0,0,0,0,0,1,0,0
1,31,36,From Throw In,France,3869552,0 days 00:31:36,0,0,0,0,0,0,1,0,0
1,31,37,From Throw In,France,3869552,0 days 00:31:37,0,0,0,0,0,0,1,0,0
1,31,38,From Throw In,France,3869552,0 days 00:31:38,0,0,0,0,0,0,1,0,0
1,31,41,Regular Play,Morocco,3869552,0 days 00:31:41,0,0,0,0,0,0,1,0,0
1,31,45,Regular Play,Morocco,3869552,0 days 00:31:45,0,0,0,0,0,0,1,0,0
1,31,49,Regular Play,Morocco,3869552,0 days 00:31:49,0,0,0,0,0,0,1,0,0
1,31,53,Regular Play,France,3869552,0 days 00:31:53,0,0,0,0,1,0,0,0,0
1,22,1,From Throw In,Morocco,3869684,0 days 00:22:01,0,0,1,0,0,0,0,0,0
1,22,1,Regular Play,Croatia,3869684,0 days 00:22:01,0,0,0,0,0,0,0,0,1
1,22,2,Regular Play,Croatia,3869684,0 days 00:22:02,0,0,0,0,0,0,1,0,0
1,22,3,Regular Play,Croatia,3869684,0 days 00:22:03,0,0,0,0,0,0,1,0,0
1,22,7,Regular Play,Croatia,3869684,0 days 00:22:07,0,0,0,0,0,0,1,0,0
1,22,13,Regular Play,Croatia,3869684,0 days 00:22:13,0,0,0,0,0,0,1,0,0
1,22,16,Regular Play,Croatia,3869684,0 days 00:22:16,0,0,0,0,0,0,1,0,0
1,22,20,Regular Play,Croatia,3869684,0 days 00:22:20,0,0,0,0,0,0,1,0,0
1,22,24,Regular Play,Croatia,3869684,0 days 00:22:24,0,0,0,0,0,0,1,0,0
1,22,25,Regular Play,Morocco,3869684,0 days 00:22:25,0,0,0,0,0,1,0,0,0
1,22,28,Regular Play,Croatia,3869684,0 days 00:22:28,1,0,0,0,0,0,0,0,0
1,22,30,Regular Play,Croatia,3869684,0 days 00:22:30,0,0,0,0,0,0,1,0,0
1,22,33,Regular Play,Croatia,3869684,0 days 00:22:33,0,0,0,0,0,0,1,0,0
1,22,37,Regular Play,Croatia,3869684,0 days 00:22:37,0,0,1,0,0,0,0,0,0
1,22,37,Regular Play,Morocco,3869684,0 days 00:22:37,0,0,0,0,0,0,0,0,1
1,22,47,From Throw In,Croatia,3869684,0 days 00:22:47,0,0,0,0,0,0,1,0,0
1,22,53,From Throw In,Croatia,3869684,0 days 00:22:53,0,0,0,0,0,0,1,0,0
1,22,59,From Throw In,Croatia,3869684,0 days 00:22:59,0,0,0,0,0,0,1,0,0
1,23,1,From Throw In,Croatia,3869684,0 days 00:23:01,0,0,0,0,0,0,1,0,0
1,23,7,From Throw In,Croatia,3869684,0 days 00:23:07,0,0,0,0,0,0,1,0,0
1,23,9,From Throw In,Croatia,3869684,0 days 00:23:09,0,0,0,0,0,0,1,0,0
1,23,9,From Throw In,Morocco,3869684,0 days 00:23:09,1,0,0,0,0,0,0,0,0
1,23,11,From Throw In,Morocco,3869684,0 days 00:23:11,0,0,0,0,0,0,1,0,0
1,23,12,From Throw In,Morocco,3869684,0 days 00:23:12,0,0,0,0,0,0,1,0,0
1,23,13,From Throw In,Croatia,3869684,0 days 00:23:13,1,0,0,0,0,0,0,0,0
1,23,15,From Throw In,Croatia,3869684,0 days 00:23:15,0,0,0,0,0,0,1,0,0
1,23,16,From Throw In,Morocco,3869684,0 days 00:23:16,0,1,0,0,0,0,0,0,0
1,23,17,From Throw In,Croatia,3869684,0 days 00:23:17,1,0,0,0,0,0,0,0,0
1,23,20,From Throw In,Croatia,3869684,0 days 00:23:20,0,0,0,0,0,0,1,0,0
1,23,25,From Throw In,Croatia,3869684,0 days 00:23:25,0,0,0,0,0,0,0,1,0
1,23,27,From Throw In,Morocco,3869684,0 days 00:23:27,1,0,0,0,0,0,0,0,0
1,23,28,From Throw In,Morocco,3869684,0 days 00:23:28,0,0,0,0,0,0,1,0,0
1,23,30,From Throw In,Morocco,3869684,0 days 00:23:30,0,0,0,0,0,0,1,0,0
1,23,58,From Throw In,Morocco,3869684,0 days 00:23:58,0,0,0,0,0,0,1,0,0
1,24,0,Regular Play,Croatia,3869684,0 days 00:24:00,0,0,0,0,0,0,1,0,0
1,24,1,Regular Play,Croatia,3869684,0 days 00:24:01,0,0,0,0,0,0,1,0,0
1,24,4,Regular Play,Croatia,3869684,0 days 00:24:04,0,0,0,0,0,0,1,0,0
1,24,7,Regular Play,Croatia,3869684,0 days 00:24:07,0,0,1,0,0,0,0,0,0
1,24,7,Regular Play,Morocco,3869684,0 days 00:24:07,0,0,0,0,0,0,0,0,1
1,24,8,Regular Play,Morocco,3869684,0 days 00:24:08,1,0,0,0,0,0,0,0,0
1,24,10,Regular Play,Croatia,3869684,0 days 00:24:10,0,0,0,0,1,0,0,0,0
1,24,39,From Free Kick,Morocco,3869684,0 days 00:24:39,0,0,0,0,0,0,1,0,0
1,24,39,From Free Kick,Morocco,3869684,0 days 00:24:39,0,0,0,0,0,0,1,0,0
1,24,41,From Free Kick,Morocco,3869684,0 days 00:24:41,0,0,0,0,0,0,1,0,0
1,24,46,From Free Kick,Morocco,3869684,0 days 00:24:46,0,0,0,0,0,0,1,0,0
1,24,48,From Free Kick,Morocco,3869684,0 days 00:24:48,0,0,0,0,0,0,1,0,0
1,24,52,From Free Kick,Morocco,3869684,0 days 00:24:52,0,0,0,0,0,0,1,0,0
1,24,54,From Free Kick,Morocco,3869684,0 days 00:24:54,0,0,0,0,0,0,1,0,0
1,24,56,From Free Kick,Morocco,3869684,0 days 00:24:56,0,0,0,0,0,0,1,0,0
1,24,59,From Free Kick,Croatia,3869684,0 days 00:24:59,0,0,0,0,0,0,1,0,0
1,25,2,From Free Kick,Morocco,3869684,0 days 00:25:02,1,0,0,0,0,0,0,0,0
1,25,6,From Free Kick,Morocco,3869684,0 days 00:25:06,0,0,0,0,0,0,1,0,0
1,25,7,From Free Kick,Morocco,3869684,0 days 00:25:07,0,0,0,0,0,0,1,0,0
1,25,9,From Free Kick,Croatia,3869684,0 days 00:25:09,1,0,0,0,0,0,0,0,0
1,25,9,From Free Kick,Morocco,3869684,0 days 00:25:09,0,0,0,0,1,0,0,0,0
1,25,48,From Free Kick,Croatia,3869684,0 days 00:25:48,0,0,0,0,0,0,1,0,0
1,26,7,From Free Kick,Morocco,3869684,0 days 00:26:07,0,0,0,0,0,0,1,0,0
1,26,10,From Free Kick,Morocco,3869684,0 days 00:26:10,0,0,0,0,0,0,1,0,0
1,26,12,From Free Kick,Morocco,3869684,0 days 00:26:12,0,0,0,0,0,0,1,0,0
1,26,18,From Free Kick,Morocco,3869684,0 days 00:26:18,0,0,0,0,0,0,1,0,0
1,26,20,From Free Kick,Morocco,3869684,0 days 00:26:20,0,0,0,0,0,0,1,0,0
1,26,21,From Free Kick,Morocco,3869684,0 days 00:26:21,0,0,0,0,0,0,1,0,0
1,26,24,From Free Kick,Morocco,3869684,0 days 00:26:24,0,0,0,0,0,0,1,0,0
1,26,25,From Free Kick,Morocco,3869684,0 days 00:26:25,0,0,0,0,0,0,1,0,0
1,26,28,From Free Kick,Morocco,3869684,0 days 00:26:28,0,0,0,0,0,0,1,0,0
1,26,30,From Free Kick,Morocco,3869684,0 days 00:26:30,0,0,0,0,0,0,1,0,0
1,26,32,Regular Play,Croatia,3869684,0 days 00:26:32,1,0,0,0,0,0,0,0,0
1,26,37,Regular Play,Croatia,3869684,0 days 00:26:37,0,0,0,0,0,0,1,0,0
1,26,41,Regular Play,Croatia,3869684,0 days 00:26:41,0,0,0,0,0,0,1,0,0
1,26,43,Regular Play,Croatia,3869684,0 days 00:26:43,0,0,0,0,0,0,1,0,0
1,26,46,Regular Play,Croatia,3869684,0 days 00:26:46,0,0,0,0,0,0,1,0,0
1,26,48,Regular Play,Croatia,3869684,0 days 00:26:48,0,0,0,0,0,0,1,0,0
1,26,54,Regular Play,Croatia,3869684,0 days 00:26:54,0,0,0,0,0,0,1,0,0
1,26,57,Regular Play,Croatia,3869684,0 days 00:26:57,0,0,0,0,0,0,1,0,0
1,27,6,Regular Play,Croatia,3869684,0 days 00:27:06,0,0,0,0,0,0,1,0,0
1,27,9,Regular Play,Croatia,3869684,0 days 00:27:09,0,0,0,0,0,0,1,0,0
1,27,11,Regular Play,Croatia,3869684,0 days 00:27:11,0,0,0,0,0,0,1,0,0
1,27,13,Regular Play,Croatia,3869684,0 days 00:27:13,0,0,0,0,0,0,1,0,0
1,27,15,Regular Play,Croatia,3869684,0 days 00:27:15,0,0,0,0,0,0,1,0,0
1,27,19,Regular Play,Croatia,3869684,0 days 00:27:19,0,0,0,0,0,0,1,0,0
1,27,41,From Throw In,Morocco,3869684,0 days 00:27:41,0,0,0,0,0,0,1,0,0
1,27,42,From Throw In,Morocco,3869684,0 days 00:27:42,0,0,0,0,0,0,1,0,0
1,27,44,From Throw In,Croatia,3869684,0 days 00:27:44,0,0,0,0,0,0,1,0,0
1,27,46,From Throw In,Morocco,3869684,0 days 00:27:46,1,0,0,0,0,0,0,0,0
1,27,46,From Throw In,Morocco,3869684,0 days 00:27:46,0,0,0,0,0,0,1,0,0
1,27,47,From Throw In,Morocco,3869684,0 days 00:27:47,0,0,0,0,0,0,1,0,0
1,27,48,From Throw In,Morocco,3869684,0 days 00:27:48,0,0,0,0,0,0,1,0,0
1,27,50,From Throw In,Morocco,3869684,0 days 00:27:50,0,0,0,0,0,0,1,0,0
1,27,53,From Throw In,Morocco,3869684,0 days 00:27:53,0,0,0,0,0,0,1,0,0
1,27,57,From Throw In,Morocco,3869684,0 days 00:27:57,0,0,0,0,1,0,0,0,0
1,28,5,From Free Kick,Croatia,3869684,0 days 00:28:05,0,0,0,0,0,0,1,0,0
1,28,7,From Free Kick,Croatia,3869684,0 days 00:28:07,0,0,0,0,0,0,1,0,0
1,28,9,From Free Kick,Croatia,3869684,0 days 00:28:09,0,0,0,0,0,0,1,0,0
1,28,12,From Free Kick,Croatia,3869684,0 days 00:28:12,0,0,0,0,0,0,1,0,0
1,28,17,From Free Kick,Croatia,3869684,0 days 00:28:17,0,0,0,0,0,0,1,0,0
1,28,18,From Free Kick,Croatia,3869684,0 days 00:28:18,0,0,0,0,0,0,1,0,0
1,28,19,Regular Play,Morocco,3869684,0 days 00:28:19,0,0,0,0,0,0,1,0,0
1,28,21,Regular Play,Morocco,3869684,0 days 00:28:21,0,0,0,0,0,0,1,0,0
1,28,26,Regular Play,Morocco,3869684,0 days 00:28:26,0,0,0,0,0,0,1,0,0
1,28,27,Regular Play,Morocco,3869684,0 days 00:28:27,0,0,0,0,0,0,1,0,0
1,28,28,Regular Play,Morocco,3869684,0 days 00:28:28,0,0,0,0,0,0,1,0,0
1,28,33,Regular Play,Morocco,3869684,0 days 00:28:33,0,0,0,0,0,0,1,0,0
1,28,52,From Throw In,Croatia,3869684,0 days 00:28:52,0,0,0,0,0,0,1,0,0
1,28,55,From Throw In,Croatia,3869684,0 days 00:28:55,0,0,0,0,0,0,1,0,0
1,28,59,From Throw In,Croatia,3869684,0 days 00:28:59,0,0,0,0,0,0,1,0,0
1,29,2,From Throw In,Croatia,3869684,0 days 00:29:02,0,0,0,0,0,0,1,0,0
1,29,6,From Throw In,Croatia,3869684,0 days 00:29:06,0,0,0,0,0,0,1,0,0
1,29,12,From Throw In,Croatia,3869684,0 days 00:29:12,0,0,0,0,0,0,1,0,0
1,29,13,From Throw In,Morocco,3869684,0 days 00:29:13,0,0,0,0,0,0,1,0,0
1,29,18,From Throw In,Morocco,3869684,0 days 00:29:18,0,0,0,1,0,0,0,0,0
1,29,18,From Throw In,Croatia,3869684,0 days 00:29:18,0,0,0,0,0,0,0,0,1
1,29,21,From Throw In,Croatia,3869684,0 days 00:29:21,0,0,0,0,0,0,1,0,0
1,29,26,From Throw In,Croatia,3869684,0 days 00:29:26,0,0,0,0,0,0,1,0,0
1,29,27,From Throw In,Croatia,3869684,0 days 00:29:27,0,0,0,0,0,0,1,0,0
1,30,12,From Free Kick,Morocco,3869684,0 days 00:30:12,0,0,0,0,0,0,1,0,0
1,30,26,From Throw In,Croatia,3869684,0 days 00:30:26,0,0,0,0,0,0,1,0,0
1,30,29,From Throw In,Croatia,3869684,0 days 00:30:29,0,0,0,0,0,0,1,0,0
1,30,30,From Throw In,Croatia,3869684,0 days 00:30:30,0,0,0,0,0,0,1,0,0
1,30,33,From Throw In,Croatia,3869684,0 days 00:30:33,0,0,0,0,0,0,1,0,0
1,30,40,From Throw In,Croatia,3869684,0 days 00:30:40,0,0,0,0,0,0,1,0,0
1,30,42,From Throw In,Croatia,3869684,0 days 00:30:42,0,0,0,0,0,0,1,0,0
1,30,44,From Throw In,Croatia,3869684,0 days 00:30:44,0,0,0,0,0,0,1,0,0
1,31,2,From Goal Kick,Morocco,3869684,0 days 00:31:02,0,0,0,0,0,0,1,0,0
1,31,8,From Goal Kick,Morocco,3869684,0 days 00:31:08,0,0,0,0,0,0,1,0,0
1,31,13,Regular Play,Croatia,3869684,0 days 00:31:13,1,0,0,0,0,0,0,0,0
1,31,14,Regular Play,Croatia,3869684,0 days 00:31:14,0,0,0,0,0,0,1,0,0
1,31,20,Regular Play,Croatia,3869684,0 days 00:31:20,0,0,0,0,0,0,1,0,0
1,31,22,Regular Play,Croatia,3869684,0 days 00:31:22,0,0,0,0,0,0,1,0,0
1,31,25,Regular Play,Croatia,3869684,0 days 00:31:25,0,0,0,0,0,0,1,0,0
1,31,28,Regular Play,Croatia,3869684,0 days 00:31:28,0,0,0,0,0,0,1,0,0
1,31,31,Regular Play,Croatia,3869684,0 days 00:31:31,0,0,0,0,0,0,1,0,0
1,31,37,Regular Play,Croatia,3869684,0 days 00:31:37,0,0,0,0,0,0,1,0,0
1,31,37,Regular Play,Morocco,3869684,0 days 00:31:37,0,0,0,0,0,0,1,0,0
1,31,41,Regular Play,Morocco,3869684,0 days 00:31:41,0,0,0,0,0,0,1,0,0
1,31,44,Regular Play,Morocco,3869684,0 days 00:31:44,0,0,0,0,0,0,1,0,0
1,31,46,Regular Play,Morocco,3869684,0 days 00:31:46,0,0,0,0,0,0,1,0,0
1,31,50,Regular Play,Morocco,3869684,0 days 00:31:50,0,0,0,0,0,0,1,0,0
1,31,56,Regular Play,Morocco,3869684,0 days 00:31:56,0,0,0,0,0,0,1,0,0
1,31,59,Regular Play,Morocco,3869684,0 days 00:31:59,0,0,0,0,0,0,1,0,0
1,22,24,Other,Argentina,3869685,0 days 00:22:24,0,0,0,0,0,0,0,1,0
1,23,40,From Kick Off,France,3869685,0 days 00:23:40,0,0,0,0,0,0,1,0,0
1,23,43,From Kick Off,France,3869685,0 days 00:23:43,0,0,0,0,0,0,1,0,0
1,23,46,From Kick Off,France,3869685,0 days 00:23:46,0,0,0,0,0,0,1,0,0
1,23,49,From Kick Off,France,3869685,0 days 00:23:49,0,0,0,0,0,0,1,0,0
1,23,52,From Kick Off,France,3869685,0 days 00:23:52,0,0,0,0,0,0,1,0,0
1,23,55,From Kick Off,France,3869685,0 days 00:23:55,0,0,0,0,0,0,1,0,0
1,23,58,From Kick Off,Argentina,3869685,0 days 00:23:58,0,1,0,0,0,0,0,0,0
1,24,3,From Throw In,France,3869685,0 days 00:24:03,0,0,0,0,0,0,1,0,0
1,24,6,From Throw In,France,3869685,0 days 00:24:06,0,0,0,0,0,0,1,0,0
1,24,12,From Throw In,France,3869685,0 days 00:24:12,0,0,0,0,0,0,1,0,0
1,24,13,Regular Play,Argentina,3869685,0 days 00:24:13,1,0,0,0,0,0,0,0,0
1,24,14,Regular Play,Argentina,3869685,0 days 00:24:14,0,0,0,0,0,0,1,0,0
1,24,16,Regular Play,Argentina,3869685,0 days 00:24:16,0,0,0,1,0,0,0,0,0
1,24,17,Regular Play,Argentina,3869685,0 days 00:24:17,0,0,0,0,0,0,1,0,0
1,24,19,Regular Play,Argentina,3869685,0 days 00:24:19,0,0,0,0,0,0,1,0,0
1,24,23,Regular Play,Argentina,3869685,0 days 00:24:23,0,0,0,0,0,0,1,0,0
1,24,52,From Throw In,Argentina,3869685,0 days 00:24:52,0,0,0,0,0,0,1,0,0
1,24,53,Regular Play,France,3869685,0 days 00:24:53,0,0,0,0,0,1,0,0,0
1,24,54,Regular Play,France,3869685,0 days 00:24:54,0,0,0,0,0,0,1,0,0
1,24,54,Regular Play,Argentina,3869685,0 days 00:24:54,0,0,0,0,0,1,0,0,0
1,25,0,From Throw In,France,3869685,0 days 00:25:00,0,0,0,0,0,0,1,0,0
1,25,7,From Throw In,France,3869685,0 days 00:25:07,0,0,0,0,0,0,1,0,0
1,25,13,From Throw In,France,3869685,0 days 00:25:13,0,0,0,0,0,0,1,0,0
1,25,15,From Throw In,France,3869685,0 days 00:25:15,0,0,0,0,0,0,1,0,0
1,25,16,From Throw In,France,3869685,0 days 00:25:16,0,0,0,0,0,0,1,0,0
1,25,17,Regular Play,Argentina,3869685,0 days 00:25:17,0,0,0,0,0,0,1,0,0
1,25,20,Regular Play,Argentina,3869685,0 days 00:25:20,0,0,0,0,0,0,1,0,0
1,25,21,Regular Play,Argentina,3869685,0 days 00:25:21,0,0,0,0,0,0,1,0,0
1,25,23,Regular Play,Argentina,3869685,0 days 00:25:23,0,0,0,0,0,0,1,0,0
1,25,28,Regular Play,Argentina,3869685,0 days 00:25:28,0,0,0,1,0,0,0,0,0
1,25,29,Regular Play,Argentina,3869685,0 days 00:25:29,0,0,0,0,0,0,1,0,0
1,25,30,Regular Play,France,3869685,0 days 00:25:30,0,0,0,0,0,1,0,0,0
1,25,31,Regular Play,France,3869685,0 days 00:25:31,0,0,0,0,0,0,1,0,0
1,25,32,Regular Play,Argentina,3869685,0 days 00:25:32,0,0,0,0,1,0,0,0,0
1,26,48,From Free Kick,France,3869685,0 days 00:26:48,0,0,0,0,0,0,1,0,0
1,26,49,From Free Kick,Argentina,3869685,0 days 00:26:49,0,1,0,0,0,0,0,0,0
1,26,52,From Free Kick,France,3869685,0 days 00:26:52,0,0,0,0,1,0,0,0,0
1,28,18,From Free Kick,Argentina,3869685,0 days 00:28:18,0,0,0,0,0,0,1,0,0
1,28,21,From Free Kick,France,3869685,0 days 00:28:21,0,0,0,0,0,0,1,0,0
1,28,23,From Free Kick,Argentina,3869685,0 days 00:28:23,1,0,0,0,0,0,0,0,0
1,28,24,From Free Kick,Argentina,3869685,0 days 00:28:24,0,0,0,0,0,0,1,0,0
1,28,30,From Free Kick,Argentina,3869685,0 days 00:28:30,0,0,0,1,0,0,0,0,0
1,28,30,From Free Kick,France,3869685,0 days 00:28:30,0,0,0,0,0,0,0,0,1
1,29,2,From Corner,Argentina,3869685,0 days 00:29:02,0,0,0,0,0,0,1,0,0
1,29,3,From Corner,France,3869685,0 days 00:29:03,0,1,0,0,0,0,0,0,0
1,29,38,From Free Kick,France,3869685,0 days 00:29:38,0,0,0,0,0,0,1,0,0
1,29,41,From Free Kick,France,3869685,0 days 00:29:41,0,0,0,0,0,0,1,0,0
1,29,43,From Free Kick,France,3869685,0 days 00:29:43,0,0,0,0,0,0,1,0,0
1,29,43,Regular Play,Argentina,3869685,0 days 00:29:43,0,0,0,0,0,0,1,0,0
1,29,44,Regular Play,Argentina,3869685,0 days 00:29:44,0,0,0,0,0,0,1,0,0
1,29,48,Regular Play,Argentina,3869685,0 days 00:29:48,0,0,0,0,0,0,1,0,0
1,29,54,Regular Play,Argentina,3869685,0 days 00:29:54,0,0,0,0,0,0,1,0,0
1,29,55,Regular Play,Argentina,3869685,0 days 00:29:55,0,0,0,0,0,0,1,0,0
1,30,0,Regular Play,Argentina,3869685,0 days 00:30:00,0,0,0,0,0,0,1,0,0
1,30,1,Regular Play,Argentina,3869685,0 days 00:30:01,0,0,0,0,0,0,1,0,0
1,30,3,Regular Play,Argentina,3869685,0 days 00:30:03,0,0,0,0,0,0,1,0,0
1,30,25,From Throw In,France,3869685,0 days 00:30:25,0,0,0,0,0,0,1,0,0
1,30,27,From Throw In,France,3869685,0 days 00:30:27,0,0,0,0,0,0,1,0,0
1,30,28,From Throw In,Argentina,3869685,0 days 00:30:28,0,0,0,0,0,0,1,0,0
1,30,29,From Throw In,France,3869685,0 days 00:30:29,0,0,0,0,0,0,1,0,0
1,30,31,From Throw In,France,3869685,0 days 00:30:31,0,0,0,0,0,0,1,0,0
1,30,32,Regular Play,Argentina,3869685,0 days 00:30:32,0,0,0,0,0,1,0,0,0
1,30,38,Regular Play,Argentina,3869685,0 days 00:30:38,0,0,0,0,0,0,1,0,0
1,30,43,Regular Play,Argentina,3869685,0 days 00:30:43,0,0,0,0,0,0,1,0,0
1,30,47,Regular Play,Argentina,3869685,0 days 00:30:47,0,0,0,0,0,0,1,0,0
1,30,50,Regular Play,Argentina,3869685,0 days 00:30:50,0,0,0,0,0,0,1,0,0
1,30,56,Regular Play,Argentina,3869685,0 days 00:30:56,0,0,0,0,0,0,1,0,0
1,30,57,Regular Play,Argentina,3869685,0 days 00:30:57,0,0,0,1,0,0,0,0,0
1,30,59,Regular Play,Argentina,3869685,0 days 00:30:59,0,0,0,0,0,0,1,0,0
1,31,0,Regular Play,Argentina,3869685,0 days 00:31:00,0,0,0,0,0,0,1,0,0
1,31,3,Regular Play,Argentina,3869685,0 days 00:31:03,0,0,0,1,0,0,0,0,0
1,31,3,Regular Play,France,3869685,0 days 00:31:03,0,0,0,0,0,0,0,0,1
1,31,4,Regular Play,Argentina,3869685,0 days 00:31:04,0,0,0,0,0,0,1,0,0
1,31,7,Regular Play,Argentina,3869685,0 days 00:31:07,0,0,0,0,0,0,1,0,0
1,31,9,Regular Play,Argentina,3869685,0 days 00:31:09,0,0,0,0,0,0,1,0,0
1,31,14,Regular Play,Argentina,3869685,0 days 00:31:14,0,0,0,0,0,0,1,0,0
1,31,23,Regular Play,Argentina,3869685,0 days 00:31:23,0,0,0,0,0,0,1,0,0
1,31,25,Regular Play,Argentina,3869685,0 days 00:31:25,0,0,0,0,0,0,1,0,0
1,31,27,Regular Play,Argentina,3869685,0 days 00:31:27,0,0,0,0,0,0,1,0,0
1,31,32,Regular Play,Argentina,3869685,0 days 00:31:32,0,0,0,0,0,0,1,0,0
1,31,33,Regular Play,Argentina,3869685,0 days 00:31:33,0,0,0,0,0,0,1,0,0
1,31,35,Regular Play,Argentina,3869685,0 days 00:31:35,0,0,0,0,0,0,0,1,0
