period,minute,second,play_pattern,team,match_id,match_time,ball_recovery,clearance,dispossessed,dribble,foul,interception,pass,shot,tackle
2,57,0,From Throw In,Denmark,3857254,0 days 00:57:00,0,0,0,0,0,0,1,0,0
2,57,4,From Throw In,Denmark,3857254,0 days 00:57:04,0,0,0,0,0,0,1,0,0
2,57,8,Regular Play,Tunisia,3857254,0 days 00:57:08,1,0,0,0,0,0,0,0,0
2,57,14,Regular Play,Tunisia,3857254,0 days 00:57:14,0,0,0,0,0,0,1,0,0
2,57,18,Regular Play,Tunisia,3857254,0 days 00:57:18,0,0,0,0,0,0,1,0,0
2,57,29,Regular Play,Tunisia,3857254,0 days 00:57:29,0,0,0,0,0,0,1,0,0
2,57,32,Regular Play,Tunisia,3857254,0 days 00:57:32,0,0,0,0,0,0,1,0,0
2,57,34,Regular Play,Denmark,3857254,0 days 00:57:34,0,1,0,0,0,0,0,0,0
2,57,35,Regular Play,Tunisia,3857254,0 days 00:57:35,1,0,0,0,0,0,0,0,0
2,57,37,Regular Play,Denmark,3857254,0 days 00:57:37,0,1,0,0,0,0,0,0,0
2,57,40,Regular Play,Denmark,3857254,0 days 00:57:40,1,0,0,0,0,0,0,0,0
2,57,48,Regular Play,Denmark,3857254,0 days 00:57:48,0,0,0,0,0,0,1,0,0
2,57,52,Regular Play,Denmark,3857254,0 days 00:57:52,0,0,0,0,0,0,1,0,0
2,57,55,Regular Play,Denmark,3857254,0 days 00:57:55,0,0,0,0,0,0,1,0,0
2,57,59,Regular Play,Denmark,3857254,0 days 00:57:59,0,0,0,0,0,0,1,0,0
2,58,1,Regular Play,Denmark,3857254,0 days 00:58:01,0,0,0,0,0,0,1,0,0
2,58,4,Regular Play,Denmark,3857254,0 days 00:58:04,0,0,0,0,0,0,1,0,0
2,58,12,Regular Play,Denmark,3857254,0 days 00:58:12,0,0,0,0,0,0,1,0,0
2,58,15,Regular Play,Denmark,3857254,0 days 00:58:15,0,0,0,0,0,0,1,0,0
2,58,17,Regular Play,Denmark,3857254,0 days 00:58:17,0,0,0,0,0,0,1,0,0
2,58,19,Regular Play,Denmark,3857254,0 days 00:58:19,0,0,0,0,0,0,1,0,0
2,58,22,Regular Play,Denmark,3857254,0 days 00:58:22,0,0,0,0,0,0,1,0,0
2,58,25,Regular Play,Denmark,3857254,0 days 00:58:25,0,0,0,0,0,0,1,0,0
2,58,28,Regular Play,Denmark,3857254,0 days 00:58:28,0,0,1,0,0,0,0,0,0
2,58,28,Regular Play,Tunisia,3857254,0 days 00:58:28,0,0,0,0,0,0,0,0,1
2,58,30,Regular Play,Tunisia,3857254,0 days 00:58:30,0,0,0,0,0,0,1,0,0
2,58,35,Regular Play,Tunisia,3857254,0 days 00:58:35,0,0,0,0,0,0,1,0,0
2,58,36,Regular Play,Tunisia,3857254,0 days 00:58:36,0,0,0,0,0,0,1,0,0
2,58,38,Regular Play,Tunisia,3857254,0 days 00:58:38,0,0,0,0,0,0,1,0,0
2,58,40,Regular Play,Tunisia,3857254,0 days 00:58:40,0,0,0,0,0,0,1,0,0
2,58,43,Regular Play,Tunisia,3857254,0 days 00:58:43,0,0,0,0,0,0,1,0,0
2,58,43,Regular Play,Tunisia,3857254,0 days 00:58:43,0,0,0,0,0,0,1,0,0
2,58,46,Regular Play,Tunisia,3857254,0 days 00:58:46,0,0,0,0,0,0,1,0,0
2,58,49,Regular Play,Tunisia,3857254,0 days 00:58:49,0,0,0,0,0,0,1,0,0
2,58,50,Regular Play,Tunisia,3857254,0 days 00:58:50,0,0,0,0,0,0,1,0,0
2,58,52,Regular Play,Tunisia,3857254,0 days 00:58:52,0,0,0,0,0,0,1,0,0
2,58,55,Regular Play,Tunisia,3857254,0 days 00:58:55,0,0,0,0,0,0,1,0,0
2,58,58,Regular Play,Tunisia,3857254,0 days 00:58:58,0,0,0,0,0,0,1,0,0
2,59,1,Regular Play,Tunisia,3857254,0 days 00:59:01,0,0,0,0,0,0,1,0,0
2,59,4,Regular Play,Tunisia,3857254,0 days 00:59:04,0,0,0,0,0,0,1,0,0
2,59,5,Regular Play,Denmark,3857254,0 days 00:59:05,0,0,0,0,0,1,0,0,0
2,59,6,Regular Play,Tunisia,3857254,0 days 00:59:06,1,0,0,0,0,0,0,0,0
2,59,8,Regular Play,Tunisia,3857254,0 days 00:59:08,0,0,0,0,0,0,1,0,0
2,59,11,Regular Play,Denmark,3857254,0 days 00:59:11,0,0,0,0,1,0,0,0,0
2,59,16,From Free Kick,Tunisia,3857254,0 days 00:59:16,0,0,0,0,0,0,1,0,0
2,59,17,From Free Kick,Tunisia,3857254,0 days 00:59:17,0,0,0,0,0,0,1,0,0
2,59,20,From Free Kick,Tunisia,3857254,0 days 00:59:20,0,0,0,0,0,0,1,0,0
2,59,23,From Free Kick,Tunisia,3857254,0 days 00:59:23,0,0,0,0,0,0,1,0,0
2,59,27,From Free Kick,Tunisia,3857254,0 days 00:59:27,0,0,0,0,0,0,1,0,0
2,59,28,From Free Kick,Tunisia,3857254,0 days 00:59:28,0,0,0,0,0,0,1,0,0
2,59,29,From Free Kick,Tunisia,3857254,0 days 00:59:29,0,0,0,0,0,0,1,0,0
2,59,31,From Free Kick,Tunisia,3857254,0 days 00:59:31,0,0,0,0,0,0,1,0,0
2,59,33,From Free Kick,Tunisia,3857254,0 days 00:59:33,0,0,0,0,0,0,1,0,0
2,59,37,From Free Kick,Tunisia,3857254,0 days 00:59:37,0,0,0,0,0,0,1,0,0
2,59,41,From Free Kick,Tunisia,3857254,0 days 00:59:41,0,0,0,0,0,0,1,0,0
2,59,43,From Free Kick,Tunisia,3857254,0 days 00:59:43,0,0,0,0,0,0,1,0,0
2,59,47,From Free Kick,Tunisia,3857254,0 days 00:59:47,0,0,0,0,0,0,1,0,0
2,59,49,From Free Kick,Tunisia,3857254,0 days 00:59:49,0,0,0,0,0,0,1,0,0
2,59,51,Regular Play,Denmark,3857254,0 days 00:59:51,0,0,0,0,0,0,1,0,0
2,59,55,Regular Play,Denmark,3857254,0 days 00:59:55,0,0,0,0,0,0,1,0,0
2,59,59,Regular Play,Denmark,3857254,0 days 00:59:59,0,0,0,0,0,0,1,0,0
2,60,3,Regular Play,Denmark,3857254,0 days 01:00:03,0,0,0,0,0,0,1,0,0
2,60,7,Regular Play,Denmark,3857254,0 days 01:00:07,0,0,0,0,0,0,1,0,0
2,60,7,Regular Play,Tunisia,3857254,0 days 01:00:07,0,1,0,0,0,0,0,0,0
2,60,43,From Corner,Denmark,3857254,0 days 01:00:43,0,0,0,0,0,0,1,0,0
2,60,45,From Corner,Tunisia,3857254,0 days 01:00:45,0,1,0,0,0,0,0,0,0
2,60,47,Regular Play,Tunisia,3857254,0 days 01:00:47,1,0,0,0,0,0,0,0,0
2,60,49,Regular Play,Tunisia,3857254,0 days 01:00:49,0,0,0,0,0,0,1,0,0
2,60,51,Regular Play,Tunisia,3857254,0 days 01:00:51,1,0,0,0,0,0,0,0,0
2,60,57,Regular Play,Tunisia,3857254,0 days 01:00:57,0,0,1,0,0,0,0,0,0
2,60,57,Regular Play,Denmark,3857254,0 days 01:00:57,0,0,0,0,0,0,0,0,1
2,60,59,Regular Play,Denmark,3857254,0 days 01:00:59,0,0,0,0,0,0,1,0,0
2,61,0,Regular Play,Denmark,3857254,0 days 01:01:00,0,0,0,0,0,0,1,0,0
2,61,2,Regular Play,Denmark,3857254,0 days 01:01:02,0,0,0,0,0,0,1,0,0
2,61,5,Regular Play,Denmark,3857254,0 days 01:01:05,0,0,0,0,0,0,1,0,0
2,61,8,Regular Play,Denmark,3857254,0 days 01:01:08,0,0,0,0,0,0,1,0,0
2,61,13,Regular Play,Denmark,3857254,0 days 01:01:13,0,0,0,0,0,0,1,0,0
2,61,15,Regular Play,Denmark,3857254,0 days 01:01:15,0,0,0,0,0,0,1,0,0
2,61,16,Regular Play,Denmark,3857254,0 days 01:01:16,0,0,0,0,0,0,1,0,0
2,61,20,Regular Play,Denmark,3857254,0 days 01:01:20,0,0,0,0,0,0,1,0,0
2,61,22,Regular Play,Denmark,3857254,0 days 01:01:22,0,0,0,0,0,0,1,0,0
2,61,24,Regular Play,Tunisia,3857254,0 days 01:01:24,1,0,0,0,0,0,0,0,0
2,61,27,Regular Play,Tunisia,3857254,0 days 01:01:27,0,0,0,0,0,0,1,0,0
2,61,28,Regular Play,Tunisia,3857254,0 days 01:01:28,0,0,0,0,0,0,1,0,0
2,61,32,Regular Play,Tunisia,3857254,0 days 01:01:32,0,0,0,0,0,0,1,0,0
2,61,33,Regular Play,Tunisia,3857254,0 days 01:01:33,0,0,0,0,0,0,1,0,0
2,61,36,Regular Play,Tunisia,3857254,0 days 01:01:36,0,0,0,0,0,0,1,0,0
2,61,40,Regular Play,Tunisia,3857254,0 days 01:01:40,0,0,0,0,0,0,1,0,0
2,61,42,Regular Play,Tunisia,3857254,0 days 01:01:42,0,0,0,0,0,0,1,0,0
2,61,44,Regular Play,Tunisia,3857254,0 days 01:01:44,0,0,0,0,0,0,1,0,0
2,61,45,Regular Play,Tunisia,3857254,0 days 01:01:45,0,0,0,0,0,0,1,0,0
2,61,47,Regular Play,Tunisia,3857254,0 days 01:01:47,0,0,0,0,0,0,1,0,0
2,61,50,Regular Play,Tunisia,3857254,0 days 01:01:50,0,0,0,0,0,0,1,0,0
2,61,52,Regular Play,Tunisia,3857254,0 days 01:01:52,0,0,0,0,0,0,1,0,0
2,61,55,Regular Play,Denmark,3857254,0 days 01:01:55,0,1,0,0,0,0,0,0,0
2,62,6,From Throw In,Tunisia,3857254,0 days 01:02:06,0,0,0,0,0,0,1,0,0
2,62,7,From Throw In,Tunisia,3857254,0 days 01:02:07,0,0,0,0,0,0,1,0,0
2,62,12,From Throw In,Tunisia,3857254,0 days 01:02:12,0,0,0,0,0,0,1,0,0
2,62,14,From Throw In,Tunisia,3857254,0 days 01:02:14,0,0,0,0,0,0,1,0,0
2,62,18,From Throw In,Tunisia,3857254,0 days 01:02:18,0,0,0,0,0,0,1,0,0
2,62,21,From Throw In,Tunisia,3857254,0 days 01:02:21,0,0,0,0,0,0,1,0,0
2,62,26,From Throw In,Tunisia,3857254,0 days 01:02:26,0,0,1,0,0,0,0,0,0
2,62,26,From Throw In,Denmark,3857254,0 days 01:02:26,0,0,0,0,0,0,0,0,1
2,62,32,From Throw In,Tunisia,3857254,0 days 01:02:32,0,0,0,0,0,0,1,0,0
2,62,35,From Throw In,Tunisia,3857254,0 days 01:02:35,0,0,0,0,0,0,1,0,0
2,62,38,From Throw In,Tunisia,3857254,0 days 01:02:38,0,0,0,0,0,0,1,0,0
2,62,41,From Throw In,Tunisia,3857254,0 days 01:02:41,0,0,0,0,0,0,1,0,0
2,62,42,From Counter,Denmark,3857254,0 days 01:02:42,0,0,0,0,0,0,1,0,0
2,62,44,From Counter,Denmark,3857254,0 days 01:02:44,0,0,0,0,0,0,1,0,0
2,62,47,From Counter,Denmark,3857254,0 days 01:02:47,0,0,1,0,0,0,0,0,0
2,62,47,Regular Play,Tunisia,3857254,0 days 01:02:47,0,0,0,0,0,0,0,0,1
2,62,49,Regular Play,Tunisia,3857254,0 days 01:02:49,0,0,0,0,0,0,1,0,0
2,62,54,Regular Play,Tunisia,3857254,0 days 01:02:54,0,0,0,0,0,0,1,0,0
2,62,59,Regular Play,Tunisia,3857254,0 days 01:02:59,0,0,0,0,0,0,1,0,0
2,63,3,Regular Play,Tunisia,3857254,0 days 01:03:03,0,0,0,0,0,0,1,0,0
2,63,6,Regular Play,Tunisia,3857254,0 days 01:03:06,0,0,0,0,0,0,1,0,0
2,63,8,Regular Play,Tunisia,3857254,0 days 01:03:08,0,0,0,0,0,0,1,0,0
2,63,12,Regular Play,Tunisia,3857254,0 days 01:03:12,0,0,0,0,0,0,1,0,0
2,63,14,Regular Play,Tunisia,3857254,0 days 01:03:14,0,0,0,0,0,0,1,0,0
2,63,16,Regular Play,Tunisia,3857254,0 days 01:03:16,0,0,0,0,0,0,1,0,0
2,63,18,Regular Play,Tunisia,3857254,0 days 01:03:18,0,0,0,0,0,0,1,0,0
2,63,31,From Throw In,Tunisia,3857254,0 days 01:03:31,0,0,0,0,0,0,1,0,0
2,63,35,From Throw In,Tunisia,3857254,0 days 01:03:35,0,0,0,0,0,0,1,0,0
2,63,42,From Throw In,Tunisia,3857254,0 days 01:03:42,0,0,0,0,0,0,1,0,0
2,63,46,From Throw In,Tunisia,3857254,0 days 01:03:46,0,0,0,0,0,0,1,0,0
2,63,48,From Throw In,Tunisia,3857254,0 days 01:03:48,0,0,0,0,0,0,1,0,0
2,63,49,From Throw In,Tunisia,3857254,0 days 01:03:49,0,0,0,0,0,0,1,0,0
2,63,50,From Throw In,Tunisia,3857254,0 days 01:03:50,0,0,0,0,0,0,1,0,0
2,64,37,From Throw In,Tunisia,3857254,0 days 01:04:37,0,0,0,0,0,0,1,0,0
2,64,41,From Throw In,Tunisia,3857254,0 days 01:04:41,0,0,0,0,0,0,1,0,0
2,64,44,From Throw In,Tunisia,3857254,0 days 01:04:44,0,0,0,0,0,0,1,0,0
2,64,47,From Throw In,Denmark,3857254,0 days 01:04:47,0,0,0,0,0,0,1,0,0
2,64,49,From Throw In,Tunisia,3857254,0 days 01:04:49,0,0,0,0,0,0,1,0,0
2,64,51,From Throw In,Tunisia,3857254,0 days 01:04:51,0,0,0,0,0,0,1,0,0
2,64,52,Regular Play,Denmark,3857254,0 days 01:04:52,0,0,0,0,0,0,1,0,0
2,64,53,Regular Play,Denmark,3857254,0 days 01:04:53,0,0,0,0,0,0,1,0,0
2,64,54,Regular Play,Tunisia,3857254,0 days 01:04:54,0,0,0,0,0,1,0,0,0
2,65,0,From Throw In,Denmark,3857254,0 days 01:05:00,0,0,0,0,0,0,1,0,0
2,65,4,From Throw In,Denmark,3857254,0 days 01:05:04,0,0,0,0,0,0,1,0,0
2,65,7,From Throw In,Denmark,3857254,0 days 01:05:07,0,0,0,0,0,0,1,0,0
2,65,9,From Throw In,Denmark,3857254,0 days 01:05:09,0,0,0,0,0,0,1,0,0
2,65,15,From Throw In,Denmark,3857254,0 days 01:05:15,0,0,0,0,0,0,1,0,0
2,65,19,From Throw In,Denmark,3857254,0 days 01:05:19,0,0,0,0,0,0,1,0,0
2,65,21,From Throw In,Denmark,3857254,0 days 01:05:21,0,0,0,0,0,0,1,0,0
2,65,25,From Throw In,Denmark,3857254,0 days 01:05:25,0,0,0,0,0,0,1,0,0
2,65,28,From Throw In,Denmark,3857254,0 days 01:05:28,0,0,0,0,0,0,1,0,0
2,65,30,From Throw In,Denmark,3857254,0 days 01:05:30,0,0,0,0,0,0,1,0,0
2,65,35,From Throw In,Denmark,3857254,0 days 01:05:35,0,0,0,0,0,0,1,0,0
2,65,38,From Throw In,Denmark,3857254,0 days 01:05:38,0,0,0,0,0,0,1,0,0
2,65,39,From Throw In,Denmark,3857254,0 days 01:05:39,0,0,0,0,0,0,1,0,0
2,65,41,From Throw In,Denmark,3857254,0 days 01:05:41,0,0,0,0,0,0,1,0,0
2,65,45,From Throw In,Denmark,3857254,0 days 01:05:45,0,0,0,0,0,0,1,0,0
2,65,46,From Throw In,Denmark,3857254,0 days 01:05:46,0,0,0,0,0,0,1,0,0
2,65,49,From Throw In,Denmark,3857254,0 days 01:05:49,0,0,0,0,0,0,1,0,0
2,65,55,From Throw In,Denmark,3857254,0 days 01:05:55,0,0,0,0,0,0,1,0,0
2,65,58,From Throw In,Denmark,3857254,0 days 01:05:58,0,0,0,0,0,0,1,0,0
2,66,0,From Throw In,Denmark,3857254,0 days 01:06:00,0,0,0,0,0,0,1,0,0
2,66,2,From Throw In,Denmark,3857254,0 days 01:06:02,1,0,0,0,0,0,0,0,0
2,66,2,From Throw In,Tunisia,3857254,0 days 01:06:02,1,0,0,0,0,0,0,0,0
2,66,4,From Throw In,Tunisia,3857254,0 days 01:06:04,0,0,0,0,0,0,1,0,0
2,66,5,From Throw In,Tunisia,3857254,0 days 01:06:05,0,0,0,0,0,0,1,0,0
2,66,8,From Throw In,Denmark,3857254,0 days 01:06:08,1,0,0,0,0,0,0,0,0
2,66,9,From Throw In,Denmark,3857254,0 days 01:06:09,0,0,0,0,0,0,1,0,0
2,66,51,From Throw In,Tunisia,3857254,0 days 01:06:51,0,0,0,0,0,0,1,0,0
2,66,53,From Throw In,Denmark,3857254,0 days 01:06:53,0,0,0,0,0,0,1,0,0
2,66,55,From Throw In,Tunisia,3857254,0 days 01:06:55,1,0,0,0,0,0,0,0,0
2,66,57,From Throw In,Tunisia,3857254,0 days 01:06:57,0,0,0,0,1,0,0,0,0
2,57,1,Regular Play,Japan,3857255,0 days 00:57:01,1,0,0,0,0,0,0,0,0
2,57,3,Regular Play,Japan,3857255,0 days 00:57:03,0,0,0,0,0,0,1,0,0
2,57,4,Regular Play,Japan,3857255,0 days 00:57:04,0,0,0,0,0,0,1,0,0
2,57,5,Regular Play,Spain,3857255,0 days 00:57:05,1,0,0,0,0,0,0,0,0
2,57,6,Regular Play,Spain,3857255,0 days 00:57:06,0,0,0,0,0,0,1,0,0
2,57,8,Regular Play,Spain,3857255,0 days 00:57:08,0,0,0,0,0,0,1,0,0
2,57,10,Regular Play,Spain,3857255,0 days 00:57:10,0,0,0,0,0,0,1,0,0
2,57,11,Regular Play,Spain,3857255,0 days 00:57:11,0,0,0,0,0,0,1,0,0
2,57,13,Regular Play,Spain,3857255,0 days 00:57:13,0,0,0,0,0,0,1,0,0
2,57,16,Regular Play,Spain,3857255,0 days 00:57:16,0,0,0,0,0,0,1,0,0
2,57,18,Regular Play,Spain,3857255,0 days 00:57:18,0,0,0,0,0,0,1,0,0
2,57,20,Regular Play,Spain,3857255,0 days 00:57:20,0,0,0,0,0,0,1,0,0
2,57,23,Regular Play,Spain,3857255,0 days 00:57:23,0,0,0,0,0,0,1,0,0
2,57,26,Regular Play,Spain,3857255,0 days 00:57:26,0,0,0,0,0,0,1,0,0
2,57,27,Regular Play,Spain,3857255,0 days 00:57:27,0,0,0,0,0,0,1,0,0
2,57,31,Regular Play,Spain,3857255,0 days 00:57:31,0,0,0,0,0,0,1,0,0
2,57,38,Regular Play,Spain,3857255,0 days 00:57:38,0,0,0,0,0,0,1,0,0
2,57,41,Regular Play,Spain,3857255,0 days 00:57:41,0,0,0,0,0,0,1,0,0
2,57,44,Regular Play,Spain,3857255,0 days 00:57:44,0,0,0,0,0,0,1,0,0
2,57,45,Regular Play,Spain,3857255,0 days 00:57:45,0,0,0,0,0,0,1,0,0
2,57,48,Regular Play,Spain,3857255,0 days 00:57:48,0,0,0,0,0,0,1,0,0
2,57,55,Regular Play,Spain,3857255,0 days 00:57:55,0,0,0,0,0,0,1,0,0
2,58,0,Regular Play,Spain,3857255,0 days 00:58:00,0,0,0,0,0,0,1,0,0
2,58,3,Regular Play,Spain,3857255,0 days 00:58:03,0,0,0,0,0,0,1,0,0
2,58,12,Regular Play,Spain,3857255,0 days 00:58:12,0,0,0,0,0,0,1,0,0
2,58,16,Regular Play,Spain,3857255,0 days 00:58:16,0,0,0,0,0,0,1,0,0
2,58,17,Regular Play,Spain,3857255,0 days 00:58:17,0,0,0,0,0,0,1,0,0
2,58,19,Regular Play,Spain,3857255,0 days 00:58:19,0,0,0,0,0,0,1,0,0
2,58,20,Regular Play,Spain,3857255,0 days 00:58:20,0,0,0,0,0,0,1,0,0
2,58,22,Regular Play,Japan,3857255,0 days 00:58:22,0,0,0,0,0,0,1,0,0
2,58,24,Regular Play,Japan,3857255,0 days 00:58:24,0,0,0,0,0,0,1,0,0
2,58,28,Regular Play,Spain,3857255,0 days 00:58:28,0,0,0,0,0,0,1,0,0
2,58,31,Regular Play,Japan,3857255,0 days 00:58:31,0,0,0,0,0,0,1,0,0
2,58,32,Regular Play,Japan,3857255,0 days 00:58:32,0,0,0,0,0,0,1,0,0
2,58,32,Regular Play,Spain,3857255,0 days 00:58:32,0,0,0,0,0,0,1,0,0
2,58,34,Regular Play,Japan,3857255,0 days 00:58:34,0,0,0,0,0,0,1,0,0
2,58,36,Regular Play,Spain,3857255,0 days 00:58:36,0,0,0,0,0,0,1,0,0
2,58,37,Regular Play,Spain,3857255,0 days 00:58:37,0,0,0,0,0,0,1,0,0
2,58,42,Regular Play,Spain,3857255,0 days 00:58:42,0,0,0,0,0,0,1,0,0
2,58,54,Regular Play,Spain,3857255,0 days 00:58:54,0,0,0,0,0,0,1,0,0
2,58,56,Regular Play,Spain,3857255,0 days 00:58:56,0,0,0,0,0,0,1,0,0
2,58,58,Regular Play,Spain,3857255,0 days 00:58:58,0,0,0,0,0,0,1,0,0
2,59,2,Regular Play,Spain,3857255,0 days 00:59:02,0,0,0,0,0,0,1,0,0
2,59,6,Regular Play,Spain,3857255,0 days 00:59:06,0,0,0,0,0,0,1,0,0
2,59,15,Regular Play,Spain,3857255,0 days 00:59:15,0,0,0,0,0,0,1,0,0
2,59,18,Regular Play,Spain,3857255,0 days 00:59:18,0,0,0,0,0,0,1,0,0
2,59,20,Regular Play,Japan,3857255,0 days 00:59:20,0,0,0,0,0,0,1,0,0
2,59,21,Regular Play,Spain,3857255,0 days 00:59:21,1,0,0,0,0,0,0,0,0
2,59,25,Regular Play,Spain,3857255,0 days 00:59:25,0,0,0,1,0,0,0,0,0
2,59,29,Regular Play,Spain,3857255,0 days 00:59:29,0,0,0,0,0,0,1,0,0
2,59,31,Regular Play,Spain,3857255,0 days 00:59:31,0,0,0,0,0,0,1,0,0
2,59,36,Regular Play,Spain,3857255,0 days 00:59:36,0,0,0,0,0,0,1,0,0
2,59,38,Regular Play,Spain,3857255,0 days 00:59:38,0,0,0,0,0,0,1,0,0
2,59,41,Regular Play,Spain,3857255,0 days 00:59:41,0,0,0,0,0,0,1,0,0
2,59,45,Regular Play,Spain,3857255,0 days 00:59:45,0,0,0,0,0,0,1,0,0
2,59,47,Regular Play,Spain,3857255,0 days 00:59:47,0,0,0,0,0,0,1,0,0
2,59,49,Regular Play,Spain,3857255,0 days 00:59:49,0,0,0,0,0,0,1,0,0
2,59,52,Regular Play,Spain,3857255,0 days 00:59:52,0,0,0,0,0,0,1,0,0
2,59,56,Regular Play,Spain,3857255,0 days 00:59:56,0,0,0,0,0,0,1,0,0
2,59,58,Regular Play,Spain,3857255,0 days 00:59:58,0,0,0,0,0,0,1,0,0
2,59,59,Regular Play,Spain,3857255,0 days 00:59:59,0,0,0,0,0,0,1,0,0
2,60,3,Regular Play,Spain,3857255,0 days 01:00:03,0,0,0,0,0,0,1,0,0
2,60,6,Regular Play,Spain,3857255,0 days 01:00:06,0,0,0,0,0,0,1,0,0
2,60,8,Regular Play,Spain,3857255,0 days 01:00:08,0,0,0,0,0,0,1,0,0
2,60,12,Regular Play,Spain,3857255,0 days 01:00:12,0,0,0,0,0,0,1,0,0
2,60,14,Regular Play,Spain,3857255,0 days 01:00:14,0,0,0,0,0,0,1,0,0
2,60,15,Regular Play,Japan,3857255,0 days 01:00:15,0,0,0,0,0,1,0,0,0
2,60,17,Regular Play,Japan,3857255,0 days 01:00:17,0,0,0,1,0,0,0,0,0
2,60,17,Regular Play,Spain,3857255,0 days 01:00:17,0,0,0,0,0,0,0,0,1
2,60,19,Regular Play,Spain,3857255,0 days 01:00:19,1,0,0,0,0,0,0,0,0
2,60,20,Regular Play,Spain,3857255,0 days 01:00:20,0,0,0,0,0,0,1,0,0
2,60,22,Regular Play,Spain,3857255,0 days 01:00:22,0,0,0,0,0,0,1,0,0
2,60,33,Regular Play,Spain,3857255,0 days 01:00:33,0,0,0,0,0,0,1,0,0
2,60,35,Regular Play,Spain,3857255,0 days 01:00:35,0,0,0,0,0,0,1,0,0
2,60,36,Regular Play,Spain,3857255,0 days 01:00:36,0,0,0,0,0,0,1,0,0
2,60,36,Regular Play,Japan,3857255,0 days 01:00:36,0,0,0,0,0,1,0,0,0
2,60,38,Regular Play,Japan,3857255,0 days 01:00:38,0,0,0,0,0,0,1,0,0
2,60,40,Regular Play,Japan,3857255,0 days 01:00:40,0,0,0,0,0,0,1,0,0
2,61,11,From Throw In,Japan,3857255,0 days 01:01:11,0,0,0,0,0,0,1,0,0
2,61,12,From Throw In,Japan,3857255,0 days 01:01:12,0,0,0,0,0,0,1,0,0
2,61,14,Regular Play,Spain,3857255,0 days 01:01:14,0,0,0,0,0,0,1,0,0
2,61,20,Regular Play,Spain,3857255,0 days 01:01:20,0,0,0,0,0,0,1,0,0
2,61,23,Regular Play,Spain,3857255,0 days 01:01:23,0,0,0,0,0,0,1,0,0
2,61,26,Regular Play,Spain,3857255,0 days 01:01:26,0,0,0,0,0,0,1,0,0
2,61,29,Regular Play,Spain,3857255,0 days 01:01:29,0,0,0,0,0,0,1,0,0
2,61,32,Regular Play,Spain,3857255,0 days 01:01:32,0,0,0,0,0,0,1,0,0
2,61,35,Regular Play,Spain,3857255,0 days 01:01:35,0,0,0,0,0,0,1,0,0
2,61,38,Regular Play,Spain,3857255,0 days 01:01:38,0,0,0,0,0,0,1,0,0
2,61,41,Regular Play,Spain,3857255,0 days 01:01:41,0,0,0,1,0,0,0,0,0
2,61,41,Regular Play,Japan,3857255,0 days 01:01:41,0,0,0,0,0,0,0,0,1
2,61,42,Regular Play,Japan,3857255,0 days 01:01:42,0,0,0,0,0,0,1,0,0
2,61,44,Regular Play,Japan,3857255,0 days 01:01:44,0,0,0,0,0,0,1,0,0
2,61,45,Regular Play,Japan,3857255,0 days 01:01:45,0,0,0,0,0,0,1,0,0
2,61,46,Regular Play,Spain,3857255,0 days 01:01:46,0,0,0,0,0,0,1,0,0
2,61,48,Regular Play,Spain,3857255,0 days 01:01:48,0,0,0,0,0,0,1,0,0
2,61,48,Regular Play,Japan,3857255,0 days 01:01:48,0,0,0,0,1,0,0,0,0
2,61,54,Regular Play,Spain,3857255,0 days 01:01:54,0,0,0,0,0,0,1,0,0
2,61,57,Regular Play,Japan,3857255,0 days 01:01:57,0,0,0,0,0,0,1,0,0
2,62,0,Regular Play,Japan,3857255,0 days 01:02:00,0,0,0,0,0,0,1,0,0
2,62,2,Regular Play,Japan,3857255,0 days 01:02:02,0,0,0,0,0,0,1,0,0
2,62,4,Regular Play,Japan,3857255,0 days 01:02:04,0,0,0,0,0,0,1,0,0
2,62,5,Regular Play,Spain,3857255,0 days 01:02:05,1,0,0,0,0,0,0,0,0
2,62,16,Regular Play,Spain,3857255,0 days 01:02:16,0,0,0,0,0,0,1,0,0
2,62,23,Regular Play,Spain,3857255,0 days 01:02:23,0,0,0,0,0,0,1,0,0
2,62,26,Regular Play,Spain,3857255,0 days 01:02:26,0,0,0,0,0,0,1,0,0
2,62,29,Regular Play,Spain,3857255,0 days 01:02:29,0,0,0,0,0,0,1,0,0
2,62,33,Regular Play,Spain,3857255,0 days 01:02:33,0,0,0,0,0,0,1,0,0
2,62,36,Regular Play,Spain,3857255,0 days 01:02:36,0,0,0,0,0,0,1,0,0
2,62,39,Regular Play,Spain,3857255,0 days 01:02:39,0,0,0,0,0,0,1,0,0
2,62,42,Regular Play,Spain,3857255,0 days 01:02:42,0,0,0,0,0,0,1,0,0
2,62,47,Regular Play,Spain,3857255,0 days 01:02:47,0,0,0,0,0,0,1,0,0
2,62,49,Regular Play,Spain,3857255,0 days 01:02:49,0,0,0,0,0,0,1,0,0
2,62,51,Regular Play,Spain,3857255,0 days 01:02:51,0,0,1,0,0,0,0,0,0
2,62,51,Regular Play,Japan,3857255,0 days 01:02:51,0,0,0,0,0,0,0,0,1
2,62,53,Regular Play,Japan,3857255,0 days 01:02:53,0,0,0,0,0,0,1,0,0
2,62,57,Regular Play,Japan,3857255,0 days 01:02:57,0,0,0,0,0,0,1,0,0
2,63,2,Regular Play,Japan,3857255,0 days 01:03:02,0,0,0,0,0,0,1,0,0
2,63,3,Regular Play,Spain,3857255,0 days 01:03:03,1,0,0,0,0,0,0,0,0
2,63,4,Regular Play,Spain,3857255,0 days 01:03:04,0,0,0,0,0,0,1,0,0
2,63,9,Regular Play,Spain,3857255,0 days 01:03:09,0,0,0,1,0,0,0,0,0
2,63,11,Regular Play,Spain,3857255,0 days 01:03:11,0,0,0,1,0,0,0,0,0
2,63,11,Regular Play,Japan,3857255,0 days 01:03:11,0,0,0,0,0,0,0,0,1
2,63,22,From Throw In,Spain,3857255,0 days 01:03:22,0,0,0,0,0,0,1,0,0
2,63,28,From Throw In,Spain,3857255,0 days 01:03:28,0,0,0,0,0,0,1,0,0
2,63,30,From Throw In,Spain,3857255,0 days 01:03:30,0,0,0,0,0,0,1,0,0
2,63,34,From Throw In,Spain,3857255,0 days 01:03:34,0,0,0,0,0,0,1,0,0
2,63,37,From Throw In,Spain,3857255,0 days 01:03:37,0,0,0,0,0,0,1,0,0
2,63,37,From Throw In,Spain,3857255,0 days 01:03:37,0,0,0,0,0,0,1,0,0
2,63,40,From Throw In,Spain,3857255,0 days 01:03:40,0,0,0,0,0,0,1,0,0
2,63,42,From Throw In,Spain,3857255,0 days 01:03:42,0,0,0,0,0,0,1,0,0
2,63,47,From Throw In,Spain,3857255,0 days 01:03:47,0,0,0,0,0,0,1,0,0
2,63,48,Regular Play,Japan,3857255,0 days 01:03:48,1,0,0,0,0,0,0,0,0
2,63,50,Regular Play,Spain,3857255,0 days 01:03:50,0,0,0,0,1,0,0,0,0
2,64,27,From Free Kick,Japan,3857255,0 days 01:04:27,0,0,0,0,0,0,1,0,0
2,64,42,From Goal Kick,Spain,3857255,0 days 01:04:42,0,0,0,0,0,0,1,0,0
2,64,47,From Goal Kick,Spain,3857255,0 days 01:04:47,0,0,0,0,0,0,1,0,0
2,64,54,From Goal Kick,Spain,3857255,0 days 01:04:54,0,0,0,0,0,0,1,0,0
2,64,59,From Goal Kick,Spain,3857255,0 days 01:04:59,0,0,0,0,0,0,1,0,0
2,65,1,Regular Play,Japan,3857255,0 days 01:05:01,0,0,0,0,0,0,1,0,0
2,65,2,Regular Play,Japan,3857255,0 days 01:05:02,0,0,0,0,0,0,1,0,0
2,65,3,Regular Play,Japan,3857255,0 days 01:05:03,0,0,0,0,0,0,1,0,0
2,65,6,Regular Play,Japan,3857255,0 days 01:05:06,0,0,0,0,0,0,1,0,0
2,65,7,Regular Play,Japan,3857255,0 days 01:05:07,0,0,0,0,0,0,1,0,0
2,65,11,Regular Play,Japan,3857255,0 days 01:05:11,0,0,1,0,0,0,0,0,0
2,65,11,Regular Play,Spain,3857255,0 days 01:05:11,0,0,0,0,0,0,0,0,1
2,65,31,From Throw In,Japan,3857255,0 days 01:05:31,0,0,0,0,0,0,1,0,0
2,65,32,From Throw In,Japan,3857255,0 days 01:05:32,0,0,0,0,0,0,1,0,0
2,65,58,From Throw In,Spain,3857255,0 days 01:05:58,0,0,0,0,0,0,1,0,0
2,65,59,From Throw In,Japan,3857255,0 days 01:05:59,0,0,0,0,0,0,1,0,0
2,66,1,From Throw In,Spain,3857255,0 days 01:06:01,0,1,0,0,0,0,0,0,0
2,66,3,From Throw In,Japan,3857255,0 days 01:06:03,1,0,0,0,0,0,0,0,0
2,66,14,From Goal Kick,Spain,3857255,0 days 01:06:14,0,0,0,0,0,0,1,0,0
2,66,17,From Goal Kick,Spain,3857255,0 days 01:06:17,0,0,0,0,0,0,1,0,0
2,66,21,From Goal Kick,Spain,3857255,0 days 01:06:21,0,0,0,0,0,0,1,0,0
2,66,25,From Goal Kick,Spain,3857255,0 days 01:06:25,0,0,0,0,0,0,1,0,0
2,66,31,From Goal Kick,Spain,3857255,0 days 01:06:31,0,0,0,0,0,0,1,0,0
2,66,33,From Goal Kick,Spain,3857255,0 days 01:06:33,0,0,0,0,0,0,1,0,0
2,66,35,From Goal Kick,Spain,3857255,0 days 01:06:35,0,0,0,0,0,0,1,0,0
2,66,38,From Goal Kick,Spain,3857255,0 days 01:06:38,0,0,0,0,0,0,1,0,0
2,66,40,From Goal Kick,Spain,3857255,0 days 01:06:40,0,0,0,0,0,0,1,0,0
2,66,48,From Goal Kick,Spain,3857255,0 days 01:06:48,0,0,0,0,0,0,1,0,0
2,66,51,From Goal Kick,Spain,3857255,0 days 01:06:51,0,0,0,0,0,0,1,0,0
2,66,52,From Goal Kick,Spain,3857255,0 days 01:06:52,0,0,0,0,0,0,1,0,0
2,66,55,From Goal Kick,Spain,3857255,0 days 01:06:55,0,0,0,0,0,0,1,0,0
2,66,59,From Goal Kick,Spain,3857255,0 days 01:06:59,0,0,0,1,0,0,0,0,0
2,66,59,From Goal Kick,Japan,3857255,0 days 01:06:59,0,0,0,0,0,0,0,0,1
2,57,0,Regular Play,Switzerland,3857256,0 days 00:57:00,0,0,0,0,1,0,0,0,0
2,57,29,From Free Kick,Serbia,3857256,0 days 00:57:29,0,0,0,0,0,0,1,0,0
2,57,31,From Free Kick,Serbia,3857256,0 days 00:57:31,0,0,0,0,0,0,1,0,0
2,57,50,From Goal Kick,Switzerland,3857256,0 days 00:57:50,0,0,0,0,0,0,1,0,0
2,57,52,From Goal Kick,Switzerland,3857256,0 days 00:57:52,0,0,0,0,0,0,1,0,0
2,57,56,From Goal Kick,Switzerland,3857256,0 days 00:57:56,0,0,0,0,0,0,1,0,0
2,57,58,From Goal Kick,Serbia,3857256,0 days 00:57:58,0,0,0,0,0,0,1,0,0
2,58,0,From Goal Kick,Switzerland,3857256,0 days 00:58:00,0,0,0,0,0,0,1,0,0
2,58,1,From Goal Kick,Switzerland,3857256,0 days 00:58:01,0,0,0,0,0,0,1,0,0
2,58,3,From Goal Kick,Switzerland,3857256,0 days 00:58:03,0,0,0,0,0,0,1,0,0
2,58,5,From Goal Kick,Switzerland,3857256,0 days 00:58:05,0,0,0,0,0,0,1,0,0
2,58,11,From Goal Kick,Switzerland,3857256,0 days 00:58:11,0,0,0,0,0,0,1,0,0
2,58,11,Regular Play,Serbia,3857256,0 days 00:58:11,0,0,0,0,0,1,0,0,0
2,58,13,Regular Play,Serbia,3857256,0 days 00:58:13,0,0,0,0,0,0,1,0,0
2,58,15,Regular Play,Serbia,3857256,0 days 00:58:15,0,0,0,0,0,0,1,0,0
2,58,20,Regular Play,Serbia,3857256,0 days 00:58:20,0,0,0,0,0,0,1,0,0
2,58,23,Regular Play,Serbia,3857256,0 days 00:58:23,0,0,0,0,0,0,1,0,0
2,58,25,Regular Play,Serbia,3857256,0 days 00:58:25,0,0,0,0,0,0,1,0,0
2,58,28,Regular Play,Serbia,3857256,0 days 00:58:28,0,0,0,0,0,0,1,0,0
2,58,30,Regular Play,Serbia,3857256,0 days 00:58:30,0,0,0,0,0,0,1,0,0
2,58,33,Regular Play,Serbia,3857256,0 days 00:58:33,0,0,0,0,0,0,1,0,0
2,58,36,Regular Play,Switzerland,3857256,0 days 00:58:36,0,0,0,0,0,1,0,0,0
2,58,38,Regular Play,Switzerland,3857256,0 days 00:58:38,0,0,0,0,0,0,1,0,0
2,58,39,Regular Play,Serbia,3857256,0 days 00:58:39,0,0,0,0,1,0,0,0,0
2,59,6,From Free Kick,Switzerland,3857256,0 days 00:59:06,0,0,0,0,0,0,1,0,0
2,59,11,From Free Kick,Switzerland,3857256,0 days 00:59:11,0,0,0,0,0,0,1,0,0
2,59,12,From Free Kick,Switzerland,3857256,0 days 00:59:12,0,0,1,0,0,0,0,0,0
2,59,12,From Free Kick,Serbia,3857256,0 days 00:59:12,0,0,0,0,0,0,0,0,1
2,59,13,From Free Kick,Switzerland,3857256,0 days 00:59:13,0,0,0,0,0,0,1,0,0
2,59,15,From Free Kick,Switzerland,3857256,0 days 00:59:15,0,0,0,0,0,0,1,0,0
2,59,17,From Free Kick,Switzerland,3857256,0 days 00:59:17,0,0,0,0,0,0,1,0,0
2,59,21,From Free Kick,Switzerland,3857256,0 days 00:59:21,0,0,0,0,0,0,1,0,0
2,59,23,Regular Play,Serbia,3857256,0 days 00:59:23,0,0,0,0,0,0,1,0,0
2,59,38,Regular Play,Serbia,3857256,0 days 00:59:38,0,0,0,0,0,0,1,0,0
2,59,40,Regular Play,Serbia,3857256,0 days 00:59:40,0,0,0,0,0,0,1,0,0
2,59,42,Regular Play,Serbia,3857256,0 days 00:59:42,0,0,0,0,0,0,1,0,0
2,59,45,Regular Play,Serbia,3857256,0 days 00:59:45,0,0,0,0,0,0,1,0,0
2,59,50,Regular Play,Serbia,3857256,0 days 00:59:50,0,0,0,0,0,0,1,0,0
2,59,52,Regular Play,Serbia,3857256,0 days 00:59:52,0,0,0,0,0,0,1,0,0
2,59,54,Regular Play,Serbia,3857256,0 days 00:59:54,0,0,0,0,0,0,1,0,0
2,59,58,Regular Play,Serbia,3857256,0 days 00:59:58,0,0,0,0,0,0,1,0,0
2,60,2,Regular Play,Serbia,3857256,0 days 01:00:02,0,0,0,0,0,0,1,0,0
2,60,6,Regular Play,Serbia,3857256,0 days 01:00:06,0,0,0,0,0,0,0,1,0
2,60,31,From Goal Kick,Switzerland,3857256,0 days 01:00:31,0,0,0,0,0,0,1,0,0
2,60,33,From Goal Kick,Switzerland,3857256,0 days 01:00:33,0,0,0,0,0,0,1,0,0
2,60,40,From Goal Kick,Switzerland,3857256,0 days 01:00:40,0,0,0,0,0,0,1,0,0
2,60,43,From Goal Kick,Switzerland,3857256,0 days 01:00:43,0,0,0,0,0,0,1,0,0
2,60,49,From Goal Kick,Switzerland,3857256,0 days 01:00:49,0,0,0,0,0,0,1,0,0
2,60,53,From Goal Kick,Switzerland,3857256,0 days 01:00:53,0,0,0,0,0,0,1,0,0
2,60,55,From Goal Kick,Switzerland,3857256,0 days 01:00:55,0,0,0,0,0,0,1,0,0
2,60,58,From Goal Kick,Switzerland,3857256,0 days 01:00:58,0,0,0,0,0,0,1,0,0
2,61,1,From Goal Kick,Switzerland,3857256,0 days 01:01:01,0,0,0,0,0,0,1,0,0
2,61,3,From Goal Kick,Switzerland,3857256,0 days 01:01:03,0,0,0,0,0,0,1,0,0
2,61,5,From Goal Kick,Switzerland,3857256,0 days 01:01:05,0,0,0,0,0,0,1,0,0
2,61,6,From Goal Kick,Switzerland,3857256,0 days 01:01:06,0,0,0,0,0,0,1,0,0
2,61,9,From Goal Kick,Serbia,3857256,0 days 01:01:09,1,0,0,0,0,0,0,0,0
2,61,10,From Goal Kick,Serbia,3857256,0 days 01:01:10,0,0,0,0,0,0,1,0,0
2,61,15,From Goal Kick,Serbia,3857256,0 days 01:01:15,0,0,0,0,0,0,1,0,0
2,61,17,From Goal Kick,Switzerland,3857256,0 days 01:01:17,0,0,0,0,0,0,1,0,0
2,61,22,From Goal Kick,Switzerland,3857256,0 days 01:01:22,0,0,0,0,0,0,1,0,0
2,61,25,From Goal Kick,Switzerland,3857256,0 days 01:01:25,0,0,0,0,0,0,1,0,0
2,61,28,From Goal Kick,Switzerland,3857256,0 days 01:01:28,0,0,0,0,0,0,1,0,0
2,61,31,From Goal Kick,Serbia,3857256,0 days 01:01:31,0,0,0,0,1,0,0,0,0
2,61,56,From Free Kick,Switzerland,3857256,0 days 01:01:56,0,0,0,0,0,0,1,0,0
2,61,59,From Free Kick,Switzerland,3857256,0 days 01:01:59,0,0,0,0,0,0,1,0,0
2,62,1,From Free Kick,Switzerland,3857256,0 days 01:02:01,0,0,0,0,0,0,1,0,0
2,62,4,From Free Kick,Switzerland,3857256,0 days 01:02:04,0,0,0,0,0,0,1,0,0
2,62,9,Regular Play,Serbia,3857256,0 days 01:02:09,0,0,0,0,0,0,1,0,0
2,62,11,Regular Play,Serbia,3857256,0 days 01:02:11,0,0,0,0,0,0,1,0,0
2,62,17,Regular Play,Switzerland,3857256,0 days 01:02:17,0,0,0,0,0,0,1,0,0
2,62,18,Regular Play,Switzerland,3857256,0 days 01:02:18,0,0,0,0,0,0,1,0,0
2,62,44,From Throw In,Switzerland,3857256,0 days 01:02:44,0,0,0,0,0,0,1,0,0
2,62,45,Regular Play,Serbia,3857256,0 days 01:02:45,1,0,0,0,0,0,0,0,0
2,62,51,Regular Play,Serbia,3857256,0 days 01:02:51,0,0,0,0,0,0,1,0,0
2,62,54,Regular Play,Serbia,3857256,0 days 01:02:54,0,0,0,0,0,0,1,0,0
2,62,56,Regular Play,Serbia,3857256,0 days 01:02:56,0,0,0,0,0,0,1,0,0
2,62,59,Regular Play,Serbia,3857256,0 days 01:02:59,0,0,0,0,0,0,1,0,0
2,63,12,From Keeper,Switzerland,3857256,0 days 01:03:12,0,0,0,0,0,0,1,0,0
2,63,14,From Keeper,Switzerland,3857256,0 days 01:03:14,0,0,0,0,0,0,1,0,0
2,63,19,From Keeper,Switzerland,3857256,0 days 01:03:19,0,0,0,0,0,0,1,0,0
2,63,21,From Keeper,Switzerland,3857256,0 days 01:03:21,0,0,0,0,0,0,1,0,0
2,63,26,From Keeper,Switzerland,3857256,0 days 01:03:26,0,0,0,0,0,0,1,0,0
2,63,29,From Keeper,Switzerland,3857256,0 days 01:03:29,0,0,0,0,0,0,1,0,0
2,63,34,From Keeper,Switzerland,3857256,0 days 01:03:34,0,0,0,0,0,0,1,0,0
2,63,39,Regular Play,Serbia,3857256,0 days 01:03:39,1,0,0,0,0,0,0,0,0
2,63,42,Regular Play,Serbia,3857256,0 days 01:03:42,0,0,0,0,0,0,1,0,0
2,63,46,Regular Play,Serbia,3857256,0 days 01:03:46,0,0,0,0,0,0,1,0,0
2,63,50,Regular Play,Serbia,3857256,0 days 01:03:50,0,0,0,0,0,0,1,0,0
2,63,55,Regular Play,Serbia,3857256,0 days 01:03:55,0,0,0,0,0,0,1,0,0
2,63,59,Regular Play,Serbia,3857256,0 days 01:03:59,0,0,0,0,0,0,1,0,0
2,64,1,Regular Play,Serbia,3857256,0 days 01:04:01,0,0,0,0,0,0,1,0,0
2,64,2,Regular Play,Serbia,3857256,0 days 01:04:02,0,0,0,0,0,0,1,0,0
2,64,6,Regular Play,Serbia,3857256,0 days 01:04:06,0,0,0,0,0,0,1,0,0
2,64,9,Regular Play,Serbia,3857256,0 days 01:04:09,0,0,0,0,0,0,1,0,0
2,64,10,Regular Play,Serbia,3857256,0 days 01:04:10,0,0,0,0,0,0,1,0,0
2,64,11,Regular Play,Serbia,3857256,0 days 01:04:11,0,0,0,0,0,0,1,0,0
2,64,14,Regular Play,Switzerland,3857256,0 days 01:04:14,1,0,0,0,0,0,0,0,0
2,64,19,Regular Play,Switzerland,3857256,0 days 01:04:19,0,0,0,0,0,0,1,0,0
2,64,28,Regular Play,Switzerland,3857256,0 days 01:04:28,0,0,0,0,0,0,1,0,0
2,66,51,Other,Switzerland,3857256,0 days 01:06:51,0,0,0,0,0,0,1,0,0
2,57,59,From Free Kick,Denmark,3857257,0 days 00:57:59,0,0,0,0,0,0,1,0,0
2,58,30,From Goal Kick,Australia,3857257,0 days 00:58:30,0,0,0,0,0,0,1,0,0
2,58,34,From Goal Kick,Australia,3857257,0 days 00:58:34,0,0,0,0,0,0,1,0,0
2,58,35,From Goal Kick,Australia,3857257,0 days 00:58:35,0,0,0,0,0,0,1,0,0
2,58,37,From Goal Kick,Denmark,3857257,0 days 00:58:37,0,0,0,0,0,0,1,0,0
2,58,38,From Goal Kick,Australia,3857257,0 days 00:58:38,0,0,0,0,0,0,1,0,0
2,58,40,From Goal Kick,Australia,3857257,0 days 00:58:40,0,0,0,0,0,0,1,0,0
2,58,42,From Goal Kick,Australia,3857257,0 days 00:58:42,0,0,0,0,0,0,1,0,0
2,58,47,From Goal Kick,Australia,3857257,0 days 00:58:47,0,0,0,0,0,0,1,0,0
2,58,49,From Goal Kick,Australia,3857257,0 days 00:58:49,0,0,0,0,0,0,1,0,0
2,58,51,From Goal Kick,Australia,3857257,0 days 00:58:51,0,0,0,0,0,0,1,0,0
2,58,53,From Goal Kick,Denmark,3857257,0 days 00:58:53,0,1,0,0,0,0,0,0,0
2,58,55,From Goal Kick,Denmark,3857257,0 days 00:58:55,1,0,0,0,0,0,0,0,0
2,58,56,From Goal Kick,Australia,3857257,0 days 00:58:56,1,0,0,0,0,0,0,0,0
2,58,57,From Goal Kick,Australia,3857257,0 days 00:58:57,0,0,1,0,0,0,0,0,0
2,58,57,Regular Play,Denmark,3857257,0 days 00:58:57,0,0,0,0,0,0,0,0,1
2,58,58,Regular Play,Denmark,3857257,0 days 00:58:58,1,0,0,0,0,0,0,0,0
2,58,58,Regular Play,Denmark,3857257,0 days 00:58:58,0,0,0,0,0,0,1,0,0
2,59,0,Regular Play,Denmark,3857257,0 days 00:59:00,0,0,0,0,0,0,1,0,0
2,59,0,Regular Play,Denmark,3857257,0 days 00:59:00,0,0,0,0,0,0,1,0,0
2,59,3,Regular Play,Denmark,3857257,0 days 00:59:03,0,0,0,0,0,0,1,0,0
2,59,7,Regular Play,Denmark,3857257,0 days 00:59:07,0,0,0,0,0,0,1,0,0
2,59,12,Regular Play,Denmark,3857257,0 days 00:59:12,0,0,0,1,0,0,0,0,0
2,59,14,Regular Play,Denmark,3857257,0 days 00:59:14,0,0,1,0,0,0,0,0,0
2,59,14,Regular Play,Australia,3857257,0 days 00:59:14,0,0,0,0,0,0,0,0,1
2,59,29,From Throw In,Denmark,3857257,0 days 00:59:29,0,0,0,0,0,0,1,0,0
2,59,32,From Throw In,Denmark,3857257,0 days 00:59:32,0,0,0,0,0,0,1,0,0
2,59,36,From Throw In,Denmark,3857257,0 days 00:59:36,0,0,0,0,0,0,1,0,0
2,59,39,From Throw In,Denmark,3857257,0 days 00:59:39,0,0,0,0,0,0,1,0,0
2,59,41,From Throw In,Denmark,3857257,0 days 00:59:41,0,0,0,0,0,0,1,0,0
2,59,41,From Throw In,Denmark,3857257,0 days 00:59:41,0,0,0,0,0,0,1,0,0
2,59,42,From Throw In,Denmark,3857257,0 days 00:59:42,0,0,0,0,0,0,1,0,0
2,59,43,From Throw In,Denmark,3857257,0 days 00:59:43,0,0,1,0,0,0,0,0,0
2,59,43,From Counter,Australia,3857257,0 days 00:59:43,0,0,0,0,0,0,0,0,1
2,59,46,From Counter,Australia,3857257,0 days 00:59:46,0,0,0,0,0,0,1,0,0
2,59,47,From Counter,Australia,3857257,0 days 00:59:47,0,0,0,0,0,0,1,0,0
2,59,48,From Counter,Australia,3857257,0 days 00:59:48,0,0,0,0,0,0,1,0,0
2,59,50,From Counter,Australia,3857257,0 days 00:59:50,0,0,0,0,0,0,1,0,0
2,59,56,From Counter,Australia,3857257,0 days 00:59:56,0,0,0,0,0,0,0,1,0
2,61,23,From Kick Off,Denmark,3857257,0 days 01:01:23,0,0,0,0,0,0,1,0,0
2,61,28,From Kick Off,Denmark,3857257,0 days 01:01:28,0,0,0,0,0,0,1,0,0
2,61,30,From Kick Off,Denmark,3857257,0 days 01:01:30,0,0,0,0,0,0,1,0,0
2,61,34,From Kick Off,Denmark,3857257,0 days 01:01:34,0,0,0,0,0,0,1,0,0
2,61,36,From Kick Off,Denmark,3857257,0 days 01:01:36,0,0,0,0,0,0,1,0,0
2,61,37,From Kick Off,Denmark,3857257,0 days 01:01:37,0,0,0,0,0,0,1,0,0
2,61,40,From Kick Off,Denmark,3857257,0 days 01:01:40,0,0,0,0,0,0,1,0,0
2,61,43,From Kick Off,Denmark,3857257,0 days 01:01:43,0,0,0,0,0,0,1,0,0
2,61,47,From Kick Off,Denmark,3857257,0 days 01:01:47,0,0,0,0,0,0,1,0,0
2,61,53,From Kick Off,Denmark,3857257,0 days 01:01:53,0,0,0,0,0,0,1,0,0
2,61,55,From Kick Off,Denmark,3857257,0 days 01:01:55,0,0,0,0,0,0,1,0,0
2,61,58,From Kick Off,Denmark,3857257,0 days 01:01:58,0,0,0,0,0,0,1,0,0
2,62,0,From Kick Off,Denmark,3857257,0 days 01:02:00,0,0,0,0,0,0,1,0,0
2,62,3,From Kick Off,Denmark,3857257,0 days 01:02:03,0,0,0,0,0,0,1,0,0
2,62,7,From Kick Off,Denmark,3857257,0 days 01:02:07,0,0,0,0,0,0,1,0,0
2,62,9,From Kick Off,Denmark,3857257,0 days 01:02:09,0,0,0,0,0,0,1,0,0
2,62,14,From Kick Off,Denmark,3857257,0 days 01:02:14,0,0,0,0,0,0,1,0,0
2,62,18,From Kick Off,Denmark,3857257,0 days 01:02:18,0,0,0,0,0,0,1,0,0
2,62,34,From Throw In,Australia,3857257,0 days 01:02:34,0,0,0,0,0,0,1,0,0
2,62,47,From Throw In,Denmark,3857257,0 days 01:02:47,1,0,0,0,0,0,0,0,0
2,62,50,From Throw In,Australia,3857257,0 days 01:02:50,1,0,0,0,0,0,0,0,0
2,62,55,From Throw In,Australia,3857257,0 days 01:02:55,0,0,0,0,0,0,1,0,0
2,63,4,From Goal Kick,Denmark,3857257,0 days 01:03:04,0,0,0,0,0,0,1,0,0
2,63,6,From Goal Kick,Denmark,3857257,0 days 01:03:06,0,0,0,0,0,0,1,0,0
2,63,15,From Goal Kick,Denmark,3857257,0 days 01:03:15,0,0,0,0,0,0,1,0,0
2,63,17,From Goal Kick,Denmark,3857257,0 days 01:03:17,0,0,0,0,0,0,1,0,0
2,63,22,From Goal Kick,Australia,3857257,0 days 01:03:22,1,0,0,0,0,0,0,0,0
2,63,39,From Goal Kick,Australia,3857257,0 days 01:03:39,0,0,0,0,0,0,1,0,0
2,63,41,From Goal Kick,Australia,3857257,0 days 01:03:41,0,0,0,0,1,0,0,0,0
2,63,52,From Free Kick,Denmark,3857257,0 days 01:03:52,0,0,0,0,0,0,1,0,0
2,63,54,From Free Kick,Denmark,3857257,0 days 01:03:54,0,0,0,0,0,0,1,0,0
2,63,54,From Free Kick,Denmark,3857257,0 days 01:03:54,0,0,0,0,0,0,1,0,0
2,63,57,From Free Kick,Denmark,3857257,0 days 01:03:57,0,0,0,0,0,0,1,0,0
2,64,3,From Free Kick,Denmark,3857257,0 days 01:04:03,0,0,0,0,0,0,1,0,0
2,64,5,From Free Kick,Denmark,3857257,0 days 01:04:05,0,0,0,0,0,0,1,0,0
2,64,7,From Free Kick,Denmark,3857257,0 days 01:04:07,0,0,0,0,0,0,1,0,0
2,64,8,From Free Kick,Denmark,3857257,0 days 01:04:08,0,0,0,0,0,0,1,0,0
2,64,11,From Free Kick,Denmark,3857257,0 days 01:04:11,0,0,0,0,0,0,1,0,0
2,64,13,From Free Kick,Denmark,3857257,0 days 01:04:13,0,0,0,1,0,0,0,0,0
2,64,14,From Free Kick,Denmark,3857257,0 days 01:04:14,0,0,0,0,0,0,1,0,0
2,64,40,From Corner,Denmark,3857257,0 days 01:04:40,0,0,0,0,0,0,1,0,0
2,64,43,From Corner,Australia,3857257,0 days 01:04:43,0,1,0,0,0,0,0,0,0
2,64,47,From Corner,Australia,3857257,0 days 01:04:47,1,0,0,0,0,0,0,0,0
2,64,49,From Corner,Australia,3857257,0 days 01:04:49,0,0,0,0,0,0,1,0,0
2,64,50,From Corner,Australia,3857257,0 days 01:04:50,0,0,0,0,0,0,1,0,0
2,64,54,From Corner,Denmark,3857257,0 days 01:04:54,1,0,0,0,0,0,0,0,0
2,64,56,From Corner,Denmark,3857257,0 days 01:04:56,0,0,0,0,0,0,1,0,0
2,65,0,From Corner,Denmark,3857257,0 days 01:05:00,0,0,0,0,0,0,1,0,0
2,65,6,From Corner,Denmark,3857257,0 days 01:05:06,0,0,0,0,0,0,1,0,0
2,65,9,From Corner,Australia,3857257,0 days 01:05:09,0,0,0,0,0,0,1,0,0
2,65,12,From Corner,Denmark,3857257,0 days 01:05:12,0,0,0,0,0,0,1,0,0
2,65,13,From Corner,Australia,3857257,0 days 01:05:13,0,0,0,0,0,1,0,0,0
2,65,13,From Corner,Denmark,3857257,0 days 01:05:13,0,0,0,0,1,0,0,0,0
2,65,40,From Free Kick,Australia,3857257,0 days 01:05:40,0,0,0,0,0,0,1,0,0
2,65,43,From Free Kick,Denmark,3857257,0 days 01:05:43,0,1,0,0,0,0,0,0,0
2,65,43,From Free Kick,Denmark,3857257,0 days 01:05:43,0,1,0,0,0,0,0,0,0
2,65,45,From Free Kick,Denmark,3857257,0 days 01:05:45,0,0,0,0,0,0,1,0,0
2,65,47,From Free Kick,Australia,3857257,0 days 01:05:47,0,0,0,0,0,0,1,0,0
2,65,48,From Free Kick,Australia,3857257,0 days 01:05:48,0,0,0,0,0,0,1,0,0
2,65,50,From Free Kick,Australia,3857257,0 days 01:05:50,0,0,0,0,0,0,1,0,0
2,65,52,From Free Kick,Australia,3857257,0 days 01:05:52,0,0,0,0,0,0,1,0,0
2,65,54,From Free Kick,Australia,3857257,0 days 01:05:54,0,0,0,0,0,0,1,0,0
2,65,55,From Free Kick,Denmark,3857257,0 days 01:05:55,1,0,0,0,0,0,0,0,0
2,66,18,From Throw In,Australia,3857257,0 days 01:06:18,0,0,0,0,0,0,1,0,0
2,66,19,From Throw In,Denmark,3857257,0 days 01:06:19,0,0,0,0,0,0,1,0,0
2,66,21,From Throw In,Australia,3857257,0 days 01:06:21,1,0,0,0,0,0,0,0,0
2,66,22,From Throw In,Australia,3857257,0 days 01:06:22,0,0,1,0,0,0,0,0,0
2,66,22,From Throw In,Denmark,3857257,0 days 01:06:22,0,0,0,0,0,0,0,0,1
2,66,23,From Throw In,Denmark,3857257,0 days 01:06:23,0,0,0,0,0,0,1,0,0
2,66,24,From Throw In,Australia,3857257,0 days 01:06:24,0,0,0,0,0,0,1,0,0
2,66,25,From Throw In,Denmark,3857257,0 days 01:06:25,0,0,0,0,0,1,0,0,0
2,66,41,From Throw In,Australia,3857257,0 days 01:06:41,0,0,0,0,0,0,1,0,0
2,66,43,From Throw In,Denmark,3857257,0 days 01:06:43,0,1,0,0,0,0,0,0,0
2,66,44,From Throw In,Australia,3857257,0 days 01:06:44,0,0,0,0,0,0,1,0,0
2,66,46,From Throw In,Denmark,3857257,0 days 01:06:46,0,0,0,0,0,0,1,0,0
2,66,47,From Throw In,Australia,3857257,0 days 01:06:47,0,0,0,0,0,0,1,0,0
2,66,49,From Throw In,Australia,3857257,0 days 01:06:49,0,0,0,0,0,0,1,0,0
2,66,50,From Throw In,Australia,3857257,0 days 01:06:50,1,0,0,0,0,0,0,0,0
2,66,53,From Throw In,Australia,3857257,0 days 01:06:53,0,0,0,0,0,0,1,0,0
2,66,57,From Throw In,Australia,3857257,0 days 01:06:57,0,0,0,1,0,0,0,0,0
2,66,59,From Throw In,Australia,3857257,0 days 01:06:59,0,0,0,1,0,0,0,0,0
2,57,1,Regular Play,Serbia,3857258,0 days 00:57:01,0,0,0,0,0,0,1,0,0
2,57,5,Regular Play,Serbia,3857258,0 days 00:57:05,0,0,0,0,0,0,1,0,0
2,57,7,Regular Play,Serbia,3857258,0 days 00:57:07,0,0,0,0,0,0,1,0,0
2,57,8,Regular Play,Serbia,3857258,0 days 00:57:08,0,0,0,0,0,0,1,0,0
2,57,8,Regular Play,Serbia,3857258,0 days 00:57:08,0,0,0,0,0,0,1,0,0
2,57,10,Regular Play,Brazil,3857258,0 days 00:57:10,0,0,0,0,0,1,0,0,0
2,57,14,Regular Play,Serbia,3857258,0 days 00:57:14,0,0,0,0,0,0,1,0,0
2,57,17,Regular Play,Serbia,3857258,0 days 00:57:17,0,0,0,0,0,0,1,0,0
2,57,19,Regular Play,Brazil,3857258,0 days 00:57:19,0,1,0,0,0,0,0,0,0
2,58,2,From Corner,Serbia,3857258,0 days 00:58:02,0,0,0,0,0,0,1,0,0
2,58,3,From Corner,Brazil,3857258,0 days 00:58:03,0,1,0,0,0,0,0,0,0
2,58,5,From Corner,Brazil,3857258,0 days 00:58:05,0,1,0,0,0,0,0,0,0
2,58,7,From Corner,Brazil,3857258,0 days 00:58:07,0,1,0,0,0,0,0,0,0
2,58,28,From Throw In,Serbia,3857258,0 days 00:58:28,0,0,0,0,0,0,1,0,0
2,58,28,From Throw In,Serbia,3857258,0 days 00:58:28,0,0,0,0,0,0,1,0,0
2,58,32,From Throw In,Serbia,3857258,0 days 00:58:32,0,0,0,0,0,0,1,0,0
2,58,47,From Goal Kick,Brazil,3857258,0 days 00:58:47,0,0,0,0,0,0,1,0,0
2,58,49,From Goal Kick,Brazil,3857258,0 days 00:58:49,0,0,0,0,0,0,1,0,0
2,58,58,From Goal Kick,Serbia,3857258,0 days 00:58:58,0,0,0,0,1,0,0,0,0
2,59,6,From Free Kick,Brazil,3857258,0 days 00:59:06,0,0,0,0,0,0,1,0,0
2,59,9,From Free Kick,Brazil,3857258,0 days 00:59:09,0,0,0,0,0,0,1,0,0
2,59,10,From Free Kick,Serbia,3857258,0 days 00:59:10,0,0,0,0,0,0,1,0,0
2,59,13,From Free Kick,Brazil,3857258,0 days 00:59:13,0,0,0,0,0,0,1,0,0
2,59,15,From Free Kick,Brazil,3857258,0 days 00:59:15,0,0,0,1,0,0,0,0,0
2,59,17,From Free Kick,Brazil,3857258,0 days 00:59:17,0,0,0,0,0,0,1,0,0
2,59,21,From Free Kick,Brazil,3857258,0 days 00:59:21,0,0,0,0,0,0,1,0,0
2,59,25,From Free Kick,Brazil,3857258,0 days 00:59:25,0,0,0,0,0,0,0,1,0
2,59,28,From Free Kick,Brazil,3857258,0 days 00:59:28,1,0,0,0,0,0,0,0,0
2,59,30,From Free Kick,Brazil,3857258,0 days 00:59:30,0,0,0,0,0,0,1,0,0
2,59,32,From Free Kick,Serbia,3857258,0 days 00:59:32,0,1,0,0,0,0,0,0,0
2,59,34,From Free Kick,Brazil,3857258,0 days 00:59:34,1,0,0,0,0,0,0,0,0
2,59,36,From Free Kick,Brazil,3857258,0 days 00:59:36,0,0,0,0,0,0,0,1,0
2,60,12,From Goal Kick,Serbia,3857258,0 days 01:00:12,0,0,0,0,0,0,1,0,0
2,60,17,From Goal Kick,Serbia,3857258,0 days 01:00:17,0,0,0,0,0,0,1,0,0
2,60,18,From Goal Kick,Brazil,3857258,0 days 01:00:18,1,0,0,0,0,0,0,0,0
2,60,19,From Goal Kick,Brazil,3857258,0 days 01:00:19,0,0,0,0,0,0,1,0,0
2,60,21,From Goal Kick,Brazil,3857258,0 days 01:00:21,0,0,0,0,0,0,1,0,0
2,60,26,From Keeper,Serbia,3857258,0 days 01:00:26,0,0,0,0,0,0,1,0,0
2,60,28,From Keeper,Serbia,3857258,0 days 01:00:28,0,0,0,0,0,0,1,0,0
2,60,30,From Keeper,Serbia,3857258,0 days 01:00:30,0,0,0,0,0,0,1,0,0
2,60,33,From Keeper,Serbia,3857258,0 days 01:00:33,0,0,0,0,0,0,1,0,0
2,60,37,From Keeper,Serbia,3857258,0 days 01:00:37,0,0,0,0,0,0,1,0,0
2,60,40,From Keeper,Serbia,3857258,0 days 01:00:40,0,0,0,0,0,0,1,0,0
2,60,44,From Keeper,Serbia,3857258,0 days 01:00:44,0,0,0,0,0,0,1,0,0
2,60,47,From Keeper,Serbia,3857258,0 days 01:00:47,0,0,0,0,0,0,1,0,0
2,60,49,From Keeper,Brazil,3857258,0 days 01:00:49,1,0,0,0,0,0,0,0,0
2,60,51,From Keeper,Brazil,3857258,0 days 01:00:51,0,0,0,0,0,0,1,0,0
2,60,54,From Keeper,Serbia,3857258,0 days 01:00:54,0,0,0,0,0,0,1,0,0
2,60,56,From Keeper,Serbia,3857258,0 days 01:00:56,0,0,0,0,0,0,1,0,0
2,60,59,Regular Play,Brazil,3857258,0 days 01:00:59,0,0,0,0,0,0,1,0,0
2,61,1,Regular Play,Brazil,3857258,0 days 01:01:01,0,0,0,0,0,0,1,0,0
2,61,4,Regular Play,Brazil,3857258,0 days 01:01:04,0,0,0,0,0,0,1,0,0
2,61,7,Regular Play,Brazil,3857258,0 days 01:01:07,0,0,0,0,0,0,1,0,0
2,61,8,Regular Play,Brazil,3857258,0 days 01:01:08,0,0,0,0,0,0,1,0,0
2,61,10,Regular Play,Brazil,3857258,0 days 01:01:10,0,0,0,0,0,0,1,0,0
2,61,14,Regular Play,Brazil,3857258,0 days 01:01:14,0,0,0,0,0,0,1,0,0
2,61,18,Regular Play,Brazil,3857258,0 days 01:01:18,0,0,0,0,0,0,1,0,0
2,61,21,Regular Play,Brazil,3857258,0 days 01:01:21,0,0,0,0,0,0,1,0,0
2,61,24,Regular Play,Brazil,3857258,0 days 01:01:24,0,0,0,0,0,0,1,0,0
2,61,26,Regular Play,Brazil,3857258,0 days 01:01:26,0,0,0,0,0,0,1,0,0
2,61,28,Regular Play,Brazil,3857258,0 days 01:01:28,0,0,0,0,0,0,1,0,0
2,61,31,Regular Play,Brazil,3857258,0 days 01:01:31,0,0,0,0,0,0,1,0,0
2,61,36,Regular Play,Brazil,3857258,0 days 01:01:36,0,0,0,0,0,0,1,0,0
2,61,38,Regular Play,Brazil,3857258,0 days 01:01:38,0,0,0,0,0,0,1,0,0
2,61,40,Regular Play,Brazil,3857258,0 days 01:01:40,0,0,0,1,0,0,0,0,0
2,61,41,Regular Play,Brazil,3857258,0 days 01:01:41,0,0,0,0,0,0,1,0,0
2,61,44,Regular Play,Serbia,3857258,0 days 01:01:44,1,0,0,0,0,0,0,0,0
2,61,44,Regular Play,Serbia,3857258,0 days 01:01:44,0,0,0,0,0,0,1,0,0
2,61,46,Regular Play,Brazil,3857258,0 days 01:01:46,0,0,0,0,0,0,1,0,0
2,61,49,Regular Play,Brazil,3857258,0 days 01:01:49,0,0,0,0,0,0,1,0,0
2,61,51,Regular Play,Brazil,3857258,0 days 01:01:51,0,0,0,0,0,0,1,0,0
2,61,53,Regular Play,Brazil,3857258,0 days 01:01:53,0,0,0,1,0,0,0,0,0
2,61,56,Regular Play,Brazil,3857258,0 days 01:01:56,0,0,0,0,0,0,1,0,0
2,61,57,Regular Play,Brazil,3857258,0 days 01:01:57,0,0,0,0,0,0,0,1,0
2,61,57,Regular Play,Brazil,3857258,0 days 01:01:57,1,0,0,0,0,0,0,0,0
2,61,58,Regular Play,Brazil,3857258,0 days 01:01:58,0,0,0,0,0,0,0,1,0
2,63,22,From Kick Off,Serbia,3857258,0 days 01:03:22,0,0,0,0,0,0,1,0,0
2,63,24,From Kick Off,Serbia,3857258,0 days 01:03:24,0,0,0,0,0,0,1,0,0
2,63,27,From Kick Off,Serbia,3857258,0 days 01:03:27,0,0,0,0,0,0,1,0,0
2,63,29,From Kick Off,Serbia,3857258,0 days 01:03:29,0,0,0,0,0,0,1,0,0
2,63,33,From Kick Off,Serbia,3857258,0 days 01:03:33,0,0,0,1,0,0,0,0,0
2,63,33,Regular Play,Brazil,3857258,0 days 01:03:33,0,0,0,0,0,0,0,0,1
2,63,33,Regular Play,Brazil,3857258,0 days 01:03:33,0,0,0,0,0,0,1,0,0
2,63,36,Regular Play,Brazil,3857258,0 days 01:03:36,0,0,0,0,0,0,1,0,0
2,63,38,Regular Play,Brazil,3857258,0 days 01:03:38,0,0,0,0,0,0,1,0,0
2,63,40,Regular Play,Serbia,3857258,0 days 01:03:40,0,0,0,0,0,0,1,0,0
2,63,42,Regular Play,Brazil,3857258,0 days 01:03:42,0,1,0,0,0,0,0,0,0
2,63,44,Regular Play,Brazil,3857258,0 days 01:03:44,1,0,0,0,0,0,0,0,0
2,63,45,Regular Play,Serbia,3857258,0 days 01:03:45,0,0,0,0,1,0,0,0,0
2,65,26,From Free Kick,Brazil,3857258,0 days 01:05:26,0,0,0,0,0,0,1,0,0
2,65,28,Regular Play,Serbia,3857258,0 days 01:05:28,0,0,0,0,0,0,1,0,0
2,65,30,Regular Play,Serbia,3857258,0 days 01:05:30,0,0,0,0,0,0,1,0,0
2,65,39,Regular Play,Serbia,3857258,0 days 01:05:39,0,0,1,0,0,0,0,0,0
2,65,39,Regular Play,Brazil,3857258,0 days 01:05:39,0,0,0,0,0,0,0,0,1
2,65,41,Regular Play,Brazil,3857258,0 days 01:05:41,0,0,0,0,0,0,1,0,0
2,65,41,Regular Play,Brazil,3857258,0 days 01:05:41,0,0,0,0,0,0,1,0,0
2,65,44,Regular Play,Brazil,3857258,0 days 01:05:44,0,0,0,0,0,0,1,0,0
2,65,45,Regular Play,Brazil,3857258,0 days 01:05:45,0,0,0,0,0,0,1,0,0
2,65,46,Regular Play,Brazil,3857258,0 days 01:05:46,0,0,0,0,0,0,1,0,0
2,65,49,Regular Play,Serbia,3857258,0 days 01:05:49,0,0,0,0,0,0,1,0,0
2,65,51,Regular Play,Serbia,3857258,0 days 01:05:51,0,0,0,0,0,0,1,0,0
2,65,53,Regular Play,Serbia,3857258,0 days 01:05:53,0,0,0,0,0,0,1,0,0
2,65,54,Regular Play,Serbia,3857258,0 days 01:05:54,0,0,0,1,0,0,0,0,0
2,65,54,Regular Play,Brazil,3857258,0 days 01:05:54,0,0,0,0,0,0,0,0,1
2,65,55,Regular Play,Serbia,3857258,0 days 01:05:55,1,0,0,0,0,0,0,0,0
2,65,57,Regular Play,Brazil,3857258,0 days 01:05:57,1,0,0,0,0,0,0,0,0
2,66,1,Regular Play,Serbia,3857258,0 days 01:06:01,1,0,0,0,0,0,0,0,0
2,66,2,Regular Play,Serbia,3857258,0 days 01:06:02,0,0,0,0,0,0,1,0,0
2,66,5,Regular Play,Serbia,3857258,0 days 01:06:05,0,0,0,0,0,0,1,0,0
2,66,7,Regular Play,Serbia,3857258,0 days 01:06:07,0,0,0,0,0,0,1,0,0
2,66,10,Regular Play,Serbia,3857258,0 days 01:06:10,0,0,0,0,0,0,1,0,0
2,66,14,Regular Play,Serbia,3857258,0 days 01:06:14,0,0,0,0,0,0,1,0,0
2,66,16,Regular Play,Serbia,3857258,0 days 01:06:16,0,0,0,0,0,0,1,0,0
2,66,25,Regular Play,Serbia,3857258,0 days 01:06:25,0,0,0,0,0,0,1,0,0
2,66,28,Regular Play,Serbia,3857258,0 days 01:06:28,0,0,0,0,0,0,1,0,0
2,66,31,Regular Play,Serbia,3857258,0 days 01:06:31,0,0,0,0,0,0,1,0,0
2,66,33,Regular Play,Serbia,3857258,0 days 01:06:33,0,0,0,0,0,0,1,0,0
2,66,34,Regular Play,Brazil,3857258,0 days 01:06:34,0,0,0,0,0,0,1,0,0
2,66,36,Regular Play,Brazil,3857258,0 days 01:06:36,0,0,0,0,0,0,1,0,0
2,66,40,Regular Play,Brazil,3857258,0 days 01:06:40,0,0,1,0,0,0,0,0,0
2,66,40,Regular Play,Serbia,3857258,0 days 01:06:40,0,0,0,0,0,0,0,0,1
2,66,43,Regular Play,Brazil,3857258,0 days 01:06:43,1,0,0,0,0,0,0,0,0
2,66,46,Regular Play,Brazil,3857258,0 days 01:06:46,0,0,0,0,0,0,0,1,0
2,57,7,Regular Play,Cameroon,3857259,0 days 00:57:07,0,0,0,0,0,0,1,0,0
2,57,9,Regular Play,Cameroon,3857259,0 days 00:57:09,0,0,0,0,0,0,1,0,0
2,57,14,Regular Play,Cameroon,3857259,0 days 00:57:14,0,0,0,0,0,0,1,0,0
2,57,16,Regular Play,Cameroon,3857259,0 days 00:57:16,0,0,0,1,0,0,0,0,0
2,57,16,Regular Play,Serbia,3857259,0 days 00:57:16,0,0,0,0,0,0,0,0,1
2,57,25,From Throw In,Cameroon,3857259,0 days 00:57:25,0,0,0,0,0,0,1,0,0
2,57,30,From Throw In,Cameroon,3857259,0 days 00:57:30,0,0,0,0,0,0,1,0,0
2,57,38,From Throw In,Cameroon,3857259,0 days 00:57:38,0,0,0,0,0,0,1,0,0
2,57,41,From Throw In,Cameroon,3857259,0 days 00:57:41,0,0,0,0,0,0,1,0,0
2,57,43,From Throw In,Cameroon,3857259,0 days 00:57:43,0,0,0,0,0,0,1,0,0
2,57,48,From Throw In,Cameroon,3857259,0 days 00:57:48,0,0,0,0,0,0,1,0,0
2,57,51,From Throw In,Cameroon,3857259,0 days 00:57:51,0,0,0,0,0,0,1,0,0
2,57,53,From Throw In,Cameroon,3857259,0 days 00:57:53,0,0,0,0,0,0,1,0,0
2,57,58,From Throw In,Cameroon,3857259,0 days 00:57:58,0,0,0,0,0,0,1,0,0
2,58,0,From Throw In,Cameroon,3857259,0 days 00:58:00,0,0,0,0,0,0,1,0,0
2,58,4,Regular Play,Serbia,3857259,0 days 00:58:04,1,0,0,0,0,0,0,0,0
2,58,9,Regular Play,Serbia,3857259,0 days 00:58:09,0,0,0,0,0,0,1,0,0
2,58,14,Regular Play,Serbia,3857259,0 days 00:58:14,0,0,0,0,0,0,1,0,0
2,58,17,Regular Play,Serbia,3857259,0 days 00:58:17,0,0,0,0,0,0,1,0,0
2,58,20,Regular Play,Serbia,3857259,0 days 00:58:20,0,0,0,0,0,0,1,0,0
2,58,27,Regular Play,Serbia,3857259,0 days 00:58:27,0,0,0,0,0,0,1,0,0
2,58,28,Regular Play,Serbia,3857259,0 days 00:58:28,0,0,0,0,0,0,1,0,0
2,58,30,Regular Play,Serbia,3857259,0 days 00:58:30,0,0,0,0,0,0,1,0,0
2,58,33,Regular Play,Serbia,3857259,0 days 00:58:33,0,0,0,0,0,0,1,0,0
2,58,35,Regular Play,Serbia,3857259,0 days 00:58:35,0,0,0,0,0,0,1,0,0
2,58,40,Regular Play,Serbia,3857259,0 days 00:58:40,0,0,0,0,0,0,1,0,0
2,58,42,Regular Play,Serbia,3857259,0 days 00:58:42,0,0,0,0,0,0,1,0,0
2,58,48,Regular Play,Serbia,3857259,0 days 00:58:48,0,0,0,0,0,0,1,0,0
2,58,52,Regular Play,Serbia,3857259,0 days 00:58:52,0,0,0,0,1,0,0,0,0
2,59,6,From Free Kick,Cameroon,3857259,0 days 00:59:06,0,0,0,0,0,0,1,0,0
2,59,9,Regular Play,Serbia,3857259,0 days 00:59:09,0,0,0,0,0,0,1,0,0
2,59,14,Regular Play,Serbia,3857259,0 days 00:59:14,0,0,0,0,0,0,1,0,0
2,59,21,Regular Play,Serbia,3857259,0 days 00:59:21,0,0,0,0,0,0,1,0,0
2,59,26,Regular Play,Serbia,3857259,0 days 00:59:26,0,0,0,0,0,0,1,0,0
2,59,27,From Counter,Cameroon,3857259,0 days 00:59:27,0,0,0,0,0,1,0,0,0
2,59,28,From Counter,Cameroon,3857259,0 days 00:59:28,0,0,0,0,0,0,1,0,0
2,59,33,From Counter,Cameroon,3857259,0 days 00:59:33,0,0,0,0,0,0,1,0,0
2,59,37,From Counter,Cameroon,3857259,0 days 00:59:37,0,0,0,1,0,0,0,0,0
2,59,39,From Counter,Cameroon,3857259,0 days 00:59:39,0,0,0,1,0,0,0,0,0
2,59,40,From Counter,Cameroon,3857259,0 days 00:59:40,0,0,0,0,0,0,0,1,0
2,59,43,From Counter,Cameroon,3857259,0 days 00:59:43,1,0,0,0,0,0,0,0,0
2,59,47,From Counter,Cameroon,3857259,0 days 00:59:47,0,0,0,0,0,0,1,0,0
2,59,48,Regular Play,Serbia,3857259,0 days 00:59:48,0,1,0,0,0,0,0,0,0
2,59,50,Regular Play,Serbia,3857259,0 days 00:59:50,0,1,0,0,0,0,0,0,0
2,60,21,From Throw In,Cameroon,3857259,0 days 01:00:21,0,0,0,0,0,0,1,0,0
2,60,23,From Throw In,Cameroon,3857259,0 days 01:00:23,0,0,0,0,0,0,1,0,0
2,60,28,From Throw In,Cameroon,3857259,0 days 01:00:28,0,0,0,0,0,0,1,0,0
2,60,31,From Throw In,Cameroon,3857259,0 days 01:00:31,0,0,0,0,0,0,1,0,0
2,60,35,From Throw In,Cameroon,3857259,0 days 01:00:35,0,0,0,0,0,0,1,0,0
2,60,36,From Throw In,Serbia,3857259,0 days 01:00:36,0,1,0,0,0,0,0,0,0
2,60,39,From Throw In,Serbia,3857259,0 days 01:00:39,0,0,0,0,0,0,1,0,0
2,60,43,From Throw In,Cameroon,3857259,0 days 01:00:43,0,0,0,0,0,0,1,0,0
2,60,46,From Throw In,Cameroon,3857259,0 days 01:00:46,0,0,0,0,0,0,1,0,0
2,60,49,Regular Play,Serbia,3857259,0 days 01:00:49,0,0,0,0,0,0,1,0,0
2,60,54,Regular Play,Serbia,3857259,0 days 01:00:54,0,0,0,0,0,0,1,0,0
2,60,57,Regular Play,Serbia,3857259,0 days 01:00:57,0,0,0,0,0,0,1,0,0
2,61,1,Regular Play,Cameroon,3857259,0 days 01:01:01,0,0,0,0,0,0,1,0,0
2,61,4,Regular Play,Cameroon,3857259,0 days 01:01:04,0,0,0,0,0,0,1,0,0
2,61,6,Regular Play,Cameroon,3857259,0 days 01:01:06,0,0,0,0,0,0,1,0,0
2,61,10,Regular Play,Cameroon,3857259,0 days 01:01:10,0,0,0,0,0,0,1,0,0
2,61,12,Regular Play,Cameroon,3857259,0 days 01:01:12,0,0,0,0,0,0,1,0,0
2,61,16,Regular Play,Cameroon,3857259,0 days 01:01:16,0,0,0,0,0,0,1,0,0
2,61,19,Regular Play,Cameroon,3857259,0 days 01:01:19,0,0,0,0,0,0,1,0,0
2,61,22,Regular Play,Cameroon,3857259,0 days 01:01:22,0,0,0,1,0,0,0,0,0
2,61,22,Regular Play,Serbia,3857259,0 days 01:01:22,0,0,0,0,0,0,0,0,1
2,61,24,Regular Play,Serbia,3857259,0 days 01:01:24,0,0,0,0,0,0,1,0,0
2,61,27,Regular Play,Serbia,3857259,0 days 01:01:27,0,0,0,0,0,0,1,0,0
2,61,28,Regular Play,Serbia,3857259,0 days 01:01:28,0,0,0,0,0,0,1,0,0
2,61,29,Regular Play,Serbia,3857259,0 days 01:01:29,0,0,0,0,0,0,1,0,0
2,61,30,Regular Play,Serbia,3857259,0 days 01:01:30,0,0,0,0,0,0,1,0,0
2,61,31,Regular Play,Serbia,3857259,0 days 01:01:31,0,0,0,0,0,0,1,0,0
2,61,35,Regular Play,Serbia,3857259,0 days 01:01:35,0,0,0,0,0,0,1,0,0
2,61,36,Regular Play,Serbia,3857259,0 days 01:01:36,0,0,0,0,0,0,1,0,0
2,61,38,Regular Play,Serbia,3857259,0 days 01:01:38,0,0,0,0,0,0,1,0,0
2,61,39,From Counter,Cameroon,3857259,0 days 01:01:39,1,0,0,0,0,0,0,0,0
2,61,40,From Counter,Cameroon,3857259,0 days 01:01:40,0,0,0,0,0,0,1,0,0
2,61,41,From Counter,Cameroon,3857259,0 days 01:01:41,0,0,0,0,0,0,1,0,0
2,61,47,From Counter,Cameroon,3857259,0 days 01:01:47,0,0,0,1,0,0,0,0,0
2,61,48,From Counter,Cameroon,3857259,0 days 01:01:48,0,0,0,0,0,0,1,0,0
2,61,53,From Counter,Cameroon,3857259,0 days 01:01:53,0,0,0,0,0,0,0,1,0
2,62,15,From Keeper,Serbia,3857259,0 days 01:02:15,0,0,0,0,0,0,1,0,0
2,62,20,From Keeper,Cameroon,3857259,0 days 01:02:20,1,0,0,0,0,0,0,0,0
2,62,21,From Keeper,Serbia,3857259,0 days 01:02:21,1,0,0,0,0,0,0,0,0
2,62,22,From Keeper,Serbia,3857259,0 days 01:02:22,0,0,0,0,0,0,0,1,0
2,62,32,From Goal Kick,Cameroon,3857259,0 days 01:02:32,0,0,0,0,0,0,1,0,0
2,62,36,From Goal Kick,Cameroon,3857259,0 days 01:02:36,0,0,0,0,0,0,1,0,0
2,62,39,From Goal Kick,Cameroon,3857259,0 days 01:02:39,0,0,0,0,0,0,1,0,0
2,62,46,From Goal Kick,Cameroon,3857259,0 days 01:02:46,0,0,0,0,0,0,1,0,0
2,62,51,From Goal Kick,Cameroon,3857259,0 days 01:02:51,0,0,0,1,0,0,0,0,0
2,62,52,From Goal Kick,Cameroon,3857259,0 days 01:02:52,0,0,0,0,0,0,0,1,0
2,64,18,From Kick Off,Serbia,3857259,0 days 01:04:18,0,0,0,0,0,0,1,0,0
2,64,23,From Kick Off,Serbia,3857259,0 days 01:04:23,0,0,0,0,0,0,1,0,0
2,64,25,From Kick Off,Serbia,3857259,0 days 01:04:25,0,0,0,0,0,0,1,0,0
2,64,25,From Kick Off,Serbia,3857259,0 days 01:04:25,0,0,0,0,0,0,1,0,0
2,64,32,From Kick Off,Serbia,3857259,0 days 01:04:32,0,0,0,0,0,0,1,0,0
2,64,36,From Kick Off,Serbia,3857259,0 days 01:04:36,0,0,0,0,0,0,1,0,0
2,64,42,From Kick Off,Serbia,3857259,0 days 01:04:42,0,0,0,0,0,0,1,0,0
2,64,42,From Kick Off,Serbia,3857259,0 days 01:04:42,0,0,0,0,0,0,1,0,0
2,64,45,From Kick Off,Serbia,3857259,0 days 01:04:45,0,0,0,0,0,0,1,0,0
2,64,46,From Kick Off,Cameroon,3857259,0 days 01:04:46,0,1,0,0,0,0,0,0,0
2,64,49,From Kick Off,Cameroon,3857259,0 days 01:04:49,1,0,0,0,0,0,0,0,0
2,64,50,From Kick Off,Cameroon,3857259,0 days 01:04:50,0,0,0,0,0,0,1,0,0
2,64,53,From Kick Off,Serbia,3857259,0 days 01:04:53,0,0,0,0,0,0,1,0,0
2,64,56,From Kick Off,Serbia,3857259,0 days 01:04:56,0,0,0,0,0,0,1,0,0
2,64,57,From Kick Off,Serbia,3857259,0 days 01:04:57,0,0,0,0,0,0,1,0,0
2,65,0,From Kick Off,Serbia,3857259,0 days 01:05:00,0,0,0,0,0,0,1,0,0
2,65,4,From Kick Off,Serbia,3857259,0 days 01:05:04,0,0,0,0,0,0,1,0,0
2,65,7,From Kick Off,Serbia,3857259,0 days 01:05:07,0,0,0,0,0,0,1,0,0
2,65,9,From Kick Off,Serbia,3857259,0 days 01:05:09,0,0,0,0,0,0,1,0,0
2,65,9,From Kick Off,Serbia,3857259,0 days 01:05:09,0,0,0,0,0,0,1,0,0
2,65,12,From Kick Off,Serbia,3857259,0 days 01:05:12,0,0,0,0,0,0,1,0,0
2,65,14,From Kick Off,Serbia,3857259,0 days 01:05:14,0,0,0,0,0,0,1,0,0
2,65,14,From Kick Off,Cameroon,3857259,0 days 01:05:14,0,0,0,0,0,1,0,0,0
2,65,15,From Counter,Cameroon,3857259,0 days 01:05:15,1,0,0,0,0,0,0,0,0
2,65,19,From Counter,Cameroon,3857259,0 days 01:05:19,0,0,0,0,0,0,1,0,0
2,65,24,From Counter,Cameroon,3857259,0 days 01:05:24,0,0,0,0,0,0,1,0,0
2,65,25,From Counter,Cameroon,3857259,0 days 01:05:25,0,0,0,0,0,0,0,1,0
2,57,0,From Throw In,Saudi Arabia,3857260,0 days 00:57:00,0,0,0,0,0,0,1,0,0
2,57,1,Regular Play,Mexico,3857260,0 days 00:57:01,0,0,0,0,0,0,1,0,0
2,57,2,Regular Play,Mexico,3857260,0 days 00:57:02,0,0,0,0,0,0,1,0,0
2,57,3,Regular Play,Mexico,3857260,0 days 00:57:03,0,0,0,0,0,0,1,0,0
2,57,6,Regular Play,Saudi Arabia,3857260,0 days 00:57:06,0,0,0,0,1,0,0,0,0
2,57,22,From Free Kick,Mexico,3857260,0 days 00:57:22,0,0,0,0,0,0,1,0,0
2,57,24,From Free Kick,Mexico,3857260,0 days 00:57:24,0,0,0,0,0,0,1,0,0
2,57,27,From Free Kick,Mexico,3857260,0 days 00:57:27,0,0,0,0,0,0,1,0,0
2,57,28,From Free Kick,Mexico,3857260,0 days 00:57:28,0,0,0,0,0,0,1,0,0
2,57,32,From Free Kick,Mexico,3857260,0 days 00:57:32,0,0,0,0,0,0,1,0,0
2,57,34,From Free Kick,Saudi Arabia,3857260,0 days 00:57:34,0,0,0,0,0,1,0,0,0
2,58,18,From Corner,Mexico,3857260,0 days 00:58:18,0,0,0,0,0,0,1,0,0
2,58,19,From Corner,Saudi Arabia,3857260,0 days 00:58:19,0,1,0,0,0,0,0,0,0
2,58,54,From Corner,Mexico,3857260,0 days 00:58:54,0,0,0,0,0,0,1,0,0
2,58,56,From Corner,Mexico,3857260,0 days 00:58:56,0,0,0,0,0,0,0,1,0
2,59,1,From Corner,Mexico,3857260,0 days 00:59:01,1,0,0,0,0,0,0,0,0
2,59,4,From Corner,Mexico,3857260,0 days 00:59:04,0,0,0,0,0,0,1,0,0
2,59,37,From Corner,Mexico,3857260,0 days 00:59:37,0,0,0,0,0,0,1,0,0
2,59,41,From Corner,Mexico,3857260,0 days 00:59:41,0,1,0,0,0,0,0,0,0
2,60,0,From Throw In,Saudi Arabia,3857260,0 days 01:00:00,0,0,0,0,0,0,1,0,0
2,60,2,Regular Play,Mexico,3857260,0 days 01:00:02,0,0,0,0,0,0,1,0,0
2,60,4,Regular Play,Mexico,3857260,0 days 01:00:04,0,0,0,0,0,0,1,0,0
2,60,5,Regular Play,Mexico,3857260,0 days 01:00:05,0,0,0,0,0,0,1,0,0
2,60,9,Regular Play,Saudi Arabia,3857260,0 days 01:00:09,0,1,0,0,0,0,0,0,0
2,60,12,Regular Play,Saudi Arabia,3857260,0 days 01:00:12,0,1,0,0,0,0,0,0,0
2,60,13,Regular Play,Mexico,3857260,0 days 01:00:13,0,0,0,0,0,0,1,0,0
2,60,15,Regular Play,Saudi Arabia,3857260,0 days 01:00:15,0,0,0,0,0,0,1,0,0
2,60,17,Regular Play,Mexico,3857260,0 days 01:00:17,0,0,0,0,0,0,1,0,0
2,60,18,Regular Play,Mexico,3857260,0 days 01:00:18,0,0,0,0,0,0,1,0,0
2,60,20,Regular Play,Saudi Arabia,3857260,0 days 01:00:20,1,0,0,0,0,0,0,0,0
2,60,25,Regular Play,Saudi Arabia,3857260,0 days 01:00:25,0,0,0,0,0,0,1,0,0
2,60,29,Regular Play,Mexico,3857260,0 days 01:00:29,0,0,0,0,0,0,1,0,0
2,60,34,Regular Play,Mexico,3857260,0 days 01:00:34,0,0,0,0,0,0,1,0,0
2,60,36,Regular Play,Mexico,3857260,0 days 01:00:36,0,0,0,0,0,0,1,0,0
2,60,38,Regular Play,Mexico,3857260,0 days 01:00:38,0,0,0,0,0,0,1,0,0
2,60,39,Regular Play,Saudi Arabia,3857260,0 days 01:00:39,1,0,0,0,0,0,0,0,0
2,60,41,Regular Play,Saudi Arabia,3857260,0 days 01:00:41,0,0,0,0,0,0,1,0,0
2,60,45,Regular Play,Saudi Arabia,3857260,0 days 01:00:45,0,0,0,0,0,0,1,0,0
2,60,46,Regular Play,Saudi Arabia,3857260,0 days 01:00:46,0,0,0,0,0,0,1,0,0
2,60,46,Regular Play,Mexico,3857260,0 days 01:00:46,0,0,0,0,0,1,0,0,0
2,60,47,Regular Play,Saudi Arabia,3857260,0 days 01:00:47,1,0,0,0,0,0,0,0,0
2,60,48,Regular Play,Mexico,3857260,0 days 01:00:48,0,0,0,0,1,0,0,0,0
2,61,51,From Free Kick,Saudi Arabia,3857260,0 days 01:01:51,0,0,0,0,0,0,1,0,0
2,61,53,From Free Kick,Saudi Arabia,3857260,0 days 01:01:53,0,0,0,0,0,0,0,1,0
2,62,21,From Goal Kick,Mexico,3857260,0 days 01:02:21,0,0,0,0,0,0,1,0,0
2,62,22,From Goal Kick,Saudi Arabia,3857260,0 days 01:02:22,0,1,0,0,0,0,0,0,0
2,62,24,From Goal Kick,Saudi Arabia,3857260,0 days 01:02:24,1,0,0,0,0,0,0,0,0
2,62,25,From Goal Kick,Saudi Arabia,3857260,0 days 01:02:25,0,0,0,0,0,0,1,0,0
2,62,28,From Goal Kick,Saudi Arabia,3857260,0 days 01:02:28,0,0,0,0,0,0,1,0,0
2,62,30,From Goal Kick,Mexico,3857260,0 days 01:02:30,0,1,0,0,0,0,0,0,0
2,62,38,From Goal Kick,Saudi Arabia,3857260,0 days 01:02:38,0,0,0,0,0,0,1,0,0
2,62,44,From Goal Kick,Mexico,3857260,0 days 01:02:44,0,0,0,0,0,0,1,0,0
2,62,45,From Goal Kick,Saudi Arabia,3857260,0 days 01:02:45,0,0,0,0,0,1,0,0,0
2,62,45,From Goal Kick,Mexico,3857260,0 days 01:02:45,0,0,0,0,0,0,1,0,0
2,62,46,From Goal Kick,Mexico,3857260,0 days 01:02:46,0,0,0,0,0,0,1,0,0
2,62,48,From Goal Kick,Mexico,3857260,0 days 01:02:48,0,0,1,0,0,0,0,0,0
2,62,48,Regular Play,Saudi Arabia,3857260,0 days 01:02:48,0,0,0,0,0,0,0,0,1
2,62,49,Regular Play,Saudi Arabia,3857260,0 days 01:02:49,0,0,0,0,0,0,1,0,0
2,62,51,Regular Play,Saudi Arabia,3857260,0 days 01:02:51,0,0,0,0,0,0,1,0,0
2,62,53,Regular Play,Saudi Arabia,3857260,0 days 01:02:53,0,0,0,0,0,0,1,0,0
2,62,56,Regular Play,Saudi Arabia,3857260,0 days 01:02:56,0,0,0,0,0,0,1,0,0
2,62,59,Regular Play,Saudi Arabia,3857260,0 days 01:02:59,0,0,0,0,0,0,1,0,0
2,63,3,Regular Play,Saudi Arabia,3857260,0 days 01:03:03,0,0,0,0,0,0,1,0,0
2,63,6,Regular Play,Mexico,3857260,0 days 01:03:06,1,0,0,0,0,0,0,0,0
2,63,8,Regular Play,Mexico,3857260,0 days 01:03:08,0,0,0,0,0,0,1,0,0
2,63,12,Regular Play,Mexico,3857260,0 days 01:03:12,0,0,0,0,0,0,1,0,0
2,63,20,Regular Play,Saudi Arabia,3857260,0 days 01:03:20,0,0,0,0,0,0,1,0,0
2,63,25,Regular Play,Saudi Arabia,3857260,0 days 01:03:25,0,0,0,0,0,0,1,0,0
2,63,27,Regular Play,Mexico,3857260,0 days 01:03:27,1,0,0,0,0,0,0,0,0
2,63,28,Regular Play,Mexico,3857260,0 days 01:03:28,0,0,0,0,0,0,1,0,0
2,63,30,Regular Play,Mexico,3857260,0 days 01:03:30,0,0,0,1,0,0,0,0,0
2,63,33,Regular Play,Mexico,3857260,0 days 01:03:33,0,0,0,0,0,0,1,0,0
2,63,35,Regular Play,Mexico,3857260,0 days 01:03:35,0,0,0,0,0,0,1,0,0
2,63,39,Regular Play,Mexico,3857260,0 days 01:03:39,0,0,0,0,0,0,1,0,0
2,64,0,From Throw In,Mexico,3857260,0 days 01:04:00,0,0,0,0,0,0,1,0,0
2,64,3,From Throw In,Mexico,3857260,0 days 01:04:03,0,0,0,0,0,0,1,0,0
2,64,5,From Throw In,Mexico,3857260,0 days 01:04:05,0,0,0,0,0,0,1,0,0
2,64,8,From Throw In,Mexico,3857260,0 days 01:04:08,0,0,0,0,0,0,1,0,0
2,64,13,From Throw In,Mexico,3857260,0 days 01:04:13,0,0,0,0,0,0,1,0,0
2,64,15,From Throw In,Saudi Arabia,3857260,0 days 01:04:15,1,0,0,0,0,0,0,0,0
2,64,15,From Throw In,Saudi Arabia,3857260,0 days 01:04:15,0,0,0,1,0,0,0,0,0
2,64,15,From Throw In,Mexico,3857260,0 days 01:04:15,0,0,0,0,0,0,0,0,1
2,64,16,From Throw In,Mexico,3857260,0 days 01:04:16,0,0,0,0,0,0,1,0,0
2,64,19,From Throw In,Mexico,3857260,0 days 01:04:19,0,0,0,0,0,0,1,0,0
2,64,21,From Throw In,Mexico,3857260,0 days 01:04:21,0,0,0,0,0,0,1,0,0
2,64,22,From Throw In,Mexico,3857260,0 days 01:04:22,0,0,0,0,0,0,1,0,0
2,64,23,From Throw In,Saudi Arabia,3857260,0 days 01:04:23,1,0,0,0,0,0,0,0,0
2,64,24,From Throw In,Saudi Arabia,3857260,0 days 01:04:24,0,0,0,0,0,0,1,0,0
2,64,31,From Throw In,Mexico,3857260,0 days 01:04:31,0,0,0,0,0,0,1,0,0
2,65,14,From Goal Kick,Saudi Arabia,3857260,0 days 01:05:14,0,0,0,0,0,0,1,0,0
2,65,17,From Goal Kick,Mexico,3857260,0 days 01:05:17,0,0,0,0,0,0,1,0,0
2,65,22,From Goal Kick,Saudi Arabia,3857260,0 days 01:05:22,1,0,0,0,0,0,0,0,0
2,65,29,From Goal Kick,Saudi Arabia,3857260,0 days 01:05:29,0,0,0,0,0,0,1,0,0
2,65,35,From Goal Kick,Saudi Arabia,3857260,0 days 01:05:35,0,0,0,0,0,0,1,0,0
2,65,37,From Goal Kick,Saudi Arabia,3857260,0 days 01:05:37,0,0,0,0,0,0,1,0,0
2,65,40,From Goal Kick,Saudi Arabia,3857260,0 days 01:05:40,0,0,0,0,0,0,1,0,0
2,65,43,From Goal Kick,Mexico,3857260,0 days 01:05:43,0,0,0,0,0,0,1,0,0
2,65,44,From Goal Kick,Saudi Arabia,3857260,0 days 01:05:44,1,0,0,0,0,0,0,0,0
2,65,49,From Goal Kick,Saudi Arabia,3857260,0 days 01:05:49,0,0,0,0,0,0,1,0,0
2,65,51,From Counter,Mexico,3857260,0 days 01:05:51,0,0,0,0,0,0,1,0,0
2,65,53,From Counter,Mexico,3857260,0 days 01:05:53,0,0,0,0,0,0,1,0,0
2,65,57,From Counter,Mexico,3857260,0 days 01:05:57,0,0,0,0,0,0,1,0,0
2,66,1,From Counter,Mexico,3857260,0 days 01:06:01,0,0,0,0,0,0,0,1,0
2,66,20,From Keeper,Saudi Arabia,3857260,0 days 01:06:20,0,0,0,0,0,0,1,0,0
2,66,21,From Keeper,Mexico,3857260,0 days 01:06:21,0,1,0,0,0,0,0,0,0
2,66,23,From Keeper,Saudi Arabia,3857260,0 days 01:06:23,0,0,0,0,0,0,1,0,0
2,66,25,From Keeper,Saudi Arabia,3857260,0 days 01:06:25,0,0,0,0,0,0,0,1,0
2,59,5,From Free Kick,England,3857261,0 days 00:59:05,0,0,0,0,0,0,1,0,0
2,59,7,From Free Kick,Wales,3857261,0 days 00:59:07,0,0,0,0,0,0,1,0,0
2,59,9,From Free Kick,England,3857261,0 days 00:59:09,1,0,0,0,0,0,0,0,0
2,59,10,From Free Kick,England,3857261,0 days 00:59:10,0,0,1,0,0,0,0,0,0
2,59,10,From Free Kick,Wales,3857261,0 days 00:59:10,0,0,0,0,0,0,0,0,1
2,59,11,From Free Kick,Wales,3857261,0 days 00:59:11,1,0,0,0,0,0,0,0,0
2,59,12,From Free Kick,Wales,3857261,0 days 00:59:12,0,0,0,1,0,0,0,0,0
2,59,12,From Free Kick,England,3857261,0 days 00:59:12,0,0,0,0,0,0,0,0,1
2,59,13,From Free Kick,England,3857261,0 days 00:59:13,0,0,0,0,0,0,1,0,0
2,59,16,From Free Kick,England,3857261,0 days 00:59:16,0,0,0,0,0,0,1,0,0
2,59,18,From Free Kick,England,3857261,0 days 00:59:18,0,0,0,0,0,0,1,0,0
2,59,24,From Free Kick,England,3857261,0 days 00:59:24,0,0,0,0,0,0,1,0,0
2,59,25,From Free Kick,England,3857261,0 days 00:59:25,0,0,0,0,0,0,1,0,0
2,59,26,Regular Play,Wales,3857261,0 days 00:59:26,0,0,0,0,0,0,1,0,0
2,59,28,Regular Play,Wales,3857261,0 days 00:59:28,0,0,0,0,0,0,1,0,0
2,59,31,Regular Play,Wales,3857261,0 days 00:59:31,0,0,0,0,0,0,1,0,0
2,59,34,Regular Play,Wales,3857261,0 days 00:59:34,0,0,0,0,0,0,1,0,0
2,59,36,Regular Play,Wales,3857261,0 days 00:59:36,0,0,0,0,0,0,1,0,0
2,59,38,Regular Play,England,3857261,0 days 00:59:38,0,0,0,0,0,1,0,0,0
2,59,39,Regular Play,Wales,3857261,0 days 00:59:39,1,0,0,0,0,0,0,0,0
2,59,42,Regular Play,Wales,3857261,0 days 00:59:42,0,0,0,0,0,0,1,0,0
2,59,43,Regular Play,Wales,3857261,0 days 00:59:43,0,0,0,0,0,0,1,0,0
2,59,46,Regular Play,Wales,3857261,0 days 00:59:46,0,0,0,0,0,0,1,0,0
2,59,49,Regular Play,Wales,3857261,0 days 00:59:49,0,0,0,0,0,0,1,0,0
2,59,51,Regular Play,Wales,3857261,0 days 00:59:51,0,0,0,0,0,0,1,0,0
2,59,53,Regular Play,Wales,3857261,0 days 00:59:53,0,0,0,0,0,0,1,0,0
2,59,57,Regular Play,Wales,3857261,0 days 00:59:57,0,0,0,0,0,0,1,0,0
2,60,1,Regular Play,Wales,3857261,0 days 01:00:01,0,0,0,0,0,0,1,0,0
2,60,4,Regular Play,Wales,3857261,0 days 01:00:04,0,0,0,0,0,0,1,0,0
2,60,11,Regular Play,Wales,3857261,0 days 01:00:11,0,0,0,0,0,0,1,0,0
2,60,14,Regular Play,Wales,3857261,0 days 01:00:14,0,0,0,0,0,0,1,0,0
2,60,16,Regular Play,Wales,3857261,0 days 01:00:16,0,0,0,0,0,0,1,0,0
2,60,17,Regular Play,Wales,3857261,0 days 01:00:17,0,0,0,0,0,0,1,0,0
2,60,20,Regular Play,Wales,3857261,0 days 01:00:20,0,0,0,0,0,0,1,0,0
2,60,24,Regular Play,Wales,3857261,0 days 01:00:24,0,0,0,0,0,0,1,0,0
2,60,30,Regular Play,Wales,3857261,0 days 01:00:30,0,0,1,0,0,0,0,0,0
2,60,30,Regular Play,England,3857261,0 days 01:00:30,0,0,0,0,0,0,0,0,1
2,60,31,Regular Play,England,3857261,0 days 01:00:31,0,0,0,0,0,0,1,0,0
2,60,34,Regular Play,Wales,3857261,0 days 01:00:34,0,0,0,0,1,0,0,0,0
2,62,21,From Free Kick,England,3857261,0 days 01:02:21,0,0,0,0,0,0,1,0,0
2,62,24,From Free Kick,England,3857261,0 days 01:02:24,0,0,0,0,0,0,1,0,0
2,62,28,From Free Kick,England,3857261,0 days 01:02:28,0,0,0,0,0,0,1,0,0
2,62,31,From Free Kick,England,3857261,0 days 01:02:31,0,0,0,0,0,0,1,0,0
2,62,32,From Free Kick,England,3857261,0 days 01:02:32,0,0,0,0,0,0,1,0,0
2,62,35,From Free Kick,England,3857261,0 days 01:02:35,0,0,0,0,0,0,1,0,0
2,62,38,From Free Kick,England,3857261,0 days 01:02:38,0,0,0,0,0,0,1,0,0
2,62,40,From Free Kick,England,3857261,0 days 01:02:40,0,0,0,0,0,0,1,0,0
2,62,43,Regular Play,Wales,3857261,0 days 01:02:43,1,0,0,0,0,0,0,0,0
2,62,44,Regular Play,Wales,3857261,0 days 01:02:44,0,0,0,0,0,0,1,0,0
2,63,48,Regular Play,Wales,3857261,0 days 01:03:48,0,0,0,0,0,0,1,0,0
2,63,51,Regular Play,Wales,3857261,0 days 01:03:51,0,0,0,0,0,0,1,0,0
2,63,54,Regular Play,Wales,3857261,0 days 01:03:54,0,0,0,0,0,0,1,0,0
2,63,58,Regular Play,Wales,3857261,0 days 01:03:58,0,0,0,0,0,0,1,0,0
2,63,59,Regular Play,England,3857261,0 days 01:03:59,0,0,0,0,0,0,1,0,0
2,64,2,Regular Play,England,3857261,0 days 01:04:02,0,0,0,0,0,0,1,0,0
2,64,4,Regular Play,Wales,3857261,0 days 01:04:04,0,0,0,0,0,0,1,0,0
2,64,8,Regular Play,Wales,3857261,0 days 01:04:08,0,0,0,0,0,0,1,0,0
2,64,11,Regular Play,England,3857261,0 days 01:04:11,0,0,0,0,0,0,1,0,0
2,65,3,From Free Kick,Wales,3857261,0 days 01:05:03,0,0,0,0,0,0,1,0,0
2,65,7,From Free Kick,England,3857261,0 days 01:05:07,0,1,0,0,0,0,0,0,0
2,65,21,From Throw In,Wales,3857261,0 days 01:05:21,0,0,0,0,0,0,1,0,0
2,65,23,From Throw In,Wales,3857261,0 days 01:05:23,0,0,0,0,0,0,1,0,0
2,65,31,From Throw In,Wales,3857261,0 days 01:05:31,0,0,0,0,0,0,1,0,0
2,65,34,From Throw In,Wales,3857261,0 days 01:05:34,0,0,0,0,0,0,1,0,0
2,65,36,From Throw In,Wales,3857261,0 days 01:05:36,0,0,0,0,0,0,1,0,0
2,65,40,From Throw In,Wales,3857261,0 days 01:05:40,0,0,0,0,0,0,1,0,0
2,65,44,Regular Play,England,3857261,0 days 01:05:44,0,0,0,0,0,0,1,0,0
2,65,46,Regular Play,England,3857261,0 days 01:05:46,0,0,0,0,0,0,1,0,0
2,65,48,Regular Play,England,3857261,0 days 01:05:48,0,0,0,0,0,0,1,0,0
2,65,50,Regular Play,Wales,3857261,0 days 01:05:50,0,0,0,0,0,0,1,0,0
2,65,52,Regular Play,Wales,3857261,0 days 01:05:52,0,0,0,0,0,0,1,0,0
2,65,53,Regular Play,Wales,3857261,0 days 01:05:53,0,0,0,0,0,0,1,0,0
2,65,55,Regular Play,Wales,3857261,0 days 01:05:55,0,0,0,0,0,0,1,0,0
2,65,59,Regular Play,Wales,3857261,0 days 01:05:59,0,0,0,0,0,0,1,0,0
2,66,7,Regular Play,Wales,3857261,0 days 01:06:07,0,0,0,0,0,0,1,0,0
2,66,10,Regular Play,Wales,3857261,0 days 01:06:10,0,0,0,0,0,0,1,0,0
2,66,13,Regular Play,Wales,3857261,0 days 01:06:13,0,0,0,0,0,0,1,0,0
2,66,21,From Throw In,Wales,3857261,0 days 01:06:21,0,0,0,0,0,0,1,0,0
2,66,25,From Throw In,Wales,3857261,0 days 01:06:25,0,0,0,0,0,0,1,0,0
2,66,37,From Throw In,Wales,3857261,0 days 01:06:37,0,0,0,0,0,0,1,0,0
2,66,39,From Throw In,Wales,3857261,0 days 01:06:39,0,0,0,0,0,0,1,0,0
2,66,42,From Throw In,Wales,3857261,0 days 01:06:42,0,0,0,0,0,0,1,0,0
2,66,56,From Throw In,England,3857261,0 days 01:06:56,0,0,0,0,0,0,1,0,0
2,57,12,From Free Kick,South Korea,3857262,0 days 00:57:12,0,0,0,0,0,0,1,0,0
2,57,37,From Goal Kick,Portugal,3857262,0 days 00:57:37,0,0,0,0,0,0,1,0,0
2,57,43,From Goal Kick,Portugal,3857262,0 days 00:57:43,0,0,0,0,0,0,1,0,0
2,57,45,From Goal Kick,Portugal,3857262,0 days 00:57:45,0,0,0,0,0,0,1,0,0
2,57,51,From Goal Kick,Portugal,3857262,0 days 00:57:51,0,0,0,0,0,0,1,0,0
2,57,54,From Goal Kick,Portugal,3857262,0 days 00:57:54,0,0,0,0,0,0,1,0,0
2,57,57,From Goal Kick,Portugal,3857262,0 days 00:57:57,0,0,0,0,0,0,1,0,0
2,58,1,From Goal Kick,Portugal,3857262,0 days 00:58:01,0,0,0,0,0,0,1,0,0
2,58,6,From Goal Kick,Portugal,3857262,0 days 00:58:06,0,0,0,0,0,0,1,0,0
2,58,9,From Goal Kick,Portugal,3857262,0 days 00:58:09,0,0,0,0,0,0,1,0,0
2,58,12,From Goal Kick,Portugal,3857262,0 days 00:58:12,0,0,0,0,0,0,1,0,0
2,58,15,From Goal Kick,Portugal,3857262,0 days 00:58:15,0,0,0,0,0,0,1,0,0
2,58,16,From Goal Kick,Portugal,3857262,0 days 00:58:16,0,0,0,0,0,0,1,0,0
2,58,19,From Goal Kick,Portugal,3857262,0 days 00:58:19,0,0,0,0,0,0,1,0,0
2,58,20,From Goal Kick,Portugal,3857262,0 days 00:58:20,0,0,0,0,0,0,1,0,0
2,58,21,From Goal Kick,Portugal,3857262,0 days 00:58:21,0,0,0,0,0,0,1,0,0
2,58,23,From Goal Kick,Portugal,3857262,0 days 00:58:23,0,0,0,0,0,0,1,0,0
2,58,25,From Goal Kick,Portugal,3857262,0 days 00:58:25,0,0,0,0,0,0,1,0,0
2,58,28,From Goal Kick,Portugal,3857262,0 days 00:58:28,0,0,0,0,0,0,1,0,0
2,58,35,From Goal Kick,Portugal,3857262,0 days 00:58:35,0,0,0,0,0,0,1,0,0
2,58,39,From Goal Kick,Portugal,3857262,0 days 00:58:39,0,0,0,0,0,0,1,0,0
2,58,41,From Goal Kick,Portugal,3857262,0 days 00:58:41,0,0,0,1,0,0,0,0,0
2,58,41,From Goal Kick,South Korea,3857262,0 days 00:58:41,0,0,0,0,0,0,0,0,1
2,58,47,From Goal Kick,South Korea,3857262,0 days 00:58:47,0,0,0,0,0,0,1,0,0
2,58,49,From Goal Kick,Portugal,3857262,0 days 00:58:49,0,0,0,0,0,0,1,0,0
2,58,53,From Goal Kick,Portugal,3857262,0 days 00:58:53,0,0,0,0,0,0,1,0,0
2,58,55,From Goal Kick,Portugal,3857262,0 days 00:58:55,0,0,0,0,0,0,1,0,0
2,58,59,From Goal Kick,Portugal,3857262,0 days 00:58:59,0,0,0,0,0,0,1,0,0
2,59,2,From Goal Kick,Portugal,3857262,0 days 00:59:02,0,0,0,0,0,0,1,0,0
2,59,4,From Goal Kick,Portugal,3857262,0 days 00:59:04,0,0,0,0,0,0,1,0,0
2,59,11,From Goal Kick,Portugal,3857262,0 days 00:59:11,0,0,0,0,0,0,1,0,0
2,59,14,From Goal Kick,Portugal,3857262,0 days 00:59:14,0,0,0,0,0,0,1,0,0
2,59,19,From Goal Kick,Portugal,3857262,0 days 00:59:19,0,0,0,0,0,0,1,0,0
2,59,34,From Goal Kick,South Korea,3857262,0 days 00:59:34,0,0,0,0,0,0,1,0,0
2,59,38,From Goal Kick,South Korea,3857262,0 days 00:59:38,0,0,0,0,0,0,1,0,0
2,59,42,From Goal Kick,South Korea,3857262,0 days 00:59:42,0,0,0,1,0,0,0,0,0
2,59,44,From Goal Kick,South Korea,3857262,0 days 00:59:44,0,0,0,0,0,0,1,0,0
2,59,46,From Goal Kick,South Korea,3857262,0 days 00:59:46,0,0,0,0,0,0,1,0,0
2,59,48,From Goal Kick,South Korea,3857262,0 days 00:59:48,0,0,0,0,0,0,1,0,0
2,59,50,From Goal Kick,Portugal,3857262,0 days 00:59:50,0,0,0,0,0,1,0,0,0
2,59,53,From Goal Kick,South Korea,3857262,0 days 00:59:53,0,1,0,0,0,0,0,0,0
2,59,56,From Goal Kick,Portugal,3857262,0 days 00:59:56,1,0,0,0,0,0,0,0,0
2,59,56,From Goal Kick,Portugal,3857262,0 days 00:59:56,0,0,0,1,0,0,0,0,0
2,59,56,From Goal Kick,South Korea,3857262,0 days 00:59:56,0,0,0,0,0,0,0,0,1
2,59,57,From Goal Kick,South Korea,3857262,0 days 00:59:57,1,0,0,0,0,0,0,0,0
2,60,5,From Goal Kick,South Korea,3857262,0 days 01:00:05,0,0,0,1,0,0,0,0,0
2,60,5,Regular Play,Portugal,3857262,0 days 01:00:05,0,0,0,0,0,0,1,0,0
2,60,11,Regular Play,Portugal,3857262,0 days 01:00:11,0,0,0,0,0,0,1,0,0
2,60,11,Regular Play,Portugal,3857262,0 days 01:00:11,0,0,0,0,0,0,1,0,0
2,60,12,Regular Play,South Korea,3857262,0 days 01:00:12,0,0,0,0,0,1,0,0,0
2,60,20,From Throw In,Portugal,3857262,0 days 01:00:20,0,0,0,0,0,0,1,0,0
2,60,29,From Throw In,Portugal,3857262,0 days 01:00:29,0,0,0,0,0,0,1,0,0
2,60,31,From Throw In,Portugal,3857262,0 days 01:00:31,0,0,0,0,0,0,1,0,0
2,60,34,From Throw In,Portugal,3857262,0 days 01:00:34,0,0,0,0,0,0,1,0,0
2,60,36,From Throw In,Portugal,3857262,0 days 01:00:36,0,0,0,0,0,0,1,0,0
2,60,40,From Throw In,Portugal,3857262,0 days 01:00:40,0,0,0,0,0,0,1,0,0
2,60,46,From Throw In,Portugal,3857262,0 days 01:00:46,0,0,0,0,0,0,1,0,0
2,60,48,From Throw In,Portugal,3857262,0 days 01:00:48,0,0,0,0,0,0,1,0,0
2,60,52,From Throw In,Portugal,3857262,0 days 01:00:52,0,0,0,0,0,0,1,0,0
2,60,56,From Throw In,Portugal,3857262,0 days 01:00:56,0,0,0,0,0,0,1,0,0
2,60,59,From Throw In,Portugal,3857262,0 days 01:00:59,0,0,0,0,0,0,1,0,0
2,61,1,From Throw In,Portugal,3857262,0 days 01:01:01,0,0,0,0,0,0,1,0,0
2,61,6,From Throw In,Portugal,3857262,0 days 01:01:06,0,0,0,0,0,0,1,0,0
2,61,8,From Throw In,Portugal,3857262,0 days 01:01:08,0,0,0,0,0,0,1,0,0
2,61,10,From Throw In,Portugal,3857262,0 days 01:01:10,0,0,0,0,0,0,1,0,0
2,61,12,From Throw In,Portugal,3857262,0 days 01:01:12,0,0,0,0,0,0,1,0,0
2,61,14,From Throw In,Portugal,3857262,0 days 01:01:14,0,0,0,0,0,0,1,0,0
2,61,18,From Throw In,Portugal,3857262,0 days 01:01:18,0,0,0,0,0,0,1,0,0
2,61,20,From Throw In,Portugal,3857262,0 days 01:01:20,0,0,0,0,0,0,1,0,0
2,61,22,From Throw In,Portugal,3857262,0 days 01:01:22,0,0,0,0,0,0,1,0,0
2,61,27,From Throw In,Portugal,3857262,0 days 01:01:27,0,0,0,0,0,0,1,0,0
2,61,29,From Throw In,South Korea,3857262,0 days 01:01:29,1,0,0,0,0,0,0,0,0
2,61,30,From Throw In,Portugal,3857262,0 days 01:01:30,1,0,0,0,0,0,0,0,0
2,61,31,From Throw In,Portugal,3857262,0 days 01:01:31,0,0,0,0,0,0,1,0,0
2,61,33,From Throw In,Portugal,3857262,0 days 01:01:33,0,0,0,0,0,0,1,0,0
2,61,34,From Throw In,Portugal,3857262,0 days 01:01:34,0,0,0,0,0,0,1,0,0
2,61,35,From Throw In,South Korea,3857262,0 days 01:01:35,0,0,0,0,0,1,0,0,0
2,61,37,From Throw In,South Korea,3857262,0 days 01:01:37,0,0,0,0,0,0,1,0,0
2,61,39,From Throw In,South Korea,3857262,0 days 01:01:39,0,0,1,0,0,0,0,0,0
2,61,39,From Throw In,Portugal,3857262,0 days 01:01:39,0,0,0,0,0,0,0,0,1
2,61,41,From Throw In,Portugal,3857262,0 days 01:01:41,1,0,0,0,0,0,0,0,0
2,61,47,From Throw In,Portugal,3857262,0 days 01:01:47,0,0,0,0,0,0,1,0,0
2,61,51,From Throw In,Portugal,3857262,0 days 01:01:51,0,0,0,0,0,0,1,0,0
2,61,53,From Throw In,South Korea,3857262,0 days 01:01:53,0,1,0,0,0,0,0,0,0
2,61,55,From Throw In,South Korea,3857262,0 days 01:01:55,1,0,0,0,0,0,0,0,0
2,61,56,From Throw In,South Korea,3857262,0 days 01:01:56,0,0,0,0,0,0,1,0,0
2,61,57,From Throw In,Portugal,3857262,0 days 01:01:57,1,0,0,0,0,0,0,0,0
2,61,59,From Throw In,Portugal,3857262,0 days 01:01:59,0,0,0,0,0,0,1,0,0
2,62,2,From Throw In,Portugal,3857262,0 days 01:02:02,0,0,0,0,0,0,1,0,0
2,62,6,From Throw In,Portugal,3857262,0 days 01:02:06,0,0,0,0,0,0,1,0,0
2,62,10,From Throw In,Portugal,3857262,0 days 01:02:10,0,0,0,0,0,0,1,0,0
2,62,14,From Throw In,Portugal,3857262,0 days 01:02:14,0,0,0,1,0,0,0,0,0
2,62,14,From Throw In,South Korea,3857262,0 days 01:02:14,0,0,0,0,0,0,0,0,1
2,62,16,From Throw In,South Korea,3857262,0 days 01:02:16,0,1,0,0,0,0,0,0,0
2,63,13,From Throw In,South Korea,3857262,0 days 01:03:13,0,0,0,0,0,0,1,0,0
2,63,15,From Throw In,South Korea,3857262,0 days 01:03:15,0,0,0,0,0,0,1,0,0
2,63,16,Regular Play,Portugal,3857262,0 days 01:03:16,0,0,0,0,0,0,1,0,0
2,63,17,Regular Play,Portugal,3857262,0 days 01:03:17,0,0,0,0,0,0,1,0,0
2,63,19,Regular Play,Portugal,3857262,0 days 01:03:19,0,0,0,0,0,0,1,0,0
2,63,21,Regular Play,Portugal,3857262,0 days 01:03:21,0,0,0,0,0,0,1,0,0
2,63,23,Regular Play,Portugal,3857262,0 days 01:03:23,0,0,0,0,0,0,1,0,0
2,63,30,Regular Play,Portugal,3857262,0 days 01:03:30,0,0,0,0,0,0,1,0,0
2,63,33,Regular Play,Portugal,3857262,0 days 01:03:33,0,0,0,0,0,0,1,0,0
2,63,36,Regular Play,Portugal,3857262,0 days 01:03:36,0,0,0,0,0,0,1,0,0
2,63,36,Regular Play,Portugal,3857262,0 days 01:03:36,0,0,0,0,0,0,1,0,0
2,63,39,Regular Play,Portugal,3857262,0 days 01:03:39,0,0,0,0,0,0,1,0,0
2,63,41,Regular Play,Portugal,3857262,0 days 01:03:41,0,0,0,0,0,0,1,0,0
2,63,43,Regular Play,South Korea,3857262,0 days 01:03:43,0,1,0,0,0,0,0,0,0
2,63,45,Regular Play,Portugal,3857262,0 days 01:03:45,1,0,0,0,0,0,0,0,0
2,63,47,Regular Play,Portugal,3857262,0 days 01:03:47,0,0,0,0,0,0,1,0,0
2,63,49,Regular Play,Portugal,3857262,0 days 01:03:49,0,0,0,0,0,0,1,0,0
2,63,50,Regular Play,Portugal,3857262,0 days 01:03:50,0,0,0,0,0,0,1,0,0
2,63,51,Regular Play,Portugal,3857262,0 days 01:03:51,0,0,0,0,0,0,1,0,0
2,63,53,Regular Play,Portugal,3857262,0 days 01:03:53,0,0,0,0,0,0,1,0,0
2,65,22,From Goal Kick,South Korea,3857262,0 days 01:05:22,0,0,0,0,0,0,1,0,0
2,65,27,From Goal Kick,Portugal,3857262,0 days 01:05:27,0,1,0,0,0,0,0,0,0
2,65,28,From Goal Kick,South Korea,3857262,0 days 01:05:28,1,0,0,0,0,0,0,0,0
2,65,32,From Goal Kick,South Korea,3857262,0 days 01:05:32,0,0,0,0,0,0,1,0,0
2,65,35,From Goal Kick,South Korea,3857262,0 days 01:05:35,0,0,0,0,0,0,0,1,0
2,65,41,From Keeper,Portugal,3857262,0 days 01:05:41,0,0,0,0,0,0,1,0,0
2,65,43,From Keeper,Portugal,3857262,0 days 01:05:43,0,0,0,0,0,0,1,0,0
2,65,46,From Keeper,Portugal,3857262,0 days 01:05:46,0,0,0,0,0,0,1,0,0
2,65,47,From Keeper,Portugal,3857262,0 days 01:05:47,0,0,0,0,0,0,1,0,0
2,65,52,From Keeper,Portugal,3857262,0 days 01:05:52,0,0,0,0,0,0,1,0,0
2,65,53,From Keeper,Portugal,3857262,0 days 01:05:53,0,0,0,0,0,0,1,0,0
2,65,56,From Keeper,Portugal,3857262,0 days 01:05:56,0,0,0,0,0,0,1,0,0
2,66,0,From Keeper,Portugal,3857262,0 days 01:06:00,0,0,0,0,0,0,1,0,0
2,66,6,From Keeper,Portugal,3857262,0 days 01:06:06,0,0,0,0,0,0,1,0,0
2,66,9,From Keeper,Portugal,3857262,0 days 01:06:09,0,0,0,0,0,0,1,0,0
2,66,11,From Keeper,Portugal,3857262,0 days 01:06:11,0,0,0,0,0,0,1,0,0
2,66,12,From Keeper,Portugal,3857262,0 days 01:06:12,0,0,0,0,0,0,1,0,0
2,66,17,From Keeper,Portugal,3857262,0 days 01:06:17,0,0,0,0,0,0,1,0,0
2,66,21,From Keeper,Portugal,3857262,0 days 01:06:21,0,0,0,0,0,0,1,0,0
2,66,25,From Keeper,Portugal,3857262,0 days 01:06:25,0,0,0,0,0,0,1,0,0
2,66,26,Regular Play,South Korea,3857262,0 days 01:06:26,1,0,0,0,0,0,0,0,0
2,66,27,Regular Play,South Korea,3857262,0 days 01:06:27,0,0,0,0,0,0,1,0,0
2,66,30,Regular Play,South Korea,3857262,0 days 01:06:30,0,0,0,0,0,0,0,1,0
2,66,32,Regular Play,Portugal,3857262,0 days 01:06:32,0,1,0,0,0,0,0,0,0
2,66,35,Regular Play,South Korea,3857262,0 days 01:06:35,0,0,0,0,0,0,1,0,0
2,66,38,Regular Play,Portugal,3857262,0 days 01:06:38,1,0,0,0,0,0,0,0,0
2,66,41,Regular Play,Portugal,3857262,0 days 01:06:41,0,0,0,0,0,0,1,0,0
2,66,43,Regular Play,Portugal,3857262,0 days 01:06:43,0,0,0,0,0,0,1,0,0
2,66,45,Regular Play,Portugal,3857262,0 days 01:06:45,0,0,0,0,0,0,1,0,0
2,66,48,Regular Play,Portugal,3857262,0 days 01:06:48,0,0,0,0,0,0,1,0,0
2,66,57,Regular Play,Portugal,3857262,0 days 01:06:57,0,0,0,0,0,0,1,0,0
2,57,38,From Free Kick,Spain,3857263,0 days 00:57:38,0,0,0,0,0,0,1,0,0
2,57,41,From Free Kick,Spain,3857263,0 days 00:57:41,0,0,0,0,0,0,1,0,0
2,57,44,From Free Kick,Germany,3857263,0 days 00:57:44,0,1,0,0,0,0,0,0,0
2,57,55,From Throw In,Spain,3857263,0 days 00:57:55,0,0,0,0,0,0,1,0,0
2,58,0,From Throw In,Spain,3857263,0 days 00:58:00,0,0,0,0,0,0,0,1,0
2,58,12,From Keeper,Germany,3857263,0 days 00:58:12,0,0,0,0,0,0,1,0,0
2,58,17,From Keeper,Germany,3857263,0 days 00:58:17,0,0,0,0,0,0,1,0,0
2,58,19,From Keeper,Germany,3857263,0 days 00:58:19,0,0,0,0,0,0,1,0,0
2,58,23,From Keeper,Germany,3857263,0 days 00:58:23,0,0,0,0,0,0,1,0,0
2,58,26,From Keeper,Germany,3857263,0 days 00:58:26,0,0,0,0,0,0,1,0,0
2,58,26,From Keeper,Spain,3857263,0 days 00:58:26,0,1,0,0,0,0,0,0,0
2,58,34,From Keeper,Germany,3857263,0 days 00:58:34,0,0,0,0,0,0,1,0,0
2,58,37,From Keeper,Germany,3857263,0 days 00:58:37,0,0,0,0,0,0,1,0,0
2,59,1,From Throw In,Spain,3857263,0 days 00:59:01,0,0,0,0,0,0,1,0,0
2,59,2,From Throw In,Spain,3857263,0 days 00:59:02,0,0,0,0,0,0,1,0,0
2,59,3,From Throw In,Spain,3857263,0 days 00:59:03,0,0,0,0,0,0,1,0,0
2,59,3,From Throw In,Germany,3857263,0 days 00:59:03,0,0,0,0,0,1,0,0,0
2,59,5,From Throw In,Germany,3857263,0 days 00:59:05,1,0,0,0,0,0,0,0,0
2,59,6,From Throw In,Germany,3857263,0 days 00:59:06,0,0,0,0,0,0,1,0,0
2,59,7,From Throw In,Spain,3857263,0 days 00:59:07,0,0,0,0,0,1,0,0,0
2,59,8,From Throw In,Germany,3857263,0 days 00:59:08,0,0,0,0,1,0,0,0,0
2,59,36,From Free Kick,Spain,3857263,0 days 00:59:36,0,0,0,0,0,0,1,0,0
2,59,39,From Free Kick,Spain,3857263,0 days 00:59:39,0,0,0,0,0,0,1,0,0
2,59,41,From Free Kick,Spain,3857263,0 days 00:59:41,0,0,0,0,0,0,1,0,0
2,59,43,Regular Play,Germany,3857263,0 days 00:59:43,0,0,0,0,0,1,0,0,0
2,59,47,Regular Play,Germany,3857263,0 days 00:59:47,0,0,0,0,0,0,1,0,0
2,59,51,Regular Play,Germany,3857263,0 days 00:59:51,0,0,0,1,0,0,0,0,0
2,59,51,Regular Play,Spain,3857263,0 days 00:59:51,0,0,0,0,1,0,0,0,0
2,60,35,From Free Kick,Germany,3857263,0 days 01:00:35,0,0,0,0,0,0,1,0,0
2,60,49,From Goal Kick,Spain,3857263,0 days 01:00:49,0,0,0,0,0,0,1,0,0
2,60,51,From Goal Kick,Spain,3857263,0 days 01:00:51,0,0,0,0,0,0,1,0,0
2,60,53,From Goal Kick,Spain,3857263,0 days 01:00:53,0,0,0,0,0,0,1,0,0
2,60,58,From Goal Kick,Spain,3857263,0 days 01:00:58,0,0,0,0,0,0,1,0,0
2,60,59,From Goal Kick,Spain,3857263,0 days 01:00:59,0,0,0,0,0,0,1,0,0
2,61,3,From Goal Kick,Spain,3857263,0 days 01:01:03,0,0,0,0,0,0,1,0,0
2,61,9,From Goal Kick,Germany,3857263,0 days 01:01:09,1,0,0,0,0,0,0,0,0
2,61,10,From Goal Kick,Germany,3857263,0 days 01:01:10,0,0,0,0,0,0,1,0,0
2,61,11,From Goal Kick,Spain,3857263,0 days 01:01:11,0,0,0,0,0,0,1,0,0
2,61,14,From Goal Kick,Spain,3857263,0 days 01:01:14,0,0,0,0,0,0,1,0,0
2,61,17,From Goal Kick,Spain,3857263,0 days 01:01:17,0,0,0,0,0,0,1,0,0
2,61,19,From Goal Kick,Spain,3857263,0 days 01:01:19,0,0,0,0,0,0,1,0,0
2,61,21,From Goal Kick,Spain,3857263,0 days 01:01:21,0,0,0,0,0,0,1,0,0
2,61,24,From Goal Kick,Spain,3857263,0 days 01:01:24,0,0,0,0,0,0,1,0,0
2,61,26,From Goal Kick,Spain,3857263,0 days 01:01:26,0,0,0,0,0,0,1,0,0
2,61,28,From Goal Kick,Spain,3857263,0 days 01:01:28,0,0,0,0,0,0,1,0,0
2,61,30,From Goal Kick,Spain,3857263,0 days 01:01:30,0,0,0,0,0,0,1,0,0
2,61,32,From Goal Kick,Spain,3857263,0 days 01:01:32,0,0,0,0,0,0,1,0,0
2,61,33,From Goal Kick,Spain,3857263,0 days 01:01:33,0,0,0,0,0,0,0,1,0
2,62,53,From Kick Off,Germany,3857263,0 days 01:02:53,0,0,0,0,0,0,1,0,0
2,62,56,From Kick Off,Germany,3857263,0 days 01:02:56,0,0,0,0,0,0,1,0,0
2,62,59,From Counter,Spain,3857263,0 days 01:02:59,0,0,0,0,0,0,1,0,0
2,63,0,From Counter,Spain,3857263,0 days 01:03:00,0,0,0,0,0,0,1,0,0
2,63,1,From Counter,Spain,3857263,0 days 01:03:01,0,0,0,0,0,0,1,0,0
2,63,5,Regular Play,Germany,3857263,0 days 01:03:05,1,0,0,0,0,0,0,0,0
2,63,6,Regular Play,Germany,3857263,0 days 01:03:06,0,0,0,0,0,0,1,0,0
2,63,9,Regular Play,Germany,3857263,0 days 01:03:09,0,0,0,0,0,0,1,0,0
2,63,17,Regular Play,Germany,3857263,0 days 01:03:17,0,0,0,0,0,0,1,0,0
2,63,19,Regular Play,Germany,3857263,0 days 01:03:19,0,0,0,0,0,0,1,0,0
2,63,21,Regular Play,Spain,3857263,0 days 01:03:21,0,1,0,0,0,0,0,0,0
2,63,22,Regular Play,Spain,3857263,0 days 01:03:22,0,1,0,0,0,0,0,0,0
2,63,23,Regular Play,Germany,3857263,0 days 01:03:23,1,0,0,0,0,0,0,0,0
2,63,24,Regular Play,Germany,3857263,0 days 01:03:24,0,0,0,0,0,0,0,1,0
2,63,26,Regular Play,Spain,3857263,0 days 01:03:26,1,0,0,0,0,0,0,0,0
2,63,27,Regular Play,Germany,3857263,0 days 01:03:27,0,0,0,0,1,0,0,0,0
2,64,1,From Free Kick,Spain,3857263,0 days 01:04:01,0,0,0,0,0,0,1,0,0
2,64,3,From Free Kick,Spain,3857263,0 days 01:04:03,0,0,0,0,0,0,1,0,0
2,64,8,From Free Kick,Spain,3857263,0 days 01:04:08,0,0,0,0,0,0,1,0,0
2,64,10,From Free Kick,Spain,3857263,0 days 01:04:10,0,0,0,0,0,0,1,0,0
2,64,14,From Free Kick,Spain,3857263,0 days 01:04:14,0,0,0,0,0,0,1,0,0
2,64,15,From Free Kick,Spain,3857263,0 days 01:04:15,0,0,0,0,0,0,1,0,0
2,64,18,From Free Kick,Spain,3857263,0 days 01:04:18,0,0,0,1,0,0,0,0,0
2,64,20,From Free Kick,Spain,3857263,0 days 01:04:20,0,0,0,0,0,0,1,0,0
2,64,25,From Free Kick,Spain,3857263,0 days 01:04:25,0,0,0,0,0,0,1,0,0
2,64,26,From Free Kick,Spain,3857263,0 days 01:04:26,0,0,0,0,0,0,1,0,0
2,64,26,From Free Kick,Spain,3857263,0 days 01:04:26,0,0,0,0,0,0,0,1,0
2,64,39,From Goal Kick,Germany,3857263,0 days 01:04:39,0,0,0,0,0,0,1,0,0
2,64,45,From Goal Kick,Germany,3857263,0 days 01:04:45,0,0,0,0,0,0,1,0,0
2,64,48,From Goal Kick,Spain,3857263,0 days 01:04:48,0,0,0,0,1,0,0,0,0
2,65,46,From Free Kick,Germany,3857263,0 days 01:05:46,0,0,0,0,0,0,1,0,0
2,65,51,From Free Kick,Germany,3857263,0 days 01:05:51,0,0,0,0,0,0,1,0,0
2,66,16,From Goal Kick,Spain,3857263,0 days 01:06:16,0,0,0,0,0,0,1,0,0
2,66,19,From Goal Kick,Spain,3857263,0 days 01:06:19,0,0,0,0,0,0,1,0,0
2,66,22,From Goal Kick,Spain,3857263,0 days 01:06:22,0,0,0,0,0,0,1,0,0
2,66,26,From Goal Kick,Germany,3857263,0 days 01:06:26,0,0,0,0,0,0,1,0,0
2,66,27,From Goal Kick,Spain,3857263,0 days 01:06:27,0,0,0,0,0,1,0,0,0
2,66,29,From Goal Kick,Spain,3857263,0 days 01:06:29,0,0,0,0,0,0,1,0,0
2,66,33,Regular Play,Germany,3857263,0 days 01:06:33,1,0,0,0,0,0,0,0,0
2,66,43,Regular Play,Germany,3857263,0 days 01:06:43,0,0,0,0,0,0,1,0,0
2,66,46,Regular Play,Germany,3857263,0 days 01:06:46,0,0,0,0,0,0,1,0,0
2,66,48,Regular Play,Germany,3857263,0 days 01:06:48,0,0,0,0,0,0,1,0,0
2,66,50,Regular Play,Germany,3857263,0 days 01:06:50,0,0,0,0,0,0,1,0,0
2,66,50,Regular Play,Germany,3857263,0 days 01:06:50,0,0,0,0,0,0,1,0,0
2,66,51,Regular Play,Germany,3857263,0 days 01:06:51,0,0,0,0,0,0,1,0,0
2,66,55,Regular Play,Germany,3857263,0 days 01:06:55,0,0,0,0,0,0,1,0,0
2,66,56,Regular Play,Germany,3857263,0 days 01:06:56,0,0,0,0,0,0,1,0,0
2,66,58,Regular Play,Germany,3857263,0 days 01:06:58,0,0,0,0,0,0,1,0,0
2,57,4,Regular Play,Poland,3857264,0 days 00:57:04,0,0,0,0,0,0,1,0,0
2,57,8,Regular Play,Poland,3857264,0 days 00:57:08,0,0,0,0,0,0,1,0,0
2,57,11,Regular Play,Poland,3857264,0 days 00:57:11,0,0,0,0,0,0,1,0,0
2,57,16,Regular Play,Poland,3857264,0 days 00:57:16,0,0,0,0,0,0,1,0,0
2,57,18,Regular Play,Poland,3857264,0 days 00:57:18,0,0,0,0,0,0,1,0,0
2,57,22,Regular Play,Poland,3857264,0 days 00:57:22,0,0,0,0,0,0,1,0,0
2,57,23,Regular Play,Poland,3857264,0 days 00:57:23,0,0,0,0,0,0,1,0,0
2,57,24,Regular Play,Poland,3857264,0 days 00:57:24,0,0,0,0,0,0,1,0,0
2,57,28,Regular Play,Poland,3857264,0 days 00:57:28,0,0,0,0,0,0,1,0,0
2,57,31,Regular Play,Poland,3857264,0 days 00:57:31,0,0,0,0,0,0,1,0,0
2,57,35,Regular Play,Poland,3857264,0 days 00:57:35,0,0,0,0,0,0,1,0,0
2,57,37,Regular Play,Poland,3857264,0 days 00:57:37,0,0,0,0,0,0,1,0,0
2,57,40,Regular Play,Poland,3857264,0 days 00:57:40,0,0,0,0,0,0,1,0,0
2,57,43,Regular Play,Poland,3857264,0 days 00:57:43,0,0,0,0,0,0,1,0,0
2,57,45,Regular Play,Poland,3857264,0 days 00:57:45,0,0,0,0,0,0,1,0,0
2,57,50,Regular Play,Poland,3857264,0 days 00:57:50,0,0,0,0,0,0,1,0,0
2,57,52,Regular Play,Poland,3857264,0 days 00:57:52,0,0,0,0,0,0,1,0,0
2,57,54,Regular Play,Argentina,3857264,0 days 00:57:54,1,0,0,0,0,0,0,0,0
2,57,55,Regular Play,Argentina,3857264,0 days 00:57:55,0,0,0,0,0,0,1,0,0
2,57,57,Regular Play,Argentina,3857264,0 days 00:57:57,0,0,0,0,0,0,1,0,0
2,57,59,Regular Play,Argentina,3857264,0 days 00:57:59,0,0,0,0,0,0,1,0,0
2,58,2,Regular Play,Argentina,3857264,0 days 00:58:02,0,0,0,1,0,0,0,0,0
2,58,2,Regular Play,Poland,3857264,0 days 00:58:02,0,0,0,0,0,0,0,0,1
2,58,3,Regular Play,Poland,3857264,0 days 00:58:03,0,0,0,0,0,0,1,0,0
2,58,6,Regular Play,Poland,3857264,0 days 00:58:06,0,0,0,0,0,0,1,0,0
2,58,57,From Throw In,Poland,3857264,0 days 00:58:57,0,0,0,0,0,0,1,0,0
2,59,4,From Throw In,Poland,3857264,0 days 00:59:04,0,0,0,0,0,0,1,0,0
2,59,7,From Throw In,Poland,3857264,0 days 00:59:07,0,0,0,0,0,0,1,0,0
2,59,12,From Throw In,Poland,3857264,0 days 00:59:12,0,0,0,0,0,0,1,0,0
2,59,15,From Throw In,Poland,3857264,0 days 00:59:15,0,0,0,0,0,0,1,0,0
2,59,18,From Throw In,Poland,3857264,0 days 00:59:18,0,0,0,0,0,0,1,0,0
2,59,20,From Throw In,Poland,3857264,0 days 00:59:20,0,0,0,0,0,0,1,0,0
2,59,22,From Throw In,Argentina,3857264,0 days 00:59:22,0,0,0,0,0,0,1,0,0
2,59,28,From Throw In,Poland,3857264,0 days 00:59:28,0,0,0,0,0,0,1,0,0
2,59,32,From Throw In,Poland,3857264,0 days 00:59:32,0,0,0,0,0,0,1,0,0
2,59,36,From Throw In,Poland,3857264,0 days 00:59:36,0,0,0,0,0,0,1,0,0
2,59,39,From Throw In,Poland,3857264,0 days 00:59:39,0,0,0,0,0,0,1,0,0
2,59,41,From Throw In,Poland,3857264,0 days 00:59:41,0,0,0,0,0,0,1,0,0
2,59,43,From Throw In,Poland,3857264,0 days 00:59:43,0,0,0,0,0,0,1,0,0
2,59,45,From Throw In,Poland,3857264,0 days 00:59:45,0,0,0,0,0,0,1,0,0
2,59,47,From Throw In,Poland,3857264,0 days 00:59:47,0,0,0,0,0,0,1,0,0
2,59,50,From Throw In,Poland,3857264,0 days 00:59:50,0,0,0,0,0,0,1,0,0
2,59,54,From Throw In,Poland,3857264,0 days 00:59:54,0,0,0,0,0,0,1,0,0
2,60,23,From Throw In,Argentina,3857264,0 days 01:00:23,0,0,0,0,0,0,1,0,0
2,60,24,From Throw In,Poland,3857264,0 days 01:00:24,0,1,0,0,0,0,0,0,0
2,60,25,From Throw In,Argentina,3857264,0 days 01:00:25,0,0,0,0,0,0,1,0,0
2,60,30,From Throw In,Argentina,3857264,0 days 01:00:30,0,0,0,0,0,0,1,0,0
2,60,33,From Throw In,Argentina,3857264,0 days 01:00:33,0,0,0,0,0,0,1,0,0
2,60,37,From Throw In,Argentina,3857264,0 days 01:00:37,0,0,0,0,0,0,1,0,0
2,60,38,From Throw In,Argentina,3857264,0 days 01:00:38,0,0,0,0,0,0,0,1,0
2,60,51,From Keeper,Poland,3857264,0 days 01:00:51,0,0,0,0,0,0,1,0,0
2,60,58,From Keeper,Argentina,3857264,0 days 01:00:58,0,0,0,0,0,0,1,0,0
2,60,59,From Keeper,Poland,3857264,0 days 01:00:59,0,0,0,0,0,1,0,0,0
2,61,1,From Keeper,Poland,3857264,0 days 01:01:01,0,0,0,0,0,0,1,0,0
2,61,4,From Keeper,Poland,3857264,0 days 01:01:04,0,0,0,0,0,0,1,0,0
2,61,9,From Keeper,Poland,3857264,0 days 01:01:09,0,0,0,0,0,0,1,0,0
2,61,12,From Keeper,Poland,3857264,0 days 01:01:12,0,0,0,0,0,0,1,0,0
2,61,15,From Keeper,Poland,3857264,0 days 01:01:15,0,0,0,0,0,0,1,0,0
2,61,16,From Keeper,Poland,3857264,0 days 01:01:16,0,0,0,0,0,0,1,0,0
2,61,17,From Keeper,Argentina,3857264,0 days 01:01:17,1,0,0,0,0,0,0,0,0
2,61,19,From Keeper,Poland,3857264,0 days 01:01:19,0,0,0,0,0,0,1,0,0
2,61,20,From Keeper,Argentina,3857264,0 days 01:01:20,0,0,0,0,0,1,0,0,0
2,61,20,From Keeper,Poland,3857264,0 days 01:01:20,0,1,0,0,0,0,0,0,0
2,61,22,From Keeper,Poland,3857264,0 days 01:01:22,1,0,0,0,0,0,0,0,0
2,61,22,From Keeper,Poland,3857264,0 days 01:01:22,0,0,0,1,0,0,0,0,0
2,61,22,From Keeper,Argentina,3857264,0 days 01:01:22,0,0,0,0,0,0,0,0,1
2,61,50,From Throw In,Poland,3857264,0 days 01:01:50,0,0,0,0,0,0,1,0,0
2,61,52,Regular Play,Argentina,3857264,0 days 01:01:52,0,0,0,0,0,0,1,0,0
2,61,54,Regular Play,Argentina,3857264,0 days 01:01:54,0,0,0,0,0,0,1,0,0
2,61,57,Regular Play,Poland,3857264,0 days 01:01:57,0,0,0,0,0,0,1,0,0
2,62,1,Regular Play,Argentina,3857264,0 days 01:02:01,0,0,0,0,0,0,1,0,0
2,62,4,Regular Play,Argentina,3857264,0 days 01:02:04,0,0,0,0,0,0,1,0,0
2,62,5,Regular Play,Argentina,3857264,0 days 01:02:05,0,0,0,0,0,0,1,0,0
2,62,8,Regular Play,Argentina,3857264,0 days 01:02:08,0,0,0,0,0,0,1,0,0
2,62,13,Regular Play,Argentina,3857264,0 days 01:02:13,0,0,0,0,0,0,1,0,0
2,62,14,Regular Play,Argentina,3857264,0 days 01:02:14,0,0,0,0,0,0,1,0,0
2,62,17,Regular Play,Argentina,3857264,0 days 01:02:17,0,0,0,0,0,0,1,0,0
2,62,19,Regular Play,Argentina,3857264,0 days 01:02:19,0,0,0,0,0,0,1,0,0
2,62,21,Regular Play,Argentina,3857264,0 days 01:02:21,0,0,0,0,0,0,1,0,0
2,62,24,Regular Play,Argentina,3857264,0 days 01:02:24,0,0,0,0,0,0,1,0,0
2,62,25,Regular Play,Argentina,3857264,0 days 01:02:25,0,0,0,0,0,0,1,0,0
2,62,28,Regular Play,Argentina,3857264,0 days 01:02:28,0,0,0,0,0,0,1,0,0
2,62,32,Regular Play,Argentina,3857264,0 days 01:02:32,0,0,0,0,0,0,1,0,0
2,62,33,Regular Play,Argentina,3857264,0 days 01:02:33,0,0,0,0,0,0,1,0,0
2,62,41,Regular Play,Argentina,3857264,0 days 01:02:41,0,0,0,0,0,0,1,0,0
2,62,45,Regular Play,Argentina,3857264,0 days 01:02:45,0,0,0,0,0,0,1,0,0
2,62,46,Regular Play,Argentina,3857264,0 days 01:02:46,0,0,0,0,0,0,1,0,0
2,62,47,Regular Play,Argentina,3857264,0 days 01:02:47,0,0,0,0,0,0,1,0,0
2,62,48,Regular Play,Argentina,3857264,0 days 01:02:48,0,0,0,0,0,0,1,0,0
2,63,12,From Throw In,Poland,3857264,0 days 01:03:12,0,0,0,0,0,0,1,0,0
2,63,14,From Throw In,Poland,3857264,0 days 01:03:14,0,0,0,0,0,0,1,0,0
2,63,16,From Throw In,Poland,3857264,0 days 01:03:16,0,0,0,0,0,0,1,0,0
2,63,16,From Throw In,Poland,3857264,0 days 01:03:16,0,0,0,0,0,0,1,0,0
2,63,18,From Counter,Argentina,3857264,0 days 01:03:18,1,0,0,0,0,0,0,0,0
2,63,22,From Counter,Argentina,3857264,0 days 01:03:22,0,0,0,1,0,0,0,0,0
2,63,23,From Counter,Argentina,3857264,0 days 01:03:23,0,0,0,0,0,0,0,1,0
2,64,0,From Corner,Argentina,3857264,0 days 01:04:00,0,0,0,0,0,0,1,0,0
2,64,1,From Corner,Argentina,3857264,0 days 01:04:01,0,0,0,0,0,0,1,0,0
2,64,5,From Corner,Argentina,3857264,0 days 01:04:05,0,0,0,0,0,0,1,0,0
2,64,8,From Corner,Argentina,3857264,0 days 01:04:08,0,0,0,0,0,0,1,0,0
2,64,13,From Corner,Argentina,3857264,0 days 01:04:13,0,0,0,0,0,0,1,0,0
2,64,17,From Corner,Argentina,3857264,0 days 01:04:17,0,0,0,0,0,0,1,0,0
2,64,19,From Corner,Argentina,3857264,0 days 01:04:19,0,0,0,0,0,0,1,0,0
2,64,22,From Corner,Argentina,3857264,0 days 01:04:22,0,0,0,0,0,0,1,0,0
2,64,28,From Corner,Argentina,3857264,0 days 01:04:28,0,0,0,0,0,0,1,0,0
2,64,30,From Corner,Argentina,3857264,0 days 01:04:30,0,0,0,0,0,0,1,0,0
2,64,32,From Corner,Argentina,3857264,0 days 01:04:32,0,0,0,0,0,0,1,0,0
2,64,34,From Corner,Argentina,3857264,0 days 01:04:34,0,0,0,0,0,0,1,0,0
2,64,39,From Corner,Argentina,3857264,0 days 01:04:39,0,0,0,0,0,0,1,0,0
2,64,42,From Corner,Argentina,3857264,0 days 01:04:42,0,0,0,0,0,0,1,0,0
2,64,45,From Corner,Argentina,3857264,0 days 01:04:45,0,0,0,0,0,0,1,0,0
2,64,52,From Corner,Argentina,3857264,0 days 01:04:52,0,0,0,0,0,0,1,0,0
2,64,54,From Corner,Argentina,3857264,0 days 01:04:54,0,0,0,0,0,0,1,0,0
2,64,57,From Corner,Argentina,3857264,0 days 01:04:57,0,0,1,0,0,0,0,0,0
2,64,57,From Corner,Poland,3857264,0 days 01:04:57,0,0,0,0,0,0,0,0,1
2,65,15,From Throw In,Argentina,3857264,0 days 01:05:15,0,0,0,0,0,0,1,0,0
2,65,18,From Throw In,Argentina,3857264,0 days 01:05:18,0,0,0,0,0,0,1,0,0
2,65,20,From Throw In,Argentina,3857264,0 days 01:05:20,0,0,0,0,0,0,1,0,0
2,65,24,From Throw In,Argentina,3857264,0 days 01:05:24,0,0,0,0,0,0,1,0,0
2,65,28,From Throw In,Argentina,3857264,0 days 01:05:28,0,0,0,0,0,0,1,0,0
2,65,31,From Throw In,Argentina,3857264,0 days 01:05:31,0,0,0,0,0,0,1,0,0
2,65,34,From Throw In,Argentina,3857264,0 days 01:05:34,0,0,0,0,0,0,1,0,0
2,65,38,From Throw In,Argentina,3857264,0 days 01:05:38,0,0,0,0,0,0,1,0,0
2,65,40,From Throw In,Argentina,3857264,0 days 01:05:40,0,0,0,0,0,0,1,0,0
2,65,42,From Throw In,Argentina,3857264,0 days 01:05:42,0,0,0,0,0,0,1,0,0
2,65,44,From Throw In,Argentina,3857264,0 days 01:05:44,0,0,0,0,0,0,1,0,0
2,65,47,From Throw In,Poland,3857264,0 days 01:05:47,0,0,0,0,1,0,0,0,0
2,65,50,From Free Kick,Argentina,3857264,0 days 01:05:50,0,0,0,0,0,0,1,0,0
2,65,52,From Free Kick,Argentina,3857264,0 days 01:05:52,0,0,0,0,0,0,1,0,0
2,65,55,From Free Kick,Argentina,3857264,0 days 01:05:55,0,0,0,0,0,0,1,0,0
2,65,57,From Free Kick,Argentina,3857264,0 days 01:05:57,0,0,0,0,0,0,1,0,0
2,66,0,From Free Kick,Argentina,3857264,0 days 01:06:00,0,0,0,0,0,0,1,0,0
2,66,1,From Free Kick,Argentina,3857264,0 days 01:06:01,0,0,0,0,0,0,1,0,0
2,66,2,From Free Kick,Argentina,3857264,0 days 01:06:02,0,0,0,0,0,0,1,0,0
2,66,4,From Free Kick,Argentina,3857264,0 days 01:06:04,0,0,0,0,0,0,1,0,0
2,66,5,From Free Kick,Argentina,3857264,0 days 01:06:05,0,0,0,0,0,0,1,0,0
2,66,7,From Free Kick,Argentina,3857264,0 days 01:06:07,0,0,0,0,0,0,1,0,0
2,66,10,From Free Kick,Argentina,3857264,0 days 01:06:10,0,0,0,0,0,0,1,0,0
2,66,12,From Free Kick,Argentina,3857264,0 days 01:06:12,0,0,0,0,0,0,1,0,0
2,66,14,From Free Kick,Argentina,3857264,0 days 01:06:14,0,0,0,0,0,0,1,0,0
2,66,17,From Free Kick,Argentina,3857264,0 days 01:06:17,0,0,0,0,0,0,1,0,0
2,66,19,From Free Kick,Argentina,3857264,0 days 01:06:19,0,0,0,0,0,0,1,0,0
2,66,22,From Free Kick,Argentina,3857264,0 days 01:06:22,0,0,0,0,0,0,1,0,0
2,66,24,From Free Kick,Argentina,3857264,0 days 01:06:24,0,0,0,0,0,0,1,0,0
2,66,26,From Free Kick,Argentina,3857264,0 days 01:06:26,0,0,0,1,0,0,0,0,0
2,66,29,From Free Kick,Poland,3857264,0 days 01:06:29,0,0,0,0,1,0,0,0,0
2,66,30,From Free Kick,Argentina,3857264,0 days 01:06:30,0,0,0,0,0,0,1,0,0
2,66,34,From Free Kick,Argentina,3857264,0 days 01:06:34,0,0,0,0,0,0,1,0,0
2,66,37,From Free Kick,Argentina,3857264,0 days 01:06:37,0,0,0,0,0,0,1,0,0
2,66,40,From Free Kick,Argentina,3857264,0 days 01:06:40,0,0,0,0,0,0,1,0,0
2,66,43,From Free Kick,Argentina,3857264,0 days 01:06:43,0,0,0,0,0,0,1,0,0
2,66,45,From Free Kick,Argentina,3857264,0 days 01:06:45,0,0,0,0,0,0,1,0,0
2,66,48,From Free Kick,Argentina,3857264,0 days 01:06:48,0,0,0,0,0,0,1,0,0
2,66,50,From Free Kick,Argentina,3857264,0 days 01:06:50,0,0,0,0,0,0,1,0,0
2,66,52,From Free Kick,Argentina,3857264,0 days 01:06:52,0,0,0,0,0,0,1,0,0
2,66,56,From Free Kick,Argentina,3857264,0 days 01:06:56,0,0,0,0,0,0,1,0,0
2,66,57,From Free Kick,Argentina,3857264,0 days 01:06:57,0,0,0,0,0,0,0,1,0
2,57,23,Other,Poland,3857265,0 days 00:57:23,0,0,0,0,0,0,0,1,0
2,57,25,Other,Poland,3857265,0 days 00:57:25,1,0,0,0,0,0,0,0,0
2,57,26,Other,Poland,3857265,0 days 00:57:26,1,0,0,0,0,0,0,0,0
2,57,26,Other,Poland,3857265,0 days 00:57:26,0,0,0,0,0,0,0,1,0
2,57,28,Other,Poland,3857265,0 days 00:57:28,1,0,0,0,0,0,0,0,0
2,57,28,Other,Poland,3857265,0 days 00:57:28,0,0,0,1,0,0,0,0,0
2,57,28,Other,Mexico,3857265,0 days 00:57:28,0,0,0,0,0,0,0,0,1
2,57,30,Other,Poland,3857265,0 days 00:57:30,0,0,0,0,0,0,1,0,0
2,57,35,Other,Poland,3857265,0 days 00:57:35,0,0,1,0,0,0,0,0,0
2,57,35,Other,Mexico,3857265,0 days 00:57:35,0,0,0,0,0,0,0,0,1
2,57,37,Other,Mexico,3857265,0 days 00:57:37,0,0,0,0,0,0,1,0,0
2,58,3,From Throw In,Poland,3857265,0 days 00:58:03,0,0,0,0,0,0,1,0,0
2,58,5,From Throw In,Poland,3857265,0 days 00:58:05,0,0,0,0,0,0,1,0,0
2,58,6,From Throw In,Mexico,3857265,0 days 00:58:06,0,1,0,0,0,0,0,0,0
2,58,10,From Throw In,Poland,3857265,0 days 00:58:10,0,0,0,0,0,0,1,0,0
2,58,12,Regular Play,Mexico,3857265,0 days 00:58:12,0,0,0,0,0,0,1,0,0
2,58,13,Regular Play,Mexico,3857265,0 days 00:58:13,0,0,0,0,0,0,1,0,0
2,58,14,Regular Play,Mexico,3857265,0 days 00:58:14,0,0,0,0,0,0,1,0,0
2,58,16,Regular Play,Poland,3857265,0 days 00:58:16,0,0,0,0,0,0,1,0,0
2,58,18,Regular Play,Mexico,3857265,0 days 00:58:18,1,0,0,0,0,0,0,0,0
2,58,21,Regular Play,Mexico,3857265,0 days 00:58:21,0,0,0,0,0,0,1,0,0
2,58,22,Regular Play,Poland,3857265,0 days 00:58:22,0,0,0,0,0,1,0,0,0
2,58,24,Regular Play,Mexico,3857265,0 days 00:58:24,1,0,0,0,0,0,0,0,0
2,58,28,Regular Play,Mexico,3857265,0 days 00:58:28,0,0,0,0,0,0,1,0,0
2,58,29,Regular Play,Poland,3857265,0 days 00:58:29,0,1,0,0,0,0,0,0,0
2,58,32,Regular Play,Mexico,3857265,0 days 00:58:32,0,0,0,0,0,0,1,0,0
2,58,34,Regular Play,Mexico,3857265,0 days 00:58:34,0,0,0,0,0,0,1,0,0
2,58,38,Regular Play,Mexico,3857265,0 days 00:58:38,0,0,0,0,0,0,1,0,0
2,58,41,Regular Play,Mexico,3857265,0 days 00:58:41,0,0,0,0,0,0,1,0,0
2,58,42,Regular Play,Poland,3857265,0 days 00:58:42,0,1,0,0,0,0,0,0,0
2,58,58,From Throw In,Mexico,3857265,0 days 00:58:58,0,0,0,0,0,0,1,0,0
2,59,2,From Throw In,Mexico,3857265,0 days 00:59:02,0,0,0,0,0,0,1,0,0
2,59,4,From Throw In,Mexico,3857265,0 days 00:59:04,0,0,0,0,0,0,1,0,0
2,59,8,From Throw In,Mexico,3857265,0 days 00:59:08,0,0,0,0,0,0,1,0,0
2,59,10,From Throw In,Poland,3857265,0 days 00:59:10,0,1,0,0,0,0,0,0,0
2,59,12,From Throw In,Mexico,3857265,0 days 00:59:12,1,0,0,0,0,0,0,0,0
2,59,13,From Throw In,Mexico,3857265,0 days 00:59:13,0,0,0,0,0,0,0,1,0
2,59,14,Regular Play,Poland,3857265,0 days 00:59:14,1,0,0,0,0,0,0,0,0
2,59,15,Regular Play,Poland,3857265,0 days 00:59:15,0,0,1,0,0,0,0,0,0
2,59,15,Regular Play,Mexico,3857265,0 days 00:59:15,0,0,0,0,0,0,0,0,1
2,59,18,Regular Play,Poland,3857265,0 days 00:59:18,1,0,0,0,0,0,0,0,0
2,59,20,Regular Play,Poland,3857265,0 days 00:59:20,0,0,0,0,0,0,1,0,0
2,60,29,From Free Kick,Poland,3857265,0 days 01:00:29,0,0,0,0,0,0,1,0,0
2,60,32,From Free Kick,Mexico,3857265,0 days 01:00:32,0,0,0,0,0,0,1,0,0
2,60,34,From Free Kick,Poland,3857265,0 days 01:00:34,0,0,0,0,0,0,1,0,0
2,60,36,From Free Kick,Mexico,3857265,0 days 01:00:36,0,1,0,0,0,0,0,0,0
2,60,43,From Throw In,Poland,3857265,0 days 01:00:43,0,0,0,0,0,0,1,0,0
2,60,46,From Throw In,Poland,3857265,0 days 01:00:46,0,0,0,0,0,0,1,0,0
2,60,47,From Throw In,Poland,3857265,0 days 01:00:47,0,0,0,0,0,0,1,0,0
2,60,47,From Throw In,Mexico,3857265,0 days 01:00:47,0,0,0,0,0,0,1,0,0
2,60,51,From Throw In,Mexico,3857265,0 days 01:00:51,0,0,0,0,0,0,1,0,0
2,60,53,From Throw In,Poland,3857265,0 days 01:00:53,0,0,0,0,0,1,0,0,0
2,60,53,From Throw In,Poland,3857265,0 days 01:00:53,0,0,0,1,0,0,0,0,0
2,60,53,Regular Play,Mexico,3857265,0 days 01:00:53,0,0,0,0,0,0,0,0,1
2,60,57,Regular Play,Mexico,3857265,0 days 01:00:57,0,0,0,0,0,0,1,0,0
2,60,59,Regular Play,Mexico,3857265,0 days 01:00:59,0,0,0,0,0,0,1,0,0
2,61,3,Regular Play,Mexico,3857265,0 days 01:01:03,0,0,0,0,0,0,1,0,0
2,61,8,Regular Play,Mexico,3857265,0 days 01:01:08,0,0,0,0,0,0,1,0,0
2,61,52,From Throw In,Poland,3857265,0 days 01:01:52,0,0,0,0,0,0,1,0,0
2,61,55,From Throw In,Poland,3857265,0 days 01:01:55,0,0,0,0,0,0,1,0,0
2,61,58,From Throw In,Mexico,3857265,0 days 01:01:58,1,0,0,0,0,0,0,0,0
2,62,7,From Throw In,Mexico,3857265,0 days 01:02:07,0,0,0,0,0,0,1,0,0
2,62,13,From Throw In,Mexico,3857265,0 days 01:02:13,0,0,0,0,0,0,1,0,0
2,62,15,From Throw In,Poland,3857265,0 days 01:02:15,0,0,0,0,0,0,1,0,0
2,62,22,From Throw In,Poland,3857265,0 days 01:02:22,0,0,0,0,0,0,1,0,0
2,62,27,From Throw In,Poland,3857265,0 days 01:02:27,0,0,0,0,0,0,1,0,0
2,62,29,From Throw In,Poland,3857265,0 days 01:02:29,1,0,0,0,0,0,0,0,0
2,62,40,From Throw In,Poland,3857265,0 days 01:02:40,0,0,0,0,0,0,1,0,0
2,62,45,Regular Play,Mexico,3857265,0 days 01:02:45,0,0,0,0,0,0,1,0,0
2,62,52,Regular Play,Mexico,3857265,0 days 01:02:52,0,0,0,0,0,0,1,0,0
2,62,54,Regular Play,Poland,3857265,0 days 01:02:54,0,0,0,0,1,0,0,0,0
2,63,5,From Free Kick,Mexico,3857265,0 days 01:03:05,0,0,0,0,0,0,1,0,0
2,63,7,From Free Kick,Mexico,3857265,0 days 01:03:07,0,0,0,0,0,0,1,0,0
2,63,9,From Free Kick,Mexico,3857265,0 days 01:03:09,0,0,0,0,0,0,1,0,0
2,63,11,From Free Kick,Mexico,3857265,0 days 01:03:11,0,0,0,0,0,0,1,0,0
2,63,18,From Free Kick,Mexico,3857265,0 days 01:03:18,0,0,0,0,0,0,1,0,0
2,63,20,From Free Kick,Mexico,3857265,0 days 01:03:20,0,0,0,0,0,0,1,0,0
2,63,23,From Free Kick,Mexico,3857265,0 days 01:03:23,0,0,0,0,0,0,1,0,0
2,63,24,From Free Kick,Mexico,3857265,0 days 01:03:24,0,0,0,0,0,0,0,1,0
2,63,26,From Free Kick,Poland,3857265,0 days 01:03:26,0,1,0,0,0,0,0,0,0
2,63,39,From Throw In,Mexico,3857265,0 days 01:03:39,0,0,0,0,0,0,1,0,0
2,63,44,From Throw In,Mexico,3857265,0 days 01:03:44,0,0,0,0,0,0,1,0,0
2,63,46,From Throw In,Poland,3857265,0 days 01:03:46,0,1,0,0,0,0,0,0,0
2,63,49,From Throw In,Mexico,3857265,0 days 01:03:49,0,0,0,0,0,0,1,0,0
2,63,50,From Throw In,Poland,3857265,0 days 01:03:50,0,0,0,0,0,0,1,0,0
2,63,52,From Throw In,Mexico,3857265,0 days 01:03:52,1,0,0,0,0,0,0,0,0
2,63,53,Regular Play,Poland,3857265,0 days 01:03:53,1,0,0,0,0,0,0,0,0
2,63,55,Regular Play,Poland,3857265,0 days 01:03:55,0,0,0,0,0,0,1,0,0
2,64,1,Regular Play,Poland,3857265,0 days 01:04:01,0,0,0,0,0,0,1,0,0
2,64,4,Regular Play,Mexico,3857265,0 days 01:04:04,1,0,0,0,0,0,0,0,0
2,64,5,Regular Play,Mexico,3857265,0 days 01:04:05,0,0,0,0,0,0,1,0,0
2,64,29,From Throw In,Poland,3857265,0 days 01:04:29,0,0,0,0,0,0,1,0,0
2,64,32,From Throw In,Poland,3857265,0 days 01:04:32,0,0,0,0,0,0,1,0,0
2,64,32,From Throw In,Poland,3857265,0 days 01:04:32,0,0,0,0,0,0,1,0,0
2,64,33,From Throw In,Poland,3857265,0 days 01:04:33,0,0,0,0,0,0,1,0,0
2,64,36,From Throw In,Poland,3857265,0 days 01:04:36,0,0,1,0,0,0,0,0,0
2,64,36,From Throw In,Mexico,3857265,0 days 01:04:36,0,0,0,0,0,0,0,0,1
2,64,38,From Throw In,Poland,3857265,0 days 01:04:38,1,0,0,0,0,0,0,0,0
2,64,39,From Throw In,Poland,3857265,0 days 01:04:39,0,0,0,1,0,0,0,0,0
2,64,39,Regular Play,Mexico,3857265,0 days 01:04:39,0,0,0,0,0,0,0,0,1
2,64,40,Regular Play,Mexico,3857265,0 days 01:04:40,1,0,0,0,0,0,0,0,0
2,64,41,Regular Play,Poland,3857265,0 days 01:04:41,0,0,0,0,1,0,0,0,0
2,65,7,From Free Kick,Mexico,3857265,0 days 01:05:07,0,0,0,0,0,0,1,0,0
2,65,11,From Free Kick,Mexico,3857265,0 days 01:05:11,0,0,0,0,0,0,1,0,0
2,65,13,From Free Kick,Mexico,3857265,0 days 01:05:13,0,0,0,0,0,0,1,0,0
2,65,20,From Free Kick,Mexico,3857265,0 days 01:05:20,0,0,0,0,0,0,1,0,0
2,65,23,From Free Kick,Mexico,3857265,0 days 01:05:23,0,0,0,0,0,0,1,0,0
2,65,25,From Free Kick,Mexico,3857265,0 days 01:05:25,0,0,1,0,0,0,0,0,0
2,65,25,From Free Kick,Poland,3857265,0 days 01:05:25,0,0,0,0,0,0,0,0,1
2,65,28,From Free Kick,Poland,3857265,0 days 01:05:28,0,0,0,0,0,0,1,0,0
2,65,28,From Free Kick,Poland,3857265,0 days 01:05:28,0,0,0,0,0,0,1,0,0
2,65,30,From Free Kick,Mexico,3857265,0 days 01:05:30,1,0,0,0,0,0,0,0,0
2,65,34,From Free Kick,Mexico,3857265,0 days 01:05:34,0,0,0,0,0,0,1,0,0
2,65,35,From Free Kick,Mexico,3857265,0 days 01:05:35,0,0,0,0,0,0,1,0,0
2,65,38,From Free Kick,Mexico,3857265,0 days 01:05:38,0,0,0,0,0,0,1,0,0
2,65,39,From Free Kick,Mexico,3857265,0 days 01:05:39,0,0,0,0,0,0,1,0,0
2,65,41,From Free Kick,Mexico,3857265,0 days 01:05:41,0,0,0,0,0,0,1,0,0
2,65,44,From Free Kick,Poland,3857265,0 days 01:05:44,0,1,0,0,0,0,0,0,0
2,65,46,From Free Kick,Mexico,3857265,0 days 01:05:46,1,0,0,0,0,0,0,0,0
2,65,47,From Free Kick,Mexico,3857265,0 days 01:05:47,0,0,0,0,0,0,1,0,0
2,65,49,From Free Kick,Mexico,3857265,0 days 01:05:49,0,0,0,0,0,0,1,0,0
2,65,53,From Free Kick,Mexico,3857265,0 days 01:05:53,0,0,0,0,0,0,1,0,0
2,65,55,From Free Kick,Mexico,3857265,0 days 01:05:55,0,0,0,0,0,0,0,1,0
2,66,24,From Goal Kick,Poland,3857265,0 days 01:06:24,0,0,0,0,0,0,1,0,0
2,66,28,From Goal Kick,Mexico,3857265,0 days 01:06:28,0,0,0,0,0,0,1,0,0
2,66,30,From Goal Kick,Poland,3857265,0 days 01:06:30,0,0,0,0,0,0,1,0,0
2,66,31,From Goal Kick,Poland,3857265,0 days 01:06:31,0,0,0,0,0,0,1,0,0
2,66,32,From Goal Kick,Poland,3857265,0 days 01:06:32,0,0,0,0,0,0,1,0,0
2,66,34,From Goal Kick,Poland,3857265,0 days 01:06:34,0,0,0,1,0,0,0,0,0
2,66,38,From Goal Kick,Poland,3857265,0 days 01:06:38,0,0,0,0,0,0,1,0,0
2,66,40,From Goal Kick,Poland,3857265,0 days 01:06:40,0,0,0,0,0,0,1,0,0
2,66,44,From Goal Kick,Poland,3857265,0 days 01:06:44,0,0,0,0,0,0,1,0,0
2,66,46,Regular Play,Mexico,3857265,0 days 01:06:46,1,0,0,0,0,0,0,0,0
2,66,48,Regular Play,Mexico,3857265,0 days 01:06:48,0,0,0,0,0,0,1,0,0
2,66,51,Regular Play,Mexico,3857265,0 days 01:06:51,0,0,0,0,0,0,1,0,0
2,66,54,Regular Play,Poland,3857265,0 days 01:06:54,0,0,0,0,0,0,1,0,0
2,66,56,Regular Play,Mexico,3857265,0 days 01:06:56,1,0,0,0,0,0,0,0,0
2,66,57,Regular Play,Mexico,3857265,0 days 01:06:57,0,0,0,0,0,0,1,0,0
2,57,8,From Throw In,France,3857266,0 days 00:57:08,0,0,0,0,0,0,1,0,0
2,57,9,From Throw In,France,3857266,0 days 00:57:09,0,0,0,0,0,0,1,0,0
2,57,13,From Throw In,France,3857266,0 days 00:57:13,0,0,0,0,0,0,1,0,0
2,57,16,From Throw In,France,3857266,0 days 00:57:16,0,0,0,0,0,0,1,0,0
2,57,22,From Throw In,France,3857266,0 days 00:57:22,0,0,0,0,0,0,1,0,0
2,57,27,From Throw In,France,3857266,0 days 00:57:27,0,0,0,0,0,0,1,0,0
2,57,29,From Throw In,France,3857266,0 days 00:57:29,0,0,0,0,0,0,1,0,0
2,57,31,From Throw In,France,3857266,0 days 00:57:31,0,0,0,0,0,0,1,0,0
2,57,33,From Throw In,Denmark,3857266,0 days 00:57:33,0,0,0,0,1,0,0,0,0
2,57,41,From Free Kick,France,3857266,0 days 00:57:41,0,0,0,0,0,0,1,0,0
2,57,44,From Free Kick,France,3857266,0 days 00:57:44,0,0,0,0,0,0,1,0,0
2,57,47,From Free Kick,France,3857266,0 days 00:57:47,0,0,0,0,0,0,1,0,0
2,57,50,From Free Kick,France,3857266,0 days 00:57:50,0,0,0,0,0,0,1,0,0
2,57,51,From Free Kick,France,3857266,0 days 00:57:51,0,0,0,0,0,0,1,0,0
2,57,53,From Free Kick,France,3857266,0 days 00:57:53,0,0,0,0,0,0,1,0,0
2,57,59,From Free Kick,France,3857266,0 days 00:57:59,0,0,0,0,0,0,1,0,0
2,58,0,From Free Kick,France,3857266,0 days 00:58:00,0,0,0,0,0,0,1,0,0
2,58,4,From Free Kick,France,3857266,0 days 00:58:04,0,0,0,0,0,0,1,0,0
2,58,7,From Free Kick,Denmark,3857266,0 days 00:58:07,0,1,0,0,0,0,0,0,0
2,58,9,From Free Kick,France,3857266,0 days 00:58:09,1,0,0,0,0,0,0,0,0
2,58,11,From Free Kick,France,3857266,0 days 00:58:11,0,0,0,0,0,0,1,0,0
2,58,13,From Free Kick,France,3857266,0 days 00:58:13,0,0,0,0,0,0,1,0,0
2,58,17,From Free Kick,France,3857266,0 days 00:58:17,0,0,0,0,0,0,1,0,0
2,58,20,From Free Kick,France,3857266,0 days 00:58:20,0,0,0,0,0,0,1,0,0
2,58,23,From Free Kick,France,3857266,0 days 00:58:23,0,0,0,0,0,0,1,0,0
2,58,29,From Free Kick,France,3857266,0 days 00:58:29,0,0,0,1,0,0,0,0,0
2,58,32,From Free Kick,France,3857266,0 days 00:58:32,0,0,0,0,0,0,1,0,0
2,58,33,From Free Kick,France,3857266,0 days 00:58:33,0,0,0,1,0,0,0,0,0
2,58,33,From Free Kick,Denmark,3857266,0 days 00:58:33,0,0,0,0,0,0,0,0,1
2,58,33,From Free Kick,Denmark,3857266,0 days 00:58:33,1,0,0,0,0,0,0,0,0
2,58,34,From Free Kick,Denmark,3857266,0 days 00:58:34,0,0,0,0,0,0,1,0,0
2,58,35,From Free Kick,Denmark,3857266,0 days 00:58:35,0,0,0,0,0,0,1,0,0
2,58,36,From Free Kick,France,3857266,0 days 00:58:36,0,0,0,0,0,1,0,0,0
2,58,39,From Free Kick,Denmark,3857266,0 days 00:58:39,0,0,0,0,0,0,1,0,0
2,58,45,From Throw In,France,3857266,0 days 00:58:45,0,0,0,0,0,0,1,0,0
2,58,48,From Throw In,France,3857266,0 days 00:58:48,0,0,0,0,0,0,1,0,0
2,58,49,From Throw In,France,3857266,0 days 00:58:49,0,0,0,0,0,0,1,0,0
2,58,52,From Throw In,France,3857266,0 days 00:58:52,0,0,0,0,0,0,1,0,0
2,58,56,From Throw In,France,3857266,0 days 00:58:56,0,0,0,0,0,0,1,0,0
2,58,59,From Throw In,France,3857266,0 days 00:58:59,0,0,0,0,0,0,1,0,0
2,59,2,From Throw In,France,3857266,0 days 00:59:02,0,0,0,0,0,0,0,1,0
2,59,25,From Goal Kick,Denmark,3857266,0 days 00:59:25,0,0,0,0,0,0,1,0,0
2,59,33,From Goal Kick,Denmark,3857266,0 days 00:59:33,0,0,0,0,0,0,1,0,0
2,59,36,From Goal Kick,Denmark,3857266,0 days 00:59:36,0,0,0,0,0,0,1,0,0
2,59,37,From Goal Kick,Denmark,3857266,0 days 00:59:37,0,0,0,0,0,0,1,0,0
2,59,38,From Goal Kick,Denmark,3857266,0 days 00:59:38,0,0,0,0,0,0,1,0,0
2,59,42,From Goal Kick,Denmark,3857266,0 days 00:59:42,0,0,0,0,0,0,1,0,0
2,59,44,From Goal Kick,France,3857266,0 days 00:59:44,0,0,0,0,0,1,0,0,0
2,59,44,From Goal Kick,France,3857266,0 days 00:59:44,0,0,0,1,0,0,0,0,0
2,59,49,From Goal Kick,France,3857266,0 days 00:59:49,0,0,0,0,0,0,1,0,0
2,59,55,From Goal Kick,Denmark,3857266,0 days 00:59:55,1,0,0,0,0,0,0,0,0
2,59,58,From Goal Kick,Denmark,3857266,0 days 00:59:58,0,0,0,0,0,0,1,0,0
2,60,0,From Goal Kick,Denmark,3857266,0 days 01:00:00,0,0,1,0,0,0,0,0,0
2,60,0,From Goal Kick,France,3857266,0 days 01:00:00,0,0,0,0,0,0,0,0,1
2,60,3,From Goal Kick,France,3857266,0 days 01:00:03,0,0,0,0,0,0,1,0,0
2,60,5,From Goal Kick,Denmark,3857266,0 days 01:00:05,1,0,0,0,0,0,0,0,0
2,60,6,From Goal Kick,Denmark,3857266,0 days 01:00:06,0,0,0,0,0,0,1,0,0
2,60,7,Regular Play,France,3857266,0 days 01:00:07,0,0,0,0,0,1,0,0,0
2,60,9,Regular Play,France,3857266,0 days 01:00:09,0,0,0,0,0,0,1,0,0
2,60,9,Regular Play,France,3857266,0 days 01:00:09,0,0,0,0,0,0,1,0,0
2,60,10,Regular Play,Denmark,3857266,0 days 01:00:10,0,0,0,0,0,0,1,0,0
2,60,11,Regular Play,France,3857266,0 days 01:00:11,1,0,0,0,0,0,0,0,0
2,60,13,Regular Play,France,3857266,0 days 01:00:13,0,0,0,0,0,0,1,0,0
2,60,17,Regular Play,France,3857266,0 days 01:00:17,0,0,0,0,0,0,1,0,0
2,60,22,Regular Play,France,3857266,0 days 01:00:22,0,0,0,0,0,0,1,0,0
2,60,24,Regular Play,France,3857266,0 days 01:00:24,0,0,0,0,0,0,1,0,0
2,60,25,Regular Play,France,3857266,0 days 01:00:25,0,0,0,0,0,0,0,1,0
2,62,7,From Kick Off,Denmark,3857266,0 days 01:02:07,0,0,0,0,0,0,1,0,0
2,62,10,From Kick Off,Denmark,3857266,0 days 01:02:10,0,0,0,0,0,0,1,0,0
2,62,13,From Kick Off,Denmark,3857266,0 days 01:02:13,0,0,0,0,0,0,1,0,0
2,62,16,From Kick Off,Denmark,3857266,0 days 01:02:16,0,0,0,0,0,0,1,0,0
2,62,20,From Kick Off,Denmark,3857266,0 days 01:02:20,0,0,0,0,0,0,1,0,0
2,62,23,From Kick Off,Denmark,3857266,0 days 01:02:23,0,0,0,0,0,0,1,0,0
2,62,26,From Kick Off,Denmark,3857266,0 days 01:02:26,0,0,0,0,0,0,1,0,0
2,62,31,From Kick Off,Denmark,3857266,0 days 01:02:31,0,0,0,0,0,0,1,0,0
2,62,35,From Kick Off,Denmark,3857266,0 days 01:02:35,0,0,0,0,0,0,1,0,0
2,62,38,From Kick Off,Denmark,3857266,0 days 01:02:38,0,0,0,0,0,0,1,0,0
2,62,41,From Kick Off,Denmark,3857266,0 days 01:02:41,0,0,0,0,0,0,1,0,0
2,62,47,From Kick Off,Denmark,3857266,0 days 01:02:47,0,0,0,0,0,0,1,0,0
2,62,54,From Throw In,France,3857266,0 days 01:02:54,0,0,0,0,0,0,1,0,0
2,62,55,From Throw In,France,3857266,0 days 01:02:55,0,0,0,0,0,0,1,0,0
2,62,57,From Throw In,France,3857266,0 days 01:02:57,0,0,0,0,0,0,1,0,0
2,63,9,From Throw In,France,3857266,0 days 01:03:09,0,0,0,0,0,0,1,0,0
2,63,10,From Throw In,France,3857266,0 days 01:03:10,0,0,0,0,0,0,1,0,0
2,63,15,From Throw In,France,3857266,0 days 01:03:15,0,0,0,0,0,0,1,0,0
2,63,17,From Throw In,France,3857266,0 days 01:03:17,0,0,0,1,0,0,0,0,0
2,63,19,From Throw In,France,3857266,0 days 01:03:19,0,0,0,0,0,0,1,0,0
2,63,22,From Throw In,France,3857266,0 days 01:03:22,0,0,0,0,0,0,1,0,0
2,63,25,From Throw In,France,3857266,0 days 01:03:25,0,0,1,0,0,0,0,0,0
2,63,25,Regular Play,Denmark,3857266,0 days 01:03:25,0,0,0,0,0,0,0,0,1
2,63,27,Regular Play,Denmark,3857266,0 days 01:03:27,1,0,0,0,0,0,0,0,0
2,63,27,Regular Play,Denmark,3857266,0 days 01:03:27,0,0,0,0,0,0,1,0,0
2,63,28,Regular Play,Denmark,3857266,0 days 01:03:28,0,0,0,0,0,0,1,0,0
2,63,30,Regular Play,Denmark,3857266,0 days 01:03:30,0,0,0,0,0,0,1,0,0
2,63,38,From Throw In,Denmark,3857266,0 days 01:03:38,0,0,0,0,0,0,1,0,0
2,63,42,From Throw In,Denmark,3857266,0 days 01:03:42,0,0,0,0,0,0,1,0,0
2,63,49,From Throw In,Denmark,3857266,0 days 01:03:49,0,0,1,0,0,0,0,0,0
2,63,49,From Throw In,France,3857266,0 days 01:03:49,0,0,0,0,0,0,0,0,1
2,63,55,From Throw In,Denmark,3857266,0 days 01:03:55,0,0,0,0,0,0,1,0,0
2,63,56,From Throw In,Denmark,3857266,0 days 01:03:56,0,0,0,0,0,0,1,0,0
2,64,16,From Throw In,France,3857266,0 days 01:04:16,0,0,0,0,0,0,1,0,0
2,64,17,From Throw In,France,3857266,0 days 01:04:17,0,0,0,0,0,0,1,0,0
2,64,18,From Throw In,France,3857266,0 days 01:04:18,0,0,0,0,0,0,1,0,0
2,64,23,Regular Play,Denmark,3857266,0 days 01:04:23,1,0,0,0,0,0,0,0,0
2,64,25,Regular Play,Denmark,3857266,0 days 01:04:25,0,0,0,0,0,0,1,0,0
2,64,27,Regular Play,Denmark,3857266,0 days 01:04:27,0,0,0,0,0,0,1,0,0
2,64,29,Regular Play,Denmark,3857266,0 days 01:04:29,0,0,0,0,0,0,1,0,0
2,64,32,Regular Play,Denmark,3857266,0 days 01:04:32,0,0,0,0,0,0,1,0,0
2,64,34,Regular Play,Denmark,3857266,0 days 01:04:34,0,0,0,0,0,0,1,0,0
2,64,38,Regular Play,Denmark,3857266,0 days 01:04:38,0,0,0,0,0,0,1,0,0
2,65,19,From Goal Kick,France,3857266,0 days 01:05:19,0,0,0,0,0,0,1,0,0
2,65,25,Regular Play,Denmark,3857266,0 days 01:05:25,1,0,0,0,0,0,0,0,0
2,65,25,Regular Play,Denmark,3857266,0 days 01:05:25,0,0,0,0,0,0,1,0,0
2,65,28,Regular Play,France,3857266,0 days 01:05:28,0,1,0,0,0,0,0,0,0
2,65,35,From Throw In,Denmark,3857266,0 days 01:05:35,0,0,0,0,0,0,1,0,0
2,65,36,From Throw In,Denmark,3857266,0 days 01:05:36,0,0,0,0,0,0,1,0,0
2,65,36,From Throw In,Denmark,3857266,0 days 01:05:36,0,0,0,0,0,0,1,0,0
2,65,38,From Throw In,Denmark,3857266,0 days 01:05:38,0,0,0,0,0,0,1,0,0
2,65,41,From Throw In,Denmark,3857266,0 days 01:05:41,0,0,0,0,0,0,1,0,0
2,65,44,From Throw In,Denmark,3857266,0 days 01:05:44,0,0,0,0,0,0,1,0,0
2,65,48,From Throw In,Denmark,3857266,0 days 01:05:48,0,0,0,0,0,0,1,0,0
2,65,51,From Throw In,Denmark,3857266,0 days 01:05:51,0,0,0,0,0,0,1,0,0
2,65,52,From Throw In,Denmark,3857266,0 days 01:05:52,0,0,0,0,0,0,1,0,0
2,65,52,From Throw In,Denmark,3857266,0 days 01:05:52,0,0,0,0,0,0,1,0,0
2,65,55,From Throw In,Denmark,3857266,0 days 01:05:55,0,0,0,1,0,0,0,0,0
2,65,57,From Throw In,Denmark,3857266,0 days 01:05:57,0,0,0,0,0,0,1,0,0
2,65,58,From Throw In,France,3857266,0 days 01:05:58,0,1,0,0,0,0,0,0,0
2,65,59,From Throw In,France,3857266,0 days 01:05:59,0,1,0,0,0,0,0,0,0
2,66,0,From Throw In,France,3857266,0 days 01:06:00,0,1,0,0,0,0,0,0,0
2,66,3,From Throw In,France,3857266,0 days 01:06:03,1,0,0,0,0,0,0,0,0
2,66,5,From Throw In,France,3857266,0 days 01:06:05,0,0,1,0,0,0,0,0,0
2,66,5,From Throw In,Denmark,3857266,0 days 01:06:05,0,0,0,0,0,0,0,0,1
2,66,6,From Throw In,Denmark,3857266,0 days 01:06:06,0,0,1,0,0,0,0,0,0
2,66,6,From Throw In,France,3857266,0 days 01:06:06,0,0,0,0,0,0,0,0,1
2,66,7,From Throw In,Denmark,3857266,0 days 01:06:07,0,0,0,0,0,0,1,0,0
2,66,9,From Throw In,Denmark,3857266,0 days 01:06:09,0,0,0,1,0,0,0,0,0
2,66,10,From Throw In,Denmark,3857266,0 days 01:06:10,0,0,0,0,0,0,1,0,0
2,66,11,From Throw In,Denmark,3857266,0 days 01:06:11,0,0,0,0,0,0,1,0,0
2,66,12,From Throw In,Denmark,3857266,0 days 01:06:12,0,0,0,0,0,0,1,0,0
2,66,15,From Throw In,Denmark,3857266,0 days 01:06:15,0,0,0,0,0,0,1,0,0
2,66,19,From Throw In,Denmark,3857266,0 days 01:06:19,0,0,0,0,0,0,1,0,0
2,66,22,From Throw In,Denmark,3857266,0 days 01:06:22,0,0,0,0,0,0,1,0,0
2,66,28,From Throw In,Denmark,3857266,0 days 01:06:28,0,0,0,0,0,0,1,0,0
2,66,32,From Throw In,Denmark,3857266,0 days 01:06:32,0,0,0,0,0,0,1,0,0
2,66,35,From Throw In,Denmark,3857266,0 days 01:06:35,0,0,0,0,0,0,1,0,0
2,66,37,From Throw In,Denmark,3857266,0 days 01:06:37,0,0,0,0,0,0,1,0,0
2,57,22,From Goal Kick,Senegal,3857267,0 days 00:57:22,0,0,0,0,0,0,1,0,0
2,57,24,From Goal Kick,Senegal,3857267,0 days 00:57:24,0,0,0,0,0,0,1,0,0
2,57,26,From Goal Kick,Ecuador,3857267,0 days 00:57:26,0,0,0,0,0,0,1,0,0
2,57,28,From Goal Kick,Senegal,3857267,0 days 00:57:28,0,0,0,0,0,0,1,0,0
2,57,32,From Goal Kick,Senegal,3857267,0 days 00:57:32,1,0,0,0,0,0,0,0,0
2,57,33,From Goal Kick,Senegal,3857267,0 days 00:57:33,0,0,0,1,0,0,0,0,0
2,57,33,Regular Play,Ecuador,3857267,0 days 00:57:33,0,0,0,0,0,0,0,0,1
2,57,36,Regular Play,Ecuador,3857267,0 days 00:57:36,0,0,0,0,0,0,1,0,0
2,57,37,Regular Play,Senegal,3857267,0 days 00:57:37,0,0,0,0,0,0,1,0,0
2,57,39,Regular Play,Ecuador,3857267,0 days 00:57:39,0,0,0,0,0,0,1,0,0
2,57,42,Regular Play,Ecuador,3857267,0 days 00:57:42,0,0,0,0,0,0,1,0,0
2,57,43,Regular Play,Ecuador,3857267,0 days 00:57:43,0,0,0,0,0,0,1,0,0
2,57,45,Regular Play,Senegal,3857267,0 days 00:57:45,0,0,0,0,1,0,0,0,0
2,58,1,From Free Kick,Ecuador,3857267,0 days 00:58:01,0,0,0,0,0,0,1,0,0
2,58,7,From Free Kick,Ecuador,3857267,0 days 00:58:07,0,0,0,0,0,0,1,0,0
2,58,9,From Free Kick,Ecuador,3857267,0 days 00:58:09,0,0,0,0,0,0,1,0,0
2,58,12,From Free Kick,Ecuador,3857267,0 days 00:58:12,0,0,0,0,0,0,1,0,0
2,58,17,From Free Kick,Ecuador,3857267,0 days 00:58:17,0,0,0,0,0,0,1,0,0
2,58,19,From Free Kick,Senegal,3857267,0 days 00:58:19,1,0,0,0,0,0,0,0,0
2,58,20,From Free Kick,Ecuador,3857267,0 days 00:58:20,1,0,0,0,0,0,0,0,0
2,58,22,From Free Kick,Ecuador,3857267,0 days 00:58:22,0,0,0,0,0,0,1,0,0
2,58,23,From Free Kick,Ecuador,3857267,0 days 00:58:23,0,0,1,0,0,0,0,0,0
2,58,23,From Free Kick,Senegal,3857267,0 days 00:58:23,0,0,0,0,0,0,0,0,1
2,58,41,From Throw In,Ecuador,3857267,0 days 00:58:41,0,0,0,0,0,0,1,0,0
2,58,43,From Throw In,Senegal,3857267,0 days 00:58:43,0,1,0,0,0,0,0,0,0
2,58,44,Regular Play,Senegal,3857267,0 days 00:58:44,1,0,0,0,0,0,0,0,0
2,58,45,Regular Play,Ecuador,3857267,0 days 00:58:45,0,0,0,0,1,0,0,0,0
2,59,18,From Free Kick,Senegal,3857267,0 days 00:59:18,0,0,0,0,0,0,1,0,0
2,59,21,From Free Kick,Senegal,3857267,0 days 00:59:21,0,0,0,0,0,0,1,0,0
2,59,24,From Free Kick,Ecuador,3857267,0 days 00:59:24,0,1,0,0,0,0,0,0,0
2,59,25,From Free Kick,Senegal,3857267,0 days 00:59:25,1,0,0,0,0,0,0,0,0
2,59,27,From Free Kick,Senegal,3857267,0 days 00:59:27,0,0,0,0,0,0,1,0,0
2,59,27,From Free Kick,Senegal,3857267,0 days 00:59:27,0,0,0,0,0,0,1,0,0
2,59,30,From Free Kick,Senegal,3857267,0 days 00:59:30,0,0,0,0,0,0,1,0,0
2,59,31,From Free Kick,Ecuador,3857267,0 days 00:59:31,0,0,0,0,1,0,0,0,0
2,60,25,From Free Kick,Senegal,3857267,0 days 01:00:25,0,0,0,0,0,0,1,0,0
2,60,27,From Free Kick,Ecuador,3857267,0 days 01:00:27,0,1,0,0,0,0,0,0,0
2,60,29,Regular Play,Ecuador,3857267,0 days 01:00:29,0,0,0,0,0,0,1,0,0
2,60,32,Regular Play,Ecuador,3857267,0 days 01:00:32,0,0,0,0,0,0,1,0,0
2,60,34,Regular Play,Ecuador,3857267,0 days 01:00:34,0,0,0,0,0,0,1,0,0
2,60,36,Regular Play,Senegal,3857267,0 days 01:00:36,0,1,0,0,0,0,0,0,0
2,60,40,Regular Play,Ecuador,3857267,0 days 01:00:40,1,0,0,0,0,0,0,0,0
2,60,41,Regular Play,Ecuador,3857267,0 days 01:00:41,0,0,0,0,0,0,1,0,0
2,60,44,Regular Play,Ecuador,3857267,0 days 01:00:44,0,0,0,0,0,0,1,0,0
2,60,46,Regular Play,Ecuador,3857267,0 days 01:00:46,0,0,0,0,0,0,1,0,0
2,60,48,Regular Play,Ecuador,3857267,0 days 01:00:48,0,0,0,0,0,0,1,0,0
2,60,49,Regular Play,Ecuador,3857267,0 days 01:00:49,0,0,0,0,0,0,1,0,0
2,60,51,Regular Play,Ecuador,3857267,0 days 01:00:51,0,0,0,0,0,0,1,0,0
2,60,55,Regular Play,Ecuador,3857267,0 days 01:00:55,0,0,0,0,0,0,1,0,0
2,60,58,Regular Play,Senegal,3857267,0 days 01:00:58,1,0,0,0,0,0,0,0,0
2,60,59,Regular Play,Senegal,3857267,0 days 01:00:59,0,0,0,1,0,0,0,0,0
2,61,0,Regular Play,Senegal,3857267,0 days 01:01:00,0,0,0,0,0,0,1,0,0
2,61,1,Regular Play,Senegal,3857267,0 days 01:01:01,0,0,0,0,0,0,1,0,0
2,61,19,From Free Kick,Ecuador,3857267,0 days 01:01:19,0,0,0,0,0,0,1,0,0
2,61,22,From Free Kick,Ecuador,3857267,0 days 01:01:22,0,0,0,0,0,0,1,0,0
2,61,25,From Free Kick,Ecuador,3857267,0 days 01:01:25,0,0,0,0,0,0,1,0,0
2,61,30,From Free Kick,Ecuador,3857267,0 days 01:01:30,0,0,0,0,0,0,1,0,0
2,61,36,From Free Kick,Ecuador,3857267,0 days 01:01:36,0,0,0,0,0,0,1,0,0
2,61,38,From Counter,Senegal,3857267,0 days 01:01:38,0,0,0,0,0,0,1,0,0
2,61,43,From Counter,Ecuador,3857267,0 days 01:01:43,0,0,0,0,1,0,0,0,0
2,62,21,From Free Kick,Senegal,3857267,0 days 01:02:21,0,0,0,0,0,0,1,0,0
2,62,23,From Free Kick,Ecuador,3857267,0 days 01:02:23,0,1,0,0,0,0,0,0,0
2,62,23,From Free Kick,Ecuador,3857267,0 days 01:02:23,0,1,0,0,0,0,0,0,0
2,62,27,From Free Kick,Senegal,3857267,0 days 01:02:27,1,0,0,0,0,0,0,0,0
2,62,27,From Free Kick,Senegal,3857267,0 days 01:02:27,0,0,0,0,0,0,1,0,0
2,62,29,From Free Kick,Senegal,3857267,0 days 01:02:29,0,0,0,0,0,0,1,0,0
2,62,32,From Free Kick,Senegal,3857267,0 days 01:02:32,0,0,0,0,0,0,1,0,0
2,62,35,From Free Kick,Senegal,3857267,0 days 01:02:35,0,0,0,0,0,0,1,0,0
2,62,37,From Free Kick,Senegal,3857267,0 days 01:02:37,0,0,0,0,0,0,1,0,0
2,62,43,From Free Kick,Senegal,3857267,0 days 01:02:43,0,0,0,0,0,0,1,0,0
2,63,17,From Throw In,Ecuador,3857267,0 days 01:03:17,0,0,0,0,0,0,1,0,0
2,63,20,From Throw In,Ecuador,3857267,0 days 01:03:20,0,0,0,0,0,0,1,0,0
2,63,29,Regular Play,Senegal,3857267,0 days 01:03:29,1,0,0,0,0,0,0,0,0
2,63,31,Regular Play,Senegal,3857267,0 days 01:03:31,0,0,0,0,0,0,1,0,0
2,63,34,Regular Play,Senegal,3857267,0 days 01:03:34,0,0,0,0,0,0,1,0,0
2,63,37,Regular Play,Ecuador,3857267,0 days 01:03:37,0,0,0,0,0,0,1,0,0
2,64,0,From Throw In,Senegal,3857267,0 days 01:04:00,0,0,0,0,0,0,1,0,0
2,64,6,From Throw In,Ecuador,3857267,0 days 01:04:06,0,1,0,0,0,0,0,0,0
2,64,14,From Throw In,Senegal,3857267,0 days 01:04:14,0,0,0,0,0,0,1,0,0
2,64,16,From Throw In,Ecuador,3857267,0 days 01:04:16,0,0,0,0,0,0,1,0,0
2,64,18,From Throw In,Senegal,3857267,0 days 01:04:18,1,0,0,0,0,0,0,0,0
2,64,19,From Throw In,Senegal,3857267,0 days 01:04:19,0,0,0,1,0,0,0,0,0
2,64,20,From Throw In,Senegal,3857267,0 days 01:04:20,0,0,0,0,0,0,1,0,0
2,64,21,From Throw In,Ecuador,3857267,0 days 01:04:21,0,0,0,0,0,1,0,0,0
2,64,23,From Throw In,Ecuador,3857267,0 days 01:04:23,0,0,0,0,0,0,1,0,0
2,64,33,From Throw In,Senegal,3857267,0 days 01:04:33,0,0,0,0,0,0,1,0,0
2,64,36,From Throw In,Ecuador,3857267,0 days 01:04:36,0,1,0,0,0,0,0,0,0
2,64,39,From Throw In,Ecuador,3857267,0 days 01:04:39,0,0,0,0,1,0,0,0,0
2,64,59,From Free Kick,Senegal,3857267,0 days 01:04:59,0,0,0,0,0,0,1,0,0
2,65,3,From Free Kick,Ecuador,3857267,0 days 01:05:03,0,0,0,0,0,0,1,0,0
2,65,5,From Free Kick,Senegal,3857267,0 days 01:05:05,0,0,0,0,0,0,1,0,0
2,65,8,From Free Kick,Senegal,3857267,0 days 01:05:08,0,0,0,0,0,0,1,0,0
2,65,9,Regular Play,Ecuador,3857267,0 days 01:05:09,0,0,0,0,0,1,0,0,0
2,65,17,Regular Play,Ecuador,3857267,0 days 01:05:17,0,0,0,0,0,0,1,0,0
2,65,21,Regular Play,Ecuador,3857267,0 days 01:05:21,0,0,0,0,0,0,1,0,0
2,65,22,Regular Play,Ecuador,3857267,0 days 01:05:22,0,0,0,0,0,0,1,0,0
2,65,23,Regular Play,Ecuador,3857267,0 days 01:05:23,0,0,0,0,0,0,1,0,0
2,65,26,Regular Play,Ecuador,3857267,0 days 01:05:26,0,0,0,0,0,0,1,0,0
2,65,28,Regular Play,Ecuador,3857267,0 days 01:05:28,0,0,0,0,0,0,1,0,0
2,65,30,Regular Play,Senegal,3857267,0 days 01:05:30,0,0,0,0,1,0,0,0,0
2,66,30,From Free Kick,Ecuador,3857267,0 days 01:06:30,0,0,0,0,0,0,1,0,0
2,66,31,From Free Kick,Senegal,3857267,0 days 01:06:31,0,1,0,0,0,0,0,0,0
2,66,56,From Corner,Ecuador,3857267,0 days 01:06:56,0,0,0,0,0,0,1,0,0
2,66,57,From Corner,Ecuador,3857267,0 days 01:06:57,0,0,0,0,0,0,0,1,0
2,66,58,From Corner,Ecuador,3857267,0 days 01:06:58,1,0,0,0,0,0,0,0,0
2,66,58,From Corner,Ecuador,3857267,0 days 01:06:58,0,0,0,0,0,0,0,1,0
2,58,1,From Throw In,Canada,3857268,0 days 00:58:01,0,0,0,0,0,0,1,0,0
2,58,3,Regular Play,Belgium,3857268,0 days 00:58:03,0,0,0,0,0,0,1,0,0
2,58,8,Regular Play,Belgium,3857268,0 days 00:58:08,0,0,0,0,0,0,1,0,0
2,58,13,Regular Play,Belgium,3857268,0 days 00:58:13,0,0,0,0,0,0,1,0,0
2,58,17,Regular Play,Belgium,3857268,0 days 00:58:17,0,0,0,0,0,0,1,0,0
2,58,18,Regular Play,Belgium,3857268,0 days 00:58:18,0,0,0,0,0,0,1,0,0
2,58,20,Regular Play,Canada,3857268,0 days 00:58:20,1,0,0,0,0,0,0,0,0
2,58,21,Regular Play,Belgium,3857268,0 days 00:58:21,1,0,0,0,0,0,0,0,0
2,58,23,Regular Play,Canada,3857268,0 days 00:58:23,0,0,0,0,1,0,0,0,0
2,58,33,From Free Kick,Belgium,3857268,0 days 00:58:33,0,0,0,0,0,0,1,0,0
2,58,35,From Free Kick,Belgium,3857268,0 days 00:58:35,0,0,0,0,0,0,1,0,0
2,58,38,From Free Kick,Belgium,3857268,0 days 00:58:38,0,0,0,0,0,0,1,0,0
2,58,43,From Free Kick,Belgium,3857268,0 days 00:58:43,0,0,0,0,0,0,1,0,0
2,58,44,Regular Play,Canada,3857268,0 days 00:58:44,0,0,0,0,0,1,0,0,0
2,58,46,Regular Play,Canada,3857268,0 days 00:58:46,0,0,0,0,0,0,1,0,0
2,58,49,Regular Play,Canada,3857268,0 days 00:58:49,0,0,0,0,0,0,1,0,0
2,58,51,Regular Play,Canada,3857268,0 days 00:58:51,0,0,0,0,0,0,1,0,0
2,58,52,Regular Play,Canada,3857268,0 days 00:58:52,0,0,0,0,0,0,1,0,0
2,59,0,Regular Play,Canada,3857268,0 days 00:59:00,0,0,0,0,0,0,1,0,0
2,59,2,Regular Play,Canada,3857268,0 days 00:59:02,1,0,0,0,0,0,0,0,0
2,59,3,Regular Play,Canada,3857268,0 days 00:59:03,0,0,0,1,0,0,0,0,0
2,59,3,Regular Play,Belgium,3857268,0 days 00:59:03,0,0,0,0,0,0,0,0,1
2,59,6,Regular Play,Belgium,3857268,0 days 00:59:06,0,0,0,0,0,0,1,0,0
2,59,8,Regular Play,Canada,3857268,0 days 00:59:08,1,0,0,0,0,0,0,0,0
2,59,11,Regular Play,Canada,3857268,0 days 00:59:11,0,0,0,0,0,0,1,0,0
2,59,15,Regular Play,Canada,3857268,0 days 00:59:15,0,0,0,0,0,0,1,0,0
2,59,19,Regular Play,Belgium,3857268,0 days 00:59:19,0,0,0,0,1,0,0,0,0
2,60,14,From Free Kick,Canada,3857268,0 days 01:00:14,0,0,0,0,0,0,1,0,0
2,60,27,From Goal Kick,Belgium,3857268,0 days 01:00:27,0,0,0,0,0,0,1,0,0
2,60,28,From Goal Kick,Belgium,3857268,0 days 01:00:28,0,0,0,0,0,0,1,0,0
2,60,30,From Goal Kick,Belgium,3857268,0 days 01:00:30,0,0,0,0,0,0,1,0,0
2,60,33,From Goal Kick,Belgium,3857268,0 days 01:00:33,0,0,0,0,0,0,1,0,0
2,60,34,From Goal Kick,Belgium,3857268,0 days 01:00:34,0,0,0,0,0,0,1,0,0
2,60,37,From Goal Kick,Belgium,3857268,0 days 01:00:37,0,0,0,0,0,0,1,0,0
2,60,37,From Goal Kick,Canada,3857268,0 days 01:00:37,1,0,0,0,0,0,0,0,0
2,60,39,From Goal Kick,Belgium,3857268,0 days 01:00:39,0,1,0,0,0,0,0,0,0
2,60,42,From Goal Kick,Belgium,3857268,0 days 01:00:42,1,0,0,0,0,0,0,0,0
2,60,42,From Goal Kick,Belgium,3857268,0 days 01:00:42,0,0,0,1,0,0,0,0,0
2,60,50,From Goal Kick,Belgium,3857268,0 days 01:00:50,0,0,0,0,0,0,1,0,0
2,60,53,From Goal Kick,Belgium,3857268,0 days 01:00:53,0,0,0,0,0,0,1,0,0
2,60,57,From Goal Kick,Belgium,3857268,0 days 01:00:57,0,0,0,0,0,0,1,0,0
2,61,0,From Goal Kick,Belgium,3857268,0 days 01:01:00,0,0,0,0,0,0,1,0,0
2,61,3,From Goal Kick,Belgium,3857268,0 days 01:01:03,0,0,0,0,0,0,1,0,0
2,61,5,From Goal Kick,Belgium,3857268,0 days 01:01:05,0,0,0,0,0,0,1,0,0
2,61,8,From Goal Kick,Belgium,3857268,0 days 01:01:08,0,0,0,0,0,0,1,0,0
2,61,11,From Goal Kick,Belgium,3857268,0 days 01:01:11,0,0,0,0,0,0,1,0,0
2,61,14,From Goal Kick,Belgium,3857268,0 days 01:01:14,0,1,0,0,0,0,0,0,0
2,61,55,From Throw In,Canada,3857268,0 days 01:01:55,0,0,0,0,0,0,1,0,0
2,61,57,From Throw In,Belgium,3857268,0 days 01:01:57,0,1,0,0,0,0,0,0,0
2,61,58,From Throw In,Belgium,3857268,0 days 01:01:58,0,1,0,0,0,0,0,0,0
2,62,3,From Throw In,Canada,3857268,0 days 01:02:03,0,0,0,0,0,0,1,0,0
2,62,7,From Throw In,Canada,3857268,0 days 01:02:07,0,0,0,1,0,0,0,0,0
2,62,7,From Throw In,Belgium,3857268,0 days 01:02:07,0,0,0,0,0,0,0,0,1
2,62,11,From Throw In,Canada,3857268,0 days 01:02:11,1,0,0,0,0,0,0,0,0
2,62,13,From Throw In,Canada,3857268,0 days 01:02:13,0,0,0,0,0,0,1,0,0
2,62,15,From Throw In,Canada,3857268,0 days 01:02:15,0,0,0,0,0,0,0,1,0
2,62,49,From Goal Kick,Belgium,3857268,0 days 01:02:49,0,0,0,0,0,0,1,0,0
2,62,58,From Throw In,Canada,3857268,0 days 01:02:58,0,0,0,0,0,0,1,0,0
2,63,1,From Throw In,Canada,3857268,0 days 01:03:01,0,0,0,0,0,0,1,0,0
2,63,11,From Throw In,Canada,3857268,0 days 01:03:11,0,0,0,0,0,0,1,0,0
2,63,12,From Throw In,Canada,3857268,0 days 01:03:12,0,0,0,0,0,0,1,0,0
2,63,13,Regular Play,Belgium,3857268,0 days 01:03:13,0,0,0,0,0,0,1,0,0
2,63,18,Regular Play,Belgium,3857268,0 days 01:03:18,0,0,0,0,0,0,1,0,0
2,63,30,From Throw In,Belgium,3857268,0 days 01:03:30,0,0,0,0,0,0,1,0,0
2,63,37,From Throw In,Belgium,3857268,0 days 01:03:37,0,0,0,0,0,0,1,0,0
2,63,40,From Throw In,Belgium,3857268,0 days 01:03:40,0,0,0,0,0,0,1,0,0
2,64,14,From Corner,Belgium,3857268,0 days 01:04:14,0,0,0,0,0,0,1,0,0
2,64,17,From Corner,Canada,3857268,0 days 01:04:17,0,1,0,0,0,0,0,0,0
2,64,18,From Corner,Belgium,3857268,0 days 01:04:18,0,0,0,0,1,0,0,0,0
2,64,45,From Free Kick,Canada,3857268,0 days 01:04:45,0,0,0,0,0,0,1,0,0
2,64,47,From Counter,Belgium,3857268,0 days 01:04:47,0,0,0,0,0,0,1,0,0
2,64,55,From Counter,Belgium,3857268,0 days 01:04:55,0,0,0,1,0,0,0,0,0
2,64,56,Regular Play,Canada,3857268,0 days 01:04:56,0,0,0,0,0,0,1,0,0
2,65,4,Regular Play,Canada,3857268,0 days 01:05:04,0,0,0,0,0,0,1,0,0
2,65,7,Regular Play,Canada,3857268,0 days 01:05:07,0,0,0,0,0,0,1,0,0
2,65,15,Regular Play,Canada,3857268,0 days 01:05:15,0,0,0,0,0,0,1,0,0
2,65,18,Regular Play,Canada,3857268,0 days 01:05:18,0,0,0,0,0,0,1,0,0
2,65,25,Regular Play,Canada,3857268,0 days 01:05:25,0,0,0,0,0,0,1,0,0
2,65,27,Regular Play,Canada,3857268,0 days 01:05:27,0,0,0,0,0,0,1,0,0
2,65,29,Regular Play,Canada,3857268,0 days 01:05:29,0,0,0,0,0,0,1,0,0
2,65,31,Regular Play,Canada,3857268,0 days 01:05:31,0,0,0,0,0,0,1,0,0
2,65,32,Regular Play,Canada,3857268,0 days 01:05:32,0,0,0,0,0,0,1,0,0
2,65,33,Regular Play,Belgium,3857268,0 days 01:05:33,0,0,0,0,0,0,1,0,0
2,65,36,Regular Play,Belgium,3857268,0 days 01:05:36,0,0,0,0,0,0,1,0,0
2,65,38,Regular Play,Canada,3857268,0 days 01:05:38,0,0,0,0,0,1,0,0,0
2,65,41,Regular Play,Canada,3857268,0 days 01:05:41,1,0,0,0,0,0,0,0,0
2,65,44,Regular Play,Canada,3857268,0 days 01:05:44,0,0,0,0,0,0,1,0,0
2,65,50,Regular Play,Canada,3857268,0 days 01:05:50,0,0,0,0,0,0,1,0,0
2,65,55,Regular Play,Canada,3857268,0 days 01:05:55,0,0,0,0,0,0,1,0,0
2,65,57,Regular Play,Canada,3857268,0 days 01:05:57,0,0,0,0,0,0,1,0,0
2,66,0,Regular Play,Canada,3857268,0 days 01:06:00,0,0,0,0,0,0,1,0,0
2,66,1,Regular Play,Canada,3857268,0 days 01:06:01,0,0,0,0,0,0,0,1,0
2,66,25,From Goal Kick,Belgium,3857268,0 days 01:06:25,0,0,0,0,0,0,1,0,0
2,66,27,From Goal Kick,Belgium,3857268,0 days 01:06:27,0,0,0,0,0,0,1,0,0
2,66,30,From Goal Kick,Belgium,3857268,0 days 01:06:30,0,0,0,0,0,0,1,0,0
2,66,33,From Goal Kick,Canada,3857268,0 days 01:06:33,0,0,0,0,0,1,0,0,0
2,66,34,From Goal Kick,Canada,3857268,0 days 01:06:34,0,1,0,0,0,0,0,0,0
2,66,36,From Goal Kick,Belgium,3857268,0 days 01:06:36,1,0,0,0,0,0,0,0,0
2,66,39,From Goal Kick,Belgium,3857268,0 days 01:06:39,0,0,0,0,0,0,1,0,0
2,66,41,From Goal Kick,Belgium,3857268,0 days 01:06:41,0,0,0,0,0,0,0,1,0
2,57,1,From Free Kick,Brazil,3857269,0 days 00:57:01,0,0,0,1,0,0,0,0,0
2,57,4,From Free Kick,Switzerland,3857269,0 days 00:57:04,0,1,0,0,0,0,0,0,0
2,57,9,From Throw In,Brazil,3857269,0 days 00:57:09,0,0,0,0,0,0,1,0,0
2,57,14,From Throw In,Brazil,3857269,0 days 00:57:14,0,0,0,0,0,0,1,0,0
2,57,14,From Throw In,Switzerland,3857269,0 days 00:57:14,0,0,0,0,0,1,0,0,0
2,57,21,From Throw In,Brazil,3857269,0 days 00:57:21,0,0,0,0,0,0,1,0,0
2,57,22,From Throw In,Brazil,3857269,0 days 00:57:22,0,0,0,0,0,0,1,0,0
2,57,24,From Throw In,Brazil,3857269,0 days 00:57:24,0,0,0,0,0,0,1,0,0
2,57,25,From Throw In,Brazil,3857269,0 days 00:57:25,0,0,0,0,0,0,1,0,0
2,58,39,From Throw In,Switzerland,3857269,0 days 00:58:39,0,0,0,0,0,0,1,0,0
2,58,40,From Throw In,Brazil,3857269,0 days 00:58:40,0,0,0,0,0,0,1,0,0
2,58,44,From Throw In,Switzerland,3857269,0 days 00:58:44,0,0,0,0,0,0,1,0,0
2,58,45,From Throw In,Switzerland,3857269,0 days 00:58:45,0,0,0,0,0,0,1,0,0
2,58,47,From Throw In,Switzerland,3857269,0 days 00:58:47,0,0,0,0,0,0,1,0,0
2,58,51,From Throw In,Brazil,3857269,0 days 00:58:51,0,0,0,0,1,0,0,0,0
2,59,7,From Free Kick,Switzerland,3857269,0 days 00:59:07,0,0,0,0,0,0,1,0,0
2,59,9,From Free Kick,Switzerland,3857269,0 days 00:59:09,0,0,0,0,0,0,1,0,0
2,59,13,From Free Kick,Switzerland,3857269,0 days 00:59:13,0,0,0,0,0,0,1,0,0
2,59,16,From Free Kick,Switzerland,3857269,0 days 00:59:16,0,0,0,0,0,0,1,0,0
2,59,18,From Free Kick,Switzerland,3857269,0 days 00:59:18,0,0,0,0,0,0,1,0,0
2,59,20,From Free Kick,Switzerland,3857269,0 days 00:59:20,0,0,0,0,0,0,1,0,0
2,59,22,Regular Play,Brazil,3857269,0 days 00:59:22,0,0,0,0,0,1,0,0,0
2,59,23,Regular Play,Brazil,3857269,0 days 00:59:23,0,0,0,0,0,0,1,0,0
2,59,24,Regular Play,Brazil,3857269,0 days 00:59:24,0,0,0,0,0,0,1,0,0
2,59,27,Regular Play,Brazil,3857269,0 days 00:59:27,0,0,1,0,0,0,0,0,0
2,59,27,Regular Play,Switzerland,3857269,0 days 00:59:27,0,0,0,0,0,0,0,0,1
2,59,28,Regular Play,Switzerland,3857269,0 days 00:59:28,1,0,0,0,0,0,0,0,0
2,59,31,Regular Play,Switzerland,3857269,0 days 00:59:31,0,0,0,0,0,0,1,0,0
2,59,36,Regular Play,Switzerland,3857269,0 days 00:59:36,0,0,0,0,0,0,1,0,0
2,59,36,Regular Play,Switzerland,3857269,0 days 00:59:36,0,0,0,0,0,0,1,0,0
2,59,38,Regular Play,Switzerland,3857269,0 days 00:59:38,0,0,0,0,0,0,1,0,0
2,59,39,Regular Play,Switzerland,3857269,0 days 00:59:39,0,0,0,0,0,0,0,1,0
2,59,41,From Counter,Brazil,3857269,0 days 00:59:41,0,0,0,0,0,0,1,0,0
2,59,44,From Counter,Brazil,3857269,0 days 00:59:44,0,0,0,0,0,0,1,0,0
2,59,45,Regular Play,Switzerland,3857269,0 days 00:59:45,1,0,0,0,0,0,0,0,0
2,59,46,Regular Play,Switzerland,3857269,0 days 00:59:46,0,0,0,0,0,0,1,0,0
2,59,50,Regular Play,Switzerland,3857269,0 days 00:59:50,0,0,0,0,0,0,1,0,0
2,59,54,Regular Play,Switzerland,3857269,0 days 00:59:54,0,0,0,0,0,0,0,1,0
2,60,15,From Throw In,Switzerland,3857269,0 days 01:00:15,0,0,0,0,0,0,1,0,0
2,60,16,From Throw In,Switzerland,3857269,0 days 01:00:16,0,0,0,0,0,0,1,0,0
2,60,20,From Throw In,Switzerland,3857269,0 days 01:00:20,0,0,1,0,0,0,0,0,0
2,60,20,From Counter,Brazil,3857269,0 days 01:00:20,0,0,0,0,0,0,0,0,1
2,60,22,From Counter,Brazil,3857269,0 days 01:00:22,1,0,0,0,0,0,0,0,0
2,60,23,From Counter,Switzerland,3857269,0 days 01:00:23,0,0,0,0,1,0,0,0,0
2,60,32,From Free Kick,Brazil,3857269,0 days 01:00:32,0,0,0,0,0,0,1,0,0
2,60,38,From Free Kick,Brazil,3857269,0 days 01:00:38,0,0,0,0,0,0,1,0,0
2,60,41,From Free Kick,Brazil,3857269,0 days 01:00:41,0,0,0,0,0,0,1,0,0
2,60,44,From Free Kick,Brazil,3857269,0 days 01:00:44,0,0,0,0,0,0,1,0,0
2,60,47,From Free Kick,Brazil,3857269,0 days 01:00:47,0,0,0,0,0,0,1,0,0
2,60,53,From Free Kick,Brazil,3857269,0 days 01:00:53,0,0,0,0,0,0,1,0,0
2,60,59,From Free Kick,Brazil,3857269,0 days 01:00:59,0,0,0,0,0,0,1,0,0
2,61,8,From Free Kick,Brazil,3857269,0 days 01:01:08,0,0,0,0,0,0,1,0,0
2,61,10,From Free Kick,Brazil,3857269,0 days 01:01:10,0,0,0,0,0,0,1,0,0
2,61,10,From Free Kick,Switzerland,3857269,0 days 01:01:10,0,1,0,0,0,0,0,0,0
2,61,11,From Free Kick,Switzerland,3857269,0 days 01:01:11,0,0,0,0,0,0,1,0,0
2,61,13,From Free Kick,Switzerland,3857269,0 days 01:01:13,0,0,0,0,0,0,1,0,0
2,61,33,From Throw In,Switzerland,3857269,0 days 01:01:33,0,0,0,0,0,0,1,0,0
2,61,36,From Throw In,Brazil,3857269,0 days 01:01:36,0,1,0,0,0,0,0,0,0
2,61,38,Regular Play,Brazil,3857269,0 days 01:01:38,0,0,0,0,0,0,1,0,0
2,61,45,Regular Play,Brazil,3857269,0 days 01:01:45,0,0,0,0,0,0,1,0,0
2,61,46,Regular Play,Brazil,3857269,0 days 01:01:46,0,0,0,0,0,0,1,0,0
2,61,49,Regular Play,Switzerland,3857269,0 days 01:01:49,1,0,0,0,0,0,0,0,0
2,61,59,Regular Play,Switzerland,3857269,0 days 01:01:59,0,0,0,0,0,0,1,0,0
2,62,0,Regular Play,Switzerland,3857269,0 days 01:02:00,0,0,0,0,0,0,1,0,0
2,62,2,Regular Play,Switzerland,3857269,0 days 01:02:02,0,0,0,0,0,0,1,0,0
2,62,3,Regular Play,Switzerland,3857269,0 days 01:02:03,0,0,0,0,0,0,1,0,0
2,62,5,Regular Play,Switzerland,3857269,0 days 01:02:05,0,0,0,0,0,0,1,0,0
2,62,11,Regular Play,Switzerland,3857269,0 days 01:02:11,0,0,0,0,0,0,1,0,0
2,62,15,Regular Play,Switzerland,3857269,0 days 01:02:15,0,0,0,0,0,0,1,0,0
2,62,16,Regular Play,Switzerland,3857269,0 days 01:02:16,0,0,0,0,0,0,1,0,0
2,62,23,Regular Play,Switzerland,3857269,0 days 01:02:23,0,0,0,0,0,0,1,0,0
2,62,25,Regular Play,Switzerland,3857269,0 days 01:02:25,0,0,1,0,0,0,0,0,0
2,62,25,Regular Play,Brazil,3857269,0 days 01:02:25,0,0,0,0,0,0,0,0,1
2,62,32,From Throw In,Switzerland,3857269,0 days 01:02:32,0,0,0,0,0,0,1,0,0
2,62,36,From Throw In,Switzerland,3857269,0 days 01:02:36,0,0,0,0,0,0,1,0,0
2,62,39,From Throw In,Switzerland,3857269,0 days 01:02:39,0,0,0,0,0,0,1,0,0
2,62,45,From Throw In,Switzerland,3857269,0 days 01:02:45,0,0,0,0,0,0,1,0,0
2,62,52,From Throw In,Brazil,3857269,0 days 01:02:52,0,0,0,0,0,0,1,0,0
2,62,56,From Throw In,Brazil,3857269,0 days 01:02:56,0,0,0,0,0,0,1,0,0
2,62,59,From Throw In,Brazil,3857269,0 days 01:02:59,0,0,0,0,0,0,1,0,0
2,63,5,From Throw In,Brazil,3857269,0 days 01:03:05,0,0,0,0,0,0,1,0,0
2,63,9,From Throw In,Brazil,3857269,0 days 01:03:09,0,0,0,0,0,0,1,0,0
2,63,13,From Throw In,Brazil,3857269,0 days 01:03:13,0,0,0,0,0,0,1,0,0
2,63,15,From Throw In,Brazil,3857269,0 days 01:03:15,0,0,0,0,0,0,1,0,0
2,63,18,From Throw In,Brazil,3857269,0 days 01:03:18,0,0,0,0,0,0,1,0,0
2,63,21,From Throw In,Brazil,3857269,0 days 01:03:21,0,0,0,0,0,0,1,0,0
2,63,23,From Throw In,Brazil,3857269,0 days 01:03:23,0,0,0,0,0,0,1,0,0
2,63,26,From Throw In,Brazil,3857269,0 days 01:03:26,0,0,0,0,0,0,1,0,0
2,65,47,From Free Kick,Switzerland,3857269,0 days 01:05:47,0,0,0,0,0,0,1,0,0
2,65,50,From Free Kick,Switzerland,3857269,0 days 01:05:50,0,0,0,0,0,0,1,0,0
2,65,59,From Free Kick,Brazil,3857269,0 days 01:05:59,0,0,0,0,0,0,1,0,0
2,66,4,From Free Kick,Brazil,3857269,0 days 01:06:04,0,0,0,0,0,0,1,0,0
2,66,7,From Free Kick,Brazil,3857269,0 days 01:06:07,0,0,0,0,0,0,1,0,0
2,66,10,From Free Kick,Brazil,3857269,0 days 01:06:10,0,0,0,0,0,0,1,0,0
2,66,14,From Free Kick,Brazil,3857269,0 days 01:06:14,0,0,0,0,0,0,1,0,0
2,66,16,Regular Play,Switzerland,3857269,0 days 01:06:16,0,0,0,0,0,0,1,0,0
2,66,18,Regular Play,Switzerland,3857269,0 days 01:06:18,0,0,0,0,0,0,1,0,0
2,66,19,Regular Play,Switzerland,3857269,0 days 01:06:19,0,0,0,0,0,0,1,0,0
2,66,21,Regular Play,Switzerland,3857269,0 days 01:06:21,0,0,0,0,0,0,1,0,0
2,66,24,Regular Play,Switzerland,3857269,0 days 01:06:24,0,0,0,0,0,0,1,0,0
2,66,26,Regular Play,Switzerland,3857269,0 days 01:06:26,0,0,0,0,0,0,1,0,0
2,66,35,Regular Play,Switzerland,3857269,0 days 01:06:35,0,0,0,0,0,0,1,0,0
2,66,35,Regular Play,Brazil,3857269,0 days 01:06:35,0,0,0,0,0,1,0,0,0
2,66,37,Regular Play,Switzerland,3857269,0 days 01:06:37,0,0,0,0,0,0,1,0,0
2,66,39,Regular Play,Switzerland,3857269,0 days 01:06:39,0,0,0,0,0,0,1,0,0
2,66,44,Regular Play,Switzerland,3857269,0 days 01:06:44,0,0,0,0,0,0,1,0,0
2,66,46,Regular Play,Brazil,3857269,0 days 01:06:46,0,0,0,0,0,0,1,0,0
2,66,48,Regular Play,Brazil,3857269,0 days 01:06:48,0,0,0,0,0,0,1,0,0
2,66,51,Regular Play,Switzerland,3857269,0 days 01:06:51,1,0,0,0,0,0,0,0,0
2,66,52,Regular Play,Switzerland,3857269,0 days 01:06:52,0,0,0,0,0,0,1,0,0
2,66,55,Regular Play,Switzerland,3857269,0 days 01:06:55,0,0,0,0,0,0,1,0,0
2,66,56,Regular Play,Brazil,3857269,0 days 01:06:56,0,0,0,0,0,1,0,0,0
2,66,58,Regular Play,Switzerland,3857269,0 days 01:06:58,0,0,0,0,0,0,1,0,0
2,57,10,Regular Play,Portugal,3857270,0 days 00:57:10,0,0,0,0,0,0,1,0,0
2,57,12,Regular Play,Portugal,3857270,0 days 00:57:12,0,0,0,0,0,0,1,0,0
2,57,14,Regular Play,Portugal,3857270,0 days 00:57:14,0,0,0,0,0,0,1,0,0
2,57,15,Regular Play,Portugal,3857270,0 days 00:57:15,0,0,0,0,0,0,1,0,0
2,57,17,Regular Play,Portugal,3857270,0 days 00:57:17,0,0,0,0,0,0,1,0,0
2,57,19,Regular Play,Uruguay,3857270,0 days 00:57:19,0,0,0,0,0,0,1,0,0
2,57,21,Regular Play,Uruguay,3857270,0 days 00:57:21,0,0,0,0,0,0,1,0,0
2,57,24,Regular Play,Uruguay,3857270,0 days 00:57:24,0,0,0,0,0,0,1,0,0
2,57,25,Regular Play,Uruguay,3857270,0 days 00:57:25,0,0,0,0,0,0,0,1,0
2,58,3,From Goal Kick,Portugal,3857270,0 days 00:58:03,0,0,0,0,0,0,1,0,0
2,58,6,From Goal Kick,Portugal,3857270,0 days 00:58:06,0,0,0,0,0,0,1,0,0
2,58,8,From Goal Kick,Portugal,3857270,0 days 00:58:08,0,0,0,0,0,0,1,0,0
2,58,11,From Goal Kick,Portugal,3857270,0 days 00:58:11,0,0,0,0,0,0,1,0,0
2,58,17,From Goal Kick,Portugal,3857270,0 days 00:58:17,0,0,0,0,0,0,1,0,0
2,58,19,From Goal Kick,Portugal,3857270,0 days 00:58:19,0,0,0,0,0,0,1,0,0
2,58,21,From Goal Kick,Portugal,3857270,0 days 00:58:21,0,0,0,0,0,0,1,0,0
2,58,23,From Goal Kick,Portugal,3857270,0 days 00:58:23,0,0,0,0,0,0,1,0,0
2,58,26,From Goal Kick,Portugal,3857270,0 days 00:58:26,0,0,0,0,0,0,1,0,0
2,58,33,From Goal Kick,Portugal,3857270,0 days 00:58:33,0,0,0,0,0,0,1,0,0
2,58,35,From Goal Kick,Portugal,3857270,0 days 00:58:35,0,0,0,0,0,0,1,0,0
2,58,37,From Goal Kick,Portugal,3857270,0 days 00:58:37,0,0,0,0,0,0,1,0,0
2,58,41,From Goal Kick,Portugal,3857270,0 days 00:58:41,0,0,0,0,0,0,1,0,0
2,58,46,From Goal Kick,Portugal,3857270,0 days 00:58:46,0,0,0,0,0,0,1,0,0
2,58,49,From Goal Kick,Portugal,3857270,0 days 00:58:49,0,0,0,0,0,0,1,0,0
2,58,52,From Goal Kick,Portugal,3857270,0 days 00:58:52,0,0,0,0,0,0,1,0,0
2,58,55,From Goal Kick,Portugal,3857270,0 days 00:58:55,0,0,0,0,0,0,1,0,0
2,58,58,From Goal Kick,Portugal,3857270,0 days 00:58:58,0,0,0,0,0,0,1,0,0
2,59,0,From Goal Kick,Portugal,3857270,0 days 00:59:00,0,0,0,0,0,0,1,0,0
2,59,2,From Goal Kick,Portugal,3857270,0 days 00:59:02,0,0,0,1,0,0,0,0,0
2,59,2,Regular Play,Uruguay,3857270,0 days 00:59:02,0,0,0,0,0,0,0,0,1
2,59,4,Regular Play,Uruguay,3857270,0 days 00:59:04,0,0,0,0,0,0,1,0,0
2,59,10,Regular Play,Uruguay,3857270,0 days 00:59:10,0,0,0,0,0,0,0,1,0
2,59,28,From Keeper,Portugal,3857270,0 days 00:59:28,0,0,0,0,0,0,1,0,0
2,59,31,Regular Play,Uruguay,3857270,0 days 00:59:31,0,0,0,0,0,0,1,0,0
2,59,33,Regular Play,Uruguay,3857270,0 days 00:59:33,0,0,0,0,0,0,1,0,0
2,59,34,Regular Play,Uruguay,3857270,0 days 00:59:34,0,0,0,0,0,0,1,0,0
2,59,37,Regular Play,Uruguay,3857270,0 days 00:59:37,0,0,0,1,0,0,0,0,0
2,59,40,Regular Play,Uruguay,3857270,0 days 00:59:40,0,0,0,0,0,0,1,0,0
2,59,43,Regular Play,Uruguay,3857270,0 days 00:59:43,0,0,0,0,0,0,1,0,0
2,59,45,Regular Play,Uruguay,3857270,0 days 00:59:45,0,0,0,0,0,0,1,0,0
2,59,49,Regular Play,Uruguay,3857270,0 days 00:59:49,0,0,0,0,0,0,1,0,0
2,59,50,Regular Play,Uruguay,3857270,0 days 00:59:50,0,0,0,0,0,0,1,0,0
2,59,54,Regular Play,Uruguay,3857270,0 days 00:59:54,0,0,0,0,0,0,1,0,0
2,59,55,Regular Play,Uruguay,3857270,0 days 00:59:55,0,0,0,0,0,0,1,0,0
2,59,58,Regular Play,Uruguay,3857270,0 days 00:59:58,0,0,0,0,0,0,1,0,0
2,60,0,Regular Play,Uruguay,3857270,0 days 01:00:00,0,0,0,0,0,0,1,0,0
2,60,2,Regular Play,Uruguay,3857270,0 days 01:00:02,0,0,0,0,0,0,1,0,0
2,60,7,Regular Play,Uruguay,3857270,0 days 01:00:07,0,0,0,0,0,0,1,0,0
2,60,10,Regular Play,Uruguay,3857270,0 days 01:00:10,0,0,0,0,0,0,1,0,0
2,60,11,Regular Play,Uruguay,3857270,0 days 01:00:11,0,0,0,0,0,0,1,0,0
2,60,13,Regular Play,Uruguay,3857270,0 days 01:00:13,0,0,0,0,0,0,1,0,0
2,60,16,Regular Play,Uruguay,3857270,0 days 01:00:16,0,0,0,0,0,0,1,0,0
2,60,19,Regular Play,Uruguay,3857270,0 days 01:00:19,0,0,0,0,0,0,1,0,0
2,60,20,Regular Play,Uruguay,3857270,0 days 01:00:20,0,0,0,0,0,0,1,0,0
2,60,21,Regular Play,Uruguay,3857270,0 days 01:00:21,0,0,0,0,0,0,1,0,0
2,60,24,Regular Play,Uruguay,3857270,0 days 01:00:24,0,0,0,0,0,0,1,0,0
2,60,48,From Throw In,Portugal,3857270,0 days 01:00:48,0,0,0,0,0,0,1,0,0
2,60,49,From Throw In,Portugal,3857270,0 days 01:00:49,0,0,0,0,0,0,1,0,0
2,60,51,From Throw In,Uruguay,3857270,0 days 01:00:51,0,1,0,0,0,0,0,0,0
2,61,3,From Throw In,Portugal,3857270,0 days 01:01:03,0,0,0,0,0,0,1,0,0
2,61,4,From Throw In,Portugal,3857270,0 days 01:01:04,0,0,0,0,0,0,1,0,0
2,61,6,From Throw In,Portugal,3857270,0 days 01:01:06,0,0,0,0,0,0,1,0,0
2,61,6,From Throw In,Portugal,3857270,0 days 01:01:06,0,0,0,0,0,0,1,0,0
2,61,8,From Throw In,Portugal,3857270,0 days 01:01:08,0,0,0,0,0,0,1,0,0
2,61,9,From Throw In,Uruguay,3857270,0 days 01:01:09,1,0,0,0,0,0,0,0,0
2,61,12,From Throw In,Uruguay,3857270,0 days 01:01:12,0,0,0,0,0,0,1,0,0
2,61,14,From Throw In,Uruguay,3857270,0 days 01:01:14,0,0,0,0,1,0,0,0,0
2,61,54,From Free Kick,Portugal,3857270,0 days 01:01:54,0,0,0,0,0,0,1,0,0
2,61,59,From Free Kick,Portugal,3857270,0 days 01:01:59,0,0,0,0,0,0,1,0,0
2,62,0,From Free Kick,Portugal,3857270,0 days 01:02:00,0,0,0,0,0,0,1,0,0
2,62,5,From Free Kick,Portugal,3857270,0 days 01:02:05,0,0,0,0,0,0,1,0,0
2,62,8,From Free Kick,Portugal,3857270,0 days 01:02:08,0,0,0,0,0,0,1,0,0
2,62,9,From Free Kick,Portugal,3857270,0 days 01:02:09,0,0,0,0,0,0,1,0,0
2,62,12,From Free Kick,Portugal,3857270,0 days 01:02:12,0,0,0,0,0,0,1,0,0
2,62,14,From Free Kick,Portugal,3857270,0 days 01:02:14,0,0,0,0,0,0,1,0,0
2,62,18,From Free Kick,Portugal,3857270,0 days 01:02:18,0,0,0,0,0,0,1,0,0
2,62,20,From Free Kick,Portugal,3857270,0 days 01:02:20,0,0,0,0,0,0,1,0,0
2,62,22,From Free Kick,Portugal,3857270,0 days 01:02:22,0,0,0,0,0,0,1,0,0
2,62,25,From Free Kick,Portugal,3857270,0 days 01:02:25,0,1,0,0,0,0,0,0,0
2,62,27,From Free Kick,Portugal,3857270,0 days 01:02:27,0,1,0,0,0,0,0,0,0
2,62,34,From Throw In,Uruguay,3857270,0 days 01:02:34,0,0,0,0,0,0,1,0,0
2,62,38,From Throw In,Uruguay,3857270,0 days 01:02:38,0,0,0,0,0,0,1,0,0
2,62,39,From Throw In,Uruguay,3857270,0 days 01:02:39,0,0,0,0,0,0,1,0,0
2,62,41,From Throw In,Portugal,3857270,0 days 01:02:41,0,0,0,0,1,0,0,0,0
2,62,41,From Throw In,Uruguay,3857270,0 days 01:02:41,0,0,0,0,0,0,1,0,0
2,62,44,From Throw In,Uruguay,3857270,0 days 01:02:44,0,0,0,0,0,0,1,0,0
2,62,48,From Throw In,Uruguay,3857270,0 days 01:02:48,0,0,0,0,0,0,1,0,0
2,62,51,From Throw In,Uruguay,3857270,0 days 01:02:51,0,0,0,0,0,0,1,0,0
2,62,52,From Throw In,Uruguay,3857270,0 days 01:02:52,0,0,0,0,0,0,1,0,0
2,62,54,From Throw In,Portugal,3857270,0 days 01:02:54,0,1,0,0,0,0,0,0,0
2,62,57,From Throw In,Uruguay,3857270,0 days 01:02:57,0,0,0,0,0,0,1,0,0
2,62,58,From Throw In,Portugal,3857270,0 days 01:02:58,0,1,0,0,0,0,0,0,0
2,63,1,Regular Play,Portugal,3857270,0 days 01:03:01,1,0,0,0,0,0,0,0,0
2,63,1,Regular Play,Portugal,3857270,0 days 01:03:01,0,0,0,0,0,0,1,0,0
2,63,23,From Throw In,Portugal,3857270,0 days 01:03:23,0,0,0,0,0,0,1,0,0
2,63,26,From Throw In,Portugal,3857270,0 days 01:03:26,0,0,0,0,0,0,1,0,0
2,63,27,From Throw In,Portugal,3857270,0 days 01:03:27,0,0,0,0,0,0,1,0,0
2,63,33,From Throw In,Portugal,3857270,0 days 01:03:33,0,0,0,0,0,0,1,0,0
2,63,34,From Throw In,Uruguay,3857270,0 days 01:03:34,0,1,0,0,0,0,0,0,0
2,63,36,From Throw In,Portugal,3857270,0 days 01:03:36,0,0,0,0,0,0,1,0,0
2,63,38,Regular Play,Uruguay,3857270,0 days 01:03:38,0,0,0,0,0,0,1,0,0
2,63,42,Regular Play,Uruguay,3857270,0 days 01:03:42,0,0,0,0,0,0,1,0,0
2,63,46,Regular Play,Portugal,3857270,0 days 01:03:46,0,1,0,0,0,0,0,0,0
2,64,2,From Throw In,Uruguay,3857270,0 days 01:04:02,0,0,0,0,0,0,1,0,0
2,64,7,From Throw In,Uruguay,3857270,0 days 01:04:07,0,0,0,0,0,0,1,0,0
2,64,8,From Throw In,Uruguay,3857270,0 days 01:04:08,0,0,0,0,0,0,1,0,0
2,64,13,From Throw In,Uruguay,3857270,0 days 01:04:13,0,0,0,0,0,0,1,0,0
2,64,15,From Throw In,Uruguay,3857270,0 days 01:04:15,0,0,0,0,0,0,1,0,0
2,64,17,From Throw In,Uruguay,3857270,0 days 01:04:17,0,0,0,0,0,0,1,0,0
2,64,19,From Throw In,Uruguay,3857270,0 days 01:04:19,0,0,0,0,0,0,1,0,0
2,64,24,From Throw In,Uruguay,3857270,0 days 01:04:24,0,0,0,0,0,0,1,0,0
2,64,26,From Throw In,Uruguay,3857270,0 days 01:04:26,0,0,0,0,0,0,1,0,0
2,64,30,From Throw In,Portugal,3857270,0 days 01:04:30,0,1,0,0,0,0,0,0,0
2,64,31,From Throw In,Uruguay,3857270,0 days 01:04:31,1,0,0,0,0,0,0,0,0
2,64,34,From Throw In,Uruguay,3857270,0 days 01:04:34,0,0,0,0,0,0,1,0,0
2,64,39,From Throw In,Uruguay,3857270,0 days 01:04:39,0,0,0,0,0,0,1,0,0
2,64,40,From Throw In,Uruguay,3857270,0 days 01:04:40,0,0,0,0,0,0,0,1,0
2,64,41,From Throw In,Portugal,3857270,0 days 01:04:41,0,1,0,0,0,0,0,0,0
2,64,45,From Throw In,Uruguay,3857270,0 days 01:04:45,0,0,0,0,0,0,1,0,0
2,64,48,From Throw In,Uruguay,3857270,0 days 01:04:48,0,0,0,0,0,0,1,0,0
2,64,49,Regular Play,Portugal,3857270,0 days 01:04:49,0,0,0,0,0,0,1,0,0
2,64,50,Regular Play,Portugal,3857270,0 days 01:04:50,0,0,0,0,0,0,1,0,0
2,64,53,Regular Play,Portugal,3857270,0 days 01:04:53,0,0,0,0,0,0,1,0,0
2,64,55,Regular Play,Portugal,3857270,0 days 01:04:55,0,0,0,0,0,0,1,0,0
2,64,56,Regular Play,Portugal,3857270,0 days 01:04:56,0,0,0,0,0,0,1,0,0
2,64,57,Regular Play,Portugal,3857270,0 days 01:04:57,0,0,0,0,1,0,0,0,0
2,65,1,From Free Kick,Uruguay,3857270,0 days 01:05:01,0,0,0,0,0,0,1,0,0
2,65,3,From Free Kick,Uruguay,3857270,0 days 01:05:03,0,0,0,0,0,0,1,0,0
2,65,7,From Free Kick,Uruguay,3857270,0 days 01:05:07,0,0,0,0,0,0,1,0,0
2,65,8,From Free Kick,Portugal,3857270,0 days 01:05:08,0,0,0,0,0,0,1,0,0
2,65,10,From Free Kick,Portugal,3857270,0 days 01:05:10,0,0,0,0,0,0,1,0,0
2,65,12,From Free Kick,Uruguay,3857270,0 days 01:05:12,1,0,0,0,0,0,0,0,0
2,65,14,From Free Kick,Uruguay,3857270,0 days 01:05:14,0,0,0,0,0,0,1,0,0
2,65,15,From Free Kick,Uruguay,3857270,0 days 01:05:15,0,0,0,0,0,0,1,0,0
2,65,17,From Free Kick,Uruguay,3857270,0 days 01:05:17,0,0,0,0,0,0,1,0,0
2,65,55,From Goal Kick,Portugal,3857270,0 days 01:05:55,0,0,0,0,0,0,1,0,0
2,65,58,From Goal Kick,Uruguay,3857270,0 days 01:05:58,0,0,0,0,0,0,1,0,0
2,66,16,From Throw In,Portugal,3857270,0 days 01:06:16,0,0,0,0,0,0,1,0,0
2,66,18,From Throw In,Portugal,3857270,0 days 01:06:18,0,0,0,0,0,0,1,0,0
2,66,18,From Throw In,Portugal,3857270,0 days 01:06:18,0,0,0,0,0,0,1,0,0
2,66,20,Regular Play,Uruguay,3857270,0 days 01:06:20,0,0,0,0,0,0,1,0,0
2,66,23,Regular Play,Uruguay,3857270,0 days 01:06:23,0,0,0,0,0,0,1,0,0
2,66,26,Regular Play,Uruguay,3857270,0 days 01:06:26,0,0,0,0,0,0,1,0,0
2,66,29,Regular Play,Portugal,3857270,0 days 01:06:29,0,0,0,0,0,0,1,0,0
2,66,30,Regular Play,Portugal,3857270,0 days 01:06:30,0,0,0,0,0,0,1,0,0
2,66,33,Regular Play,Uruguay,3857270,0 days 01:06:33,0,0,0,0,0,0,1,0,0
2,66,35,Regular Play,Portugal,3857270,0 days 01:06:35,0,0,0,0,0,0,1,0,0
2,66,37,Regular Play,Uruguay,3857270,0 days 01:06:37,0,0,0,0,0,0,1,0,0
2,66,41,Regular Play,Uruguay,3857270,0 days 01:06:41,0,0,0,0,0,0,1,0,0
2,66,43,Regular Play,Uruguay,3857270,0 days 01:06:43,0,0,0,0,0,0,1,0,0
2,66,46,Regular Play,Uruguay,3857270,0 days 01:06:46,0,0,0,0,0,0,1,0,0
2,66,48,Regular Play,Uruguay,3857270,0 days 01:06:48,0,0,0,0,0,0,1,0,0
2,66,49,Regular Play,Portugal,3857270,0 days 01:06:49,0,0,0,0,0,0,1,0,0
2,66,51,Regular Play,Portugal,3857270,0 days 01:06:51,0,0,0,0,0,0,1,0,0
2,66,52,Regular Play,Portugal,3857270,0 days 01:06:52,0,0,0,0,0,0,1,0,0
2,66,58,Regular Play,Portugal,3857270,0 days 01:06:58,0,0,0,0,0,0,1,0,0
2,66,59,Regular Play,Portugal,3857270,0 days 01:06:59,0,0,0,0,0,0,1,0,0
1,57,7,From Free Kick,England,3857271,0 days 00:57:07,0,0,0,0,0,0,1,0,0
1,57,11,From Free Kick,England,3857271,0 days 00:57:11,0,0,0,0,0,0,1,0,0
1,57,13,From Free Kick,Iran,3857271,0 days 00:57:13,0,0,0,0,1,0,0,0,0
1,58,9,From Free Kick,England,3857271,0 days 00:58:09,0,0,0,0,0,0,1,0,0
1,58,14,From Free Kick,England,3857271,0 days 00:58:14,0,0,0,0,0,0,1,0,0
1,58,17,From Free Kick,England,3857271,0 days 00:58:17,0,0,0,0,0,0,1,0,0
1,58,21,From Free Kick,England,3857271,0 days 00:58:21,0,0,0,0,0,0,1,0,0
1,58,23,From Free Kick,England,3857271,0 days 00:58:23,0,0,0,0,0,0,1,0,0
1,58,24,From Free Kick,England,3857271,0 days 00:58:24,0,0,0,0,0,0,1,0,0
1,58,27,From Free Kick,England,3857271,0 days 00:58:27,0,0,0,0,0,0,1,0,0
1,58,28,From Free Kick,England,3857271,0 days 00:58:28,0,0,0,0,0,0,1,0,0
1,58,30,From Free Kick,England,3857271,0 days 00:58:30,0,0,0,1,0,0,0,0,0
1,58,31,From Free Kick,Iran,3857271,0 days 00:58:31,0,0,0,0,1,0,0,0,0
1,58,33,From Free Kick,England,3857271,0 days 00:58:33,0,0,0,0,0,0,1,0,0
1,58,37,From Free Kick,England,3857271,0 days 00:58:37,0,0,0,0,0,0,1,0,0
1,58,40,From Free Kick,England,3857271,0 days 00:58:40,0,0,0,0,0,0,1,0,0
1,58,42,From Free Kick,England,3857271,0 days 00:58:42,0,0,0,0,0,0,1,0,0
1,58,44,From Free Kick,England,3857271,0 days 00:58:44,0,0,0,0,0,0,1,0,0
1,58,46,From Free Kick,England,3857271,0 days 00:58:46,0,0,0,0,0,0,1,0,0
1,58,48,From Free Kick,England,3857271,0 days 00:58:48,0,0,0,0,0,0,1,0,0
1,58,52,From Free Kick,England,3857271,0 days 00:58:52,0,0,0,0,0,0,1,0,0
1,58,56,From Free Kick,England,3857271,0 days 00:58:56,0,0,0,0,0,0,1,0,0
1,58,57,From Free Kick,Iran,3857271,0 days 00:58:57,0,0,0,0,1,0,0,0,0
2,57,3,Regular Play,Iran,3857271,0 days 00:57:03,0,0,0,0,0,0,1,0,0
2,57,7,Regular Play,Iran,3857271,0 days 00:57:07,0,0,0,0,0,0,1,0,0
2,57,9,Regular Play,Iran,3857271,0 days 00:57:09,0,0,0,0,0,0,1,0,0
2,57,14,Regular Play,Iran,3857271,0 days 00:57:14,0,0,0,0,0,0,1,0,0
2,57,19,Regular Play,England,3857271,0 days 00:57:19,0,0,0,0,0,0,1,0,0
2,57,21,Regular Play,England,3857271,0 days 00:57:21,0,0,0,0,0,0,1,0,0
2,57,25,Regular Play,Iran,3857271,0 days 00:57:25,0,1,0,0,0,0,0,0,0
2,57,41,From Throw In,England,3857271,0 days 00:57:41,0,0,0,0,0,0,1,0,0
2,57,42,From Throw In,England,3857271,0 days 00:57:42,0,0,0,0,0,0,1,0,0
2,57,45,From Throw In,England,3857271,0 days 00:57:45,0,0,0,0,0,0,1,0,0
2,57,49,From Throw In,England,3857271,0 days 00:57:49,0,0,0,0,0,0,1,0,0
2,57,55,From Throw In,England,3857271,0 days 00:57:55,0,0,0,0,0,0,1,0,0
2,57,56,From Throw In,England,3857271,0 days 00:57:56,0,0,0,0,0,0,1,0,0
2,57,57,From Throw In,England,3857271,0 days 00:57:57,0,0,0,0,0,0,1,0,0
2,58,1,From Throw In,England,3857271,0 days 00:58:01,0,0,0,0,0,0,1,0,0
2,58,6,From Throw In,England,3857271,0 days 00:58:06,0,0,0,0,0,0,1,0,0
2,58,8,From Throw In,England,3857271,0 days 00:58:08,0,0,0,0,0,0,1,0,0
2,58,8,Regular Play,Iran,3857271,0 days 00:58:08,0,0,0,0,0,1,0,0,0
2,58,9,Regular Play,Iran,3857271,0 days 00:58:09,0,0,0,0,0,0,1,0,0
2,58,11,Regular Play,Iran,3857271,0 days 00:58:11,0,0,0,0,0,0,1,0,0
2,58,13,Regular Play,Iran,3857271,0 days 00:58:13,0,0,0,0,0,0,1,0,0
2,58,14,Regular Play,Iran,3857271,0 days 00:58:14,0,0,0,0,0,0,1,0,0
2,58,17,Regular Play,Iran,3857271,0 days 00:58:17,0,0,0,0,1,0,0,0,0
2,58,32,From Free Kick,England,3857271,0 days 00:58:32,0,0,0,0,0,0,1,0,0
2,58,35,From Free Kick,England,3857271,0 days 00:58:35,0,0,0,0,0,0,1,0,0
2,58,39,From Free Kick,England,3857271,0 days 00:58:39,0,0,0,0,0,0,1,0,0
2,58,40,From Free Kick,England,3857271,0 days 00:58:40,0,0,0,0,0,0,1,0,0
2,58,41,From Free Kick,England,3857271,0 days 00:58:41,0,0,0,0,0,0,1,0,0
2,58,42,From Free Kick,England,3857271,0 days 00:58:42,0,0,0,0,0,0,1,0,0
2,58,45,From Free Kick,England,3857271,0 days 00:58:45,0,0,0,0,0,0,1,0,0
2,58,48,From Free Kick,England,3857271,0 days 00:58:48,0,0,0,0,0,0,1,0,0
2,58,52,From Free Kick,England,3857271,0 days 00:58:52,0,0,0,0,0,0,1,0,0
2,58,53,From Free Kick,Iran,3857271,0 days 00:58:53,0,0,0,0,0,1,0,0,0
2,58,55,From Free Kick,England,3857271,0 days 00:58:55,1,0,0,0,0,0,0,0,0
2,58,56,From Free Kick,England,3857271,0 days 00:58:56,0,0,0,0,0,0,0,1,0
2,58,58,From Free Kick,England,3857271,0 days 00:58:58,0,0,0,0,0,0,1,0,0
2,58,59,From Free Kick,Iran,3857271,0 days 00:58:59,0,0,0,0,0,1,0,0,0
2,59,13,From Throw In,England,3857271,0 days 00:59:13,0,0,0,0,0,0,1,0,0
2,59,15,From Throw In,England,3857271,0 days 00:59:15,0,0,0,0,0,0,1,0,0
2,59,16,From Throw In,England,3857271,0 days 00:59:16,0,0,0,0,0,0,1,0,0
2,59,17,From Throw In,Iran,3857271,0 days 00:59:17,0,0,0,0,0,1,0,0,0
2,59,18,From Throw In,Iran,3857271,0 days 00:59:18,0,0,0,0,0,0,1,0,0
2,59,23,From Throw In,Iran,3857271,0 days 00:59:23,0,0,0,0,0,0,1,0,0
2,59,27,From Throw In,England,3857271,0 days 00:59:27,0,0,0,0,0,0,1,0,0
2,59,32,From Throw In,England,3857271,0 days 00:59:32,0,0,0,0,0,0,1,0,0
2,59,35,From Throw In,Iran,3857271,0 days 00:59:35,0,1,0,0,0,0,0,0,0
2,59,38,From Throw In,Iran,3857271,0 days 00:59:38,0,1,0,0,0,0,0,0,0
2,59,44,From Throw In,England,3857271,0 days 00:59:44,0,0,0,0,0,0,1,0,0
2,59,52,From Throw In,England,3857271,0 days 00:59:52,0,0,0,0,0,0,1,0,0
2,59,54,From Throw In,England,3857271,0 days 00:59:54,0,0,0,0,0,0,1,0,0
2,59,57,From Throw In,England,3857271,0 days 00:59:57,0,0,0,0,0,0,1,0,0
2,59,59,From Throw In,England,3857271,0 days 00:59:59,0,0,0,0,0,0,1,0,0
2,60,1,From Throw In,England,3857271,0 days 01:00:01,0,0,0,0,0,0,1,0,0
2,60,3,From Throw In,England,3857271,0 days 01:00:03,0,0,0,0,0,0,1,0,0
2,60,6,From Throw In,England,3857271,0 days 01:00:06,0,0,0,0,0,0,1,0,0
2,60,8,Regular Play,Iran,3857271,0 days 01:00:08,0,0,0,0,0,0,1,0,0
2,60,13,Regular Play,Iran,3857271,0 days 01:00:13,0,0,0,0,0,0,1,0,0
2,60,16,Regular Play,Iran,3857271,0 days 01:00:16,0,0,0,0,0,0,0,1,0
2,60,47,From Goal Kick,England,3857271,0 days 01:00:47,0,0,0,0,0,0,1,0,0
2,60,51,From Goal Kick,Iran,3857271,0 days 01:00:51,0,0,0,0,0,0,1,0,0
2,60,53,From Goal Kick,England,3857271,0 days 01:00:53,0,0,0,0,0,0,1,0,0
2,60,55,From Goal Kick,England,3857271,0 days 01:00:55,0,0,0,0,0,0,1,0,0
2,60,56,Regular Play,Iran,3857271,0 days 01:00:56,0,0,0,0,0,0,1,0,0
2,60,57,Regular Play,Iran,3857271,0 days 01:00:57,0,0,0,0,0,0,1,0,0
2,61,12,Regular Play,Iran,3857271,0 days 01:01:12,0,0,0,0,0,0,1,0,0
2,61,15,Regular Play,England,3857271,0 days 01:01:15,0,0,0,0,0,0,1,0,0
2,61,19,Regular Play,England,3857271,0 days 01:01:19,0,0,0,1,0,0,0,0,0
2,61,20,Regular Play,England,3857271,0 days 01:01:20,0,0,0,0,0,0,1,0,0
2,61,21,Regular Play,Iran,3857271,0 days 01:01:21,0,0,0,0,1,0,0,0,0
2,61,26,Regular Play,England,3857271,0 days 01:01:26,0,0,0,0,0,0,0,1,0
2,62,52,From Kick Off,Iran,3857271,0 days 01:02:52,0,0,0,0,0,0,1,0,0
2,62,54,From Kick Off,Iran,3857271,0 days 01:02:54,0,0,0,0,0,0,1,0,0
2,62,58,From Kick Off,Iran,3857271,0 days 01:02:58,0,0,0,0,0,0,1,0,0
2,63,0,From Kick Off,Iran,3857271,0 days 01:03:00,0,0,0,0,0,0,1,0,0
2,63,2,From Kick Off,Iran,3857271,0 days 01:03:02,0,0,0,0,0,0,1,0,0
2,63,6,From Kick Off,Iran,3857271,0 days 01:03:06,0,0,0,0,0,0,1,0,0
2,63,10,From Kick Off,Iran,3857271,0 days 01:03:10,0,0,0,0,0,0,1,0,0
2,63,12,From Kick Off,Iran,3857271,0 days 01:03:12,0,0,0,0,0,0,1,0,0
2,63,15,From Kick Off,Iran,3857271,0 days 01:03:15,0,0,0,0,0,0,1,0,0
2,63,16,From Kick Off,Iran,3857271,0 days 01:03:16,0,0,0,0,0,0,1,0,0
2,63,20,From Kick Off,Iran,3857271,0 days 01:03:20,0,0,0,1,0,0,0,0,0
2,63,20,Regular Play,England,3857271,0 days 01:03:20,0,0,0,0,0,0,0,0,1
2,63,21,Regular Play,England,3857271,0 days 01:03:21,0,0,0,0,0,0,1,0,0
2,63,24,Regular Play,England,3857271,0 days 01:03:24,0,0,0,0,0,0,1,0,0
2,63,26,Regular Play,England,3857271,0 days 01:03:26,0,0,0,0,0,0,1,0,0
2,63,27,Regular Play,England,3857271,0 days 01:03:27,0,0,0,0,0,0,1,0,0
2,63,28,Regular Play,England,3857271,0 days 01:03:28,0,0,0,0,0,0,1,0,0
2,63,29,Regular Play,England,3857271,0 days 01:03:29,0,0,0,0,0,0,1,0,0
2,63,30,Regular Play,England,3857271,0 days 01:03:30,0,0,0,0,0,0,1,0,0
2,63,31,Regular Play,England,3857271,0 days 01:03:31,0,0,0,0,0,0,1,0,0
2,63,32,Regular Play,England,3857271,0 days 01:03:32,0,0,0,0,0,0,1,0,0
2,63,34,Regular Play,England,3857271,0 days 01:03:34,0,0,0,0,0,0,1,0,0
2,63,37,Regular Play,Iran,3857271,0 days 01:03:37,0,0,0,0,0,0,1,0,0
2,63,40,Regular Play,Iran,3857271,0 days 01:03:40,0,0,0,0,0,0,1,0,0
2,63,44,Regular Play,Iran,3857271,0 days 01:03:44,0,0,0,0,0,0,1,0,0
2,63,47,Regular Play,Iran,3857271,0 days 01:03:47,0,0,0,0,0,0,1,0,0
2,63,49,Regular Play,Iran,3857271,0 days 01:03:49,0,0,0,0,0,0,1,0,0
2,63,51,Regular Play,England,3857271,0 days 01:03:51,0,1,0,0,0,0,0,0,0
2,64,15,From Throw In,Iran,3857271,0 days 01:04:15,0,0,0,0,0,0,1,0,0
2,64,16,From Throw In,Iran,3857271,0 days 01:04:16,0,0,0,0,0,0,1,0,0
2,64,22,From Throw In,Iran,3857271,0 days 01:04:22,0,0,0,0,0,0,1,0,0
2,64,25,From Throw In,Iran,3857271,0 days 01:04:25,0,0,0,0,0,0,1,0,0
2,64,28,From Throw In,Iran,3857271,0 days 01:04:28,0,0,0,0,0,0,1,0,0
2,64,29,From Throw In,Iran,3857271,0 days 01:04:29,0,0,0,0,0,0,1,0,0
2,64,32,From Throw In,Iran,3857271,0 days 01:04:32,0,0,0,0,0,0,1,0,0
2,64,33,From Throw In,Iran,3857271,0 days 01:04:33,0,0,0,0,0,0,0,1,0
2,57,1,Regular Play,United States,3857272,0 days 00:57:01,0,0,0,0,0,0,1,0,0
2,57,6,Regular Play,United States,3857272,0 days 00:57:06,0,0,0,0,0,0,1,0,0
2,57,8,Regular Play,United States,3857272,0 days 00:57:08,0,0,0,0,0,0,1,0,0
2,57,12,Regular Play,United States,3857272,0 days 00:57:12,0,0,0,0,0,0,1,0,0
2,57,13,Regular Play,United States,3857272,0 days 00:57:13,0,0,0,0,0,0,1,0,0
2,57,15,Regular Play,United States,3857272,0 days 00:57:15,0,0,0,0,0,0,1,0,0
2,57,15,Regular Play,England,3857272,0 days 00:57:15,0,0,0,0,0,1,0,0,0
2,57,17,Regular Play,United States,3857272,0 days 00:57:17,1,0,0,0,0,0,0,0,0
2,57,22,Regular Play,United States,3857272,0 days 00:57:22,0,0,0,0,0,0,1,0,0
2,57,27,Regular Play,United States,3857272,0 days 00:57:27,0,0,0,0,0,0,1,0,0
2,57,30,Regular Play,United States,3857272,0 days 00:57:30,0,0,0,0,0,0,1,0,0
2,57,33,Regular Play,United States,3857272,0 days 00:57:33,0,0,0,0,0,0,1,0,0
2,57,43,Regular Play,United States,3857272,0 days 00:57:43,0,0,0,0,0,0,1,0,0
2,57,44,Regular Play,United States,3857272,0 days 00:57:44,0,0,0,0,0,0,1,0,0
2,57,46,Regular Play,United States,3857272,0 days 00:57:46,0,0,0,1,0,0,0,0,0
2,57,51,Regular Play,United States,3857272,0 days 00:57:51,0,0,0,0,0,0,0,1,0
2,58,29,From Corner,United States,3857272,0 days 00:58:29,0,0,0,0,0,0,1,0,0
2,58,30,From Corner,England,3857272,0 days 00:58:30,0,1,0,0,0,0,0,0,0
2,58,33,From Corner,United States,3857272,0 days 00:58:33,0,0,0,0,1,0,0,0,0
2,58,54,From Free Kick,England,3857272,0 days 00:58:54,0,0,0,0,0,0,1,0,0
2,59,0,From Free Kick,England,3857272,0 days 00:59:00,0,0,0,0,0,0,1,0,0
2,59,1,From Free Kick,England,3857272,0 days 00:59:01,0,0,0,0,0,0,1,0,0
2,59,3,From Free Kick,England,3857272,0 days 00:59:03,0,0,0,0,0,0,1,0,0
2,59,6,From Free Kick,England,3857272,0 days 00:59:06,0,0,0,0,0,0,1,0,0
2,59,10,From Free Kick,England,3857272,0 days 00:59:10,0,0,0,0,0,0,1,0,0
2,59,13,Regular Play,United States,3857272,0 days 00:59:13,0,0,0,0,0,0,1,0,0
2,59,14,Regular Play,United States,3857272,0 days 00:59:14,0,0,0,0,0,0,1,0,0
2,59,17,Regular Play,United States,3857272,0 days 00:59:17,1,0,0,0,0,0,0,0,0
2,59,20,Regular Play,United States,3857272,0 days 00:59:20,0,0,0,0,0,0,1,0,0
2,59,55,From Corner,United States,3857272,0 days 00:59:55,0,0,0,0,0,0,1,0,0
2,59,57,From Corner,England,3857272,0 days 00:59:57,0,1,0,0,0,0,0,0,0
2,59,59,From Corner,England,3857272,0 days 00:59:59,0,1,0,0,0,0,0,0,0
2,60,1,From Corner,England,3857272,0 days 01:00:01,0,1,0,0,0,0,0,0,0
2,60,3,From Corner,England,3857272,0 days 01:00:03,0,1,0,0,0,0,0,0,0
2,60,4,From Corner,United States,3857272,0 days 01:00:04,1,0,0,0,0,0,0,0,0
2,60,6,From Corner,England,3857272,0 days 01:00:06,0,1,0,0,0,0,0,0,0
2,60,34,From Corner,United States,3857272,0 days 01:00:34,0,0,0,0,0,0,1,0,0
2,60,36,From Corner,England,3857272,0 days 01:00:36,0,1,0,0,0,0,0,0,0
2,60,38,From Corner,United States,3857272,0 days 01:00:38,0,0,0,0,0,0,1,0,0
2,60,40,From Corner,United States,3857272,0 days 01:00:40,0,0,0,0,0,0,1,0,0
2,60,45,From Corner,United States,3857272,0 days 01:00:45,0,0,0,1,0,0,0,0,0
2,60,45,From Corner,England,3857272,0 days 01:00:45,0,0,0,0,0,0,0,0,1
2,60,50,From Corner,England,3857272,0 days 01:00:50,0,0,0,1,0,0,0,0,0
2,60,52,From Corner,United States,3857272,0 days 01:00:52,0,0,0,0,0,0,1,0,0
2,60,53,From Corner,United States,3857272,0 days 01:00:53,0,0,0,0,0,0,1,0,0
2,60,56,From Corner,United States,3857272,0 days 01:00:56,0,0,0,0,0,0,1,0,0
2,60,59,From Corner,United States,3857272,0 days 01:00:59,0,0,0,0,0,0,1,0,0
2,61,2,From Corner,United States,3857272,0 days 01:01:02,0,0,0,0,0,0,1,0,0
2,61,9,From Corner,United States,3857272,0 days 01:01:09,0,0,0,0,0,0,1,0,0
2,61,18,From Corner,United States,3857272,0 days 01:01:18,0,0,0,0,0,0,1,0,0
2,61,25,From Corner,United States,3857272,0 days 01:01:25,0,0,0,0,0,0,1,0,0
2,61,27,From Corner,United States,3857272,0 days 01:01:27,0,0,0,0,0,0,1,0,0
2,61,33,From Corner,United States,3857272,0 days 01:01:33,0,0,0,0,0,0,1,0,0
2,61,44,From Corner,United States,3857272,0 days 01:01:44,0,0,0,0,0,0,1,0,0
2,61,53,From Corner,United States,3857272,0 days 01:01:53,0,0,0,0,0,0,1,0,0
2,61,54,From Corner,United States,3857272,0 days 01:01:54,0,0,0,0,0,0,0,1,0
2,61,55,From Corner,England,3857272,0 days 01:01:55,0,1,0,0,0,0,0,0,0
2,61,57,From Corner,England,3857272,0 days 01:01:57,0,1,0,0,0,0,0,0,0
2,62,0,From Corner,England,3857272,0 days 01:02:00,0,0,0,0,0,0,1,0,0
2,62,2,From Corner,United States,3857272,0 days 01:02:02,1,0,0,0,0,0,0,0,0
2,62,4,From Corner,England,3857272,0 days 01:02:04,0,0,0,0,1,0,0,0,0
2,62,31,From Free Kick,United States,3857272,0 days 01:02:31,0,0,0,0,0,0,1,0,0
2,62,34,From Free Kick,United States,3857272,0 days 01:02:34,0,0,0,0,0,0,1,0,0
2,62,37,From Free Kick,United States,3857272,0 days 01:02:37,0,0,0,0,0,0,1,0,0
2,62,41,From Free Kick,United States,3857272,0 days 01:02:41,0,0,0,0,0,0,1,0,0
2,62,43,From Free Kick,United States,3857272,0 days 01:02:43,0,0,0,0,0,0,1,0,0
2,62,44,From Free Kick,United States,3857272,0 days 01:02:44,0,0,0,0,0,0,1,0,0
2,62,46,From Free Kick,United States,3857272,0 days 01:02:46,0,0,0,0,0,0,1,0,0
2,62,51,From Free Kick,United States,3857272,0 days 01:02:51,0,0,0,0,0,0,1,0,0
2,62,52,From Free Kick,United States,3857272,0 days 01:02:52,0,0,0,0,0,0,1,0,0
2,62,53,From Free Kick,United States,3857272,0 days 01:02:53,0,0,0,0,0,0,1,0,0
2,62,55,From Free Kick,United States,3857272,0 days 01:02:55,0,0,0,0,0,0,1,0,0
2,62,57,From Free Kick,United States,3857272,0 days 01:02:57,0,0,0,0,0,0,1,0,0
2,63,37,From Corner,United States,3857272,0 days 01:03:37,0,0,0,0,0,0,1,0,0
2,64,16,From Corner,United States,3857272,0 days 01:04:16,0,0,0,0,0,0,1,0,0
2,64,17,From Corner,England,3857272,0 days 01:04:17,0,1,0,0,0,0,0,0,0
2,64,18,From Corner,United States,3857272,0 days 01:04:18,1,0,0,0,0,0,0,0,0
2,64,20,From Corner,United States,3857272,0 days 01:04:20,0,0,0,0,1,0,0,0,0
2,64,44,From Free Kick,England,3857272,0 days 01:04:44,0,0,0,0,0,0,1,0,0
2,64,53,From Free Kick,England,3857272,0 days 01:04:53,0,0,0,0,0,0,1,0,0
2,64,56,From Free Kick,England,3857272,0 days 01:04:56,0,0,0,0,0,0,1,0,0
2,64,58,From Free Kick,England,3857272,0 days 01:04:58,0,0,0,0,0,0,1,0,0
2,65,1,From Free Kick,England,3857272,0 days 01:05:01,0,0,0,0,0,0,1,0,0
2,65,4,From Free Kick,England,3857272,0 days 01:05:04,0,0,0,0,0,0,1,0,0
2,65,10,From Free Kick,England,3857272,0 days 01:05:10,0,0,0,0,0,0,1,0,0
2,65,11,From Free Kick,England,3857272,0 days 01:05:11,0,0,0,0,0,0,1,0,0
2,65,12,From Free Kick,England,3857272,0 days 01:05:12,0,0,0,0,0,0,1,0,0
2,65,18,From Free Kick,England,3857272,0 days 01:05:18,0,0,0,0,0,0,1,0,0
2,65,19,From Free Kick,England,3857272,0 days 01:05:19,0,0,0,0,0,0,1,0,0
2,65,20,From Free Kick,United States,3857272,0 days 01:05:20,0,0,0,0,0,0,1,0,0
2,65,23,From Free Kick,England,3857272,0 days 01:05:23,1,0,0,0,0,0,0,0,0
2,65,27,From Free Kick,England,3857272,0 days 01:05:27,0,0,0,0,0,0,1,0,0
2,65,30,From Free Kick,England,3857272,0 days 01:05:30,0,0,0,0,0,0,1,0,0
2,65,34,From Free Kick,England,3857272,0 days 01:05:34,0,0,0,0,0,0,1,0,0
2,65,37,From Free Kick,England,3857272,0 days 01:05:37,0,0,0,0,0,0,1,0,0
2,65,38,Regular Play,United States,3857272,0 days 01:05:38,0,0,0,0,0,0,1,0,0
2,65,40,Regular Play,United States,3857272,0 days 01:05:40,0,0,0,0,0,0,1,0,0
2,65,40,Regular Play,United States,3857272,0 days 01:05:40,0,0,0,0,0,0,1,0,0
2,65,42,Regular Play,England,3857272,0 days 01:05:42,0,0,0,0,0,0,1,0,0
2,65,45,Regular Play,England,3857272,0 days 01:05:45,0,0,0,0,0,0,1,0,0
2,65,46,Regular Play,England,3857272,0 days 01:05:46,0,0,0,0,0,0,1,0,0
2,65,51,From Keeper,United States,3857272,0 days 01:05:51,0,0,0,0,0,0,1,0,0
2,65,55,From Keeper,United States,3857272,0 days 01:05:55,0,0,0,1,0,0,0,0,0
2,65,56,From Keeper,United States,3857272,0 days 01:05:56,0,0,1,0,0,0,0,0,0
2,65,56,From Keeper,England,3857272,0 days 01:05:56,0,0,0,0,0,0,0,0,1
2,66,19,From Throw In,United States,3857272,0 days 01:06:19,0,0,0,0,0,0,1,0,0
2,66,23,From Throw In,United States,3857272,0 days 01:06:23,0,0,0,0,0,0,1,0,0
2,66,31,From Throw In,United States,3857272,0 days 01:06:31,0,0,0,0,0,0,1,0,0
2,66,33,From Throw In,United States,3857272,0 days 01:06:33,0,0,0,0,0,0,1,0,0
2,66,37,From Throw In,United States,3857272,0 days 01:06:37,0,0,0,0,0,0,1,0,0
2,66,39,From Throw In,United States,3857272,0 days 01:06:39,0,0,0,0,0,0,1,0,0
2,66,41,From Throw In,United States,3857272,0 days 01:06:41,0,0,0,0,0,0,1,0,0
2,66,44,From Throw In,United States,3857272,0 days 01:06:44,0,0,0,0,0,0,1,0,0
2,66,47,From Throw In,United States,3857272,0 days 01:06:47,0,0,0,0,0,0,1,0,0
2,66,49,From Throw In,England,3857272,0 days 01:06:49,1,0,0,0,0,0,0,0,0
2,66,51,From Throw In,England,3857272,0 days 01:06:51,0,0,0,0,0,0,1,0,0
2,66,54,From Throw In,United States,3857272,0 days 01:06:54,0,0,0,0,0,0,1,0,0
2,66,57,From Throw In,United States,3857272,0 days 01:06:57,0,0,0,0,0,0,1,0,0
2,57,12,From Free Kick,Wales,3857273,0 days 00:57:12,0,0,0,0,0,0,1,0,0
2,57,14,From Free Kick,Wales,3857273,0 days 00:57:14,0,0,0,0,0,0,1,0,0
2,57,16,From Free Kick,Wales,3857273,0 days 00:57:16,0,0,0,0,0,0,1,0,0
2,57,19,From Free Kick,Wales,3857273,0 days 00:57:19,0,0,0,0,0,0,1,0,0
2,57,22,From Free Kick,Wales,3857273,0 days 00:57:22,0,0,0,0,0,0,1,0,0
2,57,24,From Free Kick,Wales,3857273,0 days 00:57:24,0,0,0,0,0,0,1,0,0
2,57,27,From Free Kick,Wales,3857273,0 days 00:57:27,0,0,0,0,0,0,1,0,0
2,57,31,From Free Kick,Wales,3857273,0 days 00:57:31,0,0,0,0,0,0,1,0,0
2,57,32,From Free Kick,Iran,3857273,0 days 00:57:32,0,1,0,0,0,0,0,0,0
2,57,34,From Free Kick,Wales,3857273,0 days 00:57:34,0,0,0,0,0,0,1,0,0
2,57,36,From Free Kick,Iran,3857273,0 days 00:57:36,0,0,0,0,0,0,1,0,0
2,57,38,From Free Kick,Iran,3857273,0 days 00:57:38,0,0,0,0,0,0,1,0,0
2,59,50,From Throw In,Wales,3857273,0 days 00:59:50,0,0,0,0,0,0,1,0,0
2,59,53,From Throw In,Wales,3857273,0 days 00:59:53,0,0,0,0,0,0,1,0,0
2,59,57,From Throw In,Wales,3857273,0 days 00:59:57,0,0,0,0,0,0,1,0,0
2,60,3,From Throw In,Wales,3857273,0 days 01:00:03,0,0,0,0,0,0,1,0,0
2,60,6,From Throw In,Wales,3857273,0 days 01:00:06,0,0,0,0,0,0,1,0,0
2,60,10,From Throw In,Wales,3857273,0 days 01:00:10,0,0,0,0,0,0,1,0,0
2,60,12,From Throw In,Wales,3857273,0 days 01:00:12,0,0,0,0,0,0,1,0,0
2,60,15,From Throw In,Iran,3857273,0 days 01:00:15,0,0,0,0,0,1,0,0,0
2,60,15,From Throw In,Iran,3857273,0 days 01:00:15,0,0,0,0,0,0,1,0,0
2,60,17,From Throw In,Wales,3857273,0 days 01:00:17,1,0,0,0,0,0,0,0,0
2,60,18,From Throw In,Wales,3857273,0 days 01:00:18,0,0,1,0,0,0,0,0,0
2,60,18,From Throw In,Iran,3857273,0 days 01:00:18,0,0,0,0,0,0,0,0,1
2,60,19,From Throw In,Iran,3857273,0 days 01:00:19,0,0,0,0,0,0,1,0,0
2,60,20,From Throw In,Wales,3857273,0 days 01:00:20,1,0,0,0,0,0,0,0,0
2,60,22,From Throw In,Wales,3857273,0 days 01:00:22,0,0,0,0,0,0,1,0,0
2,60,25,From Throw In,Wales,3857273,0 days 01:00:25,0,0,0,0,0,0,1,0,0
2,60,31,From Throw In,Wales,3857273,0 days 01:00:31,0,0,1,0,0,0,0,0,0
2,60,31,From Throw In,Iran,3857273,0 days 01:00:31,0,0,0,0,0,0,0,0,1
2,60,33,From Throw In,Wales,3857273,0 days 01:00:33,0,0,0,0,0,0,1,0,0
2,60,37,From Throw In,Wales,3857273,0 days 01:00:37,0,0,0,0,0,0,1,0,0
2,61,14,From Goal Kick,Iran,3857273,0 days 01:01:14,0,0,0,0,0,0,1,0,0
2,61,17,From Goal Kick,Wales,3857273,0 days 01:01:17,0,1,0,0,0,0,0,0,0
2,61,19,From Goal Kick,Iran,3857273,0 days 01:01:19,0,0,0,0,0,0,1,0,0
2,61,22,From Goal Kick,Wales,3857273,0 days 01:01:22,0,0,0,0,0,0,1,0,0
2,61,22,From Goal Kick,Wales,3857273,0 days 01:01:22,0,0,0,0,0,0,1,0,0
2,61,26,From Goal Kick,Iran,3857273,0 days 01:01:26,1,0,0,0,0,0,0,0,0
2,61,35,From Goal Kick,Iran,3857273,0 days 01:01:35,0,0,0,0,0,0,1,0,0
2,61,38,From Goal Kick,Wales,3857273,0 days 01:01:38,0,1,0,0,0,0,0,0,0
2,61,40,From Goal Kick,Iran,3857273,0 days 01:01:40,0,0,0,0,0,0,1,0,0
2,61,48,From Throw In,Wales,3857273,0 days 01:01:48,0,0,0,0,0,0,1,0,0
2,61,51,From Throw In,Wales,3857273,0 days 01:01:51,0,0,0,0,0,0,1,0,0
2,61,52,From Throw In,Wales,3857273,0 days 01:01:52,0,0,0,0,0,0,1,0,0
2,61,55,From Throw In,Wales,3857273,0 days 01:01:55,0,0,0,1,0,0,0,0,0
2,61,55,Regular Play,Iran,3857273,0 days 01:01:55,0,0,0,0,0,0,0,0,1
2,61,58,Regular Play,Iran,3857273,0 days 01:01:58,0,0,0,0,0,0,1,0,0
2,62,0,Regular Play,Iran,3857273,0 days 01:02:00,0,0,0,0,0,0,1,0,0
2,62,2,Regular Play,Iran,3857273,0 days 01:02:02,0,0,0,0,0,0,1,0,0
2,62,3,Regular Play,Wales,3857273,0 days 01:02:03,0,0,0,0,0,0,1,0,0
2,62,6,Regular Play,Wales,3857273,0 days 01:02:06,0,0,1,0,0,0,0,0,0
2,62,6,Regular Play,Iran,3857273,0 days 01:02:06,0,0,0,0,0,0,0,0,1
2,62,7,Regular Play,Iran,3857273,0 days 01:02:07,0,0,0,0,0,0,1,0,0
2,62,15,Regular Play,Iran,3857273,0 days 01:02:15,0,0,0,0,0,0,1,0,0
2,62,19,Regular Play,Iran,3857273,0 days 01:02:19,0,0,0,0,0,0,1,0,0
2,62,20,Regular Play,Wales,3857273,0 days 01:02:20,0,0,0,0,0,1,0,0,0
2,62,47,From Corner,Iran,3857273,0 days 01:02:47,0,0,0,0,0,0,1,0,0
2,62,51,From Keeper,Wales,3857273,0 days 01:02:51,0,0,0,0,0,0,1,0,0
2,62,58,From Keeper,Wales,3857273,0 days 01:02:58,0,0,0,0,0,0,1,0,0
2,63,3,From Keeper,Wales,3857273,0 days 01:03:03,0,0,0,0,0,0,1,0,0
2,63,9,From Keeper,Wales,3857273,0 days 01:03:09,0,0,0,1,0,0,0,0,0
2,63,11,From Keeper,Wales,3857273,0 days 01:03:11,0,0,0,0,0,0,1,0,0
2,63,13,From Keeper,Iran,3857273,0 days 01:03:13,0,1,0,0,0,0,0,0,0
2,63,15,From Keeper,Iran,3857273,0 days 01:03:15,1,0,0,0,0,0,0,0,0
2,63,16,From Keeper,Iran,3857273,0 days 01:03:16,0,0,0,0,0,0,1,0,0
2,63,17,From Keeper,Iran,3857273,0 days 01:03:17,0,0,0,1,0,0,0,0,0
2,63,17,From Keeper,Wales,3857273,0 days 01:03:17,0,0,0,0,0,0,0,0,1
2,63,20,From Keeper,Wales,3857273,0 days 01:03:20,0,0,0,0,0,0,1,0,0
2,63,25,From Keeper,Wales,3857273,0 days 01:03:25,0,0,0,1,0,0,0,0,0
2,63,25,From Keeper,Iran,3857273,0 days 01:03:25,0,0,0,0,0,0,0,0,1
2,63,27,From Keeper,Wales,3857273,0 days 01:03:27,0,0,0,0,0,0,1,0,0
2,63,30,From Counter,Iran,3857273,0 days 01:03:30,1,0,0,0,0,0,0,0,0
2,63,34,From Counter,Iran,3857273,0 days 01:03:34,0,0,0,0,0,0,1,0,0
2,63,39,From Counter,Iran,3857273,0 days 01:03:39,0,0,0,0,0,0,0,1,0
2,64,29,From Corner,Iran,3857273,0 days 01:04:29,0,0,0,0,0,0,1,0,0
2,64,31,From Corner,Wales,3857273,0 days 01:04:31,1,0,0,0,0,0,0,0,0
2,64,32,Regular Play,Wales,3857273,0 days 01:04:32,1,0,0,0,0,0,0,0,0
2,64,35,Regular Play,Wales,3857273,0 days 01:04:35,0,0,0,0,0,0,1,0,0
2,64,36,Regular Play,Iran,3857273,0 days 01:04:36,0,1,0,0,0,0,0,0,0
2,64,54,From Throw In,Wales,3857273,0 days 01:04:54,0,0,0,0,0,0,1,0,0
2,64,59,From Throw In,Wales,3857273,0 days 01:04:59,0,0,0,0,0,0,1,0,0
2,65,0,From Throw In,Wales,3857273,0 days 01:05:00,0,0,0,0,0,0,1,0,0
2,65,2,From Throw In,Wales,3857273,0 days 01:05:02,0,0,0,0,0,0,1,0,0
2,65,7,From Throw In,Wales,3857273,0 days 01:05:07,0,0,0,0,0,0,1,0,0
2,65,8,From Throw In,Wales,3857273,0 days 01:05:08,0,0,0,0,0,0,1,0,0
2,65,15,From Throw In,Wales,3857273,0 days 01:05:15,0,0,0,0,0,0,1,0,0
2,65,17,From Throw In,Wales,3857273,0 days 01:05:17,0,0,0,1,0,0,0,0,0
2,65,17,From Throw In,Iran,3857273,0 days 01:05:17,0,0,0,0,0,0,0,0,1
2,65,29,From Throw In,Wales,3857273,0 days 01:05:29,0,0,0,0,0,0,1,0,0
2,65,33,From Throw In,Wales,3857273,0 days 01:05:33,0,0,0,0,0,0,1,0,0
2,65,37,From Throw In,Wales,3857273,0 days 01:05:37,0,0,0,0,0,0,1,0,0
2,65,40,From Throw In,Wales,3857273,0 days 01:05:40,0,0,0,0,0,0,1,0,0
2,65,43,From Throw In,Wales,3857273,0 days 01:05:43,0,0,0,0,0,0,1,0,0
2,65,46,From Throw In,Wales,3857273,0 days 01:05:46,0,0,0,0,0,0,1,0,0
2,65,50,From Throw In,Iran,3857273,0 days 01:05:50,0,0,0,0,1,0,0,0,0
2,66,4,From Free Kick,Wales,3857273,0 days 01:06:04,0,0,0,0,0,0,1,0,0
2,66,7,From Free Kick,Wales,3857273,0 days 01:06:07,0,0,0,0,0,0,1,0,0
2,66,11,From Free Kick,Wales,3857273,0 days 01:06:11,0,0,0,0,0,0,1,0,0
2,66,14,Regular Play,Iran,3857273,0 days 01:06:14,0,0,0,0,0,0,1,0,0
2,66,15,Regular Play,Iran,3857273,0 days 01:06:15,0,0,0,0,0,0,1,0,0
2,66,18,Regular Play,Iran,3857273,0 days 01:06:18,0,0,0,0,0,0,1,0,0
2,66,21,Regular Play,Iran,3857273,0 days 01:06:21,0,0,0,0,0,0,1,0,0
2,66,23,Regular Play,Wales,3857273,0 days 01:06:23,1,0,0,0,0,0,0,0,0
2,66,23,Regular Play,Wales,3857273,0 days 01:06:23,0,0,0,0,0,0,1,0,0
2,66,27,Regular Play,Wales,3857273,0 days 01:06:27,0,0,0,0,0,0,1,0,0
2,66,35,Regular Play,Wales,3857273,0 days 01:06:35,0,0,0,0,0,0,1,0,0
2,66,42,Regular Play,Wales,3857273,0 days 01:06:42,0,0,0,0,0,0,1,0,0
2,66,43,Regular Play,Iran,3857273,0 days 01:06:43,0,0,0,0,0,1,0,0,0
2,66,45,Regular Play,Iran,3857273,0 days 01:06:45,1,0,0,0,0,0,0,0,0
2,66,47,Regular Play,Iran,3857273,0 days 01:06:47,0,0,0,1,0,0,0,0,0
2,66,47,Regular Play,Wales,3857273,0 days 01:06:47,0,0,0,0,0,0,0,0,1
2,66,48,Regular Play,Iran,3857273,0 days 01:06:48,1,0,0,0,0,0,0,0,0
2,66,49,Regular Play,Iran,3857273,0 days 01:06:49,0,0,0,0,0,0,1,0,0
2,57,39,From Free Kick,Netherlands,3857274,0 days 00:57:39,0,0,0,0,0,0,1,0,0
2,57,40,From Free Kick,Ecuador,3857274,0 days 00:57:40,0,1,0,0,0,0,0,0,0
2,57,43,From Free Kick,Netherlands,3857274,0 days 00:57:43,0,0,0,0,0,0,1,0,0
2,57,46,Regular Play,Ecuador,3857274,0 days 00:57:46,1,0,0,0,0,0,0,0,0
2,57,47,Regular Play,Ecuador,3857274,0 days 00:57:47,0,0,0,0,0,0,1,0,0
2,57,48,Regular Play,Ecuador,3857274,0 days 00:57:48,0,0,0,0,0,0,1,0,0
2,57,52,Regular Play,Netherlands,3857274,0 days 00:57:52,0,1,0,0,0,0,0,0,0
2,58,30,From Throw In,Ecuador,3857274,0 days 00:58:30,0,0,0,0,0,0,1,0,0
2,58,33,From Throw In,Netherlands,3857274,0 days 00:58:33,0,0,0,0,0,0,1,0,0
2,58,34,From Throw In,Ecuador,3857274,0 days 00:58:34,0,0,0,0,0,0,1,0,0
2,58,44,From Throw In,Ecuador,3857274,0 days 00:58:44,0,0,0,0,0,0,1,0,0
2,58,46,From Throw In,Ecuador,3857274,0 days 00:58:46,0,0,0,0,0,0,0,1,0
2,58,47,From Throw In,Ecuador,3857274,0 days 00:58:47,1,0,0,0,0,0,0,0,0
2,58,48,From Throw In,Ecuador,3857274,0 days 00:58:48,0,0,0,0,0,0,0,1,0
2,58,52,From Throw In,Ecuador,3857274,0 days 00:58:52,1,0,0,0,0,0,0,0,0
2,58,54,From Throw In,Ecuador,3857274,0 days 00:58:54,0,0,0,0,0,0,1,0,0
2,58,54,From Throw In,Netherlands,3857274,0 days 00:58:54,0,1,0,0,0,0,0,0,0
2,58,56,From Throw In,Netherlands,3857274,0 days 00:58:56,0,1,0,0,0,0,0,0,0
2,59,0,From Throw In,Netherlands,3857274,0 days 00:59:00,1,0,0,0,0,0,0,0,0
2,59,19,From Throw In,Ecuador,3857274,0 days 00:59:19,0,0,0,0,0,0,1,0,0
2,59,34,Regular Play,Netherlands,3857274,0 days 00:59:34,0,0,0,0,0,0,1,0,0
2,59,35,Regular Play,Netherlands,3857274,0 days 00:59:35,0,0,0,0,0,0,1,0,0
2,59,36,Regular Play,Netherlands,3857274,0 days 00:59:36,0,0,0,0,0,0,1,0,0
2,59,38,Regular Play,Netherlands,3857274,0 days 00:59:38,0,0,0,0,0,0,1,0,0
2,59,41,Regular Play,Netherlands,3857274,0 days 00:59:41,0,0,0,0,0,0,1,0,0
2,59,44,Regular Play,Netherlands,3857274,0 days 00:59:44,0,0,0,0,0,0,1,0,0
2,59,46,Regular Play,Netherlands,3857274,0 days 00:59:46,0,0,0,0,0,0,1,0,0
2,59,49,Regular Play,Netherlands,3857274,0 days 00:59:49,0,0,0,0,0,0,1,0,0
2,59,50,Regular Play,Netherlands,3857274,0 days 00:59:50,0,0,0,1,0,0,0,0,0
2,59,50,Regular Play,Ecuador,3857274,0 days 00:59:50,0,0,0,0,0,0,0,0,1
2,59,52,Regular Play,Netherlands,3857274,0 days 00:59:52,1,0,0,0,0,0,0,0,0
2,59,56,Regular Play,Netherlands,3857274,0 days 00:59:56,0,0,0,0,0,0,1,0,0
2,59,58,Regular Play,Ecuador,3857274,0 days 00:59:58,0,0,0,0,0,0,1,0,0
2,59,59,Regular Play,Ecuador,3857274,0 days 00:59:59,0,0,0,0,0,0,1,0,0
2,60,25,From Throw In,Netherlands,3857274,0 days 01:00:25,0,0,0,0,0,0,1,0,0
2,60,26,From Throw In,Netherlands,3857274,0 days 01:00:26,0,0,1,0,0,0,0,0,0
2,60,26,From Throw In,Ecuador,3857274,0 days 01:00:26,0,0,0,0,0,0,0,0,1
2,60,27,From Throw In,Netherlands,3857274,0 days 01:00:27,1,0,0,0,0,0,0,0,0
2,60,29,From Throw In,Netherlands,3857274,0 days 01:00:29,0,0,0,0,0,0,1,0,0
2,60,31,From Throw In,Netherlands,3857274,0 days 01:00:31,0,0,0,0,1,0,0,0,0
2,61,18,From Free Kick,Ecuador,3857274,0 days 01:01:18,0,0,0,0,0,0,1,0,0
2,61,21,From Free Kick,Ecuador,3857274,0 days 01:01:21,0,0,0,0,0,0,1,0,0
2,61,24,From Free Kick,Ecuador,3857274,0 days 01:01:24,0,0,0,0,0,0,1,0,0
2,61,26,From Free Kick,Netherlands,3857274,0 days 01:01:26,0,1,0,0,0,0,0,0,0
2,61,36,From Goal Kick,Netherlands,3857274,0 days 01:01:36,0,0,0,0,0,0,1,0,0
2,61,39,From Goal Kick,Netherlands,3857274,0 days 01:01:39,0,0,0,0,0,0,1,0,0
2,61,43,From Goal Kick,Netherlands,3857274,0 days 01:01:43,0,0,0,0,0,0,1,0,0
2,61,46,From Goal Kick,Netherlands,3857274,0 days 01:01:46,0,0,0,0,0,0,1,0,0
2,61,49,From Goal Kick,Netherlands,3857274,0 days 01:01:49,0,0,0,0,0,0,1,0,0
2,61,52,From Goal Kick,Netherlands,3857274,0 days 01:01:52,0,0,0,0,0,0,1,0,0
2,61,55,From Goal Kick,Netherlands,3857274,0 days 01:01:55,0,0,0,0,0,0,1,0,0
2,62,1,From Goal Kick,Netherlands,3857274,0 days 01:02:01,0,0,0,0,0,0,1,0,0
2,62,4,Regular Play,Ecuador,3857274,0 days 01:02:04,0,0,0,0,0,0,1,0,0
2,62,7,Regular Play,Ecuador,3857274,0 days 01:02:07,0,0,0,0,0,0,1,0,0
2,62,8,Regular Play,Ecuador,3857274,0 days 01:02:08,0,0,0,0,0,0,1,0,0
2,62,11,Regular Play,Netherlands,3857274,0 days 01:02:11,0,0,0,0,0,0,1,0,0
2,62,12,Regular Play,Netherlands,3857274,0 days 01:02:12,0,0,0,0,0,0,1,0,0
2,62,13,Regular Play,Ecuador,3857274,0 days 01:02:13,0,0,0,0,0,1,0,0,0
2,62,15,Regular Play,Netherlands,3857274,0 days 01:02:15,1,0,0,0,0,0,0,0,0
2,62,16,Regular Play,Netherlands,3857274,0 days 01:02:16,0,0,0,0,0,0,1,0,0
2,62,17,Regular Play,Netherlands,3857274,0 days 01:02:17,0,0,0,0,0,0,1,0,0
2,62,27,Regular Play,Netherlands,3857274,0 days 01:02:27,0,0,0,0,0,0,1,0,0
2,62,29,Regular Play,Netherlands,3857274,0 days 01:02:29,0,0,0,0,0,0,1,0,0
2,62,30,Regular Play,Netherlands,3857274,0 days 01:02:30,0,0,0,0,0,0,1,0,0
2,62,34,Regular Play,Netherlands,3857274,0 days 01:02:34,0,0,0,0,0,0,1,0,0
2,62,37,Regular Play,Netherlands,3857274,0 days 01:02:37,0,0,0,0,0,0,1,0,0
2,62,42,Regular Play,Netherlands,3857274,0 days 01:02:42,0,0,0,0,0,0,1,0,0
2,62,43,Regular Play,Netherlands,3857274,0 days 01:02:43,0,0,0,0,0,0,1,0,0
2,62,45,Regular Play,Ecuador,3857274,0 days 01:02:45,1,0,0,0,0,0,0,0,0
2,62,46,Regular Play,Ecuador,3857274,0 days 01:02:46,0,0,0,0,0,0,1,0,0
2,62,48,Regular Play,Ecuador,3857274,0 days 01:02:48,0,1,0,0,0,0,0,0,0
2,62,49,Regular Play,Ecuador,3857274,0 days 01:02:49,0,0,0,0,0,0,1,0,0
2,62,51,Regular Play,Ecuador,3857274,0 days 01:02:51,0,0,0,0,0,0,1,0,0
2,62,55,Regular Play,Netherlands,3857274,0 days 01:02:55,0,1,0,0,0,0,0,0,0
2,62,59,Regular Play,Ecuador,3857274,0 days 01:02:59,0,1,0,0,0,0,0,0,0
2,63,1,Regular Play,Ecuador,3857274,0 days 01:03:01,0,1,0,0,0,0,0,0,0
2,63,3,Regular Play,Netherlands,3857274,0 days 01:03:03,1,0,0,0,0,0,0,0,0
2,63,3,Regular Play,Netherlands,3857274,0 days 01:03:03,0,0,0,0,0,0,1,0,0
2,63,4,Regular Play,Netherlands,3857274,0 days 01:03:04,0,0,0,1,0,0,0,0,0
2,63,4,Regular Play,Ecuador,3857274,0 days 01:03:04,0,0,0,0,0,0,0,0,1
2,63,7,Regular Play,Ecuador,3857274,0 days 01:03:07,1,0,0,0,0,0,0,0,0
2,63,8,Regular Play,Ecuador,3857274,0 days 01:03:08,0,0,0,0,0,0,1,0,0
2,63,12,Regular Play,Netherlands,3857274,0 days 01:03:12,0,1,0,0,0,0,0,0,0
2,63,13,Regular Play,Ecuador,3857274,0 days 01:03:13,1,0,0,0,0,0,0,0,0
2,63,17,Regular Play,Ecuador,3857274,0 days 01:03:17,0,0,0,0,0,0,1,0,0
2,63,19,Regular Play,Ecuador,3857274,0 days 01:03:19,0,0,0,0,0,0,0,1,0
2,63,21,Regular Play,Netherlands,3857274,0 days 01:03:21,1,0,0,0,0,0,0,0,0
2,63,25,Regular Play,Netherlands,3857274,0 days 01:03:25,0,0,0,0,0,0,1,0,0
2,63,37,Regular Play,Netherlands,3857274,0 days 01:03:37,0,0,0,0,0,0,1,0,0
2,63,38,Regular Play,Netherlands,3857274,0 days 01:03:38,0,0,0,0,0,0,1,0,0
2,63,39,Regular Play,Netherlands,3857274,0 days 01:03:39,0,0,0,0,0,0,1,0,0
2,63,45,Regular Play,Netherlands,3857274,0 days 01:03:45,0,0,0,0,0,0,1,0,0
2,63,46,Regular Play,Netherlands,3857274,0 days 01:03:46,0,0,0,0,0,0,1,0,0
2,63,51,Regular Play,Netherlands,3857274,0 days 01:03:51,0,0,0,0,0,0,1,0,0
2,63,52,Regular Play,Netherlands,3857274,0 days 01:03:52,0,0,0,0,0,0,1,0,0
2,63,53,Regular Play,Netherlands,3857274,0 days 01:03:53,0,0,1,0,0,0,0,0,0
2,63,53,Regular Play,Ecuador,3857274,0 days 01:03:53,0,0,0,0,0,0,0,0,1
2,63,55,Regular Play,Ecuador,3857274,0 days 01:03:55,0,0,0,0,0,0,1,0,0
2,63,56,Regular Play,Ecuador,3857274,0 days 01:03:56,0,0,0,0,0,0,1,0,0
2,63,57,Regular Play,Netherlands,3857274,0 days 01:03:57,0,0,0,0,0,0,1,0,0
2,64,1,Regular Play,Netherlands,3857274,0 days 01:04:01,0,0,0,0,0,0,1,0,0
2,64,11,Regular Play,Netherlands,3857274,0 days 01:04:11,0,0,0,0,0,0,1,0,0
2,64,18,Regular Play,Netherlands,3857274,0 days 01:04:18,0,0,0,0,0,0,1,0,0
2,64,21,Regular Play,Netherlands,3857274,0 days 01:04:21,0,0,0,0,0,0,1,0,0
2,64,25,Regular Play,Netherlands,3857274,0 days 01:04:25,0,0,0,0,0,0,1,0,0
2,64,29,Regular Play,Netherlands,3857274,0 days 01:04:29,0,0,0,0,0,0,1,0,0
2,64,32,Regular Play,Netherlands,3857274,0 days 01:04:32,0,0,0,0,0,0,1,0,0
2,64,37,Regular Play,Netherlands,3857274,0 days 01:04:37,0,0,0,0,0,0,1,0,0
2,64,43,Regular Play,Netherlands,3857274,0 days 01:04:43,0,0,0,0,0,0,1,0,0
2,64,46,Regular Play,Netherlands,3857274,0 days 01:04:46,0,0,0,0,0,0,1,0,0
2,64,53,Regular Play,Netherlands,3857274,0 days 01:04:53,0,0,0,0,0,0,1,0,0
2,64,55,Regular Play,Netherlands,3857274,0 days 01:04:55,0,0,0,0,0,0,1,0,0
2,64,58,Regular Play,Netherlands,3857274,0 days 01:04:58,0,0,0,0,0,0,1,0,0
2,65,0,Regular Play,Netherlands,3857274,0 days 01:05:00,0,0,0,0,0,0,1,0,0
2,65,2,Regular Play,Netherlands,3857274,0 days 01:05:02,0,0,0,0,0,0,1,0,0
2,65,3,Regular Play,Netherlands,3857274,0 days 01:05:03,0,0,0,0,0,0,1,0,0
2,65,5,Regular Play,Netherlands,3857274,0 days 01:05:05,0,0,0,0,0,0,1,0,0
2,65,8,Regular Play,Netherlands,3857274,0 days 01:05:08,0,0,0,0,0,0,1,0,0
2,65,10,Regular Play,Netherlands,3857274,0 days 01:05:10,0,0,0,0,0,0,1,0,0
2,65,11,Regular Play,Netherlands,3857274,0 days 01:05:11,0,0,0,0,0,0,1,0,0
2,65,12,Regular Play,Netherlands,3857274,0 days 01:05:12,0,0,0,0,0,0,0,1,0
2,65,40,From Goal Kick,Ecuador,3857274,0 days 01:05:40,0,0,0,0,0,0,1,0,0
2,65,44,From Goal Kick,Ecuador,3857274,0 days 01:05:44,0,0,0,0,0,0,1,0,0
2,66,16,From Goal Kick,Ecuador,3857274,0 days 01:06:16,0,0,0,0,0,0,1,0,0
2,66,20,From Goal Kick,Ecuador,3857274,0 days 01:06:20,0,0,0,0,1,0,0,0,0
2,66,46,From Free Kick,Netherlands,3857274,0 days 01:06:46,0,0,0,0,0,0,1,0,0
2,66,48,From Free Kick,Netherlands,3857274,0 days 01:06:48,0,0,0,0,0,0,1,0,0
2,66,52,From Free Kick,Netherlands,3857274,0 days 01:06:52,0,0,0,0,0,0,1,0,0
2,66,54,From Free Kick,Netherlands,3857274,0 days 01:06:54,0,0,0,0,0,0,1,0,0
2,66,58,From Free Kick,Netherlands,3857274,0 days 01:06:58,0,0,0,0,0,0,1,0,0
2,57,3,From Keeper,France,3857275,0 days 00:57:03,0,0,0,0,0,0,1,0,0
2,57,4,From Keeper,France,3857275,0 days 00:57:04,0,0,0,0,0,0,1,0,0
2,57,7,From Keeper,France,3857275,0 days 00:57:07,0,0,0,0,0,0,1,0,0
2,57,8,From Keeper,France,3857275,0 days 00:57:08,0,0,0,0,0,0,1,0,0
2,57,12,From Keeper,France,3857275,0 days 00:57:12,0,0,1,0,0,0,0,0,0
2,57,12,Regular Play,Tunisia,3857275,0 days 00:57:12,0,0,0,0,0,0,0,0,1
2,57,13,Regular Play,Tunisia,3857275,0 days 00:57:13,0,0,0,0,0,0,1,0,0
2,57,14,Regular Play,Tunisia,3857275,0 days 00:57:14,0,0,0,0,0,0,1,0,0
2,57,20,Regular Play,Tunisia,3857275,0 days 00:57:20,0,0,0,0,0,0,0,1,0
2,59,15,From Kick Off,France,3857275,0 days 00:59:15,0,0,0,0,0,0,1,0,0
2,59,21,From Kick Off,France,3857275,0 days 00:59:21,0,0,0,0,0,0,1,0,0
2,59,25,From Kick Off,France,3857275,0 days 00:59:25,0,0,0,0,0,0,1,0,0
2,59,28,From Kick Off,France,3857275,0 days 00:59:28,0,0,0,0,1,0,0,0,0
2,59,56,From Free Kick,Tunisia,3857275,0 days 00:59:56,0,0,0,0,0,0,1,0,0
2,59,58,From Free Kick,Tunisia,3857275,0 days 00:59:58,0,0,0,0,0,0,1,0,0
2,59,59,From Free Kick,Tunisia,3857275,0 days 00:59:59,0,0,0,0,0,0,1,0,0
2,60,2,From Free Kick,Tunisia,3857275,0 days 01:00:02,0,0,0,0,0,0,1,0,0
2,60,6,From Free Kick,Tunisia,3857275,0 days 01:00:06,0,0,0,0,0,0,1,0,0
2,60,9,From Free Kick,Tunisia,3857275,0 days 01:00:09,0,0,0,0,0,0,1,0,0
2,60,38,From Goal Kick,France,3857275,0 days 01:00:38,0,0,0,0,0,0,1,0,0
2,60,40,From Goal Kick,Tunisia,3857275,0 days 01:00:40,0,0,0,0,0,0,1,0,0
2,60,42,From Goal Kick,France,3857275,0 days 01:00:42,0,0,0,0,0,0,1,0,0
2,60,44,From Goal Kick,France,3857275,0 days 01:00:44,0,0,0,0,0,0,1,0,0
2,60,45,From Goal Kick,France,3857275,0 days 01:00:45,0,0,0,0,0,0,1,0,0
2,60,48,From Goal Kick,France,3857275,0 days 01:00:48,0,0,0,0,0,0,1,0,0
2,60,50,From Goal Kick,Tunisia,3857275,0 days 01:00:50,0,0,0,0,0,0,1,0,0
2,60,52,From Goal Kick,Tunisia,3857275,0 days 01:00:52,0,0,0,0,0,0,1,0,0
2,60,56,From Goal Kick,France,3857275,0 days 01:00:56,1,0,0,0,0,0,0,0,0
2,61,1,From Goal Kick,France,3857275,0 days 01:01:01,0,0,0,0,0,0,1,0,0
2,61,4,From Goal Kick,France,3857275,0 days 01:01:04,0,0,0,0,0,0,1,0,0
2,61,6,From Goal Kick,France,3857275,0 days 01:01:06,0,0,1,0,0,0,0,0,0
2,61,6,From Goal Kick,Tunisia,3857275,0 days 01:01:06,0,0,0,0,0,0,0,0,1
2,63,19,Regular Play,France,3857275,0 days 01:03:19,0,0,0,0,0,0,1,0,0
2,63,21,Regular Play,France,3857275,0 days 01:03:21,0,0,0,0,0,0,1,0,0
2,63,23,Regular Play,France,3857275,0 days 01:03:23,0,0,0,0,0,0,1,0,0
2,63,25,Regular Play,France,3857275,0 days 01:03:25,0,0,0,0,0,0,1,0,0
2,63,27,Regular Play,France,3857275,0 days 01:03:27,0,0,0,0,0,0,1,0,0
2,63,29,Regular Play,France,3857275,0 days 01:03:29,0,0,0,0,0,0,1,0,0
2,63,32,Regular Play,France,3857275,0 days 01:03:32,0,0,0,0,0,0,1,0,0
2,63,45,From Throw In,Tunisia,3857275,0 days 01:03:45,0,0,0,0,0,0,1,0,0
2,63,47,From Throw In,Tunisia,3857275,0 days 01:03:47,0,0,0,0,0,0,1,0,0
2,63,48,From Throw In,Tunisia,3857275,0 days 01:03:48,0,0,0,0,0,0,1,0,0
2,63,50,From Throw In,Tunisia,3857275,0 days 01:03:50,0,0,0,0,0,0,1,0,0
2,63,51,From Throw In,Tunisia,3857275,0 days 01:03:51,0,0,0,0,0,0,1,0,0
2,63,52,From Counter,France,3857275,0 days 01:03:52,1,0,0,0,0,0,0,0,0
2,63,53,From Counter,France,3857275,0 days 01:03:53,0,0,0,0,0,0,1,0,0
2,63,57,From Counter,France,3857275,0 days 01:03:57,0,0,0,0,0,0,1,0,0
2,64,35,From Free Kick,Tunisia,3857275,0 days 01:04:35,0,0,0,0,0,0,1,0,0
2,64,42,From Throw In,France,3857275,0 days 01:04:42,0,0,0,0,0,0,1,0,0
2,64,48,From Throw In,France,3857275,0 days 01:04:48,0,0,0,0,0,0,1,0,0
2,64,51,From Throw In,France,3857275,0 days 01:04:51,0,0,0,0,0,0,1,0,0
2,64,52,From Throw In,France,3857275,0 days 01:04:52,0,0,0,0,0,0,1,0,0
2,64,55,From Throw In,France,3857275,0 days 01:04:55,0,0,0,0,0,0,1,0,0
2,64,58,From Throw In,France,3857275,0 days 01:04:58,0,0,0,0,0,0,1,0,0
2,65,0,From Throw In,France,3857275,0 days 01:05:00,0,0,0,0,0,0,1,0,0
2,65,4,From Throw In,France,3857275,0 days 01:05:04,0,0,0,0,0,0,1,0,0
2,65,6,From Throw In,France,3857275,0 days 01:05:06,0,0,0,0,0,0,1,0,0
2,65,8,From Throw In,France,3857275,0 days 01:05:08,0,0,0,0,0,0,1,0,0
2,65,11,From Throw In,France,3857275,0 days 01:05:11,0,0,0,0,0,0,1,0,0
2,65,12,From Throw In,France,3857275,0 days 01:05:12,0,0,0,0,0,0,1,0,0
2,65,14,From Throw In,France,3857275,0 days 01:05:14,0,0,0,0,0,0,1,0,0
2,65,16,From Throw In,France,3857275,0 days 01:05:16,0,0,0,0,0,0,1,0,0
2,65,19,From Throw In,France,3857275,0 days 01:05:19,0,0,0,0,0,0,1,0,0
2,65,22,From Throw In,France,3857275,0 days 01:05:22,0,0,0,0,0,0,1,0,0
2,65,24,From Throw In,France,3857275,0 days 01:05:24,0,0,0,0,0,0,1,0,0
2,65,26,From Throw In,France,3857275,0 days 01:05:26,0,0,0,0,0,0,1,0,0
2,65,28,From Throw In,France,3857275,0 days 01:05:28,0,0,0,0,0,0,1,0,0
2,65,31,From Throw In,France,3857275,0 days 01:05:31,0,0,0,0,0,0,1,0,0
2,65,34,From Throw In,France,3857275,0 days 01:05:34,0,0,0,0,1,0,0,0,0
2,65,57,From Free Kick,Tunisia,3857275,0 days 01:05:57,0,0,0,0,0,0,1,0,0
2,65,59,Regular Play,France,3857275,0 days 01:05:59,0,0,0,0,0,0,1,0,0
2,66,0,Regular Play,France,3857275,0 days 01:06:00,0,0,0,0,0,0,1,0,0
2,66,1,Regular Play,France,3857275,0 days 01:06:01,0,0,0,0,0,0,1,0,0
2,66,3,Regular Play,Tunisia,3857275,0 days 01:06:03,1,0,0,0,0,0,0,0,0
2,66,4,Regular Play,Tunisia,3857275,0 days 01:06:04,0,0,0,0,0,0,1,0,0
2,66,6,Regular Play,Tunisia,3857275,0 days 01:06:06,0,0,0,0,0,0,1,0,0
2,66,15,From Throw In,France,3857275,0 days 01:06:15,0,0,0,0,0,0,1,0,0
2,66,19,From Throw In,France,3857275,0 days 01:06:19,0,0,0,0,0,0,1,0,0
2,66,20,From Throw In,Tunisia,3857275,0 days 01:06:20,0,0,0,0,0,1,0,0,0
2,66,20,From Throw In,France,3857275,0 days 01:06:20,1,0,0,0,0,0,0,0,0
2,66,21,From Throw In,France,3857275,0 days 01:06:21,0,0,0,0,0,0,1,0,0
2,66,22,From Throw In,France,3857275,0 days 01:06:22,0,0,0,0,0,0,1,0,0
2,66,25,From Throw In,France,3857275,0 days 01:06:25,0,0,0,0,0,0,1,0,0
2,66,29,From Throw In,France,3857275,0 days 01:06:29,0,0,0,0,0,0,1,0,0
2,66,33,From Throw In,France,3857275,0 days 01:06:33,0,0,0,1,0,0,0,0,0
2,66,33,From Throw In,Tunisia,3857275,0 days 01:06:33,0,0,0,0,0,0,0,0,1
2,57,5,Regular Play,Canada,3857276,0 days 00:57:05,0,0,0,0,0,0,1,0,0
2,57,6,Regular Play,Canada,3857276,0 days 00:57:06,0,0,0,0,0,0,0,1,0
2,57,31,From Goal Kick,Morocco,3857276,0 days 00:57:31,0,0,0,0,0,0,1,0,0
2,57,33,From Goal Kick,Morocco,3857276,0 days 00:57:33,0,0,0,0,0,0,1,0,0
2,57,37,Regular Play,Canada,3857276,0 days 00:57:37,1,0,0,0,0,0,0,0,0
2,57,38,Regular Play,Canada,3857276,0 days 00:57:38,0,0,0,0,0,0,1,0,0
2,57,41,Regular Play,Canada,3857276,0 days 00:57:41,0,0,0,0,0,0,1,0,0
2,57,46,Regular Play,Canada,3857276,0 days 00:57:46,0,0,0,0,0,0,1,0,0
2,57,50,Regular Play,Canada,3857276,0 days 00:57:50,0,0,0,0,0,0,1,0,0
2,57,51,Regular Play,Canada,3857276,0 days 00:57:51,0,0,0,0,0,0,1,0,0
2,57,54,Regular Play,Canada,3857276,0 days 00:57:54,0,0,0,0,0,0,1,0,0
2,57,58,Regular Play,Canada,3857276,0 days 00:57:58,0,0,0,0,0,0,1,0,0
2,58,1,Regular Play,Canada,3857276,0 days 00:58:01,0,0,0,0,0,0,1,0,0
2,58,4,Regular Play,Canada,3857276,0 days 00:58:04,0,0,0,0,0,0,1,0,0
2,58,7,Regular Play,Canada,3857276,0 days 00:58:07,0,0,0,0,0,0,1,0,0
2,58,8,Regular Play,Canada,3857276,0 days 00:58:08,0,0,0,0,0,0,1,0,0
2,58,10,Regular Play,Canada,3857276,0 days 00:58:10,0,0,0,0,0,0,1,0,0
2,58,13,Regular Play,Morocco,3857276,0 days 00:58:13,0,0,0,0,0,0,1,0,0
2,58,16,Regular Play,Morocco,3857276,0 days 00:58:16,0,0,0,0,0,0,1,0,0
2,58,17,Regular Play,Morocco,3857276,0 days 00:58:17,0,0,0,0,0,0,1,0,0
2,58,19,Regular Play,Morocco,3857276,0 days 00:58:19,0,0,0,0,0,0,1,0,0
2,58,21,Regular Play,Morocco,3857276,0 days 00:58:21,0,0,0,0,0,0,1,0,0
2,58,23,Regular Play,Morocco,3857276,0 days 00:58:23,0,0,0,0,0,0,1,0,0
2,58,39,Regular Play,Morocco,3857276,0 days 00:58:39,0,0,0,0,0,0,1,0,0
2,58,41,Regular Play,Morocco,3857276,0 days 00:58:41,0,0,0,0,0,0,1,0,0
2,58,42,Regular Play,Morocco,3857276,0 days 00:58:42,0,0,0,0,0,0,1,0,0
2,58,45,Regular Play,Morocco,3857276,0 days 00:58:45,0,0,0,0,0,0,1,0,0
2,58,48,Regular Play,Morocco,3857276,0 days 00:58:48,0,0,1,0,0,0,0,0,0
2,58,48,Regular Play,Canada,3857276,0 days 00:58:48,0,0,0,0,0,0,0,0,1
2,58,52,Regular Play,Morocco,3857276,0 days 00:58:52,1,0,0,0,0,0,0,0,0
2,58,56,Regular Play,Morocco,3857276,0 days 00:58:56,0,0,0,0,0,0,1,0,0
2,60,39,Other,Morocco,3857276,0 days 01:00:39,1,0,0,0,0,0,0,0,0
2,60,39,Other,Morocco,3857276,0 days 01:00:39,0,0,0,0,0,0,1,0,0
2,60,42,Other,Morocco,3857276,0 days 01:00:42,0,0,0,0,0,0,1,0,0
2,60,46,Other,Morocco,3857276,0 days 01:00:46,0,0,0,0,0,0,1,0,0
2,60,50,Other,Morocco,3857276,0 days 01:00:50,0,0,0,0,0,0,1,0,0
2,60,52,Other,Morocco,3857276,0 days 01:00:52,0,0,0,0,0,0,1,0,0
2,60,53,Other,Canada,3857276,0 days 01:00:53,0,0,0,0,0,1,0,0,0
2,60,56,Other,Canada,3857276,0 days 01:00:56,0,0,0,0,0,0,1,0,0
2,60,57,Other,Canada,3857276,0 days 01:00:57,0,0,0,1,0,0,0,0,0
2,60,57,Other,Morocco,3857276,0 days 01:00:57,0,0,0,0,0,0,0,0,1
2,61,0,Other,Morocco,3857276,0 days 01:01:00,0,0,0,1,0,0,0,0,0
2,61,0,Other,Canada,3857276,0 days 01:01:00,0,0,0,0,0,0,0,0,1
2,61,1,Other,Canada,3857276,0 days 01:01:01,1,0,0,0,0,0,0,0,0
2,61,2,Other,Canada,3857276,0 days 01:01:02,0,0,0,0,0,0,1,0,0
2,61,10,From Throw In,Canada,3857276,0 days 01:01:10,0,0,0,0,0,0,1,0,0
2,61,15,Regular Play,Morocco,3857276,0 days 01:01:15,0,0,0,0,0,0,1,0,0
2,61,19,Regular Play,Morocco,3857276,0 days 01:01:19,0,0,0,0,0,0,1,0,0
2,61,23,Regular Play,Morocco,3857276,0 days 01:01:23,0,0,0,0,0,0,1,0,0
2,61,26,Regular Play,Canada,3857276,0 days 01:01:26,0,0,0,0,0,0,1,0,0
2,61,27,Regular Play,Morocco,3857276,0 days 01:01:27,1,0,0,0,0,0,0,0,0
2,61,30,Regular Play,Morocco,3857276,0 days 01:01:30,0,0,0,0,0,0,1,0,0
2,61,32,Regular Play,Morocco,3857276,0 days 01:01:32,0,0,0,0,0,0,1,0,0
2,61,34,Regular Play,Canada,3857276,0 days 01:01:34,1,0,0,0,0,0,0,0,0
2,61,35,Regular Play,Canada,3857276,0 days 01:01:35,0,0,0,0,0,0,1,0,0
2,61,39,Regular Play,Canada,3857276,0 days 01:01:39,0,0,0,0,0,0,1,0,0
2,61,44,Regular Play,Canada,3857276,0 days 01:01:44,0,0,0,0,0,0,1,0,0
2,61,52,Regular Play,Canada,3857276,0 days 01:01:52,0,0,0,0,0,0,1,0,0
2,61,55,Regular Play,Canada,3857276,0 days 01:01:55,0,0,0,0,0,0,1,0,0
2,61,58,Regular Play,Canada,3857276,0 days 01:01:58,0,0,0,0,0,0,1,0,0
2,62,5,Regular Play,Canada,3857276,0 days 01:02:05,0,0,0,0,0,0,1,0,0
2,62,6,Regular Play,Canada,3857276,0 days 01:02:06,0,0,0,0,0,0,1,0,0
2,62,9,Regular Play,Canada,3857276,0 days 01:02:09,0,0,0,0,0,0,1,0,0
2,62,12,Regular Play,Canada,3857276,0 days 01:02:12,0,0,0,0,0,0,1,0,0
2,62,13,Regular Play,Morocco,3857276,0 days 01:02:13,0,1,0,0,0,0,0,0,0
2,62,15,Regular Play,Canada,3857276,0 days 01:02:15,0,0,0,0,0,1,0,0,0
2,62,16,Regular Play,Morocco,3857276,0 days 01:02:16,1,0,0,0,0,0,0,0,0
2,62,17,Regular Play,Canada,3857276,0 days 01:02:17,0,0,0,0,0,0,1,0,0
2,62,18,Regular Play,Canada,3857276,0 days 01:02:18,0,0,0,0,0,0,1,0,0
2,62,19,Regular Play,Canada,3857276,0 days 01:02:19,0,0,0,0,0,0,1,0,0
2,62,20,Regular Play,Canada,3857276,0 days 01:02:20,0,0,0,0,0,0,1,0,0
2,62,27,Regular Play,Canada,3857276,0 days 01:02:27,0,0,0,0,0,0,1,0,0
2,62,28,Regular Play,Morocco,3857276,0 days 01:02:28,0,1,0,0,0,0,0,0,0
2,62,30,Regular Play,Morocco,3857276,0 days 01:02:30,0,1,0,0,0,0,0,0,0
2,62,31,Regular Play,Morocco,3857276,0 days 01:02:31,1,0,0,0,0,0,0,0,0
2,62,33,Regular Play,Morocco,3857276,0 days 01:02:33,0,0,0,1,0,0,0,0,0
2,62,33,Regular Play,Canada,3857276,0 days 01:02:33,0,0,0,0,0,0,0,0,1
2,62,36,Regular Play,Canada,3857276,0 days 01:02:36,1,0,0,0,0,0,0,0,0
2,62,36,Regular Play,Canada,3857276,0 days 01:02:36,0,0,0,0,0,0,1,0,0
2,62,39,Regular Play,Canada,3857276,0 days 01:02:39,0,0,0,0,0,0,1,0,0
2,62,42,Regular Play,Canada,3857276,0 days 01:02:42,0,0,0,0,0,0,1,0,0
2,62,49,Regular Play,Canada,3857276,0 days 01:02:49,0,0,0,0,0,0,1,0,0
2,62,51,Regular Play,Canada,3857276,0 days 01:02:51,0,0,0,1,0,0,0,0,0
2,62,51,Regular Play,Morocco,3857276,0 days 01:02:51,0,0,0,0,0,0,0,0,1
2,62,52,Regular Play,Canada,3857276,0 days 01:02:52,1,0,0,0,0,0,0,0,0
2,62,54,Regular Play,Canada,3857276,0 days 01:02:54,0,0,1,0,0,0,0,0,0
2,62,54,Regular Play,Morocco,3857276,0 days 01:02:54,0,0,0,0,0,0,0,0,1
2,62,55,Regular Play,Morocco,3857276,0 days 01:02:55,1,0,0,0,0,0,0,0,0
2,62,57,Regular Play,Morocco,3857276,0 days 01:02:57,0,0,0,0,0,0,1,0,0
2,62,57,Regular Play,Morocco,3857276,0 days 01:02:57,0,0,0,0,0,0,1,0,0
2,62,59,Regular Play,Canada,3857276,0 days 01:02:59,1,0,0,0,0,0,0,0,0
2,63,1,Regular Play,Canada,3857276,0 days 01:03:01,0,0,0,0,0,0,1,0,0
2,63,3,Regular Play,Canada,3857276,0 days 01:03:03,0,0,0,0,0,0,1,0,0
2,63,9,Regular Play,Canada,3857276,0 days 01:03:09,0,0,0,0,0,0,1,0,0
2,63,12,Regular Play,Canada,3857276,0 days 01:03:12,0,0,0,0,0,0,1,0,0
2,63,17,Regular Play,Canada,3857276,0 days 01:03:17,0,0,0,0,0,0,1,0,0
2,63,18,Regular Play,Canada,3857276,0 days 01:03:18,0,0,0,0,0,0,1,0,0
2,63,19,Regular Play,Morocco,3857276,0 days 01:03:19,0,0,0,0,0,1,0,0,0
2,63,20,Regular Play,Morocco,3857276,0 days 01:03:20,1,0,0,0,0,0,0,0,0
2,63,20,Regular Play,Canada,3857276,0 days 01:03:20,1,0,0,0,0,0,0,0,0
2,63,21,Regular Play,Canada,3857276,0 days 01:03:21,0,0,1,0,0,0,0,0,0
2,63,21,Regular Play,Morocco,3857276,0 days 01:03:21,0,0,0,0,0,0,0,0,1
2,63,22,Regular Play,Morocco,3857276,0 days 01:03:22,0,0,0,0,0,0,1,0,0
2,63,26,Regular Play,Morocco,3857276,0 days 01:03:26,0,0,0,0,0,0,1,0,0
2,63,28,Regular Play,Morocco,3857276,0 days 01:03:28,0,0,0,0,0,0,1,0,0
2,63,30,Regular Play,Canada,3857276,0 days 01:03:30,0,1,0,0,0,0,0,0,0
2,63,32,Regular Play,Canada,3857276,0 days 01:03:32,1,0,0,0,0,0,0,0,0
2,63,34,Regular Play,Canada,3857276,0 days 01:03:34,0,0,0,0,0,0,1,0,0
2,63,38,Regular Play,Canada,3857276,0 days 01:03:38,0,0,0,0,0,0,1,0,0
2,63,45,Regular Play,Canada,3857276,0 days 01:03:45,0,0,0,0,0,0,1,0,0
2,63,50,Regular Play,Canada,3857276,0 days 01:03:50,0,0,0,0,0,0,1,0,0
2,63,53,Regular Play,Canada,3857276,0 days 01:03:53,0,0,0,0,0,0,1,0,0
2,63,57,Regular Play,Canada,3857276,0 days 01:03:57,0,0,1,0,0,0,0,0,0
2,63,57,Regular Play,Morocco,3857276,0 days 01:03:57,0,0,0,0,0,0,0,0,1
2,65,4,From Throw In,Canada,3857276,0 days 01:05:04,0,0,0,0,0,0,1,0,0
2,65,8,From Throw In,Canada,3857276,0 days 01:05:08,0,0,0,0,0,0,1,0,0
2,65,12,From Throw In,Canada,3857276,0 days 01:05:12,0,0,0,0,0,0,1,0,0
2,65,14,From Throw In,Canada,3857276,0 days 01:05:14,0,0,0,0,0,0,1,0,0
2,65,18,From Throw In,Canada,3857276,0 days 01:05:18,0,0,0,0,0,0,1,0,0
2,65,20,From Throw In,Morocco,3857276,0 days 01:05:20,0,1,0,0,0,0,0,0,0
2,65,25,From Throw In,Canada,3857276,0 days 01:05:25,1,0,0,0,0,0,0,0,0
2,65,26,From Throw In,Canada,3857276,0 days 01:05:26,0,0,0,0,0,0,1,0,0
2,65,27,From Throw In,Canada,3857276,0 days 01:05:27,0,0,0,0,0,0,1,0,0
2,65,29,From Throw In,Canada,3857276,0 days 01:05:29,0,0,0,0,0,0,1,0,0
2,65,30,From Throw In,Canada,3857276,0 days 01:05:30,0,0,0,0,0,0,1,0,0
2,65,34,From Throw In,Canada,3857276,0 days 01:05:34,0,0,0,0,0,0,1,0,0
2,65,36,From Throw In,Canada,3857276,0 days 01:05:36,0,0,0,0,0,0,1,0,0
2,65,39,From Throw In,Canada,3857276,0 days 01:05:39,0,0,0,0,0,0,1,0,0
2,65,43,From Throw In,Canada,3857276,0 days 01:05:43,0,0,0,0,0,0,1,0,0
2,65,46,From Throw In,Canada,3857276,0 days 01:05:46,0,0,0,0,0,0,1,0,0
2,65,47,From Throw In,Canada,3857276,0 days 01:05:47,0,0,0,0,0,0,1,0,0
2,65,49,From Throw In,Canada,3857276,0 days 01:05:49,0,0,0,0,0,0,1,0,0
2,65,50,From Throw In,Canada,3857276,0 days 01:05:50,0,0,0,0,0,0,1,0,0
2,65,52,From Throw In,Canada,3857276,0 days 01:05:52,0,0,0,0,0,0,1,0,0
2,66,40,From Free Kick,Morocco,3857276,0 days 01:06:40,0,0,0,0,0,0,1,0,0
2,66,43,From Free Kick,Canada,3857276,0 days 01:06:43,0,0,0,0,0,0,1,0,0
2,66,46,From Free Kick,Canada,3857276,0 days 01:06:46,0,0,0,0,0,0,1,0,0
2,66,47,From Free Kick,Morocco,3857276,0 days 01:06:47,0,0,0,0,0,0,1,0,0
2,66,48,From Free Kick,Morocco,3857276,0 days 01:06:48,0,0,0,0,0,0,1,0,0
2,66,54,Regular Play,Canada,3857276,0 days 01:06:54,1,0,0,0,0,0,0,0,0
2,66,54,Regular Play,Canada,3857276,0 days 01:06:54,0,0,0,0,0,0,1,0,0
2,66,57,Regular Play,Canada,3857276,0 days 01:06:57,0,0,0,0,0,0,1,0,0
2,57,21,From Goal Kick,Morocco,3857277,0 days 00:57:21,0,0,0,0,0,0,1,0,0
2,57,23,From Goal Kick,Morocco,3857277,0 days 00:57:23,0,0,0,0,0,0,1,0,0
2,57,25,From Goal Kick,Morocco,3857277,0 days 00:57:25,0,0,0,0,0,0,1,0,0
2,57,28,From Goal Kick,Morocco,3857277,0 days 00:57:28,0,0,0,0,0,0,1,0,0
2,57,31,From Goal Kick,Croatia,3857277,0 days 00:57:31,0,0,0,0,0,0,1,0,0
2,57,32,From Goal Kick,Morocco,3857277,0 days 00:57:32,0,0,0,0,0,0,1,0,0
2,57,34,From Goal Kick,Morocco,3857277,0 days 00:57:34,0,0,1,0,0,0,0,0,0
2,57,34,From Goal Kick,Croatia,3857277,0 days 00:57:34,0,0,0,0,0,0,0,0,1
2,57,36,From Goal Kick,Croatia,3857277,0 days 00:57:36,1,0,0,0,0,0,0,0,0
2,57,37,From Goal Kick,Croatia,3857277,0 days 00:57:37,0,0,0,0,0,0,1,0,0
2,57,39,From Goal Kick,Croatia,3857277,0 days 00:57:39,0,0,0,0,0,0,1,0,0
2,57,40,From Goal Kick,Morocco,3857277,0 days 00:57:40,0,1,0,0,0,0,0,0,0
2,57,43,From Throw In,Croatia,3857277,0 days 00:57:43,0,0,0,0,0,0,1,0,0
2,57,49,From Throw In,Croatia,3857277,0 days 00:57:49,0,0,0,0,0,0,1,0,0
2,57,51,Regular Play,Morocco,3857277,0 days 00:57:51,1,0,0,0,0,0,0,0,0
2,57,52,Regular Play,Morocco,3857277,0 days 00:57:52,0,0,0,0,0,0,1,0,0
2,57,53,Regular Play,Morocco,3857277,0 days 00:57:53,0,0,0,0,0,0,1,0,0
2,57,56,Regular Play,Morocco,3857277,0 days 00:57:56,0,0,0,0,0,0,1,0,0
2,57,59,Regular Play,Croatia,3857277,0 days 00:57:59,0,1,0,0,0,0,0,0,0
2,60,8,From Throw In,Morocco,3857277,0 days 01:00:08,0,0,0,0,0,0,1,0,0
2,60,10,From Throw In,Morocco,3857277,0 days 01:00:10,0,0,0,0,0,0,1,0,0
2,60,13,Regular Play,Croatia,3857277,0 days 01:00:13,0,0,0,0,0,0,1,0,0
2,60,15,Regular Play,Croatia,3857277,0 days 01:00:15,0,0,0,0,0,0,1,0,0
2,60,20,Regular Play,Croatia,3857277,0 days 01:00:20,0,0,0,0,0,0,1,0,0
2,60,23,Regular Play,Croatia,3857277,0 days 01:00:23,0,0,0,0,0,0,1,0,0
2,60,24,Regular Play,Morocco,3857277,0 days 01:00:24,0,0,0,0,0,1,0,0,0
2,60,40,From Throw In,Croatia,3857277,0 days 01:00:40,0,0,0,0,0,0,1,0,0
2,60,43,From Throw In,Croatia,3857277,0 days 01:00:43,0,0,0,0,0,0,1,0,0
2,60,46,From Throw In,Croatia,3857277,0 days 01:00:46,0,0,0,0,0,0,1,0,0
2,60,50,From Throw In,Croatia,3857277,0 days 01:00:50,0,0,0,0,0,0,1,0,0
2,60,54,From Throw In,Croatia,3857277,0 days 01:00:54,0,0,0,0,0,0,1,0,0
2,60,58,From Throw In,Croatia,3857277,0 days 01:00:58,0,0,0,0,0,0,1,0,0
2,61,1,From Throw In,Croatia,3857277,0 days 01:01:01,0,0,0,0,0,0,1,0,0
2,61,4,From Throw In,Croatia,3857277,0 days 01:01:04,0,0,0,0,0,0,1,0,0
2,61,6,From Throw In,Croatia,3857277,0 days 01:01:06,0,0,0,0,0,0,1,0,0
2,61,16,From Throw In,Croatia,3857277,0 days 01:01:16,0,0,0,0,0,0,1,0,0
2,61,19,From Throw In,Croatia,3857277,0 days 01:01:19,0,0,0,0,0,0,1,0,0
2,61,24,Regular Play,Morocco,3857277,0 days 01:01:24,1,0,0,0,0,0,0,0,0
2,61,25,Regular Play,Morocco,3857277,0 days 01:01:25,0,0,0,0,0,0,1,0,0
2,61,28,Regular Play,Morocco,3857277,0 days 01:01:28,0,0,0,0,0,0,1,0,0
2,61,29,Regular Play,Morocco,3857277,0 days 01:01:29,0,0,0,0,0,0,1,0,0
2,61,33,Regular Play,Morocco,3857277,0 days 01:01:33,0,0,0,0,0,0,1,0,0
2,61,35,Regular Play,Morocco,3857277,0 days 01:01:35,0,0,0,0,0,0,1,0,0
2,61,37,Regular Play,Morocco,3857277,0 days 01:01:37,0,0,0,0,0,0,1,0,0
2,61,40,Regular Play,Morocco,3857277,0 days 01:01:40,0,0,0,0,0,0,1,0,0
2,61,45,Regular Play,Morocco,3857277,0 days 01:01:45,0,0,0,0,0,0,1,0,0
2,61,47,Regular Play,Morocco,3857277,0 days 01:01:47,0,0,0,0,0,0,1,0,0
2,61,54,Regular Play,Morocco,3857277,0 days 01:01:54,0,0,0,0,0,0,1,0,0
2,61,55,Regular Play,Morocco,3857277,0 days 01:01:55,1,0,0,0,0,0,0,0,0
2,61,59,Regular Play,Morocco,3857277,0 days 01:01:59,1,0,0,0,0,0,0,0,0
2,62,0,Regular Play,Morocco,3857277,0 days 01:02:00,0,0,0,0,0,0,1,0,0
2,62,2,Regular Play,Croatia,3857277,0 days 01:02:02,1,0,0,0,0,0,0,0,0
2,62,19,Regular Play,Croatia,3857277,0 days 01:02:19,0,0,0,0,0,0,1,0,0
2,62,21,Regular Play,Croatia,3857277,0 days 01:02:21,0,0,0,0,0,0,1,0,0
2,62,25,Regular Play,Croatia,3857277,0 days 01:02:25,0,0,0,0,0,0,1,0,0
2,62,26,Regular Play,Croatia,3857277,0 days 01:02:26,0,0,0,0,0,0,1,0,0
2,62,28,Regular Play,Croatia,3857277,0 days 01:02:28,0,0,0,0,0,0,1,0,0
2,62,30,Regular Play,Croatia,3857277,0 days 01:02:30,0,0,0,0,0,0,1,0,0
2,62,30,Regular Play,Morocco,3857277,0 days 01:02:30,0,0,0,0,0,1,0,0,0
2,62,32,Regular Play,Morocco,3857277,0 days 01:02:32,1,0,0,0,0,0,0,0,0
2,62,33,Regular Play,Morocco,3857277,0 days 01:02:33,0,0,0,0,0,0,1,0,0
2,62,36,Regular Play,Morocco,3857277,0 days 01:02:36,0,0,0,0,0,0,1,0,0
2,62,38,Regular Play,Croatia,3857277,0 days 01:02:38,0,0,0,0,1,0,0,0,0
2,62,38,Regular Play,Morocco,3857277,0 days 01:02:38,0,0,0,1,0,0,0,0,0
2,62,41,Regular Play,Morocco,3857277,0 days 01:02:41,0,0,0,0,0,0,1,0,0
2,62,43,Regular Play,Morocco,3857277,0 days 01:02:43,0,0,0,0,0,0,1,0,0
2,62,45,Regular Play,Croatia,3857277,0 days 01:02:45,0,0,0,0,1,0,0,0,0
2,64,4,From Free Kick,Morocco,3857277,0 days 01:04:04,0,0,0,0,0,0,1,0,0
2,64,6,From Free Kick,Morocco,3857277,0 days 01:04:06,0,0,0,0,0,0,0,1,0
2,64,10,From Free Kick,Croatia,3857277,0 days 01:04:10,1,0,0,0,0,0,0,0,0
2,64,13,From Free Kick,Croatia,3857277,0 days 01:04:13,0,0,1,0,0,0,0,0,0
2,64,13,From Free Kick,Morocco,3857277,0 days 01:04:13,0,0,0,0,0,0,0,0,1
2,64,59,From Throw In,Morocco,3857277,0 days 01:04:59,0,0,0,0,0,0,1,0,0
2,65,0,From Throw In,Morocco,3857277,0 days 01:05:00,0,0,0,0,0,0,1,0,0
2,65,1,From Throw In,Croatia,3857277,0 days 01:05:01,0,0,0,0,0,1,0,0,0
2,65,8,From Throw In,Morocco,3857277,0 days 01:05:08,0,0,0,0,0,0,1,0,0
2,65,10,From Throw In,Morocco,3857277,0 days 01:05:10,0,0,0,0,0,0,1,0,0
2,65,12,From Throw In,Morocco,3857277,0 days 01:05:12,0,0,0,0,0,0,1,0,0
2,65,15,From Throw In,Morocco,3857277,0 days 01:05:15,0,0,0,0,0,0,1,0,0
2,65,18,From Throw In,Morocco,3857277,0 days 01:05:18,0,0,0,1,0,0,0,0,0
2,65,18,Regular Play,Croatia,3857277,0 days 01:05:18,0,0,0,0,0,0,0,0,1
2,65,19,Regular Play,Croatia,3857277,0 days 01:05:19,1,0,0,0,0,0,0,0,0
2,65,22,Regular Play,Croatia,3857277,0 days 01:05:22,0,0,0,0,0,0,1,0,0
2,65,32,From Throw In,Croatia,3857277,0 days 01:05:32,0,0,0,0,0,0,1,0,0
2,65,35,From Throw In,Croatia,3857277,0 days 01:05:35,0,0,0,0,0,0,1,0,0
2,65,40,From Throw In,Croatia,3857277,0 days 01:05:40,0,0,0,0,0,0,1,0,0
2,65,43,From Throw In,Croatia,3857277,0 days 01:05:43,0,0,0,0,0,0,1,0,0
2,65,48,From Throw In,Croatia,3857277,0 days 01:05:48,0,0,0,0,0,0,1,0,0
2,65,53,From Throw In,Croatia,3857277,0 days 01:05:53,0,0,0,0,0,0,1,0,0
2,65,56,From Throw In,Croatia,3857277,0 days 01:05:56,0,0,0,0,0,0,1,0,0
2,65,59,From Throw In,Croatia,3857277,0 days 01:05:59,0,0,0,0,0,0,1,0,0
2,66,0,Regular Play,Morocco,3857277,0 days 01:06:00,0,0,0,0,0,0,1,0,0
2,66,2,Regular Play,Morocco,3857277,0 days 01:06:02,0,0,0,1,0,0,0,0,0
2,66,4,Regular Play,Morocco,3857277,0 days 01:06:04,0,0,0,0,0,0,1,0,0
2,66,6,Regular Play,Croatia,3857277,0 days 01:06:06,0,0,0,0,0,0,1,0,0
2,66,8,Regular Play,Croatia,3857277,0 days 01:06:08,0,0,0,0,0,0,1,0,0
2,66,9,Regular Play,Croatia,3857277,0 days 01:06:09,0,0,0,0,0,0,1,0,0
2,66,11,Regular Play,Morocco,3857277,0 days 01:06:11,1,0,0,0,0,0,0,0,0
2,66,12,Regular Play,Morocco,3857277,0 days 01:06:12,0,0,0,0,0,0,1,0,0
2,66,15,Regular Play,Morocco,3857277,0 days 01:06:15,0,0,0,0,0,0,1,0,0
2,66,16,Regular Play,Croatia,3857277,0 days 01:06:16,0,0,0,0,0,1,0,0,0
2,66,20,Regular Play,Croatia,3857277,0 days 01:06:20,0,0,0,0,0,0,1,0,0
2,66,24,Regular Play,Croatia,3857277,0 days 01:06:24,0,0,0,0,0,0,1,0,0
2,66,25,Regular Play,Morocco,3857277,0 days 01:06:25,0,0,0,0,0,1,0,0,0
2,66,26,Regular Play,Morocco,3857277,0 days 01:06:26,1,0,0,0,0,0,0,0,0
2,66,28,Regular Play,Morocco,3857277,0 days 01:06:28,1,0,0,0,0,0,0,0,0
2,66,29,Regular Play,Morocco,3857277,0 days 01:06:29,0,0,0,0,0,0,1,0,0
2,66,30,Regular Play,Morocco,3857277,0 days 01:06:30,1,0,0,0,0,0,0,0,0
2,66,31,Regular Play,Morocco,3857277,0 days 01:06:31,0,0,0,0,0,0,1,0,0
2,66,33,Regular Play,Morocco,3857277,0 days 01:06:33,0,0,0,0,0,0,1,0,0
2,66,36,Regular Play,Morocco,3857277,0 days 01:06:36,0,0,0,0,0,0,1,0,0
2,66,41,Regular Play,Croatia,3857277,0 days 01:06:41,0,0,0,0,0,0,1,0,0
2,66,47,Regular Play,Croatia,3857277,0 days 01:06:47,0,0,0,0,0,0,1,0,0
2,66,50,Regular Play,Croatia,3857277,0 days 01:06:50,0,0,0,0,0,0,1,0,0
2,66,54,Regular Play,Croatia,3857277,0 days 01:06:54,0,0,0,0,0,0,1,0,0
2,66,56,Regular Play,Croatia,3857277,0 days 01:06:56,0,0,0,0,0,0,1,0,0
2,66,58,Regular Play,Croatia,3857277,0 days 01:06:58,0,0,0,0,0,0,1,0,0
2,57,0,From Corner,United States,3857278,0 days 00:57:00,0,0,0,0,0,0,1,0,0
2,57,7,From Corner,United States,3857278,0 days 00:57:07,0,0,0,0,0,0,1,0,0
2,57,10,From Corner,United States,3857278,0 days 00:57:10,0,0,0,0,0,0,1,0,0
2,57,12,From Corner,United States,3857278,0 days 00:57:12,0,0,0,0,0,0,1,0,0
2,57,16,From Corner,United States,3857278,0 days 00:57:16,0,0,0,0,0,0,1,0,0
2,57,38,From Goal Kick,Iran,3857278,0 days 00:57:38,0,0,0,0,0,0,1,0,0
2,57,43,From Goal Kick,Iran,3857278,0 days 00:57:43,0,0,0,0,0,0,1,0,0
2,57,44,From Goal Kick,Iran,3857278,0 days 00:57:44,0,0,0,0,0,0,1,0,0
2,57,49,From Goal Kick,Iran,3857278,0 days 00:57:49,0,0,0,0,0,0,1,0,0
2,57,51,From Goal Kick,Iran,3857278,0 days 00:57:51,0,0,0,0,0,0,1,0,0
2,57,54,From Goal Kick,Iran,3857278,0 days 00:57:54,0,0,0,0,0,0,1,0,0
2,57,57,From Goal Kick,Iran,3857278,0 days 00:57:57,0,0,0,0,0,0,1,0,0
2,58,13,From Free Kick,United States,3857278,0 days 00:58:13,0,0,0,0,0,0,1,0,0
2,58,16,From Free Kick,United States,3857278,0 days 00:58:16,0,0,0,0,0,0,1,0,0
2,58,19,From Free Kick,United States,3857278,0 days 00:58:19,0,0,0,0,0,0,1,0,0
2,58,21,From Free Kick,United States,3857278,0 days 00:58:21,0,0,0,0,0,0,1,0,0
2,58,25,From Free Kick,United States,3857278,0 days 00:58:25,0,0,0,0,0,0,1,0,0
2,58,36,From Throw In,United States,3857278,0 days 00:58:36,0,0,0,0,0,0,1,0,0
2,58,37,From Throw In,United States,3857278,0 days 00:58:37,0,0,0,0,0,0,1,0,0
2,58,41,From Throw In,United States,3857278,0 days 00:58:41,0,0,0,0,0,0,1,0,0
2,58,43,From Throw In,United States,3857278,0 days 00:58:43,0,0,1,0,0,0,0,0,0
2,58,43,Regular Play,Iran,3857278,0 days 00:58:43,0,0,0,0,0,0,0,0,1
2,58,48,Regular Play,Iran,3857278,0 days 00:58:48,0,0,0,0,0,0,1,0,0
2,58,49,Regular Play,Iran,3857278,0 days 00:58:49,0,0,0,0,0,0,1,0,0
2,58,51,Regular Play,Iran,3857278,0 days 00:58:51,0,0,0,0,0,0,1,0,0
2,58,53,Regular Play,Iran,3857278,0 days 00:58:53,0,0,0,0,0,0,1,0,0
2,58,56,Regular Play,Iran,3857278,0 days 00:58:56,0,0,0,0,0,0,1,0,0
2,58,59,Regular Play,Iran,3857278,0 days 00:58:59,0,0,0,0,0,0,1,0,0
2,59,4,From Throw In,Iran,3857278,0 days 00:59:04,0,0,0,0,0,0,1,0,0
2,59,7,From Throw In,Iran,3857278,0 days 00:59:07,0,0,0,0,0,0,1,0,0
2,59,9,From Throw In,Iran,3857278,0 days 00:59:09,0,0,0,0,0,0,1,0,0
2,59,10,Regular Play,United States,3857278,0 days 00:59:10,0,0,0,0,0,1,0,0,0
2,59,11,Regular Play,United States,3857278,0 days 00:59:11,0,0,1,0,0,0,0,0,0
2,59,11,Regular Play,Iran,3857278,0 days 00:59:11,0,0,0,0,0,0,0,0,1
2,59,12,Regular Play,United States,3857278,0 days 00:59:12,0,0,0,0,0,0,1,0,0
2,59,14,Regular Play,United States,3857278,0 days 00:59:14,0,0,0,1,0,0,0,0,0
2,59,16,Regular Play,United States,3857278,0 days 00:59:16,0,0,0,0,0,0,1,0,0
2,59,20,Regular Play,Iran,3857278,0 days 00:59:20,0,0,0,0,1,0,0,0,0
2,59,44,From Free Kick,United States,3857278,0 days 00:59:44,0,0,0,0,0,0,1,0,0
2,59,46,From Free Kick,United States,3857278,0 days 00:59:46,0,0,0,0,0,0,1,0,0
2,59,48,From Free Kick,United States,3857278,0 days 00:59:48,0,0,0,0,0,0,1,0,0
2,59,54,From Free Kick,United States,3857278,0 days 00:59:54,0,0,0,0,0,0,1,0,0
2,59,59,From Free Kick,United States,3857278,0 days 00:59:59,0,0,0,0,0,0,1,0,0
2,60,1,From Free Kick,United States,3857278,0 days 01:00:01,0,0,0,0,0,0,1,0,0
2,60,2,From Free Kick,United States,3857278,0 days 01:00:02,0,0,0,0,0,0,1,0,0
2,60,5,From Free Kick,United States,3857278,0 days 01:00:05,0,0,0,0,0,0,1,0,0
2,60,6,From Free Kick,United States,3857278,0 days 01:00:06,0,0,0,0,0,0,1,0,0
2,60,9,From Free Kick,Iran,3857278,0 days 01:00:09,1,0,0,0,0,0,0,0,0
2,60,11,From Free Kick,Iran,3857278,0 days 01:00:11,0,0,0,0,0,0,1,0,0
2,60,30,From Throw In,United States,3857278,0 days 01:00:30,0,0,0,0,0,0,1,0,0
2,60,31,From Throw In,United States,3857278,0 days 01:00:31,0,0,0,0,0,0,1,0,0
2,60,32,Regular Play,Iran,3857278,0 days 01:00:32,0,0,0,0,0,0,1,0,0
2,60,34,Regular Play,United States,3857278,0 days 01:00:34,0,0,0,0,1,0,0,0,0
2,60,46,From Free Kick,Iran,3857278,0 days 01:00:46,0,0,0,0,0,0,1,0,0
2,60,50,From Free Kick,Iran,3857278,0 days 01:00:50,0,0,0,0,0,0,1,0,0
2,60,52,From Free Kick,United States,3857278,0 days 01:00:52,0,0,0,0,1,0,0,0,0
2,60,54,From Free Kick,Iran,3857278,0 days 01:00:54,0,0,0,0,0,0,1,0,0
2,60,55,From Free Kick,Iran,3857278,0 days 01:00:55,0,0,0,0,0,0,1,0,0
2,60,58,From Free Kick,Iran,3857278,0 days 01:00:58,0,0,0,0,0,0,1,0,0
2,61,1,From Free Kick,Iran,3857278,0 days 01:01:01,0,0,0,0,0,0,1,0,0
2,61,4,From Free Kick,Iran,3857278,0 days 01:01:04,0,0,0,0,0,0,1,0,0
2,61,8,From Free Kick,Iran,3857278,0 days 01:01:08,0,0,0,0,0,0,1,0,0
2,61,12,From Free Kick,Iran,3857278,0 days 01:01:12,0,0,0,0,0,0,1,0,0
2,61,13,From Free Kick,United States,3857278,0 days 01:01:13,0,1,0,0,0,0,0,0,0
2,61,17,Regular Play,United States,3857278,0 days 01:01:17,1,0,0,0,0,0,0,0,0
2,61,23,Regular Play,United States,3857278,0 days 01:01:23,0,0,1,0,0,0,0,0,0
2,61,23,Regular Play,Iran,3857278,0 days 01:01:23,0,0,0,0,0,0,0,0,1
2,61,52,From Throw In,United States,3857278,0 days 01:01:52,0,0,0,0,0,0,1,0,0
2,61,53,From Throw In,United States,3857278,0 days 01:01:53,0,0,0,0,0,0,1,0,0
2,61,57,From Throw In,United States,3857278,0 days 01:01:57,0,0,0,0,0,0,1,0,0
2,61,59,From Throw In,United States,3857278,0 days 01:01:59,0,0,0,0,0,0,1,0,0
2,62,1,From Throw In,United States,3857278,0 days 01:02:01,0,0,0,0,0,0,1,0,0
2,62,2,From Throw In,United States,3857278,0 days 01:02:02,0,0,0,0,0,0,1,0,0
2,62,5,From Throw In,United States,3857278,0 days 01:02:05,0,0,0,0,0,0,1,0,0
2,62,11,From Throw In,United States,3857278,0 days 01:02:11,0,0,0,0,0,0,1,0,0
2,62,13,From Throw In,United States,3857278,0 days 01:02:13,0,0,0,0,0,0,1,0,0
2,62,22,From Throw In,United States,3857278,0 days 01:02:22,0,0,0,0,0,0,1,0,0
2,62,23,From Throw In,Iran,3857278,0 days 01:02:23,0,0,0,0,1,0,0,0,0
2,62,24,From Throw In,United States,3857278,0 days 01:02:24,1,0,0,0,0,0,0,0,0
2,62,25,From Throw In,United States,3857278,0 days 01:02:25,0,0,0,0,0,0,1,0,0
2,62,33,Regular Play,Iran,3857278,0 days 01:02:33,1,0,0,0,0,0,0,0,0
2,63,28,Regular Play,Iran,3857278,0 days 01:03:28,1,0,0,0,0,0,0,0,0
2,63,35,Other,Iran,3857278,0 days 01:03:35,0,0,0,0,0,0,1,0,0
2,63,39,Other,Iran,3857278,0 days 01:03:39,0,0,0,0,0,0,1,0,0
2,63,43,Other,Iran,3857278,0 days 01:03:43,0,0,0,0,0,0,1,0,0
2,63,47,Other,United States,3857278,0 days 01:03:47,0,0,0,0,1,0,0,0,0
2,63,49,Other,Iran,3857278,0 days 01:03:49,0,0,0,0,0,0,1,0,0
2,63,55,Other,Iran,3857278,0 days 01:03:55,0,0,0,0,0,0,1,0,0
2,63,56,Other,United States,3857278,0 days 01:03:56,0,1,0,0,0,0,0,0,0
2,64,0,Other,Iran,3857278,0 days 01:04:00,0,0,0,0,0,0,1,0,0
2,64,2,Other,United States,3857278,0 days 01:04:02,0,0,0,0,0,1,0,0,0
2,64,2,Other,United States,3857278,0 days 01:04:02,0,0,0,1,0,0,0,0,0
2,64,2,Other,Iran,3857278,0 days 01:04:02,0,0,0,0,0,0,0,0,1
2,64,5,Other,Iran,3857278,0 days 01:04:05,0,0,0,0,0,0,1,0,0
2,64,6,Other,Iran,3857278,0 days 01:04:06,0,0,0,0,1,0,0,0,0
2,64,51,From Free Kick,United States,3857278,0 days 01:04:51,0,0,0,0,0,0,1,0,0
2,64,55,From Free Kick,United States,3857278,0 days 01:04:55,0,0,0,0,0,0,1,0,0
2,64,58,From Free Kick,United States,3857278,0 days 01:04:58,0,0,0,0,0,0,1,0,0
2,65,1,Regular Play,Iran,3857278,0 days 01:05:01,0,0,0,0,0,0,1,0,0
2,65,5,Regular Play,Iran,3857278,0 days 01:05:05,0,0,0,0,0,0,1,0,0
2,65,8,Regular Play,Iran,3857278,0 days 01:05:08,0,0,0,0,0,0,1,0,0
2,65,13,Regular Play,Iran,3857278,0 days 01:05:13,0,0,0,0,0,0,1,0,0
2,65,14,Regular Play,Iran,3857278,0 days 01:05:14,0,0,0,0,0,0,1,0,0
2,65,16,Regular Play,Iran,3857278,0 days 01:05:16,0,0,0,0,0,0,1,0,0
2,65,18,Regular Play,Iran,3857278,0 days 01:05:18,0,0,0,0,0,0,1,0,0
2,65,19,Regular Play,United States,3857278,0 days 01:05:19,1,0,0,0,0,0,0,0,0
2,65,21,Regular Play,United States,3857278,0 days 01:05:21,0,0,0,0,0,0,1,0,0
2,65,25,Regular Play,United States,3857278,0 days 01:05:25,0,0,0,0,0,0,1,0,0
2,65,27,Regular Play,United States,3857278,0 days 01:05:27,0,0,0,1,0,0,0,0,0
2,65,30,Regular Play,United States,3857278,0 days 01:05:30,0,0,0,0,0,0,1,0,0
2,65,33,Regular Play,United States,3857278,0 days 01:05:33,0,0,0,0,0,0,1,0,0
2,65,36,Regular Play,United States,3857278,0 days 01:05:36,0,0,0,0,0,0,1,0,0
2,65,57,From Throw In,United States,3857278,0 days 01:05:57,0,0,0,0,0,0,1,0,0
2,65,58,From Throw In,United States,3857278,0 days 01:05:58,0,0,0,0,0,0,1,0,0
2,65,59,From Throw In,United States,3857278,0 days 01:05:59,0,0,0,0,0,0,1,0,0
2,66,3,From Throw In,United States,3857278,0 days 01:06:03,0,0,0,0,0,0,1,0,0
2,66,3,Regular Play,Iran,3857278,0 days 01:06:03,0,0,0,0,0,1,0,0,0
2,66,6,Regular Play,Iran,3857278,0 days 01:06:06,0,0,0,0,0,0,1,0,0
2,66,7,Regular Play,Iran,3857278,0 days 01:06:07,0,0,0,0,0,0,1,0,0
2,66,8,Regular Play,Iran,3857278,0 days 01:06:08,0,0,0,0,0,0,1,0,0
2,66,11,Regular Play,Iran,3857278,0 days 01:06:11,0,0,0,0,0,0,1,0,0
2,66,13,Regular Play,Iran,3857278,0 days 01:06:13,0,0,0,0,0,0,1,0,0
2,66,16,Regular Play,Iran,3857278,0 days 01:06:16,0,0,0,0,0,0,1,0,0
2,66,22,Regular Play,United States,3857278,0 days 01:06:22,0,0,0,0,0,0,1,0,0
2,66,24,Regular Play,United States,3857278,0 days 01:06:24,0,0,0,0,0,0,1,0,0
2,66,27,Regular Play,Iran,3857278,0 days 01:06:27,0,0,0,0,1,0,0,0,0
2,66,54,From Free Kick,United States,3857278,0 days 01:06:54,0,0,0,0,0,0,1,0,0
2,66,57,From Free Kick,Iran,3857278,0 days 01:06:57,0,0,0,0,1,0,0,0,0
2,57,0,Regular Play,France,3857279,0 days 00:57:00,0,0,0,0,0,0,1,0,0
2,57,4,Regular Play,France,3857279,0 days 00:57:04,0,0,0,0,0,0,1,0,0
2,57,6,Regular Play,France,3857279,0 days 00:57:06,0,0,0,0,0,0,1,0,0
2,57,7,Regular Play,France,3857279,0 days 00:57:07,0,0,0,0,0,0,1,0,0
2,57,9,Regular Play,France,3857279,0 days 00:57:09,0,0,0,0,0,0,1,0,0
2,57,11,Regular Play,France,3857279,0 days 00:57:11,0,0,0,0,0,0,1,0,0
2,57,15,Regular Play,France,3857279,0 days 00:57:15,0,0,0,0,0,0,1,0,0
2,57,17,Regular Play,France,3857279,0 days 00:57:17,0,0,0,0,0,0,1,0,0
2,57,26,Regular Play,France,3857279,0 days 00:57:26,0,0,0,0,0,0,1,0,0
2,57,27,Regular Play,Australia,3857279,0 days 00:57:27,0,1,0,0,0,0,0,0,0
2,57,30,Regular Play,France,3857279,0 days 00:57:30,0,0,0,0,0,0,1,0,0
2,57,34,Regular Play,France,3857279,0 days 00:57:34,0,0,0,0,0,0,1,0,0
2,57,36,Regular Play,France,3857279,0 days 00:57:36,0,0,0,0,0,0,1,0,0
2,57,42,Regular Play,France,3857279,0 days 00:57:42,0,0,0,0,0,0,1,0,0
2,57,45,Regular Play,France,3857279,0 days 00:57:45,0,0,0,0,0,0,1,0,0
2,57,48,Regular Play,France,3857279,0 days 00:57:48,0,0,0,0,0,0,1,0,0
2,57,49,Regular Play,France,3857279,0 days 00:57:49,0,0,0,0,0,0,1,0,0
2,57,50,Regular Play,France,3857279,0 days 00:57:50,0,0,0,0,0,0,1,0,0
2,57,52,Regular Play,France,3857279,0 days 00:57:52,0,0,0,0,0,0,1,0,0
2,57,54,Regular Play,Australia,3857279,0 days 00:57:54,0,0,0,0,0,0,1,0,0
2,57,55,Regular Play,France,3857279,0 days 00:57:55,0,0,0,0,0,1,0,0,0
2,57,57,Regular Play,France,3857279,0 days 00:57:57,0,0,0,0,0,0,1,0,0
2,57,58,Regular Play,France,3857279,0 days 00:57:58,0,0,0,0,0,0,1,0,0
2,58,3,Regular Play,France,3857279,0 days 00:58:03,0,0,0,0,0,0,1,0,0
2,58,6,Regular Play,France,3857279,0 days 00:58:06,0,0,0,0,0,0,1,0,0
2,58,8,Regular Play,France,3857279,0 days 00:58:08,0,0,0,0,0,0,1,0,0
2,58,11,Regular Play,France,3857279,0 days 00:58:11,0,0,0,0,0,0,1,0,0
2,58,14,Regular Play,France,3857279,0 days 00:58:14,0,0,0,0,0,0,1,0,0
2,58,17,Regular Play,France,3857279,0 days 00:58:17,0,0,0,0,0,0,1,0,0
2,58,20,Regular Play,France,3857279,0 days 00:58:20,0,0,0,0,0,0,1,0,0
2,58,22,Regular Play,France,3857279,0 days 00:58:22,0,0,0,0,0,0,1,0,0
2,58,24,Regular Play,France,3857279,0 days 00:58:24,0,0,0,0,0,0,1,0,0
2,58,25,Regular Play,France,3857279,0 days 00:58:25,0,0,0,0,0,0,1,0,0
2,58,27,Regular Play,France,3857279,0 days 00:58:27,0,0,0,0,0,0,1,0,0
2,58,29,Regular Play,France,3857279,0 days 00:58:29,0,0,0,0,0,0,1,0,0
2,58,31,Regular Play,France,3857279,0 days 00:58:31,0,0,0,0,0,0,1,0,0
2,58,32,Regular Play,France,3857279,0 days 00:58:32,0,0,0,0,0,0,1,0,0
2,58,34,Regular Play,France,3857279,0 days 00:58:34,0,0,0,0,0,0,1,0,0
2,58,36,Regular Play,France,3857279,0 days 00:58:36,0,0,0,0,0,0,1,0,0
2,58,38,Regular Play,France,3857279,0 days 00:58:38,0,0,0,0,0,0,1,0,0
2,58,39,Regular Play,France,3857279,0 days 00:58:39,0,0,0,0,0,0,1,0,0
2,58,40,Regular Play,France,3857279,0 days 00:58:40,0,0,0,0,0,0,1,0,0
2,58,58,From Throw In,Australia,3857279,0 days 00:58:58,0,0,0,0,0,0,1,0,0
2,59,0,From Throw In,Australia,3857279,0 days 00:59:00,0,0,0,0,0,0,1,0,0
2,59,1,From Throw In,Australia,3857279,0 days 00:59:01,0,0,1,0,0,0,0,0,0
2,59,1,Regular Play,France,3857279,0 days 00:59:01,0,0,0,0,0,0,0,0,1
2,59,2,Regular Play,France,3857279,0 days 00:59:02,1,0,0,0,0,0,0,0,0
2,59,3,Regular Play,France,3857279,0 days 00:59:03,0,0,0,1,0,0,0,0,0
2,59,3,Regular Play,France,3857279,0 days 00:59:03,0,0,0,0,0,0,1,0,0
2,59,8,Regular Play,France,3857279,0 days 00:59:08,0,0,0,0,0,0,1,0,0
2,59,12,Regular Play,France,3857279,0 days 00:59:12,0,0,0,0,0,0,1,0,0
2,59,14,Regular Play,France,3857279,0 days 00:59:14,0,0,0,0,0,0,1,0,0
2,59,16,Regular Play,France,3857279,0 days 00:59:16,0,0,0,0,0,0,1,0,0
2,59,18,Regular Play,Australia,3857279,0 days 00:59:18,1,0,0,0,0,0,0,0,0
2,59,19,Regular Play,Australia,3857279,0 days 00:59:19,0,0,0,0,0,0,1,0,0
2,59,26,From Throw In,France,3857279,0 days 00:59:26,0,0,0,0,0,0,1,0,0
2,59,30,From Throw In,France,3857279,0 days 00:59:30,0,0,0,0,0,0,1,0,0
2,59,35,From Throw In,France,3857279,0 days 00:59:35,0,0,0,0,0,0,1,0,0
2,59,38,From Throw In,France,3857279,0 days 00:59:38,0,0,0,0,0,0,1,0,0
2,59,40,From Throw In,France,3857279,0 days 00:59:40,0,0,0,0,0,0,1,0,0
2,59,43,From Throw In,France,3857279,0 days 00:59:43,0,0,0,0,0,0,1,0,0
2,59,47,From Throw In,France,3857279,0 days 00:59:47,0,0,0,0,0,0,1,0,0
2,59,51,From Throw In,France,3857279,0 days 00:59:51,0,0,0,0,0,0,1,0,0
2,59,54,From Throw In,France,3857279,0 days 00:59:54,0,0,0,0,0,0,1,0,0
2,59,56,From Throw In,France,3857279,0 days 00:59:56,0,0,0,0,0,0,1,0,0
2,59,59,From Throw In,France,3857279,0 days 00:59:59,0,0,0,0,0,0,1,0,0
2,60,1,From Throw In,France,3857279,0 days 01:00:01,0,0,0,0,0,0,1,0,0
2,60,3,From Throw In,France,3857279,0 days 01:00:03,0,0,0,0,0,0,1,0,0
2,60,5,From Throw In,Australia,3857279,0 days 01:00:05,0,0,0,0,0,1,0,0,0
2,60,5,From Throw In,Australia,3857279,0 days 01:00:05,0,0,0,0,1,0,0,0,0
2,60,7,From Throw In,France,3857279,0 days 01:00:07,1,0,0,0,0,0,0,0,0
2,60,8,From Throw In,France,3857279,0 days 01:00:08,0,0,0,0,0,0,1,0,0
2,60,9,From Throw In,France,3857279,0 days 01:00:09,0,0,0,0,0,0,1,0,0
2,60,10,From Throw In,France,3857279,0 days 01:00:10,0,0,0,0,0,0,1,0,0
2,60,12,From Throw In,France,3857279,0 days 01:00:12,0,0,0,0,0,0,0,1,0
2,61,8,From Corner,France,3857279,0 days 01:01:08,0,0,0,0,0,0,1,0,0
2,61,8,From Corner,Australia,3857279,0 days 01:01:08,0,1,0,0,0,0,0,0,0
2,61,15,From Corner,France,3857279,0 days 01:01:15,0,0,0,0,0,0,1,0,0
2,61,20,From Corner,France,3857279,0 days 01:01:20,0,0,0,0,0,0,1,0,0
2,61,24,From Corner,France,3857279,0 days 01:01:24,0,0,0,0,0,0,1,0,0
2,61,27,From Corner,France,3857279,0 days 01:01:27,0,0,0,0,0,0,1,0,0
2,61,32,From Corner,France,3857279,0 days 01:01:32,0,0,0,0,0,0,1,0,0
2,61,34,From Corner,France,3857279,0 days 01:01:34,0,0,0,0,0,0,1,0,0
2,61,36,From Corner,France,3857279,0 days 01:01:36,0,0,0,0,0,0,1,0,0
2,61,47,From Corner,France,3857279,0 days 01:01:47,0,0,0,0,0,0,1,0,0
2,61,49,From Corner,France,3857279,0 days 01:01:49,0,0,0,1,0,0,0,0,0
2,61,50,From Corner,France,3857279,0 days 01:01:50,0,0,0,0,0,0,1,0,0
2,61,52,From Corner,France,3857279,0 days 01:01:52,0,0,0,0,0,0,1,0,0
2,61,55,From Corner,France,3857279,0 days 01:01:55,0,0,0,0,0,0,1,0,0
2,61,58,From Corner,France,3857279,0 days 01:01:58,0,0,0,0,0,0,1,0,0
2,62,0,From Corner,France,3857279,0 days 01:02:00,0,0,0,0,0,0,0,1,0
2,62,1,From Corner,France,3857279,0 days 01:02:01,1,0,0,0,0,0,0,0,0
2,62,2,From Corner,France,3857279,0 days 01:02:02,0,0,0,1,0,0,0,0,0
2,62,2,From Corner,Australia,3857279,0 days 01:02:02,0,0,0,0,0,0,0,0,1
2,62,30,From Corner,France,3857279,0 days 01:02:30,0,0,0,0,0,0,1,0,0
2,62,31,From Corner,France,3857279,0 days 01:02:31,0,0,0,0,0,0,0,1,0
2,63,6,From Goal Kick,Australia,3857279,0 days 01:03:06,0,0,0,0,0,0,1,0,0
2,63,9,From Goal Kick,Australia,3857279,0 days 01:03:09,0,0,0,0,0,0,1,0,0
2,63,16,From Throw In,France,3857279,0 days 01:03:16,0,0,0,0,0,0,1,0,0
2,63,18,From Throw In,France,3857279,0 days 01:03:18,0,0,0,0,0,0,1,0,0
2,63,22,From Throw In,France,3857279,0 days 01:03:22,0,0,0,0,0,0,1,0,0
2,63,26,From Throw In,France,3857279,0 days 01:03:26,0,0,0,0,0,0,1,0,0
2,63,29,Regular Play,Australia,3857279,0 days 01:03:29,0,0,0,0,0,0,1,0,0
2,63,32,Regular Play,Australia,3857279,0 days 01:03:32,0,0,0,0,0,0,1,0,0
2,63,35,Regular Play,Australia,3857279,0 days 01:03:35,0,0,0,1,0,0,0,0,0
2,63,36,Regular Play,Australia,3857279,0 days 01:03:36,0,0,0,1,0,0,0,0,0
2,63,37,Regular Play,France,3857279,0 days 01:03:37,0,0,0,0,0,0,1,0,0
2,63,38,Regular Play,France,3857279,0 days 01:03:38,0,0,0,0,0,0,1,0,0
2,63,39,Regular Play,Australia,3857279,0 days 01:03:39,0,0,0,0,1,0,0,0,0
2,63,44,From Free Kick,France,3857279,0 days 01:03:44,0,0,0,0,0,0,1,0,0
2,63,46,From Free Kick,France,3857279,0 days 01:03:46,0,0,0,0,0,0,1,0,0
2,63,51,From Free Kick,France,3857279,0 days 01:03:51,0,0,0,0,0,0,0,1,0
2,63,54,From Free Kick,France,3857279,0 days 01:03:54,1,0,0,0,0,0,0,0,0
2,63,56,From Free Kick,France,3857279,0 days 01:03:56,0,0,0,0,0,0,1,0,0
2,63,59,From Free Kick,France,3857279,0 days 01:03:59,0,0,0,0,0,0,1,0,0
2,64,2,From Free Kick,France,3857279,0 days 01:04:02,0,0,0,0,0,0,1,0,0
2,64,3,From Free Kick,France,3857279,0 days 01:04:03,0,0,0,0,0,0,1,0,0
2,64,5,From Free Kick,France,3857279,0 days 01:04:05,0,0,0,0,0,0,1,0,0
2,64,7,From Free Kick,France,3857279,0 days 01:04:07,0,0,0,0,0,0,1,0,0
2,64,9,From Free Kick,France,3857279,0 days 01:04:09,0,0,0,0,0,0,1,0,0
2,64,11,From Free Kick,France,3857279,0 days 01:04:11,0,0,0,0,0,0,1,0,0
2,64,13,From Free Kick,France,3857279,0 days 01:04:13,0,0,0,0,0,0,1,0,0
2,64,18,From Free Kick,France,3857279,0 days 01:04:18,0,0,0,0,0,0,1,0,0
2,64,21,From Free Kick,France,3857279,0 days 01:04:21,0,0,0,0,0,0,1,0,0
2,64,22,From Free Kick,France,3857279,0 days 01:04:22,0,0,0,0,0,0,1,0,0
2,64,26,From Free Kick,France,3857279,0 days 01:04:26,0,0,0,0,0,0,1,0,0
2,64,30,From Free Kick,France,3857279,0 days 01:04:30,0,0,0,0,0,0,1,0,0
2,65,32,From Throw In,Australia,3857279,0 days 01:05:32,0,0,0,0,0,0,1,0,0
2,65,34,Regular Play,France,3857279,0 days 01:05:34,1,0,0,0,0,0,0,0,0
2,65,36,Regular Play,France,3857279,0 days 01:05:36,0,0,0,0,0,0,1,0,0
2,65,40,Regular Play,France,3857279,0 days 01:05:40,0,0,0,0,0,0,1,0,0
2,65,42,Regular Play,France,3857279,0 days 01:05:42,0,0,0,0,0,0,1,0,0
2,65,44,Regular Play,France,3857279,0 days 01:05:44,0,0,0,0,0,0,1,0,0
2,65,45,Regular Play,France,3857279,0 days 01:05:45,0,0,0,0,0,0,1,0,0
2,65,47,Regular Play,France,3857279,0 days 01:05:47,0,0,0,0,0,0,1,0,0
2,65,51,Regular Play,France,3857279,0 days 01:05:51,0,0,0,0,0,0,1,0,0
2,65,54,Regular Play,France,3857279,0 days 01:05:54,0,0,0,0,0,0,1,0,0
2,65,57,Regular Play,France,3857279,0 days 01:05:57,0,0,0,0,0,0,1,0,0
2,66,3,Regular Play,France,3857279,0 days 01:06:03,0,0,0,0,0,0,1,0,0
2,66,6,Regular Play,France,3857279,0 days 01:06:06,0,0,0,0,0,0,1,0,0
2,66,7,Regular Play,France,3857279,0 days 01:06:07,0,0,0,0,0,0,1,0,0
2,66,8,Regular Play,France,3857279,0 days 01:06:08,0,0,0,0,0,0,1,0,0
2,66,12,Regular Play,France,3857279,0 days 01:06:12,0,0,0,0,0,0,1,0,0
2,66,14,Regular Play,France,3857279,0 days 01:06:14,0,0,0,0,0,0,1,0,0
2,66,16,Regular Play,France,3857279,0 days 01:06:16,0,0,0,0,0,0,1,0,0
2,66,18,Regular Play,France,3857279,0 days 01:06:18,1,0,0,0,0,0,0,0,0
2,66,21,Regular Play,France,3857279,0 days 01:06:21,0,0,0,0,0,0,1,0,0
2,66,21,Regular Play,France,3857279,0 days 01:06:21,0,0,0,0,0,0,1,0,0
2,66,23,Regular Play,France,3857279,0 days 01:06:23,0,0,0,0,0,0,1,0,0
2,66,26,Regular Play,France,3857279,0 days 01:06:26,0,0,0,0,0,0,1,0,0
2,66,27,Regular Play,France,3857279,0 days 01:06:27,0,0,0,0,0,0,1,0,0
2,66,29,Regular Play,France,3857279,0 days 01:06:29,0,0,0,0,0,0,1,0,0
2,66,30,Regular Play,France,3857279,0 days 01:06:30,0,0,0,0,0,0,0,1,0
2,66,31,Regular Play,Australia,3857279,0 days 01:06:31,0,1,0,0,0,0,0,0,0
2,66,32,Regular Play,Australia,3857279,0 days 01:06:32,1,0,0,0,0,0,0,0,0
2,66,35,Regular Play,France,3857279,0 days 01:06:35,1,0,0,0,0,0,0,0,0
2,66,38,Regular Play,France,3857279,0 days 01:06:38,0,0,0,0,0,0,1,0,0
2,66,42,Regular Play,France,3857279,0 days 01:06:42,0,0,0,0,0,0,1,0,0
2,66,44,Regular Play,France,3857279,0 days 01:06:44,0,0,0,0,0,0,1,0,0
2,66,45,Regular Play,France,3857279,0 days 01:06:45,0,0,0,0,0,0,1,0,0
2,66,46,Regular Play,France,3857279,0 days 01:06:46,0,0,0,0,0,0,1,0,0
2,66,48,Regular Play,France,3857279,0 days 01:06:48,0,0,0,0,0,0,1,0,0
2,66,51,Regular Play,France,3857279,0 days 01:06:51,0,0,0,0,0,0,1,0,0
2,66,54,Regular Play,France,3857279,0 days 01:06:54,0,0,0,0,0,0,0,1,0
2,66,57,Regular Play,France,3857279,0 days 01:06:57,1,0,0,0,0,0,0,0,0
2,57,3,From Corner,Cameroon,3857280,0 days 00:57:03,0,0,0,0,1,0,0,0,0
2,57,7,From Free Kick,Brazil,3857280,0 days 00:57:07,0,0,0,0,0,0,1,0,0
2,57,12,From Free Kick,Brazil,3857280,0 days 00:57:12,0,0,0,0,0,0,1,0,0
2,57,15,From Free Kick,Brazil,3857280,0 days 00:57:15,0,0,0,0,0,0,0,1,0
2,57,46,From Corner,Brazil,3857280,0 days 00:57:46,0,0,0,0,0,0,1,0,0
2,57,48,From Corner,Brazil,3857280,0 days 00:57:48,0,0,0,0,1,0,0,0,0
2,59,7,From Free Kick,Cameroon,3857280,0 days 00:59:07,0,0,0,0,0,0,1,0,0
2,59,11,From Free Kick,Brazil,3857280,0 days 00:59:11,0,0,0,0,1,0,0,0,0
2,59,57,From Free Kick,Cameroon,3857280,0 days 00:59:57,0,0,0,0,0,0,1,0,0
2,59,59,From Free Kick,Cameroon,3857280,0 days 00:59:59,0,0,0,0,0,0,1,0,0
2,60,0,From Free Kick,Brazil,3857280,0 days 01:00:00,0,1,0,0,0,0,0,0,0
2,60,2,Regular Play,Brazil,3857280,0 days 01:00:02,0,0,0,0,0,0,1,0,0
2,60,4,Regular Play,Cameroon,3857280,0 days 01:00:04,0,0,0,0,1,0,0,0,0
2,60,26,From Free Kick,Brazil,3857280,0 days 01:00:26,0,0,0,0,0,0,1,0,0
2,60,29,From Free Kick,Brazil,3857280,0 days 01:00:29,0,0,0,0,0,0,1,0,0
2,60,36,From Free Kick,Brazil,3857280,0 days 01:00:36,0,0,0,0,0,0,1,0,0
2,60,38,From Free Kick,Brazil,3857280,0 days 01:00:38,0,0,1,0,0,0,0,0,0
2,60,38,From Free Kick,Cameroon,3857280,0 days 01:00:38,0,0,0,0,0,0,0,0,1
2,60,40,From Free Kick,Cameroon,3857280,0 days 01:00:40,1,0,0,0,0,0,0,0,0
2,60,42,From Free Kick,Cameroon,3857280,0 days 01:00:42,0,0,1,0,0,0,0,0,0
2,60,42,From Free Kick,Brazil,3857280,0 days 01:00:42,0,0,0,0,0,0,0,0,1
2,60,44,From Free Kick,Brazil,3857280,0 days 01:00:44,1,0,0,0,0,0,0,0,0
2,60,44,From Free Kick,Brazil,3857280,0 days 01:00:44,0,0,0,0,0,0,1,0,0
2,60,47,From Free Kick,Brazil,3857280,0 days 01:00:47,1,0,0,0,0,0,0,0,0
2,60,48,From Free Kick,Brazil,3857280,0 days 01:00:48,0,0,0,1,0,0,0,0,0
2,60,50,From Free Kick,Brazil,3857280,0 days 01:00:50,0,0,0,0,0,0,1,0,0
2,60,52,From Free Kick,Brazil,3857280,0 days 01:00:52,0,0,0,0,0,0,1,0,0
2,60,52,From Free Kick,Cameroon,3857280,0 days 01:00:52,0,1,0,0,0,0,0,0,0
2,60,54,From Free Kick,Cameroon,3857280,0 days 01:00:54,0,0,0,0,0,0,1,0,0
2,60,57,From Free Kick,Brazil,3857280,0 days 01:00:57,0,0,0,0,0,0,1,0,0
2,61,0,From Free Kick,Brazil,3857280,0 days 01:01:00,0,0,0,0,0,0,1,0,0
2,61,3,From Free Kick,Brazil,3857280,0 days 01:01:03,0,0,0,0,0,0,1,0,0
2,61,5,From Free Kick,Brazil,3857280,0 days 01:01:05,0,0,0,0,0,0,1,0,0
2,61,8,From Free Kick,Brazil,3857280,0 days 01:01:08,0,0,0,0,0,0,1,0,0
2,61,10,From Free Kick,Brazil,3857280,0 days 01:01:10,0,0,1,0,0,0,0,0,0
2,61,10,Regular Play,Cameroon,3857280,0 days 01:01:10,0,0,0,0,0,0,0,0,1
2,61,11,Regular Play,Cameroon,3857280,0 days 01:01:11,1,0,0,0,0,0,0,0,0
2,61,12,Regular Play,Cameroon,3857280,0 days 01:01:12,0,0,0,0,0,0,1,0,0
2,61,17,Regular Play,Cameroon,3857280,0 days 01:01:17,0,0,0,0,0,0,1,0,0
2,61,20,Regular Play,Cameroon,3857280,0 days 01:01:20,0,0,0,0,0,0,1,0,0
2,61,25,Regular Play,Cameroon,3857280,0 days 01:01:25,0,0,0,0,0,0,1,0,0
2,61,26,Regular Play,Cameroon,3857280,0 days 01:01:26,0,0,0,0,0,0,1,0,0
2,61,29,Regular Play,Cameroon,3857280,0 days 01:01:29,0,0,0,0,0,0,1,0,0
2,61,35,Regular Play,Cameroon,3857280,0 days 01:01:35,0,0,0,0,0,0,1,0,0
2,61,42,Regular Play,Cameroon,3857280,0 days 01:01:42,0,0,0,0,0,0,1,0,0
2,61,45,Regular Play,Brazil,3857280,0 days 01:01:45,1,0,0,0,0,0,0,0,0
2,61,50,Regular Play,Brazil,3857280,0 days 01:01:50,1,0,0,0,0,0,0,0,0
2,61,55,Regular Play,Brazil,3857280,0 days 01:01:55,0,0,0,0,0,0,1,0,0
2,62,3,Regular Play,Brazil,3857280,0 days 01:02:03,0,0,0,0,0,0,1,0,0
2,62,5,Regular Play,Brazil,3857280,0 days 01:02:05,0,0,0,0,0,0,1,0,0
2,62,9,Regular Play,Brazil,3857280,0 days 01:02:09,0,0,0,0,0,0,1,0,0
2,62,11,Regular Play,Brazil,3857280,0 days 01:02:11,0,0,0,0,0,0,1,0,0
2,62,14,Regular Play,Brazil,3857280,0 days 01:02:14,0,0,0,0,0,0,1,0,0
2,62,18,Regular Play,Brazil,3857280,0 days 01:02:18,0,0,0,0,0,0,1,0,0
2,62,21,Regular Play,Brazil,3857280,0 days 01:02:21,0,0,0,0,0,0,1,0,0
2,62,24,Regular Play,Brazil,3857280,0 days 01:02:24,0,0,0,0,0,0,1,0,0
2,62,29,Regular Play,Brazil,3857280,0 days 01:02:29,0,0,0,0,0,0,1,0,0
2,62,31,Regular Play,Brazil,3857280,0 days 01:02:31,0,0,0,0,0,0,1,0,0
2,62,34,Regular Play,Brazil,3857280,0 days 01:02:34,0,0,0,0,0,0,1,0,0
2,62,35,Regular Play,Brazil,3857280,0 days 01:02:35,0,0,0,0,0,0,1,0,0
2,62,37,Regular Play,Brazil,3857280,0 days 01:02:37,0,0,0,0,0,0,1,0,0
2,62,41,Regular Play,Brazil,3857280,0 days 01:02:41,0,0,0,0,0,0,1,0,0
2,62,43,Regular Play,Cameroon,3857280,0 days 01:02:43,0,1,0,0,0,0,0,0,0
2,62,45,Regular Play,Cameroon,3857280,0 days 01:02:45,1,0,0,0,0,0,0,0,0
2,62,45,Regular Play,Brazil,3857280,0 days 01:02:45,0,0,0,0,1,0,0,0,0
2,63,43,From Free Kick,Cameroon,3857280,0 days 01:03:43,0,0,0,0,0,0,1,0,0
2,63,45,From Free Kick,Cameroon,3857280,0 days 01:03:45,0,0,0,0,0,0,1,0,0
2,63,54,From Throw In,Brazil,3857280,0 days 01:03:54,0,0,0,0,0,0,1,0,0
2,63,57,From Throw In,Brazil,3857280,0 days 01:03:57,0,0,0,0,0,0,1,0,0
2,64,0,From Throw In,Brazil,3857280,0 days 01:04:00,0,0,0,0,0,0,1,0,0
2,64,4,From Throw In,Brazil,3857280,0 days 01:04:04,0,0,0,0,0,0,1,0,0
2,64,5,From Throw In,Brazil,3857280,0 days 01:04:05,0,0,0,0,0,0,1,0,0
2,64,8,From Throw In,Brazil,3857280,0 days 01:04:08,0,0,0,0,0,0,1,0,0
2,64,17,From Keeper,Cameroon,3857280,0 days 01:04:17,0,0,0,0,0,0,1,0,0
2,64,22,From Keeper,Cameroon,3857280,0 days 01:04:22,0,0,0,0,0,0,1,0,0
2,64,24,From Keeper,Cameroon,3857280,0 days 01:04:24,0,0,0,0,0,0,1,0,0
2,64,27,From Keeper,Cameroon,3857280,0 days 01:04:27,0,0,0,0,0,0,1,0,0
2,64,29,Regular Play,Brazil,3857280,0 days 01:04:29,0,0,0,0,0,0,1,0,0
2,64,32,Regular Play,Brazil,3857280,0 days 01:04:32,0,0,0,0,0,0,1,0,0
2,64,36,Regular Play,Brazil,3857280,0 days 01:04:36,0,0,0,0,0,0,1,0,0
2,65,9,From Goal Kick,Cameroon,3857280,0 days 01:05:09,0,0,0,0,0,0,1,0,0
2,65,13,From Goal Kick,Cameroon,3857280,0 days 01:05:13,0,0,0,0,0,0,1,0,0
2,65,17,From Goal Kick,Cameroon,3857280,0 days 01:05:17,0,0,1,0,0,0,0,0,0
2,65,17,From Counter,Brazil,3857280,0 days 01:05:17,0,0,0,0,0,0,0,0,1
2,65,18,From Counter,Brazil,3857280,0 days 01:05:18,1,0,0,0,0,0,0,0,0
2,65,21,From Counter,Brazil,3857280,0 days 01:05:21,0,0,1,0,0,0,0,0,0
2,65,21,Regular Play,Cameroon,3857280,0 days 01:05:21,0,0,0,0,0,0,0,0,1
2,65,30,From Throw In,Brazil,3857280,0 days 01:05:30,0,0,0,0,0,0,1,0,0
2,65,31,From Throw In,Brazil,3857280,0 days 01:05:31,0,0,0,0,0,0,1,0,0
2,65,32,From Throw In,Brazil,3857280,0 days 01:05:32,0,0,0,0,0,0,1,0,0
2,65,33,From Throw In,Cameroon,3857280,0 days 01:05:33,0,0,0,0,0,0,1,0,0
2,65,35,From Throw In,Brazil,3857280,0 days 01:05:35,0,0,0,0,1,0,0,0,0
2,65,55,From Free Kick,Cameroon,3857280,0 days 01:05:55,0,0,0,0,0,0,1,0,0
2,66,0,From Free Kick,Cameroon,3857280,0 days 01:06:00,0,0,0,0,0,0,1,0,0
2,66,3,From Free Kick,Cameroon,3857280,0 days 01:06:03,0,0,0,0,0,0,1,0,0
2,66,7,From Free Kick,Cameroon,3857280,0 days 01:06:07,0,0,0,0,0,0,1,0,0
2,66,10,From Free Kick,Cameroon,3857280,0 days 01:06:10,0,0,0,0,0,0,1,0,0
2,66,13,From Free Kick,Cameroon,3857280,0 days 01:06:13,0,0,0,0,0,0,1,0,0
2,66,19,From Free Kick,Cameroon,3857280,0 days 01:06:19,0,0,0,0,0,0,1,0,0
2,66,20,From Free Kick,Cameroon,3857280,0 days 01:06:20,0,0,0,0,0,0,1,0,0
2,66,22,From Free Kick,Cameroon,3857280,0 days 01:06:22,0,0,0,0,0,0,1,0,0
2,66,23,From Free Kick,Cameroon,3857280,0 days 01:06:23,0,0,0,0,0,0,1,0,0
2,66,26,From Free Kick,Brazil,3857280,0 days 01:06:26,1,0,0,0,0,0,0,0,0
2,66,26,From Free Kick,Brazil,3857280,0 days 01:06:26,0,0,0,0,0,0,1,0,0
2,66,32,From Free Kick,Brazil,3857280,0 days 01:06:32,0,0,1,0,0,0,0,0,0
2,66,32,From Free Kick,Cameroon,3857280,0 days 01:06:32,0,0,0,0,0,0,0,0,1
2,66,34,From Free Kick,Cameroon,3857280,0 days 01:06:34,1,0,0,0,0,0,0,0,0
2,66,35,From Free Kick,Cameroon,3857280,0 days 01:06:35,0,0,0,0,0,0,1,0,0
2,66,39,From Free Kick,Cameroon,3857280,0 days 01:06:39,0,0,0,0,0,0,1,0,0
2,66,46,From Free Kick,Cameroon,3857280,0 days 01:06:46,0,0,0,0,0,0,1,0,0
2,66,49,From Free Kick,Cameroon,3857280,0 days 01:06:49,0,0,0,0,0,0,1,0,0
2,66,50,Regular Play,Brazil,3857280,0 days 01:06:50,0,0,0,0,0,0,1,0,0
2,57,0,Regular Play,Canada,3857281,0 days 00:57:00,1,0,0,0,0,0,0,0,0
2,57,2,Regular Play,Canada,3857281,0 days 00:57:02,0,0,0,0,0,0,1,0,0
2,57,3,Regular Play,Canada,3857281,0 days 00:57:03,0,0,0,0,0,0,1,0,0
2,57,6,Regular Play,Canada,3857281,0 days 00:57:06,0,0,0,0,0,0,1,0,0
2,57,6,Regular Play,Croatia,3857281,0 days 00:57:06,0,0,0,0,0,1,0,0,0
2,57,9,Regular Play,Croatia,3857281,0 days 00:57:09,0,0,0,0,0,0,1,0,0
2,57,12,From Keeper,Canada,3857281,0 days 00:57:12,0,0,0,0,0,0,1,0,0
2,57,18,From Keeper,Canada,3857281,0 days 00:57:18,0,0,0,0,0,0,1,0,0
2,57,24,From Keeper,Canada,3857281,0 days 00:57:24,0,0,0,0,0,0,1,0,0
2,57,26,From Keeper,Canada,3857281,0 days 00:57:26,0,0,0,0,0,0,0,1,0
2,57,30,From Keeper,Croatia,3857281,0 days 00:57:30,1,0,0,0,0,0,0,0,0
2,57,34,From Keeper,Croatia,3857281,0 days 00:57:34,0,0,0,0,0,0,1,0,0
2,57,38,From Keeper,Canada,3857281,0 days 00:57:38,1,0,0,0,0,0,0,0,0
2,57,41,From Keeper,Canada,3857281,0 days 00:57:41,0,0,0,0,0,0,1,0,0
2,57,44,From Keeper,Canada,3857281,0 days 00:57:44,0,0,0,0,0,0,1,0,0
2,57,47,From Keeper,Canada,3857281,0 days 00:57:47,0,0,0,0,0,0,1,0,0
2,57,48,From Keeper,Canada,3857281,0 days 00:57:48,0,0,0,0,0,0,1,0,0
2,57,51,From Keeper,Canada,3857281,0 days 00:57:51,0,0,0,0,0,0,1,0,0
2,57,55,From Keeper,Canada,3857281,0 days 00:57:55,0,0,0,0,0,0,1,0,0
2,57,57,From Keeper,Canada,3857281,0 days 00:57:57,0,0,0,0,0,0,1,0,0
2,58,1,From Keeper,Canada,3857281,0 days 00:58:01,0,0,0,0,0,0,1,0,0
2,58,3,From Keeper,Canada,3857281,0 days 00:58:03,0,0,0,0,0,0,1,0,0
2,58,4,From Keeper,Canada,3857281,0 days 00:58:04,0,0,0,0,0,0,1,0,0
2,58,6,From Keeper,Canada,3857281,0 days 00:58:06,0,0,0,0,0,0,1,0,0
2,58,16,From Keeper,Canada,3857281,0 days 00:58:16,0,0,0,0,0,0,1,0,0
2,58,18,From Keeper,Canada,3857281,0 days 00:58:18,0,0,0,1,0,0,0,0,0
2,58,18,Regular Play,Croatia,3857281,0 days 00:58:18,0,0,0,0,0,0,0,0,1
2,58,19,Regular Play,Croatia,3857281,0 days 00:58:19,1,0,0,0,0,0,0,0,0
2,58,20,Regular Play,Croatia,3857281,0 days 00:58:20,0,0,0,0,0,0,1,0,0
2,58,21,Regular Play,Croatia,3857281,0 days 00:58:21,0,0,0,1,0,0,0,0,0
2,58,25,Regular Play,Croatia,3857281,0 days 00:58:25,0,0,0,0,0,0,1,0,0
2,58,26,Regular Play,Canada,3857281,0 days 00:58:26,0,0,0,0,0,1,0,0,0
2,58,27,Regular Play,Canada,3857281,0 days 00:58:27,0,0,0,0,0,0,1,0,0
2,58,29,Regular Play,Canada,3857281,0 days 00:58:29,0,0,0,0,0,0,1,0,0
2,58,32,Regular Play,Canada,3857281,0 days 00:58:32,0,0,0,0,0,0,1,0,0
2,58,35,Regular Play,Canada,3857281,0 days 00:58:35,0,0,0,1,0,0,0,0,0
2,58,35,Regular Play,Croatia,3857281,0 days 00:58:35,0,0,0,0,0,0,0,0,1
2,58,37,Regular Play,Croatia,3857281,0 days 00:58:37,1,0,0,0,0,0,0,0,0
2,58,39,Regular Play,Croatia,3857281,0 days 00:58:39,0,0,0,0,0,0,1,0,0
2,59,2,From Throw In,Croatia,3857281,0 days 00:59:02,0,0,0,0,0,0,1,0,0
2,59,3,From Throw In,Croatia,3857281,0 days 00:59:03,0,0,0,0,0,0,1,0,0
2,59,4,Regular Play,Canada,3857281,0 days 00:59:04,0,0,0,0,0,0,1,0,0
2,59,6,Regular Play,Canada,3857281,0 days 00:59:06,0,0,0,0,0,0,1,0,0
2,59,16,Regular Play,Canada,3857281,0 days 00:59:16,0,0,0,0,0,0,1,0,0
2,59,18,Regular Play,Croatia,3857281,0 days 00:59:18,0,0,0,0,0,0,1,0,0
2,59,20,Regular Play,Croatia,3857281,0 days 00:59:20,0,0,0,0,0,0,1,0,0
2,59,21,Regular Play,Croatia,3857281,0 days 00:59:21,0,0,0,0,0,0,1,0,0
2,59,25,Regular Play,Croatia,3857281,0 days 00:59:25,0,0,0,0,0,0,1,0,0
2,59,27,Regular Play,Canada,3857281,0 days 00:59:27,0,1,0,0,0,0,0,0,0
2,60,10,From Throw In,Croatia,3857281,0 days 01:00:10,0,0,0,0,0,0,1,0,0
2,60,16,From Throw In,Croatia,3857281,0 days 01:00:16,0,0,0,0,0,0,1,0,0
2,60,36,From Throw In,Canada,3857281,0 days 01:00:36,0,0,0,0,0,0,1,0,0
2,60,38,From Throw In,Croatia,3857281,0 days 01:00:38,0,0,0,0,0,0,1,0,0
2,60,39,From Throw In,Canada,3857281,0 days 01:00:39,0,0,0,0,0,0,1,0,0
2,60,50,From Throw In,Croatia,3857281,0 days 01:00:50,0,0,0,0,0,0,1,0,0
2,60,52,From Throw In,Croatia,3857281,0 days 01:00:52,0,0,0,0,0,0,1,0,0
2,60,54,From Throw In,Croatia,3857281,0 days 01:00:54,0,0,0,0,0,0,1,0,0
2,60,54,From Throw In,Croatia,3857281,0 days 01:00:54,0,0,0,0,0,0,1,0,0
2,60,55,From Throw In,Croatia,3857281,0 days 01:00:55,0,0,0,0,0,0,1,0,0
2,60,55,From Counter,Canada,3857281,0 days 01:00:55,0,0,0,0,0,1,0,0,0
2,60,58,From Counter,Canada,3857281,0 days 01:00:58,0,0,1,0,0,0,0,0,0
2,60,58,From Counter,Croatia,3857281,0 days 01:00:58,0,0,0,0,0,0,0,0,1
2,60,59,From Counter,Canada,3857281,0 days 01:00:59,1,0,0,0,0,0,0,0,0
2,61,2,From Counter,Canada,3857281,0 days 01:01:02,0,0,0,1,0,0,0,0,0
2,61,3,From Counter,Canada,3857281,0 days 01:01:03,0,0,0,1,0,0,0,0,0
2,61,3,Regular Play,Croatia,3857281,0 days 01:01:03,0,0,0,0,0,0,0,0,1
2,61,36,From Throw In,Canada,3857281,0 days 01:01:36,0,0,0,0,0,0,1,0,0
2,61,40,From Throw In,Croatia,3857281,0 days 01:01:40,0,0,0,0,1,0,0,0,0
2,62,33,From Free Kick,Canada,3857281,0 days 01:02:33,0,0,0,0,0,0,0,1,0
2,62,39,From Throw In,Canada,3857281,0 days 01:02:39,0,0,0,0,0,0,1,0,0
2,62,41,From Throw In,Canada,3857281,0 days 01:02:41,0,0,0,0,0,0,1,0,0
2,62,42,From Throw In,Canada,3857281,0 days 01:02:42,0,0,0,0,0,0,1,0,0
2,62,45,From Throw In,Canada,3857281,0 days 01:02:45,0,0,0,0,0,0,1,0,0
2,62,48,From Counter,Croatia,3857281,0 days 01:02:48,1,0,0,0,0,0,0,0,0
2,63,7,From Counter,Croatia,3857281,0 days 01:03:07,0,0,0,0,0,0,1,0,0
2,63,11,From Counter,Croatia,3857281,0 days 01:03:11,0,0,0,0,0,0,1,0,0
2,63,13,From Counter,Croatia,3857281,0 days 01:03:13,0,0,0,0,0,0,1,0,0
2,63,14,From Counter,Croatia,3857281,0 days 01:03:14,0,0,0,0,0,0,1,0,0
2,63,17,Regular Play,Canada,3857281,0 days 01:03:17,1,0,0,0,0,0,0,0,0
2,63,20,Regular Play,Canada,3857281,0 days 01:03:20,0,0,0,0,0,0,1,0,0
2,63,25,Regular Play,Canada,3857281,0 days 01:03:25,0,0,0,0,0,0,1,0,0
2,63,27,Regular Play,Canada,3857281,0 days 01:03:27,0,0,0,0,0,0,1,0,0
2,63,35,Regular Play,Canada,3857281,0 days 01:03:35,0,0,0,0,0,0,1,0,0
2,63,38,Regular Play,Croatia,3857281,0 days 01:03:38,0,0,0,0,0,1,0,0,0
2,63,46,From Throw In,Canada,3857281,0 days 01:03:46,0,0,0,0,0,0,1,0,0
2,63,48,From Throw In,Canada,3857281,0 days 01:03:48,0,0,0,0,0,0,1,0,0
2,63,51,From Throw In,Canada,3857281,0 days 01:03:51,0,0,0,0,0,0,1,0,0
2,63,54,Regular Play,Croatia,3857281,0 days 01:03:54,0,0,0,0,0,0,1,0,0
2,63,56,Regular Play,Croatia,3857281,0 days 01:03:56,0,0,0,0,0,0,1,0,0
2,64,5,Regular Play,Croatia,3857281,0 days 01:04:05,0,0,0,0,0,0,1,0,0
2,64,7,Regular Play,Croatia,3857281,0 days 01:04:07,0,0,0,0,0,0,1,0,0
2,64,9,Regular Play,Croatia,3857281,0 days 01:04:09,0,0,0,0,0,0,1,0,0
2,64,14,Regular Play,Croatia,3857281,0 days 01:04:14,0,0,0,0,0,0,1,0,0
2,64,19,Regular Play,Croatia,3857281,0 days 01:04:19,0,0,0,0,0,0,1,0,0
2,64,22,Regular Play,Canada,3857281,0 days 01:04:22,0,1,0,0,0,0,0,0,0
2,64,50,From Throw In,Croatia,3857281,0 days 01:04:50,0,0,0,0,0,0,1,0,0
2,64,53,From Throw In,Croatia,3857281,0 days 01:04:53,0,0,0,0,0,0,1,0,0
2,64,54,From Throw In,Croatia,3857281,0 days 01:04:54,0,0,0,1,0,0,0,0,0
2,64,54,From Throw In,Canada,3857281,0 days 01:04:54,0,0,0,0,0,0,0,0,1
2,65,5,From Throw In,Croatia,3857281,0 days 01:05:05,0,0,0,0,0,0,1,0,0
2,65,6,From Throw In,Croatia,3857281,0 days 01:05:06,0,0,0,0,0,0,1,0,0
2,65,8,From Throw In,Croatia,3857281,0 days 01:05:08,0,0,0,0,0,0,1,0,0
2,65,12,From Throw In,Croatia,3857281,0 days 01:05:12,0,0,0,0,0,0,1,0,0
2,65,13,From Throw In,Croatia,3857281,0 days 01:05:13,0,0,0,0,0,0,1,0,0
2,65,34,From Throw In,Croatia,3857281,0 days 01:05:34,0,0,0,0,0,0,1,0,0
2,65,35,Regular Play,Canada,3857281,0 days 01:05:35,0,0,0,0,0,0,1,0,0
2,65,37,Regular Play,Canada,3857281,0 days 01:05:37,0,0,0,0,0,0,1,0,0
2,65,39,Regular Play,Canada,3857281,0 days 01:05:39,0,0,0,0,0,0,1,0,0
2,65,41,Regular Play,Croatia,3857281,0 days 01:05:41,1,0,0,0,0,0,0,0,0
2,65,42,Regular Play,Croatia,3857281,0 days 01:05:42,0,0,0,0,0,0,1,0,0
2,65,44,Regular Play,Canada,3857281,0 days 01:05:44,1,0,0,0,0,0,0,0,0
2,65,46,Regular Play,Canada,3857281,0 days 01:05:46,0,0,0,0,0,0,1,0,0
2,65,53,From Throw In,Croatia,3857281,0 days 01:05:53,0,0,0,0,0,0,1,0,0
2,65,55,From Throw In,Croatia,3857281,0 days 01:05:55,0,0,0,0,0,0,1,0,0
2,65,57,From Throw In,Croatia,3857281,0 days 01:05:57,0,0,0,0,0,0,1,0,0
2,65,59,From Throw In,Croatia,3857281,0 days 01:05:59,0,0,0,0,0,0,1,0,0
2,66,3,From Throw In,Croatia,3857281,0 days 01:06:03,0,0,0,0,0,0,1,0,0
2,66,15,From Throw In,Canada,3857281,0 days 01:06:15,0,0,0,0,0,0,1,0,0
2,66,17,From Throw In,Canada,3857281,0 days 01:06:17,0,0,1,0,0,0,0,0,0
2,66,17,From Throw In,Croatia,3857281,0 days 01:06:17,0,0,0,0,0,0,0,0,1
2,66,18,From Throw In,Canada,3857281,0 days 01:06:18,1,0,0,0,0,0,0,0,0
2,66,20,From Throw In,Canada,3857281,0 days 01:06:20,0,0,0,1,0,0,0,0,0
2,66,21,From Throw In,Canada,3857281,0 days 01:06:21,0,0,0,0,0,0,1,0,0
2,66,25,From Throw In,Canada,3857281,0 days 01:06:25,0,0,0,0,0,0,1,0,0
2,66,26,From Throw In,Croatia,3857281,0 days 01:06:26,0,0,0,0,0,1,0,0,0
2,66,34,From Throw In,Canada,3857281,0 days 01:06:34,0,0,0,0,0,0,1,0,0
2,66,38,From Throw In,Canada,3857281,0 days 01:06:38,0,0,0,0,0,0,1,0,0
2,66,41,From Throw In,Canada,3857281,0 days 01:06:41,0,0,0,0,0,0,1,0,0
2,66,43,From Throw In,Canada,3857281,0 days 01:06:43,0,0,0,0,0,0,1,0,0
2,66,49,From Throw In,Canada,3857281,0 days 01:06:49,0,0,0,0,0,0,1,0,0
2,66,53,From Throw In,Canada,3857281,0 days 01:06:53,0,0,0,0,0,0,1,0,0
2,66,56,From Throw In,Canada,3857281,0 days 01:06:56,0,0,0,0,0,0,1,0,0
2,57,2,Regular Play,Wales,3857282,0 days 00:57:02,0,0,0,0,0,0,1,0,0
2,57,7,Regular Play,Wales,3857282,0 days 00:57:07,0,0,0,0,0,0,1,0,0
2,57,10,Regular Play,Wales,3857282,0 days 00:57:10,0,0,0,0,0,0,1,0,0
2,57,12,Regular Play,United States,3857282,0 days 00:57:12,1,0,0,0,0,0,0,0,0
2,57,39,From Throw In,Wales,3857282,0 days 00:57:39,0,0,0,0,0,0,1,0,0
2,57,41,From Throw In,United States,3857282,0 days 00:57:41,0,1,0,0,0,0,0,0,0
2,57,42,From Throw In,Wales,3857282,0 days 00:57:42,0,0,0,0,1,0,0,0,0
2,58,4,From Free Kick,United States,3857282,0 days 00:58:04,0,0,0,0,0,0,1,0,0
2,58,7,From Free Kick,United States,3857282,0 days 00:58:07,0,0,0,0,0,0,1,0,0
2,58,11,From Free Kick,United States,3857282,0 days 00:58:11,0,0,0,0,0,0,1,0,0
2,58,13,From Free Kick,United States,3857282,0 days 00:58:13,0,0,0,0,0,0,1,0,0
2,58,16,Regular Play,Wales,3857282,0 days 00:58:16,0,0,0,0,0,0,1,0,0
2,58,17,Regular Play,Wales,3857282,0 days 00:58:17,0,0,0,0,0,0,1,0,0
2,58,19,Regular Play,Wales,3857282,0 days 00:58:19,0,0,0,0,0,0,1,0,0
2,58,21,Regular Play,United States,3857282,0 days 00:58:21,0,1,0,0,0,0,0,0,0
2,58,24,Regular Play,United States,3857282,0 days 00:58:24,1,0,0,0,0,0,0,0,0
2,58,27,Regular Play,United States,3857282,0 days 00:58:27,0,0,0,0,0,0,1,0,0
2,58,29,Regular Play,United States,3857282,0 days 00:58:29,0,0,1,0,0,0,0,0,0
2,58,29,Regular Play,Wales,3857282,0 days 00:58:29,0,0,0,0,0,0,0,0,1
2,58,30,Regular Play,Wales,3857282,0 days 00:58:30,1,0,0,0,0,0,0,0,0
2,58,32,Regular Play,Wales,3857282,0 days 00:58:32,0,0,0,0,0,0,1,0,0
2,58,35,Regular Play,Wales,3857282,0 days 00:58:35,0,0,0,0,0,0,1,0,0
2,58,36,Regular Play,Wales,3857282,0 days 00:58:36,0,0,0,0,0,0,1,0,0
2,58,40,Regular Play,Wales,3857282,0 days 00:58:40,0,0,0,0,0,0,1,0,0
2,58,41,Regular Play,United States,3857282,0 days 00:58:41,0,1,0,0,0,0,0,0,0
2,58,43,Regular Play,Wales,3857282,0 days 00:58:43,1,0,0,0,0,0,0,0,0
2,58,51,Regular Play,Wales,3857282,0 days 00:58:51,0,0,0,0,0,0,1,0,0
2,58,53,Regular Play,Wales,3857282,0 days 00:58:53,0,0,0,0,0,0,1,0,0
2,58,56,Regular Play,Wales,3857282,0 days 00:58:56,0,0,0,0,0,0,1,0,0
2,59,30,From Goal Kick,United States,3857282,0 days 00:59:30,0,0,0,0,0,0,1,0,0
2,59,34,Regular Play,Wales,3857282,0 days 00:59:34,0,0,0,0,0,0,1,0,0
2,59,35,Regular Play,Wales,3857282,0 days 00:59:35,0,0,0,0,0,0,1,0,0
2,59,35,Regular Play,United States,3857282,0 days 00:59:35,0,0,0,0,1,0,0,0,0
2,59,43,From Free Kick,Wales,3857282,0 days 00:59:43,0,0,0,0,0,0,1,0,0
2,59,46,From Free Kick,Wales,3857282,0 days 00:59:46,0,0,0,0,0,0,1,0,0
2,59,48,From Free Kick,Wales,3857282,0 days 00:59:48,0,0,0,0,0,0,1,0,0
2,59,52,From Free Kick,Wales,3857282,0 days 00:59:52,0,0,0,0,0,0,1,0,0
2,59,55,From Free Kick,Wales,3857282,0 days 00:59:55,0,0,0,0,0,0,1,0,0
2,59,59,From Free Kick,Wales,3857282,0 days 00:59:59,0,0,0,0,0,0,1,0,0
2,60,1,From Free Kick,Wales,3857282,0 days 01:00:01,0,0,0,0,0,0,1,0,0
2,60,3,From Free Kick,Wales,3857282,0 days 01:00:03,0,0,0,0,0,0,0,1,0
2,60,7,From Free Kick,Wales,3857282,0 days 01:00:07,1,0,0,0,0,0,0,0,0
2,60,8,From Free Kick,Wales,3857282,0 days 01:00:08,0,0,0,0,0,0,1,0,0
2,60,11,From Free Kick,Wales,3857282,0 days 01:00:11,0,0,0,0,0,0,1,0,0
2,60,12,From Free Kick,Wales,3857282,0 days 01:00:12,0,0,0,0,0,0,1,0,0
2,60,15,From Free Kick,Wales,3857282,0 days 01:00:15,0,0,0,0,0,0,1,0,0
2,60,18,From Free Kick,Wales,3857282,0 days 01:00:18,0,0,0,0,0,0,1,0,0
2,60,21,From Free Kick,United States,3857282,0 days 01:00:21,0,0,0,0,0,0,1,0,0
2,60,25,From Free Kick,Wales,3857282,0 days 01:00:25,1,0,0,0,0,0,0,0,0
2,60,26,From Free Kick,Wales,3857282,0 days 01:00:26,0,0,0,0,0,0,1,0,0
2,60,29,From Free Kick,Wales,3857282,0 days 01:00:29,0,0,0,0,0,0,1,0,0
2,60,31,From Free Kick,Wales,3857282,0 days 01:00:31,0,0,0,0,0,0,1,0,0
2,60,32,From Free Kick,Wales,3857282,0 days 01:00:32,0,0,0,0,0,0,1,0,0
2,60,37,From Free Kick,Wales,3857282,0 days 01:00:37,0,0,0,0,0,0,1,0,0
2,60,39,From Free Kick,Wales,3857282,0 days 01:00:39,0,0,0,0,0,0,1,0,0
2,60,40,Regular Play,United States,3857282,0 days 01:00:40,0,0,0,0,0,0,1,0,0
2,60,44,Regular Play,United States,3857282,0 days 01:00:44,0,0,0,0,0,0,1,0,0
2,60,53,Regular Play,United States,3857282,0 days 01:00:53,0,0,0,0,0,0,1,0,0
2,60,55,Regular Play,United States,3857282,0 days 01:00:55,0,0,0,0,0,0,1,0,0
2,60,56,Regular Play,United States,3857282,0 days 01:00:56,0,0,0,0,0,0,1,0,0
2,60,59,Regular Play,United States,3857282,0 days 01:00:59,0,0,0,0,0,0,1,0,0
2,61,1,Regular Play,United States,3857282,0 days 01:01:01,0,0,0,0,0,0,1,0,0
2,61,5,Regular Play,United States,3857282,0 days 01:01:05,0,0,0,0,0,0,1,0,0
2,61,8,Regular Play,United States,3857282,0 days 01:01:08,0,0,0,0,0,0,1,0,0
2,61,11,Regular Play,United States,3857282,0 days 01:01:11,0,0,0,0,0,0,1,0,0
2,61,14,Regular Play,United States,3857282,0 days 01:01:14,0,0,0,0,0,0,1,0,0
2,61,16,Regular Play,United States,3857282,0 days 01:01:16,0,0,0,0,0,0,1,0,0
2,61,18,Regular Play,United States,3857282,0 days 01:01:18,0,0,0,0,0,0,1,0,0
2,61,20,Regular Play,Wales,3857282,0 days 01:01:20,0,0,0,0,0,1,0,0,0
2,61,41,From Goal Kick,Wales,3857282,0 days 01:01:41,0,0,0,0,0,0,1,0,0
2,61,47,From Goal Kick,United States,3857282,0 days 01:01:47,1,0,0,0,0,0,0,0,0
2,61,50,From Goal Kick,United States,3857282,0 days 01:01:50,0,1,0,0,0,0,0,0,0
2,61,55,From Throw In,Wales,3857282,0 days 01:01:55,0,0,0,0,0,0,1,0,0
2,61,57,From Throw In,Wales,3857282,0 days 01:01:57,0,0,0,0,0,0,1,0,0
2,61,58,From Throw In,Wales,3857282,0 days 01:01:58,0,0,0,0,0,0,1,0,0
2,62,0,From Throw In,Wales,3857282,0 days 01:02:00,0,0,0,0,0,0,1,0,0
2,62,1,From Throw In,Wales,3857282,0 days 01:02:01,0,0,0,0,0,0,1,0,0
2,62,5,From Throw In,Wales,3857282,0 days 01:02:05,0,0,0,0,0,0,1,0,0
2,62,31,From Throw In,United States,3857282,0 days 01:02:31,0,0,0,0,0,0,1,0,0
2,62,34,From Throw In,Wales,3857282,0 days 01:02:34,0,0,0,0,0,0,1,0,0
2,62,35,From Throw In,United States,3857282,0 days 01:02:35,0,0,0,0,0,0,1,0,0
2,62,36,From Throw In,United States,3857282,0 days 01:02:36,0,0,1,0,0,0,0,0,0
2,62,36,From Throw In,Wales,3857282,0 days 01:02:36,0,0,0,0,0,0,0,0,1
2,62,38,From Throw In,Wales,3857282,0 days 01:02:38,0,0,0,0,0,0,1,0,0
2,62,39,Regular Play,Wales,3857282,0 days 01:02:39,0,0,0,0,0,0,1,0,0
2,62,43,Regular Play,Wales,3857282,0 days 01:02:43,0,0,0,0,0,0,1,0,0
2,62,46,Regular Play,Wales,3857282,0 days 01:02:46,0,0,0,0,0,0,1,0,0
2,62,48,Regular Play,United States,3857282,0 days 01:02:48,0,0,0,0,1,0,0,0,0
2,63,46,From Free Kick,Wales,3857282,0 days 01:03:46,0,0,0,0,0,0,1,0,0
2,63,48,From Free Kick,United States,3857282,0 days 01:03:48,0,1,0,0,0,0,0,0,0
2,63,50,From Free Kick,Wales,3857282,0 days 01:03:50,0,0,0,0,0,0,1,0,0
2,63,51,From Free Kick,United States,3857282,0 days 01:03:51,0,1,0,0,0,0,0,0,0
2,63,53,From Free Kick,Wales,3857282,0 days 01:03:53,0,0,0,0,0,0,1,0,0
2,63,54,From Free Kick,Wales,3857282,0 days 01:03:54,0,0,0,0,0,0,0,1,0
2,64,33,From Corner,Wales,3857282,0 days 01:04:33,0,0,0,0,0,0,1,0,0
2,64,34,From Corner,Wales,3857282,0 days 01:04:34,0,0,0,0,0,0,0,1,0
2,65,27,From Goal Kick,United States,3857282,0 days 01:05:27,0,0,0,0,0,0,1,0,0
2,65,29,From Goal Kick,United States,3857282,0 days 01:05:29,0,0,0,0,0,0,1,0,0
2,65,32,From Goal Kick,United States,3857282,0 days 01:05:32,0,0,0,0,0,0,1,0,0
2,65,34,From Goal Kick,Wales,3857282,0 days 01:05:34,0,0,0,0,0,0,1,0,0
2,65,35,From Goal Kick,Wales,3857282,0 days 01:05:35,0,0,0,0,0,0,1,0,0
2,65,36,From Goal Kick,United States,3857282,0 days 01:05:36,1,0,0,0,0,0,0,0,0
2,65,37,From Goal Kick,United States,3857282,0 days 01:05:37,0,0,0,0,0,0,1,0,0
2,65,39,From Goal Kick,United States,3857282,0 days 01:05:39,0,0,0,0,0,0,1,0,0
2,65,43,From Goal Kick,United States,3857282,0 days 01:05:43,0,0,0,0,0,0,1,0,0
2,65,47,From Goal Kick,United States,3857282,0 days 01:05:47,0,0,0,0,0,0,1,0,0
2,65,49,From Goal Kick,United States,3857282,0 days 01:05:49,0,0,0,0,0,0,1,0,0
2,65,52,From Goal Kick,United States,3857282,0 days 01:05:52,0,0,0,0,0,0,1,0,0
2,65,55,From Goal Kick,United States,3857282,0 days 01:05:55,0,0,0,0,0,0,1,0,0
2,65,56,From Goal Kick,United States,3857282,0 days 01:05:56,0,0,0,0,0,0,1,0,0
2,65,58,From Goal Kick,United States,3857282,0 days 01:05:58,0,0,0,0,0,0,1,0,0
2,66,1,From Goal Kick,United States,3857282,0 days 01:06:01,0,0,0,0,0,0,1,0,0
2,66,5,From Goal Kick,United States,3857282,0 days 01:06:05,0,0,1,0,0,0,0,0,0
2,66,5,Regular Play,Wales,3857282,0 days 01:06:05,0,0,0,0,0,0,0,0,1
2,66,5,Regular Play,Wales,3857282,0 days 01:06:05,0,0,0,0,0,0,1,0,0
2,66,11,Regular Play,Wales,3857282,0 days 01:06:11,0,0,0,0,0,0,1,0,0
2,66,15,Regular Play,Wales,3857282,0 days 01:06:15,0,0,0,0,0,0,1,0,0
2,66,18,Regular Play,Wales,3857282,0 days 01:06:18,0,0,0,0,0,0,1,0,0
2,66,20,Regular Play,United States,3857282,0 days 01:06:20,1,0,0,0,0,0,0,0,0
2,66,25,Regular Play,United States,3857282,0 days 01:06:25,0,0,1,0,0,0,0,0,0
2,66,25,Regular Play,Wales,3857282,0 days 01:06:25,0,0,0,0,0,0,0,0,1
2,66,26,Regular Play,Wales,3857282,0 days 01:06:26,0,1,0,0,0,0,0,0,0
2,66,30,Regular Play,United States,3857282,0 days 01:06:30,1,0,0,0,0,0,0,0,0
2,66,31,Regular Play,United States,3857282,0 days 01:06:31,0,0,0,0,0,0,1,0,0
2,66,33,Regular Play,United States,3857282,0 days 01:06:33,0,0,0,0,0,0,1,0,0
2,66,35,Regular Play,United States,3857282,0 days 01:06:35,0,0,0,0,0,0,1,0,0
2,66,38,Regular Play,United States,3857282,0 days 01:06:38,0,0,0,0,0,0,1,0,0
2,66,43,Regular Play,United States,3857282,0 days 01:06:43,0,0,0,0,0,0,1,0,0
2,66,46,Regular Play,United States,3857282,0 days 01:06:46,0,0,0,0,0,0,1,0,0
2,66,49,Regular Play,United States,3857282,0 days 01:06:49,0,0,0,0,0,0,1,0,0
2,66,57,Regular Play,United States,3857282,0 days 01:06:57,0,0,1,0,0,0,0,0,0
2,66,57,Regular Play,Wales,3857282,0 days 01:06:57,0,0,0,0,0,0,0,0,1
2,57,0,Regular Play,Morocco,3857283,0 days 00:57:00,0,0,0,0,0,0,1,0,0
2,57,2,Regular Play,Morocco,3857283,0 days 00:57:02,0,0,0,0,0,0,1,0,0
2,57,6,Regular Play,Belgium,3857283,0 days 00:57:06,0,1,0,0,0,0,0,0,0
2,57,9,Regular Play,Morocco,3857283,0 days 00:57:09,0,0,0,0,0,0,1,0,0
2,57,11,Regular Play,Belgium,3857283,0 days 00:57:11,1,0,0,0,0,0,0,0,0
2,57,20,Regular Play,Belgium,3857283,0 days 00:57:20,0,0,0,0,0,0,1,0,0
2,57,22,Regular Play,Belgium,3857283,0 days 00:57:22,0,0,1,0,0,0,0,0,0
2,57,22,Regular Play,Morocco,3857283,0 days 00:57:22,0,0,0,0,0,0,0,0,1
2,57,27,Regular Play,Morocco,3857283,0 days 00:57:27,0,0,0,0,0,0,1,0,0
2,57,32,Regular Play,Belgium,3857283,0 days 00:57:32,1,0,0,0,0,0,0,0,0
2,57,35,Regular Play,Belgium,3857283,0 days 00:57:35,0,0,0,0,0,0,1,0,0
2,57,42,Regular Play,Belgium,3857283,0 days 00:57:42,0,0,0,0,0,0,1,0,0
2,57,48,Regular Play,Belgium,3857283,0 days 00:57:48,0,0,0,0,0,0,1,0,0
2,57,49,Regular Play,Belgium,3857283,0 days 00:57:49,0,0,0,0,0,0,1,0,0
2,57,51,Regular Play,Belgium,3857283,0 days 00:57:51,0,0,0,0,0,0,1,0,0
2,57,54,Regular Play,Belgium,3857283,0 days 00:57:54,0,0,0,0,0,0,1,0,0
2,57,57,Regular Play,Belgium,3857283,0 days 00:57:57,0,0,0,0,0,0,1,0,0
2,58,0,Regular Play,Belgium,3857283,0 days 00:58:00,0,0,0,0,0,0,1,0,0
2,58,2,Regular Play,Belgium,3857283,0 days 00:58:02,0,0,0,0,0,0,1,0,0
2,58,5,Regular Play,Belgium,3857283,0 days 00:58:05,0,0,0,0,0,0,1,0,0
2,58,8,Regular Play,Belgium,3857283,0 days 00:58:08,0,0,0,0,0,0,1,0,0
2,58,12,Regular Play,Belgium,3857283,0 days 00:58:12,0,0,0,0,0,0,1,0,0
2,58,15,Regular Play,Belgium,3857283,0 days 00:58:15,0,0,0,0,0,0,1,0,0
2,58,18,Regular Play,Belgium,3857283,0 days 00:58:18,0,0,0,0,0,0,1,0,0
2,58,22,Regular Play,Belgium,3857283,0 days 00:58:22,0,0,0,0,0,0,1,0,0
2,58,25,Regular Play,Belgium,3857283,0 days 00:58:25,0,0,0,0,0,0,1,0,0
2,58,27,Regular Play,Belgium,3857283,0 days 00:58:27,0,0,0,0,0,0,1,0,0
2,58,30,Regular Play,Belgium,3857283,0 days 00:58:30,0,0,0,0,0,0,1,0,0
2,58,32,Regular Play,Belgium,3857283,0 days 00:58:32,0,0,0,0,0,0,1,0,0
2,58,35,Regular Play,Belgium,3857283,0 days 00:58:35,0,0,0,0,0,0,1,0,0
2,58,37,Regular Play,Belgium,3857283,0 days 00:58:37,0,0,0,0,0,0,1,0,0
2,58,40,Regular Play,Belgium,3857283,0 days 00:58:40,0,0,0,0,0,0,1,0,0
2,58,41,Regular Play,Belgium,3857283,0 days 00:58:41,0,0,0,0,0,0,1,0,0
2,58,44,Regular Play,Belgium,3857283,0 days 00:58:44,0,0,0,0,0,0,1,0,0
2,58,45,Regular Play,Belgium,3857283,0 days 00:58:45,0,0,0,0,0,0,1,0,0
2,58,47,Regular Play,Belgium,3857283,0 days 00:58:47,0,0,0,0,0,0,1,0,0
2,58,50,Regular Play,Belgium,3857283,0 days 00:58:50,0,0,0,0,0,0,1,0,0
2,58,51,Regular Play,Belgium,3857283,0 days 00:58:51,0,0,0,0,0,0,1,0,0
2,58,56,Regular Play,Belgium,3857283,0 days 00:58:56,0,0,0,0,0,0,1,0,0
2,59,0,Regular Play,Belgium,3857283,0 days 00:59:00,0,0,0,0,0,0,1,0,0
2,59,4,Regular Play,Belgium,3857283,0 days 00:59:04,0,0,0,0,0,0,1,0,0
2,59,8,Regular Play,Belgium,3857283,0 days 00:59:08,0,0,0,0,0,0,1,0,0
2,59,9,Regular Play,Belgium,3857283,0 days 00:59:09,0,0,0,0,0,0,1,0,0
2,59,12,Regular Play,Morocco,3857283,0 days 00:59:12,0,0,0,0,0,0,1,0,0
2,59,18,Regular Play,Morocco,3857283,0 days 00:59:18,0,0,1,0,0,0,0,0,0
2,59,18,Regular Play,Belgium,3857283,0 days 00:59:18,0,0,0,0,0,0,0,0,1
2,59,19,Regular Play,Morocco,3857283,0 days 00:59:19,0,0,0,0,1,0,0,0,0
2,60,7,From Free Kick,Belgium,3857283,0 days 01:00:07,0,0,0,0,0,0,1,0,0
2,60,9,From Free Kick,Belgium,3857283,0 days 01:00:09,0,0,0,0,0,0,1,0,0
2,60,11,From Free Kick,Belgium,3857283,0 days 01:00:11,0,0,0,0,0,0,1,0,0
2,60,12,From Free Kick,Belgium,3857283,0 days 01:00:12,0,0,0,0,0,0,1,0,0
2,60,14,From Free Kick,Belgium,3857283,0 days 01:00:14,0,0,0,0,0,0,1,0,0
2,60,16,From Free Kick,Belgium,3857283,0 days 01:00:16,0,0,0,0,0,0,1,0,0
2,60,19,From Free Kick,Belgium,3857283,0 days 01:00:19,0,0,0,0,0,0,1,0,0
2,60,21,From Free Kick,Belgium,3857283,0 days 01:00:21,0,0,0,0,0,0,1,0,0
2,60,23,Regular Play,Morocco,3857283,0 days 01:00:23,1,0,0,0,0,0,0,0,0
2,60,24,Regular Play,Morocco,3857283,0 days 01:00:24,0,0,1,0,0,0,0,0,0
2,60,24,Regular Play,Belgium,3857283,0 days 01:00:24,0,0,0,0,0,0,0,0,1
2,60,26,Regular Play,Morocco,3857283,0 days 01:00:26,0,0,0,0,0,0,1,0,0
2,60,27,Regular Play,Morocco,3857283,0 days 01:00:27,0,0,0,0,0,0,1,0,0
2,60,33,Regular Play,Morocco,3857283,0 days 01:00:33,0,0,0,0,0,0,1,0,0
2,60,37,Regular Play,Morocco,3857283,0 days 01:00:37,0,0,0,0,0,0,1,0,0
2,60,38,Regular Play,Morocco,3857283,0 days 01:00:38,0,0,0,0,0,0,1,0,0
2,60,40,Regular Play,Morocco,3857283,0 days 01:00:40,0,0,0,0,0,0,1,0,0
2,60,42,Regular Play,Morocco,3857283,0 days 01:00:42,0,0,0,0,0,0,1,0,0
2,60,45,Regular Play,Morocco,3857283,0 days 01:00:45,0,0,0,0,0,0,1,0,0
2,60,48,Regular Play,Morocco,3857283,0 days 01:00:48,0,0,0,0,0,0,1,0,0
2,60,50,Regular Play,Morocco,3857283,0 days 01:00:50,0,0,0,0,0,0,0,1,0
2,61,3,From Goal Kick,Belgium,3857283,0 days 01:01:03,0,0,0,0,0,0,1,0,0
2,61,8,From Goal Kick,Belgium,3857283,0 days 01:01:08,0,0,0,0,0,0,1,0,0
2,61,13,Regular Play,Morocco,3857283,0 days 01:01:13,0,0,0,0,0,0,1,0,0
2,61,14,Regular Play,Morocco,3857283,0 days 01:01:14,0,0,0,0,0,0,1,0,0
2,61,16,Regular Play,Morocco,3857283,0 days 01:01:16,0,0,0,0,0,0,1,0,0
2,61,21,Regular Play,Morocco,3857283,0 days 01:01:21,0,0,0,0,0,0,1,0,0
2,61,26,Regular Play,Morocco,3857283,0 days 01:01:26,0,0,0,0,0,0,1,0,0
2,61,30,Regular Play,Morocco,3857283,0 days 01:01:30,0,0,0,0,0,0,1,0,0
2,61,34,Regular Play,Belgium,3857283,0 days 01:01:34,1,0,0,0,0,0,0,0,0
2,61,35,Regular Play,Belgium,3857283,0 days 01:01:35,0,0,0,0,0,0,1,0,0
2,61,36,Regular Play,Belgium,3857283,0 days 01:01:36,0,0,0,0,0,0,1,0,0
2,61,39,Regular Play,Belgium,3857283,0 days 01:01:39,0,0,0,0,0,0,1,0,0
2,61,42,Regular Play,Belgium,3857283,0 days 01:01:42,0,0,0,0,0,0,1,0,0
2,61,47,Regular Play,Belgium,3857283,0 days 01:01:47,0,0,0,0,0,0,1,0,0
2,61,50,Regular Play,Belgium,3857283,0 days 01:01:50,0,0,0,0,0,0,1,0,0
2,61,57,Regular Play,Belgium,3857283,0 days 01:01:57,0,0,0,0,0,0,1,0,0
2,61,59,Regular Play,Belgium,3857283,0 days 01:01:59,0,0,0,0,0,0,1,0,0
2,62,2,Regular Play,Belgium,3857283,0 days 01:02:02,0,0,0,0,0,0,1,0,0
2,62,4,Regular Play,Belgium,3857283,0 days 01:02:04,0,0,0,0,0,0,1,0,0
2,62,5,Regular Play,Morocco,3857283,0 days 01:02:05,1,0,0,0,0,0,0,0,0
2,62,6,Regular Play,Morocco,3857283,0 days 01:02:06,0,0,0,0,0,0,1,0,0
2,62,7,Regular Play,Morocco,3857283,0 days 01:02:07,0,0,1,0,0,0,0,0,0
2,62,7,Regular Play,Belgium,3857283,0 days 01:02:07,0,0,0,0,0,0,0,0,1
2,62,8,Regular Play,Belgium,3857283,0 days 01:02:08,1,0,0,0,0,0,0,0,0
2,62,11,Regular Play,Belgium,3857283,0 days 01:02:11,0,0,0,0,0,0,1,0,0
2,62,12,Regular Play,Belgium,3857283,0 days 01:02:12,0,0,0,0,0,0,1,0,0
2,62,13,Regular Play,Morocco,3857283,0 days 01:02:13,0,0,0,0,0,0,1,0,0
2,62,13,Regular Play,Belgium,3857283,0 days 01:02:13,0,0,0,0,0,0,1,0,0
2,62,15,Regular Play,Belgium,3857283,0 days 01:02:15,0,0,0,0,0,0,1,0,0
2,62,31,From Free Kick,Morocco,3857283,0 days 01:02:31,0,0,0,0,0,0,1,0,0
2,62,33,From Free Kick,Morocco,3857283,0 days 01:02:33,0,0,0,0,0,0,1,0,0
2,62,34,From Free Kick,Morocco,3857283,0 days 01:02:34,0,0,0,0,0,0,1,0,0
2,62,38,From Free Kick,Morocco,3857283,0 days 01:02:38,0,0,0,0,0,0,1,0,0
2,62,41,From Free Kick,Morocco,3857283,0 days 01:02:41,0,0,0,0,0,0,1,0,0
2,62,46,From Free Kick,Morocco,3857283,0 days 01:02:46,0,0,0,0,0,0,1,0,0
2,62,48,From Free Kick,Morocco,3857283,0 days 01:02:48,0,0,0,0,0,0,1,0,0
2,62,50,From Free Kick,Morocco,3857283,0 days 01:02:50,0,0,0,0,0,0,1,0,0
2,62,52,From Free Kick,Morocco,3857283,0 days 01:02:52,0,0,0,0,0,0,1,0,0
2,62,57,From Free Kick,Morocco,3857283,0 days 01:02:57,0,0,0,0,0,0,1,0,0
2,63,7,From Free Kick,Morocco,3857283,0 days 01:03:07,0,0,0,1,0,0,0,0,0
2,63,9,From Free Kick,Morocco,3857283,0 days 01:03:09,0,0,0,0,0,0,1,0,0
2,63,18,From Free Kick,Morocco,3857283,0 days 01:03:18,0,0,0,0,0,0,1,0,0
2,63,20,From Free Kick,Morocco,3857283,0 days 01:03:20,0,0,0,0,0,0,1,0,0
2,63,23,From Free Kick,Morocco,3857283,0 days 01:03:23,0,0,0,0,0,0,1,0,0
2,63,24,From Free Kick,Belgium,3857283,0 days 01:03:24,0,1,0,0,0,0,0,0,0
2,63,29,From Free Kick,Belgium,3857283,0 days 01:03:29,0,0,0,0,0,0,1,0,0
2,63,31,From Free Kick,Belgium,3857283,0 days 01:03:31,0,0,0,0,0,0,1,0,0
2,63,55,From Throw In,Morocco,3857283,0 days 01:03:55,0,0,0,0,0,0,1,0,0
2,63,56,From Throw In,Morocco,3857283,0 days 01:03:56,0,0,0,0,0,0,1,0,0
2,63,57,From Throw In,Morocco,3857283,0 days 01:03:57,0,0,0,0,0,0,1,0,0
2,63,59,From Throw In,Belgium,3857283,0 days 01:03:59,0,0,0,0,0,0,1,0,0
2,64,1,From Throw In,Belgium,3857283,0 days 01:04:01,0,0,0,0,0,0,1,0,0
2,64,3,From Throw In,Morocco,3857283,0 days 01:04:03,1,0,0,0,0,0,0,0,0
2,64,3,From Throw In,Morocco,3857283,0 days 01:04:03,0,0,0,1,0,0,0,0,0
2,64,3,From Throw In,Belgium,3857283,0 days 01:04:03,0,0,0,0,0,0,0,0,1
2,64,5,From Throw In,Morocco,3857283,0 days 01:04:05,0,0,0,0,0,0,1,0,0
2,64,6,Regular Play,Belgium,3857283,0 days 01:04:06,0,0,0,0,0,0,1,0,0
2,64,10,Regular Play,Belgium,3857283,0 days 01:04:10,0,0,0,0,0,0,1,0,0
2,64,16,Regular Play,Belgium,3857283,0 days 01:04:16,0,0,0,0,0,0,1,0,0
2,64,17,Regular Play,Belgium,3857283,0 days 01:04:17,0,0,0,0,0,0,1,0,0
2,64,19,Regular Play,Belgium,3857283,0 days 01:04:19,0,0,0,0,0,0,1,0,0
2,64,24,Regular Play,Belgium,3857283,0 days 01:04:24,0,0,0,1,0,0,0,0,0
2,64,24,Regular Play,Morocco,3857283,0 days 01:04:24,0,0,0,0,0,0,0,0,1
2,64,26,Regular Play,Belgium,3857283,0 days 01:04:26,1,0,0,0,0,0,0,0,0
2,64,26,Regular Play,Belgium,3857283,0 days 01:04:26,0,0,0,0,0,0,1,0,0
2,64,27,Regular Play,Morocco,3857283,0 days 01:04:27,1,0,0,0,0,0,0,0,0
2,64,29,Regular Play,Morocco,3857283,0 days 01:04:29,0,0,0,0,0,0,1,0,0
2,64,30,Regular Play,Morocco,3857283,0 days 01:04:30,0,0,0,0,0,0,1,0,0
2,64,31,Regular Play,Belgium,3857283,0 days 01:04:31,0,0,0,0,0,1,0,0,0
2,64,32,Regular Play,Belgium,3857283,0 days 01:04:32,1,0,0,0,0,0,0,0,0
2,64,35,Regular Play,Belgium,3857283,0 days 01:04:35,0,0,0,0,0,0,1,0,0
2,64,37,Regular Play,Belgium,3857283,0 days 01:04:37,0,0,0,0,0,0,1,0,0
2,64,39,Regular Play,Belgium,3857283,0 days 01:04:39,0,0,0,1,0,0,0,0,0
2,64,40,Regular Play,Belgium,3857283,0 days 01:04:40,0,0,0,0,0,0,0,1,0
2,64,42,Regular Play,Morocco,3857283,0 days 01:04:42,0,1,0,0,0,0,0,0,0
2,65,6,From Throw In,Belgium,3857283,0 days 01:05:06,0,0,0,0,0,0,1,0,0
2,65,8,From Throw In,Belgium,3857283,0 days 01:05:08,0,0,0,0,0,0,1,0,0
2,65,9,From Throw In,Belgium,3857283,0 days 01:05:09,0,0,0,0,0,0,1,0,0
2,65,12,From Throw In,Belgium,3857283,0 days 01:05:12,0,0,0,0,0,0,1,0,0
2,65,14,From Throw In,Belgium,3857283,0 days 01:05:14,0,0,0,0,0,0,1,0,0
2,65,16,From Throw In,Belgium,3857283,0 days 01:05:16,0,0,0,0,0,0,1,0,0
2,65,16,From Throw In,Belgium,3857283,0 days 01:05:16,0,0,0,0,0,0,1,0,0
2,65,18,From Throw In,Belgium,3857283,0 days 01:05:18,0,0,0,0,0,0,1,0,0
2,65,23,From Throw In,Belgium,3857283,0 days 01:05:23,0,0,0,0,0,0,1,0,0
2,65,26,From Throw In,Belgium,3857283,0 days 01:05:26,0,0,0,0,0,0,1,0,0
2,65,29,From Throw In,Belgium,3857283,0 days 01:05:29,0,0,0,0,0,0,1,0,0
2,65,33,From Throw In,Belgium,3857283,0 days 01:05:33,0,0,0,0,0,0,1,0,0
2,65,35,From Throw In,Belgium,3857283,0 days 01:05:35,0,0,0,0,0,0,1,0,0
2,65,37,From Throw In,Belgium,3857283,0 days 01:05:37,0,0,0,0,0,0,1,0,0
2,65,39,From Throw In,Belgium,3857283,0 days 01:05:39,0,0,0,0,0,0,1,0,0
2,65,42,From Throw In,Belgium,3857283,0 days 01:05:42,0,0,0,0,0,0,1,0,0
2,65,42,From Throw In,Morocco,3857283,0 days 01:05:42,0,1,0,0,0,0,0,0,0
2,65,44,From Throw In,Belgium,3857283,0 days 01:05:44,0,0,0,0,0,0,1,0,0
2,57,2,Regular Play,Japan,3857284,0 days 00:57:02,0,0,0,0,0,0,1,0,0
2,57,5,Regular Play,Japan,3857284,0 days 00:57:05,0,0,0,0,0,0,1,0,0
2,57,6,Regular Play,Japan,3857284,0 days 00:57:06,0,0,0,0,0,0,0,1,0
2,57,28,From Goal Kick,Germany,3857284,0 days 00:57:28,0,0,0,0,0,0,1,0,0
2,57,32,From Goal Kick,Germany,3857284,0 days 00:57:32,0,0,0,0,0,0,1,0,0
2,57,33,From Goal Kick,Germany,3857284,0 days 00:57:33,0,0,0,0,0,0,1,0,0
2,57,35,From Goal Kick,Japan,3857284,0 days 00:57:35,0,0,0,0,0,0,1,0,0
2,57,36,From Goal Kick,Germany,3857284,0 days 00:57:36,1,0,0,0,0,0,0,0,0
2,57,38,From Goal Kick,Japan,3857284,0 days 00:57:38,0,0,0,0,1,0,0,0,0
2,57,55,From Free Kick,Germany,3857284,0 days 00:57:55,0,0,0,0,0,0,1,0,0
2,58,0,From Free Kick,Germany,3857284,0 days 00:58:00,0,0,0,0,0,0,1,0,0
2,58,1,From Free Kick,Germany,3857284,0 days 00:58:01,0,0,0,0,0,0,1,0,0
2,58,3,From Free Kick,Germany,3857284,0 days 00:58:03,0,0,0,0,0,0,1,0,0
2,58,10,From Free Kick,Germany,3857284,0 days 00:58:10,0,0,0,0,0,0,1,0,0
2,58,12,From Free Kick,Germany,3857284,0 days 00:58:12,0,0,0,0,0,0,1,0,0
2,58,13,From Free Kick,Germany,3857284,0 days 00:58:13,0,0,0,0,0,0,1,0,0
2,58,14,From Free Kick,Germany,3857284,0 days 00:58:14,0,0,0,0,0,0,1,0,0
2,58,16,From Free Kick,Germany,3857284,0 days 00:58:16,0,0,0,0,0,0,1,0,0
2,58,18,From Free Kick,Germany,3857284,0 days 00:58:18,0,0,0,0,0,0,1,0,0
2,58,21,From Free Kick,Germany,3857284,0 days 00:58:21,0,0,0,0,0,0,1,0,0
2,58,26,From Free Kick,Germany,3857284,0 days 00:58:26,0,0,0,0,0,0,1,0,0
2,58,28,From Free Kick,Japan,3857284,0 days 00:58:28,0,0,0,0,0,1,0,0,0
2,58,30,From Free Kick,Japan,3857284,0 days 00:58:30,0,0,0,0,0,0,1,0,0
2,58,32,From Free Kick,Japan,3857284,0 days 00:58:32,0,0,0,0,0,0,1,0,0
2,58,33,From Free Kick,Germany,3857284,0 days 00:58:33,1,0,0,0,0,0,0,0,0
2,58,34,From Free Kick,Germany,3857284,0 days 00:58:34,0,0,0,0,0,0,1,0,0
2,58,34,From Free Kick,Germany,3857284,0 days 00:58:34,0,0,0,0,0,0,1,0,0
2,58,36,From Free Kick,Germany,3857284,0 days 00:58:36,0,0,0,0,0,0,1,0,0
2,58,48,From Free Kick,Germany,3857284,0 days 00:58:48,0,0,0,0,0,0,1,0,0
2,58,50,From Free Kick,Germany,3857284,0 days 00:58:50,0,0,0,0,0,0,1,0,0
2,58,51,From Free Kick,Japan,3857284,0 days 00:58:51,0,0,0,0,0,0,1,0,0
2,58,55,From Free Kick,Germany,3857284,0 days 00:58:55,1,0,0,0,0,0,0,0,0
2,58,57,From Free Kick,Germany,3857284,0 days 00:58:57,0,0,0,0,0,0,1,0,0
2,59,1,From Free Kick,Germany,3857284,0 days 00:59:01,0,0,0,0,0,0,1,0,0
2,59,2,From Free Kick,Germany,3857284,0 days 00:59:02,0,0,0,0,0,0,1,0,0
2,59,4,From Free Kick,Germany,3857284,0 days 00:59:04,0,0,0,0,0,0,1,0,0
2,59,8,From Free Kick,Germany,3857284,0 days 00:59:08,0,0,0,0,0,0,1,0,0
2,59,9,From Free Kick,Germany,3857284,0 days 00:59:09,0,0,0,0,0,0,1,0,0
2,59,11,From Free Kick,Germany,3857284,0 days 00:59:11,0,0,0,0,0,0,1,0,0
2,59,14,From Free Kick,Germany,3857284,0 days 00:59:14,0,0,0,0,0,0,0,1,0
2,59,42,From Goal Kick,Japan,3857284,0 days 00:59:42,0,0,0,0,0,0,1,0,0
2,59,46,From Goal Kick,Japan,3857284,0 days 00:59:46,0,0,0,0,0,0,1,0,0
2,59,47,From Goal Kick,Germany,3857284,0 days 00:59:47,0,0,0,0,0,1,0,0,0
2,59,49,Regular Play,Germany,3857284,0 days 00:59:49,1,0,0,0,0,0,0,0,0
2,59,50,Regular Play,Germany,3857284,0 days 00:59:50,0,0,0,0,0,0,1,0,0
2,59,53,Regular Play,Germany,3857284,0 days 00:59:53,0,0,0,0,0,0,1,0,0
2,59,55,Regular Play,Germany,3857284,0 days 00:59:55,0,0,0,0,0,0,1,0,0
2,59,56,Regular Play,Japan,3857284,0 days 00:59:56,0,0,0,0,0,1,0,0,0
2,59,57,Regular Play,Japan,3857284,0 days 00:59:57,0,0,0,0,0,0,1,0,0
2,59,59,Regular Play,Japan,3857284,0 days 00:59:59,1,0,0,0,0,0,0,0,0
2,60,1,Regular Play,Japan,3857284,0 days 01:00:01,0,0,0,0,0,0,1,0,0
2,60,1,Regular Play,Japan,3857284,0 days 01:00:01,0,0,0,0,0,0,1,0,0
2,60,2,Regular Play,Japan,3857284,0 days 01:00:02,0,0,0,0,0,0,1,0,0
2,60,6,Regular Play,Japan,3857284,0 days 01:00:06,0,0,0,0,0,0,1,0,0
2,60,9,Regular Play,Japan,3857284,0 days 01:00:09,0,0,0,0,0,0,1,0,0
2,60,15,Regular Play,Japan,3857284,0 days 01:00:15,0,0,0,0,0,0,1,0,0
2,60,18,Regular Play,Japan,3857284,0 days 01:00:18,0,0,0,0,0,0,0,1,0
2,60,47,From Goal Kick,Germany,3857284,0 days 01:00:47,0,0,0,0,0,0,1,0,0
2,60,52,From Goal Kick,Germany,3857284,0 days 01:00:52,0,0,0,0,0,0,1,0,0
2,60,54,From Goal Kick,Japan,3857284,0 days 01:00:54,0,0,0,0,0,1,0,0,0
2,60,55,From Goal Kick,Japan,3857284,0 days 01:00:55,0,0,0,0,0,0,1,0,0
2,60,58,From Goal Kick,Japan,3857284,0 days 01:00:58,0,0,0,0,0,0,1,0,0
2,60,58,From Goal Kick,Germany,3857284,0 days 01:00:58,1,0,0,0,0,0,0,0,0
2,61,0,From Goal Kick,Germany,3857284,0 days 01:01:00,0,0,0,0,0,0,1,0,0
2,61,2,From Goal Kick,Germany,3857284,0 days 01:01:02,0,0,0,0,0,0,1,0,0
2,61,6,From Goal Kick,Germany,3857284,0 days 01:01:06,0,0,0,0,0,0,1,0,0
2,61,9,From Goal Kick,Germany,3857284,0 days 01:01:09,0,0,0,0,0,0,1,0,0
2,61,11,From Goal Kick,Germany,3857284,0 days 01:01:11,0,0,0,0,0,0,1,0,0
2,61,13,From Goal Kick,Germany,3857284,0 days 01:01:13,0,0,0,0,0,0,1,0,0
2,61,14,From Goal Kick,Germany,3857284,0 days 01:01:14,0,0,0,0,0,0,1,0,0
2,61,19,From Goal Kick,Germany,3857284,0 days 01:01:19,0,0,0,0,0,0,1,0,0
2,61,22,From Goal Kick,Germany,3857284,0 days 01:01:22,0,0,0,0,0,0,1,0,0
2,61,27,From Goal Kick,Germany,3857284,0 days 01:01:27,0,0,0,0,0,0,1,0,0
2,61,29,From Goal Kick,Germany,3857284,0 days 01:01:29,0,0,0,0,0,0,1,0,0
2,61,33,From Goal Kick,Germany,3857284,0 days 01:01:33,0,0,0,0,0,0,1,0,0
2,61,34,From Goal Kick,Japan,3857284,0 days 01:01:34,0,0,0,0,1,0,0,0,0
2,61,57,From Free Kick,Germany,3857284,0 days 01:01:57,0,0,0,0,0,0,1,0,0
2,62,1,From Free Kick,Germany,3857284,0 days 01:02:01,0,0,0,0,0,0,1,0,0
2,62,3,From Free Kick,Germany,3857284,0 days 01:02:03,0,0,0,0,0,0,1,0,0
2,62,7,From Free Kick,Germany,3857284,0 days 01:02:07,0,0,0,0,0,0,1,0,0
2,62,9,From Free Kick,Germany,3857284,0 days 01:02:09,0,0,0,0,0,0,1,0,0
2,62,18,From Free Kick,Germany,3857284,0 days 01:02:18,0,0,0,0,0,0,1,0,0
2,62,22,From Free Kick,Germany,3857284,0 days 01:02:22,0,0,0,0,0,0,1,0,0
2,62,23,From Free Kick,Germany,3857284,0 days 01:02:23,0,0,0,0,0,0,1,0,0
2,62,23,From Free Kick,Germany,3857284,0 days 01:02:23,0,0,0,0,0,0,1,0,0
2,62,29,From Free Kick,Germany,3857284,0 days 01:02:29,0,0,0,0,0,0,1,0,0
2,62,56,From Free Kick,Japan,3857284,0 days 01:02:56,0,0,0,0,0,0,1,0,0
2,62,58,From Free Kick,Japan,3857284,0 days 01:02:58,0,0,0,0,0,0,1,0,0
2,63,0,From Free Kick,Japan,3857284,0 days 01:03:00,0,0,0,0,0,0,1,0,0
2,63,1,From Free Kick,Japan,3857284,0 days 01:03:01,0,0,0,0,0,0,1,0,0
2,63,3,From Free Kick,Japan,3857284,0 days 01:03:03,0,0,0,0,0,0,1,0,0
2,63,7,From Free Kick,Japan,3857284,0 days 01:03:07,0,0,0,0,0,0,1,0,0
2,63,9,From Free Kick,Japan,3857284,0 days 01:03:09,0,0,0,0,0,0,1,0,0
2,63,12,Regular Play,Germany,3857284,0 days 01:03:12,0,0,0,0,0,0,1,0,0
2,63,14,Regular Play,Germany,3857284,0 days 01:03:14,0,0,0,0,0,0,1,0,0
2,63,14,Regular Play,Japan,3857284,0 days 01:03:14,0,0,0,0,1,0,0,0,0
2,63,22,From Free Kick,Germany,3857284,0 days 01:03:22,0,0,0,0,0,0,1,0,0
2,63,24,From Free Kick,Germany,3857284,0 days 01:03:24,0,0,0,0,0,0,1,0,0
2,63,26,Regular Play,Japan,3857284,0 days 01:03:26,0,0,0,0,0,0,1,0,0
2,63,30,Regular Play,Japan,3857284,0 days 01:03:30,0,0,0,0,0,0,1,0,0
2,63,33,Regular Play,Japan,3857284,0 days 01:03:33,0,0,0,0,0,0,1,0,0
2,63,35,Regular Play,Japan,3857284,0 days 01:03:35,0,0,0,0,0,0,1,0,0
2,63,36,Regular Play,Japan,3857284,0 days 01:03:36,0,0,0,0,0,0,1,0,0
2,63,37,Regular Play,Japan,3857284,0 days 01:03:37,0,0,0,0,0,0,1,0,0
2,64,4,From Goal Kick,Germany,3857284,0 days 01:04:04,0,0,0,0,0,0,1,0,0
2,64,5,From Goal Kick,Germany,3857284,0 days 01:04:05,0,0,0,0,0,0,1,0,0
2,64,8,From Goal Kick,Germany,3857284,0 days 01:04:08,0,0,0,0,0,0,1,0,0
2,64,9,Regular Play,Japan,3857284,0 days 01:04:09,0,0,0,0,0,0,1,0,0
2,64,12,Regular Play,Japan,3857284,0 days 01:04:12,0,0,0,0,0,0,1,0,0
2,64,14,Regular Play,Japan,3857284,0 days 01:04:14,0,0,0,0,0,0,1,0,0
2,64,31,From Free Kick,Germany,3857284,0 days 01:04:31,0,0,0,0,0,0,1,0,0
2,64,34,From Free Kick,Germany,3857284,0 days 01:04:34,0,0,0,0,0,0,1,0,0
2,64,36,From Free Kick,Germany,3857284,0 days 01:04:36,0,0,0,0,0,0,1,0,0
2,64,38,From Free Kick,Germany,3857284,0 days 01:04:38,0,0,0,0,0,0,1,0,0
2,64,40,From Free Kick,Germany,3857284,0 days 01:04:40,0,0,0,0,0,0,1,0,0
2,64,57,From Throw In,Japan,3857284,0 days 01:04:57,0,0,0,0,0,0,1,0,0
2,64,58,From Throw In,Japan,3857284,0 days 01:04:58,0,0,0,0,0,0,1,0,0
2,64,59,From Throw In,Japan,3857284,0 days 01:04:59,0,0,0,0,0,0,1,0,0
2,64,59,From Throw In,Germany,3857284,0 days 01:04:59,0,0,0,0,0,1,0,0,0
2,65,7,From Throw In,Japan,3857284,0 days 01:05:07,0,0,0,0,0,0,1,0,0
2,65,8,From Throw In,Japan,3857284,0 days 01:05:08,0,0,0,0,0,0,1,0,0
2,65,10,From Throw In,Japan,3857284,0 days 01:05:10,0,0,0,1,0,0,0,0,0
2,65,12,From Throw In,Japan,3857284,0 days 01:05:12,0,0,0,0,0,0,1,0,0
2,65,14,From Throw In,Japan,3857284,0 days 01:05:14,0,0,0,0,0,0,1,0,0
2,65,17,From Throw In,Japan,3857284,0 days 01:05:17,0,0,0,0,0,0,1,0,0
2,65,19,From Throw In,Japan,3857284,0 days 01:05:19,0,0,0,0,0,0,1,0,0
2,65,22,From Throw In,Japan,3857284,0 days 01:05:22,0,0,0,0,0,0,1,0,0
2,65,23,From Throw In,Japan,3857284,0 days 01:05:23,0,0,0,0,0,0,1,0,0
2,65,28,From Throw In,Japan,3857284,0 days 01:05:28,0,0,0,0,0,0,1,0,0
2,65,30,From Throw In,Japan,3857284,0 days 01:05:30,0,0,0,0,0,0,0,1,0
2,66,0,From Corner,Japan,3857284,0 days 01:06:00,0,0,0,0,0,0,1,0,0
2,66,2,From Corner,Japan,3857284,0 days 01:06:02,0,0,0,0,0,0,0,1,0
2,57,4,From Free Kick,Netherlands,3857285,0 days 00:57:04,0,0,0,0,0,0,1,0,0
2,57,6,From Free Kick,Senegal,3857285,0 days 00:57:06,1,0,0,0,0,0,0,0,0
2,57,8,Regular Play,Netherlands,3857285,0 days 00:57:08,1,0,0,0,0,0,0,0,0
2,57,9,Regular Play,Netherlands,3857285,0 days 00:57:09,0,0,0,0,0,0,1,0,0
2,57,14,Regular Play,Netherlands,3857285,0 days 00:57:14,0,0,0,0,0,0,1,0,0
2,57,19,Regular Play,Netherlands,3857285,0 days 00:57:19,0,0,0,0,0,0,1,0,0
2,57,21,Regular Play,Netherlands,3857285,0 days 00:57:21,0,0,0,0,0,0,1,0,0
2,57,23,Regular Play,Netherlands,3857285,0 days 00:57:23,0,0,0,0,0,0,1,0,0
2,57,25,Regular Play,Netherlands,3857285,0 days 00:57:25,0,0,0,0,0,0,1,0,0
2,57,28,Regular Play,Netherlands,3857285,0 days 00:57:28,0,0,1,0,0,0,0,0,0
2,57,28,Regular Play,Senegal,3857285,0 days 00:57:28,0,0,0,0,0,0,0,0,1
2,57,30,Regular Play,Senegal,3857285,0 days 00:57:30,1,0,0,0,0,0,0,0,0
2,57,37,Regular Play,Senegal,3857285,0 days 00:57:37,0,0,0,0,0,0,1,0,0
2,57,38,Regular Play,Netherlands,3857285,0 days 00:57:38,0,1,0,0,0,0,0,0,0
2,57,41,Regular Play,Senegal,3857285,0 days 00:57:41,1,0,0,0,0,0,0,0,0
2,57,42,Regular Play,Senegal,3857285,0 days 00:57:42,0,0,0,0,0,0,1,0,0
2,57,44,Regular Play,Senegal,3857285,0 days 00:57:44,0,0,0,0,0,0,1,0,0
2,57,45,Regular Play,Senegal,3857285,0 days 00:57:45,0,0,0,0,0,0,1,0,0
2,57,47,Regular Play,Senegal,3857285,0 days 00:57:47,0,0,0,0,0,0,1,0,0
2,57,51,Regular Play,Senegal,3857285,0 days 00:57:51,0,0,0,0,0,0,1,0,0
2,57,53,Regular Play,Senegal,3857285,0 days 00:57:53,0,0,0,0,0,0,0,1,0
2,58,8,From Goal Kick,Netherlands,3857285,0 days 00:58:08,0,0,0,0,0,0,1,0,0
2,58,14,From Goal Kick,Netherlands,3857285,0 days 00:58:14,0,0,0,0,0,0,1,0,0
2,58,16,From Goal Kick,Netherlands,3857285,0 days 00:58:16,0,0,0,0,0,0,1,0,0
2,58,24,From Goal Kick,Netherlands,3857285,0 days 00:58:24,0,0,0,0,0,0,1,0,0
2,58,31,From Goal Kick,Netherlands,3857285,0 days 00:58:31,0,0,0,0,0,0,1,0,0
2,58,33,From Goal Kick,Netherlands,3857285,0 days 00:58:33,0,0,0,0,0,0,1,0,0
2,58,35,From Goal Kick,Senegal,3857285,0 days 00:58:35,1,0,0,0,0,0,0,0,0
2,58,40,From Goal Kick,Senegal,3857285,0 days 00:58:40,0,0,0,0,0,0,1,0,0
2,58,41,From Goal Kick,Netherlands,3857285,0 days 00:58:41,1,0,0,0,0,0,0,0,0
2,58,42,From Goal Kick,Netherlands,3857285,0 days 00:58:42,0,0,0,0,0,0,1,0,0
2,58,46,From Goal Kick,Netherlands,3857285,0 days 00:58:46,0,0,0,0,0,0,1,0,0
2,58,51,From Goal Kick,Netherlands,3857285,0 days 00:58:51,0,0,0,0,0,0,1,0,0
2,58,53,From Goal Kick,Netherlands,3857285,0 days 00:58:53,0,0,0,0,0,0,1,0,0
2,58,56,From Goal Kick,Netherlands,3857285,0 days 00:58:56,0,0,0,0,0,0,1,0,0
2,59,2,From Goal Kick,Netherlands,3857285,0 days 00:59:02,0,0,0,0,0,0,1,0,0
2,59,2,From Goal Kick,Senegal,3857285,0 days 00:59:02,0,1,0,0,0,0,0,0,0
2,59,5,From Goal Kick,Netherlands,3857285,0 days 00:59:05,0,0,0,0,0,0,1,0,0
2,59,9,From Goal Kick,Netherlands,3857285,0 days 00:59:09,0,0,0,0,0,0,0,1,0
2,60,41,From Corner,Netherlands,3857285,0 days 01:00:41,0,0,0,0,0,0,1,0,0
2,60,43,From Corner,Senegal,3857285,0 days 01:00:43,0,1,0,0,0,0,0,0,0
2,61,47,From Throw In,Netherlands,3857285,0 days 01:01:47,0,0,0,0,0,0,1,0,0
2,61,51,From Throw In,Netherlands,3857285,0 days 01:01:51,0,0,0,0,0,0,1,0,0
2,62,2,From Throw In,Netherlands,3857285,0 days 01:02:02,0,0,0,0,0,0,1,0,0
2,62,5,From Throw In,Netherlands,3857285,0 days 01:02:05,0,0,0,0,0,0,1,0,0
2,62,8,From Throw In,Senegal,3857285,0 days 01:02:08,0,1,0,0,0,0,0,0,0
2,62,26,From Throw In,Netherlands,3857285,0 days 01:02:26,0,0,0,0,0,0,1,0,0
2,62,30,From Throw In,Netherlands,3857285,0 days 01:02:30,0,0,0,0,0,0,1,0,0
2,62,34,From Throw In,Netherlands,3857285,0 days 01:02:34,0,0,0,0,0,0,1,0,0
2,62,37,From Throw In,Netherlands,3857285,0 days 01:02:37,0,0,0,0,0,0,1,0,0
2,62,43,From Throw In,Netherlands,3857285,0 days 01:02:43,0,0,0,0,0,0,1,0,0
2,62,45,From Throw In,Netherlands,3857285,0 days 01:02:45,0,0,0,0,0,0,1,0,0
2,62,49,From Throw In,Netherlands,3857285,0 days 01:02:49,0,0,0,0,0,0,1,0,0
2,62,52,From Throw In,Netherlands,3857285,0 days 01:02:52,0,0,0,0,0,0,1,0,0
2,62,55,From Throw In,Netherlands,3857285,0 days 01:02:55,0,0,0,0,0,0,1,0,0
2,62,58,From Throw In,Netherlands,3857285,0 days 01:02:58,0,0,0,0,0,0,1,0,0
2,63,4,From Throw In,Netherlands,3857285,0 days 01:03:04,0,0,0,0,0,0,1,0,0
2,63,6,From Throw In,Netherlands,3857285,0 days 01:03:06,0,0,0,0,0,0,1,0,0
2,63,7,Regular Play,Senegal,3857285,0 days 01:03:07,0,0,0,0,0,0,1,0,0
2,63,8,Regular Play,Senegal,3857285,0 days 01:03:08,0,0,0,0,0,0,1,0,0
2,63,15,Regular Play,Senegal,3857285,0 days 01:03:15,0,0,0,0,0,0,1,0,0
2,63,17,Regular Play,Senegal,3857285,0 days 01:03:17,0,0,0,0,0,0,1,0,0
2,63,20,Regular Play,Senegal,3857285,0 days 01:03:20,0,0,0,0,0,0,1,0,0
2,63,22,Regular Play,Senegal,3857285,0 days 01:03:22,0,0,0,0,0,0,1,0,0
2,63,27,Regular Play,Senegal,3857285,0 days 01:03:27,0,0,0,0,0,0,1,0,0
2,63,30,Regular Play,Senegal,3857285,0 days 01:03:30,0,0,0,0,0,0,1,0,0
2,63,33,Regular Play,Senegal,3857285,0 days 01:03:33,0,0,0,0,0,0,1,0,0
2,63,36,Regular Play,Senegal,3857285,0 days 01:03:36,0,0,0,0,0,0,1,0,0
2,63,59,From Throw In,Netherlands,3857285,0 days 01:03:59,0,0,0,0,0,0,1,0,0
2,64,1,From Throw In,Netherlands,3857285,0 days 01:04:01,0,0,0,0,0,0,1,0,0
2,64,2,From Throw In,Netherlands,3857285,0 days 01:04:02,0,0,0,0,1,0,0,0,0
2,64,23,From Free Kick,Senegal,3857285,0 days 01:04:23,0,0,0,0,0,0,1,0,0
2,64,26,From Free Kick,Senegal,3857285,0 days 01:04:26,0,0,0,0,0,0,1,0,0
2,64,28,From Free Kick,Netherlands,3857285,0 days 01:04:28,0,0,0,0,0,0,1,0,0
2,64,32,From Free Kick,Senegal,3857285,0 days 01:04:32,0,0,0,0,0,0,1,0,0
2,64,38,From Free Kick,Senegal,3857285,0 days 01:04:38,0,0,0,0,0,0,1,0,0
2,64,40,From Free Kick,Senegal,3857285,0 days 01:04:40,0,0,0,0,0,0,0,1,0
2,65,14,From Corner,Senegal,3857285,0 days 01:05:14,0,0,0,0,0,0,1,0,0
2,65,16,From Corner,Senegal,3857285,0 days 01:05:16,0,0,0,0,0,0,1,0,0
2,65,21,From Corner,Senegal,3857285,0 days 01:05:21,0,0,0,0,0,0,1,0,0
2,65,35,From Goal Kick,Netherlands,3857285,0 days 01:05:35,0,0,0,0,0,0,1,0,0
2,65,40,From Goal Kick,Netherlands,3857285,0 days 01:05:40,0,0,0,0,0,0,1,0,0
2,65,42,From Goal Kick,Netherlands,3857285,0 days 01:05:42,0,0,0,0,0,0,1,0,0
2,65,47,From Goal Kick,Netherlands,3857285,0 days 01:05:47,0,0,0,0,0,0,1,0,0
2,65,51,From Goal Kick,Netherlands,3857285,0 days 01:05:51,0,0,0,0,0,0,1,0,0
2,65,56,From Goal Kick,Netherlands,3857285,0 days 01:05:56,0,0,0,0,0,0,1,0,0
2,65,57,From Goal Kick,Netherlands,3857285,0 days 01:05:57,0,0,0,0,0,0,1,0,0
2,66,1,From Goal Kick,Netherlands,3857285,0 days 01:06:01,0,0,0,0,0,0,1,0,0
2,66,2,From Goal Kick,Netherlands,3857285,0 days 01:06:02,0,0,0,0,0,0,1,0,0
2,66,3,From Goal Kick,Netherlands,3857285,0 days 01:06:03,0,0,0,0,0,0,1,0,0
2,66,3,From Goal Kick,Netherlands,3857285,0 days 01:06:03,0,0,0,0,0,0,1,0,0
2,66,8,From Goal Kick,Netherlands,3857285,0 days 01:06:08,0,0,0,0,0,0,1,0,0
2,66,10,From Goal Kick,Senegal,3857285,0 days 01:06:10,0,1,0,0,0,0,0,0,0
2,66,12,From Goal Kick,Netherlands,3857285,0 days 01:06:12,0,0,0,0,0,0,1,0,0
2,66,13,From Goal Kick,Netherlands,3857285,0 days 01:06:13,0,0,0,0,1,0,0,0,0
2,66,56,From Free Kick,Senegal,3857285,0 days 01:06:56,0,0,0,0,0,0,1,0,0
2,57,1,From Throw In,Ecuador,3857286,0 days 00:57:01,0,0,0,0,0,0,1,0,0
2,57,2,From Throw In,Ecuador,3857286,0 days 00:57:02,0,0,0,0,0,0,1,0,0
2,57,5,From Throw In,Ecuador,3857286,0 days 00:57:05,0,0,0,0,0,0,1,0,0
2,57,8,From Throw In,Ecuador,3857286,0 days 00:57:08,0,0,0,0,0,0,1,0,0
2,57,11,From Throw In,Ecuador,3857286,0 days 00:57:11,0,0,0,0,0,0,1,0,0
2,57,13,From Throw In,Ecuador,3857286,0 days 00:57:13,0,0,0,0,0,0,1,0,0
2,57,15,From Throw In,Ecuador,3857286,0 days 00:57:15,0,0,0,0,0,0,1,0,0
2,57,17,From Throw In,Ecuador,3857286,0 days 00:57:17,0,0,0,0,0,0,1,0,0
2,57,22,From Throw In,Ecuador,3857286,0 days 00:57:22,0,0,0,0,0,0,1,0,0
2,57,26,From Throw In,Ecuador,3857286,0 days 00:57:26,0,0,0,0,0,0,1,0,0
2,57,30,From Throw In,Ecuador,3857286,0 days 00:57:30,0,0,0,0,0,0,1,0,0
2,57,33,From Throw In,Ecuador,3857286,0 days 00:57:33,0,0,0,0,0,0,1,0,0
2,57,38,From Throw In,Ecuador,3857286,0 days 00:57:38,0,0,0,0,0,0,1,0,0
2,57,39,From Throw In,Ecuador,3857286,0 days 00:57:39,0,0,0,0,0,0,1,0,0
2,57,43,From Throw In,Ecuador,3857286,0 days 00:57:43,0,0,0,0,0,0,1,0,0
2,57,45,From Throw In,Ecuador,3857286,0 days 00:57:45,0,0,0,0,0,0,1,0,0
2,57,45,From Throw In,Ecuador,3857286,0 days 00:57:45,0,0,0,0,0,0,1,0,0
2,57,48,From Throw In,Ecuador,3857286,0 days 00:57:48,0,0,0,0,0,0,1,0,0
2,57,50,From Throw In,Ecuador,3857286,0 days 00:57:50,0,0,0,0,0,0,1,0,0
2,57,52,From Throw In,Ecuador,3857286,0 days 00:57:52,0,0,0,0,0,0,1,0,0
2,57,54,From Throw In,Qatar,3857286,0 days 00:57:54,0,0,0,0,1,0,0,0,0
2,58,12,From Free Kick,Ecuador,3857286,0 days 00:58:12,0,0,0,0,0,0,1,0,0
2,58,15,From Free Kick,Ecuador,3857286,0 days 00:58:15,0,0,0,0,0,0,1,0,0
2,58,18,From Free Kick,Ecuador,3857286,0 days 00:58:18,0,0,0,0,0,0,1,0,0
2,58,19,From Free Kick,Ecuador,3857286,0 days 00:58:19,0,0,0,0,0,0,1,0,0
2,58,21,From Free Kick,Ecuador,3857286,0 days 00:58:21,0,0,0,0,0,0,1,0,0
2,58,23,From Free Kick,Ecuador,3857286,0 days 00:58:23,0,0,0,0,0,0,1,0,0
2,58,24,From Free Kick,Ecuador,3857286,0 days 00:58:24,0,0,0,0,0,0,1,0,0
2,58,25,From Free Kick,Ecuador,3857286,0 days 00:58:25,0,0,0,0,0,0,1,0,0
2,58,26,From Free Kick,Ecuador,3857286,0 days 00:58:26,0,0,0,0,0,0,1,0,0
2,58,28,From Free Kick,Ecuador,3857286,0 days 00:58:28,0,0,0,0,0,0,1,0,0
2,58,29,From Free Kick,Ecuador,3857286,0 days 00:58:29,0,0,0,0,0,0,1,0,0
2,58,33,From Free Kick,Ecuador,3857286,0 days 00:58:33,0,0,0,0,0,0,1,0,0
2,58,37,From Free Kick,Ecuador,3857286,0 days 00:58:37,0,0,0,0,0,0,1,0,0
2,58,40,From Free Kick,Ecuador,3857286,0 days 00:58:40,0,0,0,0,0,0,1,0,0
2,58,42,From Free Kick,Ecuador,3857286,0 days 00:58:42,0,0,0,0,0,0,1,0,0
2,58,47,From Free Kick,Ecuador,3857286,0 days 00:58:47,0,0,0,0,0,0,1,0,0
2,58,49,From Free Kick,Ecuador,3857286,0 days 00:58:49,0,0,0,0,0,0,1,0,0
2,58,51,From Free Kick,Ecuador,3857286,0 days 00:58:51,0,0,0,0,0,0,1,0,0
2,58,52,From Free Kick,Ecuador,3857286,0 days 00:58:52,0,0,0,0,0,0,1,0,0
2,58,53,From Free Kick,Ecuador,3857286,0 days 00:58:53,0,0,0,1,0,0,0,0,0
2,58,53,From Free Kick,Ecuador,3857286,0 days 00:58:53,0,0,0,0,0,0,1,0,0
2,58,55,From Free Kick,Ecuador,3857286,0 days 00:58:55,0,0,0,0,0,0,1,0,0
2,58,56,From Free Kick,Ecuador,3857286,0 days 00:58:56,0,0,0,0,0,0,1,0,0
2,58,57,From Free Kick,Ecuador,3857286,0 days 00:58:57,0,0,0,0,0,0,1,0,0
2,59,2,From Free Kick,Ecuador,3857286,0 days 00:59:02,0,0,0,0,0,0,1,0,0
2,59,6,Regular Play,Qatar,3857286,0 days 00:59:06,1,0,0,0,0,0,0,0,0
2,59,10,Regular Play,Qatar,3857286,0 days 00:59:10,0,0,0,0,0,0,1,0,0
2,59,16,Regular Play,Qatar,3857286,0 days 00:59:16,0,0,0,0,0,0,1,0,0
2,59,17,Regular Play,Qatar,3857286,0 days 00:59:17,0,0,0,0,0,0,1,0,0
2,59,20,Regular Play,Qatar,3857286,0 days 00:59:20,0,0,0,0,0,0,1,0,0
2,59,27,Regular Play,Qatar,3857286,0 days 00:59:27,0,0,0,0,0,0,1,0,0
2,59,30,Regular Play,Qatar,3857286,0 days 00:59:30,0,0,0,0,0,0,1,0,0
2,59,33,Regular Play,Qatar,3857286,0 days 00:59:33,0,0,0,0,0,0,1,0,0
2,59,33,Regular Play,Ecuador,3857286,0 days 00:59:33,0,0,0,0,0,1,0,0,0
2,61,2,From Throw In,Qatar,3857286,0 days 01:01:02,0,0,0,0,0,0,1,0,0
2,61,5,From Throw In,Qatar,3857286,0 days 01:01:05,0,0,0,0,0,0,1,0,0
2,61,8,From Throw In,Qatar,3857286,0 days 01:01:08,0,0,0,0,0,0,1,0,0
2,61,9,From Throw In,Qatar,3857286,0 days 01:01:09,0,0,0,0,0,0,1,0,0
2,61,12,From Throw In,Qatar,3857286,0 days 01:01:12,0,0,0,0,0,0,1,0,0
2,61,17,From Throw In,Qatar,3857286,0 days 01:01:17,0,0,0,0,0,0,1,0,0
2,61,20,From Throw In,Qatar,3857286,0 days 01:01:20,0,0,0,0,0,0,1,0,0
2,61,23,From Throw In,Qatar,3857286,0 days 01:01:23,0,0,0,0,0,0,0,1,0
2,62,1,From Goal Kick,Ecuador,3857286,0 days 01:02:01,0,0,0,0,0,0,1,0,0
2,62,5,From Goal Kick,Ecuador,3857286,0 days 01:02:05,0,0,0,0,0,0,1,0,0
2,62,7,Regular Play,Qatar,3857286,0 days 01:02:07,0,0,0,0,0,0,1,0,0
2,62,15,Regular Play,Qatar,3857286,0 days 01:02:15,0,0,0,0,0,0,1,0,0
2,62,17,Regular Play,Qatar,3857286,0 days 01:02:17,0,0,0,0,0,0,1,0,0
2,62,23,Regular Play,Qatar,3857286,0 days 01:02:23,0,0,0,0,0,0,1,0,0
2,62,25,Regular Play,Qatar,3857286,0 days 01:02:25,0,0,0,0,0,0,1,0,0
2,62,25,Regular Play,Qatar,3857286,0 days 01:02:25,0,0,0,0,0,0,1,0,0
2,62,29,Regular Play,Qatar,3857286,0 days 01:02:29,0,0,0,0,0,0,1,0,0
2,62,36,Regular Play,Qatar,3857286,0 days 01:02:36,0,0,0,0,0,0,1,0,0
2,62,40,Regular Play,Qatar,3857286,0 days 01:02:40,0,0,0,0,0,0,1,0,0
2,62,44,Regular Play,Qatar,3857286,0 days 01:02:44,0,0,0,0,0,0,1,0,0
2,63,25,From Free Kick,Ecuador,3857286,0 days 01:03:25,0,0,0,0,0,0,1,0,0
2,63,30,Regular Play,Qatar,3857286,0 days 01:03:30,0,0,0,0,0,0,1,0,0
2,63,37,Regular Play,Qatar,3857286,0 days 01:03:37,0,0,0,0,0,0,1,0,0
2,63,43,Regular Play,Qatar,3857286,0 days 01:03:43,0,0,0,0,0,0,1,0,0
2,63,44,Regular Play,Ecuador,3857286,0 days 01:03:44,1,0,0,0,0,0,0,0,0
2,63,47,Regular Play,Ecuador,3857286,0 days 01:03:47,0,0,0,0,0,0,1,0,0
2,63,50,Regular Play,Ecuador,3857286,0 days 01:03:50,0,0,0,0,0,0,1,0,0
2,63,53,Regular Play,Ecuador,3857286,0 days 01:03:53,0,0,0,0,0,0,1,0,0
2,63,56,Regular Play,Ecuador,3857286,0 days 01:03:56,0,0,0,0,0,0,1,0,0
2,63,58,Regular Play,Ecuador,3857286,0 days 01:03:58,0,0,0,0,0,0,1,0,0
2,64,1,Regular Play,Ecuador,3857286,0 days 01:04:01,0,0,0,0,0,0,1,0,0
2,64,5,Regular Play,Ecuador,3857286,0 days 01:04:05,0,0,0,0,0,0,1,0,0
2,64,6,Regular Play,Ecuador,3857286,0 days 01:04:06,0,0,0,0,0,0,1,0,0
2,64,10,Regular Play,Ecuador,3857286,0 days 01:04:10,0,0,0,0,0,0,1,0,0
2,64,13,Regular Play,Ecuador,3857286,0 days 01:04:13,0,0,0,0,0,0,1,0,0
2,64,35,From Throw In,Qatar,3857286,0 days 01:04:35,0,0,0,0,0,0,1,0,0
2,64,41,From Throw In,Qatar,3857286,0 days 01:04:41,0,0,0,0,0,0,1,0,0
2,64,42,From Throw In,Qatar,3857286,0 days 01:04:42,0,0,0,0,0,0,1,0,0
2,64,43,From Throw In,Qatar,3857286,0 days 01:04:43,0,0,0,0,0,0,1,0,0
2,64,48,From Throw In,Qatar,3857286,0 days 01:04:48,0,0,1,0,0,0,0,0,0
2,64,48,From Throw In,Ecuador,3857286,0 days 01:04:48,0,0,0,0,0,0,0,0,1
2,65,14,From Throw In,Qatar,3857286,0 days 01:05:14,0,0,0,0,0,0,1,0,0
2,65,15,From Throw In,Qatar,3857286,0 days 01:05:15,0,0,0,0,0,0,1,0,0
2,65,16,From Throw In,Qatar,3857286,0 days 01:05:16,0,0,0,0,0,0,1,0,0
2,65,17,From Throw In,Ecuador,3857286,0 days 01:05:17,0,1,0,0,0,0,0,0,0
2,65,22,From Throw In,Qatar,3857286,0 days 01:05:22,1,0,0,0,0,0,0,0,0
2,65,25,From Throw In,Qatar,3857286,0 days 01:05:25,0,0,0,0,0,0,1,0,0
2,65,28,From Throw In,Qatar,3857286,0 days 01:05:28,0,0,0,0,0,0,1,0,0
2,65,31,From Throw In,Qatar,3857286,0 days 01:05:31,0,0,0,0,0,0,1,0,0
2,65,35,From Throw In,Qatar,3857286,0 days 01:05:35,0,0,0,0,0,0,1,0,0
2,65,37,From Throw In,Qatar,3857286,0 days 01:05:37,0,0,0,0,0,0,1,0,0
2,65,38,From Throw In,Qatar,3857286,0 days 01:05:38,0,0,0,0,0,0,1,0,0
2,65,41,From Throw In,Qatar,3857286,0 days 01:05:41,0,0,0,0,0,0,1,0,0
2,65,44,From Throw In,Qatar,3857286,0 days 01:05:44,0,0,0,0,0,0,1,0,0
2,65,46,From Throw In,Qatar,3857286,0 days 01:05:46,0,0,0,0,0,0,1,0,0
2,65,48,From Throw In,Qatar,3857286,0 days 01:05:48,0,0,0,0,0,0,1,0,0
2,65,52,From Throw In,Qatar,3857286,0 days 01:05:52,0,0,0,0,0,0,1,0,0
2,65,53,From Throw In,Qatar,3857286,0 days 01:05:53,0,0,0,0,0,0,1,0,0
2,65,54,From Throw In,Qatar,3857286,0 days 01:05:54,0,0,0,0,0,0,1,0,0
2,65,57,From Throw In,Qatar,3857286,0 days 01:05:57,0,0,0,0,0,0,1,0,0
2,66,1,From Throw In,Qatar,3857286,0 days 01:06:01,0,0,0,0,0,0,1,0,0
2,66,5,From Throw In,Qatar,3857286,0 days 01:06:05,0,0,0,0,0,0,1,0,0
2,66,7,From Throw In,Qatar,3857286,0 days 01:06:07,0,0,0,0,0,0,1,0,0
2,66,9,From Throw In,Ecuador,3857286,0 days 01:06:09,0,1,0,0,0,0,0,0,0
2,66,11,From Throw In,Qatar,3857286,0 days 01:06:11,1,0,0,0,0,0,0,0,0
2,66,13,From Throw In,Qatar,3857286,0 days 01:06:13,0,0,0,0,0,0,1,0,0
2,66,15,From Throw In,Qatar,3857286,0 days 01:06:15,0,0,0,0,0,0,1,0,0
2,66,15,From Throw In,Ecuador,3857286,0 days 01:06:15,0,0,0,0,0,1,0,0,0
2,66,30,From Throw In,Qatar,3857286,0 days 01:06:30,0,0,0,0,0,0,1,0,0
2,66,30,From Throw In,Qatar,3857286,0 days 01:06:30,0,0,0,0,0,0,1,0,0
2,66,39,From Throw In,Qatar,3857286,0 days 01:06:39,0,0,0,0,0,0,1,0,0
2,66,42,From Throw In,Qatar,3857286,0 days 01:06:42,0,0,0,0,0,0,1,0,0
2,66,44,From Throw In,Qatar,3857286,0 days 01:06:44,0,0,0,0,0,0,1,0,0
2,66,45,From Throw In,Qatar,3857286,0 days 01:06:45,0,0,0,0,0,0,1,0,0
2,66,47,Regular Play,Ecuador,3857286,0 days 01:06:47,1,0,0,0,0,0,0,0,0
2,66,48,Regular Play,Ecuador,3857286,0 days 01:06:48,0,0,0,1,0,0,0,0,0
2,66,50,Regular Play,Qatar,3857286,0 days 01:06:50,0,0,0,0,1,0,0,0,0
2,57,23,From Free Kick,South Korea,3857287,0 days 00:57:23,0,0,0,0,0,0,1,0,0
2,57,25,Regular Play,Uruguay,3857287,0 days 00:57:25,0,0,0,0,0,0,1,0,0
2,57,28,Regular Play,Uruguay,3857287,0 days 00:57:28,0,0,0,0,0,0,1,0,0
2,57,31,Regular Play,Uruguay,3857287,0 days 00:57:31,0,0,0,0,0,0,1,0,0
2,57,33,Regular Play,South Korea,3857287,0 days 00:57:33,0,0,0,0,0,0,1,0,0
2,57,52,From Throw In,Uruguay,3857287,0 days 00:57:52,0,0,0,0,0,0,1,0,0
2,57,54,From Throw In,Uruguay,3857287,0 days 00:57:54,0,0,0,0,0,0,1,0,0
2,57,55,From Throw In,Uruguay,3857287,0 days 00:57:55,0,0,0,0,0,0,1,0,0
2,58,0,Regular Play,South Korea,3857287,0 days 00:58:00,1,0,0,0,0,0,0,0,0
2,58,6,Regular Play,South Korea,3857287,0 days 00:58:06,0,0,0,0,0,0,1,0,0
2,58,13,Regular Play,South Korea,3857287,0 days 00:58:13,0,0,0,0,0,0,1,0,0
2,58,17,Regular Play,South Korea,3857287,0 days 00:58:17,0,0,0,0,0,0,1,0,0
2,58,18,Regular Play,Uruguay,3857287,0 days 00:58:18,0,0,0,0,0,0,1,0,0
2,58,21,Regular Play,South Korea,3857287,0 days 00:58:21,0,0,0,0,0,0,1,0,0
2,58,23,Regular Play,Uruguay,3857287,0 days 00:58:23,1,0,0,0,0,0,0,0,0
2,58,26,Regular Play,Uruguay,3857287,0 days 00:58:26,0,0,0,0,0,0,1,0,0
2,58,27,Regular Play,Uruguay,3857287,0 days 00:58:27,0,0,0,0,0,0,1,0,0
2,58,30,Regular Play,Uruguay,3857287,0 days 00:58:30,0,0,0,0,0,0,1,0,0
2,58,33,Regular Play,Uruguay,3857287,0 days 00:58:33,0,0,0,0,0,0,1,0,0
2,58,35,Regular Play,Uruguay,3857287,0 days 00:58:35,0,0,0,0,0,0,1,0,0
2,58,37,Regular Play,Uruguay,3857287,0 days 00:58:37,0,0,0,0,0,0,1,0,0
2,58,40,Regular Play,Uruguay,3857287,0 days 00:58:40,0,0,0,0,0,0,1,0,0
2,58,42,Regular Play,Uruguay,3857287,0 days 00:58:42,0,0,0,0,0,0,1,0,0
2,58,48,Regular Play,Uruguay,3857287,0 days 00:58:48,0,0,0,0,0,0,1,0,0
2,58,50,Regular Play,Uruguay,3857287,0 days 00:58:50,0,0,0,0,0,0,1,0,0
2,58,54,Regular Play,Uruguay,3857287,0 days 00:58:54,0,0,0,0,0,0,1,0,0
2,58,58,Regular Play,Uruguay,3857287,0 days 00:58:58,0,0,0,0,0,0,1,0,0
2,59,0,Regular Play,Uruguay,3857287,0 days 00:59:00,0,0,0,0,0,0,1,0,0
2,59,2,Regular Play,Uruguay,3857287,0 days 00:59:02,0,0,0,0,0,0,1,0,0
2,59,8,Regular Play,Uruguay,3857287,0 days 00:59:08,0,0,0,0,0,0,1,0,0
2,59,24,From Keeper,South Korea,3857287,0 days 00:59:24,0,0,0,0,0,0,1,0,0
2,59,27,From Keeper,South Korea,3857287,0 days 00:59:27,0,0,0,0,0,0,1,0,0
2,59,30,From Keeper,Uruguay,3857287,0 days 00:59:30,0,0,0,0,0,0,1,0,0
2,59,32,From Keeper,Uruguay,3857287,0 days 00:59:32,0,0,1,0,0,0,0,0,0
2,59,32,From Keeper,South Korea,3857287,0 days 00:59:32,0,0,0,0,0,0,0,0,1
2,59,33,From Keeper,South Korea,3857287,0 days 00:59:33,1,0,0,0,0,0,0,0,0
2,59,34,From Keeper,South Korea,3857287,0 days 00:59:34,0,0,0,0,0,0,1,0,0
2,59,40,From Keeper,South Korea,3857287,0 days 00:59:40,0,0,0,0,0,0,1,0,0
2,59,42,From Keeper,South Korea,3857287,0 days 00:59:42,0,0,0,0,0,0,1,0,0
2,59,43,From Keeper,Uruguay,3857287,0 days 00:59:43,0,1,0,0,0,0,0,0,0
2,59,46,Regular Play,Uruguay,3857287,0 days 00:59:46,1,0,0,0,0,0,0,0,0
2,59,48,Regular Play,Uruguay,3857287,0 days 00:59:48,0,0,0,0,0,0,1,0,0
2,59,51,Regular Play,Uruguay,3857287,0 days 00:59:51,0,0,1,0,0,0,0,0,0
2,59,51,Regular Play,South Korea,3857287,0 days 00:59:51,0,0,0,0,0,0,0,0,1
2,60,9,From Throw In,Uruguay,3857287,0 days 01:00:09,0,0,0,0,0,0,1,0,0
2,60,16,From Throw In,Uruguay,3857287,0 days 01:00:16,0,0,0,0,0,0,1,0,0
2,60,20,From Throw In,Uruguay,3857287,0 days 01:00:20,0,0,0,0,0,0,1,0,0
2,60,26,From Throw In,Uruguay,3857287,0 days 01:00:26,0,0,0,0,0,0,1,0,0
2,60,28,From Throw In,Uruguay,3857287,0 days 01:00:28,0,0,0,0,0,0,1,0,0
2,60,28,From Throw In,Uruguay,3857287,0 days 01:00:28,0,0,0,0,0,0,1,0,0
2,60,30,From Throw In,Uruguay,3857287,0 days 01:00:30,0,0,0,0,0,0,1,0,0
2,60,33,From Throw In,Uruguay,3857287,0 days 01:00:33,0,0,0,0,0,0,1,0,0
2,60,59,From Throw In,South Korea,3857287,0 days 01:00:59,0,0,0,0,0,0,1,0,0
2,61,0,From Throw In,Uruguay,3857287,0 days 01:01:00,0,1,0,0,0,0,0,0,0
2,61,2,From Throw In,South Korea,3857287,0 days 01:01:02,1,0,0,0,0,0,0,0,0
2,61,2,From Throw In,South Korea,3857287,0 days 01:01:02,0,0,1,0,0,0,0,0,0
2,61,2,From Throw In,Uruguay,3857287,0 days 01:01:02,0,0,0,0,0,0,0,0,1
2,61,4,From Throw In,Uruguay,3857287,0 days 01:01:04,1,0,0,0,0,0,0,0,0
2,61,6,From Throw In,Uruguay,3857287,0 days 01:01:06,0,0,0,1,0,0,0,0,0
2,61,6,From Throw In,South Korea,3857287,0 days 01:01:06,0,0,0,0,0,0,0,0,1
2,61,6,From Throw In,South Korea,3857287,0 days 01:01:06,1,0,0,0,0,0,0,0,0
2,61,10,From Throw In,South Korea,3857287,0 days 01:01:10,0,0,0,0,0,0,1,0,0
2,61,13,From Throw In,South Korea,3857287,0 days 01:01:13,0,0,0,0,0,0,1,0,0
2,61,16,From Throw In,South Korea,3857287,0 days 01:01:16,0,0,0,0,0,0,1,0,0
2,61,17,Regular Play,Uruguay,3857287,0 days 01:01:17,0,0,0,0,0,1,0,0,0
2,61,19,Regular Play,Uruguay,3857287,0 days 01:01:19,0,0,0,0,0,0,1,0,0
2,61,22,Regular Play,Uruguay,3857287,0 days 01:01:22,0,0,0,0,0,0,1,0,0
2,61,24,Regular Play,Uruguay,3857287,0 days 01:01:24,0,0,0,0,0,0,1,0,0
2,61,28,Regular Play,Uruguay,3857287,0 days 01:01:28,0,0,0,0,0,0,1,0,0
2,61,29,Regular Play,Uruguay,3857287,0 days 01:01:29,0,0,0,0,0,0,1,0,0
2,61,32,Regular Play,Uruguay,3857287,0 days 01:01:32,0,0,0,0,0,0,1,0,0
2,61,34,Regular Play,South Korea,3857287,0 days 01:01:34,0,0,0,0,0,0,1,0,0
2,61,35,Regular Play,South Korea,3857287,0 days 01:01:35,0,0,0,0,0,0,1,0,0
2,61,37,Regular Play,South Korea,3857287,0 days 01:01:37,0,0,0,0,0,0,1,0,0
2,61,42,Regular Play,South Korea,3857287,0 days 01:01:42,0,0,0,0,0,0,1,0,0
2,61,48,From Throw In,South Korea,3857287,0 days 01:01:48,0,0,0,0,0,0,1,0,0
2,61,52,From Throw In,South Korea,3857287,0 days 01:01:52,0,0,0,0,0,0,1,0,0
2,61,55,From Throw In,South Korea,3857287,0 days 01:01:55,0,0,0,0,0,0,1,0,0
2,61,57,From Throw In,South Korea,3857287,0 days 01:01:57,0,0,0,0,0,0,1,0,0
2,61,59,From Throw In,Uruguay,3857287,0 days 01:01:59,0,0,0,0,0,0,1,0,0
2,62,1,From Throw In,South Korea,3857287,0 days 01:02:01,1,0,0,0,0,0,0,0,0
2,62,2,From Throw In,South Korea,3857287,0 days 01:02:02,0,0,0,0,0,0,1,0,0
2,62,6,From Throw In,South Korea,3857287,0 days 01:02:06,0,0,0,0,0,0,1,0,0
2,62,8,From Throw In,South Korea,3857287,0 days 01:02:08,0,0,0,0,0,0,1,0,0
2,62,9,From Throw In,South Korea,3857287,0 days 01:02:09,0,0,0,0,0,0,1,0,0
2,62,11,From Throw In,Uruguay,3857287,0 days 01:02:11,0,1,0,0,0,0,0,0,0
2,62,13,From Throw In,South Korea,3857287,0 days 01:02:13,0,0,0,0,0,0,1,0,0
2,62,17,From Throw In,South Korea,3857287,0 days 01:02:17,0,0,0,0,0,0,1,0,0
2,62,19,From Throw In,South Korea,3857287,0 days 01:02:19,0,0,0,0,0,0,1,0,0
2,62,22,From Throw In,South Korea,3857287,0 days 01:02:22,0,0,0,0,0,0,1,0,0
2,62,25,Regular Play,Uruguay,3857287,0 days 01:02:25,1,0,0,0,0,0,0,0,0
2,62,28,Regular Play,Uruguay,3857287,0 days 01:02:28,0,0,0,1,0,0,0,0,0
2,62,28,Regular Play,South Korea,3857287,0 days 01:02:28,0,0,0,0,0,0,0,0,1
2,62,29,Regular Play,Uruguay,3857287,0 days 01:02:29,0,0,0,0,0,0,1,0,0
2,62,35,Regular Play,Uruguay,3857287,0 days 01:02:35,0,0,0,1,0,0,0,0,0
2,62,40,Regular Play,Uruguay,3857287,0 days 01:02:40,0,0,0,0,0,0,1,0,0
2,62,42,Regular Play,South Korea,3857287,0 days 01:02:42,1,0,0,0,0,0,0,0,0
2,62,45,Regular Play,South Korea,3857287,0 days 01:02:45,0,0,0,0,0,0,1,0,0
2,62,47,Regular Play,South Korea,3857287,0 days 01:02:47,0,0,0,0,0,0,1,0,0
2,64,56,Regular Play,South Korea,3857287,0 days 01:04:56,1,0,0,0,0,0,0,0,0
2,64,57,Regular Play,South Korea,3857287,0 days 01:04:57,0,0,0,0,0,0,1,0,0
2,65,0,Regular Play,South Korea,3857287,0 days 01:05:00,0,0,0,0,0,0,1,0,0
2,65,7,Regular Play,South Korea,3857287,0 days 01:05:07,0,0,0,0,0,0,1,0,0
2,65,13,Regular Play,South Korea,3857287,0 days 01:05:13,0,0,0,0,0,0,1,0,0
2,65,14,Regular Play,South Korea,3857287,0 days 01:05:14,0,0,0,0,0,0,1,0,0
2,65,16,Regular Play,South Korea,3857287,0 days 01:05:16,0,0,0,0,0,0,1,0,0
2,65,19,Regular Play,South Korea,3857287,0 days 01:05:19,0,0,0,0,0,0,1,0,0
2,65,23,Regular Play,Uruguay,3857287,0 days 01:05:23,0,0,0,0,0,0,1,0,0
2,65,25,Regular Play,Uruguay,3857287,0 days 01:05:25,0,0,0,0,0,0,1,0,0
2,65,26,Regular Play,South Korea,3857287,0 days 01:05:26,0,0,0,0,0,0,1,0,0
2,65,29,Regular Play,South Korea,3857287,0 days 01:05:29,0,0,0,0,0,0,1,0,0
2,65,32,Regular Play,South Korea,3857287,0 days 01:05:32,0,0,0,0,0,0,1,0,0
2,65,35,Regular Play,South Korea,3857287,0 days 01:05:35,0,0,0,0,0,0,1,0,0
2,65,38,Regular Play,South Korea,3857287,0 days 01:05:38,0,0,0,0,0,0,1,0,0
2,65,40,Regular Play,South Korea,3857287,0 days 01:05:40,0,0,0,0,0,0,1,0,0
2,65,43,Regular Play,South Korea,3857287,0 days 01:05:43,0,0,0,0,0,0,1,0,0
2,65,46,Regular Play,South Korea,3857287,0 days 01:05:46,0,0,0,0,0,0,1,0,0
2,65,49,Regular Play,Uruguay,3857287,0 days 01:05:49,0,0,0,0,0,0,1,0,0
2,65,51,Regular Play,Uruguay,3857287,0 days 01:05:51,0,0,0,0,0,0,1,0,0
2,65,53,Regular Play,South Korea,3857287,0 days 01:05:53,0,0,0,0,0,0,1,0,0
2,65,55,Regular Play,Uruguay,3857287,0 days 01:05:55,0,1,0,0,0,0,0,0,0
2,66,17,From Throw In,South Korea,3857287,0 days 01:06:17,0,0,0,0,0,0,1,0,0
2,66,19,From Throw In,South Korea,3857287,0 days 01:06:19,0,0,0,0,0,0,1,0,0
2,66,35,From Throw In,Uruguay,3857287,0 days 01:06:35,0,0,0,0,0,0,1,0,0
2,66,37,From Throw In,South Korea,3857287,0 days 01:06:37,0,1,0,0,0,0,0,0,0
2,66,58,From Throw In,Uruguay,3857287,0 days 01:06:58,0,0,0,0,0,0,1,0,0
2,57,1,From Free Kick,Australia,3857288,0 days 00:57:01,0,0,0,0,0,0,1,0,0
2,57,5,From Free Kick,Australia,3857288,0 days 00:57:05,0,0,0,0,0,0,1,0,0
2,57,11,From Free Kick,Australia,3857288,0 days 00:57:11,0,0,0,0,0,0,1,0,0
2,57,14,From Free Kick,Australia,3857288,0 days 00:57:14,0,0,0,0,0,0,1,0,0
2,57,33,From Throw In,Australia,3857288,0 days 00:57:33,0,0,0,0,0,0,1,0,0
2,57,37,From Throw In,Tunisia,3857288,0 days 00:57:37,1,0,0,0,0,0,0,0,0
2,57,45,From Throw In,Tunisia,3857288,0 days 00:57:45,0,0,0,0,0,0,1,0,0
2,57,46,From Throw In,Tunisia,3857288,0 days 00:57:46,0,0,0,0,0,0,1,0,0
2,57,48,From Throw In,Australia,3857288,0 days 00:57:48,0,0,0,0,0,0,1,0,0
2,57,52,From Throw In,Australia,3857288,0 days 00:57:52,0,0,0,0,0,0,1,0,0
2,57,52,From Throw In,Australia,3857288,0 days 00:57:52,0,0,0,0,0,0,1,0,0
2,57,54,From Throw In,Australia,3857288,0 days 00:57:54,0,0,0,0,0,0,1,0,0
2,57,55,From Throw In,Australia,3857288,0 days 00:57:55,0,0,0,0,0,0,1,0,0
2,57,58,From Throw In,Australia,3857288,0 days 00:57:58,0,0,0,0,0,0,1,0,0
2,58,1,From Throw In,Australia,3857288,0 days 00:58:01,0,0,0,0,0,0,1,0,0
2,58,4,From Throw In,Australia,3857288,0 days 00:58:04,0,0,0,0,0,0,1,0,0
2,58,9,Regular Play,Tunisia,3857288,0 days 00:58:09,1,0,0,0,0,0,0,0,0
2,58,12,Regular Play,Australia,3857288,0 days 00:58:12,0,0,0,0,1,0,0,0,0
2,58,16,From Free Kick,Tunisia,3857288,0 days 00:58:16,0,0,0,0,0,0,1,0,0
2,58,19,From Free Kick,Tunisia,3857288,0 days 00:58:19,0,0,0,0,0,0,1,0,0
2,58,24,From Free Kick,Tunisia,3857288,0 days 00:58:24,0,0,0,0,0,0,1,0,0
2,58,27,From Free Kick,Australia,3857288,0 days 00:58:27,0,1,0,0,0,0,0,0,0
2,58,35,From Throw In,Tunisia,3857288,0 days 00:58:35,0,0,0,0,0,0,1,0,0
2,58,41,From Throw In,Tunisia,3857288,0 days 00:58:41,0,0,0,0,0,0,1,0,0
2,58,46,From Throw In,Tunisia,3857288,0 days 00:58:46,0,0,0,0,0,0,1,0,0
2,58,48,From Throw In,Tunisia,3857288,0 days 00:58:48,0,0,0,0,0,0,1,0,0
2,58,50,From Throw In,Tunisia,3857288,0 days 00:58:50,0,0,0,0,0,0,1,0,0
2,58,58,From Throw In,Tunisia,3857288,0 days 00:58:58,0,0,0,0,0,0,1,0,0
2,59,0,From Throw In,Australia,3857288,0 days 00:59:00,1,0,0,0,0,0,0,0,0
2,59,5,From Throw In,Australia,3857288,0 days 00:59:05,0,0,0,0,0,0,1,0,0
2,59,10,From Throw In,Tunisia,3857288,0 days 00:59:10,1,0,0,0,0,0,0,0,0
2,59,11,From Throw In,Tunisia,3857288,0 days 00:59:11,0,0,0,0,0,0,1,0,0
2,59,17,From Throw In,Tunisia,3857288,0 days 00:59:17,0,0,0,0,0,0,1,0,0
2,59,24,From Throw In,Tunisia,3857288,0 days 00:59:24,0,0,0,0,0,0,1,0,0
2,59,25,From Throw In,Australia,3857288,0 days 00:59:25,0,1,0,0,0,0,0,0,0
2,59,32,From Throw In,Tunisia,3857288,0 days 00:59:32,0,0,0,0,0,0,1,0,0
2,59,35,From Throw In,Tunisia,3857288,0 days 00:59:35,0,0,0,0,0,0,1,0,0
2,59,38,From Throw In,Tunisia,3857288,0 days 00:59:38,0,0,0,0,0,0,1,0,0
2,59,40,From Throw In,Tunisia,3857288,0 days 00:59:40,0,0,0,0,0,0,1,0,0
2,59,43,From Throw In,Tunisia,3857288,0 days 00:59:43,0,0,0,0,0,0,1,0,0
2,59,44,From Throw In,Australia,3857288,0 days 00:59:44,0,0,0,0,0,1,0,0,0
2,59,45,From Throw In,Australia,3857288,0 days 00:59:45,0,0,1,0,0,0,0,0,0
2,59,45,From Throw In,Tunisia,3857288,0 days 00:59:45,0,0,0,0,0,0,0,0,1
2,59,48,From Throw In,Tunisia,3857288,0 days 00:59:48,0,0,0,0,0,0,1,0,0
2,59,50,From Throw In,Tunisia,3857288,0 days 00:59:50,0,0,0,0,0,0,1,0,0
2,59,52,From Throw In,Australia,3857288,0 days 00:59:52,0,1,0,0,0,0,0,0,0
2,59,57,From Throw In,Australia,3857288,0 days 00:59:57,0,1,0,0,0,0,0,0,0
2,60,0,From Throw In,Tunisia,3857288,0 days 01:00:00,0,0,0,0,0,0,1,0,0
2,60,4,From Throw In,Tunisia,3857288,0 days 01:00:04,0,0,0,0,0,0,1,0,0
2,60,5,From Throw In,Tunisia,3857288,0 days 01:00:05,0,0,0,0,0,0,1,0,0
2,60,7,From Throw In,Tunisia,3857288,0 days 01:00:07,0,0,0,0,0,0,1,0,0
2,60,13,From Throw In,Tunisia,3857288,0 days 01:00:13,0,0,0,0,0,0,1,0,0
2,60,16,From Throw In,Tunisia,3857288,0 days 01:00:16,0,0,0,0,0,0,1,0,0
2,60,23,From Throw In,Tunisia,3857288,0 days 01:00:23,0,0,0,0,0,0,1,0,0
2,60,25,From Throw In,Tunisia,3857288,0 days 01:00:25,0,0,0,0,0,0,0,1,0
2,60,58,From Goal Kick,Australia,3857288,0 days 01:00:58,0,0,0,0,0,0,1,0,0
2,61,4,From Goal Kick,Australia,3857288,0 days 01:01:04,0,0,0,0,0,0,1,0,0
2,61,5,From Counter,Tunisia,3857288,0 days 01:01:05,1,0,0,0,0,0,0,0,0
2,61,9,From Counter,Tunisia,3857288,0 days 01:01:09,0,0,0,0,0,0,1,0,0
2,61,10,Regular Play,Australia,3857288,0 days 01:01:10,0,0,0,0,0,1,0,0,0
2,61,19,From Throw In,Tunisia,3857288,0 days 01:01:19,0,0,0,0,0,0,1,0,0
2,61,22,From Throw In,Tunisia,3857288,0 days 01:01:22,0,0,0,0,0,0,1,0,0
2,61,26,From Throw In,Tunisia,3857288,0 days 01:01:26,0,0,0,0,0,0,1,0,0
2,61,27,From Throw In,Tunisia,3857288,0 days 01:01:27,0,0,0,0,0,0,1,0,0
2,61,30,From Throw In,Tunisia,3857288,0 days 01:01:30,0,0,0,0,0,0,1,0,0
2,61,34,From Throw In,Tunisia,3857288,0 days 01:01:34,0,0,0,0,0,0,1,0,0
2,61,37,Regular Play,Australia,3857288,0 days 01:01:37,1,0,0,0,0,0,0,0,0
2,61,39,Regular Play,Australia,3857288,0 days 01:01:39,0,0,0,1,0,0,0,0,0
2,61,40,Regular Play,Australia,3857288,0 days 01:01:40,0,0,0,0,0,0,1,0,0
2,61,43,Regular Play,Australia,3857288,0 days 01:01:43,0,0,0,0,0,0,1,0,0
2,61,45,Regular Play,Australia,3857288,0 days 01:01:45,0,0,0,0,0,0,1,0,0
2,61,49,Regular Play,Australia,3857288,0 days 01:01:49,0,0,0,0,0,0,1,0,0
2,61,51,Regular Play,Tunisia,3857288,0 days 01:01:51,0,0,0,0,0,0,1,0,0
2,61,55,Regular Play,Australia,3857288,0 days 01:01:55,1,0,0,0,0,0,0,0,0
2,61,55,Regular Play,Australia,3857288,0 days 01:01:55,0,0,1,0,0,0,0,0,0
2,61,55,Regular Play,Tunisia,3857288,0 days 01:01:55,0,0,0,0,0,0,0,0,1
2,62,5,From Throw In,Tunisia,3857288,0 days 01:02:05,0,0,0,0,0,0,1,0,0
2,62,10,From Throw In,Tunisia,3857288,0 days 01:02:10,0,0,0,0,0,0,1,0,0
2,62,15,From Throw In,Tunisia,3857288,0 days 01:02:15,0,0,0,0,0,0,1,0,0
2,62,16,From Throw In,Tunisia,3857288,0 days 01:02:16,0,0,0,0,0,0,1,0,0
2,62,16,Regular Play,Australia,3857288,0 days 01:02:16,0,0,0,0,0,0,1,0,0
2,62,17,Regular Play,Australia,3857288,0 days 01:02:17,0,0,0,0,0,0,1,0,0
2,62,19,Regular Play,Australia,3857288,0 days 01:02:19,0,0,0,0,0,0,1,0,0
2,62,21,Regular Play,Tunisia,3857288,0 days 01:02:21,1,0,0,0,0,0,0,0,0
2,62,24,Regular Play,Tunisia,3857288,0 days 01:02:24,0,0,0,0,0,0,1,0,0
2,62,26,Regular Play,Tunisia,3857288,0 days 01:02:26,0,0,0,0,0,0,1,0,0
2,62,27,Regular Play,Tunisia,3857288,0 days 01:02:27,0,0,0,1,0,0,0,0,0
2,62,27,Regular Play,Australia,3857288,0 days 01:02:27,0,0,0,0,0,0,0,0,1
2,62,31,Regular Play,Australia,3857288,0 days 01:02:31,0,0,0,0,0,0,1,0,0
2,62,34,Regular Play,Australia,3857288,0 days 01:02:34,0,0,0,0,0,0,1,0,0
2,62,37,Regular Play,Australia,3857288,0 days 01:02:37,0,0,0,0,0,0,1,0,0
2,62,41,Regular Play,Tunisia,3857288,0 days 01:02:41,0,0,0,0,0,0,1,0,0
2,62,42,Regular Play,Australia,3857288,0 days 01:02:42,0,0,0,0,0,0,1,0,0
2,62,44,Regular Play,Australia,3857288,0 days 01:02:44,0,0,0,0,1,0,0,0,0
2,63,42,From Free Kick,Tunisia,3857288,0 days 01:03:42,0,0,0,0,0,0,1,0,0
2,63,44,From Free Kick,Tunisia,3857288,0 days 01:03:44,0,0,0,0,0,0,1,0,0
2,63,48,From Free Kick,Tunisia,3857288,0 days 01:03:48,0,0,0,0,0,0,1,0,0
2,63,49,From Free Kick,Tunisia,3857288,0 days 01:03:49,0,0,1,0,0,0,0,0,0
2,63,49,Regular Play,Australia,3857288,0 days 01:03:49,0,0,0,0,0,0,0,0,1
2,63,50,Regular Play,Tunisia,3857288,0 days 01:03:50,0,0,0,0,1,0,0,0,0
2,64,27,From Free Kick,Australia,3857288,0 days 01:04:27,0,0,0,0,0,0,1,0,0
2,64,31,From Free Kick,Australia,3857288,0 days 01:04:31,0,0,0,0,0,0,1,0,0
2,64,33,From Free Kick,Australia,3857288,0 days 01:04:33,0,0,0,0,0,0,1,0,0
2,64,35,From Free Kick,Australia,3857288,0 days 01:04:35,0,0,0,0,0,0,1,0,0
2,64,36,From Free Kick,Australia,3857288,0 days 01:04:36,0,0,0,0,0,0,1,0,0
2,64,38,From Free Kick,Australia,3857288,0 days 01:04:38,0,0,0,0,0,0,1,0,0
2,64,53,From Throw In,Tunisia,3857288,0 days 01:04:53,0,0,0,0,0,0,1,0,0
2,64,54,Regular Play,Australia,3857288,0 days 01:04:54,0,0,0,0,0,0,1,0,0
2,64,54,Regular Play,Australia,3857288,0 days 01:04:54,0,0,0,0,0,0,1,0,0
2,64,56,Regular Play,Australia,3857288,0 days 01:04:56,0,0,0,0,0,0,1,0,0
2,64,57,Regular Play,Tunisia,3857288,0 days 01:04:57,0,0,0,0,0,1,0,0,0
2,64,58,Regular Play,Australia,3857288,0 days 01:04:58,0,0,0,0,0,0,1,0,0
2,65,0,Regular Play,Australia,3857288,0 days 01:05:00,0,0,0,0,0,0,1,0,0
2,65,2,Regular Play,Australia,3857288,0 days 01:05:02,0,0,1,0,0,0,0,0,0
2,65,2,Regular Play,Tunisia,3857288,0 days 01:05:02,0,0,0,0,0,0,0,0,1
2,65,4,Regular Play,Tunisia,3857288,0 days 01:05:04,0,0,0,0,0,0,1,0,0
2,65,10,Regular Play,Tunisia,3857288,0 days 01:05:10,0,0,0,0,0,0,1,0,0
2,65,12,Regular Play,Tunisia,3857288,0 days 01:05:12,0,0,0,0,0,0,1,0,0
2,65,16,Regular Play,Tunisia,3857288,0 days 01:05:16,0,0,0,0,0,0,1,0,0
2,65,17,Regular Play,Tunisia,3857288,0 days 01:05:17,0,0,0,0,0,0,1,0,0
2,65,18,Regular Play,Tunisia,3857288,0 days 01:05:18,0,0,0,0,0,0,0,1,0
2,65,20,Regular Play,Tunisia,3857288,0 days 01:05:20,1,0,0,0,0,0,0,0,0
2,65,21,Regular Play,Tunisia,3857288,0 days 01:05:21,0,0,0,0,0,0,1,0,0
2,65,28,Regular Play,Tunisia,3857288,0 days 01:05:28,0,0,0,0,0,0,1,0,0
2,65,31,Regular Play,Tunisia,3857288,0 days 01:05:31,0,0,0,0,0,0,1,0,0
2,65,33,Regular Play,Australia,3857288,0 days 01:05:33,1,0,0,0,0,0,0,0,0
2,65,45,Regular Play,Australia,3857288,0 days 01:05:45,0,0,0,0,0,0,1,0,0
2,65,48,Regular Play,Australia,3857288,0 days 01:05:48,0,0,0,0,0,0,1,0,0
2,65,52,Regular Play,Australia,3857288,0 days 01:05:52,0,0,0,0,0,0,1,0,0
2,65,57,Regular Play,Australia,3857288,0 days 01:05:57,0,0,0,0,0,0,1,0,0
2,66,2,Regular Play,Australia,3857288,0 days 01:06:02,0,0,0,0,0,0,1,0,0
2,66,3,Regular Play,Australia,3857288,0 days 01:06:03,0,0,0,0,0,0,1,0,0
2,66,6,Regular Play,Australia,3857288,0 days 01:06:06,0,0,0,0,0,0,1,0,0
2,66,8,Regular Play,Tunisia,3857288,0 days 01:06:08,1,0,0,0,0,0,0,0,0
2,66,10,Regular Play,Tunisia,3857288,0 days 01:06:10,0,0,0,0,0,0,1,0,0
2,66,12,Regular Play,Tunisia,3857288,0 days 01:06:12,0,0,0,0,0,0,1,0,0
2,66,15,Regular Play,Tunisia,3857288,0 days 01:06:15,0,0,0,0,0,0,1,0,0
2,66,17,Regular Play,Tunisia,3857288,0 days 01:06:17,0,0,0,0,0,0,1,0,0
2,57,11,From Goal Kick,Mexico,3857289,0 days 00:57:11,0,0,0,0,0,0,1,0,0
2,57,15,From Goal Kick,Mexico,3857289,0 days 00:57:15,0,0,0,0,0,0,1,0,0
2,57,17,From Goal Kick,Mexico,3857289,0 days 00:57:17,0,0,0,0,0,0,1,0,0
2,57,19,From Goal Kick,Mexico,3857289,0 days 00:57:19,0,0,0,0,0,0,1,0,0
2,57,25,From Goal Kick,Mexico,3857289,0 days 00:57:25,0,0,0,0,0,0,1,0,0
2,57,28,From Goal Kick,Mexico,3857289,0 days 00:57:28,0,0,0,0,0,0,1,0,0
2,57,30,From Goal Kick,Mexico,3857289,0 days 00:57:30,0,0,0,0,0,0,1,0,0
2,57,32,From Goal Kick,Argentina,3857289,0 days 00:57:32,0,0,0,0,0,0,1,0,0
2,57,37,From Goal Kick,Mexico,3857289,0 days 00:57:37,0,0,0,0,0,0,1,0,0
2,57,39,From Goal Kick,Argentina,3857289,0 days 00:57:39,0,0,0,0,0,0,1,0,0
2,57,40,From Goal Kick,Mexico,3857289,0 days 00:57:40,0,0,0,0,0,0,1,0,0
2,57,41,From Goal Kick,Mexico,3857289,0 days 00:57:41,0,0,0,0,0,0,1,0,0
2,57,45,From Goal Kick,Mexico,3857289,0 days 00:57:45,0,0,0,0,0,0,1,0,0
2,57,46,From Goal Kick,Mexico,3857289,0 days 00:57:46,0,0,0,0,0,0,1,0,0
2,57,49,From Goal Kick,Mexico,3857289,0 days 00:57:49,0,0,0,0,0,0,1,0,0
2,57,52,Regular Play,Argentina,3857289,0 days 00:57:52,1,0,0,0,0,0,0,0,0
2,57,54,Regular Play,Argentina,3857289,0 days 00:57:54,0,0,0,0,0,0,1,0,0
2,57,55,Regular Play,Argentina,3857289,0 days 00:57:55,0,0,0,0,0,0,1,0,0
2,57,58,Regular Play,Argentina,3857289,0 days 00:57:58,0,0,0,0,0,0,1,0,0
2,57,59,Regular Play,Argentina,3857289,0 days 00:57:59,0,0,0,0,0,0,1,0,0
2,58,0,Regular Play,Argentina,3857289,0 days 00:58:00,0,0,0,0,0,0,1,0,0
2,58,6,Regular Play,Argentina,3857289,0 days 00:58:06,0,0,0,0,0,0,1,0,0
2,58,11,Regular Play,Argentina,3857289,0 days 00:58:11,0,0,0,0,0,0,1,0,0
2,58,15,Regular Play,Argentina,3857289,0 days 00:58:15,0,0,0,0,0,0,1,0,0
2,58,15,Regular Play,Mexico,3857289,0 days 00:58:15,0,0,0,0,0,1,0,0,0
2,58,17,Regular Play,Mexico,3857289,0 days 00:58:17,0,0,0,0,0,0,1,0,0
2,58,24,Regular Play,Argentina,3857289,0 days 00:58:24,0,0,0,0,1,0,0,0,0
2,59,11,From Free Kick,Mexico,3857289,0 days 00:59:11,0,0,0,0,0,0,1,0,0
2,59,12,From Free Kick,Argentina,3857289,0 days 00:59:12,0,1,0,0,0,0,0,0,0
2,59,16,Regular Play,Argentina,3857289,0 days 00:59:16,1,0,0,0,0,0,0,0,0
2,59,20,Regular Play,Argentina,3857289,0 days 00:59:20,0,0,0,0,0,0,1,0,0
2,59,22,Regular Play,Mexico,3857289,0 days 00:59:22,0,0,0,0,0,1,0,0,0
2,59,29,From Throw In,Argentina,3857289,0 days 00:59:29,0,0,0,0,0,0,1,0,0
2,59,34,From Throw In,Argentina,3857289,0 days 00:59:34,0,0,0,0,0,0,1,0,0
2,59,38,From Throw In,Argentina,3857289,0 days 00:59:38,0,0,0,0,0,0,1,0,0
2,59,40,From Throw In,Argentina,3857289,0 days 00:59:40,0,0,0,0,0,0,1,0,0
2,59,42,From Throw In,Argentina,3857289,0 days 00:59:42,0,0,0,0,0,0,1,0,0
2,59,44,From Throw In,Argentina,3857289,0 days 00:59:44,0,0,0,0,0,0,1,0,0
2,59,46,From Throw In,Argentina,3857289,0 days 00:59:46,0,0,0,0,0,0,1,0,0
2,59,48,From Throw In,Argentina,3857289,0 days 00:59:48,0,0,0,0,0,0,1,0,0
2,59,50,From Throw In,Argentina,3857289,0 days 00:59:50,0,0,0,0,0,0,1,0,0
2,59,54,From Throw In,Argentina,3857289,0 days 00:59:54,0,0,0,0,0,0,1,0,0
2,59,58,From Throw In,Argentina,3857289,0 days 00:59:58,0,0,0,0,0,0,1,0,0
2,60,0,From Throw In,Argentina,3857289,0 days 01:00:00,0,0,0,0,0,0,1,0,0
2,60,3,From Throw In,Argentina,3857289,0 days 01:00:03,0,0,0,0,0,0,1,0,0
2,60,6,From Throw In,Argentina,3857289,0 days 01:00:06,0,0,0,0,0,0,1,0,0
2,60,8,From Throw In,Argentina,3857289,0 days 01:00:08,0,0,0,0,0,0,1,0,0
2,60,10,From Throw In,Argentina,3857289,0 days 01:00:10,0,0,0,0,0,0,1,0,0
2,60,13,From Throw In,Argentina,3857289,0 days 01:00:13,0,0,0,0,0,0,1,0,0
2,60,15,From Throw In,Argentina,3857289,0 days 01:00:15,0,0,0,0,0,0,1,0,0
2,60,19,From Throw In,Argentina,3857289,0 days 01:00:19,0,0,0,0,0,0,1,0,0
2,60,23,From Throw In,Argentina,3857289,0 days 01:00:23,0,0,0,0,0,0,1,0,0
2,60,24,From Throw In,Mexico,3857289,0 days 01:00:24,0,1,0,0,0,0,0,0,0
2,60,25,From Throw In,Argentina,3857289,0 days 01:00:25,0,0,0,0,0,0,1,0,0
2,60,27,From Throw In,Argentina,3857289,0 days 01:00:27,0,0,0,0,0,0,1,0,0
2,60,29,From Throw In,Argentina,3857289,0 days 01:00:29,0,0,0,0,0,0,1,0,0
2,60,30,From Throw In,Argentina,3857289,0 days 01:00:30,0,0,0,0,0,0,1,0,0
2,60,31,From Throw In,Argentina,3857289,0 days 01:00:31,0,0,0,0,0,0,1,0,0
2,60,33,From Throw In,Argentina,3857289,0 days 01:00:33,0,0,0,0,0,0,1,0,0
2,60,36,From Throw In,Argentina,3857289,0 days 01:00:36,0,0,0,0,0,0,1,0,0
2,60,39,From Throw In,Argentina,3857289,0 days 01:00:39,0,0,0,0,0,0,1,0,0
2,60,43,From Throw In,Argentina,3857289,0 days 01:00:43,0,0,0,0,0,0,1,0,0
2,60,45,From Throw In,Argentina,3857289,0 days 01:00:45,0,0,0,0,0,0,1,0,0
2,60,46,From Throw In,Argentina,3857289,0 days 01:00:46,0,0,0,0,0,0,1,0,0
2,60,48,From Throw In,Argentina,3857289,0 days 01:00:48,0,0,0,1,0,0,0,0,0
2,60,48,From Throw In,Mexico,3857289,0 days 01:00:48,0,0,0,0,0,0,0,0,1
2,60,49,From Throw In,Mexico,3857289,0 days 01:00:49,1,0,0,0,0,0,0,0,0
2,60,51,From Throw In,Mexico,3857289,0 days 01:00:51,0,0,1,0,0,0,0,0,0
2,60,51,From Throw In,Argentina,3857289,0 days 01:00:51,0,0,0,0,0,0,0,0,1
2,60,55,From Throw In,Argentina,3857289,0 days 01:00:55,1,0,0,0,0,0,0,0,0
2,61,1,From Throw In,Argentina,3857289,0 days 01:01:01,0,0,0,0,0,0,1,0,0
2,61,2,From Throw In,Argentina,3857289,0 days 01:01:02,0,0,0,0,0,0,1,0,0
2,61,6,From Throw In,Argentina,3857289,0 days 01:01:06,0,0,0,0,0,0,1,0,0
2,61,9,From Throw In,Argentina,3857289,0 days 01:01:09,0,0,0,0,0,0,1,0,0
2,61,13,From Throw In,Argentina,3857289,0 days 01:01:13,0,0,0,0,0,0,1,0,0
2,61,16,From Throw In,Argentina,3857289,0 days 01:01:16,0,0,0,0,0,0,1,0,0
2,61,25,From Throw In,Argentina,3857289,0 days 01:01:25,0,0,0,0,0,0,1,0,0
2,61,27,From Throw In,Argentina,3857289,0 days 01:01:27,0,0,0,0,0,0,1,0,0
2,61,29,From Throw In,Argentina,3857289,0 days 01:01:29,0,0,0,0,0,0,1,0,0
2,61,32,From Throw In,Argentina,3857289,0 days 01:01:32,0,0,0,0,0,0,1,0,0
2,61,37,From Throw In,Argentina,3857289,0 days 01:01:37,0,0,0,0,0,0,1,0,0
2,61,42,From Throw In,Argentina,3857289,0 days 01:01:42,0,0,0,0,0,0,1,0,0
2,61,43,From Throw In,Mexico,3857289,0 days 01:01:43,0,1,0,0,0,0,0,0,0
2,61,48,From Throw In,Argentina,3857289,0 days 01:01:48,1,0,0,0,0,0,0,0,0
2,61,55,From Throw In,Argentina,3857289,0 days 01:01:55,0,0,0,0,0,0,1,0,0
2,61,57,From Throw In,Mexico,3857289,0 days 01:01:57,0,0,0,0,0,1,0,0,0
2,62,0,From Throw In,Argentina,3857289,0 days 01:02:00,1,0,0,0,0,0,0,0,0
2,62,1,From Throw In,Argentina,3857289,0 days 01:02:01,0,0,0,0,0,0,1,0,0
2,62,2,Regular Play,Mexico,3857289,0 days 01:02:02,0,0,0,0,0,0,1,0,0
2,62,3,Regular Play,Mexico,3857289,0 days 01:02:03,0,0,0,1,0,0,0,0,0
2,62,3,Regular Play,Argentina,3857289,0 days 01:02:03,0,0,0,0,0,0,0,0,1
2,62,49,From Throw In,Mexico,3857289,0 days 01:02:49,0,0,0,0,0,0,1,0,0
2,62,51,From Throw In,Mexico,3857289,0 days 01:02:51,0,0,0,0,0,0,1,0,0
2,63,8,From Goal Kick,Argentina,3857289,0 days 01:03:08,0,0,0,0,0,0,1,0,0
2,63,14,From Goal Kick,Argentina,3857289,0 days 01:03:14,0,0,0,0,0,0,1,0,0
2,63,16,From Goal Kick,Argentina,3857289,0 days 01:03:16,0,0,0,0,0,0,1,0,0
2,63,19,From Goal Kick,Argentina,3857289,0 days 01:03:19,0,0,0,0,0,0,1,0,0
2,63,22,From Goal Kick,Argentina,3857289,0 days 01:03:22,0,0,0,0,0,0,1,0,0
2,63,25,From Goal Kick,Argentina,3857289,0 days 01:03:25,0,0,0,0,0,0,1,0,0
2,63,30,From Goal Kick,Argentina,3857289,0 days 01:03:30,0,0,0,0,0,0,1,0,0
2,63,32,From Goal Kick,Argentina,3857289,0 days 01:03:32,0,0,0,0,0,0,0,1,0
2,65,30,From Kick Off,Mexico,3857289,0 days 01:05:30,0,0,0,0,0,0,1,0,0
2,65,37,From Kick Off,Mexico,3857289,0 days 01:05:37,0,0,0,0,0,0,1,0,0
2,65,41,From Kick Off,Mexico,3857289,0 days 01:05:41,0,0,0,0,0,0,1,0,0
2,65,43,From Kick Off,Mexico,3857289,0 days 01:05:43,0,0,0,0,0,0,1,0,0
2,65,44,From Kick Off,Mexico,3857289,0 days 01:05:44,0,0,0,0,0,0,1,0,0
2,65,48,From Kick Off,Mexico,3857289,0 days 01:05:48,0,0,0,0,0,0,1,0,0
2,65,50,From Kick Off,Mexico,3857289,0 days 01:05:50,0,0,0,0,0,0,1,0,0
2,65,51,Regular Play,Argentina,3857289,0 days 01:05:51,1,0,0,0,0,0,0,0,0
2,65,53,Regular Play,Mexico,3857289,0 days 01:05:53,0,0,0,0,1,0,0,0,0
2,66,26,From Free Kick,Argentina,3857289,0 days 01:06:26,0,0,0,0,0,0,1,0,0
2,66,31,From Free Kick,Argentina,3857289,0 days 01:06:31,0,0,0,0,0,0,1,0,0
2,66,32,From Free Kick,Argentina,3857289,0 days 01:06:32,0,0,0,0,0,0,1,0,0
2,66,33,Regular Play,Mexico,3857289,0 days 01:06:33,0,0,0,0,0,0,1,0,0
2,66,37,Regular Play,Mexico,3857289,0 days 01:06:37,0,0,0,0,0,0,1,0,0
2,66,40,Regular Play,Mexico,3857289,0 days 01:06:40,0,0,0,0,0,0,1,0,0
2,66,41,Regular Play,Argentina,3857289,0 days 01:06:41,0,1,0,0,0,0,0,0,0
2,66,44,Regular Play,Argentina,3857289,0 days 01:06:44,0,0,0,0,0,0,1,0,0
2,66,46,Regular Play,Mexico,3857289,0 days 01:06:46,0,0,0,0,0,0,1,0,0
2,66,47,Regular Play,Mexico,3857289,0 days 01:06:47,1,0,0,0,0,0,0,0,0
2,66,50,Regular Play,Mexico,3857289,0 days 01:06:50,0,0,0,0,0,0,1,0,0
2,57,23,From Corner,Cameroon,3857290,0 days 00:57:23,0,0,0,0,0,0,1,0,0
2,57,27,From Corner,Cameroon,3857290,0 days 00:57:27,0,0,0,0,0,0,1,0,0
2,57,32,From Keeper,Switzerland,3857290,0 days 00:57:32,0,0,0,0,0,0,1,0,0
2,57,35,From Keeper,Switzerland,3857290,0 days 00:57:35,0,0,0,0,0,0,1,0,0
2,57,40,From Keeper,Switzerland,3857290,0 days 00:57:40,0,0,0,0,0,0,1,0,0
2,57,53,From Free Kick,Cameroon,3857290,0 days 00:57:53,0,0,0,0,0,0,1,0,0
2,58,1,From Free Kick,Cameroon,3857290,0 days 00:58:01,0,0,0,0,0,0,1,0,0
2,58,5,From Free Kick,Cameroon,3857290,0 days 00:58:05,0,0,0,0,0,0,1,0,0
2,58,6,Regular Play,Switzerland,3857290,0 days 00:58:06,0,0,0,0,0,0,1,0,0
2,58,7,Regular Play,Switzerland,3857290,0 days 00:58:07,0,0,0,0,0,0,1,0,0
2,58,9,Regular Play,Cameroon,3857290,0 days 00:58:09,1,0,0,0,0,0,0,0,0
2,58,11,Regular Play,Cameroon,3857290,0 days 00:58:11,0,0,0,0,0,0,1,0,0
2,58,16,Regular Play,Switzerland,3857290,0 days 00:58:16,0,1,0,0,0,0,0,0,0
2,58,23,From Throw In,Cameroon,3857290,0 days 00:58:23,0,0,0,0,0,0,1,0,0
2,58,30,From Throw In,Cameroon,3857290,0 days 00:58:30,0,0,0,0,0,0,1,0,0
2,58,34,From Throw In,Cameroon,3857290,0 days 00:58:34,0,0,0,0,0,0,1,0,0
2,58,37,From Throw In,Cameroon,3857290,0 days 00:58:37,0,0,0,0,0,0,1,0,0
2,58,39,From Throw In,Cameroon,3857290,0 days 00:58:39,0,0,0,0,0,0,1,0,0
2,58,43,From Throw In,Cameroon,3857290,0 days 00:58:43,0,0,0,0,0,0,1,0,0
2,58,43,From Throw In,Cameroon,3857290,0 days 00:58:43,0,0,0,0,0,0,1,0,0
2,58,47,From Throw In,Cameroon,3857290,0 days 00:58:47,0,0,0,0,0,0,1,0,0
2,58,49,From Throw In,Switzerland,3857290,0 days 00:58:49,0,0,0,0,0,1,0,0,0
2,58,51,From Throw In,Switzerland,3857290,0 days 00:58:51,0,0,0,0,0,0,1,0,0
2,58,54,From Throw In,Switzerland,3857290,0 days 00:58:54,0,0,0,0,0,0,1,0,0
2,59,11,From Throw In,Cameroon,3857290,0 days 00:59:11,0,0,0,0,0,0,1,0,0
2,59,13,From Throw In,Cameroon,3857290,0 days 00:59:13,0,0,0,0,0,0,1,0,0
2,59,15,From Throw In,Cameroon,3857290,0 days 00:59:15,0,0,0,0,0,0,1,0,0
2,59,20,From Throw In,Cameroon,3857290,0 days 00:59:20,0,0,0,0,0,0,1,0,0
2,59,28,From Throw In,Cameroon,3857290,0 days 00:59:28,0,0,0,0,0,0,1,0,0
2,59,33,From Throw In,Cameroon,3857290,0 days 00:59:33,0,0,0,0,0,0,1,0,0
2,59,36,From Throw In,Switzerland,3857290,0 days 00:59:36,0,1,0,0,0,0,0,0,0
2,59,38,From Throw In,Cameroon,3857290,0 days 00:59:38,1,0,0,0,0,0,0,0,0
2,59,40,From Throw In,Cameroon,3857290,0 days 00:59:40,0,0,0,0,0,0,1,0,0
2,59,43,From Throw In,Cameroon,3857290,0 days 00:59:43,0,0,0,0,0,0,1,0,0
2,59,44,From Throw In,Switzerland,3857290,0 days 00:59:44,0,1,0,0,0,0,0,0,0
2,59,50,From Throw In,Switzerland,3857290,0 days 00:59:50,1,0,0,0,0,0,0,0,0
2,59,52,From Throw In,Switzerland,3857290,0 days 00:59:52,0,0,1,0,0,0,0,0,0
2,59,52,From Throw In,Cameroon,3857290,0 days 00:59:52,0,0,0,0,0,0,0,0,1
2,59,52,From Throw In,Cameroon,3857290,0 days 00:59:52,1,0,0,0,0,0,0,0,0
2,59,56,From Throw In,Cameroon,3857290,0 days 00:59:56,0,0,0,0,0,0,1,0,0
2,59,59,From Throw In,Cameroon,3857290,0 days 00:59:59,0,0,0,0,0,0,1,0,0
2,60,0,From Throw In,Cameroon,3857290,0 days 01:00:00,0,0,0,0,0,0,1,0,0
2,60,2,From Throw In,Cameroon,3857290,0 days 01:00:02,0,0,0,0,0,0,1,0,0
2,60,4,From Throw In,Cameroon,3857290,0 days 01:00:04,0,0,0,0,0,0,1,0,0
2,60,10,From Throw In,Cameroon,3857290,0 days 01:00:10,0,0,0,0,0,0,1,0,0
2,60,14,From Throw In,Cameroon,3857290,0 days 01:00:14,0,0,0,0,0,0,1,0,0
2,60,18,From Throw In,Cameroon,3857290,0 days 01:00:18,0,0,0,0,0,0,1,0,0
2,60,20,From Throw In,Switzerland,3857290,0 days 01:00:20,0,0,0,0,0,0,1,0,0
2,60,22,From Throw In,Cameroon,3857290,0 days 01:00:22,0,0,0,0,0,0,1,0,0
2,60,27,From Throw In,Cameroon,3857290,0 days 01:00:27,0,0,0,0,0,0,1,0,0
2,60,32,From Throw In,Cameroon,3857290,0 days 01:00:32,0,0,0,0,0,0,1,0,0
2,60,33,From Throw In,Cameroon,3857290,0 days 01:00:33,0,0,0,0,0,0,1,0,0
2,60,35,From Throw In,Cameroon,3857290,0 days 01:00:35,0,0,0,0,0,0,1,0,0
2,60,37,From Throw In,Switzerland,3857290,0 days 01:00:37,0,1,0,0,0,0,0,0,0
2,60,41,Regular Play,Switzerland,3857290,0 days 01:00:41,1,0,0,0,0,0,0,0,0
2,60,46,Regular Play,Switzerland,3857290,0 days 01:00:46,0,0,0,0,0,0,1,0,0
2,60,49,Regular Play,Switzerland,3857290,0 days 01:00:49,0,0,0,0,0,0,1,0,0
2,60,53,Regular Play,Switzerland,3857290,0 days 01:00:53,0,0,0,0,0,0,1,0,0
2,60,55,Regular Play,Switzerland,3857290,0 days 01:00:55,0,0,0,0,0,0,1,0,0
2,60,58,Regular Play,Switzerland,3857290,0 days 01:00:58,0,0,0,0,0,0,1,0,0
2,61,1,Regular Play,Switzerland,3857290,0 days 01:01:01,0,0,0,0,0,0,1,0,0
2,61,2,Regular Play,Cameroon,3857290,0 days 01:01:02,1,0,0,0,0,0,0,0,0
2,61,5,Regular Play,Cameroon,3857290,0 days 01:01:05,0,0,0,0,0,0,1,0,0
2,61,8,Regular Play,Cameroon,3857290,0 days 01:01:08,0,0,0,0,0,0,1,0,0
2,61,16,Regular Play,Cameroon,3857290,0 days 01:01:16,0,0,0,0,0,0,1,0,0
2,61,20,Regular Play,Cameroon,3857290,0 days 01:01:20,0,0,0,0,0,0,1,0,0
2,61,28,Regular Play,Cameroon,3857290,0 days 01:01:28,0,0,0,0,0,0,1,0,0
2,61,29,Regular Play,Cameroon,3857290,0 days 01:01:29,0,0,0,0,0,0,1,0,0
2,61,30,Regular Play,Switzerland,3857290,0 days 01:01:30,0,0,0,0,0,0,1,0,0
2,61,32,Regular Play,Switzerland,3857290,0 days 01:01:32,0,0,0,0,0,0,1,0,0
2,61,34,Regular Play,Switzerland,3857290,0 days 01:01:34,0,0,0,0,0,0,1,0,0
2,61,38,Regular Play,Switzerland,3857290,0 days 01:01:38,0,0,0,0,0,0,1,0,0
2,61,40,Regular Play,Switzerland,3857290,0 days 01:01:40,0,0,0,0,0,0,1,0,0
2,61,47,Regular Play,Switzerland,3857290,0 days 01:01:47,0,0,0,0,0,0,1,0,0
2,61,51,Regular Play,Switzerland,3857290,0 days 01:01:51,0,0,0,0,0,0,1,0,0
2,62,35,From Corner,Switzerland,3857290,0 days 01:02:35,0,0,0,0,0,0,1,0,0
2,62,37,From Corner,Cameroon,3857290,0 days 01:02:37,0,1,0,0,0,0,0,0,0
2,62,40,From Corner,Switzerland,3857290,0 days 01:02:40,0,0,0,0,0,0,1,0,0
2,62,50,From Throw In,Cameroon,3857290,0 days 01:02:50,0,0,0,0,0,0,1,0,0
2,62,53,From Throw In,Cameroon,3857290,0 days 01:02:53,0,0,0,0,0,0,1,0,0
2,63,19,From Throw In,Switzerland,3857290,0 days 01:03:19,0,0,0,0,0,0,1,0,0
2,63,20,From Throw In,Switzerland,3857290,0 days 01:03:20,0,0,0,0,0,0,1,0,0
2,63,22,From Throw In,Switzerland,3857290,0 days 01:03:22,0,0,0,0,0,0,1,0,0
2,63,25,From Throw In,Switzerland,3857290,0 days 01:03:25,0,0,0,0,0,0,1,0,0
2,63,27,From Counter,Cameroon,3857290,0 days 01:03:27,0,0,0,0,0,0,1,0,0
2,63,29,From Counter,Switzerland,3857290,0 days 01:03:29,0,0,0,0,1,0,0,0,0
2,63,49,From Free Kick,Cameroon,3857290,0 days 01:03:49,0,0,0,0,0,0,1,0,0
2,63,50,From Free Kick,Cameroon,3857290,0 days 01:03:50,0,0,0,0,0,0,1,0,0
2,63,52,From Free Kick,Cameroon,3857290,0 days 01:03:52,0,0,0,0,0,0,1,0,0
2,63,55,From Free Kick,Cameroon,3857290,0 days 01:03:55,0,0,0,0,0,0,1,0,0
2,63,59,From Free Kick,Cameroon,3857290,0 days 01:03:59,0,0,0,0,0,0,1,0,0
2,63,59,From Free Kick,Cameroon,3857290,0 days 01:03:59,0,0,0,0,0,0,1,0,0
2,64,5,From Free Kick,Cameroon,3857290,0 days 01:04:05,0,0,0,0,0,0,1,0,0
2,64,11,From Free Kick,Cameroon,3857290,0 days 01:04:11,0,0,0,0,0,0,1,0,0
2,64,34,From Throw In,Switzerland,3857290,0 days 01:04:34,0,0,0,0,0,0,1,0,0
2,64,36,Regular Play,Cameroon,3857290,0 days 01:04:36,1,0,0,0,0,0,0,0,0
2,64,37,Regular Play,Cameroon,3857290,0 days 01:04:37,0,0,0,0,0,0,1,0,0
2,64,39,Regular Play,Switzerland,3857290,0 days 01:04:39,0,0,0,0,1,0,0,0,0
2,65,24,From Free Kick,Cameroon,3857290,0 days 01:05:24,0,0,0,0,0,0,1,0,0
2,65,26,From Free Kick,Cameroon,3857290,0 days 01:05:26,0,0,0,0,0,0,0,1,0
2,65,36,From Keeper,Switzerland,3857290,0 days 01:05:36,0,0,0,0,0,0,1,0,0
2,65,40,From Keeper,Switzerland,3857290,0 days 01:05:40,0,0,0,0,0,0,1,0,0
2,65,48,From Keeper,Switzerland,3857290,0 days 01:05:48,0,0,0,0,0,0,1,0,0
2,65,50,From Keeper,Switzerland,3857290,0 days 01:05:50,0,0,0,0,0,0,0,1,0
2,66,30,From Corner,Switzerland,3857290,0 days 01:06:30,0,0,0,0,0,0,1,0,0
2,66,32,From Corner,Cameroon,3857290,0 days 01:06:32,0,1,0,0,0,0,0,0,0
2,57,32,From Corner,Spain,3857291,0 days 00:57:32,0,0,0,0,0,0,1,0,0
2,57,35,From Corner,Spain,3857291,0 days 00:57:35,0,0,0,0,0,0,1,0,0
2,57,38,From Corner,Spain,3857291,0 days 00:57:38,0,0,0,0,0,0,1,0,0
2,57,39,From Corner,Spain,3857291,0 days 00:57:39,0,0,0,0,0,0,1,0,0
2,57,41,From Corner,Spain,3857291,0 days 00:57:41,0,0,0,0,0,0,1,0,0
2,57,52,From Throw In,Costa Rica,3857291,0 days 00:57:52,0,0,0,0,0,0,1,0,0
2,57,53,From Throw In,Costa Rica,3857291,0 days 00:57:53,0,0,0,0,0,0,1,0,0
2,58,8,From Throw In,Spain,3857291,0 days 00:58:08,0,0,0,0,0,0,1,0,0
2,58,11,From Throw In,Spain,3857291,0 days 00:58:11,0,0,0,0,0,0,1,0,0
2,58,22,From Throw In,Spain,3857291,0 days 00:58:22,0,0,0,0,0,0,1,0,0
2,58,25,From Throw In,Spain,3857291,0 days 00:58:25,0,0,0,0,0,0,1,0,0
2,58,27,From Throw In,Spain,3857291,0 days 00:58:27,0,0,0,0,0,0,1,0,0
2,58,32,From Throw In,Spain,3857291,0 days 00:58:32,0,0,0,0,0,0,1,0,0
2,58,38,From Throw In,Spain,3857291,0 days 00:58:38,0,0,0,0,0,0,1,0,0
2,58,39,From Throw In,Spain,3857291,0 days 00:58:39,0,0,0,0,0,0,1,0,0
2,58,42,From Throw In,Spain,3857291,0 days 00:58:42,0,0,0,0,0,0,1,0,0
2,58,43,From Throw In,Spain,3857291,0 days 00:58:43,0,0,0,0,0,0,1,0,0
2,58,46,From Throw In,Spain,3857291,0 days 00:58:46,0,0,0,0,0,0,1,0,0
2,58,47,From Throw In,Spain,3857291,0 days 00:58:47,0,0,0,0,0,0,1,0,0
2,58,48,From Throw In,Spain,3857291,0 days 00:58:48,0,0,0,0,0,0,1,0,0
2,58,51,From Throw In,Costa Rica,3857291,0 days 00:58:51,0,1,0,0,0,0,0,0,0
2,59,6,From Throw In,Spain,3857291,0 days 00:59:06,0,0,0,0,0,0,1,0,0
2,59,10,From Throw In,Spain,3857291,0 days 00:59:10,0,0,0,0,0,0,1,0,0
2,59,12,From Throw In,Spain,3857291,0 days 00:59:12,0,0,0,0,0,0,1,0,0
2,59,15,From Throw In,Spain,3857291,0 days 00:59:15,0,0,0,0,0,0,1,0,0
2,59,17,From Throw In,Spain,3857291,0 days 00:59:17,0,0,0,0,0,0,1,0,0
2,59,19,From Throw In,Spain,3857291,0 days 00:59:19,0,0,0,0,0,0,1,0,0
2,59,24,From Throw In,Spain,3857291,0 days 00:59:24,0,0,0,0,0,0,1,0,0
2,59,25,From Throw In,Spain,3857291,0 days 00:59:25,0,0,0,0,0,0,1,0,0
2,59,33,From Throw In,Spain,3857291,0 days 00:59:33,0,0,0,0,0,0,1,0,0
2,59,35,From Throw In,Spain,3857291,0 days 00:59:35,0,0,0,0,0,0,1,0,0
2,59,36,From Throw In,Costa Rica,3857291,0 days 00:59:36,1,0,0,0,0,0,0,0,0
2,59,37,From Throw In,Costa Rica,3857291,0 days 00:59:37,0,0,0,0,0,0,1,0,0
2,59,40,From Throw In,Costa Rica,3857291,0 days 00:59:40,0,0,0,0,0,0,1,0,0
2,59,43,From Throw In,Spain,3857291,0 days 00:59:43,0,0,0,0,0,0,1,0,0
2,59,49,From Throw In,Spain,3857291,0 days 00:59:49,0,0,0,0,0,0,1,0,0
2,59,51,From Throw In,Spain,3857291,0 days 00:59:51,0,0,0,0,0,0,1,0,0
2,59,53,From Throw In,Spain,3857291,0 days 00:59:53,0,0,0,0,0,0,1,0,0
2,59,56,From Throw In,Spain,3857291,0 days 00:59:56,0,0,0,0,0,0,1,0,0
2,60,2,From Throw In,Spain,3857291,0 days 01:00:02,0,0,0,0,0,0,1,0,0
2,60,3,From Throw In,Spain,3857291,0 days 01:00:03,0,0,0,0,0,0,1,0,0
2,60,6,From Throw In,Spain,3857291,0 days 01:00:06,0,0,0,0,0,0,1,0,0
2,60,8,From Throw In,Spain,3857291,0 days 01:00:08,0,0,0,0,0,0,1,0,0
2,60,9,From Throw In,Spain,3857291,0 days 01:00:09,0,0,0,0,0,0,1,0,0
2,60,11,From Throw In,Spain,3857291,0 days 01:00:11,0,0,0,0,0,0,1,0,0
2,60,13,From Throw In,Spain,3857291,0 days 01:00:13,0,0,0,0,0,0,1,0,0
2,60,16,From Throw In,Spain,3857291,0 days 01:00:16,0,0,0,0,0,0,1,0,0
2,60,22,From Throw In,Spain,3857291,0 days 01:00:22,0,0,0,0,0,0,1,0,0
2,60,23,From Throw In,Spain,3857291,0 days 01:00:23,0,0,0,0,0,0,1,0,0
2,60,24,From Throw In,Spain,3857291,0 days 01:00:24,0,0,0,0,0,0,1,0,0
2,60,28,From Throw In,Costa Rica,3857291,0 days 01:00:28,0,0,0,0,1,0,0,0,0
2,61,4,From Free Kick,Spain,3857291,0 days 01:01:04,0,0,0,0,0,0,1,0,0
2,61,9,From Free Kick,Spain,3857291,0 days 01:01:09,0,0,0,0,0,0,1,0,0
2,61,13,From Free Kick,Spain,3857291,0 days 01:01:13,0,0,0,0,0,0,0,1,0
2,61,23,From Goal Kick,Costa Rica,3857291,0 days 01:01:23,0,0,0,0,0,0,1,0,0
2,61,26,From Goal Kick,Spain,3857291,0 days 01:01:26,0,1,0,0,0,0,0,0,0
2,61,28,Regular Play,Spain,3857291,0 days 01:01:28,0,0,0,0,0,0,1,0,0
2,61,29,Regular Play,Spain,3857291,0 days 01:01:29,0,0,0,0,0,0,1,0,0
2,61,30,Regular Play,Spain,3857291,0 days 01:01:30,0,0,0,1,0,0,0,0,0
2,61,30,Regular Play,Costa Rica,3857291,0 days 01:01:30,0,0,0,0,0,0,0,0,1
2,61,32,Regular Play,Costa Rica,3857291,0 days 01:01:32,0,0,0,0,0,0,1,0,0
2,61,37,Regular Play,Costa Rica,3857291,0 days 01:01:37,0,0,0,0,0,0,1,0,0
2,61,40,Regular Play,Costa Rica,3857291,0 days 01:01:40,0,0,0,0,0,0,1,0,0
2,61,56,From Free Kick,Spain,3857291,0 days 01:01:56,0,0,0,0,0,0,1,0,0
2,62,0,From Free Kick,Spain,3857291,0 days 01:02:00,0,0,0,0,0,0,1,0,0
2,62,2,From Free Kick,Spain,3857291,0 days 01:02:02,0,0,0,0,0,0,1,0,0
2,62,4,From Free Kick,Spain,3857291,0 days 01:02:04,0,0,0,0,0,0,1,0,0
2,62,7,From Free Kick,Spain,3857291,0 days 01:02:07,0,0,0,0,0,0,1,0,0
2,62,7,From Free Kick,Spain,3857291,0 days 01:02:07,0,0,0,0,0,0,1,0,0
2,62,9,From Free Kick,Spain,3857291,0 days 01:02:09,0,0,0,0,0,0,1,0,0
2,62,12,From Free Kick,Spain,3857291,0 days 01:02:12,0,0,0,0,0,0,1,0,0
2,62,18,From Free Kick,Spain,3857291,0 days 01:02:18,0,0,0,0,0,0,1,0,0
2,62,22,From Free Kick,Spain,3857291,0 days 01:02:22,0,0,0,0,0,0,1,0,0
2,62,23,From Free Kick,Spain,3857291,0 days 01:02:23,0,0,0,0,0,0,1,0,0
2,62,26,From Free Kick,Spain,3857291,0 days 01:02:26,0,0,0,0,0,0,1,0,0
2,62,29,From Free Kick,Spain,3857291,0 days 01:02:29,0,0,0,0,0,0,1,0,0
2,62,31,From Free Kick,Spain,3857291,0 days 01:02:31,0,0,0,0,0,0,1,0,0
2,62,32,From Free Kick,Spain,3857291,0 days 01:02:32,0,0,0,0,0,0,1,0,0
2,62,34,From Free Kick,Spain,3857291,0 days 01:02:34,0,0,0,0,0,0,1,0,0
2,62,36,From Free Kick,Spain,3857291,0 days 01:02:36,0,0,0,0,0,0,1,0,0
2,62,39,From Free Kick,Spain,3857291,0 days 01:02:39,0,0,0,0,0,0,1,0,0
2,62,42,From Free Kick,Spain,3857291,0 days 01:02:42,0,0,0,0,0,0,0,1,0
2,63,34,From Goal Kick,Costa Rica,3857291,0 days 01:03:34,0,0,0,0,0,0,1,0,0
2,63,37,From Goal Kick,Costa Rica,3857291,0 days 01:03:37,0,0,0,0,0,0,1,0,0
2,63,40,From Goal Kick,Costa Rica,3857291,0 days 01:03:40,0,0,0,0,0,0,1,0,0
2,63,43,From Goal Kick,Costa Rica,3857291,0 days 01:03:43,0,0,0,0,0,0,1,0,0
2,63,44,From Goal Kick,Costa Rica,3857291,0 days 01:03:44,0,0,0,0,0,0,1,0,0
2,63,46,From Goal Kick,Costa Rica,3857291,0 days 01:03:46,0,0,0,0,0,0,1,0,0
2,63,49,From Goal Kick,Costa Rica,3857291,0 days 01:03:49,0,0,0,0,0,0,1,0,0
2,63,52,Regular Play,Spain,3857291,0 days 01:03:52,0,0,0,0,0,0,1,0,0
2,63,55,Regular Play,Spain,3857291,0 days 01:03:55,0,0,0,0,0,0,1,0,0
2,63,58,Regular Play,Spain,3857291,0 days 01:03:58,0,0,0,0,0,0,1,0,0
2,64,5,Regular Play,Spain,3857291,0 days 01:04:05,0,0,0,0,0,0,1,0,0
2,64,7,Regular Play,Spain,3857291,0 days 01:04:07,0,0,0,0,0,0,1,0,0
2,64,11,Regular Play,Spain,3857291,0 days 01:04:11,0,0,0,0,0,0,1,0,0
2,64,18,Regular Play,Spain,3857291,0 days 01:04:18,0,0,0,0,0,0,1,0,0
2,64,21,Regular Play,Costa Rica,3857291,0 days 01:04:21,0,0,0,0,0,0,1,0,0
2,64,23,Regular Play,Spain,3857291,0 days 01:04:23,0,0,0,0,0,0,1,0,0
2,64,25,Regular Play,Spain,3857291,0 days 01:04:25,0,0,0,0,0,0,1,0,0
2,64,28,Regular Play,Spain,3857291,0 days 01:04:28,0,0,0,0,0,0,1,0,0
2,64,35,Regular Play,Spain,3857291,0 days 01:04:35,0,0,0,0,0,0,1,0,0
2,64,51,From Throw In,Spain,3857291,0 days 01:04:51,0,0,0,0,0,0,1,0,0
2,64,52,From Throw In,Spain,3857291,0 days 01:04:52,0,0,0,0,0,0,1,0,0
2,64,53,From Throw In,Spain,3857291,0 days 01:04:53,0,0,0,0,0,0,1,0,0
2,64,55,From Throw In,Costa Rica,3857291,0 days 01:04:55,0,0,0,0,0,0,1,0,0
2,64,57,From Throw In,Spain,3857291,0 days 01:04:57,0,0,0,0,0,0,1,0,0
2,64,59,From Throw In,Costa Rica,3857291,0 days 01:04:59,0,0,0,0,0,0,1,0,0
2,65,1,From Throw In,Spain,3857291,0 days 01:05:01,0,0,0,0,0,0,1,0,0
2,65,4,From Throw In,Spain,3857291,0 days 01:05:04,0,0,0,0,0,0,1,0,0
2,65,11,From Throw In,Spain,3857291,0 days 01:05:11,0,0,0,0,0,0,1,0,0
2,65,14,From Throw In,Spain,3857291,0 days 01:05:14,0,0,0,0,0,0,1,0,0
2,65,33,From Goal Kick,Costa Rica,3857291,0 days 01:05:33,0,0,0,0,0,0,1,0,0
2,65,37,From Goal Kick,Costa Rica,3857291,0 days 01:05:37,0,0,0,0,0,0,1,0,0
2,65,39,From Goal Kick,Costa Rica,3857291,0 days 01:05:39,1,0,0,0,0,0,0,0,0
2,65,43,From Goal Kick,Costa Rica,3857291,0 days 01:05:43,0,0,0,0,0,0,1,0,0
2,65,45,From Goal Kick,Costa Rica,3857291,0 days 01:05:45,0,0,0,0,0,0,1,0,0
2,65,49,From Goal Kick,Costa Rica,3857291,0 days 01:05:49,0,0,0,0,0,0,1,0,0
2,65,50,Regular Play,Spain,3857291,0 days 01:05:50,1,0,0,0,0,0,0,0,0
2,65,52,Regular Play,Spain,3857291,0 days 01:05:52,0,0,0,1,0,0,0,0,0
2,65,53,Regular Play,Spain,3857291,0 days 01:05:53,1,0,0,0,0,0,0,0,0
2,65,54,Regular Play,Spain,3857291,0 days 01:05:54,0,0,0,0,0,0,1,0,0
2,65,59,Regular Play,Spain,3857291,0 days 01:05:59,0,0,0,0,0,0,1,0,0
2,66,3,Regular Play,Spain,3857291,0 days 01:06:03,0,0,0,0,0,0,1,0,0
2,66,6,Regular Play,Spain,3857291,0 days 01:06:06,0,0,0,0,0,0,1,0,0
2,66,6,Regular Play,Spain,3857291,0 days 01:06:06,0,0,0,0,0,0,1,0,0
2,66,10,Regular Play,Spain,3857291,0 days 01:06:10,0,0,0,0,0,0,1,0,0
2,66,11,Regular Play,Costa Rica,3857291,0 days 01:06:11,0,0,0,0,0,0,1,0,0
2,66,17,Regular Play,Costa Rica,3857291,0 days 01:06:17,0,0,0,0,0,0,1,0,0
2,66,19,Regular Play,Costa Rica,3857291,0 days 01:06:19,0,0,0,0,0,0,1,0,0
2,66,22,Regular Play,Costa Rica,3857291,0 days 01:06:22,0,0,0,0,0,0,1,0,0
2,66,23,Regular Play,Costa Rica,3857291,0 days 01:06:23,0,0,0,0,0,0,1,0,0
2,66,23,Regular Play,Spain,3857291,0 days 01:06:23,0,0,0,0,0,1,0,0,0
2,66,25,Regular Play,Costa Rica,3857291,0 days 01:06:25,1,0,0,0,0,0,0,0,0
2,66,27,Regular Play,Costa Rica,3857291,0 days 01:06:27,0,0,0,0,0,0,1,0,0
2,66,42,From Free Kick,Spain,3857291,0 days 01:06:42,0,0,0,0,0,0,1,0,0
2,66,44,From Free Kick,Spain,3857291,0 days 01:06:44,0,0,0,0,0,0,1,0,0
2,66,52,From Free Kick,Spain,3857291,0 days 01:06:52,0,0,0,0,0,0,1,0,0
2,66,55,From Free Kick,Spain,3857291,0 days 01:06:55,0,0,0,0,0,0,1,0,0
2,57,1,Regular Play,Costa Rica,3857292,0 days 00:57:01,0,0,0,0,0,0,1,0,0
2,57,2,Regular Play,Costa Rica,3857292,0 days 00:57:02,0,0,0,0,0,0,1,0,0
2,57,2,Regular Play,Costa Rica,3857292,0 days 00:57:02,0,0,0,0,0,0,1,0,0
2,57,4,Regular Play,Costa Rica,3857292,0 days 00:57:04,0,0,0,0,0,0,1,0,0
2,57,14,From Throw In,Germany,3857292,0 days 00:57:14,0,0,0,0,0,0,1,0,0
2,57,19,From Throw In,Germany,3857292,0 days 00:57:19,0,0,0,0,0,0,1,0,0
2,57,22,From Throw In,Germany,3857292,0 days 00:57:22,0,0,0,0,0,0,1,0,0
2,57,25,From Throw In,Germany,3857292,0 days 00:57:25,0,0,0,0,0,0,1,0,0
2,57,26,From Throw In,Costa Rica,3857292,0 days 00:57:26,0,0,0,0,0,1,0,0,0
2,57,29,Regular Play,Costa Rica,3857292,0 days 00:57:29,1,0,0,0,0,0,0,0,0
2,57,30,Regular Play,Costa Rica,3857292,0 days 00:57:30,0,0,0,0,0,0,1,0,0
2,57,33,Regular Play,Costa Rica,3857292,0 days 00:57:33,0,0,0,0,0,0,1,0,0
2,57,37,Regular Play,Costa Rica,3857292,0 days 00:57:37,0,0,0,0,0,0,1,0,0
2,57,38,Regular Play,Costa Rica,3857292,0 days 00:57:38,0,0,0,0,0,0,0,1,0
2,57,39,Regular Play,Costa Rica,3857292,0 days 00:57:39,1,0,0,0,0,0,0,0,0
2,57,39,Regular Play,Costa Rica,3857292,0 days 00:57:39,0,0,0,0,0,0,0,1,0
2,59,18,From Kick Off,Germany,3857292,0 days 00:59:18,0,0,0,0,0,0,1,0,0
2,59,20,From Kick Off,Germany,3857292,0 days 00:59:20,0,0,0,0,0,0,1,0,0
2,59,25,From Kick Off,Germany,3857292,0 days 00:59:25,0,0,0,0,0,0,1,0,0
2,59,29,From Kick Off,Germany,3857292,0 days 00:59:29,0,0,0,0,0,0,1,0,0
2,59,33,From Kick Off,Germany,3857292,0 days 00:59:33,0,0,0,0,0,0,1,0,0
2,59,37,From Kick Off,Germany,3857292,0 days 00:59:37,0,0,0,0,0,0,1,0,0
2,59,39,From Kick Off,Germany,3857292,0 days 00:59:39,0,0,0,0,0,0,1,0,0
2,59,42,From Kick Off,Germany,3857292,0 days 00:59:42,0,0,0,0,0,0,1,0,0
2,59,44,From Kick Off,Germany,3857292,0 days 00:59:44,0,0,0,0,0,0,1,0,0
2,59,45,From Kick Off,Costa Rica,3857292,0 days 00:59:45,0,1,0,0,0,0,0,0,0
2,59,48,From Kick Off,Germany,3857292,0 days 00:59:48,1,0,0,0,0,0,0,0,0
2,59,49,Regular Play,Costa Rica,3857292,0 days 00:59:49,0,0,0,0,0,0,1,0,0
2,59,52,Regular Play,Costa Rica,3857292,0 days 00:59:52,0,0,0,0,0,0,1,0,0
2,59,58,Regular Play,Costa Rica,3857292,0 days 00:59:58,0,0,0,0,0,0,1,0,0
2,59,59,Regular Play,Costa Rica,3857292,0 days 00:59:59,0,0,0,0,0,0,1,0,0
2,60,0,Regular Play,Costa Rica,3857292,0 days 01:00:00,0,0,0,0,0,0,1,0,0
2,60,2,Regular Play,Germany,3857292,0 days 01:00:02,1,0,0,0,0,0,0,0,0
2,60,3,Regular Play,Germany,3857292,0 days 01:00:03,0,0,0,0,0,0,1,0,0
2,60,6,Regular Play,Germany,3857292,0 days 01:00:06,0,0,0,0,0,0,1,0,0
2,60,9,Regular Play,Germany,3857292,0 days 01:00:09,0,0,0,0,0,0,1,0,0
2,60,12,Regular Play,Germany,3857292,0 days 01:00:12,0,0,0,0,0,0,0,1,0
2,60,13,From Counter,Germany,3857292,0 days 01:00:13,1,0,0,0,0,0,0,0,0
2,60,14,From Counter,Germany,3857292,0 days 01:00:14,0,0,0,0,0,0,0,1,0
2,60,48,From Goal Kick,Costa Rica,3857292,0 days 01:00:48,0,0,0,0,0,0,1,0,0
2,60,52,Regular Play,Germany,3857292,0 days 01:00:52,0,0,0,0,0,0,1,0,0
2,60,53,Regular Play,Germany,3857292,0 days 01:00:53,0,0,0,0,0,0,1,0,0
2,60,56,Regular Play,Germany,3857292,0 days 01:00:56,0,0,0,1,0,0,0,0,0
2,61,0,Regular Play,Germany,3857292,0 days 01:01:00,0,0,0,0,0,0,1,0,0
2,61,1,Regular Play,Germany,3857292,0 days 01:01:01,0,0,0,0,0,0,0,1,0
2,61,29,From Corner,Germany,3857292,0 days 01:01:29,0,0,0,0,0,0,1,0,0
2,61,30,From Corner,Costa Rica,3857292,0 days 01:01:30,0,1,0,0,0,0,0,0,0
2,61,33,From Corner,Germany,3857292,0 days 01:01:33,0,0,0,0,0,0,1,0,0
2,61,37,From Corner,Germany,3857292,0 days 01:01:37,0,0,0,0,0,0,1,0,0
2,61,39,From Corner,Germany,3857292,0 days 01:01:39,0,0,0,0,0,0,1,0,0
2,61,41,From Corner,Germany,3857292,0 days 01:01:41,0,0,0,0,0,0,1,0,0
2,61,42,From Corner,Germany,3857292,0 days 01:01:42,0,0,0,0,0,0,0,1,0
2,62,12,From Goal Kick,Costa Rica,3857292,0 days 01:02:12,0,0,0,0,0,0,1,0,0
2,62,16,From Goal Kick,Costa Rica,3857292,0 days 01:02:16,0,0,0,0,0,0,1,0,0
2,62,18,From Goal Kick,Germany,3857292,0 days 01:02:18,0,0,0,0,0,0,1,0,0
2,62,19,From Goal Kick,Costa Rica,3857292,0 days 01:02:19,0,0,0,0,0,1,0,0,0
2,62,21,Regular Play,Germany,3857292,0 days 01:02:21,1,0,0,0,0,0,0,0,0
2,62,22,Regular Play,Costa Rica,3857292,0 days 01:02:22,0,0,0,0,1,0,0,0,0
2,62,35,From Free Kick,Germany,3857292,0 days 01:02:35,0,0,0,0,0,0,1,0,0
2,62,40,From Free Kick,Germany,3857292,0 days 01:02:40,0,0,0,0,0,0,1,0,0
2,62,44,From Free Kick,Germany,3857292,0 days 01:02:44,0,0,0,0,0,0,1,0,0
2,62,46,From Free Kick,Costa Rica,3857292,0 days 01:02:46,0,0,0,0,0,1,0,0,0
2,62,50,Regular Play,Costa Rica,3857292,0 days 01:02:50,0,0,0,0,0,0,1,0,0
2,62,51,Regular Play,Costa Rica,3857292,0 days 01:02:51,0,0,0,0,0,0,1,0,0
2,62,54,Regular Play,Costa Rica,3857292,0 days 01:02:54,0,0,0,0,0,0,1,0,0
2,62,54,Regular Play,Germany,3857292,0 days 01:02:54,0,0,0,0,0,0,1,0,0
2,62,55,Regular Play,Germany,3857292,0 days 01:02:55,0,0,0,0,0,0,1,0,0
2,62,57,Regular Play,Germany,3857292,0 days 01:02:57,0,0,0,0,0,0,1,0,0
2,62,59,Regular Play,Germany,3857292,0 days 01:02:59,0,0,0,0,0,0,1,0,0
2,63,4,Regular Play,Germany,3857292,0 days 01:03:04,0,0,0,0,0,0,1,0,0
2,63,29,From Goal Kick,Costa Rica,3857292,0 days 01:03:29,0,0,0,0,0,0,1,0,0
2,63,37,From Throw In,Germany,3857292,0 days 01:03:37,0,0,0,0,0,0,1,0,0
2,63,39,From Throw In,Germany,3857292,0 days 01:03:39,0,0,0,0,0,0,1,0,0
2,63,44,From Throw In,Germany,3857292,0 days 01:03:44,0,0,0,0,0,0,1,0,0
2,63,48,From Throw In,Germany,3857292,0 days 01:03:48,0,0,0,0,0,0,1,0,0
2,63,52,From Throw In,Germany,3857292,0 days 01:03:52,0,0,0,0,0,0,1,0,0
2,63,57,From Throw In,Germany,3857292,0 days 01:03:57,0,0,0,0,0,0,1,0,0
2,63,59,From Throw In,Germany,3857292,0 days 01:03:59,0,0,0,0,0,0,1,0,0
2,64,1,From Throw In,Germany,3857292,0 days 01:04:01,0,0,0,0,0,0,1,0,0
2,64,4,From Throw In,Germany,3857292,0 days 01:04:04,0,0,0,0,0,0,1,0,0
2,64,8,From Throw In,Germany,3857292,0 days 01:04:08,0,0,0,0,0,0,1,0,0
2,64,10,From Throw In,Germany,3857292,0 days 01:04:10,0,0,0,0,0,0,1,0,0
2,64,12,From Throw In,Germany,3857292,0 days 01:04:12,0,0,0,0,0,0,1,0,0
2,64,49,From Throw In,Costa Rica,3857292,0 days 01:04:49,0,0,0,0,0,0,1,0,0
2,64,51,From Throw In,Germany,3857292,0 days 01:04:51,0,0,0,0,0,1,0,0,0
2,64,53,Regular Play,Germany,3857292,0 days 01:04:53,0,0,0,0,0,0,1,0,0
2,65,0,Regular Play,Germany,3857292,0 days 01:05:00,0,0,0,0,0,0,1,0,0
2,65,4,Regular Play,Germany,3857292,0 days 01:05:04,0,0,0,0,0,0,1,0,0
2,65,7,Regular Play,Germany,3857292,0 days 01:05:07,0,0,0,0,0,0,1,0,0
2,65,14,Regular Play,Germany,3857292,0 days 01:05:14,0,0,0,0,0,0,1,0,0
2,65,15,Regular Play,Germany,3857292,0 days 01:05:15,0,0,0,0,0,0,1,0,0
2,65,15,Regular Play,Costa Rica,3857292,0 days 01:05:15,0,0,0,0,0,1,0,0,0
2,65,17,Regular Play,Costa Rica,3857292,0 days 01:05:17,1,0,0,0,0,0,0,0,0
2,65,18,Regular Play,Costa Rica,3857292,0 days 01:05:18,0,0,0,0,0,0,1,0,0
2,65,20,Regular Play,Costa Rica,3857292,0 days 01:05:20,0,0,0,0,0,0,1,0,0
2,65,23,Regular Play,Germany,3857292,0 days 01:05:23,0,0,0,0,0,0,1,0,0
2,65,27,Regular Play,Germany,3857292,0 days 01:05:27,0,0,0,0,0,0,1,0,0
2,65,31,Regular Play,Germany,3857292,0 days 01:05:31,0,0,0,0,0,0,1,0,0
2,65,34,Regular Play,Germany,3857292,0 days 01:05:34,0,0,0,0,0,0,1,0,0
2,65,39,Regular Play,Germany,3857292,0 days 01:05:39,0,0,0,1,0,0,0,0,0
2,65,40,Regular Play,Germany,3857292,0 days 01:05:40,0,0,0,0,0,0,1,0,0
2,65,40,Regular Play,Germany,3857292,0 days 01:05:40,0,0,0,0,0,0,1,0,0
2,65,41,Regular Play,Costa Rica,3857292,0 days 01:05:41,0,1,0,0,0,0,0,0,0
2,66,9,From Throw In,Germany,3857292,0 days 01:06:09,0,0,0,0,0,0,1,0,0
2,66,12,From Throw In,Germany,3857292,0 days 01:06:12,0,0,0,0,0,0,1,0,0
2,66,23,From Throw In,Germany,3857292,0 days 01:06:23,0,0,0,0,0,0,1,0,0
2,66,28,From Throw In,Germany,3857292,0 days 01:06:28,0,0,0,0,0,0,0,1,0
2,66,32,From Throw In,Germany,3857292,0 days 01:06:32,0,0,0,0,0,0,1,0,0
2,66,33,From Throw In,Germany,3857292,0 days 01:06:33,0,0,0,0,0,0,1,0,0
2,66,34,From Throw In,Germany,3857292,0 days 01:06:34,0,0,0,0,0,0,1,0,0
2,66,38,From Throw In,Germany,3857292,0 days 01:06:38,0,0,0,0,0,0,1,0,0
2,66,44,From Throw In,Germany,3857292,0 days 01:06:44,0,0,0,0,0,0,1,0,0
2,66,48,From Throw In,Germany,3857292,0 days 01:06:48,0,0,0,0,0,0,1,0,0
2,66,50,From Throw In,Germany,3857292,0 days 01:06:50,0,0,0,0,0,0,0,1,0
2,57,0,From Throw In,Ghana,3857293,0 days 00:57:00,0,0,0,0,0,0,1,0,0
2,57,1,From Throw In,Ghana,3857293,0 days 00:57:01,0,0,0,0,0,0,1,0,0
2,57,3,From Throw In,Uruguay,3857293,0 days 00:57:03,0,0,0,0,0,0,1,0,0
2,57,5,From Throw In,Uruguay,3857293,0 days 00:57:05,0,0,0,0,0,0,1,0,0
2,59,12,From Throw In,Ghana,3857293,0 days 00:59:12,0,0,0,0,0,0,1,0,0
2,59,13,From Throw In,Ghana,3857293,0 days 00:59:13,0,0,0,0,0,0,1,0,0
2,59,16,From Throw In,Uruguay,3857293,0 days 00:59:16,0,0,0,0,0,0,1,0,0
2,59,19,From Throw In,Uruguay,3857293,0 days 00:59:19,0,0,0,1,0,0,0,0,0
2,59,19,From Throw In,Ghana,3857293,0 days 00:59:19,0,0,0,0,0,0,0,0,1
2,59,20,From Throw In,Ghana,3857293,0 days 00:59:20,1,0,0,0,0,0,0,0,0
2,59,21,From Throw In,Ghana,3857293,0 days 00:59:21,0,0,0,0,0,0,1,0,0
2,59,25,From Throw In,Ghana,3857293,0 days 00:59:25,0,0,0,0,0,0,1,0,0
2,59,28,From Throw In,Ghana,3857293,0 days 00:59:28,0,0,0,0,0,0,1,0,0
2,59,30,From Throw In,Ghana,3857293,0 days 00:59:30,0,0,0,0,0,0,1,0,0
2,59,32,From Throw In,Uruguay,3857293,0 days 00:59:32,0,0,0,0,1,0,0,0,0
2,60,4,From Free Kick,Ghana,3857293,0 days 01:00:04,0,0,0,0,0,0,1,0,0
2,60,7,From Free Kick,Ghana,3857293,0 days 01:00:07,0,0,0,0,0,0,1,0,0
2,60,10,From Free Kick,Ghana,3857293,0 days 01:00:10,0,0,0,0,0,0,1,0,0
2,60,12,From Free Kick,Ghana,3857293,0 days 01:00:12,0,0,0,0,0,0,1,0,0
2,60,15,From Free Kick,Ghana,3857293,0 days 01:00:15,0,0,0,0,0,0,1,0,0
2,60,19,From Free Kick,Ghana,3857293,0 days 01:00:19,0,0,0,0,0,0,1,0,0
2,60,21,From Free Kick,Ghana,3857293,0 days 01:00:21,0,0,0,0,0,0,1,0,0
2,60,23,From Free Kick,Ghana,3857293,0 days 01:00:23,0,0,0,0,0,0,1,0,0
2,60,25,From Free Kick,Ghana,3857293,0 days 01:00:25,0,0,0,0,0,0,1,0,0
2,60,28,From Free Kick,Ghana,3857293,0 days 01:00:28,0,0,0,0,0,0,1,0,0
2,60,30,From Free Kick,Ghana,3857293,0 days 01:00:30,0,0,0,0,0,0,1,0,0
2,60,32,From Free Kick,Ghana,3857293,0 days 01:00:32,0,0,0,0,0,0,1,0,0
2,60,36,From Free Kick,Ghana,3857293,0 days 01:00:36,0,0,0,0,0,0,1,0,0
2,60,39,From Free Kick,Ghana,3857293,0 days 01:00:39,0,0,0,0,0,0,1,0,0
2,60,49,Regular Play,Ghana,3857293,0 days 01:00:49,1,0,0,0,0,0,0,0,0
2,60,50,Regular Play,Ghana,3857293,0 days 01:00:50,0,0,0,0,0,0,1,0,0
2,60,53,Regular Play,Ghana,3857293,0 days 01:00:53,0,0,0,0,0,0,1,0,0
2,60,55,Regular Play,Ghana,3857293,0 days 01:00:55,0,0,0,0,0,0,1,0,0
2,60,59,Regular Play,Ghana,3857293,0 days 01:00:59,0,0,0,0,0,0,1,0,0
2,61,27,From Throw In,Uruguay,3857293,0 days 01:01:27,0,0,0,0,0,0,1,0,0
2,61,29,From Throw In,Ghana,3857293,0 days 01:01:29,0,0,0,0,1,0,0,0,0
2,61,41,From Free Kick,Uruguay,3857293,0 days 01:01:41,0,0,0,0,0,0,1,0,0
2,61,48,From Free Kick,Uruguay,3857293,0 days 01:01:48,0,0,0,0,0,0,1,0,0
2,61,51,From Free Kick,Uruguay,3857293,0 days 01:01:51,0,0,0,0,0,0,1,0,0
2,61,53,From Free Kick,Uruguay,3857293,0 days 01:01:53,0,0,0,0,0,0,1,0,0
2,61,55,From Free Kick,Uruguay,3857293,0 days 01:01:55,0,0,0,0,0,0,1,0,0
2,61,58,Regular Play,Ghana,3857293,0 days 01:01:58,1,0,0,0,0,0,0,0,0
2,61,59,Regular Play,Ghana,3857293,0 days 01:01:59,0,0,0,0,0,0,1,0,0
2,62,4,Regular Play,Ghana,3857293,0 days 01:02:04,0,0,0,0,0,0,1,0,0
2,62,7,Regular Play,Uruguay,3857293,0 days 01:02:07,0,0,0,0,1,0,0,0,0
2,62,15,From Free Kick,Ghana,3857293,0 days 01:02:15,0,0,0,0,0,0,1,0,0
2,62,17,From Free Kick,Ghana,3857293,0 days 01:02:17,0,0,0,0,0,0,1,0,0
2,62,21,From Free Kick,Ghana,3857293,0 days 01:02:21,0,0,0,0,0,0,1,0,0
2,62,25,From Free Kick,Ghana,3857293,0 days 01:02:25,0,0,0,0,0,0,1,0,0
2,62,26,From Free Kick,Ghana,3857293,0 days 01:02:26,0,0,0,0,0,0,1,0,0
2,62,29,From Free Kick,Ghana,3857293,0 days 01:02:29,0,0,0,0,0,0,1,0,0
2,62,32,From Free Kick,Ghana,3857293,0 days 01:02:32,0,0,0,0,0,0,1,0,0
2,62,34,From Free Kick,Ghana,3857293,0 days 01:02:34,0,0,0,0,0,0,1,0,0
2,62,36,From Free Kick,Ghana,3857293,0 days 01:02:36,0,0,0,0,0,0,1,0,0
2,62,36,From Free Kick,Ghana,3857293,0 days 01:02:36,0,0,0,0,0,0,1,0,0
2,62,38,From Free Kick,Uruguay,3857293,0 days 01:02:38,0,0,0,0,0,0,1,0,0
2,62,39,From Free Kick,Ghana,3857293,0 days 01:02:39,1,0,0,0,0,0,0,0,0
2,62,40,From Free Kick,Ghana,3857293,0 days 01:02:40,0,0,0,0,0,0,1,0,0
2,62,42,From Free Kick,Ghana,3857293,0 days 01:02:42,0,0,0,0,0,0,1,0,0
2,62,44,From Free Kick,Ghana,3857293,0 days 01:02:44,0,0,0,0,0,0,1,0,0
2,62,47,From Free Kick,Ghana,3857293,0 days 01:02:47,0,0,0,0,0,0,1,0,0
2,62,53,From Free Kick,Ghana,3857293,0 days 01:02:53,0,0,0,0,0,0,1,0,0
2,62,55,From Free Kick,Ghana,3857293,0 days 01:02:55,0,0,0,0,0,0,1,0,0
2,62,59,From Free Kick,Ghana,3857293,0 days 01:02:59,0,0,0,0,0,0,1,0,0
2,63,3,From Free Kick,Ghana,3857293,0 days 01:03:03,0,0,0,0,0,0,1,0,0
2,63,26,From Goal Kick,Uruguay,3857293,0 days 01:03:26,0,0,0,0,0,0,1,0,0
2,63,38,From Goal Kick,Uruguay,3857293,0 days 01:03:38,0,0,0,0,0,0,1,0,0
2,63,42,From Goal Kick,Uruguay,3857293,0 days 01:03:42,0,0,0,1,0,0,0,0,0
2,63,42,From Goal Kick,Ghana,3857293,0 days 01:03:42,0,0,0,0,0,0,0,0,1
2,64,6,From Throw In,Uruguay,3857293,0 days 01:04:06,0,0,0,0,0,0,1,0,0
2,64,9,From Throw In,Uruguay,3857293,0 days 01:04:09,0,0,0,0,0,0,1,0,0
2,64,10,From Throw In,Uruguay,3857293,0 days 01:04:10,0,0,0,0,0,0,1,0,0
2,64,11,From Throw In,Ghana,3857293,0 days 01:04:11,0,1,0,0,0,0,0,0,0
2,64,13,From Throw In,Uruguay,3857293,0 days 01:04:13,1,0,0,0,0,0,0,0,0
2,64,14,From Throw In,Uruguay,3857293,0 days 01:04:14,0,0,0,0,0,0,1,0,0
2,64,17,From Throw In,Uruguay,3857293,0 days 01:04:17,0,0,0,0,0,0,1,0,0
2,64,19,From Throw In,Ghana,3857293,0 days 01:04:19,1,0,0,0,0,0,0,0,0
2,64,21,From Throw In,Ghana,3857293,0 days 01:04:21,0,0,1,0,0,0,0,0,0
2,64,21,From Throw In,Uruguay,3857293,0 days 01:04:21,0,0,0,0,0,0,0,0,1
2,64,26,From Throw In,Uruguay,3857293,0 days 01:04:26,0,0,0,0,0,0,1,0,0
2,64,28,From Throw In,Uruguay,3857293,0 days 01:04:28,0,0,0,0,0,0,1,0,0
2,64,29,From Throw In,Uruguay,3857293,0 days 01:04:29,0,0,0,0,0,0,1,0,0
2,64,30,From Throw In,Uruguay,3857293,0 days 01:04:30,0,0,0,0,0,0,0,1,0
2,65,32,From Goal Kick,Ghana,3857293,0 days 01:05:32,0,0,0,0,0,0,1,0,0
2,65,38,From Goal Kick,Ghana,3857293,0 days 01:05:38,0,0,0,0,0,0,1,0,0
2,65,40,From Goal Kick,Ghana,3857293,0 days 01:05:40,0,0,0,0,0,0,1,0,0
2,65,48,From Goal Kick,Ghana,3857293,0 days 01:05:48,0,0,0,0,0,0,1,0,0
2,65,51,From Goal Kick,Ghana,3857293,0 days 01:05:51,0,0,0,0,0,0,1,0,0
2,65,55,From Goal Kick,Ghana,3857293,0 days 01:05:55,0,0,0,0,0,0,1,0,0
2,66,1,From Goal Kick,Ghana,3857293,0 days 01:06:01,0,0,0,0,0,0,1,0,0
2,66,4,From Goal Kick,Ghana,3857293,0 days 01:06:04,0,0,0,0,0,0,1,0,0
2,66,5,From Goal Kick,Ghana,3857293,0 days 01:06:05,0,0,0,0,0,0,1,0,0
2,66,8,From Goal Kick,Ghana,3857293,0 days 01:06:08,0,0,0,0,0,0,1,0,0
2,66,10,From Goal Kick,Ghana,3857293,0 days 01:06:10,0,0,0,0,0,0,1,0,0
2,66,20,From Throw In,Ghana,3857293,0 days 01:06:20,0,0,0,0,0,0,1,0,0
2,66,21,From Throw In,Uruguay,3857293,0 days 01:06:21,1,0,0,0,0,0,0,0,0
2,66,23,From Throw In,Uruguay,3857293,0 days 01:06:23,0,0,0,0,0,0,1,0,0
2,66,23,From Throw In,Ghana,3857293,0 days 01:06:23,0,0,0,0,0,1,0,0,0
2,66,25,From Throw In,Ghana,3857293,0 days 01:06:25,1,0,0,0,0,0,0,0,0
2,66,27,From Throw In,Ghana,3857293,0 days 01:06:27,0,0,0,1,0,0,0,0,0
2,66,28,From Throw In,Ghana,3857293,0 days 01:06:28,0,0,0,0,0,0,1,0,0
2,66,29,Regular Play,Uruguay,3857293,0 days 01:06:29,0,0,0,0,0,0,1,0,0
2,66,31,Regular Play,Uruguay,3857293,0 days 01:06:31,0,0,0,0,0,0,1,0,0
2,66,32,Regular Play,Ghana,3857293,0 days 01:06:32,0,0,0,0,1,0,0,0,0
2,66,56,From Free Kick,Uruguay,3857293,0 days 01:06:56,0,0,0,0,0,0,1,0,0
2,66,58,From Free Kick,Uruguay,3857293,0 days 01:06:58,0,0,0,0,0,0,1,0,0
2,66,59,From Free Kick,Uruguay,3857293,0 days 01:06:59,0,0,0,0,0,0,1,0,0
2,57,1,Regular Play,Qatar,3857294,0 days 00:57:01,0,0,0,0,0,0,1,0,0
2,57,4,Regular Play,Qatar,3857294,0 days 00:57:04,0,0,0,0,0,0,1,0,0
2,57,8,Regular Play,Qatar,3857294,0 days 00:57:08,0,0,0,0,0,0,1,0,0
2,57,16,Regular Play,Qatar,3857294,0 days 00:57:16,0,0,0,0,0,0,1,0,0
2,57,17,Regular Play,Qatar,3857294,0 days 00:57:17,0,0,0,0,0,0,1,0,0
2,57,18,Regular Play,Qatar,3857294,0 days 00:57:18,0,0,0,0,0,0,1,0,0
2,57,21,Regular Play,Qatar,3857294,0 days 00:57:21,0,0,0,0,0,0,1,0,0
2,57,29,Regular Play,Qatar,3857294,0 days 00:57:29,0,0,0,0,0,0,1,0,0
2,57,32,Regular Play,Qatar,3857294,0 days 00:57:32,0,0,0,0,0,0,1,0,0
2,57,39,Regular Play,Qatar,3857294,0 days 00:57:39,0,0,0,0,0,0,1,0,0
2,57,40,Regular Play,Qatar,3857294,0 days 00:57:40,0,0,0,0,0,0,1,0,0
2,57,42,Regular Play,Netherlands,3857294,0 days 00:57:42,0,0,0,0,0,0,1,0,0
2,57,44,Regular Play,Qatar,3857294,0 days 00:57:44,1,0,0,0,0,0,0,0,0
2,57,46,Regular Play,Qatar,3857294,0 days 00:57:46,0,0,0,1,0,0,0,0,0
2,57,46,Regular Play,Netherlands,3857294,0 days 00:57:46,0,0,0,0,0,0,0,0,1
2,57,51,From Throw In,Qatar,3857294,0 days 00:57:51,0,0,0,0,0,0,1,0,0
2,57,54,From Throw In,Qatar,3857294,0 days 00:57:54,0,0,0,0,0,0,1,0,0
2,58,0,From Throw In,Qatar,3857294,0 days 00:58:00,0,0,0,0,0,0,1,0,0
2,58,1,From Throw In,Qatar,3857294,0 days 00:58:01,0,0,0,0,0,0,1,0,0
2,58,8,From Throw In,Qatar,3857294,0 days 00:58:08,0,0,0,0,0,0,1,0,0
2,58,11,From Throw In,Qatar,3857294,0 days 00:58:11,0,0,0,0,0,0,1,0,0
2,58,13,From Throw In,Qatar,3857294,0 days 00:58:13,0,0,0,0,0,0,1,0,0
2,58,16,From Throw In,Qatar,3857294,0 days 00:58:16,0,0,0,0,0,0,1,0,0
2,58,19,From Throw In,Qatar,3857294,0 days 00:58:19,0,0,0,0,0,0,1,0,0
2,58,20,From Throw In,Qatar,3857294,0 days 00:58:20,0,0,0,0,0,0,1,0,0
2,58,28,From Throw In,Netherlands,3857294,0 days 00:58:28,0,0,0,0,0,0,1,0,0
2,58,32,From Throw In,Netherlands,3857294,0 days 00:58:32,0,0,0,0,0,0,1,0,0
2,58,33,From Throw In,Netherlands,3857294,0 days 00:58:33,0,0,0,0,0,0,1,0,0
2,58,36,From Throw In,Netherlands,3857294,0 days 00:58:36,0,0,0,0,0,0,1,0,0
2,58,38,From Throw In,Netherlands,3857294,0 days 00:58:38,0,0,0,0,0,0,1,0,0
2,58,42,From Throw In,Netherlands,3857294,0 days 00:58:42,0,0,0,0,0,0,1,0,0
2,58,43,From Throw In,Netherlands,3857294,0 days 00:58:43,0,0,0,0,0,0,1,0,0
2,58,45,From Throw In,Netherlands,3857294,0 days 00:58:45,0,0,0,0,0,0,1,0,0
2,58,49,From Throw In,Qatar,3857294,0 days 00:58:49,1,0,0,0,0,0,0,0,0
2,58,49,From Throw In,Qatar,3857294,0 days 00:58:49,0,0,0,0,0,0,1,0,0
2,58,51,From Throw In,Netherlands,3857294,0 days 00:58:51,0,0,0,0,0,0,1,0,0
2,58,57,From Throw In,Netherlands,3857294,0 days 00:58:57,0,0,0,0,0,0,1,0,0
2,59,2,From Throw In,Netherlands,3857294,0 days 00:59:02,0,0,0,0,0,0,1,0,0
2,59,5,From Throw In,Netherlands,3857294,0 days 00:59:05,0,0,0,0,0,0,1,0,0
2,59,6,From Throw In,Netherlands,3857294,0 days 00:59:06,0,0,0,0,0,0,1,0,0
2,59,9,From Throw In,Netherlands,3857294,0 days 00:59:09,0,0,0,0,0,0,1,0,0
2,59,11,From Throw In,Netherlands,3857294,0 days 00:59:11,0,0,0,0,0,0,1,0,0
2,59,12,From Throw In,Netherlands,3857294,0 days 00:59:12,0,0,0,0,0,0,1,0,0
2,59,14,From Throw In,Netherlands,3857294,0 days 00:59:14,0,0,0,0,0,0,1,0,0
2,59,15,From Throw In,Netherlands,3857294,0 days 00:59:15,0,0,0,0,0,0,1,0,0
2,59,16,From Throw In,Netherlands,3857294,0 days 00:59:16,0,0,0,0,0,0,1,0,0
2,59,17,Regular Play,Qatar,3857294,0 days 00:59:17,1,0,0,0,0,0,0,0,0
2,59,20,Regular Play,Qatar,3857294,0 days 00:59:20,0,0,0,0,0,0,1,0,0
2,59,23,Regular Play,Qatar,3857294,0 days 00:59:23,0,0,0,0,0,0,1,0,0
2,59,24,Regular Play,Qatar,3857294,0 days 00:59:24,0,0,0,0,0,0,1,0,0
2,59,27,Regular Play,Qatar,3857294,0 days 00:59:27,0,0,0,0,0,0,1,0,0
2,59,33,Regular Play,Qatar,3857294,0 days 00:59:33,0,0,0,0,0,0,1,0,0
2,59,34,Regular Play,Qatar,3857294,0 days 00:59:34,0,0,0,0,0,0,1,0,0
2,59,38,Regular Play,Qatar,3857294,0 days 00:59:38,0,0,0,0,0,0,1,0,0
2,59,46,Regular Play,Qatar,3857294,0 days 00:59:46,0,0,0,0,0,0,1,0,0
2,59,49,Regular Play,Qatar,3857294,0 days 00:59:49,0,0,0,0,0,0,1,0,0
2,59,55,Regular Play,Qatar,3857294,0 days 00:59:55,0,0,0,0,0,0,1,0,0
2,60,30,From Throw In,Netherlands,3857294,0 days 01:00:30,0,0,0,0,0,0,1,0,0
2,60,34,From Throw In,Netherlands,3857294,0 days 01:00:34,0,0,0,0,0,0,1,0,0
2,60,36,Regular Play,Qatar,3857294,0 days 01:00:36,1,0,0,0,0,0,0,0,0
2,60,38,Regular Play,Qatar,3857294,0 days 01:00:38,0,0,0,0,0,0,1,0,0
2,60,42,Regular Play,Qatar,3857294,0 days 01:00:42,0,0,0,0,0,0,1,0,0
2,60,46,Regular Play,Qatar,3857294,0 days 01:00:46,0,0,0,0,0,0,1,0,0
2,60,50,Regular Play,Qatar,3857294,0 days 01:00:50,0,0,0,0,0,0,1,0,0
2,60,55,Regular Play,Netherlands,3857294,0 days 01:00:55,0,0,0,0,1,0,0,0,0
2,61,12,From Free Kick,Qatar,3857294,0 days 01:01:12,0,0,0,0,0,0,1,0,0
2,61,15,From Free Kick,Qatar,3857294,0 days 01:01:15,0,0,0,0,0,0,1,0,0
2,61,21,From Free Kick,Qatar,3857294,0 days 01:01:21,0,0,0,0,0,0,1,0,0
2,61,27,From Free Kick,Qatar,3857294,0 days 01:01:27,0,0,0,0,0,0,1,0,0
2,61,30,From Free Kick,Netherlands,3857294,0 days 01:01:30,0,0,0,0,0,0,1,0,0
2,61,32,From Free Kick,Netherlands,3857294,0 days 01:01:32,0,0,0,0,0,0,1,0,0
2,61,34,From Free Kick,Qatar,3857294,0 days 01:01:34,0,0,0,0,0,0,1,0,0
2,61,36,From Free Kick,Qatar,3857294,0 days 01:01:36,0,0,0,0,0,0,1,0,0
2,61,40,From Free Kick,Qatar,3857294,0 days 01:01:40,0,0,0,0,0,0,1,0,0
2,61,41,Regular Play,Netherlands,3857294,0 days 01:01:41,1,0,0,0,0,0,0,0,0
2,61,42,Regular Play,Qatar,3857294,0 days 01:01:42,0,0,0,0,1,0,0,0,0
2,61,57,From Free Kick,Netherlands,3857294,0 days 01:01:57,0,0,0,0,0,0,1,0,0
2,62,2,From Free Kick,Netherlands,3857294,0 days 01:02:02,0,0,0,0,0,0,1,0,0
2,62,3,From Free Kick,Netherlands,3857294,0 days 01:02:03,0,0,0,0,0,0,1,0,0
2,62,5,From Free Kick,Netherlands,3857294,0 days 01:02:05,0,0,0,0,0,0,1,0,0
2,62,6,From Free Kick,Netherlands,3857294,0 days 01:02:06,0,0,0,0,0,0,1,0,0
2,62,7,From Free Kick,Netherlands,3857294,0 days 01:02:07,0,0,0,0,0,0,1,0,0
2,62,12,From Free Kick,Netherlands,3857294,0 days 01:02:12,0,0,0,0,0,0,1,0,0
2,62,16,From Free Kick,Netherlands,3857294,0 days 01:02:16,0,0,0,0,0,0,1,0,0
2,62,18,From Free Kick,Netherlands,3857294,0 days 01:02:18,0,0,1,0,0,0,0,0,0
2,62,18,Regular Play,Qatar,3857294,0 days 01:02:18,0,0,0,0,0,0,0,0,1
2,62,19,Regular Play,Qatar,3857294,0 days 01:02:19,1,0,0,0,0,0,0,0,0
2,62,21,Regular Play,Qatar,3857294,0 days 01:02:21,0,0,0,0,0,0,1,0,0
2,62,21,Regular Play,Qatar,3857294,0 days 01:02:21,0,0,0,0,0,0,1,0,0
2,62,24,Regular Play,Qatar,3857294,0 days 01:02:24,0,0,0,0,0,0,1,0,0
2,62,30,Regular Play,Qatar,3857294,0 days 01:02:30,0,0,0,0,0,0,1,0,0
2,62,31,Regular Play,Netherlands,3857294,0 days 01:02:31,1,0,0,0,0,0,0,0,0
2,62,35,Regular Play,Netherlands,3857294,0 days 01:02:35,0,0,0,0,0,0,1,0,0
2,62,42,Regular Play,Netherlands,3857294,0 days 01:02:42,0,0,0,0,0,0,1,0,0
2,62,43,Regular Play,Netherlands,3857294,0 days 01:02:43,0,0,0,0,0,0,1,0,0
2,62,45,Regular Play,Netherlands,3857294,0 days 01:02:45,0,0,0,0,0,0,1,0,0
2,62,47,Regular Play,Netherlands,3857294,0 days 01:02:47,0,0,0,0,0,0,1,0,0
2,62,50,Regular Play,Netherlands,3857294,0 days 01:02:50,0,0,0,0,0,0,1,0,0
2,62,53,Regular Play,Netherlands,3857294,0 days 01:02:53,0,0,0,0,0,0,1,0,0
2,62,56,Regular Play,Netherlands,3857294,0 days 01:02:56,0,0,0,0,0,0,1,0,0
2,63,0,Regular Play,Netherlands,3857294,0 days 01:03:00,0,0,0,0,0,0,1,0,0
2,64,9,From Throw In,Qatar,3857294,0 days 01:04:09,0,0,0,0,0,0,1,0,0
2,64,13,From Throw In,Qatar,3857294,0 days 01:04:13,0,0,0,0,0,0,1,0,0
2,64,16,Regular Play,Netherlands,3857294,0 days 01:04:16,0,0,0,0,0,0,1,0,0
2,64,19,Regular Play,Netherlands,3857294,0 days 01:04:19,0,0,0,0,0,0,1,0,0
2,64,23,Regular Play,Netherlands,3857294,0 days 01:04:23,0,0,0,0,0,0,1,0,0
2,64,25,Regular Play,Netherlands,3857294,0 days 01:04:25,0,0,0,0,0,0,1,0,0
2,64,26,Regular Play,Netherlands,3857294,0 days 01:04:26,0,0,0,0,0,0,1,0,0
2,64,27,Regular Play,Netherlands,3857294,0 days 01:04:27,0,0,0,0,0,0,1,0,0
2,64,30,Regular Play,Netherlands,3857294,0 days 01:04:30,0,0,0,0,0,0,1,0,0
2,64,35,Regular Play,Netherlands,3857294,0 days 01:04:35,0,0,0,0,0,0,1,0,0
2,64,38,Regular Play,Netherlands,3857294,0 days 01:04:38,0,0,0,0,0,0,1,0,0
2,64,41,Regular Play,Netherlands,3857294,0 days 01:04:41,0,0,0,0,0,0,1,0,0
2,64,43,Regular Play,Netherlands,3857294,0 days 01:04:43,0,0,0,0,0,0,1,0,0
2,64,49,Regular Play,Netherlands,3857294,0 days 01:04:49,0,0,1,0,0,0,0,0,0
2,64,49,Regular Play,Qatar,3857294,0 days 01:04:49,0,0,0,0,0,0,0,0,1
2,64,50,Regular Play,Qatar,3857294,0 days 01:04:50,0,0,0,0,0,0,1,0,0
2,64,58,Regular Play,Qatar,3857294,0 days 01:04:58,0,0,0,0,0,0,1,0,0
2,64,59,Regular Play,Qatar,3857294,0 days 01:04:59,0,0,0,0,0,0,1,0,0
2,65,2,Regular Play,Netherlands,3857294,0 days 01:05:02,0,0,0,0,0,0,1,0,0
2,66,0,From Throw In,Qatar,3857294,0 days 01:06:00,0,0,0,0,0,0,1,0,0
2,66,2,From Throw In,Qatar,3857294,0 days 01:06:02,0,0,0,0,0,0,1,0,0
2,66,4,From Throw In,Qatar,3857294,0 days 01:06:04,0,0,0,0,0,0,1,0,0
2,66,4,From Throw In,Netherlands,3857294,0 days 01:06:04,0,0,0,0,0,0,1,0,0
2,66,6,From Throw In,Netherlands,3857294,0 days 01:06:06,0,0,0,0,1,0,0,0,0
2,66,20,From Free Kick,Qatar,3857294,0 days 01:06:20,0,0,0,0,0,0,1,0,0
2,66,22,From Free Kick,Qatar,3857294,0 days 01:06:22,0,0,0,0,0,0,1,0,0
2,66,26,From Free Kick,Qatar,3857294,0 days 01:06:26,0,0,0,0,0,0,1,0,0
2,66,30,From Free Kick,Qatar,3857294,0 days 01:06:30,0,0,0,0,0,0,1,0,0
2,66,48,From Goal Kick,Netherlands,3857294,0 days 01:06:48,0,0,0,0,0,0,1,0,0
2,66,54,From Goal Kick,Netherlands,3857294,0 days 01:06:54,0,0,0,0,0,0,1,0,0
2,66,58,From Goal Kick,Netherlands,3857294,0 days 01:06:58,0,0,0,0,0,0,1,0,0
2,57,0,Regular Play,Costa Rica,3857295,0 days 00:57:00,0,0,0,0,0,0,1,0,0
2,57,3,Regular Play,Costa Rica,3857295,0 days 00:57:03,0,0,0,0,0,0,1,0,0
2,57,5,Regular Play,Costa Rica,3857295,0 days 00:57:05,0,0,0,0,0,0,1,0,0
2,57,7,Regular Play,Japan,3857295,0 days 00:57:07,1,0,0,0,0,0,0,0,0
2,57,10,Regular Play,Japan,3857295,0 days 00:57:10,0,0,0,1,0,0,0,0,0
2,57,10,Regular Play,Japan,3857295,0 days 00:57:10,0,0,0,1,0,0,0,0,0
2,57,13,Regular Play,Japan,3857295,0 days 00:57:13,0,0,0,0,0,0,1,0,0
2,57,14,Regular Play,Japan,3857295,0 days 00:57:14,0,0,0,0,0,0,1,0,0
2,57,20,Regular Play,Japan,3857295,0 days 00:57:20,0,0,0,1,0,0,0,0,0
2,57,22,Regular Play,Japan,3857295,0 days 00:57:22,0,0,0,0,0,0,1,0,0
2,57,26,Regular Play,Japan,3857295,0 days 00:57:26,0,0,0,0,0,0,1,0,0
2,57,30,Regular Play,Japan,3857295,0 days 00:57:30,0,0,0,0,0,0,1,0,0
2,57,33,Regular Play,Japan,3857295,0 days 00:57:33,0,0,0,0,0,0,1,0,0
2,57,34,Regular Play,Costa Rica,3857295,0 days 00:57:34,0,0,0,0,0,1,0,0,0
2,57,55,From Throw In,Japan,3857295,0 days 00:57:55,0,0,0,0,0,0,1,0,0
2,57,57,From Throw In,Japan,3857295,0 days 00:57:57,0,0,0,0,0,0,1,0,0
2,58,0,From Throw In,Japan,3857295,0 days 00:58:00,0,0,0,0,0,0,1,0,0
2,58,2,From Throw In,Japan,3857295,0 days 00:58:02,0,0,0,0,0,0,1,0,0
2,58,5,From Throw In,Japan,3857295,0 days 00:58:05,0,0,0,0,0,0,1,0,0
2,58,5,From Throw In,Costa Rica,3857295,0 days 00:58:05,0,0,0,0,0,0,1,0,0
2,58,7,From Throw In,Costa Rica,3857295,0 days 00:58:07,0,0,0,0,0,0,1,0,0
2,58,9,From Throw In,Japan,3857295,0 days 00:58:09,0,0,0,0,0,0,1,0,0
2,58,11,From Throw In,Costa Rica,3857295,0 days 00:58:11,1,0,0,0,0,0,0,0,0
2,58,13,From Throw In,Japan,3857295,0 days 00:58:13,0,0,0,0,0,0,1,0,0
2,58,22,From Throw In,Japan,3857295,0 days 00:58:22,0,0,0,0,0,0,1,0,0
2,58,26,From Throw In,Japan,3857295,0 days 00:58:26,0,0,0,0,0,0,1,0,0
2,58,28,From Throw In,Japan,3857295,0 days 00:58:28,0,0,0,0,0,0,1,0,0
2,58,31,From Throw In,Japan,3857295,0 days 00:58:31,0,0,0,0,0,0,1,0,0
2,58,31,From Throw In,Japan,3857295,0 days 00:58:31,0,0,0,0,0,0,1,0,0
2,58,34,From Throw In,Japan,3857295,0 days 00:58:34,0,0,0,0,0,0,1,0,0
2,58,37,From Throw In,Japan,3857295,0 days 00:58:37,0,0,0,0,0,0,1,0,0
2,58,40,From Throw In,Japan,3857295,0 days 00:58:40,0,0,0,0,0,0,1,0,0
2,58,57,From Goal Kick,Costa Rica,3857295,0 days 00:58:57,0,0,0,0,0,0,1,0,0
2,59,1,Regular Play,Japan,3857295,0 days 00:59:01,0,0,0,0,0,0,1,0,0
2,59,4,Regular Play,Japan,3857295,0 days 00:59:04,0,0,0,0,0,0,1,0,0
2,59,9,Regular Play,Japan,3857295,0 days 00:59:09,0,0,1,0,0,0,0,0,0
2,59,9,Regular Play,Costa Rica,3857295,0 days 00:59:09,0,0,0,0,0,0,0,0,1
2,59,11,Regular Play,Japan,3857295,0 days 00:59:11,1,0,0,0,0,0,0,0,0
2,59,12,Regular Play,Japan,3857295,0 days 00:59:12,0,0,1,0,0,0,0,0,0
2,59,12,Regular Play,Costa Rica,3857295,0 days 00:59:12,0,0,0,0,0,0,0,0,1
2,59,14,Regular Play,Costa Rica,3857295,0 days 00:59:14,0,1,0,0,0,0,0,0,0
2,59,17,Regular Play,Japan,3857295,0 days 00:59:17,1,0,0,0,0,0,0,0,0
2,59,18,Regular Play,Japan,3857295,0 days 00:59:18,0,0,0,0,0,0,1,0,0
2,59,20,Regular Play,Japan,3857295,0 days 00:59:20,0,0,0,0,0,0,1,0,0
2,59,22,Regular Play,Japan,3857295,0 days 00:59:22,0,0,0,0,0,0,1,0,0
2,59,25,Regular Play,Japan,3857295,0 days 00:59:25,0,0,0,0,0,0,1,0,0
2,59,27,Regular Play,Japan,3857295,0 days 00:59:27,0,0,0,0,0,0,1,0,0
2,59,28,Regular Play,Japan,3857295,0 days 00:59:28,0,0,0,0,0,0,1,0,0
2,59,30,Regular Play,Japan,3857295,0 days 00:59:30,0,0,0,0,0,0,1,0,0
2,59,32,Regular Play,Japan,3857295,0 days 00:59:32,0,0,0,0,0,0,1,0,0
2,59,33,Regular Play,Japan,3857295,0 days 00:59:33,0,0,0,0,0,0,1,0,0
2,59,36,Regular Play,Japan,3857295,0 days 00:59:36,0,0,0,0,0,0,1,0,0
2,59,39,Regular Play,Japan,3857295,0 days 00:59:39,0,0,0,0,0,0,1,0,0
2,59,41,Regular Play,Japan,3857295,0 days 00:59:41,0,0,0,0,0,0,1,0,0
2,59,44,Regular Play,Japan,3857295,0 days 00:59:44,0,0,0,0,0,0,1,0,0
2,59,46,Regular Play,Japan,3857295,0 days 00:59:46,0,0,0,0,0,0,1,0,0
2,59,48,Regular Play,Japan,3857295,0 days 00:59:48,0,0,0,0,0,0,1,0,0
2,59,54,Regular Play,Japan,3857295,0 days 00:59:54,0,0,0,0,0,0,1,0,0
2,59,56,Regular Play,Japan,3857295,0 days 00:59:56,0,0,0,0,0,0,1,0,0
2,59,58,Regular Play,Japan,3857295,0 days 00:59:58,0,0,0,0,0,0,1,0,0
2,60,1,Regular Play,Japan,3857295,0 days 01:00:01,0,0,0,0,0,0,1,0,0
2,60,4,Regular Play,Japan,3857295,0 days 01:00:04,0,0,0,0,0,0,1,0,0
2,60,7,Regular Play,Japan,3857295,0 days 01:00:07,0,0,0,0,0,0,1,0,0
2,60,8,Regular Play,Japan,3857295,0 days 01:00:08,0,0,0,0,0,0,1,0,0
2,60,11,Regular Play,Costa Rica,3857295,0 days 01:00:11,0,0,0,0,0,0,1,0,0
2,60,13,Regular Play,Japan,3857295,0 days 01:00:13,0,0,0,0,0,0,1,0,0
2,60,15,Regular Play,Costa Rica,3857295,0 days 01:00:15,0,0,0,0,0,0,1,0,0
2,60,16,Regular Play,Japan,3857295,0 days 01:00:16,0,0,0,0,0,0,1,0,0
2,60,19,Regular Play,Japan,3857295,0 days 01:00:19,0,0,0,0,0,0,1,0,0
2,60,21,Regular Play,Japan,3857295,0 days 01:00:21,0,0,0,0,0,0,1,0,0
2,60,25,Regular Play,Japan,3857295,0 days 01:00:25,0,0,0,0,0,0,1,0,0
2,60,29,Regular Play,Japan,3857295,0 days 01:00:29,0,0,0,0,0,0,1,0,0
2,60,31,Regular Play,Japan,3857295,0 days 01:00:31,0,0,0,0,0,0,1,0,0
2,60,34,Regular Play,Japan,3857295,0 days 01:00:34,0,0,0,0,0,0,1,0,0
2,60,38,Regular Play,Japan,3857295,0 days 01:00:38,0,0,0,0,0,0,1,0,0
2,60,42,Regular Play,Japan,3857295,0 days 01:00:42,0,0,0,0,0,0,1,0,0
2,60,44,Regular Play,Japan,3857295,0 days 01:00:44,0,0,0,0,0,0,1,0,0
2,60,46,Regular Play,Japan,3857295,0 days 01:00:46,0,0,0,0,0,0,1,0,0
2,60,49,Regular Play,Japan,3857295,0 days 01:00:49,0,0,0,0,0,0,1,0,0
2,60,53,Regular Play,Costa Rica,3857295,0 days 01:00:53,0,0,0,0,1,0,0,0,0
2,62,40,From Free Kick,Japan,3857295,0 days 01:02:40,0,0,0,0,0,0,0,1,0
2,62,57,From Goal Kick,Costa Rica,3857295,0 days 01:02:57,0,0,0,0,0,0,1,0,0
2,63,1,Regular Play,Japan,3857295,0 days 01:03:01,1,0,0,0,0,0,0,0,0
2,63,5,Regular Play,Japan,3857295,0 days 01:03:05,0,0,0,0,0,0,1,0,0
2,63,9,Regular Play,Japan,3857295,0 days 01:03:09,0,0,0,0,0,0,1,0,0
2,63,11,Regular Play,Japan,3857295,0 days 01:03:11,0,0,0,0,0,0,1,0,0
2,63,13,Regular Play,Japan,3857295,0 days 01:03:13,0,0,0,0,0,0,1,0,0
2,63,16,Regular Play,Japan,3857295,0 days 01:03:16,0,0,0,0,0,0,1,0,0
2,63,19,Regular Play,Costa Rica,3857295,0 days 01:03:19,0,0,0,0,1,0,0,0,0
2,64,45,From Free Kick,Japan,3857295,0 days 01:04:45,0,0,0,0,0,0,1,0,0
2,64,46,From Free Kick,Costa Rica,3857295,0 days 01:04:46,0,1,0,0,0,0,0,0,0
2,64,48,From Free Kick,Japan,3857295,0 days 01:04:48,0,0,0,0,0,0,1,0,0
2,64,52,From Free Kick,Japan,3857295,0 days 01:04:52,0,0,0,0,0,0,1,0,0
2,64,58,From Free Kick,Japan,3857295,0 days 01:04:58,0,0,0,0,0,0,1,0,0
2,65,7,From Free Kick,Japan,3857295,0 days 01:05:07,0,0,0,0,0,0,1,0,0
2,65,11,From Free Kick,Japan,3857295,0 days 01:05:11,0,0,0,0,0,0,1,0,0
2,65,14,From Free Kick,Japan,3857295,0 days 01:05:14,0,0,0,0,0,0,1,0,0
2,65,15,From Free Kick,Japan,3857295,0 days 01:05:15,0,0,0,0,0,0,1,0,0
2,65,19,From Free Kick,Japan,3857295,0 days 01:05:19,0,0,0,0,0,0,1,0,0
2,65,21,From Free Kick,Japan,3857295,0 days 01:05:21,0,0,0,0,0,0,1,0,0
2,65,26,From Free Kick,Japan,3857295,0 days 01:05:26,0,0,0,0,0,0,1,0,0
2,65,30,From Free Kick,Japan,3857295,0 days 01:05:30,0,0,0,0,0,0,1,0,0
2,65,35,From Free Kick,Japan,3857295,0 days 01:05:35,0,0,0,0,0,0,1,0,0
2,65,42,From Free Kick,Japan,3857295,0 days 01:05:42,0,0,0,0,0,0,1,0,0
2,65,44,From Free Kick,Japan,3857295,0 days 01:05:44,0,0,0,0,0,0,1,0,0
2,65,47,From Free Kick,Japan,3857295,0 days 01:05:47,0,0,0,0,0,0,1,0,0
2,65,49,Regular Play,Costa Rica,3857295,0 days 01:05:49,0,0,0,0,0,0,1,0,0
2,65,51,Regular Play,Costa Rica,3857295,0 days 01:05:51,0,0,0,0,0,0,1,0,0
2,65,52,Regular Play,Costa Rica,3857295,0 days 01:05:52,0,0,0,0,0,0,1,0,0
2,65,54,Regular Play,Costa Rica,3857295,0 days 01:05:54,0,0,0,0,0,0,1,0,0
2,65,55,Regular Play,Costa Rica,3857295,0 days 01:05:55,0,0,0,0,0,0,1,0,0
2,65,57,Regular Play,Costa Rica,3857295,0 days 01:05:57,0,0,0,0,0,0,1,0,0
2,65,58,Regular Play,Japan,3857295,0 days 01:05:58,0,0,0,0,0,1,0,0,0
2,66,0,Regular Play,Japan,3857295,0 days 01:06:00,0,0,0,0,0,0,1,0,0
2,66,21,From Throw In,Japan,3857295,0 days 01:06:21,0,0,0,0,0,0,1,0,0
2,66,23,From Throw In,Japan,3857295,0 days 01:06:23,0,0,0,0,0,0,1,0,0
2,66,28,From Throw In,Japan,3857295,0 days 01:06:28,0,0,0,0,0,0,1,0,0
2,66,32,From Throw In,Japan,3857295,0 days 01:06:32,0,0,0,0,0,0,1,0,0
2,66,34,From Throw In,Japan,3857295,0 days 01:06:34,0,0,0,0,0,0,1,0,0
2,66,38,From Throw In,Japan,3857295,0 days 01:06:38,0,0,0,0,0,0,1,0,0
2,66,41,From Throw In,Japan,3857295,0 days 01:06:41,0,0,0,0,0,0,1,0,0
2,66,46,From Throw In,Japan,3857295,0 days 01:06:46,0,0,0,0,0,0,1,0,0
2,66,48,From Throw In,Japan,3857295,0 days 01:06:48,0,0,0,0,0,0,1,0,0
2,66,51,From Throw In,Japan,3857295,0 days 01:06:51,0,0,0,0,0,0,1,0,0
2,66,52,From Throw In,Japan,3857295,0 days 01:06:52,0,0,0,0,0,0,1,0,0
2,66,56,From Throw In,Japan,3857295,0 days 01:06:56,0,0,0,0,0,0,1,0,0
2,57,0,From Throw In,Croatia,3857296,0 days 00:57:00,0,0,0,0,0,0,1,0,0
2,57,2,From Throw In,Croatia,3857296,0 days 00:57:02,0,0,0,0,0,0,1,0,0
2,57,5,From Throw In,Croatia,3857296,0 days 00:57:05,0,0,0,0,0,0,1,0,0
2,57,7,From Throw In,Belgium,3857296,0 days 00:57:07,1,0,0,0,0,0,0,0,0
2,57,11,From Throw In,Belgium,3857296,0 days 00:57:11,0,0,0,0,0,0,1,0,0
2,57,16,From Throw In,Belgium,3857296,0 days 00:57:16,0,0,0,0,0,0,1,0,0
2,57,16,From Throw In,Croatia,3857296,0 days 00:57:16,0,0,0,0,0,1,0,0,0
2,57,18,From Throw In,Croatia,3857296,0 days 00:57:18,0,0,0,0,0,0,1,0,0
2,57,21,From Throw In,Croatia,3857296,0 days 00:57:21,0,0,0,0,0,0,1,0,0
2,57,23,From Throw In,Croatia,3857296,0 days 00:57:23,0,0,0,0,0,0,1,0,0
2,57,28,From Throw In,Croatia,3857296,0 days 00:57:28,0,0,0,0,0,0,1,0,0
2,57,30,From Throw In,Croatia,3857296,0 days 00:57:30,0,0,0,0,0,0,1,0,0
2,57,33,From Throw In,Croatia,3857296,0 days 00:57:33,0,0,0,0,0,0,1,0,0
2,57,38,From Throw In,Croatia,3857296,0 days 00:57:38,0,0,0,0,0,0,1,0,0
2,57,42,From Throw In,Croatia,3857296,0 days 00:57:42,0,0,0,1,0,0,0,0,0
2,57,42,From Throw In,Belgium,3857296,0 days 00:57:42,0,0,0,0,0,0,0,0,1
2,58,14,From Throw In,Croatia,3857296,0 days 00:58:14,0,0,0,0,0,0,1,0,0
2,58,17,From Throw In,Croatia,3857296,0 days 00:58:17,0,0,0,0,0,0,1,0,0
2,58,19,From Throw In,Croatia,3857296,0 days 00:58:19,0,0,0,0,0,0,1,0,0
2,58,20,From Throw In,Croatia,3857296,0 days 00:58:20,0,0,0,0,0,0,1,0,0
2,58,21,From Throw In,Croatia,3857296,0 days 00:58:21,0,0,0,0,0,0,1,0,0
2,58,22,From Throw In,Croatia,3857296,0 days 00:58:22,0,0,0,0,0,0,1,0,0
2,58,24,From Throw In,Croatia,3857296,0 days 00:58:24,0,0,0,0,0,0,1,0,0
2,58,25,From Throw In,Belgium,3857296,0 days 00:58:25,0,0,0,0,0,1,0,0,0
2,58,26,From Throw In,Belgium,3857296,0 days 00:58:26,0,0,0,0,0,0,1,0,0
2,58,30,From Throw In,Croatia,3857296,0 days 00:58:30,1,0,0,0,0,0,0,0,0
2,58,33,From Throw In,Croatia,3857296,0 days 00:58:33,0,0,0,0,0,0,1,0,0
2,58,36,From Throw In,Croatia,3857296,0 days 00:58:36,0,0,0,0,0,0,1,0,0
2,58,38,From Throw In,Croatia,3857296,0 days 00:58:38,0,0,0,0,0,0,1,0,0
2,58,40,From Throw In,Croatia,3857296,0 days 00:58:40,1,0,0,0,0,0,0,0,0
2,58,40,From Throw In,Croatia,3857296,0 days 00:58:40,0,0,0,0,0,0,1,0,0
2,58,46,From Throw In,Croatia,3857296,0 days 00:58:46,0,0,0,0,0,0,1,0,0
2,58,49,From Throw In,Croatia,3857296,0 days 00:58:49,0,0,0,0,0,0,1,0,0
2,58,51,From Throw In,Croatia,3857296,0 days 00:58:51,0,0,0,0,0,0,1,0,0
2,58,56,From Throw In,Croatia,3857296,0 days 00:58:56,0,0,0,0,0,0,1,0,0
2,59,0,From Throw In,Croatia,3857296,0 days 00:59:00,0,0,0,0,0,0,1,0,0
2,59,3,From Keeper,Belgium,3857296,0 days 00:59:03,0,0,0,0,0,0,1,0,0
2,59,10,From Keeper,Belgium,3857296,0 days 00:59:10,0,0,0,0,0,0,1,0,0
2,59,11,From Keeper,Belgium,3857296,0 days 00:59:11,0,0,0,0,0,0,1,0,0
2,59,14,From Keeper,Belgium,3857296,0 days 00:59:14,0,0,0,0,0,0,1,0,0
2,59,20,From Keeper,Belgium,3857296,0 days 00:59:20,0,0,0,0,0,0,1,0,0
2,59,22,From Keeper,Belgium,3857296,0 days 00:59:22,0,0,0,0,0,0,1,0,0
2,59,24,From Keeper,Belgium,3857296,0 days 00:59:24,0,0,0,0,0,0,1,0,0
2,59,27,From Keeper,Belgium,3857296,0 days 00:59:27,0,0,0,0,0,0,1,0,0
2,59,31,From Keeper,Belgium,3857296,0 days 00:59:31,0,0,0,0,0,0,1,0,0
2,59,36,From Keeper,Belgium,3857296,0 days 00:59:36,0,0,0,0,0,0,1,0,0
2,59,39,From Keeper,Belgium,3857296,0 days 00:59:39,0,0,0,0,0,0,1,0,0
2,59,42,From Keeper,Belgium,3857296,0 days 00:59:42,0,0,0,0,0,0,1,0,0
2,59,44,From Keeper,Belgium,3857296,0 days 00:59:44,0,0,0,0,0,0,1,0,0
2,59,46,From Keeper,Belgium,3857296,0 days 00:59:46,0,0,0,1,0,0,0,0,0
2,59,47,From Keeper,Belgium,3857296,0 days 00:59:47,0,0,0,0,0,0,0,1,0
2,59,49,From Keeper,Belgium,3857296,0 days 00:59:49,1,0,0,0,0,0,0,0,0
2,59,49,From Keeper,Belgium,3857296,0 days 00:59:49,0,0,0,0,0,0,0,1,0
2,60,32,From Throw In,Croatia,3857296,0 days 01:00:32,0,0,0,0,0,0,1,0,0
2,60,35,From Throw In,Belgium,3857296,0 days 01:00:35,0,0,0,0,0,0,1,0,0
2,60,37,From Throw In,Belgium,3857296,0 days 01:00:37,0,0,0,0,1,0,0,0,0
2,61,9,From Free Kick,Croatia,3857296,0 days 01:01:09,0,0,0,0,0,0,1,0,0
2,61,13,Regular Play,Belgium,3857296,0 days 01:01:13,1,0,0,0,0,0,0,0,0
2,61,15,Regular Play,Belgium,3857296,0 days 01:01:15,0,0,1,0,0,0,0,0,0
2,61,15,Regular Play,Croatia,3857296,0 days 01:01:15,0,0,0,0,0,0,0,0,1
2,61,18,Regular Play,Belgium,3857296,0 days 01:01:18,1,0,0,0,0,0,0,0,0
2,61,20,Regular Play,Belgium,3857296,0 days 01:01:20,0,0,0,0,0,0,1,0,0
2,61,23,Regular Play,Belgium,3857296,0 days 01:01:23,0,0,0,0,0,0,1,0,0
2,61,26,Regular Play,Belgium,3857296,0 days 01:01:26,0,0,0,0,0,0,1,0,0
2,61,31,Regular Play,Belgium,3857296,0 days 01:01:31,0,0,0,0,0,0,1,0,0
2,61,34,Regular Play,Belgium,3857296,0 days 01:01:34,0,0,0,0,0,0,1,0,0
2,61,37,Regular Play,Belgium,3857296,0 days 01:01:37,0,0,0,0,0,0,1,0,0
2,61,40,Regular Play,Belgium,3857296,0 days 01:01:40,0,0,0,0,0,0,1,0,0
2,61,42,Regular Play,Belgium,3857296,0 days 01:01:42,0,0,0,0,0,0,1,0,0
2,61,45,Regular Play,Belgium,3857296,0 days 01:01:45,0,0,0,0,0,0,1,0,0
2,61,46,Regular Play,Belgium,3857296,0 days 01:01:46,0,0,0,0,0,0,1,0,0
2,61,48,Regular Play,Belgium,3857296,0 days 01:01:48,0,0,0,0,0,0,1,0,0
2,61,49,Regular Play,Croatia,3857296,0 days 01:01:49,0,1,0,0,0,0,0,0,0
2,61,50,Regular Play,Belgium,3857296,0 days 01:01:50,0,0,0,0,0,0,0,1,0
2,62,20,From Goal Kick,Croatia,3857296,0 days 01:02:20,0,0,0,0,0,0,1,0,0
2,62,23,From Goal Kick,Croatia,3857296,0 days 01:02:23,0,0,0,0,0,0,1,0,0
2,62,25,From Goal Kick,Croatia,3857296,0 days 01:02:25,0,0,0,0,0,0,1,0,0
2,62,31,From Goal Kick,Croatia,3857296,0 days 01:02:31,0,0,0,0,0,0,1,0,0
2,62,34,From Goal Kick,Croatia,3857296,0 days 01:02:34,0,0,0,0,0,0,1,0,0
2,62,39,From Goal Kick,Croatia,3857296,0 days 01:02:39,0,0,0,0,0,0,1,0,0
2,62,42,From Goal Kick,Croatia,3857296,0 days 01:02:42,0,0,0,0,0,0,1,0,0
2,62,46,From Goal Kick,Croatia,3857296,0 days 01:02:46,0,0,0,0,0,0,1,0,0
2,62,49,From Goal Kick,Croatia,3857296,0 days 01:02:49,0,0,0,0,0,0,1,0,0
2,62,49,From Goal Kick,Croatia,3857296,0 days 01:02:49,0,0,0,0,0,0,1,0,0
2,62,51,From Goal Kick,Croatia,3857296,0 days 01:02:51,0,0,0,0,0,0,1,0,0
2,62,56,From Goal Kick,Croatia,3857296,0 days 01:02:56,0,0,0,0,0,0,1,0,0
2,62,59,From Goal Kick,Croatia,3857296,0 days 01:02:59,0,0,0,0,0,0,1,0,0
2,63,3,From Goal Kick,Croatia,3857296,0 days 01:03:03,0,0,0,0,0,0,1,0,0
2,63,5,From Goal Kick,Belgium,3857296,0 days 01:03:05,0,1,0,0,0,0,0,0,0
2,64,2,From Throw In,Croatia,3857296,0 days 01:04:02,0,0,0,0,0,0,1,0,0
2,64,4,Regular Play,Belgium,3857296,0 days 01:04:04,1,0,0,0,0,0,0,0,0
2,64,6,Regular Play,Belgium,3857296,0 days 01:04:06,0,0,0,0,0,0,1,0,0
2,64,7,Regular Play,Belgium,3857296,0 days 01:04:07,0,0,0,0,0,0,1,0,0
2,64,8,Regular Play,Belgium,3857296,0 days 01:04:08,0,0,0,0,0,0,1,0,0
2,64,9,Regular Play,Croatia,3857296,0 days 01:04:09,0,0,0,0,0,0,1,0,0
2,64,10,Regular Play,Belgium,3857296,0 days 01:04:10,0,1,0,0,0,0,0,0,0
2,64,14,Regular Play,Croatia,3857296,0 days 01:04:14,0,0,0,0,0,0,1,0,0
2,64,15,Regular Play,Croatia,3857296,0 days 01:04:15,0,0,0,0,0,0,1,0,0
2,64,17,Regular Play,Croatia,3857296,0 days 01:04:17,0,0,0,0,0,0,1,0,0
2,64,18,Regular Play,Croatia,3857296,0 days 01:04:18,0,0,0,0,0,0,1,0,0
2,64,18,Regular Play,Croatia,3857296,0 days 01:04:18,0,0,0,0,0,0,1,0,0
2,64,20,Regular Play,Croatia,3857296,0 days 01:04:20,0,0,0,0,0,0,1,0,0
2,64,24,Regular Play,Croatia,3857296,0 days 01:04:24,0,0,0,0,0,0,1,0,0
2,64,26,Regular Play,Croatia,3857296,0 days 01:04:26,0,0,0,0,0,0,1,0,0
2,64,29,Regular Play,Croatia,3857296,0 days 01:04:29,0,0,0,0,0,0,1,0,0
2,64,33,Regular Play,Croatia,3857296,0 days 01:04:33,0,0,0,0,0,0,1,0,0
2,64,35,Regular Play,Croatia,3857296,0 days 01:04:35,0,0,0,0,0,0,1,0,0
2,64,36,Regular Play,Belgium,3857296,0 days 01:04:36,1,0,0,0,0,0,0,0,0
2,64,37,Regular Play,Belgium,3857296,0 days 01:04:37,0,0,0,0,0,0,1,0,0
2,64,42,Regular Play,Belgium,3857296,0 days 01:04:42,0,0,0,0,0,0,1,0,0
2,64,50,Regular Play,Belgium,3857296,0 days 01:04:50,0,0,0,0,0,0,1,0,0
2,64,53,Regular Play,Belgium,3857296,0 days 01:04:53,0,0,0,0,0,0,1,0,0
2,64,59,Regular Play,Belgium,3857296,0 days 01:04:59,0,0,0,0,0,0,1,0,0
2,65,1,Regular Play,Belgium,3857296,0 days 01:05:01,0,0,0,0,0,0,1,0,0
2,65,4,Regular Play,Belgium,3857296,0 days 01:05:04,0,0,0,0,0,0,1,0,0
2,65,6,Regular Play,Belgium,3857296,0 days 01:05:06,0,0,0,0,0,0,1,0,0
2,65,9,Regular Play,Belgium,3857296,0 days 01:05:09,0,0,0,0,0,0,1,0,0
2,65,13,Regular Play,Belgium,3857296,0 days 01:05:13,0,0,0,0,0,0,1,0,0
2,65,15,Regular Play,Belgium,3857296,0 days 01:05:15,0,0,1,0,0,0,0,0,0
2,65,15,Regular Play,Croatia,3857296,0 days 01:05:15,0,0,0,0,0,0,0,0,1
2,65,17,Regular Play,Belgium,3857296,0 days 01:05:17,0,0,0,0,0,0,1,0,0
2,65,20,Regular Play,Belgium,3857296,0 days 01:05:20,0,0,0,0,0,0,1,0,0
2,65,22,Regular Play,Belgium,3857296,0 days 01:05:22,0,0,0,0,0,0,1,0,0
2,65,24,Regular Play,Belgium,3857296,0 days 01:05:24,0,0,0,0,0,0,1,0,0
2,65,27,Regular Play,Belgium,3857296,0 days 01:05:27,0,0,0,0,0,0,1,0,0
2,65,28,Regular Play,Belgium,3857296,0 days 01:05:28,0,0,0,0,0,0,1,0,0
2,65,30,Regular Play,Belgium,3857296,0 days 01:05:30,0,0,0,0,0,0,1,0,0
2,65,33,Regular Play,Belgium,3857296,0 days 01:05:33,0,0,0,0,0,0,1,0,0
2,65,39,Regular Play,Belgium,3857296,0 days 01:05:39,0,0,0,0,0,0,1,0,0
2,65,41,Regular Play,Belgium,3857296,0 days 01:05:41,0,0,0,0,0,0,1,0,0
2,65,46,Regular Play,Belgium,3857296,0 days 01:05:46,0,0,0,0,0,0,1,0,0
2,65,48,Regular Play,Belgium,3857296,0 days 01:05:48,0,0,0,0,0,0,1,0,0
2,65,50,Regular Play,Belgium,3857296,0 days 01:05:50,0,0,0,0,0,0,1,0,0
2,65,51,Regular Play,Belgium,3857296,0 days 01:05:51,0,0,0,0,0,0,1,0,0
2,65,52,Regular Play,Croatia,3857296,0 days 01:05:52,0,0,0,0,0,0,1,0,0
2,65,53,Regular Play,Croatia,3857296,0 days 01:05:53,0,0,0,0,0,0,1,0,0
2,65,56,Regular Play,Belgium,3857296,0 days 01:05:56,0,0,0,0,1,0,0,0,0
2,66,22,From Free Kick,Croatia,3857296,0 days 01:06:22,0,0,0,0,0,0,1,0,0
2,66,33,From Free Kick,Croatia,3857296,0 days 01:06:33,0,0,0,1,0,0,0,0,0
2,66,34,From Free Kick,Croatia,3857296,0 days 01:06:34,0,0,0,0,0,0,1,0,0
2,66,37,From Free Kick,Croatia,3857296,0 days 01:06:37,0,0,0,0,0,0,1,0,0
2,66,39,From Free Kick,Croatia,3857296,0 days 01:06:39,0,0,0,0,0,0,1,0,0
2,66,42,From Free Kick,Croatia,3857296,0 days 01:06:42,0,0,0,0,0,0,1,0,0
2,66,45,From Free Kick,Croatia,3857296,0 days 01:06:45,0,0,0,0,0,0,1,0,0
2,66,47,From Free Kick,Croatia,3857296,0 days 01:06:47,0,0,0,0,0,0,1,0,0
2,66,48,From Free Kick,Croatia,3857296,0 days 01:06:48,0,0,0,0,0,0,1,0,0
2,66,49,From Free Kick,Croatia,3857296,0 days 01:06:49,0,0,0,0,0,0,1,0,0
2,66,53,From Free Kick,Croatia,3857296,0 days 01:06:53,0,0,0,0,0,0,1,0,0
2,66,55,From Free Kick,Croatia,3857296,0 days 01:06:55,0,0,0,0,0,0,1,0,0
2,66,57,From Free Kick,Croatia,3857296,0 days 01:06:57,0,0,0,0,0,0,1,0,0
2,57,2,From Free Kick,Poland,3857297,0 days 00:57:02,0,0,0,0,0,0,1,0,0
2,57,4,From Free Kick,Poland,3857297,0 days 00:57:04,0,0,0,0,0,0,1,0,0
2,57,8,From Free Kick,Poland,3857297,0 days 00:57:08,0,0,0,0,0,0,1,0,0
2,57,12,From Free Kick,Poland,3857297,0 days 00:57:12,0,0,0,0,0,0,1,0,0
2,57,17,From Free Kick,Poland,3857297,0 days 00:57:17,0,0,0,0,0,0,1,0,0
2,57,20,From Free Kick,Poland,3857297,0 days 00:57:20,0,0,0,0,0,0,1,0,0
2,57,35,From Goal Kick,Saudi Arabia,3857297,0 days 00:57:35,0,0,0,0,0,0,1,0,0
2,57,38,From Goal Kick,Saudi Arabia,3857297,0 days 00:57:38,0,0,0,0,0,0,1,0,0
2,57,41,From Goal Kick,Saudi Arabia,3857297,0 days 00:57:41,0,0,0,0,0,0,1,0,0
2,57,46,From Goal Kick,Saudi Arabia,3857297,0 days 00:57:46,0,0,0,0,0,0,1,0,0
2,57,48,From Goal Kick,Saudi Arabia,3857297,0 days 00:57:48,0,0,0,0,0,0,1,0,0
2,57,51,From Goal Kick,Saudi Arabia,3857297,0 days 00:57:51,0,0,0,0,0,0,1,0,0
2,57,57,From Goal Kick,Saudi Arabia,3857297,0 days 00:57:57,0,0,0,0,0,0,1,0,0
2,58,1,From Goal Kick,Saudi Arabia,3857297,0 days 00:58:01,0,0,0,0,0,0,1,0,0
2,58,10,From Goal Kick,Saudi Arabia,3857297,0 days 00:58:10,0,0,0,0,0,0,1,0,0
2,58,12,From Goal Kick,Poland,3857297,0 days 00:58:12,0,0,0,0,0,1,0,0,0
2,58,14,From Goal Kick,Saudi Arabia,3857297,0 days 00:58:14,1,0,0,0,0,0,0,0,0
2,58,20,From Goal Kick,Saudi Arabia,3857297,0 days 00:58:20,0,0,0,0,0,0,1,0,0
2,58,22,From Goal Kick,Saudi Arabia,3857297,0 days 00:58:22,0,0,0,0,0,0,1,0,0
2,58,23,From Goal Kick,Saudi Arabia,3857297,0 days 00:58:23,0,0,0,0,0,0,1,0,0
2,58,25,From Goal Kick,Saudi Arabia,3857297,0 days 00:58:25,0,0,0,0,0,0,1,0,0
2,58,32,From Goal Kick,Saudi Arabia,3857297,0 days 00:58:32,0,0,0,0,0,0,1,0,0
2,58,37,From Goal Kick,Saudi Arabia,3857297,0 days 00:58:37,0,0,0,0,0,0,1,0,0
2,58,40,From Goal Kick,Saudi Arabia,3857297,0 days 00:58:40,0,0,0,0,0,0,1,0,0
2,58,42,From Goal Kick,Saudi Arabia,3857297,0 days 00:58:42,0,0,0,0,0,0,1,0,0
2,58,43,From Goal Kick,Saudi Arabia,3857297,0 days 00:58:43,0,0,0,0,0,0,1,0,0
2,58,46,From Goal Kick,Saudi Arabia,3857297,0 days 00:58:46,0,0,0,0,0,0,1,0,0
2,58,49,From Goal Kick,Saudi Arabia,3857297,0 days 00:58:49,0,0,0,0,0,0,1,0,0
2,58,52,From Goal Kick,Saudi Arabia,3857297,0 days 00:58:52,0,0,0,0,0,0,1,0,0
2,58,53,From Goal Kick,Poland,3857297,0 days 00:58:53,0,0,0,0,0,1,0,0,0
2,58,55,From Goal Kick,Poland,3857297,0 days 00:58:55,0,0,0,0,0,0,1,0,0
2,58,56,From Goal Kick,Saudi Arabia,3857297,0 days 00:58:56,0,0,0,0,0,0,1,0,0
2,58,58,From Goal Kick,Saudi Arabia,3857297,0 days 00:58:58,0,0,0,0,0,0,1,0,0
2,59,0,From Goal Kick,Saudi Arabia,3857297,0 days 00:59:00,0,0,0,0,0,0,1,0,0
2,59,3,From Goal Kick,Saudi Arabia,3857297,0 days 00:59:03,0,0,0,0,0,0,1,0,0
2,59,8,From Goal Kick,Saudi Arabia,3857297,0 days 00:59:08,0,0,0,0,0,0,1,0,0
2,59,10,From Goal Kick,Saudi Arabia,3857297,0 days 00:59:10,0,0,0,0,0,0,1,0,0
2,59,14,From Goal Kick,Saudi Arabia,3857297,0 days 00:59:14,0,0,0,1,0,0,0,0,0
2,59,16,From Goal Kick,Saudi Arabia,3857297,0 days 00:59:16,0,0,0,0,0,0,1,0,0
2,59,17,From Goal Kick,Saudi Arabia,3857297,0 days 00:59:17,0,0,0,0,0,0,1,0,0
2,59,19,From Goal Kick,Saudi Arabia,3857297,0 days 00:59:19,0,0,0,0,0,0,1,0,0
2,59,20,From Goal Kick,Saudi Arabia,3857297,0 days 00:59:20,0,0,0,0,0,0,1,0,0
2,59,20,From Goal Kick,Saudi Arabia,3857297,0 days 00:59:20,0,0,0,0,0,0,1,0,0
2,59,21,From Goal Kick,Saudi Arabia,3857297,0 days 00:59:21,0,0,0,0,0,0,1,0,0
2,59,24,From Goal Kick,Saudi Arabia,3857297,0 days 00:59:24,0,0,0,0,0,0,1,0,0
2,59,26,From Goal Kick,Saudi Arabia,3857297,0 days 00:59:26,0,0,0,0,0,0,0,1,0
2,59,55,From Goal Kick,Poland,3857297,0 days 00:59:55,0,0,0,0,0,0,1,0,0
2,59,58,From Goal Kick,Poland,3857297,0 days 00:59:58,0,0,1,0,0,0,0,0,0
2,59,58,Regular Play,Saudi Arabia,3857297,0 days 00:59:58,0,0,0,0,0,0,0,0,1
2,60,2,Regular Play,Saudi Arabia,3857297,0 days 01:00:02,0,0,0,1,0,0,0,0,0
2,60,3,Regular Play,Poland,3857297,0 days 01:00:03,1,0,0,0,0,0,0,0,0
2,60,4,Regular Play,Saudi Arabia,3857297,0 days 01:00:04,1,0,0,0,0,0,0,0,0
2,60,4,Regular Play,Saudi Arabia,3857297,0 days 01:00:04,0,0,0,0,0,0,0,1,0
2,60,33,From Goal Kick,Poland,3857297,0 days 01:00:33,0,0,0,0,0,0,1,0,0
2,60,38,From Goal Kick,Saudi Arabia,3857297,0 days 01:00:38,0,1,0,0,0,0,0,0,0
2,60,39,From Goal Kick,Poland,3857297,0 days 01:00:39,0,0,0,0,0,0,1,0,0
2,60,41,From Goal Kick,Poland,3857297,0 days 01:00:41,0,0,0,0,0,0,1,0,0
2,60,42,From Goal Kick,Poland,3857297,0 days 01:00:42,0,0,0,0,0,0,1,0,0
2,60,43,From Goal Kick,Poland,3857297,0 days 01:00:43,0,0,0,0,0,0,1,0,0
2,60,50,From Goal Kick,Saudi Arabia,3857297,0 days 01:00:50,0,1,0,0,0,0,0,0,0
2,60,51,Regular Play,Saudi Arabia,3857297,0 days 01:00:51,1,0,0,0,0,0,0,0,0
2,60,52,Regular Play,Poland,3857297,0 days 01:00:52,0,0,0,0,1,0,0,0,0
2,61,13,From Free Kick,Saudi Arabia,3857297,0 days 01:01:13,0,0,0,0,0,0,1,0,0
2,61,20,From Free Kick,Saudi Arabia,3857297,0 days 01:01:20,0,0,0,0,0,0,1,0,0
2,61,23,From Free Kick,Saudi Arabia,3857297,0 days 01:01:23,0,0,0,0,0,0,1,0,0
2,61,28,From Free Kick,Saudi Arabia,3857297,0 days 01:01:28,0,0,0,0,0,0,1,0,0
2,62,20,From Goal Kick,Poland,3857297,0 days 01:02:20,0,0,0,0,0,0,1,0,0
2,62,23,From Goal Kick,Saudi Arabia,3857297,0 days 01:02:23,0,1,0,0,0,0,0,0,0
2,62,24,From Goal Kick,Poland,3857297,0 days 01:02:24,1,0,0,0,0,0,0,0,0
2,62,25,From Goal Kick,Poland,3857297,0 days 01:02:25,0,0,0,0,0,0,1,0,0
2,62,28,From Goal Kick,Poland,3857297,0 days 01:02:28,0,0,0,0,0,0,1,0,0
2,62,30,From Goal Kick,Poland,3857297,0 days 01:02:30,0,0,0,0,0,0,1,0,0
2,62,31,From Goal Kick,Poland,3857297,0 days 01:02:31,0,0,0,0,0,0,0,1,0
2,62,33,Regular Play,Saudi Arabia,3857297,0 days 01:02:33,1,0,0,0,0,0,0,0,0
2,62,35,Regular Play,Saudi Arabia,3857297,0 days 01:02:35,0,0,0,1,0,0,0,0,0
2,62,36,Regular Play,Saudi Arabia,3857297,0 days 01:02:36,0,0,0,0,0,0,1,0,0
2,62,38,Regular Play,Saudi Arabia,3857297,0 days 01:02:38,0,0,0,0,0,0,1,0,0
2,62,39,Regular Play,Saudi Arabia,3857297,0 days 01:02:39,0,0,0,0,0,0,1,0,0
2,62,41,Regular Play,Saudi Arabia,3857297,0 days 01:02:41,0,0,0,0,0,0,1,0,0
2,62,42,Regular Play,Poland,3857297,0 days 01:02:42,0,0,0,0,0,1,0,0,0
2,63,1,From Throw In,Saudi Arabia,3857297,0 days 01:03:01,0,0,0,0,0,0,1,0,0
2,63,5,From Throw In,Saudi Arabia,3857297,0 days 01:03:05,0,0,0,0,0,0,1,0,0
2,63,16,From Throw In,Saudi Arabia,3857297,0 days 01:03:16,0,0,0,0,0,0,1,0,0
2,63,20,From Throw In,Saudi Arabia,3857297,0 days 01:03:20,0,0,0,0,0,0,1,0,0
2,63,21,From Throw In,Saudi Arabia,3857297,0 days 01:03:21,0,0,0,0,0,0,1,0,0
2,63,22,Regular Play,Poland,3857297,0 days 01:03:22,0,0,0,0,0,1,0,0,0
2,63,23,Regular Play,Poland,3857297,0 days 01:03:23,0,0,0,0,0,0,1,0,0
2,63,28,Regular Play,Poland,3857297,0 days 01:03:28,0,0,0,0,0,0,1,0,0
2,63,30,Regular Play,Poland,3857297,0 days 01:03:30,0,0,0,0,0,0,1,0,0
2,63,33,Regular Play,Poland,3857297,0 days 01:03:33,0,0,1,0,0,0,0,0,0
2,63,33,Regular Play,Saudi Arabia,3857297,0 days 01:03:33,0,0,0,0,0,0,0,0,1
2,63,39,From Throw In,Saudi Arabia,3857297,0 days 01:03:39,0,0,0,0,0,0,1,0,0
2,63,41,From Throw In,Saudi Arabia,3857297,0 days 01:03:41,0,0,0,0,0,0,1,0,0
2,63,42,Regular Play,Poland,3857297,0 days 01:03:42,0,0,0,0,0,1,0,0,0
2,63,43,Regular Play,Saudi Arabia,3857297,0 days 01:03:43,0,0,0,0,1,0,0,0,0
2,64,8,From Free Kick,Poland,3857297,0 days 01:04:08,0,0,0,0,0,0,1,0,0
2,64,13,From Free Kick,Poland,3857297,0 days 01:04:13,0,0,0,0,0,0,1,0,0
2,64,16,From Free Kick,Poland,3857297,0 days 01:04:16,0,0,0,0,0,0,1,0,0
2,64,22,From Free Kick,Poland,3857297,0 days 01:04:22,0,0,0,0,0,0,1,0,0
2,64,24,From Free Kick,Poland,3857297,0 days 01:04:24,0,0,0,0,0,0,1,0,0
2,64,28,From Free Kick,Saudi Arabia,3857297,0 days 01:04:28,0,0,0,0,0,0,1,0,0
2,64,30,From Free Kick,Poland,3857297,0 days 01:04:30,0,0,0,0,0,0,1,0,0
2,64,34,From Free Kick,Saudi Arabia,3857297,0 days 01:04:34,0,0,0,0,1,0,0,0,0
2,64,57,From Free Kick,Poland,3857297,0 days 01:04:57,0,0,0,0,0,0,1,0,0
2,65,0,From Free Kick,Poland,3857297,0 days 01:05:00,0,0,0,0,0,0,1,0,0
2,65,1,From Free Kick,Poland,3857297,0 days 01:05:01,0,0,0,0,0,0,0,1,0
2,65,4,From Free Kick,Saudi Arabia,3857297,0 days 01:05:04,0,1,0,0,0,0,0,0,0
2,65,8,From Free Kick,Poland,3857297,0 days 01:05:08,0,0,0,0,1,0,0,0,0
2,65,46,From Free Kick,Saudi Arabia,3857297,0 days 01:05:46,0,0,0,0,0,0,1,0,0
2,65,50,From Free Kick,Saudi Arabia,3857297,0 days 01:05:50,0,0,0,0,0,0,1,0,0
2,65,50,From Free Kick,Poland,3857297,0 days 01:05:50,0,0,0,0,0,0,1,0,0
2,65,52,From Free Kick,Poland,3857297,0 days 01:05:52,0,0,0,0,0,0,1,0,0
2,65,54,From Free Kick,Saudi Arabia,3857297,0 days 01:05:54,1,0,0,0,0,0,0,0,0
2,65,55,From Free Kick,Saudi Arabia,3857297,0 days 01:05:55,0,0,0,0,0,0,1,0,0
2,65,56,Regular Play,Poland,3857297,0 days 01:05:56,0,0,0,0,0,0,1,0,0
2,65,58,Regular Play,Poland,3857297,0 days 01:05:58,0,0,0,0,0,0,1,0,0
2,65,59,Regular Play,Poland,3857297,0 days 01:05:59,0,0,0,1,0,0,0,0,0
2,65,59,Regular Play,Saudi Arabia,3857297,0 days 01:05:59,0,0,0,0,0,0,0,0,1
2,66,20,From Throw In,Poland,3857297,0 days 01:06:20,0,0,0,0,0,0,1,0,0
2,66,23,Regular Play,Saudi Arabia,3857297,0 days 01:06:23,1,0,0,0,0,0,0,0,0
2,66,23,Regular Play,Saudi Arabia,3857297,0 days 01:06:23,0,0,0,0,0,0,1,0,0
2,66,26,Regular Play,Poland,3857297,0 days 01:06:26,0,1,0,0,0,0,0,0,0
2,66,27,Regular Play,Poland,3857297,0 days 01:06:27,0,0,0,0,1,0,0,0,0
2,66,27,Regular Play,Saudi Arabia,3857297,0 days 01:06:27,0,0,0,0,0,0,1,0,0
2,66,29,Regular Play,Saudi Arabia,3857297,0 days 01:06:29,0,0,1,0,0,0,0,0,0
2,66,29,Regular Play,Poland,3857297,0 days 01:06:29,0,0,0,0,0,0,0,0,1
2,66,31,Regular Play,Saudi Arabia,3857297,0 days 01:06:31,1,0,0,0,0,0,0,0,0
2,66,35,Regular Play,Poland,3857297,0 days 01:06:35,0,0,0,0,1,0,0,0,0
2,58,52,From Free Kick,Portugal,3857298,0 days 00:58:52,0,0,0,0,0,0,1,0,0
2,58,54,From Free Kick,Portugal,3857298,0 days 00:58:54,0,0,0,0,0,0,1,0,0
2,58,55,From Free Kick,Portugal,3857298,0 days 00:58:55,0,0,0,0,0,0,1,0,0
2,58,57,From Free Kick,Portugal,3857298,0 days 00:58:57,0,0,0,0,0,0,1,0,0
2,59,1,From Free Kick,Portugal,3857298,0 days 00:59:01,0,0,0,0,0,0,1,0,0
2,59,3,From Free Kick,Portugal,3857298,0 days 00:59:03,0,0,0,0,0,0,1,0,0
2,59,5,From Free Kick,Portugal,3857298,0 days 00:59:05,0,0,0,0,0,0,1,0,0
2,59,8,From Free Kick,Portugal,3857298,0 days 00:59:08,0,0,0,0,0,0,1,0,0
2,59,11,From Free Kick,Portugal,3857298,0 days 00:59:11,0,0,0,0,0,0,1,0,0
2,59,17,From Free Kick,Portugal,3857298,0 days 00:59:17,0,0,0,0,0,0,1,0,0
2,59,39,From Goal Kick,Ghana,3857298,0 days 00:59:39,0,0,0,0,0,0,1,0,0
2,59,42,From Goal Kick,Ghana,3857298,0 days 00:59:42,0,0,0,0,0,0,1,0,0
2,59,43,Regular Play,Portugal,3857298,0 days 00:59:43,1,0,0,0,0,0,0,0,0
2,59,44,Regular Play,Portugal,3857298,0 days 00:59:44,0,0,0,0,0,0,1,0,0
2,59,48,Regular Play,Portugal,3857298,0 days 00:59:48,0,0,0,0,0,0,1,0,0
2,59,50,Regular Play,Portugal,3857298,0 days 00:59:50,0,0,0,0,0,0,1,0,0
2,59,52,Regular Play,Ghana,3857298,0 days 00:59:52,0,0,0,0,0,1,0,0,0
2,59,54,Regular Play,Ghana,3857298,0 days 00:59:54,0,0,1,0,0,0,0,0,0
2,59,54,Regular Play,Portugal,3857298,0 days 00:59:54,0,0,0,0,0,0,0,0,1
2,59,57,Regular Play,Ghana,3857298,0 days 00:59:57,0,0,0,1,0,0,0,0,0
2,59,57,Regular Play,Portugal,3857298,0 days 00:59:57,0,0,0,0,0,0,0,0,1
2,59,58,Regular Play,Ghana,3857298,0 days 00:59:58,1,0,0,0,0,0,0,0,0
2,60,0,Regular Play,Ghana,3857298,0 days 01:00:00,0,0,0,0,0,0,1,0,0
2,60,1,Regular Play,Ghana,3857298,0 days 01:00:01,0,0,0,0,0,0,1,0,0
2,60,3,Regular Play,Portugal,3857298,0 days 01:00:03,1,0,0,0,0,0,0,0,0
2,60,5,Regular Play,Portugal,3857298,0 days 01:00:05,0,0,0,1,0,0,0,0,0
2,60,5,Regular Play,Ghana,3857298,0 days 01:00:05,0,0,0,0,0,0,0,0,1
2,60,8,Regular Play,Ghana,3857298,0 days 01:00:08,1,0,0,0,0,0,0,0,0
2,60,20,Regular Play,Ghana,3857298,0 days 01:00:20,0,0,0,0,0,0,1,0,0
2,60,22,Regular Play,Ghana,3857298,0 days 01:00:22,0,0,0,0,0,0,1,0,0
2,60,24,Regular Play,Portugal,3857298,0 days 01:00:24,0,0,0,0,1,0,0,0,0
2,60,57,From Free Kick,Ghana,3857298,0 days 01:00:57,0,0,0,0,0,0,1,0,0
2,60,58,From Free Kick,Ghana,3857298,0 days 01:00:58,0,0,0,0,0,0,1,0,0
2,61,0,From Free Kick,Ghana,3857298,0 days 01:01:00,0,0,0,0,0,0,1,0,0
2,61,3,From Free Kick,Ghana,3857298,0 days 01:01:03,0,0,0,0,0,0,1,0,0
2,61,8,From Free Kick,Ghana,3857298,0 days 01:01:08,0,0,0,0,0,0,1,0,0
2,61,14,Regular Play,Portugal,3857298,0 days 01:01:14,1,0,0,0,0,0,0,0,0
2,61,15,Regular Play,Portugal,3857298,0 days 01:01:15,0,0,0,0,0,0,1,0,0
2,61,19,Regular Play,Portugal,3857298,0 days 01:01:19,0,0,0,0,0,0,1,0,0
2,61,22,Regular Play,Portugal,3857298,0 days 01:01:22,0,0,0,0,0,0,1,0,0
2,61,26,Regular Play,Portugal,3857298,0 days 01:01:26,0,0,0,0,0,0,1,0,0
2,61,28,Regular Play,Portugal,3857298,0 days 01:01:28,0,0,0,0,0,0,1,0,0
2,61,32,Regular Play,Portugal,3857298,0 days 01:01:32,0,0,0,0,0,0,1,0,0
2,61,34,Regular Play,Portugal,3857298,0 days 01:01:34,0,0,0,0,0,0,1,0,0
2,61,37,Regular Play,Portugal,3857298,0 days 01:01:37,0,0,0,0,0,0,1,0,0
2,61,40,Regular Play,Portugal,3857298,0 days 01:01:40,0,0,0,0,0,0,1,0,0
2,61,42,Regular Play,Portugal,3857298,0 days 01:01:42,0,0,0,0,0,0,1,0,0
2,61,46,Regular Play,Portugal,3857298,0 days 01:01:46,0,0,0,0,0,0,1,0,0
2,61,49,Regular Play,Portugal,3857298,0 days 01:01:49,0,0,0,0,0,0,1,0,0
2,61,51,Regular Play,Portugal,3857298,0 days 01:01:51,0,0,0,0,0,0,1,0,0
2,61,53,Regular Play,Portugal,3857298,0 days 01:01:53,0,0,0,0,0,0,1,0,0
2,61,55,Regular Play,Ghana,3857298,0 days 01:01:55,0,0,0,0,1,0,0,0,0
2,64,20,Other,Portugal,3857298,0 days 01:04:20,0,0,0,0,0,0,0,1,0
2,65,42,From Kick Off,Ghana,3857298,0 days 01:05:42,0,0,0,0,0,0,1,0,0
2,65,45,From Kick Off,Ghana,3857298,0 days 01:05:45,0,0,0,0,0,0,1,0,0
2,65,47,From Kick Off,Portugal,3857298,0 days 01:05:47,0,1,0,0,0,0,0,0,0
2,65,58,From Throw In,Ghana,3857298,0 days 01:05:58,0,0,0,0,0,0,1,0,0
2,65,59,From Throw In,Ghana,3857298,0 days 01:05:59,0,0,0,0,0,0,1,0,0
2,66,5,From Throw In,Ghana,3857298,0 days 01:06:05,0,0,0,0,0,0,1,0,0
2,66,7,From Throw In,Ghana,3857298,0 days 01:06:07,0,0,0,0,0,0,1,0,0
2,66,10,From Throw In,Portugal,3857298,0 days 01:06:10,0,0,0,0,0,0,1,0,0
2,66,13,From Throw In,Ghana,3857298,0 days 01:06:13,0,0,0,0,0,0,1,0,0
2,66,18,From Throw In,Ghana,3857298,0 days 01:06:18,0,0,0,0,0,0,1,0,0
2,66,19,From Throw In,Portugal,3857298,0 days 01:06:19,0,0,0,0,0,1,0,0,0
2,66,21,From Throw In,Portugal,3857298,0 days 01:06:21,0,0,0,1,0,0,0,0,0
2,66,21,From Throw In,Ghana,3857298,0 days 01:06:21,1,0,0,0,0,0,0,0,0
2,66,23,From Throw In,Ghana,3857298,0 days 01:06:23,0,0,0,0,0,0,1,0,0
2,66,27,From Throw In,Ghana,3857298,0 days 01:06:27,0,0,0,0,0,0,0,1,0
2,66,30,Regular Play,Portugal,3857298,0 days 01:06:30,1,0,0,0,0,0,0,0,0
2,66,42,Regular Play,Portugal,3857298,0 days 01:06:42,0,0,0,0,0,0,1,0,0
2,66,47,Regular Play,Portugal,3857298,0 days 01:06:47,0,0,0,0,0,0,1,0,0
2,66,55,Regular Play,Portugal,3857298,0 days 01:06:55,0,0,0,0,0,0,1,0,0
2,66,59,Regular Play,Portugal,3857298,0 days 01:06:59,0,0,0,0,0,0,1,0,0
2,57,5,Regular Play,South Korea,3857299,0 days 00:57:05,0,0,0,0,0,0,1,0,0
2,57,8,Regular Play,South Korea,3857299,0 days 00:57:08,0,0,0,0,0,0,1,0,0
2,57,11,Regular Play,South Korea,3857299,0 days 00:57:11,0,0,0,0,0,0,1,0,0
2,57,12,Regular Play,Ghana,3857299,0 days 00:57:12,0,0,0,0,0,1,0,0,0
2,57,16,Regular Play,Ghana,3857299,0 days 00:57:16,0,0,0,1,0,0,0,0,0
2,57,16,Regular Play,South Korea,3857299,0 days 00:57:16,0,0,0,0,0,0,0,0,1
2,57,18,Regular Play,South Korea,3857299,0 days 00:57:18,0,0,0,0,0,0,1,0,0
2,57,19,Regular Play,South Korea,3857299,0 days 00:57:19,0,0,0,0,0,0,0,1,0
2,57,59,From Kick Off,Ghana,3857299,0 days 00:57:59,0,0,0,0,0,0,1,0,0
2,58,0,From Kick Off,Ghana,3857299,0 days 00:58:00,0,0,0,0,0,0,1,0,0
2,58,3,Regular Play,South Korea,3857299,0 days 00:58:03,1,0,0,0,0,0,0,0,0
2,58,6,Regular Play,South Korea,3857299,0 days 00:58:06,0,0,0,1,0,0,0,0,0
2,58,8,Regular Play,South Korea,3857299,0 days 00:58:08,0,0,0,0,0,0,1,0,0
2,58,15,Regular Play,South Korea,3857299,0 days 00:58:15,0,0,0,0,0,0,1,0,0
2,58,17,Regular Play,South Korea,3857299,0 days 00:58:17,0,0,0,0,0,0,1,0,0
2,58,19,Regular Play,South Korea,3857299,0 days 00:58:19,0,0,0,0,0,0,1,0,0
2,58,21,Regular Play,South Korea,3857299,0 days 00:58:21,0,0,0,0,0,0,1,0,0
2,58,27,Regular Play,South Korea,3857299,0 days 00:58:27,0,0,0,0,0,0,1,0,0
2,58,32,Regular Play,South Korea,3857299,0 days 00:58:32,0,0,0,0,0,0,1,0,0
2,59,26,From Goal Kick,Ghana,3857299,0 days 00:59:26,0,0,0,0,0,0,1,0,0
2,59,29,From Goal Kick,Ghana,3857299,0 days 00:59:29,0,0,0,0,0,0,1,0,0
2,59,31,From Goal Kick,Ghana,3857299,0 days 00:59:31,0,0,0,0,0,0,1,0,0
2,59,38,From Throw In,South Korea,3857299,0 days 00:59:38,0,0,0,0,0,0,1,0,0
2,59,41,From Throw In,South Korea,3857299,0 days 00:59:41,0,0,0,0,0,0,1,0,0
2,59,42,From Throw In,South Korea,3857299,0 days 00:59:42,0,0,0,0,0,0,1,0,0
2,59,45,From Throw In,South Korea,3857299,0 days 00:59:45,0,0,0,0,0,0,1,0,0
2,59,49,From Throw In,South Korea,3857299,0 days 00:59:49,0,0,0,0,0,0,1,0,0
2,59,52,From Throw In,South Korea,3857299,0 days 00:59:52,0,0,0,0,0,0,1,0,0
2,59,54,From Throw In,Ghana,3857299,0 days 00:59:54,0,0,0,0,0,1,0,0,0
2,59,55,From Throw In,South Korea,3857299,0 days 00:59:55,1,0,0,0,0,0,0,0,0
2,59,59,From Throw In,South Korea,3857299,0 days 00:59:59,0,0,0,0,0,0,1,0,0
2,60,2,From Throw In,South Korea,3857299,0 days 01:00:02,0,0,0,0,0,0,1,0,0
2,60,5,From Throw In,South Korea,3857299,0 days 01:00:05,0,0,0,0,0,0,1,0,0
2,60,7,From Throw In,South Korea,3857299,0 days 01:00:07,0,0,0,0,0,0,0,1,0
2,61,33,From Kick Off,Ghana,3857299,0 days 01:01:33,0,0,0,0,0,0,1,0,0
2,61,35,From Kick Off,Ghana,3857299,0 days 01:01:35,0,0,0,0,0,0,1,0,0
2,61,39,From Kick Off,Ghana,3857299,0 days 01:01:39,0,0,0,0,0,0,1,0,0
2,61,40,From Kick Off,South Korea,3857299,0 days 01:01:40,0,0,0,0,0,0,1,0,0
2,61,41,From Kick Off,Ghana,3857299,0 days 01:01:41,0,0,0,0,0,0,1,0,0
2,61,42,From Kick Off,South Korea,3857299,0 days 01:01:42,1,0,0,0,0,0,0,0,0
2,61,43,From Kick Off,South Korea,3857299,0 days 01:01:43,0,0,1,0,0,0,0,0,0
2,61,43,From Kick Off,Ghana,3857299,0 days 01:01:43,0,0,0,0,0,0,0,0,1
2,61,44,From Kick Off,Ghana,3857299,0 days 01:01:44,0,0,0,0,0,0,1,0,0
2,61,48,From Kick Off,Ghana,3857299,0 days 01:01:48,0,0,0,0,0,0,1,0,0
2,61,50,From Kick Off,Ghana,3857299,0 days 01:01:50,0,0,0,0,0,0,1,0,0
2,61,52,From Kick Off,Ghana,3857299,0 days 01:01:52,0,0,0,0,0,0,1,0,0
2,61,55,From Kick Off,Ghana,3857299,0 days 01:01:55,0,0,0,0,0,0,1,0,0
2,61,59,From Kick Off,Ghana,3857299,0 days 01:01:59,0,0,0,0,0,0,1,0,0
2,62,2,From Kick Off,South Korea,3857299,0 days 01:02:02,0,0,0,0,1,0,0,0,0
2,62,20,From Free Kick,Ghana,3857299,0 days 01:02:20,0,0,0,0,0,0,1,0,0
2,62,24,From Free Kick,Ghana,3857299,0 days 01:02:24,0,0,0,0,0,0,1,0,0
2,62,28,From Free Kick,Ghana,3857299,0 days 01:02:28,0,0,0,0,0,0,1,0,0
2,62,29,From Free Kick,Ghana,3857299,0 days 01:02:29,0,0,0,0,0,0,1,0,0
2,62,31,From Free Kick,Ghana,3857299,0 days 01:02:31,0,0,0,0,0,0,1,0,0
2,62,33,From Free Kick,Ghana,3857299,0 days 01:02:33,0,0,0,0,0,0,1,0,0
2,63,2,From Throw In,South Korea,3857299,0 days 01:03:02,0,0,0,0,0,0,1,0,0
2,63,4,Regular Play,Ghana,3857299,0 days 01:03:04,0,0,0,0,0,0,1,0,0
2,63,6,Regular Play,South Korea,3857299,0 days 01:03:06,1,0,0,0,0,0,0,0,0
2,64,31,Other,South Korea,3857299,0 days 01:04:31,1,0,0,0,0,0,0,0,0
2,64,32,Other,South Korea,3857299,0 days 01:04:32,0,0,0,0,0,0,1,0,0
2,64,35,Other,South Korea,3857299,0 days 01:04:35,0,0,0,0,0,0,1,0,0
2,64,43,Other,South Korea,3857299,0 days 01:04:43,0,0,0,0,0,0,1,0,0
2,64,45,Other,South Korea,3857299,0 days 01:04:45,0,0,0,0,0,0,1,0,0
2,64,50,Other,South Korea,3857299,0 days 01:04:50,0,0,0,0,0,0,1,0,0
2,64,51,Other,Ghana,3857299,0 days 01:04:51,0,1,0,0,0,0,0,0,0
2,64,53,Other,Ghana,3857299,0 days 01:04:53,1,0,0,0,0,0,0,0,0
2,64,54,Other,Ghana,3857299,0 days 01:04:54,0,0,0,0,0,0,1,0,0
2,64,57,Other,South Korea,3857299,0 days 01:04:57,1,0,0,0,0,0,0,0,0
2,65,2,Other,South Korea,3857299,0 days 01:05:02,0,0,0,0,0,0,1,0,0
2,65,10,Other,South Korea,3857299,0 days 01:05:10,0,0,0,0,0,0,1,0,0
2,65,12,Other,South Korea,3857299,0 days 01:05:12,0,0,0,0,0,0,1,0,0
2,65,13,Other,Ghana,3857299,0 days 01:05:13,0,1,0,0,0,0,0,0,0
2,65,17,Regular Play,Ghana,3857299,0 days 01:05:17,1,0,0,0,0,0,0,0,0
2,65,24,Regular Play,Ghana,3857299,0 days 01:05:24,0,0,0,0,0,0,1,0,0
2,65,26,Regular Play,Ghana,3857299,0 days 01:05:26,0,0,0,0,0,0,1,0,0
2,65,31,Regular Play,Ghana,3857299,0 days 01:05:31,0,0,0,0,0,0,1,0,0
2,65,34,Regular Play,Ghana,3857299,0 days 01:05:34,0,0,0,0,0,0,1,0,0
2,65,38,Regular Play,Ghana,3857299,0 days 01:05:38,0,0,0,0,0,0,1,0,0
2,66,11,From Free Kick,South Korea,3857299,0 days 01:06:11,0,0,0,0,0,0,1,0,0
2,66,15,From Free Kick,Ghana,3857299,0 days 01:06:15,0,0,0,0,0,0,1,0,0
2,66,18,From Free Kick,South Korea,3857299,0 days 01:06:18,0,0,0,0,0,0,1,0,0
2,66,19,From Free Kick,South Korea,3857299,0 days 01:06:19,1,0,0,0,0,0,0,0,0
2,66,37,From Throw In,Ghana,3857299,0 days 01:06:37,0,0,0,0,0,0,1,0,0
2,66,39,From Throw In,Ghana,3857299,0 days 01:06:39,0,0,0,0,0,0,1,0,0
2,66,41,Regular Play,South Korea,3857299,0 days 01:06:41,0,0,0,0,0,0,1,0,0
2,66,43,Regular Play,South Korea,3857299,0 days 01:06:43,0,0,0,0,0,0,1,0,0
2,66,44,Regular Play,South Korea,3857299,0 days 01:06:44,0,0,0,0,0,0,1,0,0
2,66,52,From Throw In,South Korea,3857299,0 days 01:06:52,0,0,0,0,0,0,1,0,0
2,66,56,From Throw In,South Korea,3857299,0 days 01:06:56,0,0,0,0,0,0,1,0,0
2,57,34,From Free Kick,Saudi Arabia,3857300,0 days 00:57:34,0,0,0,0,0,0,1,0,0
2,57,39,From Free Kick,Argentina,3857300,0 days 00:57:39,0,1,0,0,0,0,0,0,0
2,57,42,Regular Play,Argentina,3857300,0 days 00:57:42,0,0,0,0,0,0,1,0,0
2,57,48,Regular Play,Saudi Arabia,3857300,0 days 00:57:48,0,0,0,0,1,0,0,0,0
2,58,38,From Free Kick,Argentina,3857300,0 days 00:58:38,0,0,0,0,0,0,1,0,0
2,58,42,From Free Kick,Argentina,3857300,0 days 00:58:42,0,0,0,0,0,0,1,0,0
2,58,45,From Free Kick,Argentina,3857300,0 days 00:58:45,0,0,0,0,0,0,1,0,0
2,58,48,From Free Kick,Argentina,3857300,0 days 00:58:48,0,0,0,0,0,0,1,0,0
2,58,52,From Free Kick,Argentina,3857300,0 days 00:58:52,0,0,0,0,0,0,1,0,0
2,58,54,From Free Kick,Argentina,3857300,0 days 00:58:54,0,0,0,0,0,0,1,0,0
2,59,0,From Free Kick,Argentina,3857300,0 days 00:59:00,0,0,0,0,0,0,1,0,0
2,59,2,From Free Kick,Argentina,3857300,0 days 00:59:02,0,0,0,1,0,0,0,0,0
2,59,3,From Free Kick,Argentina,3857300,0 days 00:59:03,0,0,0,0,0,0,1,0,0
2,59,5,From Free Kick,Argentina,3857300,0 days 00:59:05,0,0,0,0,0,0,1,0,0
2,59,8,From Free Kick,Argentina,3857300,0 days 00:59:08,0,0,1,0,0,0,0,0,0
2,59,8,From Free Kick,Saudi Arabia,3857300,0 days 00:59:08,0,0,0,0,0,0,0,0,1
2,59,8,From Free Kick,Argentina,3857300,0 days 00:59:08,0,0,0,0,1,0,0,0,0
2,59,52,From Free Kick,Saudi Arabia,3857300,0 days 00:59:52,0,0,0,0,0,0,1,0,0
2,59,55,From Free Kick,Argentina,3857300,0 days 00:59:55,0,0,0,0,0,0,1,0,0
2,59,57,From Free Kick,Saudi Arabia,3857300,0 days 00:59:57,0,0,0,0,0,0,1,0,0
2,60,10,From Goal Kick,Argentina,3857300,0 days 01:00:10,0,0,0,0,0,0,1,0,0
2,60,13,From Goal Kick,Argentina,3857300,0 days 01:00:13,0,0,0,0,0,0,1,0,0
2,60,17,From Goal Kick,Argentina,3857300,0 days 01:00:17,0,0,0,0,0,0,1,0,0
2,60,21,From Goal Kick,Argentina,3857300,0 days 01:00:21,0,0,0,0,0,0,1,0,0
2,60,26,Regular Play,Saudi Arabia,3857300,0 days 01:00:26,1,0,0,0,0,0,0,0,0
2,60,32,Regular Play,Saudi Arabia,3857300,0 days 01:00:32,0,0,0,0,0,0,1,0,0
2,60,37,Regular Play,Saudi Arabia,3857300,0 days 01:00:37,0,0,0,0,0,0,1,0,0
2,60,38,Regular Play,Saudi Arabia,3857300,0 days 01:00:38,0,0,0,0,0,0,1,0,0
2,60,40,Regular Play,Saudi Arabia,3857300,0 days 01:00:40,0,0,0,0,0,0,1,0,0
2,60,42,Regular Play,Argentina,3857300,0 days 01:00:42,0,0,0,0,0,1,0,0,0
2,61,1,From Throw In,Saudi Arabia,3857300,0 days 01:01:01,0,0,0,0,0,0,1,0,0
2,61,2,From Throw In,Argentina,3857300,0 days 01:01:02,0,1,0,0,0,0,0,0,0
2,61,4,From Throw In,Saudi Arabia,3857300,0 days 01:01:04,1,0,0,0,0,0,0,0,0
2,61,5,From Throw In,Saudi Arabia,3857300,0 days 01:01:05,0,0,0,1,0,0,0,0,0
2,61,5,From Throw In,Argentina,3857300,0 days 01:01:05,0,0,0,0,0,0,0,0,1
2,61,6,From Throw In,Argentina,3857300,0 days 01:01:06,0,0,0,0,0,0,1,0,0
2,61,9,From Throw In,Saudi Arabia,3857300,0 days 01:01:09,0,0,0,0,0,0,1,0,0
2,61,12,From Throw In,Saudi Arabia,3857300,0 days 01:01:12,0,0,0,0,0,0,1,0,0
2,61,15,From Throw In,Argentina,3857300,0 days 01:01:15,0,0,0,0,0,0,1,0,0
2,61,17,From Throw In,Saudi Arabia,3857300,0 days 01:01:17,0,0,0,0,0,0,1,0,0
2,61,19,From Throw In,Argentina,3857300,0 days 01:01:19,0,0,0,0,0,1,0,0,0
2,61,21,From Throw In,Argentina,3857300,0 days 01:01:21,0,0,0,0,0,0,1,0,0
2,61,21,From Throw In,Saudi Arabia,3857300,0 days 01:01:21,0,0,0,0,0,0,1,0,0
2,61,23,From Throw In,Saudi Arabia,3857300,0 days 01:01:23,0,0,0,0,0,0,1,0,0
2,61,24,From Throw In,Saudi Arabia,3857300,0 days 01:01:24,0,0,0,0,0,0,1,0,0
2,61,26,From Throw In,Saudi Arabia,3857300,0 days 01:01:26,0,0,0,0,0,0,1,0,0
2,61,29,From Throw In,Argentina,3857300,0 days 01:01:29,1,0,0,0,0,0,0,0,0
2,61,29,From Throw In,Argentina,3857300,0 days 01:01:29,0,0,0,0,0,0,1,0,0
2,61,32,From Throw In,Argentina,3857300,0 days 01:01:32,0,0,0,0,0,0,1,0,0
2,61,34,From Throw In,Saudi Arabia,3857300,0 days 01:01:34,1,0,0,0,0,0,0,0,0
2,61,37,From Throw In,Saudi Arabia,3857300,0 days 01:01:37,0,0,0,0,0,0,1,0,0
2,61,38,From Throw In,Saudi Arabia,3857300,0 days 01:01:38,0,0,0,0,0,0,1,0,0
2,61,39,From Throw In,Saudi Arabia,3857300,0 days 01:01:39,0,0,0,0,0,0,1,0,0
2,61,40,From Throw In,Saudi Arabia,3857300,0 days 01:01:40,0,0,0,0,0,0,1,0,0
2,61,53,From Throw In,Argentina,3857300,0 days 01:01:53,0,0,0,0,0,0,1,0,0
2,61,56,From Throw In,Argentina,3857300,0 days 01:01:56,0,0,0,0,0,0,1,0,0
2,62,3,From Throw In,Argentina,3857300,0 days 01:02:03,0,0,0,0,0,0,1,0,0
2,62,7,From Throw In,Argentina,3857300,0 days 01:02:07,0,0,0,0,0,0,1,0,0
2,62,10,From Throw In,Saudi Arabia,3857300,0 days 01:02:10,0,1,0,0,0,0,0,0,0
2,62,35,From Corner,Argentina,3857300,0 days 01:02:35,0,0,0,0,0,0,1,0,0
2,62,36,From Corner,Saudi Arabia,3857300,0 days 01:02:36,0,1,0,0,0,0,0,0,0
2,62,37,From Corner,Argentina,3857300,0 days 01:02:37,1,0,0,0,0,0,0,0,0
2,62,38,From Corner,Argentina,3857300,0 days 01:02:38,0,0,0,0,0,0,1,0,0
2,62,41,From Corner,Argentina,3857300,0 days 01:02:41,0,0,0,0,0,0,1,0,0
2,62,43,From Corner,Argentina,3857300,0 days 01:02:43,0,0,0,0,0,0,1,0,0
2,62,46,From Corner,Argentina,3857300,0 days 01:02:46,0,0,0,0,0,0,1,0,0
2,62,47,From Corner,Argentina,3857300,0 days 01:02:47,0,0,0,0,0,0,0,1,0
2,62,47,From Corner,Argentina,3857300,0 days 01:02:47,1,0,0,0,0,0,0,0,0
2,62,47,From Corner,Argentina,3857300,0 days 01:02:47,0,0,0,0,0,0,0,1,0
2,63,39,From Corner,Argentina,3857300,0 days 01:03:39,0,0,0,0,0,0,1,0,0
2,63,41,From Corner,Saudi Arabia,3857300,0 days 01:03:41,0,1,0,0,0,0,0,0,0
2,63,44,From Corner,Saudi Arabia,3857300,0 days 01:03:44,1,0,0,0,0,0,0,0,0
2,63,46,From Corner,Saudi Arabia,3857300,0 days 01:03:46,0,0,0,0,0,0,1,0,0
2,63,52,From Corner,Saudi Arabia,3857300,0 days 01:03:52,0,0,0,0,0,0,1,0,0
2,63,54,From Corner,Saudi Arabia,3857300,0 days 01:03:54,0,0,0,0,1,0,0,0,0
2,64,4,From Free Kick,Argentina,3857300,0 days 01:04:04,0,0,0,0,0,0,1,0,0
2,64,7,From Free Kick,Argentina,3857300,0 days 01:04:07,0,0,0,0,0,0,1,0,0
2,64,8,From Free Kick,Argentina,3857300,0 days 01:04:08,0,0,0,0,0,0,1,0,0
2,64,11,From Free Kick,Argentina,3857300,0 days 01:04:11,0,0,0,0,0,0,1,0,0
2,64,14,From Free Kick,Argentina,3857300,0 days 01:04:14,0,0,0,0,0,0,1,0,0
2,64,15,From Free Kick,Argentina,3857300,0 days 01:04:15,0,0,0,0,0,0,1,0,0
2,64,19,From Free Kick,Argentina,3857300,0 days 01:04:19,0,0,0,0,0,0,1,0,0
2,64,25,From Free Kick,Argentina,3857300,0 days 01:04:25,0,0,0,0,0,0,1,0,0
2,64,28,From Free Kick,Argentina,3857300,0 days 01:04:28,0,0,0,0,0,0,1,0,0
2,64,34,From Free Kick,Argentina,3857300,0 days 01:04:34,0,0,0,0,0,0,1,0,0
2,64,35,From Free Kick,Argentina,3857300,0 days 01:04:35,0,0,0,0,0,0,1,0,0
2,64,37,From Free Kick,Argentina,3857300,0 days 01:04:37,0,0,0,0,0,0,1,0,0
2,64,39,From Free Kick,Argentina,3857300,0 days 01:04:39,0,0,0,0,0,0,1,0,0
2,64,40,From Free Kick,Saudi Arabia,3857300,0 days 01:04:40,0,0,0,0,0,1,0,0,0
2,64,45,From Throw In,Argentina,3857300,0 days 01:04:45,0,0,0,0,0,0,1,0,0
2,64,48,From Throw In,Argentina,3857300,0 days 01:04:48,0,0,0,0,0,0,1,0,0
2,64,52,From Throw In,Argentina,3857300,0 days 01:04:52,0,0,0,0,0,0,1,0,0
2,64,54,From Throw In,Argentina,3857300,0 days 01:04:54,0,0,0,0,0,0,1,0,0
2,64,58,From Throw In,Argentina,3857300,0 days 01:04:58,0,0,0,0,0,0,1,0,0
2,65,4,From Throw In,Argentina,3857300,0 days 01:05:04,0,0,0,0,0,0,1,0,0
2,65,6,From Throw In,Saudi Arabia,3857300,0 days 01:05:06,0,0,0,0,0,1,0,0,0
2,65,7,From Throw In,Argentina,3857300,0 days 01:05:07,0,0,0,0,0,0,1,0,0
2,65,10,From Throw In,Argentina,3857300,0 days 01:05:10,0,0,0,0,0,0,1,0,0
2,65,12,From Throw In,Argentina,3857300,0 days 01:05:12,0,0,0,0,0,0,1,0,0
2,65,14,From Throw In,Argentina,3857300,0 days 01:05:14,0,0,0,0,0,0,1,0,0
2,65,25,From Throw In,Argentina,3857300,0 days 01:05:25,0,0,0,0,0,0,1,0,0
2,65,28,From Throw In,Argentina,3857300,0 days 01:05:28,0,0,0,0,0,0,1,0,0
2,65,29,From Throw In,Argentina,3857300,0 days 01:05:29,0,0,0,0,0,0,1,0,0
2,65,34,From Throw In,Argentina,3857300,0 days 01:05:34,0,0,0,0,0,0,1,0,0
2,65,36,From Throw In,Argentina,3857300,0 days 01:05:36,0,0,0,0,0,0,1,0,0
2,65,38,From Throw In,Argentina,3857300,0 days 01:05:38,0,0,0,0,0,0,1,0,0
2,65,41,From Throw In,Argentina,3857300,0 days 01:05:41,0,0,0,0,0,0,1,0,0
2,66,1,From Keeper,Saudi Arabia,3857300,0 days 01:06:01,0,0,0,0,0,0,1,0,0
2,66,4,From Keeper,Argentina,3857300,0 days 01:06:04,0,1,0,0,0,0,0,0,0
2,66,6,From Keeper,Saudi Arabia,3857300,0 days 01:06:06,0,0,0,0,0,0,1,0,0
2,66,8,From Keeper,Saudi Arabia,3857300,0 days 01:06:08,0,0,0,0,0,0,1,0,0
2,66,11,From Keeper,Saudi Arabia,3857300,0 days 01:06:11,0,0,0,0,0,0,1,0,0
2,66,13,From Keeper,Saudi Arabia,3857300,0 days 01:06:13,0,0,0,0,0,0,1,0,0
2,66,15,From Keeper,Saudi Arabia,3857300,0 days 01:06:15,0,0,0,0,0,0,1,0,0
2,66,17,From Keeper,Saudi Arabia,3857300,0 days 01:06:17,0,0,0,0,0,0,1,0,0
2,66,21,From Keeper,Saudi Arabia,3857300,0 days 01:06:21,0,0,0,0,0,0,1,0,0
2,66,22,From Keeper,Saudi Arabia,3857300,0 days 01:06:22,0,0,0,0,0,0,1,0,0
2,66,24,From Keeper,Saudi Arabia,3857300,0 days 01:06:24,0,0,0,0,1,0,0,0,0
2,66,58,From Free Kick,Argentina,3857300,0 days 01:06:58,0,0,0,0,0,0,1,0,0
2,57,3,Regular Play,Senegal,3857301,0 days 00:57:03,0,0,0,0,0,0,1,0,0
2,57,5,Regular Play,Senegal,3857301,0 days 00:57:05,0,0,0,0,0,0,1,0,0
2,57,7,Regular Play,Senegal,3857301,0 days 00:57:07,0,0,0,0,0,0,1,0,0
2,57,8,Regular Play,Senegal,3857301,0 days 00:57:08,0,0,0,0,0,0,1,0,0
2,57,11,Regular Play,Senegal,3857301,0 days 00:57:11,0,0,0,0,0,0,1,0,0
2,57,14,Regular Play,Senegal,3857301,0 days 00:57:14,0,0,0,0,0,0,1,0,0
2,57,18,Regular Play,Senegal,3857301,0 days 00:57:18,0,0,0,0,0,0,1,0,0
2,57,27,Regular Play,Senegal,3857301,0 days 00:57:27,0,0,0,0,0,0,1,0,0
2,57,30,Regular Play,Qatar,3857301,0 days 00:57:30,0,1,0,0,0,0,0,0,0
2,57,33,Regular Play,Senegal,3857301,0 days 00:57:33,1,0,0,0,0,0,0,0,0
2,57,34,Regular Play,Senegal,3857301,0 days 00:57:34,0,0,0,1,0,0,0,0,0
2,57,37,Regular Play,Senegal,3857301,0 days 00:57:37,0,0,0,0,0,0,1,0,0
2,57,41,Regular Play,Senegal,3857301,0 days 00:57:41,0,0,0,0,0,0,1,0,0
2,57,45,Regular Play,Senegal,3857301,0 days 00:57:45,0,0,0,0,0,0,1,0,0
2,57,51,Regular Play,Senegal,3857301,0 days 00:57:51,0,0,0,0,0,0,1,0,0
2,57,54,Regular Play,Senegal,3857301,0 days 00:57:54,0,0,0,0,0,0,1,0,0
2,57,57,Regular Play,Senegal,3857301,0 days 00:57:57,0,0,0,0,0,0,1,0,0
2,57,57,Regular Play,Qatar,3857301,0 days 00:57:57,0,0,0,0,0,1,0,0,0
2,57,58,Regular Play,Senegal,3857301,0 days 00:57:58,1,0,0,0,0,0,0,0,0
2,58,3,Regular Play,Senegal,3857301,0 days 00:58:03,0,0,0,0,0,0,1,0,0
2,58,6,Regular Play,Senegal,3857301,0 days 00:58:06,0,0,0,0,0,0,1,0,0
2,58,8,Regular Play,Senegal,3857301,0 days 00:58:08,0,0,0,0,0,0,1,0,0
2,58,11,Regular Play,Senegal,3857301,0 days 00:58:11,0,0,0,0,0,0,1,0,0
2,58,15,Regular Play,Senegal,3857301,0 days 00:58:15,0,0,0,0,0,0,1,0,0
2,58,16,Regular Play,Senegal,3857301,0 days 00:58:16,0,0,0,0,0,0,0,1,0
2,58,18,Regular Play,Qatar,3857301,0 days 00:58:18,1,0,0,0,0,0,0,0,0
2,58,23,Regular Play,Qatar,3857301,0 days 00:58:23,0,0,0,0,0,0,1,0,0
2,58,32,Regular Play,Qatar,3857301,0 days 00:58:32,0,0,0,0,0,0,1,0,0
2,58,33,Regular Play,Qatar,3857301,0 days 00:58:33,0,0,0,0,0,0,1,0,0
2,58,35,Regular Play,Qatar,3857301,0 days 00:58:35,0,0,0,0,0,0,1,0,0
2,58,41,Regular Play,Qatar,3857301,0 days 00:58:41,0,0,0,0,0,0,1,0,0
2,58,44,Regular Play,Qatar,3857301,0 days 00:58:44,0,0,0,0,0,0,1,0,0
2,58,47,Regular Play,Qatar,3857301,0 days 00:58:47,0,0,0,0,0,0,1,0,0
2,58,48,Regular Play,Qatar,3857301,0 days 00:58:48,0,0,0,0,0,0,1,0,0
2,58,52,Regular Play,Senegal,3857301,0 days 00:58:52,0,0,0,0,0,0,1,0,0
2,58,56,Regular Play,Senegal,3857301,0 days 00:58:56,0,0,1,0,0,0,0,0,0
2,58,56,Regular Play,Qatar,3857301,0 days 00:58:56,0,0,0,0,0,0,0,0,1
2,59,9,From Throw In,Senegal,3857301,0 days 00:59:09,0,0,0,0,0,0,1,0,0
2,59,13,From Throw In,Senegal,3857301,0 days 00:59:13,0,0,0,0,0,0,1,0,0
2,59,16,From Throw In,Senegal,3857301,0 days 00:59:16,0,0,0,0,0,0,1,0,0
2,59,20,From Throw In,Senegal,3857301,0 days 00:59:20,0,0,0,0,0,0,1,0,0
2,59,26,From Throw In,Qatar,3857301,0 days 00:59:26,0,0,0,0,0,0,1,0,0
2,59,31,From Throw In,Qatar,3857301,0 days 00:59:31,0,0,0,0,0,0,1,0,0
2,59,33,From Throw In,Qatar,3857301,0 days 00:59:33,0,0,0,0,0,0,1,0,0
2,59,39,From Throw In,Qatar,3857301,0 days 00:59:39,0,0,0,0,0,0,1,0,0
2,59,41,From Throw In,Qatar,3857301,0 days 00:59:41,0,0,0,0,0,0,1,0,0
2,59,43,From Throw In,Qatar,3857301,0 days 00:59:43,0,0,0,0,0,0,1,0,0
2,59,45,From Throw In,Qatar,3857301,0 days 00:59:45,0,0,0,0,0,0,1,0,0
2,59,47,From Throw In,Qatar,3857301,0 days 00:59:47,0,0,0,0,0,0,1,0,0
2,59,49,From Throw In,Senegal,3857301,0 days 00:59:49,1,0,0,0,0,0,0,0,0
2,59,49,From Throw In,Senegal,3857301,0 days 00:59:49,0,0,0,1,0,0,0,0,0
2,59,49,From Throw In,Qatar,3857301,0 days 00:59:49,0,0,0,0,0,0,0,0,1
2,59,53,From Throw In,Qatar,3857301,0 days 00:59:53,0,0,0,0,0,0,1,0,0
2,59,54,Regular Play,Senegal,3857301,0 days 00:59:54,0,0,0,0,0,0,1,0,0
2,59,56,Regular Play,Senegal,3857301,0 days 00:59:56,0,0,0,0,0,0,1,0,0
2,59,59,Regular Play,Qatar,3857301,0 days 00:59:59,0,1,0,0,0,0,0,0,0
2,60,0,Regular Play,Senegal,3857301,0 days 01:00:00,1,0,0,0,0,0,0,0,0
2,60,0,Regular Play,Senegal,3857301,0 days 01:00:00,0,0,0,0,0,0,1,0,0
2,60,1,Regular Play,Qatar,3857301,0 days 01:00:01,1,0,0,0,0,0,0,0,0
2,60,3,Regular Play,Qatar,3857301,0 days 01:00:03,0,0,0,0,0,0,1,0,0
2,60,7,Regular Play,Qatar,3857301,0 days 01:00:07,0,0,0,0,0,0,1,0,0
2,60,10,Regular Play,Qatar,3857301,0 days 01:00:10,0,0,0,0,0,0,1,0,0
2,60,14,Regular Play,Qatar,3857301,0 days 01:00:14,0,0,0,0,0,0,1,0,0
2,60,16,Regular Play,Qatar,3857301,0 days 01:00:16,0,0,0,0,0,0,1,0,0
2,60,22,Regular Play,Qatar,3857301,0 days 01:00:22,0,0,0,0,0,0,1,0,0
2,60,24,Regular Play,Qatar,3857301,0 days 01:00:24,0,0,0,0,0,0,1,0,0
2,60,25,Regular Play,Senegal,3857301,0 days 01:00:25,0,1,0,0,0,0,0,0,0
2,60,31,From Throw In,Qatar,3857301,0 days 01:00:31,0,0,0,0,0,0,1,0,0
2,60,36,From Throw In,Qatar,3857301,0 days 01:00:36,0,0,0,0,0,0,0,1,0
2,61,16,From Goal Kick,Senegal,3857301,0 days 01:01:16,0,0,0,0,0,0,1,0,0
2,61,20,From Goal Kick,Senegal,3857301,0 days 01:01:20,0,0,0,0,0,0,1,0,0
2,61,21,From Goal Kick,Senegal,3857301,0 days 01:01:21,0,0,0,0,0,0,1,0,0
2,61,24,From Goal Kick,Senegal,3857301,0 days 01:01:24,0,0,1,0,0,0,0,0,0
2,61,24,Regular Play,Qatar,3857301,0 days 01:01:24,0,0,0,0,0,0,0,0,1
2,61,26,Regular Play,Qatar,3857301,0 days 01:01:26,0,0,0,0,0,0,1,0,0
2,61,29,Regular Play,Qatar,3857301,0 days 01:01:29,0,0,0,0,0,0,1,0,0
2,61,37,Regular Play,Qatar,3857301,0 days 01:01:37,0,0,0,0,0,0,1,0,0
2,61,41,Regular Play,Qatar,3857301,0 days 01:01:41,0,0,1,0,0,0,0,0,0
2,61,41,Regular Play,Senegal,3857301,0 days 01:01:41,0,0,0,0,0,0,0,0,1
2,61,42,Regular Play,Senegal,3857301,0 days 01:01:42,1,0,0,0,0,0,0,0,0
2,61,43,Regular Play,Senegal,3857301,0 days 01:01:43,0,0,0,0,0,0,1,0,0
2,61,46,Regular Play,Senegal,3857301,0 days 01:01:46,0,0,0,0,0,0,1,0,0
2,61,48,Regular Play,Senegal,3857301,0 days 01:01:48,0,0,0,0,0,0,1,0,0
2,61,52,Regular Play,Senegal,3857301,0 days 01:01:52,0,0,0,0,0,0,1,0,0
2,61,53,Regular Play,Qatar,3857301,0 days 01:01:53,0,0,0,0,0,0,1,0,0
2,61,54,Regular Play,Qatar,3857301,0 days 01:01:54,0,0,0,0,0,0,1,0,0
2,61,57,Regular Play,Qatar,3857301,0 days 01:01:57,0,0,0,0,0,0,1,0,0
2,61,59,Regular Play,Qatar,3857301,0 days 01:01:59,0,0,0,0,0,0,1,0,0
2,62,2,Regular Play,Qatar,3857301,0 days 01:02:02,0,0,0,0,0,0,1,0,0
2,62,4,Regular Play,Qatar,3857301,0 days 01:02:04,0,0,0,0,0,0,1,0,0
2,62,10,Regular Play,Qatar,3857301,0 days 01:02:10,0,0,0,0,0,0,1,0,0
2,62,12,Regular Play,Qatar,3857301,0 days 01:02:12,0,0,0,0,0,0,0,1,0
2,62,33,From Corner,Qatar,3857301,0 days 01:02:33,0,0,0,0,0,0,1,0,0
2,62,34,From Corner,Senegal,3857301,0 days 01:02:34,0,1,0,0,0,0,0,0,0
2,62,54,From Corner,Qatar,3857301,0 days 01:02:54,0,0,0,0,0,0,1,0,0
2,62,57,From Corner,Qatar,3857301,0 days 01:02:57,0,0,0,0,0,0,1,0,0
2,62,58,From Corner,Senegal,3857301,0 days 01:02:58,1,0,0,0,0,0,0,0,0
2,64,2,From Free Kick,Senegal,3857301,0 days 01:04:02,0,0,0,0,0,0,1,0,0
2,64,5,From Free Kick,Senegal,3857301,0 days 01:04:05,0,0,0,0,0,0,1,0,0
2,64,7,From Free Kick,Senegal,3857301,0 days 01:04:07,0,0,0,0,0,0,1,0,0
2,64,11,From Free Kick,Senegal,3857301,0 days 01:04:11,0,0,0,0,0,0,1,0,0
2,64,15,From Free Kick,Qatar,3857301,0 days 01:04:15,0,0,0,0,0,0,1,0,0
2,64,16,From Free Kick,Qatar,3857301,0 days 01:04:16,0,0,0,0,0,0,1,0,0
2,64,17,From Free Kick,Senegal,3857301,0 days 01:04:17,0,0,0,0,0,0,1,0,0
2,64,20,From Free Kick,Senegal,3857301,0 days 01:04:20,0,0,0,0,0,0,1,0,0
2,64,23,From Free Kick,Senegal,3857301,0 days 01:04:23,0,0,0,0,0,0,1,0,0
2,64,29,From Free Kick,Senegal,3857301,0 days 01:04:29,0,0,0,0,0,0,1,0,0
2,64,32,From Free Kick,Qatar,3857301,0 days 01:04:32,0,0,0,0,0,0,1,0,0
2,64,36,From Free Kick,Qatar,3857301,0 days 01:04:36,0,0,1,0,0,0,0,0,0
2,64,36,From Free Kick,Senegal,3857301,0 days 01:04:36,0,0,0,0,0,0,0,0,1
2,64,38,From Free Kick,Senegal,3857301,0 days 01:04:38,0,0,1,0,0,0,0,0,0
2,64,38,From Free Kick,Qatar,3857301,0 days 01:04:38,0,0,0,0,0,0,0,0,1
2,64,39,From Free Kick,Senegal,3857301,0 days 01:04:39,1,0,0,0,0,0,0,0,0
2,64,41,From Free Kick,Senegal,3857301,0 days 01:04:41,0,0,0,0,0,0,1,0,0
2,64,44,From Free Kick,Senegal,3857301,0 days 01:04:44,0,0,0,0,0,0,1,0,0
2,64,49,From Free Kick,Senegal,3857301,0 days 01:04:49,0,0,0,0,0,0,1,0,0
2,64,50,From Free Kick,Senegal,3857301,0 days 01:04:50,0,0,0,0,0,0,1,0,0
2,64,53,From Free Kick,Senegal,3857301,0 days 01:04:53,0,0,0,0,0,0,1,0,0
2,64,54,From Free Kick,Senegal,3857301,0 days 01:04:54,0,0,0,0,0,0,1,0,0
2,64,55,From Free Kick,Qatar,3857301,0 days 01:04:55,0,1,0,0,0,0,0,0,0
2,64,57,From Free Kick,Qatar,3857301,0 days 01:04:57,1,0,0,0,0,0,0,0,0
2,64,58,From Free Kick,Qatar,3857301,0 days 01:04:58,0,0,0,0,0,0,1,0,0
2,65,1,From Free Kick,Senegal,3857301,0 days 01:05:01,1,0,0,0,0,0,0,0,0
2,65,3,From Free Kick,Senegal,3857301,0 days 01:05:03,0,0,0,0,0,0,1,0,0
2,65,6,From Free Kick,Senegal,3857301,0 days 01:05:06,0,0,0,0,0,0,1,0,0
2,65,9,From Free Kick,Senegal,3857301,0 days 01:05:09,0,0,0,0,0,0,1,0,0
2,65,11,From Free Kick,Senegal,3857301,0 days 01:05:11,0,0,0,0,0,0,1,0,0
2,65,12,From Free Kick,Senegal,3857301,0 days 01:05:12,0,0,0,0,0,0,1,0,0
2,65,14,From Free Kick,Senegal,3857301,0 days 01:05:14,0,0,0,0,0,0,1,0,0
2,65,16,Regular Play,Qatar,3857301,0 days 01:05:16,0,0,0,0,0,0,1,0,0
2,65,17,Regular Play,Qatar,3857301,0 days 01:05:17,0,0,0,0,0,0,1,0,0
2,65,25,Regular Play,Qatar,3857301,0 days 01:05:25,0,0,0,0,0,0,1,0,0
2,65,26,Regular Play,Senegal,3857301,0 days 01:05:26,0,0,0,0,0,1,0,0,0
2,65,27,Regular Play,Qatar,3857301,0 days 01:05:27,0,0,0,0,1,0,0,0,0
2,65,28,Regular Play,Senegal,3857301,0 days 01:05:28,0,0,0,0,0,0,1,0,0
2,65,30,Regular Play,Senegal,3857301,0 days 01:05:30,0,0,0,0,0,0,1,0,0
2,65,33,Regular Play,Senegal,3857301,0 days 01:05:33,0,0,0,0,0,0,1,0,0
2,65,40,From Throw In,Qatar,3857301,0 days 01:05:40,0,0,0,0,0,0,1,0,0
2,65,43,From Throw In,Qatar,3857301,0 days 01:05:43,0,0,0,0,0,0,1,0,0
2,65,47,From Throw In,Qatar,3857301,0 days 01:05:47,0,0,0,0,0,0,1,0,0
2,65,50,From Throw In,Qatar,3857301,0 days 01:05:50,0,0,0,0,0,0,1,0,0
2,65,54,From Throw In,Qatar,3857301,0 days 01:05:54,0,0,0,0,0,0,1,0,0
2,65,59,From Throw In,Qatar,3857301,0 days 01:05:59,0,0,0,0,0,0,1,0,0
2,66,3,From Throw In,Qatar,3857301,0 days 01:06:03,0,0,0,0,0,0,1,0,0
2,66,4,From Throw In,Qatar,3857301,0 days 01:06:04,0,0,0,0,0,0,1,0,0
2,66,6,From Throw In,Qatar,3857301,0 days 01:06:06,0,0,0,0,0,0,1,0,0
2,66,8,From Throw In,Qatar,3857301,0 days 01:06:08,0,0,0,0,0,0,1,0,0
2,66,13,From Throw In,Qatar,3857301,0 days 01:06:13,0,0,0,0,0,0,1,0,0
2,66,14,From Throw In,Qatar,3857301,0 days 01:06:14,0,0,0,0,0,0,1,0,0
2,66,17,From Throw In,Qatar,3857301,0 days 01:06:17,0,0,0,0,0,0,1,0,0
2,66,20,From Throw In,Qatar,3857301,0 days 01:06:20,0,0,0,0,0,0,1,0,0
2,66,21,From Throw In,Qatar,3857301,0 days 01:06:21,0,0,0,0,0,0,0,1,0
2,66,45,From Corner,Qatar,3857301,0 days 01:06:45,0,0,0,0,0,0,1,0,0
2,66,47,From Corner,Senegal,3857301,0 days 01:06:47,0,1,0,0,0,0,0,0,0
2,66,49,From Corner,Qatar,3857301,0 days 01:06:49,0,0,0,0,0,0,1,0,0
2,66,50,From Corner,Qatar,3857301,0 days 01:06:50,0,0,0,0,0,0,1,0,0
2,66,51,From Corner,Senegal,3857301,0 days 01:06:51,0,1,0,0,0,0,0,0,0
2,57,1,From Goal Kick,Netherlands,3869117,0 days 00:57:01,0,0,0,0,0,0,1,0,0
2,57,5,From Goal Kick,Netherlands,3869117,0 days 00:57:05,0,0,0,0,0,0,1,0,0
2,57,7,From Goal Kick,Netherlands,3869117,0 days 00:57:07,0,0,0,0,0,0,1,0,0
2,57,9,From Goal Kick,Netherlands,3869117,0 days 00:57:09,0,0,0,0,0,0,1,0,0
2,57,10,From Goal Kick,Netherlands,3869117,0 days 00:57:10,0,0,0,0,0,0,1,0,0
2,57,13,From Goal Kick,Netherlands,3869117,0 days 00:57:13,0,0,0,0,0,0,1,0,0
2,57,15,From Goal Kick,Netherlands,3869117,0 days 00:57:15,0,0,0,0,0,0,1,0,0
2,57,18,From Goal Kick,Netherlands,3869117,0 days 00:57:18,0,0,0,0,0,0,1,0,0
2,57,20,From Goal Kick,Netherlands,3869117,0 days 00:57:20,0,0,0,0,0,0,1,0,0
2,57,22,From Goal Kick,Netherlands,3869117,0 days 00:57:22,0,0,0,0,0,0,1,0,0
2,57,26,Regular Play,United States,3869117,0 days 00:57:26,1,0,0,0,0,0,0,0,0
2,57,27,Regular Play,United States,3869117,0 days 00:57:27,0,0,0,0,0,0,1,0,0
2,57,33,Regular Play,United States,3869117,0 days 00:57:33,0,0,0,0,0,0,1,0,0
2,57,37,Regular Play,United States,3869117,0 days 00:57:37,0,0,0,0,0,0,1,0,0
2,57,44,Regular Play,United States,3869117,0 days 00:57:44,0,0,0,0,0,0,1,0,0
2,57,47,Regular Play,United States,3869117,0 days 00:57:47,0,0,0,0,0,0,1,0,0
2,57,54,Regular Play,United States,3869117,0 days 00:57:54,0,0,0,0,0,0,1,0,0
2,57,59,Regular Play,United States,3869117,0 days 00:57:59,0,0,0,0,0,0,1,0,0
2,58,1,Regular Play,Netherlands,3869117,0 days 00:58:01,0,0,0,0,1,0,0,0,0
2,58,59,From Free Kick,United States,3869117,0 days 00:58:59,0,0,0,0,0,0,1,0,0
2,59,1,From Free Kick,Netherlands,3869117,0 days 00:59:01,0,1,0,0,0,0,0,0,0
2,59,3,From Free Kick,United States,3869117,0 days 00:59:03,0,0,0,0,0,0,1,0,0
2,59,9,From Free Kick,United States,3869117,0 days 00:59:09,0,0,0,0,0,0,1,0,0
2,59,11,From Free Kick,United States,3869117,0 days 00:59:11,0,0,0,0,0,0,1,0,0
2,59,13,From Free Kick,United States,3869117,0 days 00:59:13,0,0,0,0,0,0,1,0,0
2,59,14,From Free Kick,Netherlands,3869117,0 days 00:59:14,0,1,0,0,0,0,0,0,0
2,59,18,From Free Kick,United States,3869117,0 days 00:59:18,0,0,0,0,0,0,1,0,0
2,59,22,From Free Kick,United States,3869117,0 days 00:59:22,0,0,0,0,0,0,1,0,0
2,59,24,From Free Kick,Netherlands,3869117,0 days 00:59:24,0,0,0,0,1,0,0,0,0
2,60,14,From Free Kick,United States,3869117,0 days 01:00:14,0,0,0,0,0,0,1,0,0
2,60,15,From Free Kick,Netherlands,3869117,0 days 01:00:15,0,1,0,0,0,0,0,0,0
2,60,17,From Free Kick,Netherlands,3869117,0 days 01:00:17,0,1,0,0,0,0,0,0,0
2,60,20,Regular Play,Netherlands,3869117,0 days 01:00:20,0,0,0,0,0,0,1,0,0
2,60,20,Regular Play,Netherlands,3869117,0 days 01:00:20,0,0,0,0,0,0,1,0,0
2,60,24,Regular Play,Netherlands,3869117,0 days 01:00:24,0,0,0,0,0,0,1,0,0
2,60,29,Regular Play,United States,3869117,0 days 01:00:29,1,0,0,0,0,0,0,0,0
2,60,30,Regular Play,United States,3869117,0 days 01:00:30,0,0,0,0,0,0,1,0,0
2,60,33,Regular Play,United States,3869117,0 days 01:00:33,0,0,1,0,0,0,0,0,0
2,60,33,Regular Play,Netherlands,3869117,0 days 01:00:33,0,0,0,0,0,0,0,0,1
2,60,34,Regular Play,Netherlands,3869117,0 days 01:00:34,0,0,0,0,0,0,1,0,0
2,60,35,Regular Play,Netherlands,3869117,0 days 01:00:35,0,0,0,0,0,0,1,0,0
2,60,39,Regular Play,Netherlands,3869117,0 days 01:00:39,0,0,0,0,0,0,0,1,0
2,60,40,Regular Play,Netherlands,3869117,0 days 01:00:40,1,0,0,0,0,0,0,0,0
2,60,42,Regular Play,Netherlands,3869117,0 days 01:00:42,0,0,0,0,0,0,1,0,0
2,60,42,Regular Play,Netherlands,3869117,0 days 01:00:42,0,0,0,0,0,0,0,1,0
2,61,15,From Corner,Netherlands,3869117,0 days 01:01:15,0,0,0,0,0,0,1,0,0
2,61,18,From Corner,Netherlands,3869117,0 days 01:01:18,0,0,0,0,0,0,1,0,0
2,61,20,From Corner,United States,3869117,0 days 01:01:20,0,1,0,0,0,0,0,0,0
2,61,22,From Corner,Netherlands,3869117,0 days 01:01:22,0,0,0,0,0,0,1,0,0
2,61,24,From Corner,Netherlands,3869117,0 days 01:01:24,0,0,0,0,1,0,0,0,0
2,61,32,From Free Kick,United States,3869117,0 days 01:01:32,0,0,0,0,0,0,1,0,0
2,61,37,From Free Kick,United States,3869117,0 days 01:01:37,0,0,0,0,0,0,1,0,0
2,61,40,From Free Kick,United States,3869117,0 days 01:01:40,0,0,0,0,0,0,1,0,0
2,61,46,From Free Kick,United States,3869117,0 days 01:01:46,0,0,0,0,0,0,1,0,0
2,61,47,From Free Kick,United States,3869117,0 days 01:01:47,0,0,0,0,0,0,1,0,0
2,61,49,From Free Kick,United States,3869117,0 days 01:01:49,0,0,0,0,0,0,1,0,0
2,61,52,Regular Play,Netherlands,3869117,0 days 01:01:52,1,0,0,0,0,0,0,0,0
2,61,54,Regular Play,Netherlands,3869117,0 days 01:01:54,0,0,0,0,0,0,1,0,0
2,61,59,Regular Play,Netherlands,3869117,0 days 01:01:59,0,0,0,0,0,0,1,0,0
2,62,2,Regular Play,Netherlands,3869117,0 days 01:02:02,0,0,0,0,0,0,1,0,0
2,62,6,Regular Play,Netherlands,3869117,0 days 01:02:06,0,0,0,0,0,0,1,0,0
2,62,9,Regular Play,Netherlands,3869117,0 days 01:02:09,0,0,0,0,0,0,1,0,0
2,62,12,Regular Play,Netherlands,3869117,0 days 01:02:12,0,0,0,0,0,0,1,0,0
2,62,13,Regular Play,Netherlands,3869117,0 days 01:02:13,0,0,0,0,0,0,1,0,0
2,62,16,Regular Play,United States,3869117,0 days 01:02:16,1,0,0,0,0,0,0,0,0
2,62,16,Regular Play,United States,3869117,0 days 01:02:16,0,0,1,0,0,0,0,0,0
2,62,16,Regular Play,Netherlands,3869117,0 days 01:02:16,0,0,0,0,0,0,0,0,1
2,62,18,Regular Play,United States,3869117,0 days 01:02:18,0,0,0,0,0,0,1,0,0
2,62,19,Regular Play,Netherlands,3869117,0 days 01:02:19,1,0,0,0,0,0,0,0,0
2,62,21,Regular Play,Netherlands,3869117,0 days 01:02:21,0,0,0,0,0,0,1,0,0
2,62,24,Regular Play,Netherlands,3869117,0 days 01:02:24,0,0,1,0,0,0,0,0,0
2,62,24,Regular Play,United States,3869117,0 days 01:02:24,0,0,0,0,0,0,0,0,1
2,62,26,Regular Play,United States,3869117,0 days 01:02:26,0,0,0,0,0,0,1,0,0
2,62,33,Regular Play,United States,3869117,0 days 01:02:33,0,0,0,0,0,0,1,0,0
2,62,41,Regular Play,United States,3869117,0 days 01:02:41,0,0,0,0,0,0,0,1,0
2,62,42,Regular Play,Netherlands,3869117,0 days 01:02:42,0,1,0,0,0,0,0,0,0
2,62,46,Regular Play,Netherlands,3869117,0 days 01:02:46,0,0,0,0,0,0,1,0,0
2,62,51,Regular Play,Netherlands,3869117,0 days 01:02:51,0,0,1,0,0,0,0,0,0
2,62,51,Regular Play,United States,3869117,0 days 01:02:51,0,0,0,0,0,0,0,0,1
2,62,53,Regular Play,United States,3869117,0 days 01:02:53,0,0,0,0,0,0,1,0,0
2,62,59,Regular Play,United States,3869117,0 days 01:02:59,0,0,0,0,0,0,1,0,0
2,63,4,Regular Play,United States,3869117,0 days 01:03:04,0,0,0,1,0,0,0,0,0
2,63,4,Regular Play,Netherlands,3869117,0 days 01:03:04,0,0,0,0,0,0,0,0,1
2,63,6,Regular Play,Netherlands,3869117,0 days 01:03:06,0,0,0,0,0,0,1,0,0
2,63,10,Regular Play,United States,3869117,0 days 01:03:10,1,0,0,0,0,0,0,0,0
2,63,11,Regular Play,United States,3869117,0 days 01:03:11,0,0,0,0,0,0,1,0,0
2,63,16,Regular Play,United States,3869117,0 days 01:03:16,0,0,0,0,0,0,1,0,0
2,63,20,Regular Play,United States,3869117,0 days 01:03:20,0,0,0,0,0,0,1,0,0
2,63,24,Regular Play,United States,3869117,0 days 01:03:24,0,0,0,0,0,0,1,0,0
2,63,27,Regular Play,United States,3869117,0 days 01:03:27,0,0,0,0,0,0,1,0,0
2,63,30,Regular Play,United States,3869117,0 days 01:03:30,0,0,0,0,0,0,1,0,0
2,63,34,Regular Play,United States,3869117,0 days 01:03:34,0,0,0,0,0,0,1,0,0
2,63,36,Regular Play,United States,3869117,0 days 01:03:36,0,0,0,0,0,0,1,0,0
2,63,39,Regular Play,United States,3869117,0 days 01:03:39,0,0,0,0,0,0,1,0,0
2,63,42,Regular Play,United States,3869117,0 days 01:03:42,0,0,0,0,0,0,1,0,0
2,63,46,Regular Play,United States,3869117,0 days 01:03:46,0,0,0,0,0,0,1,0,0
2,63,49,Regular Play,United States,3869117,0 days 01:03:49,0,0,0,0,0,0,1,0,0
2,63,51,Regular Play,Netherlands,3869117,0 days 01:03:51,0,1,0,0,0,0,0,0,0
2,66,51,From Throw In,United States,3869117,0 days 01:06:51,0,0,0,0,0,0,1,0,0
2,66,52,From Throw In,United States,3869117,0 days 01:06:52,0,0,0,0,0,0,1,0,0
2,66,53,From Throw In,United States,3869117,0 days 01:06:53,0,0,0,1,0,0,0,0,0
2,66,53,From Throw In,Netherlands,3869117,0 days 01:06:53,0,0,0,0,0,0,0,0,1
2,66,55,From Throw In,United States,3869117,0 days 01:06:55,0,0,0,0,0,0,1,0,0
2,66,55,From Throw In,United States,3869117,0 days 01:06:55,0,0,0,0,0,0,1,0,0
2,66,56,Regular Play,Netherlands,3869117,0 days 01:06:56,1,0,0,0,0,0,0,0,0
2,66,58,Regular Play,Netherlands,3869117,0 days 01:06:58,0,0,1,0,0,0,0,0,0
2,66,58,Regular Play,United States,3869117,0 days 01:06:58,0,0,0,0,0,0,0,0,1
2,66,58,Regular Play,Netherlands,3869117,0 days 01:06:58,1,0,0,0,0,0,0,0,0
2,58,3,From Kick Off,Senegal,3869118,0 days 00:58:03,0,0,0,0,0,0,1,0,0
2,58,10,From Kick Off,Senegal,3869118,0 days 00:58:10,0,0,0,0,0,0,1,0,0
2,58,14,From Kick Off,Senegal,3869118,0 days 00:58:14,0,0,0,0,0,0,1,0,0
2,58,20,From Throw In,England,3869118,0 days 00:58:20,0,0,0,0,0,0,1,0,0
2,58,21,From Throw In,England,3869118,0 days 00:58:21,0,0,0,0,0,0,1,0,0
2,58,22,From Throw In,England,3869118,0 days 00:58:22,0,0,0,0,0,0,1,0,0
2,58,24,From Throw In,England,3869118,0 days 00:58:24,0,0,0,0,0,0,1,0,0
2,58,25,From Throw In,England,3869118,0 days 00:58:25,0,0,0,0,0,0,1,0,0
2,58,29,From Throw In,England,3869118,0 days 00:58:29,0,0,0,0,0,0,1,0,0
2,58,33,From Throw In,England,3869118,0 days 00:58:33,0,0,0,0,0,0,1,0,0
2,58,37,From Throw In,England,3869118,0 days 00:58:37,0,0,0,0,0,0,1,0,0
2,58,40,From Throw In,England,3869118,0 days 00:58:40,0,0,0,0,0,0,1,0,0
2,58,44,From Throw In,England,3869118,0 days 00:58:44,0,0,0,0,0,0,1,0,0
2,58,46,From Throw In,England,3869118,0 days 00:58:46,0,0,0,0,0,0,1,0,0
2,58,48,From Throw In,England,3869118,0 days 00:58:48,0,0,0,0,0,0,1,0,0
2,58,51,From Throw In,England,3869118,0 days 00:58:51,0,0,0,0,0,0,1,0,0
2,58,56,From Throw In,England,3869118,0 days 00:58:56,0,0,0,0,0,0,1,0,0
2,58,59,From Throw In,England,3869118,0 days 00:58:59,0,0,0,0,0,0,1,0,0
2,59,26,From Throw In,England,3869118,0 days 00:59:26,0,0,0,0,0,0,1,0,0
2,59,28,From Throw In,Senegal,3869118,0 days 00:59:28,0,1,0,0,0,0,0,0,0
2,59,29,Regular Play,Senegal,3869118,0 days 00:59:29,0,0,0,0,0,0,1,0,0
2,59,31,Regular Play,Senegal,3869118,0 days 00:59:31,0,0,0,0,0,0,1,0,0
2,59,38,Regular Play,Senegal,3869118,0 days 00:59:38,0,0,0,0,0,0,1,0,0
2,59,40,Regular Play,Senegal,3869118,0 days 00:59:40,0,0,0,0,0,0,1,0,0
2,59,42,Regular Play,England,3869118,0 days 00:59:42,0,0,0,0,1,0,0,0,0
2,60,18,From Free Kick,Senegal,3869118,0 days 01:00:18,0,0,0,0,0,0,1,0,0
2,60,20,From Free Kick,Senegal,3869118,0 days 01:00:20,0,0,0,0,0,0,1,0,0
2,60,22,From Free Kick,Senegal,3869118,0 days 01:00:22,0,0,0,0,0,0,1,0,0
2,60,22,From Free Kick,Senegal,3869118,0 days 01:00:22,0,0,0,0,0,0,1,0,0
2,60,23,From Free Kick,England,3869118,0 days 01:00:23,0,0,0,0,0,1,0,0,0
2,60,34,From Throw In,Senegal,3869118,0 days 01:00:34,0,0,0,0,0,0,1,0,0
2,60,36,From Throw In,England,3869118,0 days 01:00:36,1,0,0,0,0,0,0,0,0
2,60,38,From Throw In,England,3869118,0 days 01:00:38,0,0,0,0,0,0,1,0,0
2,60,40,From Throw In,Senegal,3869118,0 days 01:00:40,0,0,0,0,0,0,1,0,0
2,60,44,From Throw In,Senegal,3869118,0 days 01:00:44,0,0,1,0,0,0,0,0,0
2,60,44,Regular Play,England,3869118,0 days 01:00:44,0,0,0,0,0,0,0,0,1
2,60,47,Regular Play,England,3869118,0 days 01:00:47,0,0,0,0,0,0,1,0,0
2,60,49,Regular Play,England,3869118,0 days 01:00:49,0,0,0,1,0,0,0,0,0
2,60,50,Regular Play,England,3869118,0 days 01:00:50,0,0,0,0,0,0,1,0,0
2,60,53,Regular Play,England,3869118,0 days 01:00:53,0,0,0,0,0,0,1,0,0
2,60,54,Regular Play,Senegal,3869118,0 days 01:00:54,0,0,0,0,0,0,1,0,0
2,60,56,Regular Play,Senegal,3869118,0 days 01:00:56,0,0,0,0,0,0,1,0,0
2,61,1,Regular Play,Senegal,3869118,0 days 01:01:01,0,0,0,0,0,0,1,0,0
2,61,5,Regular Play,Senegal,3869118,0 days 01:01:05,0,0,0,0,0,0,1,0,0
2,61,12,Regular Play,Senegal,3869118,0 days 01:01:12,0,0,0,0,0,0,1,0,0
2,61,13,Regular Play,England,3869118,0 days 01:01:13,0,0,0,0,0,0,1,0,0
2,61,14,Regular Play,England,3869118,0 days 01:01:14,0,0,0,0,0,0,1,0,0
2,61,17,Regular Play,England,3869118,0 days 01:01:17,0,0,0,0,0,0,1,0,0
2,61,19,Regular Play,England,3869118,0 days 01:01:19,0,0,0,0,0,0,1,0,0
2,61,22,Regular Play,England,3869118,0 days 01:01:22,0,0,0,0,0,0,1,0,0
2,61,48,From Throw In,Senegal,3869118,0 days 01:01:48,0,0,0,0,0,0,1,0,0
2,61,52,From Throw In,Senegal,3869118,0 days 01:01:52,0,0,0,0,0,0,1,0,0
2,61,56,From Throw In,England,3869118,0 days 01:01:56,0,0,0,0,1,0,0,0,0
2,62,20,From Free Kick,Senegal,3869118,0 days 01:02:20,0,0,0,0,0,0,1,0,0
2,62,22,From Free Kick,England,3869118,0 days 01:02:22,0,1,0,0,0,0,0,0,0
2,62,24,From Free Kick,Senegal,3869118,0 days 01:02:24,1,0,0,0,0,0,0,0,0
2,62,26,From Free Kick,Senegal,3869118,0 days 01:02:26,0,0,0,0,0,0,1,0,0
2,62,27,From Free Kick,Senegal,3869118,0 days 01:02:27,0,0,0,0,0,0,1,0,0
2,62,28,Regular Play,England,3869118,0 days 01:02:28,1,0,0,0,0,0,0,0,0
2,62,31,Regular Play,England,3869118,0 days 01:02:31,0,0,0,0,0,0,1,0,0
2,62,37,Regular Play,England,3869118,0 days 01:02:37,0,0,0,0,0,0,1,0,0
2,62,38,Regular Play,England,3869118,0 days 01:02:38,0,0,0,0,0,0,1,0,0
2,62,40,Regular Play,England,3869118,0 days 01:02:40,0,0,0,0,0,0,1,0,0
2,62,42,Regular Play,England,3869118,0 days 01:02:42,0,0,0,0,0,0,1,0,0
2,62,47,Regular Play,England,3869118,0 days 01:02:47,0,0,0,0,0,0,1,0,0
2,62,49,Regular Play,England,3869118,0 days 01:02:49,0,0,0,0,0,0,1,0,0
2,62,51,Regular Play,England,3869118,0 days 01:02:51,0,0,0,0,0,0,1,0,0
2,62,53,Regular Play,England,3869118,0 days 01:02:53,0,0,0,0,0,0,1,0,0
2,62,56,Regular Play,England,3869118,0 days 01:02:56,0,0,0,0,0,0,1,0,0
2,62,59,Regular Play,England,3869118,0 days 01:02:59,0,0,0,0,0,0,1,0,0
2,63,0,Regular Play,England,3869118,0 days 01:03:00,0,0,0,0,0,0,1,0,0
2,63,1,Regular Play,England,3869118,0 days 01:03:01,0,0,0,0,0,0,1,0,0
2,63,6,Regular Play,England,3869118,0 days 01:03:06,0,0,0,0,0,0,1,0,0
2,63,7,Regular Play,England,3869118,0 days 01:03:07,0,0,0,0,0,0,1,0,0
2,63,10,Regular Play,England,3869118,0 days 01:03:10,0,0,0,0,0,0,1,0,0
2,63,16,Regular Play,England,3869118,0 days 01:03:16,0,0,0,0,0,0,1,0,0
2,63,17,Regular Play,England,3869118,0 days 01:03:17,0,0,0,0,0,0,1,0,0
2,63,19,Regular Play,Senegal,3869118,0 days 01:03:19,0,0,0,0,1,0,0,0,0
2,64,57,From Free Kick,England,3869118,0 days 01:04:57,0,0,0,0,0,0,1,0,0
2,64,59,From Free Kick,England,3869118,0 days 01:04:59,0,0,0,0,0,0,1,0,0
2,65,2,From Free Kick,England,3869118,0 days 01:05:02,0,0,0,0,1,0,0,0,0
2,65,18,From Free Kick,Senegal,3869118,0 days 01:05:18,0,0,0,0,0,0,1,0,0
2,65,22,From Free Kick,Senegal,3869118,0 days 01:05:22,0,0,0,0,0,0,1,0,0
2,65,25,From Free Kick,Senegal,3869118,0 days 01:05:25,0,0,0,0,0,0,1,0,0
2,65,27,From Free Kick,Senegal,3869118,0 days 01:05:27,0,0,0,0,0,0,1,0,0
2,65,32,Regular Play,England,3869118,0 days 01:05:32,0,0,0,0,0,0,1,0,0
2,65,36,Regular Play,England,3869118,0 days 01:05:36,0,0,0,0,0,0,1,0,0
2,65,41,Regular Play,England,3869118,0 days 01:05:41,0,0,0,0,0,0,1,0,0
2,65,43,Regular Play,England,3869118,0 days 01:05:43,0,0,0,0,0,0,1,0,0
2,65,46,Regular Play,England,3869118,0 days 01:05:46,0,0,0,0,0,0,1,0,0
2,65,50,Regular Play,England,3869118,0 days 01:05:50,0,0,0,0,0,0,1,0,0
2,65,52,Regular Play,England,3869118,0 days 01:05:52,0,0,0,0,0,0,1,0,0
2,65,53,Regular Play,England,3869118,0 days 01:05:53,0,0,0,0,0,0,1,0,0
2,65,55,Regular Play,England,3869118,0 days 01:05:55,0,0,0,0,0,0,1,0,0
2,66,1,Regular Play,England,3869118,0 days 01:06:01,0,0,0,0,0,0,1,0,0
2,66,2,Regular Play,England,3869118,0 days 01:06:02,0,0,0,0,0,0,1,0,0
2,66,9,Regular Play,England,3869118,0 days 01:06:09,0,0,0,0,0,0,1,0,0
2,66,11,Regular Play,England,3869118,0 days 01:06:11,0,0,0,0,0,0,1,0,0
2,66,13,Regular Play,England,3869118,0 days 01:06:13,0,0,0,0,0,0,1,0,0
2,66,13,Regular Play,England,3869118,0 days 01:06:13,0,0,0,0,0,0,1,0,0
2,66,15,Regular Play,England,3869118,0 days 01:06:15,0,0,0,0,0,0,1,0,0
2,66,16,Regular Play,England,3869118,0 days 01:06:16,0,0,0,0,0,0,1,0,0
2,66,17,Regular Play,Senegal,3869118,0 days 01:06:17,0,0,0,0,1,0,0,0,0
2,66,42,From Free Kick,England,3869118,0 days 01:06:42,0,0,0,0,0,0,1,0,0
2,66,45,From Free Kick,England,3869118,0 days 01:06:45,0,0,0,0,0,0,1,0,0
2,66,47,From Free Kick,England,3869118,0 days 01:06:47,0,0,0,0,0,0,1,0,0
2,66,50,From Free Kick,England,3869118,0 days 01:06:50,0,0,0,0,0,0,1,0,0
2,66,56,From Free Kick,Senegal,3869118,0 days 01:06:56,0,0,0,0,1,0,0,0,0
2,57,58,From Kick Off,Australia,3869151,0 days 00:57:58,0,0,0,0,0,0,1,0,0
2,57,59,From Kick Off,Australia,3869151,0 days 00:57:59,0,0,0,0,0,0,1,0,0
2,58,1,From Kick Off,Australia,3869151,0 days 00:58:01,0,0,0,0,0,0,1,0,0
2,58,3,From Kick Off,Australia,3869151,0 days 00:58:03,0,0,0,0,0,0,1,0,0
2,58,7,From Kick Off,Australia,3869151,0 days 00:58:07,0,0,0,0,0,0,1,0,0
2,58,9,From Kick Off,Australia,3869151,0 days 00:58:09,0,0,0,0,0,0,1,0,0
2,58,14,From Kick Off,Australia,3869151,0 days 00:58:14,0,0,0,0,0,0,1,0,0
2,58,17,From Kick Off,Australia,3869151,0 days 00:58:17,0,0,0,0,0,0,1,0,0
2,58,19,Regular Play,Argentina,3869151,0 days 00:58:19,0,0,0,0,0,0,1,0,0
2,58,22,Regular Play,Argentina,3869151,0 days 00:58:22,0,0,0,0,0,0,1,0,0
2,58,24,Regular Play,Argentina,3869151,0 days 00:58:24,0,0,0,0,0,0,1,0,0
2,58,27,Regular Play,Argentina,3869151,0 days 00:58:27,0,0,0,1,0,0,0,0,0
2,58,27,Regular Play,Australia,3869151,0 days 00:58:27,0,0,0,0,0,0,0,0,1
2,58,28,Regular Play,Argentina,3869151,0 days 00:58:28,1,0,0,0,0,0,0,0,0
2,58,30,Regular Play,Argentina,3869151,0 days 00:58:30,0,0,0,1,0,0,0,0,0
2,58,32,Regular Play,Australia,3869151,0 days 00:58:32,0,1,0,0,0,0,0,0,0
2,58,50,From Throw In,Australia,3869151,0 days 00:58:50,0,0,0,0,0,0,1,0,0
2,58,53,From Throw In,Argentina,3869151,0 days 00:58:53,0,0,0,0,0,0,1,0,0
2,58,55,From Throw In,Australia,3869151,0 days 00:58:55,0,0,0,0,0,0,1,0,0
2,58,56,From Throw In,Argentina,3869151,0 days 00:58:56,0,0,0,0,0,1,0,0,0
2,58,58,From Throw In,Australia,3869151,0 days 00:58:58,0,0,0,0,0,0,1,0,0
2,59,0,From Throw In,Australia,3869151,0 days 00:59:00,0,0,0,0,0,0,1,0,0
2,59,4,From Throw In,Argentina,3869151,0 days 00:59:04,0,0,0,0,0,1,0,0,0
2,59,24,From Throw In,Australia,3869151,0 days 00:59:24,0,0,0,0,0,0,1,0,0
2,59,26,From Throw In,Argentina,3869151,0 days 00:59:26,0,1,0,0,0,0,0,0,0
2,59,30,Regular Play,Argentina,3869151,0 days 00:59:30,1,0,0,0,0,0,0,0,0
2,59,32,Regular Play,Argentina,3869151,0 days 00:59:32,0,0,0,0,0,0,1,0,0
2,59,33,Regular Play,Argentina,3869151,0 days 00:59:33,0,0,0,0,0,0,1,0,0
2,59,35,Regular Play,Argentina,3869151,0 days 00:59:35,0,0,0,0,0,0,1,0,0
2,59,38,Regular Play,Australia,3869151,0 days 00:59:38,0,0,0,0,1,0,0,0,0
2,60,3,From Free Kick,Argentina,3869151,0 days 01:00:03,0,0,0,0,0,0,1,0,0
2,60,7,From Free Kick,Argentina,3869151,0 days 01:00:07,0,0,0,0,0,0,1,0,0
2,60,9,From Free Kick,Argentina,3869151,0 days 01:00:09,0,0,0,0,0,0,1,0,0
2,60,9,From Free Kick,Argentina,3869151,0 days 01:00:09,0,0,0,0,0,0,1,0,0
2,60,11,From Free Kick,Argentina,3869151,0 days 01:00:11,0,0,0,0,0,0,1,0,0
2,60,15,From Free Kick,Argentina,3869151,0 days 01:00:15,0,0,0,0,0,0,1,0,0
2,60,18,From Free Kick,Argentina,3869151,0 days 01:00:18,0,0,0,0,0,0,1,0,0
2,60,20,From Free Kick,Argentina,3869151,0 days 01:00:20,0,0,0,0,0,0,1,0,0
2,60,25,Regular Play,Australia,3869151,0 days 01:00:25,0,0,0,0,0,0,1,0,0
2,60,28,Regular Play,Australia,3869151,0 days 01:00:28,0,0,0,0,0,0,1,0,0
2,60,30,Regular Play,Australia,3869151,0 days 01:00:30,0,0,0,0,0,0,1,0,0
2,60,33,Regular Play,Australia,3869151,0 days 01:00:33,0,0,0,0,0,0,1,0,0
2,60,35,Regular Play,Australia,3869151,0 days 01:00:35,0,0,0,0,0,0,1,0,0
2,60,37,Regular Play,Australia,3869151,0 days 01:00:37,0,0,0,0,0,0,1,0,0
2,60,38,Regular Play,Australia,3869151,0 days 01:00:38,0,0,0,0,0,0,1,0,0
2,60,40,Regular Play,Australia,3869151,0 days 01:00:40,0,0,0,0,0,0,1,0,0
2,60,47,From Goal Kick,Australia,3869151,0 days 01:00:47,0,0,0,0,0,0,1,0,0
2,60,49,From Goal Kick,Australia,3869151,0 days 01:00:49,0,0,0,0,0,0,1,0,0
2,60,54,From Goal Kick,Australia,3869151,0 days 01:00:54,0,0,0,0,0,0,1,0,0
2,60,56,From Goal Kick,Australia,3869151,0 days 01:00:56,0,0,0,0,0,0,1,0,0
2,61,0,From Goal Kick,Australia,3869151,0 days 01:01:00,0,0,0,0,0,0,1,0,0
2,61,4,From Goal Kick,Australia,3869151,0 days 01:01:04,0,0,0,0,0,0,1,0,0
2,61,10,From Goal Kick,Australia,3869151,0 days 01:01:10,0,0,0,0,0,0,1,0,0
2,61,15,From Goal Kick,Australia,3869151,0 days 01:01:15,0,0,0,0,0,0,1,0,0
2,61,17,From Goal Kick,Australia,3869151,0 days 01:01:17,0,0,0,0,0,0,1,0,0
2,61,18,From Goal Kick,Australia,3869151,0 days 01:01:18,0,0,0,0,0,0,1,0,0
2,61,22,From Goal Kick,Australia,3869151,0 days 01:01:22,0,0,0,0,0,0,1,0,0
2,61,24,From Goal Kick,Australia,3869151,0 days 01:01:24,0,0,0,0,0,0,1,0,0
2,61,25,From Goal Kick,Australia,3869151,0 days 01:01:25,0,0,0,0,0,0,1,0,0
2,61,25,From Goal Kick,Argentina,3869151,0 days 01:01:25,0,0,0,0,0,1,0,0,0
2,61,27,From Goal Kick,Australia,3869151,0 days 01:01:27,1,0,0,0,0,0,0,0,0
2,61,27,From Goal Kick,Australia,3869151,0 days 01:01:27,0,0,0,0,0,0,1,0,0
2,61,28,From Goal Kick,Argentina,3869151,0 days 01:01:28,0,0,0,0,1,0,0,0,0
2,62,30,From Free Kick,Australia,3869151,0 days 01:02:30,0,0,0,0,0,0,1,0,0
2,62,32,From Free Kick,Australia,3869151,0 days 01:02:32,0,0,0,0,0,0,1,0,0
2,62,39,From Free Kick,Australia,3869151,0 days 01:02:39,0,0,0,0,0,0,1,0,0
2,62,42,From Free Kick,Australia,3869151,0 days 01:02:42,0,0,0,0,0,0,1,0,0
2,62,45,From Free Kick,Australia,3869151,0 days 01:02:45,0,0,0,0,0,0,1,0,0
2,62,46,From Free Kick,Argentina,3869151,0 days 01:02:46,0,1,0,0,0,0,0,0,0
2,62,49,Regular Play,Argentina,3869151,0 days 01:02:49,0,0,0,0,0,0,1,0,0
2,62,50,Regular Play,Argentina,3869151,0 days 01:02:50,0,0,0,0,0,0,1,0,0
2,62,53,Regular Play,Argentina,3869151,0 days 01:02:53,0,0,0,0,0,0,1,0,0
2,62,56,Regular Play,Argentina,3869151,0 days 01:02:56,0,0,0,0,0,0,1,0,0
2,62,57,Regular Play,Argentina,3869151,0 days 01:02:57,0,0,0,0,0,0,1,0,0
2,63,0,Regular Play,Argentina,3869151,0 days 01:03:00,0,0,0,0,0,0,1,0,0
2,63,2,Regular Play,Argentina,3869151,0 days 01:03:02,0,0,0,0,0,0,1,0,0
2,63,5,Regular Play,Argentina,3869151,0 days 01:03:05,0,0,0,1,0,0,0,0,0
2,63,6,Regular Play,Argentina,3869151,0 days 01:03:06,0,0,0,0,0,0,1,0,0
2,63,8,Regular Play,Argentina,3869151,0 days 01:03:08,0,0,0,0,0,0,1,0,0
2,63,10,Regular Play,Argentina,3869151,0 days 01:03:10,0,0,0,0,0,0,1,0,0
2,63,13,Regular Play,Argentina,3869151,0 days 01:03:13,0,0,0,0,0,0,1,0,0
2,63,15,Regular Play,Argentina,3869151,0 days 01:03:15,0,0,0,0,0,0,1,0,0
2,63,15,Regular Play,Argentina,3869151,0 days 01:03:15,0,0,0,0,0,0,1,0,0
2,63,20,Regular Play,Argentina,3869151,0 days 01:03:20,0,0,0,0,0,0,1,0,0
2,63,24,Regular Play,Argentina,3869151,0 days 01:03:24,0,0,0,0,0,0,1,0,0
2,63,25,Regular Play,Argentina,3869151,0 days 01:03:25,0,0,0,0,0,0,1,0,0
2,63,27,Regular Play,Argentina,3869151,0 days 01:03:27,0,0,0,0,0,0,1,0,0
2,63,31,Regular Play,Argentina,3869151,0 days 01:03:31,0,0,0,0,0,0,1,0,0
2,63,32,Regular Play,Argentina,3869151,0 days 01:03:32,0,0,0,0,0,0,1,0,0
2,63,34,Regular Play,Argentina,3869151,0 days 01:03:34,0,0,0,0,0,0,1,0,0
2,63,35,Regular Play,Argentina,3869151,0 days 01:03:35,0,0,0,0,0,0,1,0,0
2,63,37,Regular Play,Argentina,3869151,0 days 01:03:37,0,0,0,0,0,0,1,0,0
2,63,39,Regular Play,Argentina,3869151,0 days 01:03:39,0,0,0,0,0,0,1,0,0
2,63,42,Regular Play,Argentina,3869151,0 days 01:03:42,0,0,0,0,0,0,1,0,0
2,63,45,Regular Play,Argentina,3869151,0 days 01:03:45,0,0,0,0,0,0,1,0,0
2,63,48,Regular Play,Argentina,3869151,0 days 01:03:48,0,0,0,0,0,0,1,0,0
2,63,51,Regular Play,Argentina,3869151,0 days 01:03:51,1,0,0,0,0,0,0,0,0
2,63,52,Regular Play,Australia,3869151,0 days 01:03:52,1,0,0,0,0,0,0,0,0
2,63,53,Regular Play,Australia,3869151,0 days 01:03:53,0,0,0,0,0,0,1,0,0
2,63,55,Regular Play,Australia,3869151,0 days 01:03:55,0,0,0,1,0,0,0,0,0
2,63,55,Regular Play,Argentina,3869151,0 days 01:03:55,0,0,0,0,0,0,0,0,1
2,63,57,Regular Play,Argentina,3869151,0 days 01:03:57,0,0,0,0,0,0,1,0,0
2,64,6,Regular Play,Argentina,3869151,0 days 01:04:06,0,0,0,1,0,0,0,0,0
2,64,6,Regular Play,Australia,3869151,0 days 01:04:06,0,0,0,0,0,0,0,0,1
2,64,8,Regular Play,Argentina,3869151,0 days 01:04:08,0,0,0,0,0,0,1,0,0
2,64,10,Regular Play,Argentina,3869151,0 days 01:04:10,0,0,0,1,0,0,0,0,0
2,64,11,Regular Play,Argentina,3869151,0 days 01:04:11,0,0,0,1,0,0,0,0,0
2,64,11,Regular Play,Australia,3869151,0 days 01:04:11,0,0,0,0,0,0,0,0,1
2,64,49,From Corner,Argentina,3869151,0 days 01:04:49,0,0,0,0,0,0,1,0,0
2,64,50,From Corner,Argentina,3869151,0 days 01:04:50,0,0,0,0,0,0,1,0,0
2,64,54,From Corner,Argentina,3869151,0 days 01:04:54,0,0,0,0,0,0,1,0,0
2,64,55,From Corner,Australia,3869151,0 days 01:04:55,0,1,0,0,0,0,0,0,0
2,64,56,From Corner,Argentina,3869151,0 days 01:04:56,1,0,0,0,0,0,0,0,0
2,64,58,From Corner,Australia,3869151,0 days 01:04:58,0,1,0,0,0,0,0,0,0
2,65,3,From Corner,Argentina,3869151,0 days 01:05:03,1,0,0,0,0,0,0,0,0
2,65,5,From Corner,Argentina,3869151,0 days 01:05:05,0,0,0,0,0,0,1,0,0
2,65,6,From Corner,Argentina,3869151,0 days 01:05:06,0,0,0,0,0,0,1,0,0
2,65,8,From Corner,Argentina,3869151,0 days 01:05:08,0,0,0,0,0,0,1,0,0
2,65,15,From Corner,Argentina,3869151,0 days 01:05:15,0,0,0,0,0,0,1,0,0
2,65,22,From Corner,Argentina,3869151,0 days 01:05:22,0,0,0,0,0,0,1,0,0
2,65,23,From Corner,Argentina,3869151,0 days 01:05:23,0,0,0,0,0,0,1,0,0
2,65,25,From Corner,Argentina,3869151,0 days 01:05:25,0,0,0,0,0,0,1,0,0
2,65,29,From Corner,Argentina,3869151,0 days 01:05:29,0,0,0,0,0,0,1,0,0
2,65,31,From Corner,Argentina,3869151,0 days 01:05:31,0,0,0,0,0,0,1,0,0
2,65,32,From Corner,Argentina,3869151,0 days 01:05:32,0,0,0,0,0,0,1,0,0
2,65,35,From Corner,Argentina,3869151,0 days 01:05:35,0,0,0,0,0,0,1,0,0
2,65,42,From Corner,Argentina,3869151,0 days 01:05:42,0,0,0,0,0,0,1,0,0
2,65,44,From Corner,Argentina,3869151,0 days 01:05:44,0,0,0,0,0,0,1,0,0
2,65,47,From Corner,Argentina,3869151,0 days 01:05:47,0,0,0,0,0,0,1,0,0
2,65,50,From Corner,Argentina,3869151,0 days 01:05:50,0,0,0,0,0,0,0,1,0
2,66,1,From Goal Kick,Australia,3869151,0 days 01:06:01,0,0,0,0,0,0,1,0,0
2,66,10,From Goal Kick,Australia,3869151,0 days 01:06:10,0,0,0,0,0,0,1,0,0
2,66,13,From Goal Kick,Australia,3869151,0 days 01:06:13,0,0,0,0,0,0,1,0,0
2,66,16,From Goal Kick,Australia,3869151,0 days 01:06:16,0,0,0,0,0,0,1,0,0
2,66,19,From Goal Kick,Australia,3869151,0 days 01:06:19,0,0,0,0,0,0,1,0,0
2,66,21,From Goal Kick,Australia,3869151,0 days 01:06:21,0,0,0,0,0,0,1,0,0
2,66,25,From Goal Kick,Australia,3869151,0 days 01:06:25,0,0,0,0,0,0,1,0,0
2,66,26,From Goal Kick,Australia,3869151,0 days 01:06:26,0,0,0,0,0,0,1,0,0
2,66,29,From Goal Kick,Australia,3869151,0 days 01:06:29,0,0,0,0,0,0,1,0,0
2,66,31,From Goal Kick,Argentina,3869151,0 days 01:06:31,0,0,0,0,1,0,0,0,0
2,58,36,From Free Kick,Poland,3869152,0 days 00:58:36,0,0,0,0,0,0,1,0,0
2,58,40,From Free Kick,France,3869152,0 days 00:58:40,0,0,0,0,0,0,1,0,0
2,58,41,From Free Kick,Poland,3869152,0 days 00:58:41,1,0,0,0,0,0,0,0,0
2,58,41,From Free Kick,Poland,3869152,0 days 00:58:41,0,0,0,0,0,0,1,0,0
2,58,44,From Free Kick,Poland,3869152,0 days 00:58:44,0,0,0,0,0,0,1,0,0
2,58,45,From Free Kick,Poland,3869152,0 days 00:58:45,0,0,0,0,0,0,1,0,0
2,58,47,From Free Kick,France,3869152,0 days 00:58:47,0,0,0,0,0,1,0,0,0
2,58,53,From Throw In,Poland,3869152,0 days 00:58:53,0,0,0,0,0,0,1,0,0
2,58,56,From Throw In,Poland,3869152,0 days 00:58:56,0,0,0,0,0,0,1,0,0
2,58,56,From Throw In,Poland,3869152,0 days 00:58:56,0,0,0,0,0,0,1,0,0
2,58,59,From Throw In,Poland,3869152,0 days 00:58:59,0,0,0,0,0,0,1,0,0
2,59,2,From Throw In,Poland,3869152,0 days 00:59:02,0,0,0,0,0,0,1,0,0
2,59,5,From Throw In,France,3869152,0 days 00:59:05,0,0,0,0,0,0,1,0,0
2,59,7,From Throw In,France,3869152,0 days 00:59:07,0,0,0,0,0,0,1,0,0
2,59,9,From Throw In,Poland,3869152,0 days 00:59:09,1,0,0,0,0,0,0,0,0
2,59,15,From Throw In,Poland,3869152,0 days 00:59:15,0,0,0,0,0,0,1,0,0
2,59,18,From Throw In,Poland,3869152,0 days 00:59:18,0,0,0,0,0,0,1,0,0
2,59,20,From Throw In,Poland,3869152,0 days 00:59:20,0,0,0,0,0,0,1,0,0
2,59,24,From Throw In,Poland,3869152,0 days 00:59:24,0,0,0,0,0,0,1,0,0
2,59,27,From Throw In,Poland,3869152,0 days 00:59:27,0,0,0,0,0,0,1,0,0
2,59,31,From Throw In,Poland,3869152,0 days 00:59:31,0,0,0,0,0,0,1,0,0
2,59,35,From Throw In,Poland,3869152,0 days 00:59:35,0,0,0,0,0,0,1,0,0
2,59,38,From Throw In,Poland,3869152,0 days 00:59:38,0,0,0,0,0,0,1,0,0
2,59,41,From Throw In,Poland,3869152,0 days 00:59:41,0,0,0,0,0,0,1,0,0
2,59,47,From Throw In,Poland,3869152,0 days 00:59:47,0,0,0,0,0,0,1,0,0
2,59,50,From Throw In,Poland,3869152,0 days 00:59:50,0,0,0,0,0,0,1,0,0
2,59,51,From Throw In,Poland,3869152,0 days 00:59:51,0,0,0,0,0,0,1,0,0
2,59,54,From Throw In,Poland,3869152,0 days 00:59:54,0,0,0,0,0,0,1,0,0
2,60,0,From Throw In,Poland,3869152,0 days 01:00:00,0,0,0,0,0,0,1,0,0
2,60,2,From Throw In,Poland,3869152,0 days 01:00:02,0,0,0,0,0,0,1,0,0
2,60,3,From Throw In,Poland,3869152,0 days 01:00:03,0,0,0,0,0,0,1,0,0
2,60,5,From Throw In,Poland,3869152,0 days 01:00:05,0,0,0,0,0,0,1,0,0
2,60,6,From Throw In,Poland,3869152,0 days 01:00:06,0,0,0,0,0,0,1,0,0
2,60,9,From Throw In,Poland,3869152,0 days 01:00:09,0,0,0,0,0,0,1,0,0
2,60,10,Regular Play,France,3869152,0 days 01:00:10,0,0,0,0,0,1,0,0,0
2,60,11,Regular Play,France,3869152,0 days 01:00:11,0,0,0,0,0,0,1,0,0
2,60,16,Regular Play,Poland,3869152,0 days 01:00:16,0,0,0,0,1,0,0,0,0
2,60,20,Regular Play,France,3869152,0 days 01:00:20,0,0,0,0,0,0,1,0,0
2,60,23,Regular Play,France,3869152,0 days 01:00:23,0,0,0,0,0,0,1,0,0
2,60,25,Regular Play,France,3869152,0 days 01:00:25,0,0,1,0,0,0,0,0,0
2,60,25,Regular Play,Poland,3869152,0 days 01:00:25,0,0,0,0,0,0,0,0,1
2,60,30,Regular Play,Poland,3869152,0 days 01:00:30,0,0,0,0,0,0,1,0,0
2,60,31,Regular Play,France,3869152,0 days 01:00:31,0,0,0,0,0,0,1,0,0
2,60,33,Regular Play,Poland,3869152,0 days 01:00:33,0,0,0,0,0,1,0,0,0
2,60,34,Regular Play,France,3869152,0 days 01:00:34,0,0,0,0,0,0,1,0,0
2,60,36,Regular Play,France,3869152,0 days 01:00:36,0,0,0,0,0,0,1,0,0
2,60,37,Regular Play,France,3869152,0 days 01:00:37,0,0,0,0,0,0,1,0,0
2,60,38,Regular Play,France,3869152,0 days 01:00:38,0,0,0,0,0,0,1,0,0
2,60,41,Regular Play,France,3869152,0 days 01:00:41,0,0,0,0,0,0,1,0,0
2,60,44,Regular Play,France,3869152,0 days 01:00:44,0,0,0,0,0,0,1,0,0
2,60,45,Regular Play,France,3869152,0 days 01:00:45,0,0,0,0,0,0,1,0,0
2,60,50,Regular Play,France,3869152,0 days 01:00:50,0,0,0,0,0,0,1,0,0
2,60,52,Regular Play,France,3869152,0 days 01:00:52,0,0,0,0,0,0,1,0,0
2,60,54,Regular Play,France,3869152,0 days 01:00:54,0,0,0,0,0,0,1,0,0
2,60,57,Regular Play,France,3869152,0 days 01:00:57,0,0,0,0,0,0,1,0,0
2,60,59,Regular Play,France,3869152,0 days 01:00:59,0,0,0,0,0,0,1,0,0
2,61,5,Regular Play,France,3869152,0 days 01:01:05,0,0,0,0,0,0,1,0,0
2,61,7,Regular Play,France,3869152,0 days 01:01:07,0,0,0,0,0,0,1,0,0
2,61,8,Regular Play,France,3869152,0 days 01:01:08,0,0,0,0,0,0,1,0,0
2,61,9,Regular Play,France,3869152,0 days 01:01:09,0,0,0,0,0,0,1,0,0
2,61,10,Regular Play,France,3869152,0 days 01:01:10,0,0,0,0,0,0,1,0,0
2,61,12,Regular Play,France,3869152,0 days 01:01:12,0,0,0,0,0,0,1,0,0
2,61,17,Regular Play,France,3869152,0 days 01:01:17,0,0,0,0,0,0,1,0,0
2,61,18,Regular Play,France,3869152,0 days 01:01:18,0,0,0,0,0,0,1,0,0
2,61,22,Regular Play,France,3869152,0 days 01:01:22,0,0,0,0,0,0,1,0,0
2,61,27,Regular Play,France,3869152,0 days 01:01:27,0,0,0,0,0,0,1,0,0
2,61,30,Regular Play,France,3869152,0 days 01:01:30,0,0,0,0,0,0,1,0,0
2,61,31,Regular Play,France,3869152,0 days 01:01:31,0,0,0,0,0,0,1,0,0
2,61,35,Regular Play,France,3869152,0 days 01:01:35,0,0,0,0,0,0,1,0,0
2,61,38,Regular Play,France,3869152,0 days 01:01:38,0,0,0,0,0,0,1,0,0
2,61,40,Regular Play,France,3869152,0 days 01:01:40,0,0,0,0,0,0,1,0,0
2,61,42,Regular Play,France,3869152,0 days 01:01:42,0,0,0,0,0,0,1,0,0
2,61,44,Regular Play,France,3869152,0 days 01:01:44,0,0,1,0,0,0,0,0,0
2,61,44,Regular Play,Poland,3869152,0 days 01:01:44,0,0,0,0,0,0,0,0,1
2,61,46,Regular Play,Poland,3869152,0 days 01:01:46,0,0,0,0,0,0,1,0,0
2,61,49,Regular Play,France,3869152,0 days 01:01:49,0,0,0,0,0,0,1,0,0
2,61,51,Regular Play,France,3869152,0 days 01:01:51,0,0,0,0,0,0,1,0,0
2,61,52,Regular Play,France,3869152,0 days 01:01:52,0,0,0,0,0,0,1,0,0
2,61,56,Regular Play,France,3869152,0 days 01:01:56,0,0,0,0,0,0,1,0,0
2,61,57,Regular Play,France,3869152,0 days 01:01:57,0,0,0,0,0,0,1,0,0
2,61,59,Regular Play,France,3869152,0 days 01:01:59,0,0,0,0,0,0,1,0,0
2,62,1,Regular Play,France,3869152,0 days 01:02:01,0,0,0,0,0,0,1,0,0
2,62,4,Regular Play,France,3869152,0 days 01:02:04,0,0,0,0,0,0,1,0,0
2,62,6,Regular Play,France,3869152,0 days 01:02:06,0,0,0,0,0,0,1,0,0
2,62,10,Regular Play,France,3869152,0 days 01:02:10,0,0,0,0,0,0,1,0,0
2,62,13,Regular Play,France,3869152,0 days 01:02:13,0,0,0,0,0,0,1,0,0
2,62,18,Regular Play,France,3869152,0 days 01:02:18,0,0,0,0,0,0,1,0,0
2,62,20,Regular Play,France,3869152,0 days 01:02:20,0,0,0,0,0,0,1,0,0
2,62,23,Regular Play,France,3869152,0 days 01:02:23,0,0,0,0,0,0,1,0,0
2,62,27,Regular Play,France,3869152,0 days 01:02:27,0,0,0,0,0,0,1,0,0
2,62,31,Regular Play,France,3869152,0 days 01:02:31,0,0,0,0,0,0,1,0,0
2,62,40,Regular Play,France,3869152,0 days 01:02:40,0,0,0,0,0,0,1,0,0
2,62,41,Regular Play,France,3869152,0 days 01:02:41,0,0,0,0,0,0,1,0,0
2,62,41,Regular Play,France,3869152,0 days 01:02:41,0,0,0,0,0,0,0,1,0
2,62,45,Regular Play,France,3869152,0 days 01:02:45,1,0,0,0,0,0,0,0,0
2,62,47,Regular Play,France,3869152,0 days 01:02:47,0,0,0,0,0,0,1,0,0
2,62,50,Regular Play,France,3869152,0 days 01:02:50,0,0,0,0,0,0,1,0,0
2,62,51,Regular Play,France,3869152,0 days 01:02:51,0,0,0,0,0,0,1,0,0
2,62,54,Regular Play,France,3869152,0 days 01:02:54,0,0,0,0,0,0,1,0,0
2,62,56,Regular Play,France,3869152,0 days 01:02:56,0,0,0,0,0,0,1,0,0
2,62,58,Regular Play,France,3869152,0 days 01:02:58,0,0,0,0,0,0,1,0,0
2,62,59,Regular Play,Poland,3869152,0 days 01:02:59,0,0,0,0,0,1,0,0,0
2,63,0,Regular Play,France,3869152,0 days 01:03:00,1,0,0,0,0,0,0,0,0
2,63,0,Regular Play,France,3869152,0 days 01:03:00,0,0,0,0,0,0,1,0,0
2,63,49,From Free Kick,Poland,3869152,0 days 01:03:49,0,0,0,0,0,0,1,0,0
2,63,50,From Free Kick,France,3869152,0 days 01:03:50,0,0,0,0,0,0,1,0,0
2,63,52,From Free Kick,Poland,3869152,0 days 01:03:52,0,0,0,0,0,0,1,0,0
2,63,54,From Free Kick,Poland,3869152,0 days 01:03:54,0,0,0,0,0,0,1,0,0
2,63,58,From Free Kick,Poland,3869152,0 days 01:03:58,0,0,0,0,0,0,1,0,0
2,63,59,From Free Kick,Poland,3869152,0 days 01:03:59,0,0,0,0,0,0,1,0,0
2,64,2,From Free Kick,Poland,3869152,0 days 01:04:02,0,0,0,0,0,0,1,0,0
2,64,3,Regular Play,France,3869152,0 days 01:04:03,0,0,0,0,0,1,0,0,0
2,64,4,Regular Play,France,3869152,0 days 01:04:04,0,0,0,0,0,0,1,0,0
2,64,5,Regular Play,France,3869152,0 days 01:04:05,0,0,0,0,0,0,1,0,0
2,64,9,Regular Play,France,3869152,0 days 01:04:09,0,0,0,0,0,0,1,0,0
2,64,12,Regular Play,Poland,3869152,0 days 01:04:12,1,0,0,0,0,0,0,0,0
2,64,14,Regular Play,Poland,3869152,0 days 01:04:14,0,0,0,0,0,0,1,0,0
2,64,19,Regular Play,Poland,3869152,0 days 01:04:19,0,0,0,0,0,0,1,0,0
2,64,21,Regular Play,Poland,3869152,0 days 01:04:21,0,0,0,0,0,0,1,0,0
2,64,26,Regular Play,Poland,3869152,0 days 01:04:26,0,0,0,0,0,0,1,0,0
2,64,30,Regular Play,Poland,3869152,0 days 01:04:30,0,0,0,0,0,0,1,0,0
2,64,31,Regular Play,France,3869152,0 days 01:04:31,0,1,0,0,0,0,0,0,0
2,64,34,Regular Play,France,3869152,0 days 01:04:34,0,0,0,0,0,0,1,0,0
2,64,36,Regular Play,France,3869152,0 days 01:04:36,0,0,0,0,0,0,1,0,0
2,64,43,Regular Play,France,3869152,0 days 01:04:43,0,0,0,0,0,0,1,0,0
2,64,46,Regular Play,France,3869152,0 days 01:04:46,0,0,0,0,0,0,1,0,0
2,64,49,Regular Play,France,3869152,0 days 01:04:49,0,0,0,0,0,0,1,0,0
2,64,54,Regular Play,France,3869152,0 days 01:04:54,0,0,0,0,0,0,1,0,0
2,64,57,Regular Play,France,3869152,0 days 01:04:57,0,0,0,0,0,0,1,0,0
2,65,0,Regular Play,France,3869152,0 days 01:05:00,0,0,0,0,0,0,1,0,0
2,65,4,Regular Play,France,3869152,0 days 01:05:04,0,0,0,0,0,0,1,0,0
2,65,8,Regular Play,France,3869152,0 days 01:05:08,0,0,0,0,0,0,1,0,0
2,65,8,Regular Play,France,3869152,0 days 01:05:08,0,0,0,0,0,0,0,1,0
2,65,50,From Goal Kick,Poland,3869152,0 days 01:05:50,0,0,0,0,0,0,1,0,0
2,65,53,From Goal Kick,France,3869152,0 days 01:05:53,0,1,0,0,0,0,0,0,0
2,65,54,From Goal Kick,France,3869152,0 days 01:05:54,0,0,0,0,0,0,1,0,0
2,65,57,From Goal Kick,Poland,3869152,0 days 01:05:57,0,0,0,0,0,0,1,0,0
2,65,59,From Goal Kick,Poland,3869152,0 days 01:05:59,0,0,0,1,0,0,0,0,0
2,65,59,From Goal Kick,France,3869152,0 days 01:05:59,0,0,0,0,0,0,0,0,1
2,66,0,From Goal Kick,France,3869152,0 days 01:06:00,1,0,0,0,0,0,0,0,0
2,66,4,From Goal Kick,France,3869152,0 days 01:06:04,0,0,0,0,0,0,1,0,0
2,66,5,From Goal Kick,Poland,3869152,0 days 01:06:05,1,0,0,0,0,0,0,0,0
2,66,8,From Goal Kick,Poland,3869152,0 days 01:06:08,0,0,0,0,0,0,1,0,0
2,66,11,From Goal Kick,Poland,3869152,0 days 01:06:11,0,0,0,0,0,0,1,0,0
2,66,51,From Goal Kick,France,3869152,0 days 01:06:51,0,0,0,0,0,0,1,0,0
2,66,54,From Goal Kick,Poland,3869152,0 days 01:06:54,0,0,0,0,0,0,1,0,0
2,66,57,From Goal Kick,France,3869152,0 days 01:06:57,0,0,0,0,0,0,1,0,0
2,57,26,From Corner,Japan,3869219,0 days 00:57:26,0,0,0,0,0,0,1,0,0
2,57,31,From Corner,Japan,3869219,0 days 00:57:31,1,0,0,0,0,0,0,0,0
2,57,33,From Corner,Japan,3869219,0 days 00:57:33,0,0,0,0,0,0,1,0,0
2,57,34,From Corner,Croatia,3869219,0 days 00:57:34,1,0,0,0,0,0,0,0,0
2,57,36,From Corner,Croatia,3869219,0 days 00:57:36,0,0,0,0,0,0,1,0,0
2,57,38,From Corner,Croatia,3869219,0 days 00:57:38,0,0,0,0,0,0,1,0,0
2,57,41,From Corner,Japan,3869219,0 days 00:57:41,1,0,0,0,0,0,0,0,0
2,57,44,From Corner,Japan,3869219,0 days 00:57:44,0,0,0,0,0,0,1,0,0
2,57,51,From Corner,Japan,3869219,0 days 00:57:51,0,0,0,0,0,0,1,0,0
2,57,54,From Corner,Japan,3869219,0 days 00:57:54,0,0,0,0,0,0,1,0,0
2,57,56,From Corner,Japan,3869219,0 days 00:57:56,0,0,0,0,0,0,1,0,0
2,57,59,Regular Play,Croatia,3869219,0 days 00:57:59,1,0,0,0,0,0,0,0,0
2,58,0,Regular Play,Croatia,3869219,0 days 00:58:00,0,0,0,0,0,0,1,0,0
2,58,5,Regular Play,Croatia,3869219,0 days 00:58:05,0,0,0,1,0,0,0,0,0
2,58,7,Regular Play,Japan,3869219,0 days 00:58:07,0,1,0,0,0,0,0,0,0
2,58,12,Regular Play,Croatia,3869219,0 days 00:58:12,1,0,0,0,0,0,0,0,0
2,58,15,Regular Play,Croatia,3869219,0 days 00:58:15,0,0,0,0,0,0,1,0,0
2,58,17,Regular Play,Croatia,3869219,0 days 00:58:17,0,0,0,0,0,0,1,0,0
2,58,18,Regular Play,Japan,3869219,0 days 00:58:18,1,0,0,0,0,0,0,0,0
2,58,21,Regular Play,Japan,3869219,0 days 00:58:21,0,0,0,0,0,0,1,0,0
2,58,51,From Throw In,Croatia,3869219,0 days 00:58:51,0,0,0,0,0,0,1,0,0
2,58,55,From Throw In,Croatia,3869219,0 days 00:58:55,0,0,0,0,0,0,1,0,0
2,58,55,From Throw In,Japan,3869219,0 days 00:58:55,0,1,0,0,0,0,0,0,0
2,58,58,From Throw In,Croatia,3869219,0 days 00:58:58,0,0,0,0,0,0,1,0,0
2,58,59,From Throw In,Croatia,3869219,0 days 00:58:59,0,0,0,0,0,0,1,0,0
2,59,0,From Throw In,Japan,3869219,0 days 00:59:00,0,1,0,0,0,0,0,0,0
2,59,3,From Throw In,Croatia,3869219,0 days 00:59:03,0,1,0,0,0,0,0,0,0
2,59,6,Regular Play,Japan,3869219,0 days 00:59:06,1,0,0,0,0,0,0,0,0
2,59,6,Regular Play,Japan,3869219,0 days 00:59:06,0,0,0,0,0,0,1,0,0
2,59,7,Regular Play,Japan,3869219,0 days 00:59:07,0,0,0,0,0,0,1,0,0
2,59,11,Regular Play,Japan,3869219,0 days 00:59:11,0,0,0,0,0,0,1,0,0
2,59,14,Regular Play,Japan,3869219,0 days 00:59:14,0,0,0,0,0,0,1,0,0
2,59,17,Regular Play,Japan,3869219,0 days 00:59:17,0,0,0,0,0,0,1,0,0
2,59,19,Regular Play,Japan,3869219,0 days 00:59:19,0,0,0,0,0,0,1,0,0
2,59,23,Regular Play,Japan,3869219,0 days 00:59:23,0,0,0,0,0,0,1,0,0
2,59,25,Regular Play,Japan,3869219,0 days 00:59:25,0,0,0,0,0,0,1,0,0
2,59,26,Regular Play,Japan,3869219,0 days 00:59:26,0,0,0,0,0,0,1,0,0
2,59,32,Regular Play,Japan,3869219,0 days 00:59:32,0,0,0,0,0,0,1,0,0
2,59,35,Regular Play,Japan,3869219,0 days 00:59:35,0,0,0,0,0,0,1,0,0
2,59,38,Regular Play,Japan,3869219,0 days 00:59:38,0,0,0,0,0,0,1,0,0
2,59,41,Regular Play,Japan,3869219,0 days 00:59:41,0,0,0,0,0,0,1,0,0
2,59,43,Regular Play,Croatia,3869219,0 days 00:59:43,0,1,0,0,0,0,0,0,0
2,59,45,Regular Play,Japan,3869219,0 days 00:59:45,1,0,0,0,0,0,0,0,0
2,59,48,Regular Play,Japan,3869219,0 days 00:59:48,0,0,0,0,0,0,0,1,0
2,59,49,Regular Play,Japan,3869219,0 days 00:59:49,1,0,0,0,0,0,0,0,0
2,59,49,Regular Play,Japan,3869219,0 days 00:59:49,0,0,0,0,0,0,0,1,0
2,59,50,Regular Play,Japan,3869219,0 days 00:59:50,1,0,0,0,0,0,0,0,0
2,59,51,Regular Play,Japan,3869219,0 days 00:59:51,0,0,0,0,0,0,1,0,0
2,59,52,Regular Play,Japan,3869219,0 days 00:59:52,0,0,0,0,0,0,0,1,0
2,60,1,From Keeper,Croatia,3869219,0 days 01:00:01,0,0,0,0,0,0,1,0,0
2,60,31,Regular Play,Croatia,3869219,0 days 01:00:31,1,0,0,0,0,0,0,0,0
2,60,35,Regular Play,Croatia,3869219,0 days 01:00:35,0,0,0,0,0,0,1,0,0
2,60,47,Regular Play,Croatia,3869219,0 days 01:00:47,0,0,0,0,0,0,1,0,0
2,60,53,Regular Play,Croatia,3869219,0 days 01:00:53,0,0,0,0,0,0,1,0,0
2,60,55,Regular Play,Croatia,3869219,0 days 01:00:55,0,0,0,0,0,0,1,0,0
2,60,56,Regular Play,Croatia,3869219,0 days 01:00:56,0,0,0,0,0,0,1,0,0
2,60,59,Regular Play,Croatia,3869219,0 days 01:00:59,0,0,0,0,0,0,1,0,0
2,61,0,Regular Play,Japan,3869219,0 days 01:01:00,0,1,0,0,0,0,0,0,0
2,61,2,Regular Play,Japan,3869219,0 days 01:01:02,1,0,0,0,0,0,0,0,0
2,61,2,Regular Play,Croatia,3869219,0 days 01:01:02,0,0,0,0,1,0,0,0,0
2,61,37,From Free Kick,Japan,3869219,0 days 01:01:37,0,0,0,0,0,0,1,0,0
2,61,40,Regular Play,Croatia,3869219,0 days 01:01:40,0,0,0,0,0,0,1,0,0
2,61,46,Regular Play,Croatia,3869219,0 days 01:01:46,0,0,0,0,0,0,1,0,0
2,61,50,Regular Play,Croatia,3869219,0 days 01:01:50,0,0,0,0,0,0,1,0,0
2,61,52,Regular Play,Croatia,3869219,0 days 01:01:52,0,0,0,0,0,0,1,0,0
2,61,55,Regular Play,Croatia,3869219,0 days 01:01:55,0,0,0,0,0,0,1,0,0
2,61,57,Regular Play,Croatia,3869219,0 days 01:01:57,0,0,0,0,0,0,1,0,0
2,61,59,Regular Play,Croatia,3869219,0 days 01:01:59,0,0,0,0,0,0,1,0,0
2,62,1,Regular Play,Croatia,3869219,0 days 01:02:01,0,0,0,0,0,0,1,0,0
2,62,3,Regular Play,Croatia,3869219,0 days 01:02:03,0,0,0,0,0,0,1,0,0
2,62,8,Regular Play,Croatia,3869219,0 days 01:02:08,0,0,0,0,0,0,1,0,0
2,62,9,Regular Play,Japan,3869219,0 days 01:02:09,0,0,0,0,0,1,0,0,0
2,62,11,Regular Play,Croatia,3869219,0 days 01:02:11,0,0,0,0,0,0,1,0,0
2,62,13,Regular Play,Croatia,3869219,0 days 01:02:13,0,0,0,0,0,0,0,1,0
2,62,51,From Corner,Croatia,3869219,0 days 01:02:51,0,0,0,0,0,0,1,0,0
2,62,53,From Corner,Croatia,3869219,0 days 01:02:53,0,0,0,0,0,0,1,0,0
2,63,58,From Goal Kick,Japan,3869219,0 days 01:03:58,0,0,0,0,0,0,1,0,0
2,64,3,From Goal Kick,Japan,3869219,0 days 01:04:03,1,0,0,0,0,0,0,0,0
2,64,6,Regular Play,Croatia,3869219,0 days 01:04:06,1,0,0,0,0,0,0,0,0
2,64,13,Regular Play,Croatia,3869219,0 days 01:04:13,0,0,0,0,0,0,1,0,0
2,64,15,Regular Play,Croatia,3869219,0 days 01:04:15,0,0,0,0,0,0,1,0,0
2,64,20,Regular Play,Croatia,3869219,0 days 01:04:20,0,0,0,0,0,0,1,0,0
2,64,25,Regular Play,Croatia,3869219,0 days 01:04:25,0,0,0,0,0,0,1,0,0
2,64,29,Regular Play,Croatia,3869219,0 days 01:04:29,0,0,0,0,0,0,1,0,0
2,64,33,Regular Play,Croatia,3869219,0 days 01:04:33,0,0,0,0,0,0,1,0,0
2,64,35,Regular Play,Japan,3869219,0 days 01:04:35,0,0,0,0,0,0,1,0,0
2,64,37,Regular Play,Croatia,3869219,0 days 01:04:37,1,0,0,0,0,0,0,0,0
2,64,39,Regular Play,Croatia,3869219,0 days 01:04:39,0,0,0,0,0,0,1,0,0
2,64,42,Regular Play,Croatia,3869219,0 days 01:04:42,0,0,0,0,0,0,1,0,0
2,64,44,Regular Play,Croatia,3869219,0 days 01:04:44,0,0,0,0,0,0,1,0,0
2,64,46,Regular Play,Croatia,3869219,0 days 01:04:46,0,0,0,0,0,0,1,0,0
2,64,52,Regular Play,Croatia,3869219,0 days 01:04:52,0,0,0,0,0,0,1,0,0
2,64,56,Regular Play,Croatia,3869219,0 days 01:04:56,0,0,0,0,0,0,1,0,0
2,64,57,Regular Play,Croatia,3869219,0 days 01:04:57,0,0,0,0,0,0,1,0,0
2,65,2,Regular Play,Croatia,3869219,0 days 01:05:02,0,0,0,0,0,0,1,0,0
2,65,9,Regular Play,Croatia,3869219,0 days 01:05:09,0,0,0,0,0,0,1,0,0
2,65,13,Regular Play,Croatia,3869219,0 days 01:05:13,0,0,0,0,0,0,1,0,0
2,65,15,Regular Play,Japan,3869219,0 days 01:05:15,0,0,0,0,0,0,1,0,0
2,65,16,Regular Play,Japan,3869219,0 days 01:05:16,0,0,0,0,0,0,1,0,0
2,65,18,Regular Play,Croatia,3869219,0 days 01:05:18,1,0,0,0,0,0,0,0,0
2,65,21,Regular Play,Croatia,3869219,0 days 01:05:21,0,0,0,0,0,0,1,0,0
2,65,22,Regular Play,Croatia,3869219,0 days 01:05:22,0,0,0,0,0,0,1,0,0
2,65,25,Regular Play,Croatia,3869219,0 days 01:05:25,0,0,0,0,0,0,1,0,0
2,65,26,Regular Play,Japan,3869219,0 days 01:05:26,0,1,0,0,0,0,0,0,0
2,65,28,Regular Play,Croatia,3869219,0 days 01:05:28,1,0,0,0,0,0,0,0,0
2,65,30,Regular Play,Croatia,3869219,0 days 01:05:30,0,0,0,0,0,0,1,0,0
2,65,32,Regular Play,Croatia,3869219,0 days 01:05:32,0,0,0,0,0,0,0,1,0
2,65,34,Regular Play,Japan,3869219,0 days 01:05:34,0,1,0,0,0,0,0,0,0
2,65,36,Regular Play,Croatia,3869219,0 days 01:05:36,0,0,0,0,0,0,1,0,0
2,65,44,Regular Play,Croatia,3869219,0 days 01:05:44,0,0,0,0,0,0,1,0,0
2,65,49,Regular Play,Croatia,3869219,0 days 01:05:49,0,0,0,0,0,0,1,0,0
2,65,52,Regular Play,Croatia,3869219,0 days 01:05:52,0,0,0,0,0,0,0,1,0
2,65,53,Regular Play,Croatia,3869219,0 days 01:05:53,1,0,0,0,0,0,0,0,0
2,65,53,Regular Play,Croatia,3869219,0 days 01:05:53,0,0,0,0,0,0,0,1,0
2,66,24,From Goal Kick,Japan,3869219,0 days 01:06:24,0,0,0,0,0,0,1,0,0
2,66,36,From Throw In,Croatia,3869219,0 days 01:06:36,0,0,0,0,0,0,1,0,0
2,66,37,From Throw In,Croatia,3869219,0 days 01:06:37,0,0,0,0,0,0,1,0,0
2,66,38,From Throw In,Croatia,3869219,0 days 01:06:38,0,0,0,0,0,0,1,0,0
2,66,38,From Throw In,Japan,3869219,0 days 01:06:38,0,0,0,0,0,1,0,0,0
2,57,11,From Throw In,Morocco,3869220,0 days 00:57:11,0,0,0,0,0,0,1,0,0
2,57,12,From Throw In,Spain,3869220,0 days 00:57:12,0,0,0,0,0,1,0,0,0
2,57,34,From Throw In,Morocco,3869220,0 days 00:57:34,0,0,0,0,0,0,1,0,0
2,57,36,From Throw In,Morocco,3869220,0 days 00:57:36,0,0,0,1,0,0,0,0,0
2,57,37,From Throw In,Morocco,3869220,0 days 00:57:37,0,0,0,0,0,0,1,0,0
2,57,39,From Throw In,Morocco,3869220,0 days 00:57:39,0,0,1,0,0,0,0,0,0
2,57,39,Regular Play,Spain,3869220,0 days 00:57:39,0,0,0,0,0,0,0,0,1
2,57,40,Regular Play,Spain,3869220,0 days 00:57:40,1,0,0,0,0,0,0,0,0
2,57,45,Regular Play,Spain,3869220,0 days 00:57:45,0,0,0,0,0,0,1,0,0
2,57,45,Regular Play,Morocco,3869220,0 days 00:57:45,0,0,0,0,1,0,0,0,0
2,57,59,From Free Kick,Spain,3869220,0 days 00:57:59,0,0,0,0,0,0,1,0,0
2,58,8,From Free Kick,Spain,3869220,0 days 00:58:08,0,0,0,0,0,0,1,0,0
2,58,12,From Free Kick,Spain,3869220,0 days 00:58:12,0,0,0,0,0,0,1,0,0
2,58,16,From Free Kick,Spain,3869220,0 days 00:58:16,0,0,0,0,0,0,1,0,0
2,58,17,From Free Kick,Spain,3869220,0 days 00:58:17,0,0,0,0,0,0,1,0,0
2,58,20,From Free Kick,Spain,3869220,0 days 00:58:20,0,0,0,0,0,0,1,0,0
2,58,21,From Free Kick,Spain,3869220,0 days 00:58:21,0,0,0,0,0,0,1,0,0
2,58,22,From Free Kick,Morocco,3869220,0 days 00:58:22,0,0,0,0,1,0,0,0,0
2,58,23,From Free Kick,Spain,3869220,0 days 00:58:23,0,0,0,0,0,0,1,0,0
2,58,26,From Free Kick,Spain,3869220,0 days 00:58:26,0,0,0,1,0,0,0,0,0
2,58,26,From Free Kick,Morocco,3869220,0 days 00:58:26,0,0,0,0,0,0,0,0,1
2,58,52,From Throw In,Spain,3869220,0 days 00:58:52,0,0,0,0,0,0,1,0,0
2,58,56,From Throw In,Spain,3869220,0 days 00:58:56,0,0,0,0,0,0,1,0,0
2,59,0,From Throw In,Spain,3869220,0 days 00:59:00,0,0,0,0,0,0,1,0,0
2,59,3,From Throw In,Spain,3869220,0 days 00:59:03,0,0,0,0,0,0,1,0,0
2,59,4,From Throw In,Spain,3869220,0 days 00:59:04,0,0,0,0,0,0,1,0,0
2,59,4,From Throw In,Morocco,3869220,0 days 00:59:04,0,0,0,0,0,1,0,0,0
2,59,6,From Throw In,Spain,3869220,0 days 00:59:06,1,0,0,0,0,0,0,0,0
2,59,7,From Throw In,Spain,3869220,0 days 00:59:07,0,0,0,0,0,0,1,0,0
2,59,13,From Throw In,Spain,3869220,0 days 00:59:13,0,0,0,0,0,0,1,0,0
2,59,17,From Throw In,Spain,3869220,0 days 00:59:17,0,0,0,0,0,0,1,0,0
2,59,21,From Throw In,Spain,3869220,0 days 00:59:21,0,0,0,0,0,0,1,0,0
2,59,22,From Throw In,Morocco,3869220,0 days 00:59:22,0,1,0,0,0,0,0,0,0
2,59,24,From Throw In,Spain,3869220,0 days 00:59:24,0,0,0,0,0,0,1,0,0
2,59,27,From Throw In,Morocco,3869220,0 days 00:59:27,1,0,0,0,0,0,0,0,0
2,59,40,From Throw In,Morocco,3869220,0 days 00:59:40,0,0,0,0,0,0,1,0,0
2,59,58,From Goal Kick,Spain,3869220,0 days 00:59:58,0,0,0,0,0,0,1,0,0
2,60,3,From Goal Kick,Spain,3869220,0 days 01:00:03,0,0,0,0,0,0,1,0,0
2,60,5,From Goal Kick,Spain,3869220,0 days 01:00:05,0,0,0,0,0,0,1,0,0
2,60,7,From Goal Kick,Spain,3869220,0 days 01:00:07,0,0,0,0,0,0,1,0,0
2,60,10,From Goal Kick,Spain,3869220,0 days 01:00:10,0,0,0,0,0,0,1,0,0
2,60,12,From Goal Kick,Spain,3869220,0 days 01:00:12,0,0,0,0,0,0,1,0,0
2,60,15,From Goal Kick,Spain,3869220,0 days 01:00:15,0,0,0,0,0,0,1,0,0
2,60,21,From Goal Kick,Spain,3869220,0 days 01:00:21,0,0,0,0,0,0,1,0,0
2,60,25,From Goal Kick,Spain,3869220,0 days 01:00:25,0,0,0,0,0,0,1,0,0
2,60,27,From Goal Kick,Spain,3869220,0 days 01:00:27,0,0,0,0,0,0,1,0,0
2,60,28,From Goal Kick,Morocco,3869220,0 days 01:00:28,0,0,0,0,1,0,0,0,0
2,61,27,From Free Kick,Spain,3869220,0 days 01:01:27,0,0,0,0,0,0,1,0,0
2,61,29,From Free Kick,Spain,3869220,0 days 01:01:29,0,0,0,0,0,0,1,0,0
2,61,32,From Free Kick,Spain,3869220,0 days 01:01:32,0,0,0,0,0,0,1,0,0
2,61,35,From Free Kick,Spain,3869220,0 days 01:01:35,0,0,0,0,0,0,1,0,0
2,61,36,From Free Kick,Morocco,3869220,0 days 01:01:36,0,1,0,0,0,0,0,0,0
2,61,43,Regular Play,Morocco,3869220,0 days 01:01:43,1,0,0,0,0,0,0,0,0
2,61,43,Regular Play,Morocco,3869220,0 days 01:01:43,0,0,0,0,0,0,1,0,0
2,61,44,Regular Play,Morocco,3869220,0 days 01:01:44,0,0,0,0,0,0,1,0,0
2,61,47,Regular Play,Morocco,3869220,0 days 01:01:47,0,0,0,0,0,0,1,0,0
2,61,51,Regular Play,Morocco,3869220,0 days 01:01:51,0,0,0,0,0,0,1,0,0
2,63,23,From Throw In,Morocco,3869220,0 days 01:03:23,0,0,0,0,0,0,1,0,0
2,63,24,From Throw In,Morocco,3869220,0 days 01:03:24,0,0,0,0,0,0,1,0,0
2,63,25,From Throw In,Morocco,3869220,0 days 01:03:25,0,0,0,0,0,0,1,0,0
2,63,30,From Throw In,Morocco,3869220,0 days 01:03:30,0,0,0,0,0,0,1,0,0
2,63,35,From Throw In,Morocco,3869220,0 days 01:03:35,0,0,0,0,0,0,1,0,0
2,63,40,From Throw In,Morocco,3869220,0 days 01:03:40,0,0,0,0,0,0,1,0,0
2,63,42,Regular Play,Spain,3869220,0 days 01:03:42,1,0,0,0,0,0,0,0,0
2,63,45,Regular Play,Spain,3869220,0 days 01:03:45,0,0,0,0,0,0,1,0,0
2,63,48,Regular Play,Spain,3869220,0 days 01:03:48,0,0,0,0,0,0,1,0,0
2,63,52,Regular Play,Spain,3869220,0 days 01:03:52,0,0,0,0,0,0,1,0,0
2,63,56,Regular Play,Spain,3869220,0 days 01:03:56,0,0,0,0,0,0,1,0,0
2,63,59,Regular Play,Spain,3869220,0 days 01:03:59,0,0,0,0,0,0,1,0,0
2,64,3,Regular Play,Spain,3869220,0 days 01:04:03,0,0,0,0,0,0,1,0,0
2,64,5,Regular Play,Spain,3869220,0 days 01:04:05,0,0,0,0,0,0,1,0,0
2,64,8,Regular Play,Spain,3869220,0 days 01:04:08,0,0,0,0,0,0,1,0,0
2,64,10,Regular Play,Spain,3869220,0 days 01:04:10,0,0,0,0,0,0,1,0,0
2,64,13,Regular Play,Spain,3869220,0 days 01:04:13,0,0,0,0,0,0,1,0,0
2,64,16,Regular Play,Spain,3869220,0 days 01:04:16,0,0,0,0,0,0,1,0,0
2,64,19,Regular Play,Spain,3869220,0 days 01:04:19,0,0,0,0,0,0,1,0,0
2,64,22,Regular Play,Morocco,3869220,0 days 01:04:22,1,0,0,0,0,0,0,0,0
2,64,23,Regular Play,Morocco,3869220,0 days 01:04:23,0,0,0,0,0,0,1,0,0
2,64,28,Regular Play,Spain,3869220,0 days 01:04:28,0,0,0,0,0,0,1,0,0
2,64,30,Regular Play,Spain,3869220,0 days 01:04:30,0,0,0,0,0,0,1,0,0
2,64,33,Regular Play,Spain,3869220,0 days 01:04:33,0,0,0,0,0,0,1,0,0
2,64,37,Regular Play,Spain,3869220,0 days 01:04:37,0,0,0,0,0,0,1,0,0
2,64,42,Regular Play,Spain,3869220,0 days 01:04:42,0,0,0,0,0,0,1,0,0
2,64,44,Regular Play,Spain,3869220,0 days 01:04:44,0,0,0,0,0,0,1,0,0
2,64,47,Regular Play,Spain,3869220,0 days 01:04:47,0,0,0,0,0,0,1,0,0
2,64,47,Regular Play,Morocco,3869220,0 days 01:04:47,0,1,0,0,0,0,0,0,0
2,64,49,Regular Play,Spain,3869220,0 days 01:04:49,0,0,0,0,0,0,1,0,0
2,64,53,Regular Play,Spain,3869220,0 days 01:04:53,0,0,0,0,0,0,1,0,0
2,64,55,Regular Play,Spain,3869220,0 days 01:04:55,0,0,0,0,0,0,1,0,0
2,64,58,Regular Play,Spain,3869220,0 days 01:04:58,0,0,0,0,0,0,1,0,0
2,66,12,From Goal Kick,Morocco,3869220,0 days 01:06:12,0,0,0,0,0,0,1,0,0
2,66,15,From Goal Kick,Spain,3869220,0 days 01:06:15,0,0,0,0,0,0,1,0,0
2,66,16,From Goal Kick,Morocco,3869220,0 days 01:06:16,1,0,0,0,0,0,0,0,0
2,66,18,From Goal Kick,Spain,3869220,0 days 01:06:18,1,0,0,0,0,0,0,0,0
2,66,19,From Goal Kick,Spain,3869220,0 days 01:06:19,0,0,0,0,0,0,1,0,0
2,66,21,From Goal Kick,Morocco,3869220,0 days 01:06:21,0,0,0,0,0,0,1,0,0
2,66,23,From Goal Kick,Morocco,3869220,0 days 01:06:23,0,0,0,0,0,0,1,0,0
2,66,25,Regular Play,Spain,3869220,0 days 01:06:25,1,0,0,0,0,0,0,0,0
2,66,25,Regular Play,Spain,3869220,0 days 01:06:25,0,0,0,0,0,0,1,0,0
2,66,30,Regular Play,Spain,3869220,0 days 01:06:30,0,0,0,0,0,0,1,0,0
2,66,34,Regular Play,Spain,3869220,0 days 01:06:34,0,0,0,0,0,0,1,0,0
2,66,36,Regular Play,Spain,3869220,0 days 01:06:36,0,0,0,0,0,0,1,0,0
2,66,38,Regular Play,Spain,3869220,0 days 01:06:38,0,0,0,0,0,0,1,0,0
2,66,42,Regular Play,Spain,3869220,0 days 01:06:42,0,0,0,0,0,0,1,0,0
2,66,44,Regular Play,Spain,3869220,0 days 01:06:44,0,0,0,0,0,0,1,0,0
2,66,47,Regular Play,Spain,3869220,0 days 01:06:47,0,0,0,0,0,0,1,0,0
2,66,49,Regular Play,Spain,3869220,0 days 01:06:49,0,0,0,0,0,0,1,0,0
2,66,54,Regular Play,Spain,3869220,0 days 01:06:54,0,0,0,0,0,0,1,0,0
2,66,58,Regular Play,Spain,3869220,0 days 01:06:58,0,0,0,0,0,0,1,0,0
2,57,0,From Free Kick,Brazil,3869253,0 days 00:57:00,0,0,0,0,0,0,0,1,0
2,57,30,From Corner,Brazil,3869253,0 days 00:57:30,0,0,0,0,0,0,1,0,0
2,57,32,From Corner,Brazil,3869253,0 days 00:57:32,0,0,0,0,0,0,1,0,0
2,57,35,From Corner,Brazil,3869253,0 days 00:57:35,0,0,0,0,0,0,1,0,0
2,57,36,From Corner,South Korea,3869253,0 days 00:57:36,0,1,0,0,0,0,0,0,0
2,57,37,Regular Play,South Korea,3869253,0 days 00:57:37,0,0,0,0,0,0,1,0,0
2,57,40,Regular Play,South Korea,3869253,0 days 00:57:40,0,0,0,0,0,0,1,0,0
2,57,43,Regular Play,Brazil,3869253,0 days 00:57:43,0,0,0,0,1,0,0,0,0
2,57,55,From Free Kick,South Korea,3869253,0 days 00:57:55,0,0,0,0,0,0,1,0,0
2,57,58,From Free Kick,South Korea,3869253,0 days 00:57:58,0,0,0,0,0,0,1,0,0
2,58,1,From Free Kick,South Korea,3869253,0 days 00:58:01,0,0,0,0,0,0,1,0,0
2,58,5,From Free Kick,South Korea,3869253,0 days 00:58:05,0,0,0,0,0,0,1,0,0
2,58,9,From Free Kick,South Korea,3869253,0 days 00:58:09,0,0,0,0,0,0,1,0,0
2,58,13,From Free Kick,South Korea,3869253,0 days 00:58:13,0,0,0,0,0,0,1,0,0
2,58,15,From Free Kick,South Korea,3869253,0 days 00:58:15,0,0,0,0,0,0,1,0,0
2,58,20,From Free Kick,South Korea,3869253,0 days 00:58:20,0,0,0,0,0,0,1,0,0
2,58,26,From Free Kick,South Korea,3869253,0 days 00:58:26,0,0,0,0,0,0,1,0,0
2,58,28,From Free Kick,South Korea,3869253,0 days 00:58:28,0,0,0,0,0,0,1,0,0
2,58,31,From Free Kick,South Korea,3869253,0 days 00:58:31,0,0,0,0,0,0,1,0,0
2,58,32,From Free Kick,South Korea,3869253,0 days 00:58:32,0,0,0,0,0,0,1,0,0
2,58,33,From Free Kick,South Korea,3869253,0 days 00:58:33,0,0,0,0,0,0,1,0,0
2,58,36,From Free Kick,South Korea,3869253,0 days 00:58:36,0,0,0,0,0,0,1,0,0
2,58,37,From Free Kick,South Korea,3869253,0 days 00:58:37,0,0,0,0,0,0,1,0,0
2,58,38,From Free Kick,Brazil,3869253,0 days 00:58:38,0,0,0,0,0,1,0,0,0
2,58,40,From Free Kick,South Korea,3869253,0 days 00:58:40,1,0,0,0,0,0,0,0,0
2,58,41,From Free Kick,South Korea,3869253,0 days 00:58:41,0,0,0,0,0,0,1,0,0
2,58,44,From Free Kick,South Korea,3869253,0 days 00:58:44,0,0,0,0,0,0,1,0,0
2,58,45,From Free Kick,South Korea,3869253,0 days 00:58:45,0,0,0,0,0,0,1,0,0
2,58,50,From Free Kick,South Korea,3869253,0 days 00:58:50,0,0,0,0,0,0,1,0,0
2,58,52,From Free Kick,South Korea,3869253,0 days 00:58:52,0,0,0,0,0,0,1,0,0
2,58,54,From Free Kick,South Korea,3869253,0 days 00:58:54,0,0,0,0,0,0,1,0,0
2,58,55,From Free Kick,South Korea,3869253,0 days 00:58:55,0,0,0,0,0,0,1,0,0
2,58,57,From Free Kick,South Korea,3869253,0 days 00:58:57,0,0,0,0,0,0,1,0,0
2,58,59,From Free Kick,South Korea,3869253,0 days 00:58:59,0,0,0,0,0,0,1,0,0
2,59,3,From Free Kick,South Korea,3869253,0 days 00:59:03,0,0,0,0,0,0,1,0,0
2,59,10,From Free Kick,South Korea,3869253,0 days 00:59:10,0,0,0,0,0,0,1,0,0
2,59,17,From Free Kick,South Korea,3869253,0 days 00:59:17,0,0,0,0,0,0,1,0,0
2,59,17,From Free Kick,Brazil,3869253,0 days 00:59:17,0,0,0,0,0,1,0,0,0
2,59,18,Regular Play,Brazil,3869253,0 days 00:59:18,1,0,0,0,0,0,0,0,0
2,59,19,Regular Play,Brazil,3869253,0 days 00:59:19,0,0,0,0,0,0,1,0,0
2,59,21,Regular Play,South Korea,3869253,0 days 00:59:21,0,0,0,0,0,1,0,0,0
2,59,22,Regular Play,Brazil,3869253,0 days 00:59:22,1,0,0,0,0,0,0,0,0
2,59,27,Regular Play,Brazil,3869253,0 days 00:59:27,0,0,0,0,0,0,1,0,0
2,59,29,Regular Play,Brazil,3869253,0 days 00:59:29,0,0,0,0,0,0,1,0,0
2,59,32,Regular Play,South Korea,3869253,0 days 00:59:32,0,0,0,0,0,0,1,0,0
2,59,33,Regular Play,South Korea,3869253,0 days 00:59:33,0,0,0,0,0,0,1,0,0
2,59,35,Regular Play,Brazil,3869253,0 days 00:59:35,1,0,0,0,0,0,0,0,0
2,59,37,Regular Play,Brazil,3869253,0 days 00:59:37,0,0,0,0,0,0,1,0,0
2,59,39,Regular Play,Brazil,3869253,0 days 00:59:39,0,0,0,0,0,0,1,0,0
2,59,41,Regular Play,Brazil,3869253,0 days 00:59:41,0,0,0,0,0,0,1,0,0
2,59,44,Regular Play,Brazil,3869253,0 days 00:59:44,0,0,0,0,0,0,1,0,0
2,59,46,Regular Play,Brazil,3869253,0 days 00:59:46,0,0,0,0,0,0,1,0,0
2,59,50,Regular Play,Brazil,3869253,0 days 00:59:50,0,0,0,0,0,0,1,0,0
2,59,52,Regular Play,Brazil,3869253,0 days 00:59:52,0,0,0,0,0,0,1,0,0
2,59,53,Regular Play,Brazil,3869253,0 days 00:59:53,0,0,0,0,0,0,1,0,0
2,59,54,Regular Play,Brazil,3869253,0 days 00:59:54,0,0,0,0,0,0,1,0,0
2,59,56,Regular Play,Brazil,3869253,0 days 00:59:56,0,0,0,0,0,0,1,0,0
2,60,1,Regular Play,Brazil,3869253,0 days 01:00:01,0,0,0,0,0,0,1,0,0
2,60,3,Regular Play,Brazil,3869253,0 days 01:00:03,0,0,0,0,0,0,1,0,0
2,60,5,Regular Play,Brazil,3869253,0 days 01:00:05,0,0,0,0,0,0,1,0,0
2,60,7,Regular Play,Brazil,3869253,0 days 01:00:07,0,0,0,0,0,0,1,0,0
2,60,10,Regular Play,Brazil,3869253,0 days 01:00:10,0,0,0,0,0,0,1,0,0
2,60,11,Regular Play,Brazil,3869253,0 days 01:00:11,0,0,0,0,0,0,1,0,0
2,60,14,Regular Play,Brazil,3869253,0 days 01:00:14,0,0,0,0,0,0,1,0,0
2,60,17,Regular Play,Brazil,3869253,0 days 01:00:17,0,0,0,0,0,0,1,0,0
2,60,21,Regular Play,Brazil,3869253,0 days 01:00:21,0,0,0,0,0,0,1,0,0
2,60,23,Regular Play,Brazil,3869253,0 days 01:00:23,0,0,0,0,0,0,1,0,0
2,60,24,Regular Play,South Korea,3869253,0 days 01:00:24,0,0,0,0,0,1,0,0,0
2,60,25,Regular Play,South Korea,3869253,0 days 01:00:25,1,0,0,0,0,0,0,0,0
2,60,26,Regular Play,South Korea,3869253,0 days 01:00:26,0,0,0,0,0,0,1,0,0
2,60,31,Regular Play,South Korea,3869253,0 days 01:00:31,0,0,0,1,0,0,0,0,0
2,60,31,Regular Play,Brazil,3869253,0 days 01:00:31,0,0,0,0,1,0,0,0,0
2,60,34,From Free Kick,South Korea,3869253,0 days 01:00:34,0,0,0,0,0,0,1,0,0
2,60,36,From Free Kick,South Korea,3869253,0 days 01:00:36,0,0,0,0,0,0,1,0,0
2,60,37,From Free Kick,South Korea,3869253,0 days 01:00:37,0,0,0,0,0,0,1,0,0
2,60,39,From Free Kick,South Korea,3869253,0 days 01:00:39,0,0,0,0,0,0,1,0,0
2,60,43,From Free Kick,South Korea,3869253,0 days 01:00:43,0,0,0,0,0,0,1,0,0
2,60,46,From Free Kick,South Korea,3869253,0 days 01:00:46,0,0,0,0,0,0,1,0,0
2,60,47,From Free Kick,South Korea,3869253,0 days 01:00:47,0,0,0,0,0,0,1,0,0
2,60,49,From Free Kick,South Korea,3869253,0 days 01:00:49,0,0,0,0,0,0,1,0,0
2,60,51,From Free Kick,South Korea,3869253,0 days 01:00:51,0,0,0,0,0,0,1,0,0
2,60,54,From Free Kick,South Korea,3869253,0 days 01:00:54,0,0,0,0,0,0,1,0,0
2,60,58,From Free Kick,South Korea,3869253,0 days 01:00:58,0,0,0,0,0,0,1,0,0
2,61,2,From Free Kick,South Korea,3869253,0 days 01:01:02,0,0,0,0,0,0,1,0,0
2,61,3,From Free Kick,Brazil,3869253,0 days 01:01:03,0,1,0,0,0,0,0,0,0
2,61,18,From Throw In,South Korea,3869253,0 days 01:01:18,0,0,0,0,0,0,1,0,0
2,61,20,From Throw In,South Korea,3869253,0 days 01:01:20,0,0,1,0,0,0,0,0,0
2,61,20,Regular Play,Brazil,3869253,0 days 01:01:20,0,0,0,0,0,0,0,0,1
2,61,21,Regular Play,Brazil,3869253,0 days 01:01:21,1,0,0,0,0,0,0,0,0
2,61,22,Regular Play,Brazil,3869253,0 days 01:01:22,0,0,0,0,0,0,1,0,0
2,61,24,Regular Play,Brazil,3869253,0 days 01:01:24,0,0,0,0,0,0,1,0,0
2,61,25,Regular Play,Brazil,3869253,0 days 01:01:25,0,0,0,0,0,0,1,0,0
2,61,31,Regular Play,Brazil,3869253,0 days 01:01:31,0,0,0,0,0,0,1,0,0
2,61,36,Regular Play,Brazil,3869253,0 days 01:01:36,0,0,0,0,0,0,1,0,0
2,61,39,Regular Play,Brazil,3869253,0 days 01:01:39,0,0,0,0,0,0,0,1,0
2,62,50,From Corner,Brazil,3869253,0 days 01:02:50,0,0,0,0,0,0,1,0,0
2,62,51,From Corner,South Korea,3869253,0 days 01:02:51,0,1,0,0,0,0,0,0,0
2,62,54,From Corner,South Korea,3869253,0 days 01:02:54,1,0,0,0,0,0,0,0,0
2,62,57,From Corner,South Korea,3869253,0 days 01:02:57,0,0,0,0,0,0,1,0,0
2,62,58,Regular Play,Brazil,3869253,0 days 01:02:58,1,0,0,0,0,0,0,0,0
2,63,2,Regular Play,Brazil,3869253,0 days 01:03:02,0,0,1,0,0,0,0,0,0
2,63,2,Regular Play,South Korea,3869253,0 days 01:03:02,0,0,0,0,0,0,0,0,1
2,63,2,Regular Play,Brazil,3869253,0 days 01:03:02,0,0,0,0,1,0,0,0,0
2,63,19,From Free Kick,South Korea,3869253,0 days 01:03:19,0,0,0,0,0,0,1,0,0
2,63,22,From Free Kick,South Korea,3869253,0 days 01:03:22,0,0,0,0,0,0,1,0,0
2,63,24,From Free Kick,South Korea,3869253,0 days 01:03:24,0,0,0,0,0,0,1,0,0
2,63,27,From Free Kick,South Korea,3869253,0 days 01:03:27,0,0,0,0,0,0,1,0,0
2,63,27,From Free Kick,South Korea,3869253,0 days 01:03:27,0,0,0,0,0,0,1,0,0
2,63,31,Regular Play,Brazil,3869253,0 days 01:03:31,0,0,0,0,0,0,1,0,0
2,63,33,Regular Play,Brazil,3869253,0 days 01:03:33,0,0,0,0,0,0,1,0,0
2,63,36,Regular Play,Brazil,3869253,0 days 01:03:36,0,0,0,0,0,0,1,0,0
2,63,39,Regular Play,Brazil,3869253,0 days 01:03:39,0,0,0,0,0,0,1,0,0
2,63,41,Regular Play,Brazil,3869253,0 days 01:03:41,0,0,0,0,0,0,1,0,0
2,63,41,Regular Play,Brazil,3869253,0 days 01:03:41,0,0,0,0,0,0,1,0,0
2,63,43,Regular Play,Brazil,3869253,0 days 01:03:43,0,0,0,0,0,0,1,0,0
2,63,46,Regular Play,Brazil,3869253,0 days 01:03:46,0,0,0,0,0,0,1,0,0
2,63,49,Regular Play,Brazil,3869253,0 days 01:03:49,0,0,0,0,0,0,1,0,0
2,63,52,Regular Play,Brazil,3869253,0 days 01:03:52,0,0,0,0,0,0,1,0,0
2,63,55,Regular Play,Brazil,3869253,0 days 01:03:55,0,0,0,0,0,0,1,0,0
2,63,58,Regular Play,Brazil,3869253,0 days 01:03:58,0,0,0,0,0,0,1,0,0
2,64,1,Regular Play,Brazil,3869253,0 days 01:04:01,0,0,0,0,0,0,1,0,0
2,64,2,Regular Play,Brazil,3869253,0 days 01:04:02,0,0,0,0,0,0,1,0,0
2,64,4,Regular Play,Brazil,3869253,0 days 01:04:04,0,0,0,0,0,0,1,0,0
2,64,7,Regular Play,South Korea,3869253,0 days 01:04:07,0,0,0,0,1,0,0,0,0
2,64,32,From Free Kick,Brazil,3869253,0 days 01:04:32,0,0,0,0,0,0,1,0,0
2,64,39,From Free Kick,Brazil,3869253,0 days 01:04:39,0,0,0,0,0,0,1,0,0
2,64,41,From Free Kick,South Korea,3869253,0 days 01:04:41,0,0,0,0,0,1,0,0,0
2,64,42,From Free Kick,South Korea,3869253,0 days 01:04:42,0,0,0,0,0,0,1,0,0
2,64,43,From Free Kick,South Korea,3869253,0 days 01:04:43,0,0,0,0,0,0,1,0,0
2,64,45,From Free Kick,Brazil,3869253,0 days 01:04:45,0,0,0,0,0,0,1,0,0
2,64,46,From Free Kick,Brazil,3869253,0 days 01:04:46,0,0,0,0,0,0,1,0,0
2,64,51,From Free Kick,Brazil,3869253,0 days 01:04:51,0,0,0,0,0,0,1,0,0
2,64,54,From Free Kick,Brazil,3869253,0 days 01:04:54,0,0,0,0,0,0,1,0,0
2,64,56,From Free Kick,Brazil,3869253,0 days 01:04:56,0,0,0,0,0,0,1,0,0
2,64,59,From Free Kick,Brazil,3869253,0 days 01:04:59,0,0,0,0,0,0,1,0,0
2,65,2,From Free Kick,Brazil,3869253,0 days 01:05:02,0,0,0,0,0,0,1,0,0
2,65,5,From Free Kick,Brazil,3869253,0 days 01:05:05,0,0,0,0,0,0,1,0,0
2,65,11,From Free Kick,Brazil,3869253,0 days 01:05:11,0,0,0,0,0,0,1,0,0
2,65,15,Regular Play,South Korea,3869253,0 days 01:05:15,1,0,0,0,0,0,0,0,0
2,65,17,Regular Play,South Korea,3869253,0 days 01:05:17,0,0,0,0,0,0,1,0,0
2,65,20,Regular Play,South Korea,3869253,0 days 01:05:20,0,0,0,0,0,0,1,0,0
2,65,22,Regular Play,South Korea,3869253,0 days 01:05:22,0,0,0,0,0,0,1,0,0
2,65,24,Regular Play,South Korea,3869253,0 days 01:05:24,0,0,0,0,0,0,1,0,0
2,65,25,Regular Play,South Korea,3869253,0 days 01:05:25,0,0,0,0,0,0,1,0,0
2,65,31,Regular Play,South Korea,3869253,0 days 01:05:31,0,0,0,0,0,0,1,0,0
2,65,32,Regular Play,Brazil,3869253,0 days 01:05:32,0,0,0,0,0,1,0,0,0
2,65,33,Regular Play,Brazil,3869253,0 days 01:05:33,0,0,0,0,0,0,1,0,0
2,65,40,Regular Play,Brazil,3869253,0 days 01:05:40,0,0,0,1,0,0,0,0,0
2,65,40,Regular Play,South Korea,3869253,0 days 01:05:40,0,0,0,0,0,0,0,0,1
2,65,42,Regular Play,South Korea,3869253,0 days 01:05:42,0,0,0,0,0,0,1,0,0
2,65,44,Regular Play,South Korea,3869253,0 days 01:05:44,0,0,0,0,0,0,1,0,0
2,65,48,Regular Play,South Korea,3869253,0 days 01:05:48,0,0,0,0,0,0,1,0,0
2,65,51,Regular Play,South Korea,3869253,0 days 01:05:51,0,0,0,0,0,0,1,0,0
2,65,53,Regular Play,South Korea,3869253,0 days 01:05:53,0,0,0,0,0,0,1,0,0
2,65,55,Regular Play,South Korea,3869253,0 days 01:05:55,0,0,0,0,0,0,1,0,0
2,65,58,Regular Play,South Korea,3869253,0 days 01:05:58,0,0,0,0,0,0,1,0,0
2,66,0,Regular Play,South Korea,3869253,0 days 01:06:00,0,0,0,0,0,0,1,0,0
2,66,1,Regular Play,South Korea,3869253,0 days 01:06:01,0,0,0,0,0,0,1,0,0
2,66,5,Regular Play,South Korea,3869253,0 days 01:06:05,0,0,0,0,0,0,1,0,0
2,66,7,Regular Play,South Korea,3869253,0 days 01:06:07,0,0,0,0,0,0,1,0,0
2,66,10,Regular Play,South Korea,3869253,0 days 01:06:10,0,0,0,0,0,0,1,0,0
2,66,12,Regular Play,South Korea,3869253,0 days 01:06:12,0,0,0,0,0,0,1,0,0
2,66,13,Regular Play,South Korea,3869253,0 days 01:06:13,0,0,0,0,0,0,1,0,0
2,66,18,Regular Play,South Korea,3869253,0 days 01:06:18,0,0,0,0,0,0,1,0,0
2,66,19,Regular Play,South Korea,3869253,0 days 01:06:19,0,0,0,0,0,0,1,0,0
2,66,21,Regular Play,South Korea,3869253,0 days 01:06:21,0,0,0,0,0,0,1,0,0
2,66,22,Regular Play,Brazil,3869253,0 days 01:06:22,0,0,0,0,0,0,1,0,0
2,66,25,Regular Play,Brazil,3869253,0 days 01:06:25,0,0,0,0,0,0,1,0,0
2,66,28,Regular Play,Brazil,3869253,0 days 01:06:28,0,0,0,0,0,0,1,0,0
2,66,30,Regular Play,Brazil,3869253,0 days 01:06:30,0,0,0,0,0,0,1,0,0
2,66,38,From Throw In,South Korea,3869253,0 days 01:06:38,0,0,0,0,0,0,1,0,0
2,66,42,From Throw In,South Korea,3869253,0 days 01:06:42,0,0,0,0,0,0,1,0,0
2,66,45,From Throw In,South Korea,3869253,0 days 01:06:45,0,0,0,0,0,0,1,0,0
2,66,46,From Throw In,South Korea,3869253,0 days 01:06:46,0,0,0,0,0,0,1,0,0
2,66,49,From Throw In,South Korea,3869253,0 days 01:06:49,0,0,0,0,0,0,1,0,0
2,66,51,From Throw In,South Korea,3869253,0 days 01:06:51,0,0,0,0,0,0,1,0,0
2,66,53,From Throw In,South Korea,3869253,0 days 01:06:53,0,0,0,0,0,0,1,0,0
2,66,55,From Throw In,South Korea,3869253,0 days 01:06:55,0,0,0,0,0,0,1,0,0
2,66,58,From Throw In,South Korea,3869253,0 days 01:06:58,0,0,0,0,0,0,1,0,0
2,57,3,From Corner,Switzerland,3869254,0 days 00:57:03,0,0,0,0,0,0,1,0,0
2,57,4,From Corner,Portugal,3869254,0 days 00:57:04,0,1,0,0,0,0,0,0,0
2,57,5,From Corner,Switzerland,3869254,0 days 00:57:05,1,0,0,0,0,0,0,0,0
2,57,5,From Corner,Switzerland,3869254,0 days 00:57:05,0,0,0,0,0,0,0,1,0
2,57,43,From Kick Off,Portugal,3869254,0 days 00:57:43,0,0,0,0,0,0,1,0,0
2,57,45,From Kick Off,Portugal,3869254,0 days 00:57:45,0,0,0,0,0,0,1,0,0
2,57,49,From Kick Off,Portugal,3869254,0 days 00:57:49,0,0,0,0,0,0,1,0,0
2,57,53,Regular Play,Switzerland,3869254,0 days 00:57:53,1,0,0,0,0,0,0,0,0
2,57,54,Regular Play,Switzerland,3869254,0 days 00:57:54,0,0,0,0,0,0,1,0,0
2,58,0,Regular Play,Switzerland,3869254,0 days 00:58:00,0,0,0,0,0,0,1,0,0
2,58,1,Regular Play,Switzerland,3869254,0 days 00:58:01,0,0,0,0,0,0,1,0,0
2,58,4,Regular Play,Switzerland,3869254,0 days 00:58:04,0,0,0,0,0,0,1,0,0
2,58,8,Regular Play,Switzerland,3869254,0 days 00:58:08,0,0,0,0,0,0,1,0,0
2,58,10,Regular Play,Switzerland,3869254,0 days 00:58:10,0,0,0,0,0,0,1,0,0
2,58,26,From Throw In,Portugal,3869254,0 days 00:58:26,0,0,0,0,0,0,1,0,0
2,58,28,From Throw In,Switzerland,3869254,0 days 00:58:28,0,0,0,0,1,0,0,0,0
2,58,53,From Free Kick,Portugal,3869254,0 days 00:58:53,0,0,0,0,0,0,1,0,0
2,58,55,From Free Kick,Switzerland,3869254,0 days 00:58:55,0,1,0,0,0,0,0,0,0
2,58,58,From Free Kick,Switzerland,3869254,0 days 00:58:58,0,0,0,0,0,0,1,0,0
2,58,58,From Free Kick,Portugal,3869254,0 days 00:58:58,1,0,0,0,0,0,0,0,0
2,58,59,From Free Kick,Portugal,3869254,0 days 00:58:59,0,0,0,0,0,0,1,0,0
2,59,0,From Free Kick,Switzerland,3869254,0 days 00:59:00,0,0,0,0,0,1,0,0,0
2,59,13,From Throw In,Portugal,3869254,0 days 00:59:13,0,0,0,0,0,0,1,0,0
2,59,17,From Throw In,Portugal,3869254,0 days 00:59:17,0,0,0,0,0,0,1,0,0
2,59,19,From Throw In,Portugal,3869254,0 days 00:59:19,0,0,0,0,0,0,1,0,0
2,59,24,From Throw In,Portugal,3869254,0 days 00:59:24,0,0,0,0,0,0,1,0,0
2,59,26,Regular Play,Switzerland,3869254,0 days 00:59:26,0,0,0,0,0,0,1,0,0
2,59,31,Regular Play,Switzerland,3869254,0 days 00:59:31,0,0,0,0,0,0,1,0,0
2,59,33,Regular Play,Switzerland,3869254,0 days 00:59:33,0,0,0,0,0,0,1,0,0
2,59,37,Regular Play,Switzerland,3869254,0 days 00:59:37,0,0,0,0,0,0,1,0,0
2,59,39,Regular Play,Switzerland,3869254,0 days 00:59:39,0,0,0,0,0,0,1,0,0
2,59,41,Regular Play,Switzerland,3869254,0 days 00:59:41,0,0,0,0,0,0,1,0,0
2,59,46,Regular Play,Switzerland,3869254,0 days 00:59:46,0,0,0,0,0,0,1,0,0
2,59,50,Regular Play,Switzerland,3869254,0 days 00:59:50,0,0,0,0,0,0,1,0,0
2,59,52,Regular Play,Switzerland,3869254,0 days 00:59:52,0,0,0,0,0,0,1,0,0
2,59,54,Regular Play,Switzerland,3869254,0 days 00:59:54,0,0,0,0,0,0,1,0,0
2,59,58,Regular Play,Switzerland,3869254,0 days 00:59:58,0,0,0,0,0,0,1,0,0
2,60,2,Regular Play,Switzerland,3869254,0 days 01:00:02,0,0,0,0,0,0,1,0,0
2,60,5,Regular Play,Switzerland,3869254,0 days 01:00:05,0,0,0,0,0,0,1,0,0
2,60,9,Regular Play,Switzerland,3869254,0 days 01:00:09,0,0,0,0,0,0,1,0,0
2,60,11,Regular Play,Switzerland,3869254,0 days 01:00:11,0,0,0,0,0,0,1,0,0
2,60,13,Regular Play,Switzerland,3869254,0 days 01:00:13,0,0,0,0,0,0,1,0,0
2,60,16,Regular Play,Switzerland,3869254,0 days 01:00:16,0,0,0,0,0,0,1,0,0
2,60,20,Regular Play,Switzerland,3869254,0 days 01:00:20,0,0,0,0,0,0,1,0,0
2,60,25,Regular Play,Switzerland,3869254,0 days 01:00:25,0,0,0,0,0,0,1,0,0
2,60,26,Regular Play,Switzerland,3869254,0 days 01:00:26,0,0,0,0,0,0,1,0,0
2,60,29,Regular Play,Switzerland,3869254,0 days 01:00:29,0,0,0,0,0,0,1,0,0
2,60,31,Regular Play,Portugal,3869254,0 days 01:00:31,0,1,0,0,0,0,0,0,0
2,60,53,From Corner,Switzerland,3869254,0 days 01:00:53,0,0,0,0,0,0,1,0,0
2,60,55,From Corner,Portugal,3869254,0 days 01:00:55,0,1,0,0,0,0,0,0,0
2,60,57,From Corner,Switzerland,3869254,0 days 01:00:57,0,0,0,0,0,0,1,0,0
2,61,0,From Corner,Portugal,3869254,0 days 01:01:00,1,0,0,0,0,0,0,0,0
2,61,13,From Corner,Portugal,3869254,0 days 01:01:13,0,0,0,0,0,0,1,0,0
2,61,15,From Corner,Portugal,3869254,0 days 01:01:15,0,0,0,0,0,0,1,0,0
2,61,20,From Corner,Switzerland,3869254,0 days 01:01:20,0,0,0,0,0,0,1,0,0
2,61,24,From Corner,Switzerland,3869254,0 days 01:01:24,0,0,0,0,0,0,1,0,0
2,61,26,From Corner,Switzerland,3869254,0 days 01:01:26,0,0,0,0,0,0,1,0,0
2,61,32,From Corner,Switzerland,3869254,0 days 01:01:32,0,0,0,0,0,0,1,0,0
2,61,35,From Corner,Switzerland,3869254,0 days 01:01:35,0,0,0,0,0,0,1,0,0
2,61,36,From Corner,Switzerland,3869254,0 days 01:01:36,0,0,0,0,0,0,1,0,0
2,61,39,Regular Play,Portugal,3869254,0 days 01:01:39,0,0,0,0,0,0,1,0,0
2,61,40,Regular Play,Portugal,3869254,0 days 01:01:40,0,0,0,0,0,0,1,0,0
2,61,43,Regular Play,Portugal,3869254,0 days 01:01:43,0,0,0,0,0,0,1,0,0
2,61,53,From Throw In,Switzerland,3869254,0 days 01:01:53,0,0,0,0,0,0,1,0,0
2,61,55,From Throw In,Switzerland,3869254,0 days 01:01:55,0,0,0,0,0,0,1,0,0
2,61,56,From Throw In,Portugal,3869254,0 days 01:01:56,0,0,0,0,0,1,0,0,0
2,61,57,From Throw In,Switzerland,3869254,0 days 01:01:57,0,0,0,0,0,0,1,0,0
2,62,1,From Throw In,Switzerland,3869254,0 days 01:02:01,0,0,0,0,0,0,1,0,0
2,62,5,From Throw In,Switzerland,3869254,0 days 01:02:05,0,0,0,0,0,0,1,0,0
2,62,6,From Throw In,Portugal,3869254,0 days 01:02:06,0,1,0,0,0,0,0,0,0
2,62,17,From Throw In,Switzerland,3869254,0 days 01:02:17,0,0,0,0,0,0,1,0,0
2,62,22,From Throw In,Switzerland,3869254,0 days 01:02:22,0,0,0,0,0,0,1,0,0
2,62,23,From Throw In,Switzerland,3869254,0 days 01:02:23,1,0,0,0,0,0,0,0,0
2,62,23,From Throw In,Switzerland,3869254,0 days 01:02:23,0,0,1,0,0,0,0,0,0
2,62,23,From Throw In,Portugal,3869254,0 days 01:02:23,0,0,0,0,0,0,0,0,1
2,62,25,From Throw In,Portugal,3869254,0 days 01:02:25,1,0,0,0,0,0,0,0,0
2,62,26,From Throw In,Switzerland,3869254,0 days 01:02:26,0,0,0,0,1,0,0,0,0
2,63,6,From Free Kick,Portugal,3869254,0 days 01:03:06,0,0,0,0,0,0,1,0,0
2,63,14,From Throw In,Switzerland,3869254,0 days 01:03:14,0,0,0,0,0,0,1,0,0
2,63,22,From Throw In,Switzerland,3869254,0 days 01:03:22,0,0,0,0,0,0,1,0,0
2,63,24,From Throw In,Switzerland,3869254,0 days 01:03:24,0,0,0,0,0,0,1,0,0
2,63,45,From Throw In,Portugal,3869254,0 days 01:03:45,0,0,0,0,0,0,1,0,0
2,64,2,From Goal Kick,Switzerland,3869254,0 days 01:04:02,0,0,0,0,0,0,1,0,0
2,64,10,From Goal Kick,Portugal,3869254,0 days 01:04:10,0,0,0,0,1,0,0,0,0
2,64,19,From Free Kick,Switzerland,3869254,0 days 01:04:19,0,0,0,0,0,0,1,0,0
2,64,22,From Free Kick,Switzerland,3869254,0 days 01:04:22,0,0,0,0,0,0,1,0,0
2,64,25,From Free Kick,Switzerland,3869254,0 days 01:04:25,0,0,0,0,0,0,1,0,0
2,64,33,From Free Kick,Switzerland,3869254,0 days 01:04:33,0,0,0,0,0,0,1,0,0
2,64,36,From Free Kick,Switzerland,3869254,0 days 01:04:36,0,0,0,0,0,0,1,0,0
2,64,41,From Free Kick,Switzerland,3869254,0 days 01:04:41,0,0,0,0,0,0,1,0,0
2,64,45,From Free Kick,Portugal,3869254,0 days 01:04:45,0,0,0,0,1,0,0,0,0
2,64,45,From Free Kick,Switzerland,3869254,0 days 01:04:45,0,0,0,0,0,0,1,0,0
2,64,50,From Free Kick,Switzerland,3869254,0 days 01:04:50,0,0,0,0,0,0,1,0,0
2,64,52,From Free Kick,Switzerland,3869254,0 days 01:04:52,0,0,0,0,0,0,1,0,0
2,64,55,From Free Kick,Switzerland,3869254,0 days 01:04:55,0,0,0,0,0,0,1,0,0
2,64,57,From Free Kick,Switzerland,3869254,0 days 01:04:57,0,0,0,0,0,0,1,0,0
2,65,1,From Free Kick,Switzerland,3869254,0 days 01:05:01,0,0,0,0,0,0,1,0,0
2,65,5,From Free Kick,Switzerland,3869254,0 days 01:05:05,0,0,0,0,0,0,1,0,0
2,65,7,From Free Kick,Switzerland,3869254,0 days 01:05:07,0,0,0,0,0,0,1,0,0
2,65,16,From Throw In,Switzerland,3869254,0 days 01:05:16,0,0,0,0,0,0,1,0,0
2,65,17,From Throw In,Switzerland,3869254,0 days 01:05:17,0,0,0,0,0,0,1,0,0
2,65,19,From Throw In,Switzerland,3869254,0 days 01:05:19,0,0,0,0,0,0,1,0,0
2,65,21,From Throw In,Switzerland,3869254,0 days 01:05:21,0,0,0,0,0,0,0,1,0
2,65,57,From Goal Kick,Portugal,3869254,0 days 01:05:57,0,0,0,0,0,0,1,0,0
2,66,0,From Goal Kick,Portugal,3869254,0 days 01:06:00,0,0,0,0,0,0,1,0,0
2,66,4,From Goal Kick,Switzerland,3869254,0 days 01:06:04,0,1,0,0,0,0,0,0,0
2,66,7,From Goal Kick,Portugal,3869254,0 days 01:06:07,1,0,0,0,0,0,0,0,0
2,66,7,From Goal Kick,Portugal,3869254,0 days 01:06:07,0,0,0,0,0,0,1,0,0
2,66,10,From Goal Kick,Portugal,3869254,0 days 01:06:10,0,0,0,0,0,0,1,0,0
2,66,12,From Goal Kick,Portugal,3869254,0 days 01:06:12,0,0,0,0,0,0,0,1,0
2,57,6,From Throw In,Netherlands,3869321,0 days 00:57:06,0,0,0,0,0,0,1,0,0
2,57,7,From Throw In,Netherlands,3869321,0 days 00:57:07,0,0,0,0,0,0,1,0,0
2,57,7,From Throw In,Argentina,3869321,0 days 00:57:07,0,0,0,0,0,1,0,0,0
2,57,9,Regular Play,Argentina,3869321,0 days 00:57:09,0,0,0,0,0,0,1,0,0
2,57,12,Regular Play,Argentina,3869321,0 days 00:57:12,0,0,0,0,0,0,1,0,0
2,57,14,Regular Play,Argentina,3869321,0 days 00:57:14,0,0,0,0,0,0,1,0,0
2,57,19,Regular Play,Argentina,3869321,0 days 00:57:19,0,0,0,0,0,0,1,0,0
2,57,21,Regular Play,Argentina,3869321,0 days 00:57:21,0,0,0,0,0,0,1,0,0
2,57,23,Regular Play,Argentina,3869321,0 days 00:57:23,0,0,0,0,0,0,1,0,0
2,57,26,Regular Play,Argentina,3869321,0 days 00:57:26,0,0,0,0,0,0,1,0,0
2,57,29,Regular Play,Argentina,3869321,0 days 00:57:29,0,0,0,0,0,0,1,0,0
2,57,32,Regular Play,Argentina,3869321,0 days 00:57:32,0,0,0,0,0,0,1,0,0
2,57,34,Regular Play,Argentina,3869321,0 days 00:57:34,0,0,0,0,0,0,1,0,0
2,57,35,Regular Play,Argentina,3869321,0 days 00:57:35,0,0,0,0,0,0,1,0,0
2,57,40,Regular Play,Argentina,3869321,0 days 00:57:40,0,0,0,0,0,0,1,0,0
2,57,41,Regular Play,Argentina,3869321,0 days 00:57:41,0,0,0,0,0,0,1,0,0
2,57,45,Regular Play,Argentina,3869321,0 days 00:57:45,0,0,0,0,0,0,1,0,0
2,57,46,Regular Play,Argentina,3869321,0 days 00:57:46,0,0,0,0,0,0,1,0,0
2,57,49,Regular Play,Argentina,3869321,0 days 00:57:49,0,0,0,0,0,0,1,0,0
2,57,50,Regular Play,Netherlands,3869321,0 days 00:57:50,0,0,0,0,0,0,1,0,0
2,57,51,Regular Play,Netherlands,3869321,0 days 00:57:51,0,0,0,0,0,0,1,0,0
2,58,1,Regular Play,Netherlands,3869321,0 days 00:58:01,0,0,0,0,0,0,1,0,0
2,58,5,Regular Play,Netherlands,3869321,0 days 00:58:05,0,0,0,0,0,0,1,0,0
2,58,7,Regular Play,Netherlands,3869321,0 days 00:58:07,0,0,0,0,0,0,1,0,0
2,58,11,Regular Play,Netherlands,3869321,0 days 00:58:11,0,0,0,0,0,0,1,0,0
2,58,14,Regular Play,Argentina,3869321,0 days 00:58:14,0,1,0,0,0,0,0,0,0
2,58,19,From Throw In,Netherlands,3869321,0 days 00:58:19,0,0,0,0,0,0,1,0,0
2,58,22,From Throw In,Netherlands,3869321,0 days 00:58:22,0,0,0,0,0,0,1,0,0
2,58,24,From Throw In,Netherlands,3869321,0 days 00:58:24,1,0,0,0,0,0,0,0,0
2,58,25,From Throw In,Netherlands,3869321,0 days 00:58:25,0,0,0,0,0,0,1,0,0
2,58,27,From Throw In,Netherlands,3869321,0 days 00:58:27,0,0,0,0,0,0,1,0,0
2,58,28,From Throw In,Netherlands,3869321,0 days 00:58:28,0,0,0,0,0,0,1,0,0
2,58,30,From Throw In,Netherlands,3869321,0 days 00:58:30,0,0,0,0,0,0,1,0,0
2,58,31,From Throw In,Netherlands,3869321,0 days 00:58:31,0,0,0,0,0,0,1,0,0
2,58,33,Regular Play,Argentina,3869321,0 days 00:58:33,0,0,0,0,0,0,1,0,0
2,58,34,Regular Play,Argentina,3869321,0 days 00:58:34,0,0,0,0,0,0,1,0,0
2,58,35,Regular Play,Argentina,3869321,0 days 00:58:35,0,0,0,0,0,0,1,0,0
2,58,38,Regular Play,Argentina,3869321,0 days 00:58:38,0,0,0,0,0,0,1,0,0
2,58,42,Regular Play,Argentina,3869321,0 days 00:58:42,0,0,0,0,0,0,1,0,0
2,58,45,Regular Play,Argentina,3869321,0 days 00:58:45,0,0,0,0,0,0,1,0,0
2,58,47,Regular Play,Netherlands,3869321,0 days 00:58:47,1,0,0,0,0,0,0,0,0
2,58,48,Regular Play,Netherlands,3869321,0 days 00:58:48,0,0,1,0,0,0,0,0,0
2,58,48,Regular Play,Argentina,3869321,0 days 00:58:48,0,0,0,0,0,0,0,0,1
2,58,51,Regular Play,Argentina,3869321,0 days 00:58:51,1,0,0,0,0,0,0,0,0
2,58,54,Regular Play,Argentina,3869321,0 days 00:58:54,0,0,0,0,0,0,1,0,0
2,59,1,Regular Play,Argentina,3869321,0 days 00:59:01,0,0,0,0,0,0,1,0,0
2,59,7,Regular Play,Argentina,3869321,0 days 00:59:07,0,0,0,0,0,0,1,0,0
2,59,9,Regular Play,Argentina,3869321,0 days 00:59:09,0,0,0,0,0,0,1,0,0
2,59,10,Regular Play,Argentina,3869321,0 days 00:59:10,0,0,0,0,0,0,1,0,0
2,59,16,Regular Play,Argentina,3869321,0 days 00:59:16,0,0,0,0,0,0,1,0,0
2,59,21,Regular Play,Argentina,3869321,0 days 00:59:21,0,0,0,0,0,0,1,0,0
2,59,24,Regular Play,Argentina,3869321,0 days 00:59:24,0,0,0,0,0,0,1,0,0
2,59,27,Regular Play,Argentina,3869321,0 days 00:59:27,0,0,0,0,0,0,1,0,0
2,59,33,Regular Play,Argentina,3869321,0 days 00:59:33,0,0,0,0,0,0,1,0,0
2,59,34,Regular Play,Argentina,3869321,0 days 00:59:34,0,0,0,0,0,0,1,0,0
2,59,36,Regular Play,Argentina,3869321,0 days 00:59:36,0,0,0,0,0,0,1,0,0
2,59,39,Regular Play,Argentina,3869321,0 days 00:59:39,0,0,0,0,0,0,1,0,0
2,59,42,Regular Play,Netherlands,3869321,0 days 00:59:42,0,0,0,0,0,0,1,0,0
2,59,45,Regular Play,Argentina,3869321,0 days 00:59:45,0,0,0,0,0,0,1,0,0
2,59,47,Regular Play,Netherlands,3869321,0 days 00:59:47,0,0,0,0,0,0,1,0,0
2,59,48,Regular Play,Netherlands,3869321,0 days 00:59:48,0,0,0,0,0,0,1,0,0
2,59,49,Regular Play,Netherlands,3869321,0 days 00:59:49,0,0,0,0,0,0,1,0,0
2,59,52,Regular Play,Netherlands,3869321,0 days 00:59:52,0,0,0,0,0,0,1,0,0
2,60,11,From Goal Kick,Argentina,3869321,0 days 01:00:11,0,0,0,0,0,0,1,0,0
2,60,16,From Goal Kick,Argentina,3869321,0 days 01:00:16,0,0,0,0,0,0,1,0,0
2,60,21,Regular Play,Netherlands,3869321,0 days 01:00:21,1,0,0,0,0,0,0,0,0
2,60,24,Regular Play,Netherlands,3869321,0 days 01:00:24,0,0,0,0,0,0,1,0,0
2,60,26,Regular Play,Argentina,3869321,0 days 01:00:26,0,0,0,0,0,0,1,0,0
2,60,27,Regular Play,Netherlands,3869321,0 days 01:00:27,0,0,0,0,0,0,1,0,0
2,60,31,Regular Play,Netherlands,3869321,0 days 01:00:31,0,0,0,0,0,0,1,0,0
2,60,32,Regular Play,Argentina,3869321,0 days 01:00:32,0,0,0,0,0,0,1,0,0
2,60,33,Regular Play,Argentina,3869321,0 days 01:00:33,0,0,0,1,0,0,0,0,0
2,60,36,Regular Play,Argentina,3869321,0 days 01:00:36,0,0,0,0,0,0,1,0,0
2,60,37,Regular Play,Argentina,3869321,0 days 01:00:37,0,0,0,0,0,0,1,0,0
2,60,38,Regular Play,Netherlands,3869321,0 days 01:00:38,0,0,0,0,0,1,0,0,0
2,60,40,Regular Play,Argentina,3869321,0 days 01:00:40,1,0,0,0,0,0,0,0,0
2,60,44,Regular Play,Argentina,3869321,0 days 01:00:44,0,0,0,0,0,0,1,0,0
2,60,46,Regular Play,Argentina,3869321,0 days 01:00:46,0,0,0,0,0,0,1,0,0
2,60,51,Regular Play,Netherlands,3869321,0 days 01:00:51,0,0,0,0,1,0,0,0,0
2,62,29,From Free Kick,Argentina,3869321,0 days 01:02:29,0,0,0,0,0,0,0,1,0
2,62,40,From Goal Kick,Netherlands,3869321,0 days 01:02:40,0,0,0,0,0,0,1,0,0
2,62,42,From Goal Kick,Netherlands,3869321,0 days 01:02:42,0,0,0,0,0,0,1,0,0
2,62,44,From Goal Kick,Netherlands,3869321,0 days 01:02:44,0,0,0,0,0,0,1,0,0
2,62,48,From Goal Kick,Netherlands,3869321,0 days 01:02:48,0,0,0,0,0,0,1,0,0
2,62,51,From Goal Kick,Netherlands,3869321,0 days 01:02:51,0,0,0,0,0,0,1,0,0
2,62,52,From Goal Kick,Argentina,3869321,0 days 01:02:52,0,0,0,0,0,1,0,0,0
2,62,55,From Goal Kick,Argentina,3869321,0 days 01:02:55,0,1,0,0,0,0,0,0,0
2,62,58,From Goal Kick,Argentina,3869321,0 days 01:02:58,0,1,0,0,0,0,0,0,0
2,63,0,From Goal Kick,Netherlands,3869321,0 days 01:03:00,1,0,0,0,0,0,0,0,0
2,63,1,From Goal Kick,Netherlands,3869321,0 days 01:03:01,0,0,1,0,0,0,0,0,0
2,63,1,Regular Play,Argentina,3869321,0 days 01:03:01,0,0,0,0,0,0,0,0,1
2,63,3,Regular Play,Argentina,3869321,0 days 01:03:03,1,0,0,0,0,0,0,0,0
2,63,5,Regular Play,Argentina,3869321,0 days 01:03:05,0,0,0,0,0,0,1,0,0
2,63,10,Regular Play,Argentina,3869321,0 days 01:03:10,0,0,0,0,0,0,1,0,0
2,63,14,Regular Play,Argentina,3869321,0 days 01:03:14,0,0,0,0,0,0,1,0,0
2,63,17,Regular Play,Argentina,3869321,0 days 01:03:17,0,0,0,0,0,0,1,0,0
2,63,21,Regular Play,Argentina,3869321,0 days 01:03:21,0,0,0,0,0,0,1,0,0
2,64,11,From Throw In,Netherlands,3869321,0 days 01:04:11,0,0,0,0,0,0,1,0,0
2,64,13,From Throw In,Netherlands,3869321,0 days 01:04:13,0,0,0,0,0,0,1,0,0
2,64,16,From Throw In,Netherlands,3869321,0 days 01:04:16,0,0,0,0,0,0,1,0,0
2,64,38,From Throw In,Argentina,3869321,0 days 01:04:38,0,0,0,0,0,0,1,0,0
2,64,49,From Throw In,Argentina,3869321,0 days 01:04:49,0,0,0,0,0,0,1,0,0
2,64,50,From Throw In,Argentina,3869321,0 days 01:04:50,0,0,0,0,0,0,1,0,0
2,64,55,From Throw In,Argentina,3869321,0 days 01:04:55,0,0,0,0,0,0,1,0,0
2,64,56,From Throw In,Argentina,3869321,0 days 01:04:56,0,0,1,0,0,0,0,0,0
2,64,56,From Throw In,Netherlands,3869321,0 days 01:04:56,0,0,0,0,0,0,0,0,1
2,64,57,From Throw In,Netherlands,3869321,0 days 01:04:57,1,0,0,0,0,0,0,0,0
2,64,58,From Throw In,Netherlands,3869321,0 days 01:04:58,0,0,1,0,0,0,0,0,0
2,64,58,From Throw In,Argentina,3869321,0 days 01:04:58,0,0,0,0,0,0,0,0,1
2,65,0,From Throw In,Argentina,3869321,0 days 01:05:00,1,0,0,0,0,0,0,0,0
2,65,4,From Throw In,Argentina,3869321,0 days 01:05:04,0,0,0,0,0,0,1,0,0
2,65,4,From Throw In,Netherlands,3869321,0 days 01:05:04,0,0,0,0,0,1,0,0,0
2,65,15,From Throw In,Argentina,3869321,0 days 01:05:15,0,0,0,0,0,0,1,0,0
2,65,18,From Throw In,Argentina,3869321,0 days 01:05:18,0,0,0,0,0,0,1,0,0
2,65,22,From Throw In,Argentina,3869321,0 days 01:05:22,0,0,0,0,0,0,1,0,0
2,65,23,Regular Play,Netherlands,3869321,0 days 01:05:23,0,0,0,0,0,1,0,0,0
2,65,26,Regular Play,Netherlands,3869321,0 days 01:05:26,0,0,0,0,0,0,1,0,0
2,65,27,Regular Play,Argentina,3869321,0 days 01:05:27,0,0,0,0,0,0,1,0,0
2,65,30,Regular Play,Netherlands,3869321,0 days 01:05:30,1,0,0,0,0,0,0,0,0
2,65,30,Regular Play,Netherlands,3869321,0 days 01:05:30,0,0,0,1,0,0,0,0,0
2,65,32,Regular Play,Netherlands,3869321,0 days 01:05:32,0,0,0,1,0,0,0,0,0
2,65,32,Regular Play,Argentina,3869321,0 days 01:05:32,0,0,0,0,0,0,0,0,1
2,66,7,From Throw In,Netherlands,3869321,0 days 01:06:07,0,0,0,0,0,0,1,0,0
2,66,8,From Throw In,Netherlands,3869321,0 days 01:06:08,0,0,0,0,0,0,1,0,0
2,66,12,From Throw In,Netherlands,3869321,0 days 01:06:12,0,0,0,0,0,0,1,0,0
2,66,15,From Throw In,Netherlands,3869321,0 days 01:06:15,0,0,0,0,0,0,1,0,0
2,66,17,From Throw In,Netherlands,3869321,0 days 01:06:17,0,0,0,0,0,0,1,0,0
2,66,19,From Throw In,Netherlands,3869321,0 days 01:06:19,0,0,0,0,0,0,1,0,0
2,66,20,From Throw In,Netherlands,3869321,0 days 01:06:20,0,0,0,0,0,0,1,0,0
2,66,22,From Throw In,Netherlands,3869321,0 days 01:06:22,0,0,0,0,0,0,1,0,0
2,66,23,From Throw In,Netherlands,3869321,0 days 01:06:23,0,0,0,0,0,0,1,0,0
2,66,25,From Throw In,Netherlands,3869321,0 days 01:06:25,0,0,0,0,0,0,1,0,0
2,66,28,From Throw In,Netherlands,3869321,0 days 01:06:28,1,0,0,0,0,0,0,0,0
2,66,28,From Throw In,Netherlands,3869321,0 days 01:06:28,0,0,1,0,0,0,0,0,0
2,66,28,From Throw In,Argentina,3869321,0 days 01:06:28,0,0,0,0,0,0,0,0,1
2,66,33,From Throw In,Netherlands,3869321,0 days 01:06:33,1,0,0,0,0,0,0,0,0
2,66,33,From Throw In,Netherlands,3869321,0 days 01:06:33,0,0,0,0,0,0,1,0,0
2,66,35,From Throw In,Netherlands,3869321,0 days 01:06:35,0,0,0,0,0,0,1,0,0
2,66,36,From Throw In,Netherlands,3869321,0 days 01:06:36,0,0,0,0,0,0,1,0,0
2,66,39,From Throw In,Netherlands,3869321,0 days 01:06:39,0,0,0,0,0,0,1,0,0
2,66,44,From Throw In,Netherlands,3869321,0 days 01:06:44,0,0,0,0,0,0,1,0,0
2,66,46,From Throw In,Netherlands,3869321,0 days 01:06:46,0,0,0,0,0,0,1,0,0
2,66,50,From Throw In,Netherlands,3869321,0 days 01:06:50,0,0,0,0,0,0,1,0,0
2,66,55,From Throw In,Netherlands,3869321,0 days 01:06:55,0,0,0,0,0,0,1,0,0
2,66,59,From Throw In,Netherlands,3869321,0 days 01:06:59,0,0,0,0,0,0,1,0,0
2,57,0,Regular Play,England,3869354,0 days 00:57:00,0,0,0,0,0,0,1,0,0
2,57,5,Regular Play,England,3869354,0 days 00:57:05,0,0,0,0,0,0,1,0,0
2,57,14,Regular Play,England,3869354,0 days 00:57:14,0,0,0,0,0,0,1,0,0
2,57,17,Regular Play,England,3869354,0 days 00:57:17,0,0,0,0,0,0,1,0,0
2,57,19,Regular Play,England,3869354,0 days 00:57:19,0,0,0,0,0,0,1,0,0
2,57,23,Regular Play,England,3869354,0 days 00:57:23,0,0,0,0,0,0,1,0,0
2,57,27,Regular Play,England,3869354,0 days 00:57:27,0,0,0,0,0,0,1,0,0
2,57,29,Regular Play,England,3869354,0 days 00:57:29,0,0,0,0,0,0,1,0,0
2,57,31,Regular Play,France,3869354,0 days 00:57:31,0,0,0,0,0,0,1,0,0
2,57,32,Regular Play,France,3869354,0 days 00:57:32,0,0,0,0,0,0,1,0,0
2,57,34,Regular Play,France,3869354,0 days 00:57:34,0,0,0,0,0,0,1,0,0
2,57,35,Regular Play,England,3869354,0 days 00:57:35,0,0,0,0,0,0,1,0,0
2,57,38,Regular Play,France,3869354,0 days 00:57:38,0,0,0,0,0,0,1,0,0
2,58,5,From Goal Kick,England,3869354,0 days 00:58:05,0,0,0,0,0,0,1,0,0
2,58,10,From Goal Kick,England,3869354,0 days 00:58:10,0,0,0,0,0,0,1,0,0
2,58,11,From Goal Kick,England,3869354,0 days 00:58:11,0,0,0,0,0,0,1,0,0
2,58,13,From Goal Kick,England,3869354,0 days 00:58:13,0,0,0,0,0,0,1,0,0
2,58,17,From Goal Kick,England,3869354,0 days 00:58:17,0,0,0,0,0,0,1,0,0
2,58,19,From Goal Kick,France,3869354,0 days 00:58:19,0,0,0,0,0,0,1,0,0
2,58,22,From Goal Kick,England,3869354,0 days 00:58:22,0,0,0,0,0,0,1,0,0
2,58,24,From Goal Kick,England,3869354,0 days 00:58:24,0,0,0,0,0,0,1,0,0
2,58,28,From Goal Kick,England,3869354,0 days 00:58:28,0,0,0,0,0,0,1,0,0
2,58,30,Regular Play,France,3869354,0 days 00:58:30,0,0,0,0,0,0,1,0,0
2,58,31,Regular Play,France,3869354,0 days 00:58:31,0,0,0,0,0,0,1,0,0
2,58,36,Regular Play,France,3869354,0 days 00:58:36,0,0,0,0,0,0,1,0,0
2,58,37,Regular Play,France,3869354,0 days 00:58:37,0,0,0,0,0,0,1,0,0
2,58,40,Regular Play,France,3869354,0 days 00:58:40,0,0,0,0,0,0,1,0,0
2,58,44,Regular Play,France,3869354,0 days 00:58:44,0,0,0,0,0,0,1,0,0
2,58,47,Regular Play,England,3869354,0 days 00:58:47,0,0,0,0,0,0,1,0,0
2,58,49,Regular Play,France,3869354,0 days 00:58:49,0,0,0,0,0,0,1,0,0
2,58,50,Regular Play,England,3869354,0 days 00:58:50,1,0,0,0,0,0,0,0,0
2,58,50,Regular Play,England,3869354,0 days 00:58:50,0,0,0,0,0,0,1,0,0
2,58,53,Regular Play,England,3869354,0 days 00:58:53,0,0,0,0,0,0,1,0,0
2,59,1,Regular Play,England,3869354,0 days 00:59:01,0,0,0,0,0,0,1,0,0
2,59,5,Regular Play,England,3869354,0 days 00:59:05,0,0,0,0,0,0,1,0,0
2,59,6,Regular Play,England,3869354,0 days 00:59:06,0,0,0,0,0,0,1,0,0
2,59,11,Regular Play,England,3869354,0 days 00:59:11,0,0,0,0,0,0,1,0,0
2,59,13,Regular Play,England,3869354,0 days 00:59:13,0,0,0,0,0,0,1,0,0
2,59,15,Regular Play,England,3869354,0 days 00:59:15,0,0,0,0,0,0,1,0,0
2,59,22,Regular Play,England,3869354,0 days 00:59:22,0,0,0,0,0,0,1,0,0
2,59,23,Regular Play,England,3869354,0 days 00:59:23,0,0,0,0,0,0,1,0,0
2,59,30,Regular Play,England,3869354,0 days 00:59:30,0,0,0,0,0,0,1,0,0
2,59,35,Regular Play,England,3869354,0 days 00:59:35,0,0,0,0,0,0,0,1,0
2,59,53,From Keeper,France,3869354,0 days 00:59:53,0,0,0,0,0,0,1,0,0
2,59,57,From Keeper,England,3869354,0 days 00:59:57,0,0,0,0,0,0,1,0,0
2,59,59,From Keeper,France,3869354,0 days 00:59:59,1,0,0,0,0,0,0,0,0
2,60,1,From Keeper,France,3869354,0 days 01:00:01,0,0,0,0,0,0,1,0,0
2,60,4,From Keeper,France,3869354,0 days 01:00:04,0,0,0,0,0,0,1,0,0
2,60,8,From Keeper,France,3869354,0 days 01:00:08,0,0,0,0,0,0,0,1,0
2,60,15,From Throw In,France,3869354,0 days 01:00:15,0,0,0,0,0,0,1,0,0
2,60,26,From Throw In,France,3869354,0 days 01:00:26,0,0,0,0,0,0,1,0,0
2,60,28,From Throw In,France,3869354,0 days 01:00:28,0,0,0,0,0,0,1,0,0
2,60,29,Regular Play,England,3869354,0 days 01:00:29,1,0,0,0,0,0,0,0,0
2,60,35,Regular Play,England,3869354,0 days 01:00:35,0,0,0,0,0,0,1,0,0
2,60,45,Regular Play,England,3869354,0 days 01:00:45,0,0,0,0,0,0,1,0,0
2,60,47,Regular Play,England,3869354,0 days 01:00:47,0,0,0,0,0,0,1,0,0
2,60,49,Regular Play,England,3869354,0 days 01:00:49,0,0,0,0,0,0,1,0,0
2,60,52,Regular Play,England,3869354,0 days 01:00:52,0,0,0,0,0,0,1,0,0
2,60,54,Regular Play,England,3869354,0 days 01:00:54,0,0,0,0,0,0,1,0,0
2,61,2,Regular Play,England,3869354,0 days 01:01:02,0,0,0,0,0,0,1,0,0
2,61,6,Regular Play,England,3869354,0 days 01:01:06,0,0,0,0,0,0,0,1,0
2,61,16,From Keeper,France,3869354,0 days 01:01:16,0,0,0,0,0,0,1,0,0
2,61,29,Regular Play,France,3869354,0 days 01:01:29,0,0,0,0,0,0,1,0,0
2,61,36,Regular Play,France,3869354,0 days 01:01:36,0,0,0,0,0,0,1,0,0
2,61,39,Regular Play,France,3869354,0 days 01:01:39,0,0,0,0,0,0,1,0,0
2,61,44,Regular Play,France,3869354,0 days 01:01:44,0,0,0,0,0,0,1,0,0
2,61,47,Regular Play,France,3869354,0 days 01:01:47,0,0,0,0,0,0,1,0,0
2,61,52,From Counter,England,3869354,0 days 01:01:52,0,0,0,0,0,0,1,0,0
2,61,53,From Counter,England,3869354,0 days 01:01:53,0,0,0,0,0,0,1,0,0
2,61,54,From Counter,England,3869354,0 days 01:01:54,0,0,0,0,0,0,1,0,0
2,61,56,From Counter,England,3869354,0 days 01:01:56,0,0,0,1,0,0,0,0,0
2,62,1,From Counter,France,3869354,0 days 01:02:01,0,0,0,0,1,0,0,0,0
2,62,56,From Free Kick,England,3869354,0 days 01:02:56,0,0,0,0,0,0,1,0,0
2,62,59,From Free Kick,England,3869354,0 days 01:02:59,0,0,0,0,0,0,1,0,0
2,63,0,From Free Kick,France,3869354,0 days 01:03:00,0,0,0,0,0,0,1,0,0
2,63,2,From Free Kick,England,3869354,0 days 01:03:02,1,0,0,0,0,0,0,0,0
2,63,3,From Free Kick,England,3869354,0 days 01:03:03,0,0,0,0,0,0,1,0,0
2,63,5,From Free Kick,England,3869354,0 days 01:03:05,0,0,0,0,0,0,1,0,0
2,63,5,From Counter,France,3869354,0 days 01:03:05,0,0,0,0,0,0,1,0,0
2,63,11,From Counter,France,3869354,0 days 01:03:11,0,0,1,0,0,0,0,0,0
2,63,11,Regular Play,England,3869354,0 days 01:03:11,0,0,0,0,0,0,0,0,1
2,63,18,From Throw In,France,3869354,0 days 01:03:18,0,0,0,0,0,0,1,0,0
2,63,21,From Throw In,England,3869354,0 days 01:03:21,0,0,0,0,1,0,0,0,0
2,63,24,From Free Kick,France,3869354,0 days 01:03:24,0,0,0,0,0,0,1,0,0
2,63,28,From Free Kick,France,3869354,0 days 01:03:28,0,0,0,0,0,0,1,0,0
2,63,33,From Free Kick,France,3869354,0 days 01:03:33,0,0,0,0,0,0,1,0,0
2,63,37,From Free Kick,France,3869354,0 days 01:03:37,0,0,0,0,0,0,1,0,0
2,63,39,From Free Kick,France,3869354,0 days 01:03:39,0,0,0,0,0,0,1,0,0
2,63,44,From Free Kick,France,3869354,0 days 01:03:44,0,0,0,0,0,0,1,0,0
2,63,46,From Free Kick,France,3869354,0 days 01:03:46,0,0,0,0,0,0,1,0,0
2,63,49,From Free Kick,France,3869354,0 days 01:03:49,0,0,0,0,0,0,1,0,0
2,64,24,From Goal Kick,England,3869354,0 days 01:04:24,0,0,0,0,0,0,1,0,0
2,64,29,From Goal Kick,England,3869354,0 days 01:04:29,0,0,0,0,0,0,1,0,0
2,64,34,Regular Play,France,3869354,0 days 01:04:34,1,0,0,0,0,0,0,0,0
2,64,38,Regular Play,England,3869354,0 days 01:04:38,0,0,0,0,1,0,0,0,0
2,64,40,From Free Kick,France,3869354,0 days 01:04:40,0,0,0,0,0,0,1,0,0
2,64,44,From Free Kick,France,3869354,0 days 01:04:44,0,0,0,0,0,0,1,0,0
2,64,47,From Free Kick,France,3869354,0 days 01:04:47,0,0,0,0,0,0,1,0,0
2,64,52,From Free Kick,France,3869354,0 days 01:04:52,0,0,0,0,0,0,1,0,0
2,64,54,From Free Kick,France,3869354,0 days 01:04:54,0,0,0,0,0,0,1,0,0
2,65,49,From Goal Kick,England,3869354,0 days 01:05:49,0,0,0,0,0,0,1,0,0
2,65,53,From Goal Kick,England,3869354,0 days 01:05:53,0,0,0,0,0,0,1,0,0
2,65,57,From Goal Kick,France,3869354,0 days 01:05:57,1,0,0,0,0,0,0,0,0
2,65,59,From Goal Kick,France,3869354,0 days 01:05:59,0,0,0,0,0,0,1,0,0
2,66,2,From Goal Kick,England,3869354,0 days 01:06:02,0,0,0,0,0,0,1,0,0
2,66,4,From Goal Kick,England,3869354,0 days 01:06:04,0,0,0,0,0,0,1,0,0
2,66,6,From Goal Kick,England,3869354,0 days 01:06:06,0,0,0,0,0,0,1,0,0
2,66,10,From Goal Kick,England,3869354,0 days 01:06:10,0,0,0,0,0,0,1,0,0
2,66,11,From Goal Kick,England,3869354,0 days 01:06:11,0,0,0,0,0,0,1,0,0
2,66,13,From Goal Kick,England,3869354,0 days 01:06:13,0,0,0,0,0,0,1,0,0
2,66,17,From Goal Kick,England,3869354,0 days 01:06:17,0,0,0,0,0,0,1,0,0
2,66,19,From Goal Kick,England,3869354,0 days 01:06:19,0,0,0,0,0,0,1,0,0
2,66,20,From Goal Kick,England,3869354,0 days 01:06:20,0,0,0,0,0,0,1,0,0
2,66,24,From Goal Kick,England,3869354,0 days 01:06:24,0,0,0,0,0,0,1,0,0
2,66,30,From Goal Kick,England,3869354,0 days 01:06:30,0,0,0,0,0,0,1,0,0
2,66,33,From Goal Kick,England,3869354,0 days 01:06:33,0,0,0,0,0,0,1,0,0
2,66,38,Regular Play,France,3869354,0 days 01:06:38,1,0,0,0,0,0,0,0,0
2,66,47,Regular Play,France,3869354,0 days 01:06:47,0,0,0,0,0,0,1,0,0
2,66,51,Regular Play,France,3869354,0 days 01:06:51,0,0,0,0,0,0,1,0,0
2,66,54,Regular Play,France,3869354,0 days 01:06:54,0,0,0,0,0,0,1,0,0
2,66,55,Regular Play,England,3869354,0 days 01:06:55,0,0,0,0,0,0,1,0,0
2,66,57,Regular Play,France,3869354,0 days 01:06:57,1,0,0,0,0,0,0,0,0
2,57,1,From Throw In,Croatia,3869420,0 days 00:57:01,0,0,0,0,0,0,1,0,0
2,57,2,From Throw In,Croatia,3869420,0 days 00:57:02,0,0,0,0,0,0,1,0,0
2,57,4,From Throw In,Croatia,3869420,0 days 00:57:04,0,0,0,0,0,0,1,0,0
2,57,7,From Throw In,Croatia,3869420,0 days 00:57:07,0,0,0,0,0,0,1,0,0
2,57,10,From Throw In,Croatia,3869420,0 days 00:57:10,0,0,0,0,0,0,1,0,0
2,57,10,From Throw In,Croatia,3869420,0 days 00:57:10,0,0,0,0,0,0,1,0,0
2,57,12,From Throw In,Croatia,3869420,0 days 00:57:12,0,0,0,0,0,0,1,0,0
2,57,15,From Throw In,Croatia,3869420,0 days 00:57:15,0,0,0,0,0,0,1,0,0
2,57,17,From Throw In,Croatia,3869420,0 days 00:57:17,0,0,0,0,0,0,1,0,0
2,57,18,From Throw In,Croatia,3869420,0 days 00:57:18,0,0,0,0,0,0,1,0,0
2,57,20,From Throw In,Croatia,3869420,0 days 00:57:20,0,0,0,0,0,0,1,0,0
2,57,21,From Throw In,Croatia,3869420,0 days 00:57:21,0,0,0,0,0,0,1,0,0
2,57,22,From Throw In,Croatia,3869420,0 days 00:57:22,0,0,0,0,0,0,1,0,0
2,57,25,From Throw In,Croatia,3869420,0 days 00:57:25,0,0,0,0,0,0,1,0,0
2,57,29,From Throw In,Croatia,3869420,0 days 00:57:29,0,0,0,0,0,0,1,0,0
2,57,32,From Throw In,Croatia,3869420,0 days 00:57:32,0,0,0,0,0,0,1,0,0
2,57,33,From Throw In,Croatia,3869420,0 days 00:57:33,0,0,0,0,0,0,1,0,0
2,57,36,From Throw In,Croatia,3869420,0 days 00:57:36,0,0,0,0,0,0,1,0,0
2,57,39,From Throw In,Croatia,3869420,0 days 00:57:39,0,0,0,0,0,0,1,0,0
2,57,44,From Throw In,Croatia,3869420,0 days 00:57:44,0,0,0,0,0,0,1,0,0
2,57,46,From Throw In,Croatia,3869420,0 days 00:57:46,0,0,0,0,0,0,1,0,0
2,57,49,From Throw In,Croatia,3869420,0 days 00:57:49,0,0,0,0,0,0,1,0,0
2,57,50,From Throw In,Croatia,3869420,0 days 00:57:50,0,0,0,0,0,0,1,0,0
2,57,54,From Throw In,Croatia,3869420,0 days 00:57:54,0,0,0,0,0,0,1,0,0
2,57,56,From Throw In,Croatia,3869420,0 days 00:57:56,0,0,0,0,0,0,1,0,0
2,57,57,From Throw In,Croatia,3869420,0 days 00:57:57,0,0,0,0,0,0,1,0,0
2,57,59,From Throw In,Croatia,3869420,0 days 00:57:59,0,0,0,0,0,0,1,0,0
2,58,1,From Throw In,Croatia,3869420,0 days 00:58:01,0,0,0,0,0,0,1,0,0
2,58,2,From Throw In,Croatia,3869420,0 days 00:58:02,0,0,0,0,0,0,1,0,0
2,58,4,From Throw In,Brazil,3869420,0 days 00:58:04,1,0,0,0,0,0,0,0,0
2,58,10,From Throw In,Brazil,3869420,0 days 00:58:10,0,0,0,0,0,0,1,0,0
2,58,11,From Throw In,Croatia,3869420,0 days 00:58:11,0,1,0,0,0,0,0,0,0
2,58,13,From Throw In,Croatia,3869420,0 days 00:58:13,0,0,0,0,0,0,1,0,0
2,58,14,From Throw In,Croatia,3869420,0 days 00:58:14,0,0,0,0,0,0,1,0,0
2,58,15,From Throw In,Croatia,3869420,0 days 00:58:15,0,0,0,0,0,0,1,0,0
2,58,20,Regular Play,Brazil,3869420,0 days 00:58:20,1,0,0,0,0,0,0,0,0
2,58,21,Regular Play,Brazil,3869420,0 days 00:58:21,0,0,0,0,0,0,1,0,0
2,58,25,Regular Play,Brazil,3869420,0 days 00:58:25,0,0,0,0,0,0,1,0,0
2,58,27,Regular Play,Brazil,3869420,0 days 00:58:27,0,0,0,0,0,0,1,0,0
2,58,28,Regular Play,Brazil,3869420,0 days 00:58:28,0,0,0,0,0,0,1,0,0
2,58,33,Regular Play,Brazil,3869420,0 days 00:58:33,0,0,0,0,0,0,1,0,0
2,58,38,Regular Play,Brazil,3869420,0 days 00:58:38,0,0,0,0,0,0,1,0,0
2,59,5,From Goal Kick,Croatia,3869420,0 days 00:59:05,0,0,0,0,0,0,1,0,0
2,59,9,From Goal Kick,Croatia,3869420,0 days 00:59:09,0,0,0,0,0,0,1,0,0
2,59,11,From Goal Kick,Croatia,3869420,0 days 00:59:11,0,0,0,0,0,0,1,0,0
2,59,15,From Goal Kick,Croatia,3869420,0 days 00:59:15,0,0,0,0,0,0,1,0,0
2,59,19,From Goal Kick,Croatia,3869420,0 days 00:59:19,0,0,0,0,0,0,1,0,0
2,59,20,From Goal Kick,Croatia,3869420,0 days 00:59:20,0,0,0,0,0,0,1,0,0
2,59,27,From Goal Kick,Croatia,3869420,0 days 00:59:27,0,0,0,0,0,0,1,0,0
2,59,28,Regular Play,Brazil,3869420,0 days 00:59:28,0,0,0,0,0,0,1,0,0
2,59,31,Regular Play,Brazil,3869420,0 days 00:59:31,0,0,0,0,0,0,1,0,0
2,59,33,Regular Play,Brazil,3869420,0 days 00:59:33,0,0,0,0,0,0,1,0,0
2,59,34,Regular Play,Brazil,3869420,0 days 00:59:34,0,0,0,0,0,0,1,0,0
2,59,37,Regular Play,Brazil,3869420,0 days 00:59:37,0,0,0,0,0,0,1,0,0
2,59,43,Regular Play,Brazil,3869420,0 days 00:59:43,0,0,0,0,0,0,1,0,0
2,59,52,Regular Play,Brazil,3869420,0 days 00:59:52,0,0,0,1,0,0,0,0,0
2,59,52,Regular Play,Brazil,3869420,0 days 00:59:52,0,0,0,0,0,0,1,0,0
2,59,53,Regular Play,Croatia,3869420,0 days 00:59:53,0,0,0,0,0,1,0,0,0
2,59,55,Regular Play,Croatia,3869420,0 days 00:59:55,0,0,0,0,0,0,1,0,0
2,59,56,Regular Play,Croatia,3869420,0 days 00:59:56,0,0,0,0,0,0,1,0,0
2,59,58,Regular Play,Croatia,3869420,0 days 00:59:58,0,0,0,0,0,0,1,0,0
2,60,1,Regular Play,Croatia,3869420,0 days 01:00:01,0,0,0,0,0,0,1,0,0
2,60,2,Regular Play,Croatia,3869420,0 days 01:00:02,0,0,0,0,0,0,1,0,0
2,60,5,Regular Play,Croatia,3869420,0 days 01:00:05,0,0,0,0,0,0,1,0,0
2,60,6,Regular Play,Croatia,3869420,0 days 01:00:06,0,0,0,0,0,0,1,0,0
2,60,11,Regular Play,Croatia,3869420,0 days 01:00:11,0,0,0,0,0,0,1,0,0
2,60,23,Regular Play,Croatia,3869420,0 days 01:00:23,0,0,0,0,0,0,1,0,0
2,60,26,Regular Play,Croatia,3869420,0 days 01:00:26,0,0,0,0,0,0,1,0,0
2,60,30,Regular Play,Croatia,3869420,0 days 01:00:30,0,0,0,0,0,0,1,0,0
2,60,32,Regular Play,Croatia,3869420,0 days 01:00:32,0,0,0,0,0,0,1,0,0
2,60,34,Regular Play,Croatia,3869420,0 days 01:00:34,0,0,0,0,0,0,1,0,0
2,60,36,Regular Play,Croatia,3869420,0 days 01:00:36,0,0,0,0,0,0,1,0,0
2,60,39,Regular Play,Croatia,3869420,0 days 01:00:39,0,0,0,0,0,0,1,0,0
2,60,43,Regular Play,Croatia,3869420,0 days 01:00:43,0,0,0,0,0,0,1,0,0
2,60,44,Regular Play,Croatia,3869420,0 days 01:00:44,0,0,0,0,0,0,1,0,0
2,60,46,Regular Play,Croatia,3869420,0 days 01:00:46,0,0,0,0,0,0,1,0,0
2,60,47,Regular Play,Croatia,3869420,0 days 01:00:47,0,0,0,0,0,0,1,0,0
2,60,50,Regular Play,Croatia,3869420,0 days 01:00:50,0,0,0,0,0,0,1,0,0
2,60,55,Regular Play,Croatia,3869420,0 days 01:00:55,0,0,0,0,0,0,1,0,0
2,61,1,Regular Play,Croatia,3869420,0 days 01:01:01,0,0,1,0,0,0,0,0,0
2,61,1,Regular Play,Brazil,3869420,0 days 01:01:01,0,0,0,0,0,0,0,0,1
2,61,3,Regular Play,Brazil,3869420,0 days 01:01:03,0,0,0,0,0,0,1,0,0
2,61,5,Regular Play,Brazil,3869420,0 days 01:01:05,0,0,0,0,0,0,1,0,0
2,61,13,Regular Play,Brazil,3869420,0 days 01:01:13,0,0,0,1,0,0,0,0,0
2,61,14,Regular Play,Brazil,3869420,0 days 01:01:14,0,0,0,0,0,0,1,0,0
2,61,15,Regular Play,Croatia,3869420,0 days 01:01:15,0,0,0,0,0,0,1,0,0
2,61,17,Regular Play,Croatia,3869420,0 days 01:01:17,0,0,0,0,0,0,1,0,0
2,61,19,Regular Play,Croatia,3869420,0 days 01:01:19,0,0,0,0,0,0,1,0,0
2,61,21,Regular Play,Croatia,3869420,0 days 01:01:21,0,0,0,0,0,0,1,0,0
2,61,23,Regular Play,Croatia,3869420,0 days 01:01:23,0,0,0,0,0,0,1,0,0
2,61,26,Regular Play,Croatia,3869420,0 days 01:01:26,0,0,0,0,0,0,1,0,0
2,61,27,Regular Play,Croatia,3869420,0 days 01:01:27,0,0,0,0,0,0,1,0,0
2,61,33,Regular Play,Croatia,3869420,0 days 01:01:33,0,0,0,0,0,0,1,0,0
2,61,36,Regular Play,Croatia,3869420,0 days 01:01:36,0,0,0,0,0,0,1,0,0
2,61,38,Regular Play,Croatia,3869420,0 days 01:01:38,0,0,0,0,0,0,1,0,0
2,61,39,Regular Play,Croatia,3869420,0 days 01:01:39,0,0,0,0,0,0,1,0,0
2,61,40,Regular Play,Croatia,3869420,0 days 01:01:40,0,0,0,0,0,0,1,0,0
2,61,41,Regular Play,Croatia,3869420,0 days 01:01:41,0,0,0,0,0,0,1,0,0
2,61,45,Regular Play,Croatia,3869420,0 days 01:01:45,0,0,0,0,0,0,1,0,0
2,61,47,Regular Play,Croatia,3869420,0 days 01:01:47,0,0,0,0,0,0,1,0,0
2,61,51,Regular Play,Croatia,3869420,0 days 01:01:51,0,0,0,0,0,0,1,0,0
2,61,56,Regular Play,Croatia,3869420,0 days 01:01:56,0,0,0,0,0,0,1,0,0
2,61,58,Regular Play,Croatia,3869420,0 days 01:01:58,0,0,0,0,0,0,1,0,0
2,61,59,Regular Play,Brazil,3869420,0 days 01:01:59,1,0,0,0,0,0,0,0,0
2,62,11,Regular Play,Brazil,3869420,0 days 01:02:11,0,0,0,0,0,0,1,0,0
2,62,17,Regular Play,Brazil,3869420,0 days 01:02:17,0,0,0,0,0,0,1,0,0
2,62,20,Regular Play,Brazil,3869420,0 days 01:02:20,0,0,0,0,0,0,1,0,0
2,62,27,Regular Play,Brazil,3869420,0 days 01:02:27,0,0,0,0,0,0,1,0,0
2,62,30,Regular Play,Brazil,3869420,0 days 01:02:30,0,0,0,0,0,0,1,0,0
2,62,33,Regular Play,Brazil,3869420,0 days 01:02:33,0,0,0,0,0,0,1,0,0
2,62,35,Regular Play,Brazil,3869420,0 days 01:02:35,0,0,0,0,0,0,1,0,0
2,62,38,Regular Play,Brazil,3869420,0 days 01:02:38,0,0,0,0,0,0,1,0,0
2,62,41,Regular Play,Brazil,3869420,0 days 01:02:41,0,0,0,0,0,0,1,0,0
2,62,43,Regular Play,Brazil,3869420,0 days 01:02:43,0,0,0,0,0,0,1,0,0
2,62,46,Regular Play,Brazil,3869420,0 days 01:02:46,0,0,0,0,0,0,1,0,0
2,62,49,Regular Play,Brazil,3869420,0 days 01:02:49,0,0,0,0,0,0,1,0,0
2,62,56,Regular Play,Brazil,3869420,0 days 01:02:56,0,0,0,0,0,0,1,0,0
2,63,1,Regular Play,Brazil,3869420,0 days 01:03:01,0,0,0,0,0,0,1,0,0
2,63,3,Regular Play,Brazil,3869420,0 days 01:03:03,0,0,0,0,0,0,1,0,0
2,63,5,Regular Play,Brazil,3869420,0 days 01:03:05,0,0,0,0,0,0,1,0,0
2,63,8,Regular Play,Brazil,3869420,0 days 01:03:08,0,0,0,0,0,0,1,0,0
2,63,9,Regular Play,Brazil,3869420,0 days 01:03:09,0,0,0,0,0,0,1,0,0
2,63,12,Regular Play,Brazil,3869420,0 days 01:03:12,0,0,0,0,0,0,1,0,0
2,63,14,Regular Play,Croatia,3869420,0 days 01:03:14,0,1,0,0,0,0,0,0,0
2,63,46,From Throw In,Brazil,3869420,0 days 01:03:46,0,0,0,0,0,0,1,0,0
2,63,50,From Throw In,Brazil,3869420,0 days 01:03:50,0,0,0,0,0,0,1,0,0
2,63,55,From Throw In,Brazil,3869420,0 days 01:03:55,0,0,0,0,0,0,1,0,0
2,63,56,From Throw In,Brazil,3869420,0 days 01:03:56,0,0,0,0,0,0,1,0,0
2,64,0,From Throw In,Brazil,3869420,0 days 01:04:00,0,0,0,0,0,0,1,0,0
2,64,1,From Throw In,Brazil,3869420,0 days 01:04:01,0,0,0,0,0,0,1,0,0
2,64,7,From Throw In,Brazil,3869420,0 days 01:04:07,0,0,0,0,0,0,1,0,0
2,64,9,From Throw In,Brazil,3869420,0 days 01:04:09,0,0,0,0,0,0,1,0,0
2,64,10,From Throw In,Brazil,3869420,0 days 01:04:10,0,0,0,0,0,0,1,0,0
2,64,11,From Throw In,Brazil,3869420,0 days 01:04:11,0,0,0,0,0,0,1,0,0
2,64,13,From Throw In,Brazil,3869420,0 days 01:04:13,0,0,0,0,0,0,1,0,0
2,64,15,From Throw In,Brazil,3869420,0 days 01:04:15,0,0,0,0,0,0,1,0,0
2,64,21,From Throw In,Brazil,3869420,0 days 01:04:21,0,0,0,0,0,0,1,0,0
2,64,26,From Throw In,Brazil,3869420,0 days 01:04:26,0,0,0,0,0,0,1,0,0
2,64,29,From Throw In,Croatia,3869420,0 days 01:04:29,0,0,0,0,1,0,0,0,0
2,65,8,From Free Kick,Brazil,3869420,0 days 01:05:08,0,0,0,0,0,0,0,1,0
2,65,17,From Throw In,Brazil,3869420,0 days 01:05:17,0,0,0,0,0,0,1,0,0
2,65,21,From Throw In,Brazil,3869420,0 days 01:05:21,0,0,0,0,0,0,1,0,0
2,65,23,From Throw In,Brazil,3869420,0 days 01:05:23,0,0,0,0,0,0,1,0,0
2,65,28,From Throw In,Brazil,3869420,0 days 01:05:28,0,0,0,0,0,0,1,0,0
2,65,30,From Throw In,Croatia,3869420,0 days 01:05:30,0,1,0,0,0,0,0,0,0
2,65,31,From Throw In,Brazil,3869420,0 days 01:05:31,1,0,0,0,0,0,0,0,0
2,65,31,From Throw In,Brazil,3869420,0 days 01:05:31,0,0,0,0,0,0,0,1,0
2,65,53,From Corner,Brazil,3869420,0 days 01:05:53,0,0,0,0,0,0,1,0,0
2,65,55,From Corner,Brazil,3869420,0 days 01:05:55,0,0,0,0,0,0,1,0,0
2,65,55,From Corner,Croatia,3869420,0 days 01:05:55,0,1,0,0,0,0,0,0,0
2,65,56,From Corner,Croatia,3869420,0 days 01:05:56,0,1,0,0,0,0,0,0,0
2,66,0,From Corner,Brazil,3869420,0 days 01:06:00,0,0,0,0,0,0,1,0,0
2,66,3,From Corner,Brazil,3869420,0 days 01:06:03,0,0,0,0,0,0,1,0,0
2,66,5,From Corner,Brazil,3869420,0 days 01:06:05,0,0,0,0,0,0,1,0,0
2,66,7,From Corner,Brazil,3869420,0 days 01:06:07,0,0,0,0,0,0,0,1,0
2,66,8,From Corner,Croatia,3869420,0 days 01:06:08,0,1,0,0,0,0,0,0,0
2,66,11,From Corner,Croatia,3869420,0 days 01:06:11,1,0,0,0,0,0,0,0,0
2,66,12,From Corner,Croatia,3869420,0 days 01:06:12,0,0,0,0,0,0,1,0,0
2,66,14,From Corner,Brazil,3869420,0 days 01:06:14,0,0,0,0,0,0,1,0,0
2,66,18,From Corner,Brazil,3869420,0 days 01:06:18,0,0,0,0,0,0,1,0,0
2,66,21,From Corner,Brazil,3869420,0 days 01:06:21,0,0,0,0,0,0,1,0,0
2,66,26,From Corner,Brazil,3869420,0 days 01:06:26,0,0,0,0,0,0,1,0,0
2,66,29,From Corner,Brazil,3869420,0 days 01:06:29,0,0,0,0,0,0,1,0,0
2,66,31,From Corner,Brazil,3869420,0 days 01:06:31,0,0,0,0,0,0,1,0,0
2,66,38,From Corner,Brazil,3869420,0 days 01:06:38,0,0,0,0,0,0,1,0,0
2,66,39,From Corner,Brazil,3869420,0 days 01:06:39,0,0,0,0,0,0,1,0,0
2,66,40,From Corner,Brazil,3869420,0 days 01:06:40,0,0,0,0,0,0,1,0,0
2,66,44,From Corner,Brazil,3869420,0 days 01:06:44,0,0,0,0,0,0,1,0,0
2,66,52,From Corner,Brazil,3869420,0 days 01:06:52,0,0,0,0,0,0,1,0,0
2,66,56,From Corner,Brazil,3869420,0 days 01:06:56,0,0,0,0,0,0,1,0,0
2,57,6,From Goal Kick,Portugal,3869486,0 days 00:57:06,0,0,0,0,0,0,1,0,0
2,57,9,From Goal Kick,Portugal,3869486,0 days 00:57:09,0,0,0,0,0,0,1,0,0
2,57,15,From Goal Kick,Portugal,3869486,0 days 00:57:15,0,0,0,0,0,0,1,0,0
2,57,19,From Goal Kick,Portugal,3869486,0 days 00:57:19,0,0,0,0,0,0,1,0,0
2,57,22,From Goal Kick,Portugal,3869486,0 days 00:57:22,0,0,0,0,0,0,1,0,0
2,57,23,From Goal Kick,Portugal,3869486,0 days 00:57:23,0,0,0,0,0,0,1,0,0
2,57,25,From Goal Kick,Portugal,3869486,0 days 00:57:25,0,0,0,0,0,0,1,0,0
2,57,27,From Goal Kick,Portugal,3869486,0 days 00:57:27,0,0,0,0,0,0,1,0,0
2,57,28,From Goal Kick,Portugal,3869486,0 days 00:57:28,0,0,0,0,0,0,0,1,0
2,57,51,From Goal Kick,Morocco,3869486,0 days 00:57:51,0,0,0,0,0,0,1,0,0
2,57,57,From Goal Kick,Morocco,3869486,0 days 00:57:57,0,0,0,0,0,0,1,0,0
2,58,0,From Goal Kick,Portugal,3869486,0 days 00:58:00,0,0,0,0,0,0,1,0,0
2,58,2,From Goal Kick,Morocco,3869486,0 days 00:58:02,0,0,0,0,0,0,1,0,0
2,58,12,From Goal Kick,Morocco,3869486,0 days 00:58:12,0,0,0,1,0,0,0,0,0
2,58,13,Regular Play,Portugal,3869486,0 days 00:58:13,1,0,0,0,0,0,0,0,0
2,58,14,Regular Play,Portugal,3869486,0 days 00:58:14,0,0,0,0,0,0,1,0,0
2,58,15,Regular Play,Portugal,3869486,0 days 00:58:15,0,0,0,0,0,0,1,0,0
2,58,16,Regular Play,Portugal,3869486,0 days 00:58:16,0,0,0,0,0,0,1,0,0
2,58,18,Regular Play,Portugal,3869486,0 days 00:58:18,0,0,0,0,0,0,1,0,0
2,58,21,Regular Play,Portugal,3869486,0 days 00:58:21,0,0,0,0,0,0,1,0,0
2,58,29,Regular Play,Portugal,3869486,0 days 00:58:29,0,0,0,0,0,0,1,0,0
2,58,31,Regular Play,Portugal,3869486,0 days 00:58:31,0,0,0,0,0,0,1,0,0
2,58,33,Regular Play,Portugal,3869486,0 days 00:58:33,0,0,0,0,0,0,1,0,0
2,58,36,Regular Play,Morocco,3869486,0 days 00:58:36,1,0,0,0,0,0,0,0,0
2,58,38,Regular Play,Morocco,3869486,0 days 00:58:38,0,0,0,0,0,0,1,0,0
2,58,41,Regular Play,Morocco,3869486,0 days 00:58:41,0,0,1,0,0,0,0,0,0
2,58,41,Regular Play,Portugal,3869486,0 days 00:58:41,0,0,0,0,0,0,0,0,1
2,58,43,Regular Play,Morocco,3869486,0 days 00:58:43,1,0,0,0,0,0,0,0,0
2,58,43,Regular Play,Morocco,3869486,0 days 00:58:43,0,0,0,1,0,0,0,0,0
2,58,44,Regular Play,Morocco,3869486,0 days 00:58:44,0,0,0,0,0,0,1,0,0
2,58,46,Regular Play,Morocco,3869486,0 days 00:58:46,0,0,0,0,0,0,1,0,0
2,58,59,From Free Kick,Portugal,3869486,0 days 00:58:59,0,0,0,0,0,0,1,0,0
2,59,0,From Free Kick,Morocco,3869486,0 days 00:59:00,0,0,0,0,1,0,0,0,0
2,59,26,From Free Kick,Portugal,3869486,0 days 00:59:26,0,0,0,0,0,0,1,0,0
2,59,27,From Free Kick,Morocco,3869486,0 days 00:59:27,0,1,0,0,0,0,0,0,0
2,59,28,From Free Kick,Portugal,3869486,0 days 00:59:28,1,0,0,0,0,0,0,0,0
2,59,30,Regular Play,Morocco,3869486,0 days 00:59:30,1,0,0,0,0,0,0,0,0
2,59,30,Regular Play,Morocco,3869486,0 days 00:59:30,0,0,0,1,0,0,0,0,0
2,59,30,Regular Play,Portugal,3869486,0 days 00:59:30,0,0,0,0,0,0,0,0,1
2,59,31,Regular Play,Morocco,3869486,0 days 00:59:31,1,0,0,0,0,0,0,0,0
2,59,33,Regular Play,Morocco,3869486,0 days 00:59:33,0,0,0,0,0,0,1,0,0
2,59,35,Regular Play,Morocco,3869486,0 days 00:59:35,0,0,0,0,0,0,1,0,0
2,59,38,Regular Play,Portugal,3869486,0 days 00:59:38,1,0,0,0,0,0,0,0,0
2,59,45,Regular Play,Portugal,3869486,0 days 00:59:45,0,0,0,0,0,0,1,0,0
2,59,47,Regular Play,Portugal,3869486,0 days 00:59:47,0,0,0,0,0,0,1,0,0
2,59,52,Regular Play,Portugal,3869486,0 days 00:59:52,0,0,0,0,0,0,1,0,0
2,59,57,Regular Play,Portugal,3869486,0 days 00:59:57,0,0,0,0,0,0,1,0,0
2,60,0,Regular Play,Portugal,3869486,0 days 01:00:00,0,0,0,0,0,0,1,0,0
2,60,7,Regular Play,Portugal,3869486,0 days 01:00:07,0,0,0,0,0,0,1,0,0
2,60,10,Regular Play,Portugal,3869486,0 days 01:00:10,0,0,0,0,0,0,1,0,0
2,60,12,Regular Play,Portugal,3869486,0 days 01:00:12,0,0,0,0,0,0,1,0,0
2,60,14,Regular Play,Portugal,3869486,0 days 01:00:14,0,0,0,0,0,0,0,1,0
2,60,17,Regular Play,Morocco,3869486,0 days 01:00:17,0,1,0,0,0,0,0,0,0
2,60,19,Regular Play,Portugal,3869486,0 days 01:00:19,0,0,0,0,0,0,1,0,0
2,60,23,Regular Play,Portugal,3869486,0 days 01:00:23,0,0,0,0,0,0,1,0,0
2,60,27,Regular Play,Portugal,3869486,0 days 01:00:27,0,0,0,0,0,0,1,0,0
2,60,31,Regular Play,Portugal,3869486,0 days 01:00:31,0,0,0,0,0,0,1,0,0
2,60,32,Regular Play,Morocco,3869486,0 days 01:00:32,0,0,0,0,0,1,0,0,0
2,60,32,Regular Play,Portugal,3869486,0 days 01:00:32,0,0,0,0,0,0,1,0,0
2,61,12,From Goal Kick,Morocco,3869486,0 days 01:01:12,0,0,0,0,0,0,1,0,0
2,61,15,From Goal Kick,Portugal,3869486,0 days 01:01:15,0,0,0,0,0,0,1,0,0
2,61,17,From Goal Kick,Morocco,3869486,0 days 01:01:17,0,0,0,0,0,0,1,0,0
2,61,19,From Goal Kick,Morocco,3869486,0 days 01:01:19,0,0,0,0,0,0,1,0,0
2,61,20,From Goal Kick,Morocco,3869486,0 days 01:01:20,0,0,0,0,0,0,1,0,0
2,61,21,Regular Play,Portugal,3869486,0 days 01:01:21,0,0,0,0,0,0,1,0,0
2,61,23,Regular Play,Portugal,3869486,0 days 01:01:23,0,0,0,0,0,0,1,0,0
2,61,26,Regular Play,Portugal,3869486,0 days 01:01:26,0,0,0,0,0,0,1,0,0
2,61,30,Regular Play,Portugal,3869486,0 days 01:01:30,0,0,0,0,0,0,1,0,0
2,61,32,Regular Play,Portugal,3869486,0 days 01:01:32,0,0,0,0,0,0,1,0,0
2,61,36,Regular Play,Portugal,3869486,0 days 01:01:36,0,0,0,0,0,0,1,0,0
2,61,37,Regular Play,Portugal,3869486,0 days 01:01:37,0,0,0,0,0,0,1,0,0
2,61,39,Regular Play,Portugal,3869486,0 days 01:01:39,0,0,0,0,0,0,1,0,0
2,62,18,From Goal Kick,Morocco,3869486,0 days 01:02:18,0,0,0,0,0,0,1,0,0
2,62,24,Regular Play,Portugal,3869486,0 days 01:02:24,0,0,0,0,0,0,1,0,0
2,62,25,Regular Play,Portugal,3869486,0 days 01:02:25,0,0,0,0,0,0,1,0,0
2,62,26,Regular Play,Morocco,3869486,0 days 01:02:26,0,0,0,0,1,0,0,0,0
2,62,26,Regular Play,Portugal,3869486,0 days 01:02:26,0,0,0,0,0,0,1,0,0
2,62,28,Regular Play,Portugal,3869486,0 days 01:02:28,0,0,0,0,0,0,1,0,0
2,62,36,Regular Play,Portugal,3869486,0 days 01:02:36,0,0,0,0,0,0,1,0,0
2,62,36,Regular Play,Portugal,3869486,0 days 01:02:36,0,0,0,0,0,0,1,0,0
2,62,37,Regular Play,Morocco,3869486,0 days 01:02:37,1,0,0,0,0,0,0,0,0
2,62,47,From Throw In,Portugal,3869486,0 days 01:02:47,0,0,0,0,0,0,1,0,0
2,62,55,From Throw In,Morocco,3869486,0 days 01:02:55,1,0,0,0,0,0,0,0,0
2,62,56,From Throw In,Morocco,3869486,0 days 01:02:56,0,0,0,0,0,0,1,0,0
2,62,58,From Throw In,Morocco,3869486,0 days 01:02:58,0,0,1,0,0,0,0,0,0
2,62,58,From Throw In,Portugal,3869486,0 days 01:02:58,0,0,0,0,0,0,0,0,1
2,63,0,From Throw In,Portugal,3869486,0 days 01:03:00,1,0,0,0,0,0,0,0,0
2,63,2,From Throw In,Portugal,3869486,0 days 01:03:02,0,0,0,0,0,0,1,0,0
2,63,4,From Throw In,Portugal,3869486,0 days 01:03:04,0,0,0,0,0,0,0,1,0
2,64,45,From Goal Kick,Morocco,3869486,0 days 01:04:45,0,0,0,0,0,0,1,0,0
2,64,49,From Goal Kick,Portugal,3869486,0 days 01:04:49,1,0,0,0,0,0,0,0,0
2,64,50,Regular Play,Portugal,3869486,0 days 01:04:50,0,0,0,0,0,0,1,0,0
2,64,52,Regular Play,Portugal,3869486,0 days 01:04:52,0,0,0,0,0,0,1,0,0
2,64,53,Regular Play,Portugal,3869486,0 days 01:04:53,1,0,0,0,0,0,0,0,0
2,64,55,Regular Play,Morocco,3869486,0 days 01:04:55,0,0,0,0,1,0,0,0,0
2,65,20,From Free Kick,Portugal,3869486,0 days 01:05:20,0,0,0,0,0,0,1,0,0
2,65,21,From Free Kick,Portugal,3869486,0 days 01:05:21,0,0,0,0,0,0,1,0,0
2,65,22,From Free Kick,Portugal,3869486,0 days 01:05:22,0,0,0,0,0,0,1,0,0
2,65,23,Regular Play,Morocco,3869486,0 days 01:05:23,0,0,0,0,0,0,1,0,0
2,65,25,Regular Play,Morocco,3869486,0 days 01:05:25,0,0,0,0,0,0,1,0,0
2,65,29,Regular Play,Portugal,3869486,0 days 01:05:29,0,0,0,0,0,0,1,0,0
2,65,32,Regular Play,Morocco,3869486,0 days 01:05:32,0,0,0,0,1,0,0,0,0
2,65,33,Regular Play,Portugal,3869486,0 days 01:05:33,0,0,0,0,0,0,1,0,0
2,65,39,Regular Play,Portugal,3869486,0 days 01:05:39,0,0,0,0,0,0,1,0,0
2,65,41,Regular Play,Portugal,3869486,0 days 01:05:41,0,0,0,0,0,0,1,0,0
2,65,44,Regular Play,Portugal,3869486,0 days 01:05:44,0,0,0,0,0,0,1,0,0
2,65,46,Regular Play,Portugal,3869486,0 days 01:05:46,0,0,0,0,0,0,1,0,0
2,65,49,Regular Play,Portugal,3869486,0 days 01:05:49,0,0,0,0,0,0,1,0,0
2,65,51,Regular Play,Portugal,3869486,0 days 01:05:51,0,0,0,0,0,0,1,0,0
2,65,54,Regular Play,Portugal,3869486,0 days 01:05:54,0,0,0,0,0,0,1,0,0
2,65,56,Regular Play,Portugal,3869486,0 days 01:05:56,0,0,0,0,0,0,1,0,0
2,65,57,Regular Play,Portugal,3869486,0 days 01:05:57,0,0,0,0,0,0,1,0,0
2,66,0,Regular Play,Morocco,3869486,0 days 01:06:00,1,0,0,0,0,0,0,0,0
2,66,6,Regular Play,Morocco,3869486,0 days 01:06:06,0,0,0,0,0,0,1,0,0
2,66,12,From Throw In,Portugal,3869486,0 days 01:06:12,0,0,0,0,0,0,1,0,0
2,66,17,From Throw In,Portugal,3869486,0 days 01:06:17,0,0,0,0,0,0,1,0,0
2,66,21,From Throw In,Portugal,3869486,0 days 01:06:21,0,0,0,0,0,0,1,0,0
2,66,24,From Throw In,Portugal,3869486,0 days 01:06:24,0,0,0,0,0,0,1,0,0
2,66,27,From Throw In,Portugal,3869486,0 days 01:06:27,0,0,0,0,0,0,1,0,0
2,66,30,From Throw In,Portugal,3869486,0 days 01:06:30,0,0,0,1,0,0,0,0,0
2,66,30,From Throw In,Morocco,3869486,0 days 01:06:30,0,0,0,0,0,0,0,0,1
2,66,31,From Throw In,Morocco,3869486,0 days 01:06:31,0,0,1,0,0,0,0,0,0
2,66,31,From Throw In,Portugal,3869486,0 days 01:06:31,0,0,0,0,0,0,0,0,1
2,66,43,From Throw In,Morocco,3869486,0 days 01:06:43,0,0,0,0,0,0,1,0,0
2,66,47,From Throw In,Morocco,3869486,0 days 01:06:47,0,0,0,0,0,0,1,0,0
2,66,48,From Throw In,Portugal,3869486,0 days 01:06:48,0,0,0,0,0,0,1,0,0
2,66,50,From Throw In,Morocco,3869486,0 days 01:06:50,1,0,0,0,0,0,0,0,0
2,66,51,Regular Play,Portugal,3869486,0 days 01:06:51,0,0,0,0,0,0,1,0,0
2,66,52,Regular Play,Morocco,3869486,0 days 01:06:52,0,0,0,0,1,0,0,0,0
2,57,2,Regular Play,Argentina,3869519,0 days 00:57:02,0,0,0,0,0,0,1,0,0
2,57,3,Regular Play,Argentina,3869519,0 days 00:57:03,0,0,0,0,0,0,1,0,0
2,57,5,Regular Play,Argentina,3869519,0 days 00:57:05,0,0,0,0,0,0,0,1,0
2,57,8,Regular Play,Croatia,3869519,0 days 00:57:08,1,0,0,0,0,0,0,0,0
2,57,9,Regular Play,Argentina,3869519,0 days 00:57:09,0,0,0,0,1,0,0,0,0
2,57,18,From Free Kick,Croatia,3869519,0 days 00:57:18,0,0,0,0,0,0,1,0,0
2,57,23,From Free Kick,Croatia,3869519,0 days 00:57:23,0,0,0,0,0,0,1,0,0
2,57,29,From Free Kick,Croatia,3869519,0 days 00:57:29,0,0,0,0,0,0,1,0,0
2,57,34,From Free Kick,Croatia,3869519,0 days 00:57:34,0,0,0,1,0,0,0,0,0
2,57,35,From Free Kick,Croatia,3869519,0 days 00:57:35,0,0,0,0,0,0,0,1,0
2,57,39,From Free Kick,Croatia,3869519,0 days 00:57:39,1,0,0,0,0,0,0,0,0
2,57,41,From Free Kick,Croatia,3869519,0 days 00:57:41,0,0,0,0,0,0,1,0,0
2,57,43,From Free Kick,Croatia,3869519,0 days 00:57:43,0,0,0,0,0,0,1,0,0
2,57,48,From Free Kick,Croatia,3869519,0 days 00:57:48,0,0,0,0,0,0,1,0,0
2,57,50,From Free Kick,Croatia,3869519,0 days 00:57:50,0,0,1,0,0,0,0,0,0
2,57,50,From Free Kick,Argentina,3869519,0 days 00:57:50,0,0,0,0,0,0,0,0,1
2,57,51,From Free Kick,Croatia,3869519,0 days 00:57:51,1,0,0,0,0,0,0,0,0
2,57,53,From Free Kick,Croatia,3869519,0 days 00:57:53,0,0,0,0,0,0,1,0,0
2,57,56,From Free Kick,Croatia,3869519,0 days 00:57:56,0,0,0,0,0,0,1,0,0
2,57,56,From Free Kick,Croatia,3869519,0 days 00:57:56,0,0,0,0,0,0,1,0,0
2,57,58,From Free Kick,Croatia,3869519,0 days 00:57:58,0,0,0,0,0,0,1,0,0
2,58,0,From Free Kick,Argentina,3869519,0 days 00:58:00,0,1,0,0,0,0,0,0,0
2,58,2,From Free Kick,Croatia,3869519,0 days 00:58:02,1,0,0,0,0,0,0,0,0
2,58,40,Regular Play,Croatia,3869519,0 days 00:58:40,1,0,0,0,0,0,0,0,0
2,58,45,Other,Croatia,3869519,0 days 00:58:45,0,0,0,0,0,0,1,0,0
2,58,51,Other,Croatia,3869519,0 days 00:58:51,0,0,0,0,0,0,1,0,0
2,58,52,Other,Argentina,3869519,0 days 00:58:52,0,1,0,0,0,0,0,0,0
2,58,54,Other,Argentina,3869519,0 days 00:58:54,1,0,0,0,0,0,0,0,0
2,58,57,Other,Argentina,3869519,0 days 00:58:57,0,0,0,0,0,0,1,0,0
2,59,0,Other,Argentina,3869519,0 days 00:59:00,0,0,0,0,0,0,1,0,0
2,59,1,Other,Argentina,3869519,0 days 00:59:01,0,0,0,0,0,0,1,0,0
2,59,3,Other,Argentina,3869519,0 days 00:59:03,0,0,0,0,0,0,1,0,0
2,59,4,Other,Argentina,3869519,0 days 00:59:04,1,0,0,0,0,0,0,0,0
2,59,5,Other,Argentina,3869519,0 days 00:59:05,0,0,0,0,0,0,1,0,0
2,59,7,Other,Argentina,3869519,0 days 00:59:07,0,0,0,0,0,0,1,0,0
2,59,11,Regular Play,Croatia,3869519,0 days 00:59:11,1,0,0,0,0,0,0,0,0
2,59,12,Regular Play,Croatia,3869519,0 days 00:59:12,0,0,0,0,0,0,1,0,0
2,59,14,Regular Play,Croatia,3869519,0 days 00:59:14,0,0,0,0,0,0,1,0,0
2,59,17,Regular Play,Croatia,3869519,0 days 00:59:17,0,0,0,0,0,0,1,0,0
2,59,20,Regular Play,Croatia,3869519,0 days 00:59:20,0,0,0,0,0,0,1,0,0
2,59,24,Regular Play,Croatia,3869519,0 days 00:59:24,0,0,0,0,0,0,1,0,0
2,59,27,Regular Play,Croatia,3869519,0 days 00:59:27,0,0,0,0,0,0,1,0,0
2,59,31,Regular Play,Croatia,3869519,0 days 00:59:31,0,0,0,0,0,0,1,0,0
2,59,33,Regular Play,Croatia,3869519,0 days 00:59:33,0,0,0,0,0,0,1,0,0
2,59,40,Regular Play,Croatia,3869519,0 days 00:59:40,0,0,0,0,0,0,1,0,0
2,60,4,From Throw In,Argentina,3869519,0 days 01:00:04,0,0,0,0,0,0,1,0,0
2,60,7,From Throw In,Croatia,3869519,0 days 01:00:07,0,0,0,0,0,0,1,0,0
2,60,9,From Throw In,Argentina,3869519,0 days 01:00:09,0,0,0,0,0,0,1,0,0
2,60,9,Regular Play,Croatia,3869519,0 days 01:00:09,1,0,0,0,0,0,0,0,0
2,60,11,Regular Play,Croatia,3869519,0 days 01:00:11,0,0,0,0,0,0,1,0,0
2,60,12,Regular Play,Croatia,3869519,0 days 01:00:12,0,0,0,0,0,0,1,0,0
2,60,15,Regular Play,Croatia,3869519,0 days 01:00:15,0,0,0,0,0,0,1,0,0
2,60,17,Regular Play,Croatia,3869519,0 days 01:00:17,0,0,0,0,0,0,1,0,0
2,60,20,Regular Play,Croatia,3869519,0 days 01:00:20,0,0,0,0,0,0,1,0,0
2,60,21,Regular Play,Croatia,3869519,0 days 01:00:21,0,0,0,0,0,0,1,0,0
2,60,23,Regular Play,Croatia,3869519,0 days 01:00:23,0,0,0,0,0,0,1,0,0
2,60,26,Regular Play,Croatia,3869519,0 days 01:00:26,0,0,0,0,0,0,1,0,0
2,60,31,Regular Play,Argentina,3869519,0 days 01:00:31,0,0,0,0,1,0,0,0,0
2,61,45,From Free Kick,Croatia,3869519,0 days 01:01:45,0,0,0,0,0,0,1,0,0
2,61,47,From Free Kick,Croatia,3869519,0 days 01:01:47,0,0,0,0,0,0,0,1,0
2,61,49,From Free Kick,Croatia,3869519,0 days 01:01:49,1,0,0,0,0,0,0,0,0
2,61,50,From Free Kick,Argentina,3869519,0 days 01:01:50,0,1,0,0,0,0,0,0,0
2,61,54,Regular Play,Croatia,3869519,0 days 01:01:54,1,0,0,0,0,0,0,0,0
2,61,56,Regular Play,Croatia,3869519,0 days 01:01:56,0,0,0,0,0,0,1,0,0
2,61,58,Regular Play,Argentina,3869519,0 days 01:01:58,0,0,0,0,0,0,1,0,0
2,62,1,Regular Play,Argentina,3869519,0 days 01:02:01,0,0,1,0,0,0,0,0,0
2,62,1,Regular Play,Croatia,3869519,0 days 01:02:01,0,0,0,0,0,0,0,0,1
2,62,2,Regular Play,Croatia,3869519,0 days 01:02:02,0,0,0,0,0,0,1,0,0
2,62,3,Regular Play,Croatia,3869519,0 days 01:02:03,0,0,0,0,0,0,1,0,0
2,62,7,Regular Play,Croatia,3869519,0 days 01:02:07,0,0,0,1,0,0,0,0,0
2,62,7,Regular Play,Argentina,3869519,0 days 01:02:07,0,0,0,0,0,0,0,0,1
2,62,9,Regular Play,Argentina,3869519,0 days 01:02:09,1,0,0,0,0,0,0,0,0
2,62,12,Regular Play,Argentina,3869519,0 days 01:02:12,0,0,0,0,0,0,1,0,0
2,62,15,Regular Play,Argentina,3869519,0 days 01:02:15,0,0,0,0,0,0,1,0,0
2,62,16,Regular Play,Argentina,3869519,0 days 01:02:16,0,0,0,0,0,0,1,0,0
2,62,19,Regular Play,Argentina,3869519,0 days 01:02:19,0,0,0,0,0,0,1,0,0
2,62,22,Regular Play,Argentina,3869519,0 days 01:02:22,0,0,0,0,0,0,1,0,0
2,62,25,Regular Play,Argentina,3869519,0 days 01:02:25,0,0,0,0,0,0,1,0,0
2,62,27,Regular Play,Argentina,3869519,0 days 01:02:27,0,0,0,0,0,0,1,0,0
2,62,31,Regular Play,Argentina,3869519,0 days 01:02:31,0,0,0,0,0,0,1,0,0
2,62,31,Regular Play,Argentina,3869519,0 days 01:02:31,0,0,0,0,0,0,1,0,0
2,62,35,Regular Play,Argentina,3869519,0 days 01:02:35,0,0,0,0,0,0,1,0,0
2,62,39,Regular Play,Argentina,3869519,0 days 01:02:39,0,0,0,0,0,0,1,0,0
2,62,42,Regular Play,Argentina,3869519,0 days 01:02:42,0,0,0,0,0,0,1,0,0
2,62,52,From Throw In,Croatia,3869519,0 days 01:02:52,0,0,0,0,0,0,1,0,0
2,62,56,From Throw In,Croatia,3869519,0 days 01:02:56,0,0,0,0,0,0,1,0,0
2,63,4,From Throw In,Croatia,3869519,0 days 01:03:04,0,0,0,1,0,0,0,0,0
2,63,4,From Throw In,Argentina,3869519,0 days 01:03:04,0,0,0,0,0,0,0,0,1
2,63,8,Regular Play,Argentina,3869519,0 days 01:03:08,1,0,0,0,0,0,0,0,0
2,63,11,Regular Play,Argentina,3869519,0 days 01:03:11,0,0,0,0,0,0,1,0,0
2,63,12,Regular Play,Argentina,3869519,0 days 01:03:12,0,0,0,0,0,0,1,0,0
2,63,13,Regular Play,Argentina,3869519,0 days 01:03:13,0,0,0,0,0,0,1,0,0
2,63,16,Regular Play,Croatia,3869519,0 days 01:03:16,0,0,0,0,1,0,0,0,0
2,63,47,From Free Kick,Argentina,3869519,0 days 01:03:47,0,0,0,0,0,0,1,0,0
2,63,50,From Free Kick,Argentina,3869519,0 days 01:03:50,0,0,0,0,0,0,1,0,0
2,63,55,From Free Kick,Argentina,3869519,0 days 01:03:55,0,0,0,0,0,0,1,0,0
2,63,58,From Free Kick,Argentina,3869519,0 days 01:03:58,0,0,0,0,0,0,1,0,0
2,64,0,From Free Kick,Argentina,3869519,0 days 01:04:00,0,0,0,0,0,0,1,0,0
2,64,4,From Free Kick,Croatia,3869519,0 days 01:04:04,0,0,0,0,0,0,1,0,0
2,64,5,From Free Kick,Argentina,3869519,0 days 01:04:05,0,0,0,0,0,0,1,0,0
2,64,8,From Free Kick,Argentina,3869519,0 days 01:04:08,0,0,0,0,0,0,1,0,0
2,64,10,From Free Kick,Argentina,3869519,0 days 01:04:10,0,0,0,0,0,0,1,0,0
2,64,13,From Free Kick,Argentina,3869519,0 days 01:04:13,0,0,0,0,0,0,1,0,0
2,64,15,From Free Kick,Argentina,3869519,0 days 01:04:15,0,0,0,0,0,0,1,0,0
2,64,19,From Free Kick,Argentina,3869519,0 days 01:04:19,0,0,0,0,0,0,1,0,0
2,64,21,From Free Kick,Argentina,3869519,0 days 01:04:21,0,0,0,1,0,0,0,0,0
2,64,23,From Free Kick,Argentina,3869519,0 days 01:04:23,0,0,0,0,0,0,1,0,0
2,64,25,From Free Kick,Argentina,3869519,0 days 01:04:25,0,0,0,0,0,0,1,0,0
2,64,27,Regular Play,Croatia,3869519,0 days 01:04:27,1,0,0,0,0,0,0,0,0
2,64,29,Regular Play,Argentina,3869519,0 days 01:04:29,0,0,0,0,1,0,0,0,0
2,64,39,From Free Kick,Croatia,3869519,0 days 01:04:39,0,0,0,0,0,0,1,0,0
2,64,41,From Free Kick,Croatia,3869519,0 days 01:04:41,0,0,0,0,0,0,1,0,0
2,64,44,From Free Kick,Croatia,3869519,0 days 01:04:44,0,0,0,0,0,0,1,0,0
2,64,47,From Free Kick,Croatia,3869519,0 days 01:04:47,0,0,0,0,0,0,1,0,0
2,64,50,From Free Kick,Croatia,3869519,0 days 01:04:50,0,0,0,0,0,0,1,0,0
2,64,58,From Free Kick,Croatia,3869519,0 days 01:04:58,0,0,0,0,0,0,1,0,0
2,65,0,From Free Kick,Croatia,3869519,0 days 01:05:00,0,0,0,0,0,0,1,0,0
2,65,4,From Free Kick,Croatia,3869519,0 days 01:05:04,0,0,0,0,0,0,1,0,0
2,65,6,From Free Kick,Croatia,3869519,0 days 01:05:06,0,0,0,0,0,0,1,0,0
2,65,8,From Free Kick,Croatia,3869519,0 days 01:05:08,0,0,0,0,0,0,1,0,0
2,65,10,Regular Play,Argentina,3869519,0 days 01:05:10,0,0,0,0,0,0,1,0,0
2,65,20,Regular Play,Argentina,3869519,0 days 01:05:20,0,0,0,0,0,0,1,0,0
2,65,28,Regular Play,Argentina,3869519,0 days 01:05:28,0,0,0,0,0,0,1,0,0
2,65,30,Regular Play,Croatia,3869519,0 days 01:05:30,0,1,0,0,0,0,0,0,0
2,65,31,Regular Play,Croatia,3869519,0 days 01:05:31,1,0,0,0,0,0,0,0,0
2,65,33,Regular Play,Croatia,3869519,0 days 01:05:33,0,0,0,1,0,0,0,0,0
2,65,36,Regular Play,Argentina,3869519,0 days 01:05:36,0,0,0,0,1,0,0,0,0
2,65,53,From Free Kick,Croatia,3869519,0 days 01:05:53,0,0,0,0,0,0,1,0,0
2,65,57,From Free Kick,Croatia,3869519,0 days 01:05:57,0,0,0,0,0,0,1,0,0
2,66,0,From Free Kick,Croatia,3869519,0 days 01:06:00,0,0,0,0,0,0,1,0,0
2,66,3,From Free Kick,Croatia,3869519,0 days 01:06:03,0,0,0,0,0,0,1,0,0
2,66,8,From Free Kick,Croatia,3869519,0 days 01:06:08,0,0,0,0,0,0,1,0,0
2,66,13,From Free Kick,Croatia,3869519,0 days 01:06:13,0,0,0,0,0,0,1,0,0
2,66,17,From Free Kick,Croatia,3869519,0 days 01:06:17,0,0,0,0,0,0,1,0,0
2,66,21,From Free Kick,Croatia,3869519,0 days 01:06:21,0,0,0,0,0,0,1,0,0
2,66,23,From Free Kick,Croatia,3869519,0 days 01:06:23,0,0,0,0,0,0,1,0,0
2,66,26,From Free Kick,Croatia,3869519,0 days 01:06:26,0,0,0,0,0,0,1,0,0
2,66,28,Regular Play,Argentina,3869519,0 days 01:06:28,1,0,0,0,0,0,0,0,0
2,66,29,Regular Play,Croatia,3869519,0 days 01:06:29,0,0,0,0,1,0,0,0,0
2,57,54,From Goal Kick,France,3869552,0 days 00:57:54,0,0,0,0,0,0,1,0,0
2,57,56,From Goal Kick,France,3869552,0 days 00:57:56,0,0,0,0,0,0,1,0,0
2,57,58,From Goal Kick,France,3869552,0 days 00:57:58,0,0,1,0,0,0,0,0,0
2,57,58,From Goal Kick,Morocco,3869552,0 days 00:57:58,0,0,0,0,0,0,0,0,1
2,58,1,From Goal Kick,Morocco,3869552,0 days 00:58:01,0,0,1,0,0,0,0,0,0
2,58,1,From Goal Kick,France,3869552,0 days 00:58:01,0,0,0,0,0,0,0,0,1
2,58,2,From Goal Kick,France,3869552,0 days 00:58:02,0,0,0,0,0,0,1,0,0
2,58,4,From Goal Kick,France,3869552,0 days 00:58:04,0,0,0,0,0,0,1,0,0
2,58,6,From Goal Kick,France,3869552,0 days 00:58:06,0,0,0,0,0,0,1,0,0
2,58,17,From Goal Kick,Morocco,3869552,0 days 00:58:17,0,0,0,0,0,0,1,0,0
2,58,21,From Goal Kick,Morocco,3869552,0 days 00:58:21,0,0,0,0,0,0,1,0,0
2,58,26,From Goal Kick,Morocco,3869552,0 days 00:58:26,0,0,0,0,0,0,1,0,0
2,58,28,From Goal Kick,Morocco,3869552,0 days 00:58:28,0,0,0,0,0,0,1,0,0
2,58,31,From Goal Kick,Morocco,3869552,0 days 00:58:31,0,0,0,0,0,0,1,0,0
2,58,34,From Goal Kick,Morocco,3869552,0 days 00:58:34,0,0,0,0,0,0,1,0,0
2,58,35,From Goal Kick,Morocco,3869552,0 days 00:58:35,0,0,0,0,0,0,1,0,0
2,58,37,From Goal Kick,Morocco,3869552,0 days 00:58:37,0,0,0,0,0,0,1,0,0
2,58,40,From Goal Kick,Morocco,3869552,0 days 00:58:40,0,0,0,0,0,0,1,0,0
2,58,44,From Goal Kick,Morocco,3869552,0 days 00:58:44,0,0,0,0,0,0,1,0,0
2,58,50,From Goal Kick,Morocco,3869552,0 days 00:58:50,0,0,0,0,0,0,1,0,0
2,58,53,From Goal Kick,Morocco,3869552,0 days 00:58:53,0,0,0,0,0,0,1,0,0
2,58,55,From Goal Kick,Morocco,3869552,0 days 00:58:55,0,0,0,0,0,0,1,0,0
2,58,57,From Goal Kick,Morocco,3869552,0 days 00:58:57,0,0,0,0,0,0,1,0,0
2,59,1,From Goal Kick,Morocco,3869552,0 days 00:59:01,0,0,0,0,0,0,1,0,0
2,59,5,From Goal Kick,Morocco,3869552,0 days 00:59:05,0,0,0,0,0,0,1,0,0
2,59,8,From Goal Kick,Morocco,3869552,0 days 00:59:08,0,0,0,0,0,0,1,0,0
2,59,12,From Goal Kick,Morocco,3869552,0 days 00:59:12,0,0,0,0,0,0,1,0,0
2,59,14,From Goal Kick,Morocco,3869552,0 days 00:59:14,0,0,0,0,0,0,1,0,0
2,59,19,From Goal Kick,Morocco,3869552,0 days 00:59:19,0,0,0,0,0,0,1,0,0
2,59,20,From Counter,France,3869552,0 days 00:59:20,0,0,0,0,0,1,0,0,0
2,59,21,From Counter,France,3869552,0 days 00:59:21,0,0,0,0,0,0,1,0,0
2,59,23,From Counter,France,3869552,0 days 00:59:23,0,0,0,0,0,0,1,0,0
2,59,26,From Counter,France,3869552,0 days 00:59:26,0,0,0,0,0,0,1,0,0
2,59,50,From Free Kick,Morocco,3869552,0 days 00:59:50,0,0,0,0,0,0,1,0,0
2,59,51,From Free Kick,Morocco,3869552,0 days 00:59:51,0,0,0,0,0,0,1,0,0
2,59,52,From Free Kick,Morocco,3869552,0 days 00:59:52,0,0,0,0,0,0,1,0,0
2,59,53,From Free Kick,Morocco,3869552,0 days 00:59:53,0,0,0,0,0,0,1,0,0
2,59,55,From Free Kick,Morocco,3869552,0 days 00:59:55,0,0,0,0,0,0,1,0,0
2,59,59,From Free Kick,Morocco,3869552,0 days 00:59:59,0,0,0,0,0,0,1,0,0
2,60,1,From Free Kick,Morocco,3869552,0 days 01:00:01,0,0,0,0,0,0,1,0,0
2,60,2,From Free Kick,Morocco,3869552,0 days 01:00:02,0,0,0,0,0,0,1,0,0
2,60,5,From Free Kick,Morocco,3869552,0 days 01:00:05,0,0,0,0,0,0,1,0,0
2,60,9,From Free Kick,Morocco,3869552,0 days 01:00:09,0,0,0,0,0,0,1,0,0
2,60,10,From Free Kick,Morocco,3869552,0 days 01:00:10,0,0,0,0,0,0,1,0,0
2,60,18,From Free Kick,Morocco,3869552,0 days 01:00:18,0,0,0,0,0,0,1,0,0
2,60,20,From Free Kick,Morocco,3869552,0 days 01:00:20,0,0,0,0,0,0,1,0,0
2,60,22,From Free Kick,Morocco,3869552,0 days 01:00:22,0,0,0,0,0,0,1,0,0
2,60,25,From Free Kick,Morocco,3869552,0 days 01:00:25,0,0,0,0,0,0,1,0,0
2,60,29,From Counter,France,3869552,0 days 01:00:29,0,0,0,0,0,0,1,0,0
2,60,30,From Counter,France,3869552,0 days 01:00:30,0,0,0,0,0,0,1,0,0
2,60,33,From Counter,Morocco,3869552,0 days 01:00:33,0,0,0,0,1,0,0,0,0
2,61,2,From Free Kick,France,3869552,0 days 01:01:02,0,0,0,0,0,0,1,0,0
2,61,5,From Free Kick,France,3869552,0 days 01:01:05,0,0,0,0,0,0,1,0,0
2,61,7,From Free Kick,France,3869552,0 days 01:01:07,0,0,0,1,0,0,0,0,0
2,61,8,From Free Kick,France,3869552,0 days 01:01:08,0,0,0,1,0,0,0,0,0
2,61,8,Regular Play,Morocco,3869552,0 days 01:01:08,0,0,0,0,0,0,0,0,1
2,61,12,Regular Play,Morocco,3869552,0 days 01:01:12,0,0,0,0,0,0,1,0,0
2,61,14,Regular Play,Morocco,3869552,0 days 01:01:14,0,0,0,1,0,0,0,0,0
2,61,16,Regular Play,Morocco,3869552,0 days 01:01:16,0,0,1,0,0,0,0,0,0
2,61,16,Regular Play,France,3869552,0 days 01:01:16,0,0,0,0,0,0,0,0,1
2,61,17,Regular Play,France,3869552,0 days 01:01:17,0,0,0,0,0,0,1,0,0
2,61,22,From Throw In,Morocco,3869552,0 days 01:01:22,0,0,0,0,0,0,1,0,0
2,61,26,From Throw In,Morocco,3869552,0 days 01:01:26,0,0,0,0,0,0,1,0,0
2,61,30,From Throw In,Morocco,3869552,0 days 01:01:30,0,0,0,0,0,0,1,0,0
2,61,32,From Throw In,Morocco,3869552,0 days 01:01:32,0,0,0,0,0,0,1,0,0
2,61,38,From Throw In,Morocco,3869552,0 days 01:01:38,0,0,0,0,0,0,1,0,0
2,61,41,From Throw In,Morocco,3869552,0 days 01:01:41,0,0,0,1,0,0,0,0,0
2,61,41,From Throw In,France,3869552,0 days 01:01:41,0,0,0,0,0,0,0,0,1
2,61,44,From Throw In,France,3869552,0 days 01:01:44,0,0,0,0,0,0,1,0,0
2,61,49,From Throw In,Morocco,3869552,0 days 01:01:49,1,0,0,0,0,0,0,0,0
2,61,50,From Throw In,Morocco,3869552,0 days 01:01:50,0,0,0,0,0,0,1,0,0
2,61,53,From Throw In,Morocco,3869552,0 days 01:01:53,0,0,0,0,0,0,1,0,0
2,61,56,From Throw In,Morocco,3869552,0 days 01:01:56,0,0,0,0,0,0,1,0,0
2,61,59,From Throw In,Morocco,3869552,0 days 01:01:59,0,0,0,0,0,0,1,0,0
2,62,2,From Throw In,Morocco,3869552,0 days 01:02:02,0,0,0,0,0,0,1,0,0
2,62,6,From Throw In,Morocco,3869552,0 days 01:02:06,0,0,0,0,0,0,1,0,0
2,62,9,From Throw In,Morocco,3869552,0 days 01:02:09,0,0,0,0,0,0,1,0,0
2,62,16,From Throw In,Morocco,3869552,0 days 01:02:16,0,0,0,0,0,0,1,0,0
2,62,17,From Throw In,France,3869552,0 days 01:02:17,0,1,0,0,0,0,0,0,0
2,62,20,From Throw In,Morocco,3869552,0 days 01:02:20,0,0,0,0,0,0,1,0,0
2,62,21,From Throw In,Morocco,3869552,0 days 01:02:21,0,0,0,0,0,0,1,0,0
2,62,24,From Throw In,Morocco,3869552,0 days 01:02:24,0,0,0,0,0,0,1,0,0
2,62,25,From Throw In,Morocco,3869552,0 days 01:02:25,0,0,0,0,0,0,1,0,0
2,62,27,From Throw In,Morocco,3869552,0 days 01:02:27,0,0,0,0,0,0,1,0,0
2,62,30,From Throw In,Morocco,3869552,0 days 01:02:30,0,0,0,0,0,0,1,0,0
2,62,34,From Throw In,Morocco,3869552,0 days 01:02:34,0,0,0,0,0,0,1,0,0
2,62,37,From Throw In,Morocco,3869552,0 days 01:02:37,0,0,0,0,0,0,1,0,0
2,62,40,From Throw In,Morocco,3869552,0 days 01:02:40,0,0,0,0,0,0,1,0,0
2,62,43,From Throw In,Morocco,3869552,0 days 01:02:43,0,0,0,0,0,0,1,0,0
2,62,45,From Throw In,Morocco,3869552,0 days 01:02:45,0,0,0,0,0,0,1,0,0
2,62,49,From Throw In,Morocco,3869552,0 days 01:02:49,0,0,0,0,0,0,1,0,0
2,62,51,From Throw In,France,3869552,0 days 01:02:51,0,1,0,0,0,0,0,0,0
2,62,52,Regular Play,France,3869552,0 days 01:02:52,1,0,0,0,0,0,0,0,0
2,62,53,Regular Play,France,3869552,0 days 01:02:53,0,0,0,0,0,0,1,0,0
2,63,0,Regular Play,Morocco,3869552,0 days 01:03:00,0,1,0,0,0,0,0,0,0
2,63,23,From Throw In,France,3869552,0 days 01:03:23,0,0,0,0,0,0,1,0,0
2,63,26,From Throw In,France,3869552,0 days 01:03:26,0,0,0,0,0,0,1,0,0
2,63,31,From Throw In,France,3869552,0 days 01:03:31,0,0,0,0,0,0,1,0,0
2,63,35,From Throw In,France,3869552,0 days 01:03:35,0,0,0,0,0,0,1,0,0
2,63,39,From Throw In,France,3869552,0 days 01:03:39,0,0,0,0,0,0,1,0,0
2,63,44,From Throw In,France,3869552,0 days 01:03:44,0,0,0,0,0,0,1,0,0
2,63,47,From Throw In,France,3869552,0 days 01:03:47,0,0,0,0,0,0,1,0,0
2,63,50,From Throw In,France,3869552,0 days 01:03:50,0,0,0,0,0,0,1,0,0
2,63,55,Regular Play,Morocco,3869552,0 days 01:03:55,1,0,0,0,0,0,0,0,0
2,63,57,Regular Play,Morocco,3869552,0 days 01:03:57,0,0,0,0,0,0,1,0,0
2,63,59,Regular Play,Morocco,3869552,0 days 01:03:59,0,0,0,0,0,0,1,0,0
2,64,1,Regular Play,Morocco,3869552,0 days 01:04:01,0,0,0,0,0,0,1,0,0
2,64,2,Regular Play,Morocco,3869552,0 days 01:04:02,0,0,0,0,0,0,1,0,0
2,64,5,Regular Play,Morocco,3869552,0 days 01:04:05,0,0,0,0,0,0,1,0,0
2,64,8,Regular Play,Morocco,3869552,0 days 01:04:08,0,0,0,0,0,0,1,0,0
2,64,11,Regular Play,Morocco,3869552,0 days 01:04:11,0,0,0,0,0,0,1,0,0
2,64,12,Regular Play,Morocco,3869552,0 days 01:04:12,0,0,0,0,0,0,1,0,0
2,64,14,Regular Play,Morocco,3869552,0 days 01:04:14,0,0,0,0,0,0,1,0,0
2,64,20,Regular Play,Morocco,3869552,0 days 01:04:20,0,0,0,0,0,0,1,0,0
2,64,23,Regular Play,Morocco,3869552,0 days 01:04:23,0,0,0,0,0,0,1,0,0
2,65,2,From Throw In,France,3869552,0 days 01:05:02,0,0,0,0,0,0,1,0,0
2,65,3,From Throw In,France,3869552,0 days 01:05:03,0,0,0,0,0,0,1,0,0
2,65,6,From Throw In,Morocco,3869552,0 days 01:05:06,0,0,0,0,0,0,1,0,0
2,65,7,From Throw In,France,3869552,0 days 01:05:07,0,0,0,0,0,0,1,0,0
2,65,10,From Throw In,France,3869552,0 days 01:05:10,0,0,0,0,0,0,1,0,0
2,65,17,From Throw In,France,3869552,0 days 01:05:17,0,0,0,1,0,0,0,0,0
2,65,17,From Throw In,France,3869552,0 days 01:05:17,0,0,0,1,0,0,0,0,0
2,65,19,Regular Play,Morocco,3869552,0 days 01:05:19,1,0,0,0,0,0,0,0,0
2,65,21,Regular Play,Morocco,3869552,0 days 01:05:21,0,0,1,0,0,0,0,0,0
2,65,21,Regular Play,France,3869552,0 days 01:05:21,0,0,0,0,0,0,0,0,1
2,66,9,From Goal Kick,Morocco,3869552,0 days 01:06:09,0,0,0,0,0,0,1,0,0
2,66,17,From Goal Kick,Morocco,3869552,0 days 01:06:17,0,0,0,0,0,0,1,0,0
2,66,20,From Goal Kick,Morocco,3869552,0 days 01:06:20,0,0,0,0,0,0,1,0,0
2,66,25,From Goal Kick,Morocco,3869552,0 days 01:06:25,0,0,0,0,0,0,1,0,0
2,66,32,From Goal Kick,Morocco,3869552,0 days 01:06:32,0,0,0,0,0,0,1,0,0
2,66,39,From Goal Kick,Morocco,3869552,0 days 01:06:39,0,0,0,0,0,0,1,0,0
2,66,45,From Goal Kick,Morocco,3869552,0 days 01:06:45,0,0,0,0,0,0,1,0,0
2,66,49,From Goal Kick,Morocco,3869552,0 days 01:06:49,0,0,0,0,0,0,1,0,0
2,66,51,Regular Play,France,3869552,0 days 01:06:51,1,0,0,0,0,0,0,0,0
2,57,1,From Free Kick,Croatia,3869684,0 days 00:57:01,0,0,0,0,0,0,1,0,0
2,57,2,From Free Kick,Croatia,3869684,0 days 00:57:02,0,0,0,0,0,0,1,0,0
2,57,4,From Free Kick,Croatia,3869684,0 days 00:57:04,0,0,0,0,0,0,1,0,0
2,57,7,From Free Kick,Croatia,3869684,0 days 00:57:07,0,0,0,0,0,0,1,0,0
2,57,9,Regular Play,Morocco,3869684,0 days 00:57:09,1,0,0,0,0,0,0,0,0
2,57,11,Regular Play,Morocco,3869684,0 days 00:57:11,0,0,0,0,0,0,1,0,0
2,57,13,Regular Play,Morocco,3869684,0 days 00:57:13,0,0,0,0,0,0,1,0,0
2,57,19,Regular Play,Morocco,3869684,0 days 00:57:19,0,0,0,0,0,0,1,0,0
2,57,22,Regular Play,Morocco,3869684,0 days 00:57:22,0,0,0,0,0,0,1,0,0
2,57,23,Regular Play,Morocco,3869684,0 days 00:57:23,0,0,0,0,0,0,1,0,0
2,57,24,Regular Play,Croatia,3869684,0 days 00:57:24,1,0,0,0,0,0,0,0,0
2,57,27,Regular Play,Morocco,3869684,0 days 00:57:27,1,0,0,0,0,0,0,0,0
2,57,28,Regular Play,Morocco,3869684,0 days 00:57:28,0,0,0,0,0,0,1,0,0
2,57,30,Regular Play,Morocco,3869684,0 days 00:57:30,0,0,0,0,0,0,1,0,0
2,57,32,Regular Play,Morocco,3869684,0 days 00:57:32,0,0,0,0,0,0,1,0,0
2,57,34,Regular Play,Morocco,3869684,0 days 00:57:34,0,0,0,0,0,0,1,0,0
2,57,38,Regular Play,Morocco,3869684,0 days 00:57:38,0,0,0,0,0,0,1,0,0
2,57,46,Regular Play,Morocco,3869684,0 days 00:57:46,0,0,0,0,0,0,1,0,0
2,57,50,Regular Play,Morocco,3869684,0 days 00:57:50,0,0,0,0,0,0,1,0,0
2,57,51,Regular Play,Morocco,3869684,0 days 00:57:51,0,0,0,0,0,0,1,0,0
2,57,53,Regular Play,Croatia,3869684,0 days 00:57:53,0,0,0,0,0,0,1,0,0
2,57,56,Regular Play,Croatia,3869684,0 days 00:57:56,0,0,1,0,0,0,0,0,0
2,57,56,Regular Play,Morocco,3869684,0 days 00:57:56,0,0,0,0,0,0,0,0,1
2,57,56,Regular Play,Morocco,3869684,0 days 00:57:56,0,0,0,0,0,0,1,0,0
2,57,58,Regular Play,Morocco,3869684,0 days 00:57:58,0,0,0,0,0,0,1,0,0
2,58,1,Regular Play,Morocco,3869684,0 days 00:58:01,0,0,0,0,0,0,1,0,0
2,58,7,Regular Play,Morocco,3869684,0 days 00:58:07,0,0,0,0,0,0,1,0,0
2,58,9,Regular Play,Morocco,3869684,0 days 00:58:09,0,0,0,0,0,0,1,0,0
2,58,13,Regular Play,Morocco,3869684,0 days 00:58:13,0,0,0,1,0,0,0,0,0
2,58,18,Regular Play,Morocco,3869684,0 days 00:58:18,0,0,0,0,0,0,1,0,0
2,58,20,Regular Play,Morocco,3869684,0 days 00:58:20,0,0,0,0,0,0,1,0,0
2,58,22,Regular Play,Croatia,3869684,0 days 00:58:22,0,1,0,0,0,0,0,0,0
2,58,24,Regular Play,Morocco,3869684,0 days 00:58:24,1,0,0,0,0,0,0,0,0
2,58,27,Regular Play,Morocco,3869684,0 days 00:58:27,0,0,0,0,0,0,1,0,0
2,58,29,Regular Play,Croatia,3869684,0 days 00:58:29,0,0,0,0,0,1,0,0,0
2,60,19,From Corner,Morocco,3869684,0 days 01:00:19,0,0,0,0,0,0,1,0,0
2,60,21,From Corner,Croatia,3869684,0 days 01:00:21,0,1,0,0,0,0,0,0,0
2,60,25,From Corner,Morocco,3869684,0 days 01:00:25,1,0,0,0,0,0,0,0,0
2,60,26,From Corner,Morocco,3869684,0 days 01:00:26,0,0,0,0,0,0,1,0,0
2,60,28,Regular Play,Croatia,3869684,0 days 01:00:28,0,0,0,0,0,1,0,0,0
2,60,30,Regular Play,Croatia,3869684,0 days 01:00:30,0,0,0,0,0,0,1,0,0
2,60,36,Regular Play,Croatia,3869684,0 days 01:00:36,0,0,0,0,0,0,1,0,0
2,60,38,Regular Play,Croatia,3869684,0 days 01:00:38,0,0,0,0,0,0,1,0,0
2,60,41,Regular Play,Morocco,3869684,0 days 01:00:41,0,0,0,0,1,0,0,0,0
2,61,4,From Free Kick,Croatia,3869684,0 days 01:01:04,0,0,0,0,0,0,1,0,0
2,61,7,From Free Kick,Croatia,3869684,0 days 01:01:07,0,0,0,0,0,0,1,0,0
2,61,9,From Free Kick,Croatia,3869684,0 days 01:01:09,0,0,0,0,0,0,1,0,0
2,61,16,From Free Kick,Croatia,3869684,0 days 01:01:16,0,0,0,1,0,0,0,0,0
2,61,28,From Goal Kick,Morocco,3869684,0 days 01:01:28,0,0,0,0,0,0,1,0,0
2,61,30,From Goal Kick,Morocco,3869684,0 days 01:01:30,0,0,0,0,0,0,1,0,0
2,61,35,From Goal Kick,Morocco,3869684,0 days 01:01:35,0,0,0,0,0,0,1,0,0
2,61,45,From Goal Kick,Morocco,3869684,0 days 01:01:45,0,0,0,0,0,0,1,0,0
2,61,49,From Counter,Croatia,3869684,0 days 01:01:49,0,0,0,0,0,0,1,0,0
2,61,51,From Counter,Croatia,3869684,0 days 01:01:51,0,0,0,0,0,0,1,0,0
2,61,53,Regular Play,Morocco,3869684,0 days 01:01:53,0,0,0,0,0,0,1,0,0
2,61,54,Regular Play,Morocco,3869684,0 days 01:01:54,0,0,0,0,0,0,1,0,0
2,61,56,Regular Play,Morocco,3869684,0 days 01:01:56,0,0,0,0,0,0,1,0,0
2,61,59,Regular Play,Morocco,3869684,0 days 01:01:59,0,0,0,0,0,0,1,0,0
2,62,1,Regular Play,Morocco,3869684,0 days 01:02:01,0,0,0,0,0,0,1,0,0
2,62,2,Regular Play,Morocco,3869684,0 days 01:02:02,0,0,0,0,0,0,1,0,0
2,62,4,Regular Play,Morocco,3869684,0 days 01:02:04,0,0,0,0,0,0,1,0,0
2,62,6,Regular Play,Morocco,3869684,0 days 01:02:06,0,0,0,0,0,0,1,0,0
2,62,7,Regular Play,Morocco,3869684,0 days 01:02:07,0,0,0,1,0,0,0,0,0
2,62,8,Regular Play,Morocco,3869684,0 days 01:02:08,0,0,0,0,0,0,1,0,0
2,62,9,Regular Play,Morocco,3869684,0 days 01:02:09,0,0,0,0,0,0,1,0,0
2,62,10,Regular Play,Morocco,3869684,0 days 01:02:10,0,0,0,0,0,0,1,0,0
2,62,12,Regular Play,Morocco,3869684,0 days 01:02:12,0,0,0,0,0,0,1,0,0
2,62,16,Regular Play,Morocco,3869684,0 days 01:02:16,0,0,0,0,0,0,1,0,0
2,62,17,Regular Play,Croatia,3869684,0 days 01:02:17,1,0,0,0,0,0,0,0,0
2,62,23,Regular Play,Croatia,3869684,0 days 01:02:23,0,0,0,0,0,0,1,0,0
2,62,24,Regular Play,Croatia,3869684,0 days 01:02:24,0,0,0,0,0,0,1,0,0
2,62,28,Regular Play,Croatia,3869684,0 days 01:02:28,0,0,0,0,0,0,1,0,0
2,62,30,Regular Play,Morocco,3869684,0 days 01:02:30,1,0,0,0,0,0,0,0,0
2,62,33,Regular Play,Morocco,3869684,0 days 01:02:33,0,0,0,0,0,0,1,0,0
2,62,35,Regular Play,Morocco,3869684,0 days 01:02:35,0,0,0,0,0,0,1,0,0
2,62,39,Regular Play,Morocco,3869684,0 days 01:02:39,0,0,0,0,0,0,1,0,0
2,62,44,Regular Play,Morocco,3869684,0 days 01:02:44,0,0,0,0,0,0,1,0,0
2,62,46,Regular Play,Morocco,3869684,0 days 01:02:46,0,0,0,0,0,0,1,0,0
2,62,50,Regular Play,Morocco,3869684,0 days 01:02:50,0,0,0,0,0,0,1,0,0
2,62,52,Regular Play,Morocco,3869684,0 days 01:02:52,0,0,0,0,0,0,1,0,0
2,63,44,From Throw In,Croatia,3869684,0 days 01:03:44,0,0,0,0,0,0,1,0,0
2,63,47,From Throw In,Croatia,3869684,0 days 01:03:47,0,0,0,0,0,0,1,0,0
2,63,50,From Throw In,Croatia,3869684,0 days 01:03:50,0,0,0,0,0,0,1,0,0
2,63,56,From Throw In,Croatia,3869684,0 days 01:03:56,0,0,0,0,0,0,1,0,0
2,64,0,From Throw In,Croatia,3869684,0 days 01:04:00,0,0,0,0,0,0,1,0,0
2,64,5,Regular Play,Morocco,3869684,0 days 01:04:05,0,0,0,0,0,0,1,0,0
2,64,9,Regular Play,Morocco,3869684,0 days 01:04:09,0,0,0,0,0,0,1,0,0
2,64,11,Regular Play,Morocco,3869684,0 days 01:04:11,0,0,0,0,0,0,1,0,0
2,64,17,Regular Play,Morocco,3869684,0 days 01:04:17,0,0,0,0,0,0,1,0,0
2,64,21,Regular Play,Morocco,3869684,0 days 01:04:21,0,0,0,0,0,0,1,0,0
2,64,22,Regular Play,Morocco,3869684,0 days 01:04:22,0,0,0,0,0,0,1,0,0
2,64,23,Regular Play,Morocco,3869684,0 days 01:04:23,0,0,0,0,0,0,1,0,0
2,64,25,Regular Play,Morocco,3869684,0 days 01:04:25,0,0,0,0,0,0,1,0,0
2,64,26,Regular Play,Croatia,3869684,0 days 01:04:26,1,0,0,0,0,0,0,0,0
2,64,28,Regular Play,Croatia,3869684,0 days 01:04:28,0,0,0,0,0,0,1,0,0
2,64,29,Regular Play,Croatia,3869684,0 days 01:04:29,0,0,0,0,1,0,0,0,0
2,64,33,From Free Kick,Morocco,3869684,0 days 01:04:33,0,0,0,0,0,0,1,0,0
2,64,38,From Free Kick,Morocco,3869684,0 days 01:04:38,0,0,0,0,0,0,1,0,0
2,64,42,From Free Kick,Morocco,3869684,0 days 01:04:42,0,0,0,0,0,0,1,0,0
2,64,46,From Free Kick,Morocco,3869684,0 days 01:04:46,0,0,0,0,0,0,1,0,0
2,64,49,From Free Kick,Morocco,3869684,0 days 01:04:49,0,0,0,0,0,0,1,0,0
2,64,56,From Free Kick,Morocco,3869684,0 days 01:04:56,0,0,0,0,0,0,1,0,0
2,64,57,From Free Kick,Morocco,3869684,0 days 01:04:57,0,0,0,0,0,0,0,1,0
2,64,58,From Free Kick,Croatia,3869684,0 days 01:04:58,0,0,0,0,0,0,1,0,0
2,65,0,From Free Kick,Croatia,3869684,0 days 01:05:00,0,0,0,0,0,0,1,0,0
2,65,2,From Free Kick,Morocco,3869684,0 days 01:05:02,1,0,0,0,0,0,0,0,0
2,65,4,From Free Kick,Morocco,3869684,0 days 01:05:04,0,0,0,0,0,0,1,0,0
2,65,7,From Free Kick,Morocco,3869684,0 days 01:05:07,0,0,0,0,0,0,1,0,0
2,65,14,From Free Kick,Morocco,3869684,0 days 01:05:14,0,0,0,0,0,0,1,0,0
2,57,4,From Throw In,France,3869685,0 days 00:57:04,0,0,0,0,0,0,1,0,0
2,57,6,From Throw In,France,3869685,0 days 00:57:06,0,0,0,0,0,0,1,0,0
2,57,8,From Throw In,France,3869685,0 days 00:57:08,0,0,0,0,0,0,1,0,0
2,57,11,From Throw In,France,3869685,0 days 00:57:11,0,0,0,0,0,0,1,0,0
2,57,15,From Throw In,France,3869685,0 days 00:57:15,0,0,0,0,0,0,1,0,0
2,57,18,From Throw In,France,3869685,0 days 00:57:18,0,0,0,0,0,0,1,0,0
2,57,22,From Throw In,France,3869685,0 days 00:57:22,0,0,0,0,0,0,1,0,0
2,57,24,From Throw In,France,3869685,0 days 00:57:24,0,0,0,1,0,0,0,0,0
2,57,24,Regular Play,Argentina,3869685,0 days 00:57:24,0,0,0,0,0,0,0,0,1
2,57,26,Regular Play,Argentina,3869685,0 days 00:57:26,0,0,0,0,0,0,1,0,0
2,57,27,Regular Play,France,3869685,0 days 00:57:27,0,0,0,0,1,0,0,0,0
2,58,8,From Free Kick,Argentina,3869685,0 days 00:58:08,0,0,0,0,0,0,1,0,0
2,58,10,From Free Kick,Argentina,3869685,0 days 00:58:10,0,0,0,0,0,0,1,0,0
2,58,14,From Free Kick,France,3869685,0 days 00:58:14,0,0,0,0,0,0,1,0,0
2,58,15,From Free Kick,Argentina,3869685,0 days 00:58:15,0,0,0,0,0,0,1,0,0
2,58,18,From Free Kick,Argentina,3869685,0 days 00:58:18,0,0,0,0,0,0,1,0,0
2,58,21,From Free Kick,Argentina,3869685,0 days 00:58:21,0,0,0,0,0,0,0,1,0
2,58,36,From Keeper,France,3869685,0 days 00:58:36,0,0,0,0,0,0,1,0,0
2,58,45,Regular Play,France,3869685,0 days 00:58:45,0,0,0,0,0,0,1,0,0
2,58,49,Regular Play,France,3869685,0 days 00:58:49,0,0,0,0,0,0,1,0,0
2,58,52,Regular Play,France,3869685,0 days 00:58:52,0,0,0,0,0,0,1,0,0
2,58,55,Regular Play,France,3869685,0 days 00:58:55,0,0,0,0,0,0,1,0,0
2,59,29,From Free Kick,Argentina,3869685,0 days 00:59:29,0,0,0,0,0,0,1,0,0
2,59,33,Regular Play,France,3869685,0 days 00:59:33,0,0,0,0,0,0,1,0,0
2,59,34,Regular Play,France,3869685,0 days 00:59:34,0,0,0,0,0,0,1,0,0
2,59,34,Regular Play,France,3869685,0 days 00:59:34,0,0,0,0,0,0,1,0,0
2,59,37,Regular Play,Argentina,3869685,0 days 00:59:37,0,0,0,0,0,0,1,0,0
2,59,49,Regular Play,Argentina,3869685,0 days 00:59:49,0,0,0,0,0,0,1,0,0
2,59,51,Regular Play,Argentina,3869685,0 days 00:59:51,0,0,0,0,0,0,0,1,0
2,60,19,From Goal Kick,France,3869685,0 days 01:00:19,0,0,0,0,0,0,1,0,0
2,60,24,From Goal Kick,Argentina,3869685,0 days 01:00:24,0,0,0,0,0,0,1,0,0
2,60,25,From Goal Kick,Argentina,3869685,0 days 01:00:25,0,0,0,0,0,0,1,0,0
2,60,27,From Goal Kick,Argentina,3869685,0 days 01:00:27,0,0,0,0,1,0,0,0,0
2,60,49,From Free Kick,France,3869685,0 days 01:00:49,0,0,0,0,0,0,1,0,0
2,61,10,From Throw In,Argentina,3869685,0 days 01:01:10,0,0,0,0,0,0,1,0,0
2,61,11,From Throw In,Argentina,3869685,0 days 01:01:11,0,0,0,0,0,0,1,0,0
2,61,13,From Throw In,Argentina,3869685,0 days 01:01:13,0,0,0,0,0,0,1,0,0
2,61,14,From Throw In,Argentina,3869685,0 days 01:01:14,0,0,0,0,0,0,1,0,0
2,61,15,From Throw In,Argentina,3869685,0 days 01:01:15,0,0,0,0,0,0,1,0,0
2,61,24,From Throw In,France,3869685,0 days 01:01:24,0,0,0,0,0,0,1,0,0
2,61,26,From Throw In,France,3869685,0 days 01:01:26,0,0,0,0,0,0,1,0,0
2,61,29,From Throw In,France,3869685,0 days 01:01:29,0,0,0,0,0,0,1,0,0
2,61,30,From Throw In,France,3869685,0 days 01:01:30,0,0,0,0,0,0,1,0,0
2,61,33,From Throw In,France,3869685,0 days 01:01:33,0,0,0,0,0,0,1,0,0
2,61,40,From Throw In,France,3869685,0 days 01:01:40,0,0,0,0,0,0,1,0,0
2,61,43,From Throw In,France,3869685,0 days 01:01:43,0,0,0,0,0,0,1,0,0
2,61,45,From Throw In,France,3869685,0 days 01:01:45,0,0,0,0,0,0,1,0,0
2,61,47,From Throw In,Argentina,3869685,0 days 01:01:47,0,0,0,0,0,0,1,0,0
2,61,47,From Throw In,France,3869685,0 days 01:01:47,1,0,0,0,0,0,0,0,0
2,61,50,From Throw In,France,3869685,0 days 01:01:50,0,0,0,0,0,0,1,0,0
2,61,52,From Throw In,France,3869685,0 days 01:01:52,0,0,0,0,0,0,1,0,0
2,61,55,From Throw In,France,3869685,0 days 01:01:55,0,0,0,0,0,0,1,0,0
2,61,56,From Throw In,Argentina,3869685,0 days 01:01:56,0,1,0,0,0,0,0,0,0
2,62,4,From Throw In,France,3869685,0 days 01:02:04,0,0,0,0,0,0,1,0,0
2,62,8,From Throw In,France,3869685,0 days 01:02:08,0,0,0,0,0,0,1,0,0
2,62,13,From Throw In,France,3869685,0 days 01:02:13,0,0,0,0,0,0,1,0,0
2,62,15,Regular Play,Argentina,3869685,0 days 01:02:15,1,0,0,0,0,0,0,0,0
2,62,19,Regular Play,Argentina,3869685,0 days 01:02:19,0,0,0,0,0,0,1,0,0
2,62,21,Regular Play,Argentina,3869685,0 days 01:02:21,0,0,0,0,0,0,1,0,0
2,62,23,Regular Play,Argentina,3869685,0 days 01:02:23,0,0,0,0,0,0,1,0,0
2,62,26,Regular Play,France,3869685,0 days 01:02:26,1,0,0,0,0,0,0,0,0
2,62,27,Regular Play,France,3869685,0 days 01:02:27,0,0,0,0,0,0,1,0,0
2,62,30,Regular Play,France,3869685,0 days 01:02:30,0,0,0,0,0,0,1,0,0
2,62,33,Regular Play,France,3869685,0 days 01:02:33,0,0,0,0,0,0,1,0,0
2,62,35,Regular Play,Argentina,3869685,0 days 01:02:35,0,0,0,0,1,0,0,0,0
2,62,54,From Free Kick,France,3869685,0 days 01:02:54,0,0,0,0,0,0,1,0,0
2,62,56,From Free Kick,France,3869685,0 days 01:02:56,0,0,0,0,0,0,1,0,0
2,62,59,From Free Kick,France,3869685,0 days 01:02:59,0,0,0,0,0,0,1,0,0
2,63,1,From Free Kick,France,3869685,0 days 01:03:01,0,0,0,0,0,0,1,0,0
2,63,2,From Free Kick,France,3869685,0 days 01:03:02,0,0,0,0,0,0,1,0,0
2,63,5,From Free Kick,France,3869685,0 days 01:03:05,0,0,0,0,0,0,1,0,0
2,63,7,From Free Kick,France,3869685,0 days 01:03:07,0,0,0,0,0,0,1,0,0
2,63,10,From Free Kick,France,3869685,0 days 01:03:10,0,0,0,0,0,0,1,0,0
2,63,14,From Free Kick,France,3869685,0 days 01:03:14,0,0,0,1,0,0,0,0,0
2,64,9,From Goal Kick,Argentina,3869685,0 days 01:04:09,0,0,0,0,0,0,1,0,0
2,64,11,From Goal Kick,France,3869685,0 days 01:04:11,0,0,0,0,0,0,1,0,0
2,64,12,From Goal Kick,Argentina,3869685,0 days 01:04:12,1,0,0,0,0,0,0,0,0
2,64,13,From Goal Kick,Argentina,3869685,0 days 01:04:13,0,0,0,0,0,0,1,0,0
2,64,14,From Goal Kick,Argentina,3869685,0 days 01:04:14,0,0,0,0,0,0,1,0,0
2,64,16,From Goal Kick,Argentina,3869685,0 days 01:04:16,0,0,0,0,0,0,1,0,0
2,64,18,From Goal Kick,Argentina,3869685,0 days 01:04:18,0,0,0,0,0,0,1,0,0
2,64,20,From Goal Kick,Argentina,3869685,0 days 01:04:20,0,0,0,0,0,0,1,0,0
2,64,22,From Goal Kick,Argentina,3869685,0 days 01:04:22,0,0,0,0,0,0,1,0,0
2,64,23,From Goal Kick,Argentina,3869685,0 days 01:04:23,0,0,0,0,0,0,1,0,0
2,64,26,From Goal Kick,Argentina,3869685,0 days 01:04:26,0,0,0,0,0,0,1,0,0
2,64,29,From Goal Kick,Argentina,3869685,0 days 01:04:29,0,0,0,0,0,0,1,0,0
2,64,32,From Goal Kick,Argentina,3869685,0 days 01:04:32,0,0,1,0,0,0,0,0,0
2,64,32,From Goal Kick,France,3869685,0 days 01:04:32,0,0,0,0,0,0,0,0,1
2,64,33,From Goal Kick,Argentina,3869685,0 days 01:04:33,1,0,0,0,0,0,0,0,0
2,64,34,From Goal Kick,Argentina,3869685,0 days 01:04:34,0,0,0,0,0,0,1,0,0
2,64,36,From Goal Kick,Argentina,3869685,0 days 01:04:36,0,0,0,0,0,0,1,0,0
2,64,39,From Goal Kick,Argentina,3869685,0 days 01:04:39,0,0,0,0,0,0,1,0,0
2,64,40,From Goal Kick,Argentina,3869685,0 days 01:04:40,0,0,0,0,0,0,1,0,0
2,64,42,Regular Play,France,3869685,0 days 01:04:42,0,0,0,0,0,0,1,0,0
2,64,43,Regular Play,France,3869685,0 days 01:04:43,0,0,0,0,0,0,1,0,0
2,64,45,Regular Play,Argentina,3869685,0 days 01:04:45,0,0,0,0,0,0,1,0,0
2,64,49,Regular Play,France,3869685,0 days 01:04:49,0,0,0,0,0,0,1,0,0
2,65,20,From Goal Kick,France,3869685,0 days 01:05:20,0,0,0,0,0,0,1,0,0
2,65,24,From Goal Kick,Argentina,3869685,0 days 01:05:24,0,0,0,0,0,0,1,0,0
2,65,26,From Goal Kick,France,3869685,0 days 01:05:26,0,0,0,0,0,0,1,0,0
2,65,27,From Goal Kick,France,3869685,0 days 01:05:27,0,0,0,0,0,0,1,0,0
2,65,29,From Goal Kick,France,3869685,0 days 01:05:29,0,0,0,0,0,0,1,0,0
2,65,32,From Goal Kick,France,3869685,0 days 01:05:32,0,0,0,0,0,0,1,0,0
2,65,38,From Goal Kick,France,3869685,0 days 01:05:38,0,0,0,0,0,0,1,0,0
2,65,40,From Goal Kick,France,3869685,0 days 01:05:40,0,0,0,0,0,0,1,0,0
2,65,43,From Goal Kick,France,3869685,0 days 01:05:43,0,0,0,0,0,0,1,0,0
2,65,45,From Goal Kick,Argentina,3869685,0 days 01:05:45,0,1,0,0,0,0,0,0,0
2,65,47,From Goal Kick,Argentina,3869685,0 days 01:05:47,0,0,0,0,0,0,1,0,0
2,65,48,From Goal Kick,Argentina,3869685,0 days 01:05:48,0,0,0,0,0,0,1,0,0
2,65,55,From Throw In,France,3869685,0 days 01:05:55,0,0,0,0,0,0,1,0,0
2,65,57,From Throw In,France,3869685,0 days 01:05:57,0,0,0,0,0,0,1,0,0
2,65,59,From Throw In,France,3869685,0 days 01:05:59,0,0,0,0,0,0,1,0,0
2,66,1,From Throw In,France,3869685,0 days 01:06:01,0,0,0,0,0,0,1,0,0
2,66,6,From Throw In,France,3869685,0 days 01:06:06,0,0,0,0,0,0,1,0,0
2,66,8,From Throw In,France,3869685,0 days 01:06:08,0,0,0,0,0,0,1,0,0
2,66,8,Regular Play,Argentina,3869685,0 days 01:06:08,0,0,0,0,0,0,1,0,0
2,66,11,Regular Play,Argentina,3869685,0 days 01:06:11,0,0,1,0,0,0,0,0,0
2,66,11,Regular Play,France,3869685,0 days 01:06:11,0,0,0,0,0,0,0,0,1
2,66,13,Regular Play,Argentina,3869685,0 days 01:06:13,1,0,0,0,0,0,0,0,0
2,66,13,Regular Play,Argentina,3869685,0 days 01:06:13,0,0,1,0,0,0,0,0,0
2,66,13,Regular Play,France,3869685,0 days 01:06:13,0,0,0,0,0,0,0,0,1
2,66,15,Regular Play,Argentina,3869685,0 days 01:06:15,1,0,0,0,0,0,0,0,0
2,66,17,Regular Play,Argentina,3869685,0 days 01:06:17,0,0,0,0,0,0,1,0,0
2,66,19,Regular Play,France,3869685,0 days 01:06:19,1,0,0,0,0,0,0,0,0
2,66,21,Regular Play,France,3869685,0 days 01:06:21,0,0,0,0,0,0,1,0,0
2,66,25,Regular Play,France,3869685,0 days 01:06:25,0,0,0,0,0,0,1,0,0
2,66,30,Regular Play,France,3869685,0 days 01:06:30,0,0,0,0,0,0,1,0,0
2,66,32,Regular Play,France,3869685,0 days 01:06:32,0,0,0,0,0,0,1,0,0
2,66,35,Regular Play,France,3869685,0 days 01:06:35,0,0,0,0,0,0,1,0,0
2,66,36,Regular Play,France,3869685,0 days 01:06:36,0,0,0,0,0,0,1,0,0
2,66,39,Regular Play,France,3869685,0 days 01:06:39,0,0,0,0,0,0,1,0,0
2,66,40,Regular Play,France,3869685,0 days 01:06:40,0,0,0,0,0,0,1,0,0
2,66,43,Regular Play,France,3869685,0 days 01:06:43,0,0,0,0,0,0,1,0,0
2,66,45,Regular Play,France,3869685,0 days 01:06:45,0,0,0,0,0,0,1,0,0
2,66,46,Regular Play,France,3869685,0 days 01:06:46,0,0,0,0,0,0,1,0,0
2,66,47,Regular Play,France,3869685,0 days 01:06:47,0,0,0,0,0,0,1,0,0
2,66,49,Regular Play,France,3869685,0 days 01:06:49,0,0,0,0,0,0,1,0,0
2,66,50,Regular Play,Argentina,3869685,0 days 01:06:50,0,1,0,0,0,0,0,0,0
