period,minute,second,play_pattern,team,match_id,match_time,ball_recovery,clearance,dispossessed,dribble,foul,interception,pass,shot,tackle
2,67,2,From Free Kick,Denmark,3857254,0 days 01:07:02,0,0,0,0,0,0,1,0,0
2,67,5,From Free Kick,Denmark,3857254,0 days 01:07:05,0,0,0,0,0,0,1,0,0
2,67,7,From Free Kick,Tunisia,3857254,0 days 01:07:07,0,0,0,0,0,1,0,0,0
2,67,18,From Throw In,Denmark,3857254,0 days 01:07:18,0,0,0,0,0,0,1,0,0
2,67,21,From Throw In,Denmark,3857254,0 days 01:07:21,0,0,0,0,0,0,1,0,0
2,67,26,From Throw In,Denmark,3857254,0 days 01:07:26,0,0,0,0,0,0,1,0,0
2,67,31,From Throw In,Denmark,3857254,0 days 01:07:31,0,0,0,0,0,0,1,0,0
2,67,34,From Throw In,Denmark,3857254,0 days 01:07:34,0,0,0,0,0,0,1,0,0
2,67,37,From Throw In,Tunisia,3857254,0 days 01:07:37,0,1,0,0,0,0,0,0,0
2,67,39,Regular Play,Tunisia,3857254,0 days 01:07:39,0,0,0,0,0,0,1,0,0
2,67,43,Regular Play,Tunisia,3857254,0 days 01:07:43,0,0,0,0,0,0,1,0,0
2,67,43,Regular Play,Tunisia,3857254,0 days 01:07:43,0,0,0,0,0,0,1,0,0
2,67,46,Regular Play,Tunisia,3857254,0 days 01:07:46,1,0,0,0,0,0,0,0,0
2,67,51,Regular Play,Tunisia,3857254,0 days 01:07:51,0,0,0,0,0,0,1,0,0
2,67,58,From Keeper,Denmark,3857254,0 days 01:07:58,0,0,0,0,0,0,1,0,0
2,68,1,From Keeper,Denmark,3857254,0 days 01:08:01,0,0,0,0,0,0,1,0,0
2,68,4,From Keeper,Denmark,3857254,0 days 01:08:04,0,0,0,0,0,0,1,0,0
2,68,5,From Keeper,Denmark,3857254,0 days 01:08:05,0,0,0,0,0,0,1,0,0
2,68,7,From Keeper,Denmark,3857254,0 days 01:08:07,0,0,0,0,0,0,1,0,0
2,68,9,From Keeper,Denmark,3857254,0 days 01:08:09,0,0,0,0,0,0,1,0,0
2,68,12,From Keeper,Denmark,3857254,0 days 01:08:12,0,0,0,0,0,0,1,0,0
2,68,22,From Keeper,Denmark,3857254,0 days 01:08:22,0,0,0,0,0,0,1,0,0
2,68,26,From Keeper,Denmark,3857254,0 days 01:08:26,0,0,0,0,0,0,0,1,0
2,69,12,From Corner,Denmark,3857254,0 days 01:09:12,0,0,0,0,0,0,1,0,0
2,69,15,From Corner,Denmark,3857254,0 days 01:09:15,0,0,0,0,0,0,0,1,0
2,69,16,From Corner,Denmark,3857254,0 days 01:09:16,1,0,0,0,0,0,0,0,0
2,69,16,From Corner,Denmark,3857254,0 days 01:09:16,0,0,0,0,0,0,0,1,0
2,69,17,From Corner,Tunisia,3857254,0 days 01:09:17,1,0,0,0,0,0,0,0,0
2,69,18,From Corner,Tunisia,3857254,0 days 01:09:18,0,0,0,0,0,0,1,0,0
2,69,20,From Corner,Denmark,3857254,0 days 01:09:20,0,0,0,0,0,0,1,0,0
2,69,20,From Corner,Tunisia,3857254,0 days 01:09:20,1,0,0,0,0,0,0,0,0
2,69,22,From Corner,Tunisia,3857254,0 days 01:09:22,0,0,0,1,0,0,0,0,0
2,69,24,From Corner,Tunisia,3857254,0 days 01:09:24,0,0,0,0,0,0,1,0,0
2,69,28,From Corner,Denmark,3857254,0 days 01:09:28,0,0,0,0,0,0,1,0,0
2,69,42,From Corner,Denmark,3857254,0 days 01:09:42,0,0,0,0,0,0,1,0,0
2,69,43,From Corner,Denmark,3857254,0 days 01:09:43,0,0,0,0,0,0,1,0,0
2,69,44,From Corner,Tunisia,3857254,0 days 01:09:44,0,0,0,0,0,1,0,0,0
2,69,47,From Corner,Tunisia,3857254,0 days 01:09:47,0,0,0,0,0,0,1,0,0
2,69,49,From Corner,Denmark,3857254,0 days 01:09:49,0,0,0,0,0,0,1,0,0
2,69,50,From Corner,Denmark,3857254,0 days 01:09:50,0,0,0,0,0,0,1,0,0
2,69,53,Regular Play,Tunisia,3857254,0 days 01:09:53,1,0,0,0,0,0,0,0,0
2,69,54,Regular Play,Tunisia,3857254,0 days 01:09:54,0,0,0,0,0,0,1,0,0
2,69,55,Regular Play,Tunisia,3857254,0 days 01:09:55,0,0,0,0,0,0,1,0,0
2,69,58,Regular Play,Tunisia,3857254,0 days 01:09:58,0,0,0,1,0,0,0,0,0
2,70,0,Regular Play,Tunisia,3857254,0 days 01:10:00,0,0,0,0,0,0,1,0,0
2,70,5,Regular Play,Tunisia,3857254,0 days 01:10:05,0,0,0,1,0,0,0,0,0
2,70,7,Regular Play,Denmark,3857254,0 days 01:10:07,1,0,0,0,0,0,0,0,0
2,70,7,Regular Play,Denmark,3857254,0 days 01:10:07,0,0,0,1,0,0,0,0,0
2,70,7,Regular Play,Tunisia,3857254,0 days 01:10:07,0,0,0,0,0,0,0,0,1
2,71,11,From Corner,Tunisia,3857254,0 days 01:11:11,0,0,0,0,0,0,1,0,0
2,71,42,From Goal Kick,Denmark,3857254,0 days 01:11:42,0,0,0,0,0,0,1,0,0
2,71,47,Regular Play,Tunisia,3857254,0 days 01:11:47,0,0,0,0,0,0,1,0,0
2,71,49,Regular Play,Tunisia,3857254,0 days 01:11:49,0,0,0,0,0,0,1,0,0
2,71,52,Regular Play,Tunisia,3857254,0 days 01:11:52,0,0,0,0,0,0,1,0,0
2,71,56,Regular Play,Denmark,3857254,0 days 01:11:56,0,1,0,0,0,0,0,0,0
2,72,14,From Throw In,Tunisia,3857254,0 days 01:12:14,0,0,0,0,0,0,1,0,0
2,72,16,From Throw In,Tunisia,3857254,0 days 01:12:16,0,0,0,1,0,0,0,0,0
2,72,17,From Throw In,Tunisia,3857254,0 days 01:12:17,0,0,0,0,0,0,1,0,0
2,72,20,From Throw In,Tunisia,3857254,0 days 01:12:20,0,0,0,0,0,0,1,0,0
2,72,48,From Throw In,Denmark,3857254,0 days 01:12:48,0,0,0,0,0,0,1,0,0
2,72,49,From Throw In,Denmark,3857254,0 days 01:12:49,0,0,0,0,0,0,1,0,0
2,72,51,From Throw In,Denmark,3857254,0 days 01:12:51,0,0,0,0,0,0,1,0,0
2,72,54,Regular Play,Tunisia,3857254,0 days 01:12:54,0,0,0,0,0,0,1,0,0
2,72,58,Regular Play,Tunisia,3857254,0 days 01:12:58,0,0,0,0,0,0,1,0,0
2,73,0,Regular Play,Tunisia,3857254,0 days 01:13:00,0,0,0,0,0,0,1,0,0
2,73,3,Regular Play,Denmark,3857254,0 days 01:13:03,1,0,0,0,0,0,0,0,0
2,73,10,Regular Play,Denmark,3857254,0 days 01:13:10,0,0,0,0,0,0,1,0,0
2,73,13,Regular Play,Denmark,3857254,0 days 01:13:13,0,0,0,0,0,0,1,0,0
2,73,17,Regular Play,Denmark,3857254,0 days 01:13:17,0,0,0,0,0,0,1,0,0
2,73,19,Regular Play,Denmark,3857254,0 days 01:13:19,0,0,0,0,0,0,1,0,0
2,73,25,Regular Play,Denmark,3857254,0 days 01:13:25,0,0,0,0,0,0,1,0,0
2,73,27,Regular Play,Denmark,3857254,0 days 01:13:27,0,0,0,0,0,0,1,0,0
2,73,29,Regular Play,Denmark,3857254,0 days 01:13:29,0,0,0,0,0,0,1,0,0
2,73,33,Regular Play,Denmark,3857254,0 days 01:13:33,0,0,0,0,0,0,1,0,0
2,73,36,Regular Play,Denmark,3857254,0 days 01:13:36,0,0,0,0,0,0,1,0,0
2,73,39,Regular Play,Denmark,3857254,0 days 01:13:39,0,0,0,0,0,0,1,0,0
2,73,41,Regular Play,Denmark,3857254,0 days 01:13:41,0,0,0,0,0,0,1,0,0
2,73,45,Regular Play,Denmark,3857254,0 days 01:13:45,0,0,0,0,0,0,1,0,0
2,73,47,Regular Play,Denmark,3857254,0 days 01:13:47,0,0,0,0,0,0,1,0,0
2,73,49,Regular Play,Denmark,3857254,0 days 01:13:49,0,0,0,0,0,0,1,0,0
2,73,52,Regular Play,Denmark,3857254,0 days 01:13:52,0,0,0,0,0,0,1,0,0
2,73,54,Regular Play,Denmark,3857254,0 days 01:13:54,0,0,0,0,0,0,1,0,0
2,73,54,Regular Play,Denmark,3857254,0 days 01:13:54,0,0,0,0,0,0,1,0,0
2,73,58,Regular Play,Denmark,3857254,0 days 01:13:58,0,0,0,0,0,0,1,0,0
2,74,3,From Throw In,Tunisia,3857254,0 days 01:14:03,0,0,0,0,0,0,1,0,0
2,74,5,From Throw In,Tunisia,3857254,0 days 01:14:05,0,0,0,0,0,0,1,0,0
2,74,7,From Throw In,Tunisia,3857254,0 days 01:14:07,0,0,0,0,0,0,1,0,0
2,74,9,Regular Play,Denmark,3857254,0 days 01:14:09,1,0,0,0,0,0,0,0,0
2,74,12,Regular Play,Denmark,3857254,0 days 01:14:12,0,0,0,0,0,0,1,0,0
2,74,25,From Throw In,Denmark,3857254,0 days 01:14:25,0,0,0,0,0,0,1,0,0
2,74,29,From Throw In,Denmark,3857254,0 days 01:14:29,0,0,0,0,0,0,1,0,0
2,74,35,From Throw In,Denmark,3857254,0 days 01:14:35,0,0,0,0,0,0,1,0,0
2,74,39,From Throw In,Denmark,3857254,0 days 01:14:39,0,0,0,0,0,0,1,0,0
2,74,43,From Throw In,Denmark,3857254,0 days 01:14:43,0,0,0,0,0,0,1,0,0
2,74,43,From Throw In,Tunisia,3857254,0 days 01:14:43,0,1,0,0,0,0,0,0,0
2,74,46,Regular Play,Tunisia,3857254,0 days 01:14:46,0,0,0,0,0,0,1,0,0
2,74,47,Regular Play,Tunisia,3857254,0 days 01:14:47,0,0,0,0,0,0,1,0,0
2,74,50,Regular Play,Tunisia,3857254,0 days 01:14:50,0,0,0,0,0,0,1,0,0
2,74,53,Regular Play,Tunisia,3857254,0 days 01:14:53,0,0,0,0,0,0,1,0,0
2,74,55,Regular Play,Denmark,3857254,0 days 01:14:55,1,0,0,0,0,0,0,0,0
2,74,57,Regular Play,Denmark,3857254,0 days 01:14:57,0,0,0,0,0,0,1,0,0
2,74,58,Regular Play,Denmark,3857254,0 days 01:14:58,0,0,0,0,0,0,1,0,0
2,75,4,Regular Play,Denmark,3857254,0 days 01:15:04,0,0,0,0,0,0,1,0,0
2,75,7,Regular Play,Denmark,3857254,0 days 01:15:07,0,0,0,0,0,0,1,0,0
2,75,9,Regular Play,Denmark,3857254,0 days 01:15:09,0,0,0,0,0,0,1,0,0
2,75,12,Regular Play,Denmark,3857254,0 days 01:15:12,0,0,0,0,0,0,1,0,0
2,75,15,Regular Play,Denmark,3857254,0 days 01:15:15,0,0,0,0,0,0,1,0,0
2,75,18,Regular Play,Denmark,3857254,0 days 01:15:18,0,0,0,0,0,0,1,0,0
2,75,20,Regular Play,Denmark,3857254,0 days 01:15:20,0,0,0,0,0,0,1,0,0
2,75,20,Regular Play,Tunisia,3857254,0 days 01:15:20,0,1,0,0,0,0,0,0,0
2,75,22,Regular Play,Denmark,3857254,0 days 01:15:22,1,0,0,0,0,0,0,0,0
2,75,24,Regular Play,Denmark,3857254,0 days 01:15:24,0,0,0,0,0,0,1,0,0
2,75,27,Regular Play,Denmark,3857254,0 days 01:15:27,0,0,0,0,0,0,0,1,0
2,75,54,From Goal Kick,Tunisia,3857254,0 days 01:15:54,0,0,0,0,0,0,1,0,0
2,75,57,From Goal Kick,Tunisia,3857254,0 days 01:15:57,0,0,0,0,0,0,1,0,0
2,75,58,From Goal Kick,Tunisia,3857254,0 days 01:15:58,0,0,0,0,0,0,1,0,0
2,76,0,From Goal Kick,Tunisia,3857254,0 days 01:16:00,0,0,0,0,0,0,1,0,0
2,76,2,From Goal Kick,Tunisia,3857254,0 days 01:16:02,0,0,0,0,0,0,1,0,0
2,76,4,Regular Play,Denmark,3857254,0 days 01:16:04,0,0,0,0,0,0,1,0,0
2,76,6,Regular Play,Denmark,3857254,0 days 01:16:06,0,0,0,0,0,0,1,0,0
2,76,8,Regular Play,Denmark,3857254,0 days 01:16:08,0,0,0,0,0,0,1,0,0
2,76,11,Regular Play,Denmark,3857254,0 days 01:16:11,0,0,1,0,0,0,0,0,0
2,76,11,Regular Play,Tunisia,3857254,0 days 01:16:11,0,0,0,0,0,0,0,0,1
2,76,11,Regular Play,Tunisia,3857254,0 days 01:16:11,0,1,0,0,0,0,0,0,0
2,76,14,Regular Play,Tunisia,3857254,0 days 01:16:14,0,0,0,0,0,0,1,0,0
2,76,17,Regular Play,Tunisia,3857254,0 days 01:16:17,0,0,0,0,0,0,1,0,0
2,76,21,Regular Play,Denmark,3857254,0 days 01:16:21,1,0,0,0,0,0,0,0,0
2,76,21,Regular Play,Denmark,3857254,0 days 01:16:21,0,0,0,0,0,0,1,0,0
2,76,27,Regular Play,Denmark,3857254,0 days 01:16:27,0,0,0,0,0,0,1,0,0
2,76,38,Regular Play,Denmark,3857254,0 days 01:16:38,0,0,0,0,0,0,1,0,0
2,76,41,Regular Play,Denmark,3857254,0 days 01:16:41,0,0,0,0,0,0,1,0,0
2,76,46,Regular Play,Denmark,3857254,0 days 01:16:46,0,0,0,0,0,0,1,0,0
2,76,57,From Keeper,Tunisia,3857254,0 days 01:16:57,0,0,0,0,0,0,1,0,0
2,67,0,From Goal Kick,Japan,3857255,0 days 01:07:00,1,0,0,0,0,0,0,0,0
2,67,1,From Goal Kick,Japan,3857255,0 days 01:07:01,1,0,0,0,0,0,0,0,0
2,67,1,From Goal Kick,Japan,3857255,0 days 01:07:01,0,0,0,1,0,0,0,0,0
2,67,1,From Goal Kick,Spain,3857255,0 days 01:07:01,0,0,0,0,0,0,0,0,1
2,68,54,From Throw In,Japan,3857255,0 days 01:08:54,0,0,0,0,0,0,1,0,0
2,68,55,Regular Play,Spain,3857255,0 days 01:08:55,0,0,0,0,0,0,1,0,0
2,68,58,Regular Play,Spain,3857255,0 days 01:08:58,0,0,0,0,0,0,1,0,0
2,69,0,Regular Play,Spain,3857255,0 days 01:09:00,0,0,0,0,0,0,1,0,0
2,69,1,Regular Play,Spain,3857255,0 days 01:09:01,0,0,0,0,0,0,1,0,0
2,69,2,Regular Play,Japan,3857255,0 days 01:09:02,0,0,0,0,1,0,0,0,0
2,69,17,From Free Kick,Spain,3857255,0 days 01:09:17,0,0,0,0,0,0,1,0,0
2,69,19,From Free Kick,Spain,3857255,0 days 01:09:19,0,0,0,0,0,0,1,0,0
2,69,21,From Free Kick,Spain,3857255,0 days 01:09:21,0,0,0,0,0,0,1,0,0
2,69,24,From Free Kick,Spain,3857255,0 days 01:09:24,0,0,0,0,0,0,1,0,0
2,69,27,From Free Kick,Spain,3857255,0 days 01:09:27,0,0,0,0,0,0,1,0,0
2,69,28,From Free Kick,Spain,3857255,0 days 01:09:28,0,0,0,0,0,0,1,0,0
2,69,31,From Free Kick,Spain,3857255,0 days 01:09:31,0,0,0,0,0,0,1,0,0
2,69,33,From Free Kick,Spain,3857255,0 days 01:09:33,0,0,0,0,0,0,1,0,0
2,69,34,From Free Kick,Spain,3857255,0 days 01:09:34,0,0,0,0,0,0,1,0,0
2,69,36,From Free Kick,Spain,3857255,0 days 01:09:36,0,0,0,1,0,0,0,0,0
2,69,36,From Free Kick,Japan,3857255,0 days 01:09:36,0,0,0,0,0,0,0,0,1
2,69,36,From Free Kick,Japan,3857255,0 days 01:09:36,0,0,0,0,0,0,1,0,0
2,69,38,From Free Kick,Spain,3857255,0 days 01:09:38,0,0,0,0,0,0,1,0,0
2,69,40,From Free Kick,Spain,3857255,0 days 01:09:40,0,0,0,0,0,0,1,0,0
2,69,42,From Free Kick,Spain,3857255,0 days 01:09:42,0,0,0,0,0,0,1,0,0
2,69,43,From Counter,Japan,3857255,0 days 01:09:43,0,0,0,0,0,1,0,0,0
2,69,48,From Counter,Japan,3857255,0 days 01:09:48,0,0,0,0,0,0,1,0,0
2,69,50,From Counter,Japan,3857255,0 days 01:09:50,0,0,0,0,0,0,0,1,0
2,70,8,From Goal Kick,Spain,3857255,0 days 01:10:08,0,0,0,0,0,0,1,0,0
2,70,11,From Goal Kick,Spain,3857255,0 days 01:10:11,0,0,0,0,0,0,1,0,0
2,70,12,From Goal Kick,Spain,3857255,0 days 01:10:12,0,0,0,0,0,0,1,0,0
2,70,38,From Goal Kick,Japan,3857255,0 days 01:10:38,0,0,0,0,0,0,1,0,0
2,70,40,Regular Play,Spain,3857255,0 days 01:10:40,0,0,0,0,0,0,1,0,0
2,70,43,Regular Play,Spain,3857255,0 days 01:10:43,0,0,0,0,0,0,1,0,0
2,70,44,Regular Play,Spain,3857255,0 days 01:10:44,0,0,0,0,0,0,1,0,0
2,70,47,Regular Play,Spain,3857255,0 days 01:10:47,0,0,0,0,0,0,1,0,0
2,70,48,Regular Play,Spain,3857255,0 days 01:10:48,0,0,0,0,0,0,1,0,0
2,70,51,Regular Play,Spain,3857255,0 days 01:10:51,0,0,0,0,0,0,1,0,0
2,70,54,Regular Play,Spain,3857255,0 days 01:10:54,0,0,0,0,0,0,1,0,0
2,70,57,Regular Play,Spain,3857255,0 days 01:10:57,0,0,0,0,0,0,1,0,0
2,70,59,Regular Play,Spain,3857255,0 days 01:10:59,0,0,0,0,0,0,1,0,0
2,71,1,Regular Play,Spain,3857255,0 days 01:11:01,0,0,0,0,0,0,1,0,0
2,71,3,Regular Play,Spain,3857255,0 days 01:11:03,0,0,0,0,0,0,1,0,0
2,71,5,Regular Play,Spain,3857255,0 days 01:11:05,0,0,0,0,0,0,1,0,0
2,71,7,Regular Play,Spain,3857255,0 days 01:11:07,0,0,0,0,0,0,1,0,0
2,71,9,Regular Play,Spain,3857255,0 days 01:11:09,0,0,0,0,0,0,1,0,0
2,71,15,Regular Play,Spain,3857255,0 days 01:11:15,0,0,0,0,0,0,1,0,0
2,71,17,Regular Play,Spain,3857255,0 days 01:11:17,0,0,0,0,0,0,1,0,0
2,71,18,Regular Play,Spain,3857255,0 days 01:11:18,0,0,0,0,0,0,1,0,0
2,71,19,Regular Play,Spain,3857255,0 days 01:11:19,0,0,0,0,0,0,1,0,0
2,71,19,Regular Play,Japan,3857255,0 days 01:11:19,0,0,0,0,0,0,1,0,0
2,71,24,Regular Play,Japan,3857255,0 days 01:11:24,0,0,0,0,0,0,1,0,0
2,71,26,Regular Play,Spain,3857255,0 days 01:11:26,0,0,0,0,0,1,0,0,0
2,71,27,Regular Play,Spain,3857255,0 days 01:11:27,0,0,0,0,0,0,1,0,0
2,71,27,Regular Play,Spain,3857255,0 days 01:11:27,0,0,0,0,0,0,1,0,0
2,71,28,Regular Play,Spain,3857255,0 days 01:11:28,0,0,0,0,0,0,1,0,0
2,71,29,Regular Play,Japan,3857255,0 days 01:11:29,0,0,0,0,0,1,0,0,0
2,71,32,Regular Play,Spain,3857255,0 days 01:11:32,1,0,0,0,0,0,0,0,0
2,71,34,Regular Play,Spain,3857255,0 days 01:11:34,0,0,0,0,0,0,1,0,0
2,71,36,Regular Play,Spain,3857255,0 days 01:11:36,0,0,0,0,0,0,1,0,0
2,71,39,Regular Play,Spain,3857255,0 days 01:11:39,0,0,0,1,0,0,0,0,0
2,71,41,Regular Play,Spain,3857255,0 days 01:11:41,0,0,0,0,0,0,1,0,0
2,71,43,Regular Play,Spain,3857255,0 days 01:11:43,0,0,0,0,0,0,1,0,0
2,71,44,Regular Play,Spain,3857255,0 days 01:11:44,0,0,0,0,0,0,1,0,0
2,71,52,Regular Play,Spain,3857255,0 days 01:11:52,0,0,0,0,0,0,1,0,0
2,71,55,Regular Play,Spain,3857255,0 days 01:11:55,0,0,0,0,0,0,1,0,0
2,71,57,Regular Play,Spain,3857255,0 days 01:11:57,0,0,0,0,0,0,1,0,0
2,71,58,Regular Play,Japan,3857255,0 days 01:11:58,0,1,0,0,0,0,0,0,0
2,72,0,Regular Play,Spain,3857255,0 days 01:12:00,1,0,0,0,0,0,0,0,0
2,72,3,Regular Play,Spain,3857255,0 days 01:12:03,0,0,0,0,0,0,1,0,0
2,72,6,Regular Play,Spain,3857255,0 days 01:12:06,0,0,0,0,0,0,1,0,0
2,72,8,Regular Play,Spain,3857255,0 days 01:12:08,0,0,0,1,0,0,0,0,0
2,72,8,Regular Play,Japan,3857255,0 days 01:12:08,0,0,0,0,0,0,0,0,1
2,72,9,Regular Play,Japan,3857255,0 days 01:12:09,0,0,0,0,0,0,1,0,0
2,72,11,Regular Play,Japan,3857255,0 days 01:12:11,0,0,0,0,0,0,1,0,0
2,72,13,Regular Play,Japan,3857255,0 days 01:12:13,0,0,0,0,0,0,1,0,0
2,72,24,From Throw In,Spain,3857255,0 days 01:12:24,0,0,0,0,0,0,1,0,0
2,72,26,From Throw In,Spain,3857255,0 days 01:12:26,0,0,0,0,0,0,1,0,0
2,72,29,From Throw In,Spain,3857255,0 days 01:12:29,0,0,0,0,0,0,1,0,0
2,72,31,From Throw In,Spain,3857255,0 days 01:12:31,0,0,0,0,0,0,1,0,0
2,72,35,From Throw In,Spain,3857255,0 days 01:12:35,0,0,0,0,0,0,1,0,0
2,72,37,From Throw In,Spain,3857255,0 days 01:12:37,0,0,0,0,0,0,1,0,0
2,72,38,From Throw In,Spain,3857255,0 days 01:12:38,0,0,0,0,0,0,1,0,0
2,72,39,From Throw In,Spain,3857255,0 days 01:12:39,0,0,0,0,0,0,1,0,0
2,72,40,From Throw In,Spain,3857255,0 days 01:12:40,0,0,0,0,0,0,1,0,0
2,72,41,From Throw In,Japan,3857255,0 days 01:12:41,0,0,0,0,0,0,1,0,0
2,72,43,From Throw In,Japan,3857255,0 days 01:12:43,0,0,0,0,0,0,1,0,0
2,72,44,From Throw In,Spain,3857255,0 days 01:12:44,1,0,0,0,0,0,0,0,0
2,72,45,From Throw In,Spain,3857255,0 days 01:12:45,0,0,0,0,0,0,1,0,0
2,72,48,From Throw In,Spain,3857255,0 days 01:12:48,0,0,0,0,0,0,1,0,0
2,72,51,From Throw In,Spain,3857255,0 days 01:12:51,0,0,0,0,0,0,1,0,0
2,72,52,From Throw In,Spain,3857255,0 days 01:12:52,0,0,0,0,0,0,1,0,0
2,72,55,From Throw In,Spain,3857255,0 days 01:12:55,0,0,0,0,0,0,1,0,0
2,72,59,From Throw In,Spain,3857255,0 days 01:12:59,0,0,0,1,0,0,0,0,0
2,73,1,From Throw In,Spain,3857255,0 days 01:13:01,0,0,0,0,0,0,1,0,0
2,73,3,From Throw In,Spain,3857255,0 days 01:13:03,0,0,0,0,0,0,1,0,0
2,73,6,From Throw In,Spain,3857255,0 days 01:13:06,1,0,0,0,0,0,0,0,0
2,73,7,From Throw In,Spain,3857255,0 days 01:13:07,0,0,0,0,0,0,1,0,0
2,73,10,From Throw In,Spain,3857255,0 days 01:13:10,0,0,0,0,0,0,1,0,0
2,73,12,From Throw In,Spain,3857255,0 days 01:13:12,0,0,0,0,0,0,0,1,0
2,73,14,From Throw In,Spain,3857255,0 days 01:13:14,0,0,0,0,0,0,1,0,0
2,73,15,From Throw In,Spain,3857255,0 days 01:13:15,0,0,0,0,0,0,1,0,0
2,73,19,From Throw In,Spain,3857255,0 days 01:13:19,0,0,0,0,0,0,1,0,0
2,73,23,From Throw In,Spain,3857255,0 days 01:13:23,0,0,0,0,0,0,1,0,0
2,73,25,From Throw In,Japan,3857255,0 days 01:13:25,0,1,0,0,0,0,0,0,0
2,73,32,From Throw In,Spain,3857255,0 days 01:13:32,0,0,0,0,0,0,1,0,0
2,73,33,From Throw In,Spain,3857255,0 days 01:13:33,0,0,0,0,0,0,1,0,0
2,73,34,From Throw In,Spain,3857255,0 days 01:13:34,0,0,0,0,0,0,1,0,0
2,73,37,From Throw In,Spain,3857255,0 days 01:13:37,0,0,0,0,0,0,1,0,0
2,73,40,From Throw In,Spain,3857255,0 days 01:13:40,0,0,0,0,0,0,1,0,0
2,73,46,From Throw In,Spain,3857255,0 days 01:13:46,0,0,0,0,0,0,1,0,0
2,73,47,From Throw In,Spain,3857255,0 days 01:13:47,0,0,0,0,0,0,1,0,0
2,73,54,From Throw In,Spain,3857255,0 days 01:13:54,0,0,0,0,0,0,1,0,0
2,73,56,From Throw In,Spain,3857255,0 days 01:13:56,0,0,0,0,0,0,1,0,0
2,73,59,From Throw In,Japan,3857255,0 days 01:13:59,0,1,0,0,0,0,0,0,0
2,74,9,From Throw In,Spain,3857255,0 days 01:14:09,0,0,0,0,0,0,1,0,0
2,74,12,From Throw In,Spain,3857255,0 days 01:14:12,0,0,0,0,0,0,1,0,0
2,74,15,From Throw In,Spain,3857255,0 days 01:14:15,0,0,0,0,0,0,1,0,0
2,74,17,From Throw In,Spain,3857255,0 days 01:14:17,0,0,0,0,0,0,1,0,0
2,74,21,From Throw In,Spain,3857255,0 days 01:14:21,0,0,0,0,0,0,1,0,0
2,74,23,From Throw In,Japan,3857255,0 days 01:14:23,0,1,0,0,0,0,0,0,0
2,74,27,From Throw In,Spain,3857255,0 days 01:14:27,1,0,0,0,0,0,0,0,0
2,74,29,From Throw In,Spain,3857255,0 days 01:14:29,0,0,0,0,0,0,1,0,0
2,74,31,From Throw In,Spain,3857255,0 days 01:14:31,0,0,0,0,0,0,1,0,0
2,74,35,From Throw In,Spain,3857255,0 days 01:14:35,0,0,0,0,0,0,1,0,0
2,74,36,From Throw In,Spain,3857255,0 days 01:14:36,0,0,0,0,0,0,1,0,0
2,74,39,From Throw In,Spain,3857255,0 days 01:14:39,0,0,0,0,0,0,1,0,0
2,74,42,From Throw In,Spain,3857255,0 days 01:14:42,0,0,0,0,0,0,1,0,0
2,74,44,From Throw In,Spain,3857255,0 days 01:14:44,0,0,0,0,0,0,1,0,0
2,74,46,Regular Play,Japan,3857255,0 days 01:14:46,0,0,0,0,0,0,1,0,0
2,74,49,Regular Play,Japan,3857255,0 days 01:14:49,0,0,0,0,0,0,1,0,0
2,74,49,Regular Play,Japan,3857255,0 days 01:14:49,0,0,0,0,0,0,1,0,0
2,74,52,Regular Play,Spain,3857255,0 days 01:14:52,1,0,0,0,0,0,0,0,0
2,74,53,Regular Play,Spain,3857255,0 days 01:14:53,0,0,0,0,0,0,1,0,0
2,74,55,Regular Play,Spain,3857255,0 days 01:14:55,0,0,0,0,0,0,1,0,0
2,74,56,Regular Play,Spain,3857255,0 days 01:14:56,0,0,0,0,0,0,1,0,0
2,75,35,From Goal Kick,Japan,3857255,0 days 01:15:35,0,0,0,0,0,0,1,0,0
2,75,39,From Goal Kick,Spain,3857255,0 days 01:15:39,0,0,0,0,0,0,1,0,0
2,75,40,From Goal Kick,Japan,3857255,0 days 01:15:40,0,0,0,0,0,0,1,0,0
2,75,42,From Goal Kick,Spain,3857255,0 days 01:15:42,0,1,0,0,0,0,0,0,0
2,75,44,From Goal Kick,Japan,3857255,0 days 01:15:44,1,0,0,0,0,0,0,0,0
2,75,46,From Goal Kick,Japan,3857255,0 days 01:15:46,0,0,1,0,0,0,0,0,0
2,75,46,Regular Play,Spain,3857255,0 days 01:15:46,0,0,0,0,0,0,0,0,1
2,75,47,Regular Play,Spain,3857255,0 days 01:15:47,0,0,0,0,0,0,1,0,0
2,75,49,Regular Play,Spain,3857255,0 days 01:15:49,0,0,0,0,0,0,1,0,0
2,75,51,Regular Play,Spain,3857255,0 days 01:15:51,0,0,0,0,0,0,1,0,0
2,75,56,Regular Play,Spain,3857255,0 days 01:15:56,0,0,0,0,0,0,1,0,0
2,76,3,Regular Play,Spain,3857255,0 days 01:16:03,0,0,0,0,0,0,1,0,0
2,76,5,Regular Play,Spain,3857255,0 days 01:16:05,0,0,0,0,0,0,1,0,0
2,76,8,Regular Play,Spain,3857255,0 days 01:16:08,0,0,0,0,0,0,1,0,0
2,76,11,Regular Play,Spain,3857255,0 days 01:16:11,0,0,0,0,0,0,1,0,0
2,76,12,Regular Play,Spain,3857255,0 days 01:16:12,0,0,0,0,0,0,1,0,0
2,76,13,Regular Play,Spain,3857255,0 days 01:16:13,0,0,0,0,0,0,1,0,0
2,76,15,Regular Play,Spain,3857255,0 days 01:16:15,0,0,0,0,0,0,1,0,0
2,76,17,Regular Play,Spain,3857255,0 days 01:16:17,0,0,0,0,0,0,1,0,0
2,76,19,Regular Play,Spain,3857255,0 days 01:16:19,0,0,0,0,0,0,1,0,0
2,76,23,Regular Play,Spain,3857255,0 days 01:16:23,0,0,0,0,0,0,1,0,0
2,76,25,Regular Play,Spain,3857255,0 days 01:16:25,0,0,0,0,0,0,1,0,0
2,76,29,Regular Play,Spain,3857255,0 days 01:16:29,0,0,0,0,0,0,1,0,0
2,76,32,Regular Play,Spain,3857255,0 days 01:16:32,0,0,0,0,0,0,1,0,0
2,76,35,Regular Play,Spain,3857255,0 days 01:16:35,0,0,0,0,0,0,1,0,0
2,76,38,Regular Play,Spain,3857255,0 days 01:16:38,0,0,0,0,0,0,1,0,0
2,76,42,Regular Play,Spain,3857255,0 days 01:16:42,0,0,0,0,0,0,1,0,0
2,76,45,Regular Play,Spain,3857255,0 days 01:16:45,0,0,0,0,0,0,1,0,0
2,76,51,Regular Play,Spain,3857255,0 days 01:16:51,0,0,0,0,0,0,1,0,0
2,76,53,Regular Play,Spain,3857255,0 days 01:16:53,0,0,0,0,0,0,1,0,0
2,76,57,Regular Play,Spain,3857255,0 days 01:16:57,0,0,0,0,0,0,1,0,0
2,76,58,Regular Play,Spain,3857255,0 days 01:16:58,0,0,0,0,0,0,1,0,0
2,67,12,From Throw In,Serbia,3857256,0 days 01:07:12,0,0,0,0,0,0,1,0,0
2,67,15,From Throw In,Serbia,3857256,0 days 01:07:15,0,0,0,0,0,0,1,0,0
2,67,16,From Throw In,Serbia,3857256,0 days 01:07:16,0,0,0,0,0,0,1,0,0
2,67,18,From Throw In,Serbia,3857256,0 days 01:07:18,0,0,0,0,0,0,1,0,0
2,67,20,From Throw In,Serbia,3857256,0 days 01:07:20,0,0,0,0,0,0,1,0,0
2,67,21,From Throw In,Serbia,3857256,0 days 01:07:21,0,0,0,0,0,0,1,0,0
2,68,39,From Throw In,Switzerland,3857256,0 days 01:08:39,0,0,0,0,0,0,1,0,0
2,68,42,From Throw In,Serbia,3857256,0 days 01:08:42,0,1,0,0,0,0,0,0,0
2,68,56,From Throw In,Switzerland,3857256,0 days 01:08:56,0,0,0,0,0,0,1,0,0
2,68,57,From Throw In,Switzerland,3857256,0 days 01:08:57,0,0,0,0,0,0,1,0,0
2,68,58,From Throw In,Switzerland,3857256,0 days 01:08:58,0,0,0,0,0,0,1,0,0
2,68,59,From Throw In,Serbia,3857256,0 days 01:08:59,0,0,0,0,0,0,1,0,0
2,69,3,From Throw In,Switzerland,3857256,0 days 01:09:03,0,0,0,0,0,0,1,0,0
2,69,6,From Throw In,Switzerland,3857256,0 days 01:09:06,0,0,0,0,0,0,1,0,0
2,69,19,From Throw In,Switzerland,3857256,0 days 01:09:19,0,0,0,0,0,0,1,0,0
2,69,21,From Throw In,Switzerland,3857256,0 days 01:09:21,0,0,0,0,0,0,1,0,0
2,69,22,From Throw In,Switzerland,3857256,0 days 01:09:22,0,0,0,0,0,0,1,0,0
2,69,23,From Throw In,Switzerland,3857256,0 days 01:09:23,0,0,0,0,0,0,1,0,0
2,69,24,Regular Play,Serbia,3857256,0 days 01:09:24,1,0,0,0,0,0,0,0,0
2,69,26,Regular Play,Serbia,3857256,0 days 01:09:26,0,0,0,0,0,0,1,0,0
2,69,28,Regular Play,Serbia,3857256,0 days 01:09:28,0,0,0,0,0,0,1,0,0
2,69,31,Regular Play,Serbia,3857256,0 days 01:09:31,0,0,0,0,0,0,1,0,0
2,69,35,Regular Play,Switzerland,3857256,0 days 01:09:35,0,1,0,0,0,0,0,0,0
2,69,37,Regular Play,Serbia,3857256,0 days 01:09:37,1,0,0,0,0,0,0,0,0
2,69,38,Regular Play,Serbia,3857256,0 days 01:09:38,0,0,0,0,0,0,1,0,0
2,69,40,Regular Play,Serbia,3857256,0 days 01:09:40,0,0,0,0,0,0,1,0,0
2,69,41,Regular Play,Serbia,3857256,0 days 01:09:41,0,0,0,0,0,0,1,0,0
2,69,44,Regular Play,Serbia,3857256,0 days 01:09:44,0,0,0,0,0,0,1,0,0
2,69,48,Regular Play,Serbia,3857256,0 days 01:09:48,0,0,0,0,0,0,1,0,0
2,69,51,Regular Play,Serbia,3857256,0 days 01:09:51,0,0,0,0,0,0,1,0,0
2,69,53,Regular Play,Serbia,3857256,0 days 01:09:53,0,0,0,0,0,0,1,0,0
2,69,58,Regular Play,Serbia,3857256,0 days 01:09:58,0,0,0,0,0,0,1,0,0
2,70,2,Regular Play,Serbia,3857256,0 days 01:10:02,0,0,0,0,0,0,1,0,0
2,70,4,Regular Play,Serbia,3857256,0 days 01:10:04,0,0,0,0,1,0,0,0,0
2,70,36,From Free Kick,Switzerland,3857256,0 days 01:10:36,0,0,0,0,0,0,1,0,0
2,70,40,From Free Kick,Serbia,3857256,0 days 01:10:40,0,0,0,0,0,0,1,0,0
2,70,42,From Free Kick,Switzerland,3857256,0 days 01:10:42,1,0,0,0,0,0,0,0,0
2,70,42,Regular Play,Serbia,3857256,0 days 01:10:42,1,0,0,0,0,0,0,0,0
2,70,44,Regular Play,Serbia,3857256,0 days 01:10:44,0,0,0,0,0,0,1,0,0
2,70,49,Regular Play,Serbia,3857256,0 days 01:10:49,0,0,0,0,0,0,0,1,0
2,70,51,Regular Play,Switzerland,3857256,0 days 01:10:51,1,0,0,0,0,0,0,0,0
2,70,53,Regular Play,Switzerland,3857256,0 days 01:10:53,0,0,0,0,0,0,1,0,0
2,71,0,Regular Play,Switzerland,3857256,0 days 01:11:00,0,0,0,0,0,0,1,0,0
2,71,3,Regular Play,Switzerland,3857256,0 days 01:11:03,0,0,0,0,0,0,1,0,0
2,71,9,Regular Play,Switzerland,3857256,0 days 01:11:09,0,0,0,0,0,0,1,0,0
2,71,12,Regular Play,Switzerland,3857256,0 days 01:11:12,0,0,0,0,0,0,1,0,0
2,71,16,Regular Play,Serbia,3857256,0 days 01:11:16,1,0,0,0,0,0,0,0,0
2,71,22,Regular Play,Serbia,3857256,0 days 01:11:22,0,0,0,0,0,0,1,0,0
2,71,25,Regular Play,Serbia,3857256,0 days 01:11:25,0,0,0,0,0,0,1,0,0
2,71,28,Regular Play,Serbia,3857256,0 days 01:11:28,0,0,0,0,0,0,1,0,0
2,71,30,Regular Play,Serbia,3857256,0 days 01:11:30,0,0,0,0,0,0,1,0,0
2,71,32,Regular Play,Serbia,3857256,0 days 01:11:32,0,0,0,0,0,0,1,0,0
2,71,36,Regular Play,Serbia,3857256,0 days 01:11:36,0,0,0,0,0,0,1,0,0
2,71,38,Regular Play,Serbia,3857256,0 days 01:11:38,0,0,0,0,0,0,1,0,0
2,71,40,Regular Play,Serbia,3857256,0 days 01:11:40,0,0,0,0,0,0,1,0,0
2,71,42,Regular Play,Serbia,3857256,0 days 01:11:42,0,0,0,0,0,0,1,0,0
2,71,44,Regular Play,Serbia,3857256,0 days 01:11:44,0,0,0,0,0,0,1,0,0
2,71,48,Regular Play,Serbia,3857256,0 days 01:11:48,0,0,0,0,0,0,1,0,0
2,71,53,Regular Play,Serbia,3857256,0 days 01:11:53,0,0,0,0,0,0,1,0,0
2,71,56,Regular Play,Serbia,3857256,0 days 01:11:56,0,0,0,0,0,0,1,0,0
2,71,59,Regular Play,Serbia,3857256,0 days 01:11:59,0,0,0,0,0,0,1,0,0
2,72,0,Regular Play,Serbia,3857256,0 days 01:12:00,0,0,0,0,0,0,0,1,0
2,72,2,Regular Play,Switzerland,3857256,0 days 01:12:02,0,0,0,0,0,0,1,0,0
2,72,4,Regular Play,Serbia,3857256,0 days 01:12:04,0,0,0,0,0,0,1,0,0
2,72,7,Regular Play,Serbia,3857256,0 days 01:12:07,0,0,0,0,0,0,1,0,0
2,72,9,Regular Play,Switzerland,3857256,0 days 01:12:09,0,1,0,0,0,0,0,0,0
2,72,13,Regular Play,Serbia,3857256,0 days 01:12:13,1,0,0,0,0,0,0,0,0
2,72,17,Regular Play,Serbia,3857256,0 days 01:12:17,0,0,0,0,0,0,1,0,0
2,72,21,Regular Play,Serbia,3857256,0 days 01:12:21,0,0,0,0,0,0,1,0,0
2,72,23,Regular Play,Serbia,3857256,0 days 01:12:23,0,0,0,0,0,0,1,0,0
2,72,30,Regular Play,Serbia,3857256,0 days 01:12:30,0,0,0,0,0,0,1,0,0
2,72,32,Regular Play,Serbia,3857256,0 days 01:12:32,0,0,0,0,0,0,1,0,0
2,72,33,Regular Play,Serbia,3857256,0 days 01:12:33,0,0,0,0,0,0,1,0,0
2,72,37,Regular Play,Serbia,3857256,0 days 01:12:37,0,0,0,0,0,0,1,0,0
2,72,39,Regular Play,Serbia,3857256,0 days 01:12:39,0,0,0,0,0,0,1,0,0
2,72,41,Regular Play,Serbia,3857256,0 days 01:12:41,0,0,1,0,0,0,0,0,0
2,72,41,Regular Play,Switzerland,3857256,0 days 01:12:41,0,0,0,0,0,0,0,0,1
2,72,43,Regular Play,Serbia,3857256,0 days 01:12:43,1,0,0,0,0,0,0,0,0
2,72,45,Regular Play,Serbia,3857256,0 days 01:12:45,0,0,0,0,0,0,1,0,0
2,72,48,Regular Play,Serbia,3857256,0 days 01:12:48,0,0,0,0,0,0,1,0,0
2,72,48,Regular Play,Switzerland,3857256,0 days 01:12:48,0,0,0,0,0,1,0,0,0
2,72,49,Regular Play,Switzerland,3857256,0 days 01:12:49,1,0,0,0,0,0,0,0,0
2,72,52,Regular Play,Switzerland,3857256,0 days 01:12:52,0,0,0,0,0,0,1,0,0
2,72,57,Regular Play,Serbia,3857256,0 days 01:12:57,1,0,0,0,0,0,0,0,0
2,72,58,Regular Play,Serbia,3857256,0 days 01:12:58,0,0,0,0,0,0,1,0,0
2,73,1,Regular Play,Serbia,3857256,0 days 01:13:01,0,0,0,0,0,0,1,0,0
2,73,3,Regular Play,Serbia,3857256,0 days 01:13:03,0,0,0,0,0,0,1,0,0
2,73,6,Regular Play,Serbia,3857256,0 days 01:13:06,0,0,0,0,0,0,1,0,0
2,73,8,Regular Play,Serbia,3857256,0 days 01:13:08,0,0,0,0,0,0,1,0,0
2,73,14,Regular Play,Serbia,3857256,0 days 01:13:14,0,0,0,0,0,0,1,0,0
2,73,18,Regular Play,Serbia,3857256,0 days 01:13:18,0,0,0,0,0,0,1,0,0
2,73,21,Regular Play,Serbia,3857256,0 days 01:13:21,0,0,0,0,0,0,1,0,0
2,73,21,Regular Play,Switzerland,3857256,0 days 01:13:21,0,0,0,0,0,1,0,0,0
2,73,23,Regular Play,Switzerland,3857256,0 days 01:13:23,0,0,0,0,0,0,1,0,0
2,73,27,Regular Play,Switzerland,3857256,0 days 01:13:27,0,0,0,0,0,0,1,0,0
2,73,33,Regular Play,Switzerland,3857256,0 days 01:13:33,0,0,0,0,0,0,1,0,0
2,73,36,Regular Play,Serbia,3857256,0 days 01:13:36,0,0,0,0,1,0,0,0,0
2,73,55,From Free Kick,Switzerland,3857256,0 days 01:13:55,0,0,0,0,0,0,1,0,0
2,73,58,From Free Kick,Switzerland,3857256,0 days 01:13:58,0,0,0,0,0,0,1,0,0
2,74,2,From Free Kick,Switzerland,3857256,0 days 01:14:02,0,0,0,0,0,0,1,0,0
2,74,4,From Free Kick,Switzerland,3857256,0 days 01:14:04,0,0,0,0,0,0,1,0,0
2,74,5,From Free Kick,Switzerland,3857256,0 days 01:14:05,0,0,0,0,0,0,1,0,0
2,74,6,From Free Kick,Serbia,3857256,0 days 01:14:06,1,0,0,0,0,0,0,0,0
2,74,7,From Free Kick,Serbia,3857256,0 days 01:14:07,0,0,0,0,0,0,1,0,0
2,74,10,From Free Kick,Serbia,3857256,0 days 01:14:10,0,0,0,0,0,0,1,0,0
2,74,11,From Free Kick,Switzerland,3857256,0 days 01:14:11,0,0,0,0,0,1,0,0,0
2,74,15,From Free Kick,Switzerland,3857256,0 days 01:14:15,0,0,0,0,0,0,1,0,0
2,74,18,From Free Kick,Switzerland,3857256,0 days 01:14:18,0,0,0,0,0,0,1,0,0
2,74,21,From Free Kick,Switzerland,3857256,0 days 01:14:21,0,0,0,0,0,0,1,0,0
2,74,24,From Free Kick,Switzerland,3857256,0 days 01:14:24,0,0,0,0,0,0,1,0,0
2,74,25,From Free Kick,Switzerland,3857256,0 days 01:14:25,0,0,0,0,0,0,1,0,0
2,74,27,From Free Kick,Switzerland,3857256,0 days 01:14:27,0,0,0,0,0,0,1,0,0
2,74,28,From Free Kick,Switzerland,3857256,0 days 01:14:28,0,0,0,0,0,0,1,0,0
2,74,30,From Free Kick,Switzerland,3857256,0 days 01:14:30,0,0,0,0,0,0,1,0,0
2,74,31,From Free Kick,Switzerland,3857256,0 days 01:14:31,0,0,0,0,0,0,1,0,0
2,74,33,From Free Kick,Switzerland,3857256,0 days 01:14:33,0,0,0,0,0,0,1,0,0
2,74,38,From Free Kick,Switzerland,3857256,0 days 01:14:38,0,0,0,0,0,0,1,0,0
2,74,45,From Free Kick,Switzerland,3857256,0 days 01:14:45,0,0,0,0,0,0,1,0,0
2,74,47,From Free Kick,Switzerland,3857256,0 days 01:14:47,0,0,0,0,0,0,1,0,0
2,74,49,From Free Kick,Switzerland,3857256,0 days 01:14:49,0,0,0,0,0,0,1,0,0
2,74,52,From Free Kick,Switzerland,3857256,0 days 01:14:52,0,0,0,0,0,0,1,0,0
2,74,53,Regular Play,Serbia,3857256,0 days 01:14:53,0,0,0,0,0,1,0,0,0
2,74,53,Regular Play,Serbia,3857256,0 days 01:14:53,0,0,0,0,0,0,1,0,0
2,74,55,Regular Play,Serbia,3857256,0 days 01:14:55,0,0,0,0,0,0,1,0,0
2,74,57,Regular Play,Serbia,3857256,0 days 01:14:57,0,0,0,0,0,0,1,0,0
2,75,0,Regular Play,Serbia,3857256,0 days 01:15:00,0,0,0,0,0,0,1,0,0
2,75,25,From Throw In,Switzerland,3857256,0 days 01:15:25,0,0,0,0,0,0,1,0,0
2,75,28,Regular Play,Serbia,3857256,0 days 01:15:28,1,0,0,0,0,0,0,0,0
2,75,29,Regular Play,Serbia,3857256,0 days 01:15:29,0,0,0,0,0,0,1,0,0
2,75,30,Regular Play,Switzerland,3857256,0 days 01:15:30,1,0,0,0,0,0,0,0,0
2,75,32,Regular Play,Serbia,3857256,0 days 01:15:32,1,0,0,0,0,0,0,0,0
2,75,33,Regular Play,Serbia,3857256,0 days 01:15:33,0,0,0,0,0,0,1,0,0
2,75,42,Regular Play,Serbia,3857256,0 days 01:15:42,0,0,0,0,0,0,1,0,0
2,75,44,Regular Play,Serbia,3857256,0 days 01:15:44,0,0,0,0,0,0,1,0,0
2,75,47,Regular Play,Serbia,3857256,0 days 01:15:47,0,0,0,0,0,0,1,0,0
2,75,49,Regular Play,Serbia,3857256,0 days 01:15:49,0,0,0,0,0,0,1,0,0
2,75,50,Regular Play,Serbia,3857256,0 days 01:15:50,0,0,0,0,0,0,1,0,0
2,75,52,Regular Play,Serbia,3857256,0 days 01:15:52,0,0,0,0,0,0,1,0,0
2,75,55,Regular Play,Serbia,3857256,0 days 01:15:55,0,0,0,0,0,0,1,0,0
2,75,57,Regular Play,Serbia,3857256,0 days 01:15:57,0,0,0,0,0,0,1,0,0
2,75,59,Regular Play,Serbia,3857256,0 days 01:15:59,0,0,0,0,0,0,1,0,0
2,76,3,Regular Play,Serbia,3857256,0 days 01:16:03,0,0,0,0,0,0,1,0,0
2,76,5,Regular Play,Serbia,3857256,0 days 01:16:05,0,0,0,0,0,0,1,0,0
2,76,7,Regular Play,Serbia,3857256,0 days 01:16:07,0,0,0,0,0,0,1,0,0
2,76,10,Regular Play,Serbia,3857256,0 days 01:16:10,0,0,0,0,1,0,0,0,0
2,76,54,From Free Kick,Switzerland,3857256,0 days 01:16:54,0,0,0,0,0,0,1,0,0
2,76,57,Regular Play,Serbia,3857256,0 days 01:16:57,0,0,0,0,0,0,1,0,0
2,67,1,From Throw In,Australia,3857257,0 days 01:07:01,0,0,0,0,0,0,1,0,0
2,67,20,From Goal Kick,Denmark,3857257,0 days 01:07:20,0,0,0,0,0,0,1,0,0
2,67,22,From Goal Kick,Denmark,3857257,0 days 01:07:22,0,0,0,0,0,0,1,0,0
2,67,28,From Goal Kick,Denmark,3857257,0 days 01:07:28,0,0,0,0,0,0,1,0,0
2,67,30,From Goal Kick,Denmark,3857257,0 days 01:07:30,0,0,0,0,0,0,1,0,0
2,67,34,From Goal Kick,Denmark,3857257,0 days 01:07:34,0,0,0,0,0,0,1,0,0
2,67,35,From Goal Kick,Denmark,3857257,0 days 01:07:35,0,0,0,0,0,0,1,0,0
2,67,37,From Goal Kick,Denmark,3857257,0 days 01:07:37,0,0,0,0,0,0,1,0,0
2,67,46,From Throw In,Denmark,3857257,0 days 01:07:46,0,0,0,0,0,0,1,0,0
2,67,48,From Throw In,Denmark,3857257,0 days 01:07:48,0,0,0,0,0,0,1,0,0
2,67,53,From Throw In,Denmark,3857257,0 days 01:07:53,0,0,0,0,0,0,1,0,0
2,67,58,From Throw In,Denmark,3857257,0 days 01:07:58,0,0,0,0,0,0,1,0,0
2,68,2,From Throw In,Denmark,3857257,0 days 01:08:02,0,0,0,0,0,0,1,0,0
2,68,2,From Throw In,Denmark,3857257,0 days 01:08:02,0,0,0,0,0,0,1,0,0
2,68,4,From Throw In,Denmark,3857257,0 days 01:08:04,0,0,0,0,0,0,0,1,0
2,68,36,From Corner,Denmark,3857257,0 days 01:08:36,0,0,0,0,0,0,1,0,0
2,68,39,From Corner,Denmark,3857257,0 days 01:08:39,0,0,0,0,0,0,0,1,0
2,69,21,From Goal Kick,Australia,3857257,0 days 01:09:21,0,0,0,0,0,0,1,0,0
2,69,24,From Goal Kick,Australia,3857257,0 days 01:09:24,0,0,0,0,0,0,1,0,0
2,69,28,Regular Play,Denmark,3857257,0 days 01:09:28,0,0,0,0,0,0,1,0,0
2,69,32,Regular Play,Denmark,3857257,0 days 01:09:32,0,0,0,0,0,0,1,0,0
2,69,34,Regular Play,Denmark,3857257,0 days 01:09:34,0,0,0,0,0,0,1,0,0
2,69,36,Regular Play,Denmark,3857257,0 days 01:09:36,0,0,0,0,0,0,1,0,0
2,69,38,Regular Play,Denmark,3857257,0 days 01:09:38,0,0,0,0,0,0,1,0,0
2,69,41,Regular Play,Australia,3857257,0 days 01:09:41,0,0,0,0,0,0,1,0,0
2,69,47,Regular Play,Australia,3857257,0 days 01:09:47,0,0,0,0,0,0,1,0,0
2,69,50,Regular Play,Denmark,3857257,0 days 01:09:50,0,1,0,0,0,0,0,0,0
2,69,52,Regular Play,Denmark,3857257,0 days 01:09:52,1,0,0,0,0,0,0,0,0
2,69,58,Regular Play,Denmark,3857257,0 days 01:09:58,0,0,0,0,0,0,1,0,0
2,70,1,Regular Play,Australia,3857257,0 days 01:10:01,0,1,0,0,0,0,0,0,0
2,70,3,Regular Play,Australia,3857257,0 days 01:10:03,0,0,0,0,0,0,1,0,0
2,70,4,Regular Play,Denmark,3857257,0 days 01:10:04,1,0,0,0,0,0,0,0,0
2,70,6,Regular Play,Denmark,3857257,0 days 01:10:06,0,0,1,0,0,0,0,0,0
2,70,6,Regular Play,Australia,3857257,0 days 01:10:06,0,0,0,0,0,0,0,0,1
2,70,7,Regular Play,Denmark,3857257,0 days 01:10:07,0,0,0,0,0,0,1,0,0
2,70,13,Regular Play,Denmark,3857257,0 days 01:10:13,0,0,0,0,0,0,1,0,0
2,70,19,Regular Play,Denmark,3857257,0 days 01:10:19,0,0,0,0,0,0,1,0,0
2,70,21,Regular Play,Denmark,3857257,0 days 01:10:21,0,0,0,0,0,0,1,0,0
2,71,26,From Free Kick,Australia,3857257,0 days 01:11:26,0,0,0,0,0,0,1,0,0
2,71,30,From Free Kick,Australia,3857257,0 days 01:11:30,0,0,0,0,0,0,1,0,0
2,71,31,Regular Play,Denmark,3857257,0 days 01:11:31,0,0,0,0,0,0,1,0,0
2,71,33,Regular Play,Denmark,3857257,0 days 01:11:33,0,0,0,0,0,0,1,0,0
2,71,35,Regular Play,Denmark,3857257,0 days 01:11:35,0,0,0,0,0,0,1,0,0
2,71,37,Regular Play,Australia,3857257,0 days 01:11:37,0,1,0,0,0,0,0,0,0
2,71,47,From Throw In,Denmark,3857257,0 days 01:11:47,0,0,0,0,0,0,1,0,0
2,71,50,From Throw In,Denmark,3857257,0 days 01:11:50,0,0,0,0,0,0,1,0,0
2,71,55,From Throw In,Denmark,3857257,0 days 01:11:55,0,0,0,0,0,0,1,0,0
2,71,59,From Throw In,Denmark,3857257,0 days 01:11:59,0,0,0,1,0,0,0,0,0
2,72,3,From Throw In,Denmark,3857257,0 days 01:12:03,0,0,0,0,0,0,1,0,0
2,72,6,From Throw In,Denmark,3857257,0 days 01:12:06,0,0,0,0,0,0,1,0,0
2,72,8,From Throw In,Denmark,3857257,0 days 01:12:08,0,0,0,0,0,0,1,0,0
2,72,11,From Throw In,Denmark,3857257,0 days 01:12:11,0,0,0,0,0,0,1,0,0
2,72,13,From Throw In,Denmark,3857257,0 days 01:12:13,0,0,0,0,0,0,1,0,0
2,72,16,From Throw In,Denmark,3857257,0 days 01:12:16,0,0,0,0,0,0,1,0,0
2,72,19,From Throw In,Denmark,3857257,0 days 01:12:19,0,0,0,0,0,0,1,0,0
2,72,21,From Throw In,Denmark,3857257,0 days 01:12:21,0,0,0,0,0,0,1,0,0
2,72,24,From Throw In,Denmark,3857257,0 days 01:12:24,0,0,0,0,0,0,1,0,0
2,72,26,From Throw In,Denmark,3857257,0 days 01:12:26,0,0,0,0,0,0,1,0,0
2,72,28,From Throw In,Denmark,3857257,0 days 01:12:28,0,0,0,0,0,0,1,0,0
2,72,32,From Throw In,Denmark,3857257,0 days 01:12:32,0,0,0,0,0,0,1,0,0
2,72,33,From Throw In,Denmark,3857257,0 days 01:12:33,0,0,0,0,1,0,0,0,0
2,73,33,From Free Kick,Australia,3857257,0 days 01:13:33,0,0,0,0,0,0,1,0,0
2,73,37,Regular Play,Denmark,3857257,0 days 01:13:37,0,0,0,0,0,0,1,0,0
2,73,39,Regular Play,Australia,3857257,0 days 01:13:39,0,0,0,0,0,0,1,0,0
2,73,48,From Free Kick,Denmark,3857257,0 days 01:13:48,0,0,0,0,0,0,1,0,0
2,73,52,From Free Kick,Denmark,3857257,0 days 01:13:52,0,0,0,0,0,0,1,0,0
2,73,57,From Free Kick,Denmark,3857257,0 days 01:13:57,0,0,0,0,0,0,1,0,0
2,74,1,From Free Kick,Australia,3857257,0 days 01:14:01,1,0,0,0,0,0,0,0,0
2,74,3,From Free Kick,Australia,3857257,0 days 01:14:03,0,0,0,0,0,0,1,0,0
2,74,17,From Throw In,Denmark,3857257,0 days 01:14:17,0,0,0,0,0,0,1,0,0
2,74,20,From Throw In,Denmark,3857257,0 days 01:14:20,0,0,0,0,0,0,1,0,0
2,74,25,From Throw In,Denmark,3857257,0 days 01:14:25,0,0,0,0,0,0,1,0,0
2,74,27,Regular Play,Australia,3857257,0 days 01:14:27,0,0,0,0,0,0,1,0,0
2,74,29,Regular Play,Australia,3857257,0 days 01:14:29,0,0,0,0,0,0,1,0,0
2,74,36,Regular Play,Denmark,3857257,0 days 01:14:36,0,0,0,0,1,0,0,0,0
2,75,17,From Free Kick,Australia,3857257,0 days 01:15:17,0,0,0,0,0,0,1,0,0
2,75,19,From Free Kick,Denmark,3857257,0 days 01:15:19,0,1,0,0,0,0,0,0,0
2,75,21,From Free Kick,Australia,3857257,0 days 01:15:21,0,0,0,0,0,0,1,0,0
2,75,22,From Free Kick,Australia,3857257,0 days 01:15:22,0,0,0,0,0,0,1,0,0
2,75,26,From Free Kick,Australia,3857257,0 days 01:15:26,0,0,0,0,0,0,1,0,0
2,75,33,From Free Kick,Australia,3857257,0 days 01:15:33,0,0,0,0,0,0,1,0,0
2,75,35,From Free Kick,Australia,3857257,0 days 01:15:35,0,0,0,0,0,0,1,0,0
2,75,36,From Free Kick,Denmark,3857257,0 days 01:15:36,0,1,0,0,0,0,0,0,0
2,75,38,From Free Kick,Australia,3857257,0 days 01:15:38,0,0,0,0,0,0,1,0,0
2,75,44,From Free Kick,Australia,3857257,0 days 01:15:44,0,0,0,0,0,0,1,0,0
2,75,45,From Free Kick,Australia,3857257,0 days 01:15:45,0,0,0,1,0,0,0,0,0
2,75,47,From Free Kick,Australia,3857257,0 days 01:15:47,0,0,0,0,0,0,1,0,0
2,75,49,From Free Kick,Denmark,3857257,0 days 01:15:49,0,0,0,0,0,1,0,0,0
2,75,51,Regular Play,Denmark,3857257,0 days 01:15:51,1,0,0,0,0,0,0,0,0
2,75,53,Regular Play,Denmark,3857257,0 days 01:15:53,0,0,0,0,0,0,1,0,0
2,75,56,Regular Play,Denmark,3857257,0 days 01:15:56,0,0,0,0,0,0,1,0,0
2,76,0,Regular Play,Denmark,3857257,0 days 01:16:00,0,0,0,0,0,0,1,0,0
2,76,2,Regular Play,Denmark,3857257,0 days 01:16:02,0,0,0,0,0,0,1,0,0
2,76,5,Regular Play,Denmark,3857257,0 days 01:16:05,0,0,0,0,0,0,1,0,0
2,76,9,Regular Play,Denmark,3857257,0 days 01:16:09,0,0,0,0,0,0,1,0,0
2,76,13,Regular Play,Denmark,3857257,0 days 01:16:13,0,0,0,0,0,0,1,0,0
2,76,19,Regular Play,Denmark,3857257,0 days 01:16:19,0,0,0,0,0,0,1,0,0
2,76,22,Regular Play,Denmark,3857257,0 days 01:16:22,0,0,0,0,0,0,1,0,0
2,76,23,Regular Play,Denmark,3857257,0 days 01:16:23,0,0,0,0,0,0,1,0,0
2,76,24,Regular Play,Denmark,3857257,0 days 01:16:24,0,0,0,0,0,0,0,1,0
2,76,24,Regular Play,Denmark,3857257,0 days 01:16:24,1,0,0,0,0,0,0,0,0
2,76,25,Regular Play,Denmark,3857257,0 days 01:16:25,0,0,0,0,0,0,0,1,0
2,76,44,From Keeper,Australia,3857257,0 days 01:16:44,0,0,0,0,0,0,1,0,0
2,76,48,From Keeper,Denmark,3857257,0 days 01:16:48,0,0,0,0,0,0,1,0,0
2,76,49,From Keeper,Australia,3857257,0 days 01:16:49,0,0,0,0,0,0,1,0,0
2,76,52,From Keeper,Australia,3857257,0 days 01:16:52,0,0,0,0,0,0,1,0,0
2,76,55,From Keeper,Denmark,3857257,0 days 01:16:55,0,0,0,0,0,0,1,0,0
2,76,56,From Keeper,Australia,3857257,0 days 01:16:56,1,0,0,0,0,0,0,0,0
2,76,58,From Keeper,Australia,3857257,0 days 01:16:58,0,0,0,1,0,0,0,0,0
2,76,58,From Keeper,Denmark,3857257,0 days 01:16:58,0,0,0,0,0,0,0,0,1
2,67,23,From Goal Kick,Serbia,3857258,0 days 01:07:23,0,0,0,0,0,0,1,0,0
2,67,29,From Goal Kick,Serbia,3857258,0 days 01:07:29,0,0,0,0,0,0,1,0,0
2,67,33,From Goal Kick,Serbia,3857258,0 days 01:07:33,0,0,0,0,0,0,1,0,0
2,67,34,From Goal Kick,Serbia,3857258,0 days 01:07:34,0,0,0,0,0,0,1,0,0
2,67,37,From Goal Kick,Serbia,3857258,0 days 01:07:37,0,0,0,0,0,0,1,0,0
2,67,42,From Goal Kick,Serbia,3857258,0 days 01:07:42,0,0,0,0,0,0,1,0,0
2,67,45,From Goal Kick,Serbia,3857258,0 days 01:07:45,0,0,0,0,0,0,1,0,0
2,67,49,From Goal Kick,Serbia,3857258,0 days 01:07:49,0,0,0,0,0,0,1,0,0
2,67,52,From Goal Kick,Serbia,3857258,0 days 01:07:52,0,0,0,0,0,0,1,0,0
2,67,55,From Goal Kick,Serbia,3857258,0 days 01:07:55,0,0,0,0,0,0,1,0,0
2,67,57,From Goal Kick,Serbia,3857258,0 days 01:07:57,0,0,0,0,0,0,1,0,0
2,67,59,From Goal Kick,Serbia,3857258,0 days 01:07:59,0,0,0,0,0,0,1,0,0
2,68,4,From Goal Kick,Serbia,3857258,0 days 01:08:04,0,0,0,0,0,0,1,0,0
2,68,7,From Goal Kick,Serbia,3857258,0 days 01:08:07,0,0,0,0,0,0,1,0,0
2,68,9,From Goal Kick,Brazil,3857258,0 days 01:08:09,0,1,0,0,0,0,0,0,0
2,68,31,From Corner,Serbia,3857258,0 days 01:08:31,0,0,0,0,0,0,1,0,0
2,68,34,From Corner,Serbia,3857258,0 days 01:08:34,0,0,0,0,0,0,0,1,0
2,69,6,From Goal Kick,Brazil,3857258,0 days 01:09:06,0,0,0,0,0,0,1,0,0
2,69,8,From Goal Kick,Brazil,3857258,0 days 01:09:08,0,0,0,0,0,0,1,0,0
2,69,13,From Goal Kick,Brazil,3857258,0 days 01:09:13,0,0,0,0,0,0,1,0,0
2,69,14,From Goal Kick,Brazil,3857258,0 days 01:09:14,0,0,0,0,0,0,1,0,0
2,69,17,From Goal Kick,Brazil,3857258,0 days 01:09:17,0,0,0,1,0,0,0,0,0
2,69,17,Regular Play,Serbia,3857258,0 days 01:09:17,0,0,0,0,0,0,0,0,1
2,69,19,Regular Play,Serbia,3857258,0 days 01:09:19,1,0,0,0,0,0,0,0,0
2,69,21,Regular Play,Brazil,3857258,0 days 01:09:21,1,0,0,0,0,0,0,0,0
2,69,46,From Corner,Serbia,3857258,0 days 01:09:46,0,0,0,0,0,0,1,0,0
2,69,47,From Corner,Brazil,3857258,0 days 01:09:47,0,1,0,0,0,0,0,0,0
2,69,48,From Corner,Brazil,3857258,0 days 01:09:48,0,1,0,0,0,0,0,0,0
2,69,50,From Corner,Serbia,3857258,0 days 01:09:50,0,0,0,0,0,0,1,0,0
2,69,50,From Corner,Brazil,3857258,0 days 01:09:50,0,1,0,0,0,0,0,0,0
2,69,54,From Corner,Serbia,3857258,0 days 01:09:54,1,0,0,0,0,0,0,0,0
2,69,54,From Corner,Serbia,3857258,0 days 01:09:54,0,0,0,0,0,0,0,1,0
2,70,41,From Goal Kick,Brazil,3857258,0 days 01:10:41,0,0,0,0,0,0,1,0,0
2,70,45,Regular Play,Serbia,3857258,0 days 01:10:45,0,0,0,0,0,0,1,0,0
2,70,51,Regular Play,Serbia,3857258,0 days 01:10:51,0,0,0,0,0,0,1,0,0
2,70,54,Regular Play,Serbia,3857258,0 days 01:10:54,0,0,0,0,0,0,1,0,0
2,70,57,Regular Play,Brazil,3857258,0 days 01:10:57,1,0,0,0,0,0,0,0,0
2,71,4,Regular Play,Brazil,3857258,0 days 01:11:04,0,0,0,0,0,0,1,0,0
2,71,8,Regular Play,Brazil,3857258,0 days 01:11:08,0,0,0,0,0,0,1,0,0
2,71,10,Regular Play,Brazil,3857258,0 days 01:11:10,0,0,0,1,0,0,0,0,0
2,71,10,Regular Play,Serbia,3857258,0 days 01:11:10,0,0,0,0,0,0,0,0,1
2,71,29,From Throw In,Brazil,3857258,0 days 01:11:29,0,0,0,0,0,0,1,0,0
2,71,32,From Throw In,Brazil,3857258,0 days 01:11:32,0,0,0,0,0,0,1,0,0
2,71,33,From Throw In,Brazil,3857258,0 days 01:11:33,0,0,0,0,0,0,1,0,0
2,71,37,From Throw In,Brazil,3857258,0 days 01:11:37,0,0,0,0,0,0,1,0,0
2,71,38,Regular Play,Serbia,3857258,0 days 01:11:38,0,0,0,0,0,0,1,0,0
2,71,40,Regular Play,Serbia,3857258,0 days 01:11:40,0,0,0,0,0,0,1,0,0
2,71,46,Regular Play,Serbia,3857258,0 days 01:11:46,0,0,0,0,0,0,1,0,0
2,71,46,Regular Play,Brazil,3857258,0 days 01:11:46,0,0,0,0,0,1,0,0,0
2,71,49,Regular Play,Brazil,3857258,0 days 01:11:49,1,0,0,0,0,0,0,0,0
2,71,52,Regular Play,Brazil,3857258,0 days 01:11:52,0,0,0,0,0,0,1,0,0
2,71,53,Regular Play,Serbia,3857258,0 days 01:11:53,0,0,0,0,0,0,1,0,0
2,71,54,Regular Play,Serbia,3857258,0 days 01:11:54,0,0,0,0,0,0,1,0,0
2,71,58,Regular Play,Serbia,3857258,0 days 01:11:58,0,0,0,0,0,0,1,0,0
2,72,0,Regular Play,Serbia,3857258,0 days 01:12:00,0,0,0,0,0,0,1,0,0
2,72,33,From Throw In,Brazil,3857258,0 days 01:12:33,0,0,0,0,0,0,1,0,0
2,72,35,From Throw In,Brazil,3857258,0 days 01:12:35,0,0,0,0,0,0,1,0,0
2,72,39,From Throw In,Serbia,3857258,0 days 01:12:39,0,0,0,0,0,0,1,0,0
2,72,41,From Throw In,Brazil,3857258,0 days 01:12:41,1,0,0,0,0,0,0,0,0
2,72,43,From Throw In,Brazil,3857258,0 days 01:12:43,0,0,0,0,0,0,1,0,0
2,72,45,From Throw In,Brazil,3857258,0 days 01:12:45,0,0,0,0,0,0,1,0,0
2,72,49,From Throw In,Brazil,3857258,0 days 01:12:49,0,0,0,0,0,0,1,0,0
2,72,52,From Throw In,Brazil,3857258,0 days 01:12:52,0,0,0,0,0,0,1,0,0
2,72,54,From Throw In,Brazil,3857258,0 days 01:12:54,0,0,0,0,0,0,0,1,0
2,75,16,From Kick Off,Serbia,3857258,0 days 01:15:16,0,0,0,0,0,0,1,0,0
2,75,17,From Kick Off,Serbia,3857258,0 days 01:15:17,0,0,0,0,0,0,1,0,0
2,75,22,From Kick Off,Serbia,3857258,0 days 01:15:22,0,0,0,0,0,0,1,0,0
2,75,25,From Kick Off,Serbia,3857258,0 days 01:15:25,0,0,0,0,0,0,1,0,0
2,75,32,From Kick Off,Serbia,3857258,0 days 01:15:32,0,0,0,0,0,0,1,0,0
2,75,41,From Throw In,Serbia,3857258,0 days 01:15:41,0,0,0,0,0,0,1,0,0
2,75,42,From Throw In,Brazil,3857258,0 days 01:15:42,0,0,0,0,0,1,0,0,0
2,75,43,From Throw In,Serbia,3857258,0 days 01:15:43,0,0,0,0,0,0,1,0,0
2,75,44,From Throw In,Serbia,3857258,0 days 01:15:44,0,0,0,0,0,0,1,0,0
2,75,46,From Throw In,Serbia,3857258,0 days 01:15:46,0,0,0,0,0,0,1,0,0
2,75,48,From Throw In,Serbia,3857258,0 days 01:15:48,0,0,0,0,0,0,1,0,0
2,75,50,From Throw In,Brazil,3857258,0 days 01:15:50,0,0,0,0,0,1,0,0,0
2,75,53,From Throw In,Serbia,3857258,0 days 01:15:53,1,0,0,0,0,0,0,0,0
2,75,53,From Throw In,Serbia,3857258,0 days 01:15:53,0,0,0,1,0,0,0,0,0
2,75,53,From Throw In,Brazil,3857258,0 days 01:15:53,0,0,0,0,0,0,0,0,1
2,75,54,From Throw In,Serbia,3857258,0 days 01:15:54,0,0,0,0,0,0,1,0,0
2,75,58,From Throw In,Serbia,3857258,0 days 01:15:58,0,0,0,0,0,0,1,0,0
2,76,1,From Throw In,Serbia,3857258,0 days 01:16:01,0,0,0,0,0,0,1,0,0
2,76,6,From Throw In,Serbia,3857258,0 days 01:16:06,0,0,0,0,0,0,1,0,0
2,76,8,From Throw In,Serbia,3857258,0 days 01:16:08,0,0,0,0,0,0,1,0,0
2,76,10,Regular Play,Brazil,3857258,0 days 01:16:10,1,0,0,0,0,0,0,0,0
2,76,11,Regular Play,Brazil,3857258,0 days 01:16:11,0,0,0,0,0,0,1,0,0
2,76,13,Regular Play,Brazil,3857258,0 days 01:16:13,0,0,0,0,0,0,1,0,0
2,76,17,Regular Play,Brazil,3857258,0 days 01:16:17,0,0,0,0,0,0,1,0,0
2,76,19,Regular Play,Serbia,3857258,0 days 01:16:19,0,1,0,0,0,0,0,0,0
2,76,23,Regular Play,Serbia,3857258,0 days 01:16:23,1,0,0,0,0,0,0,0,0
2,76,24,Regular Play,Serbia,3857258,0 days 01:16:24,0,0,0,0,0,0,1,0,0
2,76,27,Regular Play,Serbia,3857258,0 days 01:16:27,0,0,0,0,0,0,1,0,0
2,76,29,Regular Play,Serbia,3857258,0 days 01:16:29,0,0,0,0,0,0,1,0,0
2,76,32,Regular Play,Serbia,3857258,0 days 01:16:32,0,0,0,0,0,0,1,0,0
2,76,33,Regular Play,Brazil,3857258,0 days 01:16:33,0,0,0,0,0,0,1,0,0
2,76,35,Regular Play,Brazil,3857258,0 days 01:16:35,0,0,0,0,0,0,1,0,0
2,76,39,Regular Play,Brazil,3857258,0 days 01:16:39,0,0,0,0,0,0,1,0,0
2,76,40,Regular Play,Brazil,3857258,0 days 01:16:40,0,0,0,0,0,0,1,0,0
2,76,46,Regular Play,Brazil,3857258,0 days 01:16:46,0,0,1,0,0,0,0,0,0
2,76,46,Regular Play,Serbia,3857258,0 days 01:16:46,0,0,0,0,0,0,0,0,1
2,76,48,Regular Play,Brazil,3857258,0 days 01:16:48,1,0,0,0,0,0,0,0,0
2,76,48,Regular Play,Brazil,3857258,0 days 01:16:48,0,0,0,0,0,0,0,1,0
2,67,5,From Kick Off,Serbia,3857259,0 days 01:07:05,0,0,0,0,0,0,1,0,0
2,67,11,From Kick Off,Serbia,3857259,0 days 01:07:11,0,0,0,0,0,0,1,0,0
2,67,15,Regular Play,Cameroon,3857259,0 days 01:07:15,0,0,0,0,0,0,1,0,0
2,67,19,Regular Play,Cameroon,3857259,0 days 01:07:19,0,0,0,0,0,0,1,0,0
2,67,19,Regular Play,Cameroon,3857259,0 days 01:07:19,0,0,0,0,0,0,1,0,0
2,67,23,Regular Play,Serbia,3857259,0 days 01:07:23,1,0,0,0,0,0,0,0,0
2,67,26,Regular Play,Serbia,3857259,0 days 01:07:26,0,0,0,0,0,0,1,0,0
2,67,27,Regular Play,Serbia,3857259,0 days 01:07:27,0,0,0,0,0,0,1,0,0
2,67,29,Regular Play,Serbia,3857259,0 days 01:07:29,0,0,0,0,0,0,1,0,0
2,67,30,Regular Play,Serbia,3857259,0 days 01:07:30,0,0,0,0,0,0,1,0,0
2,67,32,Regular Play,Cameroon,3857259,0 days 01:07:32,0,0,0,0,0,1,0,0,0
2,67,34,Regular Play,Cameroon,3857259,0 days 01:07:34,0,0,0,0,0,0,1,0,0
2,67,37,Regular Play,Cameroon,3857259,0 days 01:07:37,0,0,0,0,0,0,1,0,0
2,67,39,Regular Play,Cameroon,3857259,0 days 01:07:39,0,0,0,0,0,0,1,0,0
2,67,43,Regular Play,Cameroon,3857259,0 days 01:07:43,0,0,0,0,0,0,1,0,0
2,67,44,Regular Play,Serbia,3857259,0 days 01:07:44,0,0,0,0,1,0,0,0,0
2,68,5,From Free Kick,Cameroon,3857259,0 days 01:08:05,0,0,0,0,0,0,1,0,0
2,68,8,From Free Kick,Cameroon,3857259,0 days 01:08:08,0,0,0,0,0,0,1,0,0
2,68,15,From Free Kick,Cameroon,3857259,0 days 01:08:15,0,0,0,0,0,0,1,0,0
2,68,18,From Free Kick,Cameroon,3857259,0 days 01:08:18,0,0,0,0,0,0,1,0,0
2,68,21,From Free Kick,Cameroon,3857259,0 days 01:08:21,0,0,0,0,0,0,1,0,0
2,68,25,From Free Kick,Cameroon,3857259,0 days 01:08:25,0,0,0,0,0,0,1,0,0
2,68,27,From Free Kick,Cameroon,3857259,0 days 01:08:27,0,0,0,0,0,0,1,0,0
2,68,29,From Free Kick,Cameroon,3857259,0 days 01:08:29,0,0,0,0,0,0,1,0,0
2,68,41,From Keeper,Serbia,3857259,0 days 01:08:41,0,0,0,0,0,0,1,0,0
2,68,47,From Keeper,Serbia,3857259,0 days 01:08:47,0,0,0,0,0,0,1,0,0
2,68,50,From Keeper,Serbia,3857259,0 days 01:08:50,0,0,0,0,0,0,1,0,0
2,68,52,From Keeper,Serbia,3857259,0 days 01:08:52,0,0,0,0,0,0,1,0,0
2,68,55,From Keeper,Serbia,3857259,0 days 01:08:55,0,0,0,0,0,0,1,0,0
2,68,56,From Keeper,Serbia,3857259,0 days 01:08:56,0,0,0,0,0,0,1,0,0
2,68,58,From Keeper,Serbia,3857259,0 days 01:08:58,0,0,0,0,0,0,1,0,0
2,69,1,From Keeper,Serbia,3857259,0 days 01:09:01,0,0,0,0,0,0,1,0,0
2,69,6,From Keeper,Serbia,3857259,0 days 01:09:06,0,0,0,0,0,0,1,0,0
2,69,13,From Keeper,Serbia,3857259,0 days 01:09:13,0,0,0,0,0,0,1,0,0
2,69,16,From Keeper,Serbia,3857259,0 days 01:09:16,0,0,0,0,0,0,1,0,0
2,69,18,From Keeper,Serbia,3857259,0 days 01:09:18,0,0,0,0,0,0,1,0,0
2,69,23,From Keeper,Serbia,3857259,0 days 01:09:23,0,0,0,0,0,0,1,0,0
2,69,24,From Keeper,Cameroon,3857259,0 days 01:09:24,0,1,0,0,0,0,0,0,0
2,69,56,From Corner,Serbia,3857259,0 days 01:09:56,0,0,0,0,0,0,1,0,0
2,69,58,From Corner,Serbia,3857259,0 days 01:09:58,0,0,0,0,0,0,0,1,0
2,70,2,From Corner,Cameroon,3857259,0 days 01:10:02,1,0,0,0,0,0,0,0,0
2,70,2,From Corner,Cameroon,3857259,0 days 01:10:02,0,0,0,1,0,0,0,0,0
2,70,8,From Corner,Cameroon,3857259,0 days 01:10:08,0,0,0,0,0,0,1,0,0
2,70,10,From Corner,Serbia,3857259,0 days 01:10:10,0,0,0,0,0,0,1,0,0
2,70,11,From Corner,Serbia,3857259,0 days 01:10:11,0,0,0,0,0,0,1,0,0
2,70,13,From Corner,Serbia,3857259,0 days 01:10:13,0,0,0,0,0,0,1,0,0
2,70,16,From Corner,Serbia,3857259,0 days 01:10:16,0,0,0,0,0,0,1,0,0
2,70,21,From Corner,Serbia,3857259,0 days 01:10:21,0,0,0,0,0,0,1,0,0
2,70,25,From Corner,Serbia,3857259,0 days 01:10:25,0,0,0,0,0,0,1,0,0
2,70,28,From Corner,Serbia,3857259,0 days 01:10:28,0,0,0,0,0,0,1,0,0
2,70,30,From Corner,Serbia,3857259,0 days 01:10:30,0,0,0,0,0,0,1,0,0
2,70,32,From Corner,Serbia,3857259,0 days 01:10:32,0,0,0,0,0,0,1,0,0
2,70,35,From Corner,Serbia,3857259,0 days 01:10:35,0,0,0,0,0,0,1,0,0
2,70,40,From Corner,Serbia,3857259,0 days 01:10:40,0,0,0,0,0,0,1,0,0
2,70,45,Regular Play,Cameroon,3857259,0 days 01:10:45,1,0,0,0,0,0,0,0,0
2,70,46,Regular Play,Serbia,3857259,0 days 01:10:46,0,0,0,0,1,0,0,0,0
2,70,51,From Free Kick,Cameroon,3857259,0 days 01:10:51,0,0,0,0,0,0,1,0,0
2,70,52,From Free Kick,Serbia,3857259,0 days 01:10:52,0,0,0,0,0,1,0,0,0
2,70,54,From Free Kick,Cameroon,3857259,0 days 01:10:54,1,0,0,0,0,0,0,0,0
2,70,56,From Free Kick,Cameroon,3857259,0 days 01:10:56,0,0,0,0,0,0,1,0,0
2,70,57,From Free Kick,Cameroon,3857259,0 days 01:10:57,0,0,0,0,0,0,1,0,0
2,71,4,From Free Kick,Cameroon,3857259,0 days 01:11:04,0,0,0,0,0,0,1,0,0
2,71,7,From Free Kick,Cameroon,3857259,0 days 01:11:07,1,0,0,0,0,0,0,0,0
2,71,8,From Free Kick,Cameroon,3857259,0 days 01:11:08,0,0,0,0,0,0,1,0,0
2,71,10,From Free Kick,Serbia,3857259,0 days 01:11:10,0,1,0,0,0,0,0,0,0
2,71,12,Regular Play,Serbia,3857259,0 days 01:11:12,1,0,0,0,0,0,0,0,0
2,71,13,Regular Play,Serbia,3857259,0 days 01:11:13,0,0,0,0,0,0,1,0,0
2,71,15,Regular Play,Serbia,3857259,0 days 01:11:15,0,0,0,0,0,0,1,0,0
2,71,18,Regular Play,Serbia,3857259,0 days 01:11:18,0,0,0,0,0,0,1,0,0
2,71,20,Regular Play,Serbia,3857259,0 days 01:11:20,0,0,0,0,0,0,1,0,0
2,71,22,Regular Play,Serbia,3857259,0 days 01:11:22,0,0,0,0,0,0,1,0,0
2,71,23,Regular Play,Serbia,3857259,0 days 01:11:23,0,0,0,0,0,0,1,0,0
2,71,28,Regular Play,Serbia,3857259,0 days 01:11:28,0,0,0,0,0,0,1,0,0
2,71,54,From Throw In,Cameroon,3857259,0 days 01:11:54,0,0,0,0,0,0,1,0,0
2,71,56,Regular Play,Serbia,3857259,0 days 01:11:56,0,0,0,0,0,0,1,0,0
2,71,58,Regular Play,Serbia,3857259,0 days 01:11:58,0,0,0,0,0,0,1,0,0
2,72,0,Regular Play,Serbia,3857259,0 days 01:12:00,0,0,0,0,0,0,1,0,0
2,72,2,Regular Play,Cameroon,3857259,0 days 01:12:02,0,0,0,0,0,0,1,0,0
2,72,2,Regular Play,Cameroon,3857259,0 days 01:12:02,0,0,0,0,0,0,1,0,0
2,72,4,Regular Play,Cameroon,3857259,0 days 01:12:04,0,0,0,0,0,0,1,0,0
2,72,6,Regular Play,Cameroon,3857259,0 days 01:12:06,0,0,1,0,0,0,0,0,0
2,72,6,Regular Play,Serbia,3857259,0 days 01:12:06,0,0,0,0,0,0,0,0,1
2,72,7,Regular Play,Serbia,3857259,0 days 01:12:07,0,0,0,0,0,0,1,0,0
2,72,13,Regular Play,Serbia,3857259,0 days 01:12:13,0,0,0,0,0,0,1,0,0
2,72,16,Regular Play,Serbia,3857259,0 days 01:12:16,0,0,0,0,0,0,1,0,0
2,72,20,Regular Play,Serbia,3857259,0 days 01:12:20,0,0,0,0,0,0,1,0,0
2,72,26,Regular Play,Serbia,3857259,0 days 01:12:26,0,0,0,0,0,0,1,0,0
2,72,27,Regular Play,Cameroon,3857259,0 days 01:12:27,0,1,0,0,0,0,0,0,0
2,72,28,Regular Play,Cameroon,3857259,0 days 01:12:28,1,0,0,0,0,0,0,0,0
2,72,29,Regular Play,Cameroon,3857259,0 days 01:12:29,0,0,0,0,0,0,1,0,0
2,72,34,Regular Play,Cameroon,3857259,0 days 01:12:34,0,0,0,0,0,0,1,0,0
2,72,35,Regular Play,Cameroon,3857259,0 days 01:12:35,0,0,0,0,1,0,0,0,0
2,73,20,From Free Kick,Serbia,3857259,0 days 01:13:20,0,0,0,0,0,0,1,0,0
2,73,25,From Keeper,Cameroon,3857259,0 days 01:13:25,0,0,0,0,0,0,1,0,0
2,73,30,From Keeper,Cameroon,3857259,0 days 01:13:30,0,0,0,0,0,0,1,0,0
2,73,36,From Keeper,Cameroon,3857259,0 days 01:13:36,0,0,0,0,0,0,1,0,0
2,73,38,From Keeper,Serbia,3857259,0 days 01:13:38,1,0,0,0,0,0,0,0,0
2,73,39,From Keeper,Serbia,3857259,0 days 01:13:39,0,0,0,0,0,0,1,0,0
2,73,41,From Keeper,Cameroon,3857259,0 days 01:13:41,0,0,0,0,0,0,1,0,0
2,73,43,From Keeper,Cameroon,3857259,0 days 01:13:43,0,0,0,0,0,0,1,0,0
2,73,44,From Keeper,Cameroon,3857259,0 days 01:13:44,0,0,0,0,0,0,1,0,0
2,73,48,From Keeper,Cameroon,3857259,0 days 01:13:48,0,0,0,0,0,0,1,0,0
2,73,53,From Keeper,Cameroon,3857259,0 days 01:13:53,0,0,0,0,0,0,1,0,0
2,73,56,From Keeper,Cameroon,3857259,0 days 01:13:56,0,0,0,0,0,0,1,0,0
2,73,59,From Keeper,Cameroon,3857259,0 days 01:13:59,0,0,0,0,0,0,1,0,0
2,74,2,From Keeper,Cameroon,3857259,0 days 01:14:02,0,0,0,0,0,0,1,0,0
2,74,4,From Keeper,Cameroon,3857259,0 days 01:14:04,0,0,0,0,0,0,1,0,0
2,74,8,From Keeper,Cameroon,3857259,0 days 01:14:08,0,0,0,0,0,0,1,0,0
2,74,11,From Keeper,Cameroon,3857259,0 days 01:14:11,0,0,0,0,0,0,1,0,0
2,74,13,From Keeper,Cameroon,3857259,0 days 01:14:13,0,0,0,0,0,0,1,0,0
2,74,14,From Keeper,Serbia,3857259,0 days 01:14:14,0,1,0,0,0,0,0,0,0
2,74,17,From Keeper,Cameroon,3857259,0 days 01:14:17,0,0,0,0,1,0,0,0,0
2,75,5,From Free Kick,Serbia,3857259,0 days 01:15:05,0,0,0,0,0,0,1,0,0
2,75,7,From Free Kick,Serbia,3857259,0 days 01:15:07,0,0,0,0,0,0,1,0,0
2,75,9,From Free Kick,Serbia,3857259,0 days 01:15:09,0,0,0,0,0,0,1,0,0
2,75,12,From Free Kick,Serbia,3857259,0 days 01:15:12,0,0,0,0,0,0,1,0,0
2,75,14,From Free Kick,Serbia,3857259,0 days 01:15:14,0,0,0,0,0,0,1,0,0
2,75,17,From Free Kick,Serbia,3857259,0 days 01:15:17,0,0,0,0,0,0,1,0,0
2,75,18,From Free Kick,Serbia,3857259,0 days 01:15:18,0,0,0,0,0,0,1,0,0
2,75,22,From Free Kick,Cameroon,3857259,0 days 01:15:22,1,0,0,0,0,0,0,0,0
2,75,36,From Free Kick,Cameroon,3857259,0 days 01:15:36,0,0,0,0,0,0,1,0,0
2,75,39,From Free Kick,Cameroon,3857259,0 days 01:15:39,0,0,0,0,0,0,1,0,0
2,75,40,From Free Kick,Serbia,3857259,0 days 01:15:40,0,1,0,0,0,0,0,0,0
2,75,41,From Free Kick,Serbia,3857259,0 days 01:15:41,0,0,0,0,0,0,1,0,0
2,75,42,From Free Kick,Serbia,3857259,0 days 01:15:42,0,0,0,0,0,0,1,0,0
2,75,48,From Free Kick,Serbia,3857259,0 days 01:15:48,0,0,0,0,0,0,1,0,0
2,75,52,From Free Kick,Serbia,3857259,0 days 01:15:52,0,0,0,0,0,0,0,1,0
2,75,55,From Free Kick,Serbia,3857259,0 days 01:15:55,0,0,0,0,0,0,1,0,0
2,75,57,From Free Kick,Serbia,3857259,0 days 01:15:57,0,0,0,0,0,0,1,0,0
2,75,59,From Free Kick,Serbia,3857259,0 days 01:15:59,0,0,0,0,0,0,1,0,0
2,76,0,Regular Play,Cameroon,3857259,0 days 01:16:00,0,0,0,0,0,0,1,0,0
2,76,1,Regular Play,Cameroon,3857259,0 days 01:16:01,0,0,0,0,0,0,1,0,0
2,76,4,Regular Play,Cameroon,3857259,0 days 01:16:04,0,0,0,0,0,0,1,0,0
2,76,6,Regular Play,Serbia,3857259,0 days 01:16:06,0,0,0,0,1,0,0,0,0
2,76,9,Regular Play,Cameroon,3857259,0 days 01:16:09,0,0,0,1,0,0,0,0,0
2,76,13,Regular Play,Cameroon,3857259,0 days 01:16:13,0,0,0,0,0,0,1,0,0
2,76,20,Regular Play,Cameroon,3857259,0 days 01:16:20,0,0,0,0,0,0,1,0,0
2,76,23,Regular Play,Cameroon,3857259,0 days 01:16:23,0,0,0,1,0,0,0,0,0
2,76,23,Regular Play,Serbia,3857259,0 days 01:16:23,0,0,0,0,0,0,0,0,1
2,76,23,Regular Play,Serbia,3857259,0 days 01:16:23,0,0,0,0,0,0,1,0,0
2,76,29,Regular Play,Serbia,3857259,0 days 01:16:29,0,0,0,0,0,0,1,0,0
2,76,30,Regular Play,Serbia,3857259,0 days 01:16:30,0,0,0,0,0,0,1,0,0
2,76,31,Regular Play,Serbia,3857259,0 days 01:16:31,1,0,0,0,0,0,0,0,0
2,76,31,Regular Play,Serbia,3857259,0 days 01:16:31,0,0,0,0,0,0,1,0,0
2,76,33,Regular Play,Serbia,3857259,0 days 01:16:33,0,0,0,0,0,0,1,0,0
2,76,36,Regular Play,Serbia,3857259,0 days 01:16:36,0,0,0,0,0,0,1,0,0
2,76,40,Regular Play,Serbia,3857259,0 days 01:16:40,0,0,0,0,0,0,1,0,0
2,76,44,Regular Play,Serbia,3857259,0 days 01:16:44,0,0,0,0,0,0,1,0,0
2,76,46,Regular Play,Serbia,3857259,0 days 01:16:46,0,0,0,0,0,0,1,0,0
2,76,48,Regular Play,Serbia,3857259,0 days 01:16:48,0,0,0,0,0,0,1,0,0
2,76,51,Regular Play,Serbia,3857259,0 days 01:16:51,0,0,0,0,0,0,1,0,0
2,76,54,Regular Play,Serbia,3857259,0 days 01:16:54,0,0,0,0,0,0,1,0,0
2,76,57,Regular Play,Serbia,3857259,0 days 01:16:57,0,0,0,0,0,0,1,0,0
2,67,7,From Corner,Saudi Arabia,3857260,0 days 01:07:07,0,0,0,0,0,0,1,0,0
2,67,9,From Corner,Mexico,3857260,0 days 01:07:09,0,1,0,0,0,0,0,0,0
2,67,11,From Corner,Saudi Arabia,3857260,0 days 01:07:11,1,0,0,0,0,0,0,0,0
2,67,18,From Corner,Saudi Arabia,3857260,0 days 01:07:18,0,0,0,0,0,0,1,0,0
2,67,30,From Goal Kick,Mexico,3857260,0 days 01:07:30,0,0,0,0,0,0,1,0,0
2,67,34,From Goal Kick,Mexico,3857260,0 days 01:07:34,0,0,0,0,0,0,1,0,0
2,67,38,From Goal Kick,Saudi Arabia,3857260,0 days 01:07:38,0,0,0,0,0,1,0,0,0
2,67,40,From Goal Kick,Mexico,3857260,0 days 01:07:40,1,0,0,0,0,0,0,0,0
2,67,43,From Goal Kick,Saudi Arabia,3857260,0 days 01:07:43,0,0,0,0,0,0,1,0,0
2,67,49,From Throw In,Mexico,3857260,0 days 01:07:49,0,0,0,0,0,0,1,0,0
2,67,54,From Throw In,Mexico,3857260,0 days 01:07:54,0,0,0,0,0,0,1,0,0
2,67,56,Regular Play,Saudi Arabia,3857260,0 days 01:07:56,0,0,0,0,0,1,0,0,0
2,68,2,Regular Play,Saudi Arabia,3857260,0 days 01:08:02,0,0,0,0,0,0,1,0,0
2,68,6,Regular Play,Saudi Arabia,3857260,0 days 01:08:06,0,0,0,0,0,0,1,0,0
2,68,8,Regular Play,Saudi Arabia,3857260,0 days 01:08:08,0,0,0,0,0,0,1,0,0
2,68,11,Regular Play,Saudi Arabia,3857260,0 days 01:08:11,0,0,0,0,0,0,1,0,0
2,68,13,Regular Play,Saudi Arabia,3857260,0 days 01:08:13,0,0,0,0,0,0,1,0,0
2,68,15,Regular Play,Saudi Arabia,3857260,0 days 01:08:15,0,0,0,0,0,0,1,0,0
2,68,17,Regular Play,Mexico,3857260,0 days 01:08:17,1,0,0,0,0,0,0,0,0
2,68,31,Regular Play,Mexico,3857260,0 days 01:08:31,0,0,0,0,0,0,1,0,0
2,68,34,Regular Play,Mexico,3857260,0 days 01:08:34,0,0,0,0,0,0,1,0,0
2,68,36,Regular Play,Mexico,3857260,0 days 01:08:36,0,0,0,0,0,0,1,0,0
2,68,39,Regular Play,Saudi Arabia,3857260,0 days 01:08:39,0,0,0,0,1,0,0,0,0
2,69,23,From Free Kick,Mexico,3857260,0 days 01:09:23,0,0,0,0,0,0,1,0,0
2,69,24,From Free Kick,Mexico,3857260,0 days 01:09:24,0,0,0,0,0,0,1,0,0
2,69,26,From Free Kick,Saudi Arabia,3857260,0 days 01:09:26,0,1,0,0,0,0,0,0,0
2,69,28,From Free Kick,Mexico,3857260,0 days 01:09:28,0,0,0,0,0,0,1,0,0
2,69,29,From Free Kick,Mexico,3857260,0 days 01:09:29,0,0,0,0,0,0,1,0,0
2,69,31,From Free Kick,Mexico,3857260,0 days 01:09:31,0,0,0,0,0,0,0,1,0
2,70,13,From Goal Kick,Saudi Arabia,3857260,0 days 01:10:13,0,0,0,0,0,0,1,0,0
2,70,17,Regular Play,Mexico,3857260,0 days 01:10:17,0,0,0,0,0,0,1,0,0
2,70,20,Regular Play,Mexico,3857260,0 days 01:10:20,0,0,0,0,0,0,1,0,0
2,70,42,From Throw In,Saudi Arabia,3857260,0 days 01:10:42,0,0,0,0,0,0,1,0,0
2,70,44,From Throw In,Saudi Arabia,3857260,0 days 01:10:44,0,0,0,0,0,0,1,0,0
2,70,55,From Throw In,Mexico,3857260,0 days 01:10:55,0,0,0,0,0,0,1,0,0
2,70,58,From Throw In,Mexico,3857260,0 days 01:10:58,0,0,0,0,0,0,1,0,0
2,71,1,From Throw In,Saudi Arabia,3857260,0 days 01:11:01,0,0,0,0,1,0,0,0,0
2,72,3,From Free Kick,Mexico,3857260,0 days 01:12:03,0,0,0,0,0,0,0,1,0
2,72,6,Regular Play,Mexico,3857260,0 days 01:12:06,1,0,0,0,0,0,0,0,0
2,72,7,Regular Play,Mexico,3857260,0 days 01:12:07,0,0,0,0,1,0,0,0,0
2,72,12,From Free Kick,Saudi Arabia,3857260,0 days 01:12:12,0,0,0,0,0,0,1,0,0
2,72,20,From Free Kick,Mexico,3857260,0 days 01:12:20,0,0,0,0,0,0,1,0,0
2,72,34,From Free Kick,Mexico,3857260,0 days 01:12:34,0,0,0,0,0,0,1,0,0
2,72,41,From Free Kick,Saudi Arabia,3857260,0 days 01:12:41,1,0,0,0,0,0,0,0,0
2,72,47,From Free Kick,Saudi Arabia,3857260,0 days 01:12:47,0,0,0,0,0,0,1,0,0
2,72,53,From Counter,Mexico,3857260,0 days 01:12:53,1,0,0,0,0,0,0,0,0
2,72,55,From Counter,Mexico,3857260,0 days 01:12:55,0,0,0,0,0,0,1,0,0
2,72,58,From Counter,Mexico,3857260,0 days 01:12:58,0,0,0,0,0,0,1,0,0
2,73,1,From Counter,Mexico,3857260,0 days 01:13:01,0,0,0,0,0,0,1,0,0
2,73,5,From Counter,Mexico,3857260,0 days 01:13:05,0,0,0,0,1,0,0,0,0
2,73,39,From Free Kick,Saudi Arabia,3857260,0 days 01:13:39,0,0,0,0,0,0,1,0,0
2,73,44,From Free Kick,Saudi Arabia,3857260,0 days 01:13:44,0,0,0,0,0,0,1,0,0
2,73,46,From Free Kick,Saudi Arabia,3857260,0 days 01:13:46,0,0,0,0,0,0,1,0,0
2,73,48,From Free Kick,Saudi Arabia,3857260,0 days 01:13:48,0,0,0,0,0,0,1,0,0
2,73,51,From Free Kick,Saudi Arabia,3857260,0 days 01:13:51,0,0,0,0,0,0,1,0,0
2,73,53,From Free Kick,Saudi Arabia,3857260,0 days 01:13:53,0,0,0,0,0,0,1,0,0
2,74,22,From Free Kick,Mexico,3857260,0 days 01:14:22,0,0,0,0,0,0,1,0,0
2,74,26,From Free Kick,Saudi Arabia,3857260,0 days 01:14:26,0,1,0,0,0,0,0,0,0
2,74,28,From Free Kick,Mexico,3857260,0 days 01:14:28,1,0,0,0,0,0,0,0,0
2,74,31,From Free Kick,Saudi Arabia,3857260,0 days 01:14:31,1,0,0,0,0,0,0,0,0
2,74,31,From Free Kick,Saudi Arabia,3857260,0 days 01:14:31,0,0,0,1,0,0,0,0,0
2,74,31,From Free Kick,Mexico,3857260,0 days 01:14:31,0,0,0,0,0,0,0,0,1
2,74,33,From Free Kick,Mexico,3857260,0 days 01:14:33,0,0,0,0,0,0,1,0,0
2,74,35,From Free Kick,Mexico,3857260,0 days 01:14:35,0,0,0,0,0,0,1,0,0
2,74,59,From Free Kick,Saudi Arabia,3857260,0 days 01:14:59,0,0,0,0,0,0,1,0,0
2,75,3,From Free Kick,Saudi Arabia,3857260,0 days 01:15:03,0,0,0,0,0,0,1,0,0
2,75,6,From Free Kick,Saudi Arabia,3857260,0 days 01:15:06,0,0,0,0,0,0,1,0,0
2,75,9,From Free Kick,Mexico,3857260,0 days 01:15:09,0,1,0,0,0,0,0,0,0
2,75,11,From Free Kick,Saudi Arabia,3857260,0 days 01:15:11,1,0,0,0,0,0,0,0,0
2,75,13,From Free Kick,Saudi Arabia,3857260,0 days 01:15:13,0,0,0,0,0,0,1,0,0
2,75,17,From Free Kick,Mexico,3857260,0 days 01:15:17,0,0,0,0,0,0,1,0,0
2,75,19,From Free Kick,Mexico,3857260,0 days 01:15:19,0,0,0,0,0,0,1,0,0
2,75,28,From Free Kick,Mexico,3857260,0 days 01:15:28,0,0,0,0,0,0,1,0,0
2,75,30,From Free Kick,Mexico,3857260,0 days 01:15:30,0,0,0,0,0,0,1,0,0
2,75,33,From Free Kick,Mexico,3857260,0 days 01:15:33,0,0,0,0,0,0,1,0,0
2,75,34,From Free Kick,Mexico,3857260,0 days 01:15:34,0,0,0,0,0,0,1,0,0
2,75,37,From Free Kick,Mexico,3857260,0 days 01:15:37,0,0,0,0,0,0,1,0,0
2,75,39,From Free Kick,Mexico,3857260,0 days 01:15:39,0,0,0,0,0,0,0,1,0
2,76,55,From Goal Kick,Saudi Arabia,3857260,0 days 01:16:55,0,0,0,0,0,0,1,0,0
2,76,58,From Goal Kick,Saudi Arabia,3857260,0 days 01:16:58,0,0,0,0,0,0,1,0,0
2,67,0,From Throw In,England,3857261,0 days 01:07:00,0,0,0,0,0,0,1,0,0
2,67,3,From Throw In,England,3857261,0 days 01:07:03,0,0,0,0,0,0,1,0,0
2,67,4,From Throw In,England,3857261,0 days 01:07:04,0,0,0,0,0,0,1,0,0
2,67,7,From Throw In,England,3857261,0 days 01:07:07,0,0,0,0,0,0,1,0,0
2,67,11,From Throw In,England,3857261,0 days 01:07:11,0,0,0,0,0,0,1,0,0
2,67,15,From Throw In,England,3857261,0 days 01:07:15,0,0,0,0,0,0,1,0,0
2,67,17,From Throw In,England,3857261,0 days 01:07:17,0,0,0,0,0,0,1,0,0
2,67,20,From Throw In,England,3857261,0 days 01:07:20,0,0,0,0,0,0,1,0,0
2,67,22,From Throw In,England,3857261,0 days 01:07:22,0,0,0,0,0,0,1,0,0
2,67,24,From Throw In,England,3857261,0 days 01:07:24,0,0,0,0,0,0,1,0,0
2,67,28,From Throw In,England,3857261,0 days 01:07:28,0,0,0,0,0,0,1,0,0
2,67,30,From Throw In,England,3857261,0 days 01:07:30,0,0,0,0,0,0,1,0,0
2,67,32,From Throw In,England,3857261,0 days 01:07:32,0,0,0,0,0,0,1,0,0
2,67,39,From Throw In,England,3857261,0 days 01:07:39,0,0,0,1,0,0,0,0,0
2,67,40,From Throw In,England,3857261,0 days 01:07:40,0,0,0,0,0,0,0,1,0
2,68,43,From Kick Off,Wales,3857261,0 days 01:08:43,0,0,0,0,0,0,1,0,0
2,68,45,From Kick Off,Wales,3857261,0 days 01:08:45,0,0,0,0,0,0,1,0,0
2,68,47,From Kick Off,Wales,3857261,0 days 01:08:47,0,0,0,0,0,0,1,0,0
2,68,49,From Kick Off,Wales,3857261,0 days 01:08:49,0,0,0,0,0,0,1,0,0
2,68,52,From Kick Off,Wales,3857261,0 days 01:08:52,0,0,0,0,0,0,1,0,0
2,68,54,From Kick Off,Wales,3857261,0 days 01:08:54,0,0,0,0,0,0,1,0,0
2,68,57,From Kick Off,Wales,3857261,0 days 01:08:57,0,0,0,0,0,0,1,0,0
2,68,59,From Kick Off,Wales,3857261,0 days 01:08:59,0,0,0,0,0,0,1,0,0
2,69,0,From Kick Off,Wales,3857261,0 days 01:09:00,0,0,0,0,0,0,1,0,0
2,69,2,From Kick Off,Wales,3857261,0 days 01:09:02,0,0,0,0,0,0,1,0,0
2,69,7,From Kick Off,Wales,3857261,0 days 01:09:07,0,0,0,0,0,0,1,0,0
2,69,11,From Kick Off,Wales,3857261,0 days 01:09:11,0,0,0,0,0,0,1,0,0
2,69,19,From Kick Off,Wales,3857261,0 days 01:09:19,0,0,0,0,0,0,1,0,0
2,69,23,From Kick Off,Wales,3857261,0 days 01:09:23,0,0,0,0,0,0,1,0,0
2,69,27,From Kick Off,Wales,3857261,0 days 01:09:27,0,0,0,0,0,0,1,0,0
2,69,28,From Kick Off,Wales,3857261,0 days 01:09:28,0,0,0,0,0,0,1,0,0
2,69,32,From Kick Off,Wales,3857261,0 days 01:09:32,0,0,0,0,0,0,1,0,0
2,69,37,From Kick Off,Wales,3857261,0 days 01:09:37,0,0,0,0,0,0,1,0,0
2,69,39,From Kick Off,Wales,3857261,0 days 01:09:39,0,0,0,0,0,0,1,0,0
2,69,43,From Kick Off,Wales,3857261,0 days 01:09:43,0,0,0,0,0,0,1,0,0
2,69,45,From Kick Off,Wales,3857261,0 days 01:09:45,0,0,0,0,0,0,1,0,0
2,69,49,From Kick Off,Wales,3857261,0 days 01:09:49,0,0,0,0,0,0,1,0,0
2,69,53,Regular Play,England,3857261,0 days 01:09:53,0,0,0,0,0,0,1,0,0
2,69,55,Regular Play,England,3857261,0 days 01:09:55,0,0,0,0,0,0,1,0,0
2,69,58,Regular Play,England,3857261,0 days 01:09:58,0,0,0,0,0,0,1,0,0
2,70,0,Regular Play,Wales,3857261,0 days 01:10:00,0,0,0,0,0,0,1,0,0
2,70,5,Regular Play,Wales,3857261,0 days 01:10:05,0,0,0,0,0,0,1,0,0
2,70,8,Regular Play,Wales,3857261,0 days 01:10:08,0,0,0,0,0,0,1,0,0
2,70,14,Regular Play,Wales,3857261,0 days 01:10:14,0,0,0,0,0,0,1,0,0
2,70,15,Regular Play,England,3857261,0 days 01:10:15,0,1,0,0,0,0,0,0,0
2,70,17,Regular Play,England,3857261,0 days 01:10:17,1,0,0,0,0,0,0,0,0
2,70,18,Regular Play,England,3857261,0 days 01:10:18,0,0,0,0,0,0,1,0,0
2,70,22,Regular Play,England,3857261,0 days 01:10:22,0,0,0,0,0,0,1,0,0
2,70,32,From Throw In,Wales,3857261,0 days 01:10:32,0,0,0,0,0,0,1,0,0
2,70,35,From Throw In,Wales,3857261,0 days 01:10:35,0,0,0,0,0,0,1,0,0
2,70,38,From Throw In,Wales,3857261,0 days 01:10:38,0,0,0,0,0,0,1,0,0
2,70,40,From Throw In,Wales,3857261,0 days 01:10:40,0,0,0,0,0,0,1,0,0
2,70,43,From Throw In,Wales,3857261,0 days 01:10:43,0,0,0,0,0,0,1,0,0
2,70,45,From Throw In,Wales,3857261,0 days 01:10:45,0,0,0,0,0,0,1,0,0
2,70,50,From Throw In,Wales,3857261,0 days 01:10:50,0,0,0,0,0,0,1,0,0
2,70,57,From Throw In,Wales,3857261,0 days 01:10:57,0,0,0,0,0,0,1,0,0
2,71,3,From Throw In,Wales,3857261,0 days 01:11:03,0,0,0,0,0,0,1,0,0
2,71,5,From Throw In,Wales,3857261,0 days 01:11:05,0,0,0,0,0,0,1,0,0
2,71,8,From Throw In,Wales,3857261,0 days 01:11:08,0,0,0,0,0,0,1,0,0
2,71,9,Regular Play,England,3857261,0 days 01:11:09,0,0,0,0,0,1,0,0,0
2,71,10,Regular Play,England,3857261,0 days 01:11:10,0,0,0,0,0,0,1,0,0
2,71,12,Regular Play,England,3857261,0 days 01:11:12,0,0,0,0,0,0,1,0,0
2,71,13,Regular Play,Wales,3857261,0 days 01:11:13,0,0,0,0,0,1,0,0,0
2,71,14,Regular Play,England,3857261,0 days 01:11:14,1,0,0,0,0,0,0,0,0
2,71,20,Regular Play,England,3857261,0 days 01:11:20,0,0,0,0,0,0,1,0,0
2,71,21,Regular Play,England,3857261,0 days 01:11:21,0,0,0,0,0,0,0,1,0
2,72,2,From Corner,England,3857261,0 days 01:12:02,0,0,0,0,0,0,1,0,0
2,72,11,From Keeper,Wales,3857261,0 days 01:12:11,0,0,0,0,0,0,1,0,0
2,72,14,From Keeper,Wales,3857261,0 days 01:12:14,0,0,0,0,0,0,1,0,0
2,72,16,From Keeper,Wales,3857261,0 days 01:12:16,0,0,0,0,0,0,1,0,0
2,72,19,From Keeper,England,3857261,0 days 01:12:19,1,0,0,0,0,0,0,0,0
2,72,19,From Keeper,England,3857261,0 days 01:12:19,0,0,0,0,1,0,0,0,0
2,72,20,From Keeper,Wales,3857261,0 days 01:12:20,0,0,0,0,0,0,1,0,0
2,72,23,From Keeper,Wales,3857261,0 days 01:12:23,0,0,0,0,0,0,1,0,0
2,72,29,From Keeper,Wales,3857261,0 days 01:12:29,0,0,0,0,0,0,0,1,0
2,73,18,From Throw In,Wales,3857261,0 days 01:13:18,0,0,0,0,0,0,1,0,0
2,73,20,From Throw In,Wales,3857261,0 days 01:13:20,0,0,0,0,0,0,1,0,0
2,73,23,From Throw In,Wales,3857261,0 days 01:13:23,0,0,0,0,0,0,1,0,0
2,73,25,From Throw In,England,3857261,0 days 01:13:25,0,1,0,0,0,0,0,0,0
2,73,31,From Throw In,Wales,3857261,0 days 01:13:31,0,0,0,0,0,0,1,0,0
2,73,37,From Throw In,Wales,3857261,0 days 01:13:37,0,0,0,0,0,0,1,0,0
2,73,40,From Throw In,Wales,3857261,0 days 01:13:40,0,0,0,0,0,0,1,0,0
2,73,43,From Throw In,Wales,3857261,0 days 01:13:43,0,0,0,0,0,0,1,0,0
2,73,46,From Throw In,Wales,3857261,0 days 01:13:46,0,0,0,0,0,0,1,0,0
2,73,48,From Throw In,Wales,3857261,0 days 01:13:48,0,0,0,0,0,0,1,0,0
2,73,49,From Throw In,Wales,3857261,0 days 01:13:49,0,0,0,0,0,0,1,0,0
2,73,51,From Throw In,Wales,3857261,0 days 01:13:51,0,0,0,0,0,0,1,0,0
2,73,54,From Throw In,Wales,3857261,0 days 01:13:54,0,0,0,0,0,0,1,0,0
2,74,2,From Throw In,Wales,3857261,0 days 01:14:02,0,0,0,0,0,0,1,0,0
2,74,4,From Throw In,Wales,3857261,0 days 01:14:04,0,0,0,0,0,0,1,0,0
2,74,4,From Throw In,Wales,3857261,0 days 01:14:04,0,0,0,1,0,0,0,0,0
2,74,4,Regular Play,England,3857261,0 days 01:14:04,0,0,0,0,0,0,0,0,1
2,74,6,Regular Play,England,3857261,0 days 01:14:06,0,0,0,0,0,0,1,0,0
2,74,8,Regular Play,England,3857261,0 days 01:14:08,0,0,0,0,0,0,1,0,0
2,74,11,Regular Play,England,3857261,0 days 01:14:11,0,0,0,0,0,0,1,0,0
2,74,15,Regular Play,England,3857261,0 days 01:14:15,0,0,0,0,0,0,1,0,0
2,74,19,Regular Play,England,3857261,0 days 01:14:19,0,0,0,0,0,0,1,0,0
2,74,22,Regular Play,England,3857261,0 days 01:14:22,0,0,0,0,0,0,1,0,0
2,74,24,Regular Play,England,3857261,0 days 01:14:24,0,0,0,0,0,0,1,0,0
2,75,25,From Throw In,England,3857261,0 days 01:15:25,0,0,0,0,0,0,1,0,0
2,75,27,Regular Play,Wales,3857261,0 days 01:15:27,0,0,0,0,0,0,1,0,0
2,75,28,Regular Play,Wales,3857261,0 days 01:15:28,0,0,0,0,0,0,1,0,0
2,75,28,Regular Play,Wales,3857261,0 days 01:15:28,0,0,0,0,0,0,1,0,0
2,75,29,Regular Play,England,3857261,0 days 01:15:29,0,0,0,0,0,1,0,0,0
2,75,30,Regular Play,Wales,3857261,0 days 01:15:30,1,0,0,0,0,0,0,0,0
2,75,30,Regular Play,Wales,3857261,0 days 01:15:30,0,0,0,0,0,0,1,0,0
2,75,33,Regular Play,Wales,3857261,0 days 01:15:33,0,0,0,0,0,0,1,0,0
2,75,36,Regular Play,Wales,3857261,0 days 01:15:36,0,0,0,1,0,0,0,0,0
2,75,36,Regular Play,England,3857261,0 days 01:15:36,0,0,0,0,0,0,0,0,1
2,75,37,Regular Play,England,3857261,0 days 01:15:37,0,0,0,0,0,0,1,0,0
2,75,39,Regular Play,Wales,3857261,0 days 01:15:39,0,0,0,0,1,0,0,0,0
2,75,39,Regular Play,England,3857261,0 days 01:15:39,0,0,0,0,0,0,1,0,0
2,75,42,Regular Play,England,3857261,0 days 01:15:42,0,0,0,1,0,0,0,0,0
2,75,43,Regular Play,England,3857261,0 days 01:15:43,0,0,0,0,0,0,1,0,0
2,75,54,Regular Play,England,3857261,0 days 01:15:54,0,0,0,0,0,0,1,0,0
2,75,56,Regular Play,England,3857261,0 days 01:15:56,0,0,1,0,0,0,0,0,0
2,75,56,Regular Play,Wales,3857261,0 days 01:15:56,0,0,0,0,0,0,0,0,1
2,75,58,Regular Play,Wales,3857261,0 days 01:15:58,0,0,0,0,0,0,1,0,0
2,75,59,Regular Play,Wales,3857261,0 days 01:15:59,1,0,0,0,0,0,0,0,0
2,76,0,Regular Play,England,3857261,0 days 01:16:00,0,0,0,0,1,0,0,0,0
2,76,22,From Free Kick,Wales,3857261,0 days 01:16:22,0,0,0,0,0,0,1,0,0
2,76,25,From Free Kick,Wales,3857261,0 days 01:16:25,0,0,0,0,0,0,1,0,0
2,76,31,From Free Kick,Wales,3857261,0 days 01:16:31,0,0,0,0,0,0,1,0,0
2,76,32,From Free Kick,Wales,3857261,0 days 01:16:32,0,0,0,0,0,0,1,0,0
2,76,34,From Counter,England,3857261,0 days 01:16:34,1,0,0,0,0,0,0,0,0
2,76,37,From Counter,England,3857261,0 days 01:16:37,0,0,0,0,0,0,1,0,0
2,76,38,From Counter,England,3857261,0 days 01:16:38,0,0,0,0,0,0,0,1,0
2,76,40,From Counter,England,3857261,0 days 01:16:40,1,0,0,0,0,0,0,0,0
2,76,40,From Counter,England,3857261,0 days 01:16:40,0,0,0,0,0,0,0,1,0
2,76,41,From Counter,England,3857261,0 days 01:16:41,1,0,0,0,0,0,0,0,0
2,76,41,From Counter,England,3857261,0 days 01:16:41,0,0,0,0,0,0,0,1,0
2,67,0,Regular Play,Portugal,3857262,0 days 01:07:00,0,0,0,0,0,0,1,0,0
2,67,2,Regular Play,Portugal,3857262,0 days 01:07:02,0,0,0,0,0,0,1,0,0
2,67,5,Regular Play,Portugal,3857262,0 days 01:07:05,0,0,0,0,0,0,1,0,0
2,67,6,Regular Play,South Korea,3857262,0 days 01:07:06,0,0,0,0,1,0,0,0,0
2,67,41,From Free Kick,Portugal,3857262,0 days 01:07:41,0,0,0,0,0,0,1,0,0
2,68,19,From Free Kick,South Korea,3857262,0 days 01:08:19,0,0,0,0,0,0,1,0,0
2,68,22,Regular Play,Portugal,3857262,0 days 01:08:22,0,0,0,0,0,0,1,0,0
2,68,24,Regular Play,Portugal,3857262,0 days 01:08:24,0,0,0,0,0,0,1,0,0
2,68,27,Regular Play,Portugal,3857262,0 days 01:08:27,0,0,0,0,0,0,1,0,0
2,68,28,Regular Play,Portugal,3857262,0 days 01:08:28,0,0,0,0,0,0,1,0,0
2,68,33,Regular Play,Portugal,3857262,0 days 01:08:33,0,0,0,0,1,0,0,0,0
2,69,9,From Free Kick,South Korea,3857262,0 days 01:09:09,0,0,0,0,0,0,1,0,0
2,69,11,From Free Kick,South Korea,3857262,0 days 01:09:11,0,0,0,0,0,0,1,0,0
2,69,14,From Free Kick,South Korea,3857262,0 days 01:09:14,0,0,0,0,0,0,1,0,0
2,69,17,From Free Kick,South Korea,3857262,0 days 01:09:17,0,0,0,0,0,0,1,0,0
2,69,19,From Free Kick,South Korea,3857262,0 days 01:09:19,0,0,0,0,0,0,1,0,0
2,69,20,From Free Kick,South Korea,3857262,0 days 01:09:20,0,0,0,0,0,0,1,0,0
2,69,21,From Free Kick,South Korea,3857262,0 days 01:09:21,0,0,0,0,0,0,1,0,0
2,69,26,From Free Kick,South Korea,3857262,0 days 01:09:26,0,0,0,0,0,0,1,0,0
2,69,32,From Free Kick,South Korea,3857262,0 days 01:09:32,0,0,0,0,0,0,1,0,0
2,69,40,From Free Kick,South Korea,3857262,0 days 01:09:40,0,0,0,1,0,0,0,0,0
2,69,41,From Free Kick,Portugal,3857262,0 days 01:09:41,0,1,0,0,0,0,0,0,0
2,69,43,From Free Kick,South Korea,3857262,0 days 01:09:43,1,0,0,0,0,0,0,0,0
2,69,45,From Free Kick,South Korea,3857262,0 days 01:09:45,0,0,0,0,0,0,1,0,0
2,69,48,From Free Kick,South Korea,3857262,0 days 01:09:48,0,0,0,0,0,0,1,0,0
2,69,50,From Free Kick,South Korea,3857262,0 days 01:09:50,0,0,0,0,0,0,0,1,0
2,71,7,From Corner,South Korea,3857262,0 days 01:11:07,0,0,0,0,0,0,1,0,0
2,71,9,From Corner,Portugal,3857262,0 days 01:11:09,0,1,0,0,0,0,0,0,0
2,71,10,From Corner,South Korea,3857262,0 days 01:11:10,1,0,0,0,0,0,0,0,0
2,71,12,From Counter,Portugal,3857262,0 days 01:11:12,1,0,0,0,0,0,0,0,0
2,71,13,From Counter,Portugal,3857262,0 days 01:11:13,0,0,0,1,0,0,0,0,0
2,71,13,From Counter,South Korea,3857262,0 days 01:11:13,0,0,0,0,0,0,0,0,1
2,71,14,From Counter,Portugal,3857262,0 days 01:11:14,0,0,0,0,0,0,1,0,0
2,71,18,From Counter,Portugal,3857262,0 days 01:11:18,0,0,0,0,0,0,1,0,0
2,71,22,From Counter,Portugal,3857262,0 days 01:11:22,0,0,0,0,0,0,0,1,0
2,72,0,From Goal Kick,South Korea,3857262,0 days 01:12:00,0,0,0,0,0,0,1,0,0
2,72,3,From Goal Kick,South Korea,3857262,0 days 01:12:03,0,0,0,0,0,0,1,0,0
2,72,5,From Goal Kick,Portugal,3857262,0 days 01:12:05,0,0,0,0,0,0,1,0,0
2,72,7,From Goal Kick,South Korea,3857262,0 days 01:12:07,1,0,0,0,0,0,0,0,0
2,72,7,From Goal Kick,Portugal,3857262,0 days 01:12:07,0,0,0,0,1,0,0,0,0
2,73,25,From Free Kick,South Korea,3857262,0 days 01:13:25,0,0,0,0,0,0,0,1,0
2,73,54,From Goal Kick,Portugal,3857262,0 days 01:13:54,0,0,0,0,0,0,1,0,0
2,73,58,Regular Play,South Korea,3857262,0 days 01:13:58,0,0,0,0,0,0,1,0,0
2,74,1,Regular Play,South Korea,3857262,0 days 01:14:01,0,0,0,0,0,0,1,0,0
2,74,3,Regular Play,South Korea,3857262,0 days 01:14:03,0,0,0,1,0,0,0,0,0
2,74,3,Regular Play,Portugal,3857262,0 days 01:14:03,0,0,0,0,0,0,0,0,1
2,74,16,From Throw In,South Korea,3857262,0 days 01:14:16,0,0,0,0,0,0,1,0,0
2,74,18,From Throw In,South Korea,3857262,0 days 01:14:18,0,0,0,0,1,0,0,0,0
2,74,40,From Free Kick,Portugal,3857262,0 days 01:14:40,0,0,0,0,0,0,1,0,0
2,74,41,From Free Kick,Portugal,3857262,0 days 01:14:41,0,0,0,0,0,0,1,0,0
2,74,44,From Free Kick,Portugal,3857262,0 days 01:14:44,0,0,0,0,0,0,1,0,0
2,74,49,From Free Kick,South Korea,3857262,0 days 01:14:49,0,1,0,0,0,0,0,0,0
2,74,51,From Free Kick,Portugal,3857262,0 days 01:14:51,1,0,0,0,0,0,0,0,0
2,74,53,From Free Kick,Portugal,3857262,0 days 01:14:53,0,0,1,0,0,0,0,0,0
2,74,53,From Free Kick,South Korea,3857262,0 days 01:14:53,0,0,0,0,0,0,0,0,1
2,74,54,From Free Kick,South Korea,3857262,0 days 01:14:54,1,0,0,0,0,0,0,0,0
2,74,56,From Free Kick,South Korea,3857262,0 days 01:14:56,0,0,1,0,0,0,0,0,0
2,74,56,From Free Kick,Portugal,3857262,0 days 01:14:56,0,0,0,0,0,0,0,0,1
2,74,57,From Free Kick,Portugal,3857262,0 days 01:14:57,1,0,0,0,0,0,0,0,0
2,75,0,From Free Kick,Portugal,3857262,0 days 01:15:00,0,0,0,0,0,0,1,0,0
2,75,1,From Free Kick,Portugal,3857262,0 days 01:15:01,0,0,0,0,0,0,1,0,0
2,75,5,From Free Kick,Portugal,3857262,0 days 01:15:05,0,0,0,0,0,0,1,0,0
2,75,7,From Free Kick,Portugal,3857262,0 days 01:15:07,0,0,0,0,0,0,1,0,0
2,75,9,From Free Kick,Portugal,3857262,0 days 01:15:09,0,0,0,0,0,0,1,0,0
2,75,13,From Free Kick,Portugal,3857262,0 days 01:15:13,0,0,0,0,0,0,1,0,0
2,75,15,From Free Kick,Portugal,3857262,0 days 01:15:15,0,0,0,0,0,0,1,0,0
2,75,33,From Goal Kick,South Korea,3857262,0 days 01:15:33,0,0,0,0,0,0,1,0,0
2,75,34,From Goal Kick,South Korea,3857262,0 days 01:15:34,0,0,0,0,0,0,1,0,0
2,75,38,From Goal Kick,South Korea,3857262,0 days 01:15:38,0,0,0,0,0,0,1,0,0
2,75,40,From Goal Kick,South Korea,3857262,0 days 01:15:40,0,0,0,0,0,0,1,0,0
2,75,43,From Goal Kick,South Korea,3857262,0 days 01:15:43,0,0,0,0,0,0,1,0,0
2,75,47,Regular Play,Portugal,3857262,0 days 01:15:47,1,0,0,0,0,0,0,0,0
2,75,48,Regular Play,Portugal,3857262,0 days 01:15:48,0,0,0,0,0,0,1,0,0
2,75,51,Regular Play,Portugal,3857262,0 days 01:15:51,0,0,0,0,0,0,1,0,0
2,75,53,Regular Play,Portugal,3857262,0 days 01:15:53,0,0,0,0,0,0,1,0,0
2,75,56,Regular Play,Portugal,3857262,0 days 01:15:56,0,0,0,0,0,0,1,0,0
2,76,1,Regular Play,Portugal,3857262,0 days 01:16:01,0,0,0,1,0,0,0,0,0
2,76,2,Regular Play,Portugal,3857262,0 days 01:16:02,0,0,0,0,0,0,1,0,0
2,76,6,Regular Play,Portugal,3857262,0 days 01:16:06,0,0,0,0,0,0,1,0,0
2,76,9,Regular Play,Portugal,3857262,0 days 01:16:09,0,0,0,0,0,0,1,0,0
2,76,14,Regular Play,Portugal,3857262,0 days 01:16:14,0,0,0,0,0,0,1,0,0
2,76,18,Regular Play,Portugal,3857262,0 days 01:16:18,0,0,0,0,0,0,1,0,0
2,76,19,Regular Play,South Korea,3857262,0 days 01:16:19,0,1,0,0,0,0,0,0,0
2,76,20,From Counter,South Korea,3857262,0 days 01:16:20,1,0,0,0,0,0,0,0,0
2,76,21,From Counter,South Korea,3857262,0 days 01:16:21,0,0,0,0,0,0,1,0,0
2,76,24,From Counter,Portugal,3857262,0 days 01:16:24,0,0,0,0,1,0,0,0,0
2,76,53,From Free Kick,South Korea,3857262,0 days 01:16:53,0,0,0,0,0,0,1,0,0
2,76,57,From Free Kick,South Korea,3857262,0 days 01:16:57,0,0,0,0,0,0,1,0,0
2,76,59,From Free Kick,South Korea,3857262,0 days 01:16:59,0,0,0,0,0,0,1,0,0
2,67,1,Regular Play,Germany,3857263,0 days 01:07:01,0,0,0,0,0,0,1,0,0
2,67,4,Regular Play,Germany,3857263,0 days 01:07:04,0,0,0,0,0,0,1,0,0
2,67,8,Regular Play,Germany,3857263,0 days 01:07:08,0,0,0,0,0,0,1,0,0
2,67,11,Regular Play,Germany,3857263,0 days 01:07:11,0,0,0,0,0,0,1,0,0
2,67,15,Regular Play,Germany,3857263,0 days 01:07:15,0,0,0,0,0,0,1,0,0
2,67,17,Regular Play,Germany,3857263,0 days 01:07:17,0,0,0,0,0,0,1,0,0
2,67,20,Regular Play,Germany,3857263,0 days 01:07:20,0,0,0,0,0,0,1,0,0
2,67,22,Regular Play,Germany,3857263,0 days 01:07:22,0,0,0,0,0,0,1,0,0
2,67,26,Regular Play,Germany,3857263,0 days 01:07:26,0,0,0,0,0,0,1,0,0
2,67,30,Regular Play,Germany,3857263,0 days 01:07:30,0,0,0,0,0,0,1,0,0
2,67,31,Regular Play,Germany,3857263,0 days 01:07:31,0,0,0,0,0,0,1,0,0
2,67,32,Regular Play,Spain,3857263,0 days 01:07:32,0,0,0,0,0,1,0,0,0
2,67,34,Regular Play,Spain,3857263,0 days 01:07:34,0,0,0,0,0,0,1,0,0
2,67,37,Regular Play,Spain,3857263,0 days 01:07:37,0,0,0,0,0,0,1,0,0
2,67,47,Regular Play,Spain,3857263,0 days 01:07:47,0,0,0,0,0,0,1,0,0
2,67,50,Regular Play,Spain,3857263,0 days 01:07:50,0,0,0,0,0,0,1,0,0
2,67,54,Regular Play,Germany,3857263,0 days 01:07:54,0,0,0,0,0,0,1,0,0
2,67,55,Regular Play,Germany,3857263,0 days 01:07:55,0,0,0,0,0,0,1,0,0
2,67,58,Regular Play,Germany,3857263,0 days 01:07:58,0,0,0,1,0,0,0,0,0
2,67,58,Regular Play,Spain,3857263,0 days 01:07:58,0,0,0,0,0,0,0,0,1
2,67,59,Regular Play,Spain,3857263,0 days 01:07:59,1,0,0,0,0,0,0,0,0
2,68,0,Regular Play,Spain,3857263,0 days 01:08:00,0,0,1,0,0,0,0,0,0
2,68,0,Regular Play,Germany,3857263,0 days 01:08:00,0,0,0,0,0,0,0,0,1
2,68,20,From Goal Kick,Spain,3857263,0 days 01:08:20,0,0,0,0,0,0,1,0,0
2,68,22,From Goal Kick,Spain,3857263,0 days 01:08:22,0,0,0,0,0,0,1,0,0
2,68,26,From Goal Kick,Spain,3857263,0 days 01:08:26,0,0,0,0,0,0,1,0,0
2,68,28,From Goal Kick,Spain,3857263,0 days 01:08:28,0,0,0,0,0,0,1,0,0
2,68,30,From Goal Kick,Spain,3857263,0 days 01:08:30,0,0,0,0,0,0,1,0,0
2,68,31,From Goal Kick,Germany,3857263,0 days 01:08:31,0,0,0,0,1,0,0,0,0
2,68,34,From Goal Kick,Spain,3857263,0 days 01:08:34,0,0,0,0,0,0,1,0,0
2,68,41,From Goal Kick,Spain,3857263,0 days 01:08:41,0,0,0,0,0,0,1,0,0
2,68,42,Regular Play,Germany,3857263,0 days 01:08:42,1,0,0,0,0,0,0,0,0
2,68,44,Regular Play,Germany,3857263,0 days 01:08:44,0,0,0,1,0,0,0,0,0
2,68,47,Regular Play,Germany,3857263,0 days 01:08:47,0,0,0,0,0,0,1,0,0
2,69,33,From Throw In,Germany,3857263,0 days 01:09:33,0,0,0,0,0,0,1,0,0
2,69,34,From Throw In,Spain,3857263,0 days 01:09:34,0,0,0,0,0,1,0,0,0
2,69,37,From Throw In,Spain,3857263,0 days 01:09:37,0,1,0,0,0,0,0,0,0
2,69,47,From Throw In,Germany,3857263,0 days 01:09:47,0,0,0,0,0,0,1,0,0
2,69,51,From Throw In,Germany,3857263,0 days 01:09:51,0,0,1,0,0,0,0,0,0
2,69,51,From Throw In,Spain,3857263,0 days 01:09:51,0,0,0,0,0,0,0,0,1
2,69,51,From Throw In,Spain,3857263,0 days 01:09:51,1,0,0,0,0,0,0,0,0
2,69,52,From Throw In,Spain,3857263,0 days 01:09:52,0,0,0,0,0,0,1,0,0
2,69,59,From Throw In,Germany,3857263,0 days 01:09:59,1,0,0,0,0,0,0,0,0
2,70,5,From Throw In,Germany,3857263,0 days 01:10:05,0,0,0,0,0,0,1,0,0
2,70,7,From Throw In,Germany,3857263,0 days 01:10:07,0,0,0,0,0,0,1,0,0
2,70,10,From Throw In,Germany,3857263,0 days 01:10:10,0,0,0,0,0,0,1,0,0
2,70,12,From Throw In,Germany,3857263,0 days 01:10:12,0,0,0,0,0,0,1,0,0
2,70,17,From Throw In,Germany,3857263,0 days 01:10:17,0,0,0,0,0,0,1,0,0
2,70,20,From Throw In,Germany,3857263,0 days 01:10:20,0,0,0,0,0,0,1,0,0
2,70,24,From Throw In,Germany,3857263,0 days 01:10:24,0,0,0,0,0,0,1,0,0
2,70,27,From Throw In,Germany,3857263,0 days 01:10:27,0,0,0,0,0,0,1,0,0
2,70,31,From Throw In,Germany,3857263,0 days 01:10:31,0,0,0,0,0,0,1,0,0
2,70,36,From Throw In,Germany,3857263,0 days 01:10:36,0,0,0,0,0,0,1,0,0
2,70,37,From Throw In,Spain,3857263,0 days 01:10:37,1,0,0,0,0,0,0,0,0
2,70,40,From Throw In,Spain,3857263,0 days 01:10:40,0,0,0,0,0,0,1,0,0
2,70,41,From Throw In,Germany,3857263,0 days 01:10:41,0,0,0,0,0,0,1,0,0
2,70,44,From Throw In,Germany,3857263,0 days 01:10:44,0,0,0,0,0,0,1,0,0
2,70,46,From Throw In,Germany,3857263,0 days 01:10:46,0,0,0,0,0,0,1,0,0
2,70,47,From Throw In,Spain,3857263,0 days 01:10:47,0,0,0,0,0,1,0,0,0
2,70,49,From Throw In,Germany,3857263,0 days 01:10:49,1,0,0,0,0,0,0,0,0
2,70,49,From Throw In,Germany,3857263,0 days 01:10:49,0,0,0,0,0,0,1,0,0
2,70,52,From Throw In,Germany,3857263,0 days 01:10:52,0,0,0,0,0,0,1,0,0
2,70,53,From Counter,Spain,3857263,0 days 01:10:53,1,0,0,0,0,0,0,0,0
2,70,54,From Counter,Spain,3857263,0 days 01:10:54,0,0,0,0,0,0,1,0,0
2,70,56,From Counter,Spain,3857263,0 days 01:10:56,0,0,0,0,0,0,1,0,0
2,71,7,From Counter,Spain,3857263,0 days 01:11:07,0,0,0,0,0,0,1,0,0
2,71,8,From Counter,Spain,3857263,0 days 01:11:08,0,0,0,0,0,0,1,0,0
2,71,9,Regular Play,Germany,3857263,0 days 01:11:09,1,0,0,0,0,0,0,0,0
2,71,10,Regular Play,Germany,3857263,0 days 01:11:10,0,0,0,0,0,0,1,0,0
2,71,12,Regular Play,Germany,3857263,0 days 01:11:12,0,0,0,0,0,0,1,0,0
2,71,17,Regular Play,Germany,3857263,0 days 01:11:17,0,0,0,0,0,0,1,0,0
2,71,19,Regular Play,Germany,3857263,0 days 01:11:19,0,0,0,0,0,0,1,0,0
2,71,21,Regular Play,Germany,3857263,0 days 01:11:21,0,0,0,0,0,0,1,0,0
2,71,23,Regular Play,Germany,3857263,0 days 01:11:23,0,0,0,0,0,0,1,0,0
2,71,26,Regular Play,Germany,3857263,0 days 01:11:26,0,0,0,0,0,0,1,0,0
2,71,31,Regular Play,Germany,3857263,0 days 01:11:31,0,0,0,0,0,0,1,0,0
2,71,32,Regular Play,Germany,3857263,0 days 01:11:32,0,0,0,0,0,0,1,0,0
2,71,36,Regular Play,Germany,3857263,0 days 01:11:36,0,0,0,0,0,0,1,0,0
2,71,37,Regular Play,Germany,3857263,0 days 01:11:37,0,0,0,0,0,0,1,0,0
2,71,41,Regular Play,Germany,3857263,0 days 01:11:41,0,0,0,0,0,0,1,0,0
2,71,49,Regular Play,Germany,3857263,0 days 01:11:49,0,0,0,0,0,0,1,0,0
2,71,52,Regular Play,Germany,3857263,0 days 01:11:52,0,0,0,1,0,0,0,0,0
2,71,56,Regular Play,Germany,3857263,0 days 01:11:56,0,0,0,1,0,0,0,0,0
2,71,59,Regular Play,Germany,3857263,0 days 01:11:59,0,0,0,0,0,0,1,0,0
2,72,0,Regular Play,Germany,3857263,0 days 01:12:00,0,0,0,0,0,0,0,1,0
2,72,23,From Goal Kick,Spain,3857263,0 days 01:12:23,0,0,0,0,0,0,1,0,0
2,72,26,From Goal Kick,Spain,3857263,0 days 01:12:26,0,0,0,0,0,0,1,0,0
2,72,28,From Goal Kick,Spain,3857263,0 days 01:12:28,0,0,0,0,0,0,1,0,0
2,72,34,From Throw In,Germany,3857263,0 days 01:12:34,0,0,0,0,0,0,1,0,0
2,72,37,From Throw In,Germany,3857263,0 days 01:12:37,0,0,0,1,0,0,0,0,0
2,72,40,From Throw In,Germany,3857263,0 days 01:12:40,0,0,0,0,0,0,1,0,0
2,72,43,From Throw In,Germany,3857263,0 days 01:12:43,0,0,0,0,0,0,0,1,0
2,72,45,From Throw In,Germany,3857263,0 days 01:12:45,0,0,0,0,0,0,1,0,0
2,72,46,From Throw In,Spain,3857263,0 days 01:12:46,0,1,0,0,0,0,0,0,0
2,72,48,From Throw In,Germany,3857263,0 days 01:12:48,0,0,0,0,0,0,1,0,0
2,72,50,From Throw In,Germany,3857263,0 days 01:12:50,0,0,0,0,0,0,0,1,0
2,73,15,From Corner,Germany,3857263,0 days 01:13:15,0,0,0,0,0,0,1,0,0
2,73,17,From Corner,Germany,3857263,0 days 01:13:17,0,0,0,0,0,0,0,1,0
2,73,39,From Goal Kick,Spain,3857263,0 days 01:13:39,0,0,0,0,0,0,1,0,0
2,73,41,From Goal Kick,Spain,3857263,0 days 01:13:41,0,0,0,0,0,0,1,0,0
2,73,43,From Goal Kick,Spain,3857263,0 days 01:13:43,0,0,0,0,0,0,1,0,0
2,73,48,From Goal Kick,Spain,3857263,0 days 01:13:48,0,0,0,0,0,0,1,0,0
2,73,53,From Goal Kick,Spain,3857263,0 days 01:13:53,0,0,0,0,0,0,1,0,0
2,73,55,From Goal Kick,Spain,3857263,0 days 01:13:55,0,0,0,0,0,0,1,0,0
2,73,57,From Goal Kick,Spain,3857263,0 days 01:13:57,0,0,0,0,0,0,1,0,0
2,73,59,From Goal Kick,Spain,3857263,0 days 01:13:59,0,0,0,0,0,0,1,0,0
2,74,1,From Goal Kick,Spain,3857263,0 days 01:14:01,0,0,0,0,0,0,1,0,0
2,74,7,From Goal Kick,Spain,3857263,0 days 01:14:07,0,0,0,0,0,0,1,0,0
2,74,14,From Goal Kick,Spain,3857263,0 days 01:14:14,0,0,0,0,0,0,1,0,0
2,74,15,From Goal Kick,Spain,3857263,0 days 01:14:15,0,0,0,0,0,0,1,0,0
2,74,18,From Goal Kick,Spain,3857263,0 days 01:14:18,0,0,0,0,0,0,1,0,0
2,74,20,From Goal Kick,Spain,3857263,0 days 01:14:20,0,0,0,0,0,0,1,0,0
2,74,22,From Goal Kick,Spain,3857263,0 days 01:14:22,0,0,0,0,0,0,1,0,0
2,74,25,From Goal Kick,Spain,3857263,0 days 01:14:25,0,0,0,0,0,0,1,0,0
2,74,27,From Goal Kick,Spain,3857263,0 days 01:14:27,0,0,0,0,0,0,1,0,0
2,74,30,From Goal Kick,Spain,3857263,0 days 01:14:30,0,0,0,0,0,0,1,0,0
2,74,33,From Goal Kick,Spain,3857263,0 days 01:14:33,0,0,0,0,0,0,1,0,0
2,74,36,From Goal Kick,Spain,3857263,0 days 01:14:36,0,0,0,0,0,0,1,0,0
2,74,38,From Goal Kick,Spain,3857263,0 days 01:14:38,0,0,0,0,0,0,1,0,0
2,74,40,From Goal Kick,Spain,3857263,0 days 01:14:40,0,0,0,0,0,0,1,0,0
2,74,57,From Free Kick,Germany,3857263,0 days 01:14:57,0,0,0,0,0,0,1,0,0
2,75,3,Regular Play,Spain,3857263,0 days 01:15:03,0,0,0,0,0,0,1,0,0
2,75,6,Regular Play,Spain,3857263,0 days 01:15:06,0,0,0,0,0,0,1,0,0
2,75,9,Regular Play,Spain,3857263,0 days 01:15:09,0,0,0,0,0,0,1,0,0
2,75,11,Regular Play,Spain,3857263,0 days 01:15:11,0,0,0,0,0,0,1,0,0
2,75,13,Regular Play,Spain,3857263,0 days 01:15:13,0,0,0,0,0,0,1,0,0
2,75,17,Regular Play,Spain,3857263,0 days 01:15:17,0,0,0,0,0,0,1,0,0
2,75,19,Regular Play,Spain,3857263,0 days 01:15:19,0,0,0,0,0,0,1,0,0
2,75,21,Regular Play,Germany,3857263,0 days 01:15:21,0,0,0,0,0,1,0,0,0
2,75,21,Regular Play,Germany,3857263,0 days 01:15:21,0,0,1,0,0,0,0,0,0
2,75,21,Regular Play,Spain,3857263,0 days 01:15:21,0,0,0,0,0,0,0,0,1
2,75,22,Regular Play,Spain,3857263,0 days 01:15:22,1,0,0,0,0,0,0,0,0
2,75,24,Regular Play,Spain,3857263,0 days 01:15:24,0,0,0,0,0,0,1,0,0
2,75,26,Regular Play,Spain,3857263,0 days 01:15:26,0,0,0,0,0,0,1,0,0
2,75,30,Regular Play,Spain,3857263,0 days 01:15:30,0,0,0,0,0,0,1,0,0
2,75,36,Regular Play,Spain,3857263,0 days 01:15:36,0,0,0,0,0,0,1,0,0
2,75,38,Regular Play,Spain,3857263,0 days 01:15:38,0,0,0,0,0,0,1,0,0
2,75,40,Regular Play,Spain,3857263,0 days 01:15:40,0,0,0,0,0,0,1,0,0
2,75,43,Regular Play,Spain,3857263,0 days 01:15:43,0,0,0,0,0,0,1,0,0
2,75,45,Regular Play,Spain,3857263,0 days 01:15:45,0,0,0,0,0,0,1,0,0
2,75,47,Regular Play,Spain,3857263,0 days 01:15:47,0,0,0,0,0,0,1,0,0
2,75,52,Regular Play,Spain,3857263,0 days 01:15:52,0,0,0,0,0,0,1,0,0
2,75,53,Regular Play,Spain,3857263,0 days 01:15:53,0,0,0,0,0,0,1,0,0
2,75,55,Regular Play,Spain,3857263,0 days 01:15:55,0,0,0,0,0,0,1,0,0
2,75,57,Regular Play,Spain,3857263,0 days 01:15:57,0,0,0,0,0,0,1,0,0
2,75,58,Regular Play,Spain,3857263,0 days 01:15:58,0,0,0,0,0,0,1,0,0
2,76,1,Regular Play,Spain,3857263,0 days 01:16:01,0,0,0,0,0,0,1,0,0
2,76,4,Regular Play,Spain,3857263,0 days 01:16:04,0,0,0,0,0,0,1,0,0
2,76,6,Regular Play,Spain,3857263,0 days 01:16:06,0,0,0,0,0,0,1,0,0
2,76,8,Regular Play,Spain,3857263,0 days 01:16:08,0,0,0,0,0,0,1,0,0
2,76,12,Regular Play,Spain,3857263,0 days 01:16:12,0,0,0,0,0,0,1,0,0
2,76,13,Regular Play,Spain,3857263,0 days 01:16:13,0,0,0,0,0,0,1,0,0
2,76,14,Regular Play,Spain,3857263,0 days 01:16:14,0,0,0,0,0,0,1,0,0
2,76,15,Regular Play,Germany,3857263,0 days 01:16:15,0,0,0,0,0,0,1,0,0
2,76,18,Regular Play,Germany,3857263,0 days 01:16:18,0,0,0,0,0,0,1,0,0
2,76,23,Regular Play,Germany,3857263,0 days 01:16:23,0,0,0,0,0,0,1,0,0
2,76,27,Regular Play,Germany,3857263,0 days 01:16:27,0,0,0,0,0,0,1,0,0
2,76,29,Regular Play,Germany,3857263,0 days 01:16:29,0,0,0,0,0,0,1,0,0
2,76,38,Regular Play,Germany,3857263,0 days 01:16:38,0,0,0,0,0,0,1,0,0
2,76,40,Regular Play,Spain,3857263,0 days 01:16:40,0,0,0,0,0,0,1,0,0
2,76,41,Regular Play,Spain,3857263,0 days 01:16:41,0,0,0,0,0,0,1,0,0
2,76,43,Regular Play,Spain,3857263,0 days 01:16:43,0,0,0,0,0,0,1,0,0
2,76,45,Regular Play,Spain,3857263,0 days 01:16:45,0,0,0,0,0,0,1,0,0
2,76,47,Regular Play,Germany,3857263,0 days 01:16:47,0,0,0,0,0,0,1,0,0
2,76,48,Regular Play,Germany,3857263,0 days 01:16:48,0,0,0,0,0,0,1,0,0
2,76,54,Regular Play,Germany,3857263,0 days 01:16:54,0,0,1,0,0,0,0,0,0
2,76,54,Regular Play,Spain,3857263,0 days 01:16:54,0,0,0,0,0,0,0,0,1
2,76,56,Regular Play,Spain,3857263,0 days 01:16:56,0,0,0,0,0,0,1,0,0
2,76,59,Regular Play,Germany,3857263,0 days 01:16:59,1,0,0,0,0,0,0,0,0
2,68,8,From Kick Off,Poland,3857264,0 days 01:08:08,0,0,0,0,0,0,1,0,0
2,68,16,From Kick Off,Poland,3857264,0 days 01:08:16,0,0,0,0,0,0,1,0,0
2,68,21,From Kick Off,Poland,3857264,0 days 01:08:21,0,0,0,0,0,0,1,0,0
2,68,24,From Kick Off,Poland,3857264,0 days 01:08:24,0,0,0,0,0,0,1,0,0
2,68,27,From Kick Off,Poland,3857264,0 days 01:08:27,0,0,0,0,0,0,1,0,0
2,68,30,From Kick Off,Argentina,3857264,0 days 01:08:30,0,1,0,0,0,0,0,0,0
2,68,32,From Kick Off,Argentina,3857264,0 days 01:08:32,0,0,0,0,0,0,1,0,0
2,68,34,From Kick Off,Poland,3857264,0 days 01:08:34,0,0,0,0,0,0,1,0,0
2,68,34,Regular Play,Argentina,3857264,0 days 01:08:34,0,0,0,0,0,1,0,0,0
2,68,36,Regular Play,Argentina,3857264,0 days 01:08:36,0,0,0,0,0,0,1,0,0
2,68,38,Regular Play,Argentina,3857264,0 days 01:08:38,0,0,0,0,0,0,1,0,0
2,68,39,Regular Play,Argentina,3857264,0 days 01:08:39,0,0,0,0,0,0,1,0,0
2,68,41,Regular Play,Argentina,3857264,0 days 01:08:41,0,0,0,0,0,0,1,0,0
2,68,43,Regular Play,Argentina,3857264,0 days 01:08:43,0,0,0,0,0,0,1,0,0
2,68,46,Regular Play,Argentina,3857264,0 days 01:08:46,0,0,0,0,0,0,1,0,0
2,68,48,Regular Play,Argentina,3857264,0 days 01:08:48,0,0,0,0,0,0,1,0,0
2,68,50,Regular Play,Argentina,3857264,0 days 01:08:50,0,0,0,0,0,0,1,0,0
2,68,51,Regular Play,Argentina,3857264,0 days 01:08:51,0,0,0,0,0,0,1,0,0
2,68,53,Regular Play,Argentina,3857264,0 days 01:08:53,0,0,0,0,0,0,1,0,0
2,68,54,Regular Play,Argentina,3857264,0 days 01:08:54,0,0,0,0,0,0,1,0,0
2,68,57,Regular Play,Argentina,3857264,0 days 01:08:57,0,0,0,0,0,0,1,0,0
2,68,58,Regular Play,Argentina,3857264,0 days 01:08:58,0,0,0,0,0,0,1,0,0
2,69,1,Regular Play,Argentina,3857264,0 days 01:09:01,0,0,0,0,0,0,1,0,0
2,69,9,Regular Play,Argentina,3857264,0 days 01:09:09,0,0,0,0,0,0,1,0,0
2,69,13,Regular Play,Argentina,3857264,0 days 01:09:13,0,0,0,0,0,0,1,0,0
2,69,15,Regular Play,Argentina,3857264,0 days 01:09:15,0,0,0,0,0,0,1,0,0
2,69,16,Regular Play,Argentina,3857264,0 days 01:09:16,0,0,0,0,0,0,1,0,0
2,69,18,Regular Play,Argentina,3857264,0 days 01:09:18,0,0,0,0,0,0,1,0,0
2,69,20,Regular Play,Argentina,3857264,0 days 01:09:20,0,0,0,0,0,0,1,0,0
2,69,22,Regular Play,Argentina,3857264,0 days 01:09:22,0,0,0,0,0,0,1,0,0
2,69,28,Regular Play,Argentina,3857264,0 days 01:09:28,0,0,0,0,0,0,1,0,0
2,69,31,Regular Play,Argentina,3857264,0 days 01:09:31,0,0,0,0,0,0,1,0,0
2,69,32,Regular Play,Argentina,3857264,0 days 01:09:32,0,0,0,0,0,0,1,0,0
2,69,33,Regular Play,Argentina,3857264,0 days 01:09:33,0,0,0,0,0,0,1,0,0
2,69,35,Regular Play,Argentina,3857264,0 days 01:09:35,0,0,0,0,0,0,1,0,0
2,69,36,Regular Play,Argentina,3857264,0 days 01:09:36,0,0,0,0,0,0,1,0,0
2,69,40,Regular Play,Argentina,3857264,0 days 01:09:40,0,0,0,0,0,0,1,0,0
2,69,42,Regular Play,Argentina,3857264,0 days 01:09:42,0,0,0,0,0,0,1,0,0
2,69,43,Regular Play,Argentina,3857264,0 days 01:09:43,0,0,0,0,0,0,1,0,0
2,69,45,Regular Play,Argentina,3857264,0 days 01:09:45,0,0,0,0,0,0,1,0,0
2,69,48,Regular Play,Argentina,3857264,0 days 01:09:48,0,0,0,0,0,0,1,0,0
2,69,49,Regular Play,Argentina,3857264,0 days 01:09:49,0,0,0,0,0,0,1,0,0
2,69,51,Regular Play,Argentina,3857264,0 days 01:09:51,0,0,0,0,0,0,1,0,0
2,69,52,Regular Play,Argentina,3857264,0 days 01:09:52,0,0,0,0,0,0,1,0,0
2,69,53,Regular Play,Argentina,3857264,0 days 01:09:53,0,0,0,0,0,0,1,0,0
2,69,55,Regular Play,Argentina,3857264,0 days 01:09:55,0,0,0,0,0,0,1,0,0
2,70,0,Regular Play,Argentina,3857264,0 days 01:10:00,0,0,0,0,0,0,1,0,0
2,70,1,Regular Play,Argentina,3857264,0 days 01:10:01,0,0,0,0,0,0,1,0,0
2,70,5,Regular Play,Argentina,3857264,0 days 01:10:05,0,0,0,0,0,0,1,0,0
2,70,9,Regular Play,Argentina,3857264,0 days 01:10:09,0,0,0,0,0,0,1,0,0
2,70,9,Regular Play,Argentina,3857264,0 days 01:10:09,0,0,0,0,0,0,1,0,0
2,70,12,Regular Play,Argentina,3857264,0 days 01:10:12,0,0,0,0,0,0,1,0,0
2,70,13,Regular Play,Argentina,3857264,0 days 01:10:13,0,0,0,0,0,0,1,0,0
2,70,17,Regular Play,Argentina,3857264,0 days 01:10:17,0,0,0,0,0,0,1,0,0
2,70,19,Regular Play,Argentina,3857264,0 days 01:10:19,0,0,0,0,0,0,1,0,0
2,70,21,Regular Play,Argentina,3857264,0 days 01:10:21,0,0,0,0,0,0,1,0,0
2,70,23,Regular Play,Argentina,3857264,0 days 01:10:23,0,0,0,0,0,0,1,0,0
2,70,23,Regular Play,Argentina,3857264,0 days 01:10:23,0,0,0,0,0,0,1,0,0
2,70,27,Regular Play,Argentina,3857264,0 days 01:10:27,0,0,0,0,0,0,1,0,0
2,70,35,Regular Play,Argentina,3857264,0 days 01:10:35,0,0,0,0,0,0,1,0,0
2,70,36,Regular Play,Argentina,3857264,0 days 01:10:36,0,0,0,0,0,0,0,1,0
2,70,38,Regular Play,Poland,3857264,0 days 01:10:38,0,0,0,0,0,0,1,0,0
2,70,39,Regular Play,Poland,3857264,0 days 01:10:39,0,0,0,0,0,0,1,0,0
2,70,43,Regular Play,Argentina,3857264,0 days 01:10:43,0,0,0,0,0,0,1,0,0
2,70,45,Regular Play,Poland,3857264,0 days 01:10:45,0,0,0,0,0,1,0,0,0
2,70,47,Regular Play,Argentina,3857264,0 days 01:10:47,0,0,0,0,1,0,0,0,0
2,71,11,From Free Kick,Poland,3857264,0 days 01:11:11,0,0,0,0,0,0,1,0,0
2,71,16,From Free Kick,Poland,3857264,0 days 01:11:16,0,0,0,0,0,0,1,0,0
2,71,18,From Free Kick,Poland,3857264,0 days 01:11:18,0,0,0,0,0,0,1,0,0
2,71,20,From Free Kick,Poland,3857264,0 days 01:11:20,0,0,0,0,0,0,1,0,0
2,71,22,From Free Kick,Poland,3857264,0 days 01:11:22,0,0,0,0,0,0,1,0,0
2,71,25,From Free Kick,Poland,3857264,0 days 01:11:25,0,0,0,0,0,0,1,0,0
2,71,31,From Free Kick,Poland,3857264,0 days 01:11:31,0,0,0,0,0,0,1,0,0
2,71,33,From Free Kick,Poland,3857264,0 days 01:11:33,0,0,0,0,0,0,1,0,0
2,71,33,From Free Kick,Poland,3857264,0 days 01:11:33,0,0,0,0,0,0,1,0,0
2,71,34,Regular Play,Argentina,3857264,0 days 01:11:34,0,0,0,0,0,0,1,0,0
2,71,36,Regular Play,Argentina,3857264,0 days 01:11:36,0,0,0,0,0,0,1,0,0
2,71,38,Regular Play,Poland,3857264,0 days 01:11:38,0,1,0,0,0,0,0,0,0
2,72,12,From Throw In,Argentina,3857264,0 days 01:12:12,0,0,0,0,0,0,1,0,0
2,72,14,From Throw In,Argentina,3857264,0 days 01:12:14,0,0,0,0,0,0,1,0,0
2,72,17,From Throw In,Argentina,3857264,0 days 01:12:17,0,0,0,0,0,0,1,0,0
2,72,20,From Throw In,Argentina,3857264,0 days 01:12:20,0,0,0,0,0,0,1,0,0
2,72,24,From Throw In,Argentina,3857264,0 days 01:12:24,0,0,0,0,0,0,1,0,0
2,72,26,From Throw In,Argentina,3857264,0 days 01:12:26,0,0,0,0,0,0,1,0,0
2,72,27,From Throw In,Argentina,3857264,0 days 01:12:27,0,0,0,0,0,0,1,0,0
2,72,29,From Throw In,Argentina,3857264,0 days 01:12:29,0,0,0,0,0,0,1,0,0
2,72,31,From Throw In,Argentina,3857264,0 days 01:12:31,0,0,0,0,0,0,1,0,0
2,72,35,From Throw In,Argentina,3857264,0 days 01:12:35,0,0,0,0,0,0,1,0,0
2,72,37,From Throw In,Argentina,3857264,0 days 01:12:37,0,0,0,0,0,0,1,0,0
2,72,40,From Throw In,Argentina,3857264,0 days 01:12:40,0,0,0,0,0,0,1,0,0
2,72,44,From Throw In,Argentina,3857264,0 days 01:12:44,0,0,0,0,0,0,0,1,0
2,73,14,From Goal Kick,Poland,3857264,0 days 01:13:14,0,0,0,0,0,0,1,0,0
2,73,20,From Goal Kick,Poland,3857264,0 days 01:13:20,0,0,0,0,0,0,1,0,0
2,73,24,From Goal Kick,Poland,3857264,0 days 01:13:24,0,0,0,0,0,0,1,0,0
2,73,26,From Goal Kick,Poland,3857264,0 days 01:13:26,0,0,0,0,0,0,1,0,0
2,73,28,From Goal Kick,Poland,3857264,0 days 01:13:28,0,0,0,0,0,0,1,0,0
2,73,31,From Goal Kick,Poland,3857264,0 days 01:13:31,0,0,0,0,0,0,1,0,0
2,73,34,From Goal Kick,Poland,3857264,0 days 01:13:34,0,0,0,0,0,0,1,0,0
2,73,39,From Goal Kick,Poland,3857264,0 days 01:13:39,0,0,0,0,0,0,1,0,0
2,73,44,From Goal Kick,Poland,3857264,0 days 01:13:44,0,0,0,0,0,0,1,0,0
2,73,46,From Goal Kick,Poland,3857264,0 days 01:13:46,0,0,0,0,0,0,1,0,0
2,73,49,From Goal Kick,Poland,3857264,0 days 01:13:49,0,0,0,0,0,0,1,0,0
2,73,52,From Goal Kick,Poland,3857264,0 days 01:13:52,0,0,0,0,0,0,1,0,0
2,73,55,From Goal Kick,Poland,3857264,0 days 01:13:55,0,0,0,0,0,0,1,0,0
2,73,58,Regular Play,Argentina,3857264,0 days 01:13:58,0,0,0,0,0,0,1,0,0
2,74,0,Regular Play,Argentina,3857264,0 days 01:14:00,0,0,0,0,0,0,1,0,0
2,74,17,Regular Play,Argentina,3857264,0 days 01:14:17,0,0,0,0,0,0,1,0,0
2,74,20,Regular Play,Argentina,3857264,0 days 01:14:20,0,0,0,0,0,0,1,0,0
2,74,26,Regular Play,Argentina,3857264,0 days 01:14:26,0,0,0,0,0,0,1,0,0
2,74,33,Regular Play,Argentina,3857264,0 days 01:14:33,0,0,0,0,0,0,1,0,0
2,74,34,Regular Play,Argentina,3857264,0 days 01:14:34,0,0,0,0,0,0,1,0,0
2,74,35,Regular Play,Argentina,3857264,0 days 01:14:35,0,0,0,0,0,0,1,0,0
2,74,39,Regular Play,Argentina,3857264,0 days 01:14:39,0,0,0,0,0,0,1,0,0
2,74,41,Regular Play,Argentina,3857264,0 days 01:14:41,0,0,0,0,0,0,1,0,0
2,74,43,Regular Play,Argentina,3857264,0 days 01:14:43,0,0,0,0,0,0,1,0,0
2,74,46,Regular Play,Argentina,3857264,0 days 01:14:46,0,0,0,0,0,0,1,0,0
2,74,50,Regular Play,Argentina,3857264,0 days 01:14:50,0,0,0,0,0,0,1,0,0
2,74,52,Regular Play,Argentina,3857264,0 days 01:14:52,0,0,0,0,0,0,1,0,0
2,74,55,Regular Play,Argentina,3857264,0 days 01:14:55,0,0,0,0,0,0,1,0,0
2,74,58,Regular Play,Argentina,3857264,0 days 01:14:58,0,0,0,0,0,0,1,0,0
2,75,1,Regular Play,Argentina,3857264,0 days 01:15:01,0,0,0,0,0,0,1,0,0
2,75,3,Regular Play,Argentina,3857264,0 days 01:15:03,0,0,0,0,0,0,1,0,0
2,75,5,Regular Play,Argentina,3857264,0 days 01:15:05,0,0,0,0,0,0,1,0,0
2,75,5,Regular Play,Argentina,3857264,0 days 01:15:05,0,0,0,0,0,0,1,0,0
2,75,9,Regular Play,Argentina,3857264,0 days 01:15:09,0,0,0,0,0,0,1,0,0
2,75,15,Regular Play,Argentina,3857264,0 days 01:15:15,0,0,0,0,0,0,1,0,0
2,75,19,Regular Play,Argentina,3857264,0 days 01:15:19,0,0,0,0,0,0,1,0,0
2,75,22,Regular Play,Argentina,3857264,0 days 01:15:22,0,0,0,0,0,0,1,0,0
2,75,29,Regular Play,Argentina,3857264,0 days 01:15:29,0,0,0,0,0,0,1,0,0
2,75,32,Regular Play,Argentina,3857264,0 days 01:15:32,0,0,0,0,0,0,1,0,0
2,75,35,Regular Play,Argentina,3857264,0 days 01:15:35,0,0,0,0,0,0,1,0,0
2,75,37,Regular Play,Argentina,3857264,0 days 01:15:37,0,0,0,0,0,0,1,0,0
2,75,39,Regular Play,Argentina,3857264,0 days 01:15:39,0,0,0,0,0,0,1,0,0
2,75,40,Regular Play,Argentina,3857264,0 days 01:15:40,0,0,0,0,0,0,1,0,0
2,75,42,Regular Play,Argentina,3857264,0 days 01:15:42,0,0,0,0,0,0,1,0,0
2,75,51,Regular Play,Argentina,3857264,0 days 01:15:51,0,0,0,0,0,0,1,0,0
2,75,56,Regular Play,Argentina,3857264,0 days 01:15:56,0,0,0,0,0,0,1,0,0
2,75,59,Regular Play,Argentina,3857264,0 days 01:15:59,0,0,0,0,0,0,1,0,0
2,76,3,Regular Play,Argentina,3857264,0 days 01:16:03,0,0,0,0,0,0,1,0,0
2,76,6,Regular Play,Argentina,3857264,0 days 01:16:06,0,0,0,0,0,0,1,0,0
2,76,11,Regular Play,Argentina,3857264,0 days 01:16:11,0,0,0,0,0,0,1,0,0
2,76,13,Regular Play,Argentina,3857264,0 days 01:16:13,0,0,0,0,0,0,1,0,0
2,76,15,Regular Play,Argentina,3857264,0 days 01:16:15,0,0,0,0,0,0,1,0,0
2,76,16,Regular Play,Poland,3857264,0 days 01:16:16,0,0,0,0,0,0,1,0,0
2,76,21,Regular Play,Poland,3857264,0 days 01:16:21,0,0,0,0,0,0,1,0,0
2,76,27,Regular Play,Poland,3857264,0 days 01:16:27,0,0,1,0,0,0,0,0,0
2,76,27,Regular Play,Argentina,3857264,0 days 01:16:27,0,0,0,0,0,0,0,0,1
2,76,28,Regular Play,Poland,3857264,0 days 01:16:28,0,0,0,0,0,0,1,0,0
2,76,29,Regular Play,Argentina,3857264,0 days 01:16:29,0,0,0,0,0,1,0,0,0
2,76,30,Regular Play,Argentina,3857264,0 days 01:16:30,1,0,0,0,0,0,0,0,0
2,76,32,Regular Play,Argentina,3857264,0 days 01:16:32,0,0,0,0,0,0,1,0,0
2,76,34,Regular Play,Argentina,3857264,0 days 01:16:34,0,0,0,0,0,0,1,0,0
2,76,41,Regular Play,Argentina,3857264,0 days 01:16:41,0,0,0,0,0,0,1,0,0
2,76,42,Regular Play,Argentina,3857264,0 days 01:16:42,0,0,0,0,0,0,1,0,0
2,76,42,Regular Play,Argentina,3857264,0 days 01:16:42,0,0,0,0,0,0,1,0,0
2,76,46,Regular Play,Argentina,3857264,0 days 01:16:46,0,0,0,0,0,0,1,0,0
2,76,48,Regular Play,Argentina,3857264,0 days 01:16:48,0,0,0,0,0,0,1,0,0
2,76,51,Regular Play,Argentina,3857264,0 days 01:16:51,0,0,0,0,0,0,1,0,0
2,76,52,Regular Play,Argentina,3857264,0 days 01:16:52,0,0,0,0,0,0,1,0,0
2,76,55,Regular Play,Argentina,3857264,0 days 01:16:55,0,0,0,0,0,0,1,0,0
2,76,59,Regular Play,Argentina,3857264,0 days 01:16:59,0,0,0,0,0,0,1,0,0
2,67,0,Regular Play,Mexico,3857265,0 days 01:07:00,0,0,0,0,0,0,1,0,0
2,67,6,Regular Play,Poland,3857265,0 days 01:07:06,0,0,0,0,1,0,0,0,0
2,67,59,From Free Kick,Mexico,3857265,0 days 01:07:59,0,0,0,0,0,0,1,0,0
2,68,0,From Free Kick,Poland,3857265,0 days 01:08:00,0,1,0,0,0,0,0,0,0
2,68,36,From Goal Kick,Poland,3857265,0 days 01:08:36,0,0,0,0,0,0,1,0,0
2,68,40,From Goal Kick,Mexico,3857265,0 days 01:08:40,0,1,0,0,0,0,0,0,0
2,69,7,From Throw In,Poland,3857265,0 days 01:09:07,0,0,0,0,0,0,1,0,0
2,69,8,From Throw In,Poland,3857265,0 days 01:09:08,0,0,0,0,0,0,1,0,0
2,69,42,From Goal Kick,Mexico,3857265,0 days 01:09:42,0,0,0,0,0,0,1,0,0
2,69,45,From Goal Kick,Mexico,3857265,0 days 01:09:45,0,0,0,0,0,0,1,0,0
2,69,47,From Goal Kick,Poland,3857265,0 days 01:09:47,0,0,0,0,1,0,0,0,0
2,69,51,From Free Kick,Mexico,3857265,0 days 01:09:51,0,0,0,0,0,0,1,0,0
2,69,55,From Free Kick,Mexico,3857265,0 days 01:09:55,0,0,0,0,0,0,1,0,0
2,69,58,From Free Kick,Mexico,3857265,0 days 01:09:58,0,0,0,0,0,0,1,0,0
2,71,20,From Goal Kick,Poland,3857265,0 days 01:11:20,0,0,0,0,0,0,1,0,0
2,71,23,From Goal Kick,Mexico,3857265,0 days 01:11:23,0,0,0,0,1,0,0,0,0
2,72,2,From Free Kick,Poland,3857265,0 days 01:12:02,0,0,0,0,0,0,1,0,0
2,72,4,From Free Kick,Poland,3857265,0 days 01:12:04,0,0,0,0,0,0,1,0,0
2,72,14,From Goal Kick,Mexico,3857265,0 days 01:12:14,0,0,0,0,0,0,1,0,0
2,72,17,From Goal Kick,Mexico,3857265,0 days 01:12:17,0,0,0,0,0,0,1,0,0
2,72,19,From Goal Kick,Mexico,3857265,0 days 01:12:19,0,0,0,0,0,0,1,0,0
2,72,22,From Goal Kick,Mexico,3857265,0 days 01:12:22,0,0,0,0,0,0,1,0,0
2,72,23,From Goal Kick,Poland,3857265,0 days 01:12:23,0,0,0,0,0,0,1,0,0
2,72,29,From Throw In,Mexico,3857265,0 days 01:12:29,0,0,0,0,0,0,1,0,0
2,72,32,From Throw In,Mexico,3857265,0 days 01:12:32,0,0,0,0,0,0,1,0,0
2,72,37,From Throw In,Mexico,3857265,0 days 01:12:37,0,0,0,0,0,0,1,0,0
2,72,40,From Throw In,Mexico,3857265,0 days 01:12:40,0,0,0,0,0,0,1,0,0
2,72,43,From Throw In,Mexico,3857265,0 days 01:12:43,0,0,0,0,0,0,1,0,0
2,72,47,From Throw In,Mexico,3857265,0 days 01:12:47,0,0,0,0,0,0,1,0,0
2,72,52,From Throw In,Mexico,3857265,0 days 01:12:52,0,0,0,0,0,0,1,0,0
2,72,55,From Throw In,Mexico,3857265,0 days 01:12:55,0,0,1,0,0,0,0,0,0
2,72,55,From Throw In,Poland,3857265,0 days 01:12:55,0,0,0,0,0,0,0,0,1
2,72,56,From Throw In,Poland,3857265,0 days 01:12:56,0,0,0,0,1,0,0,0,0
2,73,2,From Free Kick,Mexico,3857265,0 days 01:13:02,0,0,0,0,0,0,1,0,0
2,73,7,From Free Kick,Mexico,3857265,0 days 01:13:07,0,0,0,0,0,0,1,0,0
2,73,11,From Free Kick,Mexico,3857265,0 days 01:13:11,0,0,0,0,0,0,1,0,0
2,73,13,From Free Kick,Mexico,3857265,0 days 01:13:13,0,0,0,0,0,0,1,0,0
2,73,14,From Free Kick,Mexico,3857265,0 days 01:13:14,0,0,0,0,0,0,1,0,0
2,73,18,From Free Kick,Mexico,3857265,0 days 01:13:18,0,0,0,0,0,0,1,0,0
2,73,22,From Free Kick,Mexico,3857265,0 days 01:13:22,0,0,0,0,0,0,1,0,0
2,73,23,Regular Play,Poland,3857265,0 days 01:13:23,0,0,0,0,0,1,0,0,0
2,73,25,Regular Play,Poland,3857265,0 days 01:13:25,0,0,0,0,0,0,1,0,0
2,73,26,Regular Play,Poland,3857265,0 days 01:13:26,0,0,0,0,0,0,1,0,0
2,73,29,Regular Play,Poland,3857265,0 days 01:13:29,0,0,1,0,0,0,0,0,0
2,73,29,Regular Play,Mexico,3857265,0 days 01:13:29,0,0,0,0,0,0,0,0,1
2,73,30,Regular Play,Poland,3857265,0 days 01:13:30,0,0,0,0,0,0,1,0,0
2,73,33,Regular Play,Poland,3857265,0 days 01:13:33,0,0,0,0,0,0,1,0,0
2,73,36,Regular Play,Poland,3857265,0 days 01:13:36,0,0,0,0,0,0,1,0,0
2,73,37,Regular Play,Mexico,3857265,0 days 01:13:37,0,1,0,0,0,0,0,0,0
2,74,13,From Corner,Poland,3857265,0 days 01:14:13,0,0,0,0,0,0,1,0,0
2,74,14,From Corner,Mexico,3857265,0 days 01:14:14,0,1,0,0,0,0,0,0,0
2,74,17,From Corner,Poland,3857265,0 days 01:14:17,1,0,0,0,0,0,0,0,0
2,74,19,From Corner,Poland,3857265,0 days 01:14:19,0,0,0,0,0,0,1,0,0
2,74,30,From Throw In,Poland,3857265,0 days 01:14:30,0,0,0,0,0,0,1,0,0
2,74,31,From Throw In,Poland,3857265,0 days 01:14:31,0,0,0,0,0,0,1,0,0
2,74,34,From Throw In,Poland,3857265,0 days 01:14:34,0,0,0,0,1,0,0,0,0
2,74,44,From Free Kick,Mexico,3857265,0 days 01:14:44,0,0,0,0,0,0,1,0,0
2,74,48,From Free Kick,Mexico,3857265,0 days 01:14:48,0,0,0,0,0,0,1,0,0
2,74,52,From Free Kick,Mexico,3857265,0 days 01:14:52,0,0,0,0,0,0,1,0,0
2,74,58,From Free Kick,Mexico,3857265,0 days 01:14:58,0,0,0,0,0,0,1,0,0
2,74,59,From Free Kick,Mexico,3857265,0 days 01:14:59,0,0,0,0,0,0,1,0,0
2,75,2,From Free Kick,Mexico,3857265,0 days 01:15:02,0,0,0,0,0,0,1,0,0
2,75,5,From Free Kick,Mexico,3857265,0 days 01:15:05,0,0,0,0,0,0,1,0,0
2,75,9,From Free Kick,Poland,3857265,0 days 01:15:09,0,0,0,0,1,0,0,0,0
2,75,39,From Free Kick,Mexico,3857265,0 days 01:15:39,0,0,0,0,0,0,1,0,0
2,75,43,From Free Kick,Mexico,3857265,0 days 01:15:43,0,0,0,0,0,0,1,0,0
2,75,47,From Free Kick,Mexico,3857265,0 days 01:15:47,0,0,0,0,0,0,1,0,0
2,75,55,From Free Kick,Mexico,3857265,0 days 01:15:55,0,0,0,0,0,0,1,0,0
2,75,57,From Free Kick,Mexico,3857265,0 days 01:15:57,0,0,0,0,0,0,1,0,0
2,75,59,From Free Kick,Poland,3857265,0 days 01:15:59,0,1,0,0,0,0,0,0,0
2,76,0,Regular Play,Poland,3857265,0 days 01:16:00,1,0,0,0,0,0,0,0,0
2,76,2,Regular Play,Poland,3857265,0 days 01:16:02,0,0,0,0,0,0,1,0,0
2,76,5,Regular Play,Poland,3857265,0 days 01:16:05,0,0,0,1,0,0,0,0,0
2,76,5,Regular Play,Mexico,3857265,0 days 01:16:05,0,0,0,0,0,0,0,0,1
2,76,6,Regular Play,Poland,3857265,0 days 01:16:06,1,0,0,0,0,0,0,0,0
2,76,8,Regular Play,Mexico,3857265,0 days 01:16:08,0,0,0,0,1,0,0,0,0
2,76,34,From Free Kick,Poland,3857265,0 days 01:16:34,0,0,0,0,0,0,1,0,0
2,76,36,From Free Kick,Poland,3857265,0 days 01:16:36,0,0,0,0,0,0,1,0,0
2,76,41,From Free Kick,Poland,3857265,0 days 01:16:41,0,0,0,0,0,0,1,0,0
2,76,44,From Free Kick,Poland,3857265,0 days 01:16:44,0,0,0,0,0,0,1,0,0
2,76,45,Regular Play,Mexico,3857265,0 days 01:16:45,1,0,0,0,0,0,0,0,0
2,76,47,Regular Play,Mexico,3857265,0 days 01:16:47,0,0,0,0,0,0,1,0,0
2,76,50,Regular Play,Mexico,3857265,0 days 01:16:50,0,0,0,0,0,0,1,0,0
2,76,53,Regular Play,Mexico,3857265,0 days 01:16:53,0,0,0,0,0,0,1,0,0
2,76,56,Regular Play,Poland,3857265,0 days 01:16:56,1,0,0,0,0,0,0,0,0
2,76,56,Regular Play,Poland,3857265,0 days 01:16:56,0,0,0,1,0,0,0,0,0
2,67,13,From Corner,Denmark,3857266,0 days 01:07:13,0,0,0,0,0,0,1,0,0
2,67,14,From Corner,Denmark,3857266,0 days 01:07:14,0,0,0,0,0,0,0,1,0
2,67,15,From Corner,Denmark,3857266,0 days 01:07:15,1,0,0,0,0,0,0,0,0
2,67,15,From Corner,Denmark,3857266,0 days 01:07:15,0,0,0,0,0,0,0,1,0
2,68,20,From Kick Off,France,3857266,0 days 01:08:20,0,0,0,0,0,0,1,0,0
2,68,22,From Kick Off,France,3857266,0 days 01:08:22,0,0,0,0,0,0,1,0,0
2,68,24,From Kick Off,France,3857266,0 days 01:08:24,0,0,0,0,0,0,1,0,0
2,68,26,From Kick Off,France,3857266,0 days 01:08:26,0,0,0,0,0,0,1,0,0
2,68,28,From Kick Off,France,3857266,0 days 01:08:28,0,0,0,0,0,0,1,0,0
2,68,30,From Kick Off,France,3857266,0 days 01:08:30,0,0,0,0,0,0,1,0,0
2,68,33,From Kick Off,France,3857266,0 days 01:08:33,0,0,0,0,0,0,1,0,0
2,68,36,From Kick Off,France,3857266,0 days 01:08:36,0,0,0,1,0,0,0,0,0
2,68,36,From Kick Off,Denmark,3857266,0 days 01:08:36,0,0,0,0,0,0,0,0,1
2,68,40,From Throw In,France,3857266,0 days 01:08:40,0,0,0,0,0,0,1,0,0
2,68,44,From Throw In,France,3857266,0 days 01:08:44,0,0,0,0,0,0,1,0,0
2,68,51,From Throw In,France,3857266,0 days 01:08:51,0,0,0,0,0,0,1,0,0
2,68,53,From Throw In,France,3857266,0 days 01:08:53,0,0,0,0,0,0,1,0,0
2,68,54,From Throw In,France,3857266,0 days 01:08:54,0,0,0,0,0,0,1,0,0
2,68,56,From Throw In,France,3857266,0 days 01:08:56,0,0,0,0,0,0,1,0,0
2,69,2,From Throw In,France,3857266,0 days 01:09:02,0,0,0,1,0,0,0,0,0
2,69,2,From Throw In,Denmark,3857266,0 days 01:09:02,0,0,0,0,0,0,0,0,1
2,69,5,From Throw In,Denmark,3857266,0 days 01:09:05,0,0,0,0,0,0,1,0,0
2,69,7,From Throw In,Denmark,3857266,0 days 01:09:07,0,0,0,0,0,0,1,0,0
2,69,20,From Throw In,France,3857266,0 days 01:09:20,0,0,0,0,0,0,1,0,0
2,69,22,From Throw In,France,3857266,0 days 01:09:22,0,0,0,0,0,0,1,0,0
2,69,28,From Throw In,France,3857266,0 days 01:09:28,0,0,0,0,0,0,1,0,0
2,69,30,From Throw In,France,3857266,0 days 01:09:30,0,0,0,0,0,0,1,0,0
2,69,33,From Throw In,France,3857266,0 days 01:09:33,0,0,0,0,0,0,1,0,0
2,69,38,From Throw In,France,3857266,0 days 01:09:38,0,0,0,0,0,0,1,0,0
2,69,41,From Throw In,France,3857266,0 days 01:09:41,0,0,0,0,0,0,1,0,0
2,69,48,From Throw In,France,3857266,0 days 01:09:48,0,0,1,0,0,0,0,0,0
2,69,48,From Throw In,Denmark,3857266,0 days 01:09:48,0,0,0,0,0,0,0,0,1
2,69,56,From Throw In,France,3857266,0 days 01:09:56,0,0,0,0,0,0,1,0,0
2,69,58,From Throw In,France,3857266,0 days 01:09:58,0,0,1,0,0,0,0,0,0
2,69,58,Regular Play,Denmark,3857266,0 days 01:09:58,0,0,0,0,0,0,0,0,1
2,70,1,Regular Play,Denmark,3857266,0 days 01:10:01,1,0,0,0,0,0,0,0,0
2,70,15,Regular Play,Denmark,3857266,0 days 01:10:15,0,0,0,0,0,0,1,0,0
2,70,22,Regular Play,Denmark,3857266,0 days 01:10:22,0,0,0,0,0,0,1,0,0
2,70,26,Regular Play,Denmark,3857266,0 days 01:10:26,0,0,0,0,0,0,1,0,0
2,70,33,Regular Play,Denmark,3857266,0 days 01:10:33,0,0,0,0,0,0,1,0,0
2,70,36,Regular Play,Denmark,3857266,0 days 01:10:36,0,0,0,0,0,0,1,0,0
2,70,37,Regular Play,France,3857266,0 days 01:10:37,0,0,0,0,0,0,1,0,0
2,70,43,Regular Play,France,3857266,0 days 01:10:43,0,0,0,0,0,0,1,0,0
2,70,44,Regular Play,France,3857266,0 days 01:10:44,0,0,0,0,0,0,1,0,0
2,70,46,Regular Play,France,3857266,0 days 01:10:46,0,0,0,0,0,0,1,0,0
2,70,51,Regular Play,France,3857266,0 days 01:10:51,0,0,0,0,0,0,1,0,0
2,71,5,From Keeper,Denmark,3857266,0 days 01:11:05,0,0,0,0,0,0,1,0,0
2,71,8,From Keeper,Denmark,3857266,0 days 01:11:08,0,0,0,0,0,0,1,0,0
2,71,10,From Keeper,Denmark,3857266,0 days 01:11:10,0,0,0,0,0,0,1,0,0
2,71,11,From Keeper,Denmark,3857266,0 days 01:11:11,0,0,0,0,0,0,1,0,0
2,71,17,From Keeper,Denmark,3857266,0 days 01:11:17,0,0,0,0,0,0,1,0,0
2,71,21,From Keeper,Denmark,3857266,0 days 01:11:21,0,0,0,0,0,0,1,0,0
2,71,24,From Keeper,Denmark,3857266,0 days 01:11:24,0,0,0,0,0,0,1,0,0
2,71,27,From Keeper,Denmark,3857266,0 days 01:11:27,0,0,0,0,0,0,1,0,0
2,71,30,From Keeper,Denmark,3857266,0 days 01:11:30,0,0,0,0,0,0,1,0,0
2,71,33,From Keeper,Denmark,3857266,0 days 01:11:33,0,0,0,0,0,0,1,0,0
2,71,39,From Keeper,Denmark,3857266,0 days 01:11:39,0,0,0,0,0,0,1,0,0
2,71,42,From Keeper,Denmark,3857266,0 days 01:11:42,0,0,0,0,0,0,1,0,0
2,71,45,From Keeper,Denmark,3857266,0 days 01:11:45,0,0,0,0,0,0,1,0,0
2,71,47,From Keeper,Denmark,3857266,0 days 01:11:47,0,0,0,0,0,0,1,0,0
2,71,50,From Keeper,Denmark,3857266,0 days 01:11:50,0,0,0,0,0,0,1,0,0
2,71,52,From Keeper,Denmark,3857266,0 days 01:11:52,0,0,0,0,0,0,1,0,0
2,71,55,From Keeper,Denmark,3857266,0 days 01:11:55,0,0,0,0,0,0,1,0,0
2,72,1,From Keeper,Denmark,3857266,0 days 01:12:01,0,0,0,0,0,0,1,0,0
2,72,3,From Keeper,Denmark,3857266,0 days 01:12:03,0,0,0,0,0,0,1,0,0
2,72,8,From Keeper,Denmark,3857266,0 days 01:12:08,0,0,0,0,0,0,1,0,0
2,72,14,From Keeper,Denmark,3857266,0 days 01:12:14,0,0,0,0,0,0,1,0,0
2,72,17,From Keeper,Denmark,3857266,0 days 01:12:17,0,0,0,0,0,0,1,0,0
2,72,20,From Keeper,Denmark,3857266,0 days 01:12:20,0,0,0,0,0,0,1,0,0
2,72,21,From Keeper,Denmark,3857266,0 days 01:12:21,0,0,0,0,0,0,0,1,0
2,72,22,From Keeper,France,3857266,0 days 01:12:22,0,1,0,0,0,0,0,0,0
2,73,4,From Corner,Denmark,3857266,0 days 01:13:04,0,0,0,0,0,0,1,0,0
2,73,6,From Corner,France,3857266,0 days 01:13:06,0,1,0,0,0,0,0,0,0
2,73,9,From Corner,Denmark,3857266,0 days 01:13:09,0,0,0,0,0,0,1,0,0
2,73,12,From Corner,Denmark,3857266,0 days 01:13:12,0,0,0,0,0,0,1,0,0
2,73,13,From Corner,France,3857266,0 days 01:13:13,0,0,0,0,0,1,0,0,0
2,73,14,From Corner,Denmark,3857266,0 days 01:13:14,1,0,0,0,0,0,0,0,0
2,73,18,From Corner,Denmark,3857266,0 days 01:13:18,0,0,0,0,0,0,0,1,0
2,73,18,From Corner,Denmark,3857266,0 days 01:13:18,1,0,0,0,0,0,0,0,0
2,73,21,From Corner,Denmark,3857266,0 days 01:13:21,0,0,0,0,0,0,1,0,0
2,73,26,From Corner,Denmark,3857266,0 days 01:13:26,0,0,0,0,0,0,1,0,0
2,73,31,From Corner,Denmark,3857266,0 days 01:13:31,0,0,0,1,0,0,0,0,0
2,73,31,From Corner,France,3857266,0 days 01:13:31,0,0,0,0,0,0,0,0,1
2,74,26,From Throw In,France,3857266,0 days 01:14:26,0,0,0,0,0,0,1,0,0
2,74,31,From Throw In,France,3857266,0 days 01:14:31,0,0,0,0,0,0,1,0,0
2,74,33,From Throw In,France,3857266,0 days 01:14:33,0,0,0,0,0,0,1,0,0
2,74,36,From Throw In,France,3857266,0 days 01:14:36,0,0,0,0,0,0,1,0,0
2,74,38,From Throw In,France,3857266,0 days 01:14:38,0,0,0,0,0,0,1,0,0
2,74,41,From Throw In,France,3857266,0 days 01:14:41,0,0,0,0,0,0,1,0,0
2,74,44,From Throw In,France,3857266,0 days 01:14:44,0,0,0,0,0,0,1,0,0
2,74,48,From Counter,Denmark,3857266,0 days 01:14:48,0,0,0,0,0,0,1,0,0
2,74,50,From Counter,Denmark,3857266,0 days 01:14:50,0,0,0,0,0,0,1,0,0
2,74,51,From Counter,Denmark,3857266,0 days 01:14:51,0,0,0,0,0,0,1,0,0
2,74,52,Regular Play,France,3857266,0 days 01:14:52,0,1,0,0,0,0,0,0,0
2,74,52,Regular Play,France,3857266,0 days 01:14:52,1,0,0,0,0,0,0,0,0
2,74,56,Regular Play,France,3857266,0 days 01:14:56,0,0,0,0,0,0,1,0,0
2,74,57,Regular Play,France,3857266,0 days 01:14:57,0,0,0,0,0,0,1,0,0
2,75,0,Regular Play,France,3857266,0 days 01:15:00,0,0,0,0,0,0,1,0,0
2,75,5,Regular Play,France,3857266,0 days 01:15:05,0,0,0,0,0,0,1,0,0
2,75,6,Regular Play,France,3857266,0 days 01:15:06,0,0,0,0,0,0,1,0,0
2,75,8,Regular Play,France,3857266,0 days 01:15:08,0,0,0,0,0,0,1,0,0
2,75,10,Regular Play,Denmark,3857266,0 days 01:15:10,0,0,0,0,0,0,1,0,0
2,75,12,Regular Play,France,3857266,0 days 01:15:12,0,0,0,0,0,0,1,0,0
2,75,14,Regular Play,France,3857266,0 days 01:15:14,0,0,0,0,0,0,1,0,0
2,75,16,Regular Play,France,3857266,0 days 01:15:16,0,0,0,0,0,0,1,0,0
2,75,21,Regular Play,France,3857266,0 days 01:15:21,0,0,0,0,0,0,1,0,0
2,75,25,Regular Play,France,3857266,0 days 01:15:25,0,0,0,0,0,0,1,0,0
2,75,28,Regular Play,France,3857266,0 days 01:15:28,0,0,0,1,0,0,0,0,0
2,75,28,Regular Play,Denmark,3857266,0 days 01:15:28,0,0,0,0,0,0,0,0,1
2,76,0,From Corner,France,3857266,0 days 01:16:00,0,0,0,0,0,0,1,0,0
2,76,1,From Corner,Denmark,3857266,0 days 01:16:01,0,1,0,0,0,0,0,0,0
2,76,4,From Corner,France,3857266,0 days 01:16:04,1,0,0,0,0,0,0,0,0
2,76,5,From Corner,France,3857266,0 days 01:16:05,0,0,0,0,0,0,1,0,0
2,76,11,From Corner,France,3857266,0 days 01:16:11,0,0,0,0,0,0,1,0,0
2,76,12,From Corner,Denmark,3857266,0 days 01:16:12,0,1,0,0,0,0,0,0,0
2,76,16,From Corner,France,3857266,0 days 01:16:16,0,0,0,0,0,0,1,0,0
2,76,18,From Corner,France,3857266,0 days 01:16:18,0,0,0,0,0,0,1,0,0
2,76,23,From Corner,France,3857266,0 days 01:16:23,0,0,0,0,0,0,1,0,0
2,76,26,From Corner,France,3857266,0 days 01:16:26,0,0,0,0,0,0,1,0,0
2,76,29,From Corner,France,3857266,0 days 01:16:29,0,0,0,0,0,0,1,0,0
2,76,31,From Corner,France,3857266,0 days 01:16:31,0,0,0,0,0,0,1,0,0
2,76,32,From Corner,France,3857266,0 days 01:16:32,0,0,0,0,0,0,1,0,0
2,76,37,From Corner,France,3857266,0 days 01:16:37,0,0,0,0,0,0,1,0,0
2,76,38,From Corner,France,3857266,0 days 01:16:38,0,0,0,0,0,0,1,0,0
2,76,40,From Corner,France,3857266,0 days 01:16:40,0,0,0,0,0,0,1,0,0
2,76,43,From Corner,France,3857266,0 days 01:16:43,0,0,0,0,0,0,1,0,0
2,76,47,From Corner,France,3857266,0 days 01:16:47,0,0,0,0,0,0,1,0,0
2,76,48,From Corner,France,3857266,0 days 01:16:48,0,0,0,0,0,0,1,0,0
2,76,55,From Corner,France,3857266,0 days 01:16:55,0,0,1,0,0,0,0,0,0
2,76,55,From Corner,Denmark,3857266,0 days 01:16:55,0,0,0,0,0,0,0,0,1
2,68,26,From Kick Off,Senegal,3857267,0 days 01:08:26,0,0,0,0,0,0,1,0,0
2,68,30,From Kick Off,Senegal,3857267,0 days 01:08:30,0,0,0,0,0,0,1,0,0
2,68,32,From Kick Off,Ecuador,3857267,0 days 01:08:32,0,1,0,0,0,0,0,0,0
2,68,34,From Kick Off,Senegal,3857267,0 days 01:08:34,0,0,0,0,0,0,1,0,0
2,68,40,From Kick Off,Ecuador,3857267,0 days 01:08:40,1,0,0,0,0,0,0,0,0
2,68,42,From Kick Off,Senegal,3857267,0 days 01:08:42,1,0,0,0,0,0,0,0,0
2,68,43,From Kick Off,Senegal,3857267,0 days 01:08:43,0,0,0,0,0,0,1,0,0
2,68,45,From Kick Off,Ecuador,3857267,0 days 01:08:45,0,0,0,0,1,0,0,0,0
2,69,27,From Free Kick,Senegal,3857267,0 days 01:09:27,0,0,0,0,0,0,1,0,0
2,69,29,From Free Kick,Ecuador,3857267,0 days 01:09:29,0,1,0,0,0,0,0,0,0
2,69,30,From Free Kick,Senegal,3857267,0 days 01:09:30,1,0,0,0,0,0,0,0,0
2,69,30,From Free Kick,Senegal,3857267,0 days 01:09:30,0,0,0,0,0,0,0,1,0
2,71,10,From Kick Off,Ecuador,3857267,0 days 01:11:10,0,0,0,0,0,0,1,0,0
2,71,15,From Kick Off,Ecuador,3857267,0 days 01:11:15,0,0,0,0,0,0,1,0,0
2,71,21,From Kick Off,Ecuador,3857267,0 days 01:11:21,0,0,0,0,0,0,1,0,0
2,71,26,From Kick Off,Ecuador,3857267,0 days 01:11:26,0,0,0,0,0,0,1,0,0
2,71,30,From Kick Off,Senegal,3857267,0 days 01:11:30,0,1,0,0,0,0,0,0,0
2,74,21,Other,Senegal,3857267,0 days 01:14:21,0,0,0,0,0,0,1,0,0
2,74,23,Other,Ecuador,3857267,0 days 01:14:23,0,1,0,0,0,0,0,0,0
2,74,25,Other,Senegal,3857267,0 days 01:14:25,1,0,0,0,0,0,0,0,0
2,74,25,Other,Senegal,3857267,0 days 01:14:25,0,0,0,0,0,0,1,0,0
2,74,30,Regular Play,Ecuador,3857267,0 days 01:14:30,1,0,0,0,0,0,0,0,0
2,74,31,Regular Play,Ecuador,3857267,0 days 01:14:31,0,0,0,0,0,0,1,0,0
2,74,32,Regular Play,Ecuador,3857267,0 days 01:14:32,0,0,0,0,0,0,1,0,0
2,74,35,Regular Play,Ecuador,3857267,0 days 01:14:35,0,0,0,0,0,0,1,0,0
2,74,38,Regular Play,Ecuador,3857267,0 days 01:14:38,0,0,0,0,0,0,1,0,0
2,74,42,Regular Play,Ecuador,3857267,0 days 01:14:42,0,0,1,0,0,0,0,0,0
2,74,42,Regular Play,Senegal,3857267,0 days 01:14:42,0,0,0,0,0,0,0,0,1
2,74,50,From Throw In,Ecuador,3857267,0 days 01:14:50,0,0,0,0,0,0,1,0,0
2,74,56,From Throw In,Ecuador,3857267,0 days 01:14:56,0,0,0,0,0,0,1,0,0
2,74,59,From Throw In,Ecuador,3857267,0 days 01:14:59,0,0,0,0,0,0,1,0,0
2,75,2,From Throw In,Ecuador,3857267,0 days 01:15:02,0,0,0,0,0,0,1,0,0
2,75,4,From Throw In,Senegal,3857267,0 days 01:15:04,0,1,0,0,0,0,0,0,0
2,75,5,From Throw In,Ecuador,3857267,0 days 01:15:05,0,0,0,0,0,0,1,0,0
2,75,8,From Throw In,Ecuador,3857267,0 days 01:15:08,0,0,0,0,0,0,1,0,0
2,75,9,From Throw In,Senegal,3857267,0 days 01:15:09,0,1,0,0,0,0,0,0,0
2,75,17,From Throw In,Ecuador,3857267,0 days 01:15:17,0,0,0,0,0,0,1,0,0
2,75,23,From Throw In,Ecuador,3857267,0 days 01:15:23,0,0,0,0,0,0,1,0,0
2,75,32,From Throw In,Ecuador,3857267,0 days 01:15:32,0,0,0,0,0,0,1,0,0
2,75,37,From Throw In,Ecuador,3857267,0 days 01:15:37,0,0,0,0,0,0,1,0,0
2,75,39,From Throw In,Ecuador,3857267,0 days 01:15:39,0,0,0,1,0,0,0,0,0
2,75,42,From Throw In,Ecuador,3857267,0 days 01:15:42,0,0,0,0,0,0,1,0,0
2,75,43,From Throw In,Senegal,3857267,0 days 01:15:43,0,1,0,0,0,0,0,0,0
2,75,45,From Throw In,Ecuador,3857267,0 days 01:15:45,0,0,0,0,0,0,1,0,0
2,75,48,From Throw In,Ecuador,3857267,0 days 01:15:48,0,0,0,0,0,0,0,1,0
2,76,10,From Keeper,Senegal,3857267,0 days 01:16:10,0,0,0,0,0,0,1,0,0
2,76,14,Regular Play,Ecuador,3857267,0 days 01:16:14,0,0,0,0,0,0,1,0,0
2,76,17,Regular Play,Ecuador,3857267,0 days 01:16:17,0,0,0,0,0,0,1,0,0
2,76,18,Regular Play,Senegal,3857267,0 days 01:16:18,0,0,0,0,0,1,0,0,0
2,76,19,Regular Play,Senegal,3857267,0 days 01:16:19,0,0,0,0,0,0,1,0,0
2,76,20,Regular Play,Senegal,3857267,0 days 01:16:20,0,0,0,0,0,0,1,0,0
2,76,22,Regular Play,Senegal,3857267,0 days 01:16:22,0,0,0,0,0,0,1,0,0
2,76,23,Regular Play,Ecuador,3857267,0 days 01:16:23,1,0,0,0,0,0,0,0,0
2,76,23,Regular Play,Ecuador,3857267,0 days 01:16:23,0,0,1,0,0,0,0,0,0
2,76,23,Regular Play,Senegal,3857267,0 days 01:16:23,0,0,0,0,0,0,0,0,1
2,76,24,Regular Play,Senegal,3857267,0 days 01:16:24,0,0,0,0,0,0,1,0,0
2,76,26,Regular Play,Senegal,3857267,0 days 01:16:26,0,0,0,0,0,0,1,0,0
2,76,27,Regular Play,Senegal,3857267,0 days 01:16:27,0,0,0,0,0,0,1,0,0
2,76,34,Regular Play,Senegal,3857267,0 days 01:16:34,0,0,1,0,0,0,0,0,0
2,76,34,Regular Play,Ecuador,3857267,0 days 01:16:34,0,0,0,0,0,0,0,0,1
2,67,13,From Corner,Belgium,3857268,0 days 01:07:13,0,0,0,0,0,0,1,0,0
2,67,15,From Corner,Belgium,3857268,0 days 01:07:15,0,0,0,0,0,0,1,0,0
2,67,17,From Corner,Canada,3857268,0 days 01:07:17,0,0,0,0,0,0,1,0,0
2,67,21,From Corner,Belgium,3857268,0 days 01:07:21,1,0,0,0,0,0,0,0,0
2,67,23,From Corner,Belgium,3857268,0 days 01:07:23,0,0,0,0,0,0,1,0,0
2,67,27,From Corner,Belgium,3857268,0 days 01:07:27,0,0,0,0,0,0,1,0,0
2,67,30,From Corner,Belgium,3857268,0 days 01:07:30,0,0,0,0,0,0,1,0,0
2,67,32,From Corner,Belgium,3857268,0 days 01:07:32,0,0,0,0,0,0,1,0,0
2,67,34,From Corner,Belgium,3857268,0 days 01:07:34,0,0,0,0,0,0,1,0,0
2,67,37,From Corner,Belgium,3857268,0 days 01:07:37,0,0,0,0,0,0,1,0,0
2,67,41,From Corner,Belgium,3857268,0 days 01:07:41,0,0,0,0,0,0,1,0,0
2,67,44,From Corner,Belgium,3857268,0 days 01:07:44,0,0,0,0,0,0,1,0,0
2,67,47,From Corner,Canada,3857268,0 days 01:07:47,0,1,0,0,0,0,0,0,0
2,67,48,From Corner,Canada,3857268,0 days 01:07:48,1,0,0,0,0,0,0,0,0
2,67,49,From Corner,Canada,3857268,0 days 01:07:49,0,0,0,0,0,0,1,0,0
2,67,54,From Corner,Belgium,3857268,0 days 01:07:54,0,0,0,0,0,0,1,0,0
2,67,58,From Corner,Belgium,3857268,0 days 01:07:58,0,0,0,0,0,0,1,0,0
2,68,0,From Corner,Belgium,3857268,0 days 01:08:00,0,0,0,0,0,0,1,0,0
2,68,3,From Corner,Belgium,3857268,0 days 01:08:03,0,0,0,0,0,0,1,0,0
2,68,6,From Corner,Belgium,3857268,0 days 01:08:06,0,0,0,0,0,0,1,0,0
2,68,10,From Corner,Belgium,3857268,0 days 01:08:10,0,0,0,0,0,0,1,0,0
2,68,12,From Corner,Belgium,3857268,0 days 01:08:12,0,0,0,0,0,0,1,0,0
2,68,15,From Corner,Belgium,3857268,0 days 01:08:15,0,0,0,0,0,0,1,0,0
2,68,17,From Corner,Belgium,3857268,0 days 01:08:17,0,0,0,0,0,0,1,0,0
2,68,20,From Corner,Canada,3857268,0 days 01:08:20,0,0,0,0,0,0,1,0,0
2,68,22,From Corner,Belgium,3857268,0 days 01:08:22,1,0,0,0,0,0,0,0,0
2,68,23,From Corner,Belgium,3857268,0 days 01:08:23,0,0,0,0,0,0,1,0,0
2,68,25,From Corner,Belgium,3857268,0 days 01:08:25,0,0,0,0,0,0,1,0,0
2,68,27,From Corner,Belgium,3857268,0 days 01:08:27,0,0,0,0,0,0,1,0,0
2,68,28,From Corner,Belgium,3857268,0 days 01:08:28,0,0,0,0,0,0,1,0,0
2,68,32,From Corner,Belgium,3857268,0 days 01:08:32,0,0,0,0,0,0,1,0,0
2,68,34,From Corner,Belgium,3857268,0 days 01:08:34,0,0,0,0,0,0,1,0,0
2,68,36,From Corner,Belgium,3857268,0 days 01:08:36,0,0,0,0,0,0,1,0,0
2,68,38,From Corner,Belgium,3857268,0 days 01:08:38,0,0,0,0,0,0,1,0,0
2,68,39,From Corner,Belgium,3857268,0 days 01:08:39,0,0,0,0,0,0,1,0,0
2,68,43,From Corner,Belgium,3857268,0 days 01:08:43,0,0,0,0,0,0,1,0,0
2,68,44,From Corner,Belgium,3857268,0 days 01:08:44,0,0,0,0,0,0,1,0,0
2,68,46,From Corner,Belgium,3857268,0 days 01:08:46,0,0,0,0,0,0,1,0,0
2,68,48,From Corner,Belgium,3857268,0 days 01:08:48,0,0,0,0,0,0,1,0,0
2,68,58,From Keeper,Canada,3857268,0 days 01:08:58,0,0,0,0,0,0,1,0,0
2,69,0,From Keeper,Canada,3857268,0 days 01:09:00,0,0,0,0,0,0,1,0,0
2,69,1,From Keeper,Canada,3857268,0 days 01:09:01,0,0,0,0,0,0,1,0,0
2,69,12,From Keeper,Canada,3857268,0 days 01:09:12,0,0,0,0,0,0,1,0,0
2,69,14,From Keeper,Canada,3857268,0 days 01:09:14,0,0,1,0,0,0,0,0,0
2,69,14,Regular Play,Belgium,3857268,0 days 01:09:14,0,0,0,0,0,0,0,0,1
2,69,17,Regular Play,Belgium,3857268,0 days 01:09:17,0,0,0,0,0,0,1,0,0
2,69,19,Regular Play,Belgium,3857268,0 days 01:09:19,0,0,0,0,0,0,1,0,0
2,69,21,Regular Play,Belgium,3857268,0 days 01:09:21,0,0,0,0,0,0,1,0,0
2,69,23,Regular Play,Belgium,3857268,0 days 01:09:23,0,0,0,0,0,0,1,0,0
2,69,25,Regular Play,Belgium,3857268,0 days 01:09:25,0,0,0,0,0,0,1,0,0
2,69,28,Regular Play,Belgium,3857268,0 days 01:09:28,0,0,0,0,0,0,1,0,0
2,69,31,Regular Play,Belgium,3857268,0 days 01:09:31,0,0,0,0,0,0,1,0,0
2,69,36,Regular Play,Belgium,3857268,0 days 01:09:36,0,0,0,0,0,0,1,0,0
2,69,43,Regular Play,Belgium,3857268,0 days 01:09:43,0,0,0,0,0,0,1,0,0
2,69,45,Regular Play,Canada,3857268,0 days 01:09:45,1,0,0,0,0,0,0,0,0
2,69,47,Regular Play,Canada,3857268,0 days 01:09:47,0,0,0,0,0,0,1,0,0
2,69,51,Regular Play,Canada,3857268,0 days 01:09:51,0,0,0,0,0,0,1,0,0
2,70,1,From Throw In,Canada,3857268,0 days 01:10:01,0,0,0,0,0,0,1,0,0
2,70,4,From Throw In,Canada,3857268,0 days 01:10:04,0,0,0,0,0,0,1,0,0
2,70,8,From Throw In,Canada,3857268,0 days 01:10:08,0,0,0,0,0,0,1,0,0
2,70,10,From Throw In,Canada,3857268,0 days 01:10:10,0,0,0,0,0,0,1,0,0
2,70,15,From Throw In,Canada,3857268,0 days 01:10:15,0,0,0,0,0,0,1,0,0
2,70,16,From Throw In,Canada,3857268,0 days 01:10:16,0,0,0,0,0,0,1,0,0
2,70,22,From Throw In,Canada,3857268,0 days 01:10:22,0,0,0,0,0,0,1,0,0
2,70,26,From Throw In,Canada,3857268,0 days 01:10:26,0,0,0,0,0,0,1,0,0
2,70,28,From Throw In,Canada,3857268,0 days 01:10:28,0,0,0,0,0,0,1,0,0
2,70,30,From Throw In,Canada,3857268,0 days 01:10:30,0,0,0,0,0,0,1,0,0
2,70,33,From Throw In,Belgium,3857268,0 days 01:10:33,0,1,0,0,0,0,0,0,0
2,70,37,From Throw In,Canada,3857268,0 days 01:10:37,0,0,0,0,0,0,1,0,0
2,70,39,From Throw In,Canada,3857268,0 days 01:10:39,0,0,0,0,0,0,1,0,0
2,70,43,From Throw In,Canada,3857268,0 days 01:10:43,0,0,0,0,0,0,1,0,0
2,70,45,From Throw In,Belgium,3857268,0 days 01:10:45,1,0,0,0,0,0,0,0,0
2,70,47,From Throw In,Belgium,3857268,0 days 01:10:47,0,0,0,1,0,0,0,0,0
2,70,51,From Throw In,Belgium,3857268,0 days 01:10:51,0,0,0,0,0,0,1,0,0
2,71,4,From Throw In,Canada,3857268,0 days 01:11:04,0,0,0,0,0,0,1,0,0
2,71,8,From Throw In,Canada,3857268,0 days 01:11:08,0,0,0,0,0,0,1,0,0
2,71,12,From Throw In,Canada,3857268,0 days 01:11:12,0,0,0,0,0,0,1,0,0
2,71,14,From Throw In,Canada,3857268,0 days 01:11:14,0,0,0,0,0,0,1,0,0
2,71,15,From Throw In,Canada,3857268,0 days 01:11:15,0,0,0,0,0,0,1,0,0
2,71,17,From Throw In,Canada,3857268,0 days 01:11:17,0,0,0,0,0,0,1,0,0
2,71,25,From Throw In,Canada,3857268,0 days 01:11:25,0,0,0,0,0,0,1,0,0
2,71,26,From Throw In,Belgium,3857268,0 days 01:11:26,0,1,0,0,0,0,0,0,0
2,71,32,From Throw In,Belgium,3857268,0 days 01:11:32,0,0,0,0,1,0,0,0,0
2,71,37,From Free Kick,Canada,3857268,0 days 01:11:37,0,0,0,0,0,0,1,0,0
2,71,39,From Free Kick,Canada,3857268,0 days 01:11:39,0,0,0,0,0,0,1,0,0
2,71,40,From Free Kick,Canada,3857268,0 days 01:11:40,0,0,0,0,0,0,1,0,0
2,71,47,From Free Kick,Canada,3857268,0 days 01:11:47,0,0,0,0,0,0,1,0,0
2,71,49,From Free Kick,Canada,3857268,0 days 01:11:49,0,0,0,0,0,0,1,0,0
2,71,52,From Free Kick,Canada,3857268,0 days 01:11:52,0,0,0,0,0,0,1,0,0
2,71,55,From Free Kick,Canada,3857268,0 days 01:11:55,0,0,0,0,0,0,1,0,0
2,71,56,From Free Kick,Canada,3857268,0 days 01:11:56,0,0,0,0,0,0,1,0,0
2,72,0,From Free Kick,Canada,3857268,0 days 01:12:00,0,0,0,0,0,0,1,0,0
2,72,5,From Free Kick,Canada,3857268,0 days 01:12:05,0,0,0,0,0,0,1,0,0
2,72,7,From Free Kick,Belgium,3857268,0 days 01:12:07,0,0,0,0,0,1,0,0,0
2,72,10,From Free Kick,Belgium,3857268,0 days 01:12:10,0,1,0,0,0,0,0,0,0
2,72,12,From Free Kick,Belgium,3857268,0 days 01:12:12,0,0,0,0,0,0,1,0,0
2,72,14,From Free Kick,Canada,3857268,0 days 01:12:14,1,0,0,0,0,0,0,0,0
2,72,15,From Free Kick,Canada,3857268,0 days 01:12:15,0,0,0,0,0,0,1,0,0
2,72,16,From Free Kick,Canada,3857268,0 days 01:12:16,0,0,0,0,0,0,1,0,0
2,72,18,From Free Kick,Canada,3857268,0 days 01:12:18,0,0,0,0,0,0,1,0,0
2,72,20,Regular Play,Belgium,3857268,0 days 01:12:20,0,0,0,0,0,0,1,0,0
2,72,22,Regular Play,Belgium,3857268,0 days 01:12:22,0,0,0,0,0,0,1,0,0
2,72,23,Regular Play,Belgium,3857268,0 days 01:12:23,0,0,0,0,0,0,1,0,0
2,72,27,Regular Play,Belgium,3857268,0 days 01:12:27,0,0,0,0,0,0,1,0,0
2,72,30,Regular Play,Belgium,3857268,0 days 01:12:30,0,0,0,0,0,0,1,0,0
2,72,33,Regular Play,Belgium,3857268,0 days 01:12:33,0,0,0,0,0,0,1,0,0
2,72,37,Regular Play,Canada,3857268,0 days 01:12:37,0,1,0,0,0,0,0,0,0
2,72,38,Regular Play,Canada,3857268,0 days 01:12:38,0,0,0,0,0,0,1,0,0
2,72,40,Regular Play,Canada,3857268,0 days 01:12:40,0,0,0,0,0,0,1,0,0
2,72,42,Regular Play,Canada,3857268,0 days 01:12:42,0,0,0,0,0,0,1,0,0
2,72,45,Regular Play,Canada,3857268,0 days 01:12:45,0,0,0,0,0,0,1,0,0
2,72,47,Regular Play,Canada,3857268,0 days 01:12:47,0,0,0,0,0,0,1,0,0
2,73,35,From Goal Kick,Belgium,3857268,0 days 01:13:35,0,0,0,0,0,0,1,0,0
2,73,39,From Goal Kick,Belgium,3857268,0 days 01:13:39,0,0,0,0,0,0,1,0,0
2,73,41,Regular Play,Canada,3857268,0 days 01:13:41,0,0,0,0,0,0,1,0,0
2,73,46,Regular Play,Canada,3857268,0 days 01:13:46,0,0,0,0,0,0,1,0,0
2,73,53,Regular Play,Canada,3857268,0 days 01:13:53,0,0,0,0,0,0,1,0,0
2,73,57,Regular Play,Canada,3857268,0 days 01:13:57,0,0,0,0,0,0,1,0,0
2,74,1,Regular Play,Belgium,3857268,0 days 01:14:01,1,0,0,0,0,0,0,0,0
2,74,2,Regular Play,Belgium,3857268,0 days 01:14:02,0,0,0,0,0,0,1,0,0
2,74,5,Regular Play,Belgium,3857268,0 days 01:14:05,0,0,0,0,0,0,1,0,0
2,74,8,Regular Play,Belgium,3857268,0 days 01:14:08,0,0,0,0,0,0,1,0,0
2,74,11,Regular Play,Belgium,3857268,0 days 01:14:11,0,0,0,0,0,0,1,0,0
2,74,11,Regular Play,Canada,3857268,0 days 01:14:11,0,0,0,0,0,1,0,0,0
2,74,14,Regular Play,Canada,3857268,0 days 01:14:14,1,0,0,0,0,0,0,0,0
2,74,18,Regular Play,Canada,3857268,0 days 01:14:18,0,0,0,0,0,0,1,0,0
2,74,20,Regular Play,Canada,3857268,0 days 01:14:20,0,0,0,0,0,0,1,0,0
2,74,23,Regular Play,Canada,3857268,0 days 01:14:23,0,0,0,0,0,0,1,0,0
2,74,24,Regular Play,Canada,3857268,0 days 01:14:24,0,0,0,0,0,0,1,0,0
2,74,27,Regular Play,Canada,3857268,0 days 01:14:27,0,0,0,0,0,0,1,0,0
2,74,32,Regular Play,Canada,3857268,0 days 01:14:32,0,0,0,0,0,0,1,0,0
2,74,36,Regular Play,Canada,3857268,0 days 01:14:36,0,0,0,0,0,0,1,0,0
2,74,37,Regular Play,Canada,3857268,0 days 01:14:37,0,0,0,0,0,0,1,0,0
2,74,40,Regular Play,Canada,3857268,0 days 01:14:40,0,0,0,0,0,0,1,0,0
2,74,43,Regular Play,Canada,3857268,0 days 01:14:43,0,0,0,0,0,0,1,0,0
2,74,47,Regular Play,Canada,3857268,0 days 01:14:47,0,0,0,0,0,0,1,0,0
2,74,50,Regular Play,Canada,3857268,0 days 01:14:50,0,0,0,0,0,0,1,0,0
2,74,53,Regular Play,Canada,3857268,0 days 01:14:53,0,0,0,0,0,0,1,0,0
2,74,53,Regular Play,Canada,3857268,0 days 01:14:53,0,0,0,0,0,0,1,0,0
2,74,55,Regular Play,Canada,3857268,0 days 01:14:55,0,0,0,0,0,0,1,0,0
2,74,57,Regular Play,Belgium,3857268,0 days 01:14:57,0,0,0,0,0,1,0,0,0
2,74,59,Regular Play,Belgium,3857268,0 days 01:14:59,0,0,0,0,0,0,1,0,0
2,75,1,Regular Play,Belgium,3857268,0 days 01:15:01,0,0,0,0,0,0,1,0,0
2,75,8,Regular Play,Belgium,3857268,0 days 01:15:08,0,0,0,0,0,0,1,0,0
2,75,11,Regular Play,Belgium,3857268,0 days 01:15:11,0,0,0,0,0,0,1,0,0
2,75,14,Regular Play,Canada,3857268,0 days 01:15:14,0,0,0,0,0,0,1,0,0
2,75,20,Regular Play,Canada,3857268,0 days 01:15:20,0,0,0,0,0,0,1,0,0
2,75,24,Regular Play,Canada,3857268,0 days 01:15:24,0,0,0,0,0,0,1,0,0
2,75,26,Regular Play,Canada,3857268,0 days 01:15:26,0,0,0,0,0,0,1,0,0
2,75,28,Regular Play,Canada,3857268,0 days 01:15:28,0,0,0,0,0,0,1,0,0
2,75,33,Regular Play,Canada,3857268,0 days 01:15:33,0,0,0,0,0,0,1,0,0
2,75,34,Regular Play,Belgium,3857268,0 days 01:15:34,0,1,0,0,0,0,0,0,0
2,75,38,Regular Play,Canada,3857268,0 days 01:15:38,0,0,0,0,0,0,1,0,0
2,75,41,Regular Play,Canada,3857268,0 days 01:15:41,0,0,0,0,0,0,1,0,0
2,75,44,Regular Play,Canada,3857268,0 days 01:15:44,0,0,0,0,0,0,1,0,0
2,75,46,Regular Play,Canada,3857268,0 days 01:15:46,0,0,0,0,0,0,1,0,0
2,75,51,Regular Play,Canada,3857268,0 days 01:15:51,0,0,0,0,0,0,1,0,0
2,75,55,Regular Play,Canada,3857268,0 days 01:15:55,0,0,0,0,0,0,1,0,0
2,75,59,Regular Play,Canada,3857268,0 days 01:15:59,0,0,0,0,0,0,1,0,0
2,76,3,Regular Play,Canada,3857268,0 days 01:16:03,0,0,0,0,0,0,1,0,0
2,76,7,Regular Play,Canada,3857268,0 days 01:16:07,0,0,0,0,0,0,1,0,0
2,76,10,Regular Play,Canada,3857268,0 days 01:16:10,0,0,0,0,0,0,1,0,0
2,76,19,Regular Play,Canada,3857268,0 days 01:16:19,0,0,0,0,0,0,1,0,0
2,76,20,Regular Play,Canada,3857268,0 days 01:16:20,0,0,0,0,0,0,1,0,0
2,76,22,Regular Play,Canada,3857268,0 days 01:16:22,0,0,0,0,0,0,1,0,0
2,76,25,Regular Play,Canada,3857268,0 days 01:16:25,0,0,0,0,0,0,1,0,0
2,76,28,Regular Play,Canada,3857268,0 days 01:16:28,0,0,0,0,0,0,1,0,0
2,76,31,Regular Play,Canada,3857268,0 days 01:16:31,0,0,0,0,0,0,1,0,0
2,76,37,Regular Play,Belgium,3857268,0 days 01:16:37,0,1,0,0,0,0,0,0,0
2,76,41,Regular Play,Canada,3857268,0 days 01:16:41,1,0,0,0,0,0,0,0,0
2,76,45,Regular Play,Canada,3857268,0 days 01:16:45,0,0,0,0,0,0,1,0,0
2,76,47,Regular Play,Canada,3857268,0 days 01:16:47,0,0,0,0,0,0,1,0,0
2,76,49,Regular Play,Canada,3857268,0 days 01:16:49,0,0,0,0,0,0,0,1,0
2,76,50,Regular Play,Belgium,3857268,0 days 01:16:50,0,1,0,0,0,0,0,0,0
2,76,52,Regular Play,Canada,3857268,0 days 01:16:52,0,0,0,0,0,0,1,0,0
2,76,58,Regular Play,Canada,3857268,0 days 01:16:58,0,0,0,0,0,0,1,0,0
2,76,59,Regular Play,Belgium,3857268,0 days 01:16:59,0,1,0,0,0,0,0,0,0
2,67,1,Regular Play,Switzerland,3857269,0 days 01:07:01,0,0,0,0,0,0,1,0,0
2,67,2,Regular Play,Brazil,3857269,0 days 01:07:02,1,0,0,0,0,0,0,0,0
2,67,4,Regular Play,Brazil,3857269,0 days 01:07:04,0,0,0,0,0,0,1,0,0
2,67,7,Regular Play,Brazil,3857269,0 days 01:07:07,0,0,0,0,0,0,1,0,0
2,67,11,Regular Play,Brazil,3857269,0 days 01:07:11,0,0,0,0,0,0,1,0,0
2,67,14,Regular Play,Brazil,3857269,0 days 01:07:14,0,0,0,0,0,0,1,0,0
2,67,20,Regular Play,Brazil,3857269,0 days 01:07:20,0,0,0,0,0,0,1,0,0
2,67,21,Regular Play,Brazil,3857269,0 days 01:07:21,0,0,0,0,0,0,1,0,0
2,67,22,Regular Play,Brazil,3857269,0 days 01:07:22,0,0,0,0,0,0,1,0,0
2,67,22,Regular Play,Brazil,3857269,0 days 01:07:22,0,0,0,0,1,0,0,0,0
2,67,56,From Free Kick,Switzerland,3857269,0 days 01:07:56,0,0,0,0,0,0,1,0,0
2,67,57,From Free Kick,Switzerland,3857269,0 days 01:07:57,0,0,0,0,0,0,1,0,0
2,67,58,From Free Kick,Switzerland,3857269,0 days 01:07:58,0,0,0,0,0,0,1,0,0
2,68,0,From Free Kick,Switzerland,3857269,0 days 01:08:00,0,0,0,0,0,0,1,0,0
2,68,2,From Free Kick,Switzerland,3857269,0 days 01:08:02,0,0,0,0,0,0,1,0,0
2,68,6,From Free Kick,Switzerland,3857269,0 days 01:08:06,0,0,0,0,0,0,1,0,0
2,68,8,From Free Kick,Switzerland,3857269,0 days 01:08:08,0,0,0,1,0,0,0,0,0
2,68,8,Regular Play,Brazil,3857269,0 days 01:08:08,0,0,0,0,0,0,0,0,1
2,68,9,Regular Play,Brazil,3857269,0 days 01:08:09,1,0,0,0,0,0,0,0,0
2,68,11,Regular Play,Brazil,3857269,0 days 01:08:11,0,0,0,0,0,0,1,0,0
2,68,12,Regular Play,Brazil,3857269,0 days 01:08:12,0,0,0,0,0,0,1,0,0
2,68,19,Regular Play,Switzerland,3857269,0 days 01:08:19,0,0,0,0,1,0,0,0,0
2,69,24,From Free Kick,Brazil,3857269,0 days 01:09:24,0,0,0,0,0,0,1,0,0
2,69,25,From Free Kick,Switzerland,3857269,0 days 01:09:25,0,1,0,0,0,0,0,0,0
2,69,27,From Free Kick,Brazil,3857269,0 days 01:09:27,0,0,0,0,0,0,1,0,0
2,69,30,From Free Kick,Brazil,3857269,0 days 01:09:30,0,0,0,0,0,0,1,0,0
2,69,34,From Free Kick,Brazil,3857269,0 days 01:09:34,0,0,0,0,0,0,1,0,0
2,69,35,From Free Kick,Switzerland,3857269,0 days 01:09:35,0,0,0,0,0,0,1,0,0
2,69,37,From Free Kick,Brazil,3857269,0 days 01:09:37,1,0,0,0,0,0,0,0,0
2,69,39,From Free Kick,Brazil,3857269,0 days 01:09:39,0,0,0,0,0,0,1,0,0
2,69,40,From Free Kick,Brazil,3857269,0 days 01:09:40,0,0,0,0,0,0,0,1,0
2,69,56,From Goal Kick,Switzerland,3857269,0 days 01:09:56,0,0,0,0,0,0,1,0,0
2,70,0,From Goal Kick,Switzerland,3857269,0 days 01:10:00,0,0,0,0,0,0,1,0,0
2,70,2,Regular Play,Brazil,3857269,0 days 01:10:02,1,0,0,0,0,0,0,0,0
2,70,3,Regular Play,Brazil,3857269,0 days 01:10:03,0,0,1,0,0,0,0,0,0
2,70,3,Regular Play,Switzerland,3857269,0 days 01:10:03,0,0,0,0,0,0,0,0,1
2,70,4,Regular Play,Switzerland,3857269,0 days 01:10:04,0,1,0,0,0,0,0,0,0
2,70,6,Regular Play,Brazil,3857269,0 days 01:10:06,1,0,0,0,0,0,0,0,0
2,70,9,Regular Play,Brazil,3857269,0 days 01:10:09,0,0,0,0,0,0,1,0,0
2,70,10,Regular Play,Switzerland,3857269,0 days 01:10:10,0,0,0,0,0,1,0,0,0
2,70,11,Regular Play,Switzerland,3857269,0 days 01:10:11,0,0,0,0,0,0,1,0,0
2,70,12,Regular Play,Switzerland,3857269,0 days 01:10:12,0,0,0,0,0,0,1,0,0
2,70,20,Regular Play,Switzerland,3857269,0 days 01:10:20,0,0,0,0,0,0,1,0,0
2,70,23,Regular Play,Switzerland,3857269,0 days 01:10:23,0,0,0,0,0,0,1,0,0
2,70,26,Regular Play,Switzerland,3857269,0 days 01:10:26,0,0,0,0,0,0,1,0,0
2,70,30,Regular Play,Switzerland,3857269,0 days 01:10:30,0,0,0,0,0,0,1,0,0
2,70,32,Regular Play,Switzerland,3857269,0 days 01:10:32,0,0,0,0,0,0,1,0,0
2,70,36,Regular Play,Switzerland,3857269,0 days 01:10:36,0,0,0,0,0,0,1,0,0
2,70,37,Regular Play,Switzerland,3857269,0 days 01:10:37,0,0,0,0,0,0,1,0,0
2,70,41,Regular Play,Switzerland,3857269,0 days 01:10:41,0,0,0,0,0,0,1,0,0
2,70,43,Regular Play,Switzerland,3857269,0 days 01:10:43,0,0,0,0,0,0,1,0,0
2,70,44,Regular Play,Switzerland,3857269,0 days 01:10:44,0,0,0,0,0,0,1,0,0
2,70,50,Regular Play,Switzerland,3857269,0 days 01:10:50,0,0,0,0,0,0,1,0,0
2,70,52,Regular Play,Switzerland,3857269,0 days 01:10:52,0,0,0,0,0,0,1,0,0
2,70,54,Regular Play,Switzerland,3857269,0 days 01:10:54,0,0,0,0,0,0,1,0,0
2,70,55,Regular Play,Switzerland,3857269,0 days 01:10:55,0,0,0,0,0,0,1,0,0
2,70,55,Regular Play,Brazil,3857269,0 days 01:10:55,0,0,0,0,0,1,0,0,0
2,70,56,From Counter,Brazil,3857269,0 days 01:10:56,1,0,0,0,0,0,0,0,0
2,70,57,From Counter,Brazil,3857269,0 days 01:10:57,0,0,0,0,0,0,1,0,0
2,71,2,From Counter,Brazil,3857269,0 days 01:11:02,0,0,0,0,0,0,1,0,0
2,71,4,From Counter,Brazil,3857269,0 days 01:11:04,0,0,0,0,0,0,0,1,0
2,71,7,Regular Play,Switzerland,3857269,0 days 01:11:07,1,0,0,0,0,0,0,0,0
2,71,8,Regular Play,Switzerland,3857269,0 days 01:11:08,0,0,0,0,0,0,1,0,0
2,71,10,Regular Play,Switzerland,3857269,0 days 01:11:10,0,0,0,0,0,0,1,0,0
2,71,12,Regular Play,Switzerland,3857269,0 days 01:11:12,0,0,0,0,0,0,1,0,0
2,71,15,Regular Play,Switzerland,3857269,0 days 01:11:15,0,0,0,0,0,0,1,0,0
2,71,20,Regular Play,Switzerland,3857269,0 days 01:11:20,0,0,0,0,0,0,1,0,0
2,71,22,Regular Play,Switzerland,3857269,0 days 01:11:22,0,0,0,0,0,0,1,0,0
2,71,29,Regular Play,Switzerland,3857269,0 days 01:11:29,0,0,0,0,0,0,1,0,0
2,71,31,Regular Play,Switzerland,3857269,0 days 01:11:31,0,0,0,0,0,0,1,0,0
2,71,34,Regular Play,Switzerland,3857269,0 days 01:11:34,0,0,0,0,0,0,1,0,0
2,71,37,Regular Play,Brazil,3857269,0 days 01:11:37,1,0,0,0,0,0,0,0,0
2,71,38,Regular Play,Brazil,3857269,0 days 01:11:38,0,0,0,0,0,0,1,0,0
2,71,41,Regular Play,Brazil,3857269,0 days 01:11:41,0,0,0,0,0,0,1,0,0
2,71,44,Regular Play,Brazil,3857269,0 days 01:11:44,0,0,0,0,0,0,1,0,0
2,71,49,Regular Play,Brazil,3857269,0 days 01:11:49,0,0,0,0,0,0,1,0,0
2,71,53,Regular Play,Brazil,3857269,0 days 01:11:53,0,0,0,0,0,0,1,0,0
2,71,55,Regular Play,Brazil,3857269,0 days 01:11:55,0,0,0,0,0,0,1,0,0
2,71,57,Regular Play,Switzerland,3857269,0 days 01:11:57,0,0,0,0,0,0,1,0,0
2,71,58,Regular Play,Switzerland,3857269,0 days 01:11:58,0,0,0,0,0,0,1,0,0
2,72,2,Regular Play,Brazil,3857269,0 days 01:12:02,0,0,0,0,0,0,1,0,0
2,72,3,Regular Play,Brazil,3857269,0 days 01:12:03,0,0,0,0,0,0,1,0,0
2,72,8,Regular Play,Brazil,3857269,0 days 01:12:08,0,0,0,0,0,0,1,0,0
2,72,13,Regular Play,Brazil,3857269,0 days 01:12:13,0,0,0,0,0,0,1,0,0
2,72,16,Regular Play,Brazil,3857269,0 days 01:12:16,0,0,0,0,0,0,1,0,0
2,72,19,Regular Play,Brazil,3857269,0 days 01:12:19,0,0,0,0,0,0,1,0,0
2,72,21,Regular Play,Brazil,3857269,0 days 01:12:21,0,0,0,1,0,0,0,0,0
2,72,22,Regular Play,Brazil,3857269,0 days 01:12:22,0,0,0,0,0,0,1,0,0
2,72,23,Regular Play,Switzerland,3857269,0 days 01:12:23,0,1,0,0,0,0,0,0,0
2,73,7,From Throw In,Brazil,3857269,0 days 01:13:07,0,0,0,0,0,0,1,0,0
2,73,10,From Throw In,Brazil,3857269,0 days 01:13:10,0,0,0,0,0,0,1,0,0
2,73,13,From Throw In,Brazil,3857269,0 days 01:13:13,0,0,0,0,0,0,1,0,0
2,73,16,From Throw In,Brazil,3857269,0 days 01:13:16,0,0,0,0,0,0,1,0,0
2,73,18,From Throw In,Brazil,3857269,0 days 01:13:18,0,0,0,0,0,0,1,0,0
2,73,20,From Throw In,Switzerland,3857269,0 days 01:13:20,0,1,0,0,0,0,0,0,0
2,73,22,From Throw In,Switzerland,3857269,0 days 01:13:22,0,1,0,0,0,0,0,0,0
2,73,25,From Throw In,Brazil,3857269,0 days 01:13:25,0,0,0,0,0,0,1,0,0
2,73,28,From Throw In,Brazil,3857269,0 days 01:13:28,0,0,0,0,0,0,1,0,0
2,73,31,From Throw In,Brazil,3857269,0 days 01:13:31,0,0,0,0,0,0,1,0,0
2,73,32,From Throw In,Switzerland,3857269,0 days 01:13:32,0,1,0,0,0,0,0,0,0
2,73,34,From Throw In,Brazil,3857269,0 days 01:13:34,0,0,0,0,0,0,1,0,0
2,73,36,Regular Play,Switzerland,3857269,0 days 01:13:36,1,0,0,0,0,0,0,0,0
2,73,37,Regular Play,Switzerland,3857269,0 days 01:13:37,0,0,0,0,0,0,1,0,0
2,73,38,Regular Play,Switzerland,3857269,0 days 01:13:38,0,0,0,0,0,0,1,0,0
2,73,41,Regular Play,Switzerland,3857269,0 days 01:13:41,0,0,0,0,0,0,1,0,0
2,73,43,Regular Play,Brazil,3857269,0 days 01:13:43,1,0,0,0,0,0,0,0,0
2,73,45,Regular Play,Brazil,3857269,0 days 01:13:45,0,0,0,0,0,0,1,0,0
2,73,49,Regular Play,Brazil,3857269,0 days 01:13:49,0,0,0,0,0,0,1,0,0
2,73,55,Regular Play,Brazil,3857269,0 days 01:13:55,0,0,0,1,0,0,0,0,0
2,73,55,Regular Play,Switzerland,3857269,0 days 01:13:55,0,0,0,0,0,0,0,0,1
2,73,55,Regular Play,Switzerland,3857269,0 days 01:13:55,0,0,0,0,0,0,1,0,0
2,74,4,From Throw In,Brazil,3857269,0 days 01:14:04,0,0,0,0,0,0,1,0,0
2,74,8,From Throw In,Brazil,3857269,0 days 01:14:08,0,0,0,0,0,0,1,0,0
2,74,14,From Throw In,Brazil,3857269,0 days 01:14:14,0,0,0,0,0,0,1,0,0
2,74,19,From Throw In,Brazil,3857269,0 days 01:14:19,0,0,0,0,0,0,1,0,0
2,74,21,From Throw In,Brazil,3857269,0 days 01:14:21,0,0,0,0,0,0,1,0,0
2,74,23,From Throw In,Brazil,3857269,0 days 01:14:23,0,0,0,0,0,0,1,0,0
2,74,25,From Throw In,Switzerland,3857269,0 days 01:14:25,0,0,0,0,1,0,0,0,0
2,75,36,From Free Kick,Brazil,3857269,0 days 01:15:36,0,0,0,0,0,0,1,0,0
2,75,51,From Goal Kick,Switzerland,3857269,0 days 01:15:51,0,0,0,0,0,0,1,0,0
2,75,57,From Goal Kick,Switzerland,3857269,0 days 01:15:57,0,0,0,0,0,0,1,0,0
2,75,58,From Goal Kick,Switzerland,3857269,0 days 01:15:58,0,0,0,0,0,0,1,0,0
2,76,0,From Goal Kick,Switzerland,3857269,0 days 01:16:00,0,0,0,0,0,0,1,0,0
2,76,7,From Goal Kick,Switzerland,3857269,0 days 01:16:07,0,0,0,0,0,0,1,0,0
2,76,8,From Goal Kick,Switzerland,3857269,0 days 01:16:08,0,0,0,0,0,0,1,0,0
2,76,11,From Goal Kick,Switzerland,3857269,0 days 01:16:11,0,0,0,0,0,0,1,0,0
2,76,13,Regular Play,Brazil,3857269,0 days 01:16:13,0,0,0,0,0,0,1,0,0
2,76,15,Regular Play,Brazil,3857269,0 days 01:16:15,0,0,0,0,0,0,1,0,0
2,76,17,Regular Play,Brazil,3857269,0 days 01:16:17,0,0,0,1,0,0,0,0,0
2,76,18,Regular Play,Brazil,3857269,0 days 01:16:18,0,0,0,0,0,0,1,0,0
2,76,19,Regular Play,Brazil,3857269,0 days 01:16:19,0,0,0,0,0,0,1,0,0
2,76,21,Regular Play,Brazil,3857269,0 days 01:16:21,0,0,0,0,0,0,1,0,0
2,76,23,Regular Play,Brazil,3857269,0 days 01:16:23,0,0,0,0,0,0,1,0,0
2,76,27,Regular Play,Brazil,3857269,0 days 01:16:27,0,0,0,0,0,0,1,0,0
2,76,29,Regular Play,Switzerland,3857269,0 days 01:16:29,0,0,0,0,0,0,1,0,0
2,76,31,Regular Play,Brazil,3857269,0 days 01:16:31,0,0,0,0,0,1,0,0,0
2,76,32,Regular Play,Brazil,3857269,0 days 01:16:32,0,0,0,1,0,0,0,0,0
2,76,33,Regular Play,Brazil,3857269,0 days 01:16:33,0,0,0,0,0,0,1,0,0
2,76,37,Regular Play,Brazil,3857269,0 days 01:16:37,0,0,0,0,0,0,1,0,0
2,76,40,Regular Play,Brazil,3857269,0 days 01:16:40,0,0,0,0,0,0,1,0,0
2,76,43,Regular Play,Brazil,3857269,0 days 01:16:43,0,0,0,0,0,0,1,0,0
2,76,45,Regular Play,Brazil,3857269,0 days 01:16:45,0,0,0,0,0,0,1,0,0
2,76,48,Regular Play,Brazil,3857269,0 days 01:16:48,0,0,0,0,0,0,1,0,0
2,76,50,Regular Play,Brazil,3857269,0 days 01:16:50,0,0,0,0,0,0,1,0,0
2,76,55,Regular Play,Brazil,3857269,0 days 01:16:55,0,0,0,0,0,0,1,0,0
2,76,57,Regular Play,Brazil,3857269,0 days 01:16:57,0,0,0,0,0,0,1,0,0
2,67,0,Regular Play,Uruguay,3857270,0 days 01:07:00,1,0,0,0,0,0,0,0,0
2,67,1,Regular Play,Uruguay,3857270,0 days 01:07:01,0,0,0,0,0,0,1,0,0
2,67,3,Regular Play,Uruguay,3857270,0 days 01:07:03,0,0,0,0,0,0,1,0,0
2,67,6,Regular Play,Portugal,3857270,0 days 01:07:06,0,0,0,0,0,0,1,0,0
2,67,13,From Throw In,Uruguay,3857270,0 days 01:07:13,0,0,0,0,0,0,1,0,0
2,67,21,From Throw In,Uruguay,3857270,0 days 01:07:21,0,0,0,0,0,0,1,0,0
2,67,23,From Throw In,Uruguay,3857270,0 days 01:07:23,0,0,0,0,0,0,1,0,0
2,67,25,From Throw In,Uruguay,3857270,0 days 01:07:25,0,0,0,0,0,0,1,0,0
2,67,29,From Throw In,Uruguay,3857270,0 days 01:07:29,0,0,0,0,0,0,1,0,0
2,67,32,From Throw In,Portugal,3857270,0 days 01:07:32,0,0,0,0,0,0,1,0,0
2,67,34,From Throw In,Portugal,3857270,0 days 01:07:34,0,0,0,0,0,0,1,0,0
2,67,44,From Throw In,Uruguay,3857270,0 days 01:07:44,0,0,0,0,0,0,1,0,0
2,67,47,From Throw In,Uruguay,3857270,0 days 01:07:47,0,0,0,0,0,0,1,0,0
2,67,52,From Throw In,Uruguay,3857270,0 days 01:07:52,0,0,0,0,0,0,1,0,0
2,67,56,From Throw In,Uruguay,3857270,0 days 01:07:56,0,0,0,0,0,0,1,0,0
2,67,59,From Throw In,Uruguay,3857270,0 days 01:07:59,0,0,0,0,0,0,1,0,0
2,68,5,From Throw In,Uruguay,3857270,0 days 01:08:05,0,0,0,0,0,0,1,0,0
2,68,9,From Throw In,Portugal,3857270,0 days 01:08:09,0,0,0,0,1,0,0,0,0
2,68,55,From Free Kick,Uruguay,3857270,0 days 01:08:55,0,0,0,0,0,0,1,0,0
2,68,58,From Free Kick,Uruguay,3857270,0 days 01:08:58,0,0,0,0,0,0,1,0,0
2,69,0,From Free Kick,Uruguay,3857270,0 days 01:09:00,0,0,0,0,0,0,1,0,0
2,69,2,From Free Kick,Uruguay,3857270,0 days 01:09:02,0,0,0,0,0,0,1,0,0
2,69,4,From Free Kick,Uruguay,3857270,0 days 01:09:04,0,0,0,0,0,0,1,0,0
2,69,5,From Free Kick,Uruguay,3857270,0 days 01:09:05,0,0,0,0,0,0,1,0,0
2,69,7,From Free Kick,Uruguay,3857270,0 days 01:09:07,0,0,0,0,0,0,1,0,0
2,69,8,From Free Kick,Uruguay,3857270,0 days 01:09:08,0,0,0,1,0,0,0,0,0
2,69,9,From Free Kick,Portugal,3857270,0 days 01:09:09,0,1,0,0,0,0,0,0,0
2,69,10,From Free Kick,Uruguay,3857270,0 days 01:09:10,0,0,0,0,0,0,1,0,0
2,69,11,From Free Kick,Portugal,3857270,0 days 01:09:11,0,1,0,0,0,0,0,0,0
2,69,12,Regular Play,Portugal,3857270,0 days 01:09:12,1,0,0,0,0,0,0,0,0
2,69,12,Regular Play,Portugal,3857270,0 days 01:09:12,0,0,0,0,0,0,1,0,0
2,69,17,Regular Play,Portugal,3857270,0 days 01:09:17,0,0,0,0,0,0,1,0,0
2,69,18,Regular Play,Portugal,3857270,0 days 01:09:18,0,0,0,0,0,0,1,0,0
2,69,27,Regular Play,Portugal,3857270,0 days 01:09:27,0,0,0,0,0,0,1,0,0
2,69,31,Regular Play,Portugal,3857270,0 days 01:09:31,0,0,0,0,0,0,1,0,0
2,69,39,Regular Play,Portugal,3857270,0 days 01:09:39,0,0,1,0,0,0,0,0,0
2,69,39,Regular Play,Uruguay,3857270,0 days 01:09:39,0,0,0,0,0,0,0,0,1
2,69,45,Regular Play,Uruguay,3857270,0 days 01:09:45,0,0,0,0,0,0,1,0,0
2,69,48,Regular Play,Uruguay,3857270,0 days 01:09:48,0,0,1,0,0,0,0,0,0
2,69,48,Regular Play,Portugal,3857270,0 days 01:09:48,0,0,0,0,0,0,0,0,1
2,69,48,Regular Play,Uruguay,3857270,0 days 01:09:48,1,0,0,0,0,0,0,0,0
2,69,50,Regular Play,Portugal,3857270,0 days 01:09:50,0,0,0,0,0,0,1,0,0
2,69,55,Regular Play,Portugal,3857270,0 days 01:09:55,0,0,0,0,0,0,1,0,0
2,69,58,Regular Play,Portugal,3857270,0 days 01:09:58,0,0,0,1,0,0,0,0,0
2,69,58,Regular Play,Uruguay,3857270,0 days 01:09:58,0,0,0,0,0,0,0,0,1
2,69,59,Regular Play,Uruguay,3857270,0 days 01:09:59,1,0,0,0,0,0,0,0,0
2,70,1,Regular Play,Uruguay,3857270,0 days 01:10:01,0,0,0,0,0,0,1,0,0
2,70,9,Regular Play,Uruguay,3857270,0 days 01:10:09,0,0,0,0,0,0,1,0,0
2,70,15,Regular Play,Uruguay,3857270,0 days 01:10:15,0,0,0,0,0,0,1,0,0
2,70,17,Regular Play,Uruguay,3857270,0 days 01:10:17,0,0,0,0,0,0,1,0,0
2,70,18,Regular Play,Uruguay,3857270,0 days 01:10:18,0,0,0,0,0,0,1,0,0
2,70,19,Regular Play,Uruguay,3857270,0 days 01:10:19,0,0,0,0,0,0,1,0,0
2,70,20,Regular Play,Portugal,3857270,0 days 01:10:20,0,1,0,0,0,0,0,0,0
2,70,22,Regular Play,Uruguay,3857270,0 days 01:10:22,0,0,0,0,0,0,1,0,0
2,70,24,Regular Play,Portugal,3857270,0 days 01:10:24,0,1,0,0,0,0,0,0,0
2,70,25,Regular Play,Portugal,3857270,0 days 01:10:25,0,1,0,0,0,0,0,0,0
2,70,30,Regular Play,Uruguay,3857270,0 days 01:10:30,1,0,0,0,0,0,0,0,0
2,70,32,Regular Play,Uruguay,3857270,0 days 01:10:32,0,0,0,0,0,0,1,0,0
2,70,40,Regular Play,Uruguay,3857270,0 days 01:10:40,0,0,0,0,0,0,1,0,0
2,70,43,Regular Play,Uruguay,3857270,0 days 01:10:43,0,0,0,0,0,0,1,0,0
2,71,3,From Throw In,Uruguay,3857270,0 days 01:11:03,0,0,0,0,0,0,1,0,0
2,71,6,From Throw In,Uruguay,3857270,0 days 01:11:06,0,0,0,0,0,0,1,0,0
2,71,12,From Throw In,Uruguay,3857270,0 days 01:11:12,0,0,0,0,0,0,1,0,0
2,71,16,From Throw In,Uruguay,3857270,0 days 01:11:16,0,0,0,0,0,0,1,0,0
2,71,17,From Throw In,Uruguay,3857270,0 days 01:11:17,0,0,0,0,0,0,1,0,0
2,71,20,From Throw In,Uruguay,3857270,0 days 01:11:20,0,0,0,0,0,0,1,0,0
2,71,21,From Throw In,Uruguay,3857270,0 days 01:11:21,0,0,0,0,0,0,1,0,0
2,71,24,From Throw In,Uruguay,3857270,0 days 01:11:24,0,0,1,0,0,0,0,0,0
2,71,24,From Throw In,Portugal,3857270,0 days 01:11:24,0,0,0,0,0,0,0,0,1
2,71,26,From Throw In,Portugal,3857270,0 days 01:11:26,0,0,0,0,0,0,1,0,0
2,71,28,From Throw In,Uruguay,3857270,0 days 01:11:28,0,0,0,0,0,1,0,0,0
2,72,59,From Goal Kick,Portugal,3857270,0 days 01:12:59,0,0,0,0,0,0,1,0,0
2,73,8,Regular Play,Uruguay,3857270,0 days 01:13:08,0,0,0,0,0,0,1,0,0
2,73,11,Regular Play,Uruguay,3857270,0 days 01:13:11,0,0,0,0,0,0,1,0,0
2,73,12,Regular Play,Uruguay,3857270,0 days 01:13:12,0,0,0,0,0,0,1,0,0
2,73,15,Regular Play,Uruguay,3857270,0 days 01:13:15,0,0,0,0,0,0,1,0,0
2,73,20,Regular Play,Portugal,3857270,0 days 01:13:20,1,0,0,0,0,0,0,0,0
2,73,21,Regular Play,Portugal,3857270,0 days 01:13:21,0,0,0,0,0,0,1,0,0
2,73,24,Regular Play,Uruguay,3857270,0 days 01:13:24,0,0,0,0,0,0,1,0,0
2,73,26,Regular Play,Portugal,3857270,0 days 01:13:26,0,0,0,0,0,0,1,0,0
2,73,28,Regular Play,Portugal,3857270,0 days 01:13:28,0,0,0,1,0,0,0,0,0
2,73,28,Regular Play,Uruguay,3857270,0 days 01:13:28,0,0,0,0,0,0,0,0,1
2,73,30,Regular Play,Uruguay,3857270,0 days 01:13:30,1,0,0,0,0,0,0,0,0
2,73,36,Regular Play,Portugal,3857270,0 days 01:13:36,0,1,0,0,0,0,0,0,0
2,73,50,From Throw In,Uruguay,3857270,0 days 01:13:50,0,0,0,0,0,0,1,0,0
2,73,51,From Throw In,Uruguay,3857270,0 days 01:13:51,0,0,0,0,0,0,1,0,0
2,73,55,From Throw In,Uruguay,3857270,0 days 01:13:55,0,0,0,0,0,0,1,0,0
2,74,1,From Throw In,Uruguay,3857270,0 days 01:14:01,0,0,0,0,0,0,1,0,0
2,74,2,From Throw In,Uruguay,3857270,0 days 01:14:02,0,0,0,0,0,0,1,0,0
2,74,5,From Throw In,Uruguay,3857270,0 days 01:14:05,0,0,0,0,0,0,1,0,0
2,74,9,From Throw In,Uruguay,3857270,0 days 01:14:09,0,0,1,0,0,0,0,0,0
2,74,9,From Throw In,Portugal,3857270,0 days 01:14:09,0,0,0,0,0,0,0,0,1
2,74,11,From Throw In,Uruguay,3857270,0 days 01:14:11,1,0,0,0,0,0,0,0,0
2,74,12,From Throw In,Uruguay,3857270,0 days 01:14:12,0,0,0,0,0,0,1,0,0
2,74,13,From Throw In,Uruguay,3857270,0 days 01:14:13,0,0,0,0,0,0,1,0,0
2,74,15,From Throw In,Uruguay,3857270,0 days 01:14:15,0,0,0,0,0,0,1,0,0
2,74,16,From Throw In,Uruguay,3857270,0 days 01:14:16,0,0,0,0,0,0,0,1,0
2,74,19,From Throw In,Portugal,3857270,0 days 01:14:19,0,1,0,0,0,0,0,0,0
2,74,23,From Throw In,Uruguay,3857270,0 days 01:14:23,1,0,0,0,0,0,0,0,0
2,74,27,From Throw In,Uruguay,3857270,0 days 01:14:27,0,0,0,0,0,0,1,0,0
2,74,28,From Throw In,Uruguay,3857270,0 days 01:14:28,0,0,0,0,0,0,1,0,0
2,74,29,From Throw In,Portugal,3857270,0 days 01:14:29,0,0,0,0,0,0,1,0,0
2,74,30,From Throw In,Uruguay,3857270,0 days 01:14:30,0,0,0,0,0,0,1,0,0
2,74,32,From Throw In,Uruguay,3857270,0 days 01:14:32,0,0,1,0,0,0,0,0,0
2,74,32,From Throw In,Portugal,3857270,0 days 01:14:32,0,0,0,0,0,0,0,0,1
2,74,34,From Throw In,Uruguay,3857270,0 days 01:14:34,1,0,0,0,0,0,0,0,0
2,74,34,From Throw In,Uruguay,3857270,0 days 01:14:34,0,0,0,0,0,0,1,0,0
2,74,35,Regular Play,Portugal,3857270,0 days 01:14:35,0,0,0,0,0,0,1,0,0
2,74,36,Regular Play,Portugal,3857270,0 days 01:14:36,0,0,0,0,0,0,1,0,0
2,74,38,Regular Play,Portugal,3857270,0 days 01:14:38,0,0,0,0,0,0,1,0,0
2,74,41,Regular Play,Portugal,3857270,0 days 01:14:41,0,0,0,0,0,0,1,0,0
2,74,42,Regular Play,Portugal,3857270,0 days 01:14:42,0,0,0,0,0,0,1,0,0
2,74,43,Regular Play,Portugal,3857270,0 days 01:14:43,0,0,0,0,0,0,1,0,0
2,74,46,Regular Play,Portugal,3857270,0 days 01:14:46,0,0,0,0,0,0,1,0,0
2,74,49,Regular Play,Portugal,3857270,0 days 01:14:49,0,0,0,0,0,0,1,0,0
2,74,51,Regular Play,Portugal,3857270,0 days 01:14:51,0,0,0,0,0,0,1,0,0
2,74,54,Regular Play,Portugal,3857270,0 days 01:14:54,0,0,0,0,0,0,1,0,0
2,74,59,Regular Play,Portugal,3857270,0 days 01:14:59,0,0,0,0,0,0,1,0,0
2,75,20,From Goal Kick,Uruguay,3857270,0 days 01:15:20,0,0,0,0,0,0,1,0,0
2,75,21,From Goal Kick,Uruguay,3857270,0 days 01:15:21,0,0,0,0,0,0,1,0,0
2,75,24,From Goal Kick,Uruguay,3857270,0 days 01:15:24,0,0,0,0,0,0,1,0,0
2,75,29,From Goal Kick,Uruguay,3857270,0 days 01:15:29,0,0,0,0,0,0,1,0,0
2,75,33,From Goal Kick,Uruguay,3857270,0 days 01:15:33,0,0,0,0,0,0,1,0,0
2,75,38,From Goal Kick,Uruguay,3857270,0 days 01:15:38,0,0,0,0,0,0,1,0,0
2,75,39,From Goal Kick,Uruguay,3857270,0 days 01:15:39,0,0,0,0,0,0,1,0,0
2,75,42,From Goal Kick,Uruguay,3857270,0 days 01:15:42,0,0,0,0,0,0,1,0,0
2,75,44,From Goal Kick,Uruguay,3857270,0 days 01:15:44,0,0,0,0,0,0,1,0,0
2,75,50,From Goal Kick,Uruguay,3857270,0 days 01:15:50,0,0,0,0,0,0,1,0,0
2,76,4,From Throw In,Portugal,3857270,0 days 01:16:04,0,0,0,0,0,0,1,0,0
2,76,6,Regular Play,Uruguay,3857270,0 days 01:16:06,0,0,0,0,0,0,1,0,0
2,76,8,Regular Play,Portugal,3857270,0 days 01:16:08,0,1,0,0,0,0,0,0,0
2,76,8,Regular Play,Uruguay,3857270,0 days 01:16:08,0,0,0,0,0,0,1,0,0
2,76,9,Regular Play,Uruguay,3857270,0 days 01:16:09,0,0,0,0,0,0,1,0,0
2,76,10,Regular Play,Uruguay,3857270,0 days 01:16:10,0,0,0,0,0,0,1,0,0
2,76,11,Regular Play,Uruguay,3857270,0 days 01:16:11,0,0,0,0,0,0,1,0,0
2,76,12,Regular Play,Portugal,3857270,0 days 01:16:12,0,0,0,0,1,0,0,0,0
2,67,54,From Kick Off,England,3857271,0 days 01:07:54,0,0,0,0,0,0,1,0,0
2,67,56,From Kick Off,England,3857271,0 days 01:07:56,0,0,0,0,0,0,1,0,0
2,68,21,From Throw In,Iran,3857271,0 days 01:08:21,0,0,0,0,0,0,1,0,0
2,68,23,From Throw In,Iran,3857271,0 days 01:08:23,0,0,0,0,0,0,1,0,0
2,68,26,From Throw In,Iran,3857271,0 days 01:08:26,0,0,1,0,0,0,0,0,0
2,68,26,From Throw In,England,3857271,0 days 01:08:26,0,0,0,0,0,0,0,0,1
2,68,27,From Throw In,England,3857271,0 days 01:08:27,1,0,0,0,0,0,0,0,0
2,68,27,From Throw In,England,3857271,0 days 01:08:27,0,0,0,0,0,0,1,0,0
2,68,32,From Throw In,England,3857271,0 days 01:08:32,0,0,0,0,0,0,1,0,0
2,68,36,From Throw In,Iran,3857271,0 days 01:08:36,0,0,0,0,0,0,1,0,0
2,68,38,From Throw In,Iran,3857271,0 days 01:08:38,0,0,0,1,0,0,0,0,0
2,68,40,From Throw In,Iran,3857271,0 days 01:08:40,0,0,0,0,0,0,1,0,0
2,68,42,From Throw In,Iran,3857271,0 days 01:08:42,0,0,0,0,0,0,1,0,0
2,68,46,From Throw In,Iran,3857271,0 days 01:08:46,0,0,0,0,0,0,1,0,0
2,68,48,From Throw In,England,3857271,0 days 01:08:48,0,0,0,0,0,0,1,0,0
2,68,50,From Throw In,England,3857271,0 days 01:08:50,0,0,0,0,0,0,1,0,0
2,68,51,From Throw In,Iran,3857271,0 days 01:08:51,0,0,0,0,0,1,0,0,0
2,68,53,From Throw In,Iran,3857271,0 days 01:08:53,0,0,0,0,0,0,1,0,0
2,68,54,From Throw In,England,3857271,0 days 01:08:54,1,0,0,0,0,0,0,0,0
2,68,55,From Throw In,Iran,3857271,0 days 01:08:55,1,0,0,0,0,0,0,0,0
2,68,56,From Throw In,Iran,3857271,0 days 01:08:56,0,0,0,0,0,0,1,0,0
2,69,1,From Throw In,Iran,3857271,0 days 01:09:01,0,0,0,0,0,0,1,0,0
2,69,3,From Throw In,Iran,3857271,0 days 01:09:03,0,0,0,0,0,0,0,1,0
2,69,5,From Throw In,Iran,3857271,0 days 01:09:05,1,0,0,0,0,0,0,0,0
2,69,5,From Throw In,Iran,3857271,0 days 01:09:05,0,0,0,0,0,0,0,1,0
2,70,27,From Goal Kick,England,3857271,0 days 01:10:27,0,0,0,0,0,0,1,0,0
2,70,31,From Goal Kick,Iran,3857271,0 days 01:10:31,0,0,0,0,0,0,1,0,0
2,70,33,From Goal Kick,Iran,3857271,0 days 01:10:33,0,0,0,0,0,0,1,0,0
2,70,35,From Goal Kick,England,3857271,0 days 01:10:35,1,0,0,0,0,0,0,0,0
2,70,39,From Goal Kick,England,3857271,0 days 01:10:39,0,0,0,0,0,0,1,0,0
2,70,41,From Goal Kick,England,3857271,0 days 01:10:41,0,0,0,0,0,0,1,0,0
2,70,47,From Goal Kick,England,3857271,0 days 01:10:47,0,0,0,0,0,0,1,0,0
2,70,51,From Goal Kick,England,3857271,0 days 01:10:51,0,0,0,0,0,0,0,1,0
2,71,50,From Kick Off,Iran,3857271,0 days 01:11:50,0,0,0,0,0,0,1,0,0
2,71,58,From Kick Off,Iran,3857271,0 days 01:11:58,0,0,0,0,0,0,1,0,0
2,72,11,From Throw In,England,3857271,0 days 01:12:11,0,0,0,0,0,0,1,0,0
2,72,13,From Throw In,England,3857271,0 days 01:12:13,0,0,0,0,0,0,1,0,0
2,72,17,From Throw In,England,3857271,0 days 01:12:17,0,0,0,0,0,0,1,0,0
2,72,22,From Throw In,England,3857271,0 days 01:12:22,0,0,0,0,0,0,1,0,0
2,72,25,From Throw In,England,3857271,0 days 01:12:25,0,0,0,0,0,0,1,0,0
2,72,30,From Throw In,England,3857271,0 days 01:12:30,0,0,0,0,0,0,1,0,0
2,72,33,From Throw In,England,3857271,0 days 01:12:33,0,0,0,0,0,0,1,0,0
2,72,36,From Throw In,England,3857271,0 days 01:12:36,0,0,0,0,0,0,1,0,0
2,72,38,From Throw In,England,3857271,0 days 01:12:38,0,0,0,0,0,0,1,0,0
2,72,40,From Throw In,England,3857271,0 days 01:12:40,0,0,0,0,0,0,1,0,0
2,72,45,From Throw In,England,3857271,0 days 01:12:45,0,0,0,0,0,0,1,0,0
2,72,47,From Throw In,England,3857271,0 days 01:12:47,0,0,0,0,0,0,1,0,0
2,72,49,From Throw In,England,3857271,0 days 01:12:49,0,0,0,0,0,0,1,0,0
2,72,52,From Throw In,England,3857271,0 days 01:12:52,0,0,0,0,0,0,1,0,0
2,72,54,From Throw In,England,3857271,0 days 01:12:54,0,0,0,0,0,0,1,0,0
2,72,58,From Throw In,England,3857271,0 days 01:12:58,0,0,0,0,0,0,1,0,0
2,73,1,From Throw In,England,3857271,0 days 01:13:01,0,0,0,0,0,0,1,0,0
2,73,5,From Throw In,Iran,3857271,0 days 01:13:05,0,0,0,0,1,0,0,0,0
2,73,15,From Free Kick,England,3857271,0 days 01:13:15,0,0,0,0,0,0,1,0,0
2,73,16,From Free Kick,England,3857271,0 days 01:13:16,0,0,0,0,0,0,1,0,0
2,73,18,From Free Kick,England,3857271,0 days 01:13:18,0,0,0,0,0,0,1,0,0
2,73,20,From Free Kick,England,3857271,0 days 01:13:20,0,0,0,0,0,0,1,0,0
2,73,23,From Free Kick,England,3857271,0 days 01:13:23,0,0,0,0,0,0,1,0,0
2,73,26,From Free Kick,England,3857271,0 days 01:13:26,0,0,0,0,0,0,1,0,0
2,73,28,From Free Kick,England,3857271,0 days 01:13:28,0,0,0,0,0,0,1,0,0
2,73,33,From Free Kick,England,3857271,0 days 01:13:33,0,0,0,0,0,0,1,0,0
2,73,35,From Free Kick,England,3857271,0 days 01:13:35,0,0,0,0,0,0,1,0,0
2,73,38,From Free Kick,England,3857271,0 days 01:13:38,0,0,0,0,0,0,1,0,0
2,73,41,From Free Kick,England,3857271,0 days 01:13:41,0,0,0,0,0,0,1,0,0
2,73,46,Regular Play,Iran,3857271,0 days 01:13:46,1,0,0,0,0,0,0,0,0
2,73,47,Regular Play,Iran,3857271,0 days 01:13:47,0,0,0,0,0,0,1,0,0
2,73,50,Regular Play,Iran,3857271,0 days 01:13:50,0,0,0,0,0,0,1,0,0
2,73,50,Regular Play,Iran,3857271,0 days 01:13:50,0,0,0,0,0,0,1,0,0
2,73,52,Regular Play,Iran,3857271,0 days 01:13:52,0,0,0,0,0,0,1,0,0
2,73,56,Regular Play,Iran,3857271,0 days 01:13:56,0,0,0,0,0,0,1,0,0
2,73,58,Regular Play,Iran,3857271,0 days 01:13:58,0,0,0,0,1,0,0,0,0
2,74,0,Regular Play,England,3857271,0 days 01:14:00,0,0,0,0,0,0,1,0,0
2,74,1,Regular Play,Iran,3857271,0 days 01:14:01,0,0,0,0,0,1,0,0,0
2,74,9,Regular Play,England,3857271,0 days 01:14:09,1,0,0,0,0,0,0,0,0
2,74,13,Regular Play,England,3857271,0 days 01:14:13,0,0,0,0,0,0,1,0,0
2,74,17,Regular Play,England,3857271,0 days 01:14:17,0,0,0,0,0,0,1,0,0
2,74,18,Regular Play,England,3857271,0 days 01:14:18,0,0,0,0,0,0,1,0,0
2,74,19,Regular Play,England,3857271,0 days 01:14:19,0,0,0,0,0,0,1,0,0
2,74,23,Regular Play,England,3857271,0 days 01:14:23,0,0,0,0,0,0,1,0,0
2,74,27,Regular Play,England,3857271,0 days 01:14:27,0,0,0,0,0,0,1,0,0
2,74,29,Regular Play,England,3857271,0 days 01:14:29,0,0,0,0,0,0,1,0,0
2,74,30,Regular Play,England,3857271,0 days 01:14:30,0,0,0,0,0,0,1,0,0
2,75,25,Regular Play,Iran,3857271,0 days 01:15:25,0,0,0,0,1,0,0,0,0
2,75,44,From Throw In,England,3857271,0 days 01:15:44,0,0,0,0,0,0,1,0,0
2,75,47,From Throw In,England,3857271,0 days 01:15:47,0,0,0,0,0,0,1,0,0
2,75,52,From Throw In,England,3857271,0 days 01:15:52,0,0,0,0,0,0,1,0,0
2,75,55,From Throw In,England,3857271,0 days 01:15:55,0,0,0,0,0,0,1,0,0
2,75,58,From Throw In,England,3857271,0 days 01:15:58,0,0,0,0,0,0,1,0,0
2,76,0,From Throw In,England,3857271,0 days 01:16:00,0,0,0,0,0,0,1,0,0
2,76,1,From Throw In,England,3857271,0 days 01:16:01,0,0,0,0,0,0,1,0,0
2,76,3,From Throw In,England,3857271,0 days 01:16:03,0,0,0,0,0,0,1,0,0
2,76,8,From Throw In,England,3857271,0 days 01:16:08,0,0,0,0,0,0,1,0,0
2,76,10,From Throw In,England,3857271,0 days 01:16:10,0,0,0,0,0,0,1,0,0
2,76,13,From Throw In,England,3857271,0 days 01:16:13,0,0,0,0,0,0,1,0,0
2,76,15,From Counter,Iran,3857271,0 days 01:16:15,0,0,0,0,0,0,1,0,0
2,76,17,From Counter,Iran,3857271,0 days 01:16:17,0,0,0,0,0,0,1,0,0
2,76,20,From Counter,Iran,3857271,0 days 01:16:20,0,0,0,0,0,0,0,1,0
2,76,46,From Goal Kick,England,3857271,0 days 01:16:46,0,0,0,0,0,0,1,0,0
2,76,52,From Goal Kick,England,3857271,0 days 01:16:52,0,0,0,0,0,0,1,0,0
2,76,54,From Goal Kick,England,3857271,0 days 01:16:54,0,0,0,0,0,0,1,0,0
2,67,4,From Throw In,United States,3857272,0 days 01:07:04,0,0,0,0,0,0,1,0,0
2,67,8,From Throw In,United States,3857272,0 days 01:07:08,0,0,0,0,0,0,1,0,0
2,67,11,From Throw In,United States,3857272,0 days 01:07:11,0,0,0,0,0,0,1,0,0
2,67,14,From Throw In,United States,3857272,0 days 01:07:14,0,0,0,0,0,0,1,0,0
2,67,18,From Throw In,United States,3857272,0 days 01:07:18,0,0,0,0,0,0,1,0,0
2,67,25,From Throw In,United States,3857272,0 days 01:07:25,0,0,0,0,0,0,1,0,0
2,67,28,From Throw In,United States,3857272,0 days 01:07:28,0,0,0,0,0,0,1,0,0
2,68,26,From Goal Kick,England,3857272,0 days 01:08:26,0,0,0,0,0,0,1,0,0
2,68,28,From Goal Kick,England,3857272,0 days 01:08:28,0,0,0,0,0,0,1,0,0
2,68,34,From Goal Kick,England,3857272,0 days 01:08:34,0,0,0,0,0,0,1,0,0
2,68,39,From Goal Kick,England,3857272,0 days 01:08:39,0,0,0,0,0,0,1,0,0
2,68,44,From Goal Kick,England,3857272,0 days 01:08:44,0,0,0,0,0,0,1,0,0
2,68,45,From Goal Kick,United States,3857272,0 days 01:08:45,0,1,0,0,0,0,0,0,0
2,68,47,From Goal Kick,England,3857272,0 days 01:08:47,1,0,0,0,0,0,0,0,0
2,68,48,From Goal Kick,England,3857272,0 days 01:08:48,0,0,0,0,0,0,1,0,0
2,68,49,From Goal Kick,England,3857272,0 days 01:08:49,0,0,0,0,0,0,1,0,0
2,68,52,From Goal Kick,England,3857272,0 days 01:08:52,0,0,0,0,0,0,1,0,0
2,68,55,From Goal Kick,England,3857272,0 days 01:08:55,0,0,0,0,0,0,1,0,0
2,68,59,From Goal Kick,England,3857272,0 days 01:08:59,0,0,0,0,0,0,1,0,0
2,69,2,From Goal Kick,England,3857272,0 days 01:09:02,0,0,0,0,0,0,1,0,0
2,69,5,From Goal Kick,England,3857272,0 days 01:09:05,0,0,0,0,0,0,1,0,0
2,69,7,From Goal Kick,United States,3857272,0 days 01:09:07,0,0,0,0,0,0,1,0,0
2,69,10,From Goal Kick,United States,3857272,0 days 01:09:10,0,0,0,0,0,0,1,0,0
2,69,14,From Goal Kick,England,3857272,0 days 01:09:14,1,0,0,0,0,0,0,0,0
2,69,16,From Goal Kick,England,3857272,0 days 01:09:16,0,0,0,0,0,0,1,0,0
2,69,19,From Goal Kick,England,3857272,0 days 01:09:19,0,0,0,0,0,0,1,0,0
2,69,23,From Goal Kick,England,3857272,0 days 01:09:23,0,0,0,0,0,0,1,0,0
2,69,25,From Goal Kick,England,3857272,0 days 01:09:25,0,0,0,0,0,0,1,0,0
2,69,28,From Goal Kick,England,3857272,0 days 01:09:28,0,0,0,0,0,0,1,0,0
2,69,30,From Goal Kick,England,3857272,0 days 01:09:30,0,0,0,0,0,0,1,0,0
2,69,35,From Goal Kick,England,3857272,0 days 01:09:35,0,0,0,0,0,0,1,0,0
2,69,39,From Goal Kick,England,3857272,0 days 01:09:39,0,0,0,0,0,0,1,0,0
2,69,41,From Goal Kick,England,3857272,0 days 01:09:41,0,0,0,0,0,0,1,0,0
2,69,50,From Goal Kick,England,3857272,0 days 01:09:50,0,0,0,0,0,0,1,0,0
2,69,50,From Goal Kick,United States,3857272,0 days 01:09:50,0,1,0,0,0,0,0,0,0
2,69,52,Regular Play,United States,3857272,0 days 01:09:52,1,0,0,0,0,0,0,0,0
2,69,52,Regular Play,United States,3857272,0 days 01:09:52,0,0,0,1,0,0,0,0,0
2,69,54,Regular Play,United States,3857272,0 days 01:09:54,0,0,0,0,0,0,1,0,0
2,69,57,Regular Play,United States,3857272,0 days 01:09:57,0,0,0,0,0,0,1,0,0
2,70,0,Regular Play,United States,3857272,0 days 01:10:00,0,0,0,0,0,0,1,0,0
2,70,5,Regular Play,England,3857272,0 days 01:10:05,0,0,0,0,1,0,0,0,0
2,70,16,From Free Kick,United States,3857272,0 days 01:10:16,0,0,0,0,0,0,1,0,0
2,70,18,From Free Kick,United States,3857272,0 days 01:10:18,0,0,0,0,0,0,1,0,0
2,70,22,From Free Kick,United States,3857272,0 days 01:10:22,0,0,0,0,0,0,1,0,0
2,70,28,From Free Kick,United States,3857272,0 days 01:10:28,0,0,0,0,0,0,1,0,0
2,70,33,From Free Kick,United States,3857272,0 days 01:10:33,0,0,0,0,0,0,1,0,0
2,70,35,From Free Kick,United States,3857272,0 days 01:10:35,0,0,0,0,0,0,1,0,0
2,70,40,From Free Kick,United States,3857272,0 days 01:10:40,0,0,0,0,0,0,1,0,0
2,70,42,From Free Kick,United States,3857272,0 days 01:10:42,0,0,0,0,0,0,1,0,0
2,70,48,From Free Kick,England,3857272,0 days 01:10:48,0,1,0,0,0,0,0,0,0
2,71,38,From Throw In,England,3857272,0 days 01:11:38,0,0,0,0,0,0,1,0,0
2,71,41,From Throw In,England,3857272,0 days 01:11:41,0,0,0,0,0,0,1,0,0
2,71,50,From Throw In,England,3857272,0 days 01:11:50,0,0,0,0,0,0,1,0,0
2,71,53,From Throw In,England,3857272,0 days 01:11:53,0,0,0,0,0,0,1,0,0
2,71,56,From Throw In,England,3857272,0 days 01:11:56,0,0,0,0,0,0,1,0,0
2,71,58,From Throw In,England,3857272,0 days 01:11:58,0,0,0,0,0,0,1,0,0
2,72,8,From Throw In,England,3857272,0 days 01:12:08,0,0,0,0,0,0,1,0,0
2,72,9,From Throw In,England,3857272,0 days 01:12:09,0,0,0,0,0,0,1,0,0
2,72,13,From Throw In,England,3857272,0 days 01:12:13,0,0,0,0,0,0,1,0,0
2,72,17,From Throw In,England,3857272,0 days 01:12:17,0,0,0,0,0,0,1,0,0
2,72,19,From Throw In,England,3857272,0 days 01:12:19,0,0,0,0,0,0,1,0,0
2,72,24,From Throw In,England,3857272,0 days 01:12:24,0,0,0,0,0,0,1,0,0
2,72,29,From Throw In,England,3857272,0 days 01:12:29,0,0,0,0,0,0,1,0,0
2,72,32,From Throw In,United States,3857272,0 days 01:12:32,0,0,0,0,1,0,0,0,0
2,72,46,From Free Kick,England,3857272,0 days 01:12:46,0,0,0,0,0,0,1,0,0
2,72,50,From Free Kick,England,3857272,0 days 01:12:50,0,0,0,0,0,0,1,0,0
2,72,54,From Free Kick,England,3857272,0 days 01:12:54,0,0,0,0,0,0,1,0,0
2,72,57,From Free Kick,England,3857272,0 days 01:12:57,0,0,0,0,0,0,1,0,0
2,72,59,From Free Kick,England,3857272,0 days 01:12:59,0,0,0,0,0,0,1,0,0
2,73,1,From Free Kick,England,3857272,0 days 01:13:01,0,0,1,0,0,0,0,0,0
2,73,1,From Free Kick,United States,3857272,0 days 01:13:01,0,0,0,0,0,0,0,0,1
2,73,2,From Free Kick,United States,3857272,0 days 01:13:02,1,0,0,0,0,0,0,0,0
2,73,3,From Free Kick,United States,3857272,0 days 01:13:03,0,0,0,0,0,0,1,0,0
2,73,6,From Free Kick,England,3857272,0 days 01:13:06,0,0,0,0,0,0,1,0,0
2,73,8,From Free Kick,England,3857272,0 days 01:13:08,0,0,0,0,0,0,1,0,0
2,73,14,From Free Kick,England,3857272,0 days 01:13:14,0,0,0,0,0,0,1,0,0
2,73,15,From Free Kick,England,3857272,0 days 01:13:15,0,0,0,0,0,0,1,0,0
2,73,18,From Free Kick,England,3857272,0 days 01:13:18,0,0,0,0,0,0,1,0,0
2,73,21,From Free Kick,England,3857272,0 days 01:13:21,0,0,0,0,0,0,1,0,0
2,73,23,From Free Kick,England,3857272,0 days 01:13:23,0,0,0,0,0,0,1,0,0
2,73,27,From Free Kick,England,3857272,0 days 01:13:27,0,0,0,0,0,0,1,0,0
2,73,30,From Free Kick,England,3857272,0 days 01:13:30,0,0,0,0,0,0,1,0,0
2,73,31,From Free Kick,England,3857272,0 days 01:13:31,0,0,0,0,0,0,1,0,0
2,73,34,From Free Kick,England,3857272,0 days 01:13:34,0,0,0,0,0,0,1,0,0
2,73,38,From Free Kick,England,3857272,0 days 01:13:38,0,0,0,0,0,0,1,0,0
2,73,41,From Free Kick,England,3857272,0 days 01:13:41,0,0,0,0,0,0,1,0,0
2,73,45,From Free Kick,England,3857272,0 days 01:13:45,0,0,0,0,0,0,1,0,0
2,73,55,From Free Kick,England,3857272,0 days 01:13:55,0,0,0,0,0,0,1,0,0
2,73,58,Regular Play,United States,3857272,0 days 01:13:58,1,0,0,0,0,0,0,0,0
2,74,0,Regular Play,United States,3857272,0 days 01:14:00,0,0,0,0,0,0,1,0,0
2,74,5,Regular Play,United States,3857272,0 days 01:14:05,0,0,0,0,0,0,1,0,0
2,74,11,Regular Play,United States,3857272,0 days 01:14:11,0,0,0,0,0,0,1,0,0
2,74,17,Regular Play,United States,3857272,0 days 01:14:17,0,0,0,0,0,0,1,0,0
2,74,20,Regular Play,England,3857272,0 days 01:14:20,0,0,0,0,0,0,1,0,0
2,74,22,Regular Play,United States,3857272,0 days 01:14:22,0,0,0,0,0,0,1,0,0
2,74,26,Regular Play,United States,3857272,0 days 01:14:26,0,0,0,0,0,0,1,0,0
2,74,27,Regular Play,United States,3857272,0 days 01:14:27,0,0,0,1,0,0,0,0,0
2,74,27,Regular Play,England,3857272,0 days 01:14:27,0,0,0,0,0,0,0,0,1
2,74,28,Regular Play,England,3857272,0 days 01:14:28,1,0,0,0,0,0,0,0,0
2,74,29,Regular Play,England,3857272,0 days 01:14:29,0,0,0,0,0,0,1,0,0
2,74,39,Regular Play,England,3857272,0 days 01:14:39,0,0,0,0,0,0,1,0,0
2,74,45,Regular Play,England,3857272,0 days 01:14:45,0,0,0,0,0,0,1,0,0
2,74,47,Regular Play,England,3857272,0 days 01:14:47,0,0,0,0,0,0,1,0,0
2,74,48,Regular Play,England,3857272,0 days 01:14:48,0,0,0,0,0,0,1,0,0
2,74,51,Regular Play,England,3857272,0 days 01:14:51,0,0,0,0,0,0,1,0,0
2,74,54,Regular Play,England,3857272,0 days 01:14:54,0,0,0,0,0,0,1,0,0
2,74,59,Regular Play,England,3857272,0 days 01:14:59,0,0,0,0,0,0,1,0,0
2,75,2,Regular Play,England,3857272,0 days 01:15:02,0,0,0,0,0,0,1,0,0
2,75,6,Regular Play,England,3857272,0 days 01:15:06,0,0,0,0,0,0,1,0,0
2,75,9,Regular Play,England,3857272,0 days 01:15:09,0,0,0,0,0,0,1,0,0
2,75,11,Regular Play,England,3857272,0 days 01:15:11,0,0,0,0,0,0,1,0,0
2,75,15,Regular Play,England,3857272,0 days 01:15:15,0,0,0,0,0,0,1,0,0
2,75,19,Regular Play,England,3857272,0 days 01:15:19,0,0,0,0,0,0,1,0,0
2,75,21,Regular Play,England,3857272,0 days 01:15:21,0,0,0,0,0,0,1,0,0
2,75,25,Regular Play,England,3857272,0 days 01:15:25,0,0,0,0,0,0,1,0,0
2,75,27,Regular Play,England,3857272,0 days 01:15:27,0,0,0,0,0,0,1,0,0
2,75,32,Regular Play,England,3857272,0 days 01:15:32,0,0,0,0,0,0,1,0,0
2,75,35,Regular Play,England,3857272,0 days 01:15:35,0,0,0,0,0,0,1,0,0
2,75,39,Regular Play,England,3857272,0 days 01:15:39,0,0,0,0,0,0,1,0,0
2,75,40,Regular Play,England,3857272,0 days 01:15:40,0,0,0,0,0,0,1,0,0
2,75,43,Regular Play,England,3857272,0 days 01:15:43,0,0,0,1,0,0,0,0,0
2,75,43,Regular Play,United States,3857272,0 days 01:15:43,0,0,0,0,0,0,0,0,1
2,75,46,Regular Play,United States,3857272,0 days 01:15:46,0,0,0,0,0,0,1,0,0
2,75,47,Regular Play,England,3857272,0 days 01:15:47,0,0,0,0,0,0,1,0,0
2,75,50,Regular Play,England,3857272,0 days 01:15:50,0,0,0,0,0,0,1,0,0
2,75,51,Regular Play,England,3857272,0 days 01:15:51,0,0,0,0,0,0,1,0,0
2,75,55,Regular Play,England,3857272,0 days 01:15:55,0,0,0,0,0,0,1,0,0
2,67,50,From Throw In,Wales,3857273,0 days 01:07:50,0,0,0,0,0,0,1,0,0
2,67,52,From Throw In,Wales,3857273,0 days 01:07:52,0,0,0,0,0,0,1,0,0
2,67,56,From Throw In,Wales,3857273,0 days 01:07:56,0,0,0,0,0,0,1,0,0
2,67,59,From Throw In,Wales,3857273,0 days 01:07:59,0,0,0,0,0,0,1,0,0
2,68,4,From Throw In,Wales,3857273,0 days 01:08:04,0,0,0,0,0,0,1,0,0
2,68,14,From Throw In,Wales,3857273,0 days 01:08:14,0,0,0,0,0,0,1,0,0
2,68,16,From Throw In,Iran,3857273,0 days 01:08:16,1,0,0,0,0,0,0,0,0
2,68,18,From Throw In,Iran,3857273,0 days 01:08:18,0,0,0,0,0,0,1,0,0
2,68,21,From Throw In,Wales,3857273,0 days 01:08:21,0,1,0,0,0,0,0,0,0
2,68,22,From Throw In,Wales,3857273,0 days 01:08:22,0,0,0,0,0,0,1,0,0
2,68,24,From Throw In,Wales,3857273,0 days 01:08:24,0,0,0,0,0,0,1,0,0
2,68,26,From Throw In,Wales,3857273,0 days 01:08:26,0,0,0,0,0,0,1,0,0
2,68,29,From Throw In,Wales,3857273,0 days 01:08:29,0,0,0,0,0,0,1,0,0
2,68,32,From Throw In,Wales,3857273,0 days 01:08:32,0,0,0,0,0,0,1,0,0
2,68,34,From Throw In,Wales,3857273,0 days 01:08:34,0,0,0,0,0,0,1,0,0
2,68,36,From Throw In,Wales,3857273,0 days 01:08:36,0,0,0,0,0,0,1,0,0
2,68,39,From Throw In,Wales,3857273,0 days 01:08:39,0,0,0,0,0,0,1,0,0
2,68,45,Regular Play,Iran,3857273,0 days 01:08:45,1,0,0,0,0,0,0,0,0
2,69,0,Regular Play,Iran,3857273,0 days 01:09:00,0,0,0,0,0,0,1,0,0
2,69,5,Regular Play,Wales,3857273,0 days 01:09:05,0,1,0,0,0,0,0,0,0
2,69,8,Regular Play,Iran,3857273,0 days 01:09:08,0,0,0,0,0,0,1,0,0
2,69,12,Regular Play,Iran,3857273,0 days 01:09:12,0,0,0,0,0,0,1,0,0
2,69,15,Regular Play,Iran,3857273,0 days 01:09:15,0,0,0,0,0,0,1,0,0
2,69,18,Regular Play,Wales,3857273,0 days 01:09:18,1,0,0,0,0,0,0,0,0
2,69,23,Regular Play,Wales,3857273,0 days 01:09:23,0,0,0,0,0,0,1,0,0
2,69,28,Regular Play,Wales,3857273,0 days 01:09:28,0,0,0,0,0,0,1,0,0
2,69,31,Regular Play,Wales,3857273,0 days 01:09:31,0,0,0,0,0,0,1,0,0
2,69,32,Regular Play,Iran,3857273,0 days 01:09:32,0,0,0,0,0,1,0,0,0
2,69,35,Regular Play,Iran,3857273,0 days 01:09:35,0,0,0,0,0,0,1,0,0
2,69,36,Regular Play,Iran,3857273,0 days 01:09:36,0,0,0,0,0,0,1,0,0
2,69,38,Regular Play,Iran,3857273,0 days 01:09:38,0,0,0,0,0,0,1,0,0
2,69,41,Regular Play,Iran,3857273,0 days 01:09:41,0,0,0,0,0,0,1,0,0
2,69,46,Regular Play,Iran,3857273,0 days 01:09:46,0,0,0,0,0,0,1,0,0
2,69,48,Regular Play,Iran,3857273,0 days 01:09:48,1,0,0,0,0,0,0,0,0
2,69,48,Regular Play,Iran,3857273,0 days 01:09:48,0,0,0,0,0,0,0,1,0
2,69,51,Regular Play,Iran,3857273,0 days 01:09:51,0,0,0,0,0,0,1,0,0
2,69,52,Regular Play,Wales,3857273,0 days 01:09:52,0,1,0,0,0,0,0,0,0
2,70,26,From Corner,Iran,3857273,0 days 01:10:26,0,0,0,0,0,0,1,0,0
2,70,33,From Corner,Iran,3857273,0 days 01:10:33,0,0,0,0,0,0,1,0,0
2,70,35,From Corner,Iran,3857273,0 days 01:10:35,0,0,0,0,0,0,1,0,0
2,70,37,From Corner,Iran,3857273,0 days 01:10:37,0,0,0,0,0,0,1,0,0
2,70,38,From Corner,Wales,3857273,0 days 01:10:38,1,0,0,0,0,0,0,0,0
2,70,42,From Corner,Wales,3857273,0 days 01:10:42,0,0,0,0,0,0,1,0,0
2,70,45,From Corner,Wales,3857273,0 days 01:10:45,0,0,0,0,0,0,1,0,0
2,70,50,From Corner,Iran,3857273,0 days 01:10:50,1,0,0,0,0,0,0,0,0
2,71,1,From Corner,Iran,3857273,0 days 01:11:01,0,0,0,0,0,0,1,0,0
2,71,4,From Corner,Iran,3857273,0 days 01:11:04,0,0,0,0,0,0,1,0,0
2,71,10,From Corner,Iran,3857273,0 days 01:11:10,0,0,0,0,0,0,1,0,0
2,71,12,From Corner,Wales,3857273,0 days 01:11:12,0,0,0,0,0,0,1,0,0
2,71,14,From Corner,Iran,3857273,0 days 01:11:14,1,0,0,0,0,0,0,0,0
2,71,19,From Corner,Iran,3857273,0 days 01:11:19,0,0,0,0,0,0,1,0,0
2,71,22,From Corner,Iran,3857273,0 days 01:11:22,0,0,0,0,0,0,1,0,0
2,71,23,From Corner,Wales,3857273,0 days 01:11:23,0,1,0,0,0,0,0,0,0
2,71,37,From Corner,Iran,3857273,0 days 01:11:37,0,0,0,0,0,0,1,0,0
2,71,40,From Corner,Iran,3857273,0 days 01:11:40,0,0,0,0,0,0,1,0,0
2,71,42,From Corner,Iran,3857273,0 days 01:11:42,1,0,0,0,0,0,0,0,0
2,71,42,From Corner,Iran,3857273,0 days 01:11:42,0,0,0,0,0,0,0,1,0
2,71,46,From Corner,Wales,3857273,0 days 01:11:46,0,0,0,0,0,0,1,0,0
2,71,50,From Corner,Iran,3857273,0 days 01:11:50,1,0,0,0,0,0,0,0,0
2,71,55,Regular Play,Wales,3857273,0 days 01:11:55,1,0,0,0,0,0,0,0,0
2,71,55,Regular Play,Wales,3857273,0 days 01:11:55,0,0,0,1,0,0,0,0,0
2,71,55,Regular Play,Iran,3857273,0 days 01:11:55,0,0,0,0,0,0,0,0,1
2,71,56,Regular Play,Wales,3857273,0 days 01:11:56,1,0,0,0,0,0,0,0,0
2,71,57,Regular Play,Wales,3857273,0 days 01:11:57,0,0,0,0,0,0,1,0,0
2,72,0,Regular Play,Wales,3857273,0 days 01:12:00,0,0,0,0,0,0,1,0,0
2,72,1,Regular Play,Iran,3857273,0 days 01:12:01,0,0,0,0,0,0,1,0,0
2,72,5,Regular Play,Wales,3857273,0 days 01:12:05,1,0,0,0,0,0,0,0,0
2,72,6,Regular Play,Wales,3857273,0 days 01:12:06,0,0,0,0,0,0,1,0,0
2,72,8,Regular Play,Wales,3857273,0 days 01:12:08,0,0,0,0,0,0,1,0,0
2,72,15,Regular Play,Wales,3857273,0 days 01:12:15,0,0,0,0,0,0,1,0,0
2,72,16,Regular Play,Iran,3857273,0 days 01:12:16,0,0,0,0,0,0,1,0,0
2,72,22,Regular Play,Iran,3857273,0 days 01:12:22,0,0,0,0,0,0,1,0,0
2,72,25,Regular Play,Iran,3857273,0 days 01:12:25,0,0,0,0,0,0,1,0,0
2,72,27,Regular Play,Iran,3857273,0 days 01:12:27,0,0,0,0,0,0,0,1,0
2,72,39,From Corner,Iran,3857273,0 days 01:12:39,0,0,0,0,0,0,1,0,0
2,72,42,From Corner,Iran,3857273,0 days 01:12:42,0,0,0,0,0,0,1,0,0
2,72,44,From Corner,Wales,3857273,0 days 01:12:44,0,1,0,0,0,0,0,0,0
2,73,43,From Corner,Iran,3857273,0 days 01:13:43,0,0,0,0,0,0,1,0,0
2,73,47,From Corner,Iran,3857273,0 days 01:13:47,0,0,0,0,0,0,1,0,0
2,73,52,From Corner,Iran,3857273,0 days 01:13:52,1,0,0,0,0,0,0,0,0
2,73,54,From Corner,Iran,3857273,0 days 01:13:54,0,0,0,0,0,0,1,0,0
2,73,55,From Corner,Wales,3857273,0 days 01:13:55,0,1,0,0,0,0,0,0,0
2,73,59,From Corner,Iran,3857273,0 days 01:13:59,0,0,0,0,0,0,1,0,0
2,74,5,From Corner,Iran,3857273,0 days 01:14:05,0,0,0,0,0,0,1,0,0
2,74,9,From Corner,Iran,3857273,0 days 01:14:09,0,0,0,0,0,0,1,0,0
2,74,12,From Corner,Iran,3857273,0 days 01:14:12,0,0,1,0,0,0,0,0,0
2,74,12,From Corner,Wales,3857273,0 days 01:14:12,0,0,0,0,0,0,0,0,1
2,74,14,From Corner,Iran,3857273,0 days 01:14:14,1,0,0,0,0,0,0,0,0
2,74,15,From Corner,Iran,3857273,0 days 01:14:15,0,0,0,0,0,0,0,1,0
2,74,17,From Corner,Wales,3857273,0 days 01:14:17,0,1,0,0,0,0,0,0,0
2,74,19,From Corner,Wales,3857273,0 days 01:14:19,1,0,0,0,0,0,0,0,0
2,74,22,From Corner,Wales,3857273,0 days 01:14:22,0,0,0,0,0,0,1,0,0
2,74,24,From Corner,Iran,3857273,0 days 01:14:24,0,0,0,0,0,0,1,0,0
2,74,26,From Corner,Iran,3857273,0 days 01:14:26,0,0,0,0,0,0,1,0,0
2,74,45,From Throw In,Wales,3857273,0 days 01:14:45,0,0,0,0,0,0,1,0,0
2,74,49,From Throw In,Wales,3857273,0 days 01:14:49,0,0,0,0,0,0,1,0,0
2,74,52,From Throw In,Wales,3857273,0 days 01:14:52,0,0,0,0,0,0,1,0,0
2,74,54,From Throw In,Wales,3857273,0 days 01:14:54,0,0,0,0,0,0,1,0,0
2,74,56,From Throw In,Wales,3857273,0 days 01:14:56,0,0,0,0,0,0,1,0,0
2,75,0,From Throw In,Wales,3857273,0 days 01:15:00,0,0,0,0,0,0,1,0,0
2,75,3,From Throw In,Wales,3857273,0 days 01:15:03,0,0,0,0,0,0,1,0,0
2,75,5,From Throw In,Wales,3857273,0 days 01:15:05,0,0,0,0,0,0,1,0,0
2,75,5,From Throw In,Iran,3857273,0 days 01:15:05,0,0,0,0,0,1,0,0,0
2,67,1,From Free Kick,Netherlands,3857274,0 days 01:07:01,0,0,0,0,0,0,1,0,0
2,67,5,From Free Kick,Netherlands,3857274,0 days 01:07:05,0,0,0,0,0,0,1,0,0
2,67,7,From Free Kick,Netherlands,3857274,0 days 01:07:07,0,0,0,0,0,0,1,0,0
2,67,10,From Free Kick,Netherlands,3857274,0 days 01:07:10,0,0,0,0,0,0,1,0,0
2,67,12,From Free Kick,Netherlands,3857274,0 days 01:07:12,0,0,1,0,0,0,0,0,0
2,67,12,From Free Kick,Ecuador,3857274,0 days 01:07:12,0,0,0,0,0,0,0,0,1
2,67,24,From Throw In,Netherlands,3857274,0 days 01:07:24,0,0,0,0,0,0,1,0,0
2,67,25,From Throw In,Ecuador,3857274,0 days 01:07:25,0,0,0,0,0,1,0,0,0
2,67,26,From Throw In,Ecuador,3857274,0 days 01:07:26,0,0,0,0,0,0,1,0,0
2,67,29,From Throw In,Ecuador,3857274,0 days 01:07:29,0,0,0,0,0,0,1,0,0
2,67,31,From Throw In,Netherlands,3857274,0 days 01:07:31,0,0,0,0,0,0,1,0,0
2,67,33,From Throw In,Ecuador,3857274,0 days 01:07:33,0,0,0,0,0,0,1,0,0
2,67,44,From Throw In,Netherlands,3857274,0 days 01:07:44,0,0,0,0,0,0,1,0,0
2,67,45,From Throw In,Netherlands,3857274,0 days 01:07:45,0,0,0,0,0,0,1,0,0
2,67,46,From Throw In,Netherlands,3857274,0 days 01:07:46,0,0,0,0,0,0,1,0,0
2,67,47,From Throw In,Ecuador,3857274,0 days 01:07:47,0,0,0,0,0,1,0,0,0
2,67,48,Regular Play,Ecuador,3857274,0 days 01:07:48,0,0,0,0,0,0,1,0,0
2,67,50,Regular Play,Ecuador,3857274,0 days 01:07:50,0,0,0,0,0,0,1,0,0
2,67,51,Regular Play,Ecuador,3857274,0 days 01:07:51,0,0,0,0,0,0,1,0,0
2,67,54,Regular Play,Ecuador,3857274,0 days 01:07:54,0,0,0,0,0,0,1,0,0
2,68,1,From Throw In,Netherlands,3857274,0 days 01:08:01,0,0,0,0,0,0,1,0,0
2,68,8,From Throw In,Netherlands,3857274,0 days 01:08:08,0,0,0,0,0,0,1,0,0
2,68,18,From Throw In,Netherlands,3857274,0 days 01:08:18,0,0,0,0,0,0,1,0,0
2,68,20,From Throw In,Netherlands,3857274,0 days 01:08:20,0,0,0,0,0,0,1,0,0
2,68,24,From Throw In,Netherlands,3857274,0 days 01:08:24,0,0,0,0,0,0,1,0,0
2,69,11,From Throw In,Ecuador,3857274,0 days 01:09:11,0,0,0,0,0,0,1,0,0
2,69,12,From Throw In,Ecuador,3857274,0 days 01:09:12,0,0,0,0,0,0,1,0,0
2,69,14,From Throw In,Ecuador,3857274,0 days 01:09:14,0,0,1,0,0,0,0,0,0
2,69,14,From Throw In,Netherlands,3857274,0 days 01:09:14,0,0,0,0,0,0,0,0,1
2,69,16,From Throw In,Ecuador,3857274,0 days 01:09:16,0,0,0,0,0,0,1,0,0
2,69,18,From Throw In,Ecuador,3857274,0 days 01:09:18,0,0,0,0,0,0,1,0,0
2,69,20,From Throw In,Ecuador,3857274,0 days 01:09:20,0,0,0,0,0,0,1,0,0
2,69,21,From Throw In,Ecuador,3857274,0 days 01:09:21,0,0,0,0,0,0,1,0,0
2,69,23,From Throw In,Ecuador,3857274,0 days 01:09:23,0,0,0,0,0,0,1,0,0
2,69,23,From Throw In,Netherlands,3857274,0 days 01:09:23,0,0,0,0,0,0,1,0,0
2,69,24,From Throw In,Netherlands,3857274,0 days 01:09:24,0,0,0,0,0,0,1,0,0
2,69,26,From Throw In,Ecuador,3857274,0 days 01:09:26,0,0,0,0,0,0,1,0,0
2,69,28,From Throw In,Netherlands,3857274,0 days 01:09:28,0,0,0,0,0,0,1,0,0
2,69,31,From Throw In,Ecuador,3857274,0 days 01:09:31,1,0,0,0,0,0,0,0,0
2,69,31,From Throw In,Ecuador,3857274,0 days 01:09:31,0,0,0,0,0,0,1,0,0
2,69,34,Regular Play,Netherlands,3857274,0 days 01:09:34,0,0,0,0,0,0,1,0,0
2,69,39,Regular Play,Netherlands,3857274,0 days 01:09:39,0,0,0,0,0,0,1,0,0
2,69,46,Regular Play,Netherlands,3857274,0 days 01:09:46,0,0,0,0,0,0,1,0,0
2,69,49,Regular Play,Netherlands,3857274,0 days 01:09:49,0,0,0,0,0,0,1,0,0
2,69,54,Regular Play,Netherlands,3857274,0 days 01:09:54,0,0,0,0,0,0,1,0,0
2,69,59,Regular Play,Netherlands,3857274,0 days 01:09:59,0,0,0,0,0,0,1,0,0
2,70,2,Regular Play,Netherlands,3857274,0 days 01:10:02,0,0,0,0,0,0,1,0,0
2,70,5,Regular Play,Netherlands,3857274,0 days 01:10:05,0,0,0,0,0,0,1,0,0
2,70,7,Regular Play,Netherlands,3857274,0 days 01:10:07,0,0,0,0,0,0,1,0,0
2,70,10,Regular Play,Netherlands,3857274,0 days 01:10:10,0,0,0,0,0,0,1,0,0
2,70,12,Regular Play,Netherlands,3857274,0 days 01:10:12,0,0,0,0,0,0,1,0,0
2,70,14,Regular Play,Netherlands,3857274,0 days 01:10:14,0,0,0,0,0,0,1,0,0
2,70,16,Regular Play,Ecuador,3857274,0 days 01:10:16,0,0,0,0,0,1,0,0,0
2,70,18,Regular Play,Netherlands,3857274,0 days 01:10:18,0,0,0,0,1,0,0,0,0
2,70,40,From Free Kick,Ecuador,3857274,0 days 01:10:40,0,0,0,0,0,0,1,0,0
2,70,43,From Free Kick,Ecuador,3857274,0 days 01:10:43,0,0,0,0,0,0,1,0,0
2,70,46,Regular Play,Netherlands,3857274,0 days 01:10:46,1,0,0,0,0,0,0,0,0
2,70,48,Regular Play,Netherlands,3857274,0 days 01:10:48,0,0,0,0,0,0,1,0,0
2,70,51,Regular Play,Netherlands,3857274,0 days 01:10:51,0,0,0,0,0,0,1,0,0
2,70,55,Regular Play,Netherlands,3857274,0 days 01:10:55,0,0,0,0,0,0,1,0,0
2,71,3,Regular Play,Netherlands,3857274,0 days 01:11:03,0,0,0,0,0,0,1,0,0
2,71,6,Regular Play,Netherlands,3857274,0 days 01:11:06,0,0,0,0,0,0,1,0,0
2,71,12,Regular Play,Netherlands,3857274,0 days 01:11:12,0,0,0,0,0,0,1,0,0
2,71,17,Regular Play,Netherlands,3857274,0 days 01:11:17,0,0,0,0,0,0,1,0,0
2,71,46,From Throw In,Ecuador,3857274,0 days 01:11:46,0,0,0,0,0,0,1,0,0
2,71,47,From Throw In,Ecuador,3857274,0 days 01:11:47,0,0,0,0,0,0,1,0,0
2,71,48,From Throw In,Ecuador,3857274,0 days 01:11:48,0,0,0,0,0,0,1,0,0
2,72,2,From Throw In,Netherlands,3857274,0 days 01:12:02,0,0,0,0,0,0,1,0,0
2,72,19,From Throw In,Netherlands,3857274,0 days 01:12:19,0,0,0,0,0,0,1,0,0
2,72,26,Regular Play,Ecuador,3857274,0 days 01:12:26,1,0,0,0,0,0,0,0,0
2,72,27,Regular Play,Ecuador,3857274,0 days 01:12:27,0,0,0,0,0,0,1,0,0
2,72,29,Regular Play,Ecuador,3857274,0 days 01:12:29,0,0,0,0,0,0,1,0,0
2,72,30,Regular Play,Netherlands,3857274,0 days 01:12:30,0,1,0,0,0,0,0,0,0
2,72,32,Regular Play,Ecuador,3857274,0 days 01:12:32,1,0,0,0,0,0,0,0,0
2,72,33,Regular Play,Ecuador,3857274,0 days 01:12:33,0,0,0,0,0,0,0,1,0
2,72,34,Regular Play,Netherlands,3857274,0 days 01:12:34,1,0,0,0,0,0,0,0,0
2,72,35,Regular Play,Netherlands,3857274,0 days 01:12:35,0,0,0,0,0,0,1,0,0
2,72,37,Regular Play,Ecuador,3857274,0 days 01:12:37,1,0,0,0,0,0,0,0,0
2,72,45,From Throw In,Netherlands,3857274,0 days 01:12:45,0,0,0,0,0,0,1,0,0
2,72,47,From Throw In,Netherlands,3857274,0 days 01:12:47,0,0,0,0,0,0,1,0,0
2,74,0,From Free Kick,Ecuador,3857274,0 days 01:14:00,0,0,0,0,0,0,1,0,0
2,74,3,From Free Kick,Ecuador,3857274,0 days 01:14:03,0,0,0,0,1,0,0,0,0
2,74,13,From Free Kick,Netherlands,3857274,0 days 01:14:13,0,0,0,0,0,0,1,0,0
2,74,19,From Free Kick,Netherlands,3857274,0 days 01:14:19,0,0,0,0,0,0,1,0,0
2,74,23,From Free Kick,Netherlands,3857274,0 days 01:14:23,0,0,0,0,1,0,0,0,0
2,74,48,From Free Kick,Ecuador,3857274,0 days 01:14:48,0,0,0,0,0,0,1,0,0
2,74,52,From Free Kick,Netherlands,3857274,0 days 01:14:52,0,0,0,0,0,0,1,0,0
2,74,54,From Free Kick,Ecuador,3857274,0 days 01:14:54,0,0,0,0,0,0,1,0,0
2,74,55,From Free Kick,Ecuador,3857274,0 days 01:14:55,0,0,0,0,0,0,1,0,0
2,75,7,From Goal Kick,Netherlands,3857274,0 days 01:15:07,0,0,0,0,0,0,1,0,0
2,75,14,From Goal Kick,Netherlands,3857274,0 days 01:15:14,0,0,0,0,0,0,1,0,0
2,75,22,From Goal Kick,Netherlands,3857274,0 days 01:15:22,0,0,0,0,0,0,1,0,0
2,75,30,From Goal Kick,Netherlands,3857274,0 days 01:15:30,0,0,0,0,0,0,1,0,0
2,75,33,From Goal Kick,Netherlands,3857274,0 days 01:15:33,0,0,0,0,0,0,1,0,0
2,75,36,From Goal Kick,Netherlands,3857274,0 days 01:15:36,0,0,0,0,0,0,1,0,0
2,75,40,From Goal Kick,Netherlands,3857274,0 days 01:15:40,0,0,0,0,0,0,1,0,0
2,75,41,From Goal Kick,Netherlands,3857274,0 days 01:15:41,0,0,0,0,0,0,1,0,0
2,75,44,From Goal Kick,Netherlands,3857274,0 days 01:15:44,0,0,0,0,0,0,1,0,0
2,75,49,From Goal Kick,Netherlands,3857274,0 days 01:15:49,0,0,0,0,0,0,1,0,0
2,75,53,From Goal Kick,Netherlands,3857274,0 days 01:15:53,0,0,0,0,0,0,1,0,0
2,75,55,From Goal Kick,Netherlands,3857274,0 days 01:15:55,0,0,1,0,0,0,0,0,0
2,75,55,Regular Play,Ecuador,3857274,0 days 01:15:55,0,0,0,0,0,0,0,0,1
2,75,56,Regular Play,Ecuador,3857274,0 days 01:15:56,0,0,0,0,0,0,1,0,0
2,76,0,Regular Play,Ecuador,3857274,0 days 01:16:00,0,0,0,0,0,0,1,0,0
2,76,7,Regular Play,Ecuador,3857274,0 days 01:16:07,0,0,0,0,0,0,1,0,0
2,76,9,Regular Play,Ecuador,3857274,0 days 01:16:09,0,0,0,0,0,0,1,0,0
2,76,11,Regular Play,Ecuador,3857274,0 days 01:16:11,0,0,0,0,0,0,1,0,0
2,76,14,Regular Play,Ecuador,3857274,0 days 01:16:14,0,0,0,0,0,0,1,0,0
2,76,17,Regular Play,Ecuador,3857274,0 days 01:16:17,0,0,0,0,0,0,1,0,0
2,76,21,Regular Play,Ecuador,3857274,0 days 01:16:21,0,0,0,0,0,0,1,0,0
2,76,24,Regular Play,Ecuador,3857274,0 days 01:16:24,0,0,0,0,0,0,1,0,0
2,76,28,Regular Play,Ecuador,3857274,0 days 01:16:28,0,0,0,0,0,0,1,0,0
2,76,33,Regular Play,Netherlands,3857274,0 days 01:16:33,0,0,0,0,1,0,0,0,0
2,76,51,From Free Kick,Ecuador,3857274,0 days 01:16:51,0,0,0,0,0,0,1,0,0
2,76,52,From Free Kick,Ecuador,3857274,0 days 01:16:52,0,0,0,0,0,0,1,0,0
2,76,54,From Free Kick,Ecuador,3857274,0 days 01:16:54,0,0,0,0,0,0,1,0,0
2,76,56,From Free Kick,Ecuador,3857274,0 days 01:16:56,0,0,0,0,0,0,1,0,0
2,76,59,From Free Kick,Ecuador,3857274,0 days 01:16:59,0,0,0,0,0,0,1,0,0
2,67,34,From Throw In,France,3857275,0 days 01:07:34,0,0,0,0,0,0,1,0,0
2,67,39,From Throw In,France,3857275,0 days 01:07:39,0,0,0,0,0,0,1,0,0
2,67,41,From Throw In,France,3857275,0 days 01:07:41,0,0,0,0,0,0,1,0,0
2,67,44,From Throw In,France,3857275,0 days 01:07:44,0,0,0,0,0,0,1,0,0
2,67,49,Regular Play,Tunisia,3857275,0 days 01:07:49,1,0,0,0,0,0,0,0,0
2,67,52,Regular Play,Tunisia,3857275,0 days 01:07:52,0,0,0,0,0,0,1,0,0
2,67,53,Regular Play,France,3857275,0 days 01:07:53,0,0,0,0,0,1,0,0,0
2,67,56,Regular Play,Tunisia,3857275,0 days 01:07:56,1,0,0,0,0,0,0,0,0
2,67,56,Regular Play,Tunisia,3857275,0 days 01:07:56,0,0,0,1,0,0,0,0,0
2,67,56,Regular Play,France,3857275,0 days 01:07:56,0,0,0,0,0,0,0,0,1
2,68,32,From Corner,Tunisia,3857275,0 days 01:08:32,0,0,0,0,0,0,1,0,0
2,68,41,From Goal Kick,France,3857275,0 days 01:08:41,0,0,0,0,0,0,1,0,0
2,68,49,From Goal Kick,France,3857275,0 days 01:08:49,0,0,0,0,0,0,1,0,0
2,68,55,From Goal Kick,France,3857275,0 days 01:08:55,0,0,0,0,0,0,1,0,0
2,68,55,From Goal Kick,France,3857275,0 days 01:08:55,0,0,0,0,0,0,1,0,0
2,68,56,From Goal Kick,France,3857275,0 days 01:08:56,0,0,0,0,0,0,1,0,0
2,68,58,From Goal Kick,France,3857275,0 days 01:08:58,0,0,0,0,0,0,1,0,0
2,69,0,From Goal Kick,France,3857275,0 days 01:09:00,0,0,0,0,0,0,1,0,0
2,69,3,From Goal Kick,France,3857275,0 days 01:09:03,0,0,0,0,0,0,1,0,0
2,69,4,From Goal Kick,France,3857275,0 days 01:09:04,0,0,0,0,0,0,1,0,0
2,69,8,From Goal Kick,France,3857275,0 days 01:09:08,0,0,0,0,0,0,1,0,0
2,69,13,From Goal Kick,France,3857275,0 days 01:09:13,0,0,0,0,0,0,1,0,0
2,69,16,From Goal Kick,France,3857275,0 days 01:09:16,0,0,0,0,0,0,1,0,0
2,69,20,From Goal Kick,France,3857275,0 days 01:09:20,0,0,0,0,0,0,1,0,0
2,69,24,From Goal Kick,France,3857275,0 days 01:09:24,0,0,0,0,0,0,1,0,0
2,69,26,From Goal Kick,France,3857275,0 days 01:09:26,0,0,0,0,0,0,1,0,0
2,69,28,From Goal Kick,France,3857275,0 days 01:09:28,0,0,0,0,0,0,1,0,0
2,69,30,From Goal Kick,France,3857275,0 days 01:09:30,0,0,0,0,0,0,1,0,0
2,69,32,From Goal Kick,France,3857275,0 days 01:09:32,0,0,0,0,0,0,1,0,0
2,69,34,Regular Play,Tunisia,3857275,0 days 01:09:34,1,0,0,0,0,0,0,0,0
2,69,39,Regular Play,Tunisia,3857275,0 days 01:09:39,0,0,0,0,0,0,1,0,0
2,69,43,Regular Play,Tunisia,3857275,0 days 01:09:43,0,0,0,0,0,0,1,0,0
2,69,46,Regular Play,Tunisia,3857275,0 days 01:09:46,0,0,0,0,0,0,1,0,0
2,69,50,Regular Play,Tunisia,3857275,0 days 01:09:50,0,0,0,0,0,0,1,0,0
2,69,52,From Counter,France,3857275,0 days 01:09:52,0,0,0,0,0,0,1,0,0
2,69,57,From Counter,Tunisia,3857275,0 days 01:09:57,0,0,0,0,1,0,0,0,0
2,70,7,From Free Kick,France,3857275,0 days 01:10:07,0,0,0,0,0,0,1,0,0
2,70,8,From Free Kick,France,3857275,0 days 01:10:08,0,0,0,0,0,0,1,0,0
2,70,10,From Free Kick,France,3857275,0 days 01:10:10,0,0,0,0,0,0,1,0,0
2,70,17,From Free Kick,France,3857275,0 days 01:10:17,0,0,0,0,0,0,1,0,0
2,70,20,From Free Kick,France,3857275,0 days 01:10:20,0,0,0,0,0,0,1,0,0
2,70,22,From Free Kick,France,3857275,0 days 01:10:22,0,0,0,0,0,0,1,0,0
2,70,26,From Free Kick,France,3857275,0 days 01:10:26,0,0,0,0,0,0,1,0,0
2,70,28,From Free Kick,France,3857275,0 days 01:10:28,0,0,0,0,0,0,1,0,0
2,70,31,From Free Kick,France,3857275,0 days 01:10:31,0,0,0,0,0,0,1,0,0
2,70,31,From Free Kick,Tunisia,3857275,0 days 01:10:31,0,0,0,0,0,1,0,0,0
2,70,32,From Free Kick,Tunisia,3857275,0 days 01:10:32,1,0,0,0,0,0,0,0,0
2,70,34,From Free Kick,Tunisia,3857275,0 days 01:10:34,0,0,0,0,0,0,1,0,0
2,70,43,From Free Kick,France,3857275,0 days 01:10:43,1,0,0,0,0,0,0,0,0
2,70,44,From Free Kick,France,3857275,0 days 01:10:44,0,0,0,0,0,0,1,0,0
2,70,47,From Free Kick,France,3857275,0 days 01:10:47,0,0,0,0,0,0,1,0,0
2,70,50,From Free Kick,France,3857275,0 days 01:10:50,0,0,0,0,0,0,1,0,0
2,70,52,From Free Kick,France,3857275,0 days 01:10:52,0,0,0,0,0,0,1,0,0
2,70,55,From Free Kick,France,3857275,0 days 01:10:55,0,0,0,0,0,0,1,0,0
2,70,57,From Free Kick,France,3857275,0 days 01:10:57,0,0,0,0,0,0,1,0,0
2,70,59,From Free Kick,France,3857275,0 days 01:10:59,0,0,0,0,0,0,1,0,0
2,71,5,From Free Kick,France,3857275,0 days 01:11:05,0,0,0,0,0,0,1,0,0
2,71,7,From Free Kick,France,3857275,0 days 01:11:07,0,0,0,0,0,0,1,0,0
2,71,9,From Free Kick,France,3857275,0 days 01:11:09,0,0,0,0,0,0,1,0,0
2,71,13,From Free Kick,France,3857275,0 days 01:11:13,0,0,0,1,0,0,0,0,0
2,71,13,Regular Play,Tunisia,3857275,0 days 01:11:13,0,0,0,0,0,0,0,0,1
2,71,16,Regular Play,Tunisia,3857275,0 days 01:11:16,0,1,0,0,0,0,0,0,0
2,71,18,Regular Play,Tunisia,3857275,0 days 01:11:18,1,0,0,0,0,0,0,0,0
2,71,20,Regular Play,France,3857275,0 days 01:11:20,0,0,0,0,0,0,1,0,0
2,71,21,Regular Play,Tunisia,3857275,0 days 01:11:21,0,0,0,0,0,0,1,0,0
2,71,23,Regular Play,France,3857275,0 days 01:11:23,0,0,0,0,1,0,0,0,0
2,71,28,Regular Play,Tunisia,3857275,0 days 01:11:28,0,0,0,1,0,0,0,0,0
2,71,30,Regular Play,France,3857275,0 days 01:11:30,1,0,0,0,0,0,0,0,0
2,71,32,Regular Play,France,3857275,0 days 01:11:32,0,0,0,0,0,0,1,0,0
2,71,33,Regular Play,France,3857275,0 days 01:11:33,0,0,0,0,0,0,1,0,0
2,71,37,Regular Play,France,3857275,0 days 01:11:37,0,0,0,0,0,0,1,0,0
2,71,44,Regular Play,France,3857275,0 days 01:11:44,0,0,0,0,0,0,1,0,0
2,71,45,Regular Play,France,3857275,0 days 01:11:45,0,0,0,0,0,0,1,0,0
2,71,49,Regular Play,France,3857275,0 days 01:11:49,0,0,0,0,0,0,1,0,0
2,72,40,From Goal Kick,Tunisia,3857275,0 days 01:12:40,0,0,0,0,0,0,1,0,0
2,72,44,From Goal Kick,Tunisia,3857275,0 days 01:12:44,0,0,0,0,0,0,1,0,0
2,72,47,From Goal Kick,Tunisia,3857275,0 days 01:12:47,0,0,0,0,0,0,1,0,0
2,72,49,Regular Play,France,3857275,0 days 01:12:49,0,0,0,0,0,0,1,0,0
2,72,50,Regular Play,France,3857275,0 days 01:12:50,0,0,0,0,0,0,1,0,0
2,72,53,Regular Play,France,3857275,0 days 01:12:53,0,0,0,0,0,0,1,0,0
2,72,56,Regular Play,France,3857275,0 days 01:12:56,0,0,0,0,0,0,1,0,0
2,73,13,From Goal Kick,Tunisia,3857275,0 days 01:13:13,0,0,0,0,0,0,1,0,0
2,73,18,From Goal Kick,Tunisia,3857275,0 days 01:13:18,0,0,0,0,0,0,1,0,0
2,73,22,From Goal Kick,Tunisia,3857275,0 days 01:13:22,0,0,0,0,0,0,1,0,0
2,74,2,From Throw In,Tunisia,3857275,0 days 01:14:02,0,0,0,0,0,0,1,0,0
2,74,4,From Throw In,Tunisia,3857275,0 days 01:14:04,0,0,0,0,0,0,1,0,0
2,74,4,From Throw In,Tunisia,3857275,0 days 01:14:04,0,0,0,0,0,0,1,0,0
2,74,10,From Throw In,Tunisia,3857275,0 days 01:14:10,0,0,1,0,0,0,0,0,0
2,74,10,Regular Play,France,3857275,0 days 01:14:10,0,0,0,0,0,0,0,0,1
2,74,11,Regular Play,France,3857275,0 days 01:14:11,1,0,0,0,0,0,0,0,0
2,74,13,Regular Play,France,3857275,0 days 01:14:13,0,0,0,0,0,0,1,0,0
2,74,14,Regular Play,France,3857275,0 days 01:14:14,0,0,1,0,0,0,0,0,0
2,74,14,Regular Play,Tunisia,3857275,0 days 01:14:14,0,0,0,0,0,0,0,0,1
2,74,15,Regular Play,France,3857275,0 days 01:14:15,1,0,0,0,0,0,0,0,0
2,74,17,Regular Play,Tunisia,3857275,0 days 01:14:17,0,0,0,0,1,0,0,0,0
2,74,28,From Free Kick,France,3857275,0 days 01:14:28,0,0,0,0,0,0,1,0,0
2,74,32,From Free Kick,France,3857275,0 days 01:14:32,0,0,0,0,0,0,1,0,0
2,74,34,From Free Kick,France,3857275,0 days 01:14:34,0,0,0,0,0,0,1,0,0
2,74,36,From Free Kick,France,3857275,0 days 01:14:36,0,0,0,0,0,0,1,0,0
2,74,40,From Free Kick,France,3857275,0 days 01:14:40,0,0,0,0,0,0,1,0,0
2,74,41,From Free Kick,France,3857275,0 days 01:14:41,0,0,0,0,0,0,1,0,0
2,74,42,From Free Kick,France,3857275,0 days 01:14:42,0,0,0,0,0,0,1,0,0
2,74,47,From Free Kick,France,3857275,0 days 01:14:47,0,0,0,0,0,0,1,0,0
2,74,49,From Free Kick,France,3857275,0 days 01:14:49,0,0,0,0,0,0,1,0,0
2,74,54,From Free Kick,France,3857275,0 days 01:14:54,0,0,0,0,0,0,1,0,0
2,74,57,From Free Kick,France,3857275,0 days 01:14:57,0,0,0,0,0,0,1,0,0
2,74,59,From Free Kick,France,3857275,0 days 01:14:59,0,0,0,0,0,0,1,0,0
2,75,0,From Free Kick,France,3857275,0 days 01:15:00,0,0,0,0,0,0,1,0,0
2,75,3,From Free Kick,France,3857275,0 days 01:15:03,0,0,0,0,0,0,1,0,0
2,75,6,From Free Kick,France,3857275,0 days 01:15:06,0,0,0,0,0,0,1,0,0
2,75,9,From Free Kick,France,3857275,0 days 01:15:09,0,0,0,0,0,0,1,0,0
2,75,12,From Free Kick,France,3857275,0 days 01:15:12,0,0,0,0,0,0,1,0,0
2,75,12,From Free Kick,France,3857275,0 days 01:15:12,0,0,0,0,0,0,1,0,0
2,75,14,From Free Kick,France,3857275,0 days 01:15:14,0,0,0,0,0,0,1,0,0
2,75,19,From Free Kick,France,3857275,0 days 01:15:19,0,0,0,0,0,0,1,0,0
2,75,21,From Free Kick,France,3857275,0 days 01:15:21,0,0,0,0,0,0,1,0,0
2,75,24,From Free Kick,France,3857275,0 days 01:15:24,0,0,0,0,0,0,1,0,0
2,75,28,From Free Kick,France,3857275,0 days 01:15:28,0,0,0,0,0,0,1,0,0
2,75,30,From Free Kick,France,3857275,0 days 01:15:30,0,0,0,0,0,0,1,0,0
2,75,33,From Free Kick,France,3857275,0 days 01:15:33,0,0,0,0,0,0,1,0,0
2,75,38,From Free Kick,France,3857275,0 days 01:15:38,0,0,0,0,0,0,1,0,0
2,75,40,From Free Kick,France,3857275,0 days 01:15:40,0,0,0,0,0,0,1,0,0
2,75,41,From Free Kick,France,3857275,0 days 01:15:41,0,0,1,0,0,0,0,0,0
2,75,41,From Free Kick,Tunisia,3857275,0 days 01:15:41,0,0,0,0,0,0,0,0,1
2,75,43,From Free Kick,France,3857275,0 days 01:15:43,1,0,0,0,0,0,0,0,0
2,75,44,From Free Kick,France,3857275,0 days 01:15:44,0,0,0,0,0,0,1,0,0
2,75,46,From Free Kick,France,3857275,0 days 01:15:46,0,0,0,0,0,0,1,0,0
2,75,50,From Free Kick,France,3857275,0 days 01:15:50,0,0,0,0,0,0,1,0,0
2,75,52,From Free Kick,France,3857275,0 days 01:15:52,0,0,0,0,0,0,1,0,0
2,75,56,From Free Kick,France,3857275,0 days 01:15:56,0,0,0,0,0,0,1,0,0
2,75,59,From Free Kick,France,3857275,0 days 01:15:59,0,0,0,0,0,0,1,0,0
2,76,2,From Free Kick,France,3857275,0 days 01:16:02,0,0,0,0,0,0,1,0,0
2,76,5,From Free Kick,France,3857275,0 days 01:16:05,0,0,0,0,0,0,1,0,0
2,76,6,From Free Kick,France,3857275,0 days 01:16:06,0,0,0,0,0,0,1,0,0
2,76,7,From Free Kick,Tunisia,3857275,0 days 01:16:07,0,0,0,0,0,1,0,0,0
2,76,9,From Free Kick,France,3857275,0 days 01:16:09,1,0,0,0,0,0,0,0,0
2,76,15,From Free Kick,France,3857275,0 days 01:16:15,0,0,0,0,0,0,1,0,0
2,76,15,From Free Kick,France,3857275,0 days 01:16:15,0,0,0,0,0,0,1,0,0
2,76,17,From Free Kick,Tunisia,3857275,0 days 01:16:17,0,0,0,0,0,1,0,0,0
2,76,38,From Throw In,France,3857275,0 days 01:16:38,0,0,0,0,0,0,1,0,0
2,76,41,From Throw In,France,3857275,0 days 01:16:41,0,0,0,0,0,0,1,0,0
2,76,45,From Throw In,France,3857275,0 days 01:16:45,0,0,0,0,0,0,1,0,0
2,76,46,From Throw In,France,3857275,0 days 01:16:46,0,0,0,0,0,0,1,0,0
2,76,47,From Throw In,Tunisia,3857275,0 days 01:16:47,0,1,0,0,0,0,0,0,0
2,76,51,From Throw In,Tunisia,3857275,0 days 01:16:51,1,0,0,0,0,0,0,0,0
2,76,53,From Throw In,France,3857275,0 days 01:16:53,0,0,0,0,0,0,1,0,0
2,76,54,From Throw In,France,3857275,0 days 01:16:54,0,0,0,0,0,0,1,0,0
2,76,58,From Throw In,France,3857275,0 days 01:16:58,0,0,1,0,0,0,0,0,0
2,76,58,From Throw In,Tunisia,3857275,0 days 01:16:58,0,0,0,0,0,0,0,0,1
2,67,2,Regular Play,Canada,3857276,0 days 01:07:02,0,0,0,0,0,0,1,0,0
2,67,7,Regular Play,Canada,3857276,0 days 01:07:07,0,0,0,0,0,0,1,0,0
2,67,8,Regular Play,Canada,3857276,0 days 01:07:08,0,0,0,0,0,0,1,0,0
2,67,12,Regular Play,Canada,3857276,0 days 01:07:12,0,0,0,0,0,0,1,0,0
2,67,12,Regular Play,Canada,3857276,0 days 01:07:12,0,0,0,0,0,0,1,0,0
2,67,15,Regular Play,Canada,3857276,0 days 01:07:15,0,0,0,0,0,0,1,0,0
2,67,18,Regular Play,Canada,3857276,0 days 01:07:18,0,0,0,0,0,0,1,0,0
2,67,23,Regular Play,Canada,3857276,0 days 01:07:23,0,0,0,0,0,0,1,0,0
2,68,1,From Free Kick,Morocco,3857276,0 days 01:08:01,0,0,0,0,0,0,1,0,0
2,68,4,From Free Kick,Canada,3857276,0 days 01:08:04,0,0,0,0,0,0,1,0,0
2,68,6,From Free Kick,Morocco,3857276,0 days 01:08:06,1,0,0,0,0,0,0,0,0
2,68,7,From Free Kick,Morocco,3857276,0 days 01:08:07,0,0,0,0,0,0,1,0,0
2,68,13,From Free Kick,Morocco,3857276,0 days 01:08:13,0,0,0,0,0,0,1,0,0
2,68,20,From Free Kick,Morocco,3857276,0 days 01:08:20,0,0,0,0,0,0,1,0,0
2,68,22,From Free Kick,Morocco,3857276,0 days 01:08:22,0,0,0,0,0,0,1,0,0
2,68,25,From Free Kick,Morocco,3857276,0 days 01:08:25,0,0,0,0,0,0,1,0,0
2,68,28,From Free Kick,Morocco,3857276,0 days 01:08:28,0,0,0,0,0,0,1,0,0
2,68,31,From Free Kick,Morocco,3857276,0 days 01:08:31,0,0,0,0,0,0,1,0,0
2,68,35,From Free Kick,Morocco,3857276,0 days 01:08:35,0,0,0,0,0,0,1,0,0
2,68,40,From Free Kick,Morocco,3857276,0 days 01:08:40,0,0,0,0,0,0,1,0,0
2,68,43,From Free Kick,Morocco,3857276,0 days 01:08:43,0,0,0,0,0,0,1,0,0
2,68,46,From Free Kick,Morocco,3857276,0 days 01:08:46,0,0,0,0,0,0,1,0,0
2,68,47,From Free Kick,Morocco,3857276,0 days 01:08:47,0,0,0,0,0,0,1,0,0
2,68,53,From Free Kick,Morocco,3857276,0 days 01:08:53,0,0,0,0,0,0,1,0,0
2,68,59,From Free Kick,Morocco,3857276,0 days 01:08:59,0,0,0,0,0,0,1,0,0
2,69,0,Regular Play,Canada,3857276,0 days 01:09:00,1,0,0,0,0,0,0,0,0
2,69,1,Regular Play,Canada,3857276,0 days 01:09:01,0,0,0,0,0,0,1,0,0
2,69,6,Regular Play,Canada,3857276,0 days 01:09:06,0,0,0,0,0,0,1,0,0
2,69,8,Regular Play,Canada,3857276,0 days 01:09:08,0,0,0,0,0,0,1,0,0
2,69,11,Regular Play,Canada,3857276,0 days 01:09:11,0,0,0,0,0,0,1,0,0
2,69,14,Regular Play,Canada,3857276,0 days 01:09:14,0,0,0,0,0,0,1,0,0
2,69,16,Regular Play,Canada,3857276,0 days 01:09:16,0,0,0,0,0,0,1,0,0
2,69,19,Regular Play,Canada,3857276,0 days 01:09:19,0,0,0,0,0,0,1,0,0
2,69,20,Regular Play,Canada,3857276,0 days 01:09:20,0,0,0,0,0,0,1,0,0
2,69,26,Regular Play,Canada,3857276,0 days 01:09:26,0,0,0,1,0,0,0,0,0
2,69,28,Regular Play,Morocco,3857276,0 days 01:09:28,0,0,0,0,1,0,0,0,0
2,70,18,From Free Kick,Canada,3857276,0 days 01:10:18,0,0,0,0,0,0,1,0,0
2,70,19,From Free Kick,Morocco,3857276,0 days 01:10:19,0,1,0,0,0,0,0,0,0
2,70,53,From Corner,Canada,3857276,0 days 01:10:53,0,0,0,0,0,0,1,0,0
2,70,55,From Corner,Canada,3857276,0 days 01:10:55,0,0,0,0,0,0,0,1,0
2,70,57,From Corner,Canada,3857276,0 days 01:10:57,1,0,0,0,0,0,0,0,0
2,70,57,From Corner,Canada,3857276,0 days 01:10:57,0,0,0,0,0,0,0,1,0
2,71,51,From Goal Kick,Morocco,3857276,0 days 01:11:51,0,0,0,0,0,0,1,0,0
2,71,55,From Goal Kick,Canada,3857276,0 days 01:11:55,0,1,0,0,0,0,0,0,0
2,72,4,From Throw In,Morocco,3857276,0 days 01:12:04,0,0,0,0,0,0,1,0,0
2,72,7,From Throw In,Morocco,3857276,0 days 01:12:07,0,0,0,0,0,0,1,0,0
2,72,10,From Throw In,Morocco,3857276,0 days 01:12:10,0,0,0,0,0,0,1,0,0
2,72,13,From Throw In,Morocco,3857276,0 days 01:12:13,0,0,0,0,0,0,1,0,0
2,72,15,From Throw In,Morocco,3857276,0 days 01:12:15,0,0,1,0,0,0,0,0,0
2,72,15,From Throw In,Canada,3857276,0 days 01:12:15,0,0,0,0,0,0,0,0,1
2,72,31,From Throw In,Morocco,3857276,0 days 01:12:31,0,0,0,0,0,0,1,0,0
2,72,34,From Throw In,Canada,3857276,0 days 01:12:34,0,0,0,0,0,0,1,0,0
2,72,35,From Throw In,Morocco,3857276,0 days 01:12:35,0,1,0,0,0,0,0,0,0
2,72,36,From Throw In,Morocco,3857276,0 days 01:12:36,0,1,0,0,0,0,0,0,0
2,72,38,From Throw In,Morocco,3857276,0 days 01:12:38,1,0,0,0,0,0,0,0,0
2,72,40,From Throw In,Morocco,3857276,0 days 01:12:40,0,0,0,0,0,0,1,0,0
2,72,42,From Throw In,Morocco,3857276,0 days 01:12:42,0,0,0,0,0,0,1,0,0
2,72,43,From Throw In,Morocco,3857276,0 days 01:12:43,0,0,0,0,0,0,1,0,0
2,72,44,From Throw In,Morocco,3857276,0 days 01:12:44,0,0,0,1,0,0,0,0,0
2,72,45,From Throw In,Morocco,3857276,0 days 01:12:45,0,0,0,0,0,0,1,0,0
2,73,3,From Goal Kick,Canada,3857276,0 days 01:13:03,0,0,0,0,0,0,1,0,0
2,73,5,From Goal Kick,Canada,3857276,0 days 01:13:05,0,0,0,0,0,0,1,0,0
2,73,9,From Goal Kick,Canada,3857276,0 days 01:13:09,0,0,0,0,0,0,1,0,0
2,73,15,From Goal Kick,Canada,3857276,0 days 01:13:15,0,0,0,1,0,0,0,0,0
2,73,15,From Goal Kick,Morocco,3857276,0 days 01:13:15,0,0,0,0,0,0,0,0,1
2,73,45,From Corner,Canada,3857276,0 days 01:13:45,0,0,0,0,0,0,1,0,0
2,73,46,From Corner,Morocco,3857276,0 days 01:13:46,0,1,0,0,0,0,0,0,0
2,73,49,From Corner,Canada,3857276,0 days 01:13:49,1,0,0,0,0,0,0,0,0
2,73,50,From Corner,Canada,3857276,0 days 01:13:50,0,0,0,0,0,0,1,0,0
2,73,57,From Corner,Canada,3857276,0 days 01:13:57,0,0,1,0,0,0,0,0,0
2,73,57,From Corner,Morocco,3857276,0 days 01:13:57,0,0,0,0,0,0,0,0,1
2,73,57,From Corner,Canada,3857276,0 days 01:13:57,1,0,0,0,0,0,0,0,0
2,74,0,From Corner,Canada,3857276,0 days 01:14:00,0,0,0,0,0,0,1,0,0
2,74,2,From Corner,Morocco,3857276,0 days 01:14:02,0,0,0,0,0,1,0,0,0
2,74,4,From Corner,Morocco,3857276,0 days 01:14:04,0,0,0,0,0,0,1,0,0
2,74,30,From Corner,Canada,3857276,0 days 01:14:30,0,0,0,0,0,0,1,0,0
2,74,32,From Corner,Morocco,3857276,0 days 01:14:32,0,1,0,0,0,0,0,0,0
2,74,35,From Corner,Canada,3857276,0 days 01:14:35,1,0,0,0,0,0,0,0,0
2,74,36,From Corner,Canada,3857276,0 days 01:14:36,0,0,0,0,0,0,1,0,0
2,74,41,From Corner,Canada,3857276,0 days 01:14:41,0,0,0,0,0,0,1,0,0
2,74,44,From Corner,Canada,3857276,0 days 01:14:44,0,0,0,0,0,0,1,0,0
2,74,49,From Corner,Canada,3857276,0 days 01:14:49,0,0,0,0,0,0,1,0,0
2,74,51,From Corner,Canada,3857276,0 days 01:14:51,0,0,1,0,0,0,0,0,0
2,74,51,From Corner,Morocco,3857276,0 days 01:14:51,0,0,0,0,0,0,0,0,1
2,74,53,From Corner,Morocco,3857276,0 days 01:14:53,0,0,0,0,0,0,1,0,0
2,74,57,From Corner,Morocco,3857276,0 days 01:14:57,0,0,0,0,0,0,1,0,0
2,76,8,From Throw In,Canada,3857276,0 days 01:16:08,0,0,0,0,0,0,1,0,0
2,76,12,From Throw In,Canada,3857276,0 days 01:16:12,0,0,0,0,0,0,1,0,0
2,76,14,From Throw In,Canada,3857276,0 days 01:16:14,0,0,0,0,0,0,1,0,0
2,76,16,From Throw In,Canada,3857276,0 days 01:16:16,0,0,0,0,0,0,1,0,0
2,76,18,From Throw In,Canada,3857276,0 days 01:16:18,0,0,0,0,0,0,1,0,0
2,76,19,From Throw In,Canada,3857276,0 days 01:16:19,0,0,0,0,0,0,1,0,0
2,76,25,From Throw In,Canada,3857276,0 days 01:16:25,0,0,0,0,0,0,1,0,0
2,76,27,From Throw In,Canada,3857276,0 days 01:16:27,0,0,0,0,0,0,1,0,0
2,76,29,From Throw In,Canada,3857276,0 days 01:16:29,0,0,0,0,0,0,1,0,0
2,76,36,From Throw In,Canada,3857276,0 days 01:16:36,0,0,0,0,0,0,1,0,0
2,76,37,From Throw In,Canada,3857276,0 days 01:16:37,0,0,0,0,0,0,1,0,0
2,67,0,Regular Play,Croatia,3857277,0 days 01:07:00,0,0,0,0,0,0,1,0,0
2,67,2,Regular Play,Croatia,3857277,0 days 01:07:02,0,0,0,0,0,0,1,0,0
2,67,5,Regular Play,Croatia,3857277,0 days 01:07:05,0,0,0,0,0,0,1,0,0
2,67,9,Regular Play,Croatia,3857277,0 days 01:07:09,0,0,0,0,0,0,1,0,0
2,67,12,Regular Play,Croatia,3857277,0 days 01:07:12,0,0,1,0,0,0,0,0,0
2,67,12,Regular Play,Morocco,3857277,0 days 01:07:12,0,0,0,0,0,0,0,0,1
2,67,19,Regular Play,Croatia,3857277,0 days 01:07:19,0,0,0,0,0,0,1,0,0
2,67,23,Regular Play,Croatia,3857277,0 days 01:07:23,0,0,0,0,0,0,1,0,0
2,67,29,Regular Play,Croatia,3857277,0 days 01:07:29,0,0,0,0,0,0,1,0,0
2,67,31,Regular Play,Croatia,3857277,0 days 01:07:31,0,0,0,0,0,0,1,0,0
2,67,33,Regular Play,Croatia,3857277,0 days 01:07:33,0,0,0,0,0,0,1,0,0
2,67,35,Regular Play,Croatia,3857277,0 days 01:07:35,0,0,0,0,0,0,1,0,0
2,67,38,Regular Play,Croatia,3857277,0 days 01:07:38,0,0,0,0,0,0,1,0,0
2,67,40,Regular Play,Croatia,3857277,0 days 01:07:40,0,0,0,0,0,0,1,0,0
2,67,43,Regular Play,Morocco,3857277,0 days 01:07:43,1,0,0,0,0,0,0,0,0
2,67,45,Regular Play,Morocco,3857277,0 days 01:07:45,0,0,0,0,0,0,1,0,0
2,67,47,Regular Play,Croatia,3857277,0 days 01:07:47,0,0,0,0,0,0,1,0,0
2,67,50,Regular Play,Croatia,3857277,0 days 01:07:50,0,0,0,0,0,0,1,0,0
2,67,55,Regular Play,Croatia,3857277,0 days 01:07:55,0,0,0,0,0,0,1,0,0
2,67,58,Regular Play,Croatia,3857277,0 days 01:07:58,0,0,0,0,0,0,1,0,0
2,67,59,Regular Play,Croatia,3857277,0 days 01:07:59,0,0,0,0,0,0,1,0,0
2,68,2,Regular Play,Croatia,3857277,0 days 01:08:02,0,0,0,0,0,0,1,0,0
2,68,3,Regular Play,Croatia,3857277,0 days 01:08:03,0,0,0,0,0,0,1,0,0
2,68,5,Regular Play,Morocco,3857277,0 days 01:08:05,0,0,0,0,1,0,0,0,0
2,68,7,Regular Play,Croatia,3857277,0 days 01:08:07,0,0,0,0,0,0,1,0,0
2,68,12,Regular Play,Croatia,3857277,0 days 01:08:12,0,0,0,0,0,0,1,0,0
2,68,16,Regular Play,Croatia,3857277,0 days 01:08:16,0,0,0,0,0,0,1,0,0
2,68,19,Regular Play,Croatia,3857277,0 days 01:08:19,0,0,0,0,0,0,1,0,0
2,68,22,Regular Play,Croatia,3857277,0 days 01:08:22,0,0,0,0,0,0,1,0,0
2,68,24,Regular Play,Croatia,3857277,0 days 01:08:24,0,0,0,0,0,0,1,0,0
2,68,27,Regular Play,Croatia,3857277,0 days 01:08:27,0,0,0,0,0,0,1,0,0
2,68,30,Regular Play,Croatia,3857277,0 days 01:08:30,0,0,0,0,0,0,1,0,0
2,68,32,Regular Play,Croatia,3857277,0 days 01:08:32,0,0,0,0,0,0,1,0,0
2,68,35,Regular Play,Croatia,3857277,0 days 01:08:35,0,0,0,0,0,0,1,0,0
2,68,39,Regular Play,Croatia,3857277,0 days 01:08:39,0,0,0,0,0,0,1,0,0
2,68,45,Regular Play,Croatia,3857277,0 days 01:08:45,0,0,0,0,0,0,1,0,0
2,68,51,Regular Play,Croatia,3857277,0 days 01:08:51,0,0,0,0,0,0,1,0,0
2,68,53,Regular Play,Croatia,3857277,0 days 01:08:53,0,0,0,0,0,0,1,0,0
2,68,56,Regular Play,Croatia,3857277,0 days 01:08:56,0,0,0,0,0,0,1,0,0
2,68,57,Regular Play,Croatia,3857277,0 days 01:08:57,0,0,0,0,0,0,1,0,0
2,69,2,Regular Play,Croatia,3857277,0 days 01:09:02,0,0,0,0,0,0,1,0,0
2,69,5,Regular Play,Croatia,3857277,0 days 01:09:05,0,0,0,0,0,0,1,0,0
2,69,8,Regular Play,Croatia,3857277,0 days 01:09:08,0,0,0,0,0,0,1,0,0
2,69,11,Regular Play,Croatia,3857277,0 days 01:09:11,0,0,0,0,0,0,1,0,0
2,69,12,Regular Play,Croatia,3857277,0 days 01:09:12,0,0,0,0,0,0,1,0,0
2,69,14,Regular Play,Croatia,3857277,0 days 01:09:14,0,0,0,0,0,0,1,0,0
2,69,14,Regular Play,Morocco,3857277,0 days 01:09:14,0,0,0,0,0,1,0,0,0
2,69,19,From Throw In,Croatia,3857277,0 days 01:09:19,0,0,0,0,0,0,1,0,0
2,69,23,From Throw In,Croatia,3857277,0 days 01:09:23,0,0,0,0,0,0,1,0,0
2,69,26,From Throw In,Croatia,3857277,0 days 01:09:26,0,0,0,0,0,0,1,0,0
2,69,30,From Throw In,Croatia,3857277,0 days 01:09:30,0,0,0,0,0,0,1,0,0
2,69,31,From Throw In,Croatia,3857277,0 days 01:09:31,0,0,0,0,0,0,1,0,0
2,69,33,From Throw In,Croatia,3857277,0 days 01:09:33,0,0,0,0,0,0,1,0,0
2,69,37,From Throw In,Morocco,3857277,0 days 01:09:37,0,0,0,0,1,0,0,0,0
2,70,36,From Free Kick,Croatia,3857277,0 days 01:10:36,0,0,0,0,0,0,1,0,0
2,70,37,From Free Kick,Morocco,3857277,0 days 01:10:37,0,1,0,0,0,0,0,0,0
2,71,22,From Corner,Croatia,3857277,0 days 01:11:22,0,0,0,0,0,0,1,0,0
2,71,23,From Corner,Morocco,3857277,0 days 01:11:23,0,1,0,0,0,0,0,0,0
2,71,24,From Corner,Croatia,3857277,0 days 01:11:24,1,0,0,0,0,0,0,0,0
2,71,25,From Corner,Croatia,3857277,0 days 01:11:25,0,0,0,0,0,0,1,0,0
2,71,27,From Corner,Morocco,3857277,0 days 01:11:27,0,1,0,0,0,0,0,0,0
2,72,10,From Corner,Croatia,3857277,0 days 01:12:10,0,0,0,0,0,0,1,0,0
2,72,13,From Keeper,Morocco,3857277,0 days 01:12:13,0,0,0,0,0,0,1,0,0
2,72,23,From Keeper,Morocco,3857277,0 days 01:12:23,0,0,1,0,0,0,0,0,0
2,72,23,Regular Play,Croatia,3857277,0 days 01:12:23,0,0,0,0,0,0,0,0,1
2,72,25,Regular Play,Croatia,3857277,0 days 01:12:25,1,0,0,0,0,0,0,0,0
2,72,25,Regular Play,Croatia,3857277,0 days 01:12:25,0,0,0,0,0,0,1,0,0
2,72,27,Regular Play,Croatia,3857277,0 days 01:12:27,0,0,0,0,0,0,1,0,0
2,72,30,Regular Play,Morocco,3857277,0 days 01:12:30,0,0,0,0,0,0,1,0,0
2,72,32,Regular Play,Croatia,3857277,0 days 01:12:32,1,0,0,0,0,0,0,0,0
2,72,33,Regular Play,Croatia,3857277,0 days 01:12:33,0,0,0,0,0,0,1,0,0
2,72,39,Regular Play,Croatia,3857277,0 days 01:12:39,0,0,0,0,0,0,1,0,0
2,72,41,Regular Play,Croatia,3857277,0 days 01:12:41,0,0,0,0,0,0,1,0,0
2,72,47,Regular Play,Croatia,3857277,0 days 01:12:47,0,0,0,0,0,0,1,0,0
2,72,48,Regular Play,Croatia,3857277,0 days 01:12:48,0,0,0,0,0,0,1,0,0
2,72,50,Regular Play,Croatia,3857277,0 days 01:12:50,0,0,0,0,0,0,1,0,0
2,72,52,Regular Play,Croatia,3857277,0 days 01:12:52,0,0,0,0,0,0,1,0,0
2,72,53,Regular Play,Croatia,3857277,0 days 01:12:53,0,0,0,0,0,0,1,0,0
2,72,56,Regular Play,Croatia,3857277,0 days 01:12:56,0,0,0,0,0,0,1,0,0
2,72,57,Regular Play,Croatia,3857277,0 days 01:12:57,0,0,0,0,0,0,1,0,0
2,72,59,Regular Play,Croatia,3857277,0 days 01:12:59,0,0,0,0,0,0,1,0,0
2,73,1,Regular Play,Croatia,3857277,0 days 01:13:01,0,0,0,0,0,0,1,0,0
2,73,2,Regular Play,Croatia,3857277,0 days 01:13:02,0,0,0,0,0,0,1,0,0
2,73,2,Regular Play,Croatia,3857277,0 days 01:13:02,0,0,0,0,0,0,1,0,0
2,73,6,Regular Play,Croatia,3857277,0 days 01:13:06,0,0,0,0,0,0,1,0,0
2,73,11,Regular Play,Croatia,3857277,0 days 01:13:11,0,0,0,0,0,0,1,0,0
2,73,15,Regular Play,Croatia,3857277,0 days 01:13:15,0,0,0,0,0,0,1,0,0
2,73,16,Regular Play,Croatia,3857277,0 days 01:13:16,0,0,0,0,0,0,1,0,0
2,73,19,Regular Play,Croatia,3857277,0 days 01:13:19,0,0,0,0,0,0,1,0,0
2,73,23,Regular Play,Croatia,3857277,0 days 01:13:23,0,0,0,0,0,0,1,0,0
2,73,25,Regular Play,Croatia,3857277,0 days 01:13:25,0,0,0,0,0,0,1,0,0
2,73,28,Regular Play,Croatia,3857277,0 days 01:13:28,0,0,0,0,0,0,1,0,0
2,73,30,Regular Play,Croatia,3857277,0 days 01:13:30,0,0,0,0,0,0,1,0,0
2,73,33,Regular Play,Croatia,3857277,0 days 01:13:33,0,0,0,0,0,0,1,0,0
2,73,36,Regular Play,Croatia,3857277,0 days 01:13:36,0,0,0,0,0,0,1,0,0
2,73,38,Regular Play,Croatia,3857277,0 days 01:13:38,0,0,0,0,0,0,1,0,0
2,73,40,Regular Play,Croatia,3857277,0 days 01:13:40,0,0,0,0,0,0,1,0,0
2,73,43,Regular Play,Croatia,3857277,0 days 01:13:43,0,0,0,0,0,0,1,0,0
2,73,44,Regular Play,Croatia,3857277,0 days 01:13:44,0,0,0,0,0,0,1,0,0
2,73,49,Regular Play,Croatia,3857277,0 days 01:13:49,0,0,1,0,0,0,0,0,0
2,73,49,Regular Play,Morocco,3857277,0 days 01:13:49,0,0,0,0,0,0,0,0,1
2,74,18,From Throw In,Morocco,3857277,0 days 01:14:18,0,0,0,0,0,0,1,0,0
2,74,19,From Throw In,Morocco,3857277,0 days 01:14:19,0,0,0,0,0,0,1,0,0
2,74,20,From Throw In,Morocco,3857277,0 days 01:14:20,0,0,0,0,0,0,1,0,0
2,74,24,From Throw In,Croatia,3857277,0 days 01:14:24,0,0,0,0,0,0,1,0,0
2,74,25,From Throw In,Croatia,3857277,0 days 01:14:25,0,0,0,0,0,0,1,0,0
2,74,26,From Throw In,Morocco,3857277,0 days 01:14:26,1,0,0,0,0,0,0,0,0
2,74,27,From Throw In,Morocco,3857277,0 days 01:14:27,0,0,0,0,0,0,1,0,0
2,74,29,Regular Play,Croatia,3857277,0 days 01:14:29,0,0,0,0,0,0,1,0,0
2,74,31,Regular Play,Croatia,3857277,0 days 01:14:31,0,0,0,0,0,0,1,0,0
2,74,35,Regular Play,Croatia,3857277,0 days 01:14:35,0,0,0,0,0,0,1,0,0
2,74,37,Regular Play,Croatia,3857277,0 days 01:14:37,0,0,1,0,0,0,0,0,0
2,74,37,Regular Play,Morocco,3857277,0 days 01:14:37,0,0,0,0,0,0,0,0,1
2,74,38,Regular Play,Morocco,3857277,0 days 01:14:38,1,0,0,0,0,0,0,0,0
2,74,39,Regular Play,Morocco,3857277,0 days 01:14:39,0,0,0,0,0,0,1,0,0
2,74,40,Regular Play,Morocco,3857277,0 days 01:14:40,0,0,0,0,0,0,1,0,0
2,74,44,Regular Play,Croatia,3857277,0 days 01:14:44,0,0,0,0,0,0,1,0,0
2,74,47,Regular Play,Morocco,3857277,0 days 01:14:47,0,0,0,0,1,0,0,0,0
2,75,5,From Free Kick,Croatia,3857277,0 days 01:15:05,0,0,0,0,0,0,1,0,0
2,75,6,From Free Kick,Croatia,3857277,0 days 01:15:06,0,0,0,0,0,0,1,0,0
2,75,7,From Free Kick,Croatia,3857277,0 days 01:15:07,0,0,0,0,0,0,1,0,0
2,75,10,From Free Kick,Croatia,3857277,0 days 01:15:10,0,0,0,0,0,0,1,0,0
2,75,11,From Free Kick,Croatia,3857277,0 days 01:15:11,0,0,0,0,0,0,1,0,0
2,75,17,From Free Kick,Croatia,3857277,0 days 01:15:17,0,0,0,0,0,0,1,0,0
2,75,21,From Free Kick,Croatia,3857277,0 days 01:15:21,0,0,0,0,0,0,1,0,0
2,75,24,From Free Kick,Croatia,3857277,0 days 01:15:24,0,0,0,0,0,0,1,0,0
2,75,30,From Free Kick,Morocco,3857277,0 days 01:15:30,1,0,0,0,0,0,0,0,0
2,75,32,From Free Kick,Morocco,3857277,0 days 01:15:32,0,0,0,0,0,0,1,0,0
2,75,33,From Free Kick,Croatia,3857277,0 days 01:15:33,1,0,0,0,0,0,0,0,0
2,75,35,From Free Kick,Croatia,3857277,0 days 01:15:35,0,0,0,0,0,0,1,0,0
2,75,36,From Free Kick,Croatia,3857277,0 days 01:15:36,0,0,0,0,0,0,1,0,0
2,75,37,From Free Kick,Croatia,3857277,0 days 01:15:37,0,0,0,0,0,0,1,0,0
2,75,38,From Free Kick,Croatia,3857277,0 days 01:15:38,0,0,0,0,0,0,1,0,0
2,75,39,From Free Kick,Morocco,3857277,0 days 01:15:39,0,0,0,0,0,0,1,0,0
2,75,42,From Free Kick,Morocco,3857277,0 days 01:15:42,0,0,0,0,0,0,1,0,0
2,75,42,From Free Kick,Croatia,3857277,0 days 01:15:42,0,0,0,0,0,1,0,0,0
2,75,48,From Free Kick,Croatia,3857277,0 days 01:15:48,0,0,0,0,0,0,1,0,0
2,75,50,From Free Kick,Croatia,3857277,0 days 01:15:50,0,0,0,0,0,0,1,0,0
2,75,55,From Throw In,Croatia,3857277,0 days 01:15:55,0,0,0,0,0,0,1,0,0
2,75,57,From Throw In,Croatia,3857277,0 days 01:15:57,0,0,0,0,0,0,1,0,0
2,75,59,From Throw In,Croatia,3857277,0 days 01:15:59,0,0,0,0,0,0,1,0,0
2,76,0,From Throw In,Morocco,3857277,0 days 01:16:00,1,0,0,0,0,0,0,0,0
2,76,2,From Throw In,Croatia,3857277,0 days 01:16:02,0,0,0,0,1,0,0,0,0
2,76,41,From Free Kick,Morocco,3857277,0 days 01:16:41,0,0,0,0,0,0,1,0,0
2,76,47,Regular Play,Croatia,3857277,0 days 01:16:47,1,0,0,0,0,0,0,0,0
2,76,50,Regular Play,Croatia,3857277,0 days 01:16:50,0,0,0,0,0,0,1,0,0
2,76,54,Regular Play,Croatia,3857277,0 days 01:16:54,0,0,0,0,0,0,1,0,0
2,76,56,Regular Play,Croatia,3857277,0 days 01:16:56,0,0,0,0,0,0,1,0,0
2,68,45,From Free Kick,United States,3857278,0 days 01:08:45,0,0,0,0,0,0,0,1,0
2,68,53,From Goal Kick,Iran,3857278,0 days 01:08:53,0,0,0,0,0,0,1,0,0
2,69,0,From Goal Kick,Iran,3857278,0 days 01:09:00,0,0,1,0,0,0,0,0,0
2,69,0,From Goal Kick,United States,3857278,0 days 01:09:00,0,0,0,0,0,0,0,0,1
2,69,31,From Throw In,Iran,3857278,0 days 01:09:31,0,0,0,0,0,0,1,0,0
2,69,32,From Throw In,United States,3857278,0 days 01:09:32,0,1,0,0,0,0,0,0,0
2,69,34,From Throw In,United States,3857278,0 days 01:09:34,0,1,0,0,0,0,0,0,0
2,69,37,From Throw In,Iran,3857278,0 days 01:09:37,0,0,0,0,0,0,1,0,0
2,69,40,From Throw In,Iran,3857278,0 days 01:09:40,0,0,0,0,0,0,1,0,0
2,69,44,From Throw In,Iran,3857278,0 days 01:09:44,0,0,0,0,0,0,1,0,0
2,69,45,From Throw In,Iran,3857278,0 days 01:09:45,0,0,0,0,0,0,1,0,0
2,69,47,From Throw In,Iran,3857278,0 days 01:09:47,0,0,0,0,0,0,1,0,0
2,69,50,From Throw In,Iran,3857278,0 days 01:09:50,0,0,0,0,0,0,1,0,0
2,69,53,From Throw In,Iran,3857278,0 days 01:09:53,0,0,0,0,0,0,0,1,0
2,71,9,From Goal Kick,United States,3857278,0 days 01:11:09,0,0,0,0,0,0,1,0,0
2,71,13,From Goal Kick,United States,3857278,0 days 01:11:13,0,0,0,0,0,0,1,0,0
2,71,16,From Goal Kick,United States,3857278,0 days 01:11:16,0,0,0,0,0,0,1,0,0
2,71,23,From Goal Kick,United States,3857278,0 days 01:11:23,0,0,0,0,0,0,1,0,0
2,71,27,From Goal Kick,United States,3857278,0 days 01:11:27,0,0,0,0,0,0,1,0,0
2,71,29,From Goal Kick,United States,3857278,0 days 01:11:29,0,0,0,0,0,0,1,0,0
2,71,30,From Goal Kick,United States,3857278,0 days 01:11:30,0,0,0,0,0,0,1,0,0
2,71,33,From Goal Kick,United States,3857278,0 days 01:11:33,0,0,0,0,0,0,1,0,0
2,71,36,From Goal Kick,United States,3857278,0 days 01:11:36,0,0,0,0,0,0,1,0,0
2,71,42,From Goal Kick,United States,3857278,0 days 01:11:42,0,0,0,0,0,0,1,0,0
2,71,48,Regular Play,Iran,3857278,0 days 01:11:48,0,0,0,0,0,0,1,0,0
2,71,50,Regular Play,Iran,3857278,0 days 01:11:50,0,0,0,0,0,0,1,0,0
2,71,54,Regular Play,Iran,3857278,0 days 01:11:54,0,0,0,0,0,0,1,0,0
2,72,6,From Throw In,United States,3857278,0 days 01:12:06,0,0,0,0,0,0,1,0,0
2,72,8,From Throw In,Iran,3857278,0 days 01:12:08,0,0,0,0,0,1,0,0,0
2,72,9,From Throw In,United States,3857278,0 days 01:12:09,1,0,0,0,0,0,0,0,0
2,72,14,From Throw In,United States,3857278,0 days 01:12:14,0,0,0,0,0,0,1,0,0
2,72,16,From Throw In,United States,3857278,0 days 01:12:16,0,0,1,0,0,0,0,0,0
2,72,16,From Throw In,Iran,3857278,0 days 01:12:16,0,0,0,0,0,0,0,0,1
2,72,36,From Throw In,Iran,3857278,0 days 01:12:36,0,0,0,0,0,0,1,0,0
2,72,39,From Throw In,United States,3857278,0 days 01:12:39,0,0,0,0,0,0,1,0,0
2,72,40,From Throw In,Iran,3857278,0 days 01:12:40,0,0,0,0,0,0,1,0,0
2,72,41,Regular Play,United States,3857278,0 days 01:12:41,0,0,0,0,0,0,1,0,0
2,72,42,Regular Play,United States,3857278,0 days 01:12:42,0,0,0,0,0,0,1,0,0
2,72,45,Regular Play,United States,3857278,0 days 01:12:45,0,0,0,0,0,0,1,0,0
2,72,47,Regular Play,United States,3857278,0 days 01:12:47,0,0,0,0,0,0,1,0,0
2,72,48,Regular Play,United States,3857278,0 days 01:12:48,0,0,0,1,0,0,0,0,0
2,72,51,Regular Play,United States,3857278,0 days 01:12:51,0,0,0,0,0,0,1,0,0
2,72,58,Regular Play,United States,3857278,0 days 01:12:58,0,0,0,0,0,0,1,0,0
2,73,0,Regular Play,Iran,3857278,0 days 01:13:00,0,0,0,0,0,0,1,0,0
2,73,3,Regular Play,Iran,3857278,0 days 01:13:03,0,0,0,0,0,0,1,0,0
2,73,6,Regular Play,Iran,3857278,0 days 01:13:06,0,0,0,0,0,0,1,0,0
2,73,9,Regular Play,Iran,3857278,0 days 01:13:09,0,0,0,1,0,0,0,0,0
2,73,10,Regular Play,Iran,3857278,0 days 01:13:10,0,0,0,0,0,0,1,0,0
2,73,12,Regular Play,United States,3857278,0 days 01:13:12,0,0,0,0,0,0,1,0,0
2,73,14,Regular Play,United States,3857278,0 days 01:13:14,0,0,0,0,0,0,1,0,0
2,73,18,Regular Play,Iran,3857278,0 days 01:13:18,0,0,0,0,0,0,1,0,0
2,73,19,Regular Play,United States,3857278,0 days 01:13:19,0,0,0,0,0,0,1,0,0
2,73,24,Regular Play,Iran,3857278,0 days 01:13:24,1,0,0,0,0,0,0,0,0
2,75,33,From Throw In,Iran,3857278,0 days 01:15:33,0,0,0,0,0,0,1,0,0
2,75,36,From Throw In,Iran,3857278,0 days 01:15:36,0,0,0,0,0,0,1,0,0
2,75,38,From Throw In,Iran,3857278,0 days 01:15:38,0,0,0,0,0,0,1,0,0
2,75,40,From Throw In,Iran,3857278,0 days 01:15:40,0,0,0,0,0,0,1,0,0
2,75,45,From Throw In,Iran,3857278,0 days 01:15:45,0,0,0,0,0,0,1,0,0
2,75,47,From Throw In,Iran,3857278,0 days 01:15:47,0,0,0,0,0,0,1,0,0
2,75,52,From Throw In,Iran,3857278,0 days 01:15:52,0,0,0,0,0,0,1,0,0
2,75,59,From Throw In,Iran,3857278,0 days 01:15:59,0,0,0,0,0,0,1,0,0
2,76,3,From Throw In,Iran,3857278,0 days 01:16:03,0,0,0,0,0,0,1,0,0
2,76,6,From Throw In,Iran,3857278,0 days 01:16:06,0,0,1,0,0,0,0,0,0
2,76,6,Regular Play,United States,3857278,0 days 01:16:06,0,0,0,0,0,0,0,0,1
2,76,6,Regular Play,United States,3857278,0 days 01:16:06,1,0,0,0,0,0,0,0,0
2,76,8,Regular Play,United States,3857278,0 days 01:16:08,0,0,0,0,0,0,1,0,0
2,76,10,Regular Play,United States,3857278,0 days 01:16:10,0,0,0,0,0,0,1,0,0
2,76,14,Regular Play,Iran,3857278,0 days 01:16:14,0,0,0,0,1,0,0,0,0
2,67,2,Regular Play,France,3857279,0 days 01:07:02,0,0,0,0,0,0,1,0,0
2,67,3,Regular Play,France,3857279,0 days 01:07:03,0,0,0,0,0,0,0,1,0
2,68,25,From Kick Off,Australia,3857279,0 days 01:08:25,0,0,0,0,0,0,1,0,0
2,68,32,From Kick Off,Australia,3857279,0 days 01:08:32,0,0,0,0,0,0,1,0,0
2,68,33,From Kick Off,France,3857279,0 days 01:08:33,0,1,0,0,0,0,0,0,0
2,68,35,From Kick Off,Australia,3857279,0 days 01:08:35,0,0,0,0,0,0,1,0,0
2,68,46,From Throw In,Australia,3857279,0 days 01:08:46,0,0,0,0,0,0,1,0,0
2,68,49,From Throw In,Australia,3857279,0 days 01:08:49,0,0,0,0,0,0,1,0,0
2,68,53,From Throw In,Australia,3857279,0 days 01:08:53,0,0,0,0,0,0,1,0,0
2,68,54,From Throw In,Australia,3857279,0 days 01:08:54,0,0,0,0,0,0,1,0,0
2,68,58,From Throw In,Australia,3857279,0 days 01:08:58,0,0,0,0,0,0,1,0,0
2,69,0,From Throw In,Australia,3857279,0 days 01:09:00,0,0,0,0,0,0,1,0,0
2,69,3,From Throw In,Australia,3857279,0 days 01:09:03,0,0,0,0,0,0,1,0,0
2,69,7,From Throw In,Australia,3857279,0 days 01:09:07,0,0,0,0,0,0,1,0,0
2,69,9,From Throw In,Australia,3857279,0 days 01:09:09,0,0,0,0,0,0,1,0,0
2,69,11,From Throw In,Australia,3857279,0 days 01:09:11,0,0,0,0,0,0,1,0,0
2,69,14,From Throw In,Australia,3857279,0 days 01:09:14,0,0,0,0,0,0,1,0,0
2,69,19,From Throw In,Australia,3857279,0 days 01:09:19,0,0,0,0,0,0,1,0,0
2,69,20,From Throw In,Australia,3857279,0 days 01:09:20,0,0,0,0,0,0,1,0,0
2,69,22,From Throw In,Australia,3857279,0 days 01:09:22,0,0,0,0,0,0,1,0,0
2,69,25,From Throw In,Australia,3857279,0 days 01:09:25,0,0,0,0,0,0,1,0,0
2,69,29,From Throw In,Australia,3857279,0 days 01:09:29,0,0,0,0,0,0,1,0,0
2,69,31,From Throw In,Australia,3857279,0 days 01:09:31,0,0,0,0,0,0,1,0,0
2,69,35,From Throw In,Australia,3857279,0 days 01:09:35,0,0,1,0,0,0,0,0,0
2,69,35,From Throw In,France,3857279,0 days 01:09:35,0,0,0,0,0,0,0,0,1
2,69,43,From Throw In,Australia,3857279,0 days 01:09:43,0,0,0,0,0,0,1,0,0
2,69,47,From Throw In,Australia,3857279,0 days 01:09:47,0,0,0,0,0,0,1,0,0
2,69,50,Regular Play,France,3857279,0 days 01:09:50,1,0,0,0,0,0,0,0,0
2,69,52,Regular Play,France,3857279,0 days 01:09:52,0,0,0,0,0,0,1,0,0
2,69,56,Regular Play,Australia,3857279,0 days 01:09:56,0,0,0,0,1,0,0,0,0
2,70,26,From Free Kick,France,3857279,0 days 01:10:26,0,0,0,0,0,0,1,0,0
2,70,28,From Free Kick,France,3857279,0 days 01:10:28,0,0,0,0,0,0,1,0,0
2,70,31,From Free Kick,France,3857279,0 days 01:10:31,0,0,0,0,0,0,1,0,0
2,70,34,From Free Kick,France,3857279,0 days 01:10:34,0,0,0,0,0,0,1,0,0
2,70,38,From Free Kick,France,3857279,0 days 01:10:38,0,0,0,0,0,0,1,0,0
2,70,40,From Free Kick,France,3857279,0 days 01:10:40,0,0,0,0,0,0,1,0,0
2,70,49,From Free Kick,France,3857279,0 days 01:10:49,0,0,0,0,0,0,1,0,0
2,70,50,From Free Kick,France,3857279,0 days 01:10:50,0,0,0,0,0,0,0,1,0
2,73,29,From Kick Off,Australia,3857279,0 days 01:13:29,0,0,0,0,0,0,1,0,0
2,73,31,From Kick Off,Australia,3857279,0 days 01:13:31,0,0,0,0,0,0,1,0,0
2,73,33,From Kick Off,Australia,3857279,0 days 01:13:33,0,0,0,0,0,0,1,0,0
2,73,35,From Kick Off,Australia,3857279,0 days 01:13:35,0,0,0,0,0,0,1,0,0
2,73,38,From Kick Off,Australia,3857279,0 days 01:13:38,0,0,0,0,0,0,1,0,0
2,73,40,From Kick Off,Australia,3857279,0 days 01:13:40,0,0,0,0,0,0,1,0,0
2,73,43,From Kick Off,Australia,3857279,0 days 01:13:43,0,0,0,0,0,0,1,0,0
2,73,45,From Kick Off,Australia,3857279,0 days 01:13:45,0,0,0,0,0,0,1,0,0
2,73,47,From Kick Off,Australia,3857279,0 days 01:13:47,0,0,0,0,0,0,1,0,0
2,73,49,From Kick Off,France,3857279,0 days 01:13:49,0,0,0,0,0,1,0,0,0
2,73,50,From Kick Off,Australia,3857279,0 days 01:13:50,0,0,0,0,0,0,1,0,0
2,73,52,From Kick Off,Australia,3857279,0 days 01:13:52,0,0,0,0,0,0,1,0,0
2,74,9,From Goal Kick,France,3857279,0 days 01:14:09,0,0,0,0,0,0,1,0,0
2,74,12,From Goal Kick,France,3857279,0 days 01:14:12,0,0,0,0,0,0,1,0,0
2,74,14,From Goal Kick,France,3857279,0 days 01:14:14,0,0,0,0,0,0,1,0,0
2,74,17,From Goal Kick,Australia,3857279,0 days 01:14:17,0,0,0,0,0,0,1,0,0
2,74,20,From Goal Kick,France,3857279,0 days 01:14:20,0,0,0,0,0,0,1,0,0
2,74,31,From Goal Kick,France,3857279,0 days 01:14:31,0,0,0,1,0,0,0,0,0
2,74,31,From Goal Kick,Australia,3857279,0 days 01:14:31,0,0,0,0,0,0,0,0,1
2,74,35,From Goal Kick,Australia,3857279,0 days 01:14:35,0,0,0,0,0,0,1,0,0
2,74,39,From Goal Kick,France,3857279,0 days 01:14:39,0,0,0,0,0,0,1,0,0
2,74,42,From Goal Kick,France,3857279,0 days 01:14:42,0,0,0,0,0,0,1,0,0
2,74,46,From Goal Kick,France,3857279,0 days 01:14:46,0,0,0,0,0,0,1,0,0
2,74,48,From Goal Kick,France,3857279,0 days 01:14:48,0,0,0,0,0,0,1,0,0
2,74,49,From Goal Kick,France,3857279,0 days 01:14:49,0,0,0,0,0,0,1,0,0
2,75,1,From Goal Kick,France,3857279,0 days 01:15:01,0,0,0,0,0,0,1,0,0
2,75,4,From Goal Kick,France,3857279,0 days 01:15:04,0,0,0,0,0,0,1,0,0
2,75,6,From Goal Kick,France,3857279,0 days 01:15:06,0,0,0,0,0,0,1,0,0
2,75,9,Regular Play,Australia,3857279,0 days 01:15:09,0,0,0,0,0,0,1,0,0
2,75,10,Regular Play,Australia,3857279,0 days 01:15:10,0,0,0,0,0,0,1,0,0
2,75,15,Regular Play,Australia,3857279,0 days 01:15:15,0,0,0,0,0,0,1,0,0
2,75,19,Regular Play,Australia,3857279,0 days 01:15:19,0,0,0,0,0,0,1,0,0
2,75,23,Regular Play,Australia,3857279,0 days 01:15:23,0,0,0,0,0,0,1,0,0
2,75,26,Regular Play,Australia,3857279,0 days 01:15:26,0,0,0,0,0,0,1,0,0
2,75,26,Regular Play,Australia,3857279,0 days 01:15:26,0,0,0,0,0,0,1,0,0
2,75,28,Regular Play,Australia,3857279,0 days 01:15:28,0,0,0,0,0,0,1,0,0
2,75,31,Regular Play,Australia,3857279,0 days 01:15:31,0,0,0,0,0,0,1,0,0
2,76,44,From Goal Kick,France,3857279,0 days 01:16:44,0,0,0,0,0,0,1,0,0
2,76,48,From Goal Kick,Australia,3857279,0 days 01:16:48,0,0,0,0,0,0,1,0,0
2,76,53,From Goal Kick,Australia,3857279,0 days 01:16:53,0,0,0,0,0,0,1,0,0
2,67,53,Regular Play,Brazil,3857280,0 days 01:07:53,0,0,0,0,0,0,1,0,0
2,67,56,Regular Play,Brazil,3857280,0 days 01:07:56,0,0,0,0,0,0,1,0,0
2,67,59,Regular Play,Brazil,3857280,0 days 01:07:59,0,0,0,0,0,0,1,0,0
2,68,2,Regular Play,Brazil,3857280,0 days 01:08:02,0,0,0,0,0,0,1,0,0
2,68,5,Regular Play,Brazil,3857280,0 days 01:08:05,0,0,0,0,0,0,1,0,0
2,68,7,Regular Play,Brazil,3857280,0 days 01:08:07,0,0,0,0,0,0,1,0,0
2,68,9,Regular Play,Brazil,3857280,0 days 01:08:09,0,0,0,0,0,0,1,0,0
2,68,13,Regular Play,Brazil,3857280,0 days 01:08:13,0,0,0,0,0,0,1,0,0
2,68,17,Regular Play,Brazil,3857280,0 days 01:08:17,0,0,0,0,0,0,1,0,0
2,68,22,Regular Play,Brazil,3857280,0 days 01:08:22,0,0,0,0,0,0,1,0,0
2,68,24,Regular Play,Brazil,3857280,0 days 01:08:24,0,0,0,0,0,0,1,0,0
2,68,24,Regular Play,Brazil,3857280,0 days 01:08:24,0,0,0,0,0,0,1,0,0
2,68,25,Regular Play,Brazil,3857280,0 days 01:08:25,0,0,1,0,0,0,0,0,0
2,68,25,Regular Play,Cameroon,3857280,0 days 01:08:25,0,0,0,0,0,0,0,0,1
2,68,26,Regular Play,Cameroon,3857280,0 days 01:08:26,1,0,0,0,0,0,0,0,0
2,68,27,Regular Play,Brazil,3857280,0 days 01:08:27,0,0,0,0,1,0,0,0,0
2,68,40,From Free Kick,Cameroon,3857280,0 days 01:08:40,0,0,0,0,0,0,1,0,0
2,68,46,From Free Kick,Cameroon,3857280,0 days 01:08:46,0,0,0,0,0,0,1,0,0
2,68,51,From Free Kick,Cameroon,3857280,0 days 01:08:51,0,0,0,0,0,0,1,0,0
2,68,55,From Free Kick,Cameroon,3857280,0 days 01:08:55,0,0,0,0,0,0,1,0,0
2,69,0,From Free Kick,Cameroon,3857280,0 days 01:09:00,0,0,0,0,0,0,1,0,0
2,69,6,From Free Kick,Cameroon,3857280,0 days 01:09:06,0,0,0,0,0,0,1,0,0
2,69,23,From Throw In,Cameroon,3857280,0 days 01:09:23,0,0,0,0,0,0,1,0,0
2,69,25,From Throw In,Cameroon,3857280,0 days 01:09:25,0,0,0,0,0,0,1,0,0
2,69,27,From Throw In,Brazil,3857280,0 days 01:09:27,0,1,0,0,0,0,0,0,0
2,69,29,Regular Play,Brazil,3857280,0 days 01:09:29,1,0,0,0,0,0,0,0,0
2,69,34,Regular Play,Cameroon,3857280,0 days 01:09:34,0,0,0,0,1,0,0,0,0
2,69,45,From Free Kick,Brazil,3857280,0 days 01:09:45,0,0,0,0,0,0,1,0,0
2,69,50,From Free Kick,Brazil,3857280,0 days 01:09:50,0,0,0,0,0,0,1,0,0
2,69,53,From Free Kick,Brazil,3857280,0 days 01:09:53,0,0,0,0,0,0,1,0,0
2,69,56,From Free Kick,Brazil,3857280,0 days 01:09:56,0,0,0,0,0,0,1,0,0
2,70,2,From Free Kick,Brazil,3857280,0 days 01:10:02,0,0,0,0,0,0,1,0,0
2,70,7,From Free Kick,Brazil,3857280,0 days 01:10:07,0,0,0,0,0,0,1,0,0
2,70,9,From Free Kick,Brazil,3857280,0 days 01:10:09,0,0,0,0,0,0,1,0,0
2,70,11,From Free Kick,Brazil,3857280,0 days 01:10:11,0,0,0,1,0,0,0,0,0
2,70,14,From Free Kick,Brazil,3857280,0 days 01:10:14,0,0,0,0,0,0,1,0,0
2,70,15,From Free Kick,Brazil,3857280,0 days 01:10:15,0,0,0,0,0,0,1,0,0
2,70,19,From Free Kick,Brazil,3857280,0 days 01:10:19,0,0,1,0,0,0,0,0,0
2,70,19,Regular Play,Cameroon,3857280,0 days 01:10:19,0,0,0,0,0,0,0,0,1
2,70,21,Regular Play,Cameroon,3857280,0 days 01:10:21,0,0,0,0,0,0,1,0,0
2,70,31,Regular Play,Cameroon,3857280,0 days 01:10:31,0,0,0,0,0,0,1,0,0
2,70,35,Regular Play,Cameroon,3857280,0 days 01:10:35,0,0,0,0,0,0,1,0,0
2,70,39,Regular Play,Cameroon,3857280,0 days 01:10:39,0,0,0,1,0,0,0,0,0
2,70,39,From Counter,Brazil,3857280,0 days 01:10:39,0,0,0,0,0,0,0,0,1
2,70,41,From Counter,Brazil,3857280,0 days 01:10:41,0,0,0,0,0,0,1,0,0
2,70,43,From Counter,Brazil,3857280,0 days 01:10:43,0,0,0,0,0,0,1,0,0
2,70,44,From Counter,Cameroon,3857280,0 days 01:10:44,0,0,0,0,1,0,0,0,0
2,70,50,From Free Kick,Brazil,3857280,0 days 01:10:50,0,0,0,0,0,0,1,0,0
2,70,55,From Free Kick,Brazil,3857280,0 days 01:10:55,0,0,0,0,0,0,1,0,0
2,70,57,From Free Kick,Brazil,3857280,0 days 01:10:57,0,0,1,0,0,0,0,0,0
2,70,57,From Free Kick,Cameroon,3857280,0 days 01:10:57,0,0,0,0,0,0,0,0,1
2,70,58,From Free Kick,Cameroon,3857280,0 days 01:10:58,0,0,0,0,0,0,1,0,0
2,71,1,From Free Kick,Cameroon,3857280,0 days 01:11:01,0,0,0,0,0,0,1,0,0
2,71,1,From Free Kick,Brazil,3857280,0 days 01:11:01,1,0,0,0,0,0,0,0,0
2,71,4,From Free Kick,Brazil,3857280,0 days 01:11:04,0,0,0,0,0,0,1,0,0
2,71,4,From Free Kick,Brazil,3857280,0 days 01:11:04,0,0,0,0,0,0,1,0,0
2,71,6,From Free Kick,Brazil,3857280,0 days 01:11:06,0,0,0,0,0,0,1,0,0
2,71,7,From Free Kick,Brazil,3857280,0 days 01:11:07,0,0,0,0,0,0,1,0,0
2,71,9,From Free Kick,Brazil,3857280,0 days 01:11:09,0,0,0,0,0,0,1,0,0
2,71,9,From Free Kick,Brazil,3857280,0 days 01:11:09,0,0,0,0,0,0,1,0,0
2,71,44,From Goal Kick,Cameroon,3857280,0 days 01:11:44,0,0,0,0,0,0,1,0,0
2,71,47,Regular Play,Brazil,3857280,0 days 01:11:47,0,0,0,0,0,0,1,0,0
2,71,51,Regular Play,Brazil,3857280,0 days 01:11:51,0,0,0,0,0,0,1,0,0
2,71,55,Regular Play,Brazil,3857280,0 days 01:11:55,0,0,0,0,0,0,1,0,0
2,71,55,Regular Play,Brazil,3857280,0 days 01:11:55,0,0,0,0,0,0,1,0,0
2,71,57,Regular Play,Brazil,3857280,0 days 01:11:57,0,0,0,0,0,0,1,0,0
2,71,58,Regular Play,Cameroon,3857280,0 days 01:11:58,0,0,0,0,0,0,1,0,0
2,71,59,Regular Play,Brazil,3857280,0 days 01:11:59,1,0,0,0,0,0,0,0,0
2,71,59,Regular Play,Brazil,3857280,0 days 01:11:59,0,0,1,0,0,0,0,0,0
2,71,59,Regular Play,Cameroon,3857280,0 days 01:11:59,0,0,0,0,0,0,0,0,1
2,72,1,Regular Play,Brazil,3857280,0 days 01:12:01,1,0,0,0,0,0,0,0,0
2,72,1,Regular Play,Brazil,3857280,0 days 01:12:01,0,0,0,1,0,0,0,0,0
2,72,3,Regular Play,Cameroon,3857280,0 days 01:12:03,1,0,0,0,0,0,0,0,0
2,72,6,Regular Play,Cameroon,3857280,0 days 01:12:06,0,0,0,0,0,0,1,0,0
2,72,8,Regular Play,Brazil,3857280,0 days 01:12:08,1,0,0,0,0,0,0,0,0
2,72,8,Regular Play,Brazil,3857280,0 days 01:12:08,0,0,0,0,0,0,1,0,0
2,72,11,Regular Play,Brazil,3857280,0 days 01:12:11,0,0,0,0,0,0,1,0,0
2,72,12,Regular Play,Brazil,3857280,0 days 01:12:12,0,0,0,0,0,0,0,1,0
2,72,48,From Goal Kick,Cameroon,3857280,0 days 01:12:48,0,0,0,0,0,0,1,0,0
2,72,52,From Goal Kick,Cameroon,3857280,0 days 01:12:52,0,0,0,0,0,0,1,0,0
2,72,54,From Goal Kick,Cameroon,3857280,0 days 01:12:54,0,0,0,0,0,0,1,0,0
2,72,56,From Goal Kick,Brazil,3857280,0 days 01:12:56,0,0,0,0,0,0,1,0,0
2,73,4,From Goal Kick,Cameroon,3857280,0 days 01:13:04,1,0,0,0,0,0,0,0,0
2,73,6,From Goal Kick,Brazil,3857280,0 days 01:13:06,0,0,0,0,1,0,0,0,0
2,73,28,From Free Kick,Cameroon,3857280,0 days 01:13:28,0,0,0,0,0,0,1,0,0
2,73,36,From Free Kick,Cameroon,3857280,0 days 01:13:36,0,0,0,0,0,0,1,0,0
2,73,38,From Free Kick,Cameroon,3857280,0 days 01:13:38,0,0,0,0,0,0,1,0,0
2,73,43,From Free Kick,Cameroon,3857280,0 days 01:13:43,0,0,0,0,0,0,1,0,0
2,73,45,From Free Kick,Cameroon,3857280,0 days 01:13:45,0,0,0,0,0,0,1,0,0
2,73,47,From Free Kick,Brazil,3857280,0 days 01:13:47,0,1,0,0,0,0,0,0,0
2,73,49,From Free Kick,Brazil,3857280,0 days 01:13:49,0,0,0,0,0,0,1,0,0
2,73,51,From Free Kick,Brazil,3857280,0 days 01:13:51,0,0,0,0,0,0,1,0,0
2,73,52,From Free Kick,Cameroon,3857280,0 days 01:13:52,1,0,0,0,0,0,0,0,0
2,73,56,From Free Kick,Cameroon,3857280,0 days 01:13:56,0,0,0,0,0,0,1,0,0
2,74,0,From Free Kick,Cameroon,3857280,0 days 01:14:00,0,0,0,0,0,0,1,0,0
2,74,3,From Free Kick,Cameroon,3857280,0 days 01:14:03,0,0,0,0,0,0,1,0,0
2,74,7,From Free Kick,Cameroon,3857280,0 days 01:14:07,0,0,0,0,0,0,1,0,0
2,74,12,From Free Kick,Cameroon,3857280,0 days 01:14:12,0,0,0,0,0,0,1,0,0
2,74,15,From Free Kick,Cameroon,3857280,0 days 01:14:15,0,0,0,0,0,0,1,0,0
2,74,19,From Free Kick,Cameroon,3857280,0 days 01:14:19,0,0,0,0,0,0,1,0,0
2,74,22,From Free Kick,Cameroon,3857280,0 days 01:14:22,0,0,0,0,0,0,1,0,0
2,74,25,From Free Kick,Cameroon,3857280,0 days 01:14:25,0,0,0,0,0,0,1,0,0
2,74,30,From Free Kick,Cameroon,3857280,0 days 01:14:30,0,0,0,0,0,0,1,0,0
2,74,31,From Free Kick,Cameroon,3857280,0 days 01:14:31,0,0,0,0,0,0,1,0,0
2,74,35,Regular Play,Brazil,3857280,0 days 01:14:35,1,0,0,0,0,0,0,0,0
2,74,43,Regular Play,Brazil,3857280,0 days 01:14:43,0,0,0,0,0,0,1,0,0
2,74,46,Regular Play,Brazil,3857280,0 days 01:14:46,0,0,0,0,0,0,1,0,0
2,74,50,Regular Play,Brazil,3857280,0 days 01:14:50,0,0,0,0,0,0,1,0,0
2,74,53,Regular Play,Brazil,3857280,0 days 01:14:53,0,0,0,0,0,0,1,0,0
2,74,54,Regular Play,Brazil,3857280,0 days 01:14:54,0,0,0,0,0,0,1,0,0
2,74,56,Regular Play,Brazil,3857280,0 days 01:14:56,0,0,0,0,0,0,1,0,0
2,74,59,Regular Play,Brazil,3857280,0 days 01:14:59,0,0,0,0,0,0,1,0,0
2,75,0,Regular Play,Cameroon,3857280,0 days 01:15:00,0,0,0,0,0,1,0,0,0
2,75,31,From Goal Kick,Cameroon,3857280,0 days 01:15:31,0,0,0,0,0,0,1,0,0
2,75,35,Regular Play,Brazil,3857280,0 days 01:15:35,0,0,0,0,0,0,1,0,0
2,75,37,Regular Play,Brazil,3857280,0 days 01:15:37,0,0,0,0,0,0,1,0,0
2,75,38,Regular Play,Brazil,3857280,0 days 01:15:38,0,0,0,0,0,0,1,0,0
2,75,39,Regular Play,Cameroon,3857280,0 days 01:15:39,0,0,0,0,1,0,0,0,0
2,75,46,From Free Kick,Brazil,3857280,0 days 01:15:46,0,0,0,0,0,0,1,0,0
2,75,49,From Free Kick,Brazil,3857280,0 days 01:15:49,0,0,0,0,0,0,1,0,0
2,75,51,From Free Kick,Brazil,3857280,0 days 01:15:51,0,0,0,0,0,0,1,0,0
2,75,58,From Free Kick,Brazil,3857280,0 days 01:15:58,0,0,0,0,0,0,1,0,0
2,76,1,From Free Kick,Brazil,3857280,0 days 01:16:01,0,0,0,0,0,0,1,0,0
2,76,5,From Free Kick,Brazil,3857280,0 days 01:16:05,0,0,0,0,0,0,1,0,0
2,76,12,From Free Kick,Brazil,3857280,0 days 01:16:12,0,0,0,0,0,0,1,0,0
2,76,14,From Free Kick,Brazil,3857280,0 days 01:16:14,0,0,0,0,0,0,1,0,0
2,76,15,From Free Kick,Brazil,3857280,0 days 01:16:15,0,0,0,0,0,0,1,0,0
2,76,18,From Free Kick,Brazil,3857280,0 days 01:16:18,0,0,0,0,0,0,1,0,0
2,76,23,From Free Kick,Brazil,3857280,0 days 01:16:23,0,0,0,0,0,0,1,0,0
2,76,24,From Free Kick,Brazil,3857280,0 days 01:16:24,0,0,0,0,0,0,1,0,0
2,76,27,From Free Kick,Brazil,3857280,0 days 01:16:27,0,0,0,0,0,0,1,0,0
2,76,28,From Free Kick,Brazil,3857280,0 days 01:16:28,0,0,0,0,0,0,1,0,0
2,76,30,From Free Kick,Brazil,3857280,0 days 01:16:30,0,0,0,0,0,0,1,0,0
2,76,32,From Free Kick,Brazil,3857280,0 days 01:16:32,0,0,0,0,0,0,1,0,0
2,76,35,From Free Kick,Brazil,3857280,0 days 01:16:35,0,0,0,0,0,0,1,0,0
2,76,37,Regular Play,Cameroon,3857280,0 days 01:16:37,1,0,0,0,0,0,0,0,0
2,76,45,Regular Play,Cameroon,3857280,0 days 01:16:45,0,0,0,0,0,0,1,0,0
2,76,51,Regular Play,Cameroon,3857280,0 days 01:16:51,0,0,0,0,0,0,1,0,0
2,76,51,Regular Play,Cameroon,3857280,0 days 01:16:51,0,0,0,0,0,0,1,0,0
2,76,53,Regular Play,Cameroon,3857280,0 days 01:16:53,0,0,0,0,0,0,1,0,0
2,76,59,Regular Play,Cameroon,3857280,0 days 01:16:59,0,0,0,0,0,0,1,0,0
2,67,0,From Throw In,Croatia,3857281,0 days 01:07:00,1,0,0,0,0,0,0,0,0
2,67,9,From Throw In,Canada,3857281,0 days 01:07:09,0,0,0,0,0,0,1,0,0
2,67,11,From Throw In,Canada,3857281,0 days 01:07:11,0,0,0,0,0,0,1,0,0
2,67,12,From Throw In,Canada,3857281,0 days 01:07:12,0,0,0,0,0,0,1,0,0
2,67,14,From Throw In,Canada,3857281,0 days 01:07:14,0,0,0,0,0,0,1,0,0
2,67,17,From Throw In,Canada,3857281,0 days 01:07:17,0,0,0,0,0,0,1,0,0
2,67,21,From Throw In,Canada,3857281,0 days 01:07:21,0,0,0,0,0,0,1,0,0
2,67,22,From Throw In,Croatia,3857281,0 days 01:07:22,0,0,0,0,0,1,0,0,0
2,67,27,From Throw In,Croatia,3857281,0 days 01:07:27,0,0,0,0,0,0,1,0,0
2,67,29,From Throw In,Croatia,3857281,0 days 01:07:29,0,0,0,0,0,0,1,0,0
2,67,37,From Throw In,Canada,3857281,0 days 01:07:37,0,0,0,0,0,0,1,0,0
2,67,39,From Throw In,Canada,3857281,0 days 01:07:39,0,0,0,0,0,0,1,0,0
2,67,41,From Throw In,Canada,3857281,0 days 01:07:41,0,0,0,0,0,0,1,0,0
2,67,42,Regular Play,Croatia,3857281,0 days 01:07:42,0,0,0,0,0,1,0,0,0
2,67,44,Regular Play,Croatia,3857281,0 days 01:07:44,0,0,0,0,0,0,1,0,0
2,67,48,Regular Play,Croatia,3857281,0 days 01:07:48,0,0,0,0,0,0,1,0,0
2,67,50,Regular Play,Croatia,3857281,0 days 01:07:50,0,0,0,0,0,0,1,0,0
2,67,54,Regular Play,Croatia,3857281,0 days 01:07:54,0,0,0,0,0,0,1,0,0
2,67,58,Regular Play,Croatia,3857281,0 days 01:07:58,0,0,0,0,0,0,1,0,0
2,68,3,Regular Play,Canada,3857281,0 days 01:08:03,1,0,0,0,0,0,0,0,0
2,68,4,Regular Play,Canada,3857281,0 days 01:08:04,0,0,0,0,0,0,1,0,0
2,68,6,Regular Play,Canada,3857281,0 days 01:08:06,0,0,0,0,0,0,1,0,0
2,68,9,Regular Play,Canada,3857281,0 days 01:08:09,0,0,0,0,0,0,1,0,0
2,68,10,Regular Play,Canada,3857281,0 days 01:08:10,0,0,0,0,0,0,1,0,0
2,68,11,Regular Play,Croatia,3857281,0 days 01:08:11,0,0,0,0,0,1,0,0,0
2,68,15,Regular Play,Croatia,3857281,0 days 01:08:15,0,0,0,0,0,0,1,0,0
2,68,20,From Keeper,Canada,3857281,0 days 01:08:20,0,0,0,0,0,0,1,0,0
2,68,23,From Keeper,Canada,3857281,0 days 01:08:23,0,0,0,0,0,0,1,0,0
2,68,26,From Keeper,Canada,3857281,0 days 01:08:26,0,0,0,0,0,0,1,0,0
2,68,30,From Keeper,Canada,3857281,0 days 01:08:30,0,0,0,0,0,0,1,0,0
2,68,37,From Keeper,Canada,3857281,0 days 01:08:37,0,0,0,0,0,0,1,0,0
2,68,39,From Keeper,Canada,3857281,0 days 01:08:39,0,0,0,0,0,0,1,0,0
2,68,42,From Keeper,Canada,3857281,0 days 01:08:42,0,0,0,0,0,0,1,0,0
2,68,49,From Keeper,Canada,3857281,0 days 01:08:49,0,0,0,0,0,0,1,0,0
2,68,50,From Keeper,Canada,3857281,0 days 01:08:50,0,0,0,0,0,0,1,0,0
2,68,51,From Keeper,Canada,3857281,0 days 01:08:51,0,0,0,0,0,0,1,0,0
2,68,58,From Keeper,Canada,3857281,0 days 01:08:58,0,0,0,0,0,0,1,0,0
2,69,1,From Keeper,Canada,3857281,0 days 01:09:01,0,0,0,0,0,0,1,0,0
2,69,6,From Keeper,Canada,3857281,0 days 01:09:06,0,0,0,0,0,0,1,0,0
2,69,8,From Keeper,Canada,3857281,0 days 01:09:08,0,0,0,0,0,0,1,0,0
2,69,13,From Keeper,Canada,3857281,0 days 01:09:13,0,0,0,0,0,0,1,0,0
2,69,14,From Keeper,Canada,3857281,0 days 01:09:14,0,0,0,0,0,0,1,0,0
2,69,15,Regular Play,Croatia,3857281,0 days 01:09:15,0,0,0,0,0,0,1,0,0
2,69,18,Regular Play,Croatia,3857281,0 days 01:09:18,0,0,0,0,0,0,1,0,0
2,69,22,Regular Play,Croatia,3857281,0 days 01:09:22,0,0,0,0,0,0,1,0,0
2,69,24,Regular Play,Croatia,3857281,0 days 01:09:24,0,0,0,0,0,0,1,0,0
2,69,26,Regular Play,Croatia,3857281,0 days 01:09:26,0,0,0,0,0,0,1,0,0
2,69,33,Regular Play,Croatia,3857281,0 days 01:09:33,0,0,0,0,0,0,1,0,0
2,69,36,Regular Play,Croatia,3857281,0 days 01:09:36,0,0,0,0,0,0,0,1,0
2,70,49,From Kick Off,Canada,3857281,0 days 01:10:49,0,0,0,0,0,0,1,0,0
2,70,51,From Kick Off,Canada,3857281,0 days 01:10:51,0,0,0,0,0,0,1,0,0
2,70,53,Regular Play,Croatia,3857281,0 days 01:10:53,0,0,0,0,0,0,1,0,0
2,70,55,Regular Play,Croatia,3857281,0 days 01:10:55,0,0,0,0,0,0,1,0,0
2,70,59,Regular Play,Croatia,3857281,0 days 01:10:59,0,0,0,0,0,0,1,0,0
2,71,4,Regular Play,Croatia,3857281,0 days 01:11:04,0,0,0,0,0,0,1,0,0
2,71,5,Regular Play,Croatia,3857281,0 days 01:11:05,0,0,0,0,0,0,0,1,0
2,71,8,Regular Play,Croatia,3857281,0 days 01:11:08,0,0,0,0,1,0,0,0,0
2,72,36,From Free Kick,Canada,3857281,0 days 01:12:36,0,0,0,0,0,0,1,0,0
2,72,39,From Free Kick,Canada,3857281,0 days 01:12:39,0,0,0,0,0,0,1,0,0
2,72,47,From Free Kick,Canada,3857281,0 days 01:12:47,0,0,0,0,0,0,1,0,0
2,72,48,From Free Kick,Canada,3857281,0 days 01:12:48,0,0,0,0,0,0,1,0,0
2,72,49,From Free Kick,Canada,3857281,0 days 01:12:49,0,0,0,0,0,0,1,0,0
2,72,52,From Free Kick,Canada,3857281,0 days 01:12:52,0,0,0,0,0,0,1,0,0
2,72,56,From Free Kick,Canada,3857281,0 days 01:12:56,0,0,0,0,0,0,1,0,0
2,73,0,From Free Kick,Canada,3857281,0 days 01:13:00,0,0,0,0,0,0,1,0,0
2,73,4,From Free Kick,Canada,3857281,0 days 01:13:04,0,0,0,0,0,0,1,0,0
2,73,8,From Free Kick,Canada,3857281,0 days 01:13:08,1,0,0,0,0,0,0,0,0
2,73,22,From Free Kick,Canada,3857281,0 days 01:13:22,0,0,0,0,0,0,1,0,0
2,73,25,From Free Kick,Canada,3857281,0 days 01:13:25,0,0,0,0,0,0,1,0,0
2,73,29,From Free Kick,Canada,3857281,0 days 01:13:29,0,0,0,0,0,0,1,0,0
2,73,32,From Free Kick,Canada,3857281,0 days 01:13:32,0,0,0,0,0,0,1,0,0
2,73,36,From Free Kick,Canada,3857281,0 days 01:13:36,0,0,0,0,0,0,1,0,0
2,73,38,From Free Kick,Canada,3857281,0 days 01:13:38,0,0,0,0,0,0,1,0,0
2,73,40,From Free Kick,Canada,3857281,0 days 01:13:40,0,0,0,0,0,0,1,0,0
2,73,43,From Free Kick,Canada,3857281,0 days 01:13:43,0,0,0,0,0,0,1,0,0
2,73,46,From Free Kick,Canada,3857281,0 days 01:13:46,0,0,0,0,0,0,1,0,0
2,73,51,From Free Kick,Canada,3857281,0 days 01:13:51,0,0,0,0,0,0,1,0,0
2,73,52,From Free Kick,Canada,3857281,0 days 01:13:52,0,0,0,0,0,0,1,0,0
2,74,28,From Free Kick,Croatia,3857281,0 days 01:14:28,0,0,0,0,0,0,1,0,0
2,74,31,From Free Kick,Canada,3857281,0 days 01:14:31,0,0,0,0,0,0,1,0,0
2,74,33,From Free Kick,Croatia,3857281,0 days 01:14:33,0,0,0,0,0,0,1,0,0
2,74,40,From Free Kick,Canada,3857281,0 days 01:14:40,0,0,0,0,0,0,1,0,0
2,74,42,From Free Kick,Croatia,3857281,0 days 01:14:42,1,0,0,0,0,0,0,0,0
2,74,43,From Free Kick,Croatia,3857281,0 days 01:14:43,0,0,0,0,0,0,1,0,0
2,74,47,From Free Kick,Croatia,3857281,0 days 01:14:47,0,0,1,0,0,0,0,0,0
2,74,47,From Free Kick,Canada,3857281,0 days 01:14:47,0,0,0,0,0,0,0,0,1
2,75,15,From Corner,Croatia,3857281,0 days 01:15:15,0,0,0,0,0,0,1,0,0
2,75,19,From Corner,Croatia,3857281,0 days 01:15:19,0,0,0,0,0,0,1,0,0
2,75,20,From Corner,Croatia,3857281,0 days 01:15:20,0,0,0,0,0,0,1,0,0
2,75,25,From Corner,Croatia,3857281,0 days 01:15:25,0,0,0,0,0,0,1,0,0
2,75,31,From Corner,Croatia,3857281,0 days 01:15:31,0,0,0,0,0,0,1,0,0
2,75,34,From Corner,Croatia,3857281,0 days 01:15:34,0,0,0,0,0,0,1,0,0
2,75,37,From Corner,Croatia,3857281,0 days 01:15:37,0,0,0,0,0,0,1,0,0
2,75,41,From Corner,Croatia,3857281,0 days 01:15:41,0,0,0,0,0,0,1,0,0
2,75,53,From Throw In,Canada,3857281,0 days 01:15:53,0,0,0,0,0,0,1,0,0
2,75,55,From Throw In,Canada,3857281,0 days 01:15:55,0,0,0,1,0,0,0,0,0
2,75,57,From Throw In,Canada,3857281,0 days 01:15:57,0,0,0,1,0,0,0,0,0
2,76,0,From Throw In,Canada,3857281,0 days 01:16:00,0,0,0,0,0,0,1,0,0
2,76,3,From Throw In,Canada,3857281,0 days 01:16:03,0,0,0,0,0,0,1,0,0
2,76,5,From Throw In,Canada,3857281,0 days 01:16:05,0,0,0,1,0,0,0,0,0
2,76,5,From Throw In,Canada,3857281,0 days 01:16:05,0,0,0,1,0,0,0,0,0
2,76,5,From Throw In,Croatia,3857281,0 days 01:16:05,0,0,0,0,0,0,0,0,1
2,76,6,From Throw In,Canada,3857281,0 days 01:16:06,1,0,0,0,0,0,0,0,0
2,76,7,From Throw In,Croatia,3857281,0 days 01:16:07,0,0,0,0,0,0,1,0,0
2,76,9,From Throw In,Croatia,3857281,0 days 01:16:09,0,0,0,0,0,0,1,0,0
2,76,10,From Throw In,Canada,3857281,0 days 01:16:10,1,0,0,0,0,0,0,0,0
2,76,10,From Throw In,Canada,3857281,0 days 01:16:10,0,0,0,1,0,0,0,0,0
2,76,11,From Throw In,Croatia,3857281,0 days 01:16:11,0,1,0,0,0,0,0,0,0
2,76,13,From Throw In,Canada,3857281,0 days 01:16:13,1,0,0,0,0,0,0,0,0
2,76,16,From Throw In,Canada,3857281,0 days 01:16:16,0,0,0,0,0,0,0,1,0
2,76,47,From Goal Kick,Croatia,3857281,0 days 01:16:47,0,0,0,0,0,0,1,0,0
2,76,56,From Goal Kick,Croatia,3857281,0 days 01:16:56,0,0,0,0,0,0,1,0,0
2,76,57,From Goal Kick,Croatia,3857281,0 days 01:16:57,0,0,0,0,0,0,1,0,0
2,76,57,Regular Play,Canada,3857281,0 days 01:16:57,1,0,0,0,0,0,0,0,0
2,76,59,Regular Play,Canada,3857281,0 days 01:16:59,0,0,0,0,0,0,1,0,0
2,69,12,From Corner,United States,3857282,0 days 01:09:12,0,0,0,0,0,0,1,0,0
2,69,14,From Corner,Wales,3857282,0 days 01:09:14,0,1,0,0,0,0,0,0,0
2,69,16,From Corner,United States,3857282,0 days 01:09:16,0,0,0,0,0,0,1,0,0
2,69,22,From Corner,United States,3857282,0 days 01:09:22,0,0,0,0,0,0,1,0,0
2,69,23,From Corner,Wales,3857282,0 days 01:09:23,0,1,0,0,0,0,0,0,0
2,69,24,Regular Play,Wales,3857282,0 days 01:09:24,1,0,0,0,0,0,0,0,0
2,69,25,Regular Play,Wales,3857282,0 days 01:09:25,0,0,0,0,0,0,1,0,0
2,69,27,Regular Play,Wales,3857282,0 days 01:09:27,1,0,0,0,0,0,0,0,0
2,69,28,Regular Play,Wales,3857282,0 days 01:09:28,0,0,1,0,0,0,0,0,0
2,69,28,Regular Play,United States,3857282,0 days 01:09:28,0,0,0,0,0,0,0,0,1
2,69,31,Regular Play,United States,3857282,0 days 01:09:31,0,0,0,0,0,0,1,0,0
2,69,32,Regular Play,United States,3857282,0 days 01:09:32,1,0,0,0,0,0,0,0,0
2,69,34,Regular Play,United States,3857282,0 days 01:09:34,0,0,0,0,0,0,1,0,0
2,69,35,Regular Play,United States,3857282,0 days 01:09:35,0,0,0,0,0,0,1,0,0
2,69,36,Regular Play,Wales,3857282,0 days 01:09:36,1,0,0,0,0,0,0,0,0
2,69,36,Regular Play,Wales,3857282,0 days 01:09:36,0,1,0,0,0,0,0,0,0
2,69,40,Regular Play,United States,3857282,0 days 01:09:40,0,0,0,0,0,0,1,0,0
2,69,45,Regular Play,United States,3857282,0 days 01:09:45,0,0,0,0,0,0,1,0,0
2,69,48,Regular Play,United States,3857282,0 days 01:09:48,0,0,0,0,0,0,1,0,0
2,69,52,Regular Play,United States,3857282,0 days 01:09:52,0,0,1,0,0,0,0,0,0
2,69,52,Regular Play,Wales,3857282,0 days 01:09:52,0,0,0,0,0,0,0,0,1
2,69,54,Regular Play,Wales,3857282,0 days 01:09:54,1,0,0,0,0,0,0,0,0
2,69,54,Regular Play,Wales,3857282,0 days 01:09:54,0,0,0,0,0,0,1,0,0
2,69,56,Regular Play,Wales,3857282,0 days 01:09:56,1,0,0,0,0,0,0,0,0
2,69,57,Regular Play,Wales,3857282,0 days 01:09:57,0,0,0,0,0,0,1,0,0
2,69,57,Regular Play,Wales,3857282,0 days 01:09:57,0,0,0,0,0,0,1,0,0
2,69,58,Regular Play,Wales,3857282,0 days 01:09:58,0,0,0,0,0,0,1,0,0
2,69,59,Regular Play,Wales,3857282,0 days 01:09:59,0,0,0,0,0,0,1,0,0
2,70,1,Regular Play,Wales,3857282,0 days 01:10:01,0,0,0,0,0,0,1,0,0
2,70,1,Regular Play,United States,3857282,0 days 01:10:01,0,0,0,0,0,1,0,0,0
2,70,2,Regular Play,United States,3857282,0 days 01:10:02,0,0,0,0,0,0,1,0,0
2,70,5,Regular Play,United States,3857282,0 days 01:10:05,0,0,0,0,0,0,1,0,0
2,70,6,Regular Play,United States,3857282,0 days 01:10:06,0,0,0,0,0,0,1,0,0
2,70,12,Regular Play,United States,3857282,0 days 01:10:12,0,0,0,0,0,0,1,0,0
2,71,18,From Throw In,Wales,3857282,0 days 01:11:18,0,0,0,0,0,0,1,0,0
2,71,20,Regular Play,United States,3857282,0 days 01:11:20,1,0,0,0,0,0,0,0,0
2,71,22,Regular Play,United States,3857282,0 days 01:11:22,0,0,0,0,0,0,1,0,0
2,71,28,Regular Play,United States,3857282,0 days 01:11:28,0,0,0,0,0,0,1,0,0
2,71,30,Regular Play,United States,3857282,0 days 01:11:30,0,0,0,0,0,0,1,0,0
2,71,33,Regular Play,United States,3857282,0 days 01:11:33,0,0,0,0,0,0,1,0,0
2,71,36,Regular Play,United States,3857282,0 days 01:11:36,0,0,0,0,0,0,1,0,0
2,71,39,Regular Play,Wales,3857282,0 days 01:11:39,1,0,0,0,0,0,0,0,0
2,71,40,Regular Play,Wales,3857282,0 days 01:11:40,0,0,0,0,0,0,1,0,0
2,71,46,Regular Play,Wales,3857282,0 days 01:11:46,0,0,1,0,0,0,0,0,0
2,71,46,Regular Play,United States,3857282,0 days 01:11:46,0,0,0,0,0,0,0,0,1
2,71,47,Regular Play,United States,3857282,0 days 01:11:47,1,0,0,0,0,0,0,0,0
2,71,50,Regular Play,United States,3857282,0 days 01:11:50,0,0,0,0,0,0,1,0,0
2,71,52,Regular Play,United States,3857282,0 days 01:11:52,0,0,0,0,0,0,1,0,0
2,71,53,Regular Play,United States,3857282,0 days 01:11:53,0,0,0,0,0,0,1,0,0
2,71,56,Regular Play,United States,3857282,0 days 01:11:56,0,0,0,1,0,0,0,0,0
2,71,57,Regular Play,United States,3857282,0 days 01:11:57,0,0,0,0,0,0,1,0,0
2,71,58,Regular Play,United States,3857282,0 days 01:11:58,0,0,1,0,0,0,0,0,0
2,71,58,Regular Play,Wales,3857282,0 days 01:11:58,0,0,0,0,0,0,0,0,1
2,71,59,Regular Play,Wales,3857282,0 days 01:11:59,1,0,0,0,0,0,0,0,0
2,72,0,Regular Play,Wales,3857282,0 days 01:12:00,0,0,0,0,0,0,1,0,0
2,72,4,Regular Play,Wales,3857282,0 days 01:12:04,0,0,0,0,0,0,1,0,0
2,72,6,Regular Play,Wales,3857282,0 days 01:12:06,0,0,0,0,0,0,1,0,0
2,72,9,Regular Play,Wales,3857282,0 days 01:12:09,0,0,0,0,0,0,1,0,0
2,72,13,Regular Play,Wales,3857282,0 days 01:12:13,0,0,0,0,0,0,1,0,0
2,72,20,Regular Play,Wales,3857282,0 days 01:12:20,0,0,0,0,0,0,1,0,0
2,72,21,Regular Play,United States,3857282,0 days 01:12:21,0,0,0,0,0,1,0,0,0
2,72,26,Regular Play,United States,3857282,0 days 01:12:26,0,0,0,0,0,0,1,0,0
2,72,29,Regular Play,United States,3857282,0 days 01:12:29,0,0,0,0,0,0,1,0,0
2,72,32,Regular Play,Wales,3857282,0 days 01:12:32,1,0,0,0,0,0,0,0,0
2,72,39,Regular Play,Wales,3857282,0 days 01:12:39,0,0,0,0,0,0,1,0,0
2,72,41,Regular Play,Wales,3857282,0 days 01:12:41,0,0,0,0,0,0,1,0,0
2,72,45,Regular Play,United States,3857282,0 days 01:12:45,0,0,0,0,0,0,1,0,0
2,72,48,Regular Play,United States,3857282,0 days 01:12:48,0,0,0,0,0,0,1,0,0
2,72,53,Regular Play,United States,3857282,0 days 01:12:53,0,0,0,0,0,0,1,0,0
2,72,57,Regular Play,United States,3857282,0 days 01:12:57,0,0,0,0,0,0,1,0,0
2,73,0,Regular Play,United States,3857282,0 days 01:13:00,0,0,0,0,0,0,1,0,0
2,74,12,From Throw In,Wales,3857282,0 days 01:14:12,0,0,0,0,0,0,1,0,0
2,74,15,From Throw In,Wales,3857282,0 days 01:14:15,0,0,0,0,0,0,1,0,0
2,74,17,Regular Play,United States,3857282,0 days 01:14:17,1,0,0,0,0,0,0,0,0
2,74,21,Regular Play,United States,3857282,0 days 01:14:21,0,0,0,0,0,0,1,0,0
2,74,25,Regular Play,United States,3857282,0 days 01:14:25,0,0,0,0,0,0,1,0,0
2,74,30,Regular Play,United States,3857282,0 days 01:14:30,0,0,0,0,0,0,1,0,0
2,74,31,Regular Play,Wales,3857282,0 days 01:14:31,1,0,0,0,0,0,0,0,0
2,74,32,Regular Play,Wales,3857282,0 days 01:14:32,0,0,0,0,0,0,1,0,0
2,74,33,Regular Play,United States,3857282,0 days 01:14:33,1,0,0,0,0,0,0,0,0
2,74,34,Regular Play,United States,3857282,0 days 01:14:34,0,0,0,0,0,0,1,0,0
2,74,38,Regular Play,United States,3857282,0 days 01:14:38,0,0,0,0,0,0,1,0,0
2,74,39,Regular Play,Wales,3857282,0 days 01:14:39,0,1,0,0,0,0,0,0,0
2,74,43,Regular Play,United States,3857282,0 days 01:14:43,0,0,0,0,0,0,1,0,0
2,74,47,Regular Play,United States,3857282,0 days 01:14:47,0,0,0,0,0,0,1,0,0
2,74,48,Regular Play,United States,3857282,0 days 01:14:48,0,0,0,0,0,0,0,1,0
2,74,57,From Goal Kick,Wales,3857282,0 days 01:14:57,0,0,0,0,0,0,1,0,0
2,75,3,From Goal Kick,Wales,3857282,0 days 01:15:03,0,0,0,0,0,0,1,0,0
2,75,7,From Goal Kick,Wales,3857282,0 days 01:15:07,0,0,0,0,0,0,1,0,0
2,75,10,From Goal Kick,Wales,3857282,0 days 01:15:10,0,0,0,0,0,0,1,0,0
2,75,14,From Goal Kick,Wales,3857282,0 days 01:15:14,0,0,0,0,0,0,1,0,0
2,75,42,From Throw In,United States,3857282,0 days 01:15:42,0,0,0,0,0,0,1,0,0
2,75,45,From Throw In,United States,3857282,0 days 01:15:45,1,0,0,0,0,0,0,0,0
2,75,51,From Throw In,United States,3857282,0 days 01:15:51,0,0,0,0,0,0,1,0,0
2,75,53,From Throw In,United States,3857282,0 days 01:15:53,0,0,0,0,0,0,1,0,0
2,75,55,From Throw In,Wales,3857282,0 days 01:15:55,0,1,0,0,0,0,0,0,0
2,76,31,From Corner,United States,3857282,0 days 01:16:31,0,0,0,0,0,0,1,0,0
2,76,33,From Corner,United States,3857282,0 days 01:16:33,0,0,0,0,0,0,0,1,0
2,76,43,From Goal Kick,Wales,3857282,0 days 01:16:43,0,0,0,0,0,0,1,0,0
2,76,46,From Goal Kick,Wales,3857282,0 days 01:16:46,0,0,0,0,0,0,1,0,0
2,76,52,From Goal Kick,Wales,3857282,0 days 01:16:52,0,0,0,0,0,0,1,0,0
2,76,58,From Goal Kick,Wales,3857282,0 days 01:16:58,0,0,0,0,0,0,1,0,0
2,76,59,From Goal Kick,Wales,3857282,0 days 01:16:59,0,0,0,0,0,0,1,0,0
2,67,37,From Goal Kick,Morocco,3857283,0 days 01:07:37,0,0,0,0,0,0,1,0,0
2,67,41,From Goal Kick,Belgium,3857283,0 days 01:07:41,0,0,0,0,0,0,1,0,0
2,67,44,From Goal Kick,Morocco,3857283,0 days 01:07:44,0,0,0,0,0,0,1,0,0
2,67,45,From Goal Kick,Belgium,3857283,0 days 01:07:45,1,0,0,0,0,0,0,0,0
2,67,45,From Goal Kick,Belgium,3857283,0 days 01:07:45,0,0,0,0,1,0,0,0,0
2,68,4,From Free Kick,Morocco,3857283,0 days 01:08:04,0,0,0,0,0,0,1,0,0
2,68,6,From Free Kick,Morocco,3857283,0 days 01:08:06,0,0,0,0,0,0,1,0,0
2,68,8,From Free Kick,Morocco,3857283,0 days 01:08:08,0,0,0,0,0,0,1,0,0
2,68,11,From Free Kick,Morocco,3857283,0 days 01:08:11,0,0,0,0,0,0,1,0,0
2,68,16,From Free Kick,Morocco,3857283,0 days 01:08:16,0,0,0,1,0,0,0,0,0
2,68,18,From Free Kick,Morocco,3857283,0 days 01:08:18,0,0,0,0,0,0,1,0,0
2,68,22,From Free Kick,Morocco,3857283,0 days 01:08:22,0,0,0,0,0,0,1,0,0
2,68,23,From Free Kick,Morocco,3857283,0 days 01:08:23,0,0,0,0,0,0,1,0,0
2,68,26,From Free Kick,Morocco,3857283,0 days 01:08:26,0,0,0,0,0,0,0,1,0
2,68,40,From Goal Kick,Belgium,3857283,0 days 01:08:40,0,0,0,0,0,0,1,0,0
2,68,42,From Goal Kick,Belgium,3857283,0 days 01:08:42,0,0,0,0,0,0,1,0,0
2,68,43,From Goal Kick,Morocco,3857283,0 days 01:08:43,0,0,0,0,0,1,0,0,0
2,68,44,Regular Play,Morocco,3857283,0 days 01:08:44,0,0,0,0,0,0,1,0,0
2,68,47,Regular Play,Morocco,3857283,0 days 01:08:47,0,0,0,0,0,0,1,0,0
2,69,3,From Throw In,Belgium,3857283,0 days 01:09:03,0,0,0,0,0,0,1,0,0
2,69,7,From Throw In,Belgium,3857283,0 days 01:09:07,0,0,0,0,0,0,1,0,0
2,69,8,From Throw In,Belgium,3857283,0 days 01:09:08,0,0,0,0,0,0,1,0,0
2,69,10,From Throw In,Belgium,3857283,0 days 01:09:10,0,0,0,0,0,0,1,0,0
2,69,14,From Throw In,Belgium,3857283,0 days 01:09:14,0,0,0,0,0,0,1,0,0
2,69,18,From Throw In,Belgium,3857283,0 days 01:09:18,0,0,0,0,0,0,1,0,0
2,69,22,From Throw In,Belgium,3857283,0 days 01:09:22,0,0,0,0,0,0,1,0,0
2,69,25,From Throw In,Belgium,3857283,0 days 01:09:25,0,0,0,0,0,0,1,0,0
2,69,30,From Throw In,Belgium,3857283,0 days 01:09:30,0,0,0,0,0,0,1,0,0
2,69,32,From Throw In,Belgium,3857283,0 days 01:09:32,0,0,0,0,0,0,1,0,0
2,69,33,From Throw In,Belgium,3857283,0 days 01:09:33,0,0,0,0,0,0,1,0,0
2,69,34,From Throw In,Belgium,3857283,0 days 01:09:34,0,0,0,0,0,0,1,0,0
2,69,38,From Throw In,Belgium,3857283,0 days 01:09:38,0,0,0,0,0,0,1,0,0
2,69,42,From Throw In,Belgium,3857283,0 days 01:09:42,0,0,0,0,0,0,1,0,0
2,69,46,From Throw In,Belgium,3857283,0 days 01:09:46,0,0,0,0,0,0,1,0,0
2,69,48,From Throw In,Belgium,3857283,0 days 01:09:48,0,0,0,0,0,0,1,0,0
2,69,52,From Throw In,Belgium,3857283,0 days 01:09:52,0,0,0,0,0,0,1,0,0
2,69,56,From Throw In,Belgium,3857283,0 days 01:09:56,0,0,0,0,0,0,1,0,0
2,69,58,From Throw In,Belgium,3857283,0 days 01:09:58,0,0,0,0,0,0,1,0,0
2,70,0,From Throw In,Belgium,3857283,0 days 01:10:00,0,0,0,0,0,0,1,0,0
2,70,5,From Throw In,Belgium,3857283,0 days 01:10:05,0,0,0,0,0,0,1,0,0
2,70,7,From Throw In,Belgium,3857283,0 days 01:10:07,0,0,0,0,0,0,1,0,0
2,70,31,From Goal Kick,Morocco,3857283,0 days 01:10:31,0,0,0,0,0,0,1,0,0
2,70,34,From Goal Kick,Morocco,3857283,0 days 01:10:34,0,0,0,0,0,0,1,0,0
2,70,37,From Goal Kick,Morocco,3857283,0 days 01:10:37,0,0,0,0,0,0,1,0,0
2,70,39,Regular Play,Belgium,3857283,0 days 01:10:39,0,0,0,0,0,0,1,0,0
2,70,41,Regular Play,Belgium,3857283,0 days 01:10:41,0,0,0,0,0,0,1,0,0
2,70,44,Regular Play,Belgium,3857283,0 days 01:10:44,0,0,0,0,0,0,1,0,0
2,70,45,Regular Play,Morocco,3857283,0 days 01:10:45,0,0,0,0,0,1,0,0,0
2,70,47,Regular Play,Morocco,3857283,0 days 01:10:47,0,0,0,0,0,0,1,0,0
2,70,50,Regular Play,Morocco,3857283,0 days 01:10:50,0,0,0,0,0,0,1,0,0
2,70,53,Regular Play,Morocco,3857283,0 days 01:10:53,0,0,0,0,0,0,1,0,0
2,70,53,Regular Play,Morocco,3857283,0 days 01:10:53,0,0,0,0,0,0,1,0,0
2,70,57,Regular Play,Morocco,3857283,0 days 01:10:57,0,0,0,0,0,0,1,0,0
2,71,2,Regular Play,Morocco,3857283,0 days 01:11:02,0,0,0,0,0,0,1,0,0
2,71,8,Regular Play,Belgium,3857283,0 days 01:11:08,0,0,0,0,1,0,0,0,0
2,72,36,From Free Kick,Morocco,3857283,0 days 01:12:36,0,0,0,0,0,0,1,0,0
2,72,37,From Free Kick,Morocco,3857283,0 days 01:12:37,0,0,0,0,0,0,0,1,0
2,74,9,From Kick Off,Belgium,3857283,0 days 01:14:09,0,0,0,0,0,0,1,0,0
2,74,11,From Kick Off,Belgium,3857283,0 days 01:14:11,0,0,0,0,0,0,1,0,0
2,74,14,From Kick Off,Belgium,3857283,0 days 01:14:14,0,0,0,0,0,0,1,0,0
2,74,15,From Kick Off,Belgium,3857283,0 days 01:14:15,0,0,0,0,0,0,1,0,0
2,74,17,From Kick Off,Belgium,3857283,0 days 01:14:17,0,0,0,0,0,0,1,0,0
2,74,22,From Kick Off,Belgium,3857283,0 days 01:14:22,0,0,0,0,0,0,1,0,0
2,74,24,From Kick Off,Belgium,3857283,0 days 01:14:24,0,0,0,0,0,0,1,0,0
2,74,27,From Kick Off,Belgium,3857283,0 days 01:14:27,0,0,0,0,0,0,1,0,0
2,74,32,From Kick Off,Belgium,3857283,0 days 01:14:32,0,0,0,0,0,0,1,0,0
2,74,32,From Kick Off,Belgium,3857283,0 days 01:14:32,0,0,0,0,0,0,1,0,0
2,74,34,Regular Play,Morocco,3857283,0 days 01:14:34,0,0,0,0,0,0,1,0,0
2,74,41,Regular Play,Morocco,3857283,0 days 01:14:41,0,0,0,0,0,0,1,0,0
2,74,43,Regular Play,Morocco,3857283,0 days 01:14:43,0,0,0,0,0,0,1,0,0
2,74,44,Regular Play,Belgium,3857283,0 days 01:14:44,0,0,0,0,0,0,1,0,0
2,74,47,Regular Play,Belgium,3857283,0 days 01:14:47,0,0,0,0,0,0,1,0,0
2,74,48,Regular Play,Belgium,3857283,0 days 01:14:48,0,0,0,0,0,0,1,0,0
2,74,49,Regular Play,Belgium,3857283,0 days 01:14:49,0,0,0,0,0,0,1,0,0
2,74,51,Regular Play,Belgium,3857283,0 days 01:14:51,0,0,0,0,0,0,1,0,0
2,74,52,Regular Play,Belgium,3857283,0 days 01:14:52,0,0,0,0,0,0,1,0,0
2,74,54,Regular Play,Belgium,3857283,0 days 01:14:54,0,0,0,0,0,0,1,0,0
2,74,57,Regular Play,Belgium,3857283,0 days 01:14:57,0,0,0,0,0,0,1,0,0
2,75,6,Regular Play,Belgium,3857283,0 days 01:15:06,0,0,0,0,0,0,1,0,0
2,75,8,Regular Play,Morocco,3857283,0 days 01:15:08,1,0,0,0,0,0,0,0,0
2,75,8,Regular Play,Morocco,3857283,0 days 01:15:08,0,0,0,0,0,0,1,0,0
2,75,10,Regular Play,Belgium,3857283,0 days 01:15:10,1,0,0,0,0,0,0,0,0
2,75,12,Regular Play,Belgium,3857283,0 days 01:15:12,0,0,0,0,0,0,1,0,0
2,75,16,Regular Play,Belgium,3857283,0 days 01:15:16,0,0,0,0,0,0,1,0,0
2,75,18,Regular Play,Belgium,3857283,0 days 01:15:18,0,0,0,0,0,0,1,0,0
2,75,21,Regular Play,Belgium,3857283,0 days 01:15:21,0,0,0,0,0,0,1,0,0
2,75,22,Regular Play,Belgium,3857283,0 days 01:15:22,0,0,0,0,0,0,1,0,0
2,75,25,Regular Play,Belgium,3857283,0 days 01:15:25,0,0,0,0,0,0,1,0,0
2,75,28,Regular Play,Belgium,3857283,0 days 01:15:28,0,0,0,0,0,0,1,0,0
2,75,31,Regular Play,Belgium,3857283,0 days 01:15:31,0,0,0,0,0,0,1,0,0
2,75,35,Regular Play,Belgium,3857283,0 days 01:15:35,0,0,0,0,0,0,1,0,0
2,75,37,Regular Play,Belgium,3857283,0 days 01:15:37,0,0,0,0,0,0,1,0,0
2,75,41,Regular Play,Belgium,3857283,0 days 01:15:41,0,0,0,1,0,0,0,0,0
2,75,41,Regular Play,Morocco,3857283,0 days 01:15:41,0,0,0,0,0,0,0,0,1
2,76,9,From Corner,Belgium,3857283,0 days 01:16:09,0,0,0,0,0,0,1,0,0
2,76,11,From Corner,Morocco,3857283,0 days 01:16:11,0,1,0,0,0,0,0,0,0
2,76,14,From Corner,Belgium,3857283,0 days 01:16:14,0,0,0,0,0,0,1,0,0
2,76,18,From Corner,Belgium,3857283,0 days 01:16:18,0,0,0,0,0,0,1,0,0
2,76,19,From Corner,Belgium,3857283,0 days 01:16:19,0,0,0,0,0,0,1,0,0
2,76,23,From Corner,Belgium,3857283,0 days 01:16:23,0,0,0,0,0,0,1,0,0
2,67,5,From Throw In,Japan,3857284,0 days 01:07:05,0,0,0,0,0,0,1,0,0
2,67,7,From Throw In,Japan,3857284,0 days 01:07:07,0,0,1,0,0,0,0,0,0
2,67,7,From Throw In,Germany,3857284,0 days 01:07:07,0,0,0,0,0,0,0,0,1
2,67,9,From Throw In,Japan,3857284,0 days 01:07:09,0,0,0,0,0,0,1,0,0
2,67,12,From Throw In,Japan,3857284,0 days 01:07:12,0,0,0,0,0,0,1,0,0
2,67,14,From Throw In,Japan,3857284,0 days 01:07:14,0,0,0,0,0,0,1,0,0
2,67,19,From Throw In,Japan,3857284,0 days 01:07:19,0,0,0,0,0,0,1,0,0
2,67,21,From Throw In,Japan,3857284,0 days 01:07:21,0,0,0,0,0,0,1,0,0
2,67,27,From Throw In,Japan,3857284,0 days 01:07:27,0,0,0,0,0,0,1,0,0
2,67,30,From Throw In,Japan,3857284,0 days 01:07:30,0,0,0,0,0,0,1,0,0
2,67,32,From Throw In,Japan,3857284,0 days 01:07:32,0,0,0,0,0,0,1,0,0
2,67,35,From Throw In,Japan,3857284,0 days 01:07:35,0,0,0,0,0,0,1,0,0
2,67,37,From Throw In,Japan,3857284,0 days 01:07:37,0,0,0,0,0,0,1,0,0
2,67,37,From Throw In,Japan,3857284,0 days 01:07:37,0,0,0,0,0,0,1,0,0
2,67,40,From Throw In,Japan,3857284,0 days 01:07:40,0,0,0,0,0,0,1,0,0
2,67,45,From Throw In,Japan,3857284,0 days 01:07:45,0,0,0,0,0,0,1,0,0
2,67,48,From Throw In,Japan,3857284,0 days 01:07:48,0,0,0,0,0,0,1,0,0
2,67,51,From Throw In,Japan,3857284,0 days 01:07:51,0,0,0,0,0,0,0,1,0
2,68,22,From Corner,Japan,3857284,0 days 01:08:22,0,0,0,0,0,0,1,0,0
2,68,24,From Corner,Germany,3857284,0 days 01:08:24,0,1,0,0,0,0,0,0,0
2,68,25,From Corner,Japan,3857284,0 days 01:08:25,1,0,0,0,0,0,0,0,0
2,68,26,Regular Play,Germany,3857284,0 days 01:08:26,1,0,0,0,0,0,0,0,0
2,68,31,Regular Play,Germany,3857284,0 days 01:08:31,0,0,0,0,0,0,1,0,0
2,68,37,Regular Play,Germany,3857284,0 days 01:08:37,0,0,0,0,0,0,1,0,0
2,68,38,Regular Play,Germany,3857284,0 days 01:08:38,0,0,0,0,0,0,1,0,0
2,68,40,Regular Play,Germany,3857284,0 days 01:08:40,0,0,0,0,0,0,1,0,0
2,68,41,Regular Play,Germany,3857284,0 days 01:08:41,0,0,0,0,0,0,1,0,0
2,68,47,Regular Play,Germany,3857284,0 days 01:08:47,0,0,0,0,0,0,1,0,0
2,68,50,Regular Play,Germany,3857284,0 days 01:08:50,0,0,0,0,0,0,1,0,0
2,68,53,Regular Play,Germany,3857284,0 days 01:08:53,0,0,0,0,0,0,1,0,0
2,68,54,Regular Play,Germany,3857284,0 days 01:08:54,0,0,0,0,0,0,1,0,0
2,68,56,Regular Play,Germany,3857284,0 days 01:08:56,0,0,0,0,0,0,1,0,0
2,69,0,Regular Play,Germany,3857284,0 days 01:09:00,0,0,0,0,0,0,1,0,0
2,69,0,Regular Play,Germany,3857284,0 days 01:09:00,0,0,0,0,0,0,1,0,0
2,69,3,Regular Play,Germany,3857284,0 days 01:09:03,0,0,0,0,0,0,1,0,0
2,69,4,Regular Play,Japan,3857284,0 days 01:09:04,0,0,0,0,0,0,1,0,0
2,69,10,Regular Play,Japan,3857284,0 days 01:09:10,0,0,0,0,0,0,1,0,0
2,69,13,Regular Play,Germany,3857284,0 days 01:09:13,0,0,0,0,0,0,1,0,0
2,69,15,Regular Play,Japan,3857284,0 days 01:09:15,0,0,0,0,0,0,1,0,0
2,69,18,Regular Play,Japan,3857284,0 days 01:09:18,0,0,0,0,0,0,1,0,0
2,69,19,Regular Play,Japan,3857284,0 days 01:09:19,0,0,0,0,0,0,1,0,0
2,69,22,Regular Play,Japan,3857284,0 days 01:09:22,0,0,0,1,0,0,0,0,0
2,69,22,Regular Play,Germany,3857284,0 days 01:09:22,0,0,0,0,0,0,0,0,1
2,69,24,Regular Play,Germany,3857284,0 days 01:09:24,0,0,0,0,0,0,1,0,0
2,69,27,Regular Play,Japan,3857284,0 days 01:09:27,0,0,0,0,0,0,1,0,0
2,69,29,Regular Play,Japan,3857284,0 days 01:09:29,0,0,0,0,0,0,1,0,0
2,69,30,Regular Play,Germany,3857284,0 days 01:09:30,1,0,0,0,0,0,0,0,0
2,69,31,Regular Play,Germany,3857284,0 days 01:09:31,0,0,0,0,0,0,1,0,0
2,69,33,Regular Play,Germany,3857284,0 days 01:09:33,0,0,0,0,0,0,1,0,0
2,69,36,Regular Play,Germany,3857284,0 days 01:09:36,0,0,0,0,0,0,1,0,0
2,69,39,Regular Play,Germany,3857284,0 days 01:09:39,0,0,0,0,0,0,1,0,0
2,69,42,Regular Play,Germany,3857284,0 days 01:09:42,0,0,0,0,0,0,1,0,0
2,69,43,Regular Play,Germany,3857284,0 days 01:09:43,0,0,0,0,0,0,1,0,0
2,69,45,Regular Play,Germany,3857284,0 days 01:09:45,0,0,0,0,0,0,1,0,0
2,69,46,Regular Play,Germany,3857284,0 days 01:09:46,0,0,0,0,0,0,0,1,0
2,69,48,Regular Play,Germany,3857284,0 days 01:09:48,1,0,0,0,0,0,0,0,0
2,69,49,Regular Play,Germany,3857284,0 days 01:09:49,0,0,0,1,0,0,0,0,0
2,69,50,Regular Play,Germany,3857284,0 days 01:09:50,0,0,0,0,0,0,1,0,0
2,69,51,Regular Play,Germany,3857284,0 days 01:09:51,0,0,0,0,0,0,0,1,0
2,69,58,Regular Play,Germany,3857284,0 days 01:09:58,0,0,0,0,0,0,1,0,0
2,70,1,Regular Play,Germany,3857284,0 days 01:10:01,0,0,0,0,0,0,1,0,0
2,70,2,Regular Play,Germany,3857284,0 days 01:10:02,0,0,0,0,0,0,0,1,0
2,70,4,Regular Play,Germany,3857284,0 days 01:10:04,1,0,0,0,0,0,0,0,0
2,70,4,Regular Play,Germany,3857284,0 days 01:10:04,0,0,0,0,0,0,0,1,0
2,70,57,From Corner,Germany,3857284,0 days 01:10:57,0,0,0,0,0,0,1,0,0
2,70,59,From Corner,Japan,3857284,0 days 01:10:59,0,1,0,0,0,0,0,0,0
2,71,19,From Throw In,Germany,3857284,0 days 01:11:19,0,0,0,0,0,0,1,0,0
2,71,21,From Throw In,Germany,3857284,0 days 01:11:21,0,0,0,0,0,0,1,0,0
2,71,22,From Throw In,Germany,3857284,0 days 01:11:22,0,0,0,0,0,0,1,0,0
2,71,25,From Throw In,Germany,3857284,0 days 01:11:25,0,0,0,0,0,0,1,0,0
2,71,27,From Throw In,Germany,3857284,0 days 01:11:27,0,0,0,0,0,0,1,0,0
2,71,31,From Throw In,Germany,3857284,0 days 01:11:31,0,0,0,0,0,0,1,0,0
2,71,34,From Throw In,Japan,3857284,0 days 01:11:34,0,1,0,0,0,0,0,0,0
2,71,36,From Throw In,Germany,3857284,0 days 01:11:36,0,0,0,0,0,0,1,0,0
2,71,38,From Throw In,Germany,3857284,0 days 01:11:38,0,0,1,0,0,0,0,0,0
2,71,38,From Throw In,Japan,3857284,0 days 01:11:38,0,0,0,0,0,0,0,0,1
2,71,39,From Throw In,Japan,3857284,0 days 01:11:39,1,0,0,0,0,0,0,0,0
2,71,40,From Throw In,Germany,3857284,0 days 01:11:40,1,0,0,0,0,0,0,0,0
2,71,41,From Throw In,Germany,3857284,0 days 01:11:41,0,0,0,0,0,0,1,0,0
2,71,41,From Throw In,Japan,3857284,0 days 01:11:41,0,0,0,0,0,1,0,0,0
2,71,42,From Throw In,Japan,3857284,0 days 01:11:42,0,0,1,0,0,0,0,0,0
2,71,42,From Throw In,Germany,3857284,0 days 01:11:42,0,0,0,0,0,0,0,0,1
2,71,45,From Throw In,Germany,3857284,0 days 01:11:45,0,0,0,0,0,0,1,0,0
2,71,45,From Throw In,Japan,3857284,0 days 01:11:45,1,0,0,0,0,0,0,0,0
2,71,46,From Throw In,Japan,3857284,0 days 01:11:46,0,0,0,1,0,0,0,0,0
2,71,48,From Throw In,Japan,3857284,0 days 01:11:48,0,0,0,1,0,0,0,0,0
2,71,50,From Throw In,Germany,3857284,0 days 01:11:50,1,0,0,0,0,0,0,0,0
2,71,50,From Throw In,Germany,3857284,0 days 01:11:50,0,0,0,1,0,0,0,0,0
2,71,50,From Throw In,Japan,3857284,0 days 01:11:50,0,0,0,0,0,0,0,0,1
2,71,52,From Throw In,Germany,3857284,0 days 01:11:52,0,0,0,0,0,0,1,0,0
2,71,54,From Throw In,Germany,3857284,0 days 01:11:54,0,0,1,0,0,0,0,0,0
2,71,54,Regular Play,Japan,3857284,0 days 01:11:54,0,0,0,0,0,0,0,0,1
2,71,55,Regular Play,Germany,3857284,0 days 01:11:55,0,0,0,0,1,0,0,0,0
2,72,18,From Free Kick,Japan,3857284,0 days 01:12:18,0,0,0,0,0,0,1,0,0
2,72,21,From Free Kick,Japan,3857284,0 days 01:12:21,0,0,0,0,0,0,1,0,0
2,72,28,From Free Kick,Japan,3857284,0 days 01:12:28,0,0,0,0,0,0,1,0,0
2,72,30,From Free Kick,Japan,3857284,0 days 01:12:30,0,0,0,0,0,0,1,0,0
2,72,34,From Free Kick,Japan,3857284,0 days 01:12:34,0,0,0,0,0,0,1,0,0
2,72,35,From Free Kick,Japan,3857284,0 days 01:12:35,0,0,0,0,0,0,1,0,0
2,72,37,From Free Kick,Japan,3857284,0 days 01:12:37,0,0,0,0,0,0,1,0,0
2,72,39,From Free Kick,Japan,3857284,0 days 01:12:39,0,0,0,0,0,0,0,1,0
2,72,40,From Free Kick,Japan,3857284,0 days 01:12:40,1,0,0,0,0,0,0,0,0
2,72,40,From Free Kick,Japan,3857284,0 days 01:12:40,0,0,0,0,0,0,0,1,0
2,73,12,From Goal Kick,Germany,3857284,0 days 01:13:12,0,0,0,0,0,0,1,0,0
2,73,16,From Goal Kick,Germany,3857284,0 days 01:13:16,0,0,0,0,0,0,1,0,0
2,73,21,From Goal Kick,Germany,3857284,0 days 01:13:21,0,0,0,0,0,0,1,0,0
2,73,25,From Goal Kick,Germany,3857284,0 days 01:13:25,0,0,0,0,0,0,1,0,0
2,73,26,From Goal Kick,Germany,3857284,0 days 01:13:26,0,0,0,0,0,0,1,0,0
2,73,27,From Goal Kick,Germany,3857284,0 days 01:13:27,0,0,0,0,0,0,1,0,0
2,73,29,From Goal Kick,Germany,3857284,0 days 01:13:29,0,0,0,0,0,0,1,0,0
2,73,30,From Goal Kick,Germany,3857284,0 days 01:13:30,0,0,0,0,0,0,1,0,0
2,73,35,Regular Play,Japan,3857284,0 days 01:13:35,0,0,0,0,0,0,1,0,0
2,73,39,Regular Play,Japan,3857284,0 days 01:13:39,0,0,0,0,0,0,1,0,0
2,73,42,Regular Play,Germany,3857284,0 days 01:13:42,0,1,0,0,0,0,0,0,0
2,73,58,From Throw In,Japan,3857284,0 days 01:13:58,0,0,0,0,0,0,1,0,0
2,74,4,From Throw In,Japan,3857284,0 days 01:14:04,0,0,0,0,0,0,1,0,0
2,74,10,From Throw In,Japan,3857284,0 days 01:14:10,0,0,0,0,0,0,1,0,0
2,74,13,From Throw In,Japan,3857284,0 days 01:14:13,0,0,0,0,0,0,1,0,0
2,74,19,From Throw In,Japan,3857284,0 days 01:14:19,0,0,0,0,0,0,1,0,0
2,74,23,From Throw In,Japan,3857284,0 days 01:14:23,0,0,0,0,0,0,1,0,0
2,74,27,From Throw In,Germany,3857284,0 days 01:14:27,1,0,0,0,0,0,0,0,0
2,74,27,From Throw In,Germany,3857284,0 days 01:14:27,0,0,0,1,0,0,0,0,0
2,74,27,From Throw In,Japan,3857284,0 days 01:14:27,0,0,0,0,0,0,0,0,1
2,74,29,From Throw In,Japan,3857284,0 days 01:14:29,0,0,0,0,0,0,1,0,0
2,74,29,From Throw In,Germany,3857284,0 days 01:14:29,0,0,0,0,0,1,0,0,0
2,74,31,From Throw In,Japan,3857284,0 days 01:14:31,0,0,0,0,0,0,1,0,0
2,74,33,From Throw In,Japan,3857284,0 days 01:14:33,0,0,0,0,0,0,1,0,0
2,74,33,From Throw In,Japan,3857284,0 days 01:14:33,0,0,0,0,0,0,1,0,0
2,74,35,From Throw In,Japan,3857284,0 days 01:14:35,0,0,0,0,0,0,1,0,0
2,74,37,From Throw In,Japan,3857284,0 days 01:14:37,0,0,0,0,0,0,1,0,0
2,74,43,From Throw In,Japan,3857284,0 days 01:14:43,0,0,0,0,0,0,1,0,0
2,74,45,From Throw In,Japan,3857284,0 days 01:14:45,0,0,0,0,0,0,0,1,0
2,74,46,From Throw In,Japan,3857284,0 days 01:14:46,1,0,0,0,0,0,0,0,0
2,74,46,From Throw In,Japan,3857284,0 days 01:14:46,0,0,0,0,0,0,0,1,0
2,76,13,From Kick Off,Germany,3857284,0 days 01:16:13,0,0,0,0,0,0,1,0,0
2,76,18,From Kick Off,Germany,3857284,0 days 01:16:18,0,0,0,0,0,0,1,0,0
2,76,20,From Kick Off,Germany,3857284,0 days 01:16:20,0,0,0,0,0,0,1,0,0
2,76,22,From Kick Off,Germany,3857284,0 days 01:16:22,0,0,0,0,0,0,1,0,0
2,76,24,From Kick Off,Germany,3857284,0 days 01:16:24,0,0,0,0,0,0,1,0,0
2,76,27,From Kick Off,Germany,3857284,0 days 01:16:27,0,0,0,0,0,0,1,0,0
2,76,31,From Kick Off,Germany,3857284,0 days 01:16:31,0,0,0,0,0,0,1,0,0
2,76,34,From Kick Off,Germany,3857284,0 days 01:16:34,0,0,0,1,0,0,0,0,0
2,76,35,From Kick Off,Germany,3857284,0 days 01:16:35,0,0,0,0,0,0,1,0,0
2,76,38,From Kick Off,Germany,3857284,0 days 01:16:38,0,0,0,0,0,0,1,0,0
2,76,43,From Kick Off,Germany,3857284,0 days 01:16:43,0,0,0,0,0,0,1,0,0
2,76,47,From Kick Off,Germany,3857284,0 days 01:16:47,0,0,0,0,0,0,1,0,0
2,76,50,From Kick Off,Germany,3857284,0 days 01:16:50,0,0,0,0,0,0,1,0,0
2,76,51,From Kick Off,Germany,3857284,0 days 01:16:51,0,0,0,0,0,0,1,0,0
2,76,53,From Kick Off,Germany,3857284,0 days 01:16:53,0,0,0,0,0,0,1,0,0
2,76,56,From Kick Off,Germany,3857284,0 days 01:16:56,0,0,0,0,0,0,1,0,0
2,76,59,From Kick Off,Germany,3857284,0 days 01:16:59,0,0,0,0,0,0,1,0,0
2,67,8,From Free Kick,Senegal,3857285,0 days 01:07:08,0,0,0,0,0,0,1,0,0
2,67,10,From Free Kick,Senegal,3857285,0 days 01:07:10,0,0,0,0,0,0,1,0,0
2,67,12,From Free Kick,Senegal,3857285,0 days 01:07:12,0,0,0,0,0,0,1,0,0
2,67,16,From Free Kick,Senegal,3857285,0 days 01:07:16,0,0,0,0,0,0,1,0,0
2,67,19,From Free Kick,Senegal,3857285,0 days 01:07:19,0,0,0,0,0,0,1,0,0
2,67,21,From Free Kick,Senegal,3857285,0 days 01:07:21,0,0,0,0,0,0,1,0,0
2,67,23,From Free Kick,Senegal,3857285,0 days 01:07:23,0,0,0,0,0,0,1,0,0
2,67,24,From Free Kick,Senegal,3857285,0 days 01:07:24,0,0,0,0,0,0,1,0,0
2,67,24,From Free Kick,Senegal,3857285,0 days 01:07:24,0,0,0,0,0,0,1,0,0
2,67,27,From Free Kick,Netherlands,3857285,0 days 01:07:27,0,0,0,0,0,1,0,0,0
2,67,29,Regular Play,Netherlands,3857285,0 days 01:07:29,0,0,0,0,0,0,1,0,0
2,67,30,Regular Play,Netherlands,3857285,0 days 01:07:30,0,0,0,0,0,0,1,0,0
2,67,32,Regular Play,Netherlands,3857285,0 days 01:07:32,0,0,0,0,0,0,1,0,0
2,68,13,From Goal Kick,Senegal,3857285,0 days 01:08:13,0,0,0,0,0,0,1,0,0
2,68,15,From Goal Kick,Senegal,3857285,0 days 01:08:15,0,0,0,0,0,0,1,0,0
2,68,18,From Goal Kick,Senegal,3857285,0 days 01:08:18,0,0,0,0,0,0,1,0,0
2,68,21,From Goal Kick,Netherlands,3857285,0 days 01:08:21,0,0,0,0,0,0,1,0,0
2,68,23,From Goal Kick,Netherlands,3857285,0 days 01:08:23,0,0,0,0,0,0,1,0,0
2,68,24,From Goal Kick,Senegal,3857285,0 days 01:08:24,0,0,0,0,0,0,1,0,0
2,68,25,From Goal Kick,Senegal,3857285,0 days 01:08:25,0,0,0,0,0,0,1,0,0
2,68,26,From Goal Kick,Senegal,3857285,0 days 01:08:26,0,0,0,1,0,0,0,0,0
2,68,27,From Goal Kick,Senegal,3857285,0 days 01:08:27,0,0,0,0,0,0,1,0,0
2,71,44,Regular Play,Senegal,3857285,0 days 01:11:44,1,0,0,0,0,0,0,0,0
2,71,46,Regular Play,Senegal,3857285,0 days 01:11:46,0,0,0,0,0,0,1,0,0
2,71,51,Regular Play,Senegal,3857285,0 days 01:11:51,0,0,0,0,0,0,1,0,0
2,71,57,Regular Play,Senegal,3857285,0 days 01:11:57,0,0,0,0,0,0,1,0,0
2,72,7,From Throw In,Netherlands,3857285,0 days 01:12:07,0,0,0,0,0,0,1,0,0
2,72,10,From Throw In,Netherlands,3857285,0 days 01:12:10,0,0,0,0,0,0,1,0,0
2,72,14,From Throw In,Netherlands,3857285,0 days 01:12:14,0,0,0,0,0,0,1,0,0
2,72,16,From Throw In,Netherlands,3857285,0 days 01:12:16,0,0,0,0,0,0,1,0,0
2,72,18,From Throw In,Netherlands,3857285,0 days 01:12:18,0,0,0,0,0,0,1,0,0
2,72,19,From Throw In,Netherlands,3857285,0 days 01:12:19,0,0,0,1,0,0,0,0,0
2,72,19,Regular Play,Senegal,3857285,0 days 01:12:19,0,0,0,0,0,0,0,0,1
2,72,20,Regular Play,Senegal,3857285,0 days 01:12:20,1,0,0,0,0,0,0,0,0
2,72,24,Regular Play,Senegal,3857285,0 days 01:12:24,0,0,0,0,0,0,1,0,0
2,72,32,Regular Play,Senegal,3857285,0 days 01:12:32,0,0,0,0,0,0,1,0,0
2,72,34,Regular Play,Senegal,3857285,0 days 01:12:34,0,0,0,0,0,0,0,1,0
2,73,15,From Free Kick,Netherlands,3857285,0 days 01:13:15,0,0,0,0,0,0,1,0,0
2,73,22,From Free Kick,Netherlands,3857285,0 days 01:13:22,0,0,0,0,0,0,1,0,0
2,73,27,From Free Kick,Netherlands,3857285,0 days 01:13:27,0,0,0,0,0,0,1,0,0
2,73,31,From Free Kick,Netherlands,3857285,0 days 01:13:31,0,0,0,0,0,0,1,0,0
2,73,34,From Free Kick,Netherlands,3857285,0 days 01:13:34,0,0,0,0,0,0,1,0,0
2,73,38,From Free Kick,Netherlands,3857285,0 days 01:13:38,0,0,0,0,0,0,1,0,0
2,73,43,Regular Play,Senegal,3857285,0 days 01:13:43,1,0,0,0,0,0,0,0,0
2,73,54,Regular Play,Senegal,3857285,0 days 01:13:54,0,0,0,0,0,0,1,0,0
2,73,57,Regular Play,Senegal,3857285,0 days 01:13:57,0,0,0,0,0,0,1,0,0
2,73,58,Regular Play,Senegal,3857285,0 days 01:13:58,0,0,0,0,0,0,1,0,0
2,74,4,From Throw In,Netherlands,3857285,0 days 01:14:04,0,0,0,0,0,0,1,0,0
2,74,8,From Throw In,Netherlands,3857285,0 days 01:14:08,0,0,0,0,0,0,1,0,0
2,74,13,From Throw In,Netherlands,3857285,0 days 01:14:13,0,0,0,0,0,0,1,0,0
2,74,15,From Throw In,Netherlands,3857285,0 days 01:14:15,0,0,0,0,0,0,1,0,0
2,74,18,Regular Play,Senegal,3857285,0 days 01:14:18,0,0,0,0,0,0,1,0,0
2,74,20,Regular Play,Senegal,3857285,0 days 01:14:20,0,0,0,0,0,0,1,0,0
2,74,23,Regular Play,Senegal,3857285,0 days 01:14:23,0,0,0,0,0,0,1,0,0
2,74,35,From Goal Kick,Netherlands,3857285,0 days 01:14:35,0,0,0,0,0,0,1,0,0
2,74,40,From Goal Kick,Netherlands,3857285,0 days 01:14:40,0,0,0,0,0,0,1,0,0
2,74,45,From Goal Kick,Netherlands,3857285,0 days 01:14:45,0,0,0,0,0,0,1,0,0
2,74,46,From Goal Kick,Netherlands,3857285,0 days 01:14:46,0,0,0,0,0,0,1,0,0
2,74,48,Regular Play,Senegal,3857285,0 days 01:14:48,0,0,0,0,0,0,1,0,0
2,74,52,Regular Play,Senegal,3857285,0 days 01:14:52,0,0,0,0,0,0,1,0,0
2,74,59,Regular Play,Senegal,3857285,0 days 01:14:59,0,0,0,0,0,0,1,0,0
2,74,59,Regular Play,Senegal,3857285,0 days 01:14:59,0,0,0,0,0,0,0,1,0
2,75,11,From Goal Kick,Netherlands,3857285,0 days 01:15:11,0,0,0,0,0,0,1,0,0
2,75,13,From Goal Kick,Netherlands,3857285,0 days 01:15:13,0,0,0,0,0,0,1,0,0
2,75,18,From Goal Kick,Senegal,3857285,0 days 01:15:18,0,0,0,0,0,1,0,0,0
2,75,20,From Goal Kick,Senegal,3857285,0 days 01:15:20,0,0,0,0,0,0,1,0,0
2,75,20,From Goal Kick,Netherlands,3857285,0 days 01:15:20,1,0,0,0,0,0,0,0,0
2,75,21,From Goal Kick,Netherlands,3857285,0 days 01:15:21,0,0,0,0,0,0,1,0,0
2,75,23,From Goal Kick,Netherlands,3857285,0 days 01:15:23,0,0,0,0,0,0,1,0,0
2,75,24,From Goal Kick,Senegal,3857285,0 days 01:15:24,0,0,0,0,0,1,0,0,0
2,76,11,From Corner,Netherlands,3857285,0 days 01:16:11,0,0,0,0,0,0,1,0,0
2,76,13,From Corner,Netherlands,3857285,0 days 01:16:13,0,0,0,0,0,0,1,0,0
2,76,14,From Corner,Senegal,3857285,0 days 01:16:14,0,1,0,0,0,0,0,0,0
2,76,17,From Corner,Netherlands,3857285,0 days 01:16:17,1,0,0,0,0,0,0,0,0
2,76,19,From Corner,Netherlands,3857285,0 days 01:16:19,0,0,0,0,0,0,1,0,0
2,76,23,From Corner,Netherlands,3857285,0 days 01:16:23,0,0,0,0,0,0,1,0,0
2,76,25,From Corner,Netherlands,3857285,0 days 01:16:25,0,0,0,0,0,0,1,0,0
2,76,29,From Corner,Netherlands,3857285,0 days 01:16:29,0,0,0,0,0,0,1,0,0
2,76,32,From Corner,Netherlands,3857285,0 days 01:16:32,0,0,0,0,1,0,0,0,0
2,67,48,From Free Kick,Ecuador,3857286,0 days 01:07:48,0,0,0,0,0,0,1,0,0
2,67,50,From Free Kick,Ecuador,3857286,0 days 01:07:50,0,0,0,0,0,0,1,0,0
2,67,53,From Free Kick,Ecuador,3857286,0 days 01:07:53,0,0,0,0,0,0,1,0,0
2,67,58,From Free Kick,Ecuador,3857286,0 days 01:07:58,0,0,0,0,0,0,1,0,0
2,68,2,From Free Kick,Ecuador,3857286,0 days 01:08:02,0,0,0,0,0,0,1,0,0
2,68,4,From Free Kick,Ecuador,3857286,0 days 01:08:04,0,0,0,0,0,0,1,0,0
2,68,9,From Free Kick,Ecuador,3857286,0 days 01:08:09,0,0,0,0,0,0,1,0,0
2,68,13,From Free Kick,Ecuador,3857286,0 days 01:08:13,0,0,0,0,0,0,1,0,0
2,68,17,From Free Kick,Ecuador,3857286,0 days 01:08:17,0,0,0,0,0,0,1,0,0
2,68,21,From Free Kick,Ecuador,3857286,0 days 01:08:21,0,0,0,0,0,0,1,0,0
2,68,23,From Free Kick,Ecuador,3857286,0 days 01:08:23,0,0,0,0,0,0,1,0,0
2,68,24,From Free Kick,Ecuador,3857286,0 days 01:08:24,0,0,0,0,0,0,1,0,0
2,68,26,From Free Kick,Ecuador,3857286,0 days 01:08:26,0,0,0,0,0,0,1,0,0
2,68,27,From Free Kick,Ecuador,3857286,0 days 01:08:27,0,0,0,0,0,0,1,0,0
2,68,30,From Free Kick,Ecuador,3857286,0 days 01:08:30,0,0,0,0,0,0,1,0,0
2,68,33,From Free Kick,Ecuador,3857286,0 days 01:08:33,0,0,0,0,0,0,1,0,0
2,68,35,From Free Kick,Ecuador,3857286,0 days 01:08:35,0,0,0,0,0,0,1,0,0
2,68,38,From Free Kick,Ecuador,3857286,0 days 01:08:38,0,0,1,0,0,0,0,0,0
2,68,38,Regular Play,Qatar,3857286,0 days 01:08:38,0,0,0,0,0,0,0,0,1
2,68,42,Regular Play,Qatar,3857286,0 days 01:08:42,0,0,0,0,0,0,1,0,0
2,68,44,Regular Play,Qatar,3857286,0 days 01:08:44,0,0,0,0,0,0,1,0,0
2,68,47,Regular Play,Ecuador,3857286,0 days 01:08:47,0,0,0,0,0,0,1,0,0
2,68,49,Regular Play,Ecuador,3857286,0 days 01:08:49,0,0,0,0,0,0,1,0,0
2,68,50,Regular Play,Ecuador,3857286,0 days 01:08:50,0,0,0,0,0,0,1,0,0
2,68,51,Regular Play,Ecuador,3857286,0 days 01:08:51,0,0,0,0,0,0,1,0,0
2,68,53,Regular Play,Ecuador,3857286,0 days 01:08:53,0,0,0,0,0,0,1,0,0
2,68,54,Regular Play,Ecuador,3857286,0 days 01:08:54,0,0,0,0,0,0,1,0,0
2,68,58,Regular Play,Ecuador,3857286,0 days 01:08:58,0,0,0,0,0,0,1,0,0
2,69,4,Regular Play,Ecuador,3857286,0 days 01:09:04,0,0,0,0,0,0,1,0,0
2,69,5,Regular Play,Qatar,3857286,0 days 01:09:05,1,0,0,0,0,0,0,0,0
2,69,6,Regular Play,Qatar,3857286,0 days 01:09:06,0,0,0,0,0,0,1,0,0
2,69,9,Regular Play,Qatar,3857286,0 days 01:09:09,0,0,0,0,0,0,1,0,0
2,69,12,Regular Play,Ecuador,3857286,0 days 01:09:12,0,0,0,0,0,0,1,0,0
2,69,13,Regular Play,Ecuador,3857286,0 days 01:09:13,0,0,0,0,0,0,1,0,0
2,69,16,Regular Play,Ecuador,3857286,0 days 01:09:16,0,0,0,0,0,0,1,0,0
2,69,17,Regular Play,Qatar,3857286,0 days 01:09:17,1,0,0,0,0,0,0,0,0
2,69,20,Regular Play,Qatar,3857286,0 days 01:09:20,0,0,0,0,0,0,1,0,0
2,69,23,Regular Play,Qatar,3857286,0 days 01:09:23,0,0,0,0,0,0,1,0,0
2,69,24,Regular Play,Qatar,3857286,0 days 01:09:24,0,0,0,0,0,0,1,0,0
2,69,27,Regular Play,Qatar,3857286,0 days 01:09:27,0,0,0,0,0,0,1,0,0
2,69,31,Regular Play,Qatar,3857286,0 days 01:09:31,0,0,0,0,0,0,1,0,0
2,69,32,Regular Play,Qatar,3857286,0 days 01:09:32,0,0,1,0,0,0,0,0,0
2,69,32,Regular Play,Ecuador,3857286,0 days 01:09:32,0,0,0,0,0,0,0,0,1
2,69,37,Regular Play,Ecuador,3857286,0 days 01:09:37,0,0,0,0,0,0,1,0,0
2,69,43,Regular Play,Ecuador,3857286,0 days 01:09:43,0,0,0,0,0,0,1,0,0
2,69,45,Regular Play,Qatar,3857286,0 days 01:09:45,0,0,0,0,1,0,0,0,0
2,70,26,From Free Kick,Ecuador,3857286,0 days 01:10:26,0,0,0,0,0,0,1,0,0
2,70,30,From Free Kick,Qatar,3857286,0 days 01:10:30,0,1,0,0,0,0,0,0,0
2,71,18,From Throw In,Ecuador,3857286,0 days 01:11:18,0,0,0,0,0,0,1,0,0
2,71,20,From Throw In,Qatar,3857286,0 days 01:11:20,0,1,0,0,0,0,0,0,0
2,71,22,From Throw In,Ecuador,3857286,0 days 01:11:22,1,0,0,0,0,0,0,0,0
2,71,27,From Throw In,Ecuador,3857286,0 days 01:11:27,0,0,0,0,0,0,1,0,0
2,71,33,From Throw In,Qatar,3857286,0 days 01:11:33,0,0,0,0,1,0,0,0,0
2,72,39,From Free Kick,Ecuador,3857286,0 days 01:12:39,0,0,0,0,0,0,1,0,0
2,72,40,From Free Kick,Qatar,3857286,0 days 01:12:40,0,1,0,0,0,0,0,0,0
2,72,42,From Free Kick,Ecuador,3857286,0 days 01:12:42,1,0,0,0,0,0,0,0,0
2,72,45,From Free Kick,Ecuador,3857286,0 days 01:12:45,0,0,0,0,0,0,1,0,0
2,72,48,From Free Kick,Ecuador,3857286,0 days 01:12:48,0,0,0,0,0,0,1,0,0
2,72,50,From Free Kick,Ecuador,3857286,0 days 01:12:50,0,0,1,0,0,0,0,0,0
2,72,50,From Free Kick,Qatar,3857286,0 days 01:12:50,0,0,0,0,0,0,0,0,1
2,72,58,From Throw In,Ecuador,3857286,0 days 01:12:58,0,0,0,0,0,0,1,0,0
2,73,2,From Throw In,Ecuador,3857286,0 days 01:13:02,0,0,0,0,0,0,1,0,0
2,73,6,From Throw In,Ecuador,3857286,0 days 01:13:06,0,0,0,0,0,0,1,0,0
2,73,9,From Throw In,Ecuador,3857286,0 days 01:13:09,0,0,0,0,0,0,1,0,0
2,73,15,From Throw In,Ecuador,3857286,0 days 01:13:15,0,0,0,0,0,0,1,0,0
2,73,19,From Throw In,Ecuador,3857286,0 days 01:13:19,0,0,0,0,0,0,1,0,0
2,73,22,From Throw In,Ecuador,3857286,0 days 01:13:22,0,0,0,0,0,0,1,0,0
2,73,23,From Throw In,Ecuador,3857286,0 days 01:13:23,0,0,0,0,0,0,1,0,0
2,73,27,From Throw In,Ecuador,3857286,0 days 01:13:27,0,0,0,0,0,0,1,0,0
2,73,28,From Throw In,Ecuador,3857286,0 days 01:13:28,0,0,0,0,0,0,1,0,0
2,73,30,From Throw In,Ecuador,3857286,0 days 01:13:30,0,0,0,0,0,0,1,0,0
2,73,35,From Throw In,Ecuador,3857286,0 days 01:13:35,0,0,0,0,0,0,1,0,0
2,73,39,Regular Play,Qatar,3857286,0 days 01:13:39,1,0,0,0,0,0,0,0,0
2,73,39,Regular Play,Qatar,3857286,0 days 01:13:39,0,0,0,0,0,0,1,0,0
2,73,50,From Throw In,Qatar,3857286,0 days 01:13:50,0,0,0,0,0,0,1,0,0
2,73,54,From Throw In,Qatar,3857286,0 days 01:13:54,0,0,0,0,0,0,1,0,0
2,73,57,From Throw In,Qatar,3857286,0 days 01:13:57,0,0,0,0,0,0,1,0,0
2,74,3,From Throw In,Qatar,3857286,0 days 01:14:03,0,0,0,0,0,0,1,0,0
2,74,5,From Throw In,Qatar,3857286,0 days 01:14:05,0,0,0,1,0,0,0,0,0
2,74,5,From Throw In,Ecuador,3857286,0 days 01:14:05,0,0,0,0,0,0,0,0,1
2,74,6,From Throw In,Qatar,3857286,0 days 01:14:06,1,0,0,0,0,0,0,0,0
2,74,6,From Throw In,Qatar,3857286,0 days 01:14:06,0,0,0,1,0,0,0,0,0
2,74,10,From Throw In,Qatar,3857286,0 days 01:14:10,0,0,0,0,0,0,1,0,0
2,74,10,From Throw In,Qatar,3857286,0 days 01:14:10,0,0,0,0,0,0,1,0,0
2,74,14,From Throw In,Qatar,3857286,0 days 01:14:14,0,0,0,0,0,0,1,0,0
2,74,16,From Throw In,Qatar,3857286,0 days 01:14:16,0,0,0,0,0,0,1,0,0
2,74,17,From Throw In,Qatar,3857286,0 days 01:14:17,0,0,0,0,0,0,1,0,0
2,74,20,From Throw In,Qatar,3857286,0 days 01:14:20,0,0,0,0,0,0,1,0,0
2,74,21,From Throw In,Qatar,3857286,0 days 01:14:21,0,0,0,0,0,0,1,0,0
2,74,24,From Throw In,Qatar,3857286,0 days 01:14:24,0,0,0,0,0,0,1,0,0
2,74,25,From Throw In,Qatar,3857286,0 days 01:14:25,0,0,0,0,0,0,1,0,0
2,74,30,From Throw In,Qatar,3857286,0 days 01:14:30,0,0,0,0,0,0,1,0,0
2,74,31,From Throw In,Qatar,3857286,0 days 01:14:31,0,0,0,0,0,0,1,0,0
2,74,33,From Throw In,Qatar,3857286,0 days 01:14:33,0,0,0,0,0,0,1,0,0
2,74,36,From Throw In,Qatar,3857286,0 days 01:14:36,0,0,0,0,0,0,0,1,0
2,76,24,From Goal Kick,Ecuador,3857286,0 days 01:16:24,0,0,0,0,0,0,1,0,0
2,76,28,From Goal Kick,Qatar,3857286,0 days 01:16:28,0,0,0,0,0,0,1,0,0
2,76,29,From Goal Kick,Qatar,3857286,0 days 01:16:29,0,0,0,0,0,0,1,0,0
2,76,31,From Goal Kick,Ecuador,3857286,0 days 01:16:31,0,0,0,0,0,0,1,0,0
2,76,35,From Goal Kick,Ecuador,3857286,0 days 01:16:35,0,0,0,0,0,0,1,0,0
2,76,38,Regular Play,Qatar,3857286,0 days 01:16:38,1,0,0,0,0,0,0,0,0
2,76,40,Regular Play,Qatar,3857286,0 days 01:16:40,0,0,0,0,0,0,1,0,0
2,76,44,Regular Play,Qatar,3857286,0 days 01:16:44,0,0,0,0,0,0,1,0,0
2,76,45,Regular Play,Qatar,3857286,0 days 01:16:45,0,0,0,1,0,0,0,0,0
2,76,47,Regular Play,Ecuador,3857286,0 days 01:16:47,0,0,0,0,1,0,0,0,0
2,76,55,From Free Kick,Qatar,3857286,0 days 01:16:55,0,0,0,0,0,0,1,0,0
2,76,55,From Free Kick,Qatar,3857286,0 days 01:16:55,0,0,0,0,1,0,0,0,0
2,67,0,From Throw In,Uruguay,3857287,0 days 01:07:00,0,0,0,0,0,0,1,0,0
2,67,1,From Throw In,South Korea,3857287,0 days 01:07:01,0,0,0,0,0,0,1,0,0
2,67,6,From Throw In,South Korea,3857287,0 days 01:07:06,0,0,0,0,0,0,1,0,0
2,67,6,From Throw In,Uruguay,3857287,0 days 01:07:06,0,0,0,0,0,1,0,0,0
2,67,10,From Throw In,Uruguay,3857287,0 days 01:07:10,0,0,0,0,0,0,1,0,0
2,67,11,From Throw In,Uruguay,3857287,0 days 01:07:11,0,0,0,0,0,0,1,0,0
2,67,12,From Throw In,Uruguay,3857287,0 days 01:07:12,0,0,0,0,0,0,1,0,0
2,67,14,From Throw In,Uruguay,3857287,0 days 01:07:14,0,0,0,0,0,0,1,0,0
2,67,15,From Throw In,South Korea,3857287,0 days 01:07:15,1,0,0,0,0,0,0,0,0
2,67,16,From Throw In,South Korea,3857287,0 days 01:07:16,0,0,0,0,0,0,1,0,0
2,67,16,From Throw In,South Korea,3857287,0 days 01:07:16,0,0,0,0,0,0,1,0,0
2,67,16,From Throw In,Uruguay,3857287,0 days 01:07:16,0,0,0,0,0,0,1,0,0
2,67,18,From Throw In,Uruguay,3857287,0 days 01:07:18,0,0,1,0,0,0,0,0,0
2,67,18,From Throw In,South Korea,3857287,0 days 01:07:18,0,0,0,0,0,0,0,0,1
2,67,19,From Throw In,Uruguay,3857287,0 days 01:07:19,1,0,0,0,0,0,0,0,0
2,67,21,From Throw In,Uruguay,3857287,0 days 01:07:21,0,0,0,0,0,0,1,0,0
2,67,44,From Throw In,South Korea,3857287,0 days 01:07:44,0,0,0,0,0,0,1,0,0
2,67,45,From Throw In,Uruguay,3857287,0 days 01:07:45,0,1,0,0,0,0,0,0,0
2,67,47,From Throw In,Uruguay,3857287,0 days 01:07:47,0,0,0,0,0,0,1,0,0
2,67,48,From Throw In,South Korea,3857287,0 days 01:07:48,0,1,0,0,0,0,0,0,0
2,67,49,From Throw In,South Korea,3857287,0 days 01:07:49,0,0,0,0,0,0,1,0,0
2,67,52,From Throw In,South Korea,3857287,0 days 01:07:52,0,0,0,1,0,0,0,0,0
2,67,52,Regular Play,Uruguay,3857287,0 days 01:07:52,0,0,0,0,0,0,0,0,1
2,67,53,Regular Play,Uruguay,3857287,0 days 01:07:53,0,0,0,0,0,0,1,0,0
2,67,53,Regular Play,Uruguay,3857287,0 days 01:07:53,0,0,0,0,0,0,1,0,0
2,67,55,Regular Play,Uruguay,3857287,0 days 01:07:55,0,0,0,0,0,0,1,0,0
2,67,58,Regular Play,Uruguay,3857287,0 days 01:07:58,0,0,0,0,0,0,1,0,0
2,68,3,Regular Play,Uruguay,3857287,0 days 01:08:03,0,0,0,0,0,0,1,0,0
2,68,5,Regular Play,Uruguay,3857287,0 days 01:08:05,0,0,0,0,0,0,1,0,0
2,68,6,Regular Play,South Korea,3857287,0 days 01:08:06,0,1,0,0,0,0,0,0,0
2,68,8,Regular Play,Uruguay,3857287,0 days 01:08:08,1,0,0,0,0,0,0,0,0
2,68,9,Regular Play,Uruguay,3857287,0 days 01:08:09,0,0,0,0,0,0,0,1,0
2,68,14,Regular Play,Uruguay,3857287,0 days 01:08:14,1,0,0,0,0,0,0,0,0
2,68,15,Regular Play,Uruguay,3857287,0 days 01:08:15,0,0,0,1,0,0,0,0,0
2,68,15,Regular Play,South Korea,3857287,0 days 01:08:15,0,0,0,0,0,0,0,0,1
2,68,17,Regular Play,Uruguay,3857287,0 days 01:08:17,1,0,0,0,0,0,0,0,0
2,68,19,Regular Play,Uruguay,3857287,0 days 01:08:19,0,0,0,1,0,0,0,0,0
2,68,19,Regular Play,South Korea,3857287,0 days 01:08:19,0,0,0,0,0,0,0,0,1
2,68,29,From Throw In,Uruguay,3857287,0 days 01:08:29,0,0,0,0,0,0,1,0,0
2,68,32,From Throw In,Uruguay,3857287,0 days 01:08:32,0,0,0,0,0,0,1,0,0
2,68,34,From Throw In,Uruguay,3857287,0 days 01:08:34,0,0,0,0,0,0,1,0,0
2,68,37,From Throw In,Uruguay,3857287,0 days 01:08:37,0,0,0,0,0,0,0,1,0
2,68,38,From Throw In,Uruguay,3857287,0 days 01:08:38,1,0,0,0,0,0,0,0,0
2,68,39,From Throw In,Uruguay,3857287,0 days 01:08:39,0,0,0,0,0,0,1,0,0
2,68,40,From Throw In,Uruguay,3857287,0 days 01:08:40,0,0,0,0,0,0,1,0,0
2,68,43,From Throw In,Uruguay,3857287,0 days 01:08:43,0,0,0,0,0,0,1,0,0
2,68,48,From Throw In,Uruguay,3857287,0 days 01:08:48,0,0,0,0,0,0,1,0,0
2,68,52,From Throw In,Uruguay,3857287,0 days 01:08:52,0,0,0,0,0,0,1,0,0
2,68,56,From Throw In,Uruguay,3857287,0 days 01:08:56,0,0,0,0,0,0,1,0,0
2,68,59,From Throw In,Uruguay,3857287,0 days 01:08:59,0,0,0,0,0,0,1,0,0
2,69,1,From Throw In,Uruguay,3857287,0 days 01:09:01,0,0,0,0,0,0,1,0,0
2,69,3,From Throw In,Uruguay,3857287,0 days 01:09:03,0,0,0,0,0,0,1,0,0
2,69,5,From Throw In,Uruguay,3857287,0 days 01:09:05,0,0,0,0,0,0,1,0,0
2,69,7,From Throw In,Uruguay,3857287,0 days 01:09:07,0,0,0,0,0,0,1,0,0
2,69,9,From Throw In,Uruguay,3857287,0 days 01:09:09,0,0,0,0,0,0,1,0,0
2,69,12,From Throw In,Uruguay,3857287,0 days 01:09:12,0,0,0,0,0,0,1,0,0
2,69,16,From Throw In,Uruguay,3857287,0 days 01:09:16,0,0,0,0,0,0,1,0,0
2,69,19,From Throw In,Uruguay,3857287,0 days 01:09:19,0,0,0,0,0,0,1,0,0
2,69,20,From Throw In,Uruguay,3857287,0 days 01:09:20,0,0,0,0,0,0,1,0,0
2,69,24,From Throw In,Uruguay,3857287,0 days 01:09:24,0,0,0,0,0,0,1,0,0
2,69,26,From Throw In,Uruguay,3857287,0 days 01:09:26,0,0,0,0,0,0,1,0,0
2,69,30,From Throw In,Uruguay,3857287,0 days 01:09:30,0,0,0,1,0,0,0,0,0
2,69,30,From Throw In,South Korea,3857287,0 days 01:09:30,0,0,0,0,0,0,0,0,1
2,69,32,From Throw In,South Korea,3857287,0 days 01:09:32,0,0,1,0,0,0,0,0,0
2,69,32,From Throw In,Uruguay,3857287,0 days 01:09:32,0,0,0,0,0,0,0,0,1
2,69,34,From Throw In,Uruguay,3857287,0 days 01:09:34,0,0,0,0,0,0,1,0,0
2,69,37,From Throw In,Uruguay,3857287,0 days 01:09:37,0,0,0,0,0,0,1,0,0
2,69,42,From Throw In,Uruguay,3857287,0 days 01:09:42,0,0,0,0,0,0,1,0,0
2,69,45,From Throw In,Uruguay,3857287,0 days 01:09:45,0,0,0,0,0,0,1,0,0
2,69,48,From Throw In,South Korea,3857287,0 days 01:09:48,0,1,0,0,0,0,0,0,0
2,69,54,From Throw In,Uruguay,3857287,0 days 01:09:54,0,0,0,0,0,0,1,0,0
2,69,58,From Throw In,Uruguay,3857287,0 days 01:09:58,0,0,0,0,0,0,1,0,0
2,70,1,From Throw In,Uruguay,3857287,0 days 01:10:01,0,0,0,0,0,0,1,0,0
2,70,5,From Throw In,Uruguay,3857287,0 days 01:10:05,0,0,0,0,0,0,1,0,0
2,70,13,From Throw In,Uruguay,3857287,0 days 01:10:13,0,0,0,0,0,0,1,0,0
2,70,14,From Throw In,South Korea,3857287,0 days 01:10:14,0,0,0,0,0,0,1,0,0
2,70,18,From Throw In,South Korea,3857287,0 days 01:10:18,0,0,0,0,0,0,1,0,0
2,70,27,From Throw In,Uruguay,3857287,0 days 01:10:27,1,0,0,0,0,0,0,0,0
2,70,35,From Throw In,Uruguay,3857287,0 days 01:10:35,0,0,0,0,0,0,1,0,0
2,70,39,From Throw In,Uruguay,3857287,0 days 01:10:39,0,0,0,0,0,0,1,0,0
2,70,41,From Throw In,Uruguay,3857287,0 days 01:10:41,0,0,0,0,0,0,1,0,0
2,70,45,From Throw In,Uruguay,3857287,0 days 01:10:45,0,0,0,0,0,0,1,0,0
2,70,48,From Throw In,Uruguay,3857287,0 days 01:10:48,0,0,0,0,0,0,1,0,0
2,70,50,From Throw In,Uruguay,3857287,0 days 01:10:50,0,0,0,0,0,0,1,0,0
2,70,52,From Throw In,Uruguay,3857287,0 days 01:10:52,0,0,0,0,0,0,1,0,0
2,70,56,From Throw In,Uruguay,3857287,0 days 01:10:56,0,0,0,0,0,0,1,0,0
2,71,1,From Throw In,Uruguay,3857287,0 days 01:11:01,0,0,0,0,0,0,1,0,0
2,71,3,From Throw In,Uruguay,3857287,0 days 01:11:03,0,0,0,0,0,0,1,0,0
2,71,8,From Throw In,Uruguay,3857287,0 days 01:11:08,0,0,0,0,0,0,1,0,0
2,71,10,From Throw In,Uruguay,3857287,0 days 01:11:10,0,0,0,0,0,0,1,0,0
2,71,13,From Throw In,Uruguay,3857287,0 days 01:11:13,0,0,0,0,0,0,1,0,0
2,71,16,From Throw In,Uruguay,3857287,0 days 01:11:16,0,0,0,0,0,0,1,0,0
2,71,18,From Throw In,Uruguay,3857287,0 days 01:11:18,0,0,0,0,0,0,1,0,0
2,71,21,From Throw In,Uruguay,3857287,0 days 01:11:21,0,0,0,0,0,0,1,0,0
2,71,23,From Throw In,Uruguay,3857287,0 days 01:11:23,0,0,0,0,0,0,1,0,0
2,71,24,From Throw In,Uruguay,3857287,0 days 01:11:24,0,0,0,0,0,0,1,0,0
2,71,26,From Throw In,Uruguay,3857287,0 days 01:11:26,0,0,0,0,0,0,1,0,0
2,71,28,From Throw In,Uruguay,3857287,0 days 01:11:28,0,0,0,0,0,0,1,0,0
2,71,31,From Throw In,Uruguay,3857287,0 days 01:11:31,0,0,0,0,0,0,1,0,0
2,71,34,From Throw In,Uruguay,3857287,0 days 01:11:34,0,0,0,0,0,0,1,0,0
2,71,35,From Throw In,South Korea,3857287,0 days 01:11:35,0,1,0,0,0,0,0,0,0
2,71,39,From Throw In,Uruguay,3857287,0 days 01:11:39,1,0,0,0,0,0,0,0,0
2,71,42,From Throw In,Uruguay,3857287,0 days 01:11:42,0,0,0,0,0,0,1,0,0
2,71,43,From Throw In,South Korea,3857287,0 days 01:11:43,0,1,0,0,0,0,0,0,0
2,71,45,Regular Play,South Korea,3857287,0 days 01:11:45,1,0,0,0,0,0,0,0,0
2,71,46,Regular Play,South Korea,3857287,0 days 01:11:46,0,0,0,0,0,0,1,0,0
2,71,46,Regular Play,Uruguay,3857287,0 days 01:11:46,0,0,0,0,0,1,0,0,0
2,71,49,Regular Play,South Korea,3857287,0 days 01:11:49,1,0,0,0,0,0,0,0,0
2,72,10,Regular Play,South Korea,3857287,0 days 01:12:10,0,0,0,0,0,0,1,0,0
2,72,13,Regular Play,South Korea,3857287,0 days 01:12:13,0,0,0,0,0,0,1,0,0
2,72,18,Regular Play,South Korea,3857287,0 days 01:12:18,0,0,0,1,0,0,0,0,0
2,72,19,Regular Play,Uruguay,3857287,0 days 01:12:19,0,0,0,0,0,0,1,0,0
2,72,21,Regular Play,Uruguay,3857287,0 days 01:12:21,0,0,0,0,0,0,1,0,0
2,72,26,Regular Play,Uruguay,3857287,0 days 01:12:26,0,0,0,0,0,0,1,0,0
2,72,29,Regular Play,Uruguay,3857287,0 days 01:12:29,0,0,0,0,0,0,1,0,0
2,72,33,Regular Play,Uruguay,3857287,0 days 01:12:33,0,0,0,0,0,0,1,0,0
2,72,36,Regular Play,Uruguay,3857287,0 days 01:12:36,0,0,0,0,0,0,1,0,0
2,72,39,Regular Play,Uruguay,3857287,0 days 01:12:39,0,0,0,0,0,0,1,0,0
2,72,42,Regular Play,Uruguay,3857287,0 days 01:12:42,0,0,0,0,0,0,1,0,0
2,72,44,Regular Play,Uruguay,3857287,0 days 01:12:44,0,0,0,0,0,0,1,0,0
2,72,51,Regular Play,Uruguay,3857287,0 days 01:12:51,0,0,0,0,0,0,1,0,0
2,72,54,Regular Play,Uruguay,3857287,0 days 01:12:54,0,0,0,0,0,0,1,0,0
2,72,57,Regular Play,Uruguay,3857287,0 days 01:12:57,0,0,0,0,0,0,1,0,0
2,73,3,Regular Play,Uruguay,3857287,0 days 01:13:03,0,0,0,0,0,0,1,0,0
2,74,22,From Goal Kick,South Korea,3857287,0 days 01:14:22,0,0,0,0,0,0,1,0,0
2,74,26,From Goal Kick,Uruguay,3857287,0 days 01:14:26,0,0,0,0,0,0,1,0,0
2,74,27,From Goal Kick,South Korea,3857287,0 days 01:14:27,0,0,0,0,0,0,1,0,0
2,74,29,From Goal Kick,Uruguay,3857287,0 days 01:14:29,0,0,0,0,0,0,1,0,0
2,74,30,From Goal Kick,South Korea,3857287,0 days 01:14:30,0,0,0,0,0,0,1,0,0
2,74,31,From Goal Kick,South Korea,3857287,0 days 01:14:31,0,0,0,0,0,0,1,0,0
2,74,32,From Goal Kick,South Korea,3857287,0 days 01:14:32,0,0,0,0,0,0,1,0,0
2,74,34,From Goal Kick,South Korea,3857287,0 days 01:14:34,0,0,0,0,0,0,1,0,0
2,74,42,From Goal Kick,South Korea,3857287,0 days 01:14:42,0,0,0,0,0,0,0,1,0
2,74,43,From Goal Kick,South Korea,3857287,0 days 01:14:43,1,0,0,0,0,0,0,0,0
2,74,44,From Goal Kick,South Korea,3857287,0 days 01:14:44,0,0,0,0,0,0,1,0,0
2,74,45,From Goal Kick,South Korea,3857287,0 days 01:14:45,0,0,0,0,0,0,1,0,0
2,74,50,From Goal Kick,South Korea,3857287,0 days 01:14:50,0,0,0,0,0,0,1,0,0
2,74,50,From Goal Kick,Uruguay,3857287,0 days 01:14:50,0,0,0,0,0,0,1,0,0
2,74,53,From Goal Kick,South Korea,3857287,0 days 01:14:53,1,0,0,0,0,0,0,0,0
2,74,53,From Goal Kick,South Korea,3857287,0 days 01:14:53,0,0,0,1,0,0,0,0,0
2,74,53,From Goal Kick,Uruguay,3857287,0 days 01:14:53,0,0,0,0,0,0,0,0,1
2,75,12,From Goal Kick,Uruguay,3857287,0 days 01:15:12,0,0,0,0,0,0,1,0,0
2,75,15,From Goal Kick,Uruguay,3857287,0 days 01:15:15,0,0,0,0,0,0,1,0,0
2,75,17,From Goal Kick,Uruguay,3857287,0 days 01:15:17,0,0,0,0,0,0,1,0,0
2,75,19,From Goal Kick,Uruguay,3857287,0 days 01:15:19,0,0,0,0,0,0,1,0,0
2,75,25,From Goal Kick,Uruguay,3857287,0 days 01:15:25,0,0,0,0,0,0,1,0,0
2,75,28,From Goal Kick,Uruguay,3857287,0 days 01:15:28,0,0,0,0,0,0,1,0,0
2,75,57,From Goal Kick,South Korea,3857287,0 days 01:15:57,0,0,0,0,0,0,1,0,0
2,76,2,From Goal Kick,Uruguay,3857287,0 days 01:16:02,0,1,0,0,0,0,0,0,0
2,76,25,From Throw In,South Korea,3857287,0 days 01:16:25,0,0,0,0,0,0,1,0,0
2,76,27,From Throw In,South Korea,3857287,0 days 01:16:27,0,0,0,0,0,0,1,0,0
2,76,29,From Throw In,South Korea,3857287,0 days 01:16:29,0,0,0,0,0,0,1,0,0
2,76,30,From Throw In,South Korea,3857287,0 days 01:16:30,0,0,0,0,0,0,1,0,0
2,76,31,From Throw In,South Korea,3857287,0 days 01:16:31,0,0,0,0,0,0,1,0,0
2,76,32,From Throw In,Uruguay,3857287,0 days 01:16:32,0,0,0,0,0,1,0,0,0
2,76,34,From Throw In,South Korea,3857287,0 days 01:16:34,0,0,0,0,0,0,1,0,0
2,76,35,From Throw In,South Korea,3857287,0 days 01:16:35,0,0,0,0,0,0,1,0,0
2,76,37,From Throw In,Uruguay,3857287,0 days 01:16:37,0,0,0,0,0,0,1,0,0
2,76,39,From Throw In,South Korea,3857287,0 days 01:16:39,0,0,0,0,0,0,1,0,0
2,76,41,From Throw In,South Korea,3857287,0 days 01:16:41,0,0,0,0,0,0,1,0,0
2,76,44,From Throw In,South Korea,3857287,0 days 01:16:44,0,0,0,0,0,0,1,0,0
2,76,45,From Throw In,Uruguay,3857287,0 days 01:16:45,0,1,0,0,0,0,0,0,0
2,76,47,From Throw In,South Korea,3857287,0 days 01:16:47,0,0,0,0,0,0,1,0,0
2,76,48,From Throw In,South Korea,3857287,0 days 01:16:48,0,0,0,0,0,0,1,0,0
2,76,51,From Throw In,South Korea,3857287,0 days 01:16:51,0,0,0,0,0,0,0,1,0
2,67,2,From Goal Kick,Australia,3857288,0 days 01:07:02,0,0,0,0,0,0,1,0,0
2,67,6,From Goal Kick,Australia,3857288,0 days 01:07:06,0,0,0,0,1,0,0,0,0
2,67,18,From Free Kick,Tunisia,3857288,0 days 01:07:18,0,0,0,0,0,0,1,0,0
2,67,21,From Free Kick,Tunisia,3857288,0 days 01:07:21,0,0,0,0,0,0,1,0,0
2,67,24,From Free Kick,Tunisia,3857288,0 days 01:07:24,0,0,0,0,0,0,1,0,0
2,67,27,From Free Kick,Tunisia,3857288,0 days 01:07:27,0,0,0,0,0,0,1,0,0
2,67,29,From Free Kick,Tunisia,3857288,0 days 01:07:29,0,0,0,0,0,0,1,0,0
2,67,33,From Free Kick,Tunisia,3857288,0 days 01:07:33,0,0,0,0,0,0,1,0,0
2,67,36,From Free Kick,Australia,3857288,0 days 01:07:36,0,0,0,0,0,1,0,0,0
2,67,47,From Throw In,Tunisia,3857288,0 days 01:07:47,0,0,0,0,0,0,1,0,0
2,67,48,From Throw In,Tunisia,3857288,0 days 01:07:48,0,0,0,0,0,0,1,0,0
2,67,50,From Throw In,Tunisia,3857288,0 days 01:07:50,0,0,0,0,0,0,1,0,0
2,67,55,From Throw In,Tunisia,3857288,0 days 01:07:55,0,0,0,0,0,0,1,0,0
2,67,59,From Throw In,Tunisia,3857288,0 days 01:07:59,0,0,0,0,0,0,1,0,0
2,68,37,From Free Kick,Australia,3857288,0 days 01:08:37,0,0,0,0,0,0,1,0,0
2,68,40,From Free Kick,Australia,3857288,0 days 01:08:40,0,0,0,0,0,0,1,0,0
2,68,43,From Free Kick,Tunisia,3857288,0 days 01:08:43,0,1,0,0,0,0,0,0,0
2,68,46,From Free Kick,Tunisia,3857288,0 days 01:08:46,0,1,0,0,0,0,0,0,0
2,68,47,From Free Kick,Australia,3857288,0 days 01:08:47,1,0,0,0,0,0,0,0,0
2,68,48,From Free Kick,Australia,3857288,0 days 01:08:48,0,0,0,0,0,0,1,0,0
2,68,49,From Free Kick,Australia,3857288,0 days 01:08:49,0,0,0,0,0,0,1,0,0
2,68,51,From Free Kick,Tunisia,3857288,0 days 01:08:51,0,0,0,0,0,0,1,0,0
2,68,52,From Free Kick,Australia,3857288,0 days 01:08:52,1,0,0,0,0,0,0,0,0
2,68,53,From Free Kick,Australia,3857288,0 days 01:08:53,0,0,0,0,0,0,1,0,0
2,68,55,From Free Kick,Australia,3857288,0 days 01:08:55,0,0,0,0,0,0,1,0,0
2,68,59,From Free Kick,Australia,3857288,0 days 01:08:59,0,0,0,1,0,0,0,0,0
2,68,59,Regular Play,Tunisia,3857288,0 days 01:08:59,0,0,0,0,0,0,0,0,1
2,69,4,Regular Play,Tunisia,3857288,0 days 01:09:04,0,0,0,0,0,0,1,0,0
2,69,6,Regular Play,Tunisia,3857288,0 days 01:09:06,0,0,0,0,0,0,1,0,0
2,69,9,Regular Play,Tunisia,3857288,0 days 01:09:09,0,0,0,0,0,0,1,0,0
2,69,12,Regular Play,Tunisia,3857288,0 days 01:09:12,0,0,0,0,0,0,1,0,0
2,69,15,Regular Play,Tunisia,3857288,0 days 01:09:15,0,0,0,0,0,0,1,0,0
2,69,17,Regular Play,Tunisia,3857288,0 days 01:09:17,0,0,0,0,0,0,1,0,0
2,69,23,Regular Play,Tunisia,3857288,0 days 01:09:23,0,0,0,0,0,0,1,0,0
2,69,26,Regular Play,Tunisia,3857288,0 days 01:09:26,0,0,0,0,0,0,1,0,0
2,69,28,Regular Play,Tunisia,3857288,0 days 01:09:28,0,0,0,0,0,0,1,0,0
2,69,29,Regular Play,Australia,3857288,0 days 01:09:29,0,0,0,0,0,1,0,0,0
2,69,30,Regular Play,Australia,3857288,0 days 01:09:30,0,0,0,0,0,0,1,0,0
2,69,31,Regular Play,Australia,3857288,0 days 01:09:31,0,0,0,0,0,0,1,0,0
2,69,33,Regular Play,Tunisia,3857288,0 days 01:09:33,1,0,0,0,0,0,0,0,0
2,69,35,Regular Play,Tunisia,3857288,0 days 01:09:35,0,0,0,0,0,0,1,0,0
2,69,37,Regular Play,Tunisia,3857288,0 days 01:09:37,0,0,0,0,0,0,1,0,0
2,69,37,Regular Play,Australia,3857288,0 days 01:09:37,0,1,0,0,0,0,0,0,0
2,69,40,Regular Play,Tunisia,3857288,0 days 01:09:40,1,0,0,0,0,0,0,0,0
2,69,40,Regular Play,Tunisia,3857288,0 days 01:09:40,0,0,0,0,0,0,1,0,0
2,69,45,Regular Play,Tunisia,3857288,0 days 01:09:45,0,0,0,0,0,0,1,0,0
2,69,46,Regular Play,Tunisia,3857288,0 days 01:09:46,0,0,0,0,0,0,1,0,0
2,69,49,Regular Play,Tunisia,3857288,0 days 01:09:49,0,0,0,0,0,0,1,0,0
2,69,56,Regular Play,Tunisia,3857288,0 days 01:09:56,0,0,0,0,0,0,1,0,0
2,70,0,Regular Play,Tunisia,3857288,0 days 01:10:00,0,0,0,0,0,0,1,0,0
2,70,1,Regular Play,Tunisia,3857288,0 days 01:10:01,0,0,0,0,0,0,1,0,0
2,70,3,Regular Play,Tunisia,3857288,0 days 01:10:03,0,0,0,0,0,0,1,0,0
2,70,6,Regular Play,Tunisia,3857288,0 days 01:10:06,0,0,0,0,0,0,1,0,0
2,70,9,Regular Play,Tunisia,3857288,0 days 01:10:09,0,0,0,0,0,0,1,0,0
2,70,9,Regular Play,Australia,3857288,0 days 01:10:09,0,0,0,0,0,0,1,0,0
2,70,10,Regular Play,Australia,3857288,0 days 01:10:10,0,0,0,0,0,0,1,0,0
2,70,11,Regular Play,Australia,3857288,0 days 01:10:11,0,0,0,0,0,0,1,0,0
2,70,12,Regular Play,Australia,3857288,0 days 01:10:12,0,0,0,0,0,0,1,0,0
2,70,14,Regular Play,Australia,3857288,0 days 01:10:14,0,0,0,0,0,0,1,0,0
2,70,19,Regular Play,Australia,3857288,0 days 01:10:19,0,0,0,0,0,0,1,0,0
2,70,22,Regular Play,Tunisia,3857288,0 days 01:10:22,1,0,0,0,0,0,0,0,0
2,70,23,Regular Play,Tunisia,3857288,0 days 01:10:23,0,0,0,0,0,0,1,0,0
2,70,26,Regular Play,Tunisia,3857288,0 days 01:10:26,0,0,1,0,0,0,0,0,0
2,70,26,Regular Play,Australia,3857288,0 days 01:10:26,0,0,0,0,0,0,0,0,1
2,70,27,Regular Play,Australia,3857288,0 days 01:10:27,1,0,0,0,0,0,0,0,0
2,70,27,Regular Play,Australia,3857288,0 days 01:10:27,0,0,0,0,0,0,1,0,0
2,70,32,Regular Play,Australia,3857288,0 days 01:10:32,0,0,1,0,0,0,0,0,0
2,70,32,Regular Play,Tunisia,3857288,0 days 01:10:32,0,0,0,0,0,0,0,0,1
2,70,34,Regular Play,Australia,3857288,0 days 01:10:34,1,0,0,0,0,0,0,0,0
2,70,35,Regular Play,Australia,3857288,0 days 01:10:35,0,0,0,0,0,0,1,0,0
2,70,37,Regular Play,Australia,3857288,0 days 01:10:37,0,0,0,0,0,0,1,0,0
2,70,42,Regular Play,Australia,3857288,0 days 01:10:42,0,0,0,0,0,0,1,0,0
2,70,47,Regular Play,Tunisia,3857288,0 days 01:10:47,1,0,0,0,0,0,0,0,0
2,70,49,Regular Play,Tunisia,3857288,0 days 01:10:49,0,0,0,0,0,0,1,0,0
2,70,51,Regular Play,Tunisia,3857288,0 days 01:10:51,0,0,0,0,0,0,1,0,0
2,70,57,Regular Play,Tunisia,3857288,0 days 01:10:57,0,0,0,0,0,0,1,0,0
2,71,1,Regular Play,Tunisia,3857288,0 days 01:11:01,0,0,0,0,0,0,1,0,0
2,71,6,Regular Play,Tunisia,3857288,0 days 01:11:06,0,0,0,0,0,0,1,0,0
2,71,8,Regular Play,Tunisia,3857288,0 days 01:11:08,0,0,0,0,0,0,1,0,0
2,71,11,Regular Play,Tunisia,3857288,0 days 01:11:11,0,0,0,0,0,0,1,0,0
2,71,13,Regular Play,Tunisia,3857288,0 days 01:11:13,0,0,0,0,0,0,1,0,0
2,71,16,Regular Play,Tunisia,3857288,0 days 01:11:16,0,0,0,0,0,0,1,0,0
2,71,18,Regular Play,Tunisia,3857288,0 days 01:11:18,0,0,0,0,0,0,1,0,0
2,71,20,Regular Play,Tunisia,3857288,0 days 01:11:20,0,0,0,0,0,0,1,0,0
2,71,22,Regular Play,Tunisia,3857288,0 days 01:11:22,0,0,0,0,0,0,0,1,0
2,71,25,Regular Play,Tunisia,3857288,0 days 01:11:25,1,0,0,0,0,0,0,0,0
2,71,27,Regular Play,Tunisia,3857288,0 days 01:11:27,0,0,0,0,0,0,1,0,0
2,71,29,Regular Play,Australia,3857288,0 days 01:11:29,0,1,0,0,0,0,0,0,0
2,71,30,Regular Play,Australia,3857288,0 days 01:11:30,0,0,0,0,0,0,1,0,0
2,71,31,Regular Play,Australia,3857288,0 days 01:11:31,0,0,0,0,0,0,1,0,0
2,71,34,Regular Play,Tunisia,3857288,0 days 01:11:34,1,0,0,0,0,0,0,0,0
2,71,36,Regular Play,Tunisia,3857288,0 days 01:11:36,0,0,0,0,0,0,1,0,0
2,71,37,Regular Play,Tunisia,3857288,0 days 01:11:37,0,0,0,0,0,0,1,0,0
2,71,40,Regular Play,Tunisia,3857288,0 days 01:11:40,0,0,0,0,0,0,1,0,0
2,71,50,Regular Play,Tunisia,3857288,0 days 01:11:50,0,0,0,0,0,0,0,1,0
2,72,30,From Keeper,Australia,3857288,0 days 01:12:30,0,0,0,0,0,0,1,0,0
2,72,35,From Keeper,Tunisia,3857288,0 days 01:12:35,0,1,0,0,0,0,0,0,0
2,73,10,From Throw In,Australia,3857288,0 days 01:13:10,0,0,0,0,0,0,1,0,0
2,73,12,From Throw In,Tunisia,3857288,0 days 01:13:12,0,1,0,0,0,0,0,0,0
2,73,14,From Throw In,Australia,3857288,0 days 01:13:14,0,0,0,0,0,0,1,0,0
2,73,15,From Throw In,Australia,3857288,0 days 01:13:15,0,0,0,0,0,0,0,1,0
2,73,33,From Goal Kick,Tunisia,3857288,0 days 01:13:33,0,0,0,0,0,0,1,0,0
2,73,36,From Goal Kick,Tunisia,3857288,0 days 01:13:36,0,0,0,0,0,0,1,0,0
2,73,39,From Goal Kick,Tunisia,3857288,0 days 01:13:39,0,0,0,0,0,0,1,0,0
2,73,42,From Goal Kick,Tunisia,3857288,0 days 01:13:42,0,0,0,0,0,0,1,0,0
2,73,48,From Goal Kick,Tunisia,3857288,0 days 01:13:48,0,0,0,0,0,0,1,0,0
2,73,57,From Throw In,Tunisia,3857288,0 days 01:13:57,0,0,0,0,0,0,1,0,0
2,73,59,From Throw In,Tunisia,3857288,0 days 01:13:59,0,0,0,0,0,0,1,0,0
2,74,4,From Throw In,Tunisia,3857288,0 days 01:14:04,0,0,0,0,0,0,1,0,0
2,74,5,From Throw In,Australia,3857288,0 days 01:14:05,0,1,0,0,0,0,0,0,0
2,74,6,From Throw In,Tunisia,3857288,0 days 01:14:06,1,0,0,0,0,0,0,0,0
2,74,6,From Throw In,Tunisia,3857288,0 days 01:14:06,0,0,0,0,0,0,0,1,0
2,75,3,From Goal Kick,Australia,3857288,0 days 01:15:03,0,0,0,0,0,0,1,0,0
2,75,7,Regular Play,Tunisia,3857288,0 days 01:15:07,0,0,0,0,0,0,1,0,0
2,75,12,Regular Play,Australia,3857288,0 days 01:15:12,0,0,0,0,1,0,0,0,0
2,75,21,From Free Kick,Tunisia,3857288,0 days 01:15:21,0,0,0,0,0,0,1,0,0
2,75,21,From Free Kick,Tunisia,3857288,0 days 01:15:21,0,0,0,0,0,0,1,0,0
2,75,23,From Free Kick,Tunisia,3857288,0 days 01:15:23,0,0,0,0,0,0,1,0,0
2,75,27,From Free Kick,Tunisia,3857288,0 days 01:15:27,0,0,0,0,0,0,1,0,0
2,75,31,From Free Kick,Tunisia,3857288,0 days 01:15:31,0,0,0,0,0,0,1,0,0
2,75,35,From Free Kick,Australia,3857288,0 days 01:15:35,1,0,0,0,0,0,0,0,0
2,75,41,From Free Kick,Australia,3857288,0 days 01:15:41,0,0,0,0,0,0,1,0,0
2,75,47,From Free Kick,Australia,3857288,0 days 01:15:47,0,0,1,0,0,0,0,0,0
2,75,47,From Free Kick,Tunisia,3857288,0 days 01:15:47,0,0,0,0,0,0,0,0,1
2,75,56,From Throw In,Tunisia,3857288,0 days 01:15:56,0,0,0,0,0,0,1,0,0
2,75,59,From Throw In,Tunisia,3857288,0 days 01:15:59,0,0,0,0,0,0,1,0,0
2,76,2,From Throw In,Tunisia,3857288,0 days 01:16:02,0,0,0,0,0,0,1,0,0
2,76,5,From Throw In,Tunisia,3857288,0 days 01:16:05,0,0,0,0,0,0,1,0,0
2,76,10,From Throw In,Tunisia,3857288,0 days 01:16:10,0,0,0,0,0,0,1,0,0
2,76,13,Regular Play,Australia,3857288,0 days 01:16:13,0,0,0,0,0,0,1,0,0
2,76,16,Regular Play,Australia,3857288,0 days 01:16:16,0,0,0,0,0,0,1,0,0
2,76,17,Regular Play,Australia,3857288,0 days 01:16:17,0,0,0,0,0,0,1,0,0
2,76,18,Regular Play,Australia,3857288,0 days 01:16:18,0,0,0,0,0,0,1,0,0
2,76,21,Regular Play,Australia,3857288,0 days 01:16:21,0,0,0,0,0,0,1,0,0
2,76,22,Regular Play,Australia,3857288,0 days 01:16:22,0,0,0,0,0,0,1,0,0
2,76,24,Regular Play,Australia,3857288,0 days 01:16:24,0,0,0,0,0,0,1,0,0
2,76,27,Regular Play,Australia,3857288,0 days 01:16:27,0,0,0,0,0,0,1,0,0
2,76,28,Regular Play,Australia,3857288,0 days 01:16:28,0,0,0,0,0,0,1,0,0
2,76,29,Regular Play,Australia,3857288,0 days 01:16:29,0,0,0,0,0,0,1,0,0
2,76,30,Regular Play,Australia,3857288,0 days 01:16:30,0,0,0,0,0,0,1,0,0
2,76,32,Regular Play,Australia,3857288,0 days 01:16:32,0,0,0,0,0,0,1,0,0
2,76,33,Regular Play,Australia,3857288,0 days 01:16:33,0,0,0,0,0,0,1,0,0
2,76,36,Regular Play,Australia,3857288,0 days 01:16:36,0,0,1,0,0,0,0,0,0
2,76,36,Regular Play,Tunisia,3857288,0 days 01:16:36,0,0,0,0,0,0,0,0,1
2,76,39,Regular Play,Tunisia,3857288,0 days 01:16:39,1,0,0,0,0,0,0,0,0
2,76,39,Regular Play,Tunisia,3857288,0 days 01:16:39,0,0,0,0,0,0,1,0,0
2,76,41,Regular Play,Tunisia,3857288,0 days 01:16:41,0,0,0,0,0,0,1,0,0
2,76,43,Regular Play,Tunisia,3857288,0 days 01:16:43,0,0,0,0,0,0,1,0,0
2,67,22,From Throw In,Mexico,3857289,0 days 01:07:22,0,0,0,0,0,0,1,0,0
2,67,23,From Throw In,Mexico,3857289,0 days 01:07:23,0,0,0,0,0,0,1,0,0
2,67,24,From Throw In,Mexico,3857289,0 days 01:07:24,0,0,1,0,0,0,0,0,0
2,67,24,From Throw In,Argentina,3857289,0 days 01:07:24,0,0,0,0,0,0,0,0,1
2,67,26,From Throw In,Mexico,3857289,0 days 01:07:26,0,0,0,0,0,0,1,0,0
2,67,31,From Throw In,Mexico,3857289,0 days 01:07:31,0,0,0,0,0,0,1,0,0
2,67,31,From Throw In,Mexico,3857289,0 days 01:07:31,0,0,0,0,0,0,1,0,0
2,67,33,From Throw In,Argentina,3857289,0 days 01:07:33,0,1,0,0,0,0,0,0,0
2,67,35,From Throw In,Mexico,3857289,0 days 01:07:35,0,0,0,0,0,0,1,0,0
2,67,40,From Throw In,Mexico,3857289,0 days 01:07:40,0,0,0,0,0,0,1,0,0
2,67,44,From Throw In,Mexico,3857289,0 days 01:07:44,0,0,0,0,0,0,1,0,0
2,67,48,From Throw In,Mexico,3857289,0 days 01:07:48,0,0,0,0,0,0,1,0,0
2,67,49,From Throw In,Mexico,3857289,0 days 01:07:49,0,0,0,0,0,0,1,0,0
2,68,58,From Free Kick,Argentina,3857289,0 days 01:08:58,0,0,0,0,0,0,1,0,0
2,69,2,From Free Kick,Mexico,3857289,0 days 01:09:02,0,0,0,0,0,0,1,0,0
2,69,27,From Throw In,Argentina,3857289,0 days 01:09:27,0,0,0,0,0,0,1,0,0
2,69,29,From Throw In,Mexico,3857289,0 days 01:09:29,0,0,0,0,0,1,0,0,0
2,69,29,From Throw In,Argentina,3857289,0 days 01:09:29,1,0,0,0,0,0,0,0,0
2,69,30,From Throw In,Argentina,3857289,0 days 01:09:30,0,0,0,0,0,0,1,0,0
2,69,31,From Throw In,Argentina,3857289,0 days 01:09:31,0,0,0,0,0,0,1,0,0
2,69,34,From Throw In,Argentina,3857289,0 days 01:09:34,0,0,0,0,0,0,1,0,0
2,69,35,From Throw In,Argentina,3857289,0 days 01:09:35,0,0,0,0,0,0,1,0,0
2,69,36,From Throw In,Argentina,3857289,0 days 01:09:36,0,0,0,0,0,0,1,0,0
2,69,39,From Throw In,Argentina,3857289,0 days 01:09:39,0,0,0,0,0,0,0,1,0
2,69,54,From Goal Kick,Mexico,3857289,0 days 01:09:54,0,0,0,0,0,0,1,0,0
2,69,55,From Goal Kick,Mexico,3857289,0 days 01:09:55,0,0,0,0,0,0,1,0,0
2,70,0,From Goal Kick,Mexico,3857289,0 days 01:10:00,0,0,0,0,0,0,1,0,0
2,70,3,From Goal Kick,Mexico,3857289,0 days 01:10:03,0,0,0,0,0,0,1,0,0
2,70,4,From Goal Kick,Mexico,3857289,0 days 01:10:04,0,0,0,0,0,0,1,0,0
2,70,4,From Goal Kick,Mexico,3857289,0 days 01:10:04,0,0,0,0,0,0,1,0,0
2,70,10,From Goal Kick,Mexico,3857289,0 days 01:10:10,0,0,0,0,0,0,1,0,0
2,70,12,From Goal Kick,Mexico,3857289,0 days 01:10:12,0,0,0,0,0,0,1,0,0
2,70,18,From Goal Kick,Mexico,3857289,0 days 01:10:18,0,0,0,0,0,0,1,0,0
2,70,23,From Goal Kick,Argentina,3857289,0 days 01:10:23,0,0,0,0,1,0,0,0,0
2,70,26,From Free Kick,Mexico,3857289,0 days 01:10:26,0,0,0,0,0,0,1,0,0
2,70,28,From Free Kick,Mexico,3857289,0 days 01:10:28,0,0,0,0,0,0,1,0,0
2,71,16,From Goal Kick,Argentina,3857289,0 days 01:11:16,0,0,0,0,0,0,1,0,0
2,71,22,From Goal Kick,Mexico,3857289,0 days 01:11:22,0,0,0,0,0,0,1,0,0
2,71,25,From Goal Kick,Mexico,3857289,0 days 01:11:25,0,0,0,0,0,0,1,0,0
2,71,26,From Goal Kick,Argentina,3857289,0 days 01:11:26,0,0,0,0,0,0,1,0,0
2,71,29,From Goal Kick,Argentina,3857289,0 days 01:11:29,0,0,0,0,0,0,1,0,0
2,71,33,From Goal Kick,Argentina,3857289,0 days 01:11:33,0,0,0,0,0,0,1,0,0
2,71,33,From Goal Kick,Mexico,3857289,0 days 01:11:33,0,0,0,0,0,1,0,0,0
2,71,35,From Goal Kick,Argentina,3857289,0 days 01:11:35,1,0,0,0,0,0,0,0,0
2,71,37,From Goal Kick,Argentina,3857289,0 days 01:11:37,0,0,0,0,0,0,1,0,0
2,71,38,From Goal Kick,Argentina,3857289,0 days 01:11:38,0,0,0,0,0,0,1,0,0
2,71,44,From Goal Kick,Argentina,3857289,0 days 01:11:44,0,0,0,0,0,0,1,0,0
2,71,48,From Goal Kick,Argentina,3857289,0 days 01:11:48,0,0,0,0,0,0,1,0,0
2,71,49,From Goal Kick,Mexico,3857289,0 days 01:11:49,0,0,0,0,0,1,0,0,0
2,71,50,From Goal Kick,Mexico,3857289,0 days 01:11:50,0,0,0,0,0,0,1,0,0
2,71,52,From Goal Kick,Argentina,3857289,0 days 01:11:52,0,0,0,0,0,0,1,0,0
2,71,54,Regular Play,Mexico,3857289,0 days 01:11:54,0,0,0,0,0,0,1,0,0
2,71,55,Regular Play,Mexico,3857289,0 days 01:11:55,0,0,0,0,0,0,1,0,0
2,71,59,Regular Play,Argentina,3857289,0 days 01:11:59,1,0,0,0,0,0,0,0,0
2,72,24,From Throw In,Mexico,3857289,0 days 01:12:24,0,0,0,0,0,0,1,0,0
2,72,25,From Throw In,Mexico,3857289,0 days 01:12:25,0,0,0,0,0,0,1,0,0
2,72,28,From Throw In,Mexico,3857289,0 days 01:12:28,0,0,0,0,0,0,1,0,0
2,72,32,From Throw In,Mexico,3857289,0 days 01:12:32,0,0,0,0,0,0,1,0,0
2,72,35,From Throw In,Mexico,3857289,0 days 01:12:35,0,0,0,0,0,0,1,0,0
2,72,37,From Throw In,Mexico,3857289,0 days 01:12:37,0,0,0,1,0,0,0,0,0
2,72,37,From Throw In,Argentina,3857289,0 days 01:12:37,0,0,0,0,0,0,0,0,1
2,73,0,From Throw In,Argentina,3857289,0 days 01:13:00,0,0,0,0,0,0,1,0,0
2,73,1,From Throw In,Argentina,3857289,0 days 01:13:01,0,0,0,0,0,0,1,0,0
2,73,3,Regular Play,Mexico,3857289,0 days 01:13:03,1,0,0,0,0,0,0,0,0
2,73,4,Regular Play,Mexico,3857289,0 days 01:13:04,0,0,0,0,0,0,1,0,0
2,73,7,Regular Play,Mexico,3857289,0 days 01:13:07,0,0,0,0,0,0,1,0,0
2,73,11,Regular Play,Mexico,3857289,0 days 01:13:11,0,0,0,0,0,0,1,0,0
2,73,15,Regular Play,Mexico,3857289,0 days 01:13:15,0,0,0,0,0,0,1,0,0
2,73,20,Regular Play,Argentina,3857289,0 days 01:13:20,1,0,0,0,0,0,0,0,0
2,73,31,Regular Play,Argentina,3857289,0 days 01:13:31,0,0,0,0,0,0,1,0,0
2,73,35,Regular Play,Mexico,3857289,0 days 01:13:35,0,1,0,0,0,0,0,0,0
2,73,37,Regular Play,Argentina,3857289,0 days 01:13:37,1,0,0,0,0,0,0,0,0
2,73,40,Regular Play,Mexico,3857289,0 days 01:13:40,0,0,0,0,1,0,0,0,0
2,73,59,From Free Kick,Argentina,3857289,0 days 01:13:59,0,0,0,0,0,0,1,0,0
2,74,2,From Free Kick,Argentina,3857289,0 days 01:14:02,0,0,0,0,0,0,1,0,0
2,74,4,From Free Kick,Argentina,3857289,0 days 01:14:04,0,0,0,0,0,0,1,0,0
2,74,7,From Free Kick,Argentina,3857289,0 days 01:14:07,0,0,0,0,0,0,1,0,0
2,74,9,From Free Kick,Argentina,3857289,0 days 01:14:09,0,0,0,0,0,0,1,0,0
2,74,16,From Free Kick,Argentina,3857289,0 days 01:14:16,0,0,0,0,0,0,1,0,0
2,74,19,From Free Kick,Argentina,3857289,0 days 01:14:19,0,0,0,0,0,0,1,0,0
2,74,20,From Free Kick,Mexico,3857289,0 days 01:14:20,0,0,0,0,0,1,0,0,0
2,74,21,From Free Kick,Mexico,3857289,0 days 01:14:21,0,0,0,0,0,0,1,0,0
2,74,22,From Free Kick,Argentina,3857289,0 days 01:14:22,1,0,0,0,0,0,0,0,0
2,74,24,From Free Kick,Argentina,3857289,0 days 01:14:24,0,0,0,0,0,0,1,0,0
2,74,27,From Free Kick,Argentina,3857289,0 days 01:14:27,0,0,1,0,0,0,0,0,0
2,74,27,Regular Play,Mexico,3857289,0 days 01:14:27,0,0,0,0,0,0,0,0,1
2,74,28,Regular Play,Argentina,3857289,0 days 01:14:28,1,0,0,0,0,0,0,0,0
2,74,30,Regular Play,Mexico,3857289,0 days 01:14:30,1,0,0,0,0,0,0,0,0
2,74,32,Regular Play,Mexico,3857289,0 days 01:14:32,0,0,0,0,0,0,1,0,0
2,74,35,Regular Play,Mexico,3857289,0 days 01:14:35,0,0,0,0,0,0,1,0,0
2,74,36,Regular Play,Mexico,3857289,0 days 01:14:36,0,0,0,0,0,0,1,0,0
2,74,40,Regular Play,Argentina,3857289,0 days 01:14:40,0,0,0,0,1,0,0,0,0
2,74,52,From Free Kick,Mexico,3857289,0 days 01:14:52,0,0,0,0,0,0,1,0,0
2,74,54,From Free Kick,Mexico,3857289,0 days 01:14:54,0,0,0,0,0,0,1,0,0
2,74,58,From Free Kick,Mexico,3857289,0 days 01:14:58,0,0,0,0,0,0,1,0,0
2,75,1,From Free Kick,Mexico,3857289,0 days 01:15:01,0,0,0,0,0,0,1,0,0
2,75,6,From Free Kick,Mexico,3857289,0 days 01:15:06,0,0,0,0,0,0,1,0,0
2,75,9,From Free Kick,Mexico,3857289,0 days 01:15:09,0,0,0,0,0,0,1,0,0
2,75,37,From Throw In,Argentina,3857289,0 days 01:15:37,0,0,0,0,0,0,1,0,0
2,75,39,From Throw In,Argentina,3857289,0 days 01:15:39,0,0,1,0,0,0,0,0,0
2,75,39,From Throw In,Mexico,3857289,0 days 01:15:39,0,0,0,0,0,0,0,0,1
2,75,52,From Throw In,Argentina,3857289,0 days 01:15:52,0,0,0,0,0,0,1,0,0
2,75,53,From Throw In,Argentina,3857289,0 days 01:15:53,0,0,0,0,0,0,1,0,0
2,75,56,Regular Play,Mexico,3857289,0 days 01:15:56,1,0,0,0,0,0,0,0,0
2,75,57,Regular Play,Mexico,3857289,0 days 01:15:57,0,0,0,0,0,0,1,0,0
2,75,58,Regular Play,Mexico,3857289,0 days 01:15:58,0,0,0,0,0,0,1,0,0
2,76,0,Regular Play,Mexico,3857289,0 days 01:16:00,0,0,0,0,0,0,1,0,0
2,76,1,Regular Play,Mexico,3857289,0 days 01:16:01,0,0,0,0,0,0,1,0,0
2,76,4,Regular Play,Mexico,3857289,0 days 01:16:04,0,0,0,0,0,0,1,0,0
2,76,7,Regular Play,Mexico,3857289,0 days 01:16:07,0,0,0,0,0,0,1,0,0
2,76,8,Regular Play,Mexico,3857289,0 days 01:16:08,0,0,1,0,0,0,0,0,0
2,76,8,Regular Play,Argentina,3857289,0 days 01:16:08,0,0,0,0,0,0,0,0,1
2,76,10,Regular Play,Mexico,3857289,0 days 01:16:10,0,0,0,0,0,0,1,0,0
2,76,15,Regular Play,Mexico,3857289,0 days 01:16:15,0,0,0,0,0,0,1,0,0
2,76,18,Regular Play,Mexico,3857289,0 days 01:16:18,0,0,0,0,0,0,1,0,0
2,76,21,Regular Play,Mexico,3857289,0 days 01:16:21,0,0,0,0,0,0,1,0,0
2,76,23,Regular Play,Mexico,3857289,0 days 01:16:23,0,0,0,0,0,0,1,0,0
2,76,25,Regular Play,Argentina,3857289,0 days 01:16:25,1,0,0,0,0,0,0,0,0
2,76,28,Regular Play,Argentina,3857289,0 days 01:16:28,0,0,0,0,0,0,1,0,0
2,76,29,Regular Play,Argentina,3857289,0 days 01:16:29,0,0,0,0,0,0,1,0,0
2,76,34,Regular Play,Argentina,3857289,0 days 01:16:34,0,0,0,0,0,0,1,0,0
2,76,35,Regular Play,Mexico,3857289,0 days 01:16:35,0,0,0,0,0,1,0,0,0
2,76,37,Regular Play,Mexico,3857289,0 days 01:16:37,0,1,0,0,0,0,0,0,0
2,76,40,Regular Play,Argentina,3857289,0 days 01:16:40,1,0,0,0,0,0,0,0,0
2,76,44,Regular Play,Argentina,3857289,0 days 01:16:44,0,0,1,0,0,0,0,0,0
2,76,44,Regular Play,Mexico,3857289,0 days 01:16:44,0,0,0,0,0,0,0,0,1
2,76,46,Regular Play,Mexico,3857289,0 days 01:16:46,1,0,0,0,0,0,0,0,0
2,76,48,Regular Play,Mexico,3857289,0 days 01:16:48,0,0,0,0,0,0,1,0,0
2,76,50,Regular Play,Mexico,3857289,0 days 01:16:50,0,0,0,0,1,0,0,0,0
2,76,52,Regular Play,Argentina,3857289,0 days 01:16:52,1,0,0,0,0,0,0,0,0
2,76,55,Regular Play,Argentina,3857289,0 days 01:16:55,0,0,0,0,0,0,1,0,0
2,76,56,Regular Play,Argentina,3857289,0 days 01:16:56,0,0,0,0,0,0,1,0,0
2,67,5,From Corner,Switzerland,3857290,0 days 01:07:05,0,0,0,0,0,0,1,0,0
2,67,6,From Corner,Cameroon,3857290,0 days 01:07:06,0,1,0,0,0,0,0,0,0
2,67,9,From Corner,Switzerland,3857290,0 days 01:07:09,0,0,0,0,1,0,0,0,0
2,67,21,From Free Kick,Cameroon,3857290,0 days 01:07:21,0,0,0,0,0,0,1,0,0
2,67,24,From Free Kick,Cameroon,3857290,0 days 01:07:24,0,0,0,0,0,0,1,0,0
2,67,26,From Free Kick,Cameroon,3857290,0 days 01:07:26,0,0,0,0,0,0,1,0,0
2,67,32,From Free Kick,Switzerland,3857290,0 days 01:07:32,0,0,0,0,1,0,0,0,0
2,68,10,From Free Kick,Cameroon,3857290,0 days 01:08:10,0,0,0,0,0,0,1,0,0
2,68,14,From Free Kick,Cameroon,3857290,0 days 01:08:14,0,0,0,0,0,0,1,0,0
2,68,15,From Free Kick,Cameroon,3857290,0 days 01:08:15,0,0,0,0,0,0,1,0,0
2,68,17,From Free Kick,Switzerland,3857290,0 days 01:08:17,1,0,0,0,0,0,0,0,0
2,68,18,From Free Kick,Switzerland,3857290,0 days 01:08:18,0,0,0,0,0,0,1,0,0
2,68,22,From Free Kick,Switzerland,3857290,0 days 01:08:22,0,0,0,0,0,0,1,0,0
2,68,23,From Free Kick,Cameroon,3857290,0 days 01:08:23,0,0,0,0,0,1,0,0,0
2,68,25,From Free Kick,Switzerland,3857290,0 days 01:08:25,0,1,0,0,0,0,0,0,0
2,68,34,From Throw In,Cameroon,3857290,0 days 01:08:34,0,0,0,0,0,0,1,0,0
2,68,37,From Throw In,Switzerland,3857290,0 days 01:08:37,0,1,0,0,0,0,0,0,0
2,68,53,From Throw In,Cameroon,3857290,0 days 01:08:53,0,0,0,0,0,0,1,0,0
2,68,54,From Throw In,Cameroon,3857290,0 days 01:08:54,0,0,0,0,0,0,1,0,0
2,68,55,From Throw In,Switzerland,3857290,0 days 01:08:55,1,0,0,0,0,0,0,0,0
2,68,57,From Throw In,Cameroon,3857290,0 days 01:08:57,1,0,0,0,0,0,0,0,0
2,68,58,From Throw In,Cameroon,3857290,0 days 01:08:58,0,0,0,0,0,0,1,0,0
2,69,1,From Throw In,Cameroon,3857290,0 days 01:09:01,0,0,0,0,0,0,1,0,0
2,69,3,From Throw In,Cameroon,3857290,0 days 01:09:03,0,0,0,0,0,0,1,0,0
2,69,9,From Throw In,Cameroon,3857290,0 days 01:09:09,0,0,0,0,0,0,1,0,0
2,69,15,From Throw In,Cameroon,3857290,0 days 01:09:15,0,0,0,0,0,0,1,0,0
2,69,18,From Throw In,Switzerland,3857290,0 days 01:09:18,0,1,0,0,0,0,0,0,0
2,69,20,From Throw In,Cameroon,3857290,0 days 01:09:20,0,0,0,0,0,0,1,0,0
2,69,22,From Throw In,Cameroon,3857290,0 days 01:09:22,0,0,0,0,0,0,1,0,0
2,69,27,From Throw In,Cameroon,3857290,0 days 01:09:27,0,0,0,0,0,0,1,0,0
2,69,30,From Throw In,Cameroon,3857290,0 days 01:09:30,0,0,0,0,0,0,1,0,0
2,69,32,From Throw In,Cameroon,3857290,0 days 01:09:32,0,0,0,0,0,0,1,0,0
2,69,33,From Throw In,Cameroon,3857290,0 days 01:09:33,0,0,0,0,0,0,1,0,0
2,69,34,Regular Play,Switzerland,3857290,0 days 01:09:34,0,0,0,0,0,0,1,0,0
2,69,37,Regular Play,Switzerland,3857290,0 days 01:09:37,0,0,0,0,0,0,1,0,0
2,69,42,Regular Play,Switzerland,3857290,0 days 01:09:42,0,0,0,0,0,0,1,0,0
2,69,43,Regular Play,Switzerland,3857290,0 days 01:09:43,0,0,0,0,0,0,1,0,0
2,69,49,Regular Play,Switzerland,3857290,0 days 01:09:49,0,0,0,0,0,0,1,0,0
2,69,51,Regular Play,Switzerland,3857290,0 days 01:09:51,0,0,0,0,0,0,1,0,0
2,70,26,From Corner,Switzerland,3857290,0 days 01:10:26,0,0,0,0,0,0,1,0,0
2,71,26,From Goal Kick,Cameroon,3857290,0 days 01:11:26,0,0,0,0,0,0,1,0,0
2,71,30,From Goal Kick,Cameroon,3857290,0 days 01:11:30,0,0,0,0,0,0,1,0,0
2,71,34,From Goal Kick,Cameroon,3857290,0 days 01:11:34,0,0,0,0,0,0,1,0,0
2,71,36,From Goal Kick,Cameroon,3857290,0 days 01:11:36,0,0,0,0,0,0,1,0,0
2,71,39,From Goal Kick,Switzerland,3857290,0 days 01:11:39,0,0,0,0,0,1,0,0,0
2,71,40,Regular Play,Switzerland,3857290,0 days 01:11:40,0,0,0,0,0,0,1,0,0
2,71,41,Regular Play,Switzerland,3857290,0 days 01:11:41,0,0,0,0,0,0,1,0,0
2,71,42,Regular Play,Switzerland,3857290,0 days 01:11:42,0,0,0,0,0,0,1,0,0
2,71,46,Regular Play,Switzerland,3857290,0 days 01:11:46,0,0,0,0,0,0,1,0,0
2,71,49,From Throw In,Cameroon,3857290,0 days 01:11:49,0,0,0,0,0,0,1,0,0
2,71,52,From Throw In,Cameroon,3857290,0 days 01:11:52,0,0,0,0,0,0,1,0,0
2,71,59,From Throw In,Cameroon,3857290,0 days 01:11:59,0,0,0,0,0,0,1,0,0
2,72,2,From Throw In,Cameroon,3857290,0 days 01:12:02,0,0,0,0,0,0,1,0,0
2,72,7,From Throw In,Cameroon,3857290,0 days 01:12:07,0,0,0,0,0,0,1,0,0
2,72,9,From Throw In,Cameroon,3857290,0 days 01:12:09,0,0,0,0,0,0,1,0,0
2,72,11,From Throw In,Cameroon,3857290,0 days 01:12:11,0,0,0,0,0,0,1,0,0
2,72,14,From Throw In,Cameroon,3857290,0 days 01:12:14,0,0,0,0,0,0,1,0,0
2,72,26,From Throw In,Cameroon,3857290,0 days 01:12:26,0,0,0,0,0,0,1,0,0
2,72,30,From Throw In,Cameroon,3857290,0 days 01:12:30,0,0,0,0,0,0,1,0,0
2,72,33,From Throw In,Cameroon,3857290,0 days 01:12:33,0,0,0,0,0,0,1,0,0
2,72,35,From Throw In,Cameroon,3857290,0 days 01:12:35,0,0,0,0,0,0,1,0,0
2,72,36,From Throw In,Cameroon,3857290,0 days 01:12:36,0,0,0,0,0,0,1,0,0
2,72,39,From Throw In,Cameroon,3857290,0 days 01:12:39,0,0,0,0,0,0,1,0,0
2,72,40,From Throw In,Switzerland,3857290,0 days 01:12:40,0,0,0,0,0,0,1,0,0
2,72,41,From Throw In,Switzerland,3857290,0 days 01:12:41,1,0,0,0,0,0,0,0,0
2,72,42,From Throw In,Cameroon,3857290,0 days 01:12:42,1,0,0,0,0,0,0,0,0
2,72,43,From Throw In,Cameroon,3857290,0 days 01:12:43,0,0,0,0,0,0,1,0,0
2,72,44,From Throw In,Switzerland,3857290,0 days 01:12:44,0,0,0,0,0,1,0,0,0
2,74,10,From Corner,Cameroon,3857290,0 days 01:14:10,0,0,0,0,0,0,1,0,0
2,74,12,From Corner,Switzerland,3857290,0 days 01:14:12,0,1,0,0,0,0,0,0,0
2,74,15,From Corner,Cameroon,3857290,0 days 01:14:15,0,0,0,0,0,0,1,0,0
2,74,18,From Corner,Cameroon,3857290,0 days 01:14:18,0,0,0,0,0,0,1,0,0
2,74,20,From Corner,Cameroon,3857290,0 days 01:14:20,0,0,0,0,0,0,1,0,0
2,74,29,From Corner,Cameroon,3857290,0 days 01:14:29,0,0,0,0,0,0,1,0,0
2,74,31,From Corner,Cameroon,3857290,0 days 01:14:31,0,0,0,0,0,0,1,0,0
2,74,33,From Corner,Switzerland,3857290,0 days 01:14:33,0,1,0,0,0,0,0,0,0
2,74,38,From Corner,Cameroon,3857290,0 days 01:14:38,0,0,0,0,0,0,1,0,0
2,74,42,From Corner,Cameroon,3857290,0 days 01:14:42,0,0,0,0,0,0,1,0,0
2,74,46,From Corner,Cameroon,3857290,0 days 01:14:46,0,0,0,0,0,0,1,0,0
2,74,48,From Corner,Cameroon,3857290,0 days 01:14:48,0,0,0,0,0,0,1,0,0
2,74,52,From Corner,Cameroon,3857290,0 days 01:14:52,0,0,0,0,0,0,1,0,0
2,74,55,From Corner,Switzerland,3857290,0 days 01:14:55,0,0,0,0,0,1,0,0,0
2,75,16,From Throw In,Switzerland,3857290,0 days 01:15:16,0,0,0,0,0,0,1,0,0
2,75,18,Regular Play,Cameroon,3857290,0 days 01:15:18,0,0,0,0,0,0,1,0,0
2,75,21,Regular Play,Cameroon,3857290,0 days 01:15:21,0,0,0,0,0,0,1,0,0
2,75,23,Regular Play,Cameroon,3857290,0 days 01:15:23,0,0,0,0,0,0,1,0,0
2,75,28,Regular Play,Cameroon,3857290,0 days 01:15:28,0,0,1,0,0,0,0,0,0
2,75,28,Regular Play,Switzerland,3857290,0 days 01:15:28,0,0,0,0,0,0,0,0,1
2,75,30,From Counter,Switzerland,3857290,0 days 01:15:30,1,0,0,0,0,0,0,0,0
2,75,34,From Counter,Switzerland,3857290,0 days 01:15:34,0,0,0,0,0,0,1,0,0
2,75,41,From Counter,Cameroon,3857290,0 days 01:15:41,0,0,0,0,1,0,0,0,0
2,76,27,From Free Kick,Switzerland,3857290,0 days 01:16:27,0,0,0,0,0,0,1,0,0
2,76,41,From Throw In,Cameroon,3857290,0 days 01:16:41,0,0,0,0,0,0,1,0,0
2,76,43,From Throw In,Cameroon,3857290,0 days 01:16:43,0,0,0,0,0,0,1,0,0
2,76,46,From Throw In,Cameroon,3857290,0 days 01:16:46,0,0,0,0,0,0,1,0,0
2,76,56,From Throw In,Switzerland,3857290,0 days 01:16:56,0,0,0,0,0,0,1,0,0
2,67,0,From Free Kick,Spain,3857291,0 days 01:07:00,0,0,0,0,0,0,1,0,0
2,67,7,From Free Kick,Spain,3857291,0 days 01:07:07,0,0,0,0,0,0,1,0,0
2,67,9,From Free Kick,Spain,3857291,0 days 01:07:09,0,0,0,0,0,0,1,0,0
2,67,12,From Free Kick,Spain,3857291,0 days 01:07:12,0,0,0,1,0,0,0,0,0
2,67,12,Regular Play,Costa Rica,3857291,0 days 01:07:12,0,0,0,0,0,0,0,0,1
2,67,13,Regular Play,Costa Rica,3857291,0 days 01:07:13,0,0,0,0,0,0,1,0,0
2,67,16,Regular Play,Costa Rica,3857291,0 days 01:07:16,0,0,0,0,0,0,1,0,0
2,67,18,Regular Play,Costa Rica,3857291,0 days 01:07:18,0,0,0,0,1,0,0,0,0
2,68,37,From Free Kick,Spain,3857291,0 days 01:08:37,0,0,0,0,0,0,1,0,0
2,68,39,From Free Kick,Spain,3857291,0 days 01:08:39,0,0,0,0,0,0,1,0,0
2,68,44,From Free Kick,Spain,3857291,0 days 01:08:44,0,0,0,0,0,0,1,0,0
2,68,45,From Free Kick,Spain,3857291,0 days 01:08:45,0,0,0,0,0,0,1,0,0
2,68,50,From Free Kick,Spain,3857291,0 days 01:08:50,0,0,0,0,0,0,1,0,0
2,68,53,From Free Kick,Spain,3857291,0 days 01:08:53,0,0,0,0,0,0,1,0,0
2,68,54,From Free Kick,Spain,3857291,0 days 01:08:54,0,0,0,0,0,0,1,0,0
2,68,57,From Free Kick,Spain,3857291,0 days 01:08:57,0,0,0,0,0,0,1,0,0
2,69,1,From Free Kick,Spain,3857291,0 days 01:09:01,0,0,0,0,0,0,1,0,0
2,69,3,From Free Kick,Spain,3857291,0 days 01:09:03,0,0,0,0,0,0,0,1,0
2,69,9,From Keeper,Costa Rica,3857291,0 days 01:09:09,0,0,0,0,0,0,1,0,0
2,69,14,Regular Play,Spain,3857291,0 days 01:09:14,1,0,0,0,0,0,0,0,0
2,69,15,Regular Play,Spain,3857291,0 days 01:09:15,0,0,0,0,0,0,1,0,0
2,69,19,Regular Play,Spain,3857291,0 days 01:09:19,0,0,0,0,0,0,1,0,0
2,69,23,Regular Play,Spain,3857291,0 days 01:09:23,0,0,0,0,0,0,1,0,0
2,69,26,Regular Play,Spain,3857291,0 days 01:09:26,0,0,0,0,0,0,1,0,0
2,69,28,Regular Play,Spain,3857291,0 days 01:09:28,0,0,0,0,0,0,1,0,0
2,69,31,Regular Play,Spain,3857291,0 days 01:09:31,0,0,0,0,0,0,1,0,0
2,69,32,Regular Play,Spain,3857291,0 days 01:09:32,0,0,0,0,0,0,1,0,0
2,69,41,Regular Play,Spain,3857291,0 days 01:09:41,0,0,0,1,0,0,0,0,0
2,69,44,Regular Play,Costa Rica,3857291,0 days 01:09:44,0,0,0,0,0,0,1,0,0
2,69,48,Regular Play,Costa Rica,3857291,0 days 01:09:48,0,0,1,0,0,0,0,0,0
2,69,48,Regular Play,Spain,3857291,0 days 01:09:48,0,0,0,0,0,0,0,0,1
2,69,49,Regular Play,Spain,3857291,0 days 01:09:49,1,0,0,0,0,0,0,0,0
2,69,49,Regular Play,Spain,3857291,0 days 01:09:49,0,0,0,1,0,0,0,0,0
2,69,49,Regular Play,Costa Rica,3857291,0 days 01:09:49,0,0,0,0,0,0,0,0,1
2,69,50,Regular Play,Spain,3857291,0 days 01:09:50,1,0,0,0,0,0,0,0,0
2,69,50,Regular Play,Spain,3857291,0 days 01:09:50,0,0,0,0,0,0,1,0,0
2,69,52,Regular Play,Spain,3857291,0 days 01:09:52,0,0,0,0,0,0,1,0,0
2,69,53,Regular Play,Costa Rica,3857291,0 days 01:09:53,0,0,0,0,0,0,1,0,0
2,69,54,Regular Play,Costa Rica,3857291,0 days 01:09:54,0,0,0,0,0,0,1,0,0
2,69,59,Regular Play,Costa Rica,3857291,0 days 01:09:59,0,0,0,0,0,0,1,0,0
2,70,2,Regular Play,Costa Rica,3857291,0 days 01:10:02,0,0,0,0,0,0,1,0,0
2,70,3,Regular Play,Spain,3857291,0 days 01:10:03,0,0,0,0,0,0,1,0,0
2,70,11,Regular Play,Spain,3857291,0 days 01:10:11,0,0,0,0,0,0,1,0,0
2,70,13,Regular Play,Spain,3857291,0 days 01:10:13,0,0,0,0,0,0,1,0,0
2,70,15,Regular Play,Spain,3857291,0 days 01:10:15,0,0,0,0,0,0,1,0,0
2,70,17,Regular Play,Spain,3857291,0 days 01:10:17,0,0,0,0,0,0,1,0,0
2,70,19,Regular Play,Spain,3857291,0 days 01:10:19,0,0,0,0,0,0,1,0,0
2,70,20,Regular Play,Spain,3857291,0 days 01:10:20,0,0,0,0,0,0,1,0,0
2,70,23,Regular Play,Spain,3857291,0 days 01:10:23,0,0,0,0,0,0,1,0,0
2,70,26,Regular Play,Spain,3857291,0 days 01:10:26,0,0,0,0,0,0,1,0,0
2,70,29,Regular Play,Spain,3857291,0 days 01:10:29,0,0,0,0,0,0,1,0,0
2,70,30,Regular Play,Spain,3857291,0 days 01:10:30,0,0,0,0,0,0,1,0,0
2,70,32,Regular Play,Spain,3857291,0 days 01:10:32,0,0,0,0,0,0,1,0,0
2,70,37,Regular Play,Spain,3857291,0 days 01:10:37,0,0,0,0,0,0,1,0,0
2,70,42,Regular Play,Spain,3857291,0 days 01:10:42,0,0,0,0,0,0,1,0,0
2,70,53,Regular Play,Spain,3857291,0 days 01:10:53,0,0,0,0,0,0,1,0,0
2,70,55,Regular Play,Spain,3857291,0 days 01:10:55,0,0,0,0,0,0,1,0,0
2,70,55,Regular Play,Costa Rica,3857291,0 days 01:10:55,0,0,0,0,0,1,0,0,0
2,70,56,Regular Play,Costa Rica,3857291,0 days 01:10:56,0,0,0,0,0,0,1,0,0
2,70,58,Regular Play,Costa Rica,3857291,0 days 01:10:58,0,0,0,0,0,0,1,0,0
2,70,59,Regular Play,Costa Rica,3857291,0 days 01:10:59,0,0,0,0,0,0,1,0,0
2,71,34,From Throw In,Spain,3857291,0 days 01:11:34,0,0,0,0,0,0,1,0,0
2,71,37,From Throw In,Spain,3857291,0 days 01:11:37,0,0,0,0,0,0,1,0,0
2,71,43,From Throw In,Spain,3857291,0 days 01:11:43,0,0,0,0,0,0,1,0,0
2,71,44,From Throw In,Spain,3857291,0 days 01:11:44,0,0,0,0,0,0,1,0,0
2,71,46,From Throw In,Spain,3857291,0 days 01:11:46,0,0,0,0,0,0,1,0,0
2,71,49,From Throw In,Spain,3857291,0 days 01:11:49,0,0,0,0,0,0,1,0,0
2,71,54,From Throw In,Spain,3857291,0 days 01:11:54,0,0,0,0,0,0,1,0,0
2,71,57,From Throw In,Spain,3857291,0 days 01:11:57,0,0,0,0,0,0,1,0,0
2,71,58,From Throw In,Spain,3857291,0 days 01:11:58,0,0,0,0,0,0,1,0,0
2,71,59,From Throw In,Spain,3857291,0 days 01:11:59,0,0,0,0,0,0,1,0,0
2,72,1,From Throw In,Spain,3857291,0 days 01:12:01,0,0,0,0,0,0,1,0,0
2,72,2,From Throw In,Spain,3857291,0 days 01:12:02,0,0,0,0,0,0,1,0,0
2,72,5,From Throw In,Spain,3857291,0 days 01:12:05,0,0,0,0,0,0,1,0,0
2,72,9,From Throw In,Spain,3857291,0 days 01:12:09,0,0,0,0,0,0,1,0,0
2,72,11,From Throw In,Spain,3857291,0 days 01:12:11,0,0,0,0,0,0,1,0,0
2,72,14,From Throw In,Spain,3857291,0 days 01:12:14,0,0,0,0,0,0,1,0,0
2,72,18,From Throw In,Spain,3857291,0 days 01:12:18,0,0,0,0,0,0,1,0,0
2,72,20,Regular Play,Costa Rica,3857291,0 days 01:12:20,0,0,0,0,0,1,0,0,0
2,72,26,Regular Play,Costa Rica,3857291,0 days 01:12:26,0,0,0,0,0,0,1,0,0
2,72,29,Regular Play,Costa Rica,3857291,0 days 01:12:29,0,0,0,0,0,0,1,0,0
2,72,33,Regular Play,Costa Rica,3857291,0 days 01:12:33,0,0,0,1,0,0,0,0,0
2,72,33,Regular Play,Spain,3857291,0 days 01:12:33,0,0,0,0,0,0,0,0,1
2,72,33,Regular Play,Costa Rica,3857291,0 days 01:12:33,1,0,0,0,0,0,0,0,0
2,72,34,Regular Play,Spain,3857291,0 days 01:12:34,1,0,0,0,0,0,0,0,0
2,72,35,Regular Play,Spain,3857291,0 days 01:12:35,0,0,0,0,0,0,1,0,0
2,72,39,Regular Play,Spain,3857291,0 days 01:12:39,0,0,0,0,0,0,1,0,0
2,72,46,Regular Play,Spain,3857291,0 days 01:12:46,0,0,0,0,0,0,1,0,0
2,72,51,From Keeper,Costa Rica,3857291,0 days 01:12:51,0,0,0,0,0,0,1,0,0
2,72,54,From Keeper,Costa Rica,3857291,0 days 01:12:54,0,0,0,0,0,0,1,0,0
2,73,0,From Keeper,Costa Rica,3857291,0 days 01:13:00,0,0,0,1,0,0,0,0,0
2,73,2,From Keeper,Costa Rica,3857291,0 days 01:13:02,0,0,0,0,0,0,1,0,0
2,73,31,From Free Kick,Spain,3857291,0 days 01:13:31,0,0,0,0,0,0,1,0,0
2,73,34,From Free Kick,Spain,3857291,0 days 01:13:34,0,0,0,0,0,0,1,0,0
2,73,42,From Free Kick,Spain,3857291,0 days 01:13:42,0,0,0,0,0,0,1,0,0
2,73,45,From Free Kick,Costa Rica,3857291,0 days 01:13:45,0,0,0,0,0,1,0,0,0
2,73,45,From Free Kick,Spain,3857291,0 days 01:13:45,1,0,0,0,0,0,0,0,0
2,73,51,From Free Kick,Spain,3857291,0 days 01:13:51,0,0,0,0,0,0,1,0,0
2,73,54,From Free Kick,Spain,3857291,0 days 01:13:54,0,0,0,1,0,0,0,0,0
2,73,56,From Free Kick,Spain,3857291,0 days 01:13:56,1,0,0,0,0,0,0,0,0
2,73,57,From Free Kick,Spain,3857291,0 days 01:13:57,0,0,0,0,0,0,1,0,0
2,73,59,From Free Kick,Spain,3857291,0 days 01:13:59,0,0,0,0,0,0,0,1,0
2,75,7,From Kick Off,Costa Rica,3857291,0 days 01:15:07,0,0,0,0,0,0,1,0,0
2,75,9,From Kick Off,Costa Rica,3857291,0 days 01:15:09,0,0,0,0,0,0,1,0,0
2,75,12,From Kick Off,Costa Rica,3857291,0 days 01:15:12,0,0,0,0,0,0,1,0,0
2,75,14,From Kick Off,Costa Rica,3857291,0 days 01:15:14,0,0,0,0,0,0,1,0,0
2,75,17,From Kick Off,Costa Rica,3857291,0 days 01:15:17,0,0,0,0,0,0,1,0,0
2,75,21,Regular Play,Spain,3857291,0 days 01:15:21,0,0,0,0,0,0,1,0,0
2,75,23,Regular Play,Spain,3857291,0 days 01:15:23,0,0,0,0,0,0,1,0,0
2,75,24,Regular Play,Spain,3857291,0 days 01:15:24,0,0,0,0,0,0,1,0,0
2,75,27,Regular Play,Spain,3857291,0 days 01:15:27,0,0,0,0,0,0,1,0,0
2,75,28,Regular Play,Spain,3857291,0 days 01:15:28,0,0,0,0,0,0,1,0,0
2,75,30,Regular Play,Spain,3857291,0 days 01:15:30,0,0,0,0,0,0,1,0,0
2,75,34,Regular Play,Spain,3857291,0 days 01:15:34,0,0,0,0,0,0,1,0,0
2,75,37,Regular Play,Spain,3857291,0 days 01:15:37,0,0,0,0,0,0,1,0,0
2,75,39,Regular Play,Spain,3857291,0 days 01:15:39,0,0,0,0,0,0,1,0,0
2,75,40,Regular Play,Spain,3857291,0 days 01:15:40,0,0,0,0,0,0,1,0,0
2,75,41,Regular Play,Spain,3857291,0 days 01:15:41,0,0,0,0,0,0,1,0,0
2,75,43,Regular Play,Spain,3857291,0 days 01:15:43,0,0,0,0,0,0,1,0,0
2,75,48,Regular Play,Spain,3857291,0 days 01:15:48,0,0,0,0,0,0,1,0,0
2,75,50,Regular Play,Spain,3857291,0 days 01:15:50,0,0,0,0,0,0,1,0,0
2,75,52,Regular Play,Spain,3857291,0 days 01:15:52,0,0,0,0,0,0,1,0,0
2,75,54,Regular Play,Spain,3857291,0 days 01:15:54,0,0,0,0,0,0,1,0,0
2,75,57,Regular Play,Spain,3857291,0 days 01:15:57,0,0,0,0,0,0,1,0,0
2,75,58,Regular Play,Spain,3857291,0 days 01:15:58,0,0,0,0,0,0,1,0,0
2,76,0,Regular Play,Spain,3857291,0 days 01:16:00,0,0,0,0,0,0,1,0,0
2,76,3,Regular Play,Spain,3857291,0 days 01:16:03,0,0,0,0,0,0,1,0,0
2,76,5,Regular Play,Spain,3857291,0 days 01:16:05,0,0,0,0,0,0,1,0,0
2,76,9,Regular Play,Spain,3857291,0 days 01:16:09,0,0,0,0,0,0,1,0,0
2,76,12,Regular Play,Spain,3857291,0 days 01:16:12,0,0,0,0,0,0,1,0,0
2,76,16,Regular Play,Spain,3857291,0 days 01:16:16,0,0,0,0,0,0,1,0,0
2,76,21,Regular Play,Spain,3857291,0 days 01:16:21,0,0,0,0,0,0,1,0,0
2,76,22,Regular Play,Spain,3857291,0 days 01:16:22,0,0,0,0,0,0,1,0,0
2,76,28,Regular Play,Spain,3857291,0 days 01:16:28,0,0,0,0,0,0,1,0,0
2,76,30,Regular Play,Spain,3857291,0 days 01:16:30,0,0,0,0,0,0,1,0,0
2,76,32,Regular Play,Spain,3857291,0 days 01:16:32,0,0,0,0,0,0,1,0,0
2,76,33,Regular Play,Spain,3857291,0 days 01:16:33,0,0,0,0,0,0,1,0,0
2,76,36,Regular Play,Costa Rica,3857291,0 days 01:16:36,1,0,0,0,0,0,0,0,0
2,76,37,Regular Play,Costa Rica,3857291,0 days 01:16:37,0,0,0,0,0,0,1,0,0
2,76,37,Regular Play,Costa Rica,3857291,0 days 01:16:37,0,0,0,0,0,0,1,0,0
2,76,38,Regular Play,Spain,3857291,0 days 01:16:38,0,0,0,0,0,0,1,0,0
2,76,39,Regular Play,Spain,3857291,0 days 01:16:39,0,0,0,0,0,0,1,0,0
2,76,43,Regular Play,Spain,3857291,0 days 01:16:43,0,0,0,0,0,0,1,0,0
2,76,47,Regular Play,Spain,3857291,0 days 01:16:47,0,0,0,0,0,0,1,0,0
2,76,53,Regular Play,Spain,3857291,0 days 01:16:53,0,0,0,0,0,0,1,0,0
2,76,57,Regular Play,Spain,3857291,0 days 01:16:57,0,0,0,0,0,0,1,0,0
2,76,58,Regular Play,Spain,3857291,0 days 01:16:58,0,0,0,0,0,0,1,0,0
2,67,22,From Goal Kick,Costa Rica,3857292,0 days 01:07:22,0,0,0,0,0,0,1,0,0
2,67,25,Regular Play,Germany,3857292,0 days 01:07:25,0,0,0,0,0,0,1,0,0
2,67,28,Regular Play,Germany,3857292,0 days 01:07:28,0,0,0,0,0,0,1,0,0
2,67,31,Regular Play,Germany,3857292,0 days 01:07:31,0,0,0,0,0,0,1,0,0
2,67,34,Regular Play,Germany,3857292,0 days 01:07:34,0,0,0,0,0,0,1,0,0
2,67,41,Regular Play,Germany,3857292,0 days 01:07:41,0,0,0,0,0,0,1,0,0
2,67,43,Regular Play,Germany,3857292,0 days 01:07:43,0,0,0,0,0,0,1,0,0
2,67,46,Regular Play,Germany,3857292,0 days 01:07:46,0,0,0,1,0,0,0,0,0
2,67,49,Regular Play,Germany,3857292,0 days 01:07:49,0,0,0,0,0,0,1,0,0
2,68,21,From Goal Kick,Costa Rica,3857292,0 days 01:08:21,0,0,0,0,0,0,1,0,0
2,68,27,From Goal Kick,Germany,3857292,0 days 01:08:27,0,0,0,0,1,0,0,0,0
2,69,1,From Free Kick,Costa Rica,3857292,0 days 01:09:01,0,0,0,0,0,0,1,0,0
2,69,4,From Free Kick,Costa Rica,3857292,0 days 01:09:04,0,0,0,0,0,0,1,0,0
2,69,5,From Free Kick,Germany,3857292,0 days 01:09:05,0,1,0,0,0,0,0,0,0
2,69,6,From Free Kick,Costa Rica,3857292,0 days 01:09:06,1,0,0,0,0,0,0,0,0
2,69,6,From Free Kick,Costa Rica,3857292,0 days 01:09:06,0,0,0,0,0,0,0,1,0
2,70,59,From Kick Off,Germany,3857292,0 days 01:10:59,0,0,0,0,0,0,1,0,0
2,71,5,From Kick Off,Germany,3857292,0 days 01:11:05,0,0,0,0,0,0,1,0,0
2,71,8,From Kick Off,Germany,3857292,0 days 01:11:08,0,0,0,0,0,0,1,0,0
2,71,11,From Kick Off,Germany,3857292,0 days 01:11:11,0,0,0,0,0,0,1,0,0
2,71,16,From Kick Off,Germany,3857292,0 days 01:11:16,0,0,0,0,0,0,1,0,0
2,71,19,From Kick Off,Germany,3857292,0 days 01:11:19,0,0,1,0,0,0,0,0,0
2,71,19,From Kick Off,Costa Rica,3857292,0 days 01:11:19,0,0,0,0,0,0,0,0,1
2,71,24,From Kick Off,Germany,3857292,0 days 01:11:24,1,0,0,0,0,0,0,0,0
2,71,25,From Kick Off,Germany,3857292,0 days 01:11:25,0,0,0,0,0,0,1,0,0
2,71,28,From Kick Off,Germany,3857292,0 days 01:11:28,0,0,0,0,0,0,1,0,0
2,71,33,From Kick Off,Germany,3857292,0 days 01:11:33,0,0,0,0,0,0,1,0,0
2,71,35,From Kick Off,Germany,3857292,0 days 01:11:35,0,0,0,0,0,0,1,0,0
2,71,37,From Kick Off,Germany,3857292,0 days 01:11:37,0,0,0,0,0,0,1,0,0
2,71,41,From Kick Off,Germany,3857292,0 days 01:11:41,0,0,0,0,0,0,1,0,0
2,71,44,From Kick Off,Germany,3857292,0 days 01:11:44,0,0,0,0,0,0,1,0,0
2,71,46,From Kick Off,Germany,3857292,0 days 01:11:46,0,0,0,0,0,0,1,0,0
2,71,48,From Kick Off,Germany,3857292,0 days 01:11:48,0,0,0,0,0,0,1,0,0
2,71,54,From Kick Off,Germany,3857292,0 days 01:11:54,0,0,0,0,0,0,1,0,0
2,71,57,From Kick Off,Germany,3857292,0 days 01:11:57,0,0,0,0,0,0,1,0,0
2,72,0,From Kick Off,Costa Rica,3857292,0 days 01:12:00,0,1,0,0,0,0,0,0,0
2,72,1,From Kick Off,Germany,3857292,0 days 01:12:01,0,0,0,0,0,0,1,0,0
2,72,2,From Kick Off,Germany,3857292,0 days 01:12:02,0,0,0,0,0,0,1,0,0
2,72,4,From Kick Off,Germany,3857292,0 days 01:12:04,0,0,0,0,0,0,0,1,0
2,72,49,From Kick Off,Costa Rica,3857292,0 days 01:12:49,0,0,0,0,0,0,1,0,0
2,72,55,From Kick Off,Costa Rica,3857292,0 days 01:12:55,0,0,0,0,0,0,1,0,0
2,72,58,From Kick Off,Costa Rica,3857292,0 days 01:12:58,0,0,0,0,0,0,1,0,0
2,73,39,From Free Kick,Germany,3857292,0 days 01:13:39,0,0,0,0,0,0,1,0,0
2,73,42,From Free Kick,Germany,3857292,0 days 01:13:42,0,0,0,0,0,0,1,0,0
2,73,48,From Free Kick,Germany,3857292,0 days 01:13:48,0,0,0,1,0,0,0,0,0
2,73,50,From Free Kick,Germany,3857292,0 days 01:13:50,0,0,0,0,0,0,1,0,0
2,73,51,From Free Kick,Germany,3857292,0 days 01:13:51,0,0,0,0,0,0,1,0,0
2,73,53,From Free Kick,Germany,3857292,0 days 01:13:53,0,0,1,0,0,0,0,0,0
2,73,53,From Free Kick,Costa Rica,3857292,0 days 01:13:53,0,0,0,0,0,0,0,0,1
2,73,54,From Free Kick,Costa Rica,3857292,0 days 01:13:54,0,1,0,0,0,0,0,0,0
2,73,54,From Free Kick,Germany,3857292,0 days 01:13:54,1,0,0,0,0,0,0,0,0
2,73,55,From Free Kick,Germany,3857292,0 days 01:13:55,0,0,0,0,0,0,0,1,0
2,74,19,From Goal Kick,Costa Rica,3857292,0 days 01:14:19,0,0,0,0,0,0,1,0,0
2,74,25,From Goal Kick,Costa Rica,3857292,0 days 01:14:25,0,0,0,0,0,0,1,0,0
2,74,27,Regular Play,Germany,3857292,0 days 01:14:27,0,0,0,0,0,0,1,0,0
2,74,28,Regular Play,Germany,3857292,0 days 01:14:28,0,0,0,0,0,0,1,0,0
2,74,30,Regular Play,Germany,3857292,0 days 01:14:30,0,0,0,0,0,0,1,0,0
2,74,31,Regular Play,Costa Rica,3857292,0 days 01:14:31,1,0,0,0,0,0,0,0,0
2,74,34,Regular Play,Costa Rica,3857292,0 days 01:14:34,0,0,0,0,0,0,1,0,0
2,74,37,Regular Play,Costa Rica,3857292,0 days 01:14:37,0,0,0,0,0,0,1,0,0
2,74,39,Regular Play,Costa Rica,3857292,0 days 01:14:39,0,0,0,0,0,0,1,0,0
2,74,40,Regular Play,Costa Rica,3857292,0 days 01:14:40,0,0,0,0,0,0,1,0,0
2,74,41,Regular Play,Germany,3857292,0 days 01:14:41,0,1,0,0,0,0,0,0,0
2,74,42,Regular Play,Costa Rica,3857292,0 days 01:14:42,1,0,0,0,0,0,0,0,0
2,74,43,Regular Play,Costa Rica,3857292,0 days 01:14:43,0,0,0,0,0,0,1,0,0
2,74,45,Regular Play,Germany,3857292,0 days 01:14:45,0,1,0,0,0,0,0,0,0
2,74,47,Regular Play,Costa Rica,3857292,0 days 01:14:47,1,0,0,0,0,0,0,0,0
2,74,50,Regular Play,Costa Rica,3857292,0 days 01:14:50,0,0,1,0,0,0,0,0,0
2,74,50,Regular Play,Germany,3857292,0 days 01:14:50,0,0,0,0,0,0,0,0,1
2,75,4,From Throw In,Costa Rica,3857292,0 days 01:15:04,0,0,0,0,0,0,1,0,0
2,75,5,From Throw In,Costa Rica,3857292,0 days 01:15:05,0,0,0,0,0,0,1,0,0
2,75,6,From Throw In,Germany,3857292,0 days 01:15:06,0,1,0,0,0,0,0,0,0
2,75,8,From Counter,Germany,3857292,0 days 01:15:08,1,0,0,0,0,0,0,0,0
2,75,10,From Counter,Germany,3857292,0 days 01:15:10,0,0,0,0,0,0,1,0,0
2,75,12,From Counter,Costa Rica,3857292,0 days 01:15:12,0,0,0,0,1,0,0,0,0
2,75,14,From Counter,Germany,3857292,0 days 01:15:14,0,0,0,0,0,0,1,0,0
2,75,17,From Counter,Germany,3857292,0 days 01:15:17,0,0,0,0,0,0,1,0,0
2,75,18,From Counter,Germany,3857292,0 days 01:15:18,0,0,0,0,0,0,0,1,0
2,76,28,From Corner,Germany,3857292,0 days 01:16:28,0,0,0,0,0,0,1,0,0
2,76,29,From Corner,Costa Rica,3857292,0 days 01:16:29,0,1,0,0,0,0,0,0,0
2,76,33,From Corner,Germany,3857292,0 days 01:16:33,1,0,0,0,0,0,0,0,0
2,76,38,From Corner,Germany,3857292,0 days 01:16:38,0,0,0,0,0,0,1,0,0
2,76,39,From Corner,Germany,3857292,0 days 01:16:39,0,0,0,0,0,0,1,0,0
2,76,40,From Corner,Costa Rica,3857292,0 days 01:16:40,0,1,0,0,0,0,0,0,0
2,76,41,From Corner,Costa Rica,3857292,0 days 01:16:41,0,0,0,0,0,0,1,0,0
2,76,44,From Corner,Costa Rica,3857292,0 days 01:16:44,0,0,0,0,0,0,1,0,0
2,76,45,From Corner,Germany,3857292,0 days 01:16:45,1,0,0,0,0,0,0,0,0
2,76,47,From Corner,Germany,3857292,0 days 01:16:47,0,0,0,1,0,0,0,0,0
2,76,47,Regular Play,Costa Rica,3857292,0 days 01:16:47,0,0,0,0,0,0,0,0,1
2,76,49,Regular Play,Costa Rica,3857292,0 days 01:16:49,0,0,0,0,0,0,1,0,0
2,76,51,Regular Play,Costa Rica,3857292,0 days 01:16:51,0,0,0,0,0,0,1,0,0
2,76,56,Regular Play,Costa Rica,3857292,0 days 01:16:56,0,0,0,1,0,0,0,0,0
2,76,56,Regular Play,Germany,3857292,0 days 01:16:56,0,0,0,0,0,0,0,0,1
2,76,58,Regular Play,Costa Rica,3857292,0 days 01:16:58,1,0,0,0,0,0,0,0,0
2,76,58,Regular Play,Costa Rica,3857292,0 days 01:16:58,0,0,0,1,0,0,0,0,0
2,76,58,Regular Play,Germany,3857292,0 days 01:16:58,0,0,0,0,0,0,0,0,1
2,67,13,From Throw In,Ghana,3857293,0 days 01:07:13,0,0,0,0,0,0,1,0,0
2,67,15,From Throw In,Ghana,3857293,0 days 01:07:15,0,0,0,0,0,0,1,0,0
2,67,18,From Throw In,Ghana,3857293,0 days 01:07:18,0,0,0,0,0,0,1,0,0
2,67,19,From Throw In,Uruguay,3857293,0 days 01:07:19,0,0,0,0,0,1,0,0,0
2,67,20,Regular Play,Uruguay,3857293,0 days 01:07:20,0,0,0,0,0,0,1,0,0
2,67,21,Regular Play,Uruguay,3857293,0 days 01:07:21,0,0,0,0,0,0,1,0,0
2,67,23,Regular Play,Uruguay,3857293,0 days 01:07:23,0,0,0,0,0,0,1,0,0
2,67,29,From Throw In,Uruguay,3857293,0 days 01:07:29,0,0,0,0,0,0,1,0,0
2,67,32,From Throw In,Uruguay,3857293,0 days 01:07:32,0,0,0,0,0,0,1,0,0
2,67,33,From Throw In,Uruguay,3857293,0 days 01:07:33,0,0,0,0,0,0,1,0,0
2,67,34,From Throw In,Ghana,3857293,0 days 01:07:34,1,0,0,0,0,0,0,0,0
2,67,36,From Throw In,Ghana,3857293,0 days 01:07:36,0,0,0,0,0,0,1,0,0
2,67,37,From Throw In,Uruguay,3857293,0 days 01:07:37,0,0,0,0,0,0,1,0,0
2,67,39,Regular Play,Ghana,3857293,0 days 01:07:39,0,0,0,0,0,0,1,0,0
2,67,41,Regular Play,Ghana,3857293,0 days 01:07:41,0,0,0,0,0,0,1,0,0
2,67,43,Regular Play,Ghana,3857293,0 days 01:07:43,0,0,0,0,0,0,1,0,0
2,67,46,Regular Play,Ghana,3857293,0 days 01:07:46,0,0,0,1,0,0,0,0,0
2,67,46,Regular Play,Uruguay,3857293,0 days 01:07:46,0,0,0,0,0,0,0,0,1
2,67,55,From Throw In,Ghana,3857293,0 days 01:07:55,0,0,0,0,0,0,1,0,0
2,67,58,From Throw In,Ghana,3857293,0 days 01:07:58,0,0,0,0,0,0,1,0,0
2,68,19,From Corner,Ghana,3857293,0 days 01:08:19,0,0,0,0,0,0,1,0,0
2,68,21,From Corner,Uruguay,3857293,0 days 01:08:21,0,1,0,0,0,0,0,0,0
2,68,23,From Corner,Ghana,3857293,0 days 01:08:23,1,0,0,0,0,0,0,0,0
2,68,24,From Corner,Uruguay,3857293,0 days 01:08:24,1,0,0,0,0,0,0,0,0
2,68,34,From Corner,Uruguay,3857293,0 days 01:08:34,0,0,0,0,0,0,1,0,0
2,68,40,From Corner,Uruguay,3857293,0 days 01:08:40,0,0,0,0,0,0,1,0,0
2,68,42,From Corner,Ghana,3857293,0 days 01:08:42,0,0,0,0,0,0,1,0,0
2,68,46,From Corner,Ghana,3857293,0 days 01:08:46,0,1,0,0,0,0,0,0,0
2,69,8,From Throw In,Uruguay,3857293,0 days 01:09:08,0,0,0,0,0,0,1,0,0
2,69,9,From Throw In,Uruguay,3857293,0 days 01:09:09,0,0,0,0,0,0,1,0,0
2,69,11,From Throw In,Uruguay,3857293,0 days 01:09:11,0,0,0,0,0,0,1,0,0
2,69,12,From Throw In,Ghana,3857293,0 days 01:09:12,0,1,0,0,0,0,0,0,0
2,69,14,From Throw In,Uruguay,3857293,0 days 01:09:14,0,0,0,0,0,0,1,0,0
2,69,15,From Throw In,Uruguay,3857293,0 days 01:09:15,0,0,0,0,0,0,1,0,0
2,69,16,From Throw In,Uruguay,3857293,0 days 01:09:16,0,0,0,0,0,0,1,0,0
2,69,19,From Throw In,Uruguay,3857293,0 days 01:09:19,0,0,0,0,0,0,1,0,0
2,69,22,From Throw In,Uruguay,3857293,0 days 01:09:22,0,0,1,0,0,0,0,0,0
2,69,22,From Throw In,Ghana,3857293,0 days 01:09:22,0,0,0,0,0,0,0,0,1
2,69,24,From Throw In,Uruguay,3857293,0 days 01:09:24,1,0,0,0,0,0,0,0,0
2,69,25,From Throw In,Uruguay,3857293,0 days 01:09:25,0,0,0,0,0,0,1,0,0
2,69,27,From Throw In,Uruguay,3857293,0 days 01:09:27,0,0,0,0,0,0,1,0,0
2,69,28,From Throw In,Ghana,3857293,0 days 01:09:28,0,1,0,0,0,0,0,0,0
2,69,30,From Throw In,Uruguay,3857293,0 days 01:09:30,1,0,0,0,0,0,0,0,0
2,69,30,From Throw In,Uruguay,3857293,0 days 01:09:30,0,0,0,0,0,0,0,1,0
2,69,32,From Throw In,Ghana,3857293,0 days 01:09:32,0,1,0,0,0,0,0,0,0
2,69,52,From Throw In,Uruguay,3857293,0 days 01:09:52,0,0,0,0,0,0,1,0,0
2,69,56,From Throw In,Uruguay,3857293,0 days 01:09:56,0,0,0,0,0,0,0,1,0
2,70,9,From Goal Kick,Ghana,3857293,0 days 01:10:09,0,0,0,0,0,0,1,0,0
2,70,18,From Goal Kick,Ghana,3857293,0 days 01:10:18,0,0,0,0,0,0,1,0,0
2,70,24,From Goal Kick,Ghana,3857293,0 days 01:10:24,0,0,0,0,0,0,1,0,0
2,70,31,From Goal Kick,Ghana,3857293,0 days 01:10:31,0,0,0,0,0,0,1,0,0
2,70,33,From Goal Kick,Uruguay,3857293,0 days 01:10:33,0,1,0,0,0,0,0,0,0
2,70,36,From Goal Kick,Ghana,3857293,0 days 01:10:36,1,0,0,0,0,0,0,0,0
2,70,39,From Goal Kick,Ghana,3857293,0 days 01:10:39,1,0,0,0,0,0,0,0,0
2,70,39,From Goal Kick,Ghana,3857293,0 days 01:10:39,0,0,0,1,0,0,0,0,0
2,70,40,From Goal Kick,Ghana,3857293,0 days 01:10:40,0,0,0,0,0,0,1,0,0
2,70,41,From Goal Kick,Ghana,3857293,0 days 01:10:41,0,0,0,1,0,0,0,0,0
2,70,46,From Goal Kick,Ghana,3857293,0 days 01:10:46,0,0,0,0,0,0,0,1,0
2,71,11,From Goal Kick,Uruguay,3857293,0 days 01:11:11,0,0,0,0,0,0,1,0,0
2,71,16,From Goal Kick,Uruguay,3857293,0 days 01:11:16,0,0,0,0,0,0,1,0,0
2,71,19,From Goal Kick,Uruguay,3857293,0 days 01:11:19,0,0,0,0,0,0,1,0,0
2,72,9,From Throw In,Uruguay,3857293,0 days 01:12:09,0,0,0,0,0,0,1,0,0
2,72,12,From Throw In,Uruguay,3857293,0 days 01:12:12,0,0,0,0,0,0,1,0,0
2,72,14,From Throw In,Uruguay,3857293,0 days 01:12:14,0,0,0,0,0,0,1,0,0
2,72,16,Regular Play,Ghana,3857293,0 days 01:12:16,0,0,0,0,0,0,1,0,0
2,72,18,Regular Play,Ghana,3857293,0 days 01:12:18,0,0,0,0,0,0,1,0,0
2,72,19,Regular Play,Ghana,3857293,0 days 01:12:19,0,0,0,0,0,0,1,0,0
2,72,20,Regular Play,Uruguay,3857293,0 days 01:12:20,0,0,0,0,0,0,1,0,0
2,72,22,Regular Play,Ghana,3857293,0 days 01:12:22,1,0,0,0,0,0,0,0,0
2,72,24,Regular Play,Ghana,3857293,0 days 01:12:24,0,0,0,0,0,0,1,0,0
2,72,30,Regular Play,Ghana,3857293,0 days 01:12:30,0,0,0,0,0,0,1,0,0
2,72,32,Regular Play,Ghana,3857293,0 days 01:12:32,0,0,0,0,0,0,1,0,0
2,72,34,Regular Play,Ghana,3857293,0 days 01:12:34,0,0,0,0,0,0,1,0,0
2,72,36,Regular Play,Ghana,3857293,0 days 01:12:36,0,0,1,0,0,0,0,0,0
2,72,36,Regular Play,Uruguay,3857293,0 days 01:12:36,0,0,0,0,0,0,0,0,1
2,72,38,Regular Play,Ghana,3857293,0 days 01:12:38,0,0,0,0,0,0,1,0,0
2,72,44,Regular Play,Ghana,3857293,0 days 01:12:44,0,0,0,0,0,0,1,0,0
2,72,45,Regular Play,Uruguay,3857293,0 days 01:12:45,0,0,0,0,0,1,0,0,0
2,72,47,Regular Play,Uruguay,3857293,0 days 01:12:47,1,0,0,0,0,0,0,0,0
2,72,51,Regular Play,Ghana,3857293,0 days 01:12:51,0,0,0,0,1,0,0,0,0
2,72,52,Regular Play,Uruguay,3857293,0 days 01:12:52,0,0,0,0,0,0,1,0,0
2,72,57,Regular Play,Uruguay,3857293,0 days 01:12:57,0,0,0,0,0,0,1,0,0
2,73,1,Regular Play,Uruguay,3857293,0 days 01:13:01,0,0,0,0,0,0,1,0,0
2,73,3,Regular Play,Uruguay,3857293,0 days 01:13:03,1,0,0,0,0,0,0,0,0
2,73,6,Regular Play,Uruguay,3857293,0 days 01:13:06,0,0,0,0,0,0,1,0,0
2,73,9,Regular Play,Uruguay,3857293,0 days 01:13:09,0,0,0,0,0,0,1,0,0
2,73,12,Regular Play,Uruguay,3857293,0 days 01:13:12,0,0,0,0,0,0,1,0,0
2,73,16,Regular Play,Ghana,3857293,0 days 01:13:16,0,0,0,0,0,0,1,0,0
2,73,17,Regular Play,Uruguay,3857293,0 days 01:13:17,0,0,0,0,0,0,1,0,0
2,73,21,Regular Play,Ghana,3857293,0 days 01:13:21,0,0,0,0,0,0,1,0,0
2,73,25,Regular Play,Uruguay,3857293,0 days 01:13:25,1,0,0,0,0,0,0,0,0
2,73,26,Regular Play,Uruguay,3857293,0 days 01:13:26,0,0,0,0,0,0,1,0,0
2,73,28,Regular Play,Ghana,3857293,0 days 01:13:28,0,1,0,0,0,0,0,0,0
2,73,29,Regular Play,Uruguay,3857293,0 days 01:13:29,1,0,0,0,0,0,0,0,0
2,73,30,Regular Play,Ghana,3857293,0 days 01:13:30,1,0,0,0,0,0,0,0,0
2,73,30,Regular Play,Ghana,3857293,0 days 01:13:30,0,0,0,0,0,0,1,0,0
2,73,33,Regular Play,Ghana,3857293,0 days 01:13:33,0,0,0,0,0,0,1,0,0
2,73,53,From Throw In,Uruguay,3857293,0 days 01:13:53,0,0,0,0,0,0,1,0,0
2,73,55,From Throw In,Uruguay,3857293,0 days 01:13:55,0,0,0,0,0,0,1,0,0
2,73,57,From Throw In,Uruguay,3857293,0 days 01:13:57,0,0,0,0,0,0,1,0,0
2,73,58,From Throw In,Ghana,3857293,0 days 01:13:58,0,0,0,0,0,0,1,0,0
2,74,0,From Throw In,Uruguay,3857293,0 days 01:14:00,0,1,0,0,0,0,0,0,0
2,74,19,From Throw In,Ghana,3857293,0 days 01:14:19,0,0,0,0,0,0,1,0,0
2,74,20,From Throw In,Ghana,3857293,0 days 01:14:20,0,0,0,0,0,0,1,0,0
2,74,24,Regular Play,Uruguay,3857293,0 days 01:14:24,1,0,0,0,0,0,0,0,0
2,74,38,Regular Play,Uruguay,3857293,0 days 01:14:38,0,0,0,0,0,0,1,0,0
2,74,42,Regular Play,Uruguay,3857293,0 days 01:14:42,0,0,0,0,0,0,1,0,0
2,74,45,Regular Play,Uruguay,3857293,0 days 01:14:45,0,0,0,0,0,0,1,0,0
2,74,47,Regular Play,Uruguay,3857293,0 days 01:14:47,0,0,0,0,0,0,1,0,0
2,74,51,Regular Play,Ghana,3857293,0 days 01:14:51,1,0,0,0,0,0,0,0,0
2,74,53,Regular Play,Ghana,3857293,0 days 01:14:53,0,0,0,0,0,0,1,0,0
2,74,55,Regular Play,Ghana,3857293,0 days 01:14:55,0,0,0,0,0,0,1,0,0
2,74,58,Regular Play,Ghana,3857293,0 days 01:14:58,0,0,0,0,0,0,1,0,0
2,74,59,Regular Play,Ghana,3857293,0 days 01:14:59,0,0,0,0,0,0,1,0,0
2,75,1,Regular Play,Ghana,3857293,0 days 01:15:01,0,0,0,0,0,0,1,0,0
2,75,3,Regular Play,Ghana,3857293,0 days 01:15:03,0,0,0,0,0,0,1,0,0
2,75,4,Regular Play,Ghana,3857293,0 days 01:15:04,0,0,0,0,0,0,1,0,0
2,75,7,Regular Play,Ghana,3857293,0 days 01:15:07,0,0,0,0,0,0,1,0,0
2,75,11,Regular Play,Ghana,3857293,0 days 01:15:11,0,0,0,0,0,0,1,0,0
2,75,15,Regular Play,Ghana,3857293,0 days 01:15:15,0,0,0,0,0,0,1,0,0
2,75,20,Regular Play,Ghana,3857293,0 days 01:15:20,0,0,0,0,0,0,1,0,0
2,75,44,From Corner,Ghana,3857293,0 days 01:15:44,0,0,0,0,0,0,1,0,0
2,75,46,From Corner,Uruguay,3857293,0 days 01:15:46,0,1,0,0,0,0,0,0,0
2,75,48,From Corner,Uruguay,3857293,0 days 01:15:48,0,1,0,0,0,0,0,0,0
2,75,50,From Corner,Ghana,3857293,0 days 01:15:50,1,0,0,0,0,0,0,0,0
2,75,51,From Corner,Ghana,3857293,0 days 01:15:51,0,0,0,0,0,0,1,0,0
2,75,52,From Corner,Ghana,3857293,0 days 01:15:52,0,0,1,0,0,0,0,0,0
2,75,52,Regular Play,Uruguay,3857293,0 days 01:15:52,0,0,0,0,0,0,0,0,1
2,75,54,Regular Play,Uruguay,3857293,0 days 01:15:54,1,0,0,0,0,0,0,0,0
2,75,55,Regular Play,Ghana,3857293,0 days 01:15:55,0,0,0,0,1,0,0,0,0
2,75,55,Regular Play,Uruguay,3857293,0 days 01:15:55,0,0,0,0,0,0,1,0,0
2,75,56,Regular Play,Uruguay,3857293,0 days 01:15:56,0,0,0,0,0,0,1,0,0
2,76,5,Regular Play,Uruguay,3857293,0 days 01:16:05,0,0,1,0,0,0,0,0,0
2,76,5,Regular Play,Ghana,3857293,0 days 01:16:05,0,0,0,0,0,0,0,0,1
2,76,13,From Goal Kick,Ghana,3857293,0 days 01:16:13,0,0,0,0,0,0,1,0,0
2,76,19,From Goal Kick,Ghana,3857293,0 days 01:16:19,0,0,0,0,0,0,1,0,0
2,76,23,From Goal Kick,Ghana,3857293,0 days 01:16:23,0,0,0,0,0,0,1,0,0
2,76,24,From Goal Kick,Ghana,3857293,0 days 01:16:24,0,0,0,0,0,0,1,0,0
2,76,27,From Goal Kick,Ghana,3857293,0 days 01:16:27,0,0,0,0,0,0,1,0,0
2,76,32,From Goal Kick,Ghana,3857293,0 days 01:16:32,0,0,0,0,0,0,1,0,0
2,76,33,From Goal Kick,Uruguay,3857293,0 days 01:16:33,0,1,0,0,0,0,0,0,0
2,76,35,From Goal Kick,Ghana,3857293,0 days 01:16:35,1,0,0,0,0,0,0,0,0
2,76,37,From Goal Kick,Ghana,3857293,0 days 01:16:37,0,0,0,0,0,0,1,0,0
2,76,38,From Goal Kick,Ghana,3857293,0 days 01:16:38,0,0,0,0,0,0,1,0,0
2,76,38,Regular Play,Uruguay,3857293,0 days 01:16:38,0,0,0,0,0,1,0,0,0
2,76,40,Regular Play,Uruguay,3857293,0 days 01:16:40,0,0,0,0,0,0,1,0,0
2,76,43,Regular Play,Uruguay,3857293,0 days 01:16:43,0,0,0,0,0,0,1,0,0
2,76,46,Regular Play,Uruguay,3857293,0 days 01:16:46,0,0,0,1,0,0,0,0,0
2,76,47,Regular Play,Uruguay,3857293,0 days 01:16:47,0,0,0,0,0,0,1,0,0
2,76,49,Regular Play,Uruguay,3857293,0 days 01:16:49,0,0,0,0,0,0,1,0,0
2,76,50,Regular Play,Uruguay,3857293,0 days 01:16:50,0,0,0,0,0,0,1,0,0
2,76,52,Regular Play,Uruguay,3857293,0 days 01:16:52,0,0,0,0,0,0,0,1,0
2,67,1,Regular Play,Qatar,3857294,0 days 01:07:01,1,0,0,0,0,0,0,0,0
2,67,4,Regular Play,Qatar,3857294,0 days 01:07:04,0,0,0,0,0,0,1,0,0
2,67,9,Regular Play,Qatar,3857294,0 days 01:07:09,0,0,0,0,0,0,1,0,0
2,67,11,Regular Play,Qatar,3857294,0 days 01:07:11,0,0,0,0,0,0,1,0,0
2,67,13,Regular Play,Netherlands,3857294,0 days 01:07:13,0,0,0,0,0,0,1,0,0
2,67,15,Regular Play,Netherlands,3857294,0 days 01:07:15,0,0,0,0,0,0,1,0,0
2,67,15,Regular Play,Netherlands,3857294,0 days 01:07:15,0,0,0,0,1,0,0,0,0
2,69,10,From Free Kick,Qatar,3857294,0 days 01:09:10,0,0,0,0,0,0,1,0,0
2,69,12,From Free Kick,Qatar,3857294,0 days 01:09:12,0,0,0,0,0,0,1,0,0
2,69,15,From Free Kick,Qatar,3857294,0 days 01:09:15,0,0,0,0,0,0,1,0,0
2,69,17,From Free Kick,Qatar,3857294,0 days 01:09:17,0,0,0,0,0,0,1,0,0
2,69,20,From Free Kick,Netherlands,3857294,0 days 01:09:20,0,0,0,0,0,0,1,0,0
2,69,22,From Free Kick,Qatar,3857294,0 days 01:09:22,1,0,0,0,0,0,0,0,0
2,69,25,From Free Kick,Qatar,3857294,0 days 01:09:25,0,0,0,0,0,0,1,0,0
2,69,28,From Free Kick,Qatar,3857294,0 days 01:09:28,0,0,0,0,0,0,1,0,0
2,69,29,From Free Kick,Qatar,3857294,0 days 01:09:29,0,0,0,0,0,0,1,0,0
2,69,31,From Free Kick,Qatar,3857294,0 days 01:09:31,0,0,0,1,0,0,0,0,0
2,69,33,From Free Kick,Qatar,3857294,0 days 01:09:33,0,0,0,0,0,0,1,0,0
2,69,35,Regular Play,Netherlands,3857294,0 days 01:09:35,0,0,0,0,0,0,1,0,0
2,69,37,Regular Play,Netherlands,3857294,0 days 01:09:37,0,0,0,0,0,0,1,0,0
2,69,41,Regular Play,Netherlands,3857294,0 days 01:09:41,0,0,0,0,0,0,1,0,0
2,69,44,Regular Play,Netherlands,3857294,0 days 01:09:44,0,0,0,0,0,0,1,0,0
2,69,46,Regular Play,Netherlands,3857294,0 days 01:09:46,0,0,0,0,0,0,1,0,0
2,69,47,Regular Play,Netherlands,3857294,0 days 01:09:47,0,0,0,0,0,0,1,0,0
2,69,49,Regular Play,Netherlands,3857294,0 days 01:09:49,0,0,0,0,0,0,1,0,0
2,70,22,From Goal Kick,Qatar,3857294,0 days 01:10:22,0,0,0,0,0,0,1,0,0
2,70,25,Regular Play,Netherlands,3857294,0 days 01:10:25,0,0,0,0,0,0,1,0,0
2,70,27,Regular Play,Netherlands,3857294,0 days 01:10:27,0,0,0,0,0,0,1,0,0
2,70,30,Regular Play,Netherlands,3857294,0 days 01:10:30,0,0,0,0,0,0,1,0,0
2,70,32,Regular Play,Qatar,3857294,0 days 01:10:32,1,0,0,0,0,0,0,0,0
2,70,33,Regular Play,Qatar,3857294,0 days 01:10:33,0,0,0,0,0,0,1,0,0
2,70,39,Regular Play,Qatar,3857294,0 days 01:10:39,0,0,0,0,0,0,1,0,0
2,70,41,Regular Play,Qatar,3857294,0 days 01:10:41,0,0,0,0,0,0,1,0,0
2,70,42,Regular Play,Qatar,3857294,0 days 01:10:42,0,0,0,0,0,0,1,0,0
2,70,45,Regular Play,Qatar,3857294,0 days 01:10:45,0,0,0,0,0,0,1,0,0
2,70,48,Regular Play,Qatar,3857294,0 days 01:10:48,0,0,0,0,0,0,1,0,0
2,70,50,Regular Play,Qatar,3857294,0 days 01:10:50,0,0,0,0,0,0,1,0,0
2,70,55,Regular Play,Qatar,3857294,0 days 01:10:55,0,0,0,0,0,0,1,0,0
2,71,0,Regular Play,Qatar,3857294,0 days 01:11:00,0,0,0,0,0,0,1,0,0
2,71,2,Regular Play,Qatar,3857294,0 days 01:11:02,0,0,0,0,0,0,1,0,0
2,71,5,Regular Play,Qatar,3857294,0 days 01:11:05,0,0,0,0,0,0,1,0,0
2,71,8,Regular Play,Qatar,3857294,0 days 01:11:08,0,0,0,0,0,0,1,0,0
2,71,17,Regular Play,Qatar,3857294,0 days 01:11:17,0,0,0,0,0,0,1,0,0
2,71,18,Regular Play,Netherlands,3857294,0 days 01:11:18,0,0,0,0,0,0,1,0,0
2,71,21,Regular Play,Netherlands,3857294,0 days 01:11:21,0,0,1,0,0,0,0,0,0
2,71,21,Regular Play,Qatar,3857294,0 days 01:11:21,0,0,0,0,0,0,0,0,1
2,71,22,Regular Play,Qatar,3857294,0 days 01:11:22,1,0,0,0,0,0,0,0,0
2,71,24,Regular Play,Qatar,3857294,0 days 01:11:24,0,0,0,0,0,0,1,0,0
2,71,28,Regular Play,Qatar,3857294,0 days 01:11:28,0,0,0,0,0,0,1,0,0
2,71,29,Regular Play,Qatar,3857294,0 days 01:11:29,0,0,0,0,0,0,1,0,0
2,71,33,Regular Play,Qatar,3857294,0 days 01:11:33,0,0,0,0,0,0,1,0,0
2,71,35,Regular Play,Qatar,3857294,0 days 01:11:35,0,0,0,0,0,0,1,0,0
2,71,38,Regular Play,Qatar,3857294,0 days 01:11:38,0,0,0,0,0,0,1,0,0
2,71,40,Regular Play,Qatar,3857294,0 days 01:11:40,0,0,0,0,0,0,1,0,0
2,71,41,Regular Play,Qatar,3857294,0 days 01:11:41,0,0,0,0,0,0,1,0,0
2,71,44,Regular Play,Qatar,3857294,0 days 01:11:44,0,0,0,0,0,0,1,0,0
2,71,46,Regular Play,Qatar,3857294,0 days 01:11:46,0,0,0,0,0,0,1,0,0
2,71,48,Regular Play,Qatar,3857294,0 days 01:11:48,0,0,0,0,0,0,1,0,0
2,71,50,Regular Play,Qatar,3857294,0 days 01:11:50,0,0,0,0,0,0,1,0,0
2,71,53,Regular Play,Qatar,3857294,0 days 01:11:53,0,0,0,0,0,0,1,0,0
2,71,56,Regular Play,Qatar,3857294,0 days 01:11:56,0,0,0,0,0,0,1,0,0
2,71,57,Regular Play,Qatar,3857294,0 days 01:11:57,0,0,0,0,0,0,1,0,0
2,71,59,Regular Play,Qatar,3857294,0 days 01:11:59,0,0,0,0,0,0,1,0,0
2,72,11,From Throw In,Qatar,3857294,0 days 01:12:11,0,0,0,0,0,0,1,0,0
2,72,15,From Throw In,Netherlands,3857294,0 days 01:12:15,0,0,0,0,1,0,0,0,0
2,72,18,From Free Kick,Qatar,3857294,0 days 01:12:18,0,0,0,0,0,0,1,0,0
2,72,21,From Free Kick,Netherlands,3857294,0 days 01:12:21,0,0,0,0,0,0,1,0,0
2,72,22,From Free Kick,Qatar,3857294,0 days 01:12:22,0,0,0,0,0,1,0,0,0
2,72,23,Regular Play,Netherlands,3857294,0 days 01:12:23,1,0,0,0,0,0,0,0,0
2,72,24,Regular Play,Netherlands,3857294,0 days 01:12:24,0,0,0,0,0,0,1,0,0
2,72,28,Regular Play,Netherlands,3857294,0 days 01:12:28,0,0,0,0,0,0,1,0,0
2,72,31,Regular Play,Netherlands,3857294,0 days 01:12:31,0,0,0,0,0,0,1,0,0
2,72,35,Regular Play,Netherlands,3857294,0 days 01:12:35,0,0,0,0,0,0,1,0,0
2,72,35,Regular Play,Qatar,3857294,0 days 01:12:35,0,1,0,0,0,0,0,0,0
2,72,42,From Corner,Netherlands,3857294,0 days 01:12:42,0,0,0,0,0,0,1,0,0
2,72,47,From Corner,Netherlands,3857294,0 days 01:12:47,0,0,0,0,0,0,1,0,0
2,72,51,From Corner,Netherlands,3857294,0 days 01:12:51,0,0,0,0,0,0,1,0,0
2,72,54,From Corner,Netherlands,3857294,0 days 01:12:54,0,0,0,0,0,0,1,0,0
2,72,57,From Corner,Netherlands,3857294,0 days 01:12:57,0,0,0,0,0,0,1,0,0
2,72,58,From Corner,Netherlands,3857294,0 days 01:12:58,0,0,0,0,0,0,1,0,0
2,73,0,From Corner,Netherlands,3857294,0 days 01:13:00,0,0,0,0,0,0,1,0,0
2,73,21,From Corner,Netherlands,3857294,0 days 01:13:21,0,0,0,0,0,0,1,0,0
2,73,23,From Corner,Netherlands,3857294,0 days 01:13:23,0,0,0,0,0,0,1,0,0
2,73,25,From Corner,Qatar,3857294,0 days 01:13:25,0,1,0,0,0,0,0,0,0
2,73,28,From Corner,Netherlands,3857294,0 days 01:13:28,0,0,0,0,0,0,1,0,0
2,73,32,From Corner,Netherlands,3857294,0 days 01:13:32,0,0,0,0,0,0,1,0,0
2,73,39,From Corner,Netherlands,3857294,0 days 01:13:39,0,0,0,0,0,0,1,0,0
2,73,41,From Corner,Netherlands,3857294,0 days 01:13:41,0,0,0,0,0,0,1,0,0
2,73,44,From Corner,Netherlands,3857294,0 days 01:13:44,0,0,0,0,0,0,1,0,0
2,73,47,From Corner,Netherlands,3857294,0 days 01:13:47,0,0,0,0,0,0,1,0,0
2,73,49,From Corner,Netherlands,3857294,0 days 01:13:49,0,0,0,0,0,0,1,0,0
2,73,50,From Corner,Netherlands,3857294,0 days 01:13:50,0,0,0,0,0,0,1,0,0
2,73,53,From Corner,Netherlands,3857294,0 days 01:13:53,0,0,0,0,0,0,1,0,0
2,73,54,From Corner,Netherlands,3857294,0 days 01:13:54,0,0,0,0,0,0,1,0,0
2,73,57,From Corner,Netherlands,3857294,0 days 01:13:57,0,0,0,0,0,0,1,0,0
2,73,58,From Corner,Netherlands,3857294,0 days 01:13:58,0,0,0,0,0,0,1,0,0
2,74,3,From Corner,Netherlands,3857294,0 days 01:14:03,0,0,0,0,0,0,1,0,0
2,74,5,From Corner,Netherlands,3857294,0 days 01:14:05,0,0,0,0,0,0,1,0,0
2,74,6,From Corner,Netherlands,3857294,0 days 01:14:06,0,0,0,0,0,0,1,0,0
2,74,7,Regular Play,Qatar,3857294,0 days 01:14:07,1,0,0,0,0,0,0,0,0
2,74,9,Regular Play,Qatar,3857294,0 days 01:14:09,0,0,0,0,0,0,1,0,0
2,74,11,Regular Play,Qatar,3857294,0 days 01:14:11,0,0,0,0,0,0,1,0,0
2,74,16,Regular Play,Qatar,3857294,0 days 01:14:16,0,0,0,0,0,0,1,0,0
2,74,19,Regular Play,Qatar,3857294,0 days 01:14:19,0,0,0,0,0,0,1,0,0
2,74,22,Regular Play,Qatar,3857294,0 days 01:14:22,0,0,0,0,0,0,1,0,0
2,74,28,Regular Play,Qatar,3857294,0 days 01:14:28,0,0,0,0,0,0,1,0,0
2,74,29,Regular Play,Qatar,3857294,0 days 01:14:29,0,0,0,0,0,0,1,0,0
2,74,31,Regular Play,Qatar,3857294,0 days 01:14:31,0,0,0,1,0,0,0,0,0
2,74,33,Regular Play,Qatar,3857294,0 days 01:14:33,0,0,0,0,0,0,1,0,0
2,74,34,Regular Play,Qatar,3857294,0 days 01:14:34,0,0,1,0,0,0,0,0,0
2,74,34,Regular Play,Netherlands,3857294,0 days 01:14:34,0,0,0,0,0,0,0,0,1
2,74,35,Regular Play,Netherlands,3857294,0 days 01:14:35,1,0,0,0,0,0,0,0,0
2,74,40,Regular Play,Netherlands,3857294,0 days 01:14:40,0,0,0,0,0,0,1,0,0
2,74,41,Regular Play,Qatar,3857294,0 days 01:14:41,1,0,0,0,0,0,0,0,0
2,74,44,Regular Play,Qatar,3857294,0 days 01:14:44,0,0,0,0,0,0,1,0,0
2,74,49,Regular Play,Qatar,3857294,0 days 01:14:49,0,0,0,0,0,0,1,0,0
2,74,51,Regular Play,Qatar,3857294,0 days 01:14:51,0,0,0,0,0,0,1,0,0
2,74,54,Regular Play,Qatar,3857294,0 days 01:14:54,0,0,0,0,0,0,1,0,0
2,74,59,Regular Play,Qatar,3857294,0 days 01:14:59,0,0,0,0,0,0,1,0,0
2,75,1,Regular Play,Qatar,3857294,0 days 01:15:01,0,0,0,0,0,0,1,0,0
2,75,2,Regular Play,Qatar,3857294,0 days 01:15:02,0,0,0,0,0,0,1,0,0
2,75,5,Regular Play,Netherlands,3857294,0 days 01:15:05,1,0,0,0,0,0,0,0,0
2,75,10,Regular Play,Netherlands,3857294,0 days 01:15:10,0,0,0,0,0,0,1,0,0
2,75,15,Regular Play,Netherlands,3857294,0 days 01:15:15,0,0,0,0,0,0,1,0,0
2,75,23,Regular Play,Netherlands,3857294,0 days 01:15:23,0,0,0,0,0,0,1,0,0
2,75,27,Regular Play,Netherlands,3857294,0 days 01:15:27,0,0,0,0,0,0,1,0,0
2,75,32,Regular Play,Netherlands,3857294,0 days 01:15:32,0,0,0,0,0,0,1,0,0
2,75,34,Regular Play,Netherlands,3857294,0 days 01:15:34,0,0,0,0,0,0,1,0,0
2,75,36,Regular Play,Qatar,3857294,0 days 01:15:36,1,0,0,0,0,0,0,0,0
2,75,41,Regular Play,Qatar,3857294,0 days 01:15:41,0,0,0,0,0,0,1,0,0
2,75,47,Regular Play,Qatar,3857294,0 days 01:15:47,0,0,0,0,0,0,1,0,0
2,75,51,Regular Play,Qatar,3857294,0 days 01:15:51,0,0,0,0,0,0,1,0,0
2,75,54,Regular Play,Netherlands,3857294,0 days 01:15:54,0,0,0,0,0,0,1,0,0
2,75,56,Regular Play,Qatar,3857294,0 days 01:15:56,0,0,0,0,0,0,1,0,0
2,75,58,Regular Play,Netherlands,3857294,0 days 01:15:58,0,0,0,0,0,0,1,0,0
2,75,59,Regular Play,Netherlands,3857294,0 days 01:15:59,0,0,0,0,0,0,1,0,0
2,76,0,Regular Play,Netherlands,3857294,0 days 01:16:00,0,0,0,0,0,0,1,0,0
2,76,1,Regular Play,Qatar,3857294,0 days 01:16:01,0,0,0,0,0,0,1,0,0
2,76,4,Regular Play,Qatar,3857294,0 days 01:16:04,0,0,0,0,0,0,1,0,0
2,76,6,Regular Play,Qatar,3857294,0 days 01:16:06,0,0,0,0,0,0,1,0,0
2,76,12,Regular Play,Qatar,3857294,0 days 01:16:12,0,0,0,0,0,0,0,1,0
2,76,17,From Keeper,Netherlands,3857294,0 days 01:16:17,0,0,0,0,0,0,1,0,0
2,76,22,From Keeper,Netherlands,3857294,0 days 01:16:22,0,0,0,0,0,0,1,0,0
2,76,26,From Keeper,Netherlands,3857294,0 days 01:16:26,0,0,0,0,0,0,1,0,0
2,76,29,From Keeper,Netherlands,3857294,0 days 01:16:29,0,0,0,0,0,0,1,0,0
2,76,31,From Keeper,Netherlands,3857294,0 days 01:16:31,0,0,0,0,0,0,1,0,0
2,76,35,From Keeper,Netherlands,3857294,0 days 01:16:35,0,0,0,0,0,0,1,0,0
2,76,37,From Keeper,Netherlands,3857294,0 days 01:16:37,0,0,0,0,0,0,1,0,0
2,76,40,From Keeper,Netherlands,3857294,0 days 01:16:40,0,0,0,0,0,0,1,0,0
2,76,44,From Keeper,Netherlands,3857294,0 days 01:16:44,0,0,0,0,0,0,1,0,0
2,76,46,From Keeper,Netherlands,3857294,0 days 01:16:46,0,0,0,0,0,0,1,0,0
2,76,49,From Keeper,Netherlands,3857294,0 days 01:16:49,0,0,0,0,0,0,1,0,0
2,76,51,From Keeper,Netherlands,3857294,0 days 01:16:51,0,0,0,0,0,0,1,0,0
2,76,52,From Keeper,Netherlands,3857294,0 days 01:16:52,0,0,0,0,0,0,1,0,0
2,76,54,From Keeper,Netherlands,3857294,0 days 01:16:54,0,0,0,0,0,0,1,0,0
2,76,57,From Keeper,Netherlands,3857294,0 days 01:16:57,0,0,0,0,0,0,1,0,0
2,67,0,From Throw In,Japan,3857295,0 days 01:07:00,0,0,0,0,0,0,1,0,0
2,67,3,From Throw In,Japan,3857295,0 days 01:07:03,0,0,0,0,0,0,1,0,0
2,67,6,From Throw In,Japan,3857295,0 days 01:07:06,0,0,0,0,0,0,1,0,0
2,67,8,From Throw In,Japan,3857295,0 days 01:07:08,0,0,0,0,0,0,1,0,0
2,67,11,From Throw In,Japan,3857295,0 days 01:07:11,0,0,0,0,0,0,1,0,0
2,67,13,From Throw In,Japan,3857295,0 days 01:07:13,0,0,0,0,0,0,1,0,0
2,67,14,Regular Play,Costa Rica,3857295,0 days 01:07:14,1,0,0,0,0,0,0,0,0
2,67,16,Regular Play,Japan,3857295,0 days 01:07:16,0,0,0,0,1,0,0,0,0
2,67,27,From Free Kick,Costa Rica,3857295,0 days 01:07:27,0,0,0,0,0,0,1,0,0
2,67,30,From Free Kick,Costa Rica,3857295,0 days 01:07:30,0,0,0,0,0,0,1,0,0
2,67,36,From Free Kick,Costa Rica,3857295,0 days 01:07:36,0,0,0,0,0,0,1,0,0
2,67,39,Regular Play,Japan,3857295,0 days 01:07:39,0,0,0,0,0,0,1,0,0
2,67,39,Regular Play,Japan,3857295,0 days 01:07:39,0,0,0,0,0,0,1,0,0
2,67,42,Regular Play,Japan,3857295,0 days 01:07:42,0,0,0,0,0,0,1,0,0
2,67,44,Regular Play,Japan,3857295,0 days 01:07:44,0,0,0,1,0,0,0,0,0
2,67,44,Regular Play,Costa Rica,3857295,0 days 01:07:44,0,0,0,0,0,0,0,0,1
2,67,46,Regular Play,Costa Rica,3857295,0 days 01:07:46,0,0,0,0,0,0,1,0,0
2,67,46,Regular Play,Costa Rica,3857295,0 days 01:07:46,0,0,0,0,0,0,1,0,0
2,67,47,Regular Play,Costa Rica,3857295,0 days 01:07:47,0,0,0,0,0,0,1,0,0
2,67,49,Regular Play,Costa Rica,3857295,0 days 01:07:49,0,0,0,1,0,0,0,0,0
2,67,50,Regular Play,Japan,3857295,0 days 01:07:50,0,0,0,0,0,0,1,0,0
2,67,51,Regular Play,Japan,3857295,0 days 01:07:51,0,0,0,0,0,0,1,0,0
2,67,53,Regular Play,Japan,3857295,0 days 01:07:53,0,0,0,0,0,0,1,0,0
2,67,55,Regular Play,Japan,3857295,0 days 01:07:55,0,0,0,0,0,0,1,0,0
2,67,58,Regular Play,Japan,3857295,0 days 01:07:58,0,0,0,0,0,0,1,0,0
2,68,3,Regular Play,Japan,3857295,0 days 01:08:03,0,0,0,0,0,0,1,0,0
2,68,6,Regular Play,Japan,3857295,0 days 01:08:06,0,0,0,0,0,0,1,0,0
2,68,9,Regular Play,Japan,3857295,0 days 01:08:09,0,0,0,0,0,0,1,0,0
2,68,13,Regular Play,Japan,3857295,0 days 01:08:13,0,0,0,0,0,0,1,0,0
2,68,16,Regular Play,Japan,3857295,0 days 01:08:16,0,0,0,0,0,0,1,0,0
2,68,20,Regular Play,Japan,3857295,0 days 01:08:20,0,0,0,0,0,0,1,0,0
2,68,24,Regular Play,Japan,3857295,0 days 01:08:24,0,0,0,0,0,0,1,0,0
2,68,27,Regular Play,Japan,3857295,0 days 01:08:27,0,0,0,0,0,0,1,0,0
2,68,30,Regular Play,Japan,3857295,0 days 01:08:30,0,0,0,0,0,0,1,0,0
2,68,31,Regular Play,Japan,3857295,0 days 01:08:31,0,0,0,0,0,0,1,0,0
2,68,32,Regular Play,Costa Rica,3857295,0 days 01:08:32,0,0,0,0,0,0,1,0,0
2,68,34,Regular Play,Costa Rica,3857295,0 days 01:08:34,0,0,0,0,0,0,1,0,0
2,68,36,Regular Play,Costa Rica,3857295,0 days 01:08:36,0,0,0,0,0,0,1,0,0
2,68,38,Regular Play,Costa Rica,3857295,0 days 01:08:38,0,0,0,0,0,0,1,0,0
2,68,40,Regular Play,Japan,3857295,0 days 01:08:40,0,1,0,0,0,0,0,0,0
2,68,43,Regular Play,Japan,3857295,0 days 01:08:43,1,0,0,0,0,0,0,0,0
2,68,45,Regular Play,Japan,3857295,0 days 01:08:45,0,0,0,0,0,0,1,0,0
2,68,49,Regular Play,Japan,3857295,0 days 01:08:49,0,0,0,0,0,0,1,0,0
2,68,49,Regular Play,Costa Rica,3857295,0 days 01:08:49,0,0,0,0,0,1,0,0,0
2,68,50,Regular Play,Costa Rica,3857295,0 days 01:08:50,0,0,0,0,0,0,1,0,0
2,68,52,Regular Play,Japan,3857295,0 days 01:08:52,0,0,0,0,0,0,1,0,0
2,68,56,Regular Play,Japan,3857295,0 days 01:08:56,0,0,0,0,0,0,1,0,0
2,69,1,Regular Play,Japan,3857295,0 days 01:09:01,0,0,0,0,0,0,1,0,0
2,69,2,Regular Play,Japan,3857295,0 days 01:09:02,0,0,0,0,0,0,1,0,0
2,69,9,Regular Play,Japan,3857295,0 days 01:09:09,0,0,0,0,0,0,1,0,0
2,69,10,Regular Play,Japan,3857295,0 days 01:09:10,0,0,0,0,0,0,1,0,0
2,69,14,Regular Play,Japan,3857295,0 days 01:09:14,0,0,0,0,0,0,1,0,0
2,69,15,Regular Play,Japan,3857295,0 days 01:09:15,0,0,0,0,0,0,1,0,0
2,69,18,Regular Play,Japan,3857295,0 days 01:09:18,0,0,0,0,0,0,1,0,0
2,69,19,Regular Play,Japan,3857295,0 days 01:09:19,0,0,0,0,0,0,1,0,0
2,69,22,Regular Play,Japan,3857295,0 days 01:09:22,0,0,0,0,0,0,1,0,0
2,69,22,Regular Play,Costa Rica,3857295,0 days 01:09:22,0,0,0,0,0,1,0,0,0
2,69,27,Regular Play,Japan,3857295,0 days 01:09:27,0,0,0,0,0,0,1,0,0
2,69,29,Regular Play,Japan,3857295,0 days 01:09:29,0,0,0,0,0,0,1,0,0
2,69,32,Regular Play,Japan,3857295,0 days 01:09:32,0,0,0,0,0,0,1,0,0
2,69,33,Regular Play,Japan,3857295,0 days 01:09:33,0,0,0,0,0,0,1,0,0
2,69,35,Regular Play,Japan,3857295,0 days 01:09:35,0,0,0,1,0,0,0,0,0
2,69,37,Regular Play,Costa Rica,3857295,0 days 01:09:37,0,0,0,0,1,0,0,0,0
2,71,22,From Free Kick,Japan,3857295,0 days 01:11:22,0,0,0,0,0,0,0,1,0
2,71,23,From Free Kick,Japan,3857295,0 days 01:11:23,1,0,0,0,0,0,0,0,0
2,71,24,From Free Kick,Japan,3857295,0 days 01:11:24,0,0,0,0,0,0,0,1,0
2,71,26,From Free Kick,Japan,3857295,0 days 01:11:26,0,0,0,0,0,0,1,0,0
2,71,28,From Free Kick,Japan,3857295,0 days 01:11:28,0,0,0,0,0,0,1,0,0
2,71,30,From Free Kick,Japan,3857295,0 days 01:11:30,0,0,0,0,0,0,1,0,0
2,71,34,From Free Kick,Japan,3857295,0 days 01:11:34,0,0,0,0,0,0,1,0,0
2,71,38,From Free Kick,Japan,3857295,0 days 01:11:38,0,0,0,0,0,0,1,0,0
2,72,12,From Goal Kick,Costa Rica,3857295,0 days 01:12:12,0,0,0,0,0,0,1,0,0
2,72,15,From Goal Kick,Japan,3857295,0 days 01:12:15,0,0,0,0,0,0,1,0,0
2,72,17,From Goal Kick,Japan,3857295,0 days 01:12:17,0,0,0,0,0,0,1,0,0
2,72,20,From Goal Kick,Costa Rica,3857295,0 days 01:12:20,1,0,0,0,0,0,0,0,0
2,72,21,From Goal Kick,Costa Rica,3857295,0 days 01:12:21,0,0,0,0,0,0,1,0,0
2,72,22,From Goal Kick,Japan,3857295,0 days 01:12:22,0,0,0,0,0,1,0,0,0
2,72,24,From Goal Kick,Costa Rica,3857295,0 days 01:12:24,0,0,0,0,0,0,1,0,0
2,72,37,From Free Kick,Japan,3857295,0 days 01:12:37,0,0,0,0,0,0,1,0,0
2,72,39,From Free Kick,Japan,3857295,0 days 01:12:39,0,0,0,0,0,0,1,0,0
2,72,41,From Free Kick,Japan,3857295,0 days 01:12:41,0,0,0,0,0,0,1,0,0
2,72,43,Regular Play,Costa Rica,3857295,0 days 01:12:43,1,0,0,0,0,0,0,0,0
2,72,44,Regular Play,Costa Rica,3857295,0 days 01:12:44,0,0,0,0,0,0,1,0,0
2,72,46,Regular Play,Costa Rica,3857295,0 days 01:12:46,0,0,0,0,0,0,1,0,0
2,72,47,Regular Play,Japan,3857295,0 days 01:12:47,0,0,0,0,1,0,0,0,0
2,73,22,From Free Kick,Costa Rica,3857295,0 days 01:13:22,0,0,0,0,0,0,1,0,0
2,73,24,From Free Kick,Japan,3857295,0 days 01:13:24,0,1,0,0,0,0,0,0,0
2,73,27,From Counter,Japan,3857295,0 days 01:13:27,1,0,0,0,0,0,0,0,0
2,73,29,From Counter,Japan,3857295,0 days 01:13:29,0,0,0,1,0,0,0,0,0
2,73,32,From Counter,Japan,3857295,0 days 01:13:32,0,0,0,0,0,0,1,0,0
2,73,36,From Counter,Japan,3857295,0 days 01:13:36,0,0,0,0,1,0,0,0,0
2,74,12,From Free Kick,Costa Rica,3857295,0 days 01:14:12,0,0,0,0,0,0,1,0,0
2,74,34,From Goal Kick,Japan,3857295,0 days 01:14:34,0,0,0,0,0,0,1,0,0
2,74,35,From Goal Kick,Japan,3857295,0 days 01:14:35,0,0,0,0,0,0,1,0,0
2,74,41,From Goal Kick,Japan,3857295,0 days 01:14:41,0,0,0,0,0,0,1,0,0
2,74,43,From Goal Kick,Japan,3857295,0 days 01:14:43,0,0,0,0,0,0,1,0,0
2,74,45,From Goal Kick,Japan,3857295,0 days 01:14:45,0,0,0,0,0,0,1,0,0
2,74,47,From Goal Kick,Japan,3857295,0 days 01:14:47,0,0,0,0,0,0,1,0,0
2,74,49,From Goal Kick,Costa Rica,3857295,0 days 01:14:49,0,0,0,0,0,0,1,0,0
2,74,51,From Goal Kick,Japan,3857295,0 days 01:14:51,0,0,0,0,0,0,1,0,0
2,74,52,From Goal Kick,Japan,3857295,0 days 01:14:52,0,0,0,0,0,0,1,0,0
2,74,55,From Goal Kick,Japan,3857295,0 days 01:14:55,0,0,0,0,0,0,1,0,0
2,74,57,From Goal Kick,Japan,3857295,0 days 01:14:57,0,0,0,0,0,0,1,0,0
2,74,59,From Goal Kick,Costa Rica,3857295,0 days 01:14:59,1,0,0,0,0,0,0,0,0
2,75,1,From Goal Kick,Japan,3857295,0 days 01:15:01,1,0,0,0,0,0,0,0,0
2,75,2,From Goal Kick,Japan,3857295,0 days 01:15:02,0,0,0,0,0,0,1,0,0
2,75,7,From Goal Kick,Japan,3857295,0 days 01:15:07,0,0,0,0,0,0,1,0,0
2,75,49,From Throw In,Costa Rica,3857295,0 days 01:15:49,0,0,0,0,0,0,1,0,0
2,75,51,From Throw In,Japan,3857295,0 days 01:15:51,0,0,0,0,1,0,0,0,0
2,76,0,From Free Kick,Costa Rica,3857295,0 days 01:16:00,0,0,0,0,0,0,1,0,0
2,76,2,From Free Kick,Costa Rica,3857295,0 days 01:16:02,0,0,0,0,0,0,1,0,0
2,76,5,From Free Kick,Japan,3857295,0 days 01:16:05,0,0,0,0,1,0,0,0,0
2,76,6,From Free Kick,Costa Rica,3857295,0 days 01:16:06,0,0,0,1,0,0,0,0,0
2,76,8,From Free Kick,Costa Rica,3857295,0 days 01:16:08,0,0,0,0,0,0,1,0,0
2,76,13,From Free Kick,Costa Rica,3857295,0 days 01:16:13,0,0,0,0,0,0,1,0,0
2,76,15,From Free Kick,Costa Rica,3857295,0 days 01:16:15,0,0,0,0,0,0,1,0,0
2,76,18,From Free Kick,Costa Rica,3857295,0 days 01:16:18,0,0,0,0,0,0,1,0,0
2,76,20,From Free Kick,Japan,3857295,0 days 01:16:20,0,0,0,0,0,0,1,0,0
2,76,23,From Free Kick,Costa Rica,3857295,0 days 01:16:23,1,0,0,0,0,0,0,0,0
2,76,41,From Throw In,Japan,3857295,0 days 01:16:41,0,0,0,0,0,0,1,0,0
2,76,44,From Throw In,Japan,3857295,0 days 01:16:44,0,0,0,0,0,0,1,0,0
2,76,47,From Throw In,Japan,3857295,0 days 01:16:47,0,0,0,0,0,0,1,0,0
2,76,48,From Throw In,Japan,3857295,0 days 01:16:48,0,0,0,0,0,0,1,0,0
2,76,50,From Throw In,Japan,3857295,0 days 01:16:50,0,0,0,0,0,0,1,0,0
2,76,52,From Throw In,Costa Rica,3857295,0 days 01:16:52,0,1,0,0,0,0,0,0,0
2,67,2,From Free Kick,Croatia,3857296,0 days 01:07:02,0,0,0,0,0,0,1,0,0
2,67,6,From Free Kick,Croatia,3857296,0 days 01:07:06,0,0,0,0,0,0,1,0,0
2,67,9,From Free Kick,Croatia,3857296,0 days 01:07:09,0,0,0,0,0,0,0,1,0
2,67,19,From Keeper,Belgium,3857296,0 days 01:07:19,0,0,0,0,0,0,1,0,0
2,67,22,From Keeper,Belgium,3857296,0 days 01:07:22,0,0,0,0,0,0,1,0,0
2,67,25,From Keeper,Belgium,3857296,0 days 01:07:25,0,0,0,0,0,0,1,0,0
2,67,40,From Throw In,Belgium,3857296,0 days 01:07:40,0,0,0,0,0,0,1,0,0
2,67,42,From Throw In,Belgium,3857296,0 days 01:07:42,0,0,0,0,0,0,1,0,0
2,67,45,From Throw In,Croatia,3857296,0 days 01:07:45,0,0,0,0,1,0,0,0,0
2,67,46,From Throw In,Belgium,3857296,0 days 01:07:46,0,0,0,1,0,0,0,0,0
2,67,47,From Throw In,Belgium,3857296,0 days 01:07:47,0,0,0,0,0,0,1,0,0
2,67,49,From Throw In,Croatia,3857296,0 days 01:07:49,0,1,0,0,0,0,0,0,0
2,67,56,From Goal Kick,Belgium,3857296,0 days 01:07:56,0,0,0,0,0,0,1,0,0
2,68,2,From Goal Kick,Belgium,3857296,0 days 01:08:02,0,0,0,0,0,0,1,0,0
2,68,5,From Goal Kick,Belgium,3857296,0 days 01:08:05,0,0,0,0,0,0,1,0,0
2,68,9,From Goal Kick,Belgium,3857296,0 days 01:08:09,0,0,0,0,0,0,1,0,0
2,68,11,From Goal Kick,Belgium,3857296,0 days 01:08:11,0,0,0,0,0,0,0,1,0
2,68,25,From Keeper,Croatia,3857296,0 days 01:08:25,0,0,0,0,0,0,1,0,0
2,68,28,From Keeper,Croatia,3857296,0 days 01:08:28,0,0,0,0,0,0,1,0,0
2,68,30,From Keeper,Croatia,3857296,0 days 01:08:30,0,0,0,0,0,0,1,0,0
2,68,34,From Keeper,Croatia,3857296,0 days 01:08:34,0,0,0,0,0,0,1,0,0
2,68,39,From Keeper,Croatia,3857296,0 days 01:08:39,0,0,0,0,0,0,1,0,0
2,68,41,From Keeper,Croatia,3857296,0 days 01:08:41,0,0,0,0,0,0,1,0,0
2,68,43,From Keeper,Croatia,3857296,0 days 01:08:43,0,0,0,0,0,0,1,0,0
2,68,44,From Keeper,Croatia,3857296,0 days 01:08:44,0,0,0,0,0,0,1,0,0
2,68,46,From Keeper,Croatia,3857296,0 days 01:08:46,0,0,0,0,0,0,1,0,0
2,68,49,From Keeper,Croatia,3857296,0 days 01:08:49,0,0,0,0,0,0,1,0,0
2,68,55,From Keeper,Croatia,3857296,0 days 01:08:55,0,0,0,0,0,0,1,0,0
2,68,57,From Keeper,Croatia,3857296,0 days 01:08:57,0,0,0,0,0,0,1,0,0
2,69,2,From Keeper,Croatia,3857296,0 days 01:09:02,0,0,0,0,0,0,1,0,0
2,69,4,From Keeper,Croatia,3857296,0 days 01:09:04,0,0,0,0,0,0,1,0,0
2,69,5,From Keeper,Croatia,3857296,0 days 01:09:05,1,0,0,0,0,0,0,0,0
2,69,13,From Throw In,Belgium,3857296,0 days 01:09:13,0,0,0,0,0,0,1,0,0
2,69,14,From Throw In,Belgium,3857296,0 days 01:09:14,0,0,0,0,0,0,1,0,0
2,69,15,From Throw In,Belgium,3857296,0 days 01:09:15,0,0,0,0,0,0,1,0,0
2,69,18,From Throw In,Belgium,3857296,0 days 01:09:18,0,0,0,0,0,0,1,0,0
2,69,22,From Throw In,Belgium,3857296,0 days 01:09:22,0,0,0,0,0,0,1,0,0
2,69,22,From Throw In,Croatia,3857296,0 days 01:09:22,0,0,0,0,1,0,0,0,0
2,69,40,From Free Kick,Belgium,3857296,0 days 01:09:40,0,0,0,0,0,0,1,0,0
2,69,43,From Free Kick,Belgium,3857296,0 days 01:09:43,0,0,0,0,0,0,1,0,0
2,69,44,From Free Kick,Belgium,3857296,0 days 01:09:44,0,0,0,0,0,0,1,0,0
2,69,47,From Free Kick,Belgium,3857296,0 days 01:09:47,0,0,0,0,0,0,1,0,0
2,69,50,From Free Kick,Belgium,3857296,0 days 01:09:50,0,0,0,0,0,0,1,0,0
2,69,55,From Free Kick,Belgium,3857296,0 days 01:09:55,0,0,0,0,0,0,1,0,0
2,69,57,From Free Kick,Belgium,3857296,0 days 01:09:57,0,0,0,0,0,0,1,0,0
2,70,0,From Free Kick,Belgium,3857296,0 days 01:10:00,0,0,0,0,0,0,1,0,0
2,70,3,From Free Kick,Belgium,3857296,0 days 01:10:03,0,0,0,0,0,0,1,0,0
2,70,7,From Free Kick,Belgium,3857296,0 days 01:10:07,0,0,0,0,0,0,1,0,0
2,70,8,From Free Kick,Belgium,3857296,0 days 01:10:08,0,0,0,0,0,0,1,0,0
2,70,10,From Free Kick,Belgium,3857296,0 days 01:10:10,0,0,0,0,0,0,1,0,0
2,70,14,From Free Kick,Belgium,3857296,0 days 01:10:14,0,0,0,0,0,0,1,0,0
2,70,20,From Free Kick,Belgium,3857296,0 days 01:10:20,0,0,0,0,0,0,1,0,0
2,70,22,From Free Kick,Belgium,3857296,0 days 01:10:22,0,0,0,0,0,0,1,0,0
2,70,26,From Free Kick,Belgium,3857296,0 days 01:10:26,0,0,0,0,0,0,1,0,0
2,70,27,From Free Kick,Belgium,3857296,0 days 01:10:27,0,0,0,0,0,0,1,0,0
2,70,30,From Free Kick,Belgium,3857296,0 days 01:10:30,0,0,0,0,0,0,1,0,0
2,70,45,From Keeper,Croatia,3857296,0 days 01:10:45,0,0,0,0,0,0,1,0,0
2,70,47,From Keeper,Croatia,3857296,0 days 01:10:47,0,0,0,0,0,0,1,0,0
2,70,52,From Keeper,Croatia,3857296,0 days 01:10:52,0,0,0,0,0,0,1,0,0
2,70,55,From Keeper,Croatia,3857296,0 days 01:10:55,0,0,0,0,0,0,1,0,0
2,70,59,From Keeper,Croatia,3857296,0 days 01:10:59,0,0,0,0,0,0,1,0,0
2,71,2,From Keeper,Croatia,3857296,0 days 01:11:02,0,0,0,0,0,0,1,0,0
2,71,6,From Keeper,Croatia,3857296,0 days 01:11:06,0,0,0,0,0,0,1,0,0
2,71,9,From Keeper,Croatia,3857296,0 days 01:11:09,0,0,0,0,0,0,1,0,0
2,71,10,From Keeper,Belgium,3857296,0 days 01:11:10,0,1,0,0,0,0,0,0,0
2,71,52,From Throw In,Croatia,3857296,0 days 01:11:52,0,0,0,0,0,0,1,0,0
2,71,54,From Throw In,Croatia,3857296,0 days 01:11:54,0,0,0,0,0,0,1,0,0
2,71,55,From Throw In,Croatia,3857296,0 days 01:11:55,0,0,0,0,0,0,1,0,0
2,71,56,From Throw In,Croatia,3857296,0 days 01:11:56,0,0,0,0,0,0,1,0,0
2,72,1,From Throw In,Croatia,3857296,0 days 01:12:01,0,0,0,0,0,0,1,0,0
2,72,2,From Throw In,Croatia,3857296,0 days 01:12:02,0,0,0,0,0,0,1,0,0
2,72,3,From Throw In,Croatia,3857296,0 days 01:12:03,0,0,0,0,0,0,1,0,0
2,72,8,From Throw In,Croatia,3857296,0 days 01:12:08,0,0,0,0,0,0,1,0,0
2,72,9,From Throw In,Belgium,3857296,0 days 01:12:09,0,0,0,0,0,1,0,0,0
2,72,11,From Throw In,Croatia,3857296,0 days 01:12:11,0,1,0,0,0,0,0,0,0
2,72,16,From Throw In,Belgium,3857296,0 days 01:12:16,0,1,0,0,0,0,0,0,0
2,72,18,From Throw In,Croatia,3857296,0 days 01:12:18,0,0,0,0,0,0,1,0,0
2,72,20,From Throw In,Belgium,3857296,0 days 01:12:20,0,0,0,0,0,0,1,0,0
2,72,23,From Throw In,Croatia,3857296,0 days 01:12:23,0,0,0,0,0,0,1,0,0
2,72,29,From Throw In,Croatia,3857296,0 days 01:12:29,0,0,0,0,0,0,1,0,0
2,72,40,From Throw In,Belgium,3857296,0 days 01:12:40,0,0,0,0,0,0,1,0,0
2,72,42,From Throw In,Belgium,3857296,0 days 01:12:42,0,0,0,0,0,0,1,0,0
2,72,45,From Throw In,Belgium,3857296,0 days 01:12:45,0,0,0,0,0,0,1,0,0
2,72,47,From Throw In,Croatia,3857296,0 days 01:12:47,0,0,0,0,0,1,0,0,0
2,73,10,From Throw In,Belgium,3857296,0 days 01:13:10,0,0,0,0,0,0,1,0,0
2,73,15,Regular Play,Croatia,3857296,0 days 01:13:15,0,0,0,0,0,0,1,0,0
2,73,17,Regular Play,Croatia,3857296,0 days 01:13:17,0,0,0,0,0,0,1,0,0
2,73,18,Regular Play,Belgium,3857296,0 days 01:13:18,0,0,0,0,0,1,0,0,0
2,73,20,Regular Play,Croatia,3857296,0 days 01:13:20,1,0,0,0,0,0,0,0,0
2,73,23,Regular Play,Croatia,3857296,0 days 01:13:23,0,0,0,0,0,0,1,0,0
2,73,24,Regular Play,Croatia,3857296,0 days 01:13:24,0,0,0,0,0,0,1,0,0
2,73,31,Regular Play,Belgium,3857296,0 days 01:13:31,1,0,0,0,0,0,0,0,0
2,73,32,Regular Play,Belgium,3857296,0 days 01:13:32,0,0,0,0,0,0,1,0,0
2,73,35,Regular Play,Belgium,3857296,0 days 01:13:35,0,0,0,0,0,0,1,0,0
2,73,36,Regular Play,Belgium,3857296,0 days 01:13:36,0,0,0,0,0,0,1,0,0
2,73,41,Regular Play,Belgium,3857296,0 days 01:13:41,0,0,0,0,0,0,1,0,0
2,73,44,Regular Play,Belgium,3857296,0 days 01:13:44,0,0,0,0,0,0,1,0,0
2,73,45,Regular Play,Belgium,3857296,0 days 01:13:45,0,0,0,0,0,0,1,0,0
2,73,48,Regular Play,Croatia,3857296,0 days 01:13:48,1,0,0,0,0,0,0,0,0
2,74,0,Regular Play,Croatia,3857296,0 days 01:14:00,0,0,0,0,0,0,1,0,0
2,74,2,Regular Play,Croatia,3857296,0 days 01:14:02,0,0,0,0,0,0,1,0,0
2,74,5,Regular Play,Croatia,3857296,0 days 01:14:05,0,0,0,0,0,0,1,0,0
2,74,6,Regular Play,Croatia,3857296,0 days 01:14:06,0,0,0,0,0,0,1,0,0
2,74,7,Regular Play,Belgium,3857296,0 days 01:14:07,0,0,0,0,0,0,1,0,0
2,74,23,From Throw In,Croatia,3857296,0 days 01:14:23,0,0,0,0,0,0,1,0,0
2,74,25,From Throw In,Belgium,3857296,0 days 01:14:25,0,0,0,0,1,0,0,0,0
2,74,46,From Free Kick,Croatia,3857296,0 days 01:14:46,0,0,0,0,0,0,1,0,0
2,74,55,From Free Kick,Croatia,3857296,0 days 01:14:55,0,0,0,0,0,0,1,0,0
2,74,57,From Free Kick,Croatia,3857296,0 days 01:14:57,0,0,0,0,0,0,1,0,0
2,74,58,From Free Kick,Belgium,3857296,0 days 01:14:58,0,0,0,0,0,1,0,0,0
2,74,59,Regular Play,Belgium,3857296,0 days 01:14:59,1,0,0,0,0,0,0,0,0
2,75,0,Regular Play,Belgium,3857296,0 days 01:15:00,0,0,0,0,0,0,1,0,0
2,75,3,Regular Play,Belgium,3857296,0 days 01:15:03,0,0,0,0,0,0,1,0,0
2,75,8,Regular Play,Belgium,3857296,0 days 01:15:08,0,0,0,1,0,0,0,0,0
2,75,10,Regular Play,Belgium,3857296,0 days 01:15:10,0,0,0,0,0,0,1,0,0
2,75,13,Regular Play,Belgium,3857296,0 days 01:15:13,0,0,0,0,0,0,1,0,0
2,75,18,Regular Play,Belgium,3857296,0 days 01:15:18,0,0,0,0,0,0,1,0,0
2,75,21,Regular Play,Belgium,3857296,0 days 01:15:21,0,0,0,0,0,0,1,0,0
2,75,24,Regular Play,Belgium,3857296,0 days 01:15:24,0,0,0,0,0,0,1,0,0
2,75,25,Regular Play,Belgium,3857296,0 days 01:15:25,0,0,0,0,0,0,1,0,0
2,75,32,Regular Play,Belgium,3857296,0 days 01:15:32,0,0,0,0,0,0,1,0,0
2,75,34,Regular Play,Croatia,3857296,0 days 01:15:34,1,0,0,0,0,0,0,0,0
2,75,35,Regular Play,Croatia,3857296,0 days 01:15:35,0,0,0,1,0,0,0,0,0
2,75,39,Regular Play,Croatia,3857296,0 days 01:15:39,0,0,0,0,0,0,1,0,0
2,75,40,Regular Play,Croatia,3857296,0 days 01:15:40,0,0,0,0,0,0,1,0,0
2,75,45,Regular Play,Croatia,3857296,0 days 01:15:45,0,0,0,0,0,0,1,0,0
2,75,46,Regular Play,Croatia,3857296,0 days 01:15:46,0,0,0,0,0,0,1,0,0
2,75,46,Regular Play,Belgium,3857296,0 days 01:15:46,0,0,0,0,0,1,0,0,0
2,75,49,Regular Play,Belgium,3857296,0 days 01:15:49,0,0,0,0,0,0,1,0,0
2,75,51,Regular Play,Belgium,3857296,0 days 01:15:51,0,0,0,0,0,0,1,0,0
2,75,53,Regular Play,Belgium,3857296,0 days 01:15:53,0,0,1,0,0,0,0,0,0
2,75,53,Regular Play,Croatia,3857296,0 days 01:15:53,0,0,0,0,0,0,0,0,1
2,75,56,Regular Play,Belgium,3857296,0 days 01:15:56,0,0,0,0,0,0,1,0,0
2,75,57,Regular Play,Belgium,3857296,0 days 01:15:57,0,0,0,0,0,0,1,0,0
2,76,0,Regular Play,Belgium,3857296,0 days 01:16:00,0,0,0,0,0,0,1,0,0
2,76,1,Regular Play,Croatia,3857296,0 days 01:16:01,0,0,0,0,0,1,0,0,0
2,76,1,Regular Play,Belgium,3857296,0 days 01:16:01,0,0,0,0,0,0,1,0,0
2,76,4,Regular Play,Belgium,3857296,0 days 01:16:04,0,0,0,0,0,0,1,0,0
2,76,5,Regular Play,Croatia,3857296,0 days 01:16:05,0,1,0,0,0,0,0,0,0
2,76,6,Regular Play,Croatia,3857296,0 days 01:16:06,1,0,0,0,0,0,0,0,0
2,76,7,Regular Play,Croatia,3857296,0 days 01:16:07,0,0,0,0,0,0,1,0,0
2,76,9,Regular Play,Croatia,3857296,0 days 01:16:09,0,0,0,0,0,0,1,0,0
2,76,12,Regular Play,Croatia,3857296,0 days 01:16:12,0,0,0,0,0,0,1,0,0
2,76,15,Regular Play,Croatia,3857296,0 days 01:16:15,0,0,0,0,0,0,1,0,0
2,76,16,Regular Play,Croatia,3857296,0 days 01:16:16,0,0,0,0,0,0,1,0,0
2,76,38,From Throw In,Croatia,3857296,0 days 01:16:38,0,0,0,0,0,0,1,0,0
2,76,39,Regular Play,Belgium,3857296,0 days 01:16:39,0,0,0,0,0,0,1,0,0
2,76,41,Regular Play,Belgium,3857296,0 days 01:16:41,0,0,0,0,0,0,1,0,0
2,76,44,From Counter,Croatia,3857296,0 days 01:16:44,1,0,0,0,0,0,0,0,0
2,76,46,From Counter,Croatia,3857296,0 days 01:16:46,0,0,0,0,0,0,1,0,0
2,76,47,From Counter,Croatia,3857296,0 days 01:16:47,0,0,0,0,0,0,1,0,0
2,76,48,From Counter,Croatia,3857296,0 days 01:16:48,0,0,0,0,0,0,1,0,0
2,76,57,Regular Play,Belgium,3857296,0 days 01:16:57,0,0,0,0,0,0,1,0,0
2,67,52,From Free Kick,Saudi Arabia,3857297,0 days 01:07:52,0,0,0,0,0,0,0,1,0
2,67,55,From Free Kick,Saudi Arabia,3857297,0 days 01:07:55,0,0,0,0,0,0,1,0,0
2,67,57,From Free Kick,Saudi Arabia,3857297,0 days 01:07:57,0,0,0,0,0,0,1,0,0
2,68,2,From Free Kick,Saudi Arabia,3857297,0 days 01:08:02,0,0,1,0,0,0,0,0,0
2,68,2,From Free Kick,Poland,3857297,0 days 01:08:02,0,0,0,0,0,0,0,0,1
2,68,3,From Free Kick,Poland,3857297,0 days 01:08:03,0,0,0,0,0,0,1,0,0
2,68,6,From Free Kick,Saudi Arabia,3857297,0 days 01:08:06,0,0,0,0,0,0,1,0,0
2,68,9,From Free Kick,Poland,3857297,0 days 01:08:09,0,1,0,0,0,0,0,0,0
2,68,11,From Free Kick,Saudi Arabia,3857297,0 days 01:08:11,1,0,0,0,0,0,0,0,0
2,68,12,From Free Kick,Saudi Arabia,3857297,0 days 01:08:12,0,0,0,0,0,0,1,0,0
2,68,13,From Free Kick,Saudi Arabia,3857297,0 days 01:08:13,1,0,0,0,0,0,0,0,0
2,68,14,From Free Kick,Saudi Arabia,3857297,0 days 01:08:14,0,0,0,1,0,0,0,0,0
2,68,16,From Free Kick,Saudi Arabia,3857297,0 days 01:08:16,0,0,0,0,0,0,1,0,0
2,68,17,From Free Kick,Saudi Arabia,3857297,0 days 01:08:17,0,0,0,0,0,0,1,0,0
2,68,20,From Free Kick,Saudi Arabia,3857297,0 days 01:08:20,0,0,0,0,0,0,1,0,0
2,68,24,From Free Kick,Saudi Arabia,3857297,0 days 01:08:24,0,0,0,0,0,0,1,0,0
2,68,27,From Free Kick,Saudi Arabia,3857297,0 days 01:08:27,0,0,0,0,0,0,1,0,0
2,68,29,From Free Kick,Saudi Arabia,3857297,0 days 01:08:29,0,0,0,0,0,0,0,1,0
2,69,10,Other,Poland,3857297,0 days 01:09:10,1,0,0,0,0,0,0,0,0
2,69,11,Other,Poland,3857297,0 days 01:09:11,0,0,0,0,0,0,1,0,0
2,69,18,Other,Poland,3857297,0 days 01:09:18,0,0,0,0,0,0,1,0,0
2,69,20,Other,Poland,3857297,0 days 01:09:20,0,0,0,0,0,0,1,0,0
2,69,24,Regular Play,Saudi Arabia,3857297,0 days 01:09:24,1,0,0,0,0,0,0,0,0
2,69,25,Regular Play,Poland,3857297,0 days 01:09:25,0,0,0,0,1,0,0,0,0
2,69,34,From Free Kick,Saudi Arabia,3857297,0 days 01:09:34,0,0,0,0,0,0,1,0,0
2,69,37,From Free Kick,Saudi Arabia,3857297,0 days 01:09:37,0,0,0,0,0,0,1,0,0
2,69,42,From Free Kick,Saudi Arabia,3857297,0 days 01:09:42,0,0,0,0,0,0,1,0,0
2,69,44,From Free Kick,Saudi Arabia,3857297,0 days 01:09:44,0,0,0,1,0,0,0,0,0
2,69,45,From Free Kick,Saudi Arabia,3857297,0 days 01:09:45,0,0,0,0,0,0,1,0,0
2,69,55,From Free Kick,Saudi Arabia,3857297,0 days 01:09:55,0,0,0,0,0,0,1,0,0
2,69,57,From Free Kick,Saudi Arabia,3857297,0 days 01:09:57,0,0,0,0,0,0,1,0,0
2,70,1,From Free Kick,Saudi Arabia,3857297,0 days 01:10:01,0,0,0,0,0,0,1,0,0
2,70,48,From Throw In,Poland,3857297,0 days 01:10:48,0,0,0,0,0,0,1,0,0
2,70,49,From Throw In,Poland,3857297,0 days 01:10:49,0,0,0,0,0,0,1,0,0
2,70,52,From Throw In,Saudi Arabia,3857297,0 days 01:10:52,0,0,0,0,0,0,1,0,0
2,70,53,From Throw In,Poland,3857297,0 days 01:10:53,0,0,0,0,0,0,1,0,0
2,70,55,From Throw In,Saudi Arabia,3857297,0 days 01:10:55,0,0,0,0,1,0,0,0,0
2,71,13,From Free Kick,Poland,3857297,0 days 01:11:13,0,0,0,0,0,0,1,0,0
2,71,19,From Free Kick,Poland,3857297,0 days 01:11:19,0,0,0,0,0,0,1,0,0
2,71,21,From Free Kick,Poland,3857297,0 days 01:11:21,0,0,0,0,0,0,1,0,0
2,71,25,From Free Kick,Poland,3857297,0 days 01:11:25,0,0,0,0,0,0,1,0,0
2,71,25,From Free Kick,Saudi Arabia,3857297,0 days 01:11:25,0,0,0,0,0,0,1,0,0
2,71,27,From Free Kick,Saudi Arabia,3857297,0 days 01:11:27,0,0,0,0,0,0,1,0,0
2,71,28,From Free Kick,Poland,3857297,0 days 01:11:28,1,0,0,0,0,0,0,0,0
2,71,32,From Free Kick,Poland,3857297,0 days 01:11:32,0,0,1,0,0,0,0,0,0
2,71,32,From Free Kick,Saudi Arabia,3857297,0 days 01:11:32,0,0,0,0,0,0,0,0,1
2,72,0,From Throw In,Poland,3857297,0 days 01:12:00,0,0,0,0,0,0,1,0,0
2,72,1,From Throw In,Saudi Arabia,3857297,0 days 01:12:01,0,1,0,0,0,0,0,0,0
2,72,3,From Throw In,Saudi Arabia,3857297,0 days 01:12:03,0,0,0,0,0,0,1,0,0
2,72,22,From Throw In,Poland,3857297,0 days 01:12:22,0,0,0,0,0,0,1,0,0
2,72,24,From Throw In,Poland,3857297,0 days 01:12:24,0,0,0,0,0,0,1,0,0
2,72,27,From Throw In,Poland,3857297,0 days 01:12:27,0,0,0,0,0,0,1,0,0
2,72,28,From Throw In,Poland,3857297,0 days 01:12:28,0,0,0,0,0,0,0,1,0
2,72,30,From Throw In,Poland,3857297,0 days 01:12:30,1,0,0,0,0,0,0,0,0
2,72,31,From Throw In,Poland,3857297,0 days 01:12:31,0,0,0,0,0,0,1,0,0
2,72,37,From Throw In,Poland,3857297,0 days 01:12:37,0,0,0,0,0,0,1,0,0
2,72,57,From Goal Kick,Saudi Arabia,3857297,0 days 01:12:57,0,0,0,0,0,0,1,0,0
2,73,1,From Goal Kick,Saudi Arabia,3857297,0 days 01:13:01,0,0,0,0,0,0,1,0,0
2,73,5,From Goal Kick,Saudi Arabia,3857297,0 days 01:13:05,0,0,0,0,0,0,1,0,0
2,73,7,From Goal Kick,Saudi Arabia,3857297,0 days 01:13:07,0,0,0,0,0,0,1,0,0
2,73,14,From Goal Kick,Saudi Arabia,3857297,0 days 01:13:14,0,0,0,0,0,0,1,0,0
2,73,15,From Goal Kick,Saudi Arabia,3857297,0 days 01:13:15,0,0,0,0,0,0,1,0,0
2,73,22,From Goal Kick,Saudi Arabia,3857297,0 days 01:13:22,0,0,0,0,0,0,1,0,0
2,73,34,From Throw In,Saudi Arabia,3857297,0 days 01:13:34,0,0,0,0,0,0,1,0,0
2,73,37,From Throw In,Saudi Arabia,3857297,0 days 01:13:37,0,0,0,0,0,0,1,0,0
2,73,41,From Throw In,Saudi Arabia,3857297,0 days 01:13:41,0,0,0,0,0,0,1,0,0
2,73,45,From Throw In,Saudi Arabia,3857297,0 days 01:13:45,0,0,0,0,0,0,1,0,0
2,73,48,From Throw In,Saudi Arabia,3857297,0 days 01:13:48,0,0,0,0,0,0,1,0,0
2,73,54,From Throw In,Saudi Arabia,3857297,0 days 01:13:54,0,0,0,0,0,0,1,0,0
2,73,56,From Throw In,Saudi Arabia,3857297,0 days 01:13:56,0,0,0,0,0,0,1,0,0
2,73,58,From Throw In,Poland,3857297,0 days 01:13:58,1,0,0,0,0,0,0,0,0
2,74,0,From Throw In,Poland,3857297,0 days 01:14:00,0,0,0,0,0,0,1,0,0
2,74,2,From Throw In,Poland,3857297,0 days 01:14:02,0,0,0,0,0,0,1,0,0
2,74,18,From Throw In,Saudi Arabia,3857297,0 days 01:14:18,0,0,0,0,0,0,1,0,0
2,74,21,From Throw In,Saudi Arabia,3857297,0 days 01:14:21,0,0,0,0,0,0,1,0,0
2,74,24,From Throw In,Saudi Arabia,3857297,0 days 01:14:24,0,0,0,0,0,0,1,0,0
2,74,27,From Throw In,Saudi Arabia,3857297,0 days 01:14:27,0,0,0,0,0,0,1,0,0
2,74,29,From Throw In,Saudi Arabia,3857297,0 days 01:14:29,0,0,0,0,0,0,1,0,0
2,74,33,From Throw In,Saudi Arabia,3857297,0 days 01:14:33,0,0,0,0,0,0,1,0,0
2,74,44,From Throw In,Saudi Arabia,3857297,0 days 01:14:44,0,0,0,0,0,0,1,0,0
2,74,49,From Throw In,Saudi Arabia,3857297,0 days 01:14:49,0,0,0,0,0,0,1,0,0
2,74,53,From Throw In,Saudi Arabia,3857297,0 days 01:14:53,0,0,0,0,0,0,1,0,0
2,74,56,From Throw In,Poland,3857297,0 days 01:14:56,1,0,0,0,0,0,0,0,0
2,75,12,From Throw In,Poland,3857297,0 days 01:15:12,0,0,0,0,0,0,1,0,0
2,75,16,From Throw In,Saudi Arabia,3857297,0 days 01:15:16,0,1,0,0,0,0,0,0,0
2,75,27,From Throw In,Poland,3857297,0 days 01:15:27,0,0,0,0,0,0,1,0,0
2,75,28,From Throw In,Saudi Arabia,3857297,0 days 01:15:28,0,1,0,0,0,0,0,0,0
2,75,30,From Throw In,Poland,3857297,0 days 01:15:30,0,0,0,0,1,0,0,0,0
2,76,22,From Free Kick,Saudi Arabia,3857297,0 days 01:16:22,0,0,0,0,0,0,1,0,0
2,76,25,From Free Kick,Saudi Arabia,3857297,0 days 01:16:25,0,0,0,0,0,0,1,0,0
2,76,29,From Free Kick,Saudi Arabia,3857297,0 days 01:16:29,0,0,0,0,0,0,1,0,0
2,76,33,From Free Kick,Saudi Arabia,3857297,0 days 01:16:33,0,0,0,0,0,0,1,0,0
2,76,36,From Free Kick,Saudi Arabia,3857297,0 days 01:16:36,0,0,0,0,0,0,1,0,0
2,76,38,From Free Kick,Saudi Arabia,3857297,0 days 01:16:38,0,0,0,0,0,0,1,0,0
2,76,43,From Free Kick,Saudi Arabia,3857297,0 days 01:16:43,0,0,0,0,0,0,1,0,0
2,76,44,From Free Kick,Saudi Arabia,3857297,0 days 01:16:44,0,0,0,0,0,0,1,0,0
2,76,45,From Free Kick,Saudi Arabia,3857297,0 days 01:16:45,0,0,0,0,0,0,1,0,0
2,76,47,From Free Kick,Saudi Arabia,3857297,0 days 01:16:47,0,0,0,0,1,0,0,0,0
2,67,1,Regular Play,Ghana,3857298,0 days 01:07:01,0,0,0,0,0,0,1,0,0
2,67,4,Regular Play,Ghana,3857298,0 days 01:07:04,0,0,0,0,0,0,1,0,0
2,67,7,Regular Play,Ghana,3857298,0 days 01:07:07,0,0,0,0,0,0,1,0,0
2,67,9,Regular Play,Portugal,3857298,0 days 01:07:09,0,0,0,0,0,0,1,0,0
2,67,10,Regular Play,Portugal,3857298,0 days 01:07:10,0,0,0,0,0,0,1,0,0
2,67,11,Regular Play,Ghana,3857298,0 days 01:07:11,0,0,0,0,0,1,0,0,0
2,67,26,From Throw In,Portugal,3857298,0 days 01:07:26,0,0,0,0,0,0,1,0,0
2,67,28,From Throw In,Ghana,3857298,0 days 01:07:28,0,0,0,0,0,0,1,0,0
2,67,31,From Throw In,Ghana,3857298,0 days 01:07:31,0,0,1,0,0,0,0,0,0
2,67,31,From Throw In,Portugal,3857298,0 days 01:07:31,0,0,0,0,0,0,0,0,1
2,67,32,From Throw In,Portugal,3857298,0 days 01:07:32,0,0,0,0,0,0,1,0,0
2,67,36,From Throw In,Portugal,3857298,0 days 01:07:36,0,0,0,1,0,0,0,0,0
2,67,36,Regular Play,Ghana,3857298,0 days 01:07:36,0,0,0,0,0,0,0,0,1
2,67,38,Regular Play,Ghana,3857298,0 days 01:07:38,0,0,0,0,0,0,1,0,0
2,67,39,Regular Play,Ghana,3857298,0 days 01:07:39,0,0,0,0,0,0,1,0,0
2,67,42,Regular Play,Ghana,3857298,0 days 01:07:42,0,0,0,0,0,0,1,0,0
2,67,51,Regular Play,Ghana,3857298,0 days 01:07:51,0,0,0,0,0,0,1,0,0
2,67,53,Regular Play,Ghana,3857298,0 days 01:07:53,0,0,0,0,0,0,1,0,0
2,67,54,Regular Play,Ghana,3857298,0 days 01:07:54,0,0,0,0,0,0,1,0,0
2,67,56,Regular Play,Ghana,3857298,0 days 01:07:56,0,0,0,0,0,0,1,0,0
2,67,57,Regular Play,Ghana,3857298,0 days 01:07:57,0,0,0,0,0,0,1,0,0
2,68,1,Regular Play,Ghana,3857298,0 days 01:08:01,0,0,0,0,0,0,0,1,0
2,68,31,From Goal Kick,Portugal,3857298,0 days 01:08:31,0,0,0,0,0,0,1,0,0
2,68,36,From Goal Kick,Portugal,3857298,0 days 01:08:36,0,0,0,0,0,0,1,0,0
2,68,39,From Goal Kick,Ghana,3857298,0 days 01:08:39,0,1,0,0,0,0,0,0,0
2,68,41,Regular Play,Ghana,3857298,0 days 01:08:41,0,0,0,0,0,0,1,0,0
2,68,42,Regular Play,Ghana,3857298,0 days 01:08:42,0,0,0,0,0,0,1,0,0
2,68,44,Regular Play,Ghana,3857298,0 days 01:08:44,0,0,0,0,0,0,1,0,0
2,68,50,Regular Play,Ghana,3857298,0 days 01:08:50,0,0,0,0,0,0,1,0,0
2,68,54,Regular Play,Ghana,3857298,0 days 01:08:54,0,0,0,0,0,0,1,0,0
2,68,55,Regular Play,Ghana,3857298,0 days 01:08:55,0,0,0,0,0,0,1,0,0
2,68,56,Regular Play,Ghana,3857298,0 days 01:08:56,0,0,0,0,0,0,1,0,0
2,68,58,Regular Play,Ghana,3857298,0 days 01:08:58,0,0,0,0,0,0,1,0,0
2,69,0,Regular Play,Ghana,3857298,0 days 01:09:00,0,0,0,0,0,0,1,0,0
2,69,4,Regular Play,Ghana,3857298,0 days 01:09:04,0,0,0,0,0,0,1,0,0
2,69,25,From Throw In,Portugal,3857298,0 days 01:09:25,0,0,0,0,0,0,1,0,0
2,69,26,From Throw In,Portugal,3857298,0 days 01:09:26,0,0,0,0,0,0,1,0,0
2,69,27,From Throw In,Portugal,3857298,0 days 01:09:27,0,0,0,0,0,0,1,0,0
2,69,31,From Throw In,Ghana,3857298,0 days 01:09:31,0,0,0,0,1,0,0,0,0
2,69,49,From Free Kick,Portugal,3857298,0 days 01:09:49,0,0,0,0,0,0,1,0,0
2,69,51,From Free Kick,Portugal,3857298,0 days 01:09:51,0,0,0,0,0,0,1,0,0
2,69,53,From Free Kick,Portugal,3857298,0 days 01:09:53,0,0,0,0,0,0,1,0,0
2,69,56,From Free Kick,Portugal,3857298,0 days 01:09:56,0,0,0,0,0,0,1,0,0
2,69,58,From Free Kick,Portugal,3857298,0 days 01:09:58,0,0,0,0,0,0,1,0,0
2,70,1,From Free Kick,Portugal,3857298,0 days 01:10:01,0,0,0,0,0,0,1,0,0
2,70,5,From Free Kick,Portugal,3857298,0 days 01:10:05,0,0,0,0,0,0,1,0,0
2,70,8,From Free Kick,Portugal,3857298,0 days 01:10:08,0,0,0,0,0,0,1,0,0
2,70,11,From Free Kick,Portugal,3857298,0 days 01:10:11,0,0,0,0,0,0,1,0,0
2,70,15,From Free Kick,Portugal,3857298,0 days 01:10:15,0,0,0,0,0,0,1,0,0
2,70,18,From Free Kick,Portugal,3857298,0 days 01:10:18,0,0,0,0,0,0,1,0,0
2,70,19,From Free Kick,Portugal,3857298,0 days 01:10:19,0,0,0,0,0,0,1,0,0
2,70,24,From Free Kick,Portugal,3857298,0 days 01:10:24,0,0,0,0,0,0,1,0,0
2,70,27,From Free Kick,Portugal,3857298,0 days 01:10:27,0,0,0,0,0,0,1,0,0
2,70,28,From Free Kick,Portugal,3857298,0 days 01:10:28,0,0,0,0,0,0,1,0,0
2,70,32,From Free Kick,Portugal,3857298,0 days 01:10:32,0,0,0,0,0,0,1,0,0
2,70,35,From Free Kick,Portugal,3857298,0 days 01:10:35,0,0,0,0,0,0,1,0,0
2,70,36,From Free Kick,Portugal,3857298,0 days 01:10:36,0,0,0,0,0,0,1,0,0
2,70,38,From Free Kick,Portugal,3857298,0 days 01:10:38,0,0,0,0,0,0,1,0,0
2,70,40,From Free Kick,Portugal,3857298,0 days 01:10:40,0,0,0,0,0,0,1,0,0
2,70,43,Regular Play,Ghana,3857298,0 days 01:10:43,0,0,0,0,0,0,1,0,0
2,70,45,Regular Play,Ghana,3857298,0 days 01:10:45,0,0,0,0,0,0,1,0,0
2,70,48,Regular Play,Ghana,3857298,0 days 01:10:48,0,0,0,0,0,0,1,0,0
2,71,5,From Throw In,Portugal,3857298,0 days 01:11:05,0,0,0,0,0,0,1,0,0
2,71,8,From Throw In,Portugal,3857298,0 days 01:11:08,0,0,0,0,0,0,1,0,0
2,71,11,From Throw In,Portugal,3857298,0 days 01:11:11,0,0,0,0,0,0,1,0,0
2,71,17,From Throw In,Portugal,3857298,0 days 01:11:17,0,0,0,0,0,0,1,0,0
2,71,19,From Throw In,Portugal,3857298,0 days 01:11:19,0,0,0,0,0,0,1,0,0
2,71,22,From Throw In,Portugal,3857298,0 days 01:11:22,0,0,0,0,0,0,1,0,0
2,71,25,From Throw In,Portugal,3857298,0 days 01:11:25,0,0,0,0,0,0,1,0,0
2,71,27,From Throw In,Portugal,3857298,0 days 01:11:27,0,0,0,0,0,0,1,0,0
2,71,29,Regular Play,Ghana,3857298,0 days 01:11:29,0,0,0,0,0,0,1,0,0
2,71,31,Regular Play,Ghana,3857298,0 days 01:11:31,0,0,0,0,0,0,1,0,0
2,71,32,Regular Play,Ghana,3857298,0 days 01:11:32,0,0,0,0,0,0,1,0,0
2,71,36,Regular Play,Ghana,3857298,0 days 01:11:36,0,0,0,0,0,0,1,0,0
2,71,38,Regular Play,Ghana,3857298,0 days 01:11:38,0,0,0,0,0,0,0,1,0
2,71,43,From Keeper,Portugal,3857298,0 days 01:11:43,0,0,0,0,0,0,1,0,0
2,71,46,Regular Play,Ghana,3857298,0 days 01:11:46,0,0,0,0,0,0,1,0,0
2,71,55,Regular Play,Ghana,3857298,0 days 01:11:55,0,0,0,0,0,0,1,0,0
2,71,59,Regular Play,Ghana,3857298,0 days 01:11:59,0,0,0,0,0,0,1,0,0
2,72,2,Regular Play,Ghana,3857298,0 days 01:12:02,0,0,0,0,0,0,1,0,0
2,72,6,Regular Play,Ghana,3857298,0 days 01:12:06,0,0,0,0,0,0,1,0,0
2,72,10,Regular Play,Ghana,3857298,0 days 01:12:10,0,0,0,0,0,0,1,0,0
2,72,11,Regular Play,Portugal,3857298,0 days 01:12:11,0,1,0,0,0,0,0,0,0
2,72,11,Regular Play,Ghana,3857298,0 days 01:12:11,1,0,0,0,0,0,0,0,0
2,72,11,Regular Play,Ghana,3857298,0 days 01:12:11,0,0,0,0,0,0,0,1,0
2,73,30,From Kick Off,Portugal,3857298,0 days 01:13:30,0,0,0,0,0,0,1,0,0
2,73,39,From Kick Off,Portugal,3857298,0 days 01:13:39,0,0,0,0,0,0,1,0,0
2,73,41,From Kick Off,Portugal,3857298,0 days 01:13:41,0,0,0,0,0,0,1,0,0
2,73,42,From Kick Off,Ghana,3857298,0 days 01:13:42,0,0,0,0,0,1,0,0,0
2,73,43,Regular Play,Ghana,3857298,0 days 01:13:43,0,0,0,0,0,0,1,0,0
2,73,44,Regular Play,Ghana,3857298,0 days 01:13:44,0,0,0,0,0,0,1,0,0
2,73,45,Regular Play,Ghana,3857298,0 days 01:13:45,0,0,0,0,0,0,1,0,0
2,73,46,Regular Play,Ghana,3857298,0 days 01:13:46,0,0,0,0,0,0,1,0,0
2,73,49,Regular Play,Ghana,3857298,0 days 01:13:49,0,0,0,0,0,0,1,0,0
2,73,51,Regular Play,Portugal,3857298,0 days 01:13:51,0,0,0,0,0,0,1,0,0
2,73,54,Regular Play,Portugal,3857298,0 days 01:13:54,0,0,0,0,0,0,1,0,0
2,73,58,Regular Play,Portugal,3857298,0 days 01:13:58,0,0,0,0,0,0,1,0,0
2,74,0,Regular Play,Portugal,3857298,0 days 01:14:00,0,0,0,0,0,0,1,0,0
2,74,4,Regular Play,Portugal,3857298,0 days 01:14:04,0,0,0,0,0,0,1,0,0
2,74,5,Regular Play,Portugal,3857298,0 days 01:14:05,0,0,0,0,0,0,1,0,0
2,74,9,Regular Play,Portugal,3857298,0 days 01:14:09,0,0,0,0,0,0,1,0,0
2,74,10,Regular Play,Portugal,3857298,0 days 01:14:10,0,0,1,0,0,0,0,0,0
2,74,10,Regular Play,Ghana,3857298,0 days 01:14:10,0,0,0,0,0,0,0,0,1
2,74,14,Regular Play,Ghana,3857298,0 days 01:14:14,1,0,0,0,0,0,0,0,0
2,74,14,Regular Play,Ghana,3857298,0 days 01:14:14,0,0,0,0,0,0,1,0,0
2,74,16,Regular Play,Ghana,3857298,0 days 01:14:16,0,0,0,0,0,0,1,0,0
2,74,17,Regular Play,Ghana,3857298,0 days 01:14:17,0,0,0,0,0,0,1,0,0
2,74,21,Regular Play,Ghana,3857298,0 days 01:14:21,0,0,0,0,0,0,1,0,0
2,74,26,Regular Play,Ghana,3857298,0 days 01:14:26,0,0,0,0,0,0,1,0,0
2,74,28,Regular Play,Portugal,3857298,0 days 01:14:28,0,0,0,0,0,0,1,0,0
2,74,29,Regular Play,Portugal,3857298,0 days 01:14:29,0,0,0,0,0,0,1,0,0
2,74,32,Regular Play,Portugal,3857298,0 days 01:14:32,0,0,0,0,0,0,1,0,0
2,74,36,Regular Play,Portugal,3857298,0 days 01:14:36,0,0,0,0,0,0,1,0,0
2,74,37,Regular Play,Portugal,3857298,0 days 01:14:37,0,0,0,0,0,0,1,0,0
2,74,41,Regular Play,Portugal,3857298,0 days 01:14:41,0,0,0,0,0,0,1,0,0
2,74,44,Regular Play,Portugal,3857298,0 days 01:14:44,0,0,0,0,0,0,1,0,0
2,74,49,Regular Play,Portugal,3857298,0 days 01:14:49,0,0,0,0,0,0,1,0,0
2,74,51,Regular Play,Portugal,3857298,0 days 01:14:51,0,0,0,0,0,0,1,0,0
2,74,53,Regular Play,Portugal,3857298,0 days 01:14:53,0,0,0,0,0,0,1,0,0
2,74,56,Regular Play,Portugal,3857298,0 days 01:14:56,0,0,0,0,0,0,1,0,0
2,74,58,Regular Play,Portugal,3857298,0 days 01:14:58,0,0,0,0,0,0,1,0,0
2,75,0,Regular Play,Portugal,3857298,0 days 01:15:00,0,0,0,0,0,0,1,0,0
2,75,6,Regular Play,Portugal,3857298,0 days 01:15:06,0,0,0,0,0,0,1,0,0
2,75,8,Regular Play,Portugal,3857298,0 days 01:15:08,0,0,0,0,0,0,1,0,0
2,75,14,Regular Play,Portugal,3857298,0 days 01:15:14,0,0,0,0,0,0,1,0,0
2,75,16,Regular Play,Portugal,3857298,0 days 01:15:16,0,0,0,0,0,0,1,0,0
2,75,19,Regular Play,Portugal,3857298,0 days 01:15:19,0,0,0,0,0,0,1,0,0
2,75,23,Regular Play,Portugal,3857298,0 days 01:15:23,0,0,0,0,0,0,1,0,0
2,76,46,From Throw In,Ghana,3857298,0 days 01:16:46,0,0,0,0,0,0,1,0,0
2,76,47,Regular Play,Portugal,3857298,0 days 01:16:47,1,0,0,0,0,0,0,0,0
2,76,48,Regular Play,Portugal,3857298,0 days 01:16:48,0,0,1,0,0,0,0,0,0
2,76,48,Regular Play,Ghana,3857298,0 days 01:16:48,0,0,0,0,0,0,0,0,1
2,76,48,Regular Play,Ghana,3857298,0 days 01:16:48,1,0,0,0,0,0,0,0,0
2,76,49,Regular Play,Ghana,3857298,0 days 01:16:49,0,0,0,0,0,0,1,0,0
2,76,50,Regular Play,Ghana,3857298,0 days 01:16:50,0,0,0,0,0,0,1,0,0
2,76,54,Regular Play,Ghana,3857298,0 days 01:16:54,0,0,0,0,0,0,1,0,0
2,76,56,Regular Play,Ghana,3857298,0 days 01:16:56,0,0,0,0,0,0,1,0,0
2,76,57,Regular Play,Ghana,3857298,0 days 01:16:57,0,0,0,1,0,0,0,0,0
2,76,57,Regular Play,Portugal,3857298,0 days 01:16:57,0,0,0,0,0,0,0,0,1
2,76,58,Regular Play,Portugal,3857298,0 days 01:16:58,0,0,0,0,0,0,1,0,0
2,67,1,From Throw In,South Korea,3857299,0 days 01:07:01,0,0,0,0,0,0,1,0,0
2,67,6,From Throw In,South Korea,3857299,0 days 01:07:06,0,0,0,0,0,0,1,0,0
2,67,8,From Counter,Ghana,3857299,0 days 01:07:08,0,0,0,0,0,0,1,0,0
2,67,10,From Counter,Ghana,3857299,0 days 01:07:10,0,0,1,0,0,0,0,0,0
2,67,10,From Counter,South Korea,3857299,0 days 01:07:10,0,0,0,0,0,0,0,0,1
2,67,12,From Counter,Ghana,3857299,0 days 01:07:12,1,0,0,0,0,0,0,0,0
2,67,12,From Counter,South Korea,3857299,0 days 01:07:12,0,0,0,0,1,0,0,0,0
2,67,30,From Free Kick,Ghana,3857299,0 days 01:07:30,0,0,0,0,0,0,1,0,0
2,67,33,From Free Kick,Ghana,3857299,0 days 01:07:33,0,0,0,0,0,0,1,0,0
2,67,36,From Free Kick,Ghana,3857299,0 days 01:07:36,0,0,0,0,0,0,1,0,0
2,67,39,From Free Kick,Ghana,3857299,0 days 01:07:39,0,0,0,0,0,0,1,0,0
2,67,42,From Free Kick,Ghana,3857299,0 days 01:07:42,0,0,0,0,0,0,1,0,0
2,67,44,From Free Kick,Ghana,3857299,0 days 01:07:44,0,0,0,0,0,0,1,0,0
2,67,48,From Free Kick,Ghana,3857299,0 days 01:07:48,0,0,0,0,0,0,1,0,0
2,67,49,From Free Kick,Ghana,3857299,0 days 01:07:49,0,0,0,0,0,0,1,0,0
2,67,50,From Free Kick,Ghana,3857299,0 days 01:07:50,0,0,0,0,0,0,0,1,0
2,67,52,From Free Kick,Ghana,3857299,0 days 01:07:52,1,0,0,0,0,0,0,0,0
2,67,52,From Free Kick,Ghana,3857299,0 days 01:07:52,0,0,0,0,0,0,0,1,0
2,69,20,From Kick Off,South Korea,3857299,0 days 01:09:20,0,0,0,0,0,0,1,0,0
2,69,22,From Kick Off,South Korea,3857299,0 days 01:09:22,0,0,0,0,0,0,1,0,0
2,69,24,From Kick Off,South Korea,3857299,0 days 01:09:24,0,0,0,0,0,0,1,0,0
2,69,25,From Kick Off,South Korea,3857299,0 days 01:09:25,0,0,0,0,0,0,1,0,0
2,69,27,From Kick Off,South Korea,3857299,0 days 01:09:27,0,0,0,0,0,0,1,0,0
2,69,29,From Kick Off,South Korea,3857299,0 days 01:09:29,0,0,0,0,0,0,1,0,0
2,69,34,From Kick Off,South Korea,3857299,0 days 01:09:34,0,0,1,0,0,0,0,0,0
2,69,34,From Kick Off,Ghana,3857299,0 days 01:09:34,0,0,0,0,0,0,0,0,1
2,69,48,From Throw In,South Korea,3857299,0 days 01:09:48,0,0,0,0,0,0,1,0,0
2,69,50,From Throw In,South Korea,3857299,0 days 01:09:50,0,0,0,0,0,0,1,0,0
2,69,51,From Throw In,South Korea,3857299,0 days 01:09:51,0,0,0,0,0,0,1,0,0
2,69,52,From Throw In,South Korea,3857299,0 days 01:09:52,0,0,0,0,0,0,1,0,0
2,70,8,From Throw In,Ghana,3857299,0 days 01:10:08,0,0,0,0,0,0,1,0,0
2,70,10,From Throw In,South Korea,3857299,0 days 01:10:10,0,0,0,0,0,0,1,0,0
2,70,10,From Throw In,Ghana,3857299,0 days 01:10:10,1,0,0,0,0,0,0,0,0
2,70,12,From Throw In,Ghana,3857299,0 days 01:10:12,0,0,0,1,0,0,0,0,0
2,70,17,From Throw In,South Korea,3857299,0 days 01:10:17,0,0,0,0,1,0,0,0,0
2,70,44,From Free Kick,Ghana,3857299,0 days 01:10:44,0,0,0,0,0,0,1,0,0
2,70,46,From Free Kick,Ghana,3857299,0 days 01:10:46,0,0,0,0,0,0,1,0,0
2,70,49,From Free Kick,Ghana,3857299,0 days 01:10:49,0,0,0,0,0,0,1,0,0
2,70,49,From Free Kick,Ghana,3857299,0 days 01:10:49,0,0,0,0,0,0,1,0,0
2,70,51,From Free Kick,Ghana,3857299,0 days 01:10:51,0,0,0,0,0,0,1,0,0
2,70,53,From Free Kick,Ghana,3857299,0 days 01:10:53,0,0,0,0,0,0,1,0,0
2,70,54,From Free Kick,Ghana,3857299,0 days 01:10:54,0,0,0,0,0,0,1,0,0
2,70,57,From Free Kick,Ghana,3857299,0 days 01:10:57,0,0,0,0,0,0,1,0,0
2,71,10,From Throw In,South Korea,3857299,0 days 01:11:10,0,0,0,0,0,0,1,0,0
2,71,13,From Throw In,South Korea,3857299,0 days 01:11:13,0,0,0,0,0,0,1,0,0
2,71,19,From Throw In,South Korea,3857299,0 days 01:11:19,0,0,0,0,0,0,1,0,0
2,71,22,From Throw In,South Korea,3857299,0 days 01:11:22,0,0,0,0,0,0,1,0,0
2,71,25,From Throw In,South Korea,3857299,0 days 01:11:25,0,0,0,0,0,0,1,0,0
2,71,28,From Throw In,South Korea,3857299,0 days 01:11:28,0,0,0,0,0,0,1,0,0
2,71,34,From Throw In,South Korea,3857299,0 days 01:11:34,0,0,0,0,0,0,1,0,0
2,71,35,From Throw In,South Korea,3857299,0 days 01:11:35,0,0,0,0,0,0,1,0,0
2,71,40,From Throw In,South Korea,3857299,0 days 01:11:40,0,0,0,0,0,0,1,0,0
2,71,41,From Throw In,South Korea,3857299,0 days 01:11:41,0,0,0,0,0,0,1,0,0
2,71,44,From Throw In,South Korea,3857299,0 days 01:11:44,1,0,0,0,0,0,0,0,0
2,71,45,From Throw In,South Korea,3857299,0 days 01:11:45,0,0,0,0,0,0,1,0,0
2,71,47,From Throw In,Ghana,3857299,0 days 01:11:47,1,0,0,0,0,0,0,0,0
2,72,0,From Throw In,South Korea,3857299,0 days 01:12:00,0,0,0,0,0,0,1,0,0
2,72,3,From Throw In,South Korea,3857299,0 days 01:12:03,0,0,0,0,0,0,1,0,0
2,72,5,From Throw In,South Korea,3857299,0 days 01:12:05,0,0,0,0,0,0,1,0,0
2,72,7,From Throw In,South Korea,3857299,0 days 01:12:07,0,0,0,0,0,0,1,0,0
2,72,8,From Throw In,Ghana,3857299,0 days 01:12:08,0,1,0,0,0,0,0,0,0
2,72,10,Regular Play,Ghana,3857299,0 days 01:12:10,0,0,0,0,0,0,1,0,0
2,72,13,Regular Play,Ghana,3857299,0 days 01:12:13,0,0,0,0,0,0,1,0,0
2,72,17,Regular Play,Ghana,3857299,0 days 01:12:17,1,0,0,0,0,0,0,0,0
2,72,20,Regular Play,Ghana,3857299,0 days 01:12:20,0,0,0,0,0,0,1,0,0
2,72,22,Regular Play,South Korea,3857299,0 days 01:12:22,1,0,0,0,0,0,0,0,0
2,72,23,Regular Play,South Korea,3857299,0 days 01:12:23,0,0,0,0,0,0,1,0,0
2,72,24,Regular Play,South Korea,3857299,0 days 01:12:24,0,0,0,0,0,0,1,0,0
2,72,26,Regular Play,South Korea,3857299,0 days 01:12:26,0,0,0,0,0,0,1,0,0
2,72,28,Regular Play,Ghana,3857299,0 days 01:12:28,0,0,0,0,1,0,0,0,0
2,74,34,From Free Kick,South Korea,3857299,0 days 01:14:34,0,0,0,0,0,0,0,1,0
2,75,5,From Corner,South Korea,3857299,0 days 01:15:05,0,0,0,0,0,0,1,0,0
2,75,6,From Corner,Ghana,3857299,0 days 01:15:06,0,1,0,0,0,0,0,0,0
2,75,7,From Corner,Ghana,3857299,0 days 01:15:07,0,1,0,0,0,0,0,0,0
2,75,9,From Corner,Ghana,3857299,0 days 01:15:09,0,1,0,0,0,0,0,0,0
2,75,10,From Corner,South Korea,3857299,0 days 01:15:10,0,0,0,0,0,0,1,0,0
2,75,11,From Corner,Ghana,3857299,0 days 01:15:11,0,1,0,0,0,0,0,0,0
2,75,12,From Corner,South Korea,3857299,0 days 01:15:12,1,0,0,0,0,0,0,0,0
2,75,13,From Corner,South Korea,3857299,0 days 01:15:13,0,0,0,0,0,0,1,0,0
2,75,15,From Corner,South Korea,3857299,0 days 01:15:15,0,0,0,0,0,0,0,1,0
2,75,20,From Corner,South Korea,3857299,0 days 01:15:20,1,0,0,0,0,0,0,0,0
2,75,22,From Corner,South Korea,3857299,0 days 01:15:22,0,0,0,0,0,0,1,0,0
2,75,24,From Corner,South Korea,3857299,0 days 01:15:24,0,0,0,0,0,0,1,0,0
2,75,26,From Corner,South Korea,3857299,0 days 01:15:26,0,0,0,0,0,0,1,0,0
2,75,28,From Corner,South Korea,3857299,0 days 01:15:28,0,0,0,0,0,0,1,0,0
2,75,30,From Corner,South Korea,3857299,0 days 01:15:30,0,0,0,0,0,0,1,0,0
2,75,33,From Corner,South Korea,3857299,0 days 01:15:33,0,0,0,0,0,0,1,0,0
2,75,38,From Corner,South Korea,3857299,0 days 01:15:38,0,0,0,0,0,0,0,1,0
2,75,40,From Corner,South Korea,3857299,0 days 01:15:40,1,0,0,0,0,0,0,0,0
2,75,40,From Corner,South Korea,3857299,0 days 01:15:40,0,0,0,0,0,0,0,1,0
2,75,44,From Corner,South Korea,3857299,0 days 01:15:44,1,0,0,0,0,0,0,0,0
2,75,44,From Corner,Ghana,3857299,0 days 01:15:44,1,0,0,0,0,0,0,0,0
2,75,48,From Corner,South Korea,3857299,0 days 01:15:48,0,0,0,0,0,0,1,0,0
2,75,49,From Corner,Ghana,3857299,0 days 01:15:49,1,0,0,0,0,0,0,0,0
2,75,51,From Corner,South Korea,3857299,0 days 01:15:51,0,0,0,0,0,0,1,0,0
2,75,55,From Corner,South Korea,3857299,0 days 01:15:55,0,0,0,0,0,0,1,0,0
2,75,58,From Corner,South Korea,3857299,0 days 01:15:58,0,0,0,0,0,0,1,0,0
2,76,2,From Corner,South Korea,3857299,0 days 01:16:02,0,0,0,0,0,0,1,0,0
2,76,7,From Corner,South Korea,3857299,0 days 01:16:07,0,0,0,0,0,0,1,0,0
2,76,10,From Corner,South Korea,3857299,0 days 01:16:10,0,0,0,0,0,0,1,0,0
2,76,12,From Corner,South Korea,3857299,0 days 01:16:12,0,0,0,0,0,0,1,0,0
2,76,16,From Corner,South Korea,3857299,0 days 01:16:16,0,0,0,0,0,0,1,0,0
2,76,19,From Corner,South Korea,3857299,0 days 01:16:19,0,0,0,0,0,0,1,0,0
2,76,21,From Corner,South Korea,3857299,0 days 01:16:21,0,0,0,0,0,0,1,0,0
2,76,25,From Corner,South Korea,3857299,0 days 01:16:25,0,0,0,0,0,0,1,0,0
2,76,25,From Corner,Ghana,3857299,0 days 01:16:25,0,0,0,0,0,1,0,0,0
2,76,27,Regular Play,Ghana,3857299,0 days 01:16:27,1,0,0,0,0,0,0,0,0
2,76,28,Regular Play,Ghana,3857299,0 days 01:16:28,0,0,0,0,0,0,1,0,0
2,76,30,Regular Play,South Korea,3857299,0 days 01:16:30,0,0,0,0,1,0,0,0,0
2,67,1,From Free Kick,Argentina,3857300,0 days 01:07:01,0,0,0,1,0,0,0,0,0
2,67,1,From Free Kick,Saudi Arabia,3857300,0 days 01:07:01,0,1,0,0,0,0,0,0,0
2,67,6,From Free Kick,Argentina,3857300,0 days 01:07:06,1,0,0,0,0,0,0,0,0
2,67,8,From Free Kick,Argentina,3857300,0 days 01:07:08,0,0,0,0,0,0,1,0,0
2,67,10,From Free Kick,Argentina,3857300,0 days 01:07:10,0,0,0,0,0,0,1,0,0
2,67,13,From Free Kick,Argentina,3857300,0 days 01:07:13,0,0,0,0,0,0,1,0,0
2,67,15,From Free Kick,Argentina,3857300,0 days 01:07:15,0,0,0,0,0,0,1,0,0
2,67,19,From Free Kick,Argentina,3857300,0 days 01:07:19,0,0,0,0,0,0,1,0,0
2,67,22,From Free Kick,Argentina,3857300,0 days 01:07:22,0,0,0,0,0,0,1,0,0
2,67,25,From Free Kick,Argentina,3857300,0 days 01:07:25,0,0,0,0,0,0,1,0,0
2,67,30,From Free Kick,Argentina,3857300,0 days 01:07:30,0,0,0,0,0,0,1,0,0
2,67,32,From Free Kick,Argentina,3857300,0 days 01:07:32,0,0,0,0,0,0,1,0,0
2,67,36,From Free Kick,Argentina,3857300,0 days 01:07:36,0,0,1,0,0,0,0,0,0
2,67,36,From Free Kick,Saudi Arabia,3857300,0 days 01:07:36,0,0,0,0,0,0,0,0,1
2,67,45,From Throw In,Argentina,3857300,0 days 01:07:45,0,0,0,0,0,0,1,0,0
2,67,47,From Throw In,Argentina,3857300,0 days 01:07:47,0,0,0,0,0,0,1,0,0
2,67,49,From Throw In,Argentina,3857300,0 days 01:07:49,0,0,0,0,0,0,1,0,0
2,67,51,From Throw In,Argentina,3857300,0 days 01:07:51,0,0,0,0,0,0,1,0,0
2,67,56,From Throw In,Argentina,3857300,0 days 01:07:56,0,0,0,0,0,0,1,0,0
2,68,0,From Throw In,Argentina,3857300,0 days 01:08:00,0,0,0,0,0,0,1,0,0
2,68,7,From Throw In,Argentina,3857300,0 days 01:08:07,0,0,0,0,0,0,1,0,0
2,68,7,From Throw In,Argentina,3857300,0 days 01:08:07,0,0,0,0,0,0,1,0,0
2,68,11,From Throw In,Argentina,3857300,0 days 01:08:11,0,0,0,0,0,0,1,0,0
2,68,13,From Throw In,Saudi Arabia,3857300,0 days 01:08:13,0,0,0,0,0,1,0,0,0
2,68,34,From Corner,Argentina,3857300,0 days 01:08:34,0,0,0,0,0,0,1,0,0
2,68,35,From Corner,Argentina,3857300,0 days 01:08:35,0,0,0,0,0,0,0,1,0
2,70,17,From Goal Kick,Saudi Arabia,3857300,0 days 01:10:17,0,0,0,0,0,0,1,0,0
2,70,20,From Goal Kick,Saudi Arabia,3857300,0 days 01:10:20,0,0,0,0,0,0,1,0,0
2,70,21,From Goal Kick,Argentina,3857300,0 days 01:10:21,0,0,0,0,0,1,0,0,0
2,70,23,From Goal Kick,Saudi Arabia,3857300,0 days 01:10:23,0,0,0,0,0,0,1,0,0
2,70,49,From Throw In,Argentina,3857300,0 days 01:10:49,0,0,0,0,0,0,1,0,0
2,70,50,From Throw In,Argentina,3857300,0 days 01:10:50,0,0,0,0,0,0,1,0,0
2,70,52,From Throw In,Saudi Arabia,3857300,0 days 01:10:52,0,1,0,0,0,0,0,0,0
2,70,57,From Throw In,Argentina,3857300,0 days 01:10:57,0,0,0,0,0,0,1,0,0
2,71,0,From Throw In,Argentina,3857300,0 days 01:11:00,0,0,0,0,0,0,1,0,0
2,71,3,From Throw In,Argentina,3857300,0 days 01:11:03,0,0,0,0,0,0,1,0,0
2,71,8,From Throw In,Argentina,3857300,0 days 01:11:08,0,0,0,1,0,0,0,0,0
2,71,8,From Throw In,Saudi Arabia,3857300,0 days 01:11:08,0,0,0,0,0,0,0,0,1
2,71,14,From Throw In,Argentina,3857300,0 days 01:11:14,0,0,0,0,0,0,1,0,0
2,71,18,From Throw In,Argentina,3857300,0 days 01:11:18,0,0,0,0,0,0,1,0,0
2,71,22,From Throw In,Argentina,3857300,0 days 01:11:22,0,0,0,0,0,0,1,0,0
2,71,24,From Throw In,Argentina,3857300,0 days 01:11:24,0,0,0,0,0,0,1,0,0
2,71,28,From Throw In,Argentina,3857300,0 days 01:11:28,0,0,0,0,0,0,1,0,0
2,71,30,From Throw In,Argentina,3857300,0 days 01:11:30,0,0,0,0,0,0,1,0,0
2,71,37,From Throw In,Argentina,3857300,0 days 01:11:37,0,0,0,0,0,0,1,0,0
2,71,39,From Throw In,Argentina,3857300,0 days 01:11:39,0,0,0,0,0,0,1,0,0
2,71,41,From Throw In,Argentina,3857300,0 days 01:11:41,0,0,0,0,0,0,1,0,0
2,71,48,From Throw In,Argentina,3857300,0 days 01:11:48,0,0,0,0,0,0,1,0,0
2,71,52,From Throw In,Argentina,3857300,0 days 01:11:52,0,0,0,0,0,0,1,0,0
2,71,54,From Throw In,Argentina,3857300,0 days 01:11:54,0,0,0,0,0,0,0,1,0
2,72,11,From Keeper,Saudi Arabia,3857300,0 days 01:12:11,0,0,0,0,0,0,1,0,0
2,72,13,From Keeper,Argentina,3857300,0 days 01:12:13,1,0,0,0,0,0,0,0,0
2,72,15,From Keeper,Argentina,3857300,0 days 01:12:15,0,0,0,0,0,0,1,0,0
2,72,20,From Keeper,Argentina,3857300,0 days 01:12:20,0,0,0,0,0,0,1,0,0
2,72,21,From Keeper,Saudi Arabia,3857300,0 days 01:12:21,0,1,0,0,0,0,0,0,0
2,72,22,From Keeper,Argentina,3857300,0 days 01:12:22,1,0,0,0,0,0,0,0,0
2,72,28,From Keeper,Saudi Arabia,3857300,0 days 01:12:28,0,0,0,0,0,0,1,0,0
2,72,50,From Throw In,Argentina,3857300,0 days 01:12:50,0,0,0,0,0,0,1,0,0
2,72,51,From Throw In,Argentina,3857300,0 days 01:12:51,0,0,0,0,0,0,1,0,0
2,72,52,From Throw In,Saudi Arabia,3857300,0 days 01:12:52,0,0,0,0,0,1,0,0,0
2,72,53,From Throw In,Saudi Arabia,3857300,0 days 01:12:53,0,1,0,0,0,0,0,0,0
2,72,57,From Throw In,Argentina,3857300,0 days 01:12:57,1,0,0,0,0,0,0,0,0
2,72,58,From Throw In,Argentina,3857300,0 days 01:12:58,0,0,0,0,0,0,1,0,0
2,73,0,From Throw In,Saudi Arabia,3857300,0 days 01:13:00,0,0,0,0,0,0,1,0,0
2,73,4,From Throw In,Argentina,3857300,0 days 01:13:04,0,1,0,0,0,0,0,0,0
2,73,6,From Throw In,Saudi Arabia,3857300,0 days 01:13:06,0,0,0,0,0,0,1,0,0
2,73,9,From Throw In,Argentina,3857300,0 days 01:13:09,1,0,0,0,0,0,0,0,0
2,73,10,From Throw In,Argentina,3857300,0 days 01:13:10,0,0,0,0,0,0,1,0,0
2,73,17,From Throw In,Argentina,3857300,0 days 01:13:17,0,0,0,0,0,0,1,0,0
2,73,19,From Throw In,Argentina,3857300,0 days 01:13:19,0,0,0,0,0,0,1,0,0
2,73,24,From Throw In,Argentina,3857300,0 days 01:13:24,0,0,0,0,0,0,1,0,0
2,73,28,From Throw In,Argentina,3857300,0 days 01:13:28,0,0,0,0,0,0,1,0,0
2,73,32,From Throw In,Argentina,3857300,0 days 01:13:32,0,0,0,0,0,0,1,0,0
2,73,36,From Throw In,Argentina,3857300,0 days 01:13:36,0,0,0,0,0,0,1,0,0
2,73,37,From Throw In,Argentina,3857300,0 days 01:13:37,0,0,0,0,0,0,0,1,0
2,73,40,Regular Play,Saudi Arabia,3857300,0 days 01:13:40,1,0,0,0,0,0,0,0,0
2,73,40,Regular Play,Saudi Arabia,3857300,0 days 01:13:40,0,0,0,0,0,0,1,0,0
2,73,42,Regular Play,Saudi Arabia,3857300,0 days 01:13:42,0,0,0,0,0,0,1,0,0
2,73,44,Regular Play,Argentina,3857300,0 days 01:13:44,0,0,0,0,1,0,0,0,0
2,74,25,From Free Kick,Saudi Arabia,3857300,0 days 01:14:25,0,0,0,0,0,0,1,0,0
2,74,29,From Free Kick,Argentina,3857300,0 days 01:14:29,0,1,0,0,0,0,0,0,0
2,74,30,From Free Kick,Saudi Arabia,3857300,0 days 01:14:30,0,0,0,0,0,0,1,0,0
2,74,37,From Throw In,Argentina,3857300,0 days 01:14:37,0,0,0,0,0,0,1,0,0
2,74,41,From Throw In,Argentina,3857300,0 days 01:14:41,0,0,0,0,0,0,1,0,0
2,74,46,From Throw In,Argentina,3857300,0 days 01:14:46,0,0,0,0,0,0,1,0,0
2,74,48,From Throw In,Argentina,3857300,0 days 01:14:48,0,0,0,0,0,0,1,0,0
2,74,52,From Throw In,Argentina,3857300,0 days 01:14:52,0,0,0,0,0,0,1,0,0
2,74,53,From Throw In,Argentina,3857300,0 days 01:14:53,0,0,0,0,0,0,1,0,0
2,74,57,From Throw In,Argentina,3857300,0 days 01:14:57,0,0,0,0,0,0,1,0,0
2,74,59,From Throw In,Saudi Arabia,3857300,0 days 01:14:59,0,1,0,0,0,0,0,0,0
2,75,17,From Corner,Argentina,3857300,0 days 01:15:17,0,0,0,0,0,0,1,0,0
2,75,19,From Corner,Argentina,3857300,0 days 01:15:19,0,0,0,0,0,0,0,1,0
2,75,51,From Goal Kick,Saudi Arabia,3857300,0 days 01:15:51,0,0,0,0,0,0,1,0,0
2,75,55,From Goal Kick,Argentina,3857300,0 days 01:15:55,0,1,0,0,0,0,0,0,0
2,76,20,From Throw In,Saudi Arabia,3857300,0 days 01:16:20,0,0,0,0,0,0,1,0,0
2,76,22,From Throw In,Argentina,3857300,0 days 01:16:22,0,0,0,0,0,1,0,0,0
2,76,24,From Throw In,Argentina,3857300,0 days 01:16:24,0,1,0,0,0,0,0,0,0
2,76,24,From Throw In,Saudi Arabia,3857300,0 days 01:16:24,1,0,0,0,0,0,0,0,0
2,76,25,From Throw In,Saudi Arabia,3857300,0 days 01:16:25,0,0,0,0,0,0,1,0,0
2,76,27,From Throw In,Saudi Arabia,3857300,0 days 01:16:27,0,0,0,0,0,0,1,0,0
2,76,28,From Throw In,Saudi Arabia,3857300,0 days 01:16:28,0,0,0,0,0,0,1,0,0
2,76,33,From Throw In,Saudi Arabia,3857300,0 days 01:16:33,0,0,1,0,0,0,0,0,0
2,76,33,Regular Play,Argentina,3857300,0 days 01:16:33,0,0,0,0,0,0,0,0,1
2,76,35,Regular Play,Argentina,3857300,0 days 01:16:35,0,0,0,0,0,0,1,0,0
2,76,36,Regular Play,Saudi Arabia,3857300,0 days 01:16:36,0,0,0,0,0,0,1,0,0
2,76,37,Regular Play,Saudi Arabia,3857300,0 days 01:16:37,0,0,0,0,1,0,0,0,0
2,67,28,From Corner,Qatar,3857301,0 days 01:07:28,0,0,0,0,0,0,1,0,0
2,67,29,From Corner,Senegal,3857301,0 days 01:07:29,0,1,0,0,0,0,0,0,0
2,67,32,From Corner,Qatar,3857301,0 days 01:07:32,0,0,0,0,0,0,1,0,0
2,67,35,From Corner,Qatar,3857301,0 days 01:07:35,0,0,0,0,0,0,1,0,0
2,67,37,From Corner,Senegal,3857301,0 days 01:07:37,0,1,0,0,0,0,0,0,0
2,67,43,From Throw In,Qatar,3857301,0 days 01:07:43,0,0,0,0,0,0,1,0,0
2,67,46,From Throw In,Qatar,3857301,0 days 01:07:46,0,0,0,0,0,0,1,0,0
2,67,49,From Throw In,Qatar,3857301,0 days 01:07:49,0,0,0,0,0,0,1,0,0
2,67,53,From Throw In,Qatar,3857301,0 days 01:07:53,0,0,0,0,0,0,1,0,0
2,68,30,From Throw In,Senegal,3857301,0 days 01:08:30,0,0,0,0,0,0,1,0,0
2,68,31,From Throw In,Qatar,3857301,0 days 01:08:31,0,0,0,0,0,0,1,0,0
2,68,33,From Throw In,Senegal,3857301,0 days 01:08:33,0,0,0,0,0,0,1,0,0
2,68,34,From Throw In,Senegal,3857301,0 days 01:08:34,0,0,0,0,0,0,1,0,0
2,68,37,From Throw In,Senegal,3857301,0 days 01:08:37,0,0,0,0,0,0,1,0,0
2,68,37,From Throw In,Senegal,3857301,0 days 01:08:37,0,0,0,0,0,0,1,0,0
2,68,46,From Throw In,Senegal,3857301,0 days 01:08:46,0,0,0,0,0,0,1,0,0
2,68,48,From Throw In,Senegal,3857301,0 days 01:08:48,0,0,0,0,0,0,0,1,0
2,69,3,From Goal Kick,Qatar,3857301,0 days 01:09:03,0,0,0,0,0,0,1,0,0
2,69,8,From Goal Kick,Qatar,3857301,0 days 01:09:08,0,0,0,0,0,0,1,0,0
2,69,11,From Goal Kick,Qatar,3857301,0 days 01:09:11,0,0,0,0,0,0,1,0,0
2,69,15,From Goal Kick,Qatar,3857301,0 days 01:09:15,0,0,0,0,0,0,1,0,0
2,69,17,From Goal Kick,Qatar,3857301,0 days 01:09:17,0,0,0,0,0,0,1,0,0
2,69,19,From Goal Kick,Qatar,3857301,0 days 01:09:19,0,0,0,0,0,0,1,0,0
2,69,22,From Goal Kick,Qatar,3857301,0 days 01:09:22,0,0,0,0,0,0,1,0,0
2,69,25,From Goal Kick,Senegal,3857301,0 days 01:09:25,0,1,0,0,0,0,0,0,0
2,69,29,From Throw In,Qatar,3857301,0 days 01:09:29,0,0,0,0,0,0,1,0,0
2,69,30,From Throw In,Qatar,3857301,0 days 01:09:30,0,0,0,0,0,0,1,0,0
2,69,32,From Throw In,Qatar,3857301,0 days 01:09:32,0,0,0,0,0,0,1,0,0
2,69,35,From Throw In,Qatar,3857301,0 days 01:09:35,0,0,0,0,0,0,1,0,0
2,69,39,From Throw In,Qatar,3857301,0 days 01:09:39,0,0,0,0,0,0,1,0,0
2,69,43,From Throw In,Qatar,3857301,0 days 01:09:43,0,0,0,0,0,0,1,0,0
2,69,48,From Throw In,Qatar,3857301,0 days 01:09:48,0,0,0,0,0,0,1,0,0
2,69,50,From Throw In,Qatar,3857301,0 days 01:09:50,0,0,0,0,0,0,1,0,0
2,69,56,From Throw In,Qatar,3857301,0 days 01:09:56,0,0,0,0,0,0,1,0,0
2,69,57,From Throw In,Qatar,3857301,0 days 01:09:57,0,0,0,0,0,0,1,0,0
2,70,11,From Keeper,Senegal,3857301,0 days 01:10:11,0,0,0,0,0,0,1,0,0
2,70,16,From Keeper,Senegal,3857301,0 days 01:10:16,0,0,0,0,0,0,1,0,0
2,70,20,From Keeper,Senegal,3857301,0 days 01:10:20,0,0,0,0,0,0,1,0,0
2,70,23,From Keeper,Senegal,3857301,0 days 01:10:23,0,0,0,0,0,0,1,0,0
2,70,27,From Keeper,Senegal,3857301,0 days 01:10:27,0,0,0,0,0,0,1,0,0
2,70,30,From Keeper,Senegal,3857301,0 days 01:10:30,0,0,0,0,0,0,1,0,0
2,70,35,From Keeper,Senegal,3857301,0 days 01:10:35,0,0,0,0,0,0,1,0,0
2,70,39,From Keeper,Senegal,3857301,0 days 01:10:39,0,0,0,0,0,0,1,0,0
2,70,40,From Keeper,Senegal,3857301,0 days 01:10:40,0,0,0,0,0,0,1,0,0
2,70,42,From Keeper,Senegal,3857301,0 days 01:10:42,0,0,0,0,0,0,1,0,0
2,70,45,From Keeper,Senegal,3857301,0 days 01:10:45,0,0,0,0,0,0,1,0,0
2,71,3,From Throw In,Qatar,3857301,0 days 01:11:03,0,0,0,0,0,0,1,0,0
2,71,5,From Throw In,Qatar,3857301,0 days 01:11:05,0,0,0,0,0,0,1,0,0
2,71,11,From Throw In,Qatar,3857301,0 days 01:11:11,0,0,0,0,0,0,1,0,0
2,71,16,From Throw In,Qatar,3857301,0 days 01:11:16,0,0,0,0,0,0,1,0,0
2,71,17,From Throw In,Senegal,3857301,0 days 01:11:17,1,0,0,0,0,0,0,0,0
2,71,19,From Throw In,Qatar,3857301,0 days 01:11:19,1,0,0,0,0,0,0,0,0
2,71,19,From Throw In,Senegal,3857301,0 days 01:11:19,0,0,0,0,1,0,0,0,0
2,72,10,From Free Kick,Qatar,3857301,0 days 01:12:10,0,0,0,0,0,0,1,0,0
2,72,13,From Free Kick,Qatar,3857301,0 days 01:12:13,0,0,0,0,0,0,1,0,0
2,72,42,From Corner,Qatar,3857301,0 days 01:12:42,0,0,0,0,0,0,1,0,0
2,72,45,From Corner,Qatar,3857301,0 days 01:12:45,0,0,0,0,1,0,0,0,0
2,74,18,From Free Kick,Senegal,3857301,0 days 01:14:18,0,0,0,0,0,0,1,0,0
2,74,24,Regular Play,Qatar,3857301,0 days 01:14:24,1,0,0,0,0,0,0,0,0
2,74,30,Regular Play,Qatar,3857301,0 days 01:14:30,0,0,0,0,0,0,1,0,0
2,74,32,Regular Play,Qatar,3857301,0 days 01:14:32,0,0,0,0,0,0,1,0,0
2,74,35,Regular Play,Qatar,3857301,0 days 01:14:35,0,0,0,0,0,0,1,0,0
2,74,38,Regular Play,Senegal,3857301,0 days 01:14:38,1,0,0,0,0,0,0,0,0
2,74,39,Regular Play,Senegal,3857301,0 days 01:14:39,0,0,0,0,0,0,1,0,0
2,74,40,Regular Play,Senegal,3857301,0 days 01:14:40,0,0,0,0,0,0,1,0,0
2,74,43,Regular Play,Qatar,3857301,0 days 01:14:43,0,0,0,0,1,0,0,0,0
2,74,43,Regular Play,Senegal,3857301,0 days 01:14:43,0,0,0,0,0,0,1,0,0
2,74,48,Regular Play,Senegal,3857301,0 days 01:14:48,0,0,0,0,0,0,1,0,0
2,74,56,Regular Play,Senegal,3857301,0 days 01:14:56,0,0,0,0,0,0,1,0,0
2,75,1,Regular Play,Qatar,3857301,0 days 01:15:01,1,0,0,0,0,0,0,0,0
2,75,5,Regular Play,Senegal,3857301,0 days 01:15:05,0,0,0,0,1,0,0,0,0
2,75,13,From Free Kick,Qatar,3857301,0 days 01:15:13,0,0,0,0,0,0,1,0,0
2,75,18,From Free Kick,Qatar,3857301,0 days 01:15:18,0,0,0,0,0,0,1,0,0
2,75,22,From Free Kick,Qatar,3857301,0 days 01:15:22,0,0,0,0,0,0,1,0,0
2,75,30,From Goal Kick,Qatar,3857301,0 days 01:15:30,0,0,0,0,0,0,1,0,0
2,75,40,From Goal Kick,Qatar,3857301,0 days 01:15:40,0,0,0,0,0,0,1,0,0
2,75,45,From Goal Kick,Qatar,3857301,0 days 01:15:45,0,0,0,0,0,0,1,0,0
2,75,50,From Goal Kick,Qatar,3857301,0 days 01:15:50,0,0,0,0,0,0,1,0,0
2,75,54,From Goal Kick,Qatar,3857301,0 days 01:15:54,0,0,0,0,0,0,1,0,0
2,75,57,From Goal Kick,Qatar,3857301,0 days 01:15:57,0,0,0,0,0,0,1,0,0
2,76,1,From Goal Kick,Qatar,3857301,0 days 01:16:01,0,0,0,0,0,0,1,0,0
2,76,3,From Goal Kick,Qatar,3857301,0 days 01:16:03,0,0,0,0,0,0,1,0,0
2,76,6,From Goal Kick,Qatar,3857301,0 days 01:16:06,0,0,0,0,0,0,1,0,0
2,76,11,From Goal Kick,Qatar,3857301,0 days 01:16:11,0,0,0,0,0,0,1,0,0
2,76,11,From Goal Kick,Qatar,3857301,0 days 01:16:11,0,0,0,0,0,0,1,0,0
2,76,14,From Goal Kick,Qatar,3857301,0 days 01:16:14,0,0,0,0,0,0,1,0,0
2,76,16,From Goal Kick,Qatar,3857301,0 days 01:16:16,0,0,1,0,0,0,0,0,0
2,76,16,From Goal Kick,Senegal,3857301,0 days 01:16:16,0,0,0,0,0,0,0,0,1
2,76,22,From Throw In,Qatar,3857301,0 days 01:16:22,0,0,0,0,0,0,1,0,0
2,76,26,From Throw In,Qatar,3857301,0 days 01:16:26,0,0,0,0,0,0,1,0,0
2,76,27,From Throw In,Qatar,3857301,0 days 01:16:27,0,0,0,0,0,0,1,0,0
2,76,31,From Throw In,Senegal,3857301,0 days 01:16:31,0,0,0,0,1,0,0,0,0
2,67,0,Regular Play,Netherlands,3869117,0 days 01:07:00,0,0,0,0,0,0,1,0,0
2,67,7,From Throw In,United States,3869117,0 days 01:07:07,0,0,0,0,0,0,1,0,0
2,67,8,From Throw In,United States,3869117,0 days 01:07:08,0,0,0,0,0,0,1,0,0
2,67,12,From Throw In,United States,3869117,0 days 01:07:12,0,0,0,1,0,0,0,0,0
2,67,12,Regular Play,Netherlands,3869117,0 days 01:07:12,0,0,0,0,0,0,0,0,1
2,67,13,Regular Play,Netherlands,3869117,0 days 01:07:13,0,0,0,0,0,0,1,0,0
2,67,18,Regular Play,Netherlands,3869117,0 days 01:07:18,0,0,0,0,0,0,1,0,0
2,67,21,Regular Play,United States,3869117,0 days 01:07:21,0,0,0,0,0,1,0,0,0
2,67,39,From Throw In,Netherlands,3869117,0 days 01:07:39,0,0,0,0,0,0,1,0,0
2,67,40,From Throw In,Netherlands,3869117,0 days 01:07:40,0,0,0,0,0,0,1,0,0
2,67,42,From Throw In,Netherlands,3869117,0 days 01:07:42,0,0,0,0,0,0,1,0,0
2,67,43,From Throw In,Netherlands,3869117,0 days 01:07:43,0,0,0,0,0,0,1,0,0
2,67,44,From Throw In,Netherlands,3869117,0 days 01:07:44,0,0,0,0,0,0,1,0,0
2,67,46,Regular Play,United States,3869117,0 days 01:07:46,1,0,0,0,0,0,0,0,0
2,67,47,Regular Play,United States,3869117,0 days 01:07:47,0,0,0,0,0,0,1,0,0
2,67,49,Regular Play,United States,3869117,0 days 01:07:49,0,0,0,0,0,0,1,0,0
2,67,52,Regular Play,United States,3869117,0 days 01:07:52,0,0,1,0,0,0,0,0,0
2,67,52,Regular Play,Netherlands,3869117,0 days 01:07:52,0,0,0,0,0,0,0,0,1
2,67,54,Regular Play,United States,3869117,0 days 01:07:54,0,0,0,0,1,0,0,0,0
2,68,14,From Free Kick,Netherlands,3869117,0 days 01:08:14,0,0,0,0,0,0,1,0,0
2,68,16,From Free Kick,Netherlands,3869117,0 days 01:08:16,0,0,0,0,0,0,1,0,0
2,68,20,From Free Kick,Netherlands,3869117,0 days 01:08:20,0,0,0,0,0,0,1,0,0
2,68,22,From Free Kick,Netherlands,3869117,0 days 01:08:22,0,0,0,0,0,0,1,0,0
2,68,24,From Free Kick,Netherlands,3869117,0 days 01:08:24,0,0,0,0,0,0,1,0,0
2,68,28,From Free Kick,Netherlands,3869117,0 days 01:08:28,0,0,0,0,0,0,1,0,0
2,68,28,From Free Kick,United States,3869117,0 days 01:08:28,0,0,0,0,0,1,0,0,0
2,68,29,From Free Kick,Netherlands,3869117,0 days 01:08:29,1,0,0,0,0,0,0,0,0
2,68,29,From Free Kick,Netherlands,3869117,0 days 01:08:29,0,0,0,0,0,0,1,0,0
2,68,31,From Free Kick,Netherlands,3869117,0 days 01:08:31,0,0,0,0,0,0,1,0,0
2,68,33,From Free Kick,Netherlands,3869117,0 days 01:08:33,0,0,0,1,0,0,0,0,0
2,68,34,From Free Kick,United States,3869117,0 days 01:08:34,0,1,0,0,0,0,0,0,0
2,68,36,From Free Kick,Netherlands,3869117,0 days 01:08:36,0,0,0,0,0,0,1,0,0
2,68,44,From Free Kick,Netherlands,3869117,0 days 01:08:44,0,0,0,0,0,0,1,0,0
2,68,46,From Free Kick,Netherlands,3869117,0 days 01:08:46,0,0,0,0,0,0,1,0,0
2,68,48,From Free Kick,Netherlands,3869117,0 days 01:08:48,0,0,0,0,0,0,1,0,0
2,68,49,From Free Kick,United States,3869117,0 days 01:08:49,0,1,0,0,0,0,0,0,0
2,68,51,From Free Kick,United States,3869117,0 days 01:08:51,1,0,0,0,0,0,0,0,0
2,68,52,From Free Kick,United States,3869117,0 days 01:08:52,0,0,0,0,0,0,1,0,0
2,69,3,From Throw In,Netherlands,3869117,0 days 01:09:03,0,0,0,0,0,0,1,0,0
2,69,7,From Throw In,Netherlands,3869117,0 days 01:09:07,0,0,0,0,0,0,1,0,0
2,69,11,From Throw In,Netherlands,3869117,0 days 01:09:11,0,0,0,0,0,0,1,0,0
2,69,15,From Throw In,United States,3869117,0 days 01:09:15,0,1,0,0,0,0,0,0,0
2,69,18,From Throw In,United States,3869117,0 days 01:09:18,0,0,0,0,0,0,1,0,0
2,69,19,From Throw In,Netherlands,3869117,0 days 01:09:19,0,0,0,0,0,0,1,0,0
2,69,20,From Throw In,Netherlands,3869117,0 days 01:09:20,0,0,0,0,0,0,1,0,0
2,69,21,From Throw In,United States,3869117,0 days 01:09:21,0,0,0,0,0,0,1,0,0
2,69,24,From Throw In,United States,3869117,0 days 01:09:24,0,0,0,0,0,0,1,0,0
2,69,27,From Throw In,Netherlands,3869117,0 days 01:09:27,0,0,0,0,0,0,1,0,0
2,69,34,From Throw In,Netherlands,3869117,0 days 01:09:34,0,0,1,0,0,0,0,0,0
2,69,34,From Throw In,United States,3869117,0 days 01:09:34,0,0,0,0,0,0,0,0,1
2,70,8,From Corner,Netherlands,3869117,0 days 01:10:08,0,0,0,0,0,0,1,0,0
2,70,10,From Corner,Netherlands,3869117,0 days 01:10:10,0,0,0,0,0,0,0,1,0
2,70,25,From Goal Kick,United States,3869117,0 days 01:10:25,0,0,0,0,0,0,1,0,0
2,70,30,From Goal Kick,United States,3869117,0 days 01:10:30,0,0,0,0,0,0,1,0,0
2,70,31,From Goal Kick,United States,3869117,0 days 01:10:31,0,0,0,0,0,0,1,0,0
2,70,35,From Goal Kick,Netherlands,3869117,0 days 01:10:35,0,0,0,0,0,0,1,0,0
2,70,37,From Goal Kick,United States,3869117,0 days 01:10:37,0,0,0,0,0,1,0,0,0
2,70,38,From Goal Kick,United States,3869117,0 days 01:10:38,0,0,0,0,0,0,1,0,0
2,70,41,From Goal Kick,United States,3869117,0 days 01:10:41,0,0,0,1,0,0,0,0,0
2,70,44,Regular Play,Netherlands,3869117,0 days 01:10:44,1,0,0,0,0,0,0,0,0
2,70,48,Regular Play,Netherlands,3869117,0 days 01:10:48,0,0,1,0,0,0,0,0,0
2,70,48,Regular Play,United States,3869117,0 days 01:10:48,0,0,0,0,0,0,0,0,1
2,70,49,Regular Play,Netherlands,3869117,0 days 01:10:49,1,0,0,0,0,0,0,0,0
2,70,50,Regular Play,Netherlands,3869117,0 days 01:10:50,0,0,0,0,0,0,1,0,0
2,70,52,Regular Play,Netherlands,3869117,0 days 01:10:52,0,0,0,0,0,0,0,1,0
2,70,54,Regular Play,Netherlands,3869117,0 days 01:10:54,1,0,0,0,0,0,0,0,0
2,70,54,Regular Play,Netherlands,3869117,0 days 01:10:54,0,0,0,0,0,0,0,1,0
2,70,58,From Keeper,United States,3869117,0 days 01:10:58,0,0,0,0,0,0,1,0,0
2,71,1,From Keeper,Netherlands,3869117,0 days 01:11:01,0,0,0,0,0,0,1,0,0
2,71,4,From Keeper,Netherlands,3869117,0 days 01:11:04,0,0,0,0,0,0,1,0,0
2,71,8,From Keeper,Netherlands,3869117,0 days 01:11:08,0,0,0,0,0,0,1,0,0
2,71,12,From Keeper,Netherlands,3869117,0 days 01:11:12,0,0,0,0,0,0,1,0,0
2,71,14,From Keeper,Netherlands,3869117,0 days 01:11:14,0,0,0,0,0,0,1,0,0
2,71,17,From Keeper,Netherlands,3869117,0 days 01:11:17,0,0,0,0,0,0,1,0,0
2,71,17,From Keeper,Netherlands,3869117,0 days 01:11:17,0,0,0,0,0,0,1,0,0
2,71,19,From Keeper,Netherlands,3869117,0 days 01:11:19,0,0,0,0,0,0,1,0,0
2,71,23,From Keeper,United States,3869117,0 days 01:11:23,0,0,0,0,0,0,1,0,0
2,71,26,From Keeper,United States,3869117,0 days 01:11:26,0,0,0,0,0,0,1,0,0
2,71,28,From Keeper,United States,3869117,0 days 01:11:28,0,0,0,0,0,0,1,0,0
2,71,50,From Free Kick,Netherlands,3869117,0 days 01:11:50,0,0,0,0,0,0,1,0,0
2,71,53,From Free Kick,Netherlands,3869117,0 days 01:11:53,0,0,0,0,0,0,1,0,0
2,71,58,From Free Kick,Netherlands,3869117,0 days 01:11:58,0,0,0,0,0,0,1,0,0
2,72,0,From Free Kick,Netherlands,3869117,0 days 01:12:00,0,0,0,0,0,0,1,0,0
2,72,3,From Free Kick,Netherlands,3869117,0 days 01:12:03,0,0,0,0,0,0,1,0,0
2,72,6,From Free Kick,Netherlands,3869117,0 days 01:12:06,0,0,0,0,0,0,1,0,0
2,72,8,From Free Kick,Netherlands,3869117,0 days 01:12:08,0,0,0,0,0,0,1,0,0
2,72,9,From Free Kick,Netherlands,3869117,0 days 01:12:09,0,0,0,0,0,0,1,0,0
2,72,12,From Free Kick,Netherlands,3869117,0 days 01:12:12,0,0,0,0,0,0,1,0,0
2,72,14,From Free Kick,Netherlands,3869117,0 days 01:12:14,0,0,0,0,0,0,1,0,0
2,72,15,From Free Kick,Netherlands,3869117,0 days 01:12:15,0,0,0,0,0,0,1,0,0
2,72,17,From Free Kick,Netherlands,3869117,0 days 01:12:17,0,0,0,0,0,0,1,0,0
2,72,22,From Free Kick,Netherlands,3869117,0 days 01:12:22,0,0,0,0,0,0,1,0,0
2,72,24,From Free Kick,Netherlands,3869117,0 days 01:12:24,0,0,0,0,0,0,1,0,0
2,72,28,From Free Kick,Netherlands,3869117,0 days 01:12:28,0,0,0,0,0,0,1,0,0
2,72,32,From Free Kick,Netherlands,3869117,0 days 01:12:32,0,0,0,0,0,0,1,0,0
2,72,35,From Free Kick,Netherlands,3869117,0 days 01:12:35,0,0,0,0,0,0,1,0,0
2,72,36,Regular Play,United States,3869117,0 days 01:12:36,1,0,0,0,0,0,0,0,0
2,72,38,Regular Play,United States,3869117,0 days 01:12:38,0,0,0,1,0,0,0,0,0
2,72,38,Regular Play,Netherlands,3869117,0 days 01:12:38,0,0,0,0,0,0,0,0,1
2,72,39,Regular Play,United States,3869117,0 days 01:12:39,0,0,0,0,0,0,1,0,0
2,72,42,Regular Play,United States,3869117,0 days 01:12:42,0,0,0,0,0,0,1,0,0
2,72,45,Regular Play,United States,3869117,0 days 01:12:45,0,0,0,0,0,0,1,0,0
2,72,47,Regular Play,United States,3869117,0 days 01:12:47,0,0,0,0,0,0,1,0,0
2,72,58,Regular Play,United States,3869117,0 days 01:12:58,0,0,0,0,0,0,1,0,0
2,73,2,Regular Play,United States,3869117,0 days 01:13:02,0,0,0,0,0,0,1,0,0
2,73,5,Regular Play,United States,3869117,0 days 01:13:05,0,0,0,0,0,0,1,0,0
2,73,7,Regular Play,United States,3869117,0 days 01:13:07,0,0,0,0,0,0,1,0,0
2,73,13,Regular Play,United States,3869117,0 days 01:13:13,0,0,0,0,0,0,0,1,0
2,73,43,From Goal Kick,Netherlands,3869117,0 days 01:13:43,0,0,0,0,0,0,1,0,0
2,73,50,From Goal Kick,Netherlands,3869117,0 days 01:13:50,0,0,0,0,0,0,1,0,0
2,73,53,From Goal Kick,United States,3869117,0 days 01:13:53,0,0,0,0,0,1,0,0,0
2,73,55,Regular Play,United States,3869117,0 days 01:13:55,0,0,0,0,0,0,1,0,0
2,73,56,Regular Play,United States,3869117,0 days 01:13:56,0,0,0,0,0,0,1,0,0
2,74,0,Regular Play,United States,3869117,0 days 01:14:00,0,0,0,0,0,0,1,0,0
2,74,2,Regular Play,United States,3869117,0 days 01:14:02,1,0,0,0,0,0,0,0,0
2,74,3,Regular Play,United States,3869117,0 days 01:14:03,0,0,0,0,0,0,1,0,0
2,74,5,Regular Play,United States,3869117,0 days 01:14:05,0,0,0,1,0,0,0,0,0
2,74,5,Regular Play,Netherlands,3869117,0 days 01:14:05,0,0,0,0,0,0,0,0,1
2,74,6,Regular Play,Netherlands,3869117,0 days 01:14:06,0,0,0,0,0,0,1,0,0
2,74,7,Regular Play,Netherlands,3869117,0 days 01:14:07,0,0,0,0,0,0,1,0,0
2,74,10,Regular Play,Netherlands,3869117,0 days 01:14:10,0,0,0,0,0,0,1,0,0
2,74,13,Regular Play,United States,3869117,0 days 01:14:13,1,0,0,0,0,0,0,0,0
2,74,14,Regular Play,United States,3869117,0 days 01:14:14,0,0,0,0,0,0,0,1,0
2,75,9,From Corner,United States,3869117,0 days 01:15:09,0,0,0,0,0,0,1,0,0
2,75,11,From Corner,Netherlands,3869117,0 days 01:15:11,0,1,0,0,0,0,0,0,0
2,75,14,From Corner,Netherlands,3869117,0 days 01:15:14,0,0,0,0,0,0,1,0,0
2,75,14,From Corner,United States,3869117,0 days 01:15:14,0,0,0,0,0,0,1,0,0
2,75,16,From Corner,United States,3869117,0 days 01:15:16,0,0,0,0,0,0,1,0,0
2,75,16,From Corner,United States,3869117,0 days 01:15:16,0,0,0,0,0,0,1,0,0
2,75,20,From Corner,United States,3869117,0 days 01:15:20,0,0,0,0,0,0,1,0,0
2,75,20,From Corner,United States,3869117,0 days 01:15:20,0,0,0,0,0,0,0,1,0
2,76,9,From Kick Off,Netherlands,3869117,0 days 01:16:09,0,0,0,0,0,0,1,0,0
2,76,13,From Kick Off,Netherlands,3869117,0 days 01:16:13,0,0,0,0,0,0,1,0,0
2,76,16,From Kick Off,United States,3869117,0 days 01:16:16,0,0,0,0,0,0,1,0,0
2,76,18,From Kick Off,Netherlands,3869117,0 days 01:16:18,0,0,0,0,0,0,1,0,0
2,76,19,From Kick Off,United States,3869117,0 days 01:16:19,0,0,0,0,0,0,1,0,0
2,76,21,From Kick Off,Netherlands,3869117,0 days 01:16:21,0,0,0,0,0,0,1,0,0
2,76,23,From Kick Off,Netherlands,3869117,0 days 01:16:23,0,0,0,0,0,0,1,0,0
2,76,25,From Kick Off,United States,3869117,0 days 01:16:25,0,0,0,0,0,1,0,0,0
2,76,27,From Kick Off,United States,3869117,0 days 01:16:27,1,0,0,0,0,0,0,0,0
2,76,30,From Kick Off,United States,3869117,0 days 01:16:30,0,0,0,0,0,0,1,0,0
2,76,31,From Kick Off,Netherlands,3869117,0 days 01:16:31,0,0,0,0,0,0,1,0,0
2,76,33,From Kick Off,Netherlands,3869117,0 days 01:16:33,0,0,0,0,0,0,1,0,0
2,76,36,From Kick Off,Netherlands,3869117,0 days 01:16:36,0,0,0,0,0,0,1,0,0
2,76,37,From Kick Off,Netherlands,3869117,0 days 01:16:37,0,0,0,0,0,0,1,0,0
2,76,39,Regular Play,United States,3869117,0 days 01:16:39,1,0,0,0,0,0,0,0,0
2,76,40,Regular Play,United States,3869117,0 days 01:16:40,0,0,0,0,0,0,1,0,0
2,76,44,Regular Play,United States,3869117,0 days 01:16:44,0,0,0,0,0,0,1,0,0
2,76,46,Regular Play,United States,3869117,0 days 01:16:46,0,0,0,0,0,0,1,0,0
2,76,48,Regular Play,United States,3869117,0 days 01:16:48,0,0,0,0,0,0,1,0,0
2,76,50,Regular Play,United States,3869117,0 days 01:16:50,0,0,0,0,0,0,1,0,0
2,76,54,Regular Play,United States,3869117,0 days 01:16:54,0,0,0,0,0,0,1,0,0
2,67,8,From Free Kick,England,3869118,0 days 01:07:08,0,0,0,0,0,0,1,0,0
2,67,11,From Free Kick,England,3869118,0 days 01:07:11,0,0,0,0,0,0,1,0,0
2,67,14,From Free Kick,England,3869118,0 days 01:07:14,0,0,0,0,0,0,1,0,0
2,67,17,From Free Kick,England,3869118,0 days 01:07:17,0,0,0,0,0,0,1,0,0
2,67,18,From Free Kick,England,3869118,0 days 01:07:18,0,0,0,0,0,0,1,0,0
2,67,19,From Free Kick,England,3869118,0 days 01:07:19,0,0,0,0,0,0,1,0,0
2,67,21,From Free Kick,England,3869118,0 days 01:07:21,0,0,0,0,0,0,1,0,0
2,67,23,From Free Kick,England,3869118,0 days 01:07:23,0,0,0,0,0,0,1,0,0
2,67,25,From Free Kick,England,3869118,0 days 01:07:25,0,0,0,0,0,0,1,0,0
2,67,27,Regular Play,Senegal,3869118,0 days 01:07:27,0,0,0,0,0,0,1,0,0
2,67,29,Regular Play,Senegal,3869118,0 days 01:07:29,0,0,0,0,0,0,1,0,0
2,67,30,Regular Play,Senegal,3869118,0 days 01:07:30,0,0,0,0,0,0,1,0,0
2,67,33,Regular Play,Senegal,3869118,0 days 01:07:33,0,0,0,0,0,0,1,0,0
2,67,36,Regular Play,Senegal,3869118,0 days 01:07:36,0,0,0,0,0,0,1,0,0
2,67,38,Regular Play,England,3869118,0 days 01:07:38,1,0,0,0,0,0,0,0,0
2,67,43,Regular Play,England,3869118,0 days 01:07:43,0,0,0,0,0,0,1,0,0
2,67,47,Regular Play,Senegal,3869118,0 days 01:07:47,0,0,0,0,0,0,1,0,0
2,67,51,Regular Play,England,3869118,0 days 01:07:51,0,0,0,0,1,0,0,0,0
2,68,3,From Free Kick,Senegal,3869118,0 days 01:08:03,0,0,0,0,0,0,1,0,0
2,68,8,From Free Kick,Senegal,3869118,0 days 01:08:08,0,0,0,0,0,0,1,0,0
2,68,9,From Free Kick,Senegal,3869118,0 days 01:08:09,0,0,0,0,0,0,1,0,0
2,68,14,From Free Kick,Senegal,3869118,0 days 01:08:14,0,0,0,0,0,0,1,0,0
2,68,17,From Free Kick,England,3869118,0 days 01:08:17,0,0,0,0,0,0,1,0,0
2,68,18,From Free Kick,Senegal,3869118,0 days 01:08:18,1,0,0,0,0,0,0,0,0
2,68,20,From Free Kick,Senegal,3869118,0 days 01:08:20,0,0,0,0,0,0,1,0,0
2,68,23,From Free Kick,Senegal,3869118,0 days 01:08:23,0,0,0,0,0,0,1,0,0
2,68,25,From Free Kick,Senegal,3869118,0 days 01:08:25,0,0,0,0,0,0,0,1,0
2,68,27,From Free Kick,Senegal,3869118,0 days 01:08:27,0,0,0,0,0,0,1,0,0
2,68,31,From Free Kick,Senegal,3869118,0 days 01:08:31,0,0,0,0,0,0,1,0,0
2,68,34,From Free Kick,Senegal,3869118,0 days 01:08:34,0,0,0,0,0,0,1,0,0
2,68,44,From Free Kick,Senegal,3869118,0 days 01:08:44,0,0,0,0,0,0,1,0,0
2,69,7,From Goal Kick,England,3869118,0 days 01:09:07,0,0,0,0,0,0,1,0,0
2,69,10,From Goal Kick,England,3869118,0 days 01:09:10,0,0,0,0,0,0,1,0,0
2,69,13,From Goal Kick,England,3869118,0 days 01:09:13,0,0,0,0,0,0,1,0,0
2,69,14,From Goal Kick,England,3869118,0 days 01:09:14,0,0,0,0,0,0,1,0,0
2,69,15,From Goal Kick,England,3869118,0 days 01:09:15,0,0,0,0,0,0,1,0,0
2,69,20,From Goal Kick,England,3869118,0 days 01:09:20,0,0,0,0,0,0,1,0,0
2,69,21,From Goal Kick,England,3869118,0 days 01:09:21,0,0,0,0,0,0,1,0,0
2,69,25,From Goal Kick,England,3869118,0 days 01:09:25,0,0,0,0,0,0,1,0,0
2,69,29,From Goal Kick,England,3869118,0 days 01:09:29,0,0,0,0,0,0,1,0,0
2,69,40,From Goal Kick,England,3869118,0 days 01:09:40,0,0,0,0,0,0,1,0,0
2,69,41,From Goal Kick,England,3869118,0 days 01:09:41,0,0,0,0,0,0,1,0,0
2,69,44,From Goal Kick,England,3869118,0 days 01:09:44,0,0,0,0,0,0,1,0,0
2,69,48,Regular Play,Senegal,3869118,0 days 01:09:48,1,0,0,0,0,0,0,0,0
2,69,49,Regular Play,Senegal,3869118,0 days 01:09:49,0,0,0,0,0,0,1,0,0
2,69,54,Regular Play,Senegal,3869118,0 days 01:09:54,0,0,0,0,0,0,1,0,0
2,69,56,Regular Play,Senegal,3869118,0 days 01:09:56,0,0,0,0,0,0,1,0,0
2,70,3,Regular Play,Senegal,3869118,0 days 01:10:03,0,0,0,0,0,0,1,0,0
2,70,5,Regular Play,Senegal,3869118,0 days 01:10:05,0,0,0,0,0,0,1,0,0
2,70,6,Regular Play,Senegal,3869118,0 days 01:10:06,0,0,0,0,0,0,1,0,0
2,70,10,Regular Play,Senegal,3869118,0 days 01:10:10,0,0,0,0,0,0,1,0,0
2,70,16,Regular Play,Senegal,3869118,0 days 01:10:16,0,0,0,0,0,0,1,0,0
2,70,21,Regular Play,Senegal,3869118,0 days 01:10:21,0,0,0,0,0,0,1,0,0
2,70,24,Regular Play,Senegal,3869118,0 days 01:10:24,0,0,0,0,0,0,1,0,0
2,70,26,Regular Play,Senegal,3869118,0 days 01:10:26,0,0,0,0,0,0,1,0,0
2,70,28,Regular Play,Senegal,3869118,0 days 01:10:28,0,0,0,0,0,0,1,0,0
2,70,29,Regular Play,Senegal,3869118,0 days 01:10:29,0,0,0,0,0,0,1,0,0
2,70,35,Regular Play,Senegal,3869118,0 days 01:10:35,0,0,0,0,0,0,1,0,0
2,70,39,Regular Play,Senegal,3869118,0 days 01:10:39,0,0,0,0,0,0,1,0,0
2,70,42,Regular Play,Senegal,3869118,0 days 01:10:42,0,0,0,0,0,0,1,0,0
2,70,42,Regular Play,England,3869118,0 days 01:10:42,0,0,0,0,0,1,0,0,0
2,70,44,Regular Play,England,3869118,0 days 01:10:44,1,0,0,0,0,0,0,0,0
2,70,49,Regular Play,England,3869118,0 days 01:10:49,0,0,0,0,0,0,1,0,0
2,70,51,Regular Play,Senegal,3869118,0 days 01:10:51,0,0,0,0,1,0,0,0,0
2,71,38,From Free Kick,England,3869118,0 days 01:11:38,0,0,0,0,0,0,1,0,0
2,71,41,From Free Kick,Senegal,3869118,0 days 01:11:41,0,0,0,0,0,0,1,0,0
2,72,6,From Throw In,England,3869118,0 days 01:12:06,0,0,0,0,0,0,1,0,0
2,72,11,From Throw In,England,3869118,0 days 01:12:11,0,0,0,0,0,0,1,0,0
2,72,13,Regular Play,Senegal,3869118,0 days 01:12:13,0,0,0,0,0,0,1,0,0
2,72,15,Regular Play,Senegal,3869118,0 days 01:12:15,0,0,0,0,0,0,1,0,0
2,72,20,Regular Play,Senegal,3869118,0 days 01:12:20,0,0,0,0,0,0,1,0,0
2,72,22,Regular Play,Senegal,3869118,0 days 01:12:22,0,0,1,0,0,0,0,0,0
2,72,22,Regular Play,England,3869118,0 days 01:12:22,0,0,0,0,0,0,0,0,1
2,72,23,Regular Play,Senegal,3869118,0 days 01:12:23,1,0,0,0,0,0,0,0,0
2,72,24,Regular Play,England,3869118,0 days 01:12:24,0,0,0,0,1,0,0,0,0
2,73,18,From Free Kick,Senegal,3869118,0 days 01:13:18,0,0,0,0,0,0,0,1,0
2,73,56,From Goal Kick,England,3869118,0 days 01:13:56,0,0,0,0,0,0,1,0,0
2,74,0,From Goal Kick,Senegal,3869118,0 days 01:14:00,0,1,0,0,0,0,0,0,0
2,74,24,From Throw In,England,3869118,0 days 01:14:24,0,0,0,0,0,0,1,0,0
2,74,28,From Throw In,England,3869118,0 days 01:14:28,0,0,0,0,0,0,1,0,0
2,74,31,From Throw In,England,3869118,0 days 01:14:31,0,0,0,0,0,0,1,0,0
2,74,33,From Throw In,England,3869118,0 days 01:14:33,0,0,0,0,0,0,1,0,0
2,74,39,From Throw In,England,3869118,0 days 01:14:39,0,0,1,0,0,0,0,0,0
2,74,39,From Throw In,Senegal,3869118,0 days 01:14:39,0,0,0,0,0,0,0,0,1
2,74,42,From Throw In,England,3869118,0 days 01:14:42,0,0,0,0,0,0,1,0,0
2,74,45,From Throw In,England,3869118,0 days 01:14:45,0,0,0,0,0,0,1,0,0
2,74,47,From Throw In,England,3869118,0 days 01:14:47,0,0,0,0,0,0,1,0,0
2,74,49,From Throw In,England,3869118,0 days 01:14:49,0,0,0,0,0,0,1,0,0
2,74,50,From Throw In,England,3869118,0 days 01:14:50,0,0,0,0,0,0,1,0,0
2,74,54,From Throw In,England,3869118,0 days 01:14:54,0,0,0,0,0,0,1,0,0
2,75,0,From Throw In,England,3869118,0 days 01:15:00,0,0,0,0,0,0,1,0,0
2,75,4,From Throw In,England,3869118,0 days 01:15:04,0,0,0,0,0,0,1,0,0
2,75,8,From Throw In,Senegal,3869118,0 days 01:15:08,0,0,0,0,1,0,0,0,0
2,76,24,From Free Kick,England,3869118,0 days 01:16:24,0,0,0,0,0,0,1,0,0
2,76,26,From Free Kick,England,3869118,0 days 01:16:26,0,0,0,0,0,0,1,0,0
2,76,27,From Free Kick,England,3869118,0 days 01:16:27,0,0,0,0,0,0,1,0,0
2,76,28,From Free Kick,Senegal,3869118,0 days 01:16:28,0,0,0,0,1,0,0,0,0
2,67,10,From Free Kick,Australia,3869151,0 days 01:07:10,0,0,0,0,0,0,1,0,0
2,67,28,From Keeper,Argentina,3869151,0 days 01:07:28,0,0,0,0,0,0,1,0,0
2,67,31,From Keeper,Argentina,3869151,0 days 01:07:31,0,0,0,0,0,0,1,0,0
2,67,32,From Keeper,Argentina,3869151,0 days 01:07:32,0,0,0,0,0,0,1,0,0
2,67,35,From Keeper,Argentina,3869151,0 days 01:07:35,0,0,0,0,0,0,1,0,0
2,67,38,From Keeper,Argentina,3869151,0 days 01:07:38,0,0,0,0,0,0,1,0,0
2,67,38,From Keeper,Argentina,3869151,0 days 01:07:38,0,0,0,0,0,0,1,0,0
2,67,39,From Keeper,Argentina,3869151,0 days 01:07:39,0,0,0,0,0,0,1,0,0
2,67,42,From Keeper,Argentina,3869151,0 days 01:07:42,0,1,0,0,0,0,0,0,0
2,67,47,From Keeper,Australia,3869151,0 days 01:07:47,0,0,0,0,0,0,1,0,0
2,67,50,From Keeper,Australia,3869151,0 days 01:07:50,0,0,1,0,0,0,0,0,0
2,67,50,From Keeper,Argentina,3869151,0 days 01:07:50,0,0,0,0,0,0,0,0,1
2,67,59,From Throw In,Argentina,3869151,0 days 01:07:59,0,0,0,0,0,0,1,0,0
2,68,2,From Throw In,Argentina,3869151,0 days 01:08:02,0,0,0,0,0,0,1,0,0
2,68,9,From Throw In,Argentina,3869151,0 days 01:08:09,0,0,0,0,0,0,1,0,0
2,68,12,From Throw In,Argentina,3869151,0 days 01:08:12,0,0,0,0,0,0,1,0,0
2,68,15,From Throw In,Argentina,3869151,0 days 01:08:15,0,0,0,0,0,0,1,0,0
2,68,17,From Throw In,Argentina,3869151,0 days 01:08:17,0,0,0,0,0,0,1,0,0
2,68,20,From Throw In,Argentina,3869151,0 days 01:08:20,0,0,0,0,0,0,1,0,0
2,68,25,From Throw In,Argentina,3869151,0 days 01:08:25,0,0,0,0,0,0,1,0,0
2,68,28,From Throw In,Argentina,3869151,0 days 01:08:28,0,0,0,0,0,0,1,0,0
2,68,31,From Throw In,Argentina,3869151,0 days 01:08:31,0,0,0,0,0,0,1,0,0
2,68,33,From Throw In,Argentina,3869151,0 days 01:08:33,0,0,0,0,0,0,1,0,0
2,68,37,From Throw In,Argentina,3869151,0 days 01:08:37,0,0,0,0,0,0,1,0,0
2,68,41,From Throw In,Argentina,3869151,0 days 01:08:41,0,0,0,0,0,0,1,0,0
2,68,43,From Throw In,Argentina,3869151,0 days 01:08:43,0,0,0,0,0,0,1,0,0
2,68,46,From Throw In,Argentina,3869151,0 days 01:08:46,0,0,0,0,0,0,1,0,0
2,68,49,From Throw In,Argentina,3869151,0 days 01:08:49,0,0,0,0,0,0,1,0,0
2,68,54,From Throw In,Argentina,3869151,0 days 01:08:54,0,0,0,0,1,0,0,0,0
2,69,4,From Free Kick,Australia,3869151,0 days 01:09:04,0,0,0,0,0,0,1,0,0
2,69,6,From Free Kick,Australia,3869151,0 days 01:09:06,0,0,0,0,0,0,1,0,0
2,69,9,From Free Kick,Australia,3869151,0 days 01:09:09,0,0,0,0,0,0,1,0,0
2,69,13,From Free Kick,Australia,3869151,0 days 01:09:13,0,0,0,0,0,0,1,0,0
2,69,16,From Free Kick,Australia,3869151,0 days 01:09:16,0,0,0,0,0,0,1,0,0
2,69,20,From Free Kick,Australia,3869151,0 days 01:09:20,0,0,0,0,0,0,1,0,0
2,69,28,From Free Kick,Australia,3869151,0 days 01:09:28,0,0,0,0,0,0,1,0,0
2,69,30,From Free Kick,Australia,3869151,0 days 01:09:30,0,0,0,0,0,0,1,0,0
2,69,33,From Free Kick,Argentina,3869151,0 days 01:09:33,0,0,0,0,0,0,1,0,0
2,69,41,From Free Kick,Argentina,3869151,0 days 01:09:41,0,0,0,0,0,0,1,0,0
2,69,42,From Free Kick,Australia,3869151,0 days 01:09:42,0,0,0,0,0,0,1,0,0
2,70,24,From Throw In,Argentina,3869151,0 days 01:10:24,0,0,0,0,0,0,1,0,0
2,70,25,Regular Play,Australia,3869151,0 days 01:10:25,0,0,0,0,0,0,1,0,0
2,70,26,Regular Play,Australia,3869151,0 days 01:10:26,0,0,0,0,0,0,1,0,0
2,70,28,Regular Play,Australia,3869151,0 days 01:10:28,0,0,0,1,0,0,0,0,0
2,70,28,Regular Play,Argentina,3869151,0 days 01:10:28,0,0,0,0,0,0,0,0,1
2,71,48,From Throw In,Argentina,3869151,0 days 01:11:48,0,0,0,0,0,0,1,0,0
2,71,50,From Throw In,Argentina,3869151,0 days 01:11:50,0,0,0,0,0,0,1,0,0
2,71,55,From Throw In,Argentina,3869151,0 days 01:11:55,0,0,0,0,0,0,1,0,0
2,71,58,From Throw In,Argentina,3869151,0 days 01:11:58,0,0,0,0,0,0,1,0,0
2,72,0,From Throw In,Argentina,3869151,0 days 01:12:00,0,0,0,0,0,0,1,0,0
2,72,3,From Throw In,Argentina,3869151,0 days 01:12:03,0,0,0,0,0,0,1,0,0
2,72,11,From Throw In,Argentina,3869151,0 days 01:12:11,0,0,0,0,0,0,1,0,0
2,72,13,From Throw In,Argentina,3869151,0 days 01:12:13,0,0,0,0,0,0,1,0,0
2,72,16,From Throw In,Argentina,3869151,0 days 01:12:16,0,0,0,0,0,0,1,0,0
2,72,18,From Throw In,Argentina,3869151,0 days 01:12:18,0,0,0,0,0,0,1,0,0
2,72,21,From Throw In,Argentina,3869151,0 days 01:12:21,0,0,0,0,0,0,1,0,0
2,72,24,From Throw In,Argentina,3869151,0 days 01:12:24,0,0,0,0,0,0,1,0,0
2,72,27,From Throw In,Argentina,3869151,0 days 01:12:27,0,0,0,0,0,0,1,0,0
2,72,28,From Throw In,Argentina,3869151,0 days 01:12:28,0,0,0,0,0,0,1,0,0
2,72,30,From Throw In,Argentina,3869151,0 days 01:12:30,0,0,0,1,0,0,0,0,0
2,72,32,From Throw In,Argentina,3869151,0 days 01:12:32,0,0,0,1,0,0,0,0,0
2,72,32,Regular Play,Australia,3869151,0 days 01:12:32,0,0,0,0,0,0,0,0,1
2,72,32,Regular Play,Argentina,3869151,0 days 01:12:32,0,0,0,0,1,0,0,0,0
2,72,34,Regular Play,Australia,3869151,0 days 01:12:34,1,0,0,0,0,0,0,0,0
2,72,38,Regular Play,Australia,3869151,0 days 01:12:38,0,0,0,0,0,0,1,0,0
2,72,44,Regular Play,Australia,3869151,0 days 01:12:44,0,0,0,0,0,0,1,0,0
2,72,48,Regular Play,Australia,3869151,0 days 01:12:48,0,0,0,0,0,0,1,0,0
2,72,50,Regular Play,Australia,3869151,0 days 01:12:50,0,0,0,0,0,0,1,0,0
2,72,54,Regular Play,Australia,3869151,0 days 01:12:54,0,0,0,0,0,0,1,0,0
2,72,58,Regular Play,Australia,3869151,0 days 01:12:58,0,0,0,0,0,0,1,0,0
2,73,3,Regular Play,Australia,3869151,0 days 01:13:03,0,0,0,0,0,0,1,0,0
2,73,4,Regular Play,Argentina,3869151,0 days 01:13:04,0,0,0,0,0,0,1,0,0
2,73,5,Regular Play,Australia,3869151,0 days 01:13:05,0,0,0,0,0,0,1,0,0
2,73,10,Regular Play,Australia,3869151,0 days 01:13:10,0,0,0,0,0,0,1,0,0
2,73,12,Regular Play,Argentina,3869151,0 days 01:13:12,1,0,0,0,0,0,0,0,0
2,73,15,Regular Play,Argentina,3869151,0 days 01:13:15,0,0,0,0,0,0,1,0,0
2,73,16,Regular Play,Australia,3869151,0 days 01:13:16,0,0,0,0,0,0,1,0,0
2,73,34,From Keeper,Argentina,3869151,0 days 01:13:34,0,0,0,0,0,0,1,0,0
2,73,55,From Throw In,Australia,3869151,0 days 01:13:55,0,0,0,0,0,0,1,0,0
2,73,56,From Throw In,Australia,3869151,0 days 01:13:56,0,0,0,0,0,0,1,0,0
2,73,57,From Throw In,Australia,3869151,0 days 01:13:57,0,0,0,0,0,0,1,0,0
2,74,1,From Throw In,Argentina,3869151,0 days 01:14:01,0,0,0,0,0,0,1,0,0
2,74,3,From Throw In,Australia,3869151,0 days 01:14:03,0,0,0,0,0,0,1,0,0
2,74,5,From Throw In,Australia,3869151,0 days 01:14:05,0,0,0,0,0,0,1,0,0
2,74,7,From Throw In,Australia,3869151,0 days 01:14:07,0,0,0,0,0,0,1,0,0
2,74,26,From Throw In,Australia,3869151,0 days 01:14:26,0,0,0,0,0,0,1,0,0
2,74,27,From Throw In,Australia,3869151,0 days 01:14:27,0,0,0,0,0,0,1,0,0
2,74,27,From Throw In,Australia,3869151,0 days 01:14:27,0,0,0,0,0,0,1,0,0
2,74,29,From Throw In,Australia,3869151,0 days 01:14:29,0,0,0,0,0,0,1,0,0
2,74,31,Regular Play,Argentina,3869151,0 days 01:14:31,0,0,0,0,0,0,1,0,0
2,74,33,Regular Play,Argentina,3869151,0 days 01:14:33,0,0,0,0,0,0,1,0,0
2,74,34,Regular Play,Australia,3869151,0 days 01:14:34,0,0,0,0,0,0,1,0,0
2,74,36,Regular Play,Argentina,3869151,0 days 01:14:36,0,0,0,0,0,0,1,0,0
2,74,38,Regular Play,Argentina,3869151,0 days 01:14:38,0,0,0,1,0,0,0,0,0
2,74,38,Regular Play,Australia,3869151,0 days 01:14:38,0,0,0,0,0,0,0,0,1
2,74,40,Regular Play,Argentina,3869151,0 days 01:14:40,0,0,0,0,0,0,1,0,0
2,74,40,Regular Play,Australia,3869151,0 days 01:14:40,0,0,0,0,1,0,0,0,0
2,74,43,Regular Play,Argentina,3869151,0 days 01:14:43,0,0,0,0,0,0,0,1,0
2,75,16,From Goal Kick,Australia,3869151,0 days 01:15:16,0,0,0,0,0,0,1,0,0
2,75,20,From Goal Kick,Australia,3869151,0 days 01:15:20,0,0,0,0,0,0,1,0,0
2,75,28,From Goal Kick,Australia,3869151,0 days 01:15:28,0,0,0,0,0,0,1,0,0
2,75,31,From Goal Kick,Argentina,3869151,0 days 01:15:31,0,1,0,0,0,0,0,0,0
2,75,38,From Throw In,Australia,3869151,0 days 01:15:38,0,0,0,0,0,0,1,0,0
2,75,47,Regular Play,Australia,3869151,0 days 01:15:47,0,0,0,0,0,0,1,0,0
2,75,50,Regular Play,Australia,3869151,0 days 01:15:50,0,0,0,0,0,0,1,0,0
2,75,52,Regular Play,Australia,3869151,0 days 01:15:52,0,0,0,0,0,0,1,0,0
2,75,57,Regular Play,Australia,3869151,0 days 01:15:57,0,0,0,0,0,0,1,0,0
2,75,59,Regular Play,Argentina,3869151,0 days 01:15:59,0,0,0,0,0,0,1,0,0
2,76,0,Regular Play,Argentina,3869151,0 days 01:16:00,0,0,0,0,0,0,1,0,0
2,76,1,Regular Play,Australia,3869151,0 days 01:16:01,1,0,0,0,0,0,0,0,0
2,76,3,Regular Play,Australia,3869151,0 days 01:16:03,0,0,0,0,0,0,1,0,0
2,76,7,Regular Play,Australia,3869151,0 days 01:16:07,0,0,0,0,0,0,1,0,0
2,76,8,Regular Play,Argentina,3869151,0 days 01:16:08,0,1,0,0,0,0,0,0,0
2,76,9,Regular Play,Australia,3869151,0 days 01:16:09,1,0,0,0,0,0,0,0,0
2,76,9,Regular Play,Australia,3869151,0 days 01:16:09,0,0,0,0,0,0,0,1,0
2,76,46,From Kick Off,Argentina,3869151,0 days 01:16:46,0,0,0,0,0,0,1,0,0
2,76,50,From Kick Off,Australia,3869151,0 days 01:16:50,1,0,0,0,0,0,0,0,0
2,76,52,From Kick Off,Australia,3869151,0 days 01:16:52,0,0,0,1,0,0,0,0,0
2,76,52,From Kick Off,Argentina,3869151,0 days 01:16:52,0,0,0,0,0,0,0,0,1
2,76,53,From Kick Off,Argentina,3869151,0 days 01:16:53,1,0,0,0,0,0,0,0,0
2,76,55,From Kick Off,Australia,3869151,0 days 01:16:55,0,0,0,0,1,0,0,0,0
2,67,13,From Goal Kick,France,3869152,0 days 01:07:13,0,0,0,0,0,0,1,0,0
2,67,17,Regular Play,Poland,3869152,0 days 01:07:17,0,0,0,0,0,0,1,0,0
2,67,20,Regular Play,Poland,3869152,0 days 01:07:20,0,0,0,0,0,0,1,0,0
2,67,22,Regular Play,Poland,3869152,0 days 01:07:22,0,0,0,0,0,0,1,0,0
2,67,25,Regular Play,Poland,3869152,0 days 01:07:25,0,0,0,0,0,0,1,0,0
2,67,27,Regular Play,France,3869152,0 days 01:07:27,0,0,0,0,0,0,1,0,0
2,67,29,Regular Play,Poland,3869152,0 days 01:07:29,1,0,0,0,0,0,0,0,0
2,67,34,Regular Play,Poland,3869152,0 days 01:07:34,0,0,0,0,0,0,1,0,0
2,67,40,Regular Play,Poland,3869152,0 days 01:07:40,0,0,0,0,0,0,1,0,0
2,67,43,Regular Play,France,3869152,0 days 01:07:43,0,0,0,0,0,0,1,0,0
2,68,6,Regular Play,France,3869152,0 days 01:08:06,0,0,0,0,0,0,1,0,0
2,68,12,Regular Play,Poland,3869152,0 days 01:08:12,0,0,0,0,0,0,1,0,0
2,68,15,Regular Play,Poland,3869152,0 days 01:08:15,0,0,0,0,0,0,1,0,0
2,68,18,Regular Play,Poland,3869152,0 days 01:08:18,0,0,0,0,0,0,1,0,0
2,68,19,Regular Play,Poland,3869152,0 days 01:08:19,0,0,0,0,0,0,1,0,0
2,68,21,Regular Play,Poland,3869152,0 days 01:08:21,0,0,0,0,0,0,1,0,0
2,68,24,Regular Play,Poland,3869152,0 days 01:08:24,0,0,0,0,0,0,1,0,0
2,68,26,Regular Play,Poland,3869152,0 days 01:08:26,0,0,0,0,0,0,1,0,0
2,68,29,Regular Play,Poland,3869152,0 days 01:08:29,0,0,1,0,0,0,0,0,0
2,68,29,Regular Play,France,3869152,0 days 01:08:29,0,0,0,0,0,0,0,0,1
2,68,32,Regular Play,France,3869152,0 days 01:08:32,0,0,0,0,0,0,1,0,0
2,68,35,Regular Play,Poland,3869152,0 days 01:08:35,1,0,0,0,0,0,0,0,0
2,68,38,Regular Play,Poland,3869152,0 days 01:08:38,0,0,0,0,0,0,1,0,0
2,68,44,Regular Play,Poland,3869152,0 days 01:08:44,0,0,0,0,0,0,1,0,0
2,68,46,Regular Play,Poland,3869152,0 days 01:08:46,0,0,0,0,0,0,1,0,0
2,68,50,Regular Play,Poland,3869152,0 days 01:08:50,0,0,0,0,0,0,1,0,0
2,68,53,Regular Play,France,3869152,0 days 01:08:53,0,0,0,0,0,0,1,0,0
2,68,56,Regular Play,France,3869152,0 days 01:08:56,0,0,0,0,0,0,1,0,0
2,68,57,Regular Play,France,3869152,0 days 01:08:57,0,0,0,0,0,0,1,0,0
2,68,59,Regular Play,France,3869152,0 days 01:08:59,0,0,0,0,0,0,1,0,0
2,69,2,Regular Play,France,3869152,0 days 01:09:02,0,0,0,0,0,0,1,0,0
2,69,9,Regular Play,France,3869152,0 days 01:09:09,0,0,1,0,0,0,0,0,0
2,69,9,Regular Play,Poland,3869152,0 days 01:09:09,0,0,0,0,0,0,0,0,1
2,69,12,Regular Play,Poland,3869152,0 days 01:09:12,0,0,0,0,0,0,1,0,0
2,69,17,Regular Play,Poland,3869152,0 days 01:09:17,0,0,0,0,0,0,1,0,0
2,69,20,Regular Play,Poland,3869152,0 days 01:09:20,0,0,0,0,0,0,1,0,0
2,69,28,Regular Play,Poland,3869152,0 days 01:09:28,0,0,0,0,0,0,1,0,0
2,69,30,Regular Play,Poland,3869152,0 days 01:09:30,0,0,0,0,0,0,1,0,0
2,69,31,Regular Play,France,3869152,0 days 01:09:31,0,0,0,0,0,1,0,0,0
2,69,31,Regular Play,Poland,3869152,0 days 01:09:31,1,0,0,0,0,0,0,0,0
2,69,33,Regular Play,Poland,3869152,0 days 01:09:33,0,0,0,0,0,0,1,0,0
2,69,36,Regular Play,Poland,3869152,0 days 01:09:36,0,0,0,0,0,0,1,0,0
2,69,45,Regular Play,France,3869152,0 days 01:09:45,0,0,0,0,1,0,0,0,0
2,70,56,From Free Kick,Poland,3869152,0 days 01:10:56,0,0,0,0,0,0,1,0,0
2,70,58,From Free Kick,Poland,3869152,0 days 01:10:58,0,0,0,0,0,0,0,1,0
2,71,27,From Goal Kick,France,3869152,0 days 01:11:27,0,0,0,0,0,0,1,0,0
2,71,31,From Goal Kick,France,3869152,0 days 01:11:31,0,0,0,0,0,0,1,0,0
2,71,33,From Goal Kick,Poland,3869152,0 days 01:11:33,1,0,0,0,0,0,0,0,0
2,71,33,From Goal Kick,Poland,3869152,0 days 01:11:33,0,0,0,0,0,0,1,0,0
2,71,36,From Goal Kick,Poland,3869152,0 days 01:11:36,0,0,1,0,0,0,0,0,0
2,71,36,From Goal Kick,France,3869152,0 days 01:11:36,0,0,0,0,0,0,0,0,1
2,71,39,From Goal Kick,France,3869152,0 days 01:11:39,1,0,0,0,0,0,0,0,0
2,71,41,From Goal Kick,France,3869152,0 days 01:11:41,0,0,0,1,0,0,0,0,0
2,71,43,From Goal Kick,France,3869152,0 days 01:11:43,0,0,0,1,0,0,0,0,0
2,71,44,From Goal Kick,Poland,3869152,0 days 01:11:44,1,0,0,0,0,0,0,0,0
2,71,49,From Goal Kick,Poland,3869152,0 days 01:11:49,0,0,0,0,0,0,1,0,0
2,71,52,From Goal Kick,France,3869152,0 days 01:11:52,0,0,0,0,0,0,1,0,0
2,71,56,From Goal Kick,France,3869152,0 days 01:11:56,0,0,0,0,0,0,1,0,0
2,72,3,Regular Play,Poland,3869152,0 days 01:12:03,1,0,0,0,0,0,0,0,0
2,72,4,Regular Play,Poland,3869152,0 days 01:12:04,0,0,0,0,0,0,1,0,0
2,72,6,Regular Play,Poland,3869152,0 days 01:12:06,0,0,0,0,0,0,1,0,0
2,72,9,Regular Play,Poland,3869152,0 days 01:12:09,0,0,0,0,0,0,1,0,0
2,72,13,Regular Play,Poland,3869152,0 days 01:12:13,0,0,0,0,0,0,1,0,0
2,72,19,Regular Play,Poland,3869152,0 days 01:12:19,0,0,0,0,0,0,1,0,0
2,72,30,Regular Play,Poland,3869152,0 days 01:12:30,0,0,0,0,0,0,1,0,0
2,72,31,Regular Play,Poland,3869152,0 days 01:12:31,0,0,0,0,0,0,1,0,0
2,72,35,Regular Play,Poland,3869152,0 days 01:12:35,0,0,0,0,0,0,1,0,0
2,72,37,Regular Play,Poland,3869152,0 days 01:12:37,0,0,0,0,0,0,1,0,0
2,72,39,Regular Play,Poland,3869152,0 days 01:12:39,0,0,0,0,0,0,1,0,0
2,72,41,Regular Play,Poland,3869152,0 days 01:12:41,0,0,0,0,0,0,1,0,0
2,72,46,From Throw In,Poland,3869152,0 days 01:12:46,0,0,0,0,0,0,1,0,0
2,72,49,From Throw In,Poland,3869152,0 days 01:12:49,0,0,0,0,0,0,1,0,0
2,72,51,Regular Play,France,3869152,0 days 01:12:51,0,0,0,0,0,0,1,0,0
2,72,53,Regular Play,France,3869152,0 days 01:12:53,0,0,0,0,0,0,1,0,0
2,72,59,Regular Play,Poland,3869152,0 days 01:12:59,1,0,0,0,0,0,0,0,0
2,73,4,Regular Play,Poland,3869152,0 days 01:13:04,0,0,0,0,0,0,1,0,0
2,73,6,Regular Play,Poland,3869152,0 days 01:13:06,0,0,0,0,0,0,1,0,0
2,73,8,Regular Play,Poland,3869152,0 days 01:13:08,0,0,0,0,0,0,1,0,0
2,73,11,Regular Play,Poland,3869152,0 days 01:13:11,0,0,0,0,0,0,1,0,0
2,73,13,Regular Play,Poland,3869152,0 days 01:13:13,0,0,0,0,0,0,1,0,0
2,73,16,Regular Play,Poland,3869152,0 days 01:13:16,0,0,0,0,0,0,1,0,0
2,73,18,Regular Play,Poland,3869152,0 days 01:13:18,0,0,0,0,0,0,1,0,0
2,73,19,Regular Play,Poland,3869152,0 days 01:13:19,0,0,0,0,0,0,1,0,0
2,73,20,Regular Play,Poland,3869152,0 days 01:13:20,0,0,0,0,0,0,1,0,0
2,73,25,Regular Play,Poland,3869152,0 days 01:13:25,0,0,0,0,0,0,1,0,0
2,73,29,Regular Play,Poland,3869152,0 days 01:13:29,0,0,0,0,0,0,1,0,0
2,73,31,Regular Play,Poland,3869152,0 days 01:13:31,0,0,0,0,0,0,1,0,0
2,73,35,Regular Play,Poland,3869152,0 days 01:13:35,0,0,0,0,0,0,1,0,0
2,73,37,Regular Play,Poland,3869152,0 days 01:13:37,0,0,0,0,0,0,1,0,0
2,73,40,Regular Play,France,3869152,0 days 01:13:40,0,1,0,0,0,0,0,0,0
2,73,40,Regular Play,France,3869152,0 days 01:13:40,0,0,0,0,0,0,1,0,0
2,73,42,Regular Play,France,3869152,0 days 01:13:42,0,0,0,0,0,0,1,0,0
2,73,48,Regular Play,France,3869152,0 days 01:13:48,0,0,0,0,0,0,1,0,0
2,73,53,Regular Play,France,3869152,0 days 01:13:53,0,0,0,0,0,0,1,0,0
2,73,56,Regular Play,France,3869152,0 days 01:13:56,0,0,0,0,0,0,0,1,0
2,75,55,From Kick Off,Poland,3869152,0 days 01:15:55,0,0,0,0,0,0,1,0,0
2,75,57,From Kick Off,Poland,3869152,0 days 01:15:57,0,0,0,0,0,0,1,0,0
2,75,59,From Kick Off,Poland,3869152,0 days 01:15:59,0,0,0,0,0,0,1,0,0
2,76,5,From Kick Off,Poland,3869152,0 days 01:16:05,0,0,0,0,0,0,1,0,0
2,76,8,From Kick Off,Poland,3869152,0 days 01:16:08,0,0,0,0,0,0,1,0,0
2,76,12,From Kick Off,Poland,3869152,0 days 01:16:12,0,0,0,0,0,0,1,0,0
2,76,14,From Kick Off,Poland,3869152,0 days 01:16:14,0,0,0,0,0,0,1,0,0
2,76,46,From Goal Kick,France,3869152,0 days 01:16:46,0,0,0,0,0,0,1,0,0
2,76,49,From Goal Kick,Poland,3869152,0 days 01:16:49,0,1,0,0,0,0,0,0,0
2,76,50,From Goal Kick,France,3869152,0 days 01:16:50,1,0,0,0,0,0,0,0,0
2,76,53,Regular Play,Poland,3869152,0 days 01:16:53,0,0,0,0,0,0,1,0,0
2,76,56,Regular Play,Poland,3869152,0 days 01:16:56,0,0,0,0,0,0,1,0,0
2,76,58,Regular Play,Poland,3869152,0 days 01:16:58,0,0,0,0,0,0,1,0,0
2,67,3,From Throw In,Croatia,3869219,0 days 01:07:03,0,0,0,0,0,0,1,0,0
2,67,5,From Throw In,Croatia,3869219,0 days 01:07:05,0,0,0,0,0,0,1,0,0
2,67,7,From Counter,Japan,3869219,0 days 01:07:07,1,0,0,0,0,0,0,0,0
2,67,9,From Counter,Japan,3869219,0 days 01:07:09,0,0,0,0,0,0,1,0,0
2,67,15,Regular Play,Croatia,3869219,0 days 01:07:15,0,1,0,0,0,0,0,0,0
2,68,5,From Throw In,Japan,3869219,0 days 01:08:05,0,0,0,0,0,0,1,0,0
2,68,5,From Throw In,Japan,3869219,0 days 01:08:05,0,0,0,0,0,0,1,0,0
2,68,6,From Throw In,Japan,3869219,0 days 01:08:06,0,0,0,0,0,0,1,0,0
2,68,20,From Free Kick,Croatia,3869219,0 days 01:08:20,0,0,0,0,0,0,1,0,0
2,68,24,From Free Kick,Croatia,3869219,0 days 01:08:24,0,0,0,0,0,0,1,0,0
2,68,27,From Free Kick,Croatia,3869219,0 days 01:08:27,0,0,0,0,0,0,1,0,0
2,68,28,From Free Kick,Japan,3869219,0 days 01:08:28,0,0,0,0,0,0,1,0,0
2,68,32,From Free Kick,Japan,3869219,0 days 01:08:32,0,0,0,1,0,0,0,0,0
2,68,32,From Free Kick,Croatia,3869219,0 days 01:08:32,0,0,0,0,0,0,0,0,1
2,68,54,From Throw In,Japan,3869219,0 days 01:08:54,0,0,0,0,0,0,1,0,0
2,68,56,From Throw In,Croatia,3869219,0 days 01:08:56,1,0,0,0,0,0,0,0,0
2,68,57,From Throw In,Croatia,3869219,0 days 01:08:57,0,0,0,0,0,0,1,0,0
2,69,1,From Throw In,Japan,3869219,0 days 01:09:01,0,0,0,0,0,0,1,0,0
2,69,7,From Throw In,Japan,3869219,0 days 01:09:07,0,0,0,0,0,0,1,0,0
2,69,9,From Throw In,Japan,3869219,0 days 01:09:09,0,0,0,0,0,0,1,0,0
2,69,11,From Throw In,Japan,3869219,0 days 01:09:11,0,0,0,0,0,0,1,0,0
2,69,15,From Throw In,Japan,3869219,0 days 01:09:15,0,0,0,0,0,0,1,0,0
2,69,50,From Goal Kick,Croatia,3869219,0 days 01:09:50,0,0,0,0,0,0,1,0,0
2,69,54,From Goal Kick,Japan,3869219,0 days 01:09:54,0,1,0,0,0,0,0,0,0
2,70,0,From Throw In,Japan,3869219,0 days 01:10:00,0,0,0,0,0,0,1,0,0
2,70,3,From Throw In,Japan,3869219,0 days 01:10:03,0,0,0,0,0,0,1,0,0
2,70,4,From Throw In,Croatia,3869219,0 days 01:10:04,0,0,0,0,1,0,0,0,0
2,70,8,From Free Kick,Japan,3869219,0 days 01:10:08,0,0,0,0,0,0,1,0,0
2,70,12,From Free Kick,Japan,3869219,0 days 01:10:12,0,0,0,0,0,0,1,0,0
2,70,38,From Throw In,Croatia,3869219,0 days 01:10:38,0,0,0,0,0,0,1,0,0
2,70,40,From Throw In,Japan,3869219,0 days 01:10:40,1,0,0,0,0,0,0,0,0
2,70,41,From Throw In,Japan,3869219,0 days 01:10:41,0,0,0,0,0,0,1,0,0
2,70,44,From Throw In,Croatia,3869219,0 days 01:10:44,1,0,0,0,0,0,0,0,0
2,70,46,From Throw In,Japan,3869219,0 days 01:10:46,0,0,0,0,1,0,0,0,0
2,70,56,From Free Kick,Croatia,3869219,0 days 01:10:56,0,0,0,0,0,0,1,0,0
2,71,1,From Free Kick,Croatia,3869219,0 days 01:11:01,0,0,0,0,0,0,1,0,0
2,71,4,From Free Kick,Croatia,3869219,0 days 01:11:04,0,0,0,0,0,0,1,0,0
2,71,7,From Free Kick,Croatia,3869219,0 days 01:11:07,0,0,0,0,0,0,1,0,0
2,71,8,From Free Kick,Croatia,3869219,0 days 01:11:08,0,0,0,0,0,0,1,0,0
2,71,8,From Free Kick,Japan,3869219,0 days 01:11:08,0,0,0,0,0,1,0,0,0
2,71,9,From Free Kick,Japan,3869219,0 days 01:11:09,0,0,0,0,0,0,1,0,0
2,71,11,From Free Kick,Japan,3869219,0 days 01:11:11,0,0,0,0,0,0,1,0,0
2,71,12,From Free Kick,Croatia,3869219,0 days 01:11:12,0,0,0,0,0,0,1,0,0
2,71,16,From Free Kick,Croatia,3869219,0 days 01:11:16,0,0,0,0,0,0,1,0,0
2,71,17,From Free Kick,Japan,3869219,0 days 01:11:17,0,0,0,0,0,1,0,0,0
2,71,19,Regular Play,Japan,3869219,0 days 01:11:19,1,0,0,0,0,0,0,0,0
2,71,23,Regular Play,Japan,3869219,0 days 01:11:23,0,0,0,0,0,0,1,0,0
2,71,26,Regular Play,Japan,3869219,0 days 01:11:26,0,0,0,0,0,0,1,0,0
2,71,28,Regular Play,Japan,3869219,0 days 01:11:28,0,0,0,0,0,0,1,0,0
2,71,30,Regular Play,Japan,3869219,0 days 01:11:30,0,0,0,0,0,0,1,0,0
2,71,32,Regular Play,Japan,3869219,0 days 01:11:32,0,0,0,0,0,0,1,0,0
2,71,34,Regular Play,Japan,3869219,0 days 01:11:34,0,0,0,0,0,0,1,0,0
2,71,36,Regular Play,Japan,3869219,0 days 01:11:36,0,0,0,0,0,0,1,0,0
2,71,39,Regular Play,Japan,3869219,0 days 01:11:39,0,0,0,0,0,0,1,0,0
2,71,45,Regular Play,Japan,3869219,0 days 01:11:45,0,0,0,0,0,0,1,0,0
2,71,46,Regular Play,Croatia,3869219,0 days 01:11:46,0,0,0,0,0,0,1,0,0
2,71,49,Regular Play,Croatia,3869219,0 days 01:11:49,0,0,0,0,0,0,1,0,0
2,71,50,Regular Play,Croatia,3869219,0 days 01:11:50,0,0,0,0,0,0,1,0,0
2,71,54,Regular Play,Croatia,3869219,0 days 01:11:54,0,0,0,0,0,0,1,0,0
2,71,55,Regular Play,Croatia,3869219,0 days 01:11:55,0,0,0,0,0,0,1,0,0
2,71,58,Regular Play,Croatia,3869219,0 days 01:11:58,0,0,0,0,0,0,1,0,0
2,71,59,Regular Play,Croatia,3869219,0 days 01:11:59,0,0,0,0,0,0,1,0,0
2,72,6,Regular Play,Croatia,3869219,0 days 01:12:06,0,0,0,0,0,0,1,0,0
2,72,8,Regular Play,Japan,3869219,0 days 01:12:08,0,0,0,0,0,1,0,0,0
2,72,55,From Corner,Croatia,3869219,0 days 01:12:55,0,0,0,0,0,0,1,0,0
2,72,56,From Corner,Croatia,3869219,0 days 01:12:56,0,0,0,0,0,0,1,0,0
2,72,57,From Corner,Japan,3869219,0 days 01:12:57,1,0,0,0,0,0,0,0,0
2,72,59,From Corner,Japan,3869219,0 days 01:12:59,0,0,0,0,0,0,1,0,0
2,73,0,From Corner,Japan,3869219,0 days 01:13:00,0,0,0,0,0,0,1,0,0
2,73,4,From Corner,Croatia,3869219,0 days 01:13:04,0,0,0,0,0,0,1,0,0
2,73,8,From Corner,Japan,3869219,0 days 01:13:08,0,0,0,0,1,0,0,0,0
2,73,32,From Free Kick,Croatia,3869219,0 days 01:13:32,0,0,0,0,0,0,1,0,0
2,73,35,From Free Kick,Croatia,3869219,0 days 01:13:35,0,0,0,0,0,0,1,0,0
2,73,37,From Free Kick,Croatia,3869219,0 days 01:13:37,0,0,0,0,0,0,1,0,0
2,73,38,From Free Kick,Croatia,3869219,0 days 01:13:38,0,0,0,0,0,0,1,0,0
2,73,42,From Free Kick,Croatia,3869219,0 days 01:13:42,0,0,0,0,0,0,1,0,0
2,73,43,From Free Kick,Croatia,3869219,0 days 01:13:43,0,0,0,0,0,0,0,1,0
2,74,31,From Goal Kick,Japan,3869219,0 days 01:14:31,0,0,0,0,0,0,1,0,0
2,74,35,From Goal Kick,Croatia,3869219,0 days 01:14:35,0,0,0,0,0,0,1,0,0
2,74,37,From Goal Kick,Japan,3869219,0 days 01:14:37,0,0,0,0,0,0,1,0,0
2,74,39,From Goal Kick,Japan,3869219,0 days 01:14:39,0,0,0,0,0,0,1,0,0
2,75,12,Other,Japan,3869219,0 days 01:15:12,1,0,0,0,0,0,0,0,0
2,75,27,Other,Japan,3869219,0 days 01:15:27,0,0,0,0,0,0,1,0,0
2,75,31,Other,Croatia,3869219,0 days 01:15:31,0,1,0,0,0,0,0,0,0
2,75,33,Other,Japan,3869219,0 days 01:15:33,0,0,0,0,0,0,1,0,0
2,75,35,Other,Croatia,3869219,0 days 01:15:35,0,0,0,0,0,0,1,0,0
2,75,37,Regular Play,Japan,3869219,0 days 01:15:37,1,0,0,0,0,0,0,0,0
2,75,38,Regular Play,Croatia,3869219,0 days 01:15:38,0,0,0,0,1,0,0,0,0
2,75,45,From Free Kick,Japan,3869219,0 days 01:15:45,0,0,0,0,0,0,1,0,0
2,75,48,From Free Kick,Japan,3869219,0 days 01:15:48,0,0,0,0,0,0,1,0,0
2,75,50,From Free Kick,Japan,3869219,0 days 01:15:50,0,0,0,0,0,0,1,0,0
2,75,51,From Free Kick,Japan,3869219,0 days 01:15:51,0,0,0,0,0,0,1,0,0
2,75,52,Regular Play,Croatia,3869219,0 days 01:15:52,0,0,0,0,0,0,1,0,0
2,75,53,Regular Play,Croatia,3869219,0 days 01:15:53,0,0,0,0,0,0,1,0,0
2,75,55,Regular Play,Croatia,3869219,0 days 01:15:55,0,0,0,0,0,0,1,0,0
2,76,0,Regular Play,Japan,3869219,0 days 01:16:00,1,0,0,0,0,0,0,0,0
2,76,3,Regular Play,Japan,3869219,0 days 01:16:03,0,0,1,0,0,0,0,0,0
2,76,3,Regular Play,Croatia,3869219,0 days 01:16:03,0,0,0,0,0,0,0,0,1
2,76,5,Regular Play,Croatia,3869219,0 days 01:16:05,1,0,0,0,0,0,0,0,0
2,76,29,From Throw In,Japan,3869219,0 days 01:16:29,0,0,0,0,0,0,1,0,0
2,76,31,From Throw In,Japan,3869219,0 days 01:16:31,0,0,1,0,0,0,0,0,0
2,76,31,From Throw In,Croatia,3869219,0 days 01:16:31,0,0,0,0,0,0,0,0,1
2,76,33,From Throw In,Croatia,3869219,0 days 01:16:33,1,0,0,0,0,0,0,0,0
2,76,37,From Throw In,Croatia,3869219,0 days 01:16:37,0,0,0,0,0,0,0,1,0
2,67,1,Regular Play,Spain,3869220,0 days 01:07:01,0,0,0,0,0,0,1,0,0
2,67,5,Regular Play,Spain,3869220,0 days 01:07:05,0,0,0,0,0,0,1,0,0
2,67,9,Regular Play,Spain,3869220,0 days 01:07:09,0,0,0,0,0,0,1,0,0
2,67,15,Regular Play,Morocco,3869220,0 days 01:07:15,0,1,0,0,0,0,0,0,0
2,67,25,From Throw In,Spain,3869220,0 days 01:07:25,0,0,0,0,0,0,1,0,0
2,67,28,From Throw In,Spain,3869220,0 days 01:07:28,0,0,0,0,0,0,1,0,0
2,67,32,From Throw In,Spain,3869220,0 days 01:07:32,0,0,0,0,0,0,1,0,0
2,67,34,From Throw In,Spain,3869220,0 days 01:07:34,0,0,0,0,0,0,1,0,0
2,67,36,From Throw In,Spain,3869220,0 days 01:07:36,0,0,0,0,0,0,1,0,0
2,67,55,From Corner,Spain,3869220,0 days 01:07:55,0,0,0,0,0,0,1,0,0
2,67,59,From Corner,Spain,3869220,0 days 01:07:59,0,0,0,0,0,0,1,0,0
2,68,2,From Corner,Spain,3869220,0 days 01:08:02,0,0,0,0,0,0,1,0,0
2,68,4,From Corner,Spain,3869220,0 days 01:08:04,0,0,0,0,0,0,1,0,0
2,68,6,From Corner,Spain,3869220,0 days 01:08:06,0,0,0,0,0,0,1,0,0
2,68,7,From Corner,Spain,3869220,0 days 01:08:07,0,0,0,0,0,0,1,0,0
2,68,10,From Corner,Spain,3869220,0 days 01:08:10,0,0,0,0,0,0,1,0,0
2,68,11,From Corner,Spain,3869220,0 days 01:08:11,0,0,0,0,0,0,1,0,0
2,68,14,From Corner,Spain,3869220,0 days 01:08:14,0,0,0,0,0,0,1,0,0
2,68,15,From Corner,Morocco,3869220,0 days 01:08:15,0,1,0,0,0,0,0,0,0
2,68,17,From Corner,Spain,3869220,0 days 01:08:17,0,0,0,0,0,0,1,0,0
2,68,18,From Corner,Spain,3869220,0 days 01:08:18,0,0,0,0,0,0,1,0,0
2,68,20,From Corner,Spain,3869220,0 days 01:08:20,0,0,0,0,0,0,1,0,0
2,68,25,From Corner,Spain,3869220,0 days 01:08:25,0,0,0,0,0,0,1,0,0
2,68,27,From Corner,Spain,3869220,0 days 01:08:27,0,0,0,0,0,0,1,0,0
2,68,29,From Corner,Spain,3869220,0 days 01:08:29,0,0,0,0,0,0,1,0,0
2,68,30,From Corner,Spain,3869220,0 days 01:08:30,0,0,0,0,0,0,1,0,0
2,68,32,From Corner,Spain,3869220,0 days 01:08:32,0,0,0,0,0,0,1,0,0
2,68,34,From Corner,Spain,3869220,0 days 01:08:34,0,0,0,0,0,0,1,0,0
2,68,37,From Corner,Spain,3869220,0 days 01:08:37,0,0,1,0,0,0,0,0,0
2,68,37,Regular Play,Morocco,3869220,0 days 01:08:37,0,0,0,0,0,0,0,0,1
2,68,39,Regular Play,Morocco,3869220,0 days 01:08:39,1,0,0,0,0,0,0,0,0
2,68,40,Regular Play,Morocco,3869220,0 days 01:08:40,0,0,0,0,0,0,1,0,0
2,68,45,Regular Play,Morocco,3869220,0 days 01:08:45,0,0,0,0,0,0,1,0,0
2,68,46,Regular Play,Morocco,3869220,0 days 01:08:46,0,0,0,0,0,0,1,0,0
2,68,50,Regular Play,Spain,3869220,0 days 01:08:50,1,0,0,0,0,0,0,0,0
2,69,6,From Throw In,Morocco,3869220,0 days 01:09:06,0,0,0,0,0,0,1,0,0
2,69,9,Regular Play,Spain,3869220,0 days 01:09:09,1,0,0,0,0,0,0,0,0
2,69,18,Regular Play,Spain,3869220,0 days 01:09:18,0,0,1,0,0,0,0,0,0
2,69,18,Regular Play,Morocco,3869220,0 days 01:09:18,0,0,0,0,0,0,0,0,1
2,69,19,Regular Play,Morocco,3869220,0 days 01:09:19,1,0,0,0,0,0,0,0,0
2,69,20,Regular Play,Morocco,3869220,0 days 01:09:20,0,0,0,0,0,0,1,0,0
2,69,24,Regular Play,Morocco,3869220,0 days 01:09:24,0,0,0,0,0,0,1,0,0
2,69,27,Regular Play,Spain,3869220,0 days 01:09:27,0,0,0,0,0,0,1,0,0
2,69,29,Regular Play,Spain,3869220,0 days 01:09:29,0,0,0,0,0,0,1,0,0
2,69,30,Regular Play,Spain,3869220,0 days 01:09:30,0,0,0,0,0,0,1,0,0
2,69,37,Regular Play,Spain,3869220,0 days 01:09:37,0,0,0,0,0,0,1,0,0
2,69,40,Regular Play,Spain,3869220,0 days 01:09:40,0,0,0,0,0,0,1,0,0
2,69,43,Regular Play,Spain,3869220,0 days 01:09:43,0,0,0,0,0,0,1,0,0
2,69,46,Regular Play,Spain,3869220,0 days 01:09:46,0,0,0,0,0,0,1,0,0
2,69,49,Regular Play,Spain,3869220,0 days 01:09:49,0,0,0,0,0,0,1,0,0
2,69,52,Regular Play,Spain,3869220,0 days 01:09:52,0,0,0,0,0,0,1,0,0
2,69,56,Regular Play,Spain,3869220,0 days 01:09:56,0,0,0,0,0,0,1,0,0
2,69,58,Regular Play,Spain,3869220,0 days 01:09:58,0,0,0,0,0,0,1,0,0
2,70,1,Regular Play,Spain,3869220,0 days 01:10:01,0,0,0,0,0,0,1,0,0
2,70,4,Regular Play,Spain,3869220,0 days 01:10:04,0,0,0,0,0,0,1,0,0
2,70,8,Regular Play,Spain,3869220,0 days 01:10:08,0,0,0,0,0,0,1,0,0
2,70,12,Regular Play,Spain,3869220,0 days 01:10:12,0,0,0,0,0,0,1,0,0
2,70,14,Regular Play,Spain,3869220,0 days 01:10:14,0,0,0,0,0,0,1,0,0
2,70,16,Regular Play,Spain,3869220,0 days 01:10:16,0,0,0,0,0,0,1,0,0
2,70,18,Regular Play,Spain,3869220,0 days 01:10:18,0,0,0,0,0,0,1,0,0
2,70,22,Regular Play,Spain,3869220,0 days 01:10:22,0,0,0,0,0,0,1,0,0
2,70,24,Regular Play,Spain,3869220,0 days 01:10:24,0,0,0,0,0,0,1,0,0
2,70,26,Regular Play,Spain,3869220,0 days 01:10:26,0,0,0,0,0,0,1,0,0
2,70,28,Regular Play,Spain,3869220,0 days 01:10:28,0,0,0,0,0,0,1,0,0
2,70,31,Regular Play,Spain,3869220,0 days 01:10:31,0,0,0,0,0,0,1,0,0
2,70,32,Regular Play,Spain,3869220,0 days 01:10:32,0,0,0,0,0,0,1,0,0
2,70,37,Regular Play,Spain,3869220,0 days 01:10:37,0,0,0,0,0,0,1,0,0
2,70,39,Regular Play,Spain,3869220,0 days 01:10:39,0,0,0,0,0,0,1,0,0
2,70,42,Regular Play,Spain,3869220,0 days 01:10:42,0,0,0,0,0,0,1,0,0
2,70,44,Regular Play,Spain,3869220,0 days 01:10:44,0,0,0,0,0,0,1,0,0
2,70,49,Regular Play,Spain,3869220,0 days 01:10:49,0,0,0,0,0,0,1,0,0
2,70,51,Regular Play,Spain,3869220,0 days 01:10:51,0,0,0,0,0,0,1,0,0
2,70,53,Regular Play,Spain,3869220,0 days 01:10:53,0,0,0,0,0,0,1,0,0
2,70,56,Regular Play,Spain,3869220,0 days 01:10:56,0,0,0,0,0,0,1,0,0
2,70,59,Regular Play,Spain,3869220,0 days 01:10:59,0,0,0,0,0,0,1,0,0
2,71,5,Regular Play,Spain,3869220,0 days 01:11:05,0,0,0,0,0,0,1,0,0
2,71,9,Regular Play,Spain,3869220,0 days 01:11:09,0,0,0,0,0,0,1,0,0
2,71,13,Regular Play,Spain,3869220,0 days 01:11:13,0,0,0,0,0,0,1,0,0
2,71,17,Regular Play,Spain,3869220,0 days 01:11:17,0,0,0,0,0,0,1,0,0
2,71,18,Regular Play,Spain,3869220,0 days 01:11:18,0,0,0,0,0,0,1,0,0
2,71,22,Regular Play,Morocco,3869220,0 days 01:11:22,0,0,0,0,0,0,1,0,0
2,71,24,Regular Play,Morocco,3869220,0 days 01:11:24,0,0,0,0,0,0,1,0,0
2,71,27,Regular Play,Morocco,3869220,0 days 01:11:27,0,0,0,0,0,0,1,0,0
2,71,30,Regular Play,Morocco,3869220,0 days 01:11:30,0,0,0,0,0,0,1,0,0
2,71,36,Regular Play,Morocco,3869220,0 days 01:11:36,0,0,0,0,0,0,1,0,0
2,71,38,Regular Play,Morocco,3869220,0 days 01:11:38,0,0,0,0,0,0,1,0,0
2,71,39,Regular Play,Morocco,3869220,0 days 01:11:39,0,0,0,0,0,0,1,0,0
2,71,40,Regular Play,Morocco,3869220,0 days 01:11:40,0,0,0,1,0,0,0,0,0
2,71,40,Regular Play,Spain,3869220,0 days 01:11:40,0,0,0,0,0,0,0,0,1
2,71,42,Regular Play,Spain,3869220,0 days 01:11:42,1,0,0,0,0,0,0,0,0
2,71,45,Regular Play,Spain,3869220,0 days 01:11:45,0,0,0,0,0,0,1,0,0
2,71,47,Regular Play,Spain,3869220,0 days 01:11:47,0,0,1,0,0,0,0,0,0
2,71,47,Regular Play,Morocco,3869220,0 days 01:11:47,0,0,0,0,0,0,0,0,1
2,71,48,Regular Play,Morocco,3869220,0 days 01:11:48,1,0,0,0,0,0,0,0,0
2,71,52,Regular Play,Morocco,3869220,0 days 01:11:52,0,0,0,0,0,0,1,0,0
2,71,55,Regular Play,Spain,3869220,0 days 01:11:55,0,0,0,0,0,1,0,0,0
2,71,58,Regular Play,Morocco,3869220,0 days 01:11:58,1,0,0,0,0,0,0,0,0
2,72,1,Regular Play,Morocco,3869220,0 days 01:12:01,0,0,0,0,0,0,1,0,0
2,72,5,Regular Play,Spain,3869220,0 days 01:12:05,1,0,0,0,0,0,0,0,0
2,72,7,Regular Play,Spain,3869220,0 days 01:12:07,0,0,0,0,0,0,1,0,0
2,72,13,Regular Play,Spain,3869220,0 days 01:12:13,0,0,0,0,0,0,1,0,0
2,72,18,Regular Play,Spain,3869220,0 days 01:12:18,0,0,0,0,0,0,1,0,0
2,72,25,Regular Play,Spain,3869220,0 days 01:12:25,0,0,0,0,0,0,1,0,0
2,72,26,Regular Play,Spain,3869220,0 days 01:12:26,0,0,0,0,0,0,1,0,0
2,72,27,Regular Play,Spain,3869220,0 days 01:12:27,0,0,0,0,0,0,1,0,0
2,72,53,From Free Kick,Morocco,3869220,0 days 01:12:53,0,0,0,0,0,0,1,0,0
2,72,55,From Free Kick,Morocco,3869220,0 days 01:12:55,0,0,0,0,0,0,1,0,0
2,72,56,From Free Kick,Morocco,3869220,0 days 01:12:56,0,0,0,0,0,0,1,0,0
2,73,0,From Free Kick,Morocco,3869220,0 days 01:13:00,0,0,0,1,0,0,0,0,0
2,73,2,From Free Kick,Morocco,3869220,0 days 01:13:02,0,0,0,0,0,0,1,0,0
2,73,3,From Free Kick,Morocco,3869220,0 days 01:13:03,0,0,0,0,0,0,1,0,0
2,73,5,From Free Kick,Morocco,3869220,0 days 01:13:05,0,0,0,0,0,0,1,0,0
2,73,8,Regular Play,Spain,3869220,0 days 01:13:08,0,0,0,0,0,1,0,0,0
2,73,11,Regular Play,Spain,3869220,0 days 01:13:11,0,0,0,0,0,0,1,0,0
2,73,12,Regular Play,Spain,3869220,0 days 01:13:12,0,0,0,0,0,0,1,0,0
2,73,14,Regular Play,Spain,3869220,0 days 01:13:14,0,0,0,0,0,0,1,0,0
2,73,17,Regular Play,Spain,3869220,0 days 01:13:17,0,0,0,0,0,0,1,0,0
2,73,18,Regular Play,Spain,3869220,0 days 01:13:18,0,0,0,0,0,0,1,0,0
2,73,19,Regular Play,Spain,3869220,0 days 01:13:19,0,0,0,0,0,0,1,0,0
2,73,20,Regular Play,Spain,3869220,0 days 01:13:20,0,0,0,0,0,0,1,0,0
2,73,22,Regular Play,Spain,3869220,0 days 01:13:22,0,0,0,0,0,0,1,0,0
2,73,25,Regular Play,Spain,3869220,0 days 01:13:25,0,0,0,0,0,0,1,0,0
2,73,27,Regular Play,Spain,3869220,0 days 01:13:27,0,0,0,0,0,0,1,0,0
2,73,29,Regular Play,Morocco,3869220,0 days 01:13:29,0,0,0,0,0,0,1,0,0
2,73,30,Regular Play,Morocco,3869220,0 days 01:13:30,0,0,0,0,0,0,1,0,0
2,73,34,Regular Play,Morocco,3869220,0 days 01:13:34,0,0,0,0,0,0,1,0,0
2,73,35,Regular Play,Spain,3869220,0 days 01:13:35,0,0,0,0,0,0,1,0,0
2,73,37,Regular Play,Spain,3869220,0 days 01:13:37,0,0,0,0,0,0,1,0,0
2,73,38,Regular Play,Spain,3869220,0 days 01:13:38,0,0,0,0,0,0,1,0,0
2,73,43,Regular Play,Spain,3869220,0 days 01:13:43,0,0,0,0,0,0,1,0,0
2,73,44,Regular Play,Spain,3869220,0 days 01:13:44,0,0,0,0,0,0,1,0,0
2,73,51,Regular Play,Spain,3869220,0 days 01:13:51,0,0,0,0,0,0,1,0,0
2,73,53,Regular Play,Spain,3869220,0 days 01:13:53,0,0,0,0,0,0,1,0,0
2,73,56,Regular Play,Spain,3869220,0 days 01:13:56,0,0,0,0,0,0,1,0,0
2,73,58,Regular Play,Spain,3869220,0 days 01:13:58,0,0,0,0,0,0,1,0,0
2,74,0,Regular Play,Spain,3869220,0 days 01:14:00,0,0,0,0,0,0,1,0,0
2,74,3,Regular Play,Spain,3869220,0 days 01:14:03,0,0,0,0,0,0,1,0,0
2,74,6,Regular Play,Spain,3869220,0 days 01:14:06,0,0,0,0,0,0,1,0,0
2,74,7,Regular Play,Spain,3869220,0 days 01:14:07,0,0,0,0,0,0,1,0,0
2,74,12,Regular Play,Spain,3869220,0 days 01:14:12,0,0,0,0,0,0,1,0,0
2,74,14,Regular Play,Spain,3869220,0 days 01:14:14,0,0,0,0,0,0,1,0,0
2,74,16,Regular Play,Spain,3869220,0 days 01:14:16,0,0,0,0,0,0,1,0,0
2,74,18,Regular Play,Morocco,3869220,0 days 01:14:18,1,0,0,0,0,0,0,0,0
2,74,19,Regular Play,Morocco,3869220,0 days 01:14:19,0,0,0,0,0,0,1,0,0
2,74,20,Regular Play,Spain,3869220,0 days 01:14:20,1,0,0,0,0,0,0,0,0
2,74,22,Regular Play,Spain,3869220,0 days 01:14:22,0,0,0,0,0,0,1,0,0
2,74,25,Regular Play,Spain,3869220,0 days 01:14:25,0,0,0,1,0,0,0,0,0
2,74,25,Regular Play,Morocco,3869220,0 days 01:14:25,0,0,0,0,0,0,0,0,1
2,74,28,Regular Play,Morocco,3869220,0 days 01:14:28,0,0,0,0,0,0,1,0,0
2,74,30,Regular Play,Morocco,3869220,0 days 01:14:30,0,0,0,0,0,0,1,0,0
2,74,31,Regular Play,Spain,3869220,0 days 01:14:31,1,0,0,0,0,0,0,0,0
2,74,32,Regular Play,Spain,3869220,0 days 01:14:32,0,0,0,0,0,0,1,0,0
2,74,33,Regular Play,Spain,3869220,0 days 01:14:33,0,0,0,0,0,0,1,0,0
2,74,37,Regular Play,Spain,3869220,0 days 01:14:37,0,0,0,0,0,0,1,0,0
2,74,40,Regular Play,Spain,3869220,0 days 01:14:40,0,0,0,0,0,0,1,0,0
2,74,43,Regular Play,Morocco,3869220,0 days 01:14:43,0,0,0,0,0,1,0,0,0
2,75,15,From Throw In,Spain,3869220,0 days 01:15:15,0,0,0,0,0,0,1,0,0
2,75,19,From Throw In,Spain,3869220,0 days 01:15:19,0,0,0,0,0,0,1,0,0
2,75,22,From Throw In,Spain,3869220,0 days 01:15:22,0,0,0,0,0,0,1,0,0
2,75,25,From Throw In,Spain,3869220,0 days 01:15:25,0,0,0,0,0,0,1,0,0
2,75,28,From Throw In,Spain,3869220,0 days 01:15:28,0,0,0,0,0,0,1,0,0
2,75,29,From Throw In,Spain,3869220,0 days 01:15:29,0,0,0,1,0,0,0,0,0
2,75,30,Regular Play,Morocco,3869220,0 days 01:15:30,1,0,0,0,0,0,0,0,0
2,75,32,Regular Play,Morocco,3869220,0 days 01:15:32,0,0,0,1,0,0,0,0,0
2,75,33,Regular Play,Morocco,3869220,0 days 01:15:33,0,0,0,0,0,0,1,0,0
2,75,35,Regular Play,Morocco,3869220,0 days 01:15:35,0,0,0,0,0,0,1,0,0
2,75,41,Regular Play,Morocco,3869220,0 days 01:15:41,0,0,0,0,0,0,1,0,0
2,75,42,Regular Play,Morocco,3869220,0 days 01:15:42,0,0,0,0,0,0,1,0,0
2,75,46,Regular Play,Morocco,3869220,0 days 01:15:46,0,0,0,0,0,0,1,0,0
2,75,48,Regular Play,Morocco,3869220,0 days 01:15:48,0,0,0,0,0,0,1,0,0
2,75,53,Regular Play,Morocco,3869220,0 days 01:15:53,1,0,0,0,0,0,0,0,0
2,75,53,Regular Play,Spain,3869220,0 days 01:15:53,0,0,0,0,1,0,0,0,0
2,76,52,From Free Kick,Morocco,3869220,0 days 01:16:52,0,0,0,0,0,0,1,0,0
2,76,56,Regular Play,Spain,3869220,0 days 01:16:56,1,0,0,0,0,0,0,0,0
2,76,58,Regular Play,Spain,3869220,0 days 01:16:58,0,0,0,0,0,0,1,0,0
2,67,3,From Throw In,South Korea,3869253,0 days 01:07:03,0,0,0,0,0,0,1,0,0
2,67,4,From Throw In,South Korea,3869253,0 days 01:07:04,0,0,0,0,0,0,1,0,0
2,67,5,From Counter,Brazil,3869253,0 days 01:07:05,0,0,0,0,0,0,1,0,0
2,67,6,From Counter,Brazil,3869253,0 days 01:07:06,0,0,0,0,0,0,1,0,0
2,67,9,From Counter,Brazil,3869253,0 days 01:07:09,0,0,0,1,0,0,0,0,0
2,67,9,Regular Play,South Korea,3869253,0 days 01:07:09,0,0,0,0,0,0,0,0,1
2,67,10,Regular Play,South Korea,3869253,0 days 01:07:10,0,0,0,0,0,0,1,0,0
2,67,13,Regular Play,South Korea,3869253,0 days 01:07:13,0,0,0,1,0,0,0,0,0
2,67,15,Regular Play,South Korea,3869253,0 days 01:07:15,1,0,0,0,0,0,0,0,0
2,67,17,Regular Play,South Korea,3869253,0 days 01:07:17,0,0,0,0,0,0,1,0,0
2,67,21,Regular Play,South Korea,3869253,0 days 01:07:21,0,0,0,0,0,0,1,0,0
2,67,23,Regular Play,South Korea,3869253,0 days 01:07:23,0,0,0,0,0,0,1,0,0
2,67,26,Regular Play,South Korea,3869253,0 days 01:07:26,0,0,0,0,0,0,1,0,0
2,67,30,Regular Play,South Korea,3869253,0 days 01:07:30,0,0,0,0,0,0,1,0,0
2,67,32,Regular Play,Brazil,3869253,0 days 01:07:32,1,0,0,0,0,0,0,0,0
2,67,34,Regular Play,South Korea,3869253,0 days 01:07:34,1,0,0,0,0,0,0,0,0
2,67,34,Regular Play,South Korea,3869253,0 days 01:07:34,0,0,0,0,0,0,0,1,0
2,68,28,From Free Kick,Brazil,3869253,0 days 01:08:28,0,0,0,0,0,0,1,0,0
2,68,31,From Free Kick,Brazil,3869253,0 days 01:08:31,0,0,0,0,0,0,1,0,0
2,68,34,From Free Kick,South Korea,3869253,0 days 01:08:34,0,0,0,0,0,0,1,0,0
2,68,37,From Free Kick,South Korea,3869253,0 days 01:08:37,0,0,0,0,0,0,1,0,0
2,68,38,From Free Kick,South Korea,3869253,0 days 01:08:38,0,0,0,0,1,0,0,0,0
2,69,28,From Free Kick,Brazil,3869253,0 days 01:09:28,0,0,0,0,0,0,1,0,0
2,69,31,From Free Kick,Brazil,3869253,0 days 01:09:31,0,0,0,0,0,0,1,0,0
2,69,33,From Free Kick,Brazil,3869253,0 days 01:09:33,0,0,0,0,0,0,1,0,0
2,69,35,From Free Kick,Brazil,3869253,0 days 01:09:35,0,0,0,0,0,0,1,0,0
2,69,37,From Free Kick,Brazil,3869253,0 days 01:09:37,0,0,0,0,0,0,1,0,0
2,69,40,From Free Kick,South Korea,3869253,0 days 01:09:40,0,0,0,0,1,0,0,0,0
2,70,12,From Free Kick,Brazil,3869253,0 days 01:10:12,0,0,0,0,0,0,1,0,0
2,70,16,From Free Kick,Brazil,3869253,0 days 01:10:16,0,0,0,0,0,0,1,0,0
2,70,18,Regular Play,South Korea,3869253,0 days 01:10:18,0,0,0,0,0,0,1,0,0
2,70,20,Regular Play,South Korea,3869253,0 days 01:10:20,0,0,0,0,0,0,1,0,0
2,70,25,Regular Play,South Korea,3869253,0 days 01:10:25,0,0,0,0,0,0,1,0,0
2,70,31,Regular Play,South Korea,3869253,0 days 01:10:31,0,0,0,0,0,0,1,0,0
2,70,32,Regular Play,South Korea,3869253,0 days 01:10:32,0,0,0,0,0,0,1,0,0
2,70,35,Regular Play,South Korea,3869253,0 days 01:10:35,0,0,0,0,0,0,1,0,0
2,70,43,Regular Play,South Korea,3869253,0 days 01:10:43,0,0,0,0,0,0,1,0,0
2,70,46,Regular Play,South Korea,3869253,0 days 01:10:46,0,0,0,0,0,0,1,0,0
2,72,0,From Throw In,Brazil,3869253,0 days 01:12:00,0,0,0,0,0,0,1,0,0
2,72,1,From Throw In,Brazil,3869253,0 days 01:12:01,0,0,0,0,0,0,1,0,0
2,72,3,From Throw In,Brazil,3869253,0 days 01:12:03,0,0,0,0,0,0,1,0,0
2,72,4,From Throw In,Brazil,3869253,0 days 01:12:04,0,0,0,0,0,0,1,0,0
2,72,5,From Throw In,Brazil,3869253,0 days 01:12:05,0,0,0,0,0,0,1,0,0
2,72,8,From Throw In,Brazil,3869253,0 days 01:12:08,0,0,0,0,0,0,1,0,0
2,72,9,From Throw In,Brazil,3869253,0 days 01:12:09,0,0,0,0,0,0,1,0,0
2,72,10,From Throw In,Brazil,3869253,0 days 01:12:10,0,0,0,1,0,0,0,0,0
2,72,10,From Throw In,South Korea,3869253,0 days 01:12:10,0,0,0,0,0,0,0,0,1
2,72,12,From Throw In,South Korea,3869253,0 days 01:12:12,0,0,0,0,0,0,1,0,0
2,72,15,From Throw In,South Korea,3869253,0 days 01:12:15,0,0,0,0,0,0,1,0,0
2,72,17,From Throw In,Brazil,3869253,0 days 01:12:17,1,0,0,0,0,0,0,0,0
2,72,18,From Throw In,Brazil,3869253,0 days 01:12:18,0,0,0,0,0,0,1,0,0
2,72,25,From Throw In,Brazil,3869253,0 days 01:12:25,0,0,0,0,0,0,1,0,0
2,72,31,From Throw In,Brazil,3869253,0 days 01:12:31,0,0,0,0,0,0,1,0,0
2,72,33,From Throw In,Brazil,3869253,0 days 01:12:33,0,0,0,0,0,0,1,0,0
2,72,36,From Throw In,Brazil,3869253,0 days 01:12:36,0,0,0,0,0,0,1,0,0
2,72,41,From Throw In,Brazil,3869253,0 days 01:12:41,0,0,0,0,0,0,1,0,0
2,72,43,From Throw In,Brazil,3869253,0 days 01:12:43,0,0,0,0,0,0,1,0,0
2,72,50,From Throw In,Brazil,3869253,0 days 01:12:50,0,0,0,0,0,0,1,0,0
2,72,52,From Throw In,Brazil,3869253,0 days 01:12:52,0,0,0,0,0,0,1,0,0
2,72,55,From Throw In,Brazil,3869253,0 days 01:12:55,0,0,0,0,0,0,1,0,0
2,72,58,From Throw In,Brazil,3869253,0 days 01:12:58,0,0,0,0,0,0,1,0,0
2,73,1,From Throw In,Brazil,3869253,0 days 01:13:01,0,0,0,0,0,0,1,0,0
2,73,3,From Throw In,South Korea,3869253,0 days 01:13:03,0,0,0,0,0,0,1,0,0
2,73,5,From Throw In,Brazil,3869253,0 days 01:13:05,0,0,0,0,0,0,1,0,0
2,73,6,From Throw In,Brazil,3869253,0 days 01:13:06,0,0,0,0,0,0,1,0,0
2,73,8,From Throw In,Brazil,3869253,0 days 01:13:08,0,0,0,0,1,0,0,0,0
2,73,41,From Free Kick,South Korea,3869253,0 days 01:13:41,0,0,0,0,0,0,1,0,0
2,73,51,From Free Kick,South Korea,3869253,0 days 01:13:51,0,0,0,0,0,0,1,0,0
2,73,52,From Free Kick,South Korea,3869253,0 days 01:13:52,0,0,0,0,0,0,1,0,0
2,73,58,From Free Kick,South Korea,3869253,0 days 01:13:58,0,0,0,0,0,0,1,0,0
2,74,1,From Free Kick,South Korea,3869253,0 days 01:14:01,0,0,0,0,0,0,1,0,0
2,74,4,From Free Kick,South Korea,3869253,0 days 01:14:04,0,0,1,0,0,0,0,0,0
2,74,4,From Free Kick,Brazil,3869253,0 days 01:14:04,0,0,0,0,0,0,0,0,1
2,74,10,From Throw In,South Korea,3869253,0 days 01:14:10,0,0,0,0,0,0,1,0,0
2,74,10,From Throw In,South Korea,3869253,0 days 01:14:10,0,0,0,0,0,0,1,0,0
2,74,13,From Throw In,South Korea,3869253,0 days 01:14:13,0,0,0,0,0,0,1,0,0
2,74,17,From Throw In,South Korea,3869253,0 days 01:14:17,0,0,0,0,0,0,1,0,0
2,74,22,From Throw In,South Korea,3869253,0 days 01:14:22,0,0,0,0,0,0,1,0,0
2,74,22,From Throw In,Brazil,3869253,0 days 01:14:22,0,1,0,0,0,0,0,0,0
2,74,23,From Throw In,South Korea,3869253,0 days 01:14:23,1,0,0,0,0,0,0,0,0
2,74,25,From Throw In,South Korea,3869253,0 days 01:14:25,0,0,0,0,0,0,1,0,0
2,74,42,From Throw In,Brazil,3869253,0 days 01:14:42,0,0,0,0,0,0,1,0,0
2,74,45,From Throw In,Brazil,3869253,0 days 01:14:45,0,0,0,0,0,0,1,0,0
2,74,53,From Throw In,Brazil,3869253,0 days 01:14:53,0,0,0,0,0,0,1,0,0
2,74,55,From Throw In,South Korea,3869253,0 days 01:14:55,0,0,0,0,0,0,1,0,0
2,74,56,From Throw In,Brazil,3869253,0 days 01:14:56,0,0,0,0,1,0,0,0,0
2,75,44,From Free Kick,South Korea,3869253,0 days 01:15:44,0,0,0,0,0,0,1,0,0
2,75,45,From Free Kick,Brazil,3869253,0 days 01:15:45,0,1,0,0,0,0,0,0,0
2,75,47,From Free Kick,South Korea,3869253,0 days 01:15:47,1,0,0,0,0,0,0,0,0
2,75,47,From Free Kick,South Korea,3869253,0 days 01:15:47,0,0,0,0,0,0,0,1,0
2,76,53,From Kick Off,Brazil,3869253,0 days 01:16:53,0,0,0,0,0,0,1,0,0
2,76,54,From Kick Off,Brazil,3869253,0 days 01:16:54,0,0,0,0,0,0,1,0,0
2,76,56,From Kick Off,Brazil,3869253,0 days 01:16:56,0,0,0,0,0,0,1,0,0
2,76,59,From Kick Off,Brazil,3869253,0 days 01:16:59,0,0,0,0,0,0,1,0,0
2,67,26,From Kick Off,Switzerland,3869254,0 days 01:07:26,0,0,0,0,0,0,1,0,0
2,67,27,From Kick Off,Switzerland,3869254,0 days 01:07:27,0,0,0,0,0,0,1,0,0
2,67,29,From Kick Off,Switzerland,3869254,0 days 01:07:29,0,0,0,0,0,0,1,0,0
2,67,32,From Kick Off,Switzerland,3869254,0 days 01:07:32,0,0,0,0,0,0,1,0,0
2,67,35,From Kick Off,Portugal,3869254,0 days 01:07:35,1,0,0,0,0,0,0,0,0
2,67,38,From Kick Off,Portugal,3869254,0 days 01:07:38,0,0,0,0,0,0,1,0,0
2,67,40,From Kick Off,Switzerland,3869254,0 days 01:07:40,1,0,0,0,0,0,0,0,0
2,67,41,From Kick Off,Switzerland,3869254,0 days 01:07:41,0,0,0,0,0,0,1,0,0
2,67,42,From Kick Off,Switzerland,3869254,0 days 01:07:42,0,0,0,0,0,0,1,0,0
2,67,44,From Kick Off,Switzerland,3869254,0 days 01:07:44,0,0,0,0,0,0,1,0,0
2,67,46,From Kick Off,Switzerland,3869254,0 days 01:07:46,0,0,0,0,0,0,1,0,0
2,67,48,From Kick Off,Switzerland,3869254,0 days 01:07:48,0,0,0,0,0,0,1,0,0
2,67,52,From Kick Off,Switzerland,3869254,0 days 01:07:52,0,0,0,0,0,0,1,0,0
2,67,53,Regular Play,Portugal,3869254,0 days 01:07:53,1,0,0,0,0,0,0,0,0
2,67,55,Regular Play,Portugal,3869254,0 days 01:07:55,0,0,0,0,0,0,1,0,0
2,67,56,Regular Play,Portugal,3869254,0 days 01:07:56,0,0,0,0,0,0,1,0,0
2,67,59,Regular Play,Switzerland,3869254,0 days 01:07:59,0,0,0,0,1,0,0,0,0
2,68,19,From Free Kick,Portugal,3869254,0 days 01:08:19,0,0,0,0,0,0,1,0,0
2,68,23,From Free Kick,Portugal,3869254,0 days 01:08:23,0,0,0,0,0,0,1,0,0
2,68,24,From Free Kick,Switzerland,3869254,0 days 01:08:24,0,0,0,0,1,0,0,0,0
2,68,25,From Free Kick,Switzerland,3869254,0 days 01:08:25,0,0,0,0,0,1,0,0,0
2,68,25,From Free Kick,Switzerland,3869254,0 days 01:08:25,0,0,1,0,0,0,0,0,0
2,68,25,From Free Kick,Portugal,3869254,0 days 01:08:25,0,0,0,0,0,0,0,0,1
2,68,26,From Free Kick,Portugal,3869254,0 days 01:08:26,1,0,0,0,0,0,0,0,0
2,68,27,From Free Kick,Portugal,3869254,0 days 01:08:27,0,0,0,0,0,0,1,0,0
2,68,29,From Free Kick,Portugal,3869254,0 days 01:08:29,0,0,0,0,0,0,1,0,0
2,68,30,From Free Kick,Portugal,3869254,0 days 01:08:30,0,0,0,0,0,0,1,0,0
2,68,30,From Free Kick,Portugal,3869254,0 days 01:08:30,0,0,0,0,0,0,1,0,0
2,68,33,From Free Kick,Portugal,3869254,0 days 01:08:33,0,0,0,0,0,0,1,0,0
2,68,34,From Free Kick,Portugal,3869254,0 days 01:08:34,0,0,0,0,0,0,1,0,0
2,68,35,From Free Kick,Portugal,3869254,0 days 01:08:35,0,0,0,0,0,0,1,0,0
2,68,36,From Free Kick,Portugal,3869254,0 days 01:08:36,0,0,0,0,0,0,1,0,0
2,68,38,From Free Kick,Portugal,3869254,0 days 01:08:38,0,0,0,0,0,0,1,0,0
2,68,40,From Free Kick,Portugal,3869254,0 days 01:08:40,0,0,0,0,0,0,1,0,0
2,68,44,From Free Kick,Portugal,3869254,0 days 01:08:44,0,0,0,0,0,0,1,0,0
2,68,45,From Free Kick,Portugal,3869254,0 days 01:08:45,0,0,0,0,0,0,1,0,0
2,68,47,From Free Kick,Portugal,3869254,0 days 01:08:47,0,0,0,0,0,0,1,0,0
2,68,49,From Free Kick,Portugal,3869254,0 days 01:08:49,0,0,0,0,0,0,1,0,0
2,68,50,From Free Kick,Portugal,3869254,0 days 01:08:50,0,0,0,0,0,0,1,0,0
2,68,52,From Free Kick,Portugal,3869254,0 days 01:08:52,0,0,0,0,0,0,1,0,0
2,68,53,From Free Kick,Portugal,3869254,0 days 01:08:53,0,0,0,0,0,0,1,0,0
2,68,56,From Free Kick,Portugal,3869254,0 days 01:08:56,0,0,0,0,0,0,1,0,0
2,68,58,From Free Kick,Portugal,3869254,0 days 01:08:58,0,0,0,0,0,0,1,0,0
2,69,16,From Goal Kick,Switzerland,3869254,0 days 01:09:16,0,0,0,0,0,0,1,0,0
2,69,19,From Goal Kick,Switzerland,3869254,0 days 01:09:19,0,0,0,1,0,0,0,0,0
2,69,20,From Goal Kick,Portugal,3869254,0 days 01:09:20,0,0,0,0,1,0,0,0,0
2,69,24,From Free Kick,Switzerland,3869254,0 days 01:09:24,0,0,0,0,0,0,1,0,0
2,69,26,From Free Kick,Switzerland,3869254,0 days 01:09:26,0,0,0,0,0,0,1,0,0
2,69,34,From Free Kick,Switzerland,3869254,0 days 01:09:34,0,0,0,0,0,0,1,0,0
2,69,37,From Free Kick,Switzerland,3869254,0 days 01:09:37,0,0,0,0,0,0,1,0,0
2,69,41,From Free Kick,Switzerland,3869254,0 days 01:09:41,0,0,0,0,0,0,1,0,0
2,69,46,From Free Kick,Switzerland,3869254,0 days 01:09:46,0,0,0,0,0,0,1,0,0
2,69,46,From Free Kick,Portugal,3869254,0 days 01:09:46,0,1,0,0,0,0,0,0,0
2,69,54,From Throw In,Switzerland,3869254,0 days 01:09:54,0,0,0,0,0,0,1,0,0
2,69,57,From Throw In,Switzerland,3869254,0 days 01:09:57,0,0,1,0,0,0,0,0,0
2,69,57,From Throw In,Portugal,3869254,0 days 01:09:57,0,0,0,0,0,0,0,0,1
2,69,58,From Throw In,Portugal,3869254,0 days 01:09:58,0,0,0,0,0,0,1,0,0
2,70,4,From Throw In,Switzerland,3869254,0 days 01:10:04,0,0,0,0,0,0,1,0,0
2,70,7,From Throw In,Switzerland,3869254,0 days 01:10:07,0,0,0,0,0,0,1,0,0
2,70,10,From Throw In,Switzerland,3869254,0 days 01:10:10,0,0,0,0,0,0,0,1,0
2,70,38,From Corner,Switzerland,3869254,0 days 01:10:38,0,0,0,0,0,0,1,0,0
2,71,5,From Goal Kick,Portugal,3869254,0 days 01:11:05,0,0,0,0,0,0,1,0,0
2,71,7,From Goal Kick,Portugal,3869254,0 days 01:11:07,0,0,0,0,0,0,1,0,0
2,71,11,From Goal Kick,Portugal,3869254,0 days 01:11:11,0,0,0,0,0,0,1,0,0
2,71,23,From Throw In,Portugal,3869254,0 days 01:11:23,0,0,0,0,0,0,1,0,0
2,71,25,From Throw In,Portugal,3869254,0 days 01:11:25,0,0,0,0,0,0,1,0,0
2,71,26,Regular Play,Switzerland,3869254,0 days 01:11:26,0,0,0,0,0,0,1,0,0
2,71,27,Regular Play,Switzerland,3869254,0 days 01:11:27,0,0,0,0,0,0,1,0,0
2,71,28,Regular Play,Switzerland,3869254,0 days 01:11:28,0,0,0,0,0,0,1,0,0
2,71,30,Regular Play,Switzerland,3869254,0 days 01:11:30,0,0,0,0,0,0,1,0,0
2,71,32,Regular Play,Portugal,3869254,0 days 01:11:32,0,0,0,0,0,0,1,0,0
2,71,40,Regular Play,Portugal,3869254,0 days 01:11:40,0,0,0,0,0,0,1,0,0
2,71,41,Regular Play,Portugal,3869254,0 days 01:11:41,0,0,0,0,0,0,1,0,0
2,71,44,Regular Play,Portugal,3869254,0 days 01:11:44,0,0,0,0,0,0,1,0,0
2,71,49,Regular Play,Portugal,3869254,0 days 01:11:49,0,0,0,0,0,0,1,0,0
2,71,53,Regular Play,Portugal,3869254,0 days 01:11:53,0,0,0,0,0,0,1,0,0
2,71,58,Regular Play,Portugal,3869254,0 days 01:11:58,0,0,0,0,0,0,1,0,0
2,72,1,Regular Play,Switzerland,3869254,0 days 01:12:01,0,0,0,0,0,0,1,0,0
2,72,3,Regular Play,Switzerland,3869254,0 days 01:12:03,0,0,0,1,0,0,0,0,0
2,72,4,Regular Play,Switzerland,3869254,0 days 01:12:04,0,0,0,0,0,0,1,0,0
2,72,5,Regular Play,Portugal,3869254,0 days 01:12:05,0,0,0,0,0,0,1,0,0
2,72,6,Regular Play,Portugal,3869254,0 days 01:12:06,0,0,0,0,0,0,1,0,0
2,72,7,Regular Play,Portugal,3869254,0 days 01:12:07,0,0,0,0,0,0,1,0,0
2,72,8,Regular Play,Switzerland,3869254,0 days 01:12:08,0,0,0,0,1,0,0,0,0
2,73,54,From Free Kick,Portugal,3869254,0 days 01:13:54,0,0,0,0,0,0,1,0,0
2,73,54,From Free Kick,Portugal,3869254,0 days 01:13:54,0,0,0,0,0,0,1,0,0
2,73,56,From Free Kick,Portugal,3869254,0 days 01:13:56,0,0,0,0,0,0,1,0,0
2,74,12,From Throw In,Switzerland,3869254,0 days 01:14:12,0,0,0,0,0,0,1,0,0
2,74,13,From Throw In,Switzerland,3869254,0 days 01:14:13,0,0,0,0,0,0,1,0,0
2,74,13,From Throw In,Switzerland,3869254,0 days 01:14:13,0,0,0,0,0,0,1,0,0
2,74,14,From Throw In,Switzerland,3869254,0 days 01:14:14,0,0,0,0,0,0,1,0,0
2,74,15,From Throw In,Switzerland,3869254,0 days 01:14:15,0,0,0,0,0,0,1,0,0
2,74,18,From Throw In,Switzerland,3869254,0 days 01:14:18,0,0,0,0,0,0,1,0,0
2,74,21,From Throw In,Switzerland,3869254,0 days 01:14:21,0,0,0,0,0,0,1,0,0
2,74,24,From Throw In,Switzerland,3869254,0 days 01:14:24,0,0,0,0,0,0,1,0,0
2,74,25,From Throw In,Portugal,3869254,0 days 01:14:25,0,0,0,0,1,0,0,0,0
2,74,35,From Free Kick,Switzerland,3869254,0 days 01:14:35,0,0,0,0,0,0,1,0,0
2,74,38,From Free Kick,Switzerland,3869254,0 days 01:14:38,0,0,0,0,0,0,1,0,0
2,74,39,From Free Kick,Portugal,3869254,0 days 01:14:39,0,0,0,0,1,0,0,0,0
2,74,44,From Free Kick,Switzerland,3869254,0 days 01:14:44,0,0,0,0,0,0,1,0,0
2,74,45,From Counter,Portugal,3869254,0 days 01:14:45,1,0,0,0,0,0,0,0,0
2,74,47,From Counter,Portugal,3869254,0 days 01:14:47,0,0,0,0,0,0,1,0,0
2,74,49,From Counter,Portugal,3869254,0 days 01:14:49,0,0,0,0,0,0,1,0,0
2,74,51,From Counter,Switzerland,3869254,0 days 01:14:51,0,0,0,0,1,0,0,0,0
2,75,51,From Free Kick,Portugal,3869254,0 days 01:15:51,0,0,0,0,0,0,0,1,0
2,75,52,From Free Kick,Switzerland,3869254,0 days 01:15:52,0,1,0,0,0,0,0,0,0
2,75,58,From Free Kick,Portugal,3869254,0 days 01:15:58,0,0,0,0,0,0,1,0,0
2,76,0,From Free Kick,Portugal,3869254,0 days 01:16:00,0,0,0,0,0,0,1,0,0
2,76,2,From Free Kick,Portugal,3869254,0 days 01:16:02,0,0,0,0,0,0,1,0,0
2,76,8,From Free Kick,Portugal,3869254,0 days 01:16:08,0,0,0,0,0,0,1,0,0
2,76,9,From Free Kick,Portugal,3869254,0 days 01:16:09,0,0,0,0,0,0,1,0,0
2,76,11,From Free Kick,Portugal,3869254,0 days 01:16:11,0,0,0,0,0,0,1,0,0
2,76,12,From Free Kick,Portugal,3869254,0 days 01:16:12,0,0,0,0,0,0,1,0,0
2,76,14,From Free Kick,Portugal,3869254,0 days 01:16:14,0,0,0,0,0,0,1,0,0
2,76,16,From Free Kick,Portugal,3869254,0 days 01:16:16,0,0,0,0,0,0,1,0,0
2,76,19,From Free Kick,Portugal,3869254,0 days 01:16:19,0,0,0,0,0,0,1,0,0
2,76,21,From Free Kick,Portugal,3869254,0 days 01:16:21,0,0,1,0,0,0,0,0,0
2,76,21,From Free Kick,Switzerland,3869254,0 days 01:16:21,0,0,0,0,0,0,0,0,1
2,76,23,From Free Kick,Switzerland,3869254,0 days 01:16:23,1,0,0,0,0,0,0,0,0
2,76,25,From Free Kick,Switzerland,3869254,0 days 01:16:25,0,0,0,0,0,0,1,0,0
2,76,26,From Free Kick,Portugal,3869254,0 days 01:16:26,0,0,0,0,0,1,0,0,0
2,76,26,From Free Kick,Portugal,3869254,0 days 01:16:26,0,0,0,0,0,0,1,0,0
2,76,27,From Free Kick,Portugal,3869254,0 days 01:16:27,0,0,0,0,0,0,1,0,0
2,76,31,From Free Kick,Portugal,3869254,0 days 01:16:31,0,0,0,0,0,0,1,0,0
2,76,33,From Free Kick,Portugal,3869254,0 days 01:16:33,0,0,0,0,0,0,1,0,0
2,76,41,From Free Kick,Portugal,3869254,0 days 01:16:41,0,0,0,0,0,0,1,0,0
2,76,42,From Free Kick,Portugal,3869254,0 days 01:16:42,0,0,0,0,0,0,1,0,0
2,76,44,From Free Kick,Portugal,3869254,0 days 01:16:44,0,0,0,0,0,0,1,0,0
2,76,55,From Throw In,Switzerland,3869254,0 days 01:16:55,0,0,0,0,0,0,1,0,0
2,76,59,From Throw In,Switzerland,3869254,0 days 01:16:59,0,0,0,0,0,0,1,0,0
2,67,9,From Throw In,Netherlands,3869321,0 days 01:07:09,0,0,0,0,0,0,1,0,0
2,67,13,From Throw In,Netherlands,3869321,0 days 01:07:13,0,0,0,0,0,0,1,0,0
2,67,15,From Throw In,Argentina,3869321,0 days 01:07:15,0,1,0,0,0,0,0,0,0
2,67,22,From Throw In,Netherlands,3869321,0 days 01:07:22,0,0,0,0,0,0,1,0,0
2,67,26,From Throw In,Netherlands,3869321,0 days 01:07:26,0,0,0,0,0,0,1,0,0
2,67,31,From Throw In,Netherlands,3869321,0 days 01:07:31,0,0,0,0,0,0,1,0,0
2,67,40,From Throw In,Netherlands,3869321,0 days 01:07:40,0,0,0,0,0,0,1,0,0
2,67,42,From Throw In,Netherlands,3869321,0 days 01:07:42,0,0,0,0,0,0,1,0,0
2,67,50,From Throw In,Netherlands,3869321,0 days 01:07:50,0,0,0,0,0,0,1,0,0
2,67,51,From Throw In,Argentina,3869321,0 days 01:07:51,0,0,0,0,0,0,1,0,0
2,67,52,From Throw In,Argentina,3869321,0 days 01:07:52,0,0,0,0,0,0,1,0,0
2,67,54,From Throw In,Argentina,3869321,0 days 01:07:54,0,0,0,0,1,0,0,0,0
2,68,11,From Free Kick,Netherlands,3869321,0 days 01:08:11,0,0,0,0,0,0,1,0,0
2,68,13,From Free Kick,Netherlands,3869321,0 days 01:08:13,0,0,0,0,0,0,1,0,0
2,68,16,From Free Kick,Netherlands,3869321,0 days 01:08:16,0,0,0,0,0,0,1,0,0
2,68,18,From Free Kick,Netherlands,3869321,0 days 01:08:18,0,0,0,0,0,0,1,0,0
2,68,19,From Free Kick,Netherlands,3869321,0 days 01:08:19,0,0,0,0,0,0,1,0,0
2,68,31,From Free Kick,Netherlands,3869321,0 days 01:08:31,0,0,0,0,0,0,1,0,0
2,68,34,From Free Kick,Netherlands,3869321,0 days 01:08:34,0,0,0,0,0,0,1,0,0
2,68,38,From Free Kick,Netherlands,3869321,0 days 01:08:38,0,0,0,0,0,0,1,0,0
2,68,40,From Free Kick,Netherlands,3869321,0 days 01:08:40,0,0,0,0,0,0,1,0,0
2,68,44,From Free Kick,Netherlands,3869321,0 days 01:08:44,0,0,0,0,0,0,1,0,0
2,68,45,From Free Kick,Netherlands,3869321,0 days 01:08:45,0,0,0,0,0,0,1,0,0
2,68,50,From Throw In,Netherlands,3869321,0 days 01:08:50,0,0,0,0,0,0,1,0,0
2,68,55,From Throw In,Netherlands,3869321,0 days 01:08:55,0,0,0,0,0,0,1,0,0
2,68,59,From Throw In,Netherlands,3869321,0 days 01:08:59,0,0,0,0,0,0,1,0,0
2,69,3,From Throw In,Netherlands,3869321,0 days 01:09:03,0,0,0,0,0,0,1,0,0
2,69,5,From Throw In,Argentina,3869321,0 days 01:09:05,0,1,0,0,0,0,0,0,0
2,69,7,From Throw In,Argentina,3869321,0 days 01:09:07,0,0,0,0,0,0,1,0,0
2,69,8,From Throw In,Netherlands,3869321,0 days 01:09:08,0,0,0,0,0,0,1,0,0
2,69,10,From Throw In,Netherlands,3869321,0 days 01:09:10,0,0,0,0,1,0,0,0,0
2,69,41,From Free Kick,Argentina,3869321,0 days 01:09:41,0,0,0,0,0,0,1,0,0
2,69,45,From Free Kick,Argentina,3869321,0 days 01:09:45,0,0,0,0,0,0,1,0,0
2,69,47,From Free Kick,Argentina,3869321,0 days 01:09:47,0,0,0,0,0,0,1,0,0
2,69,51,From Free Kick,Argentina,3869321,0 days 01:09:51,0,0,0,0,0,0,1,0,0
2,69,53,From Free Kick,Argentina,3869321,0 days 01:09:53,0,0,0,0,0,0,1,0,0
2,69,55,From Free Kick,Argentina,3869321,0 days 01:09:55,0,0,0,0,0,0,1,0,0
2,69,57,From Free Kick,Netherlands,3869321,0 days 01:09:57,0,0,0,0,0,1,0,0,0
2,70,0,From Free Kick,Argentina,3869321,0 days 01:10:00,1,0,0,0,0,0,0,0,0
2,70,9,From Free Kick,Argentina,3869321,0 days 01:10:09,0,0,0,0,0,0,1,0,0
2,70,17,From Free Kick,Argentina,3869321,0 days 01:10:17,0,0,0,0,0,0,1,0,0
2,70,18,From Free Kick,Netherlands,3869321,0 days 01:10:18,0,0,0,0,0,1,0,0,0
2,70,19,From Free Kick,Netherlands,3869321,0 days 01:10:19,0,1,0,0,0,0,0,0,0
2,70,27,From Throw In,Argentina,3869321,0 days 01:10:27,0,0,0,0,0,0,1,0,0
2,70,33,From Throw In,Argentina,3869321,0 days 01:10:33,0,0,0,0,0,0,1,0,0
2,70,40,From Throw In,Netherlands,3869321,0 days 01:10:40,0,0,0,0,1,0,0,0,0
2,72,39,Other,Argentina,3869321,0 days 01:12:39,0,0,0,0,0,0,0,1,0
2,73,56,From Kick Off,Netherlands,3869321,0 days 01:13:56,0,0,0,0,0,0,1,0,0
2,73,58,From Kick Off,Netherlands,3869321,0 days 01:13:58,0,0,0,0,0,0,1,0,0
2,74,5,From Kick Off,Netherlands,3869321,0 days 01:14:05,0,0,0,0,0,0,1,0,0
2,75,40,Other,Argentina,3869321,0 days 01:15:40,1,0,0,0,0,0,0,0,0
2,75,51,Other,Argentina,3869321,0 days 01:15:51,0,0,0,0,0,0,1,0,0
2,75,51,Other,Argentina,3869321,0 days 01:15:51,0,0,0,0,0,0,1,0,0
2,75,53,Other,Argentina,3869321,0 days 01:15:53,0,0,0,0,0,0,1,0,0
2,76,2,From Throw In,Netherlands,3869321,0 days 01:16:02,0,0,0,0,0,0,1,0,0
2,76,5,From Throw In,Netherlands,3869321,0 days 01:16:05,0,0,0,0,0,0,1,0,0
2,76,9,From Throw In,Netherlands,3869321,0 days 01:16:09,0,0,0,0,0,0,1,0,0
2,76,11,From Throw In,Netherlands,3869321,0 days 01:16:11,0,0,0,0,0,0,1,0,0
2,76,13,From Throw In,Argentina,3869321,0 days 01:16:13,0,0,0,0,0,1,0,0,0
2,76,14,From Throw In,Netherlands,3869321,0 days 01:16:14,1,0,0,0,0,0,0,0,0
2,76,15,From Throw In,Argentina,3869321,0 days 01:16:15,1,0,0,0,0,0,0,0,0
2,76,19,From Throw In,Argentina,3869321,0 days 01:16:19,0,0,0,0,0,0,1,0,0
2,76,22,From Throw In,Netherlands,3869321,0 days 01:16:22,0,0,0,0,0,0,1,0,0
2,76,24,From Throw In,Netherlands,3869321,0 days 01:16:24,0,0,0,0,0,0,1,0,0
2,76,28,From Throw In,Netherlands,3869321,0 days 01:16:28,0,0,0,0,0,0,1,0,0
2,76,31,From Throw In,Netherlands,3869321,0 days 01:16:31,0,0,0,0,0,0,1,0,0
2,76,33,From Throw In,Netherlands,3869321,0 days 01:16:33,0,0,1,0,0,0,0,0,0
2,76,33,Regular Play,Argentina,3869321,0 days 01:16:33,0,0,0,0,0,0,0,0,1
2,76,35,Regular Play,Argentina,3869321,0 days 01:16:35,0,0,0,0,0,0,1,0,0
2,76,38,Regular Play,Argentina,3869321,0 days 01:16:38,0,0,0,0,0,0,1,0,0
2,76,43,Regular Play,Netherlands,3869321,0 days 01:16:43,0,0,0,0,1,0,0,0,0
2,67,0,Regular Play,France,3869354,0 days 01:07:00,0,0,0,0,0,0,1,0,0
2,67,4,Regular Play,France,3869354,0 days 01:07:04,0,0,0,0,0,0,1,0,0
2,67,9,Regular Play,France,3869354,0 days 01:07:09,0,0,0,0,0,0,1,0,0
2,67,13,Regular Play,France,3869354,0 days 01:07:13,0,0,0,0,0,0,1,0,0
2,67,17,Regular Play,France,3869354,0 days 01:07:17,0,0,0,0,0,0,1,0,0
2,67,19,Regular Play,France,3869354,0 days 01:07:19,0,0,0,0,0,0,1,0,0
2,67,21,Regular Play,England,3869354,0 days 01:07:21,1,0,0,0,0,0,0,0,0
2,67,22,Regular Play,England,3869354,0 days 01:07:22,0,0,0,0,0,0,1,0,0
2,67,24,Regular Play,England,3869354,0 days 01:07:24,0,0,0,0,0,0,1,0,0
2,67,25,Regular Play,England,3869354,0 days 01:07:25,0,0,0,0,0,0,1,0,0
2,67,26,Regular Play,England,3869354,0 days 01:07:26,0,0,0,0,0,0,1,0,0
2,67,35,From Throw In,France,3869354,0 days 01:07:35,0,0,0,0,0,0,1,0,0
2,67,38,From Throw In,France,3869354,0 days 01:07:38,0,0,0,0,0,0,1,0,0
2,67,43,From Throw In,France,3869354,0 days 01:07:43,0,0,0,0,0,0,1,0,0
2,67,45,From Throw In,France,3869354,0 days 01:07:45,0,0,0,0,0,0,1,0,0
2,68,19,From Goal Kick,England,3869354,0 days 01:08:19,0,0,0,0,0,0,1,0,0
2,68,23,From Goal Kick,England,3869354,0 days 01:08:23,0,0,0,0,0,0,1,0,0
2,68,25,From Goal Kick,France,3869354,0 days 01:08:25,0,0,0,0,1,0,0,0,0
2,69,21,From Free Kick,England,3869354,0 days 01:09:21,0,0,0,0,0,0,1,0,0
2,69,23,From Free Kick,England,3869354,0 days 01:09:23,0,0,0,0,0,0,0,1,0
2,69,58,From Goal Kick,France,3869354,0 days 01:09:58,0,0,0,0,0,0,1,0,0
2,70,2,From Goal Kick,France,3869354,0 days 01:10:02,0,0,0,0,0,0,1,0,0
2,70,5,Regular Play,England,3869354,0 days 01:10:05,0,0,0,0,0,0,1,0,0
2,70,6,Regular Play,England,3869354,0 days 01:10:06,0,0,0,0,0,0,1,0,0
2,70,8,Regular Play,England,3869354,0 days 01:10:08,0,0,0,0,0,0,1,0,0
2,70,11,Regular Play,England,3869354,0 days 01:10:11,0,0,0,0,0,0,1,0,0
2,70,13,Regular Play,France,3869354,0 days 01:10:13,0,0,0,0,0,0,1,0,0
2,70,15,Regular Play,France,3869354,0 days 01:10:15,0,0,0,0,0,0,1,0,0
2,70,17,Regular Play,France,3869354,0 days 01:10:17,0,0,0,0,0,0,1,0,0
2,70,18,Regular Play,England,3869354,0 days 01:10:18,0,0,0,0,0,0,1,0,0
2,70,22,Regular Play,England,3869354,0 days 01:10:22,0,0,0,0,0,0,1,0,0
2,70,23,Regular Play,England,3869354,0 days 01:10:23,0,0,0,0,0,0,1,0,0
2,70,26,Regular Play,England,3869354,0 days 01:10:26,0,0,0,0,0,0,1,0,0
2,70,29,Regular Play,England,3869354,0 days 01:10:29,0,0,0,0,0,0,1,0,0
2,70,31,Regular Play,England,3869354,0 days 01:10:31,0,0,0,0,0,0,0,1,0
2,70,35,Regular Play,France,3869354,0 days 01:10:35,0,0,0,0,0,0,1,0,0
2,70,37,Regular Play,England,3869354,0 days 01:10:37,0,0,0,0,0,0,1,0,0
2,70,39,Regular Play,England,3869354,0 days 01:10:39,0,0,0,0,0,0,1,0,0
2,70,42,Regular Play,England,3869354,0 days 01:10:42,0,0,0,0,0,0,1,0,0
2,70,48,Regular Play,England,3869354,0 days 01:10:48,0,0,0,0,0,0,1,0,0
2,70,49,Regular Play,England,3869354,0 days 01:10:49,0,0,0,0,0,0,1,0,0
2,70,54,Regular Play,England,3869354,0 days 01:10:54,0,0,0,0,0,0,1,0,0
2,70,57,Regular Play,England,3869354,0 days 01:10:57,0,0,0,0,0,0,1,0,0
2,71,2,Regular Play,England,3869354,0 days 01:11:02,0,0,0,0,0,0,1,0,0
2,71,4,Regular Play,England,3869354,0 days 01:11:04,0,0,0,0,1,0,0,0,0
2,71,46,From Free Kick,France,3869354,0 days 01:11:46,0,0,0,0,0,0,1,0,0
2,71,50,From Free Kick,England,3869354,0 days 01:11:50,0,0,0,0,0,0,1,0,0
2,71,50,From Free Kick,France,3869354,0 days 01:11:50,0,0,0,0,0,0,1,0,0
2,72,25,From Free Kick,England,3869354,0 days 01:12:25,0,0,0,0,0,0,1,0,0
2,72,27,From Free Kick,England,3869354,0 days 01:12:27,0,0,0,0,1,0,0,0,0
2,72,42,From Free Kick,France,3869354,0 days 01:12:42,0,0,0,0,0,0,1,0,0
2,72,47,Regular Play,England,3869354,0 days 01:12:47,1,0,0,0,0,0,0,0,0
2,72,48,Regular Play,England,3869354,0 days 01:12:48,0,0,0,0,0,0,1,0,0
2,73,2,Regular Play,England,3869354,0 days 01:13:02,0,0,0,0,0,0,1,0,0
2,73,6,Regular Play,England,3869354,0 days 01:13:06,0,0,0,0,0,0,1,0,0
2,73,10,Regular Play,England,3869354,0 days 01:13:10,0,0,0,0,0,0,1,0,0
2,73,12,Regular Play,England,3869354,0 days 01:13:12,0,0,0,0,0,0,1,0,0
2,73,15,Regular Play,France,3869354,0 days 01:13:15,0,1,0,0,0,0,0,0,0
2,73,24,From Throw In,England,3869354,0 days 01:13:24,0,0,0,0,0,0,1,0,0
2,73,27,From Throw In,France,3869354,0 days 01:13:27,0,0,0,0,0,1,0,0,0
2,73,29,Regular Play,France,3869354,0 days 01:13:29,1,0,0,0,0,0,0,0,0
2,73,40,Regular Play,France,3869354,0 days 01:13:40,0,0,0,0,0,0,1,0,0
2,73,44,Regular Play,France,3869354,0 days 01:13:44,0,0,0,0,0,0,1,0,0
2,73,47,Regular Play,France,3869354,0 days 01:13:47,0,0,0,0,0,0,1,0,0
2,73,48,Regular Play,England,3869354,0 days 01:13:48,0,0,0,0,0,1,0,0,0
2,73,50,Regular Play,France,3869354,0 days 01:13:50,0,0,0,0,0,0,1,0,0
2,73,50,Regular Play,England,3869354,0 days 01:13:50,0,0,0,0,0,1,0,0,0
2,73,52,Regular Play,France,3869354,0 days 01:13:52,1,0,0,0,0,0,0,0,0
2,73,56,Regular Play,France,3869354,0 days 01:13:56,0,0,0,0,0,0,1,0,0
2,74,26,From Throw In,England,3869354,0 days 01:14:26,0,0,0,0,0,0,1,0,0
2,74,28,Regular Play,France,3869354,0 days 01:14:28,0,0,0,0,0,0,1,0,0
2,74,29,Regular Play,France,3869354,0 days 01:14:29,0,0,0,0,0,0,1,0,0
2,74,32,Regular Play,France,3869354,0 days 01:14:32,0,0,0,0,0,0,1,0,0
2,74,33,Regular Play,France,3869354,0 days 01:14:33,0,0,0,0,0,0,1,0,0
2,74,35,Regular Play,France,3869354,0 days 01:14:35,0,0,0,0,0,0,1,0,0
2,74,40,Regular Play,France,3869354,0 days 01:14:40,0,0,0,0,0,0,1,0,0
2,74,42,Regular Play,England,3869354,0 days 01:14:42,0,1,0,0,0,0,0,0,0
2,74,44,Regular Play,France,3869354,0 days 01:14:44,0,0,0,0,0,0,1,0,0
2,74,45,Regular Play,France,3869354,0 days 01:14:45,0,0,0,0,0,0,1,0,0
2,74,48,Regular Play,France,3869354,0 days 01:14:48,0,0,0,0,0,0,1,0,0
2,74,48,Regular Play,France,3869354,0 days 01:14:48,0,0,0,0,0,0,1,0,0
2,74,51,Regular Play,France,3869354,0 days 01:14:51,0,0,0,0,0,0,1,0,0
2,74,53,Regular Play,France,3869354,0 days 01:14:53,0,0,0,0,0,0,0,1,0
2,75,17,From Goal Kick,England,3869354,0 days 01:15:17,0,0,0,0,0,0,1,0,0
2,75,25,From Goal Kick,England,3869354,0 days 01:15:25,0,0,0,0,0,0,1,0,0
2,75,35,From Goal Kick,England,3869354,0 days 01:15:35,0,0,0,0,0,0,1,0,0
2,75,38,From Goal Kick,England,3869354,0 days 01:15:38,0,0,0,0,0,0,1,0,0
2,75,43,From Goal Kick,England,3869354,0 days 01:15:43,0,0,0,0,0,0,1,0,0
2,75,44,From Goal Kick,England,3869354,0 days 01:15:44,0,0,0,0,0,0,1,0,0
2,75,46,From Goal Kick,France,3869354,0 days 01:15:46,0,1,0,0,0,0,0,0,0
2,75,50,Regular Play,France,3869354,0 days 01:15:50,1,0,0,0,0,0,0,0,0
2,75,51,Regular Play,France,3869354,0 days 01:15:51,0,0,0,0,0,0,1,0,0
2,75,53,Regular Play,France,3869354,0 days 01:15:53,0,0,1,0,0,0,0,0,0
2,75,53,Regular Play,England,3869354,0 days 01:15:53,0,0,0,0,0,0,0,0,1
2,75,55,Regular Play,France,3869354,0 days 01:15:55,0,0,0,0,0,0,1,0,0
2,75,57,Regular Play,France,3869354,0 days 01:15:57,0,0,0,0,0,0,1,0,0
2,75,59,Regular Play,France,3869354,0 days 01:15:59,0,0,0,0,0,0,1,0,0
2,76,2,Regular Play,France,3869354,0 days 01:16:02,0,0,0,0,0,0,1,0,0
2,76,6,Regular Play,France,3869354,0 days 01:16:06,0,0,0,0,0,0,1,0,0
2,76,10,Regular Play,France,3869354,0 days 01:16:10,0,0,0,0,0,0,1,0,0
2,76,14,Regular Play,France,3869354,0 days 01:16:14,0,0,0,0,0,0,1,0,0
2,76,18,Regular Play,France,3869354,0 days 01:16:18,0,0,0,0,0,0,1,0,0
2,76,20,Regular Play,France,3869354,0 days 01:16:20,0,0,0,0,0,0,1,0,0
2,76,22,Regular Play,France,3869354,0 days 01:16:22,0,0,0,0,0,0,1,0,0
2,76,23,Regular Play,France,3869354,0 days 01:16:23,0,0,0,0,0,0,0,1,0
2,76,58,From Corner,France,3869354,0 days 01:16:58,0,0,0,0,0,0,1,0,0
2,76,59,From Corner,England,3869354,0 days 01:16:59,0,1,0,0,0,0,0,0,0
2,67,0,From Corner,Brazil,3869420,0 days 01:07:00,0,0,0,0,0,0,1,0,0
2,67,1,From Corner,Brazil,3869420,0 days 01:07:01,0,0,0,0,0,0,1,0,0
2,67,5,From Corner,Brazil,3869420,0 days 01:07:05,0,0,0,0,0,0,1,0,0
2,67,7,From Corner,Croatia,3869420,0 days 01:07:07,0,1,0,0,0,0,0,0,0
2,67,9,Regular Play,Croatia,3869420,0 days 01:07:09,1,0,0,0,0,0,0,0,0
2,67,13,Regular Play,Croatia,3869420,0 days 01:07:13,0,0,0,1,0,0,0,0,0
2,67,14,Regular Play,Croatia,3869420,0 days 01:07:14,0,0,0,0,0,0,1,0,0
2,67,19,Regular Play,Croatia,3869420,0 days 01:07:19,0,0,0,0,0,0,1,0,0
2,67,20,Regular Play,Croatia,3869420,0 days 01:07:20,0,0,0,0,0,0,1,0,0
2,67,21,Regular Play,Brazil,3869420,0 days 01:07:21,0,0,0,0,1,0,0,0,0
2,67,55,From Free Kick,Croatia,3869420,0 days 01:07:55,0,0,0,0,0,0,1,0,0
2,67,59,From Free Kick,Croatia,3869420,0 days 01:07:59,0,0,0,0,0,0,1,0,0
2,67,59,From Free Kick,Croatia,3869420,0 days 01:07:59,0,0,0,0,0,0,1,0,0
2,68,1,From Free Kick,Croatia,3869420,0 days 01:08:01,0,0,0,0,0,0,1,0,0
2,68,3,From Free Kick,Croatia,3869420,0 days 01:08:03,0,0,0,0,0,0,1,0,0
2,68,5,From Free Kick,Croatia,3869420,0 days 01:08:05,0,0,0,0,0,0,1,0,0
2,68,6,From Free Kick,Croatia,3869420,0 days 01:08:06,0,0,0,0,0,0,1,0,0
2,68,9,From Free Kick,Croatia,3869420,0 days 01:08:09,0,0,0,0,0,0,1,0,0
2,68,10,From Free Kick,Croatia,3869420,0 days 01:08:10,0,0,0,0,0,0,1,0,0
2,68,12,From Free Kick,Croatia,3869420,0 days 01:08:12,0,0,0,0,0,0,1,0,0
2,68,14,From Free Kick,Croatia,3869420,0 days 01:08:14,0,0,0,0,0,0,1,0,0
2,68,17,From Free Kick,Croatia,3869420,0 days 01:08:17,0,0,0,0,0,0,1,0,0
2,68,19,From Free Kick,Croatia,3869420,0 days 01:08:19,0,0,0,0,0,0,1,0,0
2,68,22,Regular Play,Brazil,3869420,0 days 01:08:22,1,0,0,0,0,0,0,0,0
2,68,24,Regular Play,Brazil,3869420,0 days 01:08:24,0,0,0,0,0,0,1,0,0
2,68,29,Regular Play,Brazil,3869420,0 days 01:08:29,0,0,0,0,0,0,1,0,0
2,68,31,Regular Play,Brazil,3869420,0 days 01:08:31,0,0,0,0,0,0,1,0,0
2,68,32,Regular Play,Brazil,3869420,0 days 01:08:32,0,0,0,0,0,0,1,0,0
2,68,40,Regular Play,Brazil,3869420,0 days 01:08:40,0,0,0,0,0,0,1,0,0
2,68,45,Regular Play,Brazil,3869420,0 days 01:08:45,0,0,0,0,0,0,1,0,0
2,68,47,Regular Play,Croatia,3869420,0 days 01:08:47,0,1,0,0,0,0,0,0,0
2,68,47,Regular Play,Croatia,3869420,0 days 01:08:47,1,0,0,0,0,0,0,0,0
2,68,51,Regular Play,Croatia,3869420,0 days 01:08:51,0,0,0,0,0,0,1,0,0
2,68,54,Regular Play,Croatia,3869420,0 days 01:08:54,0,0,0,0,0,0,1,0,0
2,69,0,Regular Play,Croatia,3869420,0 days 01:09:00,0,0,0,0,0,0,1,0,0
2,69,2,Regular Play,Croatia,3869420,0 days 01:09:02,0,0,0,0,0,0,1,0,0
2,69,3,Regular Play,Croatia,3869420,0 days 01:09:03,0,0,0,0,0,0,1,0,0
2,69,6,Regular Play,Croatia,3869420,0 days 01:09:06,0,0,0,0,0,0,1,0,0
2,69,16,From Throw In,Croatia,3869420,0 days 01:09:16,0,0,0,0,0,0,1,0,0
2,69,21,From Throw In,Croatia,3869420,0 days 01:09:21,0,0,0,0,0,0,1,0,0
2,69,23,From Throw In,Croatia,3869420,0 days 01:09:23,0,0,0,0,0,0,1,0,0
2,69,30,From Throw In,Croatia,3869420,0 days 01:09:30,0,0,0,0,0,0,1,0,0
2,69,33,From Throw In,Croatia,3869420,0 days 01:09:33,0,0,0,0,0,0,1,0,0
2,69,36,From Throw In,Croatia,3869420,0 days 01:09:36,0,0,0,0,0,0,1,0,0
2,69,40,From Throw In,Croatia,3869420,0 days 01:09:40,0,0,0,0,0,0,1,0,0
2,69,43,From Throw In,Croatia,3869420,0 days 01:09:43,0,0,0,0,0,0,1,0,0
2,69,46,From Throw In,Croatia,3869420,0 days 01:09:46,0,0,0,0,0,0,1,0,0
2,69,50,From Throw In,Croatia,3869420,0 days 01:09:50,0,0,0,0,0,0,1,0,0
2,69,54,From Throw In,Croatia,3869420,0 days 01:09:54,0,0,0,0,0,0,1,0,0
2,69,58,From Throw In,Brazil,3869420,0 days 01:09:58,0,0,0,0,1,0,0,0,0
2,70,3,From Free Kick,Croatia,3869420,0 days 01:10:03,0,0,0,0,0,0,1,0,0
2,70,6,From Free Kick,Croatia,3869420,0 days 01:10:06,0,0,0,0,0,0,1,0,0
2,70,10,From Free Kick,Croatia,3869420,0 days 01:10:10,0,0,0,0,0,0,1,0,0
2,70,12,From Free Kick,Croatia,3869420,0 days 01:10:12,0,0,0,0,0,0,1,0,0
2,70,16,From Free Kick,Croatia,3869420,0 days 01:10:16,0,0,0,0,0,0,1,0,0
2,70,19,From Free Kick,Croatia,3869420,0 days 01:10:19,0,0,0,0,0,0,1,0,0
2,70,20,From Free Kick,Croatia,3869420,0 days 01:10:20,0,0,0,0,0,0,1,0,0
2,70,22,From Free Kick,Croatia,3869420,0 days 01:10:22,0,0,0,0,0,0,1,0,0
2,70,23,From Free Kick,Croatia,3869420,0 days 01:10:23,0,0,0,0,0,0,1,0,0
2,70,23,From Free Kick,Croatia,3869420,0 days 01:10:23,0,0,0,0,0,0,1,0,0
2,70,24,From Free Kick,Croatia,3869420,0 days 01:10:24,0,0,0,0,0,0,1,0,0
2,70,26,From Free Kick,Croatia,3869420,0 days 01:10:26,0,0,0,0,0,0,1,0,0
2,70,28,From Free Kick,Croatia,3869420,0 days 01:10:28,0,0,0,0,0,0,1,0,0
2,70,29,From Free Kick,Croatia,3869420,0 days 01:10:29,0,0,0,0,0,0,1,0,0
2,70,33,From Free Kick,Croatia,3869420,0 days 01:10:33,0,0,0,0,0,0,1,0,0
2,70,36,From Free Kick,Croatia,3869420,0 days 01:10:36,0,0,0,1,0,0,0,0,0
2,70,38,From Free Kick,Croatia,3869420,0 days 01:10:38,0,0,0,0,0,0,1,0,0
2,70,44,From Free Kick,Croatia,3869420,0 days 01:10:44,0,0,0,0,0,0,1,0,0
2,70,46,From Free Kick,Croatia,3869420,0 days 01:10:46,0,0,0,0,0,0,1,0,0
2,70,52,From Free Kick,Croatia,3869420,0 days 01:10:52,0,0,0,0,0,0,1,0,0
2,70,54,From Free Kick,Croatia,3869420,0 days 01:10:54,0,0,0,0,0,0,1,0,0
2,70,58,From Free Kick,Croatia,3869420,0 days 01:10:58,0,0,0,0,0,0,0,1,0
2,71,0,From Free Kick,Croatia,3869420,0 days 01:11:00,0,0,0,0,1,0,0,0,0
2,72,3,From Free Kick,Brazil,3869420,0 days 01:12:03,0,0,0,0,0,0,1,0,0
2,72,7,From Free Kick,Brazil,3869420,0 days 01:12:07,0,0,0,0,0,0,1,0,0
2,72,9,From Free Kick,Brazil,3869420,0 days 01:12:09,0,0,0,0,0,0,1,0,0
2,72,11,From Free Kick,Brazil,3869420,0 days 01:12:11,0,0,0,0,0,0,1,0,0
2,72,14,From Free Kick,Brazil,3869420,0 days 01:12:14,0,0,0,0,0,0,1,0,0
2,72,16,From Free Kick,Brazil,3869420,0 days 01:12:16,0,0,0,0,0,0,1,0,0
2,72,20,From Free Kick,Brazil,3869420,0 days 01:12:20,0,0,0,0,0,0,1,0,0
2,72,27,From Free Kick,Brazil,3869420,0 days 01:12:27,0,0,0,0,0,0,1,0,0
2,72,30,From Free Kick,Brazil,3869420,0 days 01:12:30,0,0,0,0,0,0,1,0,0
2,72,32,From Free Kick,Brazil,3869420,0 days 01:12:32,0,0,0,0,0,0,1,0,0
2,72,40,From Free Kick,Brazil,3869420,0 days 01:12:40,0,0,0,0,0,0,1,0,0
2,72,43,From Free Kick,Brazil,3869420,0 days 01:12:43,0,0,0,0,0,0,1,0,0
2,72,46,From Free Kick,Brazil,3869420,0 days 01:12:46,0,0,0,0,0,0,1,0,0
2,72,48,From Free Kick,Brazil,3869420,0 days 01:12:48,0,0,0,0,0,0,1,0,0
2,72,51,From Free Kick,Brazil,3869420,0 days 01:12:51,0,0,0,0,0,0,1,0,0
2,72,53,From Free Kick,Brazil,3869420,0 days 01:12:53,0,0,0,0,0,0,1,0,0
2,72,55,From Free Kick,Brazil,3869420,0 days 01:12:55,0,0,0,0,0,0,1,0,0
2,72,59,From Free Kick,Brazil,3869420,0 days 01:12:59,0,0,0,1,0,0,0,0,0
2,73,0,Regular Play,Croatia,3869420,0 days 01:13:00,1,0,0,0,0,0,0,0,0
2,73,2,Regular Play,Croatia,3869420,0 days 01:13:02,0,0,0,0,0,0,1,0,0
2,73,5,Regular Play,Croatia,3869420,0 days 01:13:05,0,0,0,0,0,0,1,0,0
2,73,7,Regular Play,Brazil,3869420,0 days 01:13:07,1,0,0,0,0,0,0,0,0
2,73,9,Regular Play,Brazil,3869420,0 days 01:13:09,0,0,0,0,0,0,1,0,0
2,73,11,Regular Play,Brazil,3869420,0 days 01:13:11,0,0,0,0,0,0,1,0,0
2,73,14,Regular Play,Brazil,3869420,0 days 01:13:14,0,0,1,0,0,0,0,0,0
2,73,14,Regular Play,Croatia,3869420,0 days 01:13:14,0,0,0,0,0,0,0,0,1
2,73,22,From Throw In,Brazil,3869420,0 days 01:13:22,0,0,0,0,0,0,1,0,0
2,73,24,From Throw In,Brazil,3869420,0 days 01:13:24,0,0,0,0,0,0,1,0,0
2,73,28,From Throw In,Brazil,3869420,0 days 01:13:28,0,0,0,0,0,0,1,0,0
2,73,35,From Throw In,Brazil,3869420,0 days 01:13:35,0,0,0,0,0,0,1,0,0
2,73,37,Regular Play,Croatia,3869420,0 days 01:13:37,1,0,0,0,0,0,0,0,0
2,73,49,Regular Play,Croatia,3869420,0 days 01:13:49,0,0,0,0,0,0,1,0,0
2,73,56,Regular Play,Croatia,3869420,0 days 01:13:56,0,0,0,0,0,0,1,0,0
2,73,58,Regular Play,Croatia,3869420,0 days 01:13:58,0,0,0,0,0,0,1,0,0
2,74,7,Regular Play,Croatia,3869420,0 days 01:14:07,0,0,0,0,0,0,1,0,0
2,74,8,Regular Play,Croatia,3869420,0 days 01:14:08,0,0,0,0,0,0,1,0,0
2,74,14,Regular Play,Croatia,3869420,0 days 01:14:14,0,0,0,0,0,0,1,0,0
2,74,21,Regular Play,Croatia,3869420,0 days 01:14:21,0,0,0,0,0,0,1,0,0
2,74,27,Regular Play,Croatia,3869420,0 days 01:14:27,0,0,0,0,0,0,1,0,0
2,74,30,Regular Play,Croatia,3869420,0 days 01:14:30,0,0,0,0,0,0,1,0,0
2,74,42,From Throw In,Brazil,3869420,0 days 01:14:42,0,0,0,0,0,0,1,0,0
2,74,43,From Throw In,Brazil,3869420,0 days 01:14:43,0,0,0,0,0,0,1,0,0
2,74,46,From Throw In,Croatia,3869420,0 days 01:14:46,0,0,0,0,1,0,0,0,0
2,75,3,From Free Kick,Brazil,3869420,0 days 01:15:03,0,0,0,0,0,0,1,0,0
2,75,7,Regular Play,Croatia,3869420,0 days 01:15:07,0,0,0,0,0,0,1,0,0
2,75,11,Regular Play,Croatia,3869420,0 days 01:15:11,0,0,0,0,0,0,1,0,0
2,75,15,Regular Play,Brazil,3869420,0 days 01:15:15,0,0,0,0,0,0,1,0,0
2,75,17,Regular Play,Croatia,3869420,0 days 01:15:17,0,0,0,0,0,0,1,0,0
2,75,20,Regular Play,Croatia,3869420,0 days 01:15:20,0,0,0,0,0,0,1,0,0
2,75,23,Regular Play,Croatia,3869420,0 days 01:15:23,0,0,0,0,0,0,1,0,0
2,75,26,Regular Play,Croatia,3869420,0 days 01:15:26,0,0,0,0,0,0,1,0,0
2,75,30,Regular Play,Croatia,3869420,0 days 01:15:30,0,0,0,0,0,0,1,0,0
2,75,34,Regular Play,Brazil,3869420,0 days 01:15:34,0,0,0,0,0,0,1,0,0
2,75,37,Regular Play,Croatia,3869420,0 days 01:15:37,0,0,0,0,0,0,1,0,0
2,75,39,Regular Play,Brazil,3869420,0 days 01:15:39,0,0,0,0,0,1,0,0,0
2,75,44,Regular Play,Brazil,3869420,0 days 01:15:44,0,0,0,0,0,0,1,0,0
2,75,45,Regular Play,Brazil,3869420,0 days 01:15:45,0,0,0,0,0,0,1,0,0
2,75,47,Regular Play,Brazil,3869420,0 days 01:15:47,0,0,0,0,0,0,0,1,0
2,76,10,From Corner,Brazil,3869420,0 days 01:16:10,0,0,0,0,0,0,1,0,0
2,76,13,Regular Play,Croatia,3869420,0 days 01:16:13,1,0,0,0,0,0,0,0,0
2,76,14,Regular Play,Croatia,3869420,0 days 01:16:14,0,0,0,0,0,0,1,0,0
2,76,16,Regular Play,Brazil,3869420,0 days 01:16:16,0,0,0,0,1,0,0,0,0
2,76,44,From Free Kick,Croatia,3869420,0 days 01:16:44,0,0,0,0,0,0,1,0,0
2,76,50,Regular Play,Brazil,3869420,0 days 01:16:50,1,0,0,0,0,0,0,0,0
2,76,50,Regular Play,Croatia,3869420,0 days 01:16:50,0,0,0,0,1,0,0,0,0
2,67,13,From Free Kick,Portugal,3869486,0 days 01:07:13,0,0,0,0,0,0,1,0,0
2,67,18,From Free Kick,Portugal,3869486,0 days 01:07:18,0,0,0,0,0,0,1,0,0
2,67,19,From Free Kick,Morocco,3869486,0 days 01:07:19,0,1,0,0,0,0,0,0,0
2,67,21,From Free Kick,Portugal,3869486,0 days 01:07:21,1,0,0,0,0,0,0,0,0
2,67,24,From Free Kick,Portugal,3869486,0 days 01:07:24,0,0,0,0,0,0,1,0,0
2,67,27,From Free Kick,Portugal,3869486,0 days 01:07:27,0,0,0,0,0,0,1,0,0
2,67,31,From Free Kick,Portugal,3869486,0 days 01:07:31,0,0,0,0,0,0,1,0,0
2,67,35,From Free Kick,Portugal,3869486,0 days 01:07:35,0,0,0,0,0,0,1,0,0
2,67,36,From Free Kick,Portugal,3869486,0 days 01:07:36,0,0,0,0,0,0,1,0,0
2,67,40,From Free Kick,Portugal,3869486,0 days 01:07:40,0,0,0,0,0,0,1,0,0
2,67,41,From Free Kick,Portugal,3869486,0 days 01:07:41,0,0,0,0,0,0,1,0,0
2,67,45,From Free Kick,Portugal,3869486,0 days 01:07:45,0,0,0,0,0,0,1,0,0
2,67,48,From Free Kick,Portugal,3869486,0 days 01:07:48,0,0,0,0,0,0,1,0,0
2,67,50,From Free Kick,Morocco,3869486,0 days 01:07:50,1,0,0,0,0,0,0,0,0
2,68,5,From Free Kick,Morocco,3869486,0 days 01:08:05,0,0,0,0,0,0,1,0,0
2,68,32,From Throw In,Portugal,3869486,0 days 01:08:32,0,0,0,0,0,0,1,0,0
2,68,36,From Throw In,Portugal,3869486,0 days 01:08:36,0,0,0,0,0,0,1,0,0
2,68,39,From Throw In,Portugal,3869486,0 days 01:08:39,0,0,0,0,0,0,1,0,0
2,68,42,From Throw In,Portugal,3869486,0 days 01:08:42,0,0,0,0,0,0,1,0,0
2,68,44,From Throw In,Portugal,3869486,0 days 01:08:44,0,0,0,0,0,0,1,0,0
2,68,45,From Throw In,Portugal,3869486,0 days 01:08:45,0,0,0,0,0,0,1,0,0
2,68,47,From Throw In,Portugal,3869486,0 days 01:08:47,0,0,0,0,0,0,1,0,0
2,68,50,From Throw In,Portugal,3869486,0 days 01:08:50,0,0,0,0,0,0,1,0,0
2,68,53,From Throw In,Portugal,3869486,0 days 01:08:53,0,0,0,0,0,0,1,0,0
2,68,56,From Throw In,Portugal,3869486,0 days 01:08:56,0,0,0,0,0,0,1,0,0
2,68,58,From Throw In,Portugal,3869486,0 days 01:08:58,0,0,0,0,0,0,1,0,0
2,68,59,From Throw In,Portugal,3869486,0 days 01:08:59,0,0,0,0,0,0,1,0,0
2,69,3,From Throw In,Portugal,3869486,0 days 01:09:03,0,0,0,0,0,0,1,0,0
2,69,5,From Throw In,Portugal,3869486,0 days 01:09:05,0,0,0,0,0,0,1,0,0
2,69,7,From Throw In,Morocco,3869486,0 days 01:09:07,1,0,0,0,0,0,0,0,0
2,69,8,From Throw In,Morocco,3869486,0 days 01:09:08,0,0,0,0,0,0,1,0,0
2,69,12,From Throw In,Morocco,3869486,0 days 01:09:12,0,0,0,0,0,0,1,0,0
2,69,14,From Throw In,Portugal,3869486,0 days 01:09:14,0,0,0,0,0,0,1,0,0
2,69,15,From Throw In,Portugal,3869486,0 days 01:09:15,0,0,0,0,0,0,1,0,0
2,69,17,From Throw In,Morocco,3869486,0 days 01:09:17,0,0,0,0,1,0,0,0,0
2,69,20,From Free Kick,Portugal,3869486,0 days 01:09:20,0,0,0,0,0,0,1,0,0
2,69,23,From Free Kick,Portugal,3869486,0 days 01:09:23,0,0,0,0,0,0,1,0,0
2,69,24,From Free Kick,Portugal,3869486,0 days 01:09:24,0,0,0,0,0,0,1,0,0
2,69,26,From Free Kick,Portugal,3869486,0 days 01:09:26,0,0,0,0,0,0,1,0,0
2,69,28,From Free Kick,Portugal,3869486,0 days 01:09:28,0,0,0,0,0,0,1,0,0
2,69,33,From Free Kick,Portugal,3869486,0 days 01:09:33,0,0,0,0,0,0,1,0,0
2,69,38,From Free Kick,Portugal,3869486,0 days 01:09:38,0,0,0,1,0,0,0,0,0
2,69,40,From Free Kick,Morocco,3869486,0 days 01:09:40,0,0,0,0,1,0,0,0,0
2,70,43,From Free Kick,Portugal,3869486,0 days 01:10:43,0,0,0,0,0,0,1,0,0
2,70,44,From Free Kick,Portugal,3869486,0 days 01:10:44,0,0,0,0,0,0,0,1,0
2,70,48,From Free Kick,Portugal,3869486,0 days 01:10:48,0,0,0,0,0,0,1,0,0
2,70,51,From Free Kick,Portugal,3869486,0 days 01:10:51,0,0,0,0,0,0,1,0,0
2,70,52,From Free Kick,Portugal,3869486,0 days 01:10:52,0,0,0,1,0,0,0,0,0
2,70,52,From Free Kick,Morocco,3869486,0 days 01:10:52,0,0,0,0,0,0,0,0,1
2,71,17,From Throw In,Morocco,3869486,0 days 01:11:17,0,0,0,0,0,0,1,0,0
2,71,19,From Throw In,Portugal,3869486,0 days 01:11:19,0,0,0,0,0,0,1,0,0
2,71,20,From Throw In,Morocco,3869486,0 days 01:11:20,1,0,0,0,0,0,0,0,0
2,71,20,From Throw In,Morocco,3869486,0 days 01:11:20,0,0,0,0,0,0,1,0,0
2,71,22,Regular Play,Portugal,3869486,0 days 01:11:22,0,0,0,0,0,0,1,0,0
2,71,24,Regular Play,Portugal,3869486,0 days 01:11:24,0,0,0,0,0,0,1,0,0
2,71,29,Regular Play,Portugal,3869486,0 days 01:11:29,0,0,0,0,0,0,1,0,0
2,71,32,Regular Play,Portugal,3869486,0 days 01:11:32,0,0,0,0,0,0,1,0,0
2,71,36,Regular Play,Portugal,3869486,0 days 01:11:36,0,0,0,0,0,0,1,0,0
2,71,39,Regular Play,Morocco,3869486,0 days 01:11:39,0,1,0,0,0,0,0,0,0
2,71,47,From Throw In,Portugal,3869486,0 days 01:11:47,0,0,0,0,0,0,1,0,0
2,71,50,From Throw In,Portugal,3869486,0 days 01:11:50,0,0,0,0,0,0,1,0,0
2,71,53,From Throw In,Portugal,3869486,0 days 01:11:53,0,0,0,0,0,0,1,0,0
2,71,56,From Throw In,Portugal,3869486,0 days 01:11:56,0,0,0,0,0,0,1,0,0
2,71,57,From Throw In,Portugal,3869486,0 days 01:11:57,0,0,0,0,0,0,1,0,0
2,72,3,From Throw In,Portugal,3869486,0 days 01:12:03,0,0,0,0,0,0,1,0,0
2,72,7,From Throw In,Portugal,3869486,0 days 01:12:07,0,0,0,0,0,0,1,0,0
2,72,10,From Throw In,Portugal,3869486,0 days 01:12:10,0,0,0,0,0,0,1,0,0
2,72,11,From Throw In,Portugal,3869486,0 days 01:12:11,0,0,0,0,0,0,1,0,0
2,72,13,From Throw In,Portugal,3869486,0 days 01:12:13,0,0,0,0,0,0,1,0,0
2,72,16,From Throw In,Portugal,3869486,0 days 01:12:16,0,0,0,0,0,0,1,0,0
2,72,19,From Throw In,Portugal,3869486,0 days 01:12:19,0,0,0,0,0,0,1,0,0
2,72,21,From Throw In,Portugal,3869486,0 days 01:12:21,0,0,0,0,0,0,1,0,0
2,72,23,From Throw In,Portugal,3869486,0 days 01:12:23,0,0,0,0,0,0,1,0,0
2,72,25,From Throw In,Portugal,3869486,0 days 01:12:25,0,0,0,0,0,0,1,0,0
2,72,29,From Throw In,Portugal,3869486,0 days 01:12:29,0,0,0,0,0,0,1,0,0
2,72,30,From Throw In,Portugal,3869486,0 days 01:12:30,0,0,0,0,0,0,1,0,0
2,72,33,From Throw In,Portugal,3869486,0 days 01:12:33,0,0,1,0,0,0,0,0,0
2,72,33,From Throw In,Morocco,3869486,0 days 01:12:33,0,0,0,0,0,0,0,0,1
2,72,56,From Corner,Portugal,3869486,0 days 01:12:56,0,0,0,0,0,0,1,0,0
2,72,58,From Corner,Morocco,3869486,0 days 01:12:58,0,1,0,0,0,0,0,0,0
2,73,0,From Corner,Portugal,3869486,0 days 01:13:00,1,0,0,0,0,0,0,0,0
2,73,1,From Corner,Portugal,3869486,0 days 01:13:01,0,0,0,0,0,0,1,0,0
2,73,7,From Corner,Portugal,3869486,0 days 01:13:07,0,0,0,0,0,0,1,0,0
2,73,51,From Corner,Portugal,3869486,0 days 01:13:51,0,0,0,0,0,0,1,0,0
2,74,16,From Corner,Portugal,3869486,0 days 01:14:16,0,0,0,0,0,0,1,0,0
2,74,18,From Corner,Portugal,3869486,0 days 01:14:18,0,0,0,0,0,0,1,0,0
2,74,20,From Corner,Portugal,3869486,0 days 01:14:20,0,0,0,0,0,0,1,0,0
2,74,22,From Corner,Morocco,3869486,0 days 01:14:22,0,0,0,0,0,0,1,0,0
2,74,23,From Corner,Portugal,3869486,0 days 01:14:23,1,0,0,0,0,0,0,0,0
2,74,24,From Corner,Portugal,3869486,0 days 01:14:24,0,0,0,0,0,0,1,0,0
2,74,27,From Corner,Portugal,3869486,0 days 01:14:27,0,0,0,0,0,0,1,0,0
2,74,28,From Corner,Portugal,3869486,0 days 01:14:28,0,0,0,0,0,0,1,0,0
2,74,31,From Corner,Portugal,3869486,0 days 01:14:31,0,0,1,0,0,0,0,0,0
2,74,31,Regular Play,Morocco,3869486,0 days 01:14:31,0,0,0,0,0,0,0,0,1
2,74,32,Regular Play,Morocco,3869486,0 days 01:14:32,1,0,0,0,0,0,0,0,0
2,74,33,Regular Play,Morocco,3869486,0 days 01:14:33,0,0,0,0,0,0,1,0,0
2,74,35,Regular Play,Morocco,3869486,0 days 01:14:35,0,0,0,0,0,0,1,0,0
2,74,37,Regular Play,Morocco,3869486,0 days 01:14:37,0,0,0,0,0,0,1,0,0
2,74,38,Regular Play,Morocco,3869486,0 days 01:14:38,0,0,0,0,0,0,1,0,0
2,74,41,Regular Play,Morocco,3869486,0 days 01:14:41,0,0,0,0,0,0,1,0,0
2,74,46,Regular Play,Morocco,3869486,0 days 01:14:46,0,0,0,0,0,0,1,0,0
2,74,48,Regular Play,Morocco,3869486,0 days 01:14:48,0,0,0,1,0,0,0,0,0
2,74,48,Regular Play,Portugal,3869486,0 days 01:14:48,0,0,0,0,0,0,0,0,1
2,75,2,From Goal Kick,Portugal,3869486,0 days 01:15:02,0,0,0,0,0,0,1,0,0
2,75,5,From Goal Kick,Portugal,3869486,0 days 01:15:05,0,0,0,0,0,0,1,0,0
2,75,8,From Goal Kick,Portugal,3869486,0 days 01:15:08,0,0,0,0,0,0,1,0,0
2,75,11,From Goal Kick,Portugal,3869486,0 days 01:15:11,0,0,0,0,0,0,1,0,0
2,75,15,From Goal Kick,Portugal,3869486,0 days 01:15:15,0,0,0,0,0,0,1,0,0
2,75,18,From Goal Kick,Portugal,3869486,0 days 01:15:18,0,0,0,0,0,0,1,0,0
2,75,21,From Goal Kick,Portugal,3869486,0 days 01:15:21,0,0,0,0,0,0,1,0,0
2,75,24,From Goal Kick,Portugal,3869486,0 days 01:15:24,0,0,0,0,0,0,1,0,0
2,75,27,From Goal Kick,Portugal,3869486,0 days 01:15:27,0,0,0,0,0,0,1,0,0
2,75,30,From Goal Kick,Portugal,3869486,0 days 01:15:30,0,0,0,0,0,0,1,0,0
2,75,34,From Goal Kick,Morocco,3869486,0 days 01:15:34,0,1,0,0,0,0,0,0,0
2,75,36,Regular Play,Morocco,3869486,0 days 01:15:36,1,0,0,0,0,0,0,0,0
2,75,37,Regular Play,Morocco,3869486,0 days 01:15:37,0,0,0,0,0,0,1,0,0
2,75,38,Regular Play,Morocco,3869486,0 days 01:15:38,0,0,0,0,0,0,1,0,0
2,75,40,Regular Play,Morocco,3869486,0 days 01:15:40,0,0,0,0,1,0,0,0,0
2,75,44,From Free Kick,Portugal,3869486,0 days 01:15:44,0,0,0,0,0,0,1,0,0
2,75,50,From Free Kick,Portugal,3869486,0 days 01:15:50,0,0,0,0,0,0,1,0,0
2,75,50,From Free Kick,Portugal,3869486,0 days 01:15:50,0,0,0,0,0,0,1,0,0
2,75,52,From Free Kick,Portugal,3869486,0 days 01:15:52,0,0,0,0,0,0,1,0,0
2,75,54,From Free Kick,Portugal,3869486,0 days 01:15:54,0,0,0,0,0,0,1,0,0
2,75,57,From Free Kick,Portugal,3869486,0 days 01:15:57,0,0,0,0,0,0,1,0,0
2,76,0,From Free Kick,Portugal,3869486,0 days 01:16:00,0,0,0,0,0,0,1,0,0
2,76,4,From Free Kick,Portugal,3869486,0 days 01:16:04,0,0,1,0,0,0,0,0,0
2,76,4,From Free Kick,Morocco,3869486,0 days 01:16:04,0,0,0,0,0,0,0,0,1
2,76,9,From Free Kick,Portugal,3869486,0 days 01:16:09,1,0,0,0,0,0,0,0,0
2,76,11,From Free Kick,Portugal,3869486,0 days 01:16:11,0,0,0,0,0,0,1,0,0
2,76,15,From Free Kick,Portugal,3869486,0 days 01:16:15,0,0,0,0,0,0,1,0,0
2,76,16,From Free Kick,Portugal,3869486,0 days 01:16:16,0,0,0,0,0,0,1,0,0
2,76,20,From Free Kick,Portugal,3869486,0 days 01:16:20,0,0,0,1,0,0,0,0,0
2,76,21,From Free Kick,Portugal,3869486,0 days 01:16:21,0,0,0,0,0,0,1,0,0
2,76,24,From Free Kick,Portugal,3869486,0 days 01:16:24,0,0,0,0,0,0,1,0,0
2,76,25,From Free Kick,Morocco,3869486,0 days 01:16:25,0,1,0,0,0,0,0,0,0
2,76,27,From Free Kick,Portugal,3869486,0 days 01:16:27,0,0,0,0,0,0,1,0,0
2,76,29,Regular Play,Morocco,3869486,0 days 01:16:29,1,0,0,0,0,0,0,0,0
2,76,30,Regular Play,Morocco,3869486,0 days 01:16:30,0,0,0,0,0,0,1,0,0
2,76,32,Regular Play,Morocco,3869486,0 days 01:16:32,0,0,0,0,0,0,1,0,0
2,76,32,Regular Play,Morocco,3869486,0 days 01:16:32,0,0,0,0,0,0,1,0,0
2,76,34,Regular Play,Morocco,3869486,0 days 01:16:34,0,0,0,1,0,0,0,0,0
2,76,34,Regular Play,Portugal,3869486,0 days 01:16:34,0,0,0,0,0,0,0,0,1
2,76,36,Regular Play,Portugal,3869486,0 days 01:16:36,1,0,0,0,0,0,0,0,0
2,76,37,Regular Play,Portugal,3869486,0 days 01:16:37,0,0,0,0,0,0,1,0,0
2,76,39,Regular Play,Portugal,3869486,0 days 01:16:39,0,0,0,0,0,0,1,0,0
2,76,42,Regular Play,Portugal,3869486,0 days 01:16:42,0,0,0,0,0,0,1,0,0
2,76,48,Regular Play,Portugal,3869486,0 days 01:16:48,0,0,0,0,0,0,1,0,0
2,76,49,Regular Play,Portugal,3869486,0 days 01:16:49,0,0,0,0,0,0,1,0,0
2,76,50,Regular Play,Morocco,3869486,0 days 01:16:50,0,1,0,0,0,0,0,0,0
2,76,53,From Counter,Morocco,3869486,0 days 01:16:53,1,0,0,0,0,0,0,0,0
2,76,55,From Counter,Morocco,3869486,0 days 01:16:55,0,0,0,0,0,0,1,0,0
2,67,8,From Free Kick,Argentina,3869519,0 days 01:07:08,0,0,0,0,0,0,1,0,0
2,67,13,From Free Kick,Argentina,3869519,0 days 01:07:13,0,0,0,0,0,0,1,0,0
2,67,15,From Free Kick,Argentina,3869519,0 days 01:07:15,0,0,1,0,0,0,0,0,0
2,67,15,Regular Play,Croatia,3869519,0 days 01:07:15,0,0,0,0,0,0,0,0,1
2,67,16,Regular Play,Croatia,3869519,0 days 01:07:16,1,0,0,0,0,0,0,0,0
2,67,21,Regular Play,Croatia,3869519,0 days 01:07:21,0,0,0,0,0,0,1,0,0
2,67,24,Regular Play,Croatia,3869519,0 days 01:07:24,0,0,0,0,0,0,1,0,0
2,67,30,Regular Play,Croatia,3869519,0 days 01:07:30,0,0,0,0,0,0,1,0,0
2,67,31,Regular Play,Argentina,3869519,0 days 01:07:31,0,0,0,0,1,0,0,0,0
2,67,53,From Free Kick,Croatia,3869519,0 days 01:07:53,0,0,0,0,0,0,1,0,0
2,67,56,From Free Kick,Croatia,3869519,0 days 01:07:56,0,0,0,0,0,0,1,0,0
2,68,1,From Free Kick,Croatia,3869519,0 days 01:08:01,0,0,0,0,0,0,1,0,0
2,68,4,From Free Kick,Croatia,3869519,0 days 01:08:04,0,0,0,0,0,0,1,0,0
2,68,6,From Free Kick,Croatia,3869519,0 days 01:08:06,0,0,0,1,0,0,0,0,0
2,68,6,Regular Play,Argentina,3869519,0 days 01:08:06,0,0,0,0,0,0,0,0,1
2,68,7,Regular Play,Argentina,3869519,0 days 01:08:07,0,0,0,0,0,0,1,0,0
2,68,9,Regular Play,Argentina,3869519,0 days 01:08:09,0,0,0,0,0,0,1,0,0
2,68,10,Regular Play,Croatia,3869519,0 days 01:08:10,0,0,0,0,0,1,0,0,0
2,68,32,From Throw In,Argentina,3869519,0 days 01:08:32,0,0,0,0,0,0,1,0,0
2,68,34,From Throw In,Argentina,3869519,0 days 01:08:34,0,0,0,0,0,0,1,0,0
2,68,35,From Throw In,Argentina,3869519,0 days 01:08:35,0,0,0,1,0,0,0,0,0
2,68,44,From Throw In,Argentina,3869519,0 days 01:08:44,0,0,0,1,0,0,0,0,0
2,68,46,From Throw In,Argentina,3869519,0 days 01:08:46,0,0,0,0,0,0,1,0,0
2,68,46,From Throw In,Argentina,3869519,0 days 01:08:46,0,0,0,0,0,0,0,1,0
2,70,34,From Kick Off,Croatia,3869519,0 days 01:10:34,0,0,0,0,0,0,1,0,0
2,70,35,From Kick Off,Croatia,3869519,0 days 01:10:35,0,0,0,0,0,0,1,0,0
2,70,36,From Kick Off,Croatia,3869519,0 days 01:10:36,0,0,0,0,0,0,1,0,0
2,70,41,From Kick Off,Croatia,3869519,0 days 01:10:41,0,0,0,0,0,0,1,0,0
2,70,46,From Kick Off,Croatia,3869519,0 days 01:10:46,0,0,0,0,0,0,1,0,0
2,70,51,From Kick Off,Croatia,3869519,0 days 01:10:51,0,0,0,0,0,0,1,0,0
2,70,52,From Kick Off,Argentina,3869519,0 days 01:10:52,0,0,0,0,1,0,0,0,0
2,72,14,From Free Kick,Croatia,3869519,0 days 01:12:14,0,0,0,0,0,0,0,1,0
2,72,43,From Keeper,Argentina,3869519,0 days 01:12:43,0,0,0,0,0,0,1,0,0
2,72,45,From Keeper,Croatia,3869519,0 days 01:12:45,0,1,0,0,0,0,0,0,0
2,72,48,From Keeper,Argentina,3869519,0 days 01:12:48,1,0,0,0,0,0,0,0,0
2,72,49,From Keeper,Argentina,3869519,0 days 01:12:49,0,0,1,0,0,0,0,0,0
2,72,49,Regular Play,Croatia,3869519,0 days 01:12:49,0,0,0,0,0,0,0,0,1
2,72,50,Regular Play,Croatia,3869519,0 days 01:12:50,0,0,0,0,0,0,1,0,0
2,72,51,Regular Play,Croatia,3869519,0 days 01:12:51,0,0,0,0,0,0,1,0,0
2,72,53,Regular Play,Argentina,3869519,0 days 01:12:53,0,0,0,0,1,0,0,0,0
2,74,5,From Free Kick,Croatia,3869519,0 days 01:14:05,0,0,0,0,0,0,1,0,0
2,74,9,From Free Kick,Croatia,3869519,0 days 01:14:09,0,0,0,0,0,0,1,0,0
2,74,12,From Free Kick,Croatia,3869519,0 days 01:14:12,0,0,0,0,0,0,1,0,0
2,74,14,From Free Kick,Croatia,3869519,0 days 01:14:14,0,0,0,0,0,0,1,0,0
2,74,18,From Free Kick,Croatia,3869519,0 days 01:14:18,0,0,0,0,0,0,1,0,0
2,74,20,From Free Kick,Croatia,3869519,0 days 01:14:20,0,0,0,0,0,0,1,0,0
2,74,25,From Free Kick,Croatia,3869519,0 days 01:14:25,0,0,0,0,0,0,1,0,0
2,74,27,From Free Kick,Croatia,3869519,0 days 01:14:27,0,0,0,1,0,0,0,0,0
2,74,32,From Free Kick,Croatia,3869519,0 days 01:14:32,0,0,0,0,0,0,1,0,0
2,74,35,From Free Kick,Croatia,3869519,0 days 01:14:35,0,0,0,0,0,0,1,0,0
2,74,37,From Free Kick,Croatia,3869519,0 days 01:14:37,0,0,0,0,0,0,1,0,0
2,74,39,From Free Kick,Argentina,3869519,0 days 01:14:39,0,1,0,0,0,0,0,0,0
2,74,47,From Throw In,Croatia,3869519,0 days 01:14:47,0,0,0,0,0,0,1,0,0
2,74,51,From Throw In,Croatia,3869519,0 days 01:14:51,0,0,0,0,0,0,1,0,0
2,74,54,From Throw In,Croatia,3869519,0 days 01:14:54,0,0,0,0,0,0,0,1,0
2,75,42,From Goal Kick,Argentina,3869519,0 days 01:15:42,0,0,0,0,0,0,1,0,0
2,75,45,From Goal Kick,Croatia,3869519,0 days 01:15:45,0,1,0,0,0,0,0,0,0
2,75,47,From Goal Kick,Argentina,3869519,0 days 01:15:47,0,0,0,0,0,0,1,0,0
2,75,49,From Goal Kick,Argentina,3869519,0 days 01:15:49,0,0,0,0,0,0,1,0,0
2,75,50,From Goal Kick,Croatia,3869519,0 days 01:15:50,1,0,0,0,0,0,0,0,0
2,75,51,From Goal Kick,Croatia,3869519,0 days 01:15:51,0,0,0,0,0,0,1,0,0
2,75,54,From Goal Kick,Croatia,3869519,0 days 01:15:54,0,0,1,0,0,0,0,0,0
2,75,54,From Goal Kick,Argentina,3869519,0 days 01:15:54,0,0,0,0,0,0,0,0,1
2,75,56,From Goal Kick,Argentina,3869519,0 days 01:15:56,0,0,0,0,0,0,1,0,0
2,75,56,From Goal Kick,Argentina,3869519,0 days 01:15:56,0,0,0,0,0,0,1,0,0
2,75,58,From Goal Kick,Argentina,3869519,0 days 01:15:58,0,0,0,0,0,0,1,0,0
2,76,0,From Goal Kick,Argentina,3869519,0 days 01:16:00,0,0,0,0,0,0,1,0,0
2,76,1,From Goal Kick,Argentina,3869519,0 days 01:16:01,0,0,0,0,0,0,1,0,0
2,76,5,From Goal Kick,Argentina,3869519,0 days 01:16:05,0,0,0,0,0,0,1,0,0
2,76,7,From Goal Kick,Argentina,3869519,0 days 01:16:07,0,0,0,0,0,0,1,0,0
2,76,10,From Goal Kick,Argentina,3869519,0 days 01:16:10,0,0,0,0,0,0,1,0,0
2,76,12,From Goal Kick,Argentina,3869519,0 days 01:16:12,0,0,0,0,0,0,1,0,0
2,76,15,From Goal Kick,Argentina,3869519,0 days 01:16:15,0,0,0,0,0,0,1,0,0
2,76,16,From Goal Kick,Argentina,3869519,0 days 01:16:16,0,0,0,0,0,0,1,0,0
2,76,17,From Goal Kick,Argentina,3869519,0 days 01:16:17,0,0,0,0,0,0,1,0,0
2,76,20,From Goal Kick,Croatia,3869519,0 days 01:16:20,1,0,0,0,0,0,0,0,0
2,76,22,From Goal Kick,Croatia,3869519,0 days 01:16:22,0,0,1,0,0,0,0,0,0
2,76,22,From Goal Kick,Argentina,3869519,0 days 01:16:22,0,0,0,0,0,0,0,0,1
2,76,22,From Goal Kick,Argentina,3869519,0 days 01:16:22,0,0,0,0,0,0,1,0,0
2,76,25,From Goal Kick,Argentina,3869519,0 days 01:16:25,0,0,0,0,0,0,1,0,0
2,76,27,From Goal Kick,Argentina,3869519,0 days 01:16:27,0,0,0,0,0,0,1,0,0
2,76,28,From Goal Kick,Argentina,3869519,0 days 01:16:28,0,0,0,0,0,0,1,0,0
2,76,29,From Goal Kick,Argentina,3869519,0 days 01:16:29,0,0,0,0,0,0,1,0,0
2,76,30,From Goal Kick,Argentina,3869519,0 days 01:16:30,0,0,0,0,0,0,1,0,0
2,76,33,From Goal Kick,Argentina,3869519,0 days 01:16:33,0,0,0,0,0,0,1,0,0
2,76,37,Regular Play,Croatia,3869519,0 days 01:16:37,0,0,0,0,0,0,1,0,0
2,76,42,Regular Play,Croatia,3869519,0 days 01:16:42,0,0,0,0,0,0,1,0,0
2,76,46,Regular Play,Croatia,3869519,0 days 01:16:46,0,0,0,0,0,0,1,0,0
2,76,49,Regular Play,Croatia,3869519,0 days 01:16:49,0,0,0,0,0,0,1,0,0
2,76,52,Regular Play,Croatia,3869519,0 days 01:16:52,0,0,0,0,0,0,1,0,0
2,76,55,Regular Play,Croatia,3869519,0 days 01:16:55,0,0,0,0,0,0,1,0,0
2,76,58,Regular Play,Croatia,3869519,0 days 01:16:58,0,0,0,0,0,0,1,0,0
2,67,12,Regular Play,France,3869552,0 days 01:07:12,0,0,0,0,0,0,1,0,0
2,67,13,Regular Play,Morocco,3869552,0 days 01:07:13,1,0,0,0,0,0,0,0,0
2,67,29,From Throw In,France,3869552,0 days 01:07:29,0,0,0,0,0,0,1,0,0
2,67,36,From Throw In,Morocco,3869552,0 days 01:07:36,0,0,0,0,1,0,0,0,0
2,68,21,From Free Kick,France,3869552,0 days 01:08:21,0,0,0,0,0,0,1,0,0
2,68,23,From Free Kick,Morocco,3869552,0 days 01:08:23,0,1,0,0,0,0,0,0,0
2,68,25,From Free Kick,France,3869552,0 days 01:08:25,1,0,0,0,0,0,0,0,0
2,68,27,From Free Kick,France,3869552,0 days 01:08:27,0,0,0,0,0,0,1,0,0
2,68,46,From Free Kick,Morocco,3869552,0 days 01:08:46,0,0,0,0,0,0,1,0,0
2,68,48,From Free Kick,Morocco,3869552,0 days 01:08:48,0,0,0,0,0,0,1,0,0
2,68,52,From Free Kick,Morocco,3869552,0 days 01:08:52,0,0,0,0,0,0,1,0,0
2,68,55,From Counter,France,3869552,0 days 01:08:55,0,0,0,0,0,0,1,0,0
2,68,59,From Counter,France,3869552,0 days 01:08:59,0,0,0,1,0,0,0,0,0
2,68,59,From Counter,Morocco,3869552,0 days 01:08:59,0,0,0,0,1,0,0,0,0
2,69,4,From Counter,France,3869552,0 days 01:09:04,0,0,1,0,0,0,0,0,0
2,69,4,Regular Play,Morocco,3869552,0 days 01:09:04,0,0,0,0,0,0,0,0,1
2,69,7,Regular Play,Morocco,3869552,0 days 01:09:07,0,0,0,0,0,0,1,0,0
2,69,9,Regular Play,Morocco,3869552,0 days 01:09:09,0,0,0,0,0,0,1,0,0
2,69,10,Regular Play,Morocco,3869552,0 days 01:09:10,0,0,0,0,0,0,1,0,0
2,69,12,Regular Play,Morocco,3869552,0 days 01:09:12,0,0,0,0,0,0,1,0,0
2,69,15,Regular Play,Morocco,3869552,0 days 01:09:15,0,0,0,0,0,0,1,0,0
2,69,17,Regular Play,Morocco,3869552,0 days 01:09:17,0,0,0,0,0,0,1,0,0
2,69,19,Regular Play,Morocco,3869552,0 days 01:09:19,0,0,0,0,0,0,1,0,0
2,69,22,Regular Play,Morocco,3869552,0 days 01:09:22,0,0,0,0,0,0,1,0,0
2,69,29,Regular Play,Morocco,3869552,0 days 01:09:29,0,0,0,0,0,0,1,0,0
2,69,30,Regular Play,Morocco,3869552,0 days 01:09:30,0,0,0,0,0,0,1,0,0
2,69,32,Regular Play,Morocco,3869552,0 days 01:09:32,0,0,0,0,0,0,1,0,0
2,69,35,Regular Play,Morocco,3869552,0 days 01:09:35,0,0,0,0,0,0,1,0,0
2,69,36,From Counter,France,3869552,0 days 01:09:36,1,0,0,0,0,0,0,0,0
2,69,38,From Counter,France,3869552,0 days 01:09:38,0,0,0,0,0,0,1,0,0
2,69,44,From Counter,Morocco,3869552,0 days 01:09:44,0,0,0,0,1,0,0,0,0
2,70,55,From Free Kick,France,3869552,0 days 01:10:55,0,0,0,0,0,0,1,0,0
2,70,57,From Free Kick,France,3869552,0 days 01:10:57,0,0,0,0,0,0,0,1,0
2,71,12,From Goal Kick,Morocco,3869552,0 days 01:11:12,0,0,0,0,0,0,1,0,0
2,71,16,From Goal Kick,Morocco,3869552,0 days 01:11:16,0,0,0,0,0,0,1,0,0
2,71,19,From Goal Kick,Morocco,3869552,0 days 01:11:19,0,0,0,0,0,0,1,0,0
2,71,21,From Goal Kick,Morocco,3869552,0 days 01:11:21,0,0,0,0,0,0,1,0,0
2,71,25,From Goal Kick,Morocco,3869552,0 days 01:11:25,0,0,0,0,0,0,1,0,0
2,71,27,From Goal Kick,Morocco,3869552,0 days 01:11:27,0,0,0,0,0,0,1,0,0
2,71,30,From Goal Kick,Morocco,3869552,0 days 01:11:30,0,0,0,0,0,0,1,0,0
2,71,33,From Goal Kick,Morocco,3869552,0 days 01:11:33,0,0,0,0,0,0,1,0,0
2,71,34,From Goal Kick,Morocco,3869552,0 days 01:11:34,0,0,0,0,0,0,1,0,0
2,71,35,From Goal Kick,France,3869552,0 days 01:11:35,0,0,0,0,0,0,1,0,0
2,71,37,From Goal Kick,Morocco,3869552,0 days 01:11:37,0,0,0,0,0,0,1,0,0
2,71,40,From Goal Kick,France,3869552,0 days 01:11:40,0,0,0,0,0,0,1,0,0
2,71,45,From Goal Kick,Morocco,3869552,0 days 01:11:45,0,0,0,0,0,0,1,0,0
2,71,46,From Goal Kick,Morocco,3869552,0 days 01:11:46,0,0,0,0,0,0,1,0,0
2,71,47,Regular Play,France,3869552,0 days 01:11:47,0,0,0,0,0,1,0,0,0
2,71,50,Regular Play,Morocco,3869552,0 days 01:11:50,0,0,0,0,1,0,0,0,0
2,72,6,From Free Kick,France,3869552,0 days 01:12:06,0,0,0,0,0,0,1,0,0
2,72,9,From Free Kick,France,3869552,0 days 01:12:09,0,0,0,0,0,0,1,0,0
2,72,12,From Free Kick,France,3869552,0 days 01:12:12,0,0,0,0,0,0,1,0,0
2,72,16,From Free Kick,France,3869552,0 days 01:12:16,0,0,0,0,0,0,1,0,0
2,72,19,From Free Kick,France,3869552,0 days 01:12:19,0,0,0,0,0,0,1,0,0
2,72,22,From Free Kick,France,3869552,0 days 01:12:22,0,0,0,0,0,0,1,0,0
2,72,24,From Free Kick,France,3869552,0 days 01:12:24,0,0,0,0,0,0,1,0,0
2,72,29,From Free Kick,France,3869552,0 days 01:12:29,0,0,0,0,0,0,1,0,0
2,72,32,From Free Kick,France,3869552,0 days 01:12:32,0,0,0,0,0,0,1,0,0
2,72,33,From Free Kick,Morocco,3869552,0 days 01:12:33,0,0,0,0,0,0,1,0,0
2,72,36,From Free Kick,France,3869552,0 days 01:12:36,0,0,0,0,0,0,1,0,0
2,72,37,From Free Kick,France,3869552,0 days 01:12:37,0,0,0,0,0,0,1,0,0
2,72,38,From Free Kick,France,3869552,0 days 01:12:38,0,0,0,0,0,0,1,0,0
2,72,39,Regular Play,Morocco,3869552,0 days 01:12:39,0,0,0,0,0,0,1,0,0
2,72,44,Regular Play,Morocco,3869552,0 days 01:12:44,0,0,0,0,0,0,1,0,0
2,72,49,Regular Play,Morocco,3869552,0 days 01:12:49,0,0,0,0,0,0,1,0,0
2,72,53,Regular Play,Morocco,3869552,0 days 01:12:53,0,0,0,0,0,0,1,0,0
2,72,55,Regular Play,Morocco,3869552,0 days 01:12:55,0,0,0,0,0,0,1,0,0
2,72,58,Regular Play,Morocco,3869552,0 days 01:12:58,0,0,0,0,0,0,1,0,0
2,73,4,From Throw In,Morocco,3869552,0 days 01:13:04,0,0,0,0,0,0,1,0,0
2,73,8,From Throw In,Morocco,3869552,0 days 01:13:08,0,0,0,0,0,0,1,0,0
2,73,11,From Throw In,Morocco,3869552,0 days 01:13:11,0,0,0,0,0,0,1,0,0
2,73,16,From Throw In,Morocco,3869552,0 days 01:13:16,0,0,0,0,0,0,1,0,0
2,73,17,From Throw In,Morocco,3869552,0 days 01:13:17,0,0,0,0,0,0,1,0,0
2,73,18,Regular Play,France,3869552,0 days 01:13:18,0,0,0,0,0,1,0,0,0
2,73,20,Regular Play,France,3869552,0 days 01:13:20,0,0,0,0,0,0,1,0,0
2,73,21,Regular Play,Morocco,3869552,0 days 01:13:21,0,0,0,0,0,1,0,0,0
2,73,22,Regular Play,France,3869552,0 days 01:13:22,1,0,0,0,0,0,0,0,0
2,73,22,Regular Play,France,3869552,0 days 01:13:22,0,0,0,1,0,0,0,0,0
2,73,25,Regular Play,France,3869552,0 days 01:13:25,0,0,0,0,0,0,1,0,0
2,73,29,Regular Play,France,3869552,0 days 01:13:29,0,0,0,0,0,0,1,0,0
2,73,31,Regular Play,France,3869552,0 days 01:13:31,0,0,0,0,0,0,0,1,0
2,73,36,From Goal Kick,Morocco,3869552,0 days 01:13:36,0,0,0,0,0,0,1,0,0
2,73,40,From Goal Kick,Morocco,3869552,0 days 01:13:40,0,0,0,0,0,0,1,0,0
2,73,43,From Goal Kick,Morocco,3869552,0 days 01:13:43,0,0,0,0,0,0,1,0,0
2,73,47,From Goal Kick,Morocco,3869552,0 days 01:13:47,0,0,0,0,0,0,1,0,0
2,73,48,From Goal Kick,Morocco,3869552,0 days 01:13:48,0,0,0,0,0,0,1,0,0
2,73,51,From Goal Kick,Morocco,3869552,0 days 01:13:51,0,0,0,0,0,0,1,0,0
2,73,52,From Goal Kick,Morocco,3869552,0 days 01:13:52,0,0,0,0,0,0,1,0,0
2,73,53,From Goal Kick,Morocco,3869552,0 days 01:13:53,0,0,0,0,0,0,1,0,0
2,73,54,From Goal Kick,Morocco,3869552,0 days 01:13:54,0,0,0,0,0,0,1,0,0
2,73,55,From Goal Kick,France,3869552,0 days 01:13:55,0,0,0,0,0,1,0,0,0
2,73,56,From Goal Kick,Morocco,3869552,0 days 01:13:56,0,0,0,0,0,0,1,0,0
2,73,58,From Goal Kick,France,3869552,0 days 01:13:58,0,0,0,0,0,1,0,0,0
2,74,0,Regular Play,France,3869552,0 days 01:14:00,1,0,0,0,0,0,0,0,0
2,74,0,Regular Play,Morocco,3869552,0 days 01:14:00,0,0,0,0,1,0,0,0,0
2,74,22,From Free Kick,France,3869552,0 days 01:14:22,0,0,0,0,0,0,1,0,0
2,74,27,From Free Kick,France,3869552,0 days 01:14:27,0,0,0,0,0,0,1,0,0
2,74,34,From Free Kick,France,3869552,0 days 01:14:34,0,0,0,0,0,0,1,0,0
2,74,35,From Free Kick,France,3869552,0 days 01:14:35,0,0,0,0,0,0,1,0,0
2,74,39,From Free Kick,France,3869552,0 days 01:14:39,0,0,0,0,0,0,1,0,0
2,74,42,From Free Kick,France,3869552,0 days 01:14:42,0,0,0,0,0,0,1,0,0
2,74,45,From Free Kick,France,3869552,0 days 01:14:45,0,0,0,0,0,0,1,0,0
2,74,54,From Free Kick,France,3869552,0 days 01:14:54,0,0,0,0,0,0,1,0,0
2,74,57,From Free Kick,France,3869552,0 days 01:14:57,0,0,0,0,0,0,1,0,0
2,74,59,From Free Kick,France,3869552,0 days 01:14:59,0,0,1,0,0,0,0,0,0
2,74,59,Regular Play,Morocco,3869552,0 days 01:14:59,0,0,0,0,0,0,0,0,1
2,75,0,Regular Play,Morocco,3869552,0 days 01:15:00,1,0,0,0,0,0,0,0,0
2,75,3,Regular Play,Morocco,3869552,0 days 01:15:03,0,0,0,1,0,0,0,0,0
2,75,5,Regular Play,Morocco,3869552,0 days 01:15:05,0,0,1,0,0,0,0,0,0
2,75,5,Regular Play,France,3869552,0 days 01:15:05,0,0,0,0,0,0,0,0,1
2,75,7,Regular Play,Morocco,3869552,0 days 01:15:07,1,0,0,0,0,0,0,0,0
2,75,8,Regular Play,Morocco,3869552,0 days 01:15:08,0,0,0,0,0,0,1,0,0
2,75,11,Regular Play,Morocco,3869552,0 days 01:15:11,0,0,0,0,0,0,1,0,0
2,75,13,Regular Play,Morocco,3869552,0 days 01:15:13,0,0,0,0,0,0,1,0,0
2,75,18,Regular Play,Morocco,3869552,0 days 01:15:18,0,0,1,0,0,0,0,0,0
2,75,18,Regular Play,France,3869552,0 days 01:15:18,0,0,0,0,0,0,0,0,1
2,75,20,Regular Play,France,3869552,0 days 01:15:20,1,0,0,0,0,0,0,0,0
2,75,21,Regular Play,France,3869552,0 days 01:15:21,0,0,0,0,0,0,1,0,0
2,75,24,Regular Play,France,3869552,0 days 01:15:24,0,0,0,0,0,0,1,0,0
2,75,30,Regular Play,France,3869552,0 days 01:15:30,0,0,0,0,0,0,1,0,0
2,75,35,Regular Play,France,3869552,0 days 01:15:35,0,0,0,0,0,0,1,0,0
2,75,37,Regular Play,France,3869552,0 days 01:15:37,0,0,0,0,0,0,1,0,0
2,75,37,Regular Play,France,3869552,0 days 01:15:37,0,0,0,0,0,0,1,0,0
2,75,40,Regular Play,France,3869552,0 days 01:15:40,0,0,0,0,0,0,1,0,0
2,75,42,Regular Play,France,3869552,0 days 01:15:42,0,0,0,0,0,0,1,0,0
2,75,44,Regular Play,France,3869552,0 days 01:15:44,0,0,0,0,0,0,1,0,0
2,75,45,Regular Play,France,3869552,0 days 01:15:45,0,0,0,0,0,0,1,0,0
2,75,47,Regular Play,France,3869552,0 days 01:15:47,0,0,0,0,0,0,1,0,0
2,75,50,Regular Play,France,3869552,0 days 01:15:50,0,0,0,0,0,0,1,0,0
2,75,53,Regular Play,France,3869552,0 days 01:15:53,0,0,0,0,0,0,1,0,0
2,75,57,Regular Play,France,3869552,0 days 01:15:57,0,0,0,0,0,0,1,0,0
2,76,0,Regular Play,France,3869552,0 days 01:16:00,0,0,0,0,0,0,1,0,0
2,76,2,Regular Play,France,3869552,0 days 01:16:02,0,0,0,0,0,0,1,0,0
2,76,16,From Goal Kick,Morocco,3869552,0 days 01:16:16,0,0,0,0,0,0,1,0,0
2,76,18,From Goal Kick,Morocco,3869552,0 days 01:16:18,0,0,0,0,0,0,1,0,0
2,76,21,From Goal Kick,Morocco,3869552,0 days 01:16:21,0,0,0,0,0,0,1,0,0
2,76,26,From Goal Kick,Morocco,3869552,0 days 01:16:26,0,0,0,0,0,0,1,0,0
2,76,29,From Goal Kick,Morocco,3869552,0 days 01:16:29,0,0,0,0,0,0,1,0,0
2,76,33,From Goal Kick,Morocco,3869552,0 days 01:16:33,0,0,0,0,0,0,1,0,0
2,76,37,From Goal Kick,Morocco,3869552,0 days 01:16:37,0,0,0,0,0,0,1,0,0
2,76,41,From Goal Kick,Morocco,3869552,0 days 01:16:41,0,0,0,0,0,0,1,0,0
2,76,43,From Goal Kick,Morocco,3869552,0 days 01:16:43,0,0,0,0,0,0,1,0,0
2,76,46,From Goal Kick,Morocco,3869552,0 days 01:16:46,0,0,0,0,0,0,1,0,0
2,76,48,From Goal Kick,Morocco,3869552,0 days 01:16:48,0,0,0,0,0,0,1,0,0
2,76,51,From Goal Kick,France,3869552,0 days 01:16:51,0,1,0,0,0,0,0,0,0
2,76,54,From Goal Kick,Morocco,3869552,0 days 01:16:54,1,0,0,0,0,0,0,0,0
2,76,57,From Goal Kick,Morocco,3869552,0 days 01:16:57,0,0,0,0,0,0,1,0,0
2,67,10,From Goal Kick,Croatia,3869684,0 days 01:07:10,0,0,0,0,0,0,1,0,0
2,67,15,From Goal Kick,Croatia,3869684,0 days 01:07:15,0,0,0,0,0,0,1,0,0
2,67,17,From Goal Kick,Croatia,3869684,0 days 01:07:17,0,0,0,0,0,0,1,0,0
2,67,20,From Goal Kick,Croatia,3869684,0 days 01:07:20,0,0,0,0,0,0,1,0,0
2,67,22,From Goal Kick,Croatia,3869684,0 days 01:07:22,0,0,0,0,0,0,1,0,0
2,67,25,From Goal Kick,Croatia,3869684,0 days 01:07:25,0,0,0,0,0,0,1,0,0
2,67,29,From Goal Kick,Croatia,3869684,0 days 01:07:29,0,0,0,0,0,0,1,0,0
2,67,33,From Goal Kick,Croatia,3869684,0 days 01:07:33,0,0,0,0,0,0,1,0,0
2,67,36,From Goal Kick,Croatia,3869684,0 days 01:07:36,0,0,0,0,0,0,1,0,0
2,67,39,From Goal Kick,Croatia,3869684,0 days 01:07:39,0,0,0,0,0,0,1,0,0
2,67,43,From Goal Kick,Croatia,3869684,0 days 01:07:43,0,0,0,0,0,0,1,0,0
2,67,51,From Throw In,Morocco,3869684,0 days 01:07:51,0,0,0,0,0,0,1,0,0
2,67,55,From Throw In,Morocco,3869684,0 days 01:07:55,0,0,0,0,0,0,1,0,0
2,67,57,From Throw In,Morocco,3869684,0 days 01:07:57,0,0,0,1,0,0,0,0,0
2,67,58,From Throw In,Morocco,3869684,0 days 01:07:58,0,0,0,0,0,0,1,0,0
2,68,4,From Throw In,Morocco,3869684,0 days 01:08:04,0,0,0,0,0,0,1,0,0
2,68,6,From Throw In,Morocco,3869684,0 days 01:08:06,0,0,0,0,0,0,1,0,0
2,68,8,From Throw In,Morocco,3869684,0 days 01:08:08,0,0,0,0,0,0,1,0,0
2,68,9,Regular Play,Croatia,3869684,0 days 01:08:09,0,0,0,0,0,0,1,0,0
2,68,10,Regular Play,Croatia,3869684,0 days 01:08:10,0,0,0,0,0,0,1,0,0
2,68,14,Regular Play,Morocco,3869684,0 days 01:08:14,0,0,0,0,1,0,0,0,0
2,68,44,From Free Kick,Croatia,3869684,0 days 01:08:44,0,0,0,0,0,0,1,0,0
2,68,48,From Free Kick,Croatia,3869684,0 days 01:08:48,0,0,0,0,0,0,1,0,0
2,68,50,From Free Kick,Croatia,3869684,0 days 01:08:50,0,0,0,0,0,0,1,0,0
2,68,53,From Free Kick,Croatia,3869684,0 days 01:08:53,0,0,0,0,0,0,1,0,0
2,68,56,From Free Kick,Croatia,3869684,0 days 01:08:56,0,0,0,0,0,0,1,0,0
2,68,57,From Free Kick,Croatia,3869684,0 days 01:08:57,0,0,0,0,0,0,1,0,0
2,68,59,From Free Kick,Croatia,3869684,0 days 01:08:59,0,0,0,0,0,0,1,0,0
2,68,59,From Free Kick,Croatia,3869684,0 days 01:08:59,0,0,0,0,0,0,1,0,0
2,69,6,From Free Kick,Croatia,3869684,0 days 01:09:06,0,0,0,0,0,0,1,0,0
2,69,8,Regular Play,Morocco,3869684,0 days 01:09:08,0,0,0,0,0,0,1,0,0
2,69,16,Regular Play,Morocco,3869684,0 days 01:09:16,0,0,0,0,0,0,1,0,0
2,69,18,Regular Play,Croatia,3869684,0 days 01:09:18,0,1,0,0,0,0,0,0,0
2,69,19,Regular Play,Morocco,3869684,0 days 01:09:19,1,0,0,0,0,0,0,0,0
2,69,21,Regular Play,Morocco,3869684,0 days 01:09:21,0,0,0,1,0,0,0,0,0
2,69,21,Regular Play,Croatia,3869684,0 days 01:09:21,0,0,0,0,0,0,0,0,1
2,69,22,Regular Play,Morocco,3869684,0 days 01:09:22,0,0,0,0,0,0,1,0,0
2,69,28,Regular Play,Morocco,3869684,0 days 01:09:28,0,0,0,0,0,0,1,0,0
2,69,30,Regular Play,Croatia,3869684,0 days 01:09:30,0,0,0,0,0,0,1,0,0
2,69,32,Regular Play,Croatia,3869684,0 days 01:09:32,0,0,0,0,0,0,1,0,0
2,69,34,Regular Play,Croatia,3869684,0 days 01:09:34,0,0,0,0,0,0,1,0,0
2,69,37,Regular Play,Croatia,3869684,0 days 01:09:37,0,0,0,0,0,0,1,0,0
2,70,13,From Goal Kick,Croatia,3869684,0 days 01:10:13,0,0,0,0,0,0,1,0,0
2,70,17,From Goal Kick,Croatia,3869684,0 days 01:10:17,0,0,0,0,0,0,1,0,0
2,70,19,Regular Play,Morocco,3869684,0 days 01:10:19,0,0,0,0,0,0,1,0,0
2,70,20,Regular Play,Morocco,3869684,0 days 01:10:20,0,0,0,0,0,0,1,0,0
2,70,21,Regular Play,Morocco,3869684,0 days 01:10:21,0,0,0,0,0,0,1,0,0
2,70,22,Regular Play,Croatia,3869684,0 days 01:10:22,1,0,0,0,0,0,0,0,0
2,70,24,Regular Play,Croatia,3869684,0 days 01:10:24,0,0,0,0,0,0,0,1,0
2,70,48,From Goal Kick,Morocco,3869684,0 days 01:10:48,0,0,0,0,0,0,1,0,0
2,70,52,From Goal Kick,Morocco,3869684,0 days 01:10:52,0,0,0,0,0,0,1,0,0
2,70,55,From Goal Kick,Morocco,3869684,0 days 01:10:55,0,0,0,0,0,0,1,0,0
2,70,57,From Goal Kick,Morocco,3869684,0 days 01:10:57,0,0,0,0,0,0,1,0,0
2,71,0,From Goal Kick,Morocco,3869684,0 days 01:11:00,0,0,0,0,0,0,1,0,0
2,71,37,From Goal Kick,Croatia,3869684,0 days 01:11:37,0,0,0,0,0,0,1,0,0
2,71,40,From Goal Kick,Croatia,3869684,0 days 01:11:40,0,0,0,0,0,0,1,0,0
2,71,41,From Goal Kick,Croatia,3869684,0 days 01:11:41,0,0,0,0,0,0,1,0,0
2,71,43,From Goal Kick,Croatia,3869684,0 days 01:11:43,0,0,0,0,0,0,1,0,0
2,71,45,Regular Play,Morocco,3869684,0 days 01:11:45,1,0,0,0,0,0,0,0,0
2,71,46,Regular Play,Morocco,3869684,0 days 01:11:46,0,0,0,0,0,0,1,0,0
2,71,50,Regular Play,Morocco,3869684,0 days 01:11:50,0,0,0,0,0,0,1,0,0
2,71,53,Regular Play,Morocco,3869684,0 days 01:11:53,0,0,0,0,0,0,1,0,0
2,71,57,Regular Play,Morocco,3869684,0 days 01:11:57,0,0,0,0,0,0,1,0,0
2,71,58,Regular Play,Morocco,3869684,0 days 01:11:58,0,0,0,0,0,0,1,0,0
2,72,2,Regular Play,Morocco,3869684,0 days 01:12:02,0,0,0,0,0,0,1,0,0
2,72,3,Regular Play,Morocco,3869684,0 days 01:12:03,0,0,0,0,0,0,1,0,0
2,72,6,Regular Play,Morocco,3869684,0 days 01:12:06,0,0,0,0,0,0,1,0,0
2,72,8,Regular Play,Croatia,3869684,0 days 01:12:08,0,1,0,0,0,0,0,0,0
2,72,20,From Throw In,Morocco,3869684,0 days 01:12:20,0,0,0,0,0,0,1,0,0
2,72,22,From Throw In,Morocco,3869684,0 days 01:12:22,0,0,0,0,0,0,1,0,0
2,72,24,From Throw In,Morocco,3869684,0 days 01:12:24,0,0,0,0,0,0,1,0,0
2,72,28,From Throw In,Morocco,3869684,0 days 01:12:28,0,0,0,0,0,0,1,0,0
2,72,31,From Throw In,Morocco,3869684,0 days 01:12:31,0,0,0,0,0,0,1,0,0
2,72,32,Regular Play,Croatia,3869684,0 days 01:12:32,0,0,0,0,0,0,1,0,0
2,72,35,Regular Play,Croatia,3869684,0 days 01:12:35,0,0,0,0,0,0,1,0,0
2,72,36,Regular Play,Croatia,3869684,0 days 01:12:36,0,0,0,0,0,0,1,0,0
2,72,41,Regular Play,Morocco,3869684,0 days 01:12:41,1,0,0,0,0,0,0,0,0
2,72,43,Regular Play,Morocco,3869684,0 days 01:12:43,0,0,0,0,0,0,1,0,0
2,72,46,Regular Play,Morocco,3869684,0 days 01:12:46,0,0,0,0,0,0,1,0,0
2,72,49,Regular Play,Morocco,3869684,0 days 01:12:49,0,0,0,0,0,0,1,0,0
2,72,52,From Counter,Croatia,3869684,0 days 01:12:52,0,0,0,0,0,0,1,0,0
2,72,54,From Counter,Croatia,3869684,0 days 01:12:54,0,0,0,0,0,0,1,0,0
2,72,58,From Counter,Morocco,3869684,0 days 01:12:58,0,0,0,0,1,0,0,0,0
2,73,12,From Free Kick,Croatia,3869684,0 days 01:13:12,0,0,0,0,0,0,1,0,0
2,73,15,From Free Kick,Croatia,3869684,0 days 01:13:15,0,0,0,0,0,0,1,0,0
2,73,17,From Free Kick,Croatia,3869684,0 days 01:13:17,0,0,0,0,0,0,1,0,0
2,73,18,From Free Kick,Croatia,3869684,0 days 01:13:18,0,0,0,0,0,0,1,0,0
2,73,19,Regular Play,Morocco,3869684,0 days 01:13:19,0,0,0,0,0,1,0,0,0
2,73,20,Regular Play,Morocco,3869684,0 days 01:13:20,0,0,0,0,0,0,1,0,0
2,73,22,Regular Play,Morocco,3869684,0 days 01:13:22,0,0,0,0,0,0,1,0,0
2,73,24,Regular Play,Morocco,3869684,0 days 01:13:24,0,0,0,0,0,0,1,0,0
2,73,25,Regular Play,Croatia,3869684,0 days 01:13:25,0,0,0,0,0,1,0,0,0
2,73,26,Regular Play,Croatia,3869684,0 days 01:13:26,0,0,0,0,0,0,1,0,0
2,73,28,Regular Play,Croatia,3869684,0 days 01:13:28,0,0,0,0,0,0,1,0,0
2,73,29,Regular Play,Croatia,3869684,0 days 01:13:29,0,0,0,0,0,0,1,0,0
2,73,32,Regular Play,Croatia,3869684,0 days 01:13:32,0,0,0,0,0,0,1,0,0
2,73,38,Regular Play,Croatia,3869684,0 days 01:13:38,0,0,0,0,0,0,1,0,0
2,73,41,Regular Play,Morocco,3869684,0 days 01:13:41,1,0,0,0,0,0,0,0,0
2,73,43,Regular Play,Morocco,3869684,0 days 01:13:43,0,0,0,0,0,0,1,0,0
2,73,47,Regular Play,Morocco,3869684,0 days 01:13:47,0,0,0,0,0,0,1,0,0
2,73,56,Regular Play,Morocco,3869684,0 days 01:13:56,0,0,0,1,0,0,0,0,0
2,73,56,Regular Play,Morocco,3869684,0 days 01:13:56,0,0,0,0,0,0,1,0,0
2,73,59,Regular Play,Croatia,3869684,0 days 01:13:59,0,0,0,0,0,0,1,0,0
2,74,2,Regular Play,Croatia,3869684,0 days 01:14:02,0,0,0,0,0,0,1,0,0
2,74,4,Regular Play,Croatia,3869684,0 days 01:14:04,0,0,0,0,0,0,1,0,0
2,74,4,Regular Play,Morocco,3869684,0 days 01:14:04,0,0,0,0,0,1,0,0,0
2,74,6,Regular Play,Croatia,3869684,0 days 01:14:06,0,0,0,0,0,0,1,0,0
2,74,8,Regular Play,Croatia,3869684,0 days 01:14:08,0,0,0,0,0,0,1,0,0
2,74,12,Regular Play,Morocco,3869684,0 days 01:14:12,1,0,0,0,0,0,0,0,0
2,74,13,Regular Play,Morocco,3869684,0 days 01:14:13,0,0,0,0,0,0,1,0,0
2,74,16,Regular Play,Morocco,3869684,0 days 01:14:16,0,0,0,0,0,0,1,0,0
2,74,17,Regular Play,Morocco,3869684,0 days 01:14:17,0,0,0,0,0,0,1,0,0
2,74,19,Regular Play,Morocco,3869684,0 days 01:14:19,0,0,0,0,0,0,1,0,0
2,74,21,Regular Play,Morocco,3869684,0 days 01:14:21,0,0,0,0,0,0,1,0,0
2,74,23,Regular Play,Morocco,3869684,0 days 01:14:23,0,0,0,0,0,0,1,0,0
2,74,27,Regular Play,Morocco,3869684,0 days 01:14:27,0,0,0,0,0,0,1,0,0
2,74,30,Regular Play,Morocco,3869684,0 days 01:14:30,0,0,0,0,0,0,1,0,0
2,74,32,Regular Play,Morocco,3869684,0 days 01:14:32,0,0,0,0,0,0,1,0,0
2,74,35,Regular Play,Morocco,3869684,0 days 01:14:35,0,0,0,0,0,0,0,1,0
2,74,36,Regular Play,Croatia,3869684,0 days 01:14:36,0,1,0,0,0,0,0,0,0
2,74,38,Regular Play,Morocco,3869684,0 days 01:14:38,1,0,0,0,0,0,0,0,0
2,74,42,Regular Play,Morocco,3869684,0 days 01:14:42,0,0,0,0,0,0,1,0,0
2,74,45,Regular Play,Croatia,3869684,0 days 01:14:45,1,0,0,0,0,0,0,0,0
2,74,46,Regular Play,Croatia,3869684,0 days 01:14:46,0,0,0,0,0,0,1,0,0
2,74,46,Regular Play,Morocco,3869684,0 days 01:14:46,0,0,0,0,1,0,0,0,0
2,75,46,From Free Kick,Croatia,3869684,0 days 01:15:46,0,0,0,0,0,0,1,0,0
2,75,50,From Free Kick,Croatia,3869684,0 days 01:15:50,0,0,0,0,0,0,1,0,0
2,75,52,Regular Play,Morocco,3869684,0 days 01:15:52,0,0,0,0,0,0,1,0,0
2,75,53,Regular Play,Morocco,3869684,0 days 01:15:53,0,0,0,0,0,0,1,0,0
2,75,57,Regular Play,Morocco,3869684,0 days 01:15:57,0,0,0,0,0,0,1,0,0
2,76,0,Regular Play,Morocco,3869684,0 days 01:16:00,0,0,0,0,0,0,1,0,0
2,76,7,Regular Play,Morocco,3869684,0 days 01:16:07,0,0,0,0,0,0,1,0,0
2,76,10,Regular Play,Morocco,3869684,0 days 01:16:10,0,0,0,0,0,0,1,0,0
2,76,13,Regular Play,Morocco,3869684,0 days 01:16:13,0,0,0,0,0,0,1,0,0
2,76,17,Regular Play,Morocco,3869684,0 days 01:16:17,0,0,0,0,0,0,1,0,0
2,76,19,Regular Play,Morocco,3869684,0 days 01:16:19,0,0,0,0,0,0,1,0,0
2,76,25,Regular Play,Morocco,3869684,0 days 01:16:25,0,0,0,0,0,0,1,0,0
2,76,27,Regular Play,Morocco,3869684,0 days 01:16:27,0,0,0,0,0,0,1,0,0
2,76,29,Regular Play,Morocco,3869684,0 days 01:16:29,0,0,0,0,0,0,1,0,0
2,76,30,Regular Play,Morocco,3869684,0 days 01:16:30,0,0,0,0,0,0,1,0,0
2,76,31,Regular Play,Croatia,3869684,0 days 01:16:31,0,1,0,0,0,0,0,0,0
2,76,47,From Throw In,Morocco,3869684,0 days 01:16:47,0,0,0,0,0,0,1,0,0
2,76,48,From Throw In,Morocco,3869684,0 days 01:16:48,0,0,0,0,0,0,1,0,0
2,76,51,From Throw In,Morocco,3869684,0 days 01:16:51,0,0,0,0,0,0,1,0,0
2,76,52,Regular Play,Croatia,3869684,0 days 01:16:52,0,0,0,0,0,0,1,0,0
2,76,55,Regular Play,Croatia,3869684,0 days 01:16:55,0,0,0,0,0,0,1,0,0
2,67,13,From Corner,France,3869685,0 days 01:07:13,0,0,0,0,0,0,1,0,0
2,67,15,From Corner,France,3869685,0 days 01:07:15,0,0,0,0,0,0,0,1,0
2,68,2,From Goal Kick,Argentina,3869685,0 days 01:08:02,0,0,0,0,0,0,1,0,0
2,68,5,From Goal Kick,France,3869685,0 days 01:08:05,0,0,0,0,0,0,1,0,0
2,68,7,From Goal Kick,Argentina,3869685,0 days 01:08:07,0,0,0,0,0,0,1,0,0
2,68,9,Regular Play,France,3869685,0 days 01:08:09,0,0,0,0,0,0,1,0,0
2,68,11,Regular Play,France,3869685,0 days 01:08:11,0,0,0,0,0,0,1,0,0
2,68,13,Regular Play,France,3869685,0 days 01:08:13,0,0,0,0,0,0,1,0,0
2,68,16,Regular Play,Argentina,3869685,0 days 01:08:16,0,0,0,0,0,0,1,0,0
2,68,19,Regular Play,Argentina,3869685,0 days 01:08:19,0,0,0,0,0,0,1,0,0
2,68,20,Regular Play,Argentina,3869685,0 days 01:08:20,0,0,0,0,0,0,1,0,0
2,68,23,Regular Play,Argentina,3869685,0 days 01:08:23,0,0,0,0,0,0,1,0,0
2,68,26,Regular Play,Argentina,3869685,0 days 01:08:26,0,0,0,0,0,0,1,0,0
2,68,28,Regular Play,Argentina,3869685,0 days 01:08:28,0,0,0,0,0,0,1,0,0
2,68,30,Regular Play,Argentina,3869685,0 days 01:08:30,0,0,0,0,0,0,1,0,0
2,68,32,Regular Play,Argentina,3869685,0 days 01:08:32,0,0,0,0,0,0,1,0,0
2,68,33,Regular Play,France,3869685,0 days 01:08:33,0,0,0,0,0,1,0,0,0
2,68,36,Regular Play,Argentina,3869685,0 days 01:08:36,1,0,0,0,0,0,0,0,0
2,68,37,Regular Play,France,3869685,0 days 01:08:37,0,0,0,0,0,0,1,0,0
2,68,38,Regular Play,France,3869685,0 days 01:08:38,0,0,0,0,0,0,1,0,0
2,68,39,Regular Play,France,3869685,0 days 01:08:39,0,0,0,0,0,0,1,0,0
2,68,40,Regular Play,France,3869685,0 days 01:08:40,0,0,0,1,0,0,0,0,0
2,68,40,Regular Play,Argentina,3869685,0 days 01:08:40,0,0,0,0,0,0,0,0,1
2,68,40,Regular Play,Argentina,3869685,0 days 01:08:40,0,0,0,0,1,0,0,0,0
2,68,45,From Free Kick,France,3869685,0 days 01:08:45,0,0,0,0,0,0,1,0,0
2,68,48,From Free Kick,France,3869685,0 days 01:08:48,0,0,0,0,0,0,1,0,0
2,68,50,From Free Kick,France,3869685,0 days 01:08:50,0,0,0,0,0,0,1,0,0
2,68,52,From Free Kick,France,3869685,0 days 01:08:52,0,0,0,0,0,0,1,0,0
2,68,53,From Free Kick,Argentina,3869685,0 days 01:08:53,0,1,0,0,0,0,0,0,0
2,68,58,From Free Kick,France,3869685,0 days 01:08:58,0,0,0,0,0,0,1,0,0
2,68,59,From Free Kick,Argentina,3869685,0 days 01:08:59,0,0,0,0,0,1,0,0,0
2,69,0,From Free Kick,France,3869685,0 days 01:09:00,1,0,0,0,0,0,0,0,0
2,69,1,From Free Kick,France,3869685,0 days 01:09:01,0,0,0,0,0,0,1,0,0
2,69,5,From Free Kick,France,3869685,0 days 01:09:05,0,0,0,0,0,0,1,0,0
2,69,6,From Free Kick,France,3869685,0 days 01:09:06,0,0,0,0,0,0,1,0,0
2,69,14,From Free Kick,Argentina,3869685,0 days 01:09:14,1,0,0,0,0,0,0,0,0
2,69,19,From Free Kick,Argentina,3869685,0 days 01:09:19,0,0,0,0,0,0,1,0,0
2,69,21,From Free Kick,Argentina,3869685,0 days 01:09:21,0,0,0,0,0,0,1,0,0
2,69,25,From Free Kick,France,3869685,0 days 01:09:25,0,0,0,0,0,0,1,0,0
2,69,29,From Free Kick,France,3869685,0 days 01:09:29,0,0,0,0,0,0,1,0,0
2,69,36,From Free Kick,France,3869685,0 days 01:09:36,0,0,0,0,0,0,1,0,0
2,69,38,From Free Kick,France,3869685,0 days 01:09:38,0,0,0,0,0,0,1,0,0
2,69,42,From Free Kick,France,3869685,0 days 01:09:42,0,0,0,0,0,0,1,0,0
2,69,47,From Free Kick,France,3869685,0 days 01:09:47,0,0,0,0,0,0,1,0,0
2,69,49,From Free Kick,France,3869685,0 days 01:09:49,0,0,0,0,0,0,1,0,0
2,69,50,Regular Play,Argentina,3869685,0 days 01:09:50,0,0,0,0,0,0,1,0,0
2,69,52,Regular Play,Argentina,3869685,0 days 01:09:52,0,0,0,0,0,0,1,0,0
2,69,53,Regular Play,Argentina,3869685,0 days 01:09:53,0,0,0,0,0,0,1,0,0
2,69,54,Regular Play,France,3869685,0 days 01:09:54,1,0,0,0,0,0,0,0,0
2,69,56,Regular Play,France,3869685,0 days 01:09:56,0,0,0,0,0,0,1,0,0
2,70,0,Regular Play,France,3869685,0 days 01:10:00,0,0,0,0,0,0,1,0,0
2,70,2,Regular Play,France,3869685,0 days 01:10:02,0,0,0,0,0,0,1,0,0
2,70,5,Regular Play,France,3869685,0 days 01:10:05,0,0,0,0,0,0,1,0,0
2,70,7,Regular Play,France,3869685,0 days 01:10:07,1,0,0,0,0,0,0,0,0
2,70,9,Regular Play,France,3869685,0 days 01:10:09,0,0,0,0,0,0,0,1,0
2,70,58,From Goal Kick,Argentina,3869685,0 days 01:10:58,0,0,0,0,0,0,1,0,0
2,71,2,From Goal Kick,France,3869685,0 days 01:11:02,0,0,0,0,0,0,1,0,0
2,71,5,From Goal Kick,France,3869685,0 days 01:11:05,0,0,1,0,0,0,0,0,0
2,71,5,From Goal Kick,Argentina,3869685,0 days 01:11:05,0,0,0,0,0,0,0,0,1
2,71,6,From Goal Kick,Argentina,3869685,0 days 01:11:06,0,0,0,0,0,0,1,0,0
2,71,8,From Goal Kick,Argentina,3869685,0 days 01:11:08,0,0,0,1,0,0,0,0,0
2,71,11,From Goal Kick,Argentina,3869685,0 days 01:11:11,0,0,0,0,0,0,1,0,0
2,71,13,From Goal Kick,Argentina,3869685,0 days 01:11:13,0,0,0,0,0,0,1,0,0
2,71,22,From Goal Kick,Argentina,3869685,0 days 01:11:22,0,0,0,0,0,0,1,0,0
2,71,29,From Goal Kick,Argentina,3869685,0 days 01:11:29,0,0,0,0,0,0,1,0,0
2,71,31,From Goal Kick,Argentina,3869685,0 days 01:11:31,0,0,0,0,0,0,0,1,0
2,71,43,From Keeper,France,3869685,0 days 01:11:43,0,0,0,0,0,0,1,0,0
2,71,48,Regular Play,France,3869685,0 days 01:11:48,0,0,0,0,0,0,1,0,0
2,71,51,Regular Play,France,3869685,0 days 01:11:51,0,0,0,1,0,0,0,0,0
2,71,52,Regular Play,France,3869685,0 days 01:11:52,0,0,0,0,0,0,1,0,0
2,71,55,Regular Play,France,3869685,0 days 01:11:55,0,0,0,0,0,0,1,0,0
2,71,58,Regular Play,France,3869685,0 days 01:11:58,0,0,0,0,0,0,1,0,0
2,72,3,Regular Play,France,3869685,0 days 01:12:03,0,0,0,0,0,0,1,0,0
2,72,9,Regular Play,France,3869685,0 days 01:12:09,0,0,0,0,0,0,1,0,0
2,72,10,Regular Play,France,3869685,0 days 01:12:10,0,0,0,0,0,0,1,0,0
2,72,13,Regular Play,France,3869685,0 days 01:12:13,0,0,0,0,0,0,1,0,0
2,72,16,Regular Play,France,3869685,0 days 01:12:16,0,0,0,0,0,0,1,0,0
2,72,21,Regular Play,France,3869685,0 days 01:12:21,0,0,0,0,0,0,1,0,0
2,72,23,Regular Play,France,3869685,0 days 01:12:23,0,0,0,0,0,0,1,0,0
2,72,26,Regular Play,Argentina,3869685,0 days 01:12:26,0,1,0,0,0,0,0,0,0
2,72,34,From Throw In,France,3869685,0 days 01:12:34,0,0,0,0,0,0,1,0,0
2,72,38,From Throw In,France,3869685,0 days 01:12:38,0,0,0,0,0,0,1,0,0
2,72,47,From Throw In,France,3869685,0 days 01:12:47,0,0,0,0,0,0,1,0,0
2,72,50,From Throw In,France,3869685,0 days 01:12:50,0,0,0,0,0,0,1,0,0
2,72,51,From Throw In,France,3869685,0 days 01:12:51,0,0,1,0,0,0,0,0,0
2,72,51,From Throw In,Argentina,3869685,0 days 01:12:51,0,0,0,0,0,0,0,0,1
2,72,54,From Throw In,France,3869685,0 days 01:12:54,0,0,0,0,0,0,1,0,0
2,72,56,From Throw In,France,3869685,0 days 01:12:56,0,0,0,0,0,0,1,0,0
2,72,58,From Throw In,France,3869685,0 days 01:12:58,0,0,0,0,0,0,1,0,0
2,73,0,From Throw In,France,3869685,0 days 01:13:00,0,0,0,0,0,0,1,0,0
2,73,6,From Throw In,France,3869685,0 days 01:13:06,0,0,0,0,0,0,1,0,0
2,73,7,From Throw In,Argentina,3869685,0 days 01:13:07,0,0,0,0,0,1,0,0,0
2,73,9,From Throw In,France,3869685,0 days 01:13:09,0,0,0,0,1,0,0,0,0
2,74,10,From Free Kick,Argentina,3869685,0 days 01:14:10,0,0,0,0,0,0,1,0,0
2,74,13,From Free Kick,France,3869685,0 days 01:14:13,0,0,0,0,0,0,1,0,0
2,74,15,From Free Kick,Argentina,3869685,0 days 01:14:15,1,0,0,0,0,0,0,0,0
2,74,16,From Free Kick,France,3869685,0 days 01:14:16,1,0,0,0,0,0,0,0,0
2,74,22,From Free Kick,Argentina,3869685,0 days 01:14:22,1,0,0,0,0,0,0,0,0
2,74,23,From Free Kick,Argentina,3869685,0 days 01:14:23,0,0,0,0,0,0,1,0,0
2,74,24,From Free Kick,Argentina,3869685,0 days 01:14:24,0,0,0,0,0,0,1,0,0
2,74,29,From Free Kick,Argentina,3869685,0 days 01:14:29,0,0,0,0,0,0,1,0,0
2,74,39,From Free Kick,Argentina,3869685,0 days 01:14:39,0,0,0,0,0,0,1,0,0
2,74,41,From Free Kick,Argentina,3869685,0 days 01:14:41,0,0,0,0,0,0,1,0,0
2,74,43,From Free Kick,France,3869685,0 days 01:14:43,1,0,0,0,0,0,0,0,0
2,74,47,From Free Kick,France,3869685,0 days 01:14:47,0,0,0,1,0,0,0,0,0
2,74,48,From Free Kick,Argentina,3869685,0 days 01:14:48,0,0,0,0,1,0,0,0,0
2,74,48,From Free Kick,France,3869685,0 days 01:14:48,0,0,0,0,0,0,1,0,0
2,74,55,From Free Kick,France,3869685,0 days 01:14:55,0,0,0,0,0,0,1,0,0
2,75,26,From Throw In,Argentina,3869685,0 days 01:15:26,0,0,0,0,0,0,1,0,0
2,75,27,From Throw In,France,3869685,0 days 01:15:27,0,0,0,0,0,1,0,0,0
2,75,38,From Throw In,Argentina,3869685,0 days 01:15:38,0,0,0,0,0,0,1,0,0
2,75,41,From Throw In,France,3869685,0 days 01:15:41,0,0,0,0,0,0,1,0,0
2,75,42,From Throw In,Argentina,3869685,0 days 01:15:42,1,0,0,0,0,0,0,0,0
2,75,44,From Throw In,Argentina,3869685,0 days 01:15:44,0,0,0,0,0,0,1,0,0
2,75,46,Regular Play,France,3869685,0 days 01:15:46,1,0,0,0,0,0,0,0,0
2,75,48,Regular Play,France,3869685,0 days 01:15:48,0,0,0,0,0,0,1,0,0
2,75,54,Regular Play,France,3869685,0 days 01:15:54,0,0,0,0,0,0,1,0,0
2,76,0,Regular Play,France,3869685,0 days 01:16:00,0,0,0,0,0,0,1,0,0
2,76,1,Regular Play,Argentina,3869685,0 days 01:16:01,0,0,0,0,0,0,1,0,0
2,76,4,Regular Play,Argentina,3869685,0 days 01:16:04,0,0,0,0,0,0,1,0,0
2,76,10,Regular Play,France,3869685,0 days 01:16:10,0,0,0,0,1,0,0,0,0
2,76,40,From Free Kick,Argentina,3869685,0 days 01:16:40,0,0,0,0,0,0,1,0,0
2,76,44,From Free Kick,Argentina,3869685,0 days 01:16:44,0,0,0,0,0,0,1,0,0
2,76,46,From Free Kick,Argentina,3869685,0 days 01:16:46,0,0,0,0,0,0,1,0,0
2,76,48,From Free Kick,Argentina,3869685,0 days 01:16:48,0,0,0,0,0,0,1,0,0
2,76,54,From Free Kick,Argentina,3869685,0 days 01:16:54,0,0,0,0,0,0,1,0,0
2,76,56,From Free Kick,Argentina,3869685,0 days 01:16:56,0,0,0,0,0,0,1,0,0
2,76,57,From Free Kick,Argentina,3869685,0 days 01:16:57,0,0,0,0,0,0,1,0,0
