period,minute,second,play_pattern,team,match_id,match_time,ball_recovery,clearance,dispossessed,dribble,foul,interception,pass,shot,tackle
1,12,14,From Goal Kick,Denmark,3857254,0 days 00:12:14,0,0,0,0,0,0,1,0,0
1,12,18,From Goal Kick,Tunisia,3857254,0 days 00:12:18,0,1,0,0,0,0,0,0,0
1,12,22,Regular Play,Tunisia,3857254,0 days 00:12:22,1,0,0,0,0,0,0,0,0
1,12,26,Regular Play,Tunisia,3857254,0 days 00:12:26,0,0,0,0,0,0,1,0,0
1,12,30,Regular Play,Tunisia,3857254,0 days 00:12:30,0,0,0,0,0,0,1,0,0
1,12,34,Regular Play,Tunisia,3857254,0 days 00:12:34,0,0,0,0,0,0,1,0,0
1,12,37,Regular Play,Denmark,3857254,0 days 00:12:37,0,0,0,0,0,0,1,0,0
1,12,38,Regular Play,Tunisia,3857254,0 days 00:12:38,0,0,0,0,0,0,1,0,0
1,12,39,Regular Play,Tunisia,3857254,0 days 00:12:39,0,0,0,0,0,0,1,0,0
1,12,41,Regular Play,Denmark,3857254,0 days 00:12:41,0,0,0,0,0,0,1,0,0
1,12,44,Regular Play,Tunisia,3857254,0 days 00:12:44,0,0,0,0,0,0,1,0,0
1,12,47,Regular Play,Denmark,3857254,0 days 00:12:47,0,0,0,0,0,0,1,0,0
1,12,49,Regular Play,Tunisia,3857254,0 days 00:12:49,1,0,0,0,0,0,0,0,0
1,12,50,Regular Play,Tunisia,3857254,0 days 00:12:50,0,0,0,0,0,0,1,0,0
1,12,53,Regular Play,Tunisia,3857254,0 days 00:12:53,0,0,0,0,0,0,1,0,0
1,12,55,Regular Play,Denmark,3857254,0 days 00:12:55,0,0,0,0,0,0,1,0,0
1,12,57,Regular Play,Tunisia,3857254,0 days 00:12:57,1,0,0,0,0,0,0,0,0
1,13,1,Regular Play,Denmark,3857254,0 days 00:13:01,1,0,0,0,0,0,0,0,0
1,13,1,Regular Play,Denmark,3857254,0 days 00:13:01,0,0,0,0,0,0,1,0,0
1,13,3,Regular Play,Denmark,3857254,0 days 00:13:03,0,0,0,0,0,0,1,0,0
1,13,21,From Throw In,Denmark,3857254,0 days 00:13:21,0,0,0,0,0,0,1,0,0
1,13,42,From Throw In,Tunisia,3857254,0 days 00:13:42,0,0,0,0,0,0,1,0,0
1,13,44,From Throw In,Tunisia,3857254,0 days 00:13:44,0,0,0,0,0,0,1,0,0
1,13,47,From Throw In,Tunisia,3857254,0 days 00:13:47,0,0,1,0,0,0,0,0,0
1,13,47,From Throw In,Denmark,3857254,0 days 00:13:47,0,0,0,0,0,0,0,0,1
1,13,48,From Throw In,Denmark,3857254,0 days 00:13:48,0,1,0,0,0,0,0,0,0
1,13,52,From Throw In,Tunisia,3857254,0 days 00:13:52,1,0,0,0,0,0,0,0,0
1,13,56,From Throw In,Tunisia,3857254,0 days 00:13:56,0,0,0,0,0,0,1,0,0
1,13,59,From Throw In,Denmark,3857254,0 days 00:13:59,0,0,0,0,0,0,1,0,0
1,14,21,From Throw In,Tunisia,3857254,0 days 00:14:21,0,0,0,0,0,0,1,0,0
1,14,23,From Throw In,Denmark,3857254,0 days 00:14:23,0,0,0,0,0,0,1,0,0
1,14,24,From Throw In,Tunisia,3857254,0 days 00:14:24,0,0,0,0,0,0,1,0,0
1,14,27,From Throw In,Tunisia,3857254,0 days 00:14:27,0,0,0,0,0,0,1,0,0
1,14,30,From Throw In,Tunisia,3857254,0 days 00:14:30,0,0,0,0,0,0,1,0,0
1,14,34,From Throw In,Tunisia,3857254,0 days 00:14:34,0,0,0,0,0,0,1,0,0
1,14,37,From Throw In,Tunisia,3857254,0 days 00:14:37,0,0,0,0,0,0,1,0,0
1,14,38,Regular Play,Denmark,3857254,0 days 00:14:38,1,0,0,0,0,0,0,0,0
1,14,41,Regular Play,Denmark,3857254,0 days 00:14:41,0,0,0,0,0,0,1,0,0
1,14,42,Regular Play,Tunisia,3857254,0 days 00:14:42,1,0,0,0,0,0,0,0,0
1,14,43,Regular Play,Tunisia,3857254,0 days 00:14:43,0,1,0,0,0,0,0,0,0
1,14,45,Regular Play,Denmark,3857254,0 days 00:14:45,0,0,0,0,0,0,1,0,0
1,14,48,Regular Play,Denmark,3857254,0 days 00:14:48,0,0,0,0,0,0,1,0,0
1,14,50,Regular Play,Denmark,3857254,0 days 00:14:50,0,0,0,0,0,0,1,0,0
1,14,52,Regular Play,Denmark,3857254,0 days 00:14:52,0,0,0,0,0,0,1,0,0
1,15,14,From Goal Kick,Tunisia,3857254,0 days 00:15:14,0,0,0,0,0,0,1,0,0
1,15,19,From Goal Kick,Tunisia,3857254,0 days 00:15:19,0,0,0,0,0,0,1,0,0
1,15,23,Regular Play,Denmark,3857254,0 days 00:15:23,0,0,0,0,0,0,1,0,0
1,15,24,Regular Play,Denmark,3857254,0 days 00:15:24,0,0,0,1,0,0,0,0,0
1,15,24,Regular Play,Tunisia,3857254,0 days 00:15:24,0,0,0,0,0,0,0,0,1
1,15,27,Regular Play,Denmark,3857254,0 days 00:15:27,1,0,0,0,0,0,0,0,0
1,15,28,Regular Play,Denmark,3857254,0 days 00:15:28,0,0,0,1,0,0,0,0,0
1,15,28,Regular Play,Tunisia,3857254,0 days 00:15:28,0,0,0,0,0,0,0,0,1
1,15,39,From Throw In,Denmark,3857254,0 days 00:15:39,0,0,0,0,0,0,1,0,0
1,15,41,From Throw In,Denmark,3857254,0 days 00:15:41,0,0,0,0,0,0,1,0,0
1,15,41,From Throw In,Denmark,3857254,0 days 00:15:41,0,0,0,0,0,0,1,0,0
1,15,43,From Throw In,Denmark,3857254,0 days 00:15:43,0,0,0,0,1,0,0,0,0
1,16,18,From Free Kick,Tunisia,3857254,0 days 00:16:18,0,0,0,0,0,0,1,0,0
1,16,20,From Free Kick,Tunisia,3857254,0 days 00:16:20,0,0,0,0,0,0,1,0,0
1,16,24,From Free Kick,Tunisia,3857254,0 days 00:16:24,0,0,0,0,0,0,1,0,0
1,16,26,From Free Kick,Tunisia,3857254,0 days 00:16:26,0,0,0,0,0,0,1,0,0
1,16,27,From Free Kick,Tunisia,3857254,0 days 00:16:27,0,0,0,0,0,0,1,0,0
1,16,29,From Free Kick,Tunisia,3857254,0 days 00:16:29,0,0,0,0,0,0,1,0,0
1,16,32,From Free Kick,Tunisia,3857254,0 days 00:16:32,0,0,0,0,0,0,1,0,0
1,16,34,From Free Kick,Tunisia,3857254,0 days 00:16:34,0,0,0,0,0,0,1,0,0
1,16,37,From Free Kick,Tunisia,3857254,0 days 00:16:37,0,0,0,1,0,0,0,0,0
1,16,39,From Free Kick,Tunisia,3857254,0 days 00:16:39,0,0,0,0,0,0,1,0,0
1,16,41,From Free Kick,Denmark,3857254,0 days 00:16:41,0,1,0,0,0,0,0,0,0
1,16,43,Regular Play,Denmark,3857254,0 days 00:16:43,1,0,0,0,0,0,0,0,0
1,16,46,Regular Play,Denmark,3857254,0 days 00:16:46,0,0,0,0,0,0,1,0,0
1,16,48,Regular Play,Denmark,3857254,0 days 00:16:48,0,0,0,0,0,0,1,0,0
1,16,50,Regular Play,Denmark,3857254,0 days 00:16:50,0,0,0,0,0,0,1,0,0
1,16,51,Regular Play,Denmark,3857254,0 days 00:16:51,0,0,0,0,0,0,1,0,0
1,16,56,Regular Play,Tunisia,3857254,0 days 00:16:56,1,0,0,0,0,0,0,0,0
1,17,0,Regular Play,Tunisia,3857254,0 days 00:17:00,0,0,0,0,0,0,1,0,0
1,17,1,Regular Play,Tunisia,3857254,0 days 00:17:01,0,0,0,0,0,0,1,0,0
1,17,4,Regular Play,Tunisia,3857254,0 days 00:17:04,0,0,0,0,0,0,1,0,0
1,17,8,Regular Play,Tunisia,3857254,0 days 00:17:08,0,0,0,0,0,0,1,0,0
1,17,9,Regular Play,Tunisia,3857254,0 days 00:17:09,0,0,0,0,0,0,1,0,0
1,17,12,Regular Play,Tunisia,3857254,0 days 00:17:12,0,0,0,0,0,0,1,0,0
1,17,16,Regular Play,Tunisia,3857254,0 days 00:17:16,0,0,0,0,0,0,1,0,0
1,17,23,Regular Play,Tunisia,3857254,0 days 00:17:23,0,0,0,0,0,0,1,0,0
1,17,26,Regular Play,Tunisia,3857254,0 days 00:17:26,0,0,0,0,0,0,1,0,0
1,17,27,Regular Play,Tunisia,3857254,0 days 00:17:27,0,0,0,1,0,0,0,0,0
1,17,27,Regular Play,Denmark,3857254,0 days 00:17:27,0,0,0,0,0,0,0,0,1
1,17,40,From Throw In,Tunisia,3857254,0 days 00:17:40,0,0,0,0,0,0,1,0,0
1,17,42,From Throw In,Tunisia,3857254,0 days 00:17:42,0,0,0,0,0,0,1,0,0
1,17,45,From Throw In,Tunisia,3857254,0 days 00:17:45,0,0,0,0,0,0,1,0,0
1,17,50,From Throw In,Tunisia,3857254,0 days 00:17:50,0,0,0,0,0,0,1,0,0
1,17,53,From Throw In,Tunisia,3857254,0 days 00:17:53,0,0,0,0,0,0,1,0,0
1,17,56,From Throw In,Denmark,3857254,0 days 00:17:56,1,0,0,0,0,0,0,0,0
1,17,57,From Throw In,Denmark,3857254,0 days 00:17:57,0,0,0,0,0,0,1,0,0
1,18,1,From Throw In,Tunisia,3857254,0 days 00:18:01,0,0,0,0,0,0,1,0,0
1,18,2,From Throw In,Tunisia,3857254,0 days 00:18:02,0,0,0,0,0,0,1,0,0
1,18,6,From Throw In,Tunisia,3857254,0 days 00:18:06,0,0,0,0,0,0,1,0,0
1,18,26,From Throw In,Denmark,3857254,0 days 00:18:26,0,0,0,0,0,0,1,0,0
1,18,27,From Throw In,Denmark,3857254,0 days 00:18:27,0,0,0,0,0,0,1,0,0
1,18,28,From Throw In,Denmark,3857254,0 days 00:18:28,0,0,0,0,0,0,1,0,0
1,18,30,From Throw In,Tunisia,3857254,0 days 00:18:30,0,0,0,0,0,0,1,0,0
1,18,34,From Throw In,Tunisia,3857254,0 days 00:18:34,0,0,0,0,0,0,1,0,0
1,18,35,From Throw In,Denmark,3857254,0 days 00:18:35,0,0,0,0,0,0,1,0,0
1,18,37,From Throw In,Tunisia,3857254,0 days 00:18:37,0,0,0,0,0,0,1,0,0
1,18,38,From Throw In,Denmark,3857254,0 days 00:18:38,1,0,0,0,0,0,0,0,0
1,18,38,From Throw In,Denmark,3857254,0 days 00:18:38,0,0,0,0,0,0,1,0,0
1,18,40,From Throw In,Denmark,3857254,0 days 00:18:40,0,0,0,0,0,0,1,0,0
1,18,53,From Throw In,Denmark,3857254,0 days 00:18:53,0,0,0,0,0,0,1,0,0
1,18,56,From Throw In,Denmark,3857254,0 days 00:18:56,0,0,0,0,0,0,1,0,0
1,18,59,From Throw In,Denmark,3857254,0 days 00:18:59,0,0,0,0,0,0,1,0,0
1,19,2,From Throw In,Denmark,3857254,0 days 00:19:02,0,0,0,0,0,0,1,0,0
1,19,5,From Throw In,Denmark,3857254,0 days 00:19:05,0,0,0,0,0,0,1,0,0
1,19,9,From Throw In,Denmark,3857254,0 days 00:19:09,0,0,0,0,0,0,1,0,0
1,19,14,From Throw In,Denmark,3857254,0 days 00:19:14,0,0,0,0,0,0,1,0,0
1,19,19,From Throw In,Denmark,3857254,0 days 00:19:19,0,0,0,0,0,0,1,0,0
1,19,21,From Throw In,Denmark,3857254,0 days 00:19:21,0,0,0,0,0,0,1,0,0
1,19,25,From Throw In,Denmark,3857254,0 days 00:19:25,0,0,0,0,0,0,1,0,0
1,19,27,From Throw In,Denmark,3857254,0 days 00:19:27,0,0,0,0,0,0,1,0,0
1,19,32,From Throw In,Denmark,3857254,0 days 00:19:32,0,0,0,0,0,0,1,0,0
1,19,33,From Throw In,Tunisia,3857254,0 days 00:19:33,0,1,0,0,0,0,0,0,0
1,19,34,From Throw In,Tunisia,3857254,0 days 00:19:34,0,1,0,0,0,0,0,0,0
1,20,8,From Corner,Denmark,3857254,0 days 00:20:08,0,0,0,0,0,0,1,0,0
1,20,10,From Corner,Denmark,3857254,0 days 00:20:10,0,0,0,0,0,0,1,0,0
1,20,11,From Corner,Tunisia,3857254,0 days 00:20:11,0,1,0,0,0,0,0,0,0
1,20,13,From Corner,Denmark,3857254,0 days 00:20:13,0,0,0,0,0,0,1,0,0
1,20,17,From Corner,Denmark,3857254,0 days 00:20:17,0,0,0,1,0,0,0,0,0
1,20,18,From Corner,Denmark,3857254,0 days 00:20:18,0,0,0,0,0,0,1,0,0
1,20,19,From Corner,Tunisia,3857254,0 days 00:20:19,0,1,0,0,0,0,0,0,0
1,20,21,From Corner,Tunisia,3857254,0 days 00:20:21,0,0,0,0,0,0,1,0,0
1,20,24,From Corner,Tunisia,3857254,0 days 00:20:24,0,0,0,1,0,0,0,0,0
1,20,24,From Corner,Denmark,3857254,0 days 00:20:24,0,0,0,0,0,0,0,0,1
1,20,28,From Corner,Tunisia,3857254,0 days 00:20:28,0,0,0,0,1,0,0,0,0
1,21,17,From Free Kick,Denmark,3857254,0 days 00:21:17,0,0,0,0,0,0,1,0,0
1,21,19,From Free Kick,Tunisia,3857254,0 days 00:21:19,0,1,0,0,0,0,0,0,0
1,21,56,From Corner,Denmark,3857254,0 days 00:21:56,0,0,0,0,0,0,1,0,0
1,21,59,From Corner,Denmark,3857254,0 days 00:21:59,0,0,0,0,0,0,1,0,0
1,12,2,From Kick Off,Japan,3857255,0 days 00:12:02,0,0,0,0,0,0,1,0,0
1,12,4,From Kick Off,Japan,3857255,0 days 00:12:04,0,0,0,0,0,0,1,0,0
1,12,8,From Kick Off,Japan,3857255,0 days 00:12:08,0,0,0,0,0,0,1,0,0
1,12,11,From Kick Off,Japan,3857255,0 days 00:12:11,0,0,0,0,0,0,1,0,0
1,12,11,From Kick Off,Spain,3857255,0 days 00:12:11,0,1,0,0,0,0,0,0,0
1,12,14,Regular Play,Spain,3857255,0 days 00:12:14,1,0,0,0,0,0,0,0,0
1,12,16,Regular Play,Spain,3857255,0 days 00:12:16,0,0,0,0,0,0,1,0,0
1,12,18,Regular Play,Spain,3857255,0 days 00:12:18,0,0,0,0,0,0,1,0,0
1,12,19,Regular Play,Spain,3857255,0 days 00:12:19,0,0,0,0,0,0,1,0,0
1,12,19,Regular Play,Japan,3857255,0 days 00:12:19,1,0,0,0,0,0,0,0,0
1,12,20,Regular Play,Japan,3857255,0 days 00:12:20,0,0,0,1,0,0,0,0,0
1,12,20,Regular Play,Spain,3857255,0 days 00:12:20,0,0,0,0,0,0,0,0,1
1,12,24,Regular Play,Spain,3857255,0 days 00:12:24,0,0,0,0,0,0,1,0,0
1,12,25,Regular Play,Japan,3857255,0 days 00:12:25,0,0,0,0,0,1,0,0,0
1,12,42,From Throw In,Spain,3857255,0 days 00:12:42,0,0,0,0,0,0,1,0,0
1,12,45,From Throw In,Spain,3857255,0 days 00:12:45,0,0,0,0,0,0,1,0,0
1,12,48,From Throw In,Spain,3857255,0 days 00:12:48,0,0,0,0,0,0,1,0,0
1,12,49,From Throw In,Spain,3857255,0 days 00:12:49,0,0,0,0,0,0,1,0,0
1,12,53,From Throw In,Spain,3857255,0 days 00:12:53,0,0,0,0,0,0,1,0,0
1,12,56,From Throw In,Spain,3857255,0 days 00:12:56,0,0,0,0,0,0,1,0,0
1,13,2,From Throw In,Spain,3857255,0 days 00:13:02,0,0,0,0,0,0,1,0,0
1,13,4,From Throw In,Spain,3857255,0 days 00:13:04,0,0,0,0,0,0,1,0,0
1,13,7,From Throw In,Spain,3857255,0 days 00:13:07,0,0,0,0,0,0,1,0,0
1,13,11,From Throw In,Spain,3857255,0 days 00:13:11,0,0,0,0,0,0,1,0,0
1,13,13,From Throw In,Spain,3857255,0 days 00:13:13,0,0,0,0,0,0,1,0,0
1,13,14,From Throw In,Spain,3857255,0 days 00:13:14,0,0,0,0,0,0,1,0,0
1,13,15,From Throw In,Spain,3857255,0 days 00:13:15,0,0,0,0,0,0,1,0,0
1,13,16,From Throw In,Spain,3857255,0 days 00:13:16,0,0,0,0,0,0,1,0,0
1,13,19,From Throw In,Spain,3857255,0 days 00:13:19,0,0,0,0,0,0,1,0,0
1,13,24,From Throw In,Spain,3857255,0 days 00:13:24,0,0,0,0,0,0,1,0,0
1,13,26,From Throw In,Spain,3857255,0 days 00:13:26,0,0,0,0,0,0,1,0,0
1,13,27,From Throw In,Spain,3857255,0 days 00:13:27,0,0,0,0,0,0,1,0,0
1,13,30,From Throw In,Spain,3857255,0 days 00:13:30,0,0,0,0,0,0,1,0,0
1,13,35,From Throw In,Spain,3857255,0 days 00:13:35,0,0,0,0,0,0,1,0,0
1,13,40,From Throw In,Spain,3857255,0 days 00:13:40,0,0,0,0,0,0,1,0,0
1,13,41,From Throw In,Spain,3857255,0 days 00:13:41,0,0,0,0,0,0,1,0,0
1,13,42,From Throw In,Spain,3857255,0 days 00:13:42,0,0,0,0,0,0,1,0,0
1,13,45,From Throw In,Spain,3857255,0 days 00:13:45,0,0,0,0,0,0,1,0,0
1,13,46,From Throw In,Spain,3857255,0 days 00:13:46,0,0,0,0,0,0,1,0,0
1,13,49,From Throw In,Spain,3857255,0 days 00:13:49,0,0,0,0,0,0,1,0,0
1,13,51,From Throw In,Spain,3857255,0 days 00:13:51,0,0,0,0,0,0,1,0,0
1,13,55,From Throw In,Spain,3857255,0 days 00:13:55,0,0,0,0,0,0,1,0,0
1,13,57,From Throw In,Spain,3857255,0 days 00:13:57,0,0,0,0,0,0,1,0,0
1,14,1,From Throw In,Spain,3857255,0 days 00:14:01,0,0,0,0,0,0,1,0,0
1,14,2,From Throw In,Japan,3857255,0 days 00:14:02,0,1,0,0,0,0,0,0,0
1,14,14,From Throw In,Spain,3857255,0 days 00:14:14,0,0,0,0,0,0,1,0,0
1,14,17,From Throw In,Spain,3857255,0 days 00:14:17,0,0,0,0,0,0,1,0,0
1,14,24,From Throw In,Spain,3857255,0 days 00:14:24,0,0,0,0,0,0,1,0,0
1,14,26,From Throw In,Spain,3857255,0 days 00:14:26,0,0,0,0,0,0,1,0,0
1,14,29,From Throw In,Spain,3857255,0 days 00:14:29,0,0,0,0,0,0,1,0,0
1,14,35,From Throw In,Spain,3857255,0 days 00:14:35,0,0,0,0,0,0,1,0,0
1,14,36,From Throw In,Spain,3857255,0 days 00:14:36,0,0,0,0,0,0,1,0,0
1,14,42,From Throw In,Spain,3857255,0 days 00:14:42,0,0,0,0,0,0,1,0,0
1,14,43,From Throw In,Spain,3857255,0 days 00:14:43,0,0,0,0,0,0,1,0,0
1,14,47,From Throw In,Spain,3857255,0 days 00:14:47,0,0,0,0,0,0,1,0,0
1,14,53,From Throw In,Spain,3857255,0 days 00:14:53,0,0,0,0,0,0,1,0,0
1,14,55,From Throw In,Spain,3857255,0 days 00:14:55,0,0,0,0,0,0,1,0,0
1,14,57,From Throw In,Spain,3857255,0 days 00:14:57,0,0,0,0,0,0,1,0,0
1,14,59,From Throw In,Spain,3857255,0 days 00:14:59,0,0,0,0,0,0,1,0,0
1,15,1,From Throw In,Spain,3857255,0 days 00:15:01,0,0,0,0,0,0,1,0,0
1,15,6,From Throw In,Spain,3857255,0 days 00:15:06,0,0,0,0,0,0,1,0,0
1,15,8,From Throw In,Spain,3857255,0 days 00:15:08,0,0,0,0,0,0,1,0,0
1,15,11,From Throw In,Spain,3857255,0 days 00:15:11,0,0,0,0,0,0,1,0,0
1,15,14,From Throw In,Spain,3857255,0 days 00:15:14,0,0,0,0,0,0,1,0,0
1,15,19,From Throw In,Spain,3857255,0 days 00:15:19,0,0,0,0,0,0,1,0,0
1,15,22,From Throw In,Spain,3857255,0 days 00:15:22,0,0,0,0,0,0,1,0,0
1,15,25,From Throw In,Spain,3857255,0 days 00:15:25,0,0,0,0,0,0,1,0,0
1,15,31,From Throw In,Spain,3857255,0 days 00:15:31,0,0,0,0,0,0,1,0,0
1,15,37,From Throw In,Spain,3857255,0 days 00:15:37,0,0,0,0,0,0,1,0,0
1,15,38,From Throw In,Spain,3857255,0 days 00:15:38,0,0,0,0,0,0,1,0,0
1,15,40,From Throw In,Spain,3857255,0 days 00:15:40,0,0,0,0,0,0,1,0,0
1,15,46,From Throw In,Spain,3857255,0 days 00:15:46,0,0,0,0,0,0,1,0,0
1,15,52,From Throw In,Spain,3857255,0 days 00:15:52,0,0,0,0,0,0,1,0,0
1,15,53,From Throw In,Spain,3857255,0 days 00:15:53,0,0,0,0,0,0,1,0,0
1,15,54,From Throw In,Spain,3857255,0 days 00:15:54,0,0,0,0,0,0,1,0,0
1,15,58,From Throw In,Spain,3857255,0 days 00:15:58,0,0,0,0,0,0,1,0,0
1,16,0,From Throw In,Spain,3857255,0 days 00:16:00,0,0,0,0,0,0,1,0,0
1,16,2,From Throw In,Spain,3857255,0 days 00:16:02,0,0,0,0,0,0,1,0,0
1,16,8,From Throw In,Spain,3857255,0 days 00:16:08,0,0,0,0,0,0,1,0,0
1,16,11,From Throw In,Spain,3857255,0 days 00:16:11,0,0,0,0,0,0,1,0,0
1,16,13,From Throw In,Spain,3857255,0 days 00:16:13,1,0,0,0,0,0,0,0,0
1,16,14,From Throw In,Spain,3857255,0 days 00:16:14,0,0,0,0,0,0,1,0,0
1,16,17,From Throw In,Spain,3857255,0 days 00:16:17,0,0,0,0,0,0,1,0,0
1,16,21,From Throw In,Spain,3857255,0 days 00:16:21,0,0,0,0,0,0,1,0,0
1,16,24,From Throw In,Spain,3857255,0 days 00:16:24,0,0,0,0,0,0,1,0,0
1,16,27,From Throw In,Spain,3857255,0 days 00:16:27,0,0,0,0,0,0,1,0,0
1,16,29,From Throw In,Spain,3857255,0 days 00:16:29,0,0,0,0,0,0,1,0,0
1,16,31,From Throw In,Spain,3857255,0 days 00:16:31,0,0,0,0,0,0,1,0,0
1,16,33,From Throw In,Spain,3857255,0 days 00:16:33,0,0,0,0,0,0,1,0,0
1,16,34,From Throw In,Spain,3857255,0 days 00:16:34,0,0,0,0,0,0,1,0,0
1,16,34,From Throw In,Spain,3857255,0 days 00:16:34,0,0,0,0,0,0,1,0,0
1,16,35,Regular Play,Japan,3857255,0 days 00:16:35,0,0,0,0,0,0,1,0,0
1,16,35,Regular Play,Japan,3857255,0 days 00:16:35,0,0,0,0,0,0,1,0,0
1,16,37,Regular Play,Japan,3857255,0 days 00:16:37,0,0,0,0,0,0,1,0,0
1,16,39,Regular Play,Japan,3857255,0 days 00:16:39,0,0,0,0,0,0,1,0,0
1,16,40,Regular Play,Japan,3857255,0 days 00:16:40,0,0,0,0,0,0,1,0,0
1,16,43,Regular Play,Japan,3857255,0 days 00:16:43,0,0,0,0,0,0,1,0,0
1,16,44,Regular Play,Japan,3857255,0 days 00:16:44,0,0,0,0,0,0,1,0,0
1,16,47,Regular Play,Japan,3857255,0 days 00:16:47,0,0,0,0,0,0,1,0,0
1,16,48,Regular Play,Spain,3857255,0 days 00:16:48,0,0,0,0,0,0,1,0,0
1,16,51,Regular Play,Spain,3857255,0 days 00:16:51,0,0,0,0,0,0,1,0,0
1,16,52,Regular Play,Spain,3857255,0 days 00:16:52,0,0,0,0,0,0,1,0,0
1,16,55,Regular Play,Spain,3857255,0 days 00:16:55,0,0,0,0,0,0,1,0,0
1,16,59,Regular Play,Spain,3857255,0 days 00:16:59,0,0,0,0,0,0,1,0,0
1,17,0,Regular Play,Spain,3857255,0 days 00:17:00,0,0,0,0,0,0,1,0,0
1,17,2,Regular Play,Spain,3857255,0 days 00:17:02,0,0,0,0,0,0,1,0,0
1,17,4,Regular Play,Spain,3857255,0 days 00:17:04,0,0,0,0,0,0,1,0,0
1,17,6,Regular Play,Spain,3857255,0 days 00:17:06,0,0,0,0,0,0,1,0,0
1,17,9,Regular Play,Spain,3857255,0 days 00:17:09,0,0,0,0,0,0,1,0,0
1,17,14,Regular Play,Spain,3857255,0 days 00:17:14,0,0,0,0,0,0,1,0,0
1,17,16,Regular Play,Spain,3857255,0 days 00:17:16,0,0,0,0,0,0,1,0,0
1,17,18,Regular Play,Spain,3857255,0 days 00:17:18,0,0,0,0,0,0,1,0,0
1,17,21,Regular Play,Spain,3857255,0 days 00:17:21,0,0,0,0,0,0,1,0,0
1,17,27,Regular Play,Spain,3857255,0 days 00:17:27,0,0,0,0,0,0,1,0,0
1,17,30,Regular Play,Spain,3857255,0 days 00:17:30,0,0,0,0,0,0,1,0,0
1,17,32,Regular Play,Spain,3857255,0 days 00:17:32,0,0,0,0,0,0,1,0,0
1,17,35,Regular Play,Spain,3857255,0 days 00:17:35,0,0,0,0,0,0,1,0,0
1,17,37,Regular Play,Spain,3857255,0 days 00:17:37,0,0,0,0,0,0,1,0,0
1,17,40,Regular Play,Spain,3857255,0 days 00:17:40,0,0,0,0,0,0,1,0,0
1,17,40,Regular Play,Japan,3857255,0 days 00:17:40,0,0,0,0,0,1,0,0,0
1,17,42,Regular Play,Japan,3857255,0 days 00:17:42,1,0,0,0,0,0,0,0,0
1,17,44,Regular Play,Japan,3857255,0 days 00:17:44,0,0,0,0,0,0,1,0,0
1,17,46,Regular Play,Japan,3857255,0 days 00:17:46,0,0,0,0,0,0,1,0,0
1,17,49,Regular Play,Japan,3857255,0 days 00:17:49,0,0,0,0,0,0,1,0,0
1,17,50,Regular Play,Spain,3857255,0 days 00:17:50,0,0,0,0,1,0,0,0,0
1,18,5,From Free Kick,Japan,3857255,0 days 00:18:05,0,0,0,0,0,0,1,0,0
1,18,8,From Free Kick,Japan,3857255,0 days 00:18:08,0,0,0,0,0,0,1,0,0
1,18,11,From Free Kick,Japan,3857255,0 days 00:18:11,0,0,0,0,0,0,1,0,0
1,18,13,From Free Kick,Japan,3857255,0 days 00:18:13,0,0,1,0,0,0,0,0,0
1,18,13,From Free Kick,Spain,3857255,0 days 00:18:13,0,0,0,0,0,0,0,0,1
1,18,14,From Free Kick,Japan,3857255,0 days 00:18:14,1,0,0,0,0,0,0,0,0
1,18,15,From Free Kick,Japan,3857255,0 days 00:18:15,0,0,1,0,0,0,0,0,0
1,18,15,Regular Play,Spain,3857255,0 days 00:18:15,0,0,0,0,0,0,0,0,1
1,18,17,Regular Play,Spain,3857255,0 days 00:18:17,0,0,0,0,0,0,1,0,0
1,18,19,Regular Play,Spain,3857255,0 days 00:18:19,0,0,0,0,0,0,1,0,0
1,18,22,Regular Play,Spain,3857255,0 days 00:18:22,0,0,0,0,0,0,1,0,0
1,18,23,Regular Play,Japan,3857255,0 days 00:18:23,0,0,0,0,0,1,0,0,0
1,18,24,Regular Play,Spain,3857255,0 days 00:18:24,1,0,0,0,0,0,0,0,0
1,18,25,Regular Play,Spain,3857255,0 days 00:18:25,0,0,0,0,0,0,1,0,0
1,18,28,Regular Play,Spain,3857255,0 days 00:18:28,0,0,0,0,0,0,1,0,0
1,18,30,Regular Play,Spain,3857255,0 days 00:18:30,0,0,0,0,0,0,1,0,0
1,18,32,Regular Play,Spain,3857255,0 days 00:18:32,0,0,0,0,0,0,1,0,0
1,18,35,Regular Play,Spain,3857255,0 days 00:18:35,0,0,0,0,0,0,1,0,0
1,18,38,Regular Play,Spain,3857255,0 days 00:18:38,0,0,0,0,0,0,1,0,0
1,18,38,Regular Play,Japan,3857255,0 days 00:18:38,0,1,0,0,0,0,0,0,0
1,18,46,From Throw In,Spain,3857255,0 days 00:18:46,0,0,0,0,0,0,1,0,0
1,18,50,From Throw In,Spain,3857255,0 days 00:18:50,0,0,0,0,0,0,1,0,0
1,18,53,From Throw In,Spain,3857255,0 days 00:18:53,0,0,0,0,0,0,1,0,0
1,18,55,From Throw In,Spain,3857255,0 days 00:18:55,0,0,0,0,0,0,1,0,0
1,18,57,From Throw In,Spain,3857255,0 days 00:18:57,0,0,0,0,0,0,1,0,0
1,18,59,From Throw In,Spain,3857255,0 days 00:18:59,0,0,0,0,0,0,1,0,0
1,19,2,From Throw In,Spain,3857255,0 days 00:19:02,0,0,0,0,0,0,1,0,0
1,19,13,From Throw In,Spain,3857255,0 days 00:19:13,0,0,0,0,0,0,1,0,0
1,19,17,From Throw In,Spain,3857255,0 days 00:19:17,0,0,0,0,0,0,1,0,0
1,19,20,From Throw In,Spain,3857255,0 days 00:19:20,0,0,0,0,0,0,1,0,0
1,19,22,From Throw In,Spain,3857255,0 days 00:19:22,0,0,0,0,0,0,1,0,0
1,19,24,From Throw In,Spain,3857255,0 days 00:19:24,0,0,0,0,0,0,1,0,0
1,19,26,From Throw In,Spain,3857255,0 days 00:19:26,0,0,0,0,0,0,1,0,0
1,19,29,From Throw In,Spain,3857255,0 days 00:19:29,0,0,0,0,0,0,1,0,0
1,19,37,From Throw In,Spain,3857255,0 days 00:19:37,0,0,0,0,0,0,1,0,0
1,19,40,From Throw In,Spain,3857255,0 days 00:19:40,0,0,0,0,0,0,1,0,0
1,19,42,From Throw In,Spain,3857255,0 days 00:19:42,0,0,0,0,0,0,1,0,0
1,19,45,From Throw In,Spain,3857255,0 days 00:19:45,0,0,0,0,0,0,1,0,0
1,19,47,From Throw In,Spain,3857255,0 days 00:19:47,0,0,0,0,0,0,1,0,0
1,19,48,From Throw In,Japan,3857255,0 days 00:19:48,0,0,0,0,1,0,0,0,0
1,20,14,From Free Kick,Spain,3857255,0 days 00:20:14,0,0,0,0,0,0,1,0,0
1,20,16,From Free Kick,Spain,3857255,0 days 00:20:16,0,0,0,0,0,0,1,0,0
1,20,20,From Free Kick,Spain,3857255,0 days 00:20:20,0,0,0,0,0,0,1,0,0
1,20,22,From Free Kick,Spain,3857255,0 days 00:20:22,0,0,0,0,0,0,1,0,0
1,20,23,From Free Kick,Spain,3857255,0 days 00:20:23,0,0,0,0,0,0,1,0,0
1,20,27,From Free Kick,Spain,3857255,0 days 00:20:27,0,0,0,0,0,0,1,0,0
1,20,32,From Free Kick,Spain,3857255,0 days 00:20:32,0,0,0,0,0,0,1,0,0
1,20,33,From Free Kick,Spain,3857255,0 days 00:20:33,0,0,0,0,0,0,1,0,0
1,20,35,Regular Play,Japan,3857255,0 days 00:20:35,0,0,0,0,0,0,1,0,0
1,20,38,Regular Play,Japan,3857255,0 days 00:20:38,0,0,0,0,0,0,1,0,0
1,20,40,Regular Play,Japan,3857255,0 days 00:20:40,0,0,0,0,0,0,1,0,0
1,20,46,Regular Play,Japan,3857255,0 days 00:20:46,0,0,0,0,0,0,1,0,0
1,20,48,Regular Play,Japan,3857255,0 days 00:20:48,0,0,0,0,0,0,1,0,0
1,20,50,Regular Play,Spain,3857255,0 days 00:20:50,1,0,0,0,0,0,0,0,0
1,20,51,Regular Play,Spain,3857255,0 days 00:20:51,0,0,0,0,0,0,1,0,0
1,20,53,Regular Play,Spain,3857255,0 days 00:20:53,0,0,0,0,0,0,1,0,0
1,20,55,Regular Play,Spain,3857255,0 days 00:20:55,0,0,0,0,0,0,1,0,0
1,20,59,Regular Play,Spain,3857255,0 days 00:20:59,0,0,0,0,0,0,1,0,0
1,21,1,Regular Play,Spain,3857255,0 days 00:21:01,0,0,0,0,0,0,1,0,0
1,21,4,Regular Play,Spain,3857255,0 days 00:21:04,0,0,0,0,0,0,1,0,0
1,21,13,Regular Play,Spain,3857255,0 days 00:21:13,0,0,0,0,0,0,1,0,0
1,21,16,Regular Play,Spain,3857255,0 days 00:21:16,0,0,0,0,0,0,1,0,0
1,21,18,Regular Play,Spain,3857255,0 days 00:21:18,0,0,0,0,0,0,1,0,0
1,21,21,Regular Play,Spain,3857255,0 days 00:21:21,0,0,0,0,0,0,1,0,0
1,21,24,Regular Play,Spain,3857255,0 days 00:21:24,0,0,0,0,0,0,1,0,0
1,21,25,Regular Play,Spain,3857255,0 days 00:21:25,0,0,0,0,0,0,1,0,0
1,21,27,Regular Play,Spain,3857255,0 days 00:21:27,0,0,0,0,0,0,1,0,0
1,21,31,Regular Play,Spain,3857255,0 days 00:21:31,0,0,0,0,0,0,1,0,0
1,21,33,Regular Play,Spain,3857255,0 days 00:21:33,0,0,0,0,0,0,1,0,0
1,21,34,Regular Play,Japan,3857255,0 days 00:21:34,0,0,0,0,0,0,1,0,0
1,21,38,Regular Play,Japan,3857255,0 days 00:21:38,0,0,0,0,0,0,1,0,0
1,21,41,Regular Play,Japan,3857255,0 days 00:21:41,0,0,1,0,0,0,0,0,0
1,21,41,Regular Play,Spain,3857255,0 days 00:21:41,0,0,0,0,0,0,0,0,1
1,21,43,Regular Play,Spain,3857255,0 days 00:21:43,0,0,0,0,0,0,1,0,0
1,21,45,Regular Play,Spain,3857255,0 days 00:21:45,0,0,0,0,0,0,1,0,0
1,21,56,Regular Play,Spain,3857255,0 days 00:21:56,0,0,0,0,0,0,1,0,0
1,21,59,Regular Play,Spain,3857255,0 days 00:21:59,0,0,0,0,0,0,1,0,0
1,12,5,From Throw In,Serbia,3857256,0 days 00:12:05,0,0,0,0,0,0,1,0,0
1,12,9,From Throw In,Serbia,3857256,0 days 00:12:09,0,0,0,0,0,0,1,0,0
1,12,42,From Goal Kick,Serbia,3857256,0 days 00:12:42,0,0,0,0,0,0,1,0,0
1,12,46,From Goal Kick,Switzerland,3857256,0 days 00:12:46,0,0,0,0,0,0,1,0,0
1,12,48,From Goal Kick,Serbia,3857256,0 days 00:12:48,0,0,0,0,1,0,0,0,0
1,13,9,From Free Kick,Switzerland,3857256,0 days 00:13:09,0,0,0,0,0,0,1,0,0
1,13,14,From Free Kick,Switzerland,3857256,0 days 00:13:14,0,0,0,0,0,0,1,0,0
1,13,17,From Free Kick,Switzerland,3857256,0 days 00:13:17,0,0,0,0,0,0,1,0,0
1,13,21,From Free Kick,Switzerland,3857256,0 days 00:13:21,0,0,0,0,0,0,1,0,0
1,13,25,From Free Kick,Switzerland,3857256,0 days 00:13:25,0,0,0,0,0,0,1,0,0
1,13,30,From Free Kick,Switzerland,3857256,0 days 00:13:30,0,0,0,0,0,0,1,0,0
1,13,35,From Free Kick,Switzerland,3857256,0 days 00:13:35,0,0,0,0,0,0,1,0,0
1,13,35,From Free Kick,Switzerland,3857256,0 days 00:13:35,0,0,0,0,0,0,0,1,0
1,13,38,From Free Kick,Serbia,3857256,0 days 00:13:38,0,0,0,0,0,0,1,0,0
1,13,43,From Free Kick,Switzerland,3857256,0 days 00:13:43,0,0,0,0,0,0,1,0,0
1,13,46,From Free Kick,Switzerland,3857256,0 days 00:13:46,0,0,0,0,0,0,1,0,0
1,13,50,From Free Kick,Switzerland,3857256,0 days 00:13:50,0,0,0,0,0,0,1,0,0
1,13,53,From Free Kick,Switzerland,3857256,0 days 00:13:53,0,0,0,0,0,0,1,0,0
1,13,55,From Free Kick,Switzerland,3857256,0 days 00:13:55,0,0,0,0,0,0,1,0,0
1,13,56,Regular Play,Serbia,3857256,0 days 00:13:56,0,0,0,0,0,0,1,0,0
1,13,58,Regular Play,Serbia,3857256,0 days 00:13:58,0,0,0,0,0,0,1,0,0
1,14,2,Regular Play,Serbia,3857256,0 days 00:14:02,0,0,0,0,0,0,1,0,0
1,14,4,Regular Play,Serbia,3857256,0 days 00:14:04,0,0,0,0,0,0,1,0,0
1,14,5,Regular Play,Serbia,3857256,0 days 00:14:05,0,0,0,0,0,0,1,0,0
1,14,6,Regular Play,Switzerland,3857256,0 days 00:14:06,0,0,0,0,0,1,0,0,0
1,14,8,Regular Play,Switzerland,3857256,0 days 00:14:08,0,0,0,0,0,0,1,0,0
1,14,9,Regular Play,Switzerland,3857256,0 days 00:14:09,0,0,1,0,0,0,0,0,0
1,14,9,Regular Play,Serbia,3857256,0 days 00:14:09,0,0,0,0,0,0,0,0,1
1,14,11,Regular Play,Switzerland,3857256,0 days 00:14:11,0,0,0,0,0,0,1,0,0
1,14,15,Regular Play,Switzerland,3857256,0 days 00:14:15,0,0,0,0,0,0,1,0,0
1,14,16,Regular Play,Serbia,3857256,0 days 00:14:16,0,0,0,0,0,1,0,0,0
1,14,17,Regular Play,Serbia,3857256,0 days 00:14:17,1,0,0,0,0,0,0,0,0
1,14,18,Regular Play,Serbia,3857256,0 days 00:14:18,0,0,0,0,0,0,1,0,0
1,14,27,Regular Play,Switzerland,3857256,0 days 00:14:27,0,0,0,0,1,0,0,0,0
1,15,23,From Free Kick,Serbia,3857256,0 days 00:15:23,0,0,0,0,0,0,1,0,0
1,15,24,From Free Kick,Switzerland,3857256,0 days 00:15:24,0,1,0,0,0,0,0,0,0
1,15,44,From Throw In,Serbia,3857256,0 days 00:15:44,0,0,0,0,0,0,1,0,0
1,15,47,From Throw In,Serbia,3857256,0 days 00:15:47,0,0,0,0,0,0,1,0,0
1,15,51,From Throw In,Serbia,3857256,0 days 00:15:51,0,0,0,0,0,0,1,0,0
1,15,54,From Throw In,Serbia,3857256,0 days 00:15:54,0,0,0,0,0,0,1,0,0
1,15,57,From Throw In,Serbia,3857256,0 days 00:15:57,0,0,0,0,0,0,1,0,0
1,15,58,From Throw In,Switzerland,3857256,0 days 00:15:58,0,0,0,0,0,0,1,0,0
1,16,0,From Throw In,Serbia,3857256,0 days 00:16:00,0,0,0,0,0,0,1,0,0
1,16,2,From Throw In,Switzerland,3857256,0 days 00:16:02,0,0,0,0,0,0,1,0,0
1,16,5,From Throw In,Serbia,3857256,0 days 00:16:05,1,0,0,0,0,0,0,0,0
1,16,6,From Throw In,Serbia,3857256,0 days 00:16:06,0,0,0,0,0,0,1,0,0
1,16,10,From Throw In,Serbia,3857256,0 days 00:16:10,0,0,0,0,0,0,1,0,0
1,16,12,From Throw In,Serbia,3857256,0 days 00:16:12,0,0,0,0,0,0,1,0,0
1,16,14,From Throw In,Serbia,3857256,0 days 00:16:14,0,0,0,0,0,0,1,0,0
1,16,15,From Throw In,Switzerland,3857256,0 days 00:16:15,0,1,0,0,0,0,0,0,0
1,16,45,From Corner,Serbia,3857256,0 days 00:16:45,0,0,0,0,0,0,1,0,0
1,16,47,From Corner,Switzerland,3857256,0 days 00:16:47,0,1,0,0,0,0,0,0,0
1,16,50,From Corner,Serbia,3857256,0 days 00:16:50,1,0,0,0,0,0,0,0,0
1,16,50,From Corner,Serbia,3857256,0 days 00:16:50,0,0,0,0,0,0,1,0,0
1,16,53,From Corner,Serbia,3857256,0 days 00:16:53,0,0,0,0,0,0,1,0,0
1,16,57,From Corner,Serbia,3857256,0 days 00:16:57,0,0,0,0,0,0,1,0,0
1,16,58,From Corner,Serbia,3857256,0 days 00:16:58,0,0,0,0,0,0,1,0,0
1,17,2,From Corner,Serbia,3857256,0 days 00:17:02,0,0,0,0,0,0,1,0,0
1,17,5,From Corner,Serbia,3857256,0 days 00:17:05,0,0,0,0,0,0,1,0,0
1,17,13,From Corner,Serbia,3857256,0 days 00:17:13,0,0,0,1,0,0,0,0,0
1,17,14,From Corner,Serbia,3857256,0 days 00:17:14,0,0,0,0,0,0,1,0,0
1,17,17,From Corner,Serbia,3857256,0 days 00:17:17,0,0,0,0,0,0,1,0,0
1,17,17,From Corner,Switzerland,3857256,0 days 00:17:17,0,1,0,0,0,0,0,0,0
1,17,19,From Corner,Serbia,3857256,0 days 00:17:19,1,0,0,0,0,0,0,0,0
1,17,21,From Corner,Serbia,3857256,0 days 00:17:21,0,0,0,0,0,0,1,0,0
1,17,24,From Corner,Serbia,3857256,0 days 00:17:24,0,0,0,0,0,0,1,0,0
1,17,25,From Corner,Switzerland,3857256,0 days 00:17:25,0,1,0,0,0,0,0,0,0
1,17,26,Regular Play,Switzerland,3857256,0 days 00:17:26,1,0,0,0,0,0,0,0,0
1,17,27,Regular Play,Switzerland,3857256,0 days 00:17:27,0,0,0,0,0,0,1,0,0
1,17,29,Regular Play,Switzerland,3857256,0 days 00:17:29,0,0,0,0,0,0,1,0,0
1,17,35,Regular Play,Switzerland,3857256,0 days 00:17:35,0,0,1,0,0,0,0,0,0
1,17,35,Regular Play,Serbia,3857256,0 days 00:17:35,0,0,0,0,0,0,0,0,1
1,17,37,Regular Play,Serbia,3857256,0 days 00:17:37,1,0,0,0,0,0,0,0,0
1,17,49,Regular Play,Serbia,3857256,0 days 00:17:49,0,0,0,0,0,0,1,0,0
1,17,50,Regular Play,Serbia,3857256,0 days 00:17:50,0,0,0,0,0,0,1,0,0
1,17,58,Regular Play,Serbia,3857256,0 days 00:17:58,0,0,0,0,0,0,1,0,0
1,18,2,Regular Play,Switzerland,3857256,0 days 00:18:02,0,0,0,0,0,0,1,0,0
1,18,4,Regular Play,Switzerland,3857256,0 days 00:18:04,0,0,0,0,0,0,1,0,0
1,18,8,Regular Play,Serbia,3857256,0 days 00:18:08,1,0,0,0,0,0,0,0,0
1,18,10,Regular Play,Serbia,3857256,0 days 00:18:10,0,0,0,0,0,0,1,0,0
1,18,13,Regular Play,Serbia,3857256,0 days 00:18:13,0,0,0,0,0,0,1,0,0
1,18,18,Regular Play,Serbia,3857256,0 days 00:18:18,0,0,0,0,0,0,1,0,0
1,18,23,Regular Play,Serbia,3857256,0 days 00:18:23,0,0,0,0,0,0,1,0,0
1,18,28,Regular Play,Serbia,3857256,0 days 00:18:28,0,0,0,0,0,0,1,0,0
1,18,29,Regular Play,Switzerland,3857256,0 days 00:18:29,0,1,0,0,0,0,0,0,0
1,18,29,Regular Play,Switzerland,3857256,0 days 00:18:29,0,1,0,0,0,0,0,0,0
1,18,31,Regular Play,Switzerland,3857256,0 days 00:18:31,0,0,0,0,0,0,1,0,0
1,18,34,Regular Play,Serbia,3857256,0 days 00:18:34,0,0,0,0,0,0,1,0,0
1,18,36,Regular Play,Switzerland,3857256,0 days 00:18:36,1,0,0,0,0,0,0,0,0
1,18,37,Regular Play,Serbia,3857256,0 days 00:18:37,0,0,0,0,1,0,0,0,0
1,18,53,From Free Kick,Switzerland,3857256,0 days 00:18:53,0,0,0,0,0,0,1,0,0
1,18,55,From Free Kick,Switzerland,3857256,0 days 00:18:55,0,0,0,0,0,0,1,0,0
1,18,59,From Free Kick,Switzerland,3857256,0 days 00:18:59,0,0,0,0,0,0,1,0,0
1,19,1,From Free Kick,Switzerland,3857256,0 days 00:19:01,0,0,0,0,0,0,1,0,0
1,19,8,From Free Kick,Switzerland,3857256,0 days 00:19:08,0,0,0,0,0,0,1,0,0
1,19,8,From Free Kick,Serbia,3857256,0 days 00:19:08,0,1,0,0,0,0,0,0,0
1,19,9,From Free Kick,Switzerland,3857256,0 days 00:19:09,1,0,0,0,0,0,0,0,0
1,19,10,From Free Kick,Switzerland,3857256,0 days 00:19:10,0,0,0,0,0,0,1,0,0
1,19,11,From Free Kick,Switzerland,3857256,0 days 00:19:11,0,0,0,0,0,0,0,1,0
1,20,34,From Kick Off,Serbia,3857256,0 days 00:20:34,0,0,0,0,0,0,1,0,0
1,20,36,From Kick Off,Serbia,3857256,0 days 00:20:36,0,0,0,0,0,0,1,0,0
1,20,38,From Kick Off,Serbia,3857256,0 days 00:20:38,0,0,0,0,0,0,1,0,0
1,20,42,From Kick Off,Serbia,3857256,0 days 00:20:42,0,0,0,0,0,0,1,0,0
1,20,45,From Kick Off,Serbia,3857256,0 days 00:20:45,0,0,0,0,0,0,1,0,0
1,20,48,From Kick Off,Switzerland,3857256,0 days 00:20:48,0,0,0,0,0,0,1,0,0
1,20,50,From Kick Off,Serbia,3857256,0 days 00:20:50,0,0,0,0,0,0,1,0,0
1,20,54,From Kick Off,Serbia,3857256,0 days 00:20:54,0,0,1,0,0,0,0,0,0
1,20,54,Regular Play,Switzerland,3857256,0 days 00:20:54,0,0,0,0,0,0,0,0,1
1,20,55,Regular Play,Switzerland,3857256,0 days 00:20:55,0,0,0,0,0,0,1,0,0
1,20,58,Regular Play,Switzerland,3857256,0 days 00:20:58,0,0,0,0,0,0,1,0,0
1,21,3,Regular Play,Switzerland,3857256,0 days 00:21:03,0,0,0,0,0,0,1,0,0
1,21,7,Regular Play,Switzerland,3857256,0 days 00:21:07,0,0,0,0,0,0,1,0,0
1,21,10,Regular Play,Switzerland,3857256,0 days 00:21:10,0,0,0,0,0,0,1,0,0
1,21,11,Regular Play,Switzerland,3857256,0 days 00:21:11,0,0,0,0,0,0,0,1,0
1,21,23,From Keeper,Serbia,3857256,0 days 00:21:23,0,0,0,0,0,0,1,0,0
1,21,26,From Keeper,Serbia,3857256,0 days 00:21:26,0,0,0,0,0,0,1,0,0
1,21,32,From Keeper,Serbia,3857256,0 days 00:21:32,0,0,0,0,0,0,1,0,0
1,21,35,From Keeper,Serbia,3857256,0 days 00:21:35,0,0,1,0,0,0,0,0,0
1,21,35,From Keeper,Switzerland,3857256,0 days 00:21:35,0,0,0,0,0,0,0,0,1
1,21,36,From Keeper,Switzerland,3857256,0 days 00:21:36,0,0,0,0,1,0,0,0,0
1,21,40,From Free Kick,Serbia,3857256,0 days 00:21:40,0,0,0,0,0,0,1,0,0
1,21,43,From Free Kick,Serbia,3857256,0 days 00:21:43,0,0,0,0,0,0,1,0,0
1,21,47,From Free Kick,Serbia,3857256,0 days 00:21:47,0,0,0,0,0,0,1,0,0
1,21,51,From Free Kick,Serbia,3857256,0 days 00:21:51,0,0,0,0,0,0,1,0,0
1,21,53,From Free Kick,Serbia,3857256,0 days 00:21:53,0,0,0,0,0,0,1,0,0
1,12,0,From Corner,Australia,3857257,0 days 00:12:00,0,1,0,0,0,0,0,0,0
1,12,10,From Throw In,Denmark,3857257,0 days 00:12:10,0,0,0,0,0,0,1,0,0
1,12,18,From Throw In,Denmark,3857257,0 days 00:12:18,0,0,0,0,0,0,1,0,0
1,12,22,From Throw In,Denmark,3857257,0 days 00:12:22,0,0,0,0,0,0,1,0,0
1,12,25,From Throw In,Denmark,3857257,0 days 00:12:25,0,0,0,0,0,0,1,0,0
1,12,26,From Throw In,Denmark,3857257,0 days 00:12:26,0,0,0,0,0,0,1,0,0
1,12,29,From Throw In,Denmark,3857257,0 days 00:12:29,0,0,0,0,0,0,1,0,0
1,12,31,From Throw In,Denmark,3857257,0 days 00:12:31,0,0,0,0,0,0,1,0,0
1,12,33,From Throw In,Denmark,3857257,0 days 00:12:33,0,0,0,0,0,0,1,0,0
1,12,35,From Throw In,Denmark,3857257,0 days 00:12:35,0,0,0,0,0,0,1,0,0
1,12,38,From Throw In,Denmark,3857257,0 days 00:12:38,0,0,0,0,0,0,1,0,0
1,12,44,From Throw In,Denmark,3857257,0 days 00:12:44,0,0,0,0,0,0,1,0,0
1,12,46,From Throw In,Denmark,3857257,0 days 00:12:46,0,0,0,0,0,0,1,0,0
1,12,49,From Throw In,Denmark,3857257,0 days 00:12:49,0,0,0,0,0,0,1,0,0
1,12,50,From Throw In,Denmark,3857257,0 days 00:12:50,0,0,0,0,0,0,1,0,0
1,12,54,From Throw In,Denmark,3857257,0 days 00:12:54,0,0,0,0,0,0,1,0,0
1,12,56,From Throw In,Denmark,3857257,0 days 00:12:56,0,0,0,1,0,0,0,0,0
1,12,56,From Throw In,Australia,3857257,0 days 00:12:56,0,0,0,0,0,0,0,0,1
1,13,2,From Throw In,Denmark,3857257,0 days 00:13:02,0,0,0,0,0,0,1,0,0
1,13,7,From Throw In,Denmark,3857257,0 days 00:13:07,0,0,0,0,0,0,1,0,0
1,13,13,From Throw In,Denmark,3857257,0 days 00:13:13,0,0,0,0,0,0,1,0,0
1,13,22,From Throw In,Denmark,3857257,0 days 00:13:22,0,0,0,0,0,0,1,0,0
1,13,28,From Throw In,Denmark,3857257,0 days 00:13:28,0,0,0,0,0,0,1,0,0
1,13,30,From Throw In,Denmark,3857257,0 days 00:13:30,0,0,0,0,0,0,1,0,0
1,13,33,From Throw In,Denmark,3857257,0 days 00:13:33,0,0,0,0,0,0,0,1,0
1,13,54,From Goal Kick,Australia,3857257,0 days 00:13:54,0,0,0,0,0,0,1,0,0
1,13,57,From Goal Kick,Australia,3857257,0 days 00:13:57,0,0,0,0,0,0,1,0,0
1,14,0,From Goal Kick,Australia,3857257,0 days 00:14:00,0,0,0,0,0,0,1,0,0
1,14,2,From Goal Kick,Australia,3857257,0 days 00:14:02,0,0,0,0,0,0,1,0,0
1,14,4,From Goal Kick,Australia,3857257,0 days 00:14:04,0,0,0,0,0,0,1,0,0
1,14,7,From Goal Kick,Australia,3857257,0 days 00:14:07,0,0,0,0,0,0,1,0,0
1,14,10,From Goal Kick,Australia,3857257,0 days 00:14:10,0,0,0,0,0,0,1,0,0
1,14,14,From Goal Kick,Australia,3857257,0 days 00:14:14,0,0,0,0,0,0,1,0,0
1,14,16,Regular Play,Denmark,3857257,0 days 00:14:16,0,0,0,0,0,0,1,0,0
1,14,17,Regular Play,Denmark,3857257,0 days 00:14:17,0,0,0,0,0,0,1,0,0
1,14,19,Regular Play,Denmark,3857257,0 days 00:14:19,0,0,0,0,0,0,1,0,0
1,14,20,Regular Play,Denmark,3857257,0 days 00:14:20,0,0,0,1,0,0,0,0,0
1,14,20,Regular Play,Australia,3857257,0 days 00:14:20,0,0,0,0,0,0,0,0,1
1,14,22,Regular Play,Australia,3857257,0 days 00:14:22,0,0,0,0,0,0,1,0,0
1,14,33,From Throw In,Denmark,3857257,0 days 00:14:33,0,0,0,0,0,0,1,0,0
1,14,34,From Throw In,Denmark,3857257,0 days 00:14:34,0,0,0,0,0,0,1,0,0
1,14,35,From Throw In,Denmark,3857257,0 days 00:14:35,0,0,0,1,0,0,0,0,0
1,14,35,From Throw In,Australia,3857257,0 days 00:14:35,0,0,0,0,0,0,0,0,1
1,14,43,From Throw In,Denmark,3857257,0 days 00:14:43,0,0,0,0,0,0,1,0,0
1,14,47,From Throw In,Denmark,3857257,0 days 00:14:47,0,0,0,0,0,0,1,0,0
1,14,51,From Throw In,Denmark,3857257,0 days 00:14:51,0,0,0,0,0,0,1,0,0
1,14,54,From Throw In,Denmark,3857257,0 days 00:14:54,0,0,0,0,0,0,1,0,0
1,15,17,From Throw In,Australia,3857257,0 days 00:15:17,0,0,0,0,0,0,1,0,0
1,15,19,From Throw In,Australia,3857257,0 days 00:15:19,0,0,0,0,0,0,1,0,0
1,15,21,From Throw In,Australia,3857257,0 days 00:15:21,0,0,0,0,0,0,1,0,0
1,15,24,From Throw In,Australia,3857257,0 days 00:15:24,0,0,0,0,0,0,1,0,0
1,15,28,From Throw In,Australia,3857257,0 days 00:15:28,0,0,0,0,0,0,1,0,0
1,15,29,From Throw In,Denmark,3857257,0 days 00:15:29,0,1,0,0,0,0,0,0,0
1,15,31,From Throw In,Australia,3857257,0 days 00:15:31,0,0,0,0,0,0,1,0,0
1,15,34,Regular Play,Denmark,3857257,0 days 00:15:34,1,0,0,0,0,0,0,0,0
1,15,36,Regular Play,Denmark,3857257,0 days 00:15:36,0,0,0,0,0,0,1,0,0
1,15,41,Regular Play,Denmark,3857257,0 days 00:15:41,0,0,0,0,0,0,1,0,0
1,15,43,Regular Play,Denmark,3857257,0 days 00:15:43,0,0,0,0,0,0,1,0,0
1,15,48,Regular Play,Denmark,3857257,0 days 00:15:48,0,0,0,0,0,0,1,0,0
1,15,50,Regular Play,Denmark,3857257,0 days 00:15:50,0,0,0,0,0,0,1,0,0
1,15,52,Regular Play,Denmark,3857257,0 days 00:15:52,0,0,0,0,0,0,1,0,0
1,15,53,Regular Play,Denmark,3857257,0 days 00:15:53,0,0,0,0,0,0,1,0,0
1,15,55,Regular Play,Denmark,3857257,0 days 00:15:55,0,0,0,0,0,0,1,0,0
1,15,59,Regular Play,Denmark,3857257,0 days 00:15:59,0,0,0,0,0,0,1,0,0
1,16,7,Regular Play,Denmark,3857257,0 days 00:16:07,0,0,0,0,0,0,1,0,0
1,16,11,Regular Play,Denmark,3857257,0 days 00:16:11,0,0,0,0,0,0,1,0,0
1,16,11,Regular Play,Denmark,3857257,0 days 00:16:11,0,0,0,0,0,0,1,0,0
1,16,15,Regular Play,Denmark,3857257,0 days 00:16:15,0,0,0,0,0,0,1,0,0
1,16,20,Regular Play,Australia,3857257,0 days 00:16:20,1,0,0,0,0,0,0,0,0
1,16,21,Regular Play,Australia,3857257,0 days 00:16:21,0,0,0,0,0,0,1,0,0
1,16,26,Regular Play,Denmark,3857257,0 days 00:16:26,1,0,0,0,0,0,0,0,0
1,16,27,Regular Play,Australia,3857257,0 days 00:16:27,0,0,0,0,1,0,0,0,0
1,17,7,From Free Kick,Denmark,3857257,0 days 00:17:07,0,0,0,0,0,0,1,0,0
1,17,19,From Free Kick,Australia,3857257,0 days 00:17:19,0,0,0,0,0,0,1,0,0
1,17,23,From Free Kick,Denmark,3857257,0 days 00:17:23,0,0,0,0,0,0,1,0,0
1,17,25,From Free Kick,Australia,3857257,0 days 00:17:25,0,0,0,0,0,0,1,0,0
1,17,27,Regular Play,Denmark,3857257,0 days 00:17:27,0,0,0,0,0,0,1,0,0
1,17,29,Regular Play,Denmark,3857257,0 days 00:17:29,0,0,0,0,0,0,1,0,0
1,17,34,Regular Play,Denmark,3857257,0 days 00:17:34,0,0,0,0,0,0,1,0,0
1,17,35,Regular Play,Denmark,3857257,0 days 00:17:35,0,0,0,0,0,0,1,0,0
1,17,39,Regular Play,Denmark,3857257,0 days 00:17:39,0,0,0,0,0,0,1,0,0
1,17,42,Regular Play,Denmark,3857257,0 days 00:17:42,0,0,0,0,0,0,1,0,0
1,17,46,Regular Play,Denmark,3857257,0 days 00:17:46,0,0,0,0,0,0,1,0,0
1,17,48,Regular Play,Denmark,3857257,0 days 00:17:48,0,0,0,0,0,0,1,0,0
1,17,49,Regular Play,Australia,3857257,0 days 00:17:49,0,0,0,0,0,0,1,0,0
1,17,53,Regular Play,Australia,3857257,0 days 00:17:53,0,0,0,0,0,0,1,0,0
1,17,57,Regular Play,Australia,3857257,0 days 00:17:57,0,0,0,0,0,0,1,0,0
1,17,58,Regular Play,Denmark,3857257,0 days 00:17:58,0,0,0,0,0,1,0,0,0
1,18,0,Regular Play,Denmark,3857257,0 days 00:18:00,1,0,0,0,0,0,0,0,0
1,18,1,Regular Play,Denmark,3857257,0 days 00:18:01,0,0,0,0,0,0,1,0,0
1,18,5,Regular Play,Denmark,3857257,0 days 00:18:05,0,0,0,0,0,0,1,0,0
1,18,8,Regular Play,Denmark,3857257,0 days 00:18:08,0,0,0,0,0,0,1,0,0
1,18,11,Regular Play,Denmark,3857257,0 days 00:18:11,0,0,0,0,0,0,1,0,0
1,18,11,Regular Play,Denmark,3857257,0 days 00:18:11,0,0,0,0,0,0,1,0,0
1,18,13,Regular Play,Denmark,3857257,0 days 00:18:13,0,0,0,0,0,0,1,0,0
1,18,16,Regular Play,Denmark,3857257,0 days 00:18:16,0,0,0,0,0,0,1,0,0
1,18,21,Regular Play,Denmark,3857257,0 days 00:18:21,0,0,0,0,0,0,1,0,0
1,18,25,Regular Play,Denmark,3857257,0 days 00:18:25,0,0,0,0,0,0,1,0,0
1,18,33,Regular Play,Denmark,3857257,0 days 00:18:33,0,0,0,0,0,0,1,0,0
1,18,36,Regular Play,Australia,3857257,0 days 00:18:36,0,1,0,0,0,0,0,0,0
1,18,49,From Throw In,Denmark,3857257,0 days 00:18:49,0,0,0,0,0,0,1,0,0
1,18,51,From Throw In,Denmark,3857257,0 days 00:18:51,0,0,0,0,0,0,1,0,0
1,18,52,From Throw In,Australia,3857257,0 days 00:18:52,0,0,0,0,0,1,0,0,0
1,19,8,From Throw In,Denmark,3857257,0 days 00:19:08,0,0,0,0,0,0,1,0,0
1,19,13,From Throw In,Denmark,3857257,0 days 00:19:13,0,0,0,0,0,0,1,0,0
1,19,15,From Throw In,Denmark,3857257,0 days 00:19:15,0,0,0,0,0,0,1,0,0
1,19,15,From Throw In,Denmark,3857257,0 days 00:19:15,0,0,0,0,0,0,1,0,0
1,19,17,From Throw In,Denmark,3857257,0 days 00:19:17,0,0,0,0,0,0,1,0,0
1,19,25,From Throw In,Denmark,3857257,0 days 00:19:25,0,0,0,0,0,0,1,0,0
1,19,47,From Goal Kick,Australia,3857257,0 days 00:19:47,0,0,0,0,0,0,1,0,0
1,19,50,From Goal Kick,Australia,3857257,0 days 00:19:50,0,0,0,0,0,0,1,0,0
1,19,52,Regular Play,Denmark,3857257,0 days 00:19:52,1,0,0,0,0,0,0,0,0
1,19,54,Regular Play,Denmark,3857257,0 days 00:19:54,0,0,0,0,0,0,1,0,0
1,19,55,Regular Play,Australia,3857257,0 days 00:19:55,0,0,0,0,0,1,0,0,0
1,20,4,From Throw In,Denmark,3857257,0 days 00:20:04,0,0,0,0,0,0,1,0,0
1,20,7,From Throw In,Denmark,3857257,0 days 00:20:07,0,0,0,0,0,0,1,0,0
1,20,10,From Throw In,Denmark,3857257,0 days 00:20:10,0,0,0,0,0,0,1,0,0
1,20,13,From Throw In,Denmark,3857257,0 days 00:20:13,0,0,0,0,0,0,1,0,0
1,20,15,From Throw In,Denmark,3857257,0 days 00:20:15,0,0,0,0,0,0,1,0,0
1,20,16,From Throw In,Denmark,3857257,0 days 00:20:16,0,0,0,0,0,0,1,0,0
1,20,19,From Throw In,Denmark,3857257,0 days 00:20:19,0,0,0,0,0,0,1,0,0
1,20,24,From Throw In,Denmark,3857257,0 days 00:20:24,0,0,0,0,0,0,1,0,0
1,20,26,From Throw In,Denmark,3857257,0 days 00:20:26,0,0,0,0,0,0,1,0,0
1,20,30,From Throw In,Denmark,3857257,0 days 00:20:30,0,0,1,0,0,0,0,0,0
1,20,30,From Throw In,Australia,3857257,0 days 00:20:30,0,0,0,0,0,0,0,0,1
1,20,44,From Corner,Denmark,3857257,0 days 00:20:44,0,0,0,0,0,0,1,0,0
1,20,47,From Corner,Denmark,3857257,0 days 00:20:47,0,0,0,0,0,0,1,0,0
1,20,49,From Corner,Denmark,3857257,0 days 00:20:49,0,0,0,0,1,0,0,0,0
1,21,36,From Free Kick,Australia,3857257,0 days 00:21:36,0,0,0,0,0,0,1,0,0
1,21,40,From Free Kick,Australia,3857257,0 days 00:21:40,0,0,0,0,0,0,1,0,0
1,21,41,From Free Kick,Australia,3857257,0 days 00:21:41,0,0,0,0,0,0,1,0,0
1,21,44,From Free Kick,Australia,3857257,0 days 00:21:44,0,0,0,0,0,0,0,1,0
1,21,54,From Keeper,Denmark,3857257,0 days 00:21:54,0,0,0,0,0,0,1,0,0
1,21,59,From Keeper,Denmark,3857257,0 days 00:21:59,0,0,0,0,0,0,1,0,0
1,12,1,Regular Play,Brazil,3857258,0 days 00:12:01,0,0,0,0,0,0,1,0,0
1,12,2,Regular Play,Brazil,3857258,0 days 00:12:02,0,0,0,0,0,0,1,0,0
1,12,7,Regular Play,Brazil,3857258,0 days 00:12:07,0,0,0,0,0,0,1,0,0
1,12,9,Regular Play,Brazil,3857258,0 days 00:12:09,0,0,0,0,0,0,1,0,0
1,12,11,Regular Play,Brazil,3857258,0 days 00:12:11,0,0,0,0,0,0,1,0,0
1,12,14,Regular Play,Brazil,3857258,0 days 00:12:14,0,0,0,0,0,0,1,0,0
1,12,15,Regular Play,Brazil,3857258,0 days 00:12:15,0,0,0,0,0,0,1,0,0
1,12,24,Regular Play,Brazil,3857258,0 days 00:12:24,0,0,0,1,0,0,0,0,0
1,12,24,Regular Play,Brazil,3857258,0 days 00:12:24,0,0,0,0,0,0,1,0,0
1,12,53,From Corner,Brazil,3857258,0 days 00:12:53,0,0,0,0,0,0,0,1,0
1,13,24,From Corner,Brazil,3857258,0 days 00:13:24,0,0,0,0,0,0,1,0,0
1,13,54,Regular Play,Serbia,3857258,0 days 00:13:54,1,0,0,0,0,0,0,0,0
1,14,1,Regular Play,Serbia,3857258,0 days 00:14:01,0,0,0,0,0,0,1,0,0
1,14,5,Regular Play,Serbia,3857258,0 days 00:14:05,0,0,0,0,0,0,1,0,0
1,14,11,From Throw In,Brazil,3857258,0 days 00:14:11,0,0,0,0,0,0,1,0,0
1,14,13,From Throw In,Brazil,3857258,0 days 00:14:13,0,0,0,0,0,0,1,0,0
1,14,15,From Throw In,Brazil,3857258,0 days 00:14:15,0,0,0,0,0,0,1,0,0
1,14,18,From Throw In,Brazil,3857258,0 days 00:14:18,0,0,0,0,0,0,1,0,0
1,14,20,From Throw In,Brazil,3857258,0 days 00:14:20,0,0,0,0,0,0,1,0,0
1,14,23,Regular Play,Serbia,3857258,0 days 00:14:23,1,0,0,0,0,0,0,0,0
1,14,24,Regular Play,Serbia,3857258,0 days 00:14:24,0,0,0,1,0,0,0,0,0
1,14,27,Regular Play,Serbia,3857258,0 days 00:14:27,0,0,0,0,0,0,1,0,0
1,14,30,Regular Play,Serbia,3857258,0 days 00:14:30,0,0,0,0,0,0,1,0,0
1,14,33,Regular Play,Serbia,3857258,0 days 00:14:33,0,0,0,0,0,0,1,0,0
1,14,38,Regular Play,Serbia,3857258,0 days 00:14:38,0,0,0,0,0,0,1,0,0
1,14,42,Regular Play,Serbia,3857258,0 days 00:14:42,0,0,0,0,0,0,1,0,0
1,14,51,Regular Play,Serbia,3857258,0 days 00:14:51,0,0,0,0,0,0,1,0,0
1,14,53,Regular Play,Serbia,3857258,0 days 00:14:53,0,0,0,0,0,0,1,0,0
1,14,55,Regular Play,Serbia,3857258,0 days 00:14:55,0,0,0,0,0,0,1,0,0
1,15,0,Regular Play,Serbia,3857258,0 days 00:15:00,0,0,0,0,0,0,1,0,0
1,15,2,Regular Play,Serbia,3857258,0 days 00:15:02,0,0,0,0,0,0,1,0,0
1,15,6,Regular Play,Serbia,3857258,0 days 00:15:06,0,0,0,0,0,0,1,0,0
1,15,8,Regular Play,Serbia,3857258,0 days 00:15:08,0,0,0,0,0,0,1,0,0
1,15,11,Regular Play,Serbia,3857258,0 days 00:15:11,0,0,0,0,0,0,1,0,0
1,15,14,Regular Play,Serbia,3857258,0 days 00:15:14,0,0,0,0,0,0,1,0,0
1,15,15,Regular Play,Serbia,3857258,0 days 00:15:15,0,0,0,0,0,0,1,0,0
1,15,17,Regular Play,Serbia,3857258,0 days 00:15:17,0,0,0,0,0,0,1,0,0
1,15,21,Regular Play,Brazil,3857258,0 days 00:15:21,0,0,0,0,0,0,1,0,0
1,15,25,Regular Play,Serbia,3857258,0 days 00:15:25,0,0,0,0,0,0,1,0,0
1,15,28,Regular Play,Serbia,3857258,0 days 00:15:28,0,0,0,0,0,0,1,0,0
1,15,31,Regular Play,Serbia,3857258,0 days 00:15:31,0,0,0,0,0,0,1,0,0
1,15,34,Regular Play,Serbia,3857258,0 days 00:15:34,0,0,0,0,0,0,1,0,0
1,15,36,Regular Play,Serbia,3857258,0 days 00:15:36,0,0,0,0,0,0,1,0,0
1,15,38,Regular Play,Serbia,3857258,0 days 00:15:38,0,0,0,0,0,0,1,0,0
1,15,39,Regular Play,Serbia,3857258,0 days 00:15:39,0,0,0,0,0,0,1,0,0
1,15,42,Regular Play,Serbia,3857258,0 days 00:15:42,0,0,0,0,0,0,1,0,0
1,15,45,Regular Play,Serbia,3857258,0 days 00:15:45,0,0,0,0,0,0,1,0,0
1,15,46,Regular Play,Serbia,3857258,0 days 00:15:46,0,0,0,0,0,0,1,0,0
1,15,49,Regular Play,Serbia,3857258,0 days 00:15:49,0,0,0,0,0,0,1,0,0
1,15,52,Regular Play,Serbia,3857258,0 days 00:15:52,0,0,0,0,0,0,1,0,0
1,15,54,Regular Play,Serbia,3857258,0 days 00:15:54,0,0,0,0,0,0,1,0,0
1,15,57,Regular Play,Brazil,3857258,0 days 00:15:57,0,0,0,0,1,0,0,0,0
1,16,4,From Free Kick,Serbia,3857258,0 days 00:16:04,0,0,0,0,0,0,1,0,0
1,16,8,From Free Kick,Serbia,3857258,0 days 00:16:08,0,0,0,0,0,0,1,0,0
1,16,11,From Free Kick,Serbia,3857258,0 days 00:16:11,0,0,0,0,0,0,1,0,0
1,16,14,From Free Kick,Serbia,3857258,0 days 00:16:14,0,0,0,0,0,0,1,0,0
1,16,15,Regular Play,Brazil,3857258,0 days 00:16:15,0,0,0,0,0,0,1,0,0
1,16,17,Regular Play,Brazil,3857258,0 days 00:16:17,0,0,0,0,0,0,1,0,0
1,16,21,Regular Play,Brazil,3857258,0 days 00:16:21,0,0,0,0,0,0,1,0,0
1,16,23,Regular Play,Brazil,3857258,0 days 00:16:23,0,0,0,0,0,0,1,0,0
1,16,25,Regular Play,Brazil,3857258,0 days 00:16:25,0,0,0,0,0,0,1,0,0
1,16,30,Regular Play,Brazil,3857258,0 days 00:16:30,0,0,0,0,0,0,1,0,0
1,16,37,Regular Play,Brazil,3857258,0 days 00:16:37,0,0,0,0,0,0,1,0,0
1,16,41,Regular Play,Serbia,3857258,0 days 00:16:41,0,0,0,0,1,0,0,0,0
1,16,49,From Free Kick,Brazil,3857258,0 days 00:16:49,0,0,0,0,0,0,1,0,0
1,16,54,From Free Kick,Brazil,3857258,0 days 00:16:54,0,0,0,0,0,0,1,0,0
1,16,55,From Free Kick,Brazil,3857258,0 days 00:16:55,0,0,0,0,0,0,1,0,0
1,16,57,Regular Play,Serbia,3857258,0 days 00:16:57,1,0,0,0,0,0,0,0,0
1,16,58,Regular Play,Serbia,3857258,0 days 00:16:58,0,0,0,0,0,0,1,0,0
1,17,0,Regular Play,Serbia,3857258,0 days 00:17:00,0,0,0,0,0,0,1,0,0
1,17,1,Regular Play,Serbia,3857258,0 days 00:17:01,0,0,0,0,0,0,1,0,0
1,17,2,Regular Play,Serbia,3857258,0 days 00:17:02,0,0,0,0,0,0,1,0,0
1,17,3,Regular Play,Serbia,3857258,0 days 00:17:03,0,0,0,0,0,0,1,0,0
1,17,6,Regular Play,Serbia,3857258,0 days 00:17:06,0,0,0,0,0,0,1,0,0
1,17,8,Regular Play,Serbia,3857258,0 days 00:17:08,0,0,0,0,0,0,1,0,0
1,17,8,Regular Play,Serbia,3857258,0 days 00:17:08,0,0,0,0,0,0,1,0,0
1,17,11,Regular Play,Serbia,3857258,0 days 00:17:11,0,0,0,0,0,0,1,0,0
1,17,17,Regular Play,Serbia,3857258,0 days 00:17:17,0,0,0,0,0,0,1,0,0
1,17,21,Regular Play,Serbia,3857258,0 days 00:17:21,0,0,0,0,0,0,1,0,0
1,17,23,Regular Play,Serbia,3857258,0 days 00:17:23,0,0,0,0,0,0,1,0,0
1,17,28,Regular Play,Serbia,3857258,0 days 00:17:28,0,0,0,0,0,0,1,0,0
1,17,31,Regular Play,Serbia,3857258,0 days 00:17:31,0,0,0,0,0,0,1,0,0
1,17,34,Regular Play,Serbia,3857258,0 days 00:17:34,0,0,0,0,0,0,1,0,0
1,17,39,Regular Play,Serbia,3857258,0 days 00:17:39,0,0,0,0,0,0,1,0,0
1,17,42,Regular Play,Serbia,3857258,0 days 00:17:42,0,0,0,0,0,0,1,0,0
1,17,44,Regular Play,Serbia,3857258,0 days 00:17:44,0,0,0,0,0,0,1,0,0
1,18,2,From Throw In,Brazil,3857258,0 days 00:18:02,0,0,0,0,0,0,1,0,0
1,18,5,From Throw In,Serbia,3857258,0 days 00:18:05,0,0,0,0,1,0,0,0,0
1,18,43,From Free Kick,Brazil,3857258,0 days 00:18:43,0,0,0,0,0,0,1,0,0
1,18,47,From Free Kick,Brazil,3857258,0 days 00:18:47,0,0,0,1,0,0,0,0,0
1,18,47,From Free Kick,Serbia,3857258,0 days 00:18:47,0,0,0,0,0,0,0,0,1
1,18,49,From Free Kick,Brazil,3857258,0 days 00:18:49,0,0,0,0,0,0,1,0,0
1,18,51,From Free Kick,Brazil,3857258,0 days 00:18:51,0,0,1,0,0,0,0,0,0
1,18,51,From Free Kick,Serbia,3857258,0 days 00:18:51,0,0,0,0,0,0,0,0,1
1,18,55,From Throw In,Brazil,3857258,0 days 00:18:55,0,0,0,0,0,0,1,0,0
1,18,57,From Throw In,Brazil,3857258,0 days 00:18:57,0,0,0,0,0,0,1,0,0
1,19,6,From Throw In,Brazil,3857258,0 days 00:19:06,0,0,0,0,0,0,1,0,0
1,19,9,From Throw In,Brazil,3857258,0 days 00:19:09,0,0,0,0,0,0,1,0,0
1,19,14,From Throw In,Brazil,3857258,0 days 00:19:14,0,0,0,0,0,0,1,0,0
1,19,16,From Throw In,Brazil,3857258,0 days 00:19:16,0,0,0,0,0,0,1,0,0
1,19,18,From Throw In,Serbia,3857258,0 days 00:19:18,1,0,0,0,0,0,0,0,0
1,19,19,From Throw In,Serbia,3857258,0 days 00:19:19,0,0,0,0,0,0,1,0,0
1,19,21,From Throw In,Brazil,3857258,0 days 00:19:21,0,0,0,0,0,0,1,0,0
1,19,22,From Throw In,Brazil,3857258,0 days 00:19:22,0,0,0,0,0,0,1,0,0
1,19,24,From Throw In,Brazil,3857258,0 days 00:19:24,0,0,0,0,0,0,1,0,0
1,19,31,From Throw In,Brazil,3857258,0 days 00:19:31,0,0,0,0,0,0,1,0,0
1,19,35,From Throw In,Brazil,3857258,0 days 00:19:35,0,0,0,0,0,0,1,0,0
1,19,38,From Throw In,Brazil,3857258,0 days 00:19:38,0,0,0,0,0,0,1,0,0
1,19,42,From Throw In,Brazil,3857258,0 days 00:19:42,0,0,0,0,0,0,1,0,0
1,19,45,From Throw In,Brazil,3857258,0 days 00:19:45,0,0,0,0,0,0,1,0,0
1,19,47,Regular Play,Serbia,3857258,0 days 00:19:47,0,0,0,0,0,0,1,0,0
1,19,49,Regular Play,Serbia,3857258,0 days 00:19:49,0,0,0,0,0,0,1,0,0
1,19,50,Regular Play,Brazil,3857258,0 days 00:19:50,0,0,0,0,0,0,1,0,0
1,19,51,Regular Play,Brazil,3857258,0 days 00:19:51,0,0,0,0,0,0,1,0,0
1,19,52,Regular Play,Serbia,3857258,0 days 00:19:52,0,0,0,0,0,1,0,0,0
1,19,54,Regular Play,Brazil,3857258,0 days 00:19:54,0,0,0,0,0,0,1,0,0
1,19,58,Regular Play,Brazil,3857258,0 days 00:19:58,0,0,0,0,0,0,1,0,0
1,20,3,Regular Play,Brazil,3857258,0 days 00:20:03,0,0,0,0,0,0,1,0,0
1,20,6,Regular Play,Brazil,3857258,0 days 00:20:06,0,0,0,0,0,0,0,1,0
1,20,10,Regular Play,Brazil,3857258,0 days 00:20:10,0,0,0,0,0,0,1,0,0
1,20,12,Regular Play,Serbia,3857258,0 days 00:20:12,0,0,0,0,0,0,1,0,0
1,20,15,Regular Play,Brazil,3857258,0 days 00:20:15,0,0,0,0,0,0,1,0,0
1,20,19,Regular Play,Brazil,3857258,0 days 00:20:19,0,0,0,0,0,0,1,0,0
1,20,20,Regular Play,Brazil,3857258,0 days 00:20:20,0,0,0,0,0,0,1,0,0
1,20,22,Regular Play,Brazil,3857258,0 days 00:20:22,0,0,0,0,0,0,1,0,0
1,20,25,Regular Play,Brazil,3857258,0 days 00:20:25,0,0,0,0,0,0,1,0,0
1,20,27,Regular Play,Brazil,3857258,0 days 00:20:27,0,0,0,0,0,0,1,0,0
1,20,30,Regular Play,Brazil,3857258,0 days 00:20:30,0,0,0,0,0,0,1,0,0
1,20,33,Regular Play,Brazil,3857258,0 days 00:20:33,0,0,0,0,0,0,1,0,0
1,20,35,Regular Play,Brazil,3857258,0 days 00:20:35,0,0,0,0,0,0,1,0,0
1,20,38,Regular Play,Brazil,3857258,0 days 00:20:38,0,0,0,0,0,0,1,0,0
1,20,40,Regular Play,Brazil,3857258,0 days 00:20:40,0,0,0,0,0,0,1,0,0
1,20,41,Regular Play,Brazil,3857258,0 days 00:20:41,0,0,0,0,0,0,1,0,0
1,20,44,Regular Play,Brazil,3857258,0 days 00:20:44,0,0,0,0,0,0,1,0,0
1,20,49,Regular Play,Brazil,3857258,0 days 00:20:49,0,0,0,0,0,0,1,0,0
1,20,51,Regular Play,Brazil,3857258,0 days 00:20:51,0,0,0,0,0,0,0,1,0
1,21,16,From Keeper,Serbia,3857258,0 days 00:21:16,0,0,0,0,0,0,1,0,0
1,21,17,From Keeper,Serbia,3857258,0 days 00:21:17,0,0,0,0,0,0,1,0,0
1,21,19,Regular Play,Brazil,3857258,0 days 00:21:19,0,0,0,0,0,0,1,0,0
1,21,22,Regular Play,Brazil,3857258,0 days 00:21:22,0,0,0,0,0,0,1,0,0
1,21,24,Regular Play,Brazil,3857258,0 days 00:21:24,0,0,0,0,0,0,1,0,0
1,21,28,Regular Play,Brazil,3857258,0 days 00:21:28,0,0,0,0,0,0,1,0,0
1,21,29,Regular Play,Serbia,3857258,0 days 00:21:29,0,0,0,0,0,1,0,0,0
1,21,31,Regular Play,Serbia,3857258,0 days 00:21:31,0,0,0,0,0,0,1,0,0
1,21,36,Regular Play,Serbia,3857258,0 days 00:21:36,0,0,0,0,0,0,1,0,0
1,21,43,Regular Play,Serbia,3857258,0 days 00:21:43,0,0,0,0,0,0,1,0,0
1,21,44,Regular Play,Brazil,3857258,0 days 00:21:44,0,0,0,0,0,0,1,0,0
1,21,48,Regular Play,Brazil,3857258,0 days 00:21:48,0,0,0,0,0,0,1,0,0
1,21,49,Regular Play,Brazil,3857258,0 days 00:21:49,0,0,0,0,0,0,1,0,0
1,21,57,Regular Play,Brazil,3857258,0 days 00:21:57,0,0,0,1,0,0,0,0,0
1,21,57,Regular Play,Serbia,3857258,0 days 00:21:57,0,0,0,0,0,0,0,0,1
1,13,12,From Free Kick,Cameroon,3857259,0 days 00:13:12,0,0,0,0,0,0,1,0,0
1,13,14,From Free Kick,Cameroon,3857259,0 days 00:13:14,0,0,0,0,0,0,1,0,0
1,13,18,From Free Kick,Cameroon,3857259,0 days 00:13:18,0,0,0,0,0,0,1,0,0
1,13,21,From Free Kick,Serbia,3857259,0 days 00:13:21,0,1,0,0,0,0,0,0,0
1,13,22,Regular Play,Serbia,3857259,0 days 00:13:22,1,0,0,0,0,0,0,0,0
1,13,23,Regular Play,Serbia,3857259,0 days 00:13:23,0,0,0,0,0,0,1,0,0
1,13,24,Regular Play,Serbia,3857259,0 days 00:13:24,0,0,0,1,0,0,0,0,0
1,13,25,Regular Play,Cameroon,3857259,0 days 00:13:25,0,0,0,0,1,0,0,0,0
1,13,36,From Free Kick,Serbia,3857259,0 days 00:13:36,0,0,0,0,0,0,1,0,0
1,13,40,From Free Kick,Serbia,3857259,0 days 00:13:40,0,0,0,0,0,0,1,0,0
1,13,46,From Free Kick,Serbia,3857259,0 days 00:13:46,0,0,0,0,0,0,1,0,0
1,13,51,From Free Kick,Serbia,3857259,0 days 00:13:51,0,0,0,0,0,0,1,0,0
1,13,54,From Free Kick,Serbia,3857259,0 days 00:13:54,0,0,0,0,0,0,1,0,0
1,13,58,From Free Kick,Serbia,3857259,0 days 00:13:58,0,0,0,0,0,0,1,0,0
1,14,1,From Free Kick,Serbia,3857259,0 days 00:14:01,0,0,0,0,0,0,1,0,0
1,14,5,Regular Play,Cameroon,3857259,0 days 00:14:05,1,0,0,0,0,0,0,0,0
1,14,17,Regular Play,Cameroon,3857259,0 days 00:14:17,0,0,0,0,0,0,1,0,0
1,14,21,Regular Play,Cameroon,3857259,0 days 00:14:21,0,0,0,0,0,0,1,0,0
1,14,23,Regular Play,Serbia,3857259,0 days 00:14:23,0,0,0,0,1,0,0,0,0
1,15,3,From Free Kick,Cameroon,3857259,0 days 00:15:03,0,0,0,0,0,0,1,0,0
1,15,5,From Free Kick,Cameroon,3857259,0 days 00:15:05,0,0,0,0,0,0,1,0,0
1,15,9,From Free Kick,Cameroon,3857259,0 days 00:15:09,0,0,0,0,0,0,1,0,0
1,15,10,From Free Kick,Cameroon,3857259,0 days 00:15:10,0,0,0,0,0,0,1,0,0
1,15,11,From Free Kick,Cameroon,3857259,0 days 00:15:11,0,0,0,0,0,0,1,0,0
1,15,11,From Free Kick,Cameroon,3857259,0 days 00:15:11,0,0,0,0,0,0,0,1,0
1,15,45,From Goal Kick,Serbia,3857259,0 days 00:15:45,0,0,0,0,0,0,1,0,0
1,15,49,From Goal Kick,Cameroon,3857259,0 days 00:15:49,0,1,0,0,0,0,0,0,0
1,16,4,From Throw In,Serbia,3857259,0 days 00:16:04,0,0,0,0,0,0,1,0,0
1,16,7,From Throw In,Serbia,3857259,0 days 00:16:07,0,0,0,0,0,0,1,0,0
1,16,10,From Throw In,Serbia,3857259,0 days 00:16:10,0,0,0,0,0,0,1,0,0
1,16,15,From Throw In,Serbia,3857259,0 days 00:16:15,0,0,0,0,0,0,1,0,0
1,16,18,From Throw In,Serbia,3857259,0 days 00:16:18,0,0,0,0,0,0,1,0,0
1,16,19,From Throw In,Cameroon,3857259,0 days 00:16:19,0,1,0,0,0,0,0,0,0
1,16,20,From Throw In,Cameroon,3857259,0 days 00:16:20,1,0,0,0,0,0,0,0,0
1,16,21,From Throw In,Serbia,3857259,0 days 00:16:21,1,0,0,0,0,0,0,0,0
1,16,22,From Throw In,Serbia,3857259,0 days 00:16:22,0,0,0,0,0,0,0,1,0
1,17,0,From Goal Kick,Cameroon,3857259,0 days 00:17:00,0,0,0,0,0,0,1,0,0
1,17,2,From Goal Kick,Cameroon,3857259,0 days 00:17:02,0,0,0,0,0,0,1,0,0
1,17,6,From Goal Kick,Serbia,3857259,0 days 00:17:06,0,0,0,0,0,0,1,0,0
1,17,7,From Goal Kick,Serbia,3857259,0 days 00:17:07,0,0,0,0,0,0,1,0,0
1,17,28,From Throw In,Cameroon,3857259,0 days 00:17:28,0,0,0,0,0,0,1,0,0
1,17,34,From Throw In,Cameroon,3857259,0 days 00:17:34,0,0,0,0,0,0,1,0,0
1,17,36,From Throw In,Cameroon,3857259,0 days 00:17:36,0,0,0,0,0,0,1,0,0
1,17,39,From Throw In,Cameroon,3857259,0 days 00:17:39,0,0,0,0,0,0,1,0,0
1,17,41,From Throw In,Cameroon,3857259,0 days 00:17:41,0,0,0,0,0,0,1,0,0
1,17,45,From Throw In,Cameroon,3857259,0 days 00:17:45,0,0,0,0,0,0,1,0,0
1,18,9,From Goal Kick,Serbia,3857259,0 days 00:18:09,0,0,0,0,0,0,1,0,0
1,18,12,From Goal Kick,Serbia,3857259,0 days 00:18:12,0,0,0,0,0,0,1,0,0
1,18,14,From Goal Kick,Cameroon,3857259,0 days 00:18:14,0,1,0,0,0,0,0,0,0
1,18,16,Regular Play,Cameroon,3857259,0 days 00:18:16,0,0,0,0,0,0,1,0,0
1,18,19,Regular Play,Cameroon,3857259,0 days 00:18:19,0,0,0,0,0,0,1,0,0
1,18,20,Regular Play,Cameroon,3857259,0 days 00:18:20,0,0,0,0,0,0,1,0,0
1,18,23,Regular Play,Cameroon,3857259,0 days 00:18:23,0,0,0,0,0,0,1,0,0
1,18,26,Regular Play,Cameroon,3857259,0 days 00:18:26,0,0,0,0,0,0,1,0,0
1,18,28,Regular Play,Cameroon,3857259,0 days 00:18:28,0,0,0,0,0,0,1,0,0
1,18,31,Regular Play,Cameroon,3857259,0 days 00:18:31,0,0,0,0,0,0,1,0,0
1,18,31,Regular Play,Cameroon,3857259,0 days 00:18:31,0,0,0,0,0,0,1,0,0
1,18,37,Regular Play,Cameroon,3857259,0 days 00:18:37,0,0,0,0,0,0,0,1,0
1,19,26,From Corner,Cameroon,3857259,0 days 00:19:26,0,0,0,0,0,0,1,0,0
1,19,29,From Corner,Cameroon,3857259,0 days 00:19:29,0,0,0,0,0,0,1,0,0
1,19,31,From Corner,Cameroon,3857259,0 days 00:19:31,0,0,0,0,0,0,0,1,0
1,19,33,Regular Play,Serbia,3857259,0 days 00:19:33,1,0,0,0,0,0,0,0,0
1,19,33,Regular Play,Serbia,3857259,0 days 00:19:33,0,0,0,1,0,0,0,0,0
1,19,35,Regular Play,Cameroon,3857259,0 days 00:19:35,0,0,0,0,1,0,0,0,0
1,19,52,From Free Kick,Serbia,3857259,0 days 00:19:52,0,0,0,0,0,0,1,0,0
1,19,59,From Free Kick,Serbia,3857259,0 days 00:19:59,0,0,0,0,0,0,1,0,0
1,20,6,From Free Kick,Serbia,3857259,0 days 00:20:06,0,0,0,0,0,0,1,0,0
1,20,8,From Free Kick,Serbia,3857259,0 days 00:20:08,0,0,0,0,0,0,1,0,0
1,20,10,From Free Kick,Serbia,3857259,0 days 00:20:10,0,0,0,0,0,0,1,0,0
1,20,13,From Free Kick,Serbia,3857259,0 days 00:20:13,0,0,0,0,0,0,1,0,0
1,20,15,From Free Kick,Serbia,3857259,0 days 00:20:15,0,0,0,0,0,0,1,0,0
1,20,18,From Free Kick,Serbia,3857259,0 days 00:20:18,0,0,0,0,0,0,1,0,0
1,20,22,From Free Kick,Serbia,3857259,0 days 00:20:22,0,0,0,0,0,0,1,0,0
1,20,26,From Free Kick,Serbia,3857259,0 days 00:20:26,0,0,0,0,0,0,1,0,0
1,20,30,From Free Kick,Serbia,3857259,0 days 00:20:30,0,0,0,0,0,0,1,0,0
1,20,31,From Free Kick,Serbia,3857259,0 days 00:20:31,0,0,0,0,0,0,1,0,0
1,20,32,From Free Kick,Cameroon,3857259,0 days 00:20:32,0,1,0,0,0,0,0,0,0
1,12,58,From Free Kick,Saudi Arabia,3857260,0 days 00:12:58,0,0,0,0,0,0,0,1,0
1,13,9,From Goal Kick,Mexico,3857260,0 days 00:13:09,0,0,0,0,0,0,1,0,0
1,13,15,From Goal Kick,Mexico,3857260,0 days 00:13:15,0,0,0,0,0,0,1,0,0
1,13,18,From Goal Kick,Mexico,3857260,0 days 00:13:18,0,0,0,0,0,0,1,0,0
1,13,20,From Goal Kick,Mexico,3857260,0 days 00:13:20,0,0,0,0,0,0,1,0,0
1,13,24,From Goal Kick,Mexico,3857260,0 days 00:13:24,0,0,0,0,0,0,1,0,0
1,13,29,From Goal Kick,Mexico,3857260,0 days 00:13:29,0,0,0,0,0,0,1,0,0
1,13,32,From Goal Kick,Mexico,3857260,0 days 00:13:32,0,0,0,0,0,0,1,0,0
1,13,36,From Goal Kick,Mexico,3857260,0 days 00:13:36,0,0,0,0,0,0,1,0,0
1,13,40,From Goal Kick,Saudi Arabia,3857260,0 days 00:13:40,0,1,0,0,0,0,0,0,0
1,13,47,From Goal Kick,Mexico,3857260,0 days 00:13:47,1,0,0,0,0,0,0,0,0
1,13,50,From Goal Kick,Mexico,3857260,0 days 00:13:50,0,0,0,0,0,0,1,0,0
1,13,52,From Goal Kick,Mexico,3857260,0 days 00:13:52,0,0,0,0,0,0,1,0,0
1,13,56,From Goal Kick,Mexico,3857260,0 days 00:13:56,0,0,0,0,0,0,1,0,0
1,13,58,From Goal Kick,Mexico,3857260,0 days 00:13:58,0,0,0,0,0,0,1,0,0
1,13,59,From Goal Kick,Mexico,3857260,0 days 00:13:59,0,0,0,0,0,0,1,0,0
1,14,0,From Goal Kick,Mexico,3857260,0 days 00:14:00,0,0,0,0,0,0,1,0,0
1,14,3,From Goal Kick,Mexico,3857260,0 days 00:14:03,0,0,0,0,0,0,1,0,0
1,14,20,From Keeper,Saudi Arabia,3857260,0 days 00:14:20,0,0,0,0,0,0,1,0,0
1,14,23,Regular Play,Mexico,3857260,0 days 00:14:23,0,0,0,0,0,0,1,0,0
1,14,24,Regular Play,Mexico,3857260,0 days 00:14:24,0,0,0,0,0,0,1,0,0
1,14,25,Regular Play,Saudi Arabia,3857260,0 days 00:14:25,0,0,0,0,0,0,1,0,0
1,14,27,Regular Play,Mexico,3857260,0 days 00:14:27,0,0,0,0,0,0,1,0,0
1,14,28,Regular Play,Mexico,3857260,0 days 00:14:28,0,0,0,0,0,0,1,0,0
1,14,29,Regular Play,Saudi Arabia,3857260,0 days 00:14:29,1,0,0,0,0,0,0,0,0
1,14,29,Regular Play,Saudi Arabia,3857260,0 days 00:14:29,0,0,0,0,0,0,1,0,0
1,14,31,Regular Play,Saudi Arabia,3857260,0 days 00:14:31,0,0,0,1,0,0,0,0,0
1,14,31,Regular Play,Mexico,3857260,0 days 00:14:31,0,0,0,0,0,0,0,0,1
1,14,32,Regular Play,Mexico,3857260,0 days 00:14:32,0,0,0,0,0,0,1,0,0
1,14,37,Regular Play,Mexico,3857260,0 days 00:14:37,0,0,0,0,0,0,1,0,0
1,14,39,Regular Play,Mexico,3857260,0 days 00:14:39,0,0,0,0,0,0,1,0,0
1,14,43,Regular Play,Mexico,3857260,0 days 00:14:43,0,0,0,0,0,0,1,0,0
1,14,44,Regular Play,Mexico,3857260,0 days 00:14:44,0,0,0,0,0,0,1,0,0
1,14,47,Regular Play,Mexico,3857260,0 days 00:14:47,0,0,0,0,0,0,1,0,0
1,14,53,Regular Play,Mexico,3857260,0 days 00:14:53,0,0,1,0,0,0,0,0,0
1,14,53,Regular Play,Saudi Arabia,3857260,0 days 00:14:53,0,0,0,0,0,0,0,0,1
1,14,56,Regular Play,Mexico,3857260,0 days 00:14:56,0,0,0,0,1,0,0,0,0
1,17,6,From Free Kick,Saudi Arabia,3857260,0 days 00:17:06,0,0,0,0,0,0,1,0,0
1,17,10,From Free Kick,Mexico,3857260,0 days 00:17:10,0,1,0,0,0,0,0,0,0
1,17,11,From Free Kick,Saudi Arabia,3857260,0 days 00:17:11,1,0,0,0,0,0,0,0,0
1,17,12,From Free Kick,Saudi Arabia,3857260,0 days 00:17:12,0,0,0,0,0,0,1,0,0
1,17,13,From Free Kick,Saudi Arabia,3857260,0 days 00:17:13,0,0,0,0,0,0,1,0,0
1,17,14,From Free Kick,Saudi Arabia,3857260,0 days 00:17:14,0,0,0,0,1,0,0,0,0
1,17,21,From Free Kick,Mexico,3857260,0 days 00:17:21,0,0,0,0,0,0,1,0,0
1,17,24,From Free Kick,Mexico,3857260,0 days 00:17:24,0,0,0,0,0,0,1,0,0
1,17,27,From Free Kick,Mexico,3857260,0 days 00:17:27,0,0,0,0,0,0,1,0,0
1,17,30,From Free Kick,Saudi Arabia,3857260,0 days 00:17:30,0,0,0,0,0,0,1,0,0
1,17,43,From Throw In,Mexico,3857260,0 days 00:17:43,0,0,0,0,0,0,1,0,0
1,17,46,From Throw In,Mexico,3857260,0 days 00:17:46,0,0,0,0,0,0,1,0,0
1,17,51,From Throw In,Mexico,3857260,0 days 00:17:51,0,0,0,0,0,0,1,0,0
1,17,53,From Throw In,Mexico,3857260,0 days 00:17:53,0,0,0,0,0,0,1,0,0
1,17,56,From Throw In,Mexico,3857260,0 days 00:17:56,0,0,0,0,0,0,1,0,0
1,18,2,From Throw In,Mexico,3857260,0 days 00:18:02,0,0,0,0,0,0,1,0,0
1,18,5,From Throw In,Mexico,3857260,0 days 00:18:05,0,0,0,0,0,0,1,0,0
1,18,9,From Throw In,Mexico,3857260,0 days 00:18:09,0,0,0,0,0,0,1,0,0
1,18,13,Regular Play,Saudi Arabia,3857260,0 days 00:18:13,1,0,0,0,0,0,0,0,0
1,18,16,Regular Play,Saudi Arabia,3857260,0 days 00:18:16,0,0,0,0,0,0,1,0,0
1,18,20,Regular Play,Saudi Arabia,3857260,0 days 00:18:20,0,0,0,0,0,0,1,0,0
1,18,23,Regular Play,Saudi Arabia,3857260,0 days 00:18:23,0,0,0,0,0,0,1,0,0
1,18,34,From Throw In,Mexico,3857260,0 days 00:18:34,0,0,0,0,0,0,1,0,0
1,18,39,From Throw In,Mexico,3857260,0 days 00:18:39,0,0,0,0,0,0,1,0,0
1,18,41,From Throw In,Mexico,3857260,0 days 00:18:41,0,0,0,0,0,0,1,0,0
1,18,47,From Throw In,Mexico,3857260,0 days 00:18:47,0,0,0,0,0,0,1,0,0
1,18,49,From Throw In,Mexico,3857260,0 days 00:18:49,0,0,0,0,0,0,1,0,0
1,18,51,From Throw In,Mexico,3857260,0 days 00:18:51,0,0,0,0,0,0,1,0,0
1,18,54,From Throw In,Mexico,3857260,0 days 00:18:54,0,0,0,0,0,0,1,0,0
1,18,59,From Throw In,Mexico,3857260,0 days 00:18:59,0,0,0,0,0,0,1,0,0
1,19,1,From Throw In,Mexico,3857260,0 days 00:19:01,0,0,0,0,0,0,1,0,0
1,19,5,From Throw In,Mexico,3857260,0 days 00:19:05,0,0,0,0,0,0,1,0,0
1,19,11,From Throw In,Mexico,3857260,0 days 00:19:11,0,0,0,0,0,0,1,0,0
1,19,16,From Throw In,Mexico,3857260,0 days 00:19:16,0,0,0,0,0,0,1,0,0
1,19,17,From Throw In,Mexico,3857260,0 days 00:19:17,0,0,0,0,0,0,1,0,0
1,19,17,From Throw In,Saudi Arabia,3857260,0 days 00:19:17,0,0,0,0,0,1,0,0,0
1,19,29,From Throw In,Mexico,3857260,0 days 00:19:29,0,0,0,0,0,0,1,0,0
1,19,35,From Throw In,Mexico,3857260,0 days 00:19:35,0,0,0,0,0,0,1,0,0
1,19,37,From Throw In,Mexico,3857260,0 days 00:19:37,0,0,0,0,0,0,1,0,0
1,19,41,From Throw In,Mexico,3857260,0 days 00:19:41,0,0,0,0,0,0,1,0,0
1,20,22,From Goal Kick,Saudi Arabia,3857260,0 days 00:20:22,0,0,0,0,0,0,1,0,0
1,20,25,From Goal Kick,Mexico,3857260,0 days 00:20:25,0,1,0,0,0,0,0,0,0
1,20,29,From Goal Kick,Saudi Arabia,3857260,0 days 00:20:29,0,0,0,0,0,0,1,0,0
1,20,31,From Goal Kick,Saudi Arabia,3857260,0 days 00:20:31,0,0,0,0,0,0,1,0,0
1,20,32,From Goal Kick,Mexico,3857260,0 days 00:20:32,0,0,0,0,0,1,0,0,0
1,20,46,From Throw In,Saudi Arabia,3857260,0 days 00:20:46,0,0,0,0,0,0,1,0,0
1,20,50,From Throw In,Saudi Arabia,3857260,0 days 00:20:50,0,0,0,0,0,0,1,0,0
1,20,57,From Goal Kick,Mexico,3857260,0 days 00:20:57,0,0,0,0,0,0,1,0,0
1,21,1,From Goal Kick,Mexico,3857260,0 days 00:21:01,0,0,0,0,0,0,1,0,0
1,21,9,From Goal Kick,Mexico,3857260,0 days 00:21:09,0,0,0,0,0,0,1,0,0
1,21,15,From Goal Kick,Mexico,3857260,0 days 00:21:15,0,0,0,0,0,0,1,0,0
1,21,19,From Goal Kick,Mexico,3857260,0 days 00:21:19,0,0,0,0,0,0,1,0,0
1,21,22,From Goal Kick,Mexico,3857260,0 days 00:21:22,0,0,0,0,0,0,1,0,0
1,21,27,From Goal Kick,Mexico,3857260,0 days 00:21:27,0,0,0,0,0,0,1,0,0
1,21,33,From Goal Kick,Mexico,3857260,0 days 00:21:33,0,0,0,0,0,0,1,0,0
1,21,33,From Goal Kick,Mexico,3857260,0 days 00:21:33,0,0,1,0,0,0,0,0,0
1,21,33,From Goal Kick,Saudi Arabia,3857260,0 days 00:21:33,0,0,0,0,0,0,0,0,1
1,21,48,From Throw In,Saudi Arabia,3857260,0 days 00:21:48,0,0,0,0,0,0,1,0,0
1,21,53,Regular Play,Mexico,3857260,0 days 00:21:53,1,0,0,0,0,0,0,0,0
1,21,55,Regular Play,Mexico,3857260,0 days 00:21:55,0,0,0,0,0,0,1,0,0
1,21,58,Regular Play,Mexico,3857260,0 days 00:21:58,1,0,0,0,0,0,0,0,0
1,21,59,Regular Play,Mexico,3857260,0 days 00:21:59,0,0,0,0,0,0,1,0,0
1,12,2,Regular Play,Wales,3857261,0 days 00:12:02,0,0,0,0,0,0,1,0,0
1,12,6,Regular Play,Wales,3857261,0 days 00:12:06,0,0,0,0,0,0,1,0,0
1,12,9,Regular Play,Wales,3857261,0 days 00:12:09,0,0,0,0,0,0,1,0,0
1,12,11,Regular Play,Wales,3857261,0 days 00:12:11,0,0,0,0,0,0,1,0,0
1,12,13,Regular Play,Wales,3857261,0 days 00:12:13,0,0,0,0,0,0,1,0,0
1,12,15,Regular Play,Wales,3857261,0 days 00:12:15,0,0,0,0,0,0,1,0,0
1,12,19,Regular Play,England,3857261,0 days 00:12:19,1,0,0,0,0,0,0,0,0
1,12,20,Regular Play,England,3857261,0 days 00:12:20,0,0,0,0,0,0,1,0,0
1,12,24,Regular Play,England,3857261,0 days 00:12:24,0,0,0,0,0,0,1,0,0
1,12,25,Regular Play,England,3857261,0 days 00:12:25,0,0,0,0,0,0,1,0,0
1,12,29,Regular Play,England,3857261,0 days 00:12:29,0,0,0,0,0,0,1,0,0
1,12,35,Regular Play,England,3857261,0 days 00:12:35,0,0,0,0,0,0,1,0,0
1,12,47,Regular Play,England,3857261,0 days 00:12:47,0,0,0,0,0,0,1,0,0
1,12,49,Regular Play,England,3857261,0 days 00:12:49,0,0,0,0,0,0,1,0,0
1,12,51,Regular Play,England,3857261,0 days 00:12:51,0,0,0,0,0,0,1,0,0
1,12,55,Regular Play,England,3857261,0 days 00:12:55,0,0,0,0,0,0,1,0,0
1,13,1,Regular Play,England,3857261,0 days 00:13:01,0,0,0,0,0,0,1,0,0
1,13,1,Regular Play,Wales,3857261,0 days 00:13:01,0,0,0,0,1,0,0,0,0
1,13,58,From Free Kick,England,3857261,0 days 00:13:58,0,0,0,0,0,0,1,0,0
1,14,0,From Free Kick,Wales,3857261,0 days 00:14:00,0,1,0,0,0,0,0,0,0
1,14,2,From Free Kick,England,3857261,0 days 00:14:02,1,0,0,0,0,0,0,0,0
1,14,3,From Free Kick,England,3857261,0 days 00:14:03,0,0,0,0,0,0,0,1,0
1,14,45,From Goal Kick,Wales,3857261,0 days 00:14:45,0,0,0,0,0,0,1,0,0
1,14,54,From Throw In,England,3857261,0 days 00:14:54,0,0,0,0,0,0,1,0,0
1,14,56,From Throw In,England,3857261,0 days 00:14:56,0,0,0,0,0,0,1,0,0
1,15,1,From Throw In,England,3857261,0 days 00:15:01,0,0,0,0,0,0,1,0,0
1,15,3,From Throw In,England,3857261,0 days 00:15:03,0,0,0,0,0,0,1,0,0
1,15,5,From Throw In,England,3857261,0 days 00:15:05,0,0,0,0,0,0,1,0,0
1,15,9,From Throw In,England,3857261,0 days 00:15:09,0,0,0,0,0,0,1,0,0
1,15,14,From Throw In,England,3857261,0 days 00:15:14,0,0,0,0,0,0,1,0,0
1,15,16,From Throw In,Wales,3857261,0 days 00:15:16,0,1,0,0,0,0,0,0,0
1,15,31,From Throw In,England,3857261,0 days 00:15:31,0,0,0,0,0,0,1,0,0
1,15,35,From Throw In,Wales,3857261,0 days 00:15:35,0,1,0,0,0,0,0,0,0
1,15,37,From Throw In,England,3857261,0 days 00:15:37,0,0,0,0,0,0,1,0,0
1,15,39,From Throw In,England,3857261,0 days 00:15:39,0,0,0,0,0,0,1,0,0
1,15,40,From Throw In,England,3857261,0 days 00:15:40,0,0,0,0,0,0,1,0,0
1,15,41,From Throw In,England,3857261,0 days 00:15:41,0,0,0,0,0,0,1,0,0
1,15,46,From Throw In,England,3857261,0 days 00:15:46,0,0,0,0,0,0,1,0,0
1,15,49,From Throw In,England,3857261,0 days 00:15:49,0,0,0,0,0,0,1,0,0
1,15,54,From Throw In,England,3857261,0 days 00:15:54,0,0,0,0,0,0,1,0,0
1,16,1,From Throw In,England,3857261,0 days 00:16:01,0,0,0,0,0,0,1,0,0
1,16,8,From Throw In,England,3857261,0 days 00:16:08,0,0,0,0,0,0,1,0,0
1,16,11,From Throw In,England,3857261,0 days 00:16:11,0,0,0,0,0,0,1,0,0
1,16,13,From Throw In,England,3857261,0 days 00:16:13,0,0,0,0,0,0,1,0,0
1,16,14,From Throw In,England,3857261,0 days 00:16:14,0,0,0,0,0,0,1,0,0
1,16,16,From Throw In,England,3857261,0 days 00:16:16,0,0,0,0,0,0,1,0,0
1,16,18,From Throw In,England,3857261,0 days 00:16:18,0,0,0,0,0,0,1,0,0
1,16,20,From Throw In,Wales,3857261,0 days 00:16:20,0,0,0,0,0,0,1,0,0
1,16,22,From Throw In,England,3857261,0 days 00:16:22,0,0,0,0,0,0,1,0,0
1,16,24,From Throw In,Wales,3857261,0 days 00:16:24,0,0,0,0,1,0,0,0,0
1,17,56,From Free Kick,England,3857261,0 days 00:17:56,0,0,0,0,0,0,1,0,0
1,17,56,From Free Kick,England,3857261,0 days 00:17:56,0,0,0,0,0,0,1,0,0
1,17,57,From Free Kick,England,3857261,0 days 00:17:57,0,0,0,0,0,0,1,0,0
1,17,59,From Free Kick,England,3857261,0 days 00:17:59,0,0,0,0,0,0,0,1,0
1,18,33,From Goal Kick,Wales,3857261,0 days 00:18:33,0,0,0,0,0,0,1,0,0
1,18,37,From Goal Kick,Wales,3857261,0 days 00:18:37,0,0,0,0,0,0,1,0,0
1,18,39,From Goal Kick,England,3857261,0 days 00:18:39,0,1,0,0,0,0,0,0,0
1,18,53,From Throw In,Wales,3857261,0 days 00:18:53,0,0,0,0,0,0,1,0,0
1,18,58,From Throw In,Wales,3857261,0 days 00:18:58,0,0,0,0,0,0,1,0,0
1,19,2,From Throw In,Wales,3857261,0 days 00:19:02,0,0,0,0,0,0,1,0,0
1,19,6,From Throw In,England,3857261,0 days 00:19:06,0,0,0,0,0,0,1,0,0
1,19,7,From Throw In,Wales,3857261,0 days 00:19:07,0,0,0,0,0,0,1,0,0
1,19,10,From Throw In,Wales,3857261,0 days 00:19:10,0,0,0,0,0,0,1,0,0
1,19,14,Regular Play,England,3857261,0 days 00:19:14,1,0,0,0,0,0,0,0,0
1,19,15,Regular Play,England,3857261,0 days 00:19:15,0,0,0,0,0,0,1,0,0
1,19,18,Regular Play,England,3857261,0 days 00:19:18,0,0,0,0,0,0,1,0,0
1,19,21,Regular Play,England,3857261,0 days 00:19:21,0,0,0,0,0,0,1,0,0
1,19,24,Regular Play,England,3857261,0 days 00:19:24,0,0,0,0,0,0,1,0,0
1,19,27,Regular Play,England,3857261,0 days 00:19:27,0,0,0,0,0,0,1,0,0
1,19,30,Regular Play,England,3857261,0 days 00:19:30,0,0,0,0,0,0,1,0,0
1,19,34,Regular Play,England,3857261,0 days 00:19:34,0,0,0,0,0,0,1,0,0
1,19,36,Regular Play,England,3857261,0 days 00:19:36,0,0,0,0,0,0,1,0,0
1,19,38,Regular Play,England,3857261,0 days 00:19:38,0,0,0,0,0,0,1,0,0
1,19,43,Regular Play,England,3857261,0 days 00:19:43,0,0,0,0,0,0,1,0,0
1,19,46,Regular Play,England,3857261,0 days 00:19:46,0,0,0,0,0,0,1,0,0
1,19,48,Regular Play,England,3857261,0 days 00:19:48,0,0,0,0,0,0,1,0,0
1,19,51,Regular Play,England,3857261,0 days 00:19:51,0,0,0,0,0,0,1,0,0
1,19,58,Regular Play,England,3857261,0 days 00:19:58,0,0,0,0,0,0,1,0,0
1,20,1,Regular Play,Wales,3857261,0 days 00:20:01,0,0,0,0,0,0,1,0,0
1,20,4,Regular Play,Wales,3857261,0 days 00:20:04,0,0,0,0,0,0,1,0,0
1,20,5,Regular Play,England,3857261,0 days 00:20:05,0,0,0,0,0,0,1,0,0
1,20,7,Regular Play,Wales,3857261,0 days 00:20:07,0,0,0,0,0,0,1,0,0
1,20,9,Regular Play,Wales,3857261,0 days 00:20:09,0,0,0,0,0,0,1,0,0
1,20,12,Regular Play,England,3857261,0 days 00:20:12,1,0,0,0,0,0,0,0,0
1,20,15,Regular Play,Wales,3857261,0 days 00:20:15,0,0,0,0,1,0,0,0,0
1,20,50,From Free Kick,England,3857261,0 days 00:20:50,0,0,0,0,0,0,1,0,0
1,20,54,From Free Kick,England,3857261,0 days 00:20:54,0,0,0,0,0,0,1,0,0
1,20,57,From Free Kick,England,3857261,0 days 00:20:57,0,0,0,0,0,0,1,0,0
1,21,0,From Free Kick,Wales,3857261,0 days 00:21:00,0,0,0,0,1,0,0,0,0
1,21,0,From Free Kick,England,3857261,0 days 00:21:00,0,0,0,0,0,0,1,0,0
1,21,5,From Free Kick,England,3857261,0 days 00:21:05,0,0,0,0,0,0,1,0,0
1,21,6,From Free Kick,England,3857261,0 days 00:21:06,0,0,0,0,0,0,1,0,0
1,21,9,From Free Kick,England,3857261,0 days 00:21:09,0,0,0,0,0,0,1,0,0
1,21,12,From Free Kick,England,3857261,0 days 00:21:12,0,0,0,0,0,0,1,0,0
1,21,16,From Free Kick,England,3857261,0 days 00:21:16,0,0,0,0,0,0,1,0,0
1,21,18,From Free Kick,England,3857261,0 days 00:21:18,0,0,0,0,0,0,1,0,0
1,21,20,From Free Kick,England,3857261,0 days 00:21:20,0,0,0,0,0,0,1,0,0
1,21,21,From Free Kick,England,3857261,0 days 00:21:21,0,0,0,0,0,0,1,0,0
1,21,23,From Free Kick,England,3857261,0 days 00:21:23,0,0,0,0,0,0,1,0,0
1,21,26,From Free Kick,England,3857261,0 days 00:21:26,0,0,0,0,0,0,1,0,0
1,21,27,From Free Kick,England,3857261,0 days 00:21:27,0,0,0,0,0,0,1,0,0
1,21,29,From Free Kick,England,3857261,0 days 00:21:29,0,0,0,0,0,0,1,0,0
1,21,30,From Free Kick,England,3857261,0 days 00:21:30,0,0,0,0,0,0,1,0,0
1,21,33,From Free Kick,England,3857261,0 days 00:21:33,0,0,0,0,0,0,1,0,0
1,21,39,From Free Kick,England,3857261,0 days 00:21:39,0,0,0,0,0,0,1,0,0
1,21,42,From Free Kick,England,3857261,0 days 00:21:42,0,0,0,0,0,0,1,0,0
1,21,46,From Free Kick,England,3857261,0 days 00:21:46,0,0,0,0,0,0,1,0,0
1,21,48,From Free Kick,England,3857261,0 days 00:21:48,0,0,0,0,0,0,1,0,0
1,21,49,From Free Kick,Wales,3857261,0 days 00:21:49,0,1,0,0,0,0,0,0,0
1,12,0,From Free Kick,Portugal,3857262,0 days 00:12:00,0,0,0,0,0,0,1,0,0
1,12,1,From Free Kick,Portugal,3857262,0 days 00:12:01,0,0,0,0,0,0,1,0,0
1,12,2,From Free Kick,Portugal,3857262,0 days 00:12:02,0,0,0,0,0,0,1,0,0
1,12,7,From Free Kick,Portugal,3857262,0 days 00:12:07,0,0,0,0,0,0,1,0,0
1,12,12,From Free Kick,Portugal,3857262,0 days 00:12:12,0,0,0,0,0,0,1,0,0
1,12,26,From Goal Kick,South Korea,3857262,0 days 00:12:26,0,0,0,0,0,0,1,0,0
1,12,31,From Goal Kick,South Korea,3857262,0 days 00:12:31,0,0,0,0,0,0,1,0,0
1,12,34,From Goal Kick,Portugal,3857262,0 days 00:12:34,1,0,0,0,0,0,0,0,0
1,12,35,From Goal Kick,Portugal,3857262,0 days 00:12:35,0,0,0,0,0,0,1,0,0
1,12,36,From Goal Kick,South Korea,3857262,0 days 00:12:36,1,0,0,0,0,0,0,0,0
1,12,37,From Goal Kick,South Korea,3857262,0 days 00:12:37,0,0,0,0,0,0,1,0,0
1,12,40,From Goal Kick,South Korea,3857262,0 days 00:12:40,0,0,0,0,0,0,1,0,0
1,12,42,From Goal Kick,South Korea,3857262,0 days 00:12:42,0,0,0,0,0,0,1,0,0
1,12,43,From Goal Kick,South Korea,3857262,0 days 00:12:43,0,1,0,0,0,0,0,0,0
1,12,50,From Throw In,Portugal,3857262,0 days 00:12:50,0,0,0,0,0,0,1,0,0
1,12,54,From Throw In,Portugal,3857262,0 days 00:12:54,0,0,0,0,0,0,1,0,0
1,12,58,From Throw In,Portugal,3857262,0 days 00:12:58,0,0,0,0,0,0,1,0,0
1,13,2,From Throw In,Portugal,3857262,0 days 00:13:02,0,0,0,0,0,0,1,0,0
1,13,5,From Throw In,Portugal,3857262,0 days 00:13:05,0,0,0,0,0,0,1,0,0
1,13,10,From Throw In,Portugal,3857262,0 days 00:13:10,0,0,0,0,0,0,1,0,0
1,13,12,From Throw In,Portugal,3857262,0 days 00:13:12,0,0,0,0,0,0,1,0,0
1,13,17,From Throw In,Portugal,3857262,0 days 00:13:17,0,0,0,0,0,0,1,0,0
1,13,17,From Throw In,Portugal,3857262,0 days 00:13:17,0,0,0,0,0,0,1,0,0
1,13,19,From Throw In,Portugal,3857262,0 days 00:13:19,0,0,0,0,0,0,1,0,0
1,13,20,From Throw In,Portugal,3857262,0 days 00:13:20,0,0,0,0,0,0,1,0,0
1,13,22,From Throw In,Portugal,3857262,0 days 00:13:22,0,0,0,0,0,0,1,0,0
1,13,23,From Throw In,Portugal,3857262,0 days 00:13:23,0,0,0,0,0,0,1,0,0
1,13,25,From Throw In,Portugal,3857262,0 days 00:13:25,0,0,0,0,0,0,1,0,0
1,13,28,From Throw In,Portugal,3857262,0 days 00:13:28,0,0,0,0,0,0,1,0,0
1,13,32,From Throw In,Portugal,3857262,0 days 00:13:32,0,0,0,0,0,0,1,0,0
1,13,37,From Throw In,Portugal,3857262,0 days 00:13:37,0,0,0,0,0,0,1,0,0
1,13,40,From Throw In,Portugal,3857262,0 days 00:13:40,0,0,0,0,0,0,1,0,0
1,13,42,From Throw In,Portugal,3857262,0 days 00:13:42,0,0,0,0,0,0,1,0,0
1,13,44,From Throw In,Portugal,3857262,0 days 00:13:44,0,0,0,0,0,0,1,0,0
1,13,46,From Throw In,Portugal,3857262,0 days 00:13:46,0,0,0,0,0,0,1,0,0
1,13,49,From Throw In,Portugal,3857262,0 days 00:13:49,0,0,0,0,0,0,1,0,0
1,13,54,From Throw In,Portugal,3857262,0 days 00:13:54,0,0,0,0,0,0,1,0,0
1,14,4,From Throw In,Portugal,3857262,0 days 00:14:04,0,0,0,1,0,0,0,0,0
1,14,4,From Throw In,Portugal,3857262,0 days 00:14:04,0,0,0,0,0,0,0,1,0
1,14,9,From Throw In,Portugal,3857262,0 days 00:14:09,1,0,0,0,0,0,0,0,0
1,14,11,From Throw In,Portugal,3857262,0 days 00:14:11,0,0,0,0,0,0,1,0,0
1,14,15,From Throw In,Portugal,3857262,0 days 00:14:15,0,0,0,0,0,0,1,0,0
1,14,17,From Throw In,Portugal,3857262,0 days 00:14:17,0,0,0,0,0,0,1,0,0
1,14,20,From Throw In,Portugal,3857262,0 days 00:14:20,0,0,0,0,0,0,1,0,0
1,15,1,From Free Kick,South Korea,3857262,0 days 00:15:01,0,0,0,0,0,0,1,0,0
1,15,5,From Free Kick,Portugal,3857262,0 days 00:15:05,0,1,0,0,0,0,0,0,0
1,15,7,From Free Kick,South Korea,3857262,0 days 00:15:07,1,0,0,0,0,0,0,0,0
1,15,10,From Free Kick,South Korea,3857262,0 days 00:15:10,0,0,0,0,0,0,1,0,0
1,15,12,From Free Kick,South Korea,3857262,0 days 00:15:12,0,0,0,0,0,0,1,0,0
1,15,16,From Free Kick,South Korea,3857262,0 days 00:15:16,0,0,0,0,0,0,1,0,0
1,15,21,From Free Kick,South Korea,3857262,0 days 00:15:21,0,0,0,0,0,0,0,1,0
1,15,24,From Free Kick,South Korea,3857262,0 days 00:15:24,1,0,0,0,0,0,0,0,0
1,15,26,From Free Kick,South Korea,3857262,0 days 00:15:26,0,0,0,0,0,0,1,0,0
1,15,29,From Free Kick,South Korea,3857262,0 days 00:15:29,0,0,0,0,0,0,1,0,0
1,15,30,From Free Kick,South Korea,3857262,0 days 00:15:30,0,0,0,0,0,0,1,0,0
1,15,32,From Free Kick,South Korea,3857262,0 days 00:15:32,0,0,0,0,0,0,1,0,0
1,15,34,From Free Kick,South Korea,3857262,0 days 00:15:34,0,0,1,0,0,0,0,0,0
1,15,34,From Free Kick,Portugal,3857262,0 days 00:15:34,0,0,0,0,0,0,0,0,1
1,16,3,From Corner,South Korea,3857262,0 days 00:16:03,0,0,0,0,0,0,1,0,0
1,16,5,From Corner,South Korea,3857262,0 days 00:16:05,0,0,0,0,0,0,1,0,0
1,16,8,From Corner,South Korea,3857262,0 days 00:16:08,0,0,0,0,0,0,1,0,0
1,16,9,From Corner,South Korea,3857262,0 days 00:16:09,0,0,0,0,0,0,0,1,0
1,16,51,From Free Kick,Portugal,3857262,0 days 00:16:51,0,0,0,0,0,0,1,0,0
1,16,52,From Free Kick,Portugal,3857262,0 days 00:16:52,0,0,0,0,0,0,1,0,0
1,16,55,From Free Kick,Portugal,3857262,0 days 00:16:55,0,0,0,0,0,0,1,0,0
1,16,57,From Free Kick,Portugal,3857262,0 days 00:16:57,0,0,0,0,0,0,1,0,0
1,17,0,From Free Kick,South Korea,3857262,0 days 00:17:00,0,0,0,0,0,1,0,0,0
1,17,13,From Throw In,Portugal,3857262,0 days 00:17:13,0,0,0,0,0,0,1,0,0
1,17,17,From Throw In,Portugal,3857262,0 days 00:17:17,0,0,0,0,0,0,1,0,0
1,17,20,From Throw In,Portugal,3857262,0 days 00:17:20,0,0,0,0,0,0,1,0,0
1,17,21,From Throw In,Portugal,3857262,0 days 00:17:21,0,0,0,0,0,0,1,0,0
1,17,25,From Throw In,Portugal,3857262,0 days 00:17:25,0,0,0,0,0,0,1,0,0
1,17,28,From Throw In,Portugal,3857262,0 days 00:17:28,0,0,0,0,0,0,1,0,0
1,17,30,From Throw In,Portugal,3857262,0 days 00:17:30,0,0,0,0,0,0,1,0,0
1,17,34,From Throw In,Portugal,3857262,0 days 00:17:34,0,0,0,0,0,0,1,0,0
1,17,37,From Throw In,South Korea,3857262,0 days 00:17:37,0,0,0,0,0,0,1,0,0
1,17,40,From Throw In,Portugal,3857262,0 days 00:17:40,0,0,0,0,0,0,1,0,0
1,17,49,From Throw In,South Korea,3857262,0 days 00:17:49,0,0,0,0,0,0,1,0,0
1,17,52,From Throw In,Portugal,3857262,0 days 00:17:52,0,0,0,0,1,0,0,0,0
1,18,2,From Free Kick,South Korea,3857262,0 days 00:18:02,0,0,0,0,0,0,1,0,0
1,18,5,From Free Kick,South Korea,3857262,0 days 00:18:05,0,0,0,0,0,0,1,0,0
1,18,10,From Free Kick,South Korea,3857262,0 days 00:18:10,0,0,0,0,0,0,1,0,0
1,18,11,From Free Kick,South Korea,3857262,0 days 00:18:11,0,0,0,0,0,0,1,0,0
1,18,16,From Free Kick,South Korea,3857262,0 days 00:18:16,0,0,0,0,0,0,1,0,0
1,18,19,From Free Kick,South Korea,3857262,0 days 00:18:19,0,0,0,0,0,0,1,0,0
1,18,21,From Free Kick,South Korea,3857262,0 days 00:18:21,0,0,0,0,0,0,1,0,0
1,18,28,From Free Kick,South Korea,3857262,0 days 00:18:28,0,0,0,0,0,0,1,0,0
1,18,34,From Free Kick,South Korea,3857262,0 days 00:18:34,0,0,0,0,0,0,1,0,0
1,18,38,From Free Kick,South Korea,3857262,0 days 00:18:38,0,0,0,0,0,0,1,0,0
1,18,45,From Throw In,Portugal,3857262,0 days 00:18:45,0,0,0,0,0,0,1,0,0
1,18,52,From Throw In,Portugal,3857262,0 days 00:18:52,0,0,0,0,0,0,1,0,0
1,18,58,From Throw In,Portugal,3857262,0 days 00:18:58,0,0,0,0,0,0,1,0,0
1,19,0,From Throw In,Portugal,3857262,0 days 00:19:00,0,0,0,0,0,0,1,0,0
1,19,3,From Throw In,Portugal,3857262,0 days 00:19:03,0,0,0,0,0,0,1,0,0
1,19,5,From Throw In,Portugal,3857262,0 days 00:19:05,0,0,0,0,0,0,1,0,0
1,19,12,Regular Play,South Korea,3857262,0 days 00:19:12,0,0,0,0,0,0,1,0,0
1,19,13,Regular Play,South Korea,3857262,0 days 00:19:13,0,0,0,0,0,0,1,0,0
1,19,17,Regular Play,South Korea,3857262,0 days 00:19:17,0,0,0,0,0,0,1,0,0
1,19,19,Regular Play,South Korea,3857262,0 days 00:19:19,0,0,0,0,0,0,1,0,0
1,19,47,From Goal Kick,Portugal,3857262,0 days 00:19:47,0,0,0,0,0,0,1,0,0
1,19,51,Regular Play,South Korea,3857262,0 days 00:19:51,0,0,0,0,0,0,1,0,0
1,19,59,Regular Play,South Korea,3857262,0 days 00:19:59,0,0,0,0,0,0,1,0,0
1,20,3,Regular Play,South Korea,3857262,0 days 00:20:03,0,0,0,0,0,0,1,0,0
1,20,6,Regular Play,South Korea,3857262,0 days 00:20:06,0,0,0,0,0,0,1,0,0
1,20,9,Regular Play,South Korea,3857262,0 days 00:20:09,0,0,0,0,0,0,1,0,0
1,20,12,Regular Play,South Korea,3857262,0 days 00:20:12,0,0,0,0,0,0,1,0,0
1,20,13,Regular Play,South Korea,3857262,0 days 00:20:13,0,0,0,0,0,0,1,0,0
1,20,16,Regular Play,South Korea,3857262,0 days 00:20:16,0,0,0,0,0,0,1,0,0
1,20,27,Regular Play,South Korea,3857262,0 days 00:20:27,0,0,0,0,0,0,1,0,0
1,20,30,Regular Play,South Korea,3857262,0 days 00:20:30,0,0,0,0,0,0,1,0,0
1,20,33,Regular Play,South Korea,3857262,0 days 00:20:33,0,0,0,0,0,0,1,0,0
1,20,34,Regular Play,Portugal,3857262,0 days 00:20:34,0,1,0,0,0,0,0,0,0
1,20,37,Regular Play,Portugal,3857262,0 days 00:20:37,0,0,0,0,0,0,1,0,0
1,20,39,Regular Play,South Korea,3857262,0 days 00:20:39,1,0,0,0,0,0,0,0,0
1,20,40,Regular Play,South Korea,3857262,0 days 00:20:40,0,0,0,0,0,0,1,0,0
1,20,42,Regular Play,South Korea,3857262,0 days 00:20:42,0,0,0,0,0,0,1,0,0
1,20,44,Regular Play,South Korea,3857262,0 days 00:20:44,0,0,0,0,0,0,1,0,0
1,20,47,Regular Play,South Korea,3857262,0 days 00:20:47,0,0,0,0,0,0,1,0,0
1,20,51,Regular Play,South Korea,3857262,0 days 00:20:51,0,0,0,0,0,0,1,0,0
1,20,54,Regular Play,South Korea,3857262,0 days 00:20:54,0,0,0,0,0,0,1,0,0
1,20,57,Regular Play,South Korea,3857262,0 days 00:20:57,0,0,0,0,0,0,1,0,0
1,20,59,Regular Play,South Korea,3857262,0 days 00:20:59,0,0,0,0,0,0,1,0,0
1,21,3,Regular Play,South Korea,3857262,0 days 00:21:03,0,0,0,0,0,0,1,0,0
1,21,9,Regular Play,South Korea,3857262,0 days 00:21:09,0,0,0,0,0,0,1,0,0
1,21,11,Regular Play,South Korea,3857262,0 days 00:21:11,0,0,0,0,0,0,1,0,0
1,21,13,Regular Play,South Korea,3857262,0 days 00:21:13,0,0,0,0,0,0,1,0,0
1,21,14,Regular Play,South Korea,3857262,0 days 00:21:14,0,0,0,0,0,0,1,0,0
1,21,16,Regular Play,South Korea,3857262,0 days 00:21:16,0,0,0,0,0,0,1,0,0
1,21,20,Regular Play,South Korea,3857262,0 days 00:21:20,0,0,0,0,0,0,1,0,0
1,21,23,Regular Play,South Korea,3857262,0 days 00:21:23,0,0,0,0,0,0,1,0,0
1,21,25,Regular Play,South Korea,3857262,0 days 00:21:25,0,0,0,0,0,0,1,0,0
1,21,28,Regular Play,South Korea,3857262,0 days 00:21:28,0,0,0,0,0,0,1,0,0
1,21,32,Regular Play,South Korea,3857262,0 days 00:21:32,0,0,0,0,0,0,1,0,0
1,21,36,Regular Play,South Korea,3857262,0 days 00:21:36,0,0,0,0,0,0,1,0,0
1,21,46,Regular Play,South Korea,3857262,0 days 00:21:46,0,0,1,0,0,0,0,0,0
1,21,46,Regular Play,Portugal,3857262,0 days 00:21:46,0,0,0,0,0,0,0,0,1
1,21,47,Regular Play,Portugal,3857262,0 days 00:21:47,1,0,0,0,0,0,0,0,0
1,21,50,Regular Play,Portugal,3857262,0 days 00:21:50,0,0,0,0,0,0,1,0,0
1,21,52,Regular Play,Portugal,3857262,0 days 00:21:52,0,0,0,0,0,0,1,0,0
1,21,56,Regular Play,South Korea,3857262,0 days 00:21:56,0,0,0,0,0,0,1,0,0
1,21,59,Regular Play,Portugal,3857262,0 days 00:21:59,0,0,0,0,0,0,1,0,0
1,12,0,Regular Play,Spain,3857263,0 days 00:12:00,0,0,0,0,0,0,1,0,0
1,12,4,Regular Play,Spain,3857263,0 days 00:12:04,0,0,0,0,0,0,1,0,0
1,12,7,Regular Play,Spain,3857263,0 days 00:12:07,0,0,0,1,0,0,0,0,0
1,12,7,Regular Play,Germany,3857263,0 days 00:12:07,0,0,0,0,0,0,0,0,1
1,12,10,Regular Play,Germany,3857263,0 days 00:12:10,1,0,0,0,0,0,0,0,0
1,12,13,Regular Play,Germany,3857263,0 days 00:12:13,0,0,0,0,0,0,1,0,0
1,12,15,Regular Play,Germany,3857263,0 days 00:12:15,0,0,0,0,0,0,1,0,0
1,12,17,Regular Play,Germany,3857263,0 days 00:12:17,0,0,0,0,0,0,1,0,0
1,12,19,Regular Play,Spain,3857263,0 days 00:12:19,0,0,0,0,0,0,1,0,0
1,12,20,Regular Play,Spain,3857263,0 days 00:12:20,0,0,0,0,0,0,1,0,0
1,12,23,Regular Play,Spain,3857263,0 days 00:12:23,0,0,0,0,0,0,1,0,0
1,12,24,Regular Play,Germany,3857263,0 days 00:12:24,0,0,0,0,0,0,1,0,0
1,12,25,Regular Play,Germany,3857263,0 days 00:12:25,0,0,0,0,0,0,1,0,0
1,12,26,Regular Play,Germany,3857263,0 days 00:12:26,0,0,0,0,0,0,1,0,0
1,12,27,Regular Play,Germany,3857263,0 days 00:12:27,0,0,0,0,0,0,1,0,0
1,12,29,Regular Play,Germany,3857263,0 days 00:12:29,0,0,0,0,0,0,1,0,0
1,12,30,Regular Play,Germany,3857263,0 days 00:12:30,0,0,0,1,0,0,0,0,0
1,12,31,Regular Play,Germany,3857263,0 days 00:12:31,0,0,0,1,0,0,0,0,0
1,12,31,Regular Play,Spain,3857263,0 days 00:12:31,0,0,0,0,0,0,0,0,1
1,12,33,Regular Play,Spain,3857263,0 days 00:12:33,0,0,1,0,0,0,0,0,0
1,12,33,Regular Play,Germany,3857263,0 days 00:12:33,0,0,0,0,0,0,0,0,1
1,12,37,Regular Play,Spain,3857263,0 days 00:12:37,0,0,0,0,0,0,1,0,0
1,12,39,Regular Play,Spain,3857263,0 days 00:12:39,0,0,0,0,0,0,1,0,0
1,12,40,Regular Play,Spain,3857263,0 days 00:12:40,0,0,0,0,0,0,1,0,0
1,12,49,Regular Play,Spain,3857263,0 days 00:12:49,0,0,0,0,0,0,1,0,0
1,12,52,Regular Play,Spain,3857263,0 days 00:12:52,0,0,0,0,0,0,1,0,0
1,12,55,Regular Play,Spain,3857263,0 days 00:12:55,0,0,0,0,0,0,1,0,0
1,12,57,Regular Play,Spain,3857263,0 days 00:12:57,0,0,0,0,0,0,1,0,0
1,13,0,Regular Play,Spain,3857263,0 days 00:13:00,0,0,0,0,0,0,1,0,0
1,13,3,Regular Play,Spain,3857263,0 days 00:13:03,0,0,0,0,0,0,1,0,0
1,13,5,Regular Play,Germany,3857263,0 days 00:13:05,0,0,0,0,0,0,1,0,0
1,13,7,Regular Play,Germany,3857263,0 days 00:13:07,0,0,0,0,0,0,1,0,0
1,13,8,Regular Play,Spain,3857263,0 days 00:13:08,0,0,0,0,0,0,1,0,0
1,13,11,Regular Play,Germany,3857263,0 days 00:13:11,1,0,0,0,0,0,0,0,0
1,13,12,Regular Play,Germany,3857263,0 days 00:13:12,0,0,0,0,0,0,1,0,0
1,13,14,Regular Play,Germany,3857263,0 days 00:13:14,0,0,0,0,0,0,1,0,0
1,13,18,Regular Play,Germany,3857263,0 days 00:13:18,0,0,0,0,0,0,1,0,0
1,13,22,Regular Play,Germany,3857263,0 days 00:13:22,0,0,1,0,0,0,0,0,0
1,13,22,Regular Play,Spain,3857263,0 days 00:13:22,0,0,0,0,0,0,0,0,1
1,13,22,Regular Play,Spain,3857263,0 days 00:13:22,1,0,0,0,0,0,0,0,0
1,13,23,Regular Play,Spain,3857263,0 days 00:13:23,0,0,0,0,0,0,1,0,0
1,13,27,Regular Play,Spain,3857263,0 days 00:13:27,0,0,0,0,0,0,1,0,0
1,13,30,Regular Play,Spain,3857263,0 days 00:13:30,0,0,0,0,0,0,1,0,0
1,13,31,Regular Play,Spain,3857263,0 days 00:13:31,0,0,0,0,0,0,1,0,0
1,13,34,Regular Play,Spain,3857263,0 days 00:13:34,0,0,0,0,0,0,1,0,0
1,13,35,Regular Play,Spain,3857263,0 days 00:13:35,0,0,0,0,0,0,1,0,0
1,13,38,Regular Play,Spain,3857263,0 days 00:13:38,0,0,0,0,0,0,1,0,0
1,13,41,Regular Play,Spain,3857263,0 days 00:13:41,0,0,0,0,0,0,1,0,0
1,13,46,Regular Play,Spain,3857263,0 days 00:13:46,0,0,0,0,0,0,1,0,0
1,13,47,Regular Play,Germany,3857263,0 days 00:13:47,0,0,0,0,1,0,0,0,0
1,14,5,From Free Kick,Spain,3857263,0 days 00:14:05,0,0,0,0,0,0,1,0,0
1,14,8,From Free Kick,Spain,3857263,0 days 00:14:08,0,0,0,0,0,0,1,0,0
1,14,14,From Free Kick,Spain,3857263,0 days 00:14:14,0,0,0,0,0,0,1,0,0
1,14,21,From Free Kick,Spain,3857263,0 days 00:14:21,0,0,0,0,0,0,1,0,0
1,14,28,From Free Kick,Spain,3857263,0 days 00:14:28,0,0,0,0,0,0,1,0,0
1,14,30,From Free Kick,Spain,3857263,0 days 00:14:30,0,0,0,0,0,0,1,0,0
1,14,32,From Free Kick,Spain,3857263,0 days 00:14:32,0,0,0,0,0,0,1,0,0
1,14,33,From Free Kick,Spain,3857263,0 days 00:14:33,0,0,0,0,0,0,1,0,0
1,14,38,From Free Kick,Spain,3857263,0 days 00:14:38,0,0,0,0,0,0,1,0,0
1,14,57,From Goal Kick,Germany,3857263,0 days 00:14:57,0,0,0,0,0,0,1,0,0
1,14,58,From Goal Kick,Germany,3857263,0 days 00:14:58,0,0,0,0,0,0,1,0,0
1,15,1,From Goal Kick,Germany,3857263,0 days 00:15:01,0,0,0,0,0,0,1,0,0
1,15,8,From Goal Kick,Germany,3857263,0 days 00:15:08,0,0,0,0,0,0,1,0,0
1,15,11,From Goal Kick,Germany,3857263,0 days 00:15:11,0,0,0,0,0,0,1,0,0
1,15,15,From Goal Kick,Germany,3857263,0 days 00:15:15,0,0,0,0,0,0,1,0,0
1,15,19,From Goal Kick,Germany,3857263,0 days 00:15:19,0,0,0,0,0,0,1,0,0
1,15,21,From Goal Kick,Germany,3857263,0 days 00:15:21,0,0,0,0,0,0,1,0,0
1,15,23,From Goal Kick,Germany,3857263,0 days 00:15:23,0,0,1,0,0,0,0,0,0
1,15,23,From Goal Kick,Spain,3857263,0 days 00:15:23,0,0,0,0,0,0,0,0,1
1,15,24,From Goal Kick,Spain,3857263,0 days 00:15:24,0,0,0,0,0,0,1,0,0
1,15,25,From Goal Kick,Spain,3857263,0 days 00:15:25,0,0,0,0,0,0,1,0,0
1,15,26,From Goal Kick,Germany,3857263,0 days 00:15:26,0,0,0,0,0,1,0,0,0
1,15,28,From Goal Kick,Germany,3857263,0 days 00:15:28,1,0,0,0,0,0,0,0,0
1,15,29,From Goal Kick,Germany,3857263,0 days 00:15:29,0,0,0,0,0,0,1,0,0
1,15,32,From Goal Kick,Germany,3857263,0 days 00:15:32,0,0,0,0,0,0,1,0,0
1,15,37,From Goal Kick,Germany,3857263,0 days 00:15:37,0,0,0,0,0,0,1,0,0
1,15,40,From Goal Kick,Germany,3857263,0 days 00:15:40,0,0,0,0,0,0,1,0,0
1,15,57,From Free Kick,Spain,3857263,0 days 00:15:57,0,0,0,0,0,0,1,0,0
1,16,2,From Free Kick,Spain,3857263,0 days 00:16:02,0,0,0,0,0,0,1,0,0
1,16,4,From Free Kick,Spain,3857263,0 days 00:16:04,0,0,0,0,0,0,1,0,0
1,16,7,Regular Play,Germany,3857263,0 days 00:16:07,1,0,0,0,0,0,0,0,0
1,16,7,Regular Play,Germany,3857263,0 days 00:16:07,0,0,0,0,0,0,1,0,0
1,16,9,Regular Play,Germany,3857263,0 days 00:16:09,0,0,0,0,0,0,1,0,0
1,16,12,Regular Play,Germany,3857263,0 days 00:16:12,0,0,0,1,0,0,0,0,0
1,16,15,Regular Play,Germany,3857263,0 days 00:16:15,0,0,0,0,0,0,1,0,0
1,16,18,Regular Play,Germany,3857263,0 days 00:16:18,0,0,0,0,0,0,1,0,0
1,16,20,Regular Play,Germany,3857263,0 days 00:16:20,0,0,0,0,0,0,1,0,0
1,16,22,Regular Play,Germany,3857263,0 days 00:16:22,0,0,0,0,0,0,1,0,0
1,16,25,Regular Play,Germany,3857263,0 days 00:16:25,0,0,0,0,0,0,1,0,0
1,16,31,Regular Play,Germany,3857263,0 days 00:16:31,0,0,0,0,0,0,1,0,0
1,16,33,Regular Play,Germany,3857263,0 days 00:16:33,0,0,0,0,0,0,1,0,0
1,16,36,Regular Play,Germany,3857263,0 days 00:16:36,0,0,0,0,0,0,1,0,0
1,16,41,Regular Play,Germany,3857263,0 days 00:16:41,0,0,0,0,0,0,1,0,0
1,17,3,From Throw In,Spain,3857263,0 days 00:17:03,0,0,0,0,0,0,1,0,0
1,17,7,From Throw In,Spain,3857263,0 days 00:17:07,0,0,0,0,0,0,1,0,0
1,17,10,From Throw In,Spain,3857263,0 days 00:17:10,0,0,0,0,0,0,1,0,0
1,17,19,From Throw In,Spain,3857263,0 days 00:17:19,0,0,0,0,0,0,1,0,0
1,17,22,From Throw In,Spain,3857263,0 days 00:17:22,0,0,0,0,0,0,1,0,0
1,17,29,From Throw In,Spain,3857263,0 days 00:17:29,0,0,0,0,0,0,1,0,0
1,17,32,From Throw In,Spain,3857263,0 days 00:17:32,0,0,0,0,0,0,1,0,0
1,17,34,From Throw In,Spain,3857263,0 days 00:17:34,0,0,0,0,0,0,1,0,0
1,17,36,From Throw In,Spain,3857263,0 days 00:17:36,0,0,0,0,0,0,1,0,0
1,17,42,From Throw In,Spain,3857263,0 days 00:17:42,0,0,0,0,0,0,1,0,0
1,17,42,From Throw In,Germany,3857263,0 days 00:17:42,0,0,0,0,0,1,0,0,0
1,17,47,From Throw In,Spain,3857263,0 days 00:17:47,0,0,0,0,0,0,1,0,0
1,17,49,From Throw In,Spain,3857263,0 days 00:17:49,0,0,0,0,0,0,1,0,0
1,17,52,From Throw In,Spain,3857263,0 days 00:17:52,0,0,0,0,0,0,1,0,0
1,17,53,From Throw In,Spain,3857263,0 days 00:17:53,0,0,0,0,0,0,1,0,0
1,17,55,From Throw In,Spain,3857263,0 days 00:17:55,0,0,0,0,0,0,1,0,0
1,17,56,From Throw In,Spain,3857263,0 days 00:17:56,0,0,0,0,0,0,1,0,0
1,18,2,From Throw In,Spain,3857263,0 days 00:18:02,0,0,0,0,0,0,1,0,0
1,18,3,From Throw In,Spain,3857263,0 days 00:18:03,0,0,0,1,0,0,0,0,0
1,18,3,From Throw In,Germany,3857263,0 days 00:18:03,0,0,0,0,0,0,0,0,1
1,18,20,From Throw In,Germany,3857263,0 days 00:18:20,0,0,0,0,0,0,1,0,0
1,18,41,From Throw In,Spain,3857263,0 days 00:18:41,0,0,0,0,0,0,1,0,0
1,18,42,From Throw In,Germany,3857263,0 days 00:18:42,0,0,0,0,0,1,0,0,0
1,18,44,Regular Play,Germany,3857263,0 days 00:18:44,1,0,0,0,0,0,0,0,0
1,18,48,Regular Play,Germany,3857263,0 days 00:18:48,0,0,0,0,0,0,1,0,0
1,18,51,Regular Play,Germany,3857263,0 days 00:18:51,0,0,0,0,0,0,1,0,0
1,18,54,Regular Play,Germany,3857263,0 days 00:18:54,0,0,0,0,0,0,1,0,0
1,18,57,Regular Play,Spain,3857263,0 days 00:18:57,0,1,0,0,0,0,0,0,0
1,19,13,From Throw In,Germany,3857263,0 days 00:19:13,0,0,0,0,0,0,1,0,0
1,19,14,From Throw In,Spain,3857263,0 days 00:19:14,0,0,0,0,0,0,1,0,0
1,19,15,From Throw In,Spain,3857263,0 days 00:19:15,0,0,0,0,0,0,1,0,0
1,19,16,From Throw In,Germany,3857263,0 days 00:19:16,0,0,0,0,0,1,0,0,0
1,19,17,From Throw In,Germany,3857263,0 days 00:19:17,1,0,0,0,0,0,0,0,0
1,19,18,From Throw In,Germany,3857263,0 days 00:19:18,0,0,0,1,0,0,0,0,0
1,19,19,From Throw In,Germany,3857263,0 days 00:19:19,0,0,0,0,0,0,1,0,0
1,19,19,From Throw In,Germany,3857263,0 days 00:19:19,0,0,0,0,0,0,1,0,0
1,19,21,Regular Play,Spain,3857263,0 days 00:19:21,1,0,0,0,0,0,0,0,0
1,19,21,Regular Play,Spain,3857263,0 days 00:19:21,0,0,0,0,0,0,1,0,0
1,19,25,Regular Play,Spain,3857263,0 days 00:19:25,0,0,0,0,0,0,1,0,0
1,19,28,Regular Play,Spain,3857263,0 days 00:19:28,0,0,0,0,0,0,1,0,0
1,19,30,Regular Play,Spain,3857263,0 days 00:19:30,0,0,0,0,0,0,1,0,0
1,19,33,Regular Play,Spain,3857263,0 days 00:19:33,0,0,0,0,0,0,1,0,0
1,19,37,Regular Play,Spain,3857263,0 days 00:19:37,0,0,0,0,0,0,1,0,0
1,19,40,Regular Play,Spain,3857263,0 days 00:19:40,0,0,0,0,0,0,1,0,0
1,19,43,Regular Play,Spain,3857263,0 days 00:19:43,0,0,0,0,0,0,1,0,0
1,19,45,Regular Play,Spain,3857263,0 days 00:19:45,0,0,0,0,0,0,1,0,0
1,19,47,Regular Play,Spain,3857263,0 days 00:19:47,0,0,0,0,0,0,1,0,0
1,19,58,Regular Play,Spain,3857263,0 days 00:19:58,0,0,0,0,0,0,1,0,0
1,20,2,Regular Play,Spain,3857263,0 days 00:20:02,0,0,0,0,0,0,1,0,0
1,20,7,Regular Play,Spain,3857263,0 days 00:20:07,0,0,0,0,0,0,1,0,0
1,20,9,Regular Play,Spain,3857263,0 days 00:20:09,0,0,0,0,0,0,1,0,0
1,20,11,Regular Play,Germany,3857263,0 days 00:20:11,1,0,0,0,0,0,0,0,0
1,20,17,Regular Play,Germany,3857263,0 days 00:20:17,0,0,0,0,0,0,1,0,0
1,20,20,Regular Play,Germany,3857263,0 days 00:20:20,0,0,0,0,0,0,1,0,0
1,20,23,Regular Play,Germany,3857263,0 days 00:20:23,0,0,0,0,0,0,1,0,0
1,20,29,Regular Play,Germany,3857263,0 days 00:20:29,0,0,0,0,0,0,1,0,0
1,20,33,Regular Play,Spain,3857263,0 days 00:20:33,1,0,0,0,0,0,0,0,0
1,20,34,Regular Play,Spain,3857263,0 days 00:20:34,0,0,0,0,0,0,1,0,0
1,20,37,Regular Play,Spain,3857263,0 days 00:20:37,0,0,0,0,0,0,1,0,0
1,20,43,Regular Play,Spain,3857263,0 days 00:20:43,0,0,0,0,0,0,1,0,0
1,20,45,Regular Play,Spain,3857263,0 days 00:20:45,0,0,0,0,0,0,1,0,0
1,20,46,Regular Play,Spain,3857263,0 days 00:20:46,0,0,0,0,0,0,1,0,0
1,20,51,Regular Play,Spain,3857263,0 days 00:20:51,0,0,0,0,0,0,1,0,0
1,20,52,Regular Play,Spain,3857263,0 days 00:20:52,0,0,1,0,0,0,0,0,0
1,20,52,Regular Play,Germany,3857263,0 days 00:20:52,0,0,0,0,0,0,0,0,1
1,20,53,Regular Play,Spain,3857263,0 days 00:20:53,1,0,0,0,0,0,0,0,0
1,20,53,Regular Play,Spain,3857263,0 days 00:20:53,1,0,0,0,0,0,0,0,0
1,20,55,Regular Play,Germany,3857263,0 days 00:20:55,0,1,0,0,0,0,0,0,0
1,21,1,Regular Play,Spain,3857263,0 days 00:21:01,0,0,0,0,0,0,1,0,0
1,21,3,Regular Play,Spain,3857263,0 days 00:21:03,0,0,0,0,0,0,1,0,0
1,21,8,Regular Play,Spain,3857263,0 days 00:21:08,0,0,0,0,0,0,1,0,0
1,21,14,Regular Play,Spain,3857263,0 days 00:21:14,0,0,0,0,0,0,0,1,0
1,21,33,From Goal Kick,Germany,3857263,0 days 00:21:33,0,0,0,0,0,0,1,0,0
1,21,34,From Goal Kick,Germany,3857263,0 days 00:21:34,0,0,0,0,0,0,1,0,0
1,21,40,From Goal Kick,Germany,3857263,0 days 00:21:40,0,0,0,0,0,0,1,0,0
1,21,42,From Goal Kick,Germany,3857263,0 days 00:21:42,0,0,0,0,0,0,1,0,0
1,21,43,From Goal Kick,Germany,3857263,0 days 00:21:43,0,0,0,0,0,0,1,0,0
1,21,46,From Goal Kick,Germany,3857263,0 days 00:21:46,0,0,0,0,0,0,1,0,0
1,21,48,From Goal Kick,Germany,3857263,0 days 00:21:48,0,0,0,0,0,0,1,0,0
1,21,49,From Goal Kick,Germany,3857263,0 days 00:21:49,0,0,0,0,0,0,1,0,0
1,21,51,From Goal Kick,Germany,3857263,0 days 00:21:51,0,0,0,0,0,0,1,0,0
1,21,53,From Goal Kick,Spain,3857263,0 days 00:21:53,1,0,0,0,0,0,0,0,0
1,21,54,From Goal Kick,Germany,3857263,0 days 00:21:54,0,0,0,0,1,0,0,0,0
1,21,57,From Goal Kick,Spain,3857263,0 days 00:21:57,0,0,0,1,0,0,0,0,0
1,12,1,Regular Play,Poland,3857264,0 days 00:12:01,0,0,0,0,0,0,1,0,0
1,12,5,Regular Play,Poland,3857264,0 days 00:12:05,0,0,0,0,0,0,1,0,0
1,12,7,Regular Play,Poland,3857264,0 days 00:12:07,0,0,0,0,0,0,1,0,0
1,12,10,Regular Play,Poland,3857264,0 days 00:12:10,0,0,0,0,0,0,1,0,0
1,12,15,Regular Play,Poland,3857264,0 days 00:12:15,0,0,0,0,0,0,1,0,0
1,12,20,Regular Play,Poland,3857264,0 days 00:12:20,0,0,0,0,0,0,1,0,0
1,12,22,Regular Play,Poland,3857264,0 days 00:12:22,0,0,0,0,0,0,1,0,0
1,12,26,Regular Play,Poland,3857264,0 days 00:12:26,0,0,0,0,0,0,1,0,0
1,12,29,Regular Play,Poland,3857264,0 days 00:12:29,0,0,0,0,0,0,1,0,0
1,12,31,Regular Play,Argentina,3857264,0 days 00:12:31,1,0,0,0,0,0,0,0,0
1,12,34,Regular Play,Argentina,3857264,0 days 00:12:34,0,0,0,0,0,0,1,0,0
1,12,36,Regular Play,Poland,3857264,0 days 00:12:36,1,0,0,0,0,0,0,0,0
1,12,36,Regular Play,Argentina,3857264,0 days 00:12:36,0,1,0,0,0,0,0,0,0
1,12,37,Regular Play,Poland,3857264,0 days 00:12:37,1,0,0,0,0,0,0,0,0
1,12,38,Regular Play,Poland,3857264,0 days 00:12:38,0,0,0,1,0,0,0,0,0
1,12,38,Regular Play,Argentina,3857264,0 days 00:12:38,0,0,0,0,0,0,0,0,1
1,12,40,Regular Play,Argentina,3857264,0 days 00:12:40,1,0,0,0,0,0,0,0,0
1,12,43,Regular Play,Argentina,3857264,0 days 00:12:43,0,0,1,0,0,0,0,0,0
1,12,43,Regular Play,Poland,3857264,0 days 00:12:43,0,0,0,0,0,0,0,0,1
1,12,44,Regular Play,Argentina,3857264,0 days 00:12:44,0,0,0,0,0,0,1,0,0
1,12,49,Regular Play,Argentina,3857264,0 days 00:12:49,0,0,0,0,0,0,1,0,0
1,12,52,Regular Play,Poland,3857264,0 days 00:12:52,1,0,0,0,0,0,0,0,0
1,12,52,Regular Play,Argentina,3857264,0 days 00:12:52,0,0,0,0,1,0,0,0,0
1,13,8,From Free Kick,Poland,3857264,0 days 00:13:08,0,0,0,0,0,0,1,0,0
1,13,14,From Free Kick,Poland,3857264,0 days 00:13:14,0,0,0,0,0,0,1,0,0
1,13,15,From Free Kick,Poland,3857264,0 days 00:13:15,0,0,0,0,0,0,1,0,0
1,13,17,From Free Kick,Poland,3857264,0 days 00:13:17,0,0,0,0,0,0,1,0,0
1,13,20,From Free Kick,Poland,3857264,0 days 00:13:20,0,0,0,0,0,0,1,0,0
1,13,22,From Free Kick,Poland,3857264,0 days 00:13:22,0,0,0,0,0,0,1,0,0
1,13,25,From Free Kick,Poland,3857264,0 days 00:13:25,0,0,0,0,0,0,1,0,0
1,13,28,From Free Kick,Poland,3857264,0 days 00:13:28,0,0,0,0,0,0,1,0,0
1,13,31,From Free Kick,Poland,3857264,0 days 00:13:31,0,0,0,0,0,0,1,0,0
1,13,32,From Free Kick,Poland,3857264,0 days 00:13:32,0,0,0,0,0,0,1,0,0
1,13,34,From Free Kick,Poland,3857264,0 days 00:13:34,0,0,0,0,0,0,1,0,0
1,13,36,From Free Kick,Poland,3857264,0 days 00:13:36,0,0,0,0,0,0,1,0,0
1,13,37,From Free Kick,Poland,3857264,0 days 00:13:37,0,0,0,0,0,0,1,0,0
1,13,39,From Free Kick,Poland,3857264,0 days 00:13:39,0,0,0,0,0,0,1,0,0
1,13,48,From Free Kick,Poland,3857264,0 days 00:13:48,0,0,0,0,0,0,1,0,0
1,13,51,From Free Kick,Poland,3857264,0 days 00:13:51,0,0,0,0,0,0,1,0,0
1,13,52,From Free Kick,Argentina,3857264,0 days 00:13:52,0,0,0,0,0,0,1,0,0
1,13,54,From Free Kick,Poland,3857264,0 days 00:13:54,0,0,0,0,0,0,1,0,0
1,14,17,From Throw In,Argentina,3857264,0 days 00:14:17,0,0,0,0,0,0,1,0,0
1,14,18,From Throw In,Argentina,3857264,0 days 00:14:18,0,0,0,0,0,0,1,0,0
1,14,20,From Throw In,Poland,3857264,0 days 00:14:20,1,0,0,0,0,0,0,0,0
1,14,28,From Goal Kick,Argentina,3857264,0 days 00:14:28,0,0,0,0,0,0,1,0,0
1,14,32,From Goal Kick,Argentina,3857264,0 days 00:14:32,0,0,0,0,0,0,1,0,0
1,14,35,From Goal Kick,Argentina,3857264,0 days 00:14:35,0,0,0,0,0,0,1,0,0
1,14,38,From Goal Kick,Argentina,3857264,0 days 00:14:38,0,0,0,0,0,0,1,0,0
1,14,40,From Goal Kick,Argentina,3857264,0 days 00:14:40,0,0,0,0,0,0,1,0,0
1,14,42,From Goal Kick,Argentina,3857264,0 days 00:14:42,0,0,0,0,0,0,1,0,0
1,14,45,From Goal Kick,Argentina,3857264,0 days 00:14:45,0,0,0,0,0,0,1,0,0
1,14,47,From Goal Kick,Poland,3857264,0 days 00:14:47,1,0,0,0,0,0,0,0,0
1,14,48,From Goal Kick,Poland,3857264,0 days 00:14:48,0,0,0,0,0,0,1,0,0
1,14,49,From Goal Kick,Argentina,3857264,0 days 00:14:49,1,0,0,0,0,0,0,0,0
1,14,54,From Goal Kick,Argentina,3857264,0 days 00:14:54,0,0,0,0,0,0,1,0,0
1,15,19,From Goal Kick,Poland,3857264,0 days 00:15:19,0,0,0,0,0,0,1,0,0
1,15,26,From Goal Kick,Poland,3857264,0 days 00:15:26,0,0,0,0,0,0,1,0,0
1,15,39,From Throw In,Argentina,3857264,0 days 00:15:39,0,0,0,0,0,0,1,0,0
1,15,41,From Throw In,Argentina,3857264,0 days 00:15:41,0,0,0,0,0,0,1,0,0
1,15,43,From Throw In,Argentina,3857264,0 days 00:15:43,0,0,0,0,0,0,1,0,0
1,15,53,From Throw In,Argentina,3857264,0 days 00:15:53,0,0,0,0,0,0,1,0,0
1,15,54,From Throw In,Argentina,3857264,0 days 00:15:54,0,0,0,0,0,0,1,0,0
1,15,57,From Throw In,Argentina,3857264,0 days 00:15:57,0,0,0,0,0,0,1,0,0
1,15,59,From Throw In,Argentina,3857264,0 days 00:15:59,0,0,0,0,0,0,1,0,0
1,16,1,From Throw In,Argentina,3857264,0 days 00:16:01,0,0,0,0,0,0,1,0,0
1,16,5,From Throw In,Argentina,3857264,0 days 00:16:05,0,0,0,0,0,0,1,0,0
1,16,9,From Throw In,Argentina,3857264,0 days 00:16:09,0,0,0,0,0,0,0,1,0
1,16,36,From Goal Kick,Poland,3857264,0 days 00:16:36,0,0,0,0,0,0,1,0,0
1,16,39,From Goal Kick,Poland,3857264,0 days 00:16:39,0,0,0,0,0,0,1,0,0
1,16,45,From Goal Kick,Poland,3857264,0 days 00:16:45,0,0,0,0,0,0,1,0,0
1,16,48,From Goal Kick,Argentina,3857264,0 days 00:16:48,0,0,0,0,0,0,1,0,0
1,16,52,From Goal Kick,Poland,3857264,0 days 00:16:52,1,0,0,0,0,0,0,0,0
1,16,54,From Goal Kick,Poland,3857264,0 days 00:16:54,0,0,0,0,0,0,1,0,0
1,16,57,From Goal Kick,Poland,3857264,0 days 00:16:57,0,0,0,0,0,0,1,0,0
1,17,11,From Throw In,Argentina,3857264,0 days 00:17:11,0,0,0,0,0,0,1,0,0
1,17,14,From Throw In,Argentina,3857264,0 days 00:17:14,0,0,0,0,0,0,1,0,0
1,17,17,From Throw In,Argentina,3857264,0 days 00:17:17,0,0,0,0,0,0,1,0,0
1,17,20,From Throw In,Argentina,3857264,0 days 00:17:20,0,0,0,0,0,0,1,0,0
1,17,25,From Throw In,Argentina,3857264,0 days 00:17:25,0,0,0,0,0,0,1,0,0
1,17,26,From Throw In,Argentina,3857264,0 days 00:17:26,0,0,0,0,0,0,1,0,0
1,17,28,From Throw In,Argentina,3857264,0 days 00:17:28,0,0,1,0,0,0,0,0,0
1,17,28,From Throw In,Poland,3857264,0 days 00:17:28,0,0,0,0,0,0,0,0,1
1,17,33,From Throw In,Argentina,3857264,0 days 00:17:33,0,0,0,0,0,0,1,0,0
1,17,37,From Throw In,Argentina,3857264,0 days 00:17:37,0,0,0,0,0,0,1,0,0
1,17,41,From Throw In,Argentina,3857264,0 days 00:17:41,0,0,0,0,0,0,1,0,0
1,17,44,From Throw In,Argentina,3857264,0 days 00:17:44,0,0,0,0,0,0,1,0,0
1,17,46,From Throw In,Argentina,3857264,0 days 00:17:46,0,0,0,0,0,0,1,0,0
1,17,50,From Throw In,Argentina,3857264,0 days 00:17:50,0,0,0,0,0,0,1,0,0
1,17,55,From Throw In,Argentina,3857264,0 days 00:17:55,0,0,0,0,0,0,1,0,0
1,17,55,From Throw In,Poland,3857264,0 days 00:17:55,0,0,0,0,0,1,0,0,0
1,18,2,From Throw In,Argentina,3857264,0 days 00:18:02,0,0,0,0,0,0,1,0,0
1,18,8,From Throw In,Argentina,3857264,0 days 00:18:08,0,0,0,0,0,0,1,0,0
1,18,12,From Throw In,Argentina,3857264,0 days 00:18:12,0,0,0,0,0,0,1,0,0
1,18,14,From Throw In,Argentina,3857264,0 days 00:18:14,0,0,0,0,0,0,1,0,0
1,18,17,From Throw In,Argentina,3857264,0 days 00:18:17,0,0,0,0,0,0,1,0,0
1,18,19,From Throw In,Argentina,3857264,0 days 00:18:19,0,0,0,1,0,0,0,0,0
1,18,21,From Throw In,Argentina,3857264,0 days 00:18:21,0,0,0,0,0,0,1,0,0
1,18,23,From Throw In,Argentina,3857264,0 days 00:18:23,0,0,0,0,0,0,1,0,0
1,18,24,Regular Play,Poland,3857264,0 days 00:18:24,1,0,0,0,0,0,0,0,0
1,18,32,Regular Play,Poland,3857264,0 days 00:18:32,0,0,0,0,0,0,1,0,0
1,18,35,Regular Play,Poland,3857264,0 days 00:18:35,0,0,0,0,0,0,1,0,0
1,18,38,Regular Play,Poland,3857264,0 days 00:18:38,0,0,0,0,0,0,1,0,0
1,18,42,Regular Play,Poland,3857264,0 days 00:18:42,0,0,0,0,0,0,1,0,0
1,18,47,Regular Play,Poland,3857264,0 days 00:18:47,0,0,0,0,0,0,1,0,0
1,18,48,Regular Play,Poland,3857264,0 days 00:18:48,0,0,0,0,0,0,1,0,0
1,18,49,Regular Play,Poland,3857264,0 days 00:18:49,0,0,0,0,0,0,1,0,0
1,18,52,Regular Play,Poland,3857264,0 days 00:18:52,0,0,0,0,0,0,1,0,0
1,18,55,Regular Play,Poland,3857264,0 days 00:18:55,0,0,0,0,0,0,1,0,0
1,18,57,Regular Play,Poland,3857264,0 days 00:18:57,0,0,0,0,0,0,1,0,0
1,19,0,Regular Play,Poland,3857264,0 days 00:19:00,0,0,0,0,0,0,1,0,0
1,19,2,Regular Play,Poland,3857264,0 days 00:19:02,0,0,0,0,0,0,1,0,0
1,19,6,Regular Play,Poland,3857264,0 days 00:19:06,0,0,0,0,0,0,1,0,0
1,19,11,Regular Play,Poland,3857264,0 days 00:19:11,0,0,0,0,0,0,1,0,0
1,19,11,Regular Play,Argentina,3857264,0 days 00:19:11,0,0,0,0,1,0,0,0,0
1,20,0,From Free Kick,Poland,3857264,0 days 00:20:00,0,0,0,0,0,0,1,0,0
1,20,2,From Free Kick,Argentina,3857264,0 days 00:20:02,0,1,0,0,0,0,0,0,0
1,20,5,From Free Kick,Poland,3857264,0 days 00:20:05,0,0,0,0,0,0,1,0,0
1,20,22,From Throw In,Argentina,3857264,0 days 00:20:22,0,0,0,0,0,0,1,0,0
1,20,23,From Throw In,Argentina,3857264,0 days 00:20:23,0,0,0,0,0,0,1,0,0
1,20,24,From Throw In,Argentina,3857264,0 days 00:20:24,0,0,0,0,0,0,1,0,0
1,20,26,From Throw In,Argentina,3857264,0 days 00:20:26,0,0,0,0,0,0,1,0,0
1,20,29,Regular Play,Poland,3857264,0 days 00:20:29,0,0,0,0,0,0,1,0,0
1,20,31,Regular Play,Poland,3857264,0 days 00:20:31,0,0,0,0,0,0,1,0,0
1,20,32,Regular Play,Poland,3857264,0 days 00:20:32,0,0,0,0,0,0,1,0,0
1,20,37,Regular Play,Poland,3857264,0 days 00:20:37,0,0,0,0,0,0,1,0,0
1,20,40,Regular Play,Poland,3857264,0 days 00:20:40,0,0,0,0,0,0,1,0,0
1,20,42,Regular Play,Poland,3857264,0 days 00:20:42,0,0,0,0,0,0,1,0,0
1,20,43,Regular Play,Poland,3857264,0 days 00:20:43,0,0,0,0,0,0,1,0,0
1,20,46,Regular Play,Argentina,3857264,0 days 00:20:46,0,0,0,0,0,1,0,0,0
1,21,26,From Corner,Poland,3857264,0 days 00:21:26,0,0,0,0,0,0,1,0,0
1,21,27,From Corner,Argentina,3857264,0 days 00:21:27,0,1,0,0,0,0,0,0,0
1,21,30,From Corner,Poland,3857264,0 days 00:21:30,1,0,0,0,0,0,0,0,0
1,21,32,From Corner,Poland,3857264,0 days 00:21:32,0,0,0,0,0,0,1,0,0
1,21,35,From Corner,Poland,3857264,0 days 00:21:35,0,0,0,0,0,0,1,0,0
1,21,36,From Corner,Poland,3857264,0 days 00:21:36,0,0,0,0,0,0,0,1,0
1,21,39,Regular Play,Argentina,3857264,0 days 00:21:39,1,0,0,0,0,0,0,0,0
1,21,46,Regular Play,Argentina,3857264,0 days 00:21:46,0,0,0,0,0,0,1,0,0
1,21,49,Regular Play,Argentina,3857264,0 days 00:21:49,0,0,0,0,0,0,1,0,0
1,21,53,Regular Play,Argentina,3857264,0 days 00:21:53,0,0,0,0,0,0,1,0,0
1,21,56,Regular Play,Argentina,3857264,0 days 00:21:56,0,0,0,0,0,0,1,0,0
1,21,56,Regular Play,Argentina,3857264,0 days 00:21:56,0,0,0,0,0,0,1,0,0
1,12,22,From Goal Kick,Poland,3857265,0 days 00:12:22,0,0,0,0,0,0,1,0,0
1,12,26,From Goal Kick,Poland,3857265,0 days 00:12:26,0,0,0,0,0,0,1,0,0
1,12,27,From Goal Kick,Poland,3857265,0 days 00:12:27,0,0,0,0,0,0,1,0,0
1,12,29,From Goal Kick,Mexico,3857265,0 days 00:12:29,0,0,0,0,0,1,0,0,0
1,12,50,From Throw In,Poland,3857265,0 days 00:12:50,0,0,0,0,0,0,1,0,0
1,12,52,From Throw In,Poland,3857265,0 days 00:12:52,0,0,0,0,0,0,1,0,0
1,12,54,From Throw In,Mexico,3857265,0 days 00:12:54,0,1,0,0,0,0,0,0,0
1,12,56,From Throw In,Poland,3857265,0 days 00:12:56,1,0,0,0,0,0,0,0,0
1,13,3,From Throw In,Poland,3857265,0 days 00:13:03,0,0,0,0,0,0,1,0,0
1,13,5,From Throw In,Poland,3857265,0 days 00:13:05,0,0,0,0,0,0,1,0,0
1,13,9,From Throw In,Poland,3857265,0 days 00:13:09,0,0,0,0,0,0,1,0,0
1,13,11,From Throw In,Poland,3857265,0 days 00:13:11,0,0,0,1,0,0,0,0,0
1,13,15,From Throw In,Poland,3857265,0 days 00:13:15,0,0,0,0,0,0,1,0,0
1,13,17,From Throw In,Poland,3857265,0 days 00:13:17,0,0,0,0,0,0,1,0,0
1,13,19,From Throw In,Poland,3857265,0 days 00:13:19,0,0,0,0,0,0,1,0,0
1,13,22,From Throw In,Poland,3857265,0 days 00:13:22,0,0,0,0,0,0,1,0,0
1,13,26,From Throw In,Mexico,3857265,0 days 00:13:26,0,1,0,0,0,0,0,0,0
1,13,27,From Throw In,Poland,3857265,0 days 00:13:27,0,0,0,0,0,0,1,0,0
1,13,30,From Throw In,Poland,3857265,0 days 00:13:30,0,0,0,0,0,0,1,0,0
1,13,33,From Throw In,Poland,3857265,0 days 00:13:33,0,0,0,0,0,0,1,0,0
1,13,35,From Throw In,Poland,3857265,0 days 00:13:35,0,0,0,0,0,0,1,0,0
1,13,39,From Counter,Mexico,3857265,0 days 00:13:39,0,0,0,0,0,0,1,0,0
1,13,40,From Counter,Mexico,3857265,0 days 00:13:40,0,0,0,0,0,0,1,0,0
1,13,43,From Counter,Mexico,3857265,0 days 00:13:43,0,0,0,0,0,0,1,0,0
1,13,45,Regular Play,Poland,3857265,0 days 00:13:45,0,0,0,0,1,0,0,0,0
1,14,6,From Free Kick,Mexico,3857265,0 days 00:14:06,0,0,0,0,0,0,1,0,0
1,14,9,From Free Kick,Mexico,3857265,0 days 00:14:09,0,0,0,0,0,0,1,0,0
1,14,12,From Free Kick,Mexico,3857265,0 days 00:14:12,0,0,0,0,0,0,1,0,0
1,14,15,From Free Kick,Mexico,3857265,0 days 00:14:15,0,0,0,0,0,0,1,0,0
1,14,22,From Throw In,Poland,3857265,0 days 00:14:22,0,0,0,0,0,0,1,0,0
1,14,30,From Throw In,Poland,3857265,0 days 00:14:30,0,0,0,0,0,0,1,0,0
1,14,33,From Throw In,Poland,3857265,0 days 00:14:33,0,0,0,0,0,0,1,0,0
1,14,35,From Throw In,Poland,3857265,0 days 00:14:35,0,0,0,0,0,0,1,0,0
1,14,38,From Throw In,Poland,3857265,0 days 00:14:38,0,0,0,0,0,0,1,0,0
1,14,41,From Throw In,Poland,3857265,0 days 00:14:41,0,0,0,0,0,0,1,0,0
1,14,43,From Throw In,Poland,3857265,0 days 00:14:43,0,0,0,0,0,0,1,0,0
1,14,46,From Throw In,Poland,3857265,0 days 00:14:46,0,0,0,0,0,0,1,0,0
1,14,49,From Throw In,Mexico,3857265,0 days 00:14:49,0,0,0,0,0,0,1,0,0
1,15,4,From Throw In,Poland,3857265,0 days 00:15:04,0,0,0,0,0,0,1,0,0
1,15,6,From Throw In,Poland,3857265,0 days 00:15:06,0,0,0,0,0,0,1,0,0
1,15,7,From Throw In,Poland,3857265,0 days 00:15:07,0,0,0,0,0,0,1,0,0
1,15,8,From Throw In,Poland,3857265,0 days 00:15:08,0,0,0,0,0,0,1,0,0
1,15,10,From Throw In,Poland,3857265,0 days 00:15:10,0,0,0,0,0,0,1,0,0
1,15,16,From Throw In,Poland,3857265,0 days 00:15:16,0,0,0,0,0,0,1,0,0
1,15,18,From Throw In,Poland,3857265,0 days 00:15:18,0,0,0,0,0,0,1,0,0
1,15,20,From Throw In,Poland,3857265,0 days 00:15:20,0,0,0,0,0,0,1,0,0
1,15,24,From Throw In,Poland,3857265,0 days 00:15:24,0,0,0,0,0,0,1,0,0
1,15,25,From Throw In,Poland,3857265,0 days 00:15:25,0,0,0,0,0,0,1,0,0
1,15,27,Regular Play,Mexico,3857265,0 days 00:15:27,1,0,0,0,0,0,0,0,0
1,15,27,Regular Play,Mexico,3857265,0 days 00:15:27,0,0,0,0,0,0,1,0,0
1,15,29,Regular Play,Mexico,3857265,0 days 00:15:29,0,0,0,0,0,0,1,0,0
1,15,31,Regular Play,Mexico,3857265,0 days 00:15:31,0,0,0,0,0,0,1,0,0
1,15,34,Regular Play,Mexico,3857265,0 days 00:15:34,0,0,0,0,0,0,1,0,0
1,16,6,From Throw In,Poland,3857265,0 days 00:16:06,0,0,0,0,0,0,1,0,0
1,16,8,From Throw In,Poland,3857265,0 days 00:16:08,0,0,0,0,0,0,1,0,0
1,16,8,Regular Play,Mexico,3857265,0 days 00:16:08,1,0,0,0,0,0,0,0,0
1,16,10,Regular Play,Mexico,3857265,0 days 00:16:10,0,0,0,0,0,0,1,0,0
1,16,11,Regular Play,Mexico,3857265,0 days 00:16:11,0,0,0,0,0,0,1,0,0
1,16,13,Regular Play,Mexico,3857265,0 days 00:16:13,0,0,0,0,0,0,1,0,0
1,16,16,Regular Play,Mexico,3857265,0 days 00:16:16,0,0,0,0,0,0,1,0,0
1,16,19,Regular Play,Mexico,3857265,0 days 00:16:19,0,0,0,0,0,0,1,0,0
1,16,23,Regular Play,Mexico,3857265,0 days 00:16:23,0,0,0,0,0,0,1,0,0
1,16,27,Regular Play,Mexico,3857265,0 days 00:16:27,0,0,1,0,0,0,0,0,0
1,16,27,Regular Play,Poland,3857265,0 days 00:16:27,0,0,0,0,0,0,0,0,1
1,16,29,Regular Play,Mexico,3857265,0 days 00:16:29,1,0,0,0,0,0,0,0,0
1,16,30,Regular Play,Mexico,3857265,0 days 00:16:30,0,0,0,0,0,0,1,0,0
1,16,32,Regular Play,Poland,3857265,0 days 00:16:32,1,0,0,0,0,0,0,0,0
1,16,35,Regular Play,Poland,3857265,0 days 00:16:35,0,0,0,0,0,0,1,0,0
1,16,38,Regular Play,Mexico,3857265,0 days 00:16:38,1,0,0,0,0,0,0,0,0
1,16,40,Regular Play,Mexico,3857265,0 days 00:16:40,0,0,0,0,0,0,1,0,0
1,16,44,Regular Play,Mexico,3857265,0 days 00:16:44,0,0,0,0,0,0,1,0,0
1,16,47,Regular Play,Mexico,3857265,0 days 00:16:47,0,0,0,0,0,0,1,0,0
1,16,48,Regular Play,Poland,3857265,0 days 00:16:48,0,0,0,0,1,0,0,0,0
1,17,7,From Free Kick,Mexico,3857265,0 days 00:17:07,0,0,0,0,0,0,1,0,0
1,17,10,From Free Kick,Mexico,3857265,0 days 00:17:10,0,0,0,0,0,0,1,0,0
1,17,15,From Free Kick,Mexico,3857265,0 days 00:17:15,0,0,0,0,0,0,1,0,0
1,17,16,From Free Kick,Mexico,3857265,0 days 00:17:16,0,0,0,0,0,0,1,0,0
1,17,48,From Free Kick,Poland,3857265,0 days 00:17:48,0,0,0,0,0,0,1,0,0
1,17,52,From Free Kick,Mexico,3857265,0 days 00:17:52,0,0,0,0,0,0,1,0,0
1,17,53,From Free Kick,Mexico,3857265,0 days 00:17:53,0,0,0,0,0,0,1,0,0
1,17,57,From Free Kick,Poland,3857265,0 days 00:17:57,0,0,0,0,0,0,1,0,0
1,18,5,From Free Kick,Poland,3857265,0 days 00:18:05,0,0,0,0,0,0,1,0,0
1,18,8,From Free Kick,Poland,3857265,0 days 00:18:08,0,0,0,0,0,0,1,0,0
1,18,12,From Free Kick,Poland,3857265,0 days 00:18:12,0,0,0,0,0,0,1,0,0
1,18,13,From Free Kick,Poland,3857265,0 days 00:18:13,0,0,0,0,0,0,1,0,0
1,18,17,Regular Play,Mexico,3857265,0 days 00:18:17,1,0,0,0,0,0,0,0,0
1,18,20,Regular Play,Mexico,3857265,0 days 00:18:20,0,0,0,0,0,0,1,0,0
1,18,25,Regular Play,Mexico,3857265,0 days 00:18:25,0,0,0,0,0,0,1,0,0
1,18,28,Regular Play,Mexico,3857265,0 days 00:18:28,0,0,0,0,0,0,1,0,0
1,18,39,Regular Play,Mexico,3857265,0 days 00:18:39,0,0,0,0,0,0,1,0,0
1,18,44,Regular Play,Mexico,3857265,0 days 00:18:44,0,0,0,0,0,0,1,0,0
1,18,47,Regular Play,Mexico,3857265,0 days 00:18:47,0,0,0,0,0,0,1,0,0
1,18,50,Regular Play,Mexico,3857265,0 days 00:18:50,0,0,0,0,0,0,1,0,0
1,18,53,Regular Play,Mexico,3857265,0 days 00:18:53,0,0,0,0,0,0,1,0,0
1,18,56,Regular Play,Mexico,3857265,0 days 00:18:56,0,0,0,0,0,0,1,0,0
1,19,0,Regular Play,Mexico,3857265,0 days 00:19:00,0,0,0,0,0,0,1,0,0
1,19,3,Regular Play,Mexico,3857265,0 days 00:19:03,0,0,0,0,0,0,1,0,0
1,19,5,Regular Play,Poland,3857265,0 days 00:19:05,0,1,0,0,0,0,0,0,0
1,19,14,From Keeper,Poland,3857265,0 days 00:19:14,0,0,0,0,0,0,1,0,0
1,19,20,From Keeper,Poland,3857265,0 days 00:19:20,0,0,0,0,0,0,1,0,0
1,19,22,From Keeper,Poland,3857265,0 days 00:19:22,0,0,0,0,0,0,1,0,0
1,19,24,From Keeper,Poland,3857265,0 days 00:19:24,0,0,0,0,0,0,1,0,0
1,19,29,From Keeper,Poland,3857265,0 days 00:19:29,0,0,0,0,0,0,1,0,0
1,19,32,From Keeper,Poland,3857265,0 days 00:19:32,0,0,0,0,0,0,1,0,0
1,19,34,From Keeper,Poland,3857265,0 days 00:19:34,0,0,0,0,0,0,1,0,0
1,19,38,From Keeper,Poland,3857265,0 days 00:19:38,0,0,0,0,0,0,1,0,0
1,19,40,From Keeper,Poland,3857265,0 days 00:19:40,0,0,0,0,0,0,1,0,0
1,19,44,From Keeper,Poland,3857265,0 days 00:19:44,0,0,0,0,0,0,1,0,0
1,19,46,From Keeper,Poland,3857265,0 days 00:19:46,0,0,0,0,0,0,1,0,0
1,19,49,From Keeper,Poland,3857265,0 days 00:19:49,0,0,0,0,0,0,1,0,0
1,19,51,From Keeper,Poland,3857265,0 days 00:19:51,0,0,0,0,0,0,1,0,0
1,19,55,From Keeper,Poland,3857265,0 days 00:19:55,0,0,0,0,0,0,1,0,0
1,19,57,From Keeper,Poland,3857265,0 days 00:19:57,0,0,0,0,0,0,1,0,0
1,20,0,From Keeper,Poland,3857265,0 days 00:20:00,0,0,0,0,0,0,1,0,0
1,20,2,From Keeper,Poland,3857265,0 days 00:20:02,0,0,0,0,0,0,1,0,0
1,20,4,From Keeper,Poland,3857265,0 days 00:20:04,0,0,0,0,0,0,1,0,0
1,20,8,From Keeper,Poland,3857265,0 days 00:20:08,0,0,0,0,0,0,1,0,0
1,20,11,From Keeper,Poland,3857265,0 days 00:20:11,0,0,0,0,0,0,1,0,0
1,20,13,Regular Play,Mexico,3857265,0 days 00:20:13,1,0,0,0,0,0,0,0,0
1,20,13,Regular Play,Mexico,3857265,0 days 00:20:13,0,0,0,0,0,0,1,0,0
1,20,14,Regular Play,Mexico,3857265,0 days 00:20:14,0,0,0,0,0,0,1,0,0
1,20,16,Regular Play,Mexico,3857265,0 days 00:20:16,0,0,0,0,0,0,1,0,0
1,20,19,Regular Play,Mexico,3857265,0 days 00:20:19,0,0,0,0,0,0,1,0,0
1,20,21,Regular Play,Mexico,3857265,0 days 00:20:21,0,0,0,0,0,0,1,0,0
1,20,25,Regular Play,Poland,3857265,0 days 00:20:25,0,1,0,0,0,0,0,0,0
1,20,28,Regular Play,Poland,3857265,0 days 00:20:28,0,0,0,0,0,0,1,0,0
1,20,36,Regular Play,Poland,3857265,0 days 00:20:36,0,0,0,0,0,0,1,0,0
1,20,40,Regular Play,Mexico,3857265,0 days 00:20:40,0,0,0,0,0,0,1,0,0
1,20,59,From Throw In,Poland,3857265,0 days 00:20:59,0,0,0,0,0,0,1,0,0
1,21,0,From Throw In,Poland,3857265,0 days 00:21:00,0,0,0,0,0,0,1,0,0
1,21,1,From Throw In,Poland,3857265,0 days 00:21:01,0,0,0,0,0,0,1,0,0
1,21,2,From Throw In,Mexico,3857265,0 days 00:21:02,0,0,0,0,0,1,0,0,0
1,21,3,From Throw In,Poland,3857265,0 days 00:21:03,1,0,0,0,0,0,0,0,0
1,21,6,From Throw In,Poland,3857265,0 days 00:21:06,0,0,0,0,0,0,1,0,0
1,21,11,From Throw In,Poland,3857265,0 days 00:21:11,0,0,0,0,0,0,1,0,0
1,21,17,From Throw In,Poland,3857265,0 days 00:21:17,0,0,0,0,0,0,1,0,0
1,21,18,From Throw In,Poland,3857265,0 days 00:21:18,0,0,0,0,0,0,1,0,0
1,21,19,Regular Play,Mexico,3857265,0 days 00:21:19,0,0,0,0,0,1,0,0,0
1,21,19,Regular Play,Mexico,3857265,0 days 00:21:19,0,0,1,0,0,0,0,0,0
1,21,19,Regular Play,Poland,3857265,0 days 00:21:19,0,0,0,0,0,0,0,0,1
1,21,21,Regular Play,Mexico,3857265,0 days 00:21:21,0,0,0,0,0,0,1,0,0
1,21,22,Regular Play,Mexico,3857265,0 days 00:21:22,0,0,0,0,0,0,1,0,0
1,21,24,Regular Play,Poland,3857265,0 days 00:21:24,1,0,0,0,0,0,0,0,0
1,21,24,Regular Play,Poland,3857265,0 days 00:21:24,0,0,0,0,0,0,1,0,0
1,21,27,Regular Play,Mexico,3857265,0 days 00:21:27,1,0,0,0,0,0,0,0,0
1,21,34,Regular Play,Mexico,3857265,0 days 00:21:34,0,0,0,0,0,0,1,0,0
1,21,46,Regular Play,Mexico,3857265,0 days 00:21:46,0,0,0,0,0,0,1,0,0
1,21,48,Regular Play,Mexico,3857265,0 days 00:21:48,0,0,0,0,0,0,1,0,0
1,21,55,Regular Play,Mexico,3857265,0 days 00:21:55,0,0,0,0,0,0,1,0,0
1,21,59,Regular Play,Mexico,3857265,0 days 00:21:59,0,0,0,0,0,0,1,0,0
1,12,33,From Corner,France,3857266,0 days 00:12:33,0,0,0,0,0,0,1,0,0
1,12,34,From Corner,France,3857266,0 days 00:12:34,0,0,0,0,0,0,0,1,0
1,12,36,From Corner,Denmark,3857266,0 days 00:12:36,1,0,0,0,0,0,0,0,0
1,12,38,From Corner,Denmark,3857266,0 days 00:12:38,0,0,0,0,0,0,1,0,0
1,12,43,From Corner,France,3857266,0 days 00:12:43,0,0,0,0,0,0,1,0,0
1,12,49,From Corner,France,3857266,0 days 00:12:49,0,0,0,0,0,0,1,0,0
1,12,51,From Corner,France,3857266,0 days 00:12:51,0,0,0,0,1,0,0,0,0
1,13,22,From Free Kick,Denmark,3857266,0 days 00:13:22,0,0,0,0,0,0,1,0,0
1,13,23,From Free Kick,Denmark,3857266,0 days 00:13:23,0,0,0,0,0,0,1,0,0
1,13,31,From Free Kick,Denmark,3857266,0 days 00:13:31,0,0,0,0,0,0,1,0,0
1,13,38,From Free Kick,Denmark,3857266,0 days 00:13:38,0,0,0,0,0,0,1,0,0
1,13,45,From Free Kick,Denmark,3857266,0 days 00:13:45,0,0,0,0,0,0,1,0,0
1,13,48,From Free Kick,Denmark,3857266,0 days 00:13:48,0,0,0,0,0,0,1,0,0
1,13,49,From Free Kick,Denmark,3857266,0 days 00:13:49,0,0,0,0,0,0,1,0,0
1,13,51,From Free Kick,Denmark,3857266,0 days 00:13:51,0,0,0,0,0,0,1,0,0
1,13,51,Regular Play,France,3857266,0 days 00:13:51,0,0,0,0,0,1,0,0,0
1,13,52,Regular Play,France,3857266,0 days 00:13:52,0,0,0,0,0,0,1,0,0
1,13,55,Regular Play,France,3857266,0 days 00:13:55,0,0,0,0,0,0,1,0,0
1,13,56,Regular Play,France,3857266,0 days 00:13:56,0,0,0,0,0,0,1,0,0
1,14,0,Regular Play,France,3857266,0 days 00:14:00,0,0,0,0,0,0,1,0,0
1,14,4,Regular Play,France,3857266,0 days 00:14:04,0,0,0,0,0,0,1,0,0
1,14,5,Regular Play,France,3857266,0 days 00:14:05,0,0,0,0,0,0,1,0,0
1,14,7,Regular Play,France,3857266,0 days 00:14:07,0,0,0,0,0,0,1,0,0
1,14,7,Regular Play,Denmark,3857266,0 days 00:14:07,1,0,0,0,0,0,0,0,0
1,14,11,Regular Play,France,3857266,0 days 00:14:11,0,0,0,0,0,0,1,0,0
1,14,13,Regular Play,France,3857266,0 days 00:14:13,0,0,0,0,0,0,1,0,0
1,14,15,Regular Play,France,3857266,0 days 00:14:15,0,0,0,0,0,0,1,0,0
1,14,18,Regular Play,France,3857266,0 days 00:14:18,0,0,0,0,0,0,1,0,0
1,14,19,Regular Play,France,3857266,0 days 00:14:19,0,0,0,0,0,0,1,0,0
1,14,26,Regular Play,France,3857266,0 days 00:14:26,0,0,0,0,0,0,1,0,0
1,14,32,Regular Play,France,3857266,0 days 00:14:32,0,0,0,0,0,0,1,0,0
1,14,34,Regular Play,France,3857266,0 days 00:14:34,0,0,0,0,0,0,1,0,0
1,14,36,Regular Play,France,3857266,0 days 00:14:36,0,0,0,0,0,0,1,0,0
1,14,39,Regular Play,France,3857266,0 days 00:14:39,0,0,0,0,0,0,1,0,0
1,14,41,Regular Play,France,3857266,0 days 00:14:41,0,0,0,0,0,0,1,0,0
1,14,46,Regular Play,France,3857266,0 days 00:14:46,0,0,0,1,0,0,0,0,0
1,14,46,Regular Play,Denmark,3857266,0 days 00:14:46,0,0,0,0,0,0,0,0,1
1,14,47,Regular Play,France,3857266,0 days 00:14:47,1,0,0,0,0,0,0,0,0
1,14,51,Regular Play,France,3857266,0 days 00:14:51,0,0,0,0,0,0,1,0,0
1,14,53,Regular Play,France,3857266,0 days 00:14:53,0,0,0,0,0,0,0,1,0
1,15,16,From Goal Kick,Denmark,3857266,0 days 00:15:16,0,0,0,0,0,0,1,0,0
1,15,20,From Goal Kick,Denmark,3857266,0 days 00:15:20,0,0,0,0,0,0,1,0,0
1,15,22,From Goal Kick,Denmark,3857266,0 days 00:15:22,0,0,0,0,0,0,1,0,0
1,15,33,From Goal Kick,Denmark,3857266,0 days 00:15:33,0,0,0,0,0,0,1,0,0
1,15,46,From Throw In,France,3857266,0 days 00:15:46,0,0,0,0,0,0,1,0,0
1,15,48,From Throw In,France,3857266,0 days 00:15:48,0,0,0,0,0,0,1,0,0
1,15,52,From Throw In,France,3857266,0 days 00:15:52,0,0,0,0,0,0,1,0,0
1,15,54,From Throw In,France,3857266,0 days 00:15:54,0,0,0,0,0,0,1,0,0
1,15,57,From Throw In,France,3857266,0 days 00:15:57,0,0,0,0,0,0,1,0,0
1,16,0,From Throw In,France,3857266,0 days 00:16:00,0,0,0,0,0,0,1,0,0
1,16,3,From Throw In,France,3857266,0 days 00:16:03,0,0,0,0,0,0,1,0,0
1,16,7,From Throw In,France,3857266,0 days 00:16:07,0,0,0,0,0,0,1,0,0
1,16,10,From Throw In,France,3857266,0 days 00:16:10,0,0,0,0,0,0,1,0,0
1,16,11,From Throw In,France,3857266,0 days 00:16:11,0,0,0,0,0,0,1,0,0
1,16,12,Regular Play,Denmark,3857266,0 days 00:16:12,0,0,0,0,0,1,0,0,0
1,16,13,Regular Play,Denmark,3857266,0 days 00:16:13,0,0,0,0,0,0,1,0,0
1,16,13,Regular Play,Denmark,3857266,0 days 00:16:13,0,0,0,0,0,0,1,0,0
1,16,14,Regular Play,Denmark,3857266,0 days 00:16:14,0,0,0,0,0,0,1,0,0
1,16,22,From Throw In,France,3857266,0 days 00:16:22,0,0,0,0,0,0,1,0,0
1,16,25,From Throw In,France,3857266,0 days 00:16:25,0,0,0,0,0,0,1,0,0
1,16,29,From Throw In,France,3857266,0 days 00:16:29,0,0,0,0,0,0,1,0,0
1,16,30,From Throw In,France,3857266,0 days 00:16:30,0,0,0,0,0,0,1,0,0
1,16,33,From Throw In,France,3857266,0 days 00:16:33,0,0,0,0,0,0,1,0,0
1,16,34,From Throw In,Denmark,3857266,0 days 00:16:34,1,0,0,0,0,0,0,0,0
1,16,37,From Throw In,France,3857266,0 days 00:16:37,0,0,0,0,0,0,1,0,0
1,16,39,Regular Play,Denmark,3857266,0 days 00:16:39,1,0,0,0,0,0,0,0,0
1,16,41,Regular Play,Denmark,3857266,0 days 00:16:41,0,0,0,0,0,0,1,0,0
1,16,48,Regular Play,Denmark,3857266,0 days 00:16:48,0,0,0,0,0,0,1,0,0
1,16,50,Regular Play,Denmark,3857266,0 days 00:16:50,0,0,0,0,0,0,1,0,0
1,16,54,Regular Play,Denmark,3857266,0 days 00:16:54,0,0,0,0,0,0,1,0,0
1,17,1,Regular Play,Denmark,3857266,0 days 00:17:01,0,0,0,0,0,0,1,0,0
1,17,2,Regular Play,Denmark,3857266,0 days 00:17:02,0,0,0,0,0,0,1,0,0
1,17,9,Regular Play,Denmark,3857266,0 days 00:17:09,0,0,0,0,0,0,1,0,0
1,17,15,Regular Play,Denmark,3857266,0 days 00:17:15,0,0,0,0,0,0,1,0,0
1,17,22,Regular Play,Denmark,3857266,0 days 00:17:22,0,0,0,0,0,0,1,0,0
1,17,26,Regular Play,Denmark,3857266,0 days 00:17:26,0,0,0,0,0,0,1,0,0
1,17,27,Regular Play,Denmark,3857266,0 days 00:17:27,0,0,0,0,0,0,1,0,0
1,17,27,Regular Play,France,3857266,0 days 00:17:27,0,0,0,0,0,1,0,0,0
1,17,29,Regular Play,Denmark,3857266,0 days 00:17:29,0,0,0,0,0,0,1,0,0
1,17,31,Regular Play,Denmark,3857266,0 days 00:17:31,0,0,0,0,0,0,1,0,0
1,17,36,Regular Play,Denmark,3857266,0 days 00:17:36,0,0,0,0,0,0,1,0,0
1,17,39,Regular Play,Denmark,3857266,0 days 00:17:39,0,0,0,0,0,0,1,0,0
1,17,42,Regular Play,Denmark,3857266,0 days 00:17:42,0,0,1,0,0,0,0,0,0
1,17,42,Regular Play,France,3857266,0 days 00:17:42,0,0,0,0,0,0,0,0,1
1,17,43,Regular Play,France,3857266,0 days 00:17:43,0,0,0,0,0,0,1,0,0
1,17,44,Regular Play,France,3857266,0 days 00:17:44,0,0,0,0,0,0,1,0,0
1,17,45,Regular Play,France,3857266,0 days 00:17:45,0,0,0,0,0,0,1,0,0
1,17,47,Regular Play,France,3857266,0 days 00:17:47,0,0,0,0,0,0,1,0,0
1,17,49,Regular Play,France,3857266,0 days 00:17:49,0,0,0,0,0,0,1,0,0
1,17,51,Regular Play,France,3857266,0 days 00:17:51,0,0,0,0,0,0,1,0,0
1,17,54,Regular Play,France,3857266,0 days 00:17:54,0,0,0,0,0,0,1,0,0
1,17,55,Regular Play,France,3857266,0 days 00:17:55,0,0,0,0,0,0,1,0,0
1,17,59,Regular Play,France,3857266,0 days 00:17:59,0,0,0,1,0,0,0,0,0
1,17,59,Regular Play,Denmark,3857266,0 days 00:17:59,0,0,0,0,0,0,0,0,1
1,18,0,Regular Play,Denmark,3857266,0 days 00:18:00,0,0,0,0,0,0,1,0,0
1,18,2,Regular Play,Denmark,3857266,0 days 00:18:02,0,0,0,0,0,0,1,0,0
1,18,4,Regular Play,Denmark,3857266,0 days 00:18:04,0,0,0,0,0,0,1,0,0
1,18,5,Regular Play,Denmark,3857266,0 days 00:18:05,0,0,0,0,0,0,1,0,0
1,18,8,Regular Play,Denmark,3857266,0 days 00:18:08,0,0,0,0,0,0,1,0,0
1,18,9,Regular Play,Denmark,3857266,0 days 00:18:09,0,0,0,0,0,0,1,0,0
1,18,11,Regular Play,Denmark,3857266,0 days 00:18:11,0,0,0,0,0,0,1,0,0
1,18,14,Regular Play,Denmark,3857266,0 days 00:18:14,0,0,0,0,0,0,1,0,0
1,18,18,Regular Play,Denmark,3857266,0 days 00:18:18,0,0,0,0,0,0,1,0,0
1,18,19,Regular Play,Denmark,3857266,0 days 00:18:19,0,0,0,0,0,0,1,0,0
1,18,21,Regular Play,Denmark,3857266,0 days 00:18:21,0,0,0,0,0,0,1,0,0
1,18,26,Regular Play,Denmark,3857266,0 days 00:18:26,0,0,0,0,0,0,1,0,0
1,18,27,Regular Play,Denmark,3857266,0 days 00:18:27,0,0,0,0,0,0,1,0,0
1,18,31,Regular Play,Denmark,3857266,0 days 00:18:31,0,0,0,0,0,0,1,0,0
1,18,37,Regular Play,Denmark,3857266,0 days 00:18:37,0,0,0,0,0,0,1,0,0
1,18,39,Regular Play,Denmark,3857266,0 days 00:18:39,0,0,0,0,0,0,1,0,0
1,18,42,Regular Play,Denmark,3857266,0 days 00:18:42,0,0,1,0,0,0,0,0,0
1,18,42,Regular Play,France,3857266,0 days 00:18:42,0,0,0,0,0,0,0,0,1
1,18,48,From Throw In,Denmark,3857266,0 days 00:18:48,0,0,0,0,0,0,1,0,0
1,18,51,From Throw In,Denmark,3857266,0 days 00:18:51,0,0,0,0,0,0,1,0,0
1,18,54,From Throw In,Denmark,3857266,0 days 00:18:54,0,0,0,0,0,0,1,0,0
1,18,54,From Throw In,Denmark,3857266,0 days 00:18:54,0,0,0,0,0,0,1,0,0
1,18,56,From Counter,France,3857266,0 days 00:18:56,0,0,0,0,0,0,1,0,0
1,19,0,From Counter,France,3857266,0 days 00:19:00,0,0,0,0,0,0,1,0,0
1,19,3,From Counter,Denmark,3857266,0 days 00:19:03,0,0,0,0,1,0,0,0,0
1,20,13,From Free Kick,France,3857266,0 days 00:20:13,0,0,0,0,0,0,1,0,0
1,20,17,From Free Kick,France,3857266,0 days 00:20:17,0,0,0,0,0,0,1,0,0
1,20,18,From Free Kick,France,3857266,0 days 00:20:18,0,0,0,0,0,0,0,1,0
1,20,24,Regular Play,Denmark,3857266,0 days 00:20:24,1,0,0,0,0,0,0,0,0
1,20,28,Regular Play,Denmark,3857266,0 days 00:20:28,0,0,0,0,0,0,1,0,0
1,20,32,Regular Play,France,3857266,0 days 00:20:32,1,0,0,0,0,0,0,0,0
1,20,33,Regular Play,France,3857266,0 days 00:20:33,0,0,0,0,0,0,1,0,0
1,20,36,Regular Play,France,3857266,0 days 00:20:36,0,0,0,0,0,0,1,0,0
1,20,38,Regular Play,France,3857266,0 days 00:20:38,0,0,0,0,0,0,1,0,0
1,20,41,Regular Play,France,3857266,0 days 00:20:41,0,0,0,0,0,0,1,0,0
1,20,43,Regular Play,France,3857266,0 days 00:20:43,0,0,0,0,0,0,1,0,0
1,20,46,Regular Play,France,3857266,0 days 00:20:46,0,0,0,0,0,0,1,0,0
1,20,52,Regular Play,France,3857266,0 days 00:20:52,0,0,0,0,0,0,1,0,0
1,20,54,Regular Play,France,3857266,0 days 00:20:54,0,0,0,0,0,0,1,0,0
1,20,58,Regular Play,France,3857266,0 days 00:20:58,0,0,0,0,0,0,1,0,0
1,21,9,Regular Play,France,3857266,0 days 00:21:09,0,0,0,0,0,0,1,0,0
1,21,11,Regular Play,France,3857266,0 days 00:21:11,0,0,0,0,0,0,1,0,0
1,21,13,Regular Play,France,3857266,0 days 00:21:13,0,0,0,0,0,0,1,0,0
1,21,14,Regular Play,Denmark,3857266,0 days 00:21:14,0,0,0,0,0,1,0,0,0
1,21,15,Regular Play,Denmark,3857266,0 days 00:21:15,0,0,0,1,0,0,0,0,0
1,21,15,Regular Play,France,3857266,0 days 00:21:15,0,0,0,0,0,0,0,0,1
1,21,17,Regular Play,France,3857266,0 days 00:21:17,0,0,0,0,0,0,1,0,0
1,21,18,Regular Play,France,3857266,0 days 00:21:18,0,0,0,0,0,0,1,0,0
1,21,21,Regular Play,France,3857266,0 days 00:21:21,0,0,0,0,0,0,1,0,0
1,21,23,From Counter,Denmark,3857266,0 days 00:21:23,0,0,0,0,0,0,1,0,0
1,21,25,From Counter,France,3857266,0 days 00:21:25,0,0,0,0,1,0,0,0,0
1,21,51,From Free Kick,Denmark,3857266,0 days 00:21:51,0,0,0,0,0,0,1,0,0
1,21,51,From Free Kick,Denmark,3857266,0 days 00:21:51,0,0,0,0,0,0,1,0,0
1,21,55,From Free Kick,Denmark,3857266,0 days 00:21:55,0,0,0,0,0,0,1,0,0
1,21,57,From Free Kick,Denmark,3857266,0 days 00:21:57,0,0,0,0,0,0,1,0,0
1,12,28,From Goal Kick,Ecuador,3857267,0 days 00:12:28,0,0,0,0,0,0,1,0,0
1,12,33,From Goal Kick,Ecuador,3857267,0 days 00:12:33,0,0,0,0,0,0,1,0,0
1,12,35,From Goal Kick,Senegal,3857267,0 days 00:12:35,0,1,0,0,0,0,0,0,0
1,12,39,From Goal Kick,Senegal,3857267,0 days 00:12:39,0,0,0,0,0,0,1,0,0
1,12,43,From Goal Kick,Ecuador,3857267,0 days 00:12:43,0,0,0,0,0,0,1,0,0
1,12,51,From Goal Kick,Ecuador,3857267,0 days 00:12:51,0,0,0,0,0,0,1,0,0
1,12,54,From Goal Kick,Ecuador,3857267,0 days 00:12:54,0,0,0,0,0,0,1,0,0
1,12,58,From Goal Kick,Ecuador,3857267,0 days 00:12:58,0,0,0,0,0,0,1,0,0
1,12,59,From Goal Kick,Ecuador,3857267,0 days 00:12:59,0,0,0,0,0,0,1,0,0
1,13,4,From Goal Kick,Ecuador,3857267,0 days 00:13:04,0,0,0,0,0,0,1,0,0
1,13,8,From Goal Kick,Ecuador,3857267,0 days 00:13:08,0,0,0,0,0,0,1,0,0
1,13,12,From Goal Kick,Ecuador,3857267,0 days 00:13:12,0,0,0,0,0,0,1,0,0
1,13,14,From Goal Kick,Senegal,3857267,0 days 00:13:14,0,0,0,0,0,0,1,0,0
1,13,17,From Goal Kick,Senegal,3857267,0 days 00:13:17,0,0,0,0,0,0,1,0,0
1,13,18,From Goal Kick,Ecuador,3857267,0 days 00:13:18,0,0,0,0,0,1,0,0,0
1,13,19,From Goal Kick,Ecuador,3857267,0 days 00:13:19,0,0,0,0,0,0,1,0,0
1,13,20,From Goal Kick,Ecuador,3857267,0 days 00:13:20,0,0,0,1,0,0,0,0,0
1,13,23,From Goal Kick,Ecuador,3857267,0 days 00:13:23,0,0,0,0,0,0,1,0,0
1,13,25,From Goal Kick,Ecuador,3857267,0 days 00:13:25,1,0,0,0,0,0,0,0,0
1,13,26,From Goal Kick,Senegal,3857267,0 days 00:13:26,0,1,0,0,0,0,0,0,0
1,13,29,Regular Play,Senegal,3857267,0 days 00:13:29,1,0,0,0,0,0,0,0,0
1,13,34,Regular Play,Senegal,3857267,0 days 00:13:34,0,0,0,0,0,0,1,0,0
1,13,41,Regular Play,Senegal,3857267,0 days 00:13:41,0,0,0,0,0,0,1,0,0
1,13,45,Regular Play,Senegal,3857267,0 days 00:13:45,0,0,0,1,0,0,0,0,0
1,13,46,Regular Play,Senegal,3857267,0 days 00:13:46,0,0,0,1,0,0,0,0,0
1,13,47,Regular Play,Senegal,3857267,0 days 00:13:47,0,0,0,0,0,0,1,0,0
1,13,50,Regular Play,Senegal,3857267,0 days 00:13:50,0,0,0,0,0,0,1,0,0
1,13,52,Regular Play,Senegal,3857267,0 days 00:13:52,0,0,0,0,0,0,1,0,0
1,13,56,Regular Play,Senegal,3857267,0 days 00:13:56,0,0,0,0,0,0,1,0,0
1,13,58,Regular Play,Senegal,3857267,0 days 00:13:58,0,0,0,0,0,0,1,0,0
1,13,58,Regular Play,Ecuador,3857267,0 days 00:13:58,1,0,0,0,0,0,0,0,0
1,14,29,Regular Play,Ecuador,3857267,0 days 00:14:29,0,0,0,0,0,0,1,0,0
1,14,33,Regular Play,Senegal,3857267,0 days 00:14:33,0,0,0,0,0,0,1,0,0
1,14,35,Regular Play,Senegal,3857267,0 days 00:14:35,0,0,0,0,0,0,1,0,0
1,14,36,Regular Play,Ecuador,3857267,0 days 00:14:36,0,0,0,0,1,0,0,0,0
1,14,51,From Free Kick,Senegal,3857267,0 days 00:14:51,0,0,0,0,0,0,1,0,0
1,14,54,From Free Kick,Senegal,3857267,0 days 00:14:54,0,0,0,0,0,0,1,0,0
1,14,56,From Free Kick,Senegal,3857267,0 days 00:14:56,0,0,0,0,0,0,1,0,0
1,14,58,From Free Kick,Senegal,3857267,0 days 00:14:58,0,0,0,0,0,0,1,0,0
1,14,59,From Free Kick,Ecuador,3857267,0 days 00:14:59,0,0,0,0,0,1,0,0,0
1,15,20,From Throw In,Senegal,3857267,0 days 00:15:20,0,0,0,0,0,0,1,0,0
1,15,21,From Throw In,Senegal,3857267,0 days 00:15:21,0,0,0,0,0,0,1,0,0
1,15,28,From Throw In,Ecuador,3857267,0 days 00:15:28,0,0,0,0,1,0,0,0,0
1,15,46,From Free Kick,Senegal,3857267,0 days 00:15:46,0,0,0,0,0,0,1,0,0
1,15,52,From Free Kick,Senegal,3857267,0 days 00:15:52,0,0,0,0,0,0,1,0,0
1,15,54,From Free Kick,Senegal,3857267,0 days 00:15:54,0,0,0,0,0,0,1,0,0
1,15,58,From Free Kick,Senegal,3857267,0 days 00:15:58,0,0,0,0,0,0,1,0,0
1,16,2,From Free Kick,Senegal,3857267,0 days 00:16:02,0,0,0,0,0,0,1,0,0
1,16,3,From Free Kick,Senegal,3857267,0 days 00:16:03,0,0,0,0,1,0,0,0,0
1,16,48,From Free Kick,Ecuador,3857267,0 days 00:16:48,0,0,0,0,0,0,1,0,0
1,16,50,From Free Kick,Senegal,3857267,0 days 00:16:50,0,0,0,0,0,0,1,0,0
1,16,59,From Free Kick,Senegal,3857267,0 days 00:16:59,0,0,0,0,0,0,1,0,0
1,17,3,From Free Kick,Ecuador,3857267,0 days 00:17:03,1,0,0,0,0,0,0,0,0
1,17,5,From Free Kick,Ecuador,3857267,0 days 00:17:05,0,0,1,0,0,0,0,0,0
1,17,5,From Free Kick,Senegal,3857267,0 days 00:17:05,0,0,0,0,0,0,0,0,1
1,18,2,From Corner,Senegal,3857267,0 days 00:18:02,0,0,0,0,0,0,1,0,0
1,18,8,From Corner,Senegal,3857267,0 days 00:18:08,0,0,0,0,0,0,1,0,0
1,18,11,From Counter,Ecuador,3857267,0 days 00:18:11,0,0,0,0,0,0,1,0,0
1,18,17,From Counter,Ecuador,3857267,0 days 00:18:17,0,0,0,0,0,0,1,0,0
1,18,19,Regular Play,Senegal,3857267,0 days 00:18:19,0,0,0,0,0,0,1,0,0
1,18,22,Regular Play,Ecuador,3857267,0 days 00:18:22,0,0,0,0,1,0,0,0,0
1,18,44,From Free Kick,Senegal,3857267,0 days 00:18:44,0,0,0,0,0,0,1,0,0
1,18,50,From Free Kick,Senegal,3857267,0 days 00:18:50,0,0,0,0,0,0,1,0,0
1,18,53,Regular Play,Ecuador,3857267,0 days 00:18:53,1,0,0,0,0,0,0,0,0
1,18,54,Regular Play,Senegal,3857267,0 days 00:18:54,0,0,0,0,1,0,0,0,0
1,21,20,From Free Kick,Ecuador,3857267,0 days 00:21:20,0,0,0,0,0,0,1,0,0
1,21,24,From Free Kick,Ecuador,3857267,0 days 00:21:24,0,0,0,0,0,0,1,0,0
1,21,28,From Free Kick,Ecuador,3857267,0 days 00:21:28,0,0,0,0,0,0,1,0,0
1,21,31,From Free Kick,Ecuador,3857267,0 days 00:21:31,0,0,0,0,0,0,1,0,0
1,21,36,From Free Kick,Senegal,3857267,0 days 00:21:36,0,0,0,0,0,0,1,0,0
1,21,38,From Free Kick,Senegal,3857267,0 days 00:21:38,0,1,0,0,0,0,0,0,0
1,21,52,From Throw In,Ecuador,3857267,0 days 00:21:52,0,0,0,0,0,0,1,0,0
1,21,55,From Throw In,Ecuador,3857267,0 days 00:21:55,0,0,0,0,0,0,1,0,0
1,12,0,From Throw In,Canada,3857268,0 days 00:12:00,0,0,1,0,0,0,0,0,0
1,12,0,From Throw In,Belgium,3857268,0 days 00:12:00,0,0,0,0,0,0,0,0,1
1,12,10,From Throw In,Canada,3857268,0 days 00:12:10,0,0,0,0,0,0,1,0,0
1,12,12,From Throw In,Canada,3857268,0 days 00:12:12,0,0,0,0,0,0,1,0,0
1,12,14,From Throw In,Canada,3857268,0 days 00:12:14,0,0,0,0,0,0,0,1,0
1,12,33,From Goal Kick,Belgium,3857268,0 days 00:12:33,0,0,0,0,0,0,1,0,0
1,12,34,From Goal Kick,Belgium,3857268,0 days 00:12:34,0,0,0,0,0,0,1,0,0
1,12,36,From Goal Kick,Belgium,3857268,0 days 00:12:36,0,0,0,0,0,0,1,0,0
1,12,38,Regular Play,Canada,3857268,0 days 00:12:38,0,0,0,0,0,0,1,0,0
1,12,39,Regular Play,Canada,3857268,0 days 00:12:39,0,0,0,0,0,0,1,0,0
1,12,41,Regular Play,Canada,3857268,0 days 00:12:41,0,0,0,0,0,0,1,0,0
1,12,43,Regular Play,Canada,3857268,0 days 00:12:43,0,0,0,0,0,0,1,0,0
1,12,47,Regular Play,Canada,3857268,0 days 00:12:47,0,0,0,0,0,0,1,0,0
1,12,48,Regular Play,Canada,3857268,0 days 00:12:48,0,0,0,0,0,0,1,0,0
1,12,49,Regular Play,Belgium,3857268,0 days 00:12:49,0,1,0,0,0,0,0,0,0
1,12,50,Regular Play,Canada,3857268,0 days 00:12:50,1,0,0,0,0,0,0,0,0
1,12,51,Regular Play,Canada,3857268,0 days 00:12:51,0,0,0,0,0,0,0,1,0
1,12,52,Regular Play,Belgium,3857268,0 days 00:12:52,1,0,0,0,0,0,0,0,0
1,12,54,Regular Play,Belgium,3857268,0 days 00:12:54,0,0,0,0,0,0,1,0,0
1,13,41,From Free Kick,Belgium,3857268,0 days 00:13:41,0,0,0,0,0,0,1,0,0
1,13,44,From Free Kick,Belgium,3857268,0 days 00:13:44,0,0,0,0,0,0,1,0,0
1,13,47,From Free Kick,Belgium,3857268,0 days 00:13:47,0,0,0,0,0,0,1,0,0
1,13,51,From Free Kick,Belgium,3857268,0 days 00:13:51,0,0,0,0,0,0,1,0,0
1,13,54,From Free Kick,Belgium,3857268,0 days 00:13:54,0,0,0,0,0,0,1,0,0
1,13,56,From Free Kick,Belgium,3857268,0 days 00:13:56,0,0,0,0,0,0,1,0,0
1,13,58,From Free Kick,Belgium,3857268,0 days 00:13:58,0,0,0,0,0,0,1,0,0
1,14,1,From Free Kick,Belgium,3857268,0 days 00:14:01,0,0,0,0,0,0,1,0,0
1,14,3,From Free Kick,Belgium,3857268,0 days 00:14:03,0,0,0,0,0,0,1,0,0
1,14,16,From Throw In,Belgium,3857268,0 days 00:14:16,0,0,0,0,0,0,1,0,0
1,14,17,From Throw In,Canada,3857268,0 days 00:14:17,0,0,0,0,0,1,0,0,0
1,14,19,From Throw In,Belgium,3857268,0 days 00:14:19,0,0,0,0,0,0,1,0,0
1,14,26,From Throw In,Canada,3857268,0 days 00:14:26,0,0,0,0,0,0,1,0,0
1,14,28,From Throw In,Canada,3857268,0 days 00:14:28,0,0,0,0,0,0,1,0,0
1,14,30,Regular Play,Belgium,3857268,0 days 00:14:30,1,0,0,0,0,0,0,0,0
1,14,32,Regular Play,Belgium,3857268,0 days 00:14:32,0,0,0,0,0,0,1,0,0
1,14,33,Regular Play,Canada,3857268,0 days 00:14:33,0,0,0,0,1,0,0,0,0
1,14,34,Regular Play,Belgium,3857268,0 days 00:14:34,0,0,0,0,0,0,1,0,0
1,14,37,Regular Play,Belgium,3857268,0 days 00:14:37,0,0,0,0,0,0,1,0,0
1,14,39,Regular Play,Belgium,3857268,0 days 00:14:39,0,0,0,0,0,0,1,0,0
1,14,40,Regular Play,Belgium,3857268,0 days 00:14:40,0,0,0,0,0,0,1,0,0
1,14,41,Regular Play,Belgium,3857268,0 days 00:14:41,0,0,0,0,0,0,1,0,0
1,14,47,Regular Play,Belgium,3857268,0 days 00:14:47,0,0,0,0,0,0,1,0,0
1,14,49,Regular Play,Belgium,3857268,0 days 00:14:49,0,0,0,0,0,0,1,0,0
1,14,50,Regular Play,Belgium,3857268,0 days 00:14:50,0,0,0,0,0,0,1,0,0
1,14,52,Regular Play,Belgium,3857268,0 days 00:14:52,0,0,0,0,0,0,1,0,0
1,15,5,From Throw In,Canada,3857268,0 days 00:15:05,0,0,0,0,0,0,1,0,0
1,15,7,From Throw In,Canada,3857268,0 days 00:15:07,0,0,0,0,0,0,1,0,0
1,15,16,From Throw In,Canada,3857268,0 days 00:15:16,0,0,0,0,0,0,1,0,0
1,15,22,From Throw In,Canada,3857268,0 days 00:15:22,0,0,0,0,0,0,1,0,0
1,15,30,From Throw In,Canada,3857268,0 days 00:15:30,0,0,0,0,0,0,0,1,0
1,15,53,From Goal Kick,Belgium,3857268,0 days 00:15:53,0,0,0,0,0,0,1,0,0
1,15,56,From Goal Kick,Belgium,3857268,0 days 00:15:56,0,0,0,0,0,0,1,0,0
1,15,58,From Goal Kick,Belgium,3857268,0 days 00:15:58,0,0,0,0,0,0,1,0,0
1,16,2,From Goal Kick,Belgium,3857268,0 days 00:16:02,0,0,0,0,0,0,1,0,0
1,16,6,From Goal Kick,Belgium,3857268,0 days 00:16:06,0,0,0,0,0,0,1,0,0
1,16,9,From Goal Kick,Belgium,3857268,0 days 00:16:09,0,0,0,0,0,0,1,0,0
1,16,12,From Goal Kick,Belgium,3857268,0 days 00:16:12,0,0,0,0,0,0,1,0,0
1,16,14,From Goal Kick,Canada,3857268,0 days 00:16:14,0,0,0,0,0,0,1,0,0
1,16,16,From Goal Kick,Belgium,3857268,0 days 00:16:16,0,0,0,0,0,0,1,0,0
1,16,19,From Goal Kick,Belgium,3857268,0 days 00:16:19,0,0,0,0,0,0,1,0,0
1,16,21,From Goal Kick,Belgium,3857268,0 days 00:16:21,0,0,0,1,0,0,0,0,0
1,16,23,From Goal Kick,Belgium,3857268,0 days 00:16:23,0,0,0,0,0,0,1,0,0
1,16,25,From Goal Kick,Belgium,3857268,0 days 00:16:25,0,0,0,0,0,0,1,0,0
1,16,28,From Goal Kick,Belgium,3857268,0 days 00:16:28,0,0,0,0,0,0,1,0,0
1,16,30,From Goal Kick,Canada,3857268,0 days 00:16:30,0,0,0,0,0,1,0,0,0
1,16,35,From Throw In,Belgium,3857268,0 days 00:16:35,0,0,0,0,0,0,1,0,0
1,16,39,From Throw In,Belgium,3857268,0 days 00:16:39,0,0,0,0,0,0,1,0,0
1,16,42,From Throw In,Belgium,3857268,0 days 00:16:42,0,0,0,0,0,0,1,0,0
1,16,46,From Throw In,Belgium,3857268,0 days 00:16:46,0,0,0,0,0,0,1,0,0
1,16,50,From Throw In,Canada,3857268,0 days 00:16:50,0,0,0,0,1,0,0,0,0
1,17,13,From Free Kick,Belgium,3857268,0 days 00:17:13,0,0,0,0,0,0,1,0,0
1,17,15,From Free Kick,Belgium,3857268,0 days 00:17:15,0,0,0,0,0,0,1,0,0
1,17,18,From Free Kick,Belgium,3857268,0 days 00:17:18,0,0,0,0,0,0,1,0,0
1,17,20,From Free Kick,Belgium,3857268,0 days 00:17:20,0,0,0,0,0,0,1,0,0
1,17,26,From Free Kick,Belgium,3857268,0 days 00:17:26,0,0,0,0,0,0,1,0,0
1,17,29,From Free Kick,Belgium,3857268,0 days 00:17:29,0,0,0,0,0,0,1,0,0
1,17,30,From Free Kick,Canada,3857268,0 days 00:17:30,0,0,0,0,0,0,1,0,0
1,17,34,From Throw In,Belgium,3857268,0 days 00:17:34,0,0,0,0,0,0,1,0,0
1,17,37,From Throw In,Belgium,3857268,0 days 00:17:37,0,0,0,0,0,0,1,0,0
1,17,39,From Throw In,Belgium,3857268,0 days 00:17:39,0,0,0,0,0,0,1,0,0
1,17,42,From Throw In,Belgium,3857268,0 days 00:17:42,0,0,0,0,0,0,1,0,0
1,17,44,From Throw In,Belgium,3857268,0 days 00:17:44,0,0,0,0,0,0,1,0,0
1,17,47,From Throw In,Belgium,3857268,0 days 00:17:47,0,0,0,0,0,0,1,0,0
1,17,49,From Throw In,Belgium,3857268,0 days 00:17:49,0,0,0,0,0,0,1,0,0
1,17,53,From Throw In,Belgium,3857268,0 days 00:17:53,0,0,0,0,0,0,1,0,0
1,17,56,From Throw In,Belgium,3857268,0 days 00:17:56,0,0,0,0,0,0,1,0,0
1,18,0,From Throw In,Belgium,3857268,0 days 00:18:00,0,0,0,0,0,0,1,0,0
1,18,2,From Throw In,Belgium,3857268,0 days 00:18:02,0,0,0,0,0,0,1,0,0
1,18,7,From Throw In,Belgium,3857268,0 days 00:18:07,0,0,0,0,0,0,1,0,0
1,18,9,Regular Play,Canada,3857268,0 days 00:18:09,1,0,0,0,0,0,0,0,0
1,18,14,Regular Play,Canada,3857268,0 days 00:18:14,0,0,0,0,0,0,1,0,0
1,18,20,Regular Play,Canada,3857268,0 days 00:18:20,0,0,0,0,0,0,1,0,0
1,18,39,From Throw In,Canada,3857268,0 days 00:18:39,0,0,0,0,0,0,1,0,0
1,18,40,From Throw In,Canada,3857268,0 days 00:18:40,0,0,0,0,0,0,1,0,0
1,18,42,Regular Play,Belgium,3857268,0 days 00:18:42,1,0,0,0,0,0,0,0,0
1,18,43,Regular Play,Belgium,3857268,0 days 00:18:43,0,0,0,0,0,0,1,0,0
1,18,46,Regular Play,Belgium,3857268,0 days 00:18:46,0,0,0,0,0,0,1,0,0
1,18,49,Regular Play,Belgium,3857268,0 days 00:18:49,0,0,0,0,0,0,1,0,0
1,18,52,Regular Play,Belgium,3857268,0 days 00:18:52,0,0,0,0,0,0,1,0,0
1,18,58,Regular Play,Belgium,3857268,0 days 00:18:58,0,0,0,0,0,0,1,0,0
1,19,0,Regular Play,Belgium,3857268,0 days 00:19:00,0,0,0,0,0,0,1,0,0
1,19,2,Regular Play,Belgium,3857268,0 days 00:19:02,0,0,0,0,0,0,1,0,0
1,19,4,Regular Play,Belgium,3857268,0 days 00:19:04,0,0,0,0,0,0,1,0,0
1,19,10,Regular Play,Belgium,3857268,0 days 00:19:10,0,0,0,0,0,0,1,0,0
1,19,11,Regular Play,Belgium,3857268,0 days 00:19:11,0,0,0,0,0,0,1,0,0
1,19,13,Regular Play,Belgium,3857268,0 days 00:19:13,0,0,0,0,0,0,1,0,0
1,19,20,Regular Play,Canada,3857268,0 days 00:19:20,0,0,0,0,1,0,0,0,0
1,19,40,From Free Kick,Belgium,3857268,0 days 00:19:40,0,0,0,0,0,0,1,0,0
1,19,42,From Free Kick,Belgium,3857268,0 days 00:19:42,0,0,0,0,0,0,1,0,0
1,19,45,From Free Kick,Belgium,3857268,0 days 00:19:45,0,0,0,0,0,0,1,0,0
1,19,48,From Free Kick,Belgium,3857268,0 days 00:19:48,0,0,0,0,0,0,1,0,0
1,19,52,From Free Kick,Belgium,3857268,0 days 00:19:52,0,0,0,0,0,0,1,0,0
1,19,55,From Free Kick,Belgium,3857268,0 days 00:19:55,0,0,0,0,0,0,1,0,0
1,19,59,From Free Kick,Belgium,3857268,0 days 00:19:59,0,0,0,0,0,0,1,0,0
1,20,2,From Free Kick,Belgium,3857268,0 days 00:20:02,0,0,0,0,0,0,1,0,0
1,20,5,From Free Kick,Belgium,3857268,0 days 00:20:05,0,0,0,0,0,0,1,0,0
1,20,7,From Free Kick,Belgium,3857268,0 days 00:20:07,0,0,1,0,0,0,0,0,0
1,20,7,From Free Kick,Canada,3857268,0 days 00:20:07,0,0,0,0,0,0,0,0,1
1,20,31,From Throw In,Canada,3857268,0 days 00:20:31,0,0,0,0,0,0,1,0,0
1,20,32,From Throw In,Canada,3857268,0 days 00:20:32,0,0,0,0,0,0,1,0,0
1,20,35,From Throw In,Canada,3857268,0 days 00:20:35,0,0,0,0,0,0,1,0,0
1,20,37,From Throw In,Belgium,3857268,0 days 00:20:37,0,1,0,0,0,0,0,0,0
1,20,47,From Goal Kick,Belgium,3857268,0 days 00:20:47,0,0,0,0,0,0,1,0,0
1,20,49,From Goal Kick,Belgium,3857268,0 days 00:20:49,0,0,0,0,0,0,1,0,0
1,20,49,From Goal Kick,Canada,3857268,0 days 00:20:49,0,0,0,0,0,1,0,0,0
1,21,8,From Throw In,Belgium,3857268,0 days 00:21:08,0,0,0,0,0,0,1,0,0
1,21,9,From Throw In,Belgium,3857268,0 days 00:21:09,0,0,0,1,0,0,0,0,0
1,21,9,From Throw In,Canada,3857268,0 days 00:21:09,0,0,0,0,1,0,0,0,0
1,21,29,From Free Kick,Belgium,3857268,0 days 00:21:29,0,0,0,0,0,0,1,0,0
1,21,31,From Free Kick,Belgium,3857268,0 days 00:21:31,0,0,0,0,0,0,1,0,0
1,21,33,From Free Kick,Belgium,3857268,0 days 00:21:33,0,0,0,0,0,0,1,0,0
1,21,36,From Free Kick,Belgium,3857268,0 days 00:21:36,0,0,0,0,0,0,1,0,0
1,21,39,From Free Kick,Belgium,3857268,0 days 00:21:39,0,0,0,0,0,0,1,0,0
1,21,42,From Free Kick,Belgium,3857268,0 days 00:21:42,0,0,0,0,0,0,1,0,0
1,21,44,From Free Kick,Belgium,3857268,0 days 00:21:44,0,0,0,0,0,0,1,0,0
1,21,45,From Free Kick,Belgium,3857268,0 days 00:21:45,0,0,0,0,0,0,1,0,0
1,21,47,From Free Kick,Canada,3857268,0 days 00:21:47,0,0,0,0,0,0,1,0,0
1,21,50,From Free Kick,Belgium,3857268,0 days 00:21:50,1,0,0,0,0,0,0,0,0
1,21,51,From Free Kick,Belgium,3857268,0 days 00:21:51,0,0,0,0,0,0,1,0,0
1,21,56,From Free Kick,Canada,3857268,0 days 00:21:56,0,0,0,0,1,0,0,0,0
1,21,58,From Free Kick,Belgium,3857268,0 days 00:21:58,0,0,0,0,0,0,1,0,0
1,12,15,From Throw In,Brazil,3857269,0 days 00:12:15,0,0,0,0,0,0,1,0,0
1,12,16,From Throw In,Brazil,3857269,0 days 00:12:16,0,0,0,0,0,0,1,0,0
1,12,17,From Throw In,Brazil,3857269,0 days 00:12:17,0,0,0,0,0,0,1,0,0
1,12,19,From Throw In,Brazil,3857269,0 days 00:12:19,0,0,0,0,0,0,1,0,0
1,12,22,From Throw In,Brazil,3857269,0 days 00:12:22,0,0,0,0,0,0,1,0,0
1,12,26,From Throw In,Brazil,3857269,0 days 00:12:26,0,0,0,0,0,0,1,0,0
1,12,28,From Throw In,Brazil,3857269,0 days 00:12:28,0,0,0,0,0,0,1,0,0
1,12,33,From Throw In,Brazil,3857269,0 days 00:12:33,0,0,0,0,0,0,1,0,0
1,12,34,From Throw In,Brazil,3857269,0 days 00:12:34,0,0,0,0,0,0,1,0,0
1,12,35,From Throw In,Brazil,3857269,0 days 00:12:35,0,0,0,0,0,0,1,0,0
1,12,58,From Goal Kick,Switzerland,3857269,0 days 00:12:58,0,0,0,0,0,0,1,0,0
1,13,0,From Goal Kick,Switzerland,3857269,0 days 00:13:00,0,0,0,0,0,0,1,0,0
1,13,1,From Goal Kick,Switzerland,3857269,0 days 00:13:01,0,0,0,0,0,0,1,0,0
1,13,3,From Goal Kick,Switzerland,3857269,0 days 00:13:03,0,0,0,0,0,0,1,0,0
1,13,4,From Goal Kick,Brazil,3857269,0 days 00:13:04,0,0,0,0,1,0,0,0,0
1,13,16,From Free Kick,Switzerland,3857269,0 days 00:13:16,0,0,0,0,0,0,1,0,0
1,13,20,From Free Kick,Switzerland,3857269,0 days 00:13:20,0,0,0,0,0,0,1,0,0
1,13,24,From Free Kick,Switzerland,3857269,0 days 00:13:24,0,0,0,0,0,0,1,0,0
1,13,30,From Free Kick,Switzerland,3857269,0 days 00:13:30,0,0,0,0,0,0,1,0,0
1,13,31,From Free Kick,Switzerland,3857269,0 days 00:13:31,0,0,0,0,0,0,1,0,0
1,13,33,From Free Kick,Switzerland,3857269,0 days 00:13:33,0,0,0,0,0,0,1,0,0
1,13,35,From Free Kick,Switzerland,3857269,0 days 00:13:35,0,0,0,0,0,0,1,0,0
1,13,41,From Free Kick,Switzerland,3857269,0 days 00:13:41,0,0,0,0,0,0,1,0,0
1,13,43,From Free Kick,Switzerland,3857269,0 days 00:13:43,0,0,0,0,0,0,1,0,0
1,13,46,From Free Kick,Switzerland,3857269,0 days 00:13:46,0,0,0,0,0,0,1,0,0
1,13,48,From Free Kick,Switzerland,3857269,0 days 00:13:48,0,0,0,0,0,0,1,0,0
1,13,50,From Free Kick,Brazil,3857269,0 days 00:13:50,0,0,0,0,1,0,0,0,0
1,14,49,From Free Kick,Switzerland,3857269,0 days 00:14:49,0,0,0,0,0,0,1,0,0
1,14,50,From Free Kick,Switzerland,3857269,0 days 00:14:50,0,0,0,0,0,0,1,0,0
1,14,55,From Free Kick,Switzerland,3857269,0 days 00:14:55,0,0,0,0,0,0,1,0,0
1,14,56,From Free Kick,Brazil,3857269,0 days 00:14:56,0,1,0,0,0,0,0,0,0
1,14,58,From Free Kick,Switzerland,3857269,0 days 00:14:58,1,0,0,0,0,0,0,0,0
1,15,0,From Free Kick,Switzerland,3857269,0 days 00:15:00,0,0,0,0,0,0,1,0,0
1,15,25,From Throw In,Brazil,3857269,0 days 00:15:25,0,0,0,0,0,0,1,0,0
1,15,30,Regular Play,Switzerland,3857269,0 days 00:15:30,0,0,0,0,0,0,1,0,0
1,15,33,Regular Play,Switzerland,3857269,0 days 00:15:33,0,0,0,0,0,0,1,0,0
1,15,37,Regular Play,Switzerland,3857269,0 days 00:15:37,0,0,0,0,0,0,1,0,0
1,15,38,Regular Play,Switzerland,3857269,0 days 00:15:38,0,0,0,0,0,0,1,0,0
1,15,44,From Throw In,Brazil,3857269,0 days 00:15:44,0,0,0,0,0,0,1,0,0
1,15,48,From Throw In,Brazil,3857269,0 days 00:15:48,0,0,0,0,0,0,1,0,0
1,15,50,From Throw In,Brazil,3857269,0 days 00:15:50,0,0,0,0,0,0,1,0,0
1,15,53,From Throw In,Brazil,3857269,0 days 00:15:53,0,0,0,0,0,0,1,0,0
1,15,57,From Throw In,Brazil,3857269,0 days 00:15:57,0,0,0,0,0,0,1,0,0
1,16,1,From Throw In,Brazil,3857269,0 days 00:16:01,0,0,0,0,0,0,1,0,0
1,16,4,From Throw In,Brazil,3857269,0 days 00:16:04,0,0,0,0,0,0,1,0,0
1,16,8,From Throw In,Brazil,3857269,0 days 00:16:08,0,0,0,0,0,0,1,0,0
1,16,14,From Throw In,Brazil,3857269,0 days 00:16:14,0,0,0,0,0,0,1,0,0
1,16,18,From Throw In,Brazil,3857269,0 days 00:16:18,0,0,0,0,0,0,1,0,0
1,16,21,From Throw In,Brazil,3857269,0 days 00:16:21,0,0,0,0,0,0,1,0,0
1,16,27,From Throw In,Brazil,3857269,0 days 00:16:27,0,0,0,0,0,0,1,0,0
1,16,30,From Throw In,Brazil,3857269,0 days 00:16:30,0,0,0,0,0,0,1,0,0
1,16,33,From Throw In,Brazil,3857269,0 days 00:16:33,0,0,0,0,0,0,1,0,0
1,16,39,From Throw In,Brazil,3857269,0 days 00:16:39,0,0,0,0,0,0,1,0,0
1,16,41,From Throw In,Brazil,3857269,0 days 00:16:41,0,0,0,0,0,0,1,0,0
1,16,43,From Throw In,Brazil,3857269,0 days 00:16:43,0,0,0,0,0,0,1,0,0
1,16,45,From Throw In,Switzerland,3857269,0 days 00:16:45,0,0,0,0,1,0,0,0,0
1,16,57,From Free Kick,Brazil,3857269,0 days 00:16:57,0,0,0,0,0,0,1,0,0
1,17,0,From Free Kick,Brazil,3857269,0 days 00:17:00,0,0,0,0,0,0,1,0,0
1,17,5,From Free Kick,Brazil,3857269,0 days 00:17:05,0,0,0,0,0,0,1,0,0
1,17,7,From Free Kick,Brazil,3857269,0 days 00:17:07,0,0,0,0,0,0,1,0,0
1,17,9,From Free Kick,Switzerland,3857269,0 days 00:17:09,0,0,0,0,0,0,1,0,0
1,17,10,Regular Play,Switzerland,3857269,0 days 00:17:10,0,0,0,0,0,0,1,0,0
1,17,11,Regular Play,Switzerland,3857269,0 days 00:17:11,0,0,0,0,0,0,1,0,0
1,17,13,Regular Play,Switzerland,3857269,0 days 00:17:13,0,0,0,0,0,0,1,0,0
1,17,19,Regular Play,Switzerland,3857269,0 days 00:17:19,0,0,0,0,0,0,1,0,0
1,17,21,Regular Play,Switzerland,3857269,0 days 00:17:21,0,0,0,0,0,0,1,0,0
1,17,22,Regular Play,Switzerland,3857269,0 days 00:17:22,0,0,0,0,0,0,1,0,0
1,17,26,Regular Play,Switzerland,3857269,0 days 00:17:26,0,0,0,0,0,0,1,0,0
1,17,28,Regular Play,Switzerland,3857269,0 days 00:17:28,0,0,0,0,0,0,1,0,0
1,17,30,Regular Play,Switzerland,3857269,0 days 00:17:30,0,0,0,0,0,0,1,0,0
1,17,34,Regular Play,Brazil,3857269,0 days 00:17:34,1,0,0,0,0,0,0,0,0
1,17,36,Regular Play,Brazil,3857269,0 days 00:17:36,0,0,0,0,0,0,1,0,0
1,17,37,Regular Play,Brazil,3857269,0 days 00:17:37,0,0,0,0,0,0,1,0,0
1,17,45,Regular Play,Brazil,3857269,0 days 00:17:45,0,0,0,0,0,0,1,0,0
1,17,47,Regular Play,Brazil,3857269,0 days 00:17:47,0,0,0,0,0,0,1,0,0
1,17,51,Regular Play,Brazil,3857269,0 days 00:17:51,0,0,0,0,0,0,1,0,0
1,17,57,Regular Play,Brazil,3857269,0 days 00:17:57,0,0,0,0,0,0,1,0,0
1,18,0,Regular Play,Brazil,3857269,0 days 00:18:00,0,0,0,0,0,0,1,0,0
1,18,3,Regular Play,Brazil,3857269,0 days 00:18:03,0,0,1,0,0,0,0,0,0
1,18,3,Regular Play,Switzerland,3857269,0 days 00:18:03,0,0,0,0,0,0,0,0,1
1,18,3,Regular Play,Switzerland,3857269,0 days 00:18:03,1,0,0,0,0,0,0,0,0
1,18,5,Regular Play,Brazil,3857269,0 days 00:18:05,1,0,0,0,0,0,0,0,0
1,18,6,Regular Play,Switzerland,3857269,0 days 00:18:06,0,0,0,0,1,0,0,0,0
1,18,16,From Free Kick,Brazil,3857269,0 days 00:18:16,0,0,0,0,0,0,1,0,0
1,18,21,From Free Kick,Brazil,3857269,0 days 00:18:21,0,0,0,0,0,0,1,0,0
1,18,27,From Free Kick,Brazil,3857269,0 days 00:18:27,0,0,0,0,0,0,1,0,0
1,18,32,From Free Kick,Brazil,3857269,0 days 00:18:32,0,0,0,0,0,0,1,0,0
1,18,33,From Free Kick,Brazil,3857269,0 days 00:18:33,0,0,0,0,0,0,1,0,0
1,18,38,From Free Kick,Brazil,3857269,0 days 00:18:38,0,0,0,0,0,0,1,0,0
1,18,39,From Free Kick,Switzerland,3857269,0 days 00:18:39,0,1,0,0,0,0,0,0,0
1,18,41,From Free Kick,Switzerland,3857269,0 days 00:18:41,0,1,0,0,0,0,0,0,0
1,18,42,From Free Kick,Brazil,3857269,0 days 00:18:42,1,0,0,0,0,0,0,0,0
1,18,44,From Free Kick,Brazil,3857269,0 days 00:18:44,0,0,0,0,0,0,1,0,0
1,18,45,From Free Kick,Switzerland,3857269,0 days 00:18:45,0,1,0,0,0,0,0,0,0
1,18,55,From Throw In,Brazil,3857269,0 days 00:18:55,0,0,0,0,0,0,1,0,0
1,19,0,From Throw In,Brazil,3857269,0 days 00:19:00,0,0,0,0,0,0,1,0,0
1,19,1,From Throw In,Brazil,3857269,0 days 00:19:01,0,0,0,0,0,0,1,0,0
1,19,3,From Throw In,Switzerland,3857269,0 days 00:19:03,0,1,0,0,0,0,0,0,0
1,19,5,From Throw In,Brazil,3857269,0 days 00:19:05,1,0,0,0,0,0,0,0,0
1,19,31,From Goal Kick,Switzerland,3857269,0 days 00:19:31,0,0,0,0,0,0,1,0,0
1,19,33,From Goal Kick,Switzerland,3857269,0 days 00:19:33,0,0,0,0,0,0,1,0,0
1,19,34,From Goal Kick,Switzerland,3857269,0 days 00:19:34,0,0,0,0,0,0,1,0,0
1,19,37,From Goal Kick,Switzerland,3857269,0 days 00:19:37,0,0,0,0,0,0,1,0,0
1,19,39,From Goal Kick,Switzerland,3857269,0 days 00:19:39,0,0,0,0,0,0,1,0,0
1,19,41,From Goal Kick,Switzerland,3857269,0 days 00:19:41,0,0,0,0,0,0,1,0,0
1,19,42,From Goal Kick,Switzerland,3857269,0 days 00:19:42,0,0,0,0,0,0,1,0,0
1,19,48,From Goal Kick,Switzerland,3857269,0 days 00:19:48,0,0,0,0,0,0,1,0,0
1,19,50,From Goal Kick,Switzerland,3857269,0 days 00:19:50,0,0,0,0,0,0,1,0,0
1,19,51,From Goal Kick,Switzerland,3857269,0 days 00:19:51,0,0,0,0,0,0,1,0,0
1,19,53,From Goal Kick,Switzerland,3857269,0 days 00:19:53,0,0,0,0,0,0,1,0,0
1,20,0,From Goal Kick,Switzerland,3857269,0 days 00:20:00,0,0,0,0,0,0,1,0,0
1,20,5,From Goal Kick,Switzerland,3857269,0 days 00:20:05,0,0,0,0,0,0,1,0,0
1,20,7,From Goal Kick,Switzerland,3857269,0 days 00:20:07,0,0,0,0,0,0,1,0,0
1,20,9,From Goal Kick,Brazil,3857269,0 days 00:20:09,1,0,0,0,0,0,0,0,0
1,20,11,From Goal Kick,Brazil,3857269,0 days 00:20:11,0,0,0,0,0,0,1,0,0
1,20,15,From Goal Kick,Brazil,3857269,0 days 00:20:15,0,0,0,0,0,0,1,0,0
1,20,19,From Goal Kick,Switzerland,3857269,0 days 00:20:19,1,0,0,0,0,0,0,0,0
1,20,25,From Goal Kick,Switzerland,3857269,0 days 00:20:25,0,0,0,0,0,0,1,0,0
1,20,32,From Goal Kick,Switzerland,3857269,0 days 00:20:32,0,0,0,0,0,0,1,0,0
1,20,37,From Goal Kick,Switzerland,3857269,0 days 00:20:37,0,0,0,0,0,0,1,0,0
1,20,42,From Goal Kick,Switzerland,3857269,0 days 00:20:42,0,0,0,0,0,0,1,0,0
1,20,44,From Goal Kick,Switzerland,3857269,0 days 00:20:44,0,0,0,0,0,0,1,0,0
1,20,46,From Goal Kick,Switzerland,3857269,0 days 00:20:46,0,0,0,0,0,0,1,0,0
1,20,49,From Goal Kick,Switzerland,3857269,0 days 00:20:49,0,0,0,0,0,0,1,0,0
1,20,51,From Goal Kick,Switzerland,3857269,0 days 00:20:51,0,0,0,0,0,0,1,0,0
1,20,53,From Goal Kick,Brazil,3857269,0 days 00:20:53,1,0,0,0,0,0,0,0,0
1,20,54,From Goal Kick,Switzerland,3857269,0 days 00:20:54,1,0,0,0,0,0,0,0,0
1,20,55,From Goal Kick,Switzerland,3857269,0 days 00:20:55,0,0,0,1,0,0,0,0,0
1,20,55,Regular Play,Brazil,3857269,0 days 00:20:55,0,0,0,0,0,0,0,0,1
1,20,56,Regular Play,Brazil,3857269,0 days 00:20:56,0,0,0,0,0,0,1,0,0
1,20,57,Regular Play,Brazil,3857269,0 days 00:20:57,0,0,0,0,0,0,1,0,0
1,20,58,Regular Play,Brazil,3857269,0 days 00:20:58,0,0,0,0,0,0,1,0,0
1,21,1,Regular Play,Brazil,3857269,0 days 00:21:01,0,0,0,0,0,0,1,0,0
1,21,5,Regular Play,Switzerland,3857269,0 days 00:21:05,1,0,0,0,0,0,0,0,0
1,21,7,Regular Play,Switzerland,3857269,0 days 00:21:07,1,0,0,0,0,0,0,0,0
1,21,8,Regular Play,Switzerland,3857269,0 days 00:21:08,0,0,0,0,0,0,1,0,0
1,21,10,Regular Play,Switzerland,3857269,0 days 00:21:10,0,0,0,0,0,0,1,0,0
1,21,12,Regular Play,Switzerland,3857269,0 days 00:21:12,0,0,0,0,0,0,1,0,0
1,21,14,Regular Play,Brazil,3857269,0 days 00:21:14,1,0,0,0,0,0,0,0,0
1,21,16,Regular Play,Brazil,3857269,0 days 00:21:16,0,0,0,0,0,0,1,0,0
1,21,17,Regular Play,Brazil,3857269,0 days 00:21:17,0,0,0,0,0,0,1,0,0
1,21,21,Regular Play,Brazil,3857269,0 days 00:21:21,0,0,0,0,0,0,1,0,0
1,21,24,Regular Play,Brazil,3857269,0 days 00:21:24,0,0,0,0,0,0,1,0,0
1,21,26,Regular Play,Brazil,3857269,0 days 00:21:26,0,0,0,0,0,0,1,0,0
1,21,29,Regular Play,Brazil,3857269,0 days 00:21:29,0,0,0,0,0,0,1,0,0
1,21,32,Regular Play,Brazil,3857269,0 days 00:21:32,0,0,0,0,0,0,1,0,0
1,21,33,Regular Play,Switzerland,3857269,0 days 00:21:33,0,0,0,0,0,0,1,0,0
1,21,34,Regular Play,Switzerland,3857269,0 days 00:21:34,0,0,0,0,0,0,1,0,0
1,21,39,Regular Play,Switzerland,3857269,0 days 00:21:39,0,0,0,0,0,0,1,0,0
1,21,41,Regular Play,Switzerland,3857269,0 days 00:21:41,0,0,0,0,0,0,1,0,0
1,21,43,Regular Play,Switzerland,3857269,0 days 00:21:43,0,0,0,0,0,0,1,0,0
1,21,45,Regular Play,Brazil,3857269,0 days 00:21:45,0,0,0,0,0,0,1,0,0
1,21,47,Regular Play,Brazil,3857269,0 days 00:21:47,0,0,0,1,0,0,0,0,0
1,21,48,Regular Play,Brazil,3857269,0 days 00:21:48,0,0,0,0,0,0,1,0,0
1,21,53,Regular Play,Brazil,3857269,0 days 00:21:53,0,0,0,0,0,0,1,0,0
1,21,56,Regular Play,Brazil,3857269,0 days 00:21:56,0,0,0,0,0,0,1,0,0
1,21,59,Regular Play,Brazil,3857269,0 days 00:21:59,0,0,0,0,0,0,1,0,0
1,12,1,From Free Kick,Portugal,3857270,0 days 00:12:01,0,0,0,0,0,0,1,0,0
1,12,3,From Free Kick,Portugal,3857270,0 days 00:12:03,0,0,0,0,0,0,1,0,0
1,12,3,From Free Kick,Uruguay,3857270,0 days 00:12:03,0,0,0,0,1,0,0,0,0
1,12,51,From Free Kick,Portugal,3857270,0 days 00:12:51,0,0,0,0,0,0,1,0,0
1,12,53,From Free Kick,Portugal,3857270,0 days 00:12:53,0,0,0,0,0,0,1,0,0
1,12,56,From Free Kick,Portugal,3857270,0 days 00:12:56,0,0,0,0,0,0,1,0,0
1,13,0,From Free Kick,Portugal,3857270,0 days 00:13:00,0,0,0,0,0,0,1,0,0
1,13,2,From Free Kick,Portugal,3857270,0 days 00:13:02,0,0,0,0,0,0,1,0,0
1,13,4,From Free Kick,Portugal,3857270,0 days 00:13:04,0,1,0,0,0,0,0,0,0
1,13,7,Regular Play,Uruguay,3857270,0 days 00:13:07,0,0,0,0,0,0,1,0,0
1,13,9,Regular Play,Uruguay,3857270,0 days 00:13:09,0,0,0,0,0,0,1,0,0
1,13,11,Regular Play,Portugal,3857270,0 days 00:13:11,0,1,0,0,0,0,0,0,0
1,13,12,Regular Play,Portugal,3857270,0 days 00:13:12,0,1,0,0,0,0,0,0,0
1,13,15,Regular Play,Uruguay,3857270,0 days 00:13:15,0,0,0,0,0,0,1,0,0
1,13,15,Regular Play,Uruguay,3857270,0 days 00:13:15,0,0,0,0,0,0,1,0,0
1,13,18,Regular Play,Uruguay,3857270,0 days 00:13:18,0,0,0,0,0,0,1,0,0
1,13,19,Regular Play,Portugal,3857270,0 days 00:13:19,0,0,0,0,0,0,1,0,0
1,13,21,Regular Play,Portugal,3857270,0 days 00:13:21,0,0,0,0,0,0,1,0,0
1,13,24,Regular Play,Portugal,3857270,0 days 00:13:24,0,0,0,0,0,0,1,0,0
1,13,28,Regular Play,Portugal,3857270,0 days 00:13:28,0,0,0,0,0,0,1,0,0
1,13,29,Regular Play,Portugal,3857270,0 days 00:13:29,0,0,0,0,0,0,1,0,0
1,13,30,Regular Play,Portugal,3857270,0 days 00:13:30,0,0,0,0,0,0,1,0,0
1,13,32,Regular Play,Portugal,3857270,0 days 00:13:32,0,0,0,0,0,0,1,0,0
1,13,36,Regular Play,Portugal,3857270,0 days 00:13:36,0,0,0,0,0,0,1,0,0
1,13,38,Regular Play,Portugal,3857270,0 days 00:13:38,0,0,0,0,0,0,1,0,0
1,13,41,Regular Play,Uruguay,3857270,0 days 00:13:41,0,0,0,0,0,0,1,0,0
1,13,42,Regular Play,Uruguay,3857270,0 days 00:13:42,0,0,0,0,0,0,1,0,0
1,13,47,Regular Play,Uruguay,3857270,0 days 00:13:47,0,0,0,0,0,0,1,0,0
1,13,48,Regular Play,Uruguay,3857270,0 days 00:13:48,0,0,0,0,0,0,1,0,0
1,13,49,Regular Play,Portugal,3857270,0 days 00:13:49,0,0,0,0,0,0,1,0,0
1,13,53,Regular Play,Portugal,3857270,0 days 00:13:53,0,0,0,0,0,0,1,0,0
1,13,54,Regular Play,Portugal,3857270,0 days 00:13:54,0,0,0,0,0,0,1,0,0
1,13,58,Regular Play,Portugal,3857270,0 days 00:13:58,0,0,0,0,0,0,1,0,0
1,14,5,Regular Play,Portugal,3857270,0 days 00:14:05,0,0,0,0,0,0,1,0,0
1,14,10,Regular Play,Portugal,3857270,0 days 00:14:10,0,0,0,0,0,0,1,0,0
1,14,13,Regular Play,Uruguay,3857270,0 days 00:14:13,0,1,0,0,0,0,0,0,0
1,14,20,From Throw In,Portugal,3857270,0 days 00:14:20,0,0,0,0,0,0,1,0,0
1,14,23,From Throw In,Portugal,3857270,0 days 00:14:23,0,0,0,0,0,0,1,0,0
1,14,26,From Throw In,Portugal,3857270,0 days 00:14:26,0,0,0,0,0,0,1,0,0
1,14,32,From Throw In,Portugal,3857270,0 days 00:14:32,0,0,0,0,0,0,1,0,0
1,14,34,From Throw In,Portugal,3857270,0 days 00:14:34,0,0,0,0,0,0,1,0,0
1,14,35,From Throw In,Portugal,3857270,0 days 00:14:35,0,0,0,0,0,0,1,0,0
1,14,36,From Throw In,Portugal,3857270,0 days 00:14:36,0,0,0,0,0,0,1,0,0
1,14,39,From Throw In,Portugal,3857270,0 days 00:14:39,0,0,0,0,0,0,1,0,0
1,14,41,From Throw In,Portugal,3857270,0 days 00:14:41,0,0,0,0,0,0,1,0,0
1,14,47,From Throw In,Portugal,3857270,0 days 00:14:47,0,0,0,0,0,0,1,0,0
1,14,48,From Throw In,Portugal,3857270,0 days 00:14:48,0,0,0,0,0,0,1,0,0
1,15,9,From Throw In,Uruguay,3857270,0 days 00:15:09,0,0,0,0,0,0,1,0,0
1,15,11,Regular Play,Portugal,3857270,0 days 00:15:11,0,0,0,0,0,0,1,0,0
1,15,12,Regular Play,Portugal,3857270,0 days 00:15:12,0,0,0,0,0,0,1,0,0
1,15,13,Regular Play,Portugal,3857270,0 days 00:15:13,0,0,0,0,0,0,1,0,0
1,15,14,Regular Play,Portugal,3857270,0 days 00:15:14,0,0,0,0,0,0,1,0,0
1,15,15,Regular Play,Uruguay,3857270,0 days 00:15:15,1,0,0,0,0,0,0,0,0
1,15,15,Regular Play,Portugal,3857270,0 days 00:15:15,1,0,0,0,0,0,0,0,0
1,15,16,Regular Play,Portugal,3857270,0 days 00:15:16,0,0,0,0,0,0,1,0,0
1,15,17,Regular Play,Portugal,3857270,0 days 00:15:17,1,0,0,0,0,0,0,0,0
1,15,18,Regular Play,Uruguay,3857270,0 days 00:15:18,1,0,0,0,0,0,0,0,0
1,15,20,Regular Play,Uruguay,3857270,0 days 00:15:20,0,0,0,0,0,0,1,0,0
1,15,23,Regular Play,Uruguay,3857270,0 days 00:15:23,0,0,0,0,0,0,1,0,0
1,15,24,Regular Play,Uruguay,3857270,0 days 00:15:24,0,0,0,0,0,0,1,0,0
1,15,25,Regular Play,Portugal,3857270,0 days 00:15:25,1,0,0,0,0,0,0,0,0
1,15,26,Regular Play,Portugal,3857270,0 days 00:15:26,0,0,0,0,0,0,1,0,0
1,15,28,Regular Play,Portugal,3857270,0 days 00:15:28,0,0,0,0,0,0,1,0,0
1,15,31,Regular Play,Portugal,3857270,0 days 00:15:31,0,0,0,0,0,0,0,1,0
1,16,26,From Corner,Portugal,3857270,0 days 00:16:26,0,0,0,0,0,0,1,0,0
1,16,31,From Corner,Uruguay,3857270,0 days 00:16:31,0,0,0,0,1,0,0,0,0
1,17,45,From Free Kick,Portugal,3857270,0 days 00:17:45,0,0,0,0,0,0,0,1,0
1,18,11,From Corner,Portugal,3857270,0 days 00:18:11,0,0,0,0,0,0,1,0,0
1,18,12,From Corner,Portugal,3857270,0 days 00:18:12,0,0,0,0,0,0,1,0,0
1,18,43,From Corner,Portugal,3857270,0 days 00:18:43,0,0,0,0,0,0,1,0,0
1,19,10,From Throw In,Uruguay,3857270,0 days 00:19:10,0,0,0,0,0,0,1,0,0
1,19,12,From Throw In,Uruguay,3857270,0 days 00:19:12,0,0,0,0,0,0,1,0,0
1,19,13,From Throw In,Uruguay,3857270,0 days 00:19:13,0,0,0,0,0,0,1,0,0
1,19,14,Regular Play,Portugal,3857270,0 days 00:19:14,1,0,0,0,0,0,0,0,0
1,19,15,Regular Play,Portugal,3857270,0 days 00:19:15,0,0,0,0,0,0,1,0,0
1,19,17,Regular Play,Portugal,3857270,0 days 00:19:17,0,0,0,0,0,0,1,0,0
1,19,19,Regular Play,Portugal,3857270,0 days 00:19:19,0,0,0,0,0,0,1,0,0
1,19,23,Regular Play,Portugal,3857270,0 days 00:19:23,0,0,0,0,0,0,1,0,0
1,19,27,Regular Play,Portugal,3857270,0 days 00:19:27,0,0,0,0,0,0,1,0,0
1,19,29,Regular Play,Portugal,3857270,0 days 00:19:29,0,0,0,0,0,0,1,0,0
1,19,33,Regular Play,Portugal,3857270,0 days 00:19:33,0,0,0,0,0,0,1,0,0
1,19,35,Regular Play,Portugal,3857270,0 days 00:19:35,0,0,0,0,0,0,1,0,0
1,19,38,Regular Play,Portugal,3857270,0 days 00:19:38,0,0,0,0,0,0,1,0,0
1,19,39,Regular Play,Uruguay,3857270,0 days 00:19:39,0,1,0,0,0,0,0,0,0
1,19,41,Regular Play,Portugal,3857270,0 days 00:19:41,1,0,0,0,0,0,0,0,0
1,19,43,Regular Play,Portugal,3857270,0 days 00:19:43,0,0,0,0,0,0,1,0,0
1,19,46,Regular Play,Portugal,3857270,0 days 00:19:46,0,0,0,0,0,0,1,0,0
1,19,47,Regular Play,Uruguay,3857270,0 days 00:19:47,0,1,0,0,0,0,0,0,0
1,19,48,Regular Play,Portugal,3857270,0 days 00:19:48,1,0,0,0,0,0,0,0,0
1,19,49,Regular Play,Portugal,3857270,0 days 00:19:49,0,0,0,0,0,0,0,1,0
1,19,50,Regular Play,Uruguay,3857270,0 days 00:19:50,1,0,0,0,0,0,0,0,0
1,19,53,Regular Play,Uruguay,3857270,0 days 00:19:53,0,0,0,0,0,0,1,0,0
1,19,55,Regular Play,Uruguay,3857270,0 days 00:19:55,0,0,0,0,0,0,1,0,0
1,19,59,Regular Play,Uruguay,3857270,0 days 00:19:59,0,0,0,0,0,0,1,0,0
1,20,30,From Throw In,Portugal,3857270,0 days 00:20:30,0,0,0,0,0,0,1,0,0
1,20,31,From Throw In,Portugal,3857270,0 days 00:20:31,0,0,0,0,0,0,1,0,0
1,20,32,From Throw In,Portugal,3857270,0 days 00:20:32,0,0,0,0,0,0,1,0,0
1,20,33,From Throw In,Portugal,3857270,0 days 00:20:33,0,0,0,0,0,0,1,0,0
1,20,35,From Throw In,Portugal,3857270,0 days 00:20:35,0,0,0,1,0,0,0,0,0
1,20,35,From Throw In,Uruguay,3857270,0 days 00:20:35,0,0,0,0,0,0,0,0,1
1,20,37,From Throw In,Uruguay,3857270,0 days 00:20:37,0,0,0,0,0,0,1,0,0
1,20,38,From Throw In,Portugal,3857270,0 days 00:20:38,1,0,0,0,0,0,0,0,0
1,20,39,From Throw In,Portugal,3857270,0 days 00:20:39,0,0,0,0,0,0,1,0,0
1,20,41,From Throw In,Portugal,3857270,0 days 00:20:41,0,0,0,0,0,0,1,0,0
1,20,42,From Throw In,Portugal,3857270,0 days 00:20:42,0,0,0,0,0,0,1,0,0
1,20,44,From Throw In,Portugal,3857270,0 days 00:20:44,0,0,0,0,0,0,1,0,0
1,20,48,From Throw In,Portugal,3857270,0 days 00:20:48,0,0,0,0,0,0,1,0,0
1,20,56,From Throw In,Portugal,3857270,0 days 00:20:56,0,0,0,0,0,0,1,0,0
1,20,58,From Throw In,Portugal,3857270,0 days 00:20:58,0,0,0,0,0,0,1,0,0
1,21,1,From Throw In,Portugal,3857270,0 days 00:21:01,0,0,0,0,0,0,1,0,0
1,21,3,From Throw In,Portugal,3857270,0 days 00:21:03,0,0,0,0,0,0,1,0,0
1,21,7,From Throw In,Portugal,3857270,0 days 00:21:07,0,0,0,0,0,0,1,0,0
1,21,12,From Throw In,Portugal,3857270,0 days 00:21:12,0,0,0,0,0,0,1,0,0
1,21,15,Regular Play,Uruguay,3857270,0 days 00:21:15,1,0,0,0,0,0,0,0,0
1,21,16,Regular Play,Uruguay,3857270,0 days 00:21:16,0,0,0,0,0,0,1,0,0
1,21,20,Regular Play,Uruguay,3857270,0 days 00:21:20,0,0,0,0,0,0,1,0,0
1,21,23,Regular Play,Portugal,3857270,0 days 00:21:23,0,1,0,0,0,0,0,0,0
1,21,24,Regular Play,Uruguay,3857270,0 days 00:21:24,0,0,0,0,0,0,1,0,0
1,21,26,Regular Play,Uruguay,3857270,0 days 00:21:26,0,0,0,0,0,0,1,0,0
1,21,27,Regular Play,Uruguay,3857270,0 days 00:21:27,0,0,0,0,0,0,1,0,0
1,21,28,Regular Play,Portugal,3857270,0 days 00:21:28,1,0,0,0,0,0,0,0,0
1,21,29,Regular Play,Portugal,3857270,0 days 00:21:29,0,0,0,0,0,0,1,0,0
1,21,31,Regular Play,Portugal,3857270,0 days 00:21:31,0,0,0,0,0,0,1,0,0
1,21,33,Regular Play,Portugal,3857270,0 days 00:21:33,0,0,0,0,0,0,1,0,0
1,21,34,Regular Play,Portugal,3857270,0 days 00:21:34,0,0,0,0,0,0,1,0,0
1,21,36,Regular Play,Portugal,3857270,0 days 00:21:36,0,0,0,0,0,0,1,0,0
1,21,37,Regular Play,Portugal,3857270,0 days 00:21:37,0,0,0,0,0,0,1,0,0
1,21,38,Regular Play,Portugal,3857270,0 days 00:21:38,0,0,0,0,0,0,1,0,0
1,21,39,Regular Play,Portugal,3857270,0 days 00:21:39,0,0,0,0,0,0,1,0,0
1,21,41,Regular Play,Portugal,3857270,0 days 00:21:41,0,0,0,0,0,0,1,0,0
1,21,42,Regular Play,Portugal,3857270,0 days 00:21:42,0,0,0,0,0,0,1,0,0
1,21,43,Regular Play,Portugal,3857270,0 days 00:21:43,0,0,0,0,0,0,1,0,0
1,21,50,Regular Play,Portugal,3857270,0 days 00:21:50,0,0,0,0,0,0,1,0,0
1,21,51,Regular Play,Portugal,3857270,0 days 00:21:51,0,0,0,0,0,0,1,0,0
1,21,53,Regular Play,Uruguay,3857270,0 days 00:21:53,0,0,0,0,0,0,1,0,0
1,21,55,Regular Play,Portugal,3857270,0 days 00:21:55,0,0,0,0,0,0,1,0,0
1,21,56,Regular Play,Portugal,3857270,0 days 00:21:56,0,0,0,0,0,0,1,0,0
1,21,57,Regular Play,Portugal,3857270,0 days 00:21:57,0,0,0,0,0,0,1,0,0
1,21,58,Regular Play,Portugal,3857270,0 days 00:21:58,0,0,0,0,0,0,1,0,0
1,21,59,Regular Play,Uruguay,3857270,0 days 00:21:59,1,0,0,0,0,0,0,0,0
1,21,59,Regular Play,Uruguay,3857270,0 days 00:21:59,0,0,0,0,0,0,1,0,0
1,15,39,From Goal Kick,Iran,3857271,0 days 00:15:39,0,0,0,0,0,0,1,0,0
1,15,42,Regular Play,England,3857271,0 days 00:15:42,0,0,0,0,0,0,1,0,0
1,15,43,Regular Play,England,3857271,0 days 00:15:43,0,0,0,0,0,0,1,0,0
1,15,44,Regular Play,England,3857271,0 days 00:15:44,0,0,0,0,0,0,1,0,0
1,15,52,Regular Play,England,3857271,0 days 00:15:52,0,0,0,0,0,0,1,0,0
1,15,54,Regular Play,England,3857271,0 days 00:15:54,0,0,0,0,0,0,1,0,0
1,16,3,Regular Play,England,3857271,0 days 00:16:03,0,0,0,0,0,0,1,0,0
1,16,5,Regular Play,England,3857271,0 days 00:16:05,0,0,0,0,0,0,1,0,0
1,16,6,Regular Play,Iran,3857271,0 days 00:16:06,0,1,0,0,0,0,0,0,0
1,19,15,From Throw In,England,3857271,0 days 00:19:15,0,0,0,0,0,0,1,0,0
1,19,20,From Throw In,England,3857271,0 days 00:19:20,0,0,0,0,0,0,1,0,0
1,19,23,From Throw In,England,3857271,0 days 00:19:23,0,0,0,0,0,0,1,0,0
1,19,27,From Throw In,England,3857271,0 days 00:19:27,0,0,0,0,0,0,1,0,0
1,19,30,From Throw In,England,3857271,0 days 00:19:30,0,0,0,0,0,0,1,0,0
1,19,32,From Throw In,England,3857271,0 days 00:19:32,0,0,0,0,0,0,1,0,0
1,19,35,From Throw In,England,3857271,0 days 00:19:35,0,0,0,0,0,0,1,0,0
1,19,39,From Throw In,England,3857271,0 days 00:19:39,0,0,0,0,0,0,1,0,0
1,19,43,From Throw In,England,3857271,0 days 00:19:43,0,0,0,0,0,0,1,0,0
1,19,45,From Throw In,England,3857271,0 days 00:19:45,0,0,0,0,0,0,1,0,0
1,19,49,From Throw In,England,3857271,0 days 00:19:49,0,0,0,0,0,0,1,0,0
1,19,50,From Throw In,Iran,3857271,0 days 00:19:50,0,0,0,0,0,1,0,0,0
1,19,50,From Throw In,Iran,3857271,0 days 00:19:50,1,0,0,0,0,0,0,0,0
1,19,58,From Throw In,Iran,3857271,0 days 00:19:58,0,0,0,0,0,0,1,0,0
1,19,59,From Throw In,England,3857271,0 days 00:19:59,1,0,0,0,0,0,0,0,0
1,20,0,From Throw In,England,3857271,0 days 00:20:00,0,0,0,0,0,0,1,0,0
1,20,2,From Throw In,England,3857271,0 days 00:20:02,0,0,0,0,0,0,1,0,0
1,20,4,From Throw In,England,3857271,0 days 00:20:04,0,0,0,0,0,0,1,0,0
1,20,7,From Throw In,England,3857271,0 days 00:20:07,0,0,0,0,0,0,1,0,0
1,20,9,Regular Play,Iran,3857271,0 days 00:20:09,0,0,0,0,0,0,1,0,0
1,20,12,Regular Play,Iran,3857271,0 days 00:20:12,0,0,0,0,0,0,1,0,0
1,20,17,Regular Play,Iran,3857271,0 days 00:20:17,0,0,0,0,0,0,1,0,0
1,20,20,Regular Play,Iran,3857271,0 days 00:20:20,0,0,0,0,0,0,1,0,0
1,20,21,Regular Play,Iran,3857271,0 days 00:20:21,0,0,0,0,0,0,1,0,0
1,20,25,Regular Play,Iran,3857271,0 days 00:20:25,0,0,0,0,0,0,1,0,0
1,20,38,From Throw In,Iran,3857271,0 days 00:20:38,0,0,0,0,0,0,1,0,0
1,20,39,From Throw In,England,3857271,0 days 00:20:39,0,0,0,0,1,0,0,0,0
1,21,33,From Free Kick,Iran,3857271,0 days 00:21:33,0,0,0,0,0,0,1,0,0
1,21,34,From Free Kick,England,3857271,0 days 00:21:34,0,1,0,0,0,0,0,0,0
1,21,37,From Free Kick,Iran,3857271,0 days 00:21:37,1,0,0,0,0,0,0,0,0
1,21,39,From Free Kick,Iran,3857271,0 days 00:21:39,0,0,0,0,0,0,1,0,0
1,21,45,From Free Kick,Iran,3857271,0 days 00:21:45,0,0,0,1,0,0,0,0,0
1,21,45,Regular Play,England,3857271,0 days 00:21:45,0,0,0,0,0,0,0,0,1
1,21,46,Regular Play,England,3857271,0 days 00:21:46,0,0,0,0,0,0,1,0,0
1,21,48,Regular Play,England,3857271,0 days 00:21:48,0,0,1,0,0,0,0,0,0
1,21,48,Regular Play,Iran,3857271,0 days 00:21:48,0,0,0,0,0,0,0,0,1
1,12,0,From Throw In,England,3857272,0 days 00:12:00,0,0,0,0,0,0,1,0,0
1,12,3,From Throw In,England,3857272,0 days 00:12:03,0,0,0,0,0,0,1,0,0
1,12,5,From Throw In,England,3857272,0 days 00:12:05,0,0,0,0,0,0,1,0,0
1,12,8,From Throw In,England,3857272,0 days 00:12:08,0,0,0,0,0,0,1,0,0
1,12,11,From Throw In,England,3857272,0 days 00:12:11,0,0,0,0,0,0,1,0,0
1,12,16,From Throw In,England,3857272,0 days 00:12:16,0,0,0,0,0,0,1,0,0
1,12,18,From Throw In,England,3857272,0 days 00:12:18,0,0,0,0,0,0,1,0,0
1,12,19,From Throw In,United States,3857272,0 days 00:12:19,0,0,0,0,0,1,0,0,0
1,12,20,From Throw In,United States,3857272,0 days 00:12:20,0,0,0,0,0,0,1,0,0
1,12,22,From Throw In,England,3857272,0 days 00:12:22,0,0,0,0,0,0,1,0,0
1,12,26,From Throw In,England,3857272,0 days 00:12:26,0,0,0,0,0,0,1,0,0
1,12,28,From Throw In,United States,3857272,0 days 00:12:28,1,0,0,0,0,0,0,0,0
1,12,29,From Throw In,United States,3857272,0 days 00:12:29,0,0,0,0,0,0,1,0,0
1,12,30,From Throw In,England,3857272,0 days 00:12:30,1,0,0,0,0,0,0,0,0
1,12,32,Regular Play,United States,3857272,0 days 00:12:32,1,0,0,0,0,0,0,0,0
1,12,34,Regular Play,United States,3857272,0 days 00:12:34,0,0,0,0,0,0,1,0,0
1,12,39,Regular Play,United States,3857272,0 days 00:12:39,0,0,0,0,0,0,1,0,0
1,12,43,Regular Play,United States,3857272,0 days 00:12:43,0,0,0,0,0,0,1,0,0
1,12,45,Regular Play,England,3857272,0 days 00:12:45,0,0,0,0,0,0,1,0,0
1,12,48,Regular Play,England,3857272,0 days 00:12:48,0,0,0,0,0,0,1,0,0
1,12,53,Regular Play,England,3857272,0 days 00:12:53,0,0,0,0,0,0,1,0,0
1,12,55,Regular Play,England,3857272,0 days 00:12:55,0,0,0,0,0,0,1,0,0
1,12,57,Regular Play,England,3857272,0 days 00:12:57,0,0,0,0,0,0,1,0,0
1,13,0,Regular Play,England,3857272,0 days 00:13:00,0,0,0,0,0,0,1,0,0
1,13,3,Regular Play,England,3857272,0 days 00:13:03,0,0,0,0,0,0,1,0,0
1,13,7,Regular Play,England,3857272,0 days 00:13:07,0,0,0,0,0,0,1,0,0
1,13,10,Regular Play,England,3857272,0 days 00:13:10,0,0,0,0,0,0,1,0,0
1,13,11,Regular Play,England,3857272,0 days 00:13:11,0,0,0,0,0,0,1,0,0
1,13,13,Regular Play,England,3857272,0 days 00:13:13,0,0,0,0,0,0,1,0,0
1,13,18,Regular Play,England,3857272,0 days 00:13:18,0,0,0,0,0,0,1,0,0
1,13,19,Regular Play,England,3857272,0 days 00:13:19,0,0,0,0,0,0,1,0,0
1,13,22,Regular Play,England,3857272,0 days 00:13:22,0,0,0,0,0,0,1,0,0
1,13,24,Regular Play,England,3857272,0 days 00:13:24,0,0,0,0,0,0,1,0,0
1,13,25,Regular Play,United States,3857272,0 days 00:13:25,0,1,0,0,0,0,0,0,0
1,13,27,Regular Play,United States,3857272,0 days 00:13:27,0,1,0,0,0,0,0,0,0
1,13,30,Regular Play,England,3857272,0 days 00:13:30,0,0,0,0,0,0,1,0,0
1,13,35,Regular Play,England,3857272,0 days 00:13:35,0,0,0,0,0,0,1,0,0
1,13,40,Regular Play,England,3857272,0 days 00:13:40,0,0,0,0,0,0,1,0,0
1,13,43,Regular Play,England,3857272,0 days 00:13:43,0,0,0,0,0,0,1,0,0
1,13,45,Regular Play,England,3857272,0 days 00:13:45,0,0,0,0,0,0,1,0,0
1,13,48,Regular Play,England,3857272,0 days 00:13:48,0,0,0,0,0,0,1,0,0
1,13,50,Regular Play,England,3857272,0 days 00:13:50,0,0,0,0,0,0,1,0,0
1,13,57,Regular Play,England,3857272,0 days 00:13:57,0,0,0,0,0,0,1,0,0
1,13,58,Regular Play,England,3857272,0 days 00:13:58,0,0,0,0,0,0,1,0,0
1,14,2,Regular Play,United States,3857272,0 days 00:14:02,1,0,0,0,0,0,0,0,0
1,14,13,Regular Play,United States,3857272,0 days 00:14:13,0,0,0,0,0,0,1,0,0
1,14,21,Regular Play,United States,3857272,0 days 00:14:21,0,0,0,0,0,0,1,0,0
1,14,24,Regular Play,United States,3857272,0 days 00:14:24,0,0,0,0,0,0,1,0,0
1,14,27,Regular Play,United States,3857272,0 days 00:14:27,0,0,0,0,0,0,1,0,0
1,14,33,Regular Play,United States,3857272,0 days 00:14:33,0,0,0,0,0,0,1,0,0
1,14,41,Regular Play,United States,3857272,0 days 00:14:41,0,0,0,0,0,0,1,0,0
1,14,46,Regular Play,United States,3857272,0 days 00:14:46,0,0,0,0,0,0,1,0,0
1,14,49,Regular Play,United States,3857272,0 days 00:14:49,0,0,0,0,0,0,1,0,0
1,14,50,Regular Play,United States,3857272,0 days 00:14:50,0,0,0,0,0,0,1,0,0
1,14,51,Regular Play,United States,3857272,0 days 00:14:51,0,0,0,0,0,0,1,0,0
1,14,54,Regular Play,United States,3857272,0 days 00:14:54,0,0,0,0,0,0,1,0,0
1,14,56,Regular Play,United States,3857272,0 days 00:14:56,0,0,0,0,0,0,1,0,0
1,14,57,Regular Play,England,3857272,0 days 00:14:57,0,0,0,0,0,1,0,0,0
1,14,59,Regular Play,United States,3857272,0 days 00:14:59,1,0,0,0,0,0,0,0,0
1,15,2,Regular Play,United States,3857272,0 days 00:15:02,0,0,0,0,0,0,1,0,0
1,15,4,Regular Play,England,3857272,0 days 00:15:04,0,0,0,0,0,0,1,0,0
1,15,6,Regular Play,England,3857272,0 days 00:15:06,0,0,0,0,0,0,1,0,0
1,15,10,Regular Play,England,3857272,0 days 00:15:10,0,0,0,0,0,0,1,0,0
1,15,12,Regular Play,England,3857272,0 days 00:15:12,0,0,0,0,0,0,1,0,0
1,15,13,Regular Play,England,3857272,0 days 00:15:13,0,0,0,0,0,0,1,0,0
1,15,18,Regular Play,England,3857272,0 days 00:15:18,0,0,0,0,0,0,1,0,0
1,15,20,Regular Play,England,3857272,0 days 00:15:20,0,0,0,0,0,0,1,0,0
1,15,24,Regular Play,England,3857272,0 days 00:15:24,0,0,0,0,0,0,1,0,0
1,15,26,Regular Play,England,3857272,0 days 00:15:26,0,0,0,0,0,0,1,0,0
1,15,27,Regular Play,England,3857272,0 days 00:15:27,0,0,0,0,0,0,1,0,0
1,15,29,Regular Play,England,3857272,0 days 00:15:29,0,0,0,0,0,0,1,0,0
1,15,33,Regular Play,England,3857272,0 days 00:15:33,0,0,0,0,0,0,1,0,0
1,15,36,Regular Play,England,3857272,0 days 00:15:36,0,0,0,0,0,0,1,0,0
1,15,40,Regular Play,England,3857272,0 days 00:15:40,0,0,0,0,0,0,1,0,0
1,15,42,Regular Play,United States,3857272,0 days 00:15:42,1,0,0,0,0,0,0,0,0
1,15,45,Regular Play,United States,3857272,0 days 00:15:45,0,0,0,0,0,0,1,0,0
1,15,50,Regular Play,United States,3857272,0 days 00:15:50,0,0,0,0,0,0,1,0,0
1,15,57,Regular Play,United States,3857272,0 days 00:15:57,0,0,0,0,0,0,1,0,0
1,16,2,Regular Play,United States,3857272,0 days 00:16:02,0,0,0,0,0,0,1,0,0
1,16,3,Regular Play,United States,3857272,0 days 00:16:03,0,0,0,0,0,0,0,1,0
1,16,43,From Goal Kick,England,3857272,0 days 00:16:43,0,0,0,0,0,0,1,0,0
1,16,47,From Goal Kick,England,3857272,0 days 00:16:47,0,0,0,0,0,0,1,0,0
1,16,49,Regular Play,United States,3857272,0 days 00:16:49,0,0,0,0,0,0,1,0,0
1,16,55,Regular Play,United States,3857272,0 days 00:16:55,0,0,0,0,0,0,1,0,0
1,16,58,Regular Play,United States,3857272,0 days 00:16:58,0,0,0,0,0,0,1,0,0
1,17,1,Regular Play,United States,3857272,0 days 00:17:01,0,0,0,0,0,0,1,0,0
1,17,3,Regular Play,United States,3857272,0 days 00:17:03,0,0,0,0,0,0,1,0,0
1,17,8,Regular Play,England,3857272,0 days 00:17:08,1,0,0,0,0,0,0,0,0
1,17,9,Regular Play,England,3857272,0 days 00:17:09,0,0,0,0,0,0,1,0,0
1,17,11,Regular Play,United States,3857272,0 days 00:17:11,0,0,0,0,1,0,0,0,0
1,17,25,From Free Kick,England,3857272,0 days 00:17:25,0,0,0,0,0,0,1,0,0
1,17,26,From Free Kick,England,3857272,0 days 00:17:26,0,0,0,0,0,0,1,0,0
1,17,32,From Free Kick,England,3857272,0 days 00:17:32,0,0,0,0,0,0,1,0,0
1,17,34,From Free Kick,England,3857272,0 days 00:17:34,0,0,0,0,0,0,1,0,0
1,17,37,From Free Kick,England,3857272,0 days 00:17:37,0,0,0,0,0,0,1,0,0
1,17,39,From Free Kick,England,3857272,0 days 00:17:39,0,0,0,0,0,0,1,0,0
1,17,41,From Free Kick,England,3857272,0 days 00:17:41,0,0,0,0,0,0,1,0,0
1,17,46,From Free Kick,England,3857272,0 days 00:17:46,0,0,0,0,0,0,1,0,0
1,17,51,From Free Kick,England,3857272,0 days 00:17:51,0,0,0,0,0,0,1,0,0
1,17,53,From Free Kick,England,3857272,0 days 00:17:53,0,0,0,0,0,0,1,0,0
1,17,54,From Free Kick,England,3857272,0 days 00:17:54,0,0,0,0,0,0,1,0,0
1,18,1,From Free Kick,England,3857272,0 days 00:18:01,0,0,0,0,0,0,1,0,0
1,18,4,From Free Kick,England,3857272,0 days 00:18:04,0,0,0,0,0,0,1,0,0
1,18,12,From Free Kick,England,3857272,0 days 00:18:12,0,0,0,0,0,0,1,0,0
1,18,15,From Free Kick,England,3857272,0 days 00:18:15,0,0,0,0,0,0,1,0,0
1,18,16,From Free Kick,England,3857272,0 days 00:18:16,0,0,0,0,0,0,1,0,0
1,18,19,From Free Kick,England,3857272,0 days 00:18:19,0,0,0,0,0,0,1,0,0
1,18,21,From Free Kick,England,3857272,0 days 00:18:21,0,0,0,0,0,0,1,0,0
1,18,23,From Free Kick,England,3857272,0 days 00:18:23,0,0,0,0,0,0,1,0,0
1,18,25,From Free Kick,England,3857272,0 days 00:18:25,0,0,0,0,0,0,1,0,0
1,18,28,From Free Kick,England,3857272,0 days 00:18:28,0,0,0,0,0,0,1,0,0
1,18,34,From Free Kick,England,3857272,0 days 00:18:34,0,0,0,0,0,0,1,0,0
1,18,37,From Free Kick,England,3857272,0 days 00:18:37,0,0,0,0,0,0,1,0,0
1,18,38,From Free Kick,England,3857272,0 days 00:18:38,0,0,0,0,0,0,1,0,0
1,18,39,From Free Kick,England,3857272,0 days 00:18:39,0,0,0,0,0,0,1,0,0
1,18,58,From Throw In,United States,3857272,0 days 00:18:58,0,0,0,0,0,0,1,0,0
1,18,59,From Throw In,United States,3857272,0 days 00:18:59,0,0,0,0,0,0,1,0,0
1,19,0,Regular Play,England,3857272,0 days 00:19:00,1,0,0,0,0,0,0,0,0
1,19,2,Regular Play,England,3857272,0 days 00:19:02,0,0,0,0,0,0,1,0,0
1,19,11,Regular Play,England,3857272,0 days 00:19:11,0,0,0,0,0,0,1,0,0
1,19,12,Regular Play,England,3857272,0 days 00:19:12,0,0,0,0,0,0,1,0,0
1,19,16,Regular Play,England,3857272,0 days 00:19:16,0,0,1,0,0,0,0,0,0
1,19,16,Regular Play,United States,3857272,0 days 00:19:16,0,0,0,0,0,0,0,0,1
1,19,18,Regular Play,United States,3857272,0 days 00:19:18,1,0,0,0,0,0,0,0,0
1,19,21,Regular Play,United States,3857272,0 days 00:19:21,0,0,0,0,0,0,1,0,0
1,19,23,Regular Play,United States,3857272,0 days 00:19:23,0,0,0,0,0,0,1,0,0
1,19,25,Regular Play,United States,3857272,0 days 00:19:25,0,0,0,0,0,0,1,0,0
1,19,29,Regular Play,United States,3857272,0 days 00:19:29,0,0,0,0,0,0,1,0,0
1,19,31,Regular Play,England,3857272,0 days 00:19:31,0,0,0,0,0,0,1,0,0
1,19,33,Regular Play,United States,3857272,0 days 00:19:33,0,0,0,0,0,0,1,0,0
1,19,36,Regular Play,United States,3857272,0 days 00:19:36,0,0,0,0,0,0,1,0,0
1,19,38,Regular Play,United States,3857272,0 days 00:19:38,0,0,0,0,0,0,1,0,0
1,19,41,Regular Play,United States,3857272,0 days 00:19:41,0,0,0,0,0,0,1,0,0
1,19,42,Regular Play,United States,3857272,0 days 00:19:42,0,0,0,0,0,0,1,0,0
1,19,45,Regular Play,United States,3857272,0 days 00:19:45,0,0,0,0,0,0,1,0,0
1,19,58,From Keeper,England,3857272,0 days 00:19:58,0,0,0,0,0,0,1,0,0
1,20,6,From Keeper,England,3857272,0 days 00:20:06,0,0,0,0,0,0,1,0,0
1,20,11,From Keeper,England,3857272,0 days 00:20:11,0,0,0,0,0,0,1,0,0
1,20,12,From Keeper,England,3857272,0 days 00:20:12,0,0,0,0,0,0,1,0,0
1,20,21,From Keeper,England,3857272,0 days 00:20:21,0,0,0,0,0,0,1,0,0
1,20,26,From Keeper,England,3857272,0 days 00:20:26,0,0,0,0,0,0,1,0,0
1,20,32,From Keeper,England,3857272,0 days 00:20:32,0,0,0,0,0,0,1,0,0
1,20,36,From Keeper,United States,3857272,0 days 00:20:36,0,0,0,0,0,0,1,0,0
1,20,40,From Keeper,United States,3857272,0 days 00:20:40,0,0,0,0,0,0,1,0,0
1,20,43,From Keeper,England,3857272,0 days 00:20:43,1,0,0,0,0,0,0,0,0
1,20,46,From Keeper,England,3857272,0 days 00:20:46,0,0,0,0,0,0,1,0,0
1,20,50,From Keeper,England,3857272,0 days 00:20:50,0,0,0,0,0,0,1,0,0
1,20,53,From Keeper,England,3857272,0 days 00:20:53,0,0,0,0,0,0,1,0,0
1,20,54,From Keeper,United States,3857272,0 days 00:20:54,0,0,0,0,0,1,0,0,0
1,20,55,From Keeper,England,3857272,0 days 00:20:55,0,0,0,0,0,0,1,0,0
1,20,56,From Keeper,England,3857272,0 days 00:20:56,0,0,0,0,0,0,1,0,0
1,20,58,From Keeper,England,3857272,0 days 00:20:58,0,0,0,0,0,0,1,0,0
1,21,0,From Keeper,England,3857272,0 days 00:21:00,0,0,0,0,0,0,1,0,0
1,21,2,From Keeper,England,3857272,0 days 00:21:02,0,0,0,0,0,0,1,0,0
1,21,4,From Keeper,England,3857272,0 days 00:21:04,0,0,0,0,0,0,1,0,0
1,21,8,From Keeper,England,3857272,0 days 00:21:08,0,0,0,0,0,0,1,0,0
1,21,9,From Keeper,England,3857272,0 days 00:21:09,0,0,0,0,0,0,1,0,0
1,21,14,From Keeper,England,3857272,0 days 00:21:14,0,0,0,0,0,0,1,0,0
1,21,14,From Keeper,England,3857272,0 days 00:21:14,0,0,0,0,0,0,1,0,0
1,21,19,From Keeper,England,3857272,0 days 00:21:19,0,0,0,0,0,0,1,0,0
1,21,21,From Keeper,England,3857272,0 days 00:21:21,0,0,0,0,0,0,1,0,0
1,21,24,From Keeper,England,3857272,0 days 00:21:24,0,0,0,0,0,0,1,0,0
1,21,26,From Keeper,England,3857272,0 days 00:21:26,0,0,0,0,0,0,1,0,0
1,21,29,From Keeper,England,3857272,0 days 00:21:29,0,0,0,0,0,0,1,0,0
1,21,33,From Keeper,England,3857272,0 days 00:21:33,0,0,0,0,0,0,1,0,0
1,21,36,From Keeper,England,3857272,0 days 00:21:36,0,0,0,0,0,0,1,0,0
1,21,39,From Keeper,England,3857272,0 days 00:21:39,0,0,0,0,0,0,1,0,0
1,21,41,From Keeper,England,3857272,0 days 00:21:41,0,0,0,0,0,0,1,0,0
1,21,44,From Keeper,England,3857272,0 days 00:21:44,0,0,0,0,0,0,1,0,0
1,21,47,From Keeper,England,3857272,0 days 00:21:47,0,0,0,0,0,0,1,0,0
1,21,53,From Keeper,England,3857272,0 days 00:21:53,0,0,0,0,0,0,1,0,0
1,21,56,From Keeper,England,3857272,0 days 00:21:56,0,0,0,0,0,0,1,0,0
1,13,1,From Throw In,Wales,3857273,0 days 00:13:01,0,0,0,0,0,0,1,0,0
1,13,3,From Throw In,Wales,3857273,0 days 00:13:03,0,0,0,0,0,0,1,0,0
1,13,5,From Throw In,Iran,3857273,0 days 00:13:05,0,0,0,0,0,0,1,0,0
1,13,8,From Throw In,Iran,3857273,0 days 00:13:08,0,0,0,0,0,0,1,0,0
1,13,9,From Throw In,Wales,3857273,0 days 00:13:09,0,0,0,0,0,0,1,0,0
1,13,11,From Throw In,Wales,3857273,0 days 00:13:11,0,0,0,0,0,0,1,0,0
1,13,14,From Throw In,Iran,3857273,0 days 00:13:14,0,0,0,0,0,0,1,0,0
1,13,16,From Throw In,Wales,3857273,0 days 00:13:16,0,0,0,0,0,0,1,0,0
1,13,17,From Throw In,Wales,3857273,0 days 00:13:17,0,0,0,0,0,0,1,0,0
1,13,18,From Throw In,Iran,3857273,0 days 00:13:18,0,0,0,0,0,0,1,0,0
1,13,29,From Throw In,Wales,3857273,0 days 00:13:29,0,0,0,0,0,0,1,0,0
1,13,30,From Throw In,Wales,3857273,0 days 00:13:30,0,0,0,0,0,0,1,0,0
1,13,32,From Throw In,Wales,3857273,0 days 00:13:32,0,0,0,0,0,0,1,0,0
1,13,36,From Throw In,Wales,3857273,0 days 00:13:36,0,0,1,0,0,0,0,0,0
1,13,36,From Throw In,Iran,3857273,0 days 00:13:36,0,0,0,0,0,0,0,0,1
1,13,46,From Throw In,Wales,3857273,0 days 00:13:46,0,0,0,0,0,0,1,0,0
1,13,49,From Throw In,Iran,3857273,0 days 00:13:49,1,0,0,0,0,0,0,0,0
1,13,49,From Throw In,Iran,3857273,0 days 00:13:49,0,0,0,1,0,0,0,0,0
1,13,49,From Throw In,Wales,3857273,0 days 00:13:49,0,0,0,0,0,0,0,0,1
1,13,51,From Throw In,Iran,3857273,0 days 00:13:51,1,0,0,0,0,0,0,0,0
1,13,52,From Throw In,Iran,3857273,0 days 00:13:52,0,0,0,0,0,0,1,0,0
1,13,53,From Throw In,Wales,3857273,0 days 00:13:53,0,0,0,0,0,1,0,0,0
1,13,54,From Throw In,Wales,3857273,0 days 00:13:54,0,0,0,0,0,0,1,0,0
1,13,55,From Throw In,Wales,3857273,0 days 00:13:55,0,0,0,0,0,0,1,0,0
1,13,56,From Throw In,Wales,3857273,0 days 00:13:56,0,0,0,0,0,0,1,0,0
1,13,57,From Throw In,Wales,3857273,0 days 00:13:57,0,0,0,0,0,0,1,0,0
1,14,28,From Throw In,Iran,3857273,0 days 00:14:28,0,0,0,0,0,0,1,0,0
1,14,29,From Throw In,Iran,3857273,0 days 00:14:29,0,0,0,0,0,0,1,0,0
1,14,29,Regular Play,Wales,3857273,0 days 00:14:29,1,0,0,0,0,0,0,0,0
1,14,32,Regular Play,Wales,3857273,0 days 00:14:32,0,0,0,0,0,0,1,0,0
1,14,32,Regular Play,Wales,3857273,0 days 00:14:32,0,0,0,0,0,0,1,0,0
1,14,34,Regular Play,Wales,3857273,0 days 00:14:34,0,0,0,1,0,0,0,0,0
1,14,34,Regular Play,Iran,3857273,0 days 00:14:34,0,0,0,0,0,0,0,0,1
1,14,34,Regular Play,Iran,3857273,0 days 00:14:34,1,0,0,0,0,0,0,0,0
1,14,35,Regular Play,Iran,3857273,0 days 00:14:35,0,0,0,0,0,0,1,0,0
1,14,37,Regular Play,Iran,3857273,0 days 00:14:37,0,0,0,0,0,0,1,0,0
1,14,39,Regular Play,Iran,3857273,0 days 00:14:39,0,0,0,0,0,0,1,0,0
1,14,42,Regular Play,Wales,3857273,0 days 00:14:42,0,0,0,0,0,1,0,0,0
1,14,46,Regular Play,Wales,3857273,0 days 00:14:46,0,0,0,0,0,0,1,0,0
1,14,49,Regular Play,Wales,3857273,0 days 00:14:49,0,0,0,0,0,0,1,0,0
1,14,51,Regular Play,Iran,3857273,0 days 00:14:51,0,0,0,0,0,0,1,0,0
1,14,52,Regular Play,Iran,3857273,0 days 00:14:52,0,0,0,0,0,0,1,0,0
1,14,54,Regular Play,Iran,3857273,0 days 00:14:54,0,0,0,0,0,0,1,0,0
1,14,55,Regular Play,Iran,3857273,0 days 00:14:55,0,0,0,0,0,0,1,0,0
1,16,6,From Free Kick,Wales,3857273,0 days 00:16:06,0,0,0,0,0,0,1,0,0
1,16,8,From Free Kick,Wales,3857273,0 days 00:16:08,0,0,0,0,0,0,1,0,0
1,16,11,From Free Kick,Wales,3857273,0 days 00:16:11,0,0,0,0,0,0,1,0,0
1,16,13,From Free Kick,Wales,3857273,0 days 00:16:13,0,0,0,0,0,0,1,0,0
1,16,14,From Free Kick,Wales,3857273,0 days 00:16:14,0,0,0,0,0,0,1,0,0
1,16,17,From Free Kick,Wales,3857273,0 days 00:16:17,0,0,0,0,0,0,1,0,0
1,16,18,From Free Kick,Wales,3857273,0 days 00:16:18,0,0,0,0,0,0,1,0,0
1,16,21,From Free Kick,Wales,3857273,0 days 00:16:21,0,0,0,0,0,0,1,0,0
1,16,23,From Free Kick,Wales,3857273,0 days 00:16:23,0,0,0,0,0,0,1,0,0
1,16,26,From Free Kick,Wales,3857273,0 days 00:16:26,0,0,0,0,0,0,1,0,0
1,16,37,From Throw In,Iran,3857273,0 days 00:16:37,0,0,0,0,0,0,1,0,0
1,16,37,From Throw In,Wales,3857273,0 days 00:16:37,0,0,0,0,0,0,1,0,0
1,16,39,From Throw In,Iran,3857273,0 days 00:16:39,0,0,0,0,0,0,1,0,0
1,16,41,Regular Play,Wales,3857273,0 days 00:16:41,0,0,0,0,0,0,1,0,0
1,16,42,Regular Play,Wales,3857273,0 days 00:16:42,0,0,0,0,0,0,1,0,0
1,16,48,Regular Play,Wales,3857273,0 days 00:16:48,0,0,0,0,0,0,1,0,0
1,16,49,Regular Play,Wales,3857273,0 days 00:16:49,0,0,0,0,0,0,1,0,0
1,16,56,Regular Play,Iran,3857273,0 days 00:16:56,0,0,0,0,1,0,0,0,0
1,18,42,From Free Kick,Wales,3857273,0 days 00:18:42,0,0,0,0,0,0,1,0,0
1,18,46,From Free Kick,Wales,3857273,0 days 00:18:46,1,0,0,0,0,0,0,0,0
1,18,48,From Free Kick,Wales,3857273,0 days 00:18:48,0,0,0,0,0,0,1,0,0
1,18,50,From Free Kick,Iran,3857273,0 days 00:18:50,0,1,0,0,0,0,0,0,0
1,18,53,From Free Kick,Wales,3857273,0 days 00:18:53,0,0,0,0,0,0,1,0,0
1,18,56,From Free Kick,Wales,3857273,0 days 00:18:56,0,0,0,0,0,0,1,0,0
1,19,0,From Counter,Iran,3857273,0 days 00:19:00,0,0,0,0,0,0,1,0,0
1,19,5,From Counter,Iran,3857273,0 days 00:19:05,0,0,0,0,0,0,1,0,0
1,19,5,From Counter,Wales,3857273,0 days 00:19:05,0,0,0,0,0,1,0,0,0
1,19,6,From Counter,Iran,3857273,0 days 00:19:06,1,0,0,0,0,0,0,0,0
1,19,8,From Counter,Iran,3857273,0 days 00:19:08,1,0,0,0,0,0,0,0,0
1,19,10,From Counter,Iran,3857273,0 days 00:19:10,0,0,0,0,0,0,0,1,0
1,19,12,Regular Play,Wales,3857273,0 days 00:19:12,0,1,0,0,0,0,0,0,0
1,19,35,From Throw In,Iran,3857273,0 days 00:19:35,0,0,0,0,0,0,1,0,0
1,19,36,From Throw In,Iran,3857273,0 days 00:19:36,0,0,0,0,0,0,1,0,0
1,19,38,From Throw In,Iran,3857273,0 days 00:19:38,0,0,0,0,0,0,1,0,0
1,19,40,From Throw In,Iran,3857273,0 days 00:19:40,0,0,0,0,0,0,1,0,0
1,19,41,From Throw In,Wales,3857273,0 days 00:19:41,1,0,0,0,0,0,0,0,0
1,19,41,From Throw In,Wales,3857273,0 days 00:19:41,0,0,0,1,0,0,0,0,0
1,19,41,From Throw In,Iran,3857273,0 days 00:19:41,0,0,0,0,0,0,0,0,1
1,19,43,From Throw In,Iran,3857273,0 days 00:19:43,0,0,0,0,0,0,1,0,0
1,19,48,From Throw In,Wales,3857273,0 days 00:19:48,0,1,0,0,0,0,0,0,0
1,19,54,From Throw In,Iran,3857273,0 days 00:19:54,0,0,0,0,0,0,1,0,0
1,19,57,From Throw In,Iran,3857273,0 days 00:19:57,0,0,0,0,0,0,1,0,0
1,20,3,From Throw In,Iran,3857273,0 days 00:20:03,0,0,0,0,0,0,1,0,0
1,20,5,From Throw In,Iran,3857273,0 days 00:20:05,0,0,0,0,0,0,1,0,0
1,20,8,From Throw In,Iran,3857273,0 days 00:20:08,0,0,1,0,0,0,0,0,0
1,20,8,Regular Play,Wales,3857273,0 days 00:20:08,0,0,0,0,0,0,0,0,1
1,20,10,Regular Play,Wales,3857273,0 days 00:20:10,0,0,0,0,0,0,1,0,0
1,20,11,Regular Play,Wales,3857273,0 days 00:20:11,0,0,0,0,0,0,1,0,0
1,20,11,Regular Play,Wales,3857273,0 days 00:20:11,0,0,0,0,0,0,1,0,0
1,20,13,Regular Play,Wales,3857273,0 days 00:20:13,0,0,0,0,0,0,1,0,0
1,20,18,Regular Play,Wales,3857273,0 days 00:20:18,0,0,0,0,0,0,1,0,0
1,20,21,Regular Play,Wales,3857273,0 days 00:20:21,0,0,0,0,0,0,1,0,0
1,20,23,Regular Play,Wales,3857273,0 days 00:20:23,0,0,0,0,0,0,1,0,0
1,20,39,From Throw In,Iran,3857273,0 days 00:20:39,0,0,0,0,0,0,1,0,0
1,20,42,From Throw In,Iran,3857273,0 days 00:20:42,0,0,0,0,0,0,1,0,0
1,20,48,From Throw In,Iran,3857273,0 days 00:20:48,0,0,0,0,0,0,1,0,0
1,20,53,Regular Play,Wales,3857273,0 days 00:20:53,1,0,0,0,0,0,0,0,0
1,20,54,Regular Play,Wales,3857273,0 days 00:20:54,0,0,0,0,0,0,1,0,0
1,20,56,Regular Play,Iran,3857273,0 days 00:20:56,0,0,0,0,1,0,0,0,0
1,21,0,From Free Kick,Wales,3857273,0 days 00:21:00,0,0,0,0,0,0,1,0,0
1,21,3,From Free Kick,Wales,3857273,0 days 00:21:03,0,0,0,0,0,0,1,0,0
1,21,6,From Free Kick,Wales,3857273,0 days 00:21:06,0,0,0,0,0,0,1,0,0
1,21,9,From Free Kick,Wales,3857273,0 days 00:21:09,0,0,0,0,0,0,1,0,0
1,21,27,From Throw In,Wales,3857273,0 days 00:21:27,0,0,0,0,0,0,1,0,0
1,21,29,From Throw In,Wales,3857273,0 days 00:21:29,0,0,0,0,0,0,1,0,0
1,21,30,From Throw In,Wales,3857273,0 days 00:21:30,0,0,0,0,0,0,1,0,0
1,21,32,From Counter,Iran,3857273,0 days 00:21:32,0,0,0,0,0,1,0,0,0
1,21,36,From Counter,Wales,3857273,0 days 00:21:36,0,0,0,0,1,0,0,0,0
1,12,2,Regular Play,Ecuador,3857274,0 days 00:12:02,0,0,0,1,0,0,0,0,0
1,12,2,Regular Play,Netherlands,3857274,0 days 00:12:02,0,0,0,0,0,0,0,0,1
1,12,5,Regular Play,Netherlands,3857274,0 days 00:12:05,0,0,0,0,0,0,1,0,0
1,12,7,Regular Play,Netherlands,3857274,0 days 00:12:07,0,0,0,0,0,0,1,0,0
1,12,10,Regular Play,Netherlands,3857274,0 days 00:12:10,0,0,0,0,1,0,0,0,0
1,12,16,From Free Kick,Ecuador,3857274,0 days 00:12:16,0,0,0,0,0,0,1,0,0
1,12,19,From Free Kick,Ecuador,3857274,0 days 00:12:19,0,0,0,0,0,0,1,0,0
1,12,20,From Free Kick,Ecuador,3857274,0 days 00:12:20,0,0,0,0,0,0,1,0,0
1,12,23,From Free Kick,Ecuador,3857274,0 days 00:12:23,0,0,0,0,0,0,1,0,0
1,12,24,From Free Kick,Ecuador,3857274,0 days 00:12:24,0,0,0,0,0,0,1,0,0
1,12,26,From Free Kick,Ecuador,3857274,0 days 00:12:26,0,0,0,0,0,0,1,0,0
1,12,34,From Free Kick,Ecuador,3857274,0 days 00:12:34,0,0,0,0,0,0,1,0,0
1,12,39,From Free Kick,Ecuador,3857274,0 days 00:12:39,0,0,0,0,0,0,1,0,0
1,12,43,From Free Kick,Ecuador,3857274,0 days 00:12:43,0,0,0,0,0,0,1,0,0
1,12,48,From Free Kick,Netherlands,3857274,0 days 00:12:48,0,0,0,0,0,0,1,0,0
1,12,54,From Free Kick,Ecuador,3857274,0 days 00:12:54,0,0,0,0,0,0,1,0,0
1,12,58,From Free Kick,Ecuador,3857274,0 days 00:12:58,0,0,0,0,0,0,1,0,0
1,13,1,From Free Kick,Ecuador,3857274,0 days 00:13:01,0,0,0,0,0,0,1,0,0
1,13,2,From Free Kick,Ecuador,3857274,0 days 00:13:02,0,0,0,0,0,0,1,0,0
1,13,5,From Free Kick,Ecuador,3857274,0 days 00:13:05,0,0,0,0,0,0,1,0,0
1,13,7,From Free Kick,Ecuador,3857274,0 days 00:13:07,0,0,0,0,0,0,1,0,0
1,13,8,From Free Kick,Ecuador,3857274,0 days 00:13:08,0,0,0,0,0,0,1,0,0
1,13,10,From Free Kick,Ecuador,3857274,0 days 00:13:10,0,0,0,0,0,0,1,0,0
1,13,12,From Free Kick,Ecuador,3857274,0 days 00:13:12,0,0,0,0,0,0,1,0,0
1,13,16,From Free Kick,Ecuador,3857274,0 days 00:13:16,0,0,0,0,0,0,1,0,0
1,13,21,From Free Kick,Ecuador,3857274,0 days 00:13:21,0,0,0,0,0,0,1,0,0
1,13,23,Regular Play,Netherlands,3857274,0 days 00:13:23,0,0,0,0,0,0,1,0,0
1,13,26,Regular Play,Ecuador,3857274,0 days 00:13:26,0,0,0,0,1,0,0,0,0
1,13,54,From Free Kick,Netherlands,3857274,0 days 00:13:54,0,0,0,0,0,0,1,0,0
1,13,59,From Free Kick,Netherlands,3857274,0 days 00:13:59,0,0,0,0,0,0,1,0,0
1,14,2,From Free Kick,Netherlands,3857274,0 days 00:14:02,0,0,0,0,0,0,1,0,0
1,14,3,Regular Play,Ecuador,3857274,0 days 00:14:03,0,0,0,0,0,0,1,0,0
1,14,4,Regular Play,Netherlands,3857274,0 days 00:14:04,1,0,0,0,0,0,0,0,0
1,14,5,Regular Play,Ecuador,3857274,0 days 00:14:05,0,1,0,0,0,0,0,0,0
1,14,6,Regular Play,Ecuador,3857274,0 days 00:14:06,0,0,0,0,0,0,1,0,0
1,14,8,Regular Play,Netherlands,3857274,0 days 00:14:08,0,0,0,0,0,0,1,0,0
1,14,9,Regular Play,Ecuador,3857274,0 days 00:14:09,0,0,0,0,0,0,1,0,0
1,14,10,Regular Play,Ecuador,3857274,0 days 00:14:10,0,0,0,0,0,0,1,0,0
1,14,11,Regular Play,Netherlands,3857274,0 days 00:14:11,0,0,0,0,0,0,1,0,0
1,14,14,Regular Play,Ecuador,3857274,0 days 00:14:14,1,0,0,0,0,0,0,0,0
1,14,20,Regular Play,Ecuador,3857274,0 days 00:14:20,0,0,0,1,0,0,0,0,0
1,14,23,Regular Play,Ecuador,3857274,0 days 00:14:23,0,0,0,1,0,0,0,0,0
1,14,23,Regular Play,Netherlands,3857274,0 days 00:14:23,0,0,0,0,0,0,0,0,1
1,14,34,From Goal Kick,Netherlands,3857274,0 days 00:14:34,0,0,0,0,0,0,1,0,0
1,14,42,From Goal Kick,Netherlands,3857274,0 days 00:14:42,0,0,0,0,0,0,1,0,0
1,14,49,From Goal Kick,Netherlands,3857274,0 days 00:14:49,0,0,0,0,0,0,1,0,0
1,14,55,From Goal Kick,Netherlands,3857274,0 days 00:14:55,0,0,0,0,0,0,1,0,0
1,15,1,From Goal Kick,Netherlands,3857274,0 days 00:15:01,0,0,0,0,0,0,1,0,0
1,15,6,From Goal Kick,Netherlands,3857274,0 days 00:15:06,0,0,0,0,0,0,1,0,0
1,15,9,From Goal Kick,Netherlands,3857274,0 days 00:15:09,0,0,0,0,0,0,1,0,0
1,15,12,From Goal Kick,Netherlands,3857274,0 days 00:15:12,0,0,0,0,0,0,1,0,0
1,15,16,From Goal Kick,Netherlands,3857274,0 days 00:15:16,0,0,0,0,0,0,1,0,0
1,15,21,From Goal Kick,Netherlands,3857274,0 days 00:15:21,0,0,0,0,0,0,1,0,0
1,15,25,From Goal Kick,Netherlands,3857274,0 days 00:15:25,0,0,0,0,0,0,1,0,0
1,15,27,From Goal Kick,Netherlands,3857274,0 days 00:15:27,0,0,0,0,0,0,1,0,0
1,15,29,From Goal Kick,Netherlands,3857274,0 days 00:15:29,0,0,0,0,0,0,1,0,0
1,15,31,From Goal Kick,Netherlands,3857274,0 days 00:15:31,0,0,0,0,0,0,1,0,0
1,15,34,From Goal Kick,Netherlands,3857274,0 days 00:15:34,0,0,0,0,0,0,1,0,0
1,15,39,From Goal Kick,Netherlands,3857274,0 days 00:15:39,0,0,0,0,0,0,1,0,0
1,15,41,From Goal Kick,Netherlands,3857274,0 days 00:15:41,0,0,0,0,0,0,1,0,0
1,15,47,From Goal Kick,Netherlands,3857274,0 days 00:15:47,0,0,0,0,0,0,1,0,0
1,15,53,From Goal Kick,Netherlands,3857274,0 days 00:15:53,0,0,0,0,0,0,1,0,0
1,16,0,From Goal Kick,Netherlands,3857274,0 days 00:16:00,0,0,0,0,0,0,1,0,0
1,16,1,From Goal Kick,Netherlands,3857274,0 days 00:16:01,0,0,0,0,0,0,1,0,0
1,16,6,From Goal Kick,Netherlands,3857274,0 days 00:16:06,0,0,0,0,0,0,1,0,0
1,16,9,From Goal Kick,Netherlands,3857274,0 days 00:16:09,0,0,0,0,0,0,1,0,0
1,16,9,From Goal Kick,Netherlands,3857274,0 days 00:16:09,0,0,0,0,0,0,1,0,0
1,16,11,From Goal Kick,Netherlands,3857274,0 days 00:16:11,0,0,0,0,0,0,1,0,0
1,16,12,From Goal Kick,Netherlands,3857274,0 days 00:16:12,0,0,0,0,0,0,1,0,0
1,16,25,From Goal Kick,Netherlands,3857274,0 days 00:16:25,0,0,0,0,0,0,1,0,0
1,16,27,From Goal Kick,Netherlands,3857274,0 days 00:16:27,0,0,0,0,0,0,1,0,0
1,16,29,From Goal Kick,Netherlands,3857274,0 days 00:16:29,0,0,0,0,0,0,1,0,0
1,16,33,From Goal Kick,Netherlands,3857274,0 days 00:16:33,0,0,0,0,0,0,1,0,0
1,16,36,From Goal Kick,Netherlands,3857274,0 days 00:16:36,0,0,0,0,0,0,1,0,0
1,16,39,From Goal Kick,Netherlands,3857274,0 days 00:16:39,0,0,0,0,0,0,1,0,0
1,16,43,From Goal Kick,Netherlands,3857274,0 days 00:16:43,0,0,0,0,0,0,1,0,0
1,16,45,From Goal Kick,Netherlands,3857274,0 days 00:16:45,0,0,0,0,0,0,1,0,0
1,16,47,From Goal Kick,Netherlands,3857274,0 days 00:16:47,0,0,0,0,0,0,1,0,0
1,16,49,From Goal Kick,Netherlands,3857274,0 days 00:16:49,0,0,1,0,0,0,0,0,0
1,16,49,From Goal Kick,Ecuador,3857274,0 days 00:16:49,0,0,0,0,0,0,0,0,1
1,16,51,From Goal Kick,Netherlands,3857274,0 days 00:16:51,0,0,0,0,0,0,1,0,0
1,16,52,From Goal Kick,Netherlands,3857274,0 days 00:16:52,0,0,0,0,0,0,1,0,0
1,16,55,From Goal Kick,Netherlands,3857274,0 days 00:16:55,0,0,0,0,0,0,1,0,0
1,17,0,From Goal Kick,Netherlands,3857274,0 days 00:17:00,0,0,0,0,0,0,1,0,0
1,17,4,From Goal Kick,Netherlands,3857274,0 days 00:17:04,0,0,0,0,0,0,1,0,0
1,17,7,From Goal Kick,Netherlands,3857274,0 days 00:17:07,0,0,0,0,0,0,1,0,0
1,17,11,From Goal Kick,Netherlands,3857274,0 days 00:17:11,0,0,0,0,0,0,1,0,0
1,17,16,From Goal Kick,Netherlands,3857274,0 days 00:17:16,0,0,0,0,0,0,1,0,0
1,17,20,From Goal Kick,Netherlands,3857274,0 days 00:17:20,0,0,0,0,0,0,1,0,0
1,17,22,From Goal Kick,Netherlands,3857274,0 days 00:17:22,0,0,0,0,0,0,1,0,0
1,17,23,From Goal Kick,Netherlands,3857274,0 days 00:17:23,0,0,0,0,0,0,1,0,0
1,17,43,From Throw In,Netherlands,3857274,0 days 00:17:43,0,0,0,0,0,0,1,0,0
1,17,44,From Throw In,Netherlands,3857274,0 days 00:17:44,0,0,0,0,0,0,1,0,0
1,17,45,From Throw In,Netherlands,3857274,0 days 00:17:45,0,0,0,0,0,0,1,0,0
1,17,47,From Throw In,Netherlands,3857274,0 days 00:17:47,0,0,0,0,0,0,1,0,0
1,17,50,From Throw In,Ecuador,3857274,0 days 00:17:50,0,0,0,0,0,0,1,0,0
1,18,15,From Throw In,Netherlands,3857274,0 days 00:18:15,0,0,0,0,0,0,1,0,0
1,18,19,From Throw In,Netherlands,3857274,0 days 00:18:19,0,0,0,1,0,0,0,0,0
1,18,19,From Throw In,Ecuador,3857274,0 days 00:18:19,0,0,0,0,0,0,0,0,1
1,18,37,From Throw In,Netherlands,3857274,0 days 00:18:37,0,0,0,0,0,0,1,0,0
1,18,38,From Throw In,Netherlands,3857274,0 days 00:18:38,0,0,0,0,0,0,1,0,0
1,18,39,From Throw In,Netherlands,3857274,0 days 00:18:39,0,0,0,0,0,0,1,0,0
1,18,40,From Throw In,Ecuador,3857274,0 days 00:18:40,0,1,0,0,0,0,0,0,0
1,19,0,From Throw In,Netherlands,3857274,0 days 00:19:00,0,0,0,0,0,0,1,0,0
1,19,1,Regular Play,Ecuador,3857274,0 days 00:19:01,0,0,0,0,0,0,1,0,0
1,19,5,Regular Play,Ecuador,3857274,0 days 00:19:05,0,0,0,0,0,0,1,0,0
1,19,8,Regular Play,Ecuador,3857274,0 days 00:19:08,0,0,0,0,0,0,1,0,0
1,19,10,Regular Play,Netherlands,3857274,0 days 00:19:10,0,0,0,0,0,0,1,0,0
1,19,12,Regular Play,Netherlands,3857274,0 days 00:19:12,0,0,0,0,0,0,1,0,0
1,19,14,Regular Play,Ecuador,3857274,0 days 00:19:14,0,0,0,0,0,0,1,0,0
1,19,15,Regular Play,Netherlands,3857274,0 days 00:19:15,0,0,0,0,1,0,0,0,0
1,19,29,From Free Kick,Ecuador,3857274,0 days 00:19:29,0,0,0,0,0,0,1,0,0
1,19,31,From Free Kick,Ecuador,3857274,0 days 00:19:31,0,0,0,0,0,0,1,0,0
1,19,34,From Free Kick,Ecuador,3857274,0 days 00:19:34,0,0,0,0,0,0,1,0,0
1,19,40,From Free Kick,Ecuador,3857274,0 days 00:19:40,0,0,0,0,0,0,1,0,0
1,19,42,From Free Kick,Ecuador,3857274,0 days 00:19:42,0,0,0,0,0,0,1,0,0
1,19,43,From Free Kick,Ecuador,3857274,0 days 00:19:43,0,0,0,0,0,0,1,0,0
1,19,45,From Free Kick,Ecuador,3857274,0 days 00:19:45,0,0,0,0,0,0,1,0,0
1,19,49,From Free Kick,Ecuador,3857274,0 days 00:19:49,0,0,0,0,0,0,1,0,0
1,19,51,From Free Kick,Ecuador,3857274,0 days 00:19:51,0,0,0,0,0,0,1,0,0
1,19,53,From Free Kick,Ecuador,3857274,0 days 00:19:53,0,0,0,0,0,0,1,0,0
1,19,56,From Free Kick,Ecuador,3857274,0 days 00:19:56,0,0,1,0,0,0,0,0,0
1,19,56,From Free Kick,Netherlands,3857274,0 days 00:19:56,0,0,0,0,0,0,0,0,1
1,19,59,From Free Kick,Netherlands,3857274,0 days 00:19:59,0,0,1,0,0,0,0,0,0
1,19,59,From Free Kick,Ecuador,3857274,0 days 00:19:59,0,0,0,0,0,0,0,0,1
1,20,0,From Free Kick,Ecuador,3857274,0 days 00:20:00,0,1,0,0,0,0,0,0,0
1,20,0,From Free Kick,Netherlands,3857274,0 days 00:20:00,0,0,0,0,1,0,0,0,0
1,20,1,From Free Kick,Ecuador,3857274,0 days 00:20:01,1,0,0,0,0,0,0,0,0
1,20,7,From Free Kick,Ecuador,3857274,0 days 00:20:07,0,0,0,0,0,0,1,0,0
1,20,51,From Throw In,Netherlands,3857274,0 days 00:20:51,0,0,0,0,0,0,1,0,0
1,20,53,From Throw In,Netherlands,3857274,0 days 00:20:53,0,0,0,0,0,0,1,0,0
1,20,56,Regular Play,Ecuador,3857274,0 days 00:20:56,1,0,0,0,0,0,0,0,0
1,21,1,Regular Play,Ecuador,3857274,0 days 00:21:01,0,0,0,0,0,0,1,0,0
1,21,5,Regular Play,Netherlands,3857274,0 days 00:21:05,0,0,0,0,0,0,1,0,0
1,21,8,Regular Play,Ecuador,3857274,0 days 00:21:08,0,0,0,0,0,0,1,0,0
1,21,11,Regular Play,Netherlands,3857274,0 days 00:21:11,0,0,0,0,1,0,0,0,0
1,21,31,From Free Kick,Ecuador,3857274,0 days 00:21:31,0,0,0,0,0,0,1,0,0
1,21,36,From Free Kick,Ecuador,3857274,0 days 00:21:36,0,0,0,0,0,0,1,0,0
1,21,37,From Free Kick,Ecuador,3857274,0 days 00:21:37,0,0,0,0,0,0,1,0,0
1,21,44,From Free Kick,Ecuador,3857274,0 days 00:21:44,0,0,0,0,0,0,1,0,0
1,21,47,From Free Kick,Netherlands,3857274,0 days 00:21:47,0,0,0,0,1,0,0,0,0
1,21,59,From Free Kick,Ecuador,3857274,0 days 00:21:59,0,0,0,0,0,0,1,0,0
1,12,12,From Goal Kick,France,3857275,0 days 00:12:12,0,0,0,0,0,0,1,0,0
1,12,14,From Goal Kick,France,3857275,0 days 00:12:14,0,0,0,0,0,0,1,0,0
1,12,19,From Goal Kick,France,3857275,0 days 00:12:19,0,0,0,0,0,0,1,0,0
1,12,21,From Goal Kick,France,3857275,0 days 00:12:21,0,0,0,0,0,0,1,0,0
1,12,24,From Goal Kick,France,3857275,0 days 00:12:24,0,0,0,0,0,0,1,0,0
1,12,25,From Goal Kick,France,3857275,0 days 00:12:25,0,0,0,0,0,0,1,0,0
1,12,26,From Goal Kick,France,3857275,0 days 00:12:26,0,0,0,0,0,0,1,0,0
1,12,28,From Goal Kick,France,3857275,0 days 00:12:28,0,0,0,0,0,0,1,0,0
1,12,29,From Goal Kick,France,3857275,0 days 00:12:29,0,0,1,0,0,0,0,0,0
1,12,29,From Counter,Tunisia,3857275,0 days 00:12:29,0,0,0,0,0,0,0,0,1
1,12,30,From Counter,Tunisia,3857275,0 days 00:12:30,1,0,0,0,0,0,0,0,0
1,13,8,From Goal Kick,France,3857275,0 days 00:13:08,0,0,0,0,0,0,1,0,0
1,13,9,From Goal Kick,Tunisia,3857275,0 days 00:13:09,0,1,0,0,0,0,0,0,0
1,13,12,From Goal Kick,France,3857275,0 days 00:13:12,0,0,0,0,0,0,1,0,0
1,13,15,Regular Play,Tunisia,3857275,0 days 00:13:15,1,0,0,0,0,0,0,0,0
1,13,16,Regular Play,Tunisia,3857275,0 days 00:13:16,0,0,0,0,0,0,1,0,0
1,13,21,Regular Play,France,3857275,0 days 00:13:21,0,1,0,0,0,0,0,0,0
1,13,26,From Throw In,Tunisia,3857275,0 days 00:13:26,0,0,0,0,0,0,1,0,0
1,13,27,From Throw In,Tunisia,3857275,0 days 00:13:27,0,0,0,0,0,0,1,0,0
1,13,31,From Throw In,France,3857275,0 days 00:13:31,0,0,0,0,1,0,0,0,0
1,14,3,From Free Kick,Tunisia,3857275,0 days 00:14:03,0,0,0,0,0,0,1,0,0
1,14,4,From Counter,France,3857275,0 days 00:14:04,1,0,0,0,0,0,0,0,0
1,14,9,From Counter,France,3857275,0 days 00:14:09,0,0,0,0,0,0,1,0,0
1,14,13,From Counter,Tunisia,3857275,0 days 00:14:13,0,1,0,0,0,0,0,0,0
1,14,17,From Counter,France,3857275,0 days 00:14:17,1,0,0,0,0,0,0,0,0
1,14,18,From Counter,France,3857275,0 days 00:14:18,0,0,1,0,0,0,0,0,0
1,14,18,Regular Play,Tunisia,3857275,0 days 00:14:18,0,0,0,0,0,0,0,0,1
1,14,47,From Corner,France,3857275,0 days 00:14:47,0,0,0,0,0,0,1,0,0
1,14,48,From Corner,France,3857275,0 days 00:14:48,0,0,0,0,0,0,1,0,0
1,14,49,From Corner,Tunisia,3857275,0 days 00:14:49,0,1,0,0,0,0,0,0,0
1,15,8,From Corner,France,3857275,0 days 00:15:08,0,0,0,0,0,0,1,0,0
1,15,11,From Corner,Tunisia,3857275,0 days 00:15:11,0,1,0,0,0,0,0,0,0
1,15,13,Regular Play,Tunisia,3857275,0 days 00:15:13,1,0,0,0,0,0,0,0,0
1,15,21,Regular Play,Tunisia,3857275,0 days 00:15:21,0,0,0,1,0,0,0,0,0
1,15,23,Regular Play,France,3857275,0 days 00:15:23,0,0,0,0,1,0,0,0,0
1,15,54,From Free Kick,Tunisia,3857275,0 days 00:15:54,0,0,0,0,0,0,1,0,0
1,15,58,From Free Kick,Tunisia,3857275,0 days 00:15:58,0,0,0,0,0,0,1,0,0
1,16,2,From Free Kick,Tunisia,3857275,0 days 00:16:02,0,0,0,0,0,0,1,0,0
1,16,3,From Free Kick,Tunisia,3857275,0 days 00:16:03,0,0,0,0,0,0,1,0,0
1,16,5,From Free Kick,Tunisia,3857275,0 days 00:16:05,0,0,0,0,0,0,1,0,0
1,16,9,From Free Kick,Tunisia,3857275,0 days 00:16:09,0,0,0,0,0,0,1,0,0
1,16,11,From Free Kick,Tunisia,3857275,0 days 00:16:11,0,0,0,0,0,0,1,0,0
1,16,12,From Free Kick,Tunisia,3857275,0 days 00:16:12,0,0,1,0,0,0,0,0,0
1,16,12,From Free Kick,France,3857275,0 days 00:16:12,0,0,0,0,0,0,0,0,1
1,16,13,From Free Kick,France,3857275,0 days 00:16:13,0,0,0,0,0,0,1,0,0
1,16,14,From Free Kick,Tunisia,3857275,0 days 00:16:14,1,0,0,0,0,0,0,0,0
1,16,16,From Free Kick,Tunisia,3857275,0 days 00:16:16,0,0,0,0,0,0,1,0,0
1,16,18,From Free Kick,Tunisia,3857275,0 days 00:16:18,0,0,0,0,0,0,1,0,0
1,16,21,From Free Kick,Tunisia,3857275,0 days 00:16:21,0,0,0,0,0,0,1,0,0
1,16,24,From Free Kick,Tunisia,3857275,0 days 00:16:24,0,0,0,0,0,0,1,0,0
1,16,25,From Free Kick,France,3857275,0 days 00:16:25,1,0,0,0,0,0,0,0,0
1,16,28,From Free Kick,France,3857275,0 days 00:16:28,0,0,0,0,0,0,1,0,0
1,16,30,From Free Kick,France,3857275,0 days 00:16:30,0,0,1,0,0,0,0,0,0
1,16,30,From Free Kick,Tunisia,3857275,0 days 00:16:30,0,0,0,0,0,0,0,0,1
1,16,31,From Free Kick,Tunisia,3857275,0 days 00:16:31,1,0,0,0,0,0,0,0,0
1,16,34,From Free Kick,Tunisia,3857275,0 days 00:16:34,0,0,0,0,0,0,1,0,0
1,16,38,From Free Kick,Tunisia,3857275,0 days 00:16:38,0,0,0,0,0,0,1,0,0
1,16,42,From Free Kick,Tunisia,3857275,0 days 00:16:42,0,0,0,0,0,0,1,0,0
1,16,46,Regular Play,France,3857275,0 days 00:16:46,0,0,0,0,0,0,1,0,0
1,17,14,From Goal Kick,France,3857275,0 days 00:17:14,0,0,0,0,0,0,1,0,0
1,17,16,From Goal Kick,France,3857275,0 days 00:17:16,0,0,0,0,0,0,1,0,0
1,17,20,From Goal Kick,France,3857275,0 days 00:17:20,0,0,0,0,0,0,1,0,0
1,17,22,From Goal Kick,France,3857275,0 days 00:17:22,0,0,0,0,0,0,1,0,0
1,17,25,From Goal Kick,France,3857275,0 days 00:17:25,0,0,0,0,0,0,1,0,0
1,17,29,From Goal Kick,France,3857275,0 days 00:17:29,0,0,0,0,0,0,1,0,0
1,17,32,From Goal Kick,France,3857275,0 days 00:17:32,0,0,0,0,0,0,1,0,0
1,17,34,From Goal Kick,France,3857275,0 days 00:17:34,0,0,0,0,0,0,1,0,0
1,17,35,From Goal Kick,Tunisia,3857275,0 days 00:17:35,0,0,0,0,0,0,1,0,0
1,17,36,From Goal Kick,Tunisia,3857275,0 days 00:17:36,0,0,0,0,0,0,1,0,0
1,17,37,From Goal Kick,France,3857275,0 days 00:17:37,1,0,0,0,0,0,0,0,0
1,17,39,From Goal Kick,France,3857275,0 days 00:17:39,0,0,0,0,0,0,1,0,0
1,17,42,From Goal Kick,France,3857275,0 days 00:17:42,0,0,0,0,0,0,1,0,0
1,17,49,From Goal Kick,France,3857275,0 days 00:17:49,0,0,0,0,0,0,1,0,0
1,17,50,From Goal Kick,France,3857275,0 days 00:17:50,0,0,0,1,0,0,0,0,0
1,17,54,From Goal Kick,France,3857275,0 days 00:17:54,0,0,1,0,0,0,0,0,0
1,17,54,From Goal Kick,Tunisia,3857275,0 days 00:17:54,0,0,0,0,0,0,0,0,1
1,18,5,From Throw In,France,3857275,0 days 00:18:05,0,0,0,0,0,0,1,0,0
1,18,6,From Throw In,France,3857275,0 days 00:18:06,0,0,0,0,0,0,1,0,0
1,18,9,From Throw In,France,3857275,0 days 00:18:09,0,0,1,0,0,0,0,0,0
1,18,9,From Throw In,Tunisia,3857275,0 days 00:18:09,0,0,0,0,0,0,0,0,1
1,18,14,From Throw In,France,3857275,0 days 00:18:14,0,0,0,0,0,0,1,0,0
1,18,17,From Throw In,France,3857275,0 days 00:18:17,0,0,0,0,0,0,1,0,0
1,18,20,From Throw In,France,3857275,0 days 00:18:20,0,0,0,0,0,0,1,0,0
1,18,22,From Throw In,France,3857275,0 days 00:18:22,0,0,0,0,0,0,1,0,0
1,18,24,From Throw In,France,3857275,0 days 00:18:24,0,0,0,0,0,0,1,0,0
1,18,28,From Throw In,France,3857275,0 days 00:18:28,0,0,0,0,0,0,1,0,0
1,18,30,From Throw In,France,3857275,0 days 00:18:30,0,0,0,0,0,0,1,0,0
1,18,34,From Throw In,France,3857275,0 days 00:18:34,0,0,0,0,0,0,1,0,0
1,18,36,From Throw In,France,3857275,0 days 00:18:36,0,0,0,0,0,0,1,0,0
1,18,39,From Throw In,France,3857275,0 days 00:18:39,0,0,0,0,0,0,1,0,0
1,18,43,From Throw In,France,3857275,0 days 00:18:43,0,0,0,0,0,0,1,0,0
1,18,44,From Throw In,France,3857275,0 days 00:18:44,0,0,0,0,0,0,1,0,0
1,18,45,From Throw In,Tunisia,3857275,0 days 00:18:45,0,0,0,0,0,1,0,0,0
1,19,14,From Throw In,Tunisia,3857275,0 days 00:19:14,0,0,0,0,0,0,1,0,0
1,19,18,From Throw In,Tunisia,3857275,0 days 00:19:18,0,0,0,0,0,0,1,0,0
1,19,18,From Throw In,Tunisia,3857275,0 days 00:19:18,0,0,0,0,0,0,1,0,0
1,19,19,From Throw In,France,3857275,0 days 00:19:19,1,0,0,0,0,0,0,0,0
1,19,21,From Throw In,France,3857275,0 days 00:19:21,0,0,0,0,0,0,1,0,0
1,19,23,From Throw In,Tunisia,3857275,0 days 00:19:23,1,0,0,0,0,0,0,0,0
1,19,23,From Throw In,Tunisia,3857275,0 days 00:19:23,0,0,0,0,0,0,1,0,0
1,19,24,From Throw In,Tunisia,3857275,0 days 00:19:24,0,0,0,0,0,0,1,0,0
1,19,29,From Throw In,Tunisia,3857275,0 days 00:19:29,0,0,1,0,0,0,0,0,0
1,19,29,From Throw In,France,3857275,0 days 00:19:29,0,0,0,0,0,0,0,0,1
1,19,30,From Throw In,France,3857275,0 days 00:19:30,0,0,0,0,0,0,1,0,0
1,19,34,From Throw In,Tunisia,3857275,0 days 00:19:34,1,0,0,0,0,0,0,0,0
1,19,35,From Throw In,Tunisia,3857275,0 days 00:19:35,0,0,0,0,0,0,1,0,0
1,19,37,From Throw In,Tunisia,3857275,0 days 00:19:37,0,0,0,0,0,0,1,0,0
1,19,39,From Throw In,Tunisia,3857275,0 days 00:19:39,0,0,0,0,0,0,1,0,0
1,19,41,From Throw In,Tunisia,3857275,0 days 00:19:41,0,0,1,0,0,0,0,0,0
1,19,41,From Throw In,France,3857275,0 days 00:19:41,0,0,0,0,0,0,0,0,1
1,19,49,From Throw In,France,3857275,0 days 00:19:49,0,0,0,0,0,0,1,0,0
1,19,53,From Throw In,France,3857275,0 days 00:19:53,0,0,0,0,0,0,1,0,0
1,19,55,From Throw In,France,3857275,0 days 00:19:55,0,0,0,0,0,0,1,0,0
1,19,59,From Throw In,France,3857275,0 days 00:19:59,0,0,0,0,0,0,1,0,0
1,20,7,From Throw In,France,3857275,0 days 00:20:07,0,0,1,0,0,0,0,0,0
1,20,7,From Counter,Tunisia,3857275,0 days 00:20:07,0,0,0,0,0,0,0,0,1
1,20,10,From Counter,Tunisia,3857275,0 days 00:20:10,0,0,0,0,0,0,1,0,0
1,20,43,From Throw In,France,3857275,0 days 00:20:43,0,0,0,0,0,0,1,0,0
1,20,47,Regular Play,Tunisia,3857275,0 days 00:20:47,0,0,0,0,0,0,1,0,0
1,20,52,Regular Play,Tunisia,3857275,0 days 00:20:52,0,0,0,0,0,0,1,0,0
1,20,55,Regular Play,France,3857275,0 days 00:20:55,0,1,0,0,0,0,0,0,0
1,20,57,Regular Play,Tunisia,3857275,0 days 00:20:57,1,0,0,0,0,0,0,0,0
1,20,59,Regular Play,Tunisia,3857275,0 days 00:20:59,0,0,0,0,0,0,1,0,0
1,21,0,Regular Play,Tunisia,3857275,0 days 00:21:00,0,0,0,0,0,0,1,0,0
1,21,1,Regular Play,Tunisia,3857275,0 days 00:21:01,0,0,1,0,0,0,0,0,0
1,21,1,Regular Play,France,3857275,0 days 00:21:01,0,0,0,0,0,0,0,0,1
1,21,3,Regular Play,France,3857275,0 days 00:21:03,1,0,0,0,0,0,0,0,0
1,21,6,Regular Play,France,3857275,0 days 00:21:06,0,0,1,0,0,0,0,0,0
1,21,6,Regular Play,Tunisia,3857275,0 days 00:21:06,0,0,0,0,0,0,0,0,1
1,21,24,From Throw In,France,3857275,0 days 00:21:24,0,0,0,0,0,0,1,0,0
1,21,25,From Throw In,France,3857275,0 days 00:21:25,0,0,0,0,0,0,1,0,0
1,21,26,From Throw In,France,3857275,0 days 00:21:26,0,0,0,0,0,0,1,0,0
1,21,30,From Throw In,France,3857275,0 days 00:21:30,0,0,0,0,0,0,1,0,0
1,21,33,From Throw In,France,3857275,0 days 00:21:33,0,0,0,0,0,0,1,0,0
1,21,36,From Throw In,France,3857275,0 days 00:21:36,0,0,0,0,0,0,1,0,0
1,21,38,From Throw In,France,3857275,0 days 00:21:38,0,0,0,0,0,0,1,0,0
1,21,41,From Throw In,France,3857275,0 days 00:21:41,0,0,0,0,0,0,1,0,0
1,21,43,From Throw In,France,3857275,0 days 00:21:43,0,0,0,0,0,0,1,0,0
1,21,48,From Throw In,France,3857275,0 days 00:21:48,0,0,0,0,0,0,1,0,0
1,21,50,From Throw In,France,3857275,0 days 00:21:50,0,0,0,0,0,0,1,0,0
1,21,52,From Throw In,France,3857275,0 days 00:21:52,0,0,0,0,0,0,1,0,0
1,21,53,From Throw In,France,3857275,0 days 00:21:53,0,0,0,0,0,0,1,0,0
1,21,54,From Throw In,France,3857275,0 days 00:21:54,0,0,0,0,0,0,1,0,0
1,21,57,From Throw In,France,3857275,0 days 00:21:57,0,0,0,0,0,0,1,0,0
1,21,59,From Throw In,France,3857275,0 days 00:21:59,0,0,0,0,0,0,1,0,0
1,12,5,From Throw In,Canada,3857276,0 days 00:12:05,0,0,0,0,0,0,1,0,0
1,12,6,From Throw In,Canada,3857276,0 days 00:12:06,0,0,0,0,0,0,1,0,0
1,12,7,From Throw In,Canada,3857276,0 days 00:12:07,0,0,0,0,0,0,1,0,0
1,12,11,Regular Play,Morocco,3857276,0 days 00:12:11,1,0,0,0,0,0,0,0,0
1,12,11,Regular Play,Morocco,3857276,0 days 00:12:11,0,0,0,0,0,0,1,0,0
1,12,17,Regular Play,Morocco,3857276,0 days 00:12:17,0,0,0,0,0,0,1,0,0
1,12,21,Regular Play,Morocco,3857276,0 days 00:12:21,0,0,0,0,0,0,1,0,0
1,12,24,Regular Play,Morocco,3857276,0 days 00:12:24,0,0,0,0,0,0,1,0,0
1,12,27,Regular Play,Morocco,3857276,0 days 00:12:27,0,0,0,0,0,0,1,0,0
1,12,29,Regular Play,Morocco,3857276,0 days 00:12:29,0,0,0,0,0,0,1,0,0
1,12,34,Regular Play,Morocco,3857276,0 days 00:12:34,0,0,0,0,0,0,1,0,0
1,12,37,Regular Play,Morocco,3857276,0 days 00:12:37,0,0,0,0,0,0,1,0,0
1,12,42,Regular Play,Canada,3857276,0 days 00:12:42,0,0,0,0,0,0,1,0,0
1,12,45,Regular Play,Canada,3857276,0 days 00:12:45,0,0,0,0,0,0,1,0,0
1,12,49,Regular Play,Canada,3857276,0 days 00:12:49,0,0,0,0,0,0,1,0,0
1,12,58,Regular Play,Canada,3857276,0 days 00:12:58,0,0,0,0,0,0,1,0,0
1,13,0,Regular Play,Canada,3857276,0 days 00:13:00,0,0,0,0,0,0,1,0,0
1,13,3,Regular Play,Canada,3857276,0 days 00:13:03,0,0,0,0,0,0,1,0,0
1,13,5,Regular Play,Canada,3857276,0 days 00:13:05,0,0,0,0,0,0,1,0,0
1,13,6,Regular Play,Canada,3857276,0 days 00:13:06,0,0,0,0,0,0,1,0,0
1,13,8,Regular Play,Morocco,3857276,0 days 00:13:08,0,0,0,0,0,0,1,0,0
1,13,9,Regular Play,Morocco,3857276,0 days 00:13:09,0,0,0,0,0,0,1,0,0
1,13,12,Regular Play,Morocco,3857276,0 days 00:13:12,0,0,0,0,0,0,1,0,0
1,13,15,Regular Play,Morocco,3857276,0 days 00:13:15,0,0,0,1,0,0,0,0,0
1,13,15,Regular Play,Canada,3857276,0 days 00:13:15,0,0,0,0,0,0,0,0,1
1,13,49,From Corner,Morocco,3857276,0 days 00:13:49,0,0,0,0,0,0,1,0,0
1,13,51,From Corner,Morocco,3857276,0 days 00:13:51,0,0,0,0,0,0,1,0,0
1,13,53,From Corner,Morocco,3857276,0 days 00:13:53,0,0,0,0,0,0,1,0,0
1,13,55,From Counter,Canada,3857276,0 days 00:13:55,0,0,0,0,0,0,1,0,0
1,14,0,From Counter,Canada,3857276,0 days 00:14:00,0,0,0,0,0,0,1,0,0
1,14,1,From Counter,Canada,3857276,0 days 00:14:01,0,0,0,0,0,0,1,0,0
1,14,4,From Counter,Canada,3857276,0 days 00:14:04,0,0,0,1,0,0,0,0,0
1,14,6,From Counter,Canada,3857276,0 days 00:14:06,0,0,0,0,0,0,1,0,0
1,14,7,From Counter,Canada,3857276,0 days 00:14:07,0,0,0,0,0,0,0,1,0
1,14,35,From Goal Kick,Morocco,3857276,0 days 00:14:35,0,0,0,0,0,0,1,0,0
1,14,36,From Goal Kick,Morocco,3857276,0 days 00:14:36,0,0,0,0,0,0,1,0,0
1,14,39,From Goal Kick,Morocco,3857276,0 days 00:14:39,0,0,0,0,0,0,1,0,0
1,14,44,From Goal Kick,Morocco,3857276,0 days 00:14:44,0,0,0,0,0,0,1,0,0
1,14,46,From Goal Kick,Morocco,3857276,0 days 00:14:46,0,0,0,0,0,0,1,0,0
1,14,49,From Goal Kick,Morocco,3857276,0 days 00:14:49,0,0,0,0,0,0,1,0,0
1,14,50,From Goal Kick,Morocco,3857276,0 days 00:14:50,0,0,0,0,0,0,1,0,0
1,14,52,From Goal Kick,Morocco,3857276,0 days 00:14:52,0,0,0,0,0,0,1,0,0
1,14,53,From Goal Kick,Morocco,3857276,0 days 00:14:53,0,0,0,0,0,0,1,0,0
1,14,54,From Goal Kick,Morocco,3857276,0 days 00:14:54,0,0,0,0,0,0,1,0,0
1,14,57,From Goal Kick,Morocco,3857276,0 days 00:14:57,0,0,0,0,0,0,1,0,0
1,15,5,From Goal Kick,Morocco,3857276,0 days 00:15:05,0,0,0,1,0,0,0,0,0
1,15,6,From Goal Kick,Morocco,3857276,0 days 00:15:06,0,0,0,0,0,0,0,1,0
1,15,17,From Goal Kick,Canada,3857276,0 days 00:15:17,0,0,0,0,0,0,1,0,0
1,15,27,From Goal Kick,Canada,3857276,0 days 00:15:27,0,0,0,0,0,0,1,0,0
1,15,29,From Goal Kick,Morocco,3857276,0 days 00:15:29,0,0,0,0,0,1,0,0,0
1,15,31,From Goal Kick,Morocco,3857276,0 days 00:15:31,0,0,0,0,0,0,1,0,0
1,15,34,From Goal Kick,Morocco,3857276,0 days 00:15:34,0,0,0,0,0,0,1,0,0
1,15,41,From Goal Kick,Canada,3857276,0 days 00:15:41,1,0,0,0,0,0,0,0,0
1,15,43,From Goal Kick,Canada,3857276,0 days 00:15:43,0,0,0,0,0,0,1,0,0
1,15,48,From Goal Kick,Canada,3857276,0 days 00:15:48,0,0,0,0,0,0,1,0,0
1,15,51,From Goal Kick,Canada,3857276,0 days 00:15:51,0,0,0,0,0,0,1,0,0
1,15,53,From Goal Kick,Canada,3857276,0 days 00:15:53,0,0,0,0,0,0,1,0,0
1,15,54,From Goal Kick,Canada,3857276,0 days 00:15:54,0,0,0,0,0,0,1,0,0
1,15,58,From Goal Kick,Morocco,3857276,0 days 00:15:58,0,0,0,0,0,0,1,0,0
1,16,1,From Goal Kick,Morocco,3857276,0 days 00:16:01,0,0,0,0,0,0,1,0,0
1,16,17,From Free Kick,Canada,3857276,0 days 00:16:17,0,0,0,0,0,0,1,0,0
1,16,19,From Free Kick,Canada,3857276,0 days 00:16:19,0,0,0,0,0,0,1,0,0
1,16,22,From Free Kick,Canada,3857276,0 days 00:16:22,0,0,0,0,0,0,1,0,0
1,16,25,From Free Kick,Canada,3857276,0 days 00:16:25,0,0,0,0,0,0,1,0,0
1,16,29,From Free Kick,Canada,3857276,0 days 00:16:29,0,0,0,0,0,0,1,0,0
1,16,31,From Free Kick,Canada,3857276,0 days 00:16:31,0,0,0,0,0,0,1,0,0
1,16,34,From Free Kick,Canada,3857276,0 days 00:16:34,0,0,1,0,0,0,0,0,0
1,16,34,From Free Kick,Morocco,3857276,0 days 00:16:34,0,0,0,0,0,0,0,0,1
1,16,35,From Free Kick,Canada,3857276,0 days 00:16:35,1,0,0,0,0,0,0,0,0
1,16,36,From Free Kick,Canada,3857276,0 days 00:16:36,0,0,1,0,0,0,0,0,0
1,16,36,Regular Play,Morocco,3857276,0 days 00:16:36,0,0,0,0,0,0,0,0,1
1,16,37,Regular Play,Morocco,3857276,0 days 00:16:37,1,0,0,0,0,0,0,0,0
1,16,38,Regular Play,Morocco,3857276,0 days 00:16:38,0,0,0,0,0,0,1,0,0
1,16,41,Regular Play,Morocco,3857276,0 days 00:16:41,0,0,0,0,0,0,1,0,0
1,16,44,Regular Play,Morocco,3857276,0 days 00:16:44,0,0,0,0,0,0,1,0,0
1,16,47,Regular Play,Morocco,3857276,0 days 00:16:47,0,0,0,0,0,0,1,0,0
1,16,57,Regular Play,Morocco,3857276,0 days 00:16:57,0,0,0,0,0,0,1,0,0
1,17,0,Regular Play,Morocco,3857276,0 days 00:17:00,0,0,0,0,0,0,1,0,0
1,17,2,Regular Play,Morocco,3857276,0 days 00:17:02,0,0,0,0,0,0,1,0,0
1,17,6,Regular Play,Morocco,3857276,0 days 00:17:06,0,0,0,0,0,0,1,0,0
1,17,9,Regular Play,Morocco,3857276,0 days 00:17:09,0,0,0,0,0,0,1,0,0
1,17,10,Regular Play,Morocco,3857276,0 days 00:17:10,0,0,0,0,0,0,1,0,0
1,17,13,Regular Play,Morocco,3857276,0 days 00:17:13,0,0,0,0,0,0,1,0,0
1,17,15,Regular Play,Morocco,3857276,0 days 00:17:15,0,0,0,0,0,0,1,0,0
1,17,20,Regular Play,Morocco,3857276,0 days 00:17:20,0,0,0,0,0,0,1,0,0
1,17,21,Regular Play,Morocco,3857276,0 days 00:17:21,0,0,0,0,0,0,1,0,0
1,17,22,Regular Play,Morocco,3857276,0 days 00:17:22,0,0,0,0,0,0,1,0,0
1,17,23,Regular Play,Morocco,3857276,0 days 00:17:23,0,0,0,0,0,0,1,0,0
1,17,27,Regular Play,Morocco,3857276,0 days 00:17:27,0,0,0,0,0,0,1,0,0
1,17,31,Regular Play,Morocco,3857276,0 days 00:17:31,0,0,0,0,0,0,1,0,0
1,17,33,Regular Play,Morocco,3857276,0 days 00:17:33,0,0,0,0,0,0,1,0,0
1,17,43,From Throw In,Canada,3857276,0 days 00:17:43,0,0,0,0,0,0,1,0,0
1,17,50,From Throw In,Canada,3857276,0 days 00:17:50,0,0,0,0,0,0,1,0,0
1,17,52,From Throw In,Canada,3857276,0 days 00:17:52,0,0,0,0,0,0,1,0,0
1,17,54,From Throw In,Canada,3857276,0 days 00:17:54,0,0,0,0,0,0,1,0,0
1,17,57,From Throw In,Canada,3857276,0 days 00:17:57,0,0,0,0,0,0,1,0,0
1,18,0,From Throw In,Canada,3857276,0 days 00:18:00,0,0,0,0,0,0,1,0,0
1,18,2,From Throw In,Canada,3857276,0 days 00:18:02,0,0,0,0,0,0,1,0,0
1,18,5,From Throw In,Canada,3857276,0 days 00:18:05,0,0,0,0,0,0,1,0,0
1,18,7,From Throw In,Canada,3857276,0 days 00:18:07,0,0,0,0,0,0,1,0,0
1,18,12,From Throw In,Morocco,3857276,0 days 00:18:12,1,0,0,0,0,0,0,0,0
1,18,17,From Throw In,Morocco,3857276,0 days 00:18:17,0,0,0,0,0,0,1,0,0
1,18,22,From Throw In,Morocco,3857276,0 days 00:18:22,0,0,0,0,0,0,1,0,0
1,18,23,From Throw In,Canada,3857276,0 days 00:18:23,0,0,0,0,0,1,0,0,0
1,18,24,From Throw In,Canada,3857276,0 days 00:18:24,0,0,0,0,0,0,1,0,0
1,18,26,From Throw In,Morocco,3857276,0 days 00:18:26,1,0,0,0,0,0,0,0,0
1,18,27,From Throw In,Canada,3857276,0 days 00:18:27,1,0,0,0,0,0,0,0,0
1,18,28,From Throw In,Canada,3857276,0 days 00:18:28,0,0,0,0,0,0,1,0,0
1,18,29,From Throw In,Canada,3857276,0 days 00:18:29,0,0,0,0,0,0,1,0,0
1,18,34,From Throw In,Canada,3857276,0 days 00:18:34,0,0,0,0,0,0,1,0,0
1,18,39,From Throw In,Canada,3857276,0 days 00:18:39,0,0,0,0,0,0,1,0,0
1,18,40,From Throw In,Canada,3857276,0 days 00:18:40,0,0,0,0,0,0,1,0,0
1,18,41,From Throw In,Canada,3857276,0 days 00:18:41,0,0,0,0,0,0,1,0,0
1,18,41,From Throw In,Morocco,3857276,0 days 00:18:41,0,0,0,0,0,1,0,0,0
1,18,43,From Throw In,Canada,3857276,0 days 00:18:43,1,0,0,0,0,0,0,0,0
1,18,48,From Throw In,Canada,3857276,0 days 00:18:48,0,0,0,0,0,0,1,0,0
1,18,52,From Throw In,Canada,3857276,0 days 00:18:52,0,0,0,1,0,0,0,0,0
1,18,52,From Throw In,Morocco,3857276,0 days 00:18:52,0,0,0,0,0,0,0,0,1
1,18,56,From Throw In,Morocco,3857276,0 days 00:18:56,0,0,0,0,0,0,1,0,0
1,18,58,From Throw In,Morocco,3857276,0 days 00:18:58,0,1,0,0,0,0,0,0,0
1,19,22,From Throw In,Morocco,3857276,0 days 00:19:22,0,0,0,0,0,0,1,0,0
1,19,25,From Throw In,Canada,3857276,0 days 00:19:25,0,1,0,0,0,0,0,0,0
1,19,27,From Throw In,Morocco,3857276,0 days 00:19:27,0,0,0,0,1,0,0,0,0
1,19,52,From Free Kick,Canada,3857276,0 days 00:19:52,0,0,0,0,0,0,1,0,0
1,19,55,From Free Kick,Canada,3857276,0 days 00:19:55,0,0,0,0,0,0,1,0,0
1,19,59,From Free Kick,Canada,3857276,0 days 00:19:59,0,0,0,0,0,0,1,0,0
1,19,59,From Free Kick,Canada,3857276,0 days 00:19:59,0,0,0,0,0,0,1,0,0
1,20,0,From Free Kick,Canada,3857276,0 days 00:20:00,0,0,0,0,0,0,1,0,0
1,20,4,From Free Kick,Canada,3857276,0 days 00:20:04,0,0,0,0,0,0,1,0,0
1,20,27,From Throw In,Morocco,3857276,0 days 00:20:27,0,0,0,0,0,0,1,0,0
1,20,29,From Throw In,Morocco,3857276,0 days 00:20:29,0,0,0,0,0,0,1,0,0
1,20,34,From Throw In,Morocco,3857276,0 days 00:20:34,0,0,0,0,0,0,1,0,0
1,20,35,From Throw In,Morocco,3857276,0 days 00:20:35,0,0,0,0,0,0,1,0,0
1,20,38,From Throw In,Morocco,3857276,0 days 00:20:38,0,0,0,0,0,0,1,0,0
1,20,40,From Throw In,Morocco,3857276,0 days 00:20:40,0,0,0,0,0,0,1,0,0
1,20,47,From Throw In,Morocco,3857276,0 days 00:20:47,0,0,0,0,0,0,1,0,0
1,20,52,From Throw In,Morocco,3857276,0 days 00:20:52,0,0,0,0,0,0,1,0,0
1,20,55,From Throw In,Morocco,3857276,0 days 00:20:55,0,0,0,0,0,0,1,0,0
1,20,59,From Throw In,Morocco,3857276,0 days 00:20:59,0,0,0,0,0,0,1,0,0
1,21,3,From Throw In,Morocco,3857276,0 days 00:21:03,0,0,0,0,0,0,1,0,0
1,21,6,From Throw In,Morocco,3857276,0 days 00:21:06,0,0,0,0,0,0,1,0,0
1,21,9,From Throw In,Morocco,3857276,0 days 00:21:09,0,0,0,0,0,0,1,0,0
1,21,10,From Throw In,Morocco,3857276,0 days 00:21:10,0,0,0,0,0,0,1,0,0
1,21,14,From Throw In,Morocco,3857276,0 days 00:21:14,0,0,0,0,0,0,1,0,0
1,21,22,From Throw In,Morocco,3857276,0 days 00:21:22,0,0,0,0,0,0,1,0,0
1,21,24,From Throw In,Morocco,3857276,0 days 00:21:24,0,0,0,0,0,0,1,0,0
1,21,25,From Throw In,Morocco,3857276,0 days 00:21:25,0,0,0,0,0,0,1,0,0
1,21,26,From Throw In,Morocco,3857276,0 days 00:21:26,0,0,0,0,0,0,1,0,0
1,21,27,From Throw In,Morocco,3857276,0 days 00:21:27,0,0,0,0,0,0,1,0,0
1,21,29,From Throw In,Morocco,3857276,0 days 00:21:29,0,0,0,0,0,0,1,0,0
1,21,30,From Throw In,Morocco,3857276,0 days 00:21:30,0,0,0,0,0,0,1,0,0
1,21,37,From Throw In,Morocco,3857276,0 days 00:21:37,0,0,0,0,0,0,1,0,0
1,21,38,From Throw In,Canada,3857276,0 days 00:21:38,0,1,0,0,0,0,0,0,0
1,12,2,From Throw In,Croatia,3857277,0 days 00:12:02,0,0,0,0,0,0,1,0,0
1,12,3,From Throw In,Morocco,3857277,0 days 00:12:03,0,0,0,0,0,0,1,0,0
1,12,5,From Throw In,Morocco,3857277,0 days 00:12:05,0,0,0,0,0,0,1,0,0
1,12,7,From Throw In,Croatia,3857277,0 days 00:12:07,0,0,0,0,0,0,1,0,0
1,12,10,From Throw In,Croatia,3857277,0 days 00:12:10,0,0,1,0,0,0,0,0,0
1,12,10,Regular Play,Morocco,3857277,0 days 00:12:10,0,0,0,0,0,0,0,0,1
1,12,15,Regular Play,Morocco,3857277,0 days 00:12:15,0,0,0,0,0,0,1,0,0
1,12,19,Regular Play,Morocco,3857277,0 days 00:12:19,0,0,0,0,0,0,1,0,0
1,12,21,Regular Play,Morocco,3857277,0 days 00:12:21,0,0,0,0,0,0,1,0,0
1,12,23,Regular Play,Morocco,3857277,0 days 00:12:23,0,0,0,0,0,0,1,0,0
1,12,25,Regular Play,Morocco,3857277,0 days 00:12:25,0,0,0,0,0,0,1,0,0
1,12,29,Regular Play,Morocco,3857277,0 days 00:12:29,0,0,0,0,0,0,1,0,0
1,12,32,Regular Play,Morocco,3857277,0 days 00:12:32,0,0,0,0,0,0,1,0,0
1,12,42,Regular Play,Morocco,3857277,0 days 00:12:42,0,0,0,0,0,0,1,0,0
1,12,44,Regular Play,Morocco,3857277,0 days 00:12:44,0,0,0,0,0,0,1,0,0
1,12,47,Regular Play,Morocco,3857277,0 days 00:12:47,0,0,0,1,0,0,0,0,0
1,12,48,Regular Play,Morocco,3857277,0 days 00:12:48,0,0,0,0,0,0,0,1,0
1,12,50,Regular Play,Morocco,3857277,0 days 00:12:50,1,0,0,0,0,0,0,0,0
1,12,51,Regular Play,Morocco,3857277,0 days 00:12:51,0,0,0,0,0,0,1,0,0
1,12,55,Regular Play,Morocco,3857277,0 days 00:12:55,0,0,0,0,0,0,1,0,0
1,12,56,Regular Play,Croatia,3857277,0 days 00:12:56,1,0,0,0,0,0,0,0,0
1,13,9,Regular Play,Croatia,3857277,0 days 00:13:09,0,0,0,0,0,0,1,0,0
1,13,10,Regular Play,Croatia,3857277,0 days 00:13:10,0,0,0,0,0,0,1,0,0
1,13,11,Regular Play,Croatia,3857277,0 days 00:13:11,0,0,0,0,0,0,1,0,0
1,13,17,Regular Play,Croatia,3857277,0 days 00:13:17,0,0,0,0,0,0,1,0,0
1,13,18,Regular Play,Croatia,3857277,0 days 00:13:18,0,0,0,0,0,0,1,0,0
1,13,21,Regular Play,Croatia,3857277,0 days 00:13:21,0,0,0,0,0,0,1,0,0
1,13,24,Regular Play,Croatia,3857277,0 days 00:13:24,0,0,0,0,0,0,1,0,0
1,13,29,Regular Play,Croatia,3857277,0 days 00:13:29,0,0,0,0,0,0,1,0,0
1,13,36,Regular Play,Croatia,3857277,0 days 00:13:36,0,0,0,0,0,0,1,0,0
1,13,38,Regular Play,Croatia,3857277,0 days 00:13:38,0,0,0,0,0,0,1,0,0
1,13,39,Regular Play,Morocco,3857277,0 days 00:13:39,0,0,0,0,0,1,0,0,0
1,13,42,Regular Play,Morocco,3857277,0 days 00:13:42,1,0,0,0,0,0,0,0,0
1,13,52,From Throw In,Croatia,3857277,0 days 00:13:52,0,0,0,0,0,0,1,0,0
1,13,53,From Throw In,Croatia,3857277,0 days 00:13:53,0,0,0,0,0,0,1,0,0
1,13,55,From Throw In,Croatia,3857277,0 days 00:13:55,0,0,0,0,0,0,1,0,0
1,13,59,From Throw In,Croatia,3857277,0 days 00:13:59,0,0,0,0,0,0,1,0,0
1,14,3,Regular Play,Morocco,3857277,0 days 00:14:03,1,0,0,0,0,0,0,0,0
1,14,6,Regular Play,Morocco,3857277,0 days 00:14:06,0,0,0,0,0,0,1,0,0
1,14,7,Regular Play,Morocco,3857277,0 days 00:14:07,0,0,0,0,0,0,1,0,0
1,14,27,From Throw In,Croatia,3857277,0 days 00:14:27,0,0,0,0,0,0,1,0,0
1,14,30,From Throw In,Croatia,3857277,0 days 00:14:30,0,0,0,0,0,0,1,0,0
1,14,42,From Throw In,Morocco,3857277,0 days 00:14:42,0,0,0,0,0,0,1,0,0
1,14,44,From Throw In,Morocco,3857277,0 days 00:14:44,0,0,0,0,0,0,1,0,0
1,14,49,Regular Play,Croatia,3857277,0 days 00:14:49,0,0,0,0,0,0,1,0,0
1,14,51,Regular Play,Croatia,3857277,0 days 00:14:51,0,0,0,0,0,0,1,0,0
1,14,54,Regular Play,Croatia,3857277,0 days 00:14:54,0,0,0,0,0,0,1,0,0
1,14,56,Regular Play,Croatia,3857277,0 days 00:14:56,0,0,0,0,0,0,1,0,0
1,14,59,Regular Play,Croatia,3857277,0 days 00:14:59,0,0,0,0,0,0,1,0,0
1,15,3,Regular Play,Croatia,3857277,0 days 00:15:03,0,0,0,0,0,0,1,0,0
1,15,6,Regular Play,Croatia,3857277,0 days 00:15:06,0,0,0,0,0,0,1,0,0
1,15,10,Regular Play,Croatia,3857277,0 days 00:15:10,0,0,0,0,0,0,1,0,0
1,15,15,Regular Play,Croatia,3857277,0 days 00:15:15,0,0,0,0,0,0,1,0,0
1,15,18,Regular Play,Croatia,3857277,0 days 00:15:18,0,0,0,0,0,0,1,0,0
1,15,20,Regular Play,Croatia,3857277,0 days 00:15:20,0,0,0,0,0,0,1,0,0
1,15,23,Regular Play,Croatia,3857277,0 days 00:15:23,0,0,0,0,0,0,1,0,0
1,15,24,Regular Play,Croatia,3857277,0 days 00:15:24,0,0,0,0,0,0,1,0,0
1,15,28,Regular Play,Croatia,3857277,0 days 00:15:28,0,0,0,0,0,0,1,0,0
1,15,31,Regular Play,Croatia,3857277,0 days 00:15:31,0,0,0,0,0,0,1,0,0
1,15,33,Regular Play,Croatia,3857277,0 days 00:15:33,0,0,0,0,0,0,1,0,0
1,15,35,Regular Play,Croatia,3857277,0 days 00:15:35,0,0,0,0,0,0,1,0,0
1,15,50,From Throw In,Croatia,3857277,0 days 00:15:50,0,0,0,0,0,0,1,0,0
1,15,52,From Throw In,Croatia,3857277,0 days 00:15:52,0,0,0,0,0,0,1,0,0
1,15,56,From Throw In,Croatia,3857277,0 days 00:15:56,0,0,0,0,0,0,1,0,0
1,16,0,From Throw In,Croatia,3857277,0 days 00:16:00,0,0,0,0,0,0,1,0,0
1,16,2,From Throw In,Croatia,3857277,0 days 00:16:02,0,0,0,0,0,0,1,0,0
1,16,3,From Throw In,Morocco,3857277,0 days 00:16:03,1,0,0,0,0,0,0,0,0
1,16,4,From Throw In,Morocco,3857277,0 days 00:16:04,0,0,0,0,0,0,1,0,0
1,16,11,From Throw In,Morocco,3857277,0 days 00:16:11,0,0,0,0,0,0,1,0,0
1,16,12,From Throw In,Croatia,3857277,0 days 00:16:12,1,0,0,0,0,0,0,0,0
1,16,13,From Throw In,Croatia,3857277,0 days 00:16:13,0,0,0,0,0,0,0,1,0
1,16,42,From Goal Kick,Morocco,3857277,0 days 00:16:42,0,0,0,0,0,0,1,0,0
1,16,45,From Goal Kick,Morocco,3857277,0 days 00:16:45,0,0,0,0,0,0,1,0,0
1,16,47,From Goal Kick,Croatia,3857277,0 days 00:16:47,0,0,0,0,0,0,1,0,0
1,16,50,From Goal Kick,Morocco,3857277,0 days 00:16:50,0,0,0,0,0,0,1,0,0
1,16,51,From Goal Kick,Croatia,3857277,0 days 00:16:51,0,0,0,0,0,0,1,0,0
1,16,53,From Goal Kick,Morocco,3857277,0 days 00:16:53,1,0,0,0,0,0,0,0,0
1,16,56,From Goal Kick,Morocco,3857277,0 days 00:16:56,0,0,0,0,0,0,1,0,0
1,16,58,From Goal Kick,Croatia,3857277,0 days 00:16:58,1,0,0,0,0,0,0,0,0
1,16,58,From Goal Kick,Croatia,3857277,0 days 00:16:58,0,0,0,0,0,0,1,0,0
1,17,2,From Goal Kick,Croatia,3857277,0 days 00:17:02,0,0,0,0,0,0,1,0,0
1,17,12,From Throw In,Morocco,3857277,0 days 00:17:12,0,0,0,0,0,0,1,0,0
1,17,16,From Throw In,Morocco,3857277,0 days 00:17:16,0,0,0,0,0,0,1,0,0
1,17,18,From Throw In,Morocco,3857277,0 days 00:17:18,0,0,0,0,0,0,1,0,0
1,17,21,From Throw In,Morocco,3857277,0 days 00:17:21,0,0,0,0,0,0,1,0,0
1,17,23,From Throw In,Morocco,3857277,0 days 00:17:23,0,0,0,0,0,0,1,0,0
1,17,24,From Throw In,Morocco,3857277,0 days 00:17:24,0,0,0,0,0,0,1,0,0
1,17,25,From Throw In,Morocco,3857277,0 days 00:17:25,0,0,0,0,0,0,1,0,0
1,17,46,From Goal Kick,Croatia,3857277,0 days 00:17:46,0,0,0,0,0,0,1,0,0
1,17,47,From Goal Kick,Croatia,3857277,0 days 00:17:47,0,0,0,0,0,0,1,0,0
1,17,50,From Goal Kick,Croatia,3857277,0 days 00:17:50,0,0,0,0,0,0,1,0,0
1,17,52,From Goal Kick,Croatia,3857277,0 days 00:17:52,0,0,0,0,0,0,1,0,0
1,17,54,Regular Play,Morocco,3857277,0 days 00:17:54,0,0,0,0,0,0,1,0,0
1,17,58,Regular Play,Morocco,3857277,0 days 00:17:58,0,0,0,1,0,0,0,0,0
1,17,58,Regular Play,Croatia,3857277,0 days 00:17:58,0,0,0,0,0,0,0,0,1
1,18,0,From Throw In,Morocco,3857277,0 days 00:18:00,0,0,0,0,0,0,1,0,0
1,18,4,From Throw In,Morocco,3857277,0 days 00:18:04,0,0,0,0,0,0,1,0,0
1,18,7,From Throw In,Morocco,3857277,0 days 00:18:07,0,0,0,0,0,0,0,1,0
1,18,9,From Throw In,Morocco,3857277,0 days 00:18:09,1,0,0,0,0,0,0,0,0
1,18,10,From Throw In,Morocco,3857277,0 days 00:18:10,0,0,0,0,0,0,1,0,0
1,18,11,From Throw In,Croatia,3857277,0 days 00:18:11,1,0,0,0,0,0,0,0,0
1,18,11,From Throw In,Morocco,3857277,0 days 00:18:11,1,0,0,0,0,0,0,0,0
1,18,13,From Throw In,Croatia,3857277,0 days 00:18:13,1,0,0,0,0,0,0,0,0
1,18,13,From Throw In,Croatia,3857277,0 days 00:18:13,0,0,1,0,0,0,0,0,0
1,18,13,From Throw In,Morocco,3857277,0 days 00:18:13,0,0,0,0,0,0,0,0,1
1,18,16,From Throw In,Morocco,3857277,0 days 00:18:16,1,0,0,0,0,0,0,0,0
1,18,17,From Throw In,Morocco,3857277,0 days 00:18:17,0,0,0,0,0,0,1,0,0
1,18,19,From Throw In,Morocco,3857277,0 days 00:18:19,0,0,0,0,0,0,1,0,0
1,18,22,From Throw In,Morocco,3857277,0 days 00:18:22,0,0,0,0,0,0,1,0,0
1,18,22,From Throw In,Morocco,3857277,0 days 00:18:22,0,0,0,0,0,0,1,0,0
1,18,24,From Throw In,Morocco,3857277,0 days 00:18:24,0,0,0,1,0,0,0,0,0
1,18,25,From Throw In,Croatia,3857277,0 days 00:18:25,0,0,0,0,1,0,0,0,0
1,20,7,From Free Kick,Morocco,3857277,0 days 00:20:07,0,0,0,0,0,0,0,1,0
1,20,12,From Free Kick,Morocco,3857277,0 days 00:20:12,0,0,0,0,0,0,1,0,0
1,20,14,From Free Kick,Morocco,3857277,0 days 00:20:14,0,0,0,0,0,0,1,0,0
1,20,15,From Free Kick,Croatia,3857277,0 days 00:20:15,0,0,0,0,0,0,1,0,0
1,20,18,From Free Kick,Morocco,3857277,0 days 00:20:18,1,0,0,0,0,0,0,0,0
1,20,19,Regular Play,Croatia,3857277,0 days 00:20:19,0,0,0,0,0,0,1,0,0
1,20,21,Regular Play,Croatia,3857277,0 days 00:20:21,0,0,0,0,0,0,1,0,0
1,20,28,Regular Play,Croatia,3857277,0 days 00:20:28,0,0,0,0,0,0,1,0,0
1,20,29,Regular Play,Croatia,3857277,0 days 00:20:29,0,0,1,0,0,0,0,0,0
1,20,29,Regular Play,Morocco,3857277,0 days 00:20:29,0,0,0,0,0,0,0,0,1
1,20,30,Regular Play,Morocco,3857277,0 days 00:20:30,0,1,0,0,0,0,0,0,0
1,21,14,From Corner,Croatia,3857277,0 days 00:21:14,0,0,0,0,0,0,1,0,0
1,21,15,From Corner,Morocco,3857277,0 days 00:21:15,0,1,0,0,0,0,0,0,0
1,21,23,From Corner,Croatia,3857277,0 days 00:21:23,0,0,0,0,0,0,1,0,0
1,21,25,From Corner,Croatia,3857277,0 days 00:21:25,0,0,0,0,0,0,1,0,0
1,21,29,From Corner,Croatia,3857277,0 days 00:21:29,0,0,0,0,0,0,1,0,0
1,21,30,From Corner,Croatia,3857277,0 days 00:21:30,0,0,0,0,0,0,1,0,0
1,21,31,From Corner,Morocco,3857277,0 days 00:21:31,0,1,0,0,0,0,0,0,0
1,21,33,From Corner,Croatia,3857277,0 days 00:21:33,0,0,0,0,0,0,1,0,0
1,21,35,From Corner,Croatia,3857277,0 days 00:21:35,0,0,0,0,0,0,1,0,0
1,21,37,From Corner,Croatia,3857277,0 days 00:21:37,0,0,0,0,0,0,1,0,0
1,21,38,From Corner,Morocco,3857277,0 days 00:21:38,0,1,0,0,0,0,0,0,0
1,21,41,From Corner,Croatia,3857277,0 days 00:21:41,0,1,0,0,0,0,0,0,0
1,21,43,From Corner,Croatia,3857277,0 days 00:21:43,0,0,0,0,0,0,1,0,0
1,21,45,From Corner,Croatia,3857277,0 days 00:21:45,0,0,0,0,0,0,1,0,0
1,21,49,From Corner,Croatia,3857277,0 days 00:21:49,0,0,0,0,0,0,1,0,0
1,21,52,From Corner,Croatia,3857277,0 days 00:21:52,0,0,0,0,0,0,1,0,0
1,21,53,From Corner,Croatia,3857277,0 days 00:21:53,0,0,0,0,0,0,1,0,0
1,21,58,From Corner,Croatia,3857277,0 days 00:21:58,0,0,0,0,0,0,1,0,0
1,12,0,Regular Play,Iran,3857278,0 days 00:12:00,1,0,0,0,0,0,0,0,0
1,12,0,Regular Play,Iran,3857278,0 days 00:12:00,0,0,0,0,0,0,1,0,0
1,12,1,Regular Play,Iran,3857278,0 days 00:12:01,0,0,0,0,0,0,1,0,0
1,12,2,Regular Play,Iran,3857278,0 days 00:12:02,0,0,0,0,0,0,1,0,0
1,12,4,Regular Play,United States,3857278,0 days 00:12:04,0,0,0,0,0,0,1,0,0
1,12,5,Regular Play,United States,3857278,0 days 00:12:05,0,0,0,0,0,0,1,0,0
1,12,7,Regular Play,United States,3857278,0 days 00:12:07,0,0,0,0,0,0,1,0,0
1,12,10,Regular Play,United States,3857278,0 days 00:12:10,0,0,0,0,0,0,1,0,0
1,12,12,Regular Play,United States,3857278,0 days 00:12:12,0,0,0,0,0,0,1,0,0
1,12,14,Regular Play,United States,3857278,0 days 00:12:14,0,0,0,0,0,0,1,0,0
1,12,19,Regular Play,United States,3857278,0 days 00:12:19,0,0,0,0,0,0,1,0,0
1,12,20,Regular Play,United States,3857278,0 days 00:12:20,0,0,0,0,0,0,1,0,0
1,12,21,Regular Play,United States,3857278,0 days 00:12:21,0,0,0,0,0,0,1,0,0
1,12,23,Regular Play,United States,3857278,0 days 00:12:23,0,0,0,0,0,0,1,0,0
1,12,26,Regular Play,United States,3857278,0 days 00:12:26,0,0,0,0,0,0,1,0,0
1,12,30,Regular Play,United States,3857278,0 days 00:12:30,0,0,0,0,0,0,1,0,0
1,12,32,Regular Play,United States,3857278,0 days 00:12:32,0,0,0,0,0,0,1,0,0
1,12,35,Regular Play,Iran,3857278,0 days 00:12:35,1,0,0,0,0,0,0,0,0
1,12,38,Regular Play,Iran,3857278,0 days 00:12:38,0,0,0,0,0,0,1,0,0
1,12,42,Regular Play,Iran,3857278,0 days 00:12:42,0,0,0,0,0,0,1,0,0
1,12,44,Regular Play,Iran,3857278,0 days 00:12:44,0,0,0,0,0,0,1,0,0
1,12,46,Regular Play,Iran,3857278,0 days 00:12:46,0,0,0,0,0,0,1,0,0
1,12,49,Regular Play,Iran,3857278,0 days 00:12:49,0,0,0,0,0,0,1,0,0
1,12,53,Regular Play,Iran,3857278,0 days 00:12:53,0,0,0,0,0,0,1,0,0
1,12,56,Regular Play,Iran,3857278,0 days 00:12:56,0,0,0,0,0,0,1,0,0
1,12,58,Regular Play,Iran,3857278,0 days 00:12:58,0,0,0,0,0,0,1,0,0
1,13,1,Regular Play,Iran,3857278,0 days 00:13:01,0,0,0,0,0,0,1,0,0
1,13,2,Regular Play,Iran,3857278,0 days 00:13:02,0,0,0,0,0,0,1,0,0
1,13,3,Regular Play,Iran,3857278,0 days 00:13:03,0,0,0,0,0,0,1,0,0
1,13,4,Regular Play,Iran,3857278,0 days 00:13:04,0,0,0,0,0,0,1,0,0
1,13,9,Regular Play,Iran,3857278,0 days 00:13:09,0,0,0,0,0,0,1,0,0
1,13,14,Regular Play,Iran,3857278,0 days 00:13:14,0,0,0,0,0,0,1,0,0
1,13,17,Regular Play,Iran,3857278,0 days 00:13:17,0,0,0,0,0,0,1,0,0
1,13,20,Regular Play,Iran,3857278,0 days 00:13:20,0,0,0,0,0,0,1,0,0
1,13,23,Regular Play,Iran,3857278,0 days 00:13:23,0,0,0,0,0,0,1,0,0
1,13,26,Regular Play,Iran,3857278,0 days 00:13:26,0,0,0,0,0,0,1,0,0
1,13,27,Regular Play,Iran,3857278,0 days 00:13:27,0,0,0,0,0,0,1,0,0
1,13,28,Regular Play,United States,3857278,0 days 00:13:28,0,0,0,0,0,0,1,0,0
1,13,34,Regular Play,United States,3857278,0 days 00:13:34,0,0,0,0,0,0,1,0,0
1,13,36,Regular Play,United States,3857278,0 days 00:13:36,0,0,0,0,0,0,1,0,0
1,13,42,Regular Play,United States,3857278,0 days 00:13:42,0,0,0,0,0,0,1,0,0
1,13,45,Regular Play,Iran,3857278,0 days 00:13:45,1,0,0,0,0,0,0,0,0
1,13,47,Regular Play,United States,3857278,0 days 00:13:47,1,0,0,0,0,0,0,0,0
1,13,48,Regular Play,Iran,3857278,0 days 00:13:48,1,0,0,0,0,0,0,0,0
1,13,49,Regular Play,Iran,3857278,0 days 00:13:49,0,0,0,0,0,0,1,0,0
1,13,52,Regular Play,Iran,3857278,0 days 00:13:52,0,0,0,1,0,0,0,0,0
1,13,52,Regular Play,Iran,3857278,0 days 00:13:52,0,0,0,0,0,0,1,0,0
1,13,53,Regular Play,Iran,3857278,0 days 00:13:53,0,0,0,0,0,0,1,0,0
1,13,56,Regular Play,Iran,3857278,0 days 00:13:56,0,0,0,0,0,0,1,0,0
1,13,58,Regular Play,United States,3857278,0 days 00:13:58,0,1,0,0,0,0,0,0,0
1,14,0,Regular Play,Iran,3857278,0 days 00:14:00,0,0,0,0,0,0,1,0,0
1,14,2,Regular Play,Iran,3857278,0 days 00:14:02,0,0,0,0,0,0,1,0,0
1,14,13,Regular Play,Iran,3857278,0 days 00:14:13,0,0,0,0,0,0,1,0,0
1,14,16,Regular Play,Iran,3857278,0 days 00:14:16,0,0,0,0,0,0,1,0,0
1,14,20,Regular Play,Iran,3857278,0 days 00:14:20,0,0,0,0,0,0,1,0,0
1,14,24,Regular Play,Iran,3857278,0 days 00:14:24,0,0,0,0,0,0,1,0,0
1,14,27,Regular Play,Iran,3857278,0 days 00:14:27,0,0,0,0,0,0,1,0,0
1,14,28,Regular Play,Iran,3857278,0 days 00:14:28,0,0,0,0,0,0,1,0,0
1,14,31,Regular Play,Iran,3857278,0 days 00:14:31,0,0,0,0,0,0,1,0,0
1,14,39,Regular Play,Iran,3857278,0 days 00:14:39,0,0,0,0,0,0,1,0,0
1,14,43,Regular Play,Iran,3857278,0 days 00:14:43,0,0,0,0,0,0,1,0,0
1,14,46,Regular Play,Iran,3857278,0 days 00:14:46,0,0,0,1,0,0,0,0,0
1,14,47,Regular Play,Iran,3857278,0 days 00:14:47,0,0,0,0,0,0,1,0,0
1,14,49,Regular Play,United States,3857278,0 days 00:14:49,0,0,0,0,0,0,1,0,0
1,14,51,Regular Play,United States,3857278,0 days 00:14:51,0,0,0,0,0,0,1,0,0
1,14,52,Regular Play,United States,3857278,0 days 00:14:52,0,0,0,0,0,0,1,0,0
1,14,55,Regular Play,United States,3857278,0 days 00:14:55,0,0,0,0,0,0,1,0,0
1,14,59,Regular Play,United States,3857278,0 days 00:14:59,0,0,0,0,0,0,1,0,0
1,15,4,Regular Play,United States,3857278,0 days 00:15:04,0,0,0,0,0,0,1,0,0
1,15,12,Regular Play,United States,3857278,0 days 00:15:12,0,0,0,0,0,0,1,0,0
1,15,16,Regular Play,United States,3857278,0 days 00:15:16,0,0,0,0,0,0,1,0,0
1,15,19,Regular Play,Iran,3857278,0 days 00:15:19,0,0,0,0,0,0,1,0,0
1,15,24,Regular Play,Iran,3857278,0 days 00:15:24,0,0,0,0,0,0,1,0,0
1,15,29,From Keeper,United States,3857278,0 days 00:15:29,0,0,0,0,0,0,1,0,0
1,15,34,From Keeper,United States,3857278,0 days 00:15:34,0,0,0,0,0,0,1,0,0
1,15,39,From Keeper,United States,3857278,0 days 00:15:39,0,0,0,0,0,0,1,0,0
1,15,42,From Keeper,United States,3857278,0 days 00:15:42,0,0,0,0,0,0,1,0,0
1,15,48,From Keeper,United States,3857278,0 days 00:15:48,0,0,0,0,0,0,1,0,0
1,15,55,From Keeper,United States,3857278,0 days 00:15:55,0,0,0,0,0,0,1,0,0
1,15,58,From Keeper,United States,3857278,0 days 00:15:58,0,0,0,0,0,0,1,0,0
1,16,0,From Keeper,United States,3857278,0 days 00:16:00,0,0,0,0,0,0,1,0,0
1,16,2,From Keeper,United States,3857278,0 days 00:16:02,0,0,0,0,0,0,1,0,0
1,16,4,From Counter,Iran,3857278,0 days 00:16:04,0,0,0,0,0,0,1,0,0
1,16,5,From Counter,Iran,3857278,0 days 00:16:05,0,0,0,0,0,0,1,0,0
1,16,8,From Counter,Iran,3857278,0 days 00:16:08,0,0,0,0,0,0,1,0,0
1,16,10,Regular Play,United States,3857278,0 days 00:16:10,1,0,0,0,0,0,0,0,0
1,16,11,Regular Play,United States,3857278,0 days 00:16:11,0,0,0,0,0,0,1,0,0
1,16,14,Regular Play,United States,3857278,0 days 00:16:14,0,0,0,0,0,0,1,0,0
1,16,18,Regular Play,Iran,3857278,0 days 00:16:18,0,0,0,0,0,0,1,0,0
1,16,22,Regular Play,United States,3857278,0 days 00:16:22,0,0,0,0,0,0,1,0,0
1,16,24,Regular Play,United States,3857278,0 days 00:16:24,0,0,0,0,0,0,1,0,0
1,16,27,Regular Play,United States,3857278,0 days 00:16:27,0,0,0,0,0,0,1,0,0
1,16,28,Regular Play,United States,3857278,0 days 00:16:28,0,0,1,0,0,0,0,0,0
1,16,28,Regular Play,Iran,3857278,0 days 00:16:28,0,0,0,0,0,0,0,0,1
1,16,31,Regular Play,Iran,3857278,0 days 00:16:31,0,0,0,0,0,0,1,0,0
1,16,33,Regular Play,United States,3857278,0 days 00:16:33,1,0,0,0,0,0,0,0,0
1,16,34,Regular Play,United States,3857278,0 days 00:16:34,0,0,0,1,0,0,0,0,0
1,16,34,Regular Play,Iran,3857278,0 days 00:16:34,0,0,0,0,0,0,0,0,1
1,16,36,Regular Play,Iran,3857278,0 days 00:16:36,0,0,0,0,0,0,1,0,0
1,16,39,Regular Play,Iran,3857278,0 days 00:16:39,0,0,0,0,0,0,1,0,0
1,16,39,Regular Play,United States,3857278,0 days 00:16:39,0,0,0,0,0,1,0,0,0
1,16,42,Regular Play,United States,3857278,0 days 00:16:42,0,0,0,0,0,0,1,0,0
1,16,47,Regular Play,United States,3857278,0 days 00:16:47,0,0,0,0,0,0,1,0,0
1,16,50,Regular Play,United States,3857278,0 days 00:16:50,0,0,0,0,0,0,1,0,0
1,16,56,Regular Play,United States,3857278,0 days 00:16:56,0,0,0,0,0,0,1,0,0
1,17,0,Regular Play,United States,3857278,0 days 00:17:00,0,0,0,0,0,0,1,0,0
1,17,2,Regular Play,United States,3857278,0 days 00:17:02,0,0,0,0,0,0,1,0,0
1,17,5,Regular Play,United States,3857278,0 days 00:17:05,0,0,0,0,0,0,1,0,0
1,17,7,Regular Play,United States,3857278,0 days 00:17:07,0,0,0,0,0,0,1,0,0
1,17,10,Regular Play,United States,3857278,0 days 00:17:10,0,0,0,0,0,0,1,0,0
1,17,17,Regular Play,United States,3857278,0 days 00:17:17,0,0,0,0,0,0,1,0,0
1,17,20,Regular Play,United States,3857278,0 days 00:17:20,0,0,0,0,0,0,1,0,0
1,17,23,Regular Play,United States,3857278,0 days 00:17:23,0,0,0,0,0,0,1,0,0
1,17,24,Regular Play,United States,3857278,0 days 00:17:24,0,0,0,0,0,0,1,0,0
1,17,29,Regular Play,United States,3857278,0 days 00:17:29,0,0,0,0,0,0,1,0,0
1,17,33,Regular Play,United States,3857278,0 days 00:17:33,0,0,0,0,0,0,1,0,0
1,17,35,Regular Play,United States,3857278,0 days 00:17:35,0,0,0,0,0,0,1,0,0
1,17,37,Regular Play,United States,3857278,0 days 00:17:37,0,0,0,0,0,0,1,0,0
1,17,40,Regular Play,United States,3857278,0 days 00:17:40,0,0,0,0,0,0,1,0,0
1,17,45,Regular Play,United States,3857278,0 days 00:17:45,0,0,0,0,0,0,1,0,0
1,17,49,Regular Play,United States,3857278,0 days 00:17:49,0,0,0,1,0,0,0,0,0
1,17,49,Regular Play,Iran,3857278,0 days 00:17:49,0,0,0,0,0,0,0,0,1
1,17,50,Regular Play,Iran,3857278,0 days 00:17:50,0,0,0,0,0,0,1,0,0
1,17,51,Regular Play,United States,3857278,0 days 00:17:51,0,0,0,0,0,0,1,0,0
1,17,54,Regular Play,United States,3857278,0 days 00:17:54,0,0,0,0,0,0,1,0,0
1,17,55,Regular Play,Iran,3857278,0 days 00:17:55,0,1,0,0,0,0,0,0,0
1,17,57,Regular Play,Iran,3857278,0 days 00:17:57,1,0,0,0,0,0,0,0,0
1,17,59,Regular Play,Iran,3857278,0 days 00:17:59,0,0,0,0,0,0,1,0,0
1,18,0,Regular Play,United States,3857278,0 days 00:18:00,0,0,0,0,0,0,1,0,0
1,18,3,Regular Play,Iran,3857278,0 days 00:18:03,0,0,0,0,0,0,1,0,0
1,18,10,Regular Play,Iran,3857278,0 days 00:18:10,0,0,0,0,0,0,1,0,0
1,18,16,Regular Play,Iran,3857278,0 days 00:18:16,0,0,0,0,0,0,1,0,0
1,18,19,Regular Play,Iran,3857278,0 days 00:18:19,0,0,0,0,0,0,1,0,0
1,18,22,Regular Play,Iran,3857278,0 days 00:18:22,0,0,0,0,0,0,1,0,0
1,18,25,Regular Play,Iran,3857278,0 days 00:18:25,0,0,0,0,0,0,1,0,0
1,18,27,Regular Play,Iran,3857278,0 days 00:18:27,0,0,0,0,0,0,1,0,0
1,18,31,Regular Play,Iran,3857278,0 days 00:18:31,0,0,0,0,0,0,1,0,0
1,18,35,Regular Play,Iran,3857278,0 days 00:18:35,0,0,0,0,0,0,1,0,0
1,18,39,Regular Play,Iran,3857278,0 days 00:18:39,0,0,0,0,0,0,1,0,0
1,18,42,Regular Play,Iran,3857278,0 days 00:18:42,0,0,0,0,0,0,1,0,0
1,18,43,Regular Play,Iran,3857278,0 days 00:18:43,0,0,0,0,0,0,1,0,0
1,18,47,Regular Play,Iran,3857278,0 days 00:18:47,0,0,0,0,0,0,1,0,0
1,18,52,Regular Play,Iran,3857278,0 days 00:18:52,0,0,0,0,0,0,1,0,0
1,18,55,Regular Play,Iran,3857278,0 days 00:18:55,0,0,0,0,0,0,1,0,0
1,18,56,Regular Play,Iran,3857278,0 days 00:18:56,0,0,0,0,0,0,1,0,0
1,19,1,Regular Play,Iran,3857278,0 days 00:19:01,0,0,0,0,0,0,1,0,0
1,19,6,Regular Play,Iran,3857278,0 days 00:19:06,0,0,0,0,0,0,1,0,0
1,19,9,Regular Play,United States,3857278,0 days 00:19:09,0,0,0,0,0,1,0,0,0
1,19,13,Regular Play,Iran,3857278,0 days 00:19:13,0,0,0,0,1,0,0,0,0
1,19,21,From Free Kick,United States,3857278,0 days 00:19:21,0,0,0,0,0,0,1,0,0
1,19,23,From Free Kick,United States,3857278,0 days 00:19:23,0,0,0,0,0,0,1,0,0
1,19,25,From Free Kick,United States,3857278,0 days 00:19:25,0,0,0,0,0,0,1,0,0
1,19,26,From Free Kick,United States,3857278,0 days 00:19:26,0,0,0,0,0,0,1,0,0
1,19,26,From Free Kick,Iran,3857278,0 days 00:19:26,0,0,0,0,0,1,0,0,0
1,19,27,From Free Kick,United States,3857278,0 days 00:19:27,1,0,0,0,0,0,0,0,0
1,19,29,Regular Play,Iran,3857278,0 days 00:19:29,0,0,0,0,0,0,1,0,0
1,19,34,Regular Play,Iran,3857278,0 days 00:19:34,0,0,0,0,0,0,1,0,0
1,19,41,Regular Play,Iran,3857278,0 days 00:19:41,0,0,0,0,0,0,1,0,0
1,19,41,Regular Play,United States,3857278,0 days 00:19:41,0,0,0,0,0,1,0,0,0
1,19,58,From Throw In,Iran,3857278,0 days 00:19:58,0,0,0,0,0,0,1,0,0
1,20,3,From Throw In,Iran,3857278,0 days 00:20:03,0,0,0,0,0,0,1,0,0
1,20,5,From Throw In,Iran,3857278,0 days 00:20:05,0,0,0,0,0,0,1,0,0
1,20,7,From Throw In,Iran,3857278,0 days 00:20:07,0,0,0,0,0,0,1,0,0
1,20,29,From Goal Kick,United States,3857278,0 days 00:20:29,0,0,0,0,0,0,1,0,0
1,20,34,From Goal Kick,United States,3857278,0 days 00:20:34,0,0,0,0,0,0,1,0,0
1,21,3,From Throw In,Iran,3857278,0 days 00:21:03,0,0,0,0,0,0,1,0,0
1,21,5,From Throw In,Iran,3857278,0 days 00:21:05,0,0,0,1,0,0,0,0,0
1,21,8,From Throw In,Iran,3857278,0 days 00:21:08,0,0,0,0,0,0,1,0,0
1,21,9,From Throw In,Iran,3857278,0 days 00:21:09,0,0,0,0,0,0,1,0,0
1,21,10,From Throw In,Iran,3857278,0 days 00:21:10,0,0,0,0,0,0,1,0,0
1,21,13,From Throw In,United States,3857278,0 days 00:21:13,0,1,0,0,0,0,0,0,0
1,21,15,Regular Play,United States,3857278,0 days 00:21:15,0,0,0,0,0,0,1,0,0
1,21,16,Regular Play,United States,3857278,0 days 00:21:16,0,0,0,0,0,0,1,0,0
1,21,18,Regular Play,United States,3857278,0 days 00:21:18,0,0,0,0,0,0,1,0,0
1,21,20,Regular Play,Iran,3857278,0 days 00:21:20,0,0,0,0,0,0,1,0,0
1,21,23,Regular Play,United States,3857278,0 days 00:21:23,1,0,0,0,0,0,0,0,0
1,21,23,Regular Play,United States,3857278,0 days 00:21:23,0,0,0,1,0,0,0,0,0
1,21,23,Regular Play,Iran,3857278,0 days 00:21:23,0,0,0,0,0,0,0,0,1
1,21,32,From Throw In,United States,3857278,0 days 00:21:32,0,0,0,0,0,0,1,0,0
1,21,36,From Throw In,United States,3857278,0 days 00:21:36,0,0,0,0,0,0,1,0,0
1,21,45,From Throw In,United States,3857278,0 days 00:21:45,0,0,0,0,0,0,1,0,0
1,21,52,From Throw In,United States,3857278,0 days 00:21:52,0,0,0,0,0,0,1,0,0
1,21,55,From Throw In,United States,3857278,0 days 00:21:55,0,0,0,0,0,0,1,0,0
1,12,23,From Corner,France,3857279,0 days 00:12:23,0,0,0,0,0,0,1,0,0
1,12,24,From Corner,Australia,3857279,0 days 00:12:24,0,1,0,0,0,0,0,0,0
1,12,26,From Corner,France,3857279,0 days 00:12:26,1,0,0,0,0,0,0,0,0
1,12,26,From Corner,France,3857279,0 days 00:12:26,0,0,0,0,0,0,0,1,0
1,12,27,From Corner,Australia,3857279,0 days 00:12:27,0,1,0,0,0,0,0,0,0
1,12,28,From Corner,France,3857279,0 days 00:12:28,1,0,0,0,0,0,0,0,0
1,12,29,From Corner,France,3857279,0 days 00:12:29,0,0,0,0,0,0,1,0,0
1,12,34,From Corner,France,3857279,0 days 00:12:34,0,0,0,0,0,0,1,0,0
1,12,35,From Corner,France,3857279,0 days 00:12:35,0,0,0,0,0,0,1,0,0
1,12,39,Regular Play,Australia,3857279,0 days 00:12:39,1,0,0,0,0,0,0,0,0
1,12,52,Regular Play,Australia,3857279,0 days 00:12:52,0,0,0,0,0,0,1,0,0
1,12,59,Regular Play,Australia,3857279,0 days 00:12:59,0,0,0,0,0,0,1,0,0
1,13,0,Regular Play,Australia,3857279,0 days 00:13:00,0,0,0,0,0,0,1,0,0
1,13,2,Regular Play,Australia,3857279,0 days 00:13:02,0,0,0,0,0,0,1,0,0
1,13,4,Regular Play,Australia,3857279,0 days 00:13:04,0,0,0,0,0,0,1,0,0
1,13,6,Regular Play,Australia,3857279,0 days 00:13:06,0,0,0,0,0,0,1,0,0
1,13,9,Regular Play,Australia,3857279,0 days 00:13:09,0,0,0,0,0,0,1,0,0
1,13,11,Regular Play,Australia,3857279,0 days 00:13:11,0,0,0,0,0,0,1,0,0
1,13,13,Regular Play,Australia,3857279,0 days 00:13:13,0,0,0,0,0,0,1,0,0
1,13,26,From Throw In,France,3857279,0 days 00:13:26,0,0,0,0,0,0,1,0,0
1,13,30,From Throw In,France,3857279,0 days 00:13:30,0,0,0,0,0,0,1,0,0
1,13,36,From Throw In,France,3857279,0 days 00:13:36,0,0,0,0,0,0,1,0,0
1,13,38,From Throw In,France,3857279,0 days 00:13:38,0,0,0,0,0,0,1,0,0
1,13,40,From Throw In,France,3857279,0 days 00:13:40,0,0,0,0,0,0,1,0,0
1,13,43,From Throw In,France,3857279,0 days 00:13:43,0,0,0,0,0,0,1,0,0
1,13,44,From Throw In,France,3857279,0 days 00:13:44,0,0,0,0,0,0,1,0,0
1,13,48,From Throw In,France,3857279,0 days 00:13:48,0,0,0,0,0,0,1,0,0
1,13,49,From Throw In,Australia,3857279,0 days 00:13:49,0,1,0,0,0,0,0,0,0
1,13,53,From Throw In,France,3857279,0 days 00:13:53,1,0,0,0,0,0,0,0,0
1,13,54,From Throw In,France,3857279,0 days 00:13:54,0,0,0,0,0,0,1,0,0
1,13,57,From Throw In,France,3857279,0 days 00:13:57,0,0,0,0,0,0,1,0,0
1,14,0,From Throw In,France,3857279,0 days 00:14:00,0,0,0,0,0,0,1,0,0
1,14,3,From Throw In,France,3857279,0 days 00:14:03,0,0,0,0,0,0,1,0,0
1,14,6,From Throw In,France,3857279,0 days 00:14:06,0,0,0,0,0,0,1,0,0
1,14,10,From Throw In,France,3857279,0 days 00:14:10,0,0,0,0,0,0,1,0,0
1,14,11,From Throw In,France,3857279,0 days 00:14:11,0,0,0,0,0,0,1,0,0
1,14,14,From Throw In,France,3857279,0 days 00:14:14,0,0,0,0,0,0,1,0,0
1,14,19,From Throw In,France,3857279,0 days 00:14:19,0,0,0,0,0,0,1,0,0
1,14,22,From Throw In,France,3857279,0 days 00:14:22,0,0,0,0,0,0,1,0,0
1,14,25,From Throw In,France,3857279,0 days 00:14:25,0,0,0,0,0,0,1,0,0
1,14,29,From Throw In,France,3857279,0 days 00:14:29,0,0,0,0,0,0,1,0,0
1,14,34,From Throw In,France,3857279,0 days 00:14:34,0,0,0,0,0,0,1,0,0
1,14,35,From Throw In,Australia,3857279,0 days 00:14:35,0,1,0,0,0,0,0,0,0
1,14,40,From Throw In,France,3857279,0 days 00:14:40,1,0,0,0,0,0,0,0,0
1,14,40,From Throw In,France,3857279,0 days 00:14:40,0,0,0,0,0,0,1,0,0
1,14,41,From Throw In,Australia,3857279,0 days 00:14:41,0,0,0,0,0,1,0,0,0
1,14,48,From Throw In,Australia,3857279,0 days 00:14:48,0,0,0,0,0,0,1,0,0
1,14,52,From Throw In,Australia,3857279,0 days 00:14:52,0,0,0,0,0,0,1,0,0
1,14,55,From Throw In,France,3857279,0 days 00:14:55,0,0,0,0,0,0,1,0,0
1,14,58,From Throw In,France,3857279,0 days 00:14:58,0,0,0,0,0,0,1,0,0
1,15,8,From Throw In,France,3857279,0 days 00:15:08,0,0,0,0,0,0,1,0,0
1,15,9,Regular Play,Australia,3857279,0 days 00:15:09,1,0,0,0,0,0,0,0,0
1,15,12,Regular Play,Australia,3857279,0 days 00:15:12,0,0,1,0,0,0,0,0,0
1,15,12,Regular Play,France,3857279,0 days 00:15:12,0,0,0,0,0,0,0,0,1
1,15,13,Regular Play,Australia,3857279,0 days 00:15:13,1,0,0,0,0,0,0,0,0
1,15,20,Regular Play,Australia,3857279,0 days 00:15:20,0,0,0,0,0,0,1,0,0
1,15,23,Regular Play,France,3857279,0 days 00:15:23,0,0,0,0,1,0,0,0,0
1,15,37,From Free Kick,Australia,3857279,0 days 00:15:37,0,0,0,0,0,0,1,0,0
1,15,41,From Free Kick,Australia,3857279,0 days 00:15:41,0,0,0,0,0,0,1,0,0
1,15,47,From Throw In,France,3857279,0 days 00:15:47,0,0,0,0,0,0,1,0,0
1,15,49,From Throw In,France,3857279,0 days 00:15:49,0,0,0,0,0,0,1,0,0
1,15,53,From Throw In,France,3857279,0 days 00:15:53,0,0,0,0,0,0,1,0,0
1,15,58,From Throw In,France,3857279,0 days 00:15:58,0,0,0,0,0,0,1,0,0
1,16,0,From Throw In,France,3857279,0 days 00:16:00,0,0,0,0,0,0,1,0,0
1,16,2,From Throw In,France,3857279,0 days 00:16:02,0,0,0,0,0,0,1,0,0
1,16,4,From Throw In,France,3857279,0 days 00:16:04,0,0,0,0,0,0,1,0,0
1,16,8,Regular Play,Australia,3857279,0 days 00:16:08,1,0,0,0,0,0,0,0,0
1,16,24,Regular Play,Australia,3857279,0 days 00:16:24,0,0,0,0,0,0,1,0,0
1,16,29,Regular Play,Australia,3857279,0 days 00:16:29,0,0,0,0,0,0,1,0,0
1,16,31,Regular Play,Australia,3857279,0 days 00:16:31,0,0,0,0,0,0,1,0,0
1,16,33,Regular Play,Australia,3857279,0 days 00:16:33,0,0,0,0,0,0,1,0,0
1,16,41,Regular Play,France,3857279,0 days 00:16:41,0,0,0,0,1,0,0,0,0
1,16,58,From Free Kick,Australia,3857279,0 days 00:16:58,0,0,0,0,0,0,1,0,0
1,17,0,From Free Kick,Australia,3857279,0 days 00:17:00,0,0,0,0,0,0,1,0,0
1,17,1,From Free Kick,Australia,3857279,0 days 00:17:01,0,0,1,0,0,0,0,0,0
1,17,1,Regular Play,France,3857279,0 days 00:17:01,0,0,0,0,0,0,0,0,1
1,17,2,Regular Play,France,3857279,0 days 00:17:02,0,0,0,0,0,0,1,0,0
1,17,4,Regular Play,France,3857279,0 days 00:17:04,0,0,0,0,0,0,1,0,0
1,17,10,Regular Play,France,3857279,0 days 00:17:10,0,0,0,0,0,0,1,0,0
1,17,10,Regular Play,France,3857279,0 days 00:17:10,0,0,0,0,0,0,1,0,0
1,17,15,Regular Play,France,3857279,0 days 00:17:15,0,0,0,1,0,0,0,0,0
1,17,17,Regular Play,France,3857279,0 days 00:17:17,0,0,0,0,0,0,1,0,0
1,17,18,Regular Play,Australia,3857279,0 days 00:17:18,1,0,0,0,0,0,0,0,0
1,17,21,Regular Play,Australia,3857279,0 days 00:17:21,0,0,0,0,0,0,1,0,0
1,17,27,Regular Play,Australia,3857279,0 days 00:17:27,0,0,0,0,0,0,1,0,0
1,17,32,Regular Play,Australia,3857279,0 days 00:17:32,0,0,0,0,0,0,1,0,0
1,17,35,Regular Play,Australia,3857279,0 days 00:17:35,0,0,0,0,0,0,1,0,0
1,17,39,Regular Play,Australia,3857279,0 days 00:17:39,0,0,0,0,0,0,1,0,0
1,17,45,Regular Play,Australia,3857279,0 days 00:17:45,0,0,1,0,0,0,0,0,0
1,17,45,Regular Play,France,3857279,0 days 00:17:45,0,0,0,0,0,0,0,0,1
1,17,53,Regular Play,France,3857279,0 days 00:17:53,0,0,0,0,0,0,1,0,0
1,17,56,Regular Play,France,3857279,0 days 00:17:56,0,0,0,0,0,0,1,0,0
1,17,57,Regular Play,France,3857279,0 days 00:17:57,0,0,0,0,0,0,1,0,0
1,17,59,Regular Play,France,3857279,0 days 00:17:59,0,0,0,0,0,0,1,0,0
1,18,1,Regular Play,France,3857279,0 days 00:18:01,0,0,0,0,0,0,1,0,0
1,18,3,Regular Play,France,3857279,0 days 00:18:03,0,0,0,0,0,0,1,0,0
1,18,6,Regular Play,France,3857279,0 days 00:18:06,0,0,0,0,0,0,1,0,0
1,18,8,Regular Play,France,3857279,0 days 00:18:08,0,0,0,1,0,0,0,0,0
1,18,11,Regular Play,France,3857279,0 days 00:18:11,0,0,0,0,0,0,1,0,0
1,18,12,Regular Play,France,3857279,0 days 00:18:12,0,0,0,0,0,0,1,0,0
1,18,12,Regular Play,Australia,3857279,0 days 00:18:12,0,0,0,0,0,1,0,0,0
1,18,13,Regular Play,France,3857279,0 days 00:18:13,1,0,0,0,0,0,0,0,0
1,18,14,Regular Play,France,3857279,0 days 00:18:14,0,0,0,1,0,0,0,0,0
1,18,19,Regular Play,France,3857279,0 days 00:18:19,0,0,0,0,0,0,1,0,0
1,18,20,Regular Play,France,3857279,0 days 00:18:20,0,0,0,0,0,0,1,0,0
1,18,21,Regular Play,Australia,3857279,0 days 00:18:21,0,1,0,0,0,0,0,0,0
1,18,25,Regular Play,France,3857279,0 days 00:18:25,1,0,0,0,0,0,0,0,0
1,18,27,Regular Play,France,3857279,0 days 00:18:27,0,0,0,0,0,0,1,0,0
1,18,31,Regular Play,France,3857279,0 days 00:18:31,0,0,0,0,0,0,1,0,0
1,18,35,Regular Play,France,3857279,0 days 00:18:35,0,0,0,0,0,0,1,0,0
1,18,40,Regular Play,France,3857279,0 days 00:18:40,0,0,0,0,0,0,1,0,0
1,18,43,Regular Play,France,3857279,0 days 00:18:43,0,0,0,0,0,0,1,0,0
1,18,46,Regular Play,France,3857279,0 days 00:18:46,0,0,0,0,0,0,1,0,0
1,18,48,Regular Play,France,3857279,0 days 00:18:48,0,0,0,0,0,0,1,0,0
1,18,51,Regular Play,France,3857279,0 days 00:18:51,0,0,0,0,0,0,1,0,0
1,18,54,Regular Play,France,3857279,0 days 00:18:54,0,0,0,0,0,0,1,0,0
1,18,59,Regular Play,France,3857279,0 days 00:18:59,0,0,0,0,0,0,1,0,0
1,19,0,Regular Play,France,3857279,0 days 00:19:00,0,0,0,0,0,0,1,0,0
1,19,4,Regular Play,France,3857279,0 days 00:19:04,0,0,0,0,0,0,1,0,0
1,19,10,Regular Play,France,3857279,0 days 00:19:10,0,0,0,0,0,0,1,0,0
1,19,11,Regular Play,Australia,3857279,0 days 00:19:11,0,0,0,0,0,1,0,0,0
1,19,39,From Throw In,Australia,3857279,0 days 00:19:39,0,0,0,0,0,0,1,0,0
1,19,40,From Throw In,France,3857279,0 days 00:19:40,0,0,0,0,0,1,0,0,0
1,19,41,From Throw In,Australia,3857279,0 days 00:19:41,0,0,0,0,0,0,1,0,0
1,19,48,From Throw In,France,3857279,0 days 00:19:48,0,0,0,0,0,0,1,0,0
1,19,51,From Throw In,France,3857279,0 days 00:19:51,0,0,0,0,0,0,1,0,0
1,19,53,From Throw In,France,3857279,0 days 00:19:53,0,0,0,0,0,0,1,0,0
1,19,58,From Throw In,France,3857279,0 days 00:19:58,0,0,0,0,0,0,1,0,0
1,19,59,From Throw In,France,3857279,0 days 00:19:59,0,0,0,0,0,0,1,0,0
1,20,0,From Throw In,France,3857279,0 days 00:20:00,0,0,0,0,0,0,1,0,0
1,20,4,From Throw In,France,3857279,0 days 00:20:04,0,0,0,0,0,0,1,0,0
1,20,4,From Throw In,Australia,3857279,0 days 00:20:04,0,0,0,0,0,1,0,0,0
1,20,5,Regular Play,Australia,3857279,0 days 00:20:05,1,0,0,0,0,0,0,0,0
1,20,6,Regular Play,Australia,3857279,0 days 00:20:06,0,0,0,0,0,0,1,0,0
1,20,8,Regular Play,Australia,3857279,0 days 00:20:08,0,0,0,0,0,0,1,0,0
1,20,11,Regular Play,Australia,3857279,0 days 00:20:11,0,0,0,0,0,0,1,0,0
1,20,15,Regular Play,France,3857279,0 days 00:20:15,0,0,0,0,0,0,1,0,0
1,20,17,Regular Play,Australia,3857279,0 days 00:20:17,1,0,0,0,0,0,0,0,0
1,20,18,Regular Play,Australia,3857279,0 days 00:20:18,0,0,0,0,0,0,1,0,0
1,20,23,Regular Play,Australia,3857279,0 days 00:20:23,0,0,0,0,0,0,1,0,0
1,20,24,Regular Play,France,3857279,0 days 00:20:24,0,1,0,0,0,0,0,0,0
1,20,29,Regular Play,Australia,3857279,0 days 00:20:29,1,0,0,0,0,0,0,0,0
1,20,30,Regular Play,France,3857279,0 days 00:20:30,1,0,0,0,0,0,0,0,0
1,20,30,Regular Play,France,3857279,0 days 00:20:30,0,0,0,0,0,0,1,0,0
1,20,31,Regular Play,France,3857279,0 days 00:20:31,0,0,0,0,0,0,1,0,0
1,20,33,Regular Play,Australia,3857279,0 days 00:20:33,0,0,0,0,0,1,0,0,0
1,20,39,From Throw In,France,3857279,0 days 00:20:39,0,0,0,0,0,0,1,0,0
1,20,42,From Throw In,France,3857279,0 days 00:20:42,0,0,0,0,0,0,1,0,0
1,20,45,From Throw In,France,3857279,0 days 00:20:45,0,0,0,0,0,0,1,0,0
1,20,50,From Throw In,France,3857279,0 days 00:20:50,0,0,0,0,0,0,1,0,0
1,20,51,From Throw In,Australia,3857279,0 days 00:20:51,1,0,0,0,0,0,0,0,0
1,20,54,From Throw In,Australia,3857279,0 days 00:20:54,0,0,0,0,0,0,1,0,0
1,20,57,From Throw In,Australia,3857279,0 days 00:20:57,0,0,0,0,0,0,1,0,0
1,20,59,From Throw In,France,3857279,0 days 00:20:59,1,0,0,0,0,0,0,0,0
1,21,2,From Throw In,France,3857279,0 days 00:21:02,0,0,0,0,0,0,1,0,0
1,21,3,From Throw In,Australia,3857279,0 days 00:21:03,1,0,0,0,0,0,0,0,0
1,21,5,From Throw In,Australia,3857279,0 days 00:21:05,0,0,0,0,0,0,0,1,0
1,21,37,From Goal Kick,France,3857279,0 days 00:21:37,0,0,0,0,0,0,1,0,0
1,21,39,Regular Play,Australia,3857279,0 days 00:21:39,1,0,0,0,0,0,0,0,0
1,21,41,Regular Play,Australia,3857279,0 days 00:21:41,0,0,0,0,0,0,1,0,0
1,21,43,Regular Play,Australia,3857279,0 days 00:21:43,0,0,0,0,0,0,1,0,0
1,21,47,Regular Play,Australia,3857279,0 days 00:21:47,0,0,0,0,0,0,1,0,0
1,21,50,Regular Play,Australia,3857279,0 days 00:21:50,0,0,0,0,0,0,1,0,0
1,21,54,Regular Play,Australia,3857279,0 days 00:21:54,0,0,1,0,0,0,0,0,0
1,21,54,Regular Play,France,3857279,0 days 00:21:54,0,0,0,0,0,0,0,0,1
1,21,55,Regular Play,France,3857279,0 days 00:21:55,0,0,1,0,0,0,0,0,0
1,21,55,Regular Play,Australia,3857279,0 days 00:21:55,0,0,0,0,0,0,0,0,1
1,21,56,Regular Play,Australia,3857279,0 days 00:21:56,0,0,0,0,0,0,1,0,0
1,21,58,Regular Play,Australia,3857279,0 days 00:21:58,0,0,0,0,0,0,1,0,0
1,12,0,From Goal Kick,Cameroon,3857280,0 days 00:12:00,0,0,0,0,0,0,1,0,0
1,12,3,From Goal Kick,Cameroon,3857280,0 days 00:12:03,0,0,0,0,0,0,1,0,0
1,12,5,Regular Play,Brazil,3857280,0 days 00:12:05,0,0,0,0,0,0,1,0,0
1,12,9,Regular Play,Brazil,3857280,0 days 00:12:09,0,0,0,0,0,0,1,0,0
1,12,12,Regular Play,Brazil,3857280,0 days 00:12:12,0,0,0,0,0,0,1,0,0
1,12,20,Regular Play,Brazil,3857280,0 days 00:12:20,0,0,0,0,0,0,1,0,0
1,12,21,Regular Play,Brazil,3857280,0 days 00:12:21,0,0,0,0,0,0,1,0,0
1,12,26,Regular Play,Brazil,3857280,0 days 00:12:26,0,0,0,0,0,0,1,0,0
1,12,29,Regular Play,Brazil,3857280,0 days 00:12:29,0,0,0,0,0,0,1,0,0
1,12,31,Regular Play,Brazil,3857280,0 days 00:12:31,0,0,0,0,0,0,1,0,0
1,12,33,Regular Play,Brazil,3857280,0 days 00:12:33,0,0,0,0,0,0,1,0,0
1,12,40,Regular Play,Brazil,3857280,0 days 00:12:40,0,0,0,0,0,0,1,0,0
1,12,41,Regular Play,Brazil,3857280,0 days 00:12:41,0,0,0,0,0,0,1,0,0
1,12,44,Regular Play,Brazil,3857280,0 days 00:12:44,0,0,0,0,0,0,1,0,0
1,12,45,Regular Play,Cameroon,3857280,0 days 00:12:45,0,0,0,0,0,1,0,0,0
1,12,46,Regular Play,Cameroon,3857280,0 days 00:12:46,0,0,0,0,0,0,1,0,0
1,12,47,Regular Play,Cameroon,3857280,0 days 00:12:47,0,0,0,0,0,0,1,0,0
1,12,50,Regular Play,Brazil,3857280,0 days 00:12:50,0,0,0,0,0,0,1,0,0
1,12,51,Regular Play,Brazil,3857280,0 days 00:12:51,0,0,0,0,0,0,1,0,0
1,12,58,Regular Play,Brazil,3857280,0 days 00:12:58,0,0,0,1,0,0,0,0,0
1,12,58,Regular Play,Cameroon,3857280,0 days 00:12:58,0,0,0,0,0,0,0,0,1
1,13,1,Regular Play,Cameroon,3857280,0 days 00:13:01,0,0,1,0,0,0,0,0,0
1,13,1,Regular Play,Brazil,3857280,0 days 00:13:01,0,0,0,0,0,0,0,0,1
1,13,2,Regular Play,Brazil,3857280,0 days 00:13:02,1,0,0,0,0,0,0,0,0
1,13,3,Regular Play,Brazil,3857280,0 days 00:13:03,0,0,0,0,0,0,1,0,0
1,13,7,Regular Play,Brazil,3857280,0 days 00:13:07,0,0,0,0,0,0,1,0,0
1,13,9,Regular Play,Brazil,3857280,0 days 00:13:09,0,0,0,0,0,0,1,0,0
1,13,11,Regular Play,Brazil,3857280,0 days 00:13:11,0,0,0,0,0,0,1,0,0
1,13,13,Regular Play,Brazil,3857280,0 days 00:13:13,0,0,0,0,0,0,1,0,0
1,13,14,Regular Play,Brazil,3857280,0 days 00:13:14,0,0,0,0,0,0,1,0,0
1,13,16,Regular Play,Cameroon,3857280,0 days 00:13:16,0,0,0,0,0,0,1,0,0
1,13,18,Regular Play,Cameroon,3857280,0 days 00:13:18,0,0,0,0,0,0,1,0,0
1,13,25,From Throw In,Brazil,3857280,0 days 00:13:25,0,0,0,0,0,0,1,0,0
1,13,27,From Throw In,Brazil,3857280,0 days 00:13:27,0,0,0,0,0,0,1,0,0
1,13,28,From Throw In,Brazil,3857280,0 days 00:13:28,0,0,0,0,0,0,1,0,0
1,13,30,From Throw In,Brazil,3857280,0 days 00:13:30,0,0,0,0,0,0,1,0,0
1,13,32,From Throw In,Brazil,3857280,0 days 00:13:32,0,0,0,0,0,0,1,0,0
1,13,34,From Throw In,Brazil,3857280,0 days 00:13:34,0,0,0,0,0,0,0,1,0
1,14,9,From Corner,Brazil,3857280,0 days 00:14:09,0,0,0,0,0,0,1,0,0
1,14,11,From Corner,Brazil,3857280,0 days 00:14:11,0,0,0,0,0,0,0,1,0
1,14,43,From Goal Kick,Cameroon,3857280,0 days 00:14:43,0,0,0,0,0,0,1,0,0
1,14,46,From Goal Kick,Brazil,3857280,0 days 00:14:46,0,1,0,0,0,0,0,0,0
1,14,47,From Goal Kick,Cameroon,3857280,0 days 00:14:47,1,0,0,0,0,0,0,0,0
1,14,49,From Goal Kick,Cameroon,3857280,0 days 00:14:49,0,0,1,0,0,0,0,0,0
1,14,49,Regular Play,Brazil,3857280,0 days 00:14:49,0,0,0,0,0,0,0,0,1
1,14,53,Regular Play,Brazil,3857280,0 days 00:14:53,0,0,0,0,0,0,1,0,0
1,14,57,Regular Play,Brazil,3857280,0 days 00:14:57,0,0,0,1,0,0,0,0,0
1,15,5,Regular Play,Brazil,3857280,0 days 00:15:05,0,0,0,0,0,0,1,0,0
1,15,7,Regular Play,Brazil,3857280,0 days 00:15:07,0,0,0,0,0,0,1,0,0
1,15,10,Regular Play,Cameroon,3857280,0 days 00:15:10,1,0,0,0,0,0,0,0,0
1,15,11,Regular Play,Cameroon,3857280,0 days 00:15:11,0,0,0,0,0,0,1,0,0
1,15,12,Regular Play,Cameroon,3857280,0 days 00:15:12,0,0,0,0,0,0,1,0,0
1,15,14,Regular Play,Brazil,3857280,0 days 00:15:14,1,0,0,0,0,0,0,0,0
1,15,18,Regular Play,Brazil,3857280,0 days 00:15:18,0,0,0,0,0,0,1,0,0
1,15,19,Regular Play,Brazil,3857280,0 days 00:15:19,0,0,0,0,0,0,1,0,0
1,15,23,Regular Play,Brazil,3857280,0 days 00:15:23,0,0,0,0,0,0,1,0,0
1,15,25,Regular Play,Brazil,3857280,0 days 00:15:25,0,0,0,0,0,0,1,0,0
1,15,30,Regular Play,Brazil,3857280,0 days 00:15:30,0,0,0,0,0,0,1,0,0
1,15,32,Regular Play,Brazil,3857280,0 days 00:15:32,0,0,0,0,0,0,1,0,0
1,15,35,Regular Play,Brazil,3857280,0 days 00:15:35,0,0,0,0,0,0,1,0,0
1,15,38,Regular Play,Brazil,3857280,0 days 00:15:38,0,0,0,0,0,0,1,0,0
1,15,41,Regular Play,Brazil,3857280,0 days 00:15:41,0,0,0,0,0,0,1,0,0
1,15,44,Regular Play,Brazil,3857280,0 days 00:15:44,0,0,0,0,0,0,1,0,0
1,15,48,Regular Play,Brazil,3857280,0 days 00:15:48,0,0,0,0,0,0,1,0,0
1,15,51,Regular Play,Brazil,3857280,0 days 00:15:51,0,0,0,0,0,0,1,0,0
1,15,56,Regular Play,Brazil,3857280,0 days 00:15:56,0,0,0,0,0,0,1,0,0
1,16,0,Regular Play,Brazil,3857280,0 days 00:16:00,0,0,0,0,0,0,1,0,0
1,16,2,Regular Play,Brazil,3857280,0 days 00:16:02,0,0,0,0,0,0,1,0,0
1,16,5,Regular Play,Brazil,3857280,0 days 00:16:05,0,0,0,0,0,0,1,0,0
1,16,7,Regular Play,Cameroon,3857280,0 days 00:16:07,0,1,0,0,0,0,0,0,0
1,16,9,Regular Play,Brazil,3857280,0 days 00:16:09,1,0,0,0,0,0,0,0,0
1,16,10,Regular Play,Brazil,3857280,0 days 00:16:10,0,0,0,0,0,0,1,0,0
1,16,14,Regular Play,Brazil,3857280,0 days 00:16:14,0,0,0,0,0,0,1,0,0
1,16,52,From Corner,Brazil,3857280,0 days 00:16:52,0,0,0,0,0,0,1,0,0
1,16,54,From Corner,Cameroon,3857280,0 days 00:16:54,0,1,0,0,0,0,0,0,0
1,16,58,Regular Play,Cameroon,3857280,0 days 00:16:58,1,0,0,0,0,0,0,0,0
1,16,58,Regular Play,Brazil,3857280,0 days 00:16:58,0,0,0,0,1,0,0,0,0
1,17,11,From Free Kick,Cameroon,3857280,0 days 00:17:11,0,0,0,0,0,0,1,0,0
1,17,14,From Free Kick,Cameroon,3857280,0 days 00:17:14,0,0,0,0,0,0,1,0,0
1,17,21,From Free Kick,Cameroon,3857280,0 days 00:17:21,0,0,0,0,0,0,1,0,0
1,17,25,From Free Kick,Brazil,3857280,0 days 00:17:25,0,0,0,0,1,0,0,0,0
1,17,45,From Free Kick,Cameroon,3857280,0 days 00:17:45,0,0,0,0,0,0,1,0,0
1,17,47,From Free Kick,Cameroon,3857280,0 days 00:17:47,0,0,0,0,0,0,1,0,0
1,17,50,From Free Kick,Cameroon,3857280,0 days 00:17:50,0,0,0,0,0,0,1,0,0
1,17,55,Regular Play,Brazil,3857280,0 days 00:17:55,1,0,0,0,0,0,0,0,0
1,18,0,Regular Play,Brazil,3857280,0 days 00:18:00,0,0,0,0,0,0,1,0,0
1,18,5,Regular Play,Brazil,3857280,0 days 00:18:05,0,0,0,0,0,0,1,0,0
1,18,8,Regular Play,Brazil,3857280,0 days 00:18:08,0,0,0,0,0,0,1,0,0
1,18,14,Regular Play,Brazil,3857280,0 days 00:18:14,0,0,0,0,0,0,1,0,0
1,18,17,Regular Play,Brazil,3857280,0 days 00:18:17,0,0,0,0,0,0,1,0,0
1,18,19,Regular Play,Brazil,3857280,0 days 00:18:19,0,0,0,0,0,0,1,0,0
1,18,22,Regular Play,Brazil,3857280,0 days 00:18:22,0,0,0,0,0,0,1,0,0
1,18,29,Regular Play,Brazil,3857280,0 days 00:18:29,0,0,0,0,0,0,1,0,0
1,18,32,Regular Play,Brazil,3857280,0 days 00:18:32,0,0,0,0,0,0,1,0,0
1,18,34,Regular Play,Brazil,3857280,0 days 00:18:34,0,0,0,0,0,0,1,0,0
1,18,39,Regular Play,Brazil,3857280,0 days 00:18:39,0,0,0,0,0,0,1,0,0
1,18,40,Regular Play,Brazil,3857280,0 days 00:18:40,0,0,0,0,0,0,1,0,0
1,18,44,Regular Play,Brazil,3857280,0 days 00:18:44,1,0,0,0,0,0,0,0,0
1,19,5,Regular Play,Brazil,3857280,0 days 00:19:05,0,0,0,0,0,0,1,0,0
1,19,7,Regular Play,Brazil,3857280,0 days 00:19:07,0,0,0,0,0,0,1,0,0
1,19,8,Regular Play,Brazil,3857280,0 days 00:19:08,0,0,1,0,0,0,0,0,0
1,19,8,Regular Play,Cameroon,3857280,0 days 00:19:08,0,0,0,0,0,0,0,0,1
1,19,9,Regular Play,Brazil,3857280,0 days 00:19:09,0,0,0,0,0,0,1,0,0
1,19,10,Regular Play,Cameroon,3857280,0 days 00:19:10,0,0,0,0,0,0,1,0,0
1,19,17,Regular Play,Cameroon,3857280,0 days 00:19:17,0,0,1,0,0,0,0,0,0
1,19,17,Regular Play,Brazil,3857280,0 days 00:19:17,0,0,0,0,0,0,0,0,1
1,19,21,Regular Play,Brazil,3857280,0 days 00:19:21,0,0,0,0,0,0,1,0,0
1,19,22,Regular Play,Brazil,3857280,0 days 00:19:22,0,0,0,0,0,0,1,0,0
1,19,23,Regular Play,Cameroon,3857280,0 days 00:19:23,1,0,0,0,0,0,0,0,0
1,19,25,Regular Play,Cameroon,3857280,0 days 00:19:25,0,0,0,0,0,0,1,0,0
1,19,26,Regular Play,Cameroon,3857280,0 days 00:19:26,0,0,0,0,0,0,1,0,0
1,19,33,Regular Play,Cameroon,3857280,0 days 00:19:33,0,0,0,0,0,0,1,0,0
1,19,36,Regular Play,Cameroon,3857280,0 days 00:19:36,0,0,0,0,0,0,1,0,0
1,19,40,Regular Play,Cameroon,3857280,0 days 00:19:40,0,0,0,0,0,0,1,0,0
1,19,41,Regular Play,Cameroon,3857280,0 days 00:19:41,0,0,0,0,0,0,1,0,0
1,19,42,Regular Play,Cameroon,3857280,0 days 00:19:42,0,0,0,0,0,0,1,0,0
1,19,44,Regular Play,Cameroon,3857280,0 days 00:19:44,0,0,0,0,0,0,1,0,0
1,19,47,Regular Play,Cameroon,3857280,0 days 00:19:47,0,0,0,0,0,0,1,0,0
1,19,49,Regular Play,Cameroon,3857280,0 days 00:19:49,0,0,0,0,0,0,1,0,0
1,19,52,Regular Play,Brazil,3857280,0 days 00:19:52,1,0,0,0,0,0,0,0,0
1,19,58,Regular Play,Brazil,3857280,0 days 00:19:58,0,0,0,0,0,0,1,0,0
1,20,1,Regular Play,Brazil,3857280,0 days 00:20:01,0,0,0,0,0,0,1,0,0
1,20,3,Regular Play,Cameroon,3857280,0 days 00:20:03,0,0,0,0,0,0,1,0,0
1,20,5,Regular Play,Cameroon,3857280,0 days 00:20:05,0,0,0,0,0,0,1,0,0
1,20,11,Regular Play,Cameroon,3857280,0 days 00:20:11,0,0,0,0,0,0,1,0,0
1,20,16,Regular Play,Cameroon,3857280,0 days 00:20:16,0,0,0,0,0,0,1,0,0
1,20,20,Regular Play,Cameroon,3857280,0 days 00:20:20,0,0,0,0,0,0,1,0,0
1,20,23,Regular Play,Cameroon,3857280,0 days 00:20:23,1,0,0,0,0,0,0,0,0
1,20,24,Regular Play,Cameroon,3857280,0 days 00:20:24,0,0,0,0,0,0,1,0,0
1,20,28,Regular Play,Brazil,3857280,0 days 00:20:28,1,0,0,0,0,0,0,0,0
1,20,28,Regular Play,Cameroon,3857280,0 days 00:20:28,0,0,0,0,1,0,0,0,0
1,20,32,From Free Kick,Brazil,3857280,0 days 00:20:32,0,0,0,0,0,0,1,0,0
1,20,35,From Free Kick,Brazil,3857280,0 days 00:20:35,0,0,0,0,0,0,1,0,0
1,20,37,From Free Kick,Brazil,3857280,0 days 00:20:37,0,0,0,0,0,0,1,0,0
1,20,41,From Free Kick,Brazil,3857280,0 days 00:20:41,0,0,0,0,0,0,1,0,0
1,20,44,From Free Kick,Brazil,3857280,0 days 00:20:44,0,0,0,0,0,0,1,0,0
1,20,45,From Free Kick,Brazil,3857280,0 days 00:20:45,0,0,0,0,0,0,1,0,0
1,20,47,From Free Kick,Brazil,3857280,0 days 00:20:47,0,0,0,0,0,0,1,0,0
1,20,48,From Free Kick,Brazil,3857280,0 days 00:20:48,0,0,0,0,0,0,1,0,0
1,20,49,From Free Kick,Brazil,3857280,0 days 00:20:49,0,0,0,0,0,0,1,0,0
1,20,50,From Free Kick,Brazil,3857280,0 days 00:20:50,0,0,0,0,0,0,1,0,0
1,20,53,From Free Kick,Brazil,3857280,0 days 00:20:53,0,0,0,0,0,0,1,0,0
1,20,58,From Free Kick,Brazil,3857280,0 days 00:20:58,0,0,0,0,0,0,1,0,0
1,20,59,From Free Kick,Brazil,3857280,0 days 00:20:59,0,0,0,0,0,0,1,0,0
1,21,4,From Free Kick,Brazil,3857280,0 days 00:21:04,0,0,0,0,0,0,1,0,0
1,21,6,From Free Kick,Brazil,3857280,0 days 00:21:06,0,0,0,0,0,0,1,0,0
1,21,8,From Free Kick,Cameroon,3857280,0 days 00:21:08,0,1,0,0,0,0,0,0,0
1,21,9,From Free Kick,Brazil,3857280,0 days 00:21:09,1,0,0,0,0,0,0,0,0
1,21,9,From Free Kick,Brazil,3857280,0 days 00:21:09,0,0,0,0,0,0,0,1,0
1,21,48,From Corner,Brazil,3857280,0 days 00:21:48,0,0,0,0,0,0,1,0,0
1,21,50,From Corner,Cameroon,3857280,0 days 00:21:50,0,1,0,0,0,0,0,0,0
1,12,9,From Throw In,Croatia,3857281,0 days 00:12:09,0,0,0,0,0,0,1,0,0
1,12,11,From Throw In,Canada,3857281,0 days 00:12:11,0,1,0,0,0,0,0,0,0
1,12,12,From Throw In,Canada,3857281,0 days 00:12:12,0,1,0,0,0,0,0,0,0
1,12,14,From Throw In,Canada,3857281,0 days 00:12:14,0,1,0,0,0,0,0,0,0
1,12,16,From Throw In,Canada,3857281,0 days 00:12:16,0,0,0,0,0,0,1,0,0
1,12,20,From Throw In,Canada,3857281,0 days 00:12:20,0,0,0,0,0,0,1,0,0
1,12,25,From Throw In,Croatia,3857281,0 days 00:12:25,1,0,0,0,0,0,0,0,0
1,12,26,From Throw In,Croatia,3857281,0 days 00:12:26,0,0,0,0,0,0,1,0,0
1,12,29,From Throw In,Croatia,3857281,0 days 00:12:29,0,0,0,0,0,0,1,0,0
1,12,34,From Throw In,Croatia,3857281,0 days 00:12:34,0,0,0,0,0,0,1,0,0
1,12,37,Regular Play,Canada,3857281,0 days 00:12:37,1,0,0,0,0,0,0,0,0
1,12,49,Regular Play,Canada,3857281,0 days 00:12:49,0,0,0,0,0,0,1,0,0
1,12,51,Regular Play,Canada,3857281,0 days 00:12:51,0,0,0,0,0,0,1,0,0
1,12,55,Regular Play,Canada,3857281,0 days 00:12:55,0,0,0,0,0,0,1,0,0
1,12,57,Regular Play,Canada,3857281,0 days 00:12:57,0,0,0,1,0,0,0,0,0
1,12,58,Regular Play,Canada,3857281,0 days 00:12:58,0,0,0,0,0,0,1,0,0
1,13,0,Regular Play,Canada,3857281,0 days 00:13:00,0,0,0,0,0,0,1,0,0
1,13,1,Regular Play,Croatia,3857281,0 days 00:13:01,0,0,0,0,0,0,1,0,0
1,13,3,Regular Play,Croatia,3857281,0 days 00:13:03,0,0,0,0,0,0,1,0,0
1,13,5,Regular Play,Canada,3857281,0 days 00:13:05,0,0,0,0,0,0,1,0,0
1,13,7,Regular Play,Canada,3857281,0 days 00:13:07,0,0,0,0,0,0,1,0,0
1,13,9,Regular Play,Croatia,3857281,0 days 00:13:09,0,0,0,0,1,0,0,0,0
1,13,30,From Free Kick,Canada,3857281,0 days 00:13:30,0,0,0,0,0,0,1,0,0
1,13,35,From Free Kick,Canada,3857281,0 days 00:13:35,0,0,0,0,0,0,1,0,0
1,13,37,From Free Kick,Canada,3857281,0 days 00:13:37,0,0,0,0,0,0,1,0,0
1,14,6,From Throw In,Croatia,3857281,0 days 00:14:06,0,0,0,0,0,0,1,0,0
1,14,8,From Throw In,Canada,3857281,0 days 00:14:08,0,0,0,0,0,1,0,0,0
1,14,8,Regular Play,Canada,3857281,0 days 00:14:08,1,0,0,0,0,0,0,0,0
1,14,9,Regular Play,Canada,3857281,0 days 00:14:09,0,0,0,0,0,0,1,0,0
1,14,11,Regular Play,Canada,3857281,0 days 00:14:11,0,0,0,0,0,0,1,0,0
1,14,14,Regular Play,Canada,3857281,0 days 00:14:14,0,0,0,0,0,0,1,0,0
1,14,16,Regular Play,Canada,3857281,0 days 00:14:16,0,0,0,0,0,0,1,0,0
1,14,20,Regular Play,Canada,3857281,0 days 00:14:20,0,0,0,0,0,0,1,0,0
1,14,28,Regular Play,Canada,3857281,0 days 00:14:28,0,0,0,0,0,0,1,0,0
1,14,30,Regular Play,Canada,3857281,0 days 00:14:30,0,0,0,0,0,0,1,0,0
1,14,31,Regular Play,Canada,3857281,0 days 00:14:31,0,0,0,0,0,0,1,0,0
1,14,32,Regular Play,Canada,3857281,0 days 00:14:32,0,0,0,0,0,0,1,0,0
1,14,35,Regular Play,Canada,3857281,0 days 00:14:35,0,0,0,0,0,0,1,0,0
1,14,37,Regular Play,Canada,3857281,0 days 00:14:37,0,0,1,0,0,0,0,0,0
1,14,37,Regular Play,Croatia,3857281,0 days 00:14:37,0,0,0,0,0,0,0,0,1
1,14,40,Regular Play,Canada,3857281,0 days 00:14:40,0,0,0,0,1,0,0,0,0
1,14,57,From Free Kick,Croatia,3857281,0 days 00:14:57,0,0,0,0,0,0,1,0,0
1,15,0,From Free Kick,Croatia,3857281,0 days 00:15:00,0,0,0,0,0,0,1,0,0
1,15,2,From Free Kick,Croatia,3857281,0 days 00:15:02,0,0,0,0,0,0,1,0,0
1,15,10,From Free Kick,Croatia,3857281,0 days 00:15:10,0,0,0,0,0,0,1,0,0
1,15,17,From Free Kick,Croatia,3857281,0 days 00:15:17,0,0,0,0,0,0,1,0,0
1,15,19,From Free Kick,Croatia,3857281,0 days 00:15:19,0,0,0,0,0,0,1,0,0
1,15,20,From Free Kick,Croatia,3857281,0 days 00:15:20,0,0,0,0,0,0,1,0,0
1,15,23,From Free Kick,Croatia,3857281,0 days 00:15:23,0,0,0,0,0,0,1,0,0
1,15,26,From Free Kick,Croatia,3857281,0 days 00:15:26,0,0,0,0,0,0,1,0,0
1,15,28,From Free Kick,Croatia,3857281,0 days 00:15:28,0,0,0,1,0,0,0,0,0
1,15,28,From Free Kick,Canada,3857281,0 days 00:15:28,0,0,0,0,0,0,0,0,1
1,15,36,From Throw In,Croatia,3857281,0 days 00:15:36,0,0,0,0,0,0,1,0,0
1,15,37,From Throw In,Croatia,3857281,0 days 00:15:37,0,0,0,0,0,0,1,0,0
1,15,38,From Throw In,Croatia,3857281,0 days 00:15:38,0,0,0,0,0,0,1,0,0
1,15,40,From Throw In,Croatia,3857281,0 days 00:15:40,0,0,0,0,0,0,1,0,0
1,15,41,From Throw In,Croatia,3857281,0 days 00:15:41,0,0,0,0,0,0,1,0,0
1,15,42,From Throw In,Croatia,3857281,0 days 00:15:42,0,0,0,0,0,0,1,0,0
1,15,44,From Throw In,Croatia,3857281,0 days 00:15:44,0,0,0,0,0,0,1,0,0
1,15,46,From Throw In,Croatia,3857281,0 days 00:15:46,0,0,0,0,0,0,1,0,0
1,15,47,From Throw In,Croatia,3857281,0 days 00:15:47,0,0,0,0,0,0,1,0,0
1,15,48,From Throw In,Croatia,3857281,0 days 00:15:48,0,0,0,0,0,0,1,0,0
1,15,48,From Throw In,Canada,3857281,0 days 00:15:48,1,0,0,0,0,0,0,0,0
1,15,51,From Throw In,Canada,3857281,0 days 00:15:51,0,1,0,0,0,0,0,0,0
1,15,58,From Throw In,Croatia,3857281,0 days 00:15:58,0,0,0,0,0,0,1,0,0
1,16,4,From Throw In,Croatia,3857281,0 days 00:16:04,0,0,0,0,0,0,1,0,0
1,16,8,From Throw In,Croatia,3857281,0 days 00:16:08,0,0,0,0,0,0,1,0,0
1,16,13,From Throw In,Croatia,3857281,0 days 00:16:13,0,0,0,0,0,0,1,0,0
1,16,20,From Throw In,Croatia,3857281,0 days 00:16:20,0,0,0,0,0,0,1,0,0
1,16,23,From Throw In,Croatia,3857281,0 days 00:16:23,0,0,0,0,0,0,1,0,0
1,16,25,From Throw In,Croatia,3857281,0 days 00:16:25,0,0,0,0,0,0,1,0,0
1,16,26,From Throw In,Croatia,3857281,0 days 00:16:26,0,0,0,0,0,0,1,0,0
1,16,27,From Throw In,Canada,3857281,0 days 00:16:27,0,0,0,0,0,0,1,0,0
1,16,28,From Throw In,Croatia,3857281,0 days 00:16:28,1,0,0,0,0,0,0,0,0
1,16,31,From Throw In,Croatia,3857281,0 days 00:16:31,0,0,0,0,0,0,1,0,0
1,16,34,From Throw In,Croatia,3857281,0 days 00:16:34,0,0,0,0,0,0,1,0,0
1,16,36,From Throw In,Croatia,3857281,0 days 00:16:36,0,0,0,0,0,0,1,0,0
1,16,37,From Throw In,Croatia,3857281,0 days 00:16:37,0,0,0,0,0,0,1,0,0
1,16,39,From Throw In,Croatia,3857281,0 days 00:16:39,0,0,0,0,0,0,1,0,0
1,16,43,From Throw In,Croatia,3857281,0 days 00:16:43,0,0,0,0,0,0,1,0,0
1,16,45,From Throw In,Croatia,3857281,0 days 00:16:45,0,0,0,0,1,0,0,0,0
1,17,19,From Free Kick,Canada,3857281,0 days 00:17:19,0,0,0,0,0,0,1,0,0
1,17,22,From Free Kick,Canada,3857281,0 days 00:17:22,0,0,0,0,0,0,1,0,0
1,17,25,From Free Kick,Canada,3857281,0 days 00:17:25,0,0,0,0,0,0,1,0,0
1,17,27,From Free Kick,Canada,3857281,0 days 00:17:27,0,0,0,0,0,0,1,0,0
1,17,29,From Free Kick,Canada,3857281,0 days 00:17:29,0,0,0,0,0,0,1,0,0
1,17,30,From Free Kick,Canada,3857281,0 days 00:17:30,0,0,0,0,0,0,1,0,0
1,17,32,From Free Kick,Canada,3857281,0 days 00:17:32,0,0,0,0,0,0,1,0,0
1,17,34,From Free Kick,Canada,3857281,0 days 00:17:34,0,0,0,0,0,0,1,0,0
1,17,35,From Free Kick,Canada,3857281,0 days 00:17:35,0,0,0,0,0,0,1,0,0
1,17,37,From Free Kick,Canada,3857281,0 days 00:17:37,0,0,0,0,0,0,1,0,0
1,17,40,From Free Kick,Canada,3857281,0 days 00:17:40,0,0,0,0,0,0,1,0,0
1,17,43,From Free Kick,Canada,3857281,0 days 00:17:43,0,0,0,0,0,0,1,0,0
1,17,49,From Free Kick,Canada,3857281,0 days 00:17:49,0,0,0,0,0,0,1,0,0
1,17,50,From Free Kick,Canada,3857281,0 days 00:17:50,0,0,0,0,0,0,1,0,0
1,17,52,Regular Play,Croatia,3857281,0 days 00:17:52,1,0,0,0,0,0,0,0,0
1,18,2,Regular Play,Croatia,3857281,0 days 00:18:02,0,0,0,0,0,0,1,0,0
1,18,6,Regular Play,Croatia,3857281,0 days 00:18:06,0,0,0,0,0,0,1,0,0
1,18,9,Regular Play,Croatia,3857281,0 days 00:18:09,0,0,0,0,0,0,1,0,0
1,18,12,Regular Play,Croatia,3857281,0 days 00:18:12,0,0,0,0,0,0,1,0,0
1,18,14,Regular Play,Croatia,3857281,0 days 00:18:14,0,0,0,0,0,0,1,0,0
1,18,15,Regular Play,Croatia,3857281,0 days 00:18:15,0,0,0,0,0,0,1,0,0
1,18,18,Regular Play,Croatia,3857281,0 days 00:18:18,0,0,0,0,0,0,1,0,0
1,18,23,Regular Play,Croatia,3857281,0 days 00:18:23,0,0,1,0,0,0,0,0,0
1,18,23,Regular Play,Canada,3857281,0 days 00:18:23,0,0,0,0,0,0,0,0,1
1,18,27,Regular Play,Canada,3857281,0 days 00:18:27,0,0,0,0,0,0,1,0,0
1,18,29,Regular Play,Canada,3857281,0 days 00:18:29,0,0,0,0,0,0,1,0,0
1,18,30,Regular Play,Canada,3857281,0 days 00:18:30,0,0,0,0,0,0,1,0,0
1,18,33,Regular Play,Canada,3857281,0 days 00:18:33,0,0,0,0,0,0,1,0,0
1,18,35,Regular Play,Croatia,3857281,0 days 00:18:35,0,1,0,0,0,0,0,0,0
1,19,2,From Corner,Canada,3857281,0 days 00:19:02,0,0,0,0,0,0,1,0,0
1,19,4,From Corner,Canada,3857281,0 days 00:19:04,0,0,0,0,0,0,1,0,0
1,19,6,From Corner,Canada,3857281,0 days 00:19:06,0,0,0,0,0,0,1,0,0
1,19,7,From Corner,Croatia,3857281,0 days 00:19:07,0,1,0,0,0,0,0,0,0
1,19,8,From Corner,Croatia,3857281,0 days 00:19:08,0,1,0,0,0,0,0,0,0
1,19,15,From Corner,Canada,3857281,0 days 00:19:15,1,0,0,0,0,0,0,0,0
1,19,18,From Corner,Canada,3857281,0 days 00:19:18,0,0,0,0,0,0,1,0,0
1,19,26,From Corner,Canada,3857281,0 days 00:19:26,0,0,0,0,0,0,1,0,0
1,19,30,From Corner,Canada,3857281,0 days 00:19:30,0,0,0,0,0,0,1,0,0
1,19,32,From Corner,Canada,3857281,0 days 00:19:32,0,0,0,0,0,0,1,0,0
1,19,34,From Corner,Canada,3857281,0 days 00:19:34,0,0,0,0,0,0,1,0,0
1,19,36,From Corner,Canada,3857281,0 days 00:19:36,0,0,0,0,0,0,1,0,0
1,19,40,From Corner,Canada,3857281,0 days 00:19:40,0,0,0,0,0,0,1,0,0
1,19,42,Regular Play,Croatia,3857281,0 days 00:19:42,0,0,0,0,0,0,1,0,0
1,19,45,Regular Play,Croatia,3857281,0 days 00:19:45,0,0,0,0,0,0,1,0,0
1,19,47,Regular Play,Croatia,3857281,0 days 00:19:47,0,0,0,0,0,0,1,0,0
1,19,50,Regular Play,Croatia,3857281,0 days 00:19:50,0,0,0,0,0,0,1,0,0
1,19,52,Regular Play,Canada,3857281,0 days 00:19:52,0,1,0,0,0,0,0,0,0
1,19,55,Regular Play,Croatia,3857281,0 days 00:19:55,0,1,0,0,0,0,0,0,0
1,19,57,Regular Play,Canada,3857281,0 days 00:19:57,1,0,0,0,0,0,0,0,0
1,20,3,Regular Play,Canada,3857281,0 days 00:20:03,0,0,0,0,0,0,1,0,0
1,20,4,Regular Play,Croatia,3857281,0 days 00:20:04,0,0,0,0,0,0,1,0,0
1,20,8,Regular Play,Croatia,3857281,0 days 00:20:08,0,0,0,1,0,0,0,0,0
1,20,16,Regular Play,Croatia,3857281,0 days 00:20:16,0,0,0,0,0,0,1,0,0
1,20,19,Regular Play,Croatia,3857281,0 days 00:20:19,0,0,0,0,0,0,1,0,0
1,20,22,Regular Play,Croatia,3857281,0 days 00:20:22,0,0,0,0,0,0,1,0,0
1,20,24,Regular Play,Croatia,3857281,0 days 00:20:24,0,0,0,0,0,0,1,0,0
1,20,28,Regular Play,Croatia,3857281,0 days 00:20:28,0,0,0,0,0,0,1,0,0
1,20,28,Regular Play,Canada,3857281,0 days 00:20:28,0,0,0,0,0,1,0,0,0
1,20,29,Regular Play,Croatia,3857281,0 days 00:20:29,0,0,0,0,0,0,1,0,0
1,20,33,Regular Play,Croatia,3857281,0 days 00:20:33,0,0,0,0,0,0,1,0,0
1,20,38,Regular Play,Croatia,3857281,0 days 00:20:38,0,0,0,0,0,0,1,0,0
1,20,40,Regular Play,Croatia,3857281,0 days 00:20:40,0,0,0,0,0,0,1,0,0
1,20,42,Regular Play,Croatia,3857281,0 days 00:20:42,0,0,0,0,0,0,1,0,0
1,20,47,Regular Play,Croatia,3857281,0 days 00:20:47,0,0,0,0,0,0,1,0,0
1,20,52,Regular Play,Croatia,3857281,0 days 00:20:52,0,0,0,0,0,0,1,0,0
1,20,55,Regular Play,Croatia,3857281,0 days 00:20:55,0,0,0,0,0,0,1,0,0
1,20,58,Regular Play,Croatia,3857281,0 days 00:20:58,0,0,0,0,0,0,1,0,0
1,21,2,Regular Play,Croatia,3857281,0 days 00:21:02,0,0,0,0,0,0,1,0,0
1,21,4,Regular Play,Croatia,3857281,0 days 00:21:04,0,0,0,0,0,0,1,0,0
1,21,5,Regular Play,Croatia,3857281,0 days 00:21:05,0,0,0,0,0,0,1,0,0
1,21,9,Regular Play,Croatia,3857281,0 days 00:21:09,0,0,0,0,0,0,1,0,0
1,21,15,Regular Play,Croatia,3857281,0 days 00:21:15,0,0,0,0,0,0,1,0,0
1,21,16,Regular Play,Canada,3857281,0 days 00:21:16,0,1,0,0,0,0,0,0,0
1,21,18,Regular Play,Canada,3857281,0 days 00:21:18,1,0,0,0,0,0,0,0,0
1,21,19,Regular Play,Canada,3857281,0 days 00:21:19,0,0,0,0,0,0,1,0,0
1,21,20,Regular Play,Croatia,3857281,0 days 00:21:20,0,0,0,0,0,0,1,0,0
1,21,22,Regular Play,Croatia,3857281,0 days 00:21:22,0,0,0,0,0,0,1,0,0
1,21,25,Regular Play,Croatia,3857281,0 days 00:21:25,0,0,0,0,0,0,1,0,0
1,21,30,Regular Play,Croatia,3857281,0 days 00:21:30,0,0,0,0,0,0,1,0,0
1,21,32,Regular Play,Croatia,3857281,0 days 00:21:32,0,0,0,0,0,0,0,1,0
1,21,49,From Keeper,Canada,3857281,0 days 00:21:49,0,0,0,0,0,0,1,0,0
1,21,53,From Keeper,Croatia,3857281,0 days 00:21:53,0,1,0,0,0,0,0,0,0
1,21,55,From Keeper,Canada,3857281,0 days 00:21:55,0,0,0,0,0,0,1,0,0
1,21,59,From Keeper,Canada,3857281,0 days 00:21:59,0,0,0,0,0,0,1,0,0
1,12,0,From Throw In,Wales,3857282,0 days 00:12:00,0,0,0,0,0,0,1,0,0
1,12,1,From Throw In,Wales,3857282,0 days 00:12:01,0,0,0,0,0,0,1,0,0
1,12,3,From Throw In,United States,3857282,0 days 00:12:03,0,0,0,0,1,0,0,0,0
1,13,38,From Free Kick,Wales,3857282,0 days 00:13:38,0,0,0,0,0,0,1,0,0
1,13,41,From Free Kick,Wales,3857282,0 days 00:13:41,0,0,0,0,0,0,1,0,0
1,13,43,From Free Kick,United States,3857282,0 days 00:13:43,0,1,0,0,0,0,0,0,0
1,13,45,From Free Kick,Wales,3857282,0 days 00:13:45,1,0,0,0,0,0,0,0,0
1,13,45,From Free Kick,Wales,3857282,0 days 00:13:45,0,0,0,0,0,0,0,1,0
1,14,21,From Goal Kick,United States,3857282,0 days 00:14:21,0,0,0,0,0,0,1,0,0
1,14,24,Regular Play,Wales,3857282,0 days 00:14:24,0,0,0,0,0,0,1,0,0
1,14,27,Regular Play,Wales,3857282,0 days 00:14:27,0,0,0,0,0,0,1,0,0
1,14,30,Regular Play,Wales,3857282,0 days 00:14:30,0,0,0,0,0,0,1,0,0
1,14,32,Regular Play,Wales,3857282,0 days 00:14:32,0,0,0,0,0,0,1,0,0
1,14,34,Regular Play,United States,3857282,0 days 00:14:34,0,0,0,0,0,1,0,0,0
1,14,34,Regular Play,United States,3857282,0 days 00:14:34,0,0,0,0,0,0,1,0,0
1,14,37,Regular Play,United States,3857282,0 days 00:14:37,0,0,0,0,0,0,1,0,0
1,14,40,Regular Play,United States,3857282,0 days 00:14:40,0,0,0,0,0,0,1,0,0
1,14,42,Regular Play,United States,3857282,0 days 00:14:42,0,0,0,0,0,0,1,0,0
1,14,49,Regular Play,United States,3857282,0 days 00:14:49,0,0,0,0,0,0,1,0,0
1,14,51,Regular Play,United States,3857282,0 days 00:14:51,0,0,0,0,0,0,1,0,0
1,14,54,Regular Play,United States,3857282,0 days 00:14:54,0,0,0,0,0,0,1,0,0
1,14,57,Regular Play,United States,3857282,0 days 00:14:57,0,0,0,0,0,0,1,0,0
1,15,1,Regular Play,United States,3857282,0 days 00:15:01,0,0,0,0,0,0,1,0,0
1,15,3,Regular Play,United States,3857282,0 days 00:15:03,0,0,1,0,0,0,0,0,0
1,15,3,Regular Play,Wales,3857282,0 days 00:15:03,0,0,0,0,0,0,0,0,1
1,15,3,Regular Play,United States,3857282,0 days 00:15:03,0,0,0,0,1,0,0,0,0
1,15,4,Regular Play,Wales,3857282,0 days 00:15:04,1,0,0,0,0,0,0,0,0
1,15,5,Regular Play,Wales,3857282,0 days 00:15:05,0,0,0,0,0,0,1,0,0
1,15,6,Regular Play,Wales,3857282,0 days 00:15:06,0,0,0,0,0,0,1,0,0
1,15,7,Regular Play,United States,3857282,0 days 00:15:07,1,0,0,0,0,0,0,0,0
1,15,9,Regular Play,United States,3857282,0 days 00:15:09,0,0,0,0,0,0,1,0,0
1,15,10,Regular Play,United States,3857282,0 days 00:15:10,0,0,0,0,0,0,1,0,0
1,15,13,Regular Play,United States,3857282,0 days 00:15:13,0,0,0,0,0,0,1,0,0
1,15,15,Regular Play,United States,3857282,0 days 00:15:15,0,0,0,0,0,0,1,0,0
1,15,19,Regular Play,United States,3857282,0 days 00:15:19,0,0,0,0,0,0,1,0,0
1,15,23,Regular Play,United States,3857282,0 days 00:15:23,0,0,0,0,0,0,1,0,0
1,15,27,Regular Play,United States,3857282,0 days 00:15:27,0,0,0,0,0,0,1,0,0
1,15,30,Regular Play,United States,3857282,0 days 00:15:30,0,0,0,0,0,0,1,0,0
1,15,33,Regular Play,United States,3857282,0 days 00:15:33,0,0,0,0,0,0,1,0,0
1,15,37,Regular Play,United States,3857282,0 days 00:15:37,0,0,0,0,0,0,1,0,0
1,15,39,Regular Play,United States,3857282,0 days 00:15:39,0,0,0,0,0,0,1,0,0
1,15,44,Regular Play,United States,3857282,0 days 00:15:44,0,0,0,0,0,0,1,0,0
1,15,46,Regular Play,Wales,3857282,0 days 00:15:46,0,0,0,0,0,0,1,0,0
1,15,49,Regular Play,Wales,3857282,0 days 00:15:49,0,0,0,0,0,0,1,0,0
1,15,52,Regular Play,Wales,3857282,0 days 00:15:52,0,0,0,0,0,0,1,0,0
1,15,55,Regular Play,Wales,3857282,0 days 00:15:55,0,0,0,0,0,0,1,0,0
1,15,58,Regular Play,Wales,3857282,0 days 00:15:58,0,0,0,0,0,0,1,0,0
1,16,3,Regular Play,Wales,3857282,0 days 00:16:03,0,0,0,0,0,0,1,0,0
1,16,9,Regular Play,Wales,3857282,0 days 00:16:09,0,0,0,0,0,0,1,0,0
1,16,10,Regular Play,United States,3857282,0 days 00:16:10,0,0,0,0,0,1,0,0,0
1,16,12,Regular Play,Wales,3857282,0 days 00:16:12,1,0,0,0,0,0,0,0,0
1,16,14,Regular Play,Wales,3857282,0 days 00:16:14,0,0,0,0,0,0,1,0,0
1,16,14,Regular Play,Wales,3857282,0 days 00:16:14,0,0,0,0,0,0,1,0,0
1,16,15,Regular Play,Wales,3857282,0 days 00:16:15,0,0,0,0,0,0,1,0,0
1,16,18,Regular Play,Wales,3857282,0 days 00:16:18,0,0,0,0,0,0,1,0,0
1,16,21,Regular Play,Wales,3857282,0 days 00:16:21,0,0,0,0,0,0,1,0,0
1,16,24,Regular Play,United States,3857282,0 days 00:16:24,1,0,0,0,0,0,0,0,0
1,16,38,From Throw In,Wales,3857282,0 days 00:16:38,0,0,0,0,0,0,1,0,0
1,16,41,From Throw In,Wales,3857282,0 days 00:16:41,0,0,0,0,0,0,1,0,0
1,16,45,From Throw In,Wales,3857282,0 days 00:16:45,0,0,0,0,0,0,1,0,0
1,16,46,From Throw In,United States,3857282,0 days 00:16:46,0,1,0,0,0,0,0,0,0
1,16,48,From Throw In,Wales,3857282,0 days 00:16:48,1,0,0,0,0,0,0,0,0
1,16,50,From Throw In,Wales,3857282,0 days 00:16:50,0,0,0,0,0,0,1,0,0
1,16,51,From Throw In,Wales,3857282,0 days 00:16:51,0,0,1,0,0,0,0,0,0
1,16,51,Regular Play,United States,3857282,0 days 00:16:51,0,0,0,0,0,0,0,0,1
1,16,53,Regular Play,United States,3857282,0 days 00:16:53,0,0,0,0,0,0,1,0,0
1,16,53,Regular Play,Wales,3857282,0 days 00:16:53,0,0,0,0,0,1,0,0,0
1,16,54,Regular Play,United States,3857282,0 days 00:16:54,1,0,0,0,0,0,0,0,0
1,16,56,Regular Play,United States,3857282,0 days 00:16:56,0,0,0,0,0,0,1,0,0
1,16,58,Regular Play,United States,3857282,0 days 00:16:58,0,0,0,0,0,0,1,0,0
1,17,1,Regular Play,United States,3857282,0 days 00:17:01,0,0,0,0,0,0,1,0,0
1,17,8,Regular Play,United States,3857282,0 days 00:17:08,0,0,0,0,0,0,1,0,0
1,17,9,Regular Play,United States,3857282,0 days 00:17:09,0,0,0,0,0,0,1,0,0
1,17,11,Regular Play,United States,3857282,0 days 00:17:11,0,0,0,0,0,0,1,0,0
1,17,12,Regular Play,United States,3857282,0 days 00:17:12,0,0,0,0,0,0,1,0,0
1,17,14,Regular Play,United States,3857282,0 days 00:17:14,0,0,0,0,0,0,1,0,0
1,17,17,Regular Play,United States,3857282,0 days 00:17:17,0,0,0,0,0,0,1,0,0
1,17,22,Regular Play,United States,3857282,0 days 00:17:22,0,0,0,0,0,0,1,0,0
1,17,25,Regular Play,United States,3857282,0 days 00:17:25,0,0,0,0,0,0,1,0,0
1,17,26,Regular Play,United States,3857282,0 days 00:17:26,0,0,0,0,0,0,1,0,0
1,17,29,Regular Play,Wales,3857282,0 days 00:17:29,0,0,0,0,0,0,1,0,0
1,17,32,Regular Play,United States,3857282,0 days 00:17:32,0,0,0,0,0,0,1,0,0
1,17,34,Regular Play,United States,3857282,0 days 00:17:34,0,0,0,0,0,0,1,0,0
1,17,37,Regular Play,United States,3857282,0 days 00:17:37,0,0,0,0,0,0,1,0,0
1,17,40,Regular Play,United States,3857282,0 days 00:17:40,0,0,0,0,0,0,1,0,0
1,17,41,Regular Play,United States,3857282,0 days 00:17:41,0,0,0,0,0,0,1,0,0
1,17,42,Regular Play,United States,3857282,0 days 00:17:42,0,0,0,0,0,0,1,0,0
1,17,48,Regular Play,United States,3857282,0 days 00:17:48,0,0,0,0,0,0,1,0,0
1,17,53,Regular Play,United States,3857282,0 days 00:17:53,0,0,0,0,0,0,1,0,0
1,17,54,Regular Play,United States,3857282,0 days 00:17:54,0,0,0,0,0,0,1,0,0
1,17,57,Regular Play,United States,3857282,0 days 00:17:57,0,0,0,0,0,0,1,0,0
1,17,59,Regular Play,United States,3857282,0 days 00:17:59,0,0,0,0,0,0,1,0,0
1,18,4,Regular Play,United States,3857282,0 days 00:18:04,0,0,0,0,0,0,1,0,0
1,18,9,Regular Play,United States,3857282,0 days 00:18:09,0,0,0,0,0,0,1,0,0
1,18,10,Regular Play,Wales,3857282,0 days 00:18:10,0,0,0,0,0,0,1,0,0
1,18,12,Regular Play,Wales,3857282,0 days 00:18:12,0,0,0,1,0,0,0,0,0
1,18,14,Regular Play,United States,3857282,0 days 00:18:14,1,0,0,0,0,0,0,0,0
1,18,14,Regular Play,United States,3857282,0 days 00:18:14,0,0,0,0,0,0,1,0,0
1,18,16,Regular Play,United States,3857282,0 days 00:18:16,0,0,0,0,0,0,1,0,0
1,18,18,Regular Play,United States,3857282,0 days 00:18:18,0,0,0,0,0,0,1,0,0
1,18,21,Regular Play,United States,3857282,0 days 00:18:21,0,0,0,0,0,0,1,0,0
1,18,26,Regular Play,Wales,3857282,0 days 00:18:26,0,1,0,0,0,0,0,0,0
1,18,57,From Goal Kick,Wales,3857282,0 days 00:18:57,0,0,0,0,0,0,1,0,0
1,18,59,From Goal Kick,Wales,3857282,0 days 00:18:59,0,0,0,0,0,0,1,0,0
1,19,3,From Goal Kick,Wales,3857282,0 days 00:19:03,0,0,0,0,0,0,1,0,0
1,19,6,From Goal Kick,Wales,3857282,0 days 00:19:06,0,0,0,0,0,0,1,0,0
1,19,7,From Goal Kick,Wales,3857282,0 days 00:19:07,0,0,0,0,0,0,1,0,0
1,19,26,From Goal Kick,Wales,3857282,0 days 00:19:26,0,0,0,0,0,0,1,0,0
1,19,31,Regular Play,United States,3857282,0 days 00:19:31,1,0,0,0,0,0,0,0,0
1,19,32,Regular Play,United States,3857282,0 days 00:19:32,0,0,0,0,0,0,1,0,0
1,19,35,Regular Play,United States,3857282,0 days 00:19:35,0,0,0,0,0,0,1,0,0
1,19,39,Regular Play,United States,3857282,0 days 00:19:39,0,0,0,0,0,0,1,0,0
1,19,48,Regular Play,United States,3857282,0 days 00:19:48,0,0,0,0,0,0,1,0,0
1,19,51,Regular Play,United States,3857282,0 days 00:19:51,0,0,0,0,0,0,1,0,0
1,19,57,Regular Play,United States,3857282,0 days 00:19:57,0,0,0,0,0,0,1,0,0
1,20,2,Regular Play,United States,3857282,0 days 00:20:02,0,0,0,0,0,0,1,0,0
1,20,3,Regular Play,Wales,3857282,0 days 00:20:03,0,0,0,0,0,1,0,0,0
1,20,6,Regular Play,Wales,3857282,0 days 00:20:06,0,0,0,0,0,0,1,0,0
1,20,7,Regular Play,Wales,3857282,0 days 00:20:07,0,0,0,0,0,0,1,0,0
1,20,8,Regular Play,Wales,3857282,0 days 00:20:08,0,0,0,0,0,0,1,0,0
1,20,10,Regular Play,Wales,3857282,0 days 00:20:10,0,0,0,0,0,0,1,0,0
1,20,13,Regular Play,Wales,3857282,0 days 00:20:13,0,0,0,0,0,0,1,0,0
1,20,24,Regular Play,Wales,3857282,0 days 00:20:24,0,0,0,0,0,0,1,0,0
1,20,27,Regular Play,United States,3857282,0 days 00:20:27,0,1,0,0,0,0,0,0,0
1,20,30,Regular Play,United States,3857282,0 days 00:20:30,1,0,0,0,0,0,0,0,0
1,20,33,Regular Play,United States,3857282,0 days 00:20:33,0,0,1,0,0,0,0,0,0
1,20,33,Regular Play,Wales,3857282,0 days 00:20:33,0,0,0,0,0,0,0,0,1
1,20,34,Regular Play,Wales,3857282,0 days 00:20:34,1,0,0,0,0,0,0,0,0
1,20,35,Regular Play,Wales,3857282,0 days 00:20:35,0,0,0,0,0,0,1,0,0
1,20,39,Regular Play,Wales,3857282,0 days 00:20:39,0,0,0,0,0,0,1,0,0
1,20,49,Regular Play,Wales,3857282,0 days 00:20:49,0,0,0,0,0,0,1,0,0
1,20,51,Regular Play,Wales,3857282,0 days 00:20:51,0,0,0,0,0,0,1,0,0
1,20,55,Regular Play,Wales,3857282,0 days 00:20:55,0,0,0,0,0,0,1,0,0
1,20,58,Regular Play,Wales,3857282,0 days 00:20:58,0,0,0,0,0,0,1,0,0
1,21,3,Regular Play,Wales,3857282,0 days 00:21:03,0,0,0,0,0,0,1,0,0
1,21,6,Regular Play,Wales,3857282,0 days 00:21:06,0,0,0,0,0,0,1,0,0
1,21,8,Regular Play,Wales,3857282,0 days 00:21:08,0,0,0,0,0,0,1,0,0
1,21,10,Regular Play,Wales,3857282,0 days 00:21:10,0,0,0,0,0,0,1,0,0
1,21,20,From Throw In,United States,3857282,0 days 00:21:20,0,0,0,0,0,0,1,0,0
1,21,25,From Throw In,United States,3857282,0 days 00:21:25,0,0,0,0,0,0,1,0,0
1,21,28,From Throw In,United States,3857282,0 days 00:21:28,0,0,0,0,0,0,1,0,0
1,21,33,From Throw In,United States,3857282,0 days 00:21:33,0,0,0,0,0,0,1,0,0
1,21,35,From Throw In,United States,3857282,0 days 00:21:35,0,0,0,0,0,0,1,0,0
1,21,39,From Throw In,United States,3857282,0 days 00:21:39,0,0,0,0,0,0,1,0,0
1,21,43,From Throw In,United States,3857282,0 days 00:21:43,0,0,0,0,0,0,1,0,0
1,21,47,From Throw In,United States,3857282,0 days 00:21:47,0,0,0,0,0,0,1,0,0
1,21,52,From Throw In,United States,3857282,0 days 00:21:52,0,0,0,0,0,0,1,0,0
1,21,53,From Throw In,United States,3857282,0 days 00:21:53,0,0,0,0,0,0,1,0,0
1,21,57,From Throw In,United States,3857282,0 days 00:21:57,0,0,0,0,0,0,1,0,0
1,12,14,From Corner,Belgium,3857283,0 days 00:12:14,0,0,0,0,0,0,1,0,0
1,12,16,From Corner,Belgium,3857283,0 days 00:12:16,0,0,0,0,0,0,1,0,0
1,12,17,From Corner,Belgium,3857283,0 days 00:12:17,0,0,0,0,0,0,1,0,0
1,12,20,From Corner,Belgium,3857283,0 days 00:12:20,0,0,0,0,0,0,1,0,0
1,12,22,From Corner,Morocco,3857283,0 days 00:12:22,0,1,0,0,0,0,0,0,0
1,12,52,From Corner,Belgium,3857283,0 days 00:12:52,0,0,0,0,0,0,1,0,0
1,12,54,From Corner,Morocco,3857283,0 days 00:12:54,0,1,0,0,0,0,0,0,0
1,12,56,From Corner,Belgium,3857283,0 days 00:12:56,1,0,0,0,0,0,0,0,0
1,12,57,From Corner,Belgium,3857283,0 days 00:12:57,0,0,0,0,0,0,1,0,0
1,13,16,From Throw In,Morocco,3857283,0 days 00:13:16,0,0,0,0,0,0,1,0,0
1,13,18,From Throw In,Morocco,3857283,0 days 00:13:18,0,0,0,0,0,0,1,0,0
1,13,19,From Throw In,Morocco,3857283,0 days 00:13:19,0,0,0,0,0,0,1,0,0
1,13,21,From Throw In,Morocco,3857283,0 days 00:13:21,0,0,0,0,0,0,1,0,0
1,13,22,From Throw In,Morocco,3857283,0 days 00:13:22,0,0,0,0,0,0,1,0,0
1,13,24,Regular Play,Belgium,3857283,0 days 00:13:24,0,0,0,0,0,0,1,0,0
1,13,26,Regular Play,Belgium,3857283,0 days 00:13:26,0,0,0,0,0,0,1,0,0
1,13,31,Regular Play,Belgium,3857283,0 days 00:13:31,0,0,0,0,0,0,1,0,0
1,13,34,Regular Play,Belgium,3857283,0 days 00:13:34,0,0,0,0,0,0,1,0,0
1,13,37,Regular Play,Belgium,3857283,0 days 00:13:37,0,0,0,0,0,0,1,0,0
1,13,38,Regular Play,Belgium,3857283,0 days 00:13:38,0,0,0,0,0,0,1,0,0
1,13,42,Regular Play,Belgium,3857283,0 days 00:13:42,0,0,0,0,0,0,1,0,0
1,13,45,Regular Play,Belgium,3857283,0 days 00:13:45,0,0,0,0,0,0,1,0,0
1,13,48,Regular Play,Belgium,3857283,0 days 00:13:48,0,0,0,0,0,0,1,0,0
1,13,52,Regular Play,Belgium,3857283,0 days 00:13:52,0,0,0,0,0,0,1,0,0
1,13,53,Regular Play,Belgium,3857283,0 days 00:13:53,0,0,0,0,0,0,1,0,0
1,13,56,Regular Play,Belgium,3857283,0 days 00:13:56,0,0,0,0,0,0,1,0,0
1,13,59,Regular Play,Belgium,3857283,0 days 00:13:59,0,0,0,0,0,0,1,0,0
1,14,3,Regular Play,Belgium,3857283,0 days 00:14:03,0,0,0,0,0,0,1,0,0
1,14,9,Regular Play,Belgium,3857283,0 days 00:14:09,0,0,0,0,0,0,1,0,0
1,14,13,Regular Play,Morocco,3857283,0 days 00:14:13,0,0,0,0,0,0,1,0,0
1,14,15,Regular Play,Morocco,3857283,0 days 00:14:15,0,0,0,0,0,0,1,0,0
1,14,16,Regular Play,Morocco,3857283,0 days 00:14:16,0,0,0,0,0,0,1,0,0
1,14,19,Regular Play,Morocco,3857283,0 days 00:14:19,0,0,0,0,0,0,1,0,0
1,14,24,Regular Play,Morocco,3857283,0 days 00:14:24,0,0,0,0,0,0,1,0,0
1,14,26,Regular Play,Morocco,3857283,0 days 00:14:26,0,0,0,0,0,0,1,0,0
1,14,31,Regular Play,Morocco,3857283,0 days 00:14:31,0,0,0,0,0,0,1,0,0
1,14,44,From Throw In,Morocco,3857283,0 days 00:14:44,0,0,0,0,0,0,1,0,0
1,14,45,Regular Play,Belgium,3857283,0 days 00:14:45,0,0,0,0,0,0,1,0,0
1,14,48,Regular Play,Belgium,3857283,0 days 00:14:48,0,0,1,0,0,0,0,0,0
1,14,48,Regular Play,Morocco,3857283,0 days 00:14:48,0,0,0,0,0,0,0,0,1
1,14,49,Regular Play,Belgium,3857283,0 days 00:14:49,1,0,0,0,0,0,0,0,0
1,14,51,Regular Play,Morocco,3857283,0 days 00:14:51,0,0,0,0,1,0,0,0,0
1,15,49,From Free Kick,Belgium,3857283,0 days 00:15:49,0,0,0,0,0,0,1,0,0
1,15,50,From Free Kick,Belgium,3857283,0 days 00:15:50,0,0,0,0,0,0,1,0,0
1,15,51,From Free Kick,Belgium,3857283,0 days 00:15:51,0,0,0,0,0,0,0,1,0
1,16,19,From Corner,Belgium,3857283,0 days 00:16:19,0,0,0,0,0,0,1,0,0
1,16,21,From Corner,Belgium,3857283,0 days 00:16:21,0,0,0,0,0,0,0,1,0
1,16,39,From Goal Kick,Morocco,3857283,0 days 00:16:39,0,0,0,0,0,0,1,0,0
1,16,42,From Goal Kick,Morocco,3857283,0 days 00:16:42,0,0,0,0,0,0,1,0,0
1,16,46,From Goal Kick,Morocco,3857283,0 days 00:16:46,0,0,0,0,0,0,1,0,0
1,16,49,From Goal Kick,Morocco,3857283,0 days 00:16:49,0,0,0,0,0,0,1,0,0
1,16,50,From Goal Kick,Morocco,3857283,0 days 00:16:50,0,0,0,1,0,0,0,0,0
1,16,50,Regular Play,Belgium,3857283,0 days 00:16:50,0,0,0,0,0,0,0,0,1
1,16,52,Regular Play,Belgium,3857283,0 days 00:16:52,0,0,0,0,0,0,1,0,0
1,16,55,Regular Play,Belgium,3857283,0 days 00:16:55,0,0,0,0,0,0,1,0,0
1,16,58,Regular Play,Belgium,3857283,0 days 00:16:58,0,0,0,0,0,0,1,0,0
1,17,5,Regular Play,Belgium,3857283,0 days 00:17:05,0,0,0,0,0,0,1,0,0
1,17,9,Regular Play,Belgium,3857283,0 days 00:17:09,0,0,0,0,0,0,1,0,0
1,17,12,Regular Play,Belgium,3857283,0 days 00:17:12,0,0,0,0,0,0,1,0,0
1,17,14,Regular Play,Belgium,3857283,0 days 00:17:14,0,0,0,0,0,0,1,0,0
1,17,16,Regular Play,Belgium,3857283,0 days 00:17:16,0,0,0,0,0,0,1,0,0
1,17,20,Regular Play,Belgium,3857283,0 days 00:17:20,0,0,0,0,0,0,1,0,0
1,17,24,Regular Play,Belgium,3857283,0 days 00:17:24,0,0,0,0,0,0,1,0,0
1,17,29,Regular Play,Belgium,3857283,0 days 00:17:29,0,0,0,0,0,0,1,0,0
1,17,33,Regular Play,Belgium,3857283,0 days 00:17:33,0,0,0,0,0,0,1,0,0
1,17,36,Regular Play,Belgium,3857283,0 days 00:17:36,0,0,0,0,0,0,1,0,0
1,17,52,From Throw In,Belgium,3857283,0 days 00:17:52,0,0,0,0,0,0,1,0,0
1,17,56,From Throw In,Belgium,3857283,0 days 00:17:56,0,0,0,0,0,0,1,0,0
1,17,58,From Throw In,Belgium,3857283,0 days 00:17:58,0,0,0,0,0,0,1,0,0
1,18,0,From Throw In,Belgium,3857283,0 days 00:18:00,0,0,0,0,0,0,1,0,0
1,18,3,From Throw In,Belgium,3857283,0 days 00:18:03,0,0,0,0,0,0,1,0,0
1,18,5,From Throw In,Belgium,3857283,0 days 00:18:05,0,0,0,0,0,0,1,0,0
1,18,8,From Throw In,Belgium,3857283,0 days 00:18:08,0,0,0,0,0,0,1,0,0
1,18,13,From Throw In,Belgium,3857283,0 days 00:18:13,0,0,0,0,0,0,1,0,0
1,18,15,From Throw In,Belgium,3857283,0 days 00:18:15,0,0,0,0,0,0,1,0,0
1,18,16,From Throw In,Belgium,3857283,0 days 00:18:16,0,0,0,0,0,0,1,0,0
1,18,17,From Throw In,Morocco,3857283,0 days 00:18:17,1,0,0,0,0,0,0,0,0
1,18,17,From Throw In,Morocco,3857283,0 days 00:18:17,0,0,1,0,0,0,0,0,0
1,18,17,From Throw In,Belgium,3857283,0 days 00:18:17,0,0,0,0,0,0,0,0,1
1,18,19,From Throw In,Belgium,3857283,0 days 00:18:19,1,0,0,0,0,0,0,0,0
1,18,22,From Throw In,Belgium,3857283,0 days 00:18:22,0,0,0,0,0,0,1,0,0
1,18,23,From Throw In,Morocco,3857283,0 days 00:18:23,1,0,0,0,0,0,0,0,0
1,18,25,From Throw In,Morocco,3857283,0 days 00:18:25,0,0,1,0,0,0,0,0,0
1,18,25,From Throw In,Belgium,3857283,0 days 00:18:25,0,0,0,0,0,0,0,0,1
1,18,25,From Throw In,Belgium,3857283,0 days 00:18:25,1,0,0,0,0,0,0,0,0
1,18,25,From Throw In,Belgium,3857283,0 days 00:18:25,0,0,0,1,0,0,0,0,0
1,18,26,From Throw In,Belgium,3857283,0 days 00:18:26,0,0,0,0,0,0,0,1,0
1,18,30,From Keeper,Morocco,3857283,0 days 00:18:30,0,0,0,0,0,0,1,0,0
1,18,41,From Keeper,Belgium,3857283,0 days 00:18:41,0,0,0,0,1,0,0,0,0
1,19,13,From Free Kick,Morocco,3857283,0 days 00:19:13,0,0,0,0,0,0,1,0,0
1,19,18,From Free Kick,Morocco,3857283,0 days 00:19:18,0,0,0,1,0,0,0,0,0
1,19,18,Regular Play,Belgium,3857283,0 days 00:19:18,0,0,0,0,0,0,0,0,1
1,19,20,Regular Play,Belgium,3857283,0 days 00:19:20,0,0,0,0,0,0,1,0,0
1,19,22,Regular Play,Belgium,3857283,0 days 00:19:22,1,0,0,0,0,0,0,0,0
1,19,27,Regular Play,Belgium,3857283,0 days 00:19:27,0,0,0,0,0,0,1,0,0
1,19,30,Regular Play,Belgium,3857283,0 days 00:19:30,0,0,0,0,0,0,1,0,0
1,19,35,Regular Play,Belgium,3857283,0 days 00:19:35,0,0,0,0,0,0,1,0,0
1,19,39,Regular Play,Belgium,3857283,0 days 00:19:39,0,0,0,0,0,0,1,0,0
1,19,41,Regular Play,Belgium,3857283,0 days 00:19:41,0,0,0,0,0,0,1,0,0
1,19,42,Regular Play,Belgium,3857283,0 days 00:19:42,0,0,0,1,0,0,0,0,0
1,19,44,Regular Play,Belgium,3857283,0 days 00:19:44,0,0,1,0,0,0,0,0,0
1,19,44,Regular Play,Morocco,3857283,0 days 00:19:44,0,0,0,0,0,0,0,0,1
1,19,46,Regular Play,Morocco,3857283,0 days 00:19:46,0,0,0,0,0,0,1,0,0
1,19,48,Regular Play,Morocco,3857283,0 days 00:19:48,0,0,0,0,0,0,1,0,0
1,19,51,Regular Play,Morocco,3857283,0 days 00:19:51,0,0,0,0,0,0,1,0,0
1,19,54,Regular Play,Morocco,3857283,0 days 00:19:54,0,0,0,0,0,0,1,0,0
1,19,57,Regular Play,Morocco,3857283,0 days 00:19:57,0,0,0,0,0,0,1,0,0
1,20,0,Regular Play,Belgium,3857283,0 days 00:20:00,0,0,0,0,0,1,0,0,0
1,20,13,From Throw In,Morocco,3857283,0 days 00:20:13,0,0,0,0,0,0,1,0,0
1,20,18,From Throw In,Morocco,3857283,0 days 00:20:18,0,0,0,0,0,0,1,0,0
1,20,20,From Throw In,Morocco,3857283,0 days 00:20:20,0,0,0,0,0,0,1,0,0
1,20,21,From Throw In,Morocco,3857283,0 days 00:20:21,0,0,0,0,0,0,1,0,0
1,20,23,From Throw In,Morocco,3857283,0 days 00:20:23,0,0,0,0,0,0,1,0,0
1,20,26,From Throw In,Morocco,3857283,0 days 00:20:26,0,0,0,0,0,0,0,1,0
1,20,41,From Goal Kick,Belgium,3857283,0 days 00:20:41,0,0,0,0,0,0,1,0,0
1,20,46,From Goal Kick,Belgium,3857283,0 days 00:20:46,0,0,0,0,0,0,1,0,0
1,20,47,From Goal Kick,Belgium,3857283,0 days 00:20:47,0,0,0,0,0,0,1,0,0
1,20,48,From Goal Kick,Belgium,3857283,0 days 00:20:48,0,0,0,0,0,0,1,0,0
1,20,52,From Goal Kick,Belgium,3857283,0 days 00:20:52,0,0,0,0,0,0,1,0,0
1,20,54,From Goal Kick,Belgium,3857283,0 days 00:20:54,0,0,0,0,0,0,1,0,0
1,20,57,From Goal Kick,Belgium,3857283,0 days 00:20:57,0,0,0,0,0,0,1,0,0
1,21,0,From Goal Kick,Belgium,3857283,0 days 00:21:00,0,0,0,0,0,0,1,0,0
1,21,4,From Goal Kick,Belgium,3857283,0 days 00:21:04,0,0,0,0,0,0,1,0,0
1,21,7,From Goal Kick,Belgium,3857283,0 days 00:21:07,0,0,0,0,0,0,1,0,0
1,21,10,From Goal Kick,Morocco,3857283,0 days 00:21:10,0,0,0,0,0,0,1,0,0
1,21,12,From Goal Kick,Morocco,3857283,0 days 00:21:12,0,0,0,0,0,0,1,0,0
1,21,13,From Goal Kick,Belgium,3857283,0 days 00:21:13,0,0,0,0,0,0,1,0,0
1,21,15,From Goal Kick,Belgium,3857283,0 days 00:21:15,0,0,0,0,0,0,1,0,0
1,21,18,From Goal Kick,Belgium,3857283,0 days 00:21:18,0,0,0,0,0,0,1,0,0
1,21,20,From Goal Kick,Belgium,3857283,0 days 00:21:20,0,0,0,0,0,0,1,0,0
1,21,22,From Goal Kick,Belgium,3857283,0 days 00:21:22,0,0,0,0,0,0,1,0,0
1,21,34,From Free Kick,Morocco,3857283,0 days 00:21:34,0,0,0,0,0,0,1,0,0
1,21,38,From Free Kick,Morocco,3857283,0 days 00:21:38,0,0,0,0,0,0,1,0,0
1,21,41,From Free Kick,Morocco,3857283,0 days 00:21:41,0,0,0,0,0,0,1,0,0
1,21,43,From Free Kick,Morocco,3857283,0 days 00:21:43,0,0,0,0,0,0,1,0,0
1,21,46,From Free Kick,Morocco,3857283,0 days 00:21:46,0,0,0,0,0,0,1,0,0
1,21,48,From Free Kick,Belgium,3857283,0 days 00:21:48,0,0,0,0,1,0,0,0,0
1,12,2,From Throw In,Germany,3857284,0 days 00:12:02,0,0,0,0,0,0,1,0,0
1,12,4,From Throw In,Germany,3857284,0 days 00:12:04,0,0,0,0,0,0,1,0,0
1,12,5,From Throw In,Germany,3857284,0 days 00:12:05,0,0,0,0,0,0,1,0,0
1,12,7,From Throw In,Germany,3857284,0 days 00:12:07,0,0,0,1,0,0,0,0,0
1,12,7,From Throw In,Japan,3857284,0 days 00:12:07,0,0,0,0,0,0,0,0,1
1,12,9,From Throw In,Germany,3857284,0 days 00:12:09,0,0,0,0,0,0,1,0,0
1,12,9,From Throw In,Germany,3857284,0 days 00:12:09,0,0,0,0,0,0,1,0,0
1,12,10,From Throw In,Japan,3857284,0 days 00:12:10,0,1,0,0,0,0,0,0,0
1,12,14,From Throw In,Germany,3857284,0 days 00:12:14,1,0,0,0,0,0,0,0,0
1,12,16,From Throw In,Germany,3857284,0 days 00:12:16,0,0,0,0,0,0,1,0,0
1,12,20,From Throw In,Germany,3857284,0 days 00:12:20,0,0,0,0,0,0,1,0,0
1,12,23,From Throw In,Germany,3857284,0 days 00:12:23,0,0,0,0,0,0,1,0,0
1,12,27,From Throw In,Germany,3857284,0 days 00:12:27,0,0,0,0,0,0,1,0,0
1,12,29,From Throw In,Germany,3857284,0 days 00:12:29,0,0,0,0,0,0,1,0,0
1,12,31,From Throw In,Germany,3857284,0 days 00:12:31,0,0,0,0,0,0,1,0,0
1,12,34,From Throw In,Japan,3857284,0 days 00:12:34,0,0,0,0,0,0,1,0,0
1,12,37,From Throw In,Japan,3857284,0 days 00:12:37,0,0,0,0,0,0,1,0,0
1,12,42,From Throw In,Germany,3857284,0 days 00:12:42,1,0,0,0,0,0,0,0,0
1,12,43,From Throw In,Germany,3857284,0 days 00:12:43,0,0,0,0,0,0,1,0,0
1,12,48,From Throw In,Germany,3857284,0 days 00:12:48,0,0,0,0,0,0,1,0,0
1,12,50,From Throw In,Germany,3857284,0 days 00:12:50,0,0,0,0,0,0,1,0,0
1,12,54,From Throw In,Germany,3857284,0 days 00:12:54,0,0,0,0,0,0,1,0,0
1,12,56,From Throw In,Germany,3857284,0 days 00:12:56,0,0,0,0,0,0,1,0,0
1,12,58,From Throw In,Germany,3857284,0 days 00:12:58,0,0,0,0,0,0,1,0,0
1,13,1,From Throw In,Germany,3857284,0 days 00:13:01,0,0,0,0,0,0,1,0,0
1,13,6,From Throw In,Germany,3857284,0 days 00:13:06,0,0,0,0,0,0,1,0,0
1,13,7,From Throw In,Germany,3857284,0 days 00:13:07,0,0,0,0,0,0,1,0,0
1,13,9,From Throw In,Germany,3857284,0 days 00:13:09,0,0,0,0,0,0,1,0,0
1,13,15,From Throw In,Germany,3857284,0 days 00:13:15,0,0,0,0,0,0,1,0,0
1,13,15,From Throw In,Germany,3857284,0 days 00:13:15,0,0,0,0,0,0,1,0,0
1,13,16,From Throw In,Germany,3857284,0 days 00:13:16,0,0,0,0,0,0,1,0,0
1,13,18,From Throw In,Germany,3857284,0 days 00:13:18,0,0,0,0,0,0,0,1,0
1,13,25,From Throw In,Germany,3857284,0 days 00:13:25,0,0,0,0,0,0,1,0,0
1,13,28,From Throw In,Germany,3857284,0 days 00:13:28,0,0,0,0,0,0,1,0,0
1,13,36,From Throw In,Germany,3857284,0 days 00:13:36,0,0,0,0,0,0,1,0,0
1,13,39,From Throw In,Germany,3857284,0 days 00:13:39,0,0,0,0,0,0,1,0,0
1,13,41,From Throw In,Germany,3857284,0 days 00:13:41,0,0,0,0,0,0,1,0,0
1,13,43,From Throw In,Germany,3857284,0 days 00:13:43,0,0,0,0,0,0,1,0,0
1,13,44,From Throw In,Germany,3857284,0 days 00:13:44,0,0,0,0,0,0,1,0,0
1,13,48,From Throw In,Germany,3857284,0 days 00:13:48,0,0,0,0,0,0,1,0,0
1,13,50,From Throw In,Germany,3857284,0 days 00:13:50,0,0,0,0,0,0,1,0,0
1,13,51,From Throw In,Germany,3857284,0 days 00:13:51,0,0,0,0,0,0,1,0,0
1,13,53,From Throw In,Japan,3857284,0 days 00:13:53,0,0,0,0,0,0,1,0,0
1,13,55,From Throw In,Germany,3857284,0 days 00:13:55,1,0,0,0,0,0,0,0,0
1,13,57,From Throw In,Germany,3857284,0 days 00:13:57,0,0,0,0,0,0,1,0,0
1,14,0,From Throw In,Germany,3857284,0 days 00:14:00,0,0,0,0,0,0,1,0,0
1,14,7,From Throw In,Germany,3857284,0 days 00:14:07,0,0,0,0,0,0,1,0,0
1,14,10,From Throw In,Germany,3857284,0 days 00:14:10,0,0,0,0,0,0,1,0,0
1,14,13,From Throw In,Germany,3857284,0 days 00:14:13,0,0,0,0,0,0,1,0,0
1,14,15,From Throw In,Germany,3857284,0 days 00:14:15,0,0,0,0,0,0,1,0,0
1,14,18,From Throw In,Germany,3857284,0 days 00:14:18,0,0,0,0,0,0,1,0,0
1,14,24,From Throw In,Germany,3857284,0 days 00:14:24,0,0,0,0,0,0,1,0,0
1,14,26,From Throw In,Germany,3857284,0 days 00:14:26,0,0,0,0,0,0,1,0,0
1,14,27,From Throw In,Germany,3857284,0 days 00:14:27,0,0,0,0,0,0,1,0,0
1,14,30,From Throw In,Germany,3857284,0 days 00:14:30,0,0,0,0,0,0,1,0,0
1,14,35,From Throw In,Japan,3857284,0 days 00:14:35,0,1,0,0,0,0,0,0,0
1,15,4,From Throw In,Germany,3857284,0 days 00:15:04,0,0,0,0,0,0,1,0,0
1,15,6,From Throw In,Germany,3857284,0 days 00:15:06,0,0,0,0,0,0,1,0,0
1,15,57,From Corner,Germany,3857284,0 days 00:15:57,0,0,0,0,0,0,1,0,0
1,15,59,From Corner,Germany,3857284,0 days 00:15:59,0,0,0,0,0,0,0,1,0
1,16,24,From Goal Kick,Japan,3857284,0 days 00:16:24,0,0,0,0,0,0,1,0,0
1,16,28,From Goal Kick,Japan,3857284,0 days 00:16:28,0,0,0,1,0,0,0,0,0
1,16,32,From Goal Kick,Japan,3857284,0 days 00:16:32,0,0,0,0,0,0,1,0,0
1,16,36,From Goal Kick,Japan,3857284,0 days 00:16:36,0,0,0,0,0,0,1,0,0
1,16,38,Regular Play,Germany,3857284,0 days 00:16:38,0,0,0,0,0,0,1,0,0
1,16,40,Regular Play,Germany,3857284,0 days 00:16:40,0,0,0,0,0,0,1,0,0
1,16,43,Regular Play,Germany,3857284,0 days 00:16:43,0,0,0,0,0,0,1,0,0
1,16,44,Regular Play,Japan,3857284,0 days 00:16:44,0,0,0,0,0,0,1,0,0
1,16,46,Regular Play,Germany,3857284,0 days 00:16:46,0,0,0,0,0,0,1,0,0
1,16,49,Regular Play,Germany,3857284,0 days 00:16:49,0,0,1,0,0,0,0,0,0
1,16,49,Regular Play,Japan,3857284,0 days 00:16:49,0,0,0,0,0,0,0,0,1
1,16,49,Regular Play,Germany,3857284,0 days 00:16:49,1,0,0,0,0,0,0,0,0
1,16,50,Regular Play,Japan,3857284,0 days 00:16:50,1,0,0,0,0,0,0,0,0
1,16,51,Regular Play,Japan,3857284,0 days 00:16:51,0,0,0,0,0,0,1,0,0
1,16,53,Regular Play,Japan,3857284,0 days 00:16:53,0,0,0,0,0,0,1,0,0
1,16,57,Regular Play,Japan,3857284,0 days 00:16:57,0,0,0,0,0,0,1,0,0
1,16,59,Regular Play,Japan,3857284,0 days 00:16:59,0,0,0,0,0,0,1,0,0
1,17,1,Regular Play,Japan,3857284,0 days 00:17:01,0,0,0,0,0,0,1,0,0
1,17,4,Regular Play,Japan,3857284,0 days 00:17:04,0,0,0,0,0,0,1,0,0
1,17,5,Regular Play,Japan,3857284,0 days 00:17:05,0,0,0,0,0,0,1,0,0
1,17,6,Regular Play,Germany,3857284,0 days 00:17:06,0,0,0,0,0,0,1,0,0
1,17,12,Regular Play,Germany,3857284,0 days 00:17:12,0,0,0,0,0,0,1,0,0
1,17,18,Regular Play,Germany,3857284,0 days 00:17:18,0,0,0,0,0,0,1,0,0
1,17,20,Regular Play,Germany,3857284,0 days 00:17:20,0,0,0,0,0,0,1,0,0
1,17,24,Regular Play,Germany,3857284,0 days 00:17:24,0,0,0,0,0,0,1,0,0
1,17,28,Regular Play,Germany,3857284,0 days 00:17:28,0,0,0,0,0,0,1,0,0
1,17,29,Regular Play,Germany,3857284,0 days 00:17:29,0,0,0,0,0,0,1,0,0
1,17,32,Regular Play,Germany,3857284,0 days 00:17:32,0,0,0,0,0,0,1,0,0
1,17,36,Regular Play,Germany,3857284,0 days 00:17:36,0,0,0,0,0,0,1,0,0
1,17,40,Regular Play,Germany,3857284,0 days 00:17:40,0,0,0,0,0,0,1,0,0
1,17,42,Regular Play,Germany,3857284,0 days 00:17:42,0,0,0,0,0,0,1,0,0
1,17,48,Regular Play,Germany,3857284,0 days 00:17:48,0,0,0,0,0,0,1,0,0
1,17,53,Regular Play,Germany,3857284,0 days 00:17:53,0,0,0,0,0,0,1,0,0
1,17,56,Regular Play,Germany,3857284,0 days 00:17:56,0,0,0,0,0,0,1,0,0
1,18,0,Regular Play,Germany,3857284,0 days 00:18:00,0,0,0,0,0,0,1,0,0
1,18,5,Regular Play,Japan,3857284,0 days 00:18:05,0,0,0,0,1,0,0,0,0
1,18,16,From Free Kick,Germany,3857284,0 days 00:18:16,0,0,0,0,0,0,1,0,0
1,18,19,From Free Kick,Germany,3857284,0 days 00:18:19,0,0,0,0,0,0,1,0,0
1,18,24,From Free Kick,Germany,3857284,0 days 00:18:24,0,0,0,0,0,0,1,0,0
1,18,27,From Free Kick,Germany,3857284,0 days 00:18:27,0,0,0,0,0,0,1,0,0
1,18,30,From Free Kick,Germany,3857284,0 days 00:18:30,0,0,0,0,0,0,1,0,0
1,18,31,From Free Kick,Japan,3857284,0 days 00:18:31,0,1,0,0,0,0,0,0,0
1,18,34,From Free Kick,Germany,3857284,0 days 00:18:34,0,0,0,0,0,0,1,0,0
1,18,36,From Free Kick,Germany,3857284,0 days 00:18:36,0,0,0,0,1,0,0,0,0
1,19,13,From Free Kick,Japan,3857284,0 days 00:19:13,0,0,0,0,0,0,1,0,0
1,19,16,Regular Play,Germany,3857284,0 days 00:19:16,0,0,0,0,0,0,1,0,0
1,19,20,Regular Play,Germany,3857284,0 days 00:19:20,0,0,0,0,0,0,1,0,0
1,19,22,Regular Play,Germany,3857284,0 days 00:19:22,0,0,0,0,0,0,1,0,0
1,19,25,Regular Play,Germany,3857284,0 days 00:19:25,0,0,0,0,0,0,1,0,0
1,19,27,Regular Play,Germany,3857284,0 days 00:19:27,0,0,0,0,0,0,1,0,0
1,19,31,Regular Play,Germany,3857284,0 days 00:19:31,0,0,0,0,0,0,1,0,0
1,19,35,Regular Play,Germany,3857284,0 days 00:19:35,0,0,0,0,0,0,1,0,0
1,19,38,Regular Play,Germany,3857284,0 days 00:19:38,0,0,0,0,0,0,1,0,0
1,19,40,Regular Play,Germany,3857284,0 days 00:19:40,0,0,0,0,0,0,1,0,0
1,19,41,Regular Play,Germany,3857284,0 days 00:19:41,0,0,0,0,0,0,1,0,0
1,19,43,Regular Play,Germany,3857284,0 days 00:19:43,0,0,0,0,0,0,1,0,0
1,19,45,Regular Play,Germany,3857284,0 days 00:19:45,0,0,0,0,0,0,1,0,0
1,19,46,Regular Play,Germany,3857284,0 days 00:19:46,0,0,0,0,0,0,1,0,0
1,19,48,Regular Play,Germany,3857284,0 days 00:19:48,0,0,1,0,0,0,0,0,0
1,19,48,Regular Play,Japan,3857284,0 days 00:19:48,0,0,0,0,0,0,0,0,1
1,19,49,Regular Play,Germany,3857284,0 days 00:19:49,1,0,0,0,0,0,0,0,0
1,19,49,Regular Play,Germany,3857284,0 days 00:19:49,0,0,0,0,0,0,0,1,0
1,20,39,From Free Kick,Japan,3857284,0 days 00:20:39,0,0,0,0,0,0,1,0,0
1,20,40,From Free Kick,Japan,3857284,0 days 00:20:40,0,0,0,0,0,0,1,0,0
1,20,43,From Free Kick,Japan,3857284,0 days 00:20:43,0,0,0,0,0,0,1,0,0
1,20,45,From Free Kick,Japan,3857284,0 days 00:20:45,0,0,0,0,0,0,1,0,0
1,20,47,From Free Kick,Japan,3857284,0 days 00:20:47,0,0,0,0,0,0,1,0,0
1,20,49,From Free Kick,Japan,3857284,0 days 00:20:49,0,0,0,0,0,0,1,0,0
1,20,50,Regular Play,Germany,3857284,0 days 00:20:50,1,0,0,0,0,0,0,0,0
1,20,52,Regular Play,Germany,3857284,0 days 00:20:52,0,0,0,0,0,0,1,0,0
1,20,54,Regular Play,Germany,3857284,0 days 00:20:54,0,0,0,0,0,0,1,0,0
1,20,56,Regular Play,Germany,3857284,0 days 00:20:56,0,0,1,0,0,0,0,0,0
1,20,56,Regular Play,Japan,3857284,0 days 00:20:56,0,0,0,0,0,0,0,0,1
1,20,58,Regular Play,Japan,3857284,0 days 00:20:58,0,0,0,0,0,0,1,0,0
1,21,40,From Corner,Japan,3857284,0 days 00:21:40,0,0,0,0,0,0,1,0,0
1,21,43,From Corner,Japan,3857284,0 days 00:21:43,0,0,0,0,0,0,1,0,0
1,21,45,From Corner,Japan,3857284,0 days 00:21:45,0,0,0,0,0,0,1,0,0
1,12,3,From Throw In,Netherlands,3857285,0 days 00:12:03,0,0,0,0,0,0,1,0,0
1,12,4,Regular Play,Senegal,3857285,0 days 00:12:04,0,0,0,0,0,0,1,0,0
1,12,6,Regular Play,Senegal,3857285,0 days 00:12:06,0,0,1,0,0,0,0,0,0
1,12,6,Regular Play,Netherlands,3857285,0 days 00:12:06,0,0,0,0,0,0,0,0,1
1,12,7,Regular Play,Netherlands,3857285,0 days 00:12:07,0,0,0,0,0,0,1,0,0
1,12,8,Regular Play,Senegal,3857285,0 days 00:12:08,1,0,0,0,0,0,0,0,0
1,12,9,Regular Play,Senegal,3857285,0 days 00:12:09,0,0,0,0,0,0,1,0,0
1,12,13,Regular Play,Netherlands,3857285,0 days 00:12:13,0,1,0,0,0,0,0,0,0
1,12,16,Regular Play,Senegal,3857285,0 days 00:12:16,1,0,0,0,0,0,0,0,0
1,12,19,Regular Play,Senegal,3857285,0 days 00:12:19,0,0,0,0,0,0,1,0,0
1,12,23,Regular Play,Senegal,3857285,0 days 00:12:23,0,0,0,0,0,0,1,0,0
1,12,26,Regular Play,Senegal,3857285,0 days 00:12:26,0,0,0,0,0,0,1,0,0
1,12,30,Regular Play,Netherlands,3857285,0 days 00:12:30,1,0,0,0,0,0,0,0,0
1,12,35,Regular Play,Netherlands,3857285,0 days 00:12:35,0,0,1,0,0,0,0,0,0
1,12,35,Regular Play,Senegal,3857285,0 days 00:12:35,0,0,0,0,0,0,0,0,1
1,12,44,From Throw In,Netherlands,3857285,0 days 00:12:44,0,0,0,0,0,0,1,0,0
1,12,46,From Counter,Senegal,3857285,0 days 00:12:46,0,0,0,0,0,0,1,0,0
1,12,50,From Counter,Senegal,3857285,0 days 00:12:50,0,0,0,0,0,0,1,0,0
1,13,11,From Free Kick,Netherlands,3857285,0 days 00:13:11,0,0,0,0,0,0,1,0,0
1,13,13,From Free Kick,Netherlands,3857285,0 days 00:13:13,0,0,0,0,0,0,1,0,0
1,13,27,From Free Kick,Netherlands,3857285,0 days 00:13:27,0,0,0,0,0,0,1,0,0
1,13,28,Regular Play,Senegal,3857285,0 days 00:13:28,0,0,0,0,0,0,1,0,0
1,13,29,Regular Play,Senegal,3857285,0 days 00:13:29,0,0,0,0,0,0,1,0,0
1,13,31,Regular Play,Senegal,3857285,0 days 00:13:31,0,0,0,0,0,0,1,0,0
1,13,35,Regular Play,Senegal,3857285,0 days 00:13:35,0,0,0,0,0,0,1,0,0
1,13,38,Regular Play,Senegal,3857285,0 days 00:13:38,0,0,0,0,0,0,1,0,0
1,14,3,From Goal Kick,Netherlands,3857285,0 days 00:14:03,0,0,0,0,0,0,1,0,0
1,14,12,From Goal Kick,Netherlands,3857285,0 days 00:14:12,0,0,0,0,0,0,1,0,0
1,14,16,From Goal Kick,Netherlands,3857285,0 days 00:14:16,0,0,0,0,0,0,1,0,0
1,14,18,From Goal Kick,Netherlands,3857285,0 days 00:14:18,0,0,0,0,0,0,1,0,0
1,14,21,From Goal Kick,Netherlands,3857285,0 days 00:14:21,0,0,0,0,0,0,1,0,0
1,14,25,From Goal Kick,Netherlands,3857285,0 days 00:14:25,0,0,0,0,0,0,1,0,0
1,14,29,From Goal Kick,Netherlands,3857285,0 days 00:14:29,0,0,0,0,0,0,1,0,0
1,14,33,From Goal Kick,Netherlands,3857285,0 days 00:14:33,0,0,0,0,0,0,1,0,0
1,14,37,From Goal Kick,Netherlands,3857285,0 days 00:14:37,0,0,0,0,0,0,1,0,0
1,14,39,From Goal Kick,Netherlands,3857285,0 days 00:14:39,0,0,0,0,0,0,1,0,0
1,14,44,From Goal Kick,Netherlands,3857285,0 days 00:14:44,0,0,0,0,0,0,1,0,0
1,14,46,Regular Play,Senegal,3857285,0 days 00:14:46,1,0,0,0,0,0,0,0,0
1,14,47,Regular Play,Netherlands,3857285,0 days 00:14:47,0,0,0,0,1,0,0,0,0
1,15,9,From Free Kick,Senegal,3857285,0 days 00:15:09,0,0,0,0,0,0,1,0,0
1,15,12,From Free Kick,Senegal,3857285,0 days 00:15:12,0,0,0,0,0,0,1,0,0
1,15,16,From Free Kick,Senegal,3857285,0 days 00:15:16,0,0,0,0,0,0,1,0,0
1,15,19,From Free Kick,Senegal,3857285,0 days 00:15:19,0,0,1,0,0,0,0,0,0
1,15,19,Regular Play,Netherlands,3857285,0 days 00:15:19,0,0,0,0,0,0,0,0,1
1,15,21,Regular Play,Netherlands,3857285,0 days 00:15:21,1,0,0,0,0,0,0,0,0
1,15,26,Regular Play,Netherlands,3857285,0 days 00:15:26,0,0,0,0,0,0,1,0,0
1,15,27,Regular Play,Netherlands,3857285,0 days 00:15:27,0,0,0,0,0,0,1,0,0
1,15,28,Regular Play,Senegal,3857285,0 days 00:15:28,0,1,0,0,0,0,0,0,0
1,15,39,From Throw In,Netherlands,3857285,0 days 00:15:39,0,0,0,0,0,0,1,0,0
1,15,41,From Throw In,Netherlands,3857285,0 days 00:15:41,0,0,0,0,0,0,1,0,0
1,15,44,From Throw In,Netherlands,3857285,0 days 00:15:44,0,0,0,0,0,0,1,0,0
1,15,45,From Throw In,Netherlands,3857285,0 days 00:15:45,0,0,0,0,0,0,1,0,0
1,15,50,From Throw In,Netherlands,3857285,0 days 00:15:50,0,0,0,0,0,0,1,0,0
1,15,54,From Throw In,Netherlands,3857285,0 days 00:15:54,0,0,0,0,0,0,1,0,0
1,15,59,From Throw In,Netherlands,3857285,0 days 00:15:59,0,0,0,0,0,0,1,0,0
1,16,1,From Throw In,Netherlands,3857285,0 days 00:16:01,0,0,0,0,0,0,1,0,0
1,16,4,From Throw In,Netherlands,3857285,0 days 00:16:04,0,0,0,0,0,0,1,0,0
1,16,5,From Throw In,Netherlands,3857285,0 days 00:16:05,0,0,0,0,0,0,1,0,0
1,16,7,From Throw In,Netherlands,3857285,0 days 00:16:07,0,0,0,0,0,0,1,0,0
1,16,16,From Throw In,Netherlands,3857285,0 days 00:16:16,0,0,0,0,0,0,1,0,0
1,16,18,From Throw In,Netherlands,3857285,0 days 00:16:18,0,0,0,0,0,0,0,1,0
1,17,5,From Goal Kick,Senegal,3857285,0 days 00:17:05,0,0,0,0,0,0,1,0,0
1,17,8,From Goal Kick,Netherlands,3857285,0 days 00:17:08,0,0,0,0,0,0,1,0,0
1,17,11,From Goal Kick,Senegal,3857285,0 days 00:17:11,1,0,0,0,0,0,0,0,0
1,17,17,From Goal Kick,Senegal,3857285,0 days 00:17:17,0,0,0,0,0,0,1,0,0
1,17,19,From Goal Kick,Senegal,3857285,0 days 00:17:19,0,0,0,0,0,0,1,0,0
1,17,21,From Goal Kick,Senegal,3857285,0 days 00:17:21,0,0,0,0,0,0,1,0,0
1,17,22,From Goal Kick,Senegal,3857285,0 days 00:17:22,0,0,0,0,0,0,1,0,0
1,17,22,From Goal Kick,Netherlands,3857285,0 days 00:17:22,0,0,0,0,1,0,0,0,0
1,17,28,From Goal Kick,Senegal,3857285,0 days 00:17:28,0,0,0,0,0,0,1,0,0
1,17,29,From Goal Kick,Senegal,3857285,0 days 00:17:29,0,0,0,0,0,0,1,0,0
1,17,31,From Goal Kick,Senegal,3857285,0 days 00:17:31,0,0,0,0,0,0,1,0,0
1,17,34,From Goal Kick,Senegal,3857285,0 days 00:17:34,0,0,0,0,0,0,1,0,0
1,17,36,From Goal Kick,Senegal,3857285,0 days 00:17:36,0,0,0,0,0,0,1,0,0
1,18,8,From Corner,Senegal,3857285,0 days 00:18:08,0,0,0,0,0,0,1,0,0
1,18,9,From Corner,Netherlands,3857285,0 days 00:18:09,0,1,0,0,0,0,0,0,0
1,18,12,Regular Play,Netherlands,3857285,0 days 00:18:12,1,0,0,0,0,0,0,0,0
1,18,13,Regular Play,Netherlands,3857285,0 days 00:18:13,0,0,0,0,0,0,1,0,0
1,18,21,Regular Play,Netherlands,3857285,0 days 00:18:21,0,0,0,0,0,0,1,0,0
1,18,23,Regular Play,Netherlands,3857285,0 days 00:18:23,0,0,0,0,0,0,1,0,0
1,18,26,Regular Play,Netherlands,3857285,0 days 00:18:26,0,0,0,1,0,0,0,0,0
1,18,26,Regular Play,Netherlands,3857285,0 days 00:18:26,0,0,0,1,0,0,0,0,0
1,18,27,Regular Play,Netherlands,3857285,0 days 00:18:27,0,0,0,1,0,0,0,0,0
1,18,28,Regular Play,Netherlands,3857285,0 days 00:18:28,0,0,0,1,0,0,0,0,0
1,18,36,From Throw In,Netherlands,3857285,0 days 00:18:36,0,0,0,0,0,0,1,0,0
1,18,38,From Throw In,Netherlands,3857285,0 days 00:18:38,0,0,0,0,0,0,1,0,0
1,18,42,From Throw In,Netherlands,3857285,0 days 00:18:42,0,0,0,0,0,0,1,0,0
1,18,44,From Throw In,Netherlands,3857285,0 days 00:18:44,0,0,0,0,0,0,1,0,0
1,18,46,From Throw In,Senegal,3857285,0 days 00:18:46,0,1,0,0,0,0,0,0,0
1,18,47,From Throw In,Netherlands,3857285,0 days 00:18:47,1,0,0,0,0,0,0,0,0
1,18,49,From Throw In,Netherlands,3857285,0 days 00:18:49,0,0,0,0,0,0,1,0,0
1,18,51,From Throw In,Netherlands,3857285,0 days 00:18:51,0,0,0,0,0,0,0,1,0
1,18,53,From Throw In,Netherlands,3857285,0 days 00:18:53,0,0,0,0,1,0,0,0,0
1,19,18,From Free Kick,Senegal,3857285,0 days 00:19:18,0,0,0,0,0,0,1,0,0
1,19,43,Other,Senegal,3857285,0 days 00:19:43,0,0,0,0,0,0,1,0,0
1,19,49,Other,Senegal,3857285,0 days 00:19:49,0,0,0,0,0,0,1,0,0
1,19,52,Other,Netherlands,3857285,0 days 00:19:52,0,0,0,0,0,0,1,0,0
1,20,0,Other,Netherlands,3857285,0 days 00:20:00,0,0,0,0,0,0,1,0,0
1,20,0,Other,Senegal,3857285,0 days 00:20:00,0,0,0,0,0,1,0,0,0
1,20,3,Other,Netherlands,3857285,0 days 00:20:03,1,0,0,0,0,0,0,0,0
1,20,5,Other,Netherlands,3857285,0 days 00:20:05,0,0,0,1,0,0,0,0,0
1,20,5,Regular Play,Senegal,3857285,0 days 00:20:05,0,0,0,0,0,0,0,0,1
1,20,6,Regular Play,Senegal,3857285,0 days 00:20:06,1,0,0,0,0,0,0,0,0
1,20,8,Regular Play,Senegal,3857285,0 days 00:20:08,0,0,0,0,0,0,1,0,0
1,20,11,Regular Play,Senegal,3857285,0 days 00:20:11,0,0,0,0,0,0,1,0,0
1,20,16,Regular Play,Senegal,3857285,0 days 00:20:16,0,0,0,0,0,0,1,0,0
1,20,19,Regular Play,Senegal,3857285,0 days 00:20:19,0,0,0,0,0,0,1,0,0
1,20,22,Regular Play,Senegal,3857285,0 days 00:20:22,0,0,0,0,0,0,1,0,0
1,20,27,Regular Play,Senegal,3857285,0 days 00:20:27,0,0,0,0,0,0,1,0,0
1,20,29,Regular Play,Senegal,3857285,0 days 00:20:29,0,0,0,0,0,0,1,0,0
1,20,33,Regular Play,Senegal,3857285,0 days 00:20:33,0,0,0,0,0,0,1,0,0
1,20,35,Regular Play,Netherlands,3857285,0 days 00:20:35,0,0,0,0,0,0,1,0,0
1,20,41,Regular Play,Netherlands,3857285,0 days 00:20:41,0,0,0,0,0,0,1,0,0
1,20,50,Regular Play,Netherlands,3857285,0 days 00:20:50,0,0,0,0,0,0,1,0,0
1,20,51,Regular Play,Senegal,3857285,0 days 00:20:51,0,1,0,0,0,0,0,0,0
1,20,54,Regular Play,Netherlands,3857285,0 days 00:20:54,0,0,0,0,0,0,1,0,0
1,20,56,Regular Play,Netherlands,3857285,0 days 00:20:56,0,0,0,0,0,0,1,0,0
1,20,57,Regular Play,Senegal,3857285,0 days 00:20:57,0,0,0,0,1,0,0,0,0
1,12,1,From Corner,Ecuador,3857286,0 days 00:12:01,0,0,0,0,0,0,1,0,0
1,12,2,From Corner,Qatar,3857286,0 days 00:12:02,0,1,0,0,0,0,0,0,0
1,12,16,From Throw In,Ecuador,3857286,0 days 00:12:16,0,0,0,0,0,0,1,0,0
1,12,19,From Throw In,Ecuador,3857286,0 days 00:12:19,0,0,0,0,0,0,1,0,0
1,12,26,From Throw In,Ecuador,3857286,0 days 00:12:26,0,0,0,0,0,0,1,0,0
1,12,28,From Throw In,Ecuador,3857286,0 days 00:12:28,0,0,0,0,0,0,1,0,0
1,12,29,From Throw In,Ecuador,3857286,0 days 00:12:29,0,0,0,0,0,0,1,0,0
1,12,32,From Throw In,Ecuador,3857286,0 days 00:12:32,0,0,0,0,0,0,1,0,0
1,12,37,From Throw In,Ecuador,3857286,0 days 00:12:37,0,0,0,0,0,0,1,0,0
1,12,41,From Throw In,Ecuador,3857286,0 days 00:12:41,0,0,0,0,0,0,1,0,0
1,12,45,From Throw In,Ecuador,3857286,0 days 00:12:45,0,0,0,0,0,0,1,0,0
1,12,48,From Throw In,Ecuador,3857286,0 days 00:12:48,0,0,0,0,0,0,1,0,0
1,13,15,From Throw In,Qatar,3857286,0 days 00:13:15,0,0,0,0,0,0,1,0,0
1,13,15,From Throw In,Qatar,3857286,0 days 00:13:15,0,0,0,0,0,0,1,0,0
1,13,17,From Throw In,Qatar,3857286,0 days 00:13:17,0,0,0,0,0,0,1,0,0
1,13,19,From Throw In,Qatar,3857286,0 days 00:13:19,0,0,0,0,0,0,1,0,0
1,13,20,From Throw In,Qatar,3857286,0 days 00:13:20,0,0,0,0,0,0,1,0,0
1,13,24,From Throw In,Qatar,3857286,0 days 00:13:24,0,0,0,0,0,0,1,0,0
1,13,27,From Throw In,Qatar,3857286,0 days 00:13:27,0,0,0,0,0,0,1,0,0
1,13,29,Regular Play,Ecuador,3857286,0 days 00:13:29,0,0,0,0,0,0,1,0,0
1,13,36,Regular Play,Ecuador,3857286,0 days 00:13:36,0,0,0,0,0,0,1,0,0
1,13,39,Regular Play,Ecuador,3857286,0 days 00:13:39,0,0,0,0,0,0,1,0,0
1,13,42,Regular Play,Ecuador,3857286,0 days 00:13:42,0,0,0,0,0,0,1,0,0
1,13,59,From Free Kick,Qatar,3857286,0 days 00:13:59,0,0,0,0,0,0,1,0,0
1,14,5,From Free Kick,Qatar,3857286,0 days 00:14:05,0,0,0,0,0,0,1,0,0
1,14,7,From Free Kick,Qatar,3857286,0 days 00:14:07,0,0,0,0,0,0,1,0,0
1,14,8,Regular Play,Ecuador,3857286,0 days 00:14:08,0,0,0,0,0,0,1,0,0
1,14,9,Regular Play,Ecuador,3857286,0 days 00:14:09,0,0,0,0,0,0,1,0,0
1,14,11,Regular Play,Ecuador,3857286,0 days 00:14:11,0,0,0,0,0,0,1,0,0
1,14,14,Regular Play,Ecuador,3857286,0 days 00:14:14,0,0,0,0,0,0,1,0,0
1,14,17,Regular Play,Qatar,3857286,0 days 00:14:17,0,0,0,0,1,0,0,0,0
1,15,49,Other,Ecuador,3857286,0 days 00:15:49,0,0,0,0,0,0,0,1,0
1,16,59,From Kick Off,Qatar,3857286,0 days 00:16:59,0,0,0,0,0,0,1,0,0
1,17,3,From Kick Off,Qatar,3857286,0 days 00:17:03,0,0,0,0,0,0,1,0,0
1,17,7,From Kick Off,Qatar,3857286,0 days 00:17:07,0,0,0,0,0,0,1,0,0
1,17,11,From Kick Off,Qatar,3857286,0 days 00:17:11,0,0,0,0,0,0,1,0,0
1,17,13,From Kick Off,Qatar,3857286,0 days 00:17:13,0,0,0,0,0,0,1,0,0
1,17,13,From Kick Off,Qatar,3857286,0 days 00:17:13,0,0,0,0,0,0,1,0,0
1,17,54,From Free Kick,Ecuador,3857286,0 days 00:17:54,0,0,0,0,0,0,1,0,0
1,17,58,From Free Kick,Qatar,3857286,0 days 00:17:58,0,0,0,0,0,0,1,0,0
1,17,59,From Free Kick,Ecuador,3857286,0 days 00:17:59,0,0,0,0,0,0,1,0,0
1,18,0,From Free Kick,Ecuador,3857286,0 days 00:18:00,0,0,0,0,0,0,1,0,0
1,18,4,From Free Kick,Ecuador,3857286,0 days 00:18:04,0,0,0,0,0,0,1,0,0
1,18,7,From Free Kick,Ecuador,3857286,0 days 00:18:07,0,0,0,0,0,0,1,0,0
1,18,9,From Free Kick,Ecuador,3857286,0 days 00:18:09,0,0,0,0,0,0,1,0,0
1,18,11,From Free Kick,Ecuador,3857286,0 days 00:18:11,0,0,0,0,0,0,1,0,0
1,18,15,From Free Kick,Ecuador,3857286,0 days 00:18:15,0,0,0,0,0,0,1,0,0
1,18,17,From Free Kick,Ecuador,3857286,0 days 00:18:17,0,0,0,0,0,0,1,0,0
1,18,19,From Free Kick,Ecuador,3857286,0 days 00:18:19,0,0,0,0,0,0,1,0,0
1,18,21,From Free Kick,Ecuador,3857286,0 days 00:18:21,0,0,0,0,0,0,1,0,0
1,18,23,From Free Kick,Ecuador,3857286,0 days 00:18:23,0,0,0,0,0,0,1,0,0
1,18,26,From Free Kick,Ecuador,3857286,0 days 00:18:26,0,0,0,0,0,0,1,0,0
1,18,29,From Free Kick,Ecuador,3857286,0 days 00:18:29,0,0,0,0,0,0,1,0,0
1,18,33,From Free Kick,Ecuador,3857286,0 days 00:18:33,0,0,0,0,0,0,1,0,0
1,18,36,From Free Kick,Ecuador,3857286,0 days 00:18:36,0,0,0,0,0,0,1,0,0
1,18,39,From Free Kick,Ecuador,3857286,0 days 00:18:39,0,0,0,0,0,0,1,0,0
1,18,40,From Free Kick,Qatar,3857286,0 days 00:18:40,0,0,0,0,0,0,1,0,0
1,18,41,From Free Kick,Ecuador,3857286,0 days 00:18:41,1,0,0,0,0,0,0,0,0
1,18,42,From Free Kick,Ecuador,3857286,0 days 00:18:42,0,0,0,0,0,0,1,0,0
1,18,45,From Free Kick,Qatar,3857286,0 days 00:18:45,0,0,0,0,1,0,0,0,0
1,19,2,From Free Kick,Ecuador,3857286,0 days 00:19:02,0,0,0,0,0,0,1,0,0
1,19,3,From Free Kick,Ecuador,3857286,0 days 00:19:03,0,0,0,0,0,0,1,0,0
1,20,18,From Free Kick,Qatar,3857286,0 days 00:20:18,0,0,0,0,0,0,1,0,0
1,20,22,From Free Kick,Qatar,3857286,0 days 00:20:22,0,0,0,0,0,0,1,0,0
1,20,23,Regular Play,Ecuador,3857286,0 days 00:20:23,0,0,0,0,0,0,1,0,0
1,20,25,Regular Play,Ecuador,3857286,0 days 00:20:25,0,0,0,0,0,0,1,0,0
1,20,27,Regular Play,Qatar,3857286,0 days 00:20:27,1,0,0,0,0,0,0,0,0
1,20,28,Regular Play,Qatar,3857286,0 days 00:20:28,0,0,0,0,0,0,1,0,0
1,20,31,Regular Play,Qatar,3857286,0 days 00:20:31,0,0,0,0,0,0,1,0,0
1,20,34,Regular Play,Ecuador,3857286,0 days 00:20:34,0,0,0,0,0,0,1,0,0
1,20,35,Regular Play,Qatar,3857286,0 days 00:20:35,0,0,0,0,0,0,1,0,0
1,20,37,Regular Play,Ecuador,3857286,0 days 00:20:37,0,0,0,0,0,0,1,0,0
1,21,4,From Throw In,Qatar,3857286,0 days 00:21:04,0,0,0,0,0,0,1,0,0
1,21,5,From Throw In,Ecuador,3857286,0 days 00:21:05,1,0,0,0,0,0,0,0,0
1,21,6,From Throw In,Qatar,3857286,0 days 00:21:06,0,0,0,0,1,0,0,0,0
1,21,59,From Free Kick,Ecuador,3857286,0 days 00:21:59,0,0,0,0,0,0,1,0,0
1,12,0,Regular Play,Uruguay,3857287,0 days 00:12:00,0,1,0,0,0,0,0,0,0
1,12,25,From Throw In,Uruguay,3857287,0 days 00:12:25,0,0,0,0,0,0,1,0,0
1,12,29,From Throw In,South Korea,3857287,0 days 00:12:29,0,0,0,0,0,0,1,0,0
1,12,32,From Throw In,Uruguay,3857287,0 days 00:12:32,0,0,0,0,0,0,1,0,0
1,12,37,From Throw In,Uruguay,3857287,0 days 00:12:37,0,0,0,0,0,0,1,0,0
1,12,38,From Throw In,Uruguay,3857287,0 days 00:12:38,0,0,0,0,0,0,0,1,0
1,12,56,From Keeper,South Korea,3857287,0 days 00:12:56,0,0,0,0,0,0,1,0,0
1,13,1,From Keeper,South Korea,3857287,0 days 00:13:01,0,0,0,0,0,0,1,0,0
1,13,4,From Keeper,South Korea,3857287,0 days 00:13:04,0,0,0,0,0,0,1,0,0
1,13,7,From Keeper,South Korea,3857287,0 days 00:13:07,0,0,0,0,0,0,1,0,0
1,13,10,From Keeper,South Korea,3857287,0 days 00:13:10,0,0,0,0,0,0,1,0,0
1,13,11,From Keeper,South Korea,3857287,0 days 00:13:11,0,0,0,0,0,0,1,0,0
1,13,17,From Keeper,South Korea,3857287,0 days 00:13:17,0,0,0,0,0,0,1,0,0
1,13,20,From Keeper,South Korea,3857287,0 days 00:13:20,0,0,0,0,0,0,1,0,0
1,13,23,From Keeper,South Korea,3857287,0 days 00:13:23,0,0,0,0,0,0,1,0,0
1,13,25,From Keeper,South Korea,3857287,0 days 00:13:25,0,0,0,0,0,0,1,0,0
1,13,26,From Keeper,South Korea,3857287,0 days 00:13:26,0,0,0,0,0,0,1,0,0
1,13,30,From Keeper,Uruguay,3857287,0 days 00:13:30,0,1,0,0,0,0,0,0,0
1,13,32,From Keeper,South Korea,3857287,0 days 00:13:32,1,0,0,0,0,0,0,0,0
1,13,33,From Keeper,South Korea,3857287,0 days 00:13:33,0,0,0,0,0,0,1,0,0
1,13,37,From Keeper,South Korea,3857287,0 days 00:13:37,0,0,0,1,0,0,0,0,0
1,13,38,From Keeper,South Korea,3857287,0 days 00:13:38,0,0,0,0,0,0,1,0,0
1,13,42,From Keeper,South Korea,3857287,0 days 00:13:42,0,0,0,0,0,0,1,0,0
1,13,44,From Keeper,Uruguay,3857287,0 days 00:13:44,0,1,0,0,0,0,0,0,0
1,13,46,From Keeper,South Korea,3857287,0 days 00:13:46,0,0,0,0,0,0,1,0,0
1,13,48,Regular Play,Uruguay,3857287,0 days 00:13:48,0,0,0,0,0,0,1,0,0
1,13,52,Regular Play,Uruguay,3857287,0 days 00:13:52,0,0,0,0,0,0,1,0,0
1,13,57,Regular Play,Uruguay,3857287,0 days 00:13:57,0,0,0,0,0,0,1,0,0
1,13,59,Regular Play,Uruguay,3857287,0 days 00:13:59,0,0,0,0,0,0,1,0,0
1,14,1,Regular Play,Uruguay,3857287,0 days 00:14:01,0,0,0,0,0,0,1,0,0
1,14,5,Regular Play,Uruguay,3857287,0 days 00:14:05,0,0,0,0,0,0,1,0,0
1,14,7,Regular Play,Uruguay,3857287,0 days 00:14:07,0,0,0,0,0,0,1,0,0
1,14,8,Regular Play,Uruguay,3857287,0 days 00:14:08,0,0,0,0,0,0,1,0,0
1,14,9,Regular Play,Uruguay,3857287,0 days 00:14:09,0,0,0,0,0,0,1,0,0
1,14,11,Regular Play,Uruguay,3857287,0 days 00:14:11,0,0,0,0,0,0,1,0,0
1,14,15,Regular Play,Uruguay,3857287,0 days 00:14:15,0,0,0,0,0,0,1,0,0
1,14,19,Regular Play,Uruguay,3857287,0 days 00:14:19,0,0,0,0,0,0,1,0,0
1,14,22,Regular Play,Uruguay,3857287,0 days 00:14:22,0,0,0,0,0,0,1,0,0
1,14,25,Regular Play,Uruguay,3857287,0 days 00:14:25,0,0,0,0,0,0,1,0,0
1,14,26,Regular Play,Uruguay,3857287,0 days 00:14:26,0,0,0,0,0,0,1,0,0
1,14,28,Regular Play,Uruguay,3857287,0 days 00:14:28,0,0,0,0,0,0,1,0,0
1,14,31,Regular Play,Uruguay,3857287,0 days 00:14:31,0,0,0,0,0,0,1,0,0
1,14,33,Regular Play,Uruguay,3857287,0 days 00:14:33,0,0,0,0,0,0,1,0,0
1,14,35,Regular Play,Uruguay,3857287,0 days 00:14:35,0,0,0,0,0,0,1,0,0
1,14,38,Regular Play,Uruguay,3857287,0 days 00:14:38,0,0,0,0,0,0,1,0,0
1,14,41,Regular Play,Uruguay,3857287,0 days 00:14:41,0,0,0,0,0,0,1,0,0
1,14,45,Regular Play,Uruguay,3857287,0 days 00:14:45,0,0,0,0,0,0,1,0,0
1,14,47,Regular Play,Uruguay,3857287,0 days 00:14:47,0,0,0,0,0,0,1,0,0
1,14,49,Regular Play,Uruguay,3857287,0 days 00:14:49,0,0,0,0,0,0,1,0,0
1,14,53,Regular Play,Uruguay,3857287,0 days 00:14:53,0,0,0,0,0,0,1,0,0
1,14,56,Regular Play,Uruguay,3857287,0 days 00:14:56,0,0,0,1,0,0,0,0,0
1,14,56,Regular Play,South Korea,3857287,0 days 00:14:56,0,0,0,0,0,0,0,0,1
1,14,57,Regular Play,South Korea,3857287,0 days 00:14:57,0,0,0,0,0,0,1,0,0
1,15,0,Regular Play,South Korea,3857287,0 days 00:15:00,0,0,0,0,0,0,1,0,0
1,15,2,Regular Play,Uruguay,3857287,0 days 00:15:02,0,0,0,0,0,1,0,0,0
1,15,8,Regular Play,Uruguay,3857287,0 days 00:15:08,0,0,1,0,0,0,0,0,0
1,15,8,Regular Play,South Korea,3857287,0 days 00:15:08,0,0,0,0,0,0,0,0,1
1,15,11,Regular Play,South Korea,3857287,0 days 00:15:11,0,0,0,0,0,0,1,0,0
1,15,13,Regular Play,South Korea,3857287,0 days 00:15:13,0,0,0,0,0,0,1,0,0
1,15,18,Regular Play,South Korea,3857287,0 days 00:15:18,0,0,0,0,0,0,1,0,0
1,15,20,Regular Play,South Korea,3857287,0 days 00:15:20,0,0,0,0,0,0,1,0,0
1,15,23,Regular Play,South Korea,3857287,0 days 00:15:23,0,0,0,0,0,0,1,0,0
1,15,27,Regular Play,South Korea,3857287,0 days 00:15:27,0,0,0,0,0,0,1,0,0
1,15,31,Regular Play,South Korea,3857287,0 days 00:15:31,0,0,0,0,0,0,1,0,0
1,15,33,Regular Play,South Korea,3857287,0 days 00:15:33,0,0,0,0,0,0,1,0,0
1,15,37,Regular Play,South Korea,3857287,0 days 00:15:37,0,0,0,0,0,0,1,0,0
1,15,41,Regular Play,South Korea,3857287,0 days 00:15:41,0,0,0,0,0,0,1,0,0
1,15,46,Regular Play,South Korea,3857287,0 days 00:15:46,0,0,0,0,0,0,1,0,0
1,15,48,Regular Play,South Korea,3857287,0 days 00:15:48,0,0,0,0,0,0,1,0,0
1,15,51,Regular Play,South Korea,3857287,0 days 00:15:51,0,0,0,0,0,0,1,0,0
1,15,53,Regular Play,South Korea,3857287,0 days 00:15:53,0,0,0,0,0,0,1,0,0
1,15,56,Regular Play,South Korea,3857287,0 days 00:15:56,0,0,0,0,0,0,1,0,0
1,16,0,Regular Play,South Korea,3857287,0 days 00:16:00,0,0,0,0,0,0,1,0,0
1,16,4,Regular Play,South Korea,3857287,0 days 00:16:04,0,0,0,0,0,0,1,0,0
1,16,10,Regular Play,South Korea,3857287,0 days 00:16:10,0,0,0,0,0,0,1,0,0
1,16,39,From Goal Kick,Uruguay,3857287,0 days 00:16:39,0,0,0,0,0,0,1,0,0
1,16,44,From Goal Kick,Uruguay,3857287,0 days 00:16:44,0,0,0,0,0,0,1,0,0
1,16,48,From Goal Kick,Uruguay,3857287,0 days 00:16:48,0,0,0,0,0,0,1,0,0
1,16,52,From Goal Kick,Uruguay,3857287,0 days 00:16:52,0,0,0,0,0,0,1,0,0
1,16,54,Regular Play,South Korea,3857287,0 days 00:16:54,1,0,0,0,0,0,0,0,0
1,16,56,Regular Play,South Korea,3857287,0 days 00:16:56,0,0,0,0,0,0,1,0,0
1,16,59,Regular Play,South Korea,3857287,0 days 00:16:59,0,0,0,0,0,0,1,0,0
1,17,7,Regular Play,South Korea,3857287,0 days 00:17:07,0,0,0,0,0,0,1,0,0
1,17,9,Regular Play,South Korea,3857287,0 days 00:17:09,0,0,0,0,0,0,1,0,0
1,17,11,Regular Play,South Korea,3857287,0 days 00:17:11,0,0,0,0,0,0,1,0,0
1,17,13,Regular Play,South Korea,3857287,0 days 00:17:13,0,0,0,0,0,0,1,0,0
1,17,14,Regular Play,South Korea,3857287,0 days 00:17:14,0,0,0,0,0,0,1,0,0
1,17,20,Regular Play,South Korea,3857287,0 days 00:17:20,0,0,0,0,0,0,1,0,0
1,17,21,Regular Play,South Korea,3857287,0 days 00:17:21,0,0,0,0,0,0,1,0,0
1,17,23,Regular Play,South Korea,3857287,0 days 00:17:23,0,0,0,0,0,0,1,0,0
1,17,25,Regular Play,South Korea,3857287,0 days 00:17:25,0,0,0,0,0,0,1,0,0
1,17,29,Regular Play,South Korea,3857287,0 days 00:17:29,0,0,0,0,0,0,1,0,0
1,17,30,Regular Play,South Korea,3857287,0 days 00:17:30,0,0,0,1,0,0,0,0,0
1,17,30,Regular Play,Uruguay,3857287,0 days 00:17:30,0,0,0,0,0,0,0,0,1
1,17,33,Regular Play,Uruguay,3857287,0 days 00:17:33,0,0,0,0,0,0,1,0,0
1,17,36,Regular Play,Uruguay,3857287,0 days 00:17:36,0,0,0,0,0,0,1,0,0
1,17,38,Regular Play,South Korea,3857287,0 days 00:17:38,1,0,0,0,0,0,0,0,0
1,17,39,Regular Play,South Korea,3857287,0 days 00:17:39,0,0,0,0,0,0,1,0,0
1,17,45,Regular Play,South Korea,3857287,0 days 00:17:45,0,0,0,0,0,0,1,0,0
1,17,48,Regular Play,South Korea,3857287,0 days 00:17:48,0,0,0,0,0,0,1,0,0
1,17,51,Regular Play,South Korea,3857287,0 days 00:17:51,0,0,0,0,0,0,1,0,0
1,18,17,From Goal Kick,Uruguay,3857287,0 days 00:18:17,0,0,0,0,0,0,1,0,0
1,18,21,From Goal Kick,Uruguay,3857287,0 days 00:18:21,0,0,0,0,0,0,1,0,0
1,18,27,From Goal Kick,Uruguay,3857287,0 days 00:18:27,0,0,0,0,0,0,1,0,0
1,18,31,From Goal Kick,Uruguay,3857287,0 days 00:18:31,0,0,0,0,0,0,1,0,0
1,18,36,From Goal Kick,Uruguay,3857287,0 days 00:18:36,0,0,0,0,0,0,1,0,0
1,18,39,From Goal Kick,Uruguay,3857287,0 days 00:18:39,0,0,0,0,0,0,1,0,0
1,18,42,From Goal Kick,Uruguay,3857287,0 days 00:18:42,0,0,0,0,0,0,1,0,0
1,18,45,From Goal Kick,Uruguay,3857287,0 days 00:18:45,0,0,0,0,0,0,0,1,0
1,19,15,From Goal Kick,South Korea,3857287,0 days 00:19:15,0,0,0,0,0,0,1,0,0
1,19,18,From Goal Kick,South Korea,3857287,0 days 00:19:18,0,0,0,0,0,0,1,0,0
1,19,22,From Goal Kick,South Korea,3857287,0 days 00:19:22,0,0,0,0,0,0,1,0,0
1,19,24,From Goal Kick,South Korea,3857287,0 days 00:19:24,0,0,0,0,0,0,1,0,0
1,19,26,From Goal Kick,South Korea,3857287,0 days 00:19:26,0,0,0,0,0,0,1,0,0
1,19,27,From Goal Kick,South Korea,3857287,0 days 00:19:27,0,0,0,0,0,0,1,0,0
1,19,28,From Goal Kick,South Korea,3857287,0 days 00:19:28,0,0,0,0,0,0,1,0,0
1,19,30,From Goal Kick,South Korea,3857287,0 days 00:19:30,0,0,0,0,0,0,1,0,0
1,19,31,Regular Play,Uruguay,3857287,0 days 00:19:31,1,0,0,0,0,0,0,0,0
1,19,34,Regular Play,Uruguay,3857287,0 days 00:19:34,0,0,0,0,0,0,1,0,0
1,19,36,Regular Play,South Korea,3857287,0 days 00:19:36,0,0,0,0,0,1,0,0,0
1,20,2,From Throw In,Uruguay,3857287,0 days 00:20:02,0,0,0,0,0,0,1,0,0
1,20,6,From Throw In,Uruguay,3857287,0 days 00:20:06,0,0,0,0,0,0,1,0,0
1,20,7,From Throw In,South Korea,3857287,0 days 00:20:07,0,1,0,0,0,0,0,0,0
1,20,21,From Throw In,Uruguay,3857287,0 days 00:20:21,0,0,0,0,0,0,1,0,0
1,20,25,From Throw In,Uruguay,3857287,0 days 00:20:25,0,0,0,0,0,0,1,0,0
1,20,27,From Throw In,Uruguay,3857287,0 days 00:20:27,0,0,0,0,0,0,1,0,0
1,20,31,From Throw In,Uruguay,3857287,0 days 00:20:31,0,0,0,0,0,0,1,0,0
1,20,32,From Throw In,Uruguay,3857287,0 days 00:20:32,0,0,0,0,0,0,1,0,0
1,20,35,From Throw In,Uruguay,3857287,0 days 00:20:35,0,0,0,0,0,0,1,0,0
1,20,41,From Throw In,Uruguay,3857287,0 days 00:20:41,0,0,0,0,0,0,1,0,0
1,20,45,From Throw In,Uruguay,3857287,0 days 00:20:45,0,0,0,0,0,0,1,0,0
1,20,46,From Throw In,Uruguay,3857287,0 days 00:20:46,0,0,0,0,0,0,1,0,0
1,20,48,From Throw In,Uruguay,3857287,0 days 00:20:48,0,0,0,0,0,0,1,0,0
1,20,49,From Throw In,South Korea,3857287,0 days 00:20:49,0,0,0,0,1,0,0,0,0
1,21,11,From Free Kick,Uruguay,3857287,0 days 00:21:11,0,0,0,0,0,0,1,0,0
1,21,15,From Free Kick,Uruguay,3857287,0 days 00:21:15,0,0,0,0,0,0,1,0,0
1,21,18,From Free Kick,Uruguay,3857287,0 days 00:21:18,0,0,0,0,0,0,1,0,0
1,21,21,From Free Kick,Uruguay,3857287,0 days 00:21:21,0,0,0,0,0,0,1,0,0
1,21,49,From Throw In,South Korea,3857287,0 days 00:21:49,0,0,0,0,0,0,1,0,0
1,21,50,From Throw In,South Korea,3857287,0 days 00:21:50,0,0,0,0,0,0,1,0,0
1,12,0,From Throw In,Tunisia,3857288,0 days 00:12:00,1,0,0,0,0,0,0,0,0
1,12,5,From Throw In,Tunisia,3857288,0 days 00:12:05,0,0,0,0,0,0,1,0,0
1,12,6,From Throw In,Tunisia,3857288,0 days 00:12:06,0,0,0,0,0,0,1,0,0
1,12,8,From Throw In,Australia,3857288,0 days 00:12:08,0,0,0,0,0,0,1,0,0
1,12,11,From Throw In,Australia,3857288,0 days 00:12:11,0,0,0,0,0,0,1,0,0
1,12,14,From Throw In,Australia,3857288,0 days 00:12:14,0,0,0,0,0,0,1,0,0
1,12,17,From Throw In,Australia,3857288,0 days 00:12:17,0,0,0,0,0,0,1,0,0
1,12,20,From Throw In,Australia,3857288,0 days 00:12:20,0,0,0,0,0,0,1,0,0
1,12,26,From Throw In,Australia,3857288,0 days 00:12:26,0,0,0,0,0,0,1,0,0
1,12,29,From Throw In,Tunisia,3857288,0 days 00:12:29,0,1,0,0,0,0,0,0,0
1,12,46,From Throw In,Australia,3857288,0 days 00:12:46,0,0,0,0,0,0,1,0,0
1,12,50,From Throw In,Australia,3857288,0 days 00:12:50,0,0,0,0,0,0,1,0,0
1,12,53,From Throw In,Australia,3857288,0 days 00:12:53,0,0,0,0,0,0,1,0,0
1,12,53,From Throw In,Australia,3857288,0 days 00:12:53,0,0,0,0,0,0,1,0,0
1,13,2,From Throw In,Australia,3857288,0 days 00:13:02,0,0,0,0,0,0,1,0,0
1,13,5,From Throw In,Tunisia,3857288,0 days 00:13:05,0,1,0,0,0,0,0,0,0
1,13,7,From Throw In,Tunisia,3857288,0 days 00:13:07,0,1,0,0,0,0,0,0,0
1,13,10,From Throw In,Australia,3857288,0 days 00:13:10,0,0,0,0,0,0,1,0,0
1,13,12,Regular Play,Tunisia,3857288,0 days 00:13:12,0,0,0,0,0,0,1,0,0
1,13,14,Regular Play,Australia,3857288,0 days 00:13:14,0,0,0,0,1,0,0,0,0
1,13,37,From Free Kick,Tunisia,3857288,0 days 00:13:37,0,0,0,0,0,0,1,0,0
1,13,40,From Free Kick,Tunisia,3857288,0 days 00:13:40,0,0,0,0,0,0,1,0,0
1,13,42,From Free Kick,Tunisia,3857288,0 days 00:13:42,0,0,0,0,0,0,1,0,0
1,13,44,Regular Play,Australia,3857288,0 days 00:13:44,1,0,0,0,0,0,0,0,0
1,13,47,Regular Play,Australia,3857288,0 days 00:13:47,0,0,0,0,0,0,1,0,0
1,13,50,Regular Play,Australia,3857288,0 days 00:13:50,0,0,0,0,0,0,1,0,0
1,13,52,Regular Play,Tunisia,3857288,0 days 00:13:52,0,1,0,0,0,0,0,0,0
1,13,55,Regular Play,Tunisia,3857288,0 days 00:13:55,0,1,0,0,0,0,0,0,0
1,14,24,From Throw In,Australia,3857288,0 days 00:14:24,0,0,0,0,0,0,1,0,0
1,14,26,From Throw In,Australia,3857288,0 days 00:14:26,0,0,0,0,0,0,1,0,0
1,14,27,From Throw In,Tunisia,3857288,0 days 00:14:27,0,1,0,0,0,0,0,0,0
1,14,28,From Throw In,Australia,3857288,0 days 00:14:28,0,0,0,0,0,0,1,0,0
1,14,32,From Throw In,Australia,3857288,0 days 00:14:32,0,0,1,0,0,0,0,0,0
1,14,32,From Throw In,Tunisia,3857288,0 days 00:14:32,0,0,0,0,0,0,0,0,1
1,14,33,From Throw In,Tunisia,3857288,0 days 00:14:33,1,0,0,0,0,0,0,0,0
1,14,36,From Throw In,Tunisia,3857288,0 days 00:14:36,0,0,1,0,0,0,0,0,0
1,14,36,From Throw In,Australia,3857288,0 days 00:14:36,0,0,0,0,0,0,0,0,1
1,14,38,From Throw In,Australia,3857288,0 days 00:14:38,0,0,0,0,0,0,1,0,0
1,14,41,From Throw In,Australia,3857288,0 days 00:14:41,0,0,0,0,0,0,1,0,0
1,14,43,From Throw In,Tunisia,3857288,0 days 00:14:43,1,0,0,0,0,0,0,0,0
1,15,3,From Throw In,Tunisia,3857288,0 days 00:15:03,0,0,0,0,0,0,1,0,0
1,15,7,From Throw In,Tunisia,3857288,0 days 00:15:07,0,0,0,0,0,0,1,0,0
1,15,10,From Throw In,Tunisia,3857288,0 days 00:15:10,0,0,0,0,0,0,1,0,0
1,15,14,From Throw In,Tunisia,3857288,0 days 00:15:14,0,0,0,0,0,0,1,0,0
1,15,16,From Throw In,Tunisia,3857288,0 days 00:15:16,0,0,0,0,0,0,1,0,0
1,15,17,From Throw In,Australia,3857288,0 days 00:15:17,0,1,0,0,0,0,0,0,0
1,15,18,From Throw In,Tunisia,3857288,0 days 00:15:18,1,0,0,0,0,0,0,0,0
1,15,20,From Throw In,Tunisia,3857288,0 days 00:15:20,0,0,0,0,0,0,1,0,0
1,15,22,From Throw In,Tunisia,3857288,0 days 00:15:22,0,0,0,0,0,0,1,0,0
1,15,24,From Throw In,Tunisia,3857288,0 days 00:15:24,0,0,0,0,0,0,1,0,0
1,15,27,From Throw In,Tunisia,3857288,0 days 00:15:27,0,0,0,0,0,0,1,0,0
1,15,31,From Throw In,Tunisia,3857288,0 days 00:15:31,0,0,0,0,0,0,1,0,0
1,15,34,From Throw In,Tunisia,3857288,0 days 00:15:34,0,0,0,0,0,0,1,0,0
1,15,38,From Throw In,Tunisia,3857288,0 days 00:15:38,0,0,0,0,0,0,1,0,0
1,15,40,From Throw In,Tunisia,3857288,0 days 00:15:40,0,0,0,0,0,0,1,0,0
1,15,45,From Throw In,Tunisia,3857288,0 days 00:15:45,0,0,0,0,0,0,1,0,0
1,15,49,From Throw In,Tunisia,3857288,0 days 00:15:49,0,0,0,0,0,0,1,0,0
1,15,51,Regular Play,Australia,3857288,0 days 00:15:51,0,0,0,0,0,0,1,0,0
1,15,53,Regular Play,Australia,3857288,0 days 00:15:53,0,0,0,0,0,0,1,0,0
1,15,54,Regular Play,Australia,3857288,0 days 00:15:54,0,0,0,0,0,0,1,0,0
1,15,56,Regular Play,Australia,3857288,0 days 00:15:56,0,0,0,0,0,0,1,0,0
1,16,16,From Throw In,Tunisia,3857288,0 days 00:16:16,0,0,0,0,0,0,1,0,0
1,16,20,From Throw In,Tunisia,3857288,0 days 00:16:20,0,0,0,0,0,0,1,0,0
1,16,22,Regular Play,Australia,3857288,0 days 00:16:22,0,0,0,0,0,0,1,0,0
1,16,24,Regular Play,Australia,3857288,0 days 00:16:24,0,0,0,0,0,0,1,0,0
1,16,29,Regular Play,Australia,3857288,0 days 00:16:29,0,0,0,0,0,0,1,0,0
1,16,32,Regular Play,Tunisia,3857288,0 days 00:16:32,0,0,0,0,0,0,1,0,0
1,16,34,Regular Play,Tunisia,3857288,0 days 00:16:34,0,0,0,0,0,0,1,0,0
1,16,50,From Free Kick,Australia,3857288,0 days 00:16:50,0,0,0,0,0,0,1,0,0
1,16,52,From Free Kick,Australia,3857288,0 days 00:16:52,0,0,0,0,0,0,1,0,0
1,16,55,From Free Kick,Australia,3857288,0 days 00:16:55,0,0,0,0,0,0,1,0,0
1,16,58,From Free Kick,Australia,3857288,0 days 00:16:58,0,0,0,0,0,0,1,0,0
1,17,1,Regular Play,Tunisia,3857288,0 days 00:17:01,1,0,0,0,0,0,0,0,0
1,17,3,Regular Play,Tunisia,3857288,0 days 00:17:03,0,0,0,0,0,0,1,0,0
1,17,6,Regular Play,Australia,3857288,0 days 00:17:06,0,0,0,0,0,0,1,0,0
1,17,7,Regular Play,Tunisia,3857288,0 days 00:17:07,1,0,0,0,0,0,0,0,0
1,17,8,Regular Play,Tunisia,3857288,0 days 00:17:08,0,0,0,0,0,0,1,0,0
1,18,2,Other,Tunisia,3857288,0 days 00:18:02,0,0,0,0,0,0,1,0,0
1,18,4,Other,Tunisia,3857288,0 days 00:18:04,0,0,0,0,0,0,1,0,0
1,18,8,Other,Tunisia,3857288,0 days 00:18:08,0,0,0,0,0,0,1,0,0
1,18,9,Other,Tunisia,3857288,0 days 00:18:09,0,0,0,0,0,0,1,0,0
1,18,12,Other,Tunisia,3857288,0 days 00:18:12,0,0,0,0,0,0,1,0,0
1,18,15,Other,Tunisia,3857288,0 days 00:18:15,0,0,0,0,0,0,1,0,0
1,18,17,Regular Play,Australia,3857288,0 days 00:18:17,0,0,0,0,0,1,0,0,0
1,18,18,Regular Play,Australia,3857288,0 days 00:18:18,0,0,0,0,0,0,1,0,0
1,18,19,Regular Play,Australia,3857288,0 days 00:18:19,0,0,0,0,0,0,1,0,0
1,18,21,Regular Play,Australia,3857288,0 days 00:18:21,0,0,0,0,0,0,1,0,0
1,18,25,Regular Play,Australia,3857288,0 days 00:18:25,0,0,0,0,0,0,1,0,0
1,18,26,Regular Play,Tunisia,3857288,0 days 00:18:26,0,1,0,0,0,0,0,0,0
1,18,28,Regular Play,Tunisia,3857288,0 days 00:18:28,0,1,0,0,0,0,0,0,0
1,18,30,Regular Play,Tunisia,3857288,0 days 00:18:30,1,0,0,0,0,0,0,0,0
1,18,31,Regular Play,Tunisia,3857288,0 days 00:18:31,0,0,0,0,0,0,1,0,0
1,18,32,Regular Play,Australia,3857288,0 days 00:18:32,0,0,0,0,0,0,1,0,0
1,18,36,Regular Play,Australia,3857288,0 days 00:18:36,0,0,0,0,0,0,1,0,0
1,18,36,Regular Play,Tunisia,3857288,0 days 00:18:36,1,0,0,0,0,0,0,0,0
1,18,39,Regular Play,Tunisia,3857288,0 days 00:18:39,0,0,0,0,0,0,1,0,0
1,18,41,Regular Play,Tunisia,3857288,0 days 00:18:41,0,0,0,0,0,0,1,0,0
1,18,43,Regular Play,Tunisia,3857288,0 days 00:18:43,0,0,0,0,0,0,1,0,0
1,18,45,Regular Play,Tunisia,3857288,0 days 00:18:45,0,0,0,0,0,0,1,0,0
1,18,49,Regular Play,Tunisia,3857288,0 days 00:18:49,0,0,0,0,0,0,1,0,0
1,19,17,From Goal Kick,Australia,3857288,0 days 00:19:17,0,0,0,0,0,0,1,0,0
1,19,20,From Goal Kick,Australia,3857288,0 days 00:19:20,0,0,0,0,0,0,1,0,0
1,19,23,From Goal Kick,Australia,3857288,0 days 00:19:23,0,0,0,0,0,0,1,0,0
1,19,26,From Goal Kick,Tunisia,3857288,0 days 00:19:26,0,0,0,0,0,0,1,0,0
1,19,28,From Goal Kick,Australia,3857288,0 days 00:19:28,0,0,0,0,0,0,1,0,0
1,19,30,From Goal Kick,Australia,3857288,0 days 00:19:30,0,0,0,0,0,0,1,0,0
1,19,31,Regular Play,Tunisia,3857288,0 days 00:19:31,0,0,0,0,0,1,0,0,0
1,19,32,Regular Play,Tunisia,3857288,0 days 00:19:32,0,0,0,0,0,0,1,0,0
1,19,34,Regular Play,Tunisia,3857288,0 days 00:19:34,0,0,0,1,0,0,0,0,0
1,19,34,Regular Play,Australia,3857288,0 days 00:19:34,0,0,0,0,0,0,0,0,1
1,19,34,Regular Play,Australia,3857288,0 days 00:19:34,0,0,0,0,1,0,0,0,0
1,19,48,From Free Kick,Tunisia,3857288,0 days 00:19:48,0,0,0,0,0,0,1,0,0
1,19,50,From Free Kick,Tunisia,3857288,0 days 00:19:50,0,0,1,0,0,0,0,0,0
1,19,50,From Free Kick,Australia,3857288,0 days 00:19:50,0,0,0,0,0,0,0,0,1
1,19,51,From Free Kick,Tunisia,3857288,0 days 00:19:51,1,0,0,0,0,0,0,0,0
1,19,55,From Free Kick,Tunisia,3857288,0 days 00:19:55,0,0,0,0,0,0,1,0,0
1,19,57,From Free Kick,Tunisia,3857288,0 days 00:19:57,0,0,0,0,0,0,1,0,0
1,19,59,From Free Kick,Tunisia,3857288,0 days 00:19:59,0,0,0,0,0,0,1,0,0
1,20,8,From Throw In,Tunisia,3857288,0 days 00:20:08,0,0,0,0,0,0,1,0,0
1,20,10,From Throw In,Tunisia,3857288,0 days 00:20:10,0,0,0,0,0,0,1,0,0
1,20,11,From Throw In,Tunisia,3857288,0 days 00:20:11,0,0,0,0,0,0,1,0,0
1,20,13,From Throw In,Australia,3857288,0 days 00:20:13,1,0,0,0,0,0,0,0,0
1,20,15,From Throw In,Australia,3857288,0 days 00:20:15,0,0,0,0,0,0,1,0,0
1,20,16,From Throw In,Tunisia,3857288,0 days 00:20:16,1,0,0,0,0,0,0,0,0
1,20,17,From Throw In,Tunisia,3857288,0 days 00:20:17,0,0,0,0,0,0,1,0,0
1,20,20,From Throw In,Tunisia,3857288,0 days 00:20:20,0,0,0,0,0,0,0,1,0
1,21,2,From Goal Kick,Australia,3857288,0 days 00:21:02,0,0,0,0,0,0,1,0,0
1,21,5,From Goal Kick,Tunisia,3857288,0 days 00:21:05,0,1,0,0,0,0,0,0,0
1,21,35,From Throw In,Australia,3857288,0 days 00:21:35,0,0,0,0,0,0,1,0,0
1,21,41,From Throw In,Australia,3857288,0 days 00:21:41,0,0,0,0,0,0,1,0,0
1,12,2,From Throw In,Argentina,3857289,0 days 00:12:02,0,0,0,0,0,0,1,0,0
1,12,5,From Throw In,Argentina,3857289,0 days 00:12:05,0,0,0,0,0,0,1,0,0
1,12,11,From Throw In,Argentina,3857289,0 days 00:12:11,0,0,0,0,0,0,1,0,0
1,12,15,From Throw In,Argentina,3857289,0 days 00:12:15,0,0,0,0,0,0,1,0,0
1,12,16,From Throw In,Argentina,3857289,0 days 00:12:16,0,0,0,0,0,0,1,0,0
1,12,17,From Throw In,Argentina,3857289,0 days 00:12:17,0,0,0,0,0,0,1,0,0
1,12,22,From Throw In,Argentina,3857289,0 days 00:12:22,0,0,0,0,0,0,1,0,0
1,12,24,From Throw In,Argentina,3857289,0 days 00:12:24,0,0,0,0,0,0,1,0,0
1,12,26,From Throw In,Argentina,3857289,0 days 00:12:26,0,0,0,0,0,0,1,0,0
1,12,29,From Throw In,Argentina,3857289,0 days 00:12:29,0,0,0,0,0,0,1,0,0
1,12,33,Regular Play,Mexico,3857289,0 days 00:12:33,1,0,0,0,0,0,0,0,0
1,12,36,Regular Play,Mexico,3857289,0 days 00:12:36,0,0,0,0,0,0,1,0,0
1,12,39,Regular Play,Mexico,3857289,0 days 00:12:39,0,0,0,0,0,0,1,0,0
1,12,42,Regular Play,Mexico,3857289,0 days 00:12:42,0,0,1,0,0,0,0,0,0
1,12,42,Regular Play,Argentina,3857289,0 days 00:12:42,0,0,0,0,0,0,0,0,1
1,12,56,From Throw In,Argentina,3857289,0 days 00:12:56,0,0,0,0,0,0,1,0,0
1,12,59,From Throw In,Argentina,3857289,0 days 00:12:59,0,0,0,0,0,0,1,0,0
1,13,3,From Throw In,Argentina,3857289,0 days 00:13:03,0,0,0,0,0,0,1,0,0
1,13,5,From Throw In,Argentina,3857289,0 days 00:13:05,0,0,0,0,0,0,1,0,0
1,13,11,From Throw In,Argentina,3857289,0 days 00:13:11,0,0,0,0,0,0,1,0,0
1,13,14,From Throw In,Argentina,3857289,0 days 00:13:14,0,0,0,0,0,0,1,0,0
1,13,16,From Throw In,Argentina,3857289,0 days 00:13:16,0,0,0,1,0,0,0,0,0
1,13,16,From Throw In,Mexico,3857289,0 days 00:13:16,0,0,0,0,0,0,0,0,1
1,13,17,From Throw In,Mexico,3857289,0 days 00:13:17,0,0,0,0,1,0,0,0,0
1,13,43,From Free Kick,Argentina,3857289,0 days 00:13:43,0,0,0,0,0,0,1,0,0
1,13,46,From Free Kick,Argentina,3857289,0 days 00:13:46,0,0,0,0,0,0,1,0,0
1,13,52,From Free Kick,Argentina,3857289,0 days 00:13:52,0,0,0,0,0,0,1,0,0
1,13,59,From Free Kick,Argentina,3857289,0 days 00:13:59,0,0,0,0,0,0,1,0,0
1,14,1,From Free Kick,Argentina,3857289,0 days 00:14:01,0,0,0,0,0,0,1,0,0
1,14,3,From Free Kick,Argentina,3857289,0 days 00:14:03,0,0,0,0,0,0,1,0,0
1,14,5,From Free Kick,Argentina,3857289,0 days 00:14:05,0,0,0,0,0,0,1,0,0
1,14,8,From Free Kick,Argentina,3857289,0 days 00:14:08,0,0,0,0,0,0,1,0,0
1,14,9,From Free Kick,Argentina,3857289,0 days 00:14:09,0,0,0,0,0,0,1,0,0
1,14,12,From Free Kick,Argentina,3857289,0 days 00:14:12,0,0,0,0,0,0,1,0,0
1,14,14,Regular Play,Mexico,3857289,0 days 00:14:14,1,0,0,0,0,0,0,0,0
1,14,18,Regular Play,Mexico,3857289,0 days 00:14:18,0,0,0,0,0,0,1,0,0
1,14,20,Regular Play,Argentina,3857289,0 days 00:14:20,0,0,0,0,0,1,0,0,0
1,14,34,From Throw In,Mexico,3857289,0 days 00:14:34,0,0,0,0,0,0,1,0,0
1,14,37,From Throw In,Mexico,3857289,0 days 00:14:37,0,0,0,0,0,0,1,0,0
1,14,39,From Throw In,Mexico,3857289,0 days 00:14:39,0,0,0,0,0,0,1,0,0
1,14,42,From Throw In,Mexico,3857289,0 days 00:14:42,0,0,0,0,0,0,1,0,0
1,14,47,From Throw In,Mexico,3857289,0 days 00:14:47,0,0,0,0,0,0,1,0,0
1,14,52,From Throw In,Mexico,3857289,0 days 00:14:52,0,0,0,0,0,0,1,0,0
1,14,54,From Throw In,Mexico,3857289,0 days 00:14:54,0,0,0,0,0,0,1,0,0
1,14,57,From Throw In,Mexico,3857289,0 days 00:14:57,0,0,0,0,0,0,1,0,0
1,14,58,From Throw In,Mexico,3857289,0 days 00:14:58,0,0,0,0,0,0,1,0,0
1,15,1,From Throw In,Mexico,3857289,0 days 00:15:01,0,0,0,0,0,0,1,0,0
1,15,5,From Throw In,Mexico,3857289,0 days 00:15:05,0,0,0,0,0,0,1,0,0
1,15,6,From Throw In,Mexico,3857289,0 days 00:15:06,0,0,0,0,0,0,1,0,0
1,15,8,From Throw In,Mexico,3857289,0 days 00:15:08,0,0,0,0,0,0,1,0,0
1,15,10,From Throw In,Mexico,3857289,0 days 00:15:10,0,0,0,0,0,0,1,0,0
1,15,13,From Throw In,Mexico,3857289,0 days 00:15:13,0,0,0,0,0,0,1,0,0
1,15,15,From Throw In,Mexico,3857289,0 days 00:15:15,0,0,0,0,0,0,1,0,0
1,15,16,From Throw In,Mexico,3857289,0 days 00:15:16,0,0,1,0,0,0,0,0,0
1,15,16,From Throw In,Argentina,3857289,0 days 00:15:16,0,0,0,0,0,0,0,0,1
1,15,18,From Throw In,Argentina,3857289,0 days 00:15:18,1,0,0,0,0,0,0,0,0
1,15,19,From Throw In,Argentina,3857289,0 days 00:15:19,0,0,0,0,0,0,1,0,0
1,15,21,From Throw In,Mexico,3857289,0 days 00:15:21,1,0,0,0,0,0,0,0,0
1,15,23,From Throw In,Mexico,3857289,0 days 00:15:23,0,0,1,0,0,0,0,0,0
1,15,23,Regular Play,Argentina,3857289,0 days 00:15:23,0,0,0,0,0,0,0,0,1
1,15,25,Regular Play,Mexico,3857289,0 days 00:15:25,0,0,0,0,1,0,0,0,0
1,15,43,From Free Kick,Argentina,3857289,0 days 00:15:43,0,0,0,0,0,0,1,0,0
1,15,46,From Free Kick,Argentina,3857289,0 days 00:15:46,0,0,0,0,0,0,1,0,0
1,15,50,From Free Kick,Argentina,3857289,0 days 00:15:50,0,0,0,0,0,0,1,0,0
1,15,53,From Free Kick,Argentina,3857289,0 days 00:15:53,0,0,0,0,0,0,1,0,0
1,16,0,From Free Kick,Argentina,3857289,0 days 00:16:00,0,0,0,0,0,0,1,0,0
1,16,2,From Free Kick,Argentina,3857289,0 days 00:16:02,0,0,0,0,0,0,1,0,0
1,16,11,From Free Kick,Argentina,3857289,0 days 00:16:11,0,0,0,1,0,0,0,0,0
1,16,13,From Free Kick,Argentina,3857289,0 days 00:16:13,0,0,0,0,0,0,1,0,0
1,16,15,From Free Kick,Argentina,3857289,0 days 00:16:15,0,0,0,0,0,0,1,0,0
1,16,16,From Free Kick,Argentina,3857289,0 days 00:16:16,0,0,0,0,0,0,1,0,0
1,16,37,Other,Argentina,3857289,0 days 00:16:37,1,0,0,0,0,0,0,0,0
1,16,39,Other,Argentina,3857289,0 days 00:16:39,0,0,0,0,0,0,1,0,0
1,16,43,Other,Argentina,3857289,0 days 00:16:43,0,0,0,0,0,0,1,0,0
1,16,46,Other,Argentina,3857289,0 days 00:16:46,0,0,0,0,0,0,1,0,0
1,16,49,Other,Argentina,3857289,0 days 00:16:49,0,0,0,0,0,0,1,0,0
1,16,50,Other,Argentina,3857289,0 days 00:16:50,0,0,1,0,0,0,0,0,0
1,16,50,Regular Play,Mexico,3857289,0 days 00:16:50,0,0,0,0,0,0,0,0,1
1,16,51,Regular Play,Mexico,3857289,0 days 00:16:51,0,0,0,0,0,0,1,0,0
1,16,53,Regular Play,Mexico,3857289,0 days 00:16:53,0,0,0,0,0,0,1,0,0
1,16,56,Regular Play,Argentina,3857289,0 days 00:16:56,0,0,0,0,0,0,1,0,0
1,17,39,From Free Kick,Mexico,3857289,0 days 00:17:39,0,0,0,0,0,0,1,0,0
1,17,42,From Free Kick,Mexico,3857289,0 days 00:17:42,0,0,0,0,0,0,1,0,0
1,17,44,From Free Kick,Mexico,3857289,0 days 00:17:44,0,0,0,0,0,0,1,0,0
1,17,49,From Free Kick,Mexico,3857289,0 days 00:17:49,0,0,0,0,0,0,1,0,0
1,17,54,From Free Kick,Mexico,3857289,0 days 00:17:54,0,0,0,0,0,0,1,0,0
1,17,55,From Free Kick,Mexico,3857289,0 days 00:17:55,0,0,0,0,0,0,1,0,0
1,17,56,From Free Kick,Argentina,3857289,0 days 00:17:56,0,0,0,0,0,1,0,0,0
1,18,12,From Throw In,Mexico,3857289,0 days 00:18:12,0,0,0,0,0,0,1,0,0
1,18,14,From Throw In,Mexico,3857289,0 days 00:18:14,0,0,0,1,0,0,0,0,0
1,18,14,From Throw In,Argentina,3857289,0 days 00:18:14,0,0,0,0,0,0,0,0,1
1,18,15,From Throw In,Argentina,3857289,0 days 00:18:15,0,0,0,0,0,0,1,0,0
1,18,17,From Throw In,Mexico,3857289,0 days 00:18:17,0,0,0,0,0,0,1,0,0
1,18,20,From Throw In,Argentina,3857289,0 days 00:18:20,0,1,0,0,0,0,0,0,0
1,18,21,From Throw In,Argentina,3857289,0 days 00:18:21,1,0,0,0,0,0,0,0,0
1,18,23,From Throw In,Argentina,3857289,0 days 00:18:23,0,0,0,0,0,0,1,0,0
1,18,26,From Throw In,Mexico,3857289,0 days 00:18:26,1,0,0,0,0,0,0,0,0
1,18,27,From Throw In,Mexico,3857289,0 days 00:18:27,0,0,0,0,0,0,1,0,0
1,18,36,From Throw In,Mexico,3857289,0 days 00:18:36,0,0,0,0,0,0,1,0,0
1,18,39,From Throw In,Mexico,3857289,0 days 00:18:39,0,0,0,0,0,0,1,0,0
1,18,42,From Throw In,Mexico,3857289,0 days 00:18:42,0,0,0,0,0,0,1,0,0
1,18,49,From Throw In,Mexico,3857289,0 days 00:18:49,0,0,0,0,0,0,1,0,0
1,18,58,From Throw In,Mexico,3857289,0 days 00:18:58,0,0,0,0,0,0,1,0,0
1,19,2,From Throw In,Mexico,3857289,0 days 00:19:02,0,0,0,0,0,0,1,0,0
1,19,4,From Throw In,Argentina,3857289,0 days 00:19:04,0,1,0,0,0,0,0,0,0
1,19,6,From Throw In,Mexico,3857289,0 days 00:19:06,0,0,0,0,0,0,1,0,0
1,19,11,From Throw In,Argentina,3857289,0 days 00:19:11,0,0,0,0,1,0,0,0,0
1,20,31,From Free Kick,Mexico,3857289,0 days 00:20:31,0,0,0,0,0,0,1,0,0
1,20,32,From Free Kick,Mexico,3857289,0 days 00:20:32,0,0,0,0,0,0,1,0,0
1,20,50,From Keeper,Argentina,3857289,0 days 00:20:50,0,0,0,0,0,0,1,0,0
1,20,57,From Keeper,Argentina,3857289,0 days 00:20:57,0,0,0,0,0,0,1,0,0
1,20,59,From Keeper,Argentina,3857289,0 days 00:20:59,0,0,0,0,0,0,1,0,0
1,21,1,From Keeper,Argentina,3857289,0 days 00:21:01,0,0,0,0,0,0,1,0,0
1,21,7,From Keeper,Argentina,3857289,0 days 00:21:07,0,0,0,0,0,0,1,0,0
1,21,10,From Keeper,Argentina,3857289,0 days 00:21:10,0,0,0,0,0,0,1,0,0
1,21,12,From Keeper,Argentina,3857289,0 days 00:21:12,0,0,0,0,0,0,1,0,0
1,21,18,From Keeper,Argentina,3857289,0 days 00:21:18,0,0,0,0,0,0,1,0,0
1,21,20,From Keeper,Argentina,3857289,0 days 00:21:20,0,0,0,0,0,0,1,0,0
1,21,22,From Keeper,Mexico,3857289,0 days 00:21:22,0,0,0,0,0,0,1,0,0
1,21,23,From Keeper,Argentina,3857289,0 days 00:21:23,1,0,0,0,0,0,0,0,0
1,21,24,From Keeper,Argentina,3857289,0 days 00:21:24,0,0,0,0,0,0,1,0,0
1,21,26,From Keeper,Mexico,3857289,0 days 00:21:26,1,0,0,0,0,0,0,0,0
1,21,27,From Keeper,Mexico,3857289,0 days 00:21:27,0,0,1,0,0,0,0,0,0
1,21,27,From Keeper,Argentina,3857289,0 days 00:21:27,0,0,0,0,0,0,0,0,1
1,21,29,From Keeper,Mexico,3857289,0 days 00:21:29,0,0,0,0,1,0,0,0,0
1,12,4,From Goal Kick,Cameroon,3857290,0 days 00:12:04,0,0,0,0,0,0,1,0,0
1,12,6,From Goal Kick,Cameroon,3857290,0 days 00:12:06,0,0,0,0,0,0,1,0,0
1,12,7,Regular Play,Switzerland,3857290,0 days 00:12:07,0,0,0,0,0,0,1,0,0
1,12,10,Regular Play,Switzerland,3857290,0 days 00:12:10,0,0,0,0,0,0,1,0,0
1,12,11,Regular Play,Switzerland,3857290,0 days 00:12:11,0,0,0,0,0,0,1,0,0
1,12,12,Regular Play,Switzerland,3857290,0 days 00:12:12,0,0,0,0,0,0,1,0,0
1,12,16,Regular Play,Switzerland,3857290,0 days 00:12:16,0,0,0,0,0,0,1,0,0
1,12,23,Regular Play,Switzerland,3857290,0 days 00:12:23,0,0,0,0,0,0,1,0,0
1,12,24,Regular Play,Cameroon,3857290,0 days 00:12:24,1,0,0,0,0,0,0,0,0
1,12,28,Regular Play,Cameroon,3857290,0 days 00:12:28,0,0,0,0,0,0,1,0,0
1,12,29,Regular Play,Switzerland,3857290,0 days 00:12:29,0,0,0,0,0,0,1,0,0
1,12,30,Regular Play,Switzerland,3857290,0 days 00:12:30,0,0,0,0,0,0,1,0,0
1,12,32,Regular Play,Switzerland,3857290,0 days 00:12:32,0,0,0,0,0,0,1,0,0
1,13,15,From Free Kick,Cameroon,3857290,0 days 00:13:15,0,0,0,0,0,0,1,0,0
1,13,19,Regular Play,Switzerland,3857290,0 days 00:13:19,0,0,0,0,0,0,1,0,0
1,13,20,Regular Play,Switzerland,3857290,0 days 00:13:20,0,0,0,0,0,0,1,0,0
1,13,22,Regular Play,Switzerland,3857290,0 days 00:13:22,0,0,0,0,0,0,1,0,0
1,13,23,Regular Play,Switzerland,3857290,0 days 00:13:23,0,0,0,0,0,0,1,0,0
1,13,26,Regular Play,Switzerland,3857290,0 days 00:13:26,0,0,0,0,0,0,1,0,0
1,13,37,Regular Play,Switzerland,3857290,0 days 00:13:37,0,0,1,0,0,0,0,0,0
1,13,37,Regular Play,Cameroon,3857290,0 days 00:13:37,0,0,0,0,0,0,0,0,1
1,13,38,Regular Play,Cameroon,3857290,0 days 00:13:38,1,0,0,0,0,0,0,0,0
1,13,39,Regular Play,Cameroon,3857290,0 days 00:13:39,0,0,0,0,0,0,1,0,0
1,13,40,Regular Play,Cameroon,3857290,0 days 00:13:40,0,0,0,0,0,0,1,0,0
1,13,41,Regular Play,Cameroon,3857290,0 days 00:13:41,0,0,0,0,0,0,1,0,0
1,14,17,From Free Kick,Switzerland,3857290,0 days 00:14:17,0,0,0,0,0,0,1,0,0
1,14,25,From Free Kick,Switzerland,3857290,0 days 00:14:25,0,0,0,0,0,0,1,0,0
1,14,30,From Free Kick,Switzerland,3857290,0 days 00:14:30,0,0,0,0,0,0,1,0,0
1,14,35,From Free Kick,Switzerland,3857290,0 days 00:14:35,0,0,0,0,0,0,1,0,0
1,14,38,From Free Kick,Switzerland,3857290,0 days 00:14:38,0,0,0,0,0,0,1,0,0
1,14,41,From Free Kick,Switzerland,3857290,0 days 00:14:41,0,0,0,0,0,0,1,0,0
1,15,15,From Corner,Switzerland,3857290,0 days 00:15:15,0,0,0,0,0,0,1,0,0
1,15,16,From Corner,Cameroon,3857290,0 days 00:15:16,0,1,0,0,0,0,0,0,0
1,15,20,From Corner,Switzerland,3857290,0 days 00:15:20,0,0,0,0,0,0,1,0,0
1,15,21,From Corner,Cameroon,3857290,0 days 00:15:21,0,0,0,0,0,0,1,0,0
1,15,22,From Corner,Switzerland,3857290,0 days 00:15:22,0,0,0,0,0,0,1,0,0
1,15,25,From Corner,Switzerland,3857290,0 days 00:15:25,0,0,0,0,0,0,1,0,0
1,15,29,From Corner,Switzerland,3857290,0 days 00:15:29,0,0,0,0,0,0,1,0,0
1,15,30,From Corner,Switzerland,3857290,0 days 00:15:30,0,0,0,0,0,0,1,0,0
1,15,31,Regular Play,Cameroon,3857290,0 days 00:15:31,0,0,0,0,0,0,1,0,0
1,15,32,Regular Play,Cameroon,3857290,0 days 00:15:32,0,0,0,0,0,0,1,0,0
1,15,35,Regular Play,Cameroon,3857290,0 days 00:15:35,0,0,0,0,0,0,1,0,0
1,15,42,Regular Play,Cameroon,3857290,0 days 00:15:42,0,0,0,0,0,0,1,0,0
1,15,45,Regular Play,Cameroon,3857290,0 days 00:15:45,1,0,0,0,0,0,0,0,0
1,15,46,Regular Play,Switzerland,3857290,0 days 00:15:46,0,0,0,0,0,0,1,0,0
1,15,51,Regular Play,Switzerland,3857290,0 days 00:15:51,0,0,0,0,0,0,1,0,0
1,15,56,Regular Play,Switzerland,3857290,0 days 00:15:56,0,0,0,0,0,0,1,0,0
1,15,57,Regular Play,Switzerland,3857290,0 days 00:15:57,0,0,0,0,0,0,1,0,0
1,16,2,Regular Play,Switzerland,3857290,0 days 00:16:02,0,0,0,0,0,0,1,0,0
1,16,6,Regular Play,Switzerland,3857290,0 days 00:16:06,0,0,0,0,0,0,1,0,0
1,16,7,Regular Play,Switzerland,3857290,0 days 00:16:07,0,0,0,0,0,0,1,0,0
1,16,12,Regular Play,Switzerland,3857290,0 days 00:16:12,0,0,0,0,0,0,1,0,0
1,16,19,Regular Play,Switzerland,3857290,0 days 00:16:19,0,0,0,0,0,0,1,0,0
1,16,22,Regular Play,Switzerland,3857290,0 days 00:16:22,0,0,0,0,0,0,1,0,0
1,16,24,Regular Play,Switzerland,3857290,0 days 00:16:24,0,0,0,0,0,0,1,0,0
1,16,25,Regular Play,Cameroon,3857290,0 days 00:16:25,0,0,0,0,0,1,0,0,0
1,16,26,Regular Play,Cameroon,3857290,0 days 00:16:26,0,0,0,0,0,0,1,0,0
1,16,27,Regular Play,Cameroon,3857290,0 days 00:16:27,0,0,0,0,0,0,1,0,0
1,16,29,Regular Play,Cameroon,3857290,0 days 00:16:29,0,0,0,0,0,0,1,0,0
1,16,30,Regular Play,Cameroon,3857290,0 days 00:16:30,0,0,0,0,0,0,1,0,0
1,16,32,Regular Play,Cameroon,3857290,0 days 00:16:32,0,0,0,0,0,0,1,0,0
1,16,35,Regular Play,Cameroon,3857290,0 days 00:16:35,0,0,0,0,0,0,1,0,0
1,16,38,Regular Play,Cameroon,3857290,0 days 00:16:38,0,0,0,0,0,0,1,0,0
1,16,39,Regular Play,Cameroon,3857290,0 days 00:16:39,0,0,0,0,0,0,1,0,0
1,16,42,Regular Play,Cameroon,3857290,0 days 00:16:42,0,0,0,0,0,0,1,0,0
1,16,45,Regular Play,Cameroon,3857290,0 days 00:16:45,0,0,0,0,0,0,1,0,0
1,16,50,Regular Play,Switzerland,3857290,0 days 00:16:50,1,0,0,0,0,0,0,0,0
1,16,52,Regular Play,Switzerland,3857290,0 days 00:16:52,0,0,0,0,0,0,1,0,0
1,16,56,Regular Play,Switzerland,3857290,0 days 00:16:56,0,0,0,0,0,0,1,0,0
1,17,0,Regular Play,Switzerland,3857290,0 days 00:17:00,0,0,0,0,0,0,1,0,0
1,17,2,Regular Play,Switzerland,3857290,0 days 00:17:02,0,0,0,0,0,0,1,0,0
1,17,5,Regular Play,Switzerland,3857290,0 days 00:17:05,0,0,0,0,0,0,1,0,0
1,17,8,Regular Play,Switzerland,3857290,0 days 00:17:08,0,0,0,0,0,0,1,0,0
1,17,14,Regular Play,Switzerland,3857290,0 days 00:17:14,0,0,0,0,0,0,1,0,0
1,17,18,Regular Play,Switzerland,3857290,0 days 00:17:18,0,0,0,0,0,0,1,0,0
1,17,22,Regular Play,Switzerland,3857290,0 days 00:17:22,0,0,0,0,0,0,1,0,0
1,17,24,Regular Play,Switzerland,3857290,0 days 00:17:24,0,0,0,0,0,0,1,0,0
1,17,28,Regular Play,Switzerland,3857290,0 days 00:17:28,0,0,0,0,0,0,1,0,0
1,17,31,Regular Play,Switzerland,3857290,0 days 00:17:31,0,0,0,0,0,0,1,0,0
1,17,35,Regular Play,Switzerland,3857290,0 days 00:17:35,0,0,0,0,0,0,1,0,0
1,17,37,Regular Play,Switzerland,3857290,0 days 00:17:37,0,0,0,0,0,0,1,0,0
1,17,44,Regular Play,Switzerland,3857290,0 days 00:17:44,0,0,0,0,0,0,1,0,0
1,17,50,Regular Play,Switzerland,3857290,0 days 00:17:50,0,0,0,0,0,0,1,0,0
1,17,51,Regular Play,Switzerland,3857290,0 days 00:17:51,0,0,0,0,0,0,1,0,0
1,17,55,Regular Play,Switzerland,3857290,0 days 00:17:55,0,0,0,0,0,0,1,0,0
1,17,59,Regular Play,Switzerland,3857290,0 days 00:17:59,0,0,0,0,0,0,1,0,0
1,18,2,Regular Play,Switzerland,3857290,0 days 00:18:02,0,0,0,0,0,0,1,0,0
1,18,5,Regular Play,Switzerland,3857290,0 days 00:18:05,0,0,0,0,0,0,1,0,0
1,18,5,Regular Play,Cameroon,3857290,0 days 00:18:05,0,1,0,0,0,0,0,0,0
1,18,7,Regular Play,Switzerland,3857290,0 days 00:18:07,0,0,0,0,0,0,1,0,0
1,18,9,Regular Play,Switzerland,3857290,0 days 00:18:09,0,0,0,0,0,0,1,0,0
1,18,34,From Goal Kick,Cameroon,3857290,0 days 00:18:34,0,0,0,0,0,0,1,0,0
1,18,37,From Goal Kick,Cameroon,3857290,0 days 00:18:37,0,0,0,0,0,0,1,0,0
1,18,51,From Goal Kick,Cameroon,3857290,0 days 00:18:51,0,0,0,0,0,0,1,0,0
1,18,52,From Goal Kick,Cameroon,3857290,0 days 00:18:52,0,0,0,0,0,0,1,0,0
1,18,56,From Goal Kick,Cameroon,3857290,0 days 00:18:56,0,0,0,0,0,0,1,0,0
1,18,57,From Goal Kick,Cameroon,3857290,0 days 00:18:57,0,0,0,0,0,0,1,0,0
1,18,59,From Goal Kick,Switzerland,3857290,0 days 00:18:59,1,0,0,0,0,0,0,0,0
1,19,0,From Goal Kick,Switzerland,3857290,0 days 00:19:00,0,0,0,0,0,0,1,0,0
1,19,1,From Goal Kick,Cameroon,3857290,0 days 00:19:01,0,0,0,0,0,1,0,0,0
1,19,3,From Goal Kick,Cameroon,3857290,0 days 00:19:03,1,0,0,0,0,0,0,0,0
1,19,4,From Goal Kick,Cameroon,3857290,0 days 00:19:04,0,0,0,0,0,0,1,0,0
1,19,6,From Goal Kick,Cameroon,3857290,0 days 00:19:06,0,0,0,0,0,0,1,0,0
1,19,9,From Goal Kick,Cameroon,3857290,0 days 00:19:09,0,0,0,0,0,0,1,0,0
1,19,13,From Goal Kick,Switzerland,3857290,0 days 00:19:13,0,0,0,0,1,0,0,0,0
1,19,30,From Free Kick,Cameroon,3857290,0 days 00:19:30,0,0,0,0,0,0,1,0,0
1,19,33,From Free Kick,Cameroon,3857290,0 days 00:19:33,0,0,0,0,0,0,1,0,0
1,19,37,From Free Kick,Cameroon,3857290,0 days 00:19:37,0,0,0,0,0,0,1,0,0
1,19,38,From Free Kick,Cameroon,3857290,0 days 00:19:38,1,0,0,0,0,0,0,0,0
1,19,41,From Free Kick,Cameroon,3857290,0 days 00:19:41,0,0,0,0,0,0,1,0,0
1,19,43,From Free Kick,Cameroon,3857290,0 days 00:19:43,0,0,0,0,0,0,1,0,0
1,19,49,From Free Kick,Cameroon,3857290,0 days 00:19:49,0,0,0,0,0,0,1,0,0
1,19,52,From Free Kick,Cameroon,3857290,0 days 00:19:52,0,0,0,0,0,0,1,0,0
1,19,55,From Free Kick,Cameroon,3857290,0 days 00:19:55,0,0,0,0,0,0,1,0,0
1,19,58,Regular Play,Switzerland,3857290,0 days 00:19:58,1,0,0,0,0,0,0,0,0
1,20,2,Regular Play,Switzerland,3857290,0 days 00:20:02,0,0,0,0,0,0,1,0,0
1,20,7,Regular Play,Switzerland,3857290,0 days 00:20:07,0,0,0,0,0,0,1,0,0
1,20,8,Regular Play,Switzerland,3857290,0 days 00:20:08,0,0,0,0,0,0,1,0,0
1,20,10,Regular Play,Switzerland,3857290,0 days 00:20:10,0,0,0,0,0,0,1,0,0
1,20,11,Regular Play,Switzerland,3857290,0 days 00:20:11,0,0,0,0,0,0,1,0,0
1,20,19,Regular Play,Switzerland,3857290,0 days 00:20:19,0,0,0,0,0,0,1,0,0
1,20,23,Regular Play,Cameroon,3857290,0 days 00:20:23,0,0,0,0,1,0,0,0,0
1,20,32,From Free Kick,Switzerland,3857290,0 days 00:20:32,0,0,0,0,0,0,1,0,0
1,20,35,From Free Kick,Switzerland,3857290,0 days 00:20:35,0,0,0,0,0,0,1,0,0
1,20,38,From Free Kick,Switzerland,3857290,0 days 00:20:38,0,0,0,0,0,0,1,0,0
1,20,40,From Free Kick,Switzerland,3857290,0 days 00:20:40,0,0,0,0,0,0,1,0,0
1,20,43,From Free Kick,Cameroon,3857290,0 days 00:20:43,0,0,0,0,1,0,0,0,0
1,20,52,From Free Kick,Switzerland,3857290,0 days 00:20:52,0,0,0,0,0,0,1,0,0
1,20,54,From Free Kick,Switzerland,3857290,0 days 00:20:54,0,0,0,0,0,0,1,0,0
1,20,59,From Free Kick,Switzerland,3857290,0 days 00:20:59,0,0,0,0,0,0,1,0,0
1,21,2,From Free Kick,Switzerland,3857290,0 days 00:21:02,0,0,0,0,0,0,1,0,0
1,21,4,From Free Kick,Switzerland,3857290,0 days 00:21:04,0,0,0,0,0,0,1,0,0
1,21,7,From Free Kick,Switzerland,3857290,0 days 00:21:07,0,0,0,0,0,0,1,0,0
1,21,8,From Free Kick,Cameroon,3857290,0 days 00:21:08,0,1,0,0,0,0,0,0,0
1,21,10,From Free Kick,Cameroon,3857290,0 days 00:21:10,1,0,0,0,0,0,0,0,0
1,21,13,From Free Kick,Cameroon,3857290,0 days 00:21:13,0,0,0,0,0,0,1,0,0
1,21,21,From Throw In,Switzerland,3857290,0 days 00:21:21,0,0,0,0,0,0,1,0,0
1,21,22,From Throw In,Switzerland,3857290,0 days 00:21:22,0,0,0,0,0,0,1,0,0
1,21,24,From Throw In,Switzerland,3857290,0 days 00:21:24,0,0,0,0,0,0,1,0,0
1,21,25,From Throw In,Switzerland,3857290,0 days 00:21:25,0,0,0,0,0,0,1,0,0
1,21,27,From Throw In,Switzerland,3857290,0 days 00:21:27,0,0,0,0,0,0,1,0,0
1,21,29,From Throw In,Switzerland,3857290,0 days 00:21:29,0,0,0,0,0,0,1,0,0
1,21,34,From Throw In,Switzerland,3857290,0 days 00:21:34,0,0,0,0,0,0,1,0,0
1,21,39,From Throw In,Switzerland,3857290,0 days 00:21:39,0,0,0,0,0,0,1,0,0
1,21,41,From Throw In,Switzerland,3857290,0 days 00:21:41,0,0,0,0,0,0,1,0,0
1,21,44,From Throw In,Switzerland,3857290,0 days 00:21:44,0,0,0,0,0,0,1,0,0
1,21,48,From Throw In,Switzerland,3857290,0 days 00:21:48,0,0,0,0,0,0,1,0,0
1,21,50,From Throw In,Switzerland,3857290,0 days 00:21:50,0,0,0,0,0,0,1,0,0
1,21,51,From Throw In,Cameroon,3857290,0 days 00:21:51,0,0,0,0,0,1,0,0,0
1,21,54,Regular Play,Cameroon,3857290,0 days 00:21:54,1,0,0,0,0,0,0,0,0
1,21,57,Regular Play,Cameroon,3857290,0 days 00:21:57,0,0,0,0,0,0,1,0,0
1,12,0,Regular Play,Spain,3857291,0 days 00:12:00,0,0,0,0,0,0,1,0,0
1,12,1,Regular Play,Spain,3857291,0 days 00:12:01,0,0,0,0,0,0,1,0,0
1,12,7,From Throw In,Costa Rica,3857291,0 days 00:12:07,0,0,0,0,0,0,1,0,0
1,12,9,From Throw In,Costa Rica,3857291,0 days 00:12:09,0,0,0,0,0,0,1,0,0
1,12,17,From Throw In,Spain,3857291,0 days 00:12:17,0,0,0,0,0,0,1,0,0
1,12,19,From Throw In,Spain,3857291,0 days 00:12:19,0,0,0,0,0,0,1,0,0
1,12,22,From Throw In,Spain,3857291,0 days 00:12:22,0,0,0,0,0,0,1,0,0
1,12,30,From Throw In,Spain,3857291,0 days 00:12:30,0,0,0,0,0,0,1,0,0
1,12,36,From Throw In,Spain,3857291,0 days 00:12:36,0,0,0,0,0,0,1,0,0
1,12,38,From Throw In,Spain,3857291,0 days 00:12:38,0,0,0,0,0,0,1,0,0
1,12,40,From Throw In,Spain,3857291,0 days 00:12:40,0,0,0,0,0,0,1,0,0
1,12,43,From Throw In,Spain,3857291,0 days 00:12:43,0,0,0,0,0,0,1,0,0
1,12,45,From Throw In,Spain,3857291,0 days 00:12:45,0,0,0,0,0,0,1,0,0
1,12,45,From Throw In,Spain,3857291,0 days 00:12:45,0,0,0,0,0,0,1,0,0
1,12,45,From Throw In,Spain,3857291,0 days 00:12:45,0,0,1,0,0,0,0,0,0
1,12,45,Regular Play,Costa Rica,3857291,0 days 00:12:45,0,0,0,0,0,0,0,0,1
1,12,47,Regular Play,Costa Rica,3857291,0 days 00:12:47,1,0,0,0,0,0,0,0,0
1,12,49,Regular Play,Costa Rica,3857291,0 days 00:12:49,0,0,0,0,0,0,1,0,0
1,12,52,Regular Play,Costa Rica,3857291,0 days 00:12:52,0,0,0,0,0,0,1,0,0
1,12,56,Regular Play,Costa Rica,3857291,0 days 00:12:56,0,0,0,0,0,0,1,0,0
1,13,0,Regular Play,Costa Rica,3857291,0 days 00:13:00,0,0,0,0,0,0,1,0,0
1,13,3,Regular Play,Spain,3857291,0 days 00:13:03,0,0,0,0,0,0,1,0,0
1,13,5,Regular Play,Spain,3857291,0 days 00:13:05,0,0,0,0,0,0,1,0,0
1,13,8,Regular Play,Spain,3857291,0 days 00:13:08,0,0,0,0,0,0,1,0,0
1,13,10,Regular Play,Spain,3857291,0 days 00:13:10,0,0,0,0,0,0,1,0,0
1,13,11,Regular Play,Spain,3857291,0 days 00:13:11,0,0,0,0,0,0,1,0,0
1,13,12,Regular Play,Spain,3857291,0 days 00:13:12,0,0,0,0,0,0,1,0,0
1,13,13,Regular Play,Spain,3857291,0 days 00:13:13,0,0,0,0,0,0,1,0,0
1,13,15,Regular Play,Spain,3857291,0 days 00:13:15,0,0,0,0,0,0,1,0,0
1,13,16,Regular Play,Spain,3857291,0 days 00:13:16,0,0,0,0,0,0,1,0,0
1,13,30,From Throw In,Costa Rica,3857291,0 days 00:13:30,0,0,0,0,0,0,1,0,0
1,13,31,From Throw In,Spain,3857291,0 days 00:13:31,0,0,0,0,0,1,0,0,0
1,13,32,From Throw In,Spain,3857291,0 days 00:13:32,0,0,0,0,0,0,1,0,0
1,13,44,From Throw In,Spain,3857291,0 days 00:13:44,0,0,0,0,0,0,1,0,0
1,13,46,From Throw In,Spain,3857291,0 days 00:13:46,0,0,0,0,0,0,1,0,0
1,13,48,From Throw In,Spain,3857291,0 days 00:13:48,0,0,0,0,0,0,1,0,0
1,13,53,From Throw In,Spain,3857291,0 days 00:13:53,1,0,0,0,0,0,0,0,0
1,13,53,From Throw In,Spain,3857291,0 days 00:13:53,0,0,0,0,0,0,1,0,0
1,13,55,From Throw In,Spain,3857291,0 days 00:13:55,0,0,0,0,0,0,1,0,0
1,14,1,From Throw In,Spain,3857291,0 days 00:14:01,0,0,0,0,0,0,1,0,0
1,14,4,From Throw In,Spain,3857291,0 days 00:14:04,0,0,0,0,0,0,1,0,0
1,14,6,From Throw In,Spain,3857291,0 days 00:14:06,0,0,0,0,0,0,1,0,0
1,14,8,From Throw In,Spain,3857291,0 days 00:14:08,0,0,0,0,0,0,1,0,0
1,14,10,From Throw In,Spain,3857291,0 days 00:14:10,0,0,0,0,0,0,1,0,0
1,14,11,From Throw In,Spain,3857291,0 days 00:14:11,0,0,0,0,0,0,1,0,0
1,14,13,From Throw In,Spain,3857291,0 days 00:14:13,0,0,0,0,0,0,1,0,0
1,14,15,From Throw In,Spain,3857291,0 days 00:14:15,0,0,0,0,0,0,1,0,0
1,14,18,From Throw In,Spain,3857291,0 days 00:14:18,0,0,0,0,0,0,1,0,0
1,14,21,From Throw In,Spain,3857291,0 days 00:14:21,0,0,0,0,0,0,1,0,0
1,14,23,From Throw In,Costa Rica,3857291,0 days 00:14:23,0,0,0,0,1,0,0,0,0
1,15,12,From Free Kick,Spain,3857291,0 days 00:15:12,0,0,0,0,0,0,1,0,0
1,15,14,From Free Kick,Spain,3857291,0 days 00:15:14,0,0,0,0,0,0,1,0,0
1,15,15,From Free Kick,Costa Rica,3857291,0 days 00:15:15,0,0,0,0,0,1,0,0,0
1,15,16,From Free Kick,Costa Rica,3857291,0 days 00:15:16,0,0,0,0,0,0,1,0,0
1,15,21,From Free Kick,Spain,3857291,0 days 00:15:21,0,0,0,0,1,0,0,0,0
1,16,1,From Free Kick,Costa Rica,3857291,0 days 00:16:01,0,0,0,0,0,0,1,0,0
1,16,28,From Free Kick,Spain,3857291,0 days 00:16:28,0,0,0,0,0,0,1,0,0
1,16,32,From Free Kick,Spain,3857291,0 days 00:16:32,0,0,0,0,0,0,1,0,0
1,16,34,From Free Kick,Spain,3857291,0 days 00:16:34,0,0,0,0,0,0,1,0,0
1,16,36,From Free Kick,Spain,3857291,0 days 00:16:36,0,0,0,0,0,0,1,0,0
1,16,41,From Free Kick,Spain,3857291,0 days 00:16:41,0,0,0,0,0,0,1,0,0
1,16,44,From Free Kick,Spain,3857291,0 days 00:16:44,0,0,0,0,0,0,1,0,0
1,16,46,From Free Kick,Spain,3857291,0 days 00:16:46,0,0,0,0,0,0,1,0,0
1,16,50,From Free Kick,Spain,3857291,0 days 00:16:50,0,0,0,0,0,0,1,0,0
1,16,54,From Free Kick,Spain,3857291,0 days 00:16:54,0,0,0,0,0,0,1,0,0
1,16,57,From Free Kick,Spain,3857291,0 days 00:16:57,0,0,0,0,0,0,1,0,0
1,16,58,From Free Kick,Spain,3857291,0 days 00:16:58,0,0,0,0,0,0,1,0,0
1,17,3,From Free Kick,Spain,3857291,0 days 00:17:03,0,0,0,0,0,0,1,0,0
1,17,6,From Free Kick,Spain,3857291,0 days 00:17:06,0,0,0,0,0,0,1,0,0
1,17,10,From Free Kick,Spain,3857291,0 days 00:17:10,0,0,0,0,0,0,1,0,0
1,17,13,From Free Kick,Spain,3857291,0 days 00:17:13,0,0,0,0,0,0,1,0,0
1,17,13,From Free Kick,Spain,3857291,0 days 00:17:13,0,0,0,0,0,0,1,0,0
1,17,14,Regular Play,Costa Rica,3857291,0 days 00:17:14,1,0,0,0,0,0,0,0,0
1,17,17,Regular Play,Spain,3857291,0 days 00:17:17,0,0,0,0,1,0,0,0,0
1,17,36,From Free Kick,Costa Rica,3857291,0 days 00:17:36,0,0,0,0,0,0,1,0,0
1,17,40,From Free Kick,Costa Rica,3857291,0 days 00:17:40,0,0,0,0,0,0,1,0,0
1,17,42,From Free Kick,Costa Rica,3857291,0 days 00:17:42,0,0,0,0,0,0,1,0,0
1,17,46,Regular Play,Spain,3857291,0 days 00:17:46,1,0,0,0,0,0,0,0,0
1,17,48,Regular Play,Spain,3857291,0 days 00:17:48,0,0,0,0,0,0,1,0,0
1,17,51,Regular Play,Spain,3857291,0 days 00:17:51,0,0,0,0,0,0,1,0,0
1,17,54,Regular Play,Spain,3857291,0 days 00:17:54,0,0,0,0,0,0,1,0,0
1,17,55,Regular Play,Spain,3857291,0 days 00:17:55,0,0,0,0,0,0,1,0,0
1,18,1,Regular Play,Spain,3857291,0 days 00:18:01,0,0,0,0,0,0,1,0,0
1,18,2,Regular Play,Spain,3857291,0 days 00:18:02,0,0,0,0,0,0,1,0,0
1,18,5,Regular Play,Spain,3857291,0 days 00:18:05,0,0,0,0,0,0,1,0,0
1,18,7,Regular Play,Spain,3857291,0 days 00:18:07,0,0,0,0,0,0,1,0,0
1,18,8,Regular Play,Spain,3857291,0 days 00:18:08,0,0,0,0,0,0,1,0,0
1,18,22,From Throw In,Costa Rica,3857291,0 days 00:18:22,0,0,0,0,0,0,1,0,0
1,18,24,From Throw In,Spain,3857291,0 days 00:18:24,0,0,0,0,0,1,0,0,0
1,18,25,From Throw In,Costa Rica,3857291,0 days 00:18:25,0,0,0,0,0,0,1,0,0
1,18,27,From Throw In,Costa Rica,3857291,0 days 00:18:27,0,0,0,0,0,0,1,0,0
1,18,31,From Throw In,Costa Rica,3857291,0 days 00:18:31,0,0,0,0,0,0,1,0,0
1,18,32,From Throw In,Spain,3857291,0 days 00:18:32,0,0,0,0,0,0,1,0,0
1,18,33,From Throw In,Costa Rica,3857291,0 days 00:18:33,1,0,0,0,0,0,0,0,0
1,18,34,From Throw In,Costa Rica,3857291,0 days 00:18:34,0,0,0,0,0,0,1,0,0
1,18,36,From Throw In,Costa Rica,3857291,0 days 00:18:36,0,0,0,0,0,0,1,0,0
1,18,37,From Throw In,Spain,3857291,0 days 00:18:37,0,0,0,0,0,0,1,0,0
1,18,39,From Throw In,Costa Rica,3857291,0 days 00:18:39,1,0,0,0,0,0,0,0,0
1,18,51,From Throw In,Costa Rica,3857291,0 days 00:18:51,0,0,0,0,0,0,1,0,0
1,18,53,From Throw In,Costa Rica,3857291,0 days 00:18:53,0,0,0,0,0,0,1,0,0
1,18,54,From Throw In,Costa Rica,3857291,0 days 00:18:54,0,0,0,0,0,0,1,0,0
1,18,55,From Throw In,Costa Rica,3857291,0 days 00:18:55,0,0,0,0,0,0,1,0,0
1,18,57,From Throw In,Costa Rica,3857291,0 days 00:18:57,0,0,0,0,0,0,1,0,0
1,19,0,From Throw In,Costa Rica,3857291,0 days 00:19:00,0,0,0,0,0,0,1,0,0
1,19,3,From Throw In,Spain,3857291,0 days 00:19:03,0,1,0,0,0,0,0,0,0
1,19,5,From Throw In,Spain,3857291,0 days 00:19:05,1,0,0,0,0,0,0,0,0
1,19,7,From Throw In,Spain,3857291,0 days 00:19:07,0,0,1,0,0,0,0,0,0
1,19,7,From Throw In,Costa Rica,3857291,0 days 00:19:07,0,0,0,0,0,0,0,0,1
1,19,9,From Throw In,Costa Rica,3857291,0 days 00:19:09,1,0,0,0,0,0,0,0,0
1,19,10,From Throw In,Costa Rica,3857291,0 days 00:19:10,0,0,0,0,0,0,1,0,0
1,19,12,Regular Play,Spain,3857291,0 days 00:19:12,1,0,0,0,0,0,0,0,0
1,19,13,Regular Play,Spain,3857291,0 days 00:19:13,0,0,0,1,0,0,0,0,0
1,19,13,Regular Play,Spain,3857291,0 days 00:19:13,1,0,0,0,0,0,0,0,0
1,19,13,Regular Play,Spain,3857291,0 days 00:19:13,0,0,0,0,0,0,1,0,0
1,19,18,Regular Play,Spain,3857291,0 days 00:19:18,0,0,0,0,0,0,1,0,0
1,19,23,Regular Play,Spain,3857291,0 days 00:19:23,0,0,0,0,0,0,1,0,0
1,19,27,Regular Play,Spain,3857291,0 days 00:19:27,0,0,0,0,0,0,1,0,0
1,19,29,Regular Play,Spain,3857291,0 days 00:19:29,0,0,0,0,0,0,1,0,0
1,19,31,Regular Play,Spain,3857291,0 days 00:19:31,0,0,0,0,0,0,1,0,0
1,19,35,Regular Play,Spain,3857291,0 days 00:19:35,0,0,0,0,0,0,1,0,0
1,19,37,Regular Play,Spain,3857291,0 days 00:19:37,0,0,0,0,0,0,1,0,0
1,19,38,Regular Play,Spain,3857291,0 days 00:19:38,0,0,0,0,0,0,1,0,0
1,19,39,Regular Play,Spain,3857291,0 days 00:19:39,0,0,0,0,0,0,1,0,0
1,19,40,Regular Play,Spain,3857291,0 days 00:19:40,0,0,0,0,0,0,1,0,0
1,19,43,Regular Play,Spain,3857291,0 days 00:19:43,0,0,0,0,0,0,1,0,0
1,19,48,Regular Play,Spain,3857291,0 days 00:19:48,0,0,0,0,0,0,1,0,0
1,19,50,Regular Play,Spain,3857291,0 days 00:19:50,0,0,0,0,0,0,1,0,0
1,19,51,Regular Play,Spain,3857291,0 days 00:19:51,0,0,0,0,0,0,1,0,0
1,19,54,Regular Play,Spain,3857291,0 days 00:19:54,0,0,0,0,0,0,1,0,0
1,19,56,Regular Play,Spain,3857291,0 days 00:19:56,0,0,0,0,0,0,1,0,0
1,19,59,Regular Play,Spain,3857291,0 days 00:19:59,0,0,0,0,0,0,1,0,0
1,20,7,Regular Play,Spain,3857291,0 days 00:20:07,0,0,0,0,0,0,1,0,0
1,20,10,Regular Play,Spain,3857291,0 days 00:20:10,0,0,0,0,0,0,1,0,0
1,20,16,Regular Play,Spain,3857291,0 days 00:20:16,0,0,0,0,0,0,1,0,0
1,20,18,Regular Play,Spain,3857291,0 days 00:20:18,0,0,0,0,0,0,1,0,0
1,20,23,Regular Play,Spain,3857291,0 days 00:20:23,0,0,0,0,0,0,1,0,0
1,20,25,Regular Play,Spain,3857291,0 days 00:20:25,0,0,0,0,0,0,1,0,0
1,20,27,Regular Play,Spain,3857291,0 days 00:20:27,0,0,0,0,0,0,1,0,0
1,20,31,Regular Play,Spain,3857291,0 days 00:20:31,0,0,0,0,0,0,1,0,0
1,20,32,Regular Play,Spain,3857291,0 days 00:20:32,0,0,0,0,0,0,0,1,0
1,21,34,From Kick Off,Costa Rica,3857291,0 days 00:21:34,0,0,0,0,0,0,1,0,0
1,21,38,From Kick Off,Costa Rica,3857291,0 days 00:21:38,0,0,0,0,0,0,1,0,0
1,21,43,From Kick Off,Costa Rica,3857291,0 days 00:21:43,0,0,0,0,0,0,1,0,0
1,21,46,Regular Play,Spain,3857291,0 days 00:21:46,0,0,0,0,0,0,1,0,0
1,21,50,Regular Play,Spain,3857291,0 days 00:21:50,0,0,0,0,0,0,1,0,0
1,21,50,Regular Play,Spain,3857291,0 days 00:21:50,0,0,0,0,0,0,1,0,0
1,21,53,Regular Play,Spain,3857291,0 days 00:21:53,0,0,0,0,0,0,1,0,0
1,21,56,Regular Play,Spain,3857291,0 days 00:21:56,0,0,0,0,0,0,1,0,0
1,21,58,Regular Play,Spain,3857291,0 days 00:21:58,0,0,0,0,0,0,1,0,0
1,12,1,Regular Play,Germany,3857292,0 days 00:12:01,0,0,0,0,0,0,1,0,0
1,12,4,Regular Play,Germany,3857292,0 days 00:12:04,0,0,0,0,0,0,1,0,0
1,12,9,Regular Play,Germany,3857292,0 days 00:12:09,0,0,0,0,0,0,1,0,0
1,12,11,Regular Play,Germany,3857292,0 days 00:12:11,0,0,0,0,0,0,1,0,0
1,12,13,Regular Play,Germany,3857292,0 days 00:12:13,0,0,0,0,0,0,1,0,0
1,12,17,Regular Play,Germany,3857292,0 days 00:12:17,0,0,0,0,0,0,1,0,0
1,12,20,Regular Play,Germany,3857292,0 days 00:12:20,0,0,0,0,0,0,1,0,0
1,12,20,Regular Play,Costa Rica,3857292,0 days 00:12:20,0,1,0,0,0,0,0,0,0
1,12,24,Regular Play,Germany,3857292,0 days 00:12:24,1,0,0,0,0,0,0,0,0
1,12,25,Regular Play,Germany,3857292,0 days 00:12:25,0,0,0,0,0,0,1,0,0
1,12,29,Regular Play,Germany,3857292,0 days 00:12:29,0,0,0,0,0,0,1,0,0
1,12,32,Regular Play,Germany,3857292,0 days 00:12:32,0,0,0,0,0,0,1,0,0
1,12,37,Regular Play,Germany,3857292,0 days 00:12:37,0,0,0,0,0,0,1,0,0
1,12,38,Regular Play,Germany,3857292,0 days 00:12:38,0,0,0,0,0,0,1,0,0
1,12,41,Regular Play,Germany,3857292,0 days 00:12:41,0,0,0,0,0,0,1,0,0
1,12,44,Regular Play,Germany,3857292,0 days 00:12:44,0,0,0,0,0,0,1,0,0
1,12,44,Regular Play,Costa Rica,3857292,0 days 00:12:44,0,0,0,0,0,0,1,0,0
1,12,48,Regular Play,Germany,3857292,0 days 00:12:48,0,0,0,0,1,0,0,0,0
1,13,8,From Free Kick,Costa Rica,3857292,0 days 00:13:08,0,0,0,0,0,0,1,0,0
1,13,12,Regular Play,Germany,3857292,0 days 00:13:12,0,0,0,0,0,0,1,0,0
1,13,13,Regular Play,Germany,3857292,0 days 00:13:13,0,0,0,0,0,0,1,0,0
1,13,18,Regular Play,Germany,3857292,0 days 00:13:18,0,0,0,0,0,0,1,0,0
1,13,20,Regular Play,Germany,3857292,0 days 00:13:20,0,0,0,0,0,0,1,0,0
1,13,24,Regular Play,Germany,3857292,0 days 00:13:24,0,0,0,0,0,0,1,0,0
1,13,26,Regular Play,Germany,3857292,0 days 00:13:26,0,0,0,0,0,0,1,0,0
1,13,33,Regular Play,Germany,3857292,0 days 00:13:33,0,0,0,0,0,0,1,0,0
1,13,35,Regular Play,Germany,3857292,0 days 00:13:35,0,0,0,0,0,0,1,0,0
1,13,38,Regular Play,Germany,3857292,0 days 00:13:38,0,0,0,0,0,0,1,0,0
1,13,41,Regular Play,Germany,3857292,0 days 00:13:41,0,0,0,0,0,0,1,0,0
1,13,45,Regular Play,Germany,3857292,0 days 00:13:45,0,0,0,0,0,0,1,0,0
1,13,48,Regular Play,Germany,3857292,0 days 00:13:48,0,0,0,0,0,0,1,0,0
1,13,50,Regular Play,Germany,3857292,0 days 00:13:50,0,0,0,0,0,0,1,0,0
1,13,52,Regular Play,Germany,3857292,0 days 00:13:52,0,0,0,0,0,0,1,0,0
1,13,55,Regular Play,Germany,3857292,0 days 00:13:55,0,0,0,0,0,0,1,0,0
1,13,56,Regular Play,Germany,3857292,0 days 00:13:56,0,0,0,0,0,0,0,1,0
1,13,57,Regular Play,Costa Rica,3857292,0 days 00:13:57,0,1,0,0,0,0,0,0,0
1,14,25,From Corner,Germany,3857292,0 days 00:14:25,0,0,0,0,0,0,1,0,0
1,14,27,From Corner,Costa Rica,3857292,0 days 00:14:27,0,1,0,0,0,0,0,0,0
1,14,30,From Corner,Costa Rica,3857292,0 days 00:14:30,1,0,0,0,0,0,0,0,0
1,14,33,From Corner,Costa Rica,3857292,0 days 00:14:33,0,0,0,0,1,0,0,0,0
1,14,48,From Free Kick,Germany,3857292,0 days 00:14:48,0,0,0,0,0,0,1,0,0
1,14,49,From Free Kick,Germany,3857292,0 days 00:14:49,0,0,0,0,0,0,1,0,0
1,14,51,From Free Kick,Germany,3857292,0 days 00:14:51,0,0,0,0,0,0,1,0,0
1,14,52,From Free Kick,Germany,3857292,0 days 00:14:52,0,0,0,0,0,0,1,0,0
1,14,55,From Free Kick,Germany,3857292,0 days 00:14:55,0,0,0,0,0,0,1,0,0
1,15,0,From Free Kick,Germany,3857292,0 days 00:15:00,0,0,0,0,0,0,1,0,0
1,15,2,From Free Kick,Germany,3857292,0 days 00:15:02,0,0,0,0,0,0,1,0,0
1,15,4,From Free Kick,Germany,3857292,0 days 00:15:04,0,0,0,0,0,0,1,0,0
1,15,6,From Free Kick,Germany,3857292,0 days 00:15:06,0,0,0,0,0,0,1,0,0
1,15,8,From Free Kick,Germany,3857292,0 days 00:15:08,0,0,1,0,0,0,0,0,0
1,15,8,From Free Kick,Costa Rica,3857292,0 days 00:15:08,0,0,0,0,0,0,0,0,1
1,15,10,From Free Kick,Germany,3857292,0 days 00:15:10,0,0,0,0,0,0,1,0,0
1,15,12,From Free Kick,Germany,3857292,0 days 00:15:12,0,0,0,0,0,0,1,0,0
1,15,15,From Free Kick,Germany,3857292,0 days 00:15:15,0,0,0,0,0,0,1,0,0
1,15,17,Regular Play,Costa Rica,3857292,0 days 00:15:17,0,0,0,0,0,1,0,0,0
1,15,21,Regular Play,Costa Rica,3857292,0 days 00:15:21,0,0,0,0,0,0,1,0,0
1,15,23,Regular Play,Costa Rica,3857292,0 days 00:15:23,0,0,0,1,0,0,0,0,0
1,15,24,Regular Play,Costa Rica,3857292,0 days 00:15:24,0,0,0,0,0,0,1,0,0
1,15,26,Regular Play,Costa Rica,3857292,0 days 00:15:26,0,0,0,0,0,0,1,0,0
1,15,30,Regular Play,Costa Rica,3857292,0 days 00:15:30,0,0,0,0,0,0,1,0,0
1,15,33,Regular Play,Germany,3857292,0 days 00:15:33,0,0,0,0,0,0,1,0,0
1,15,33,Regular Play,Costa Rica,3857292,0 days 00:15:33,1,0,0,0,0,0,0,0,0
1,15,34,Regular Play,Costa Rica,3857292,0 days 00:15:34,0,0,0,0,0,0,1,0,0
1,15,35,Regular Play,Costa Rica,3857292,0 days 00:15:35,0,0,0,0,0,0,1,0,0
1,15,38,Regular Play,Costa Rica,3857292,0 days 00:15:38,0,0,0,0,0,0,1,0,0
1,15,39,Regular Play,Costa Rica,3857292,0 days 00:15:39,0,0,0,0,0,0,1,0,0
1,15,41,Regular Play,Costa Rica,3857292,0 days 00:15:41,0,0,0,0,0,0,1,0,0
1,15,44,Regular Play,Costa Rica,3857292,0 days 00:15:44,0,0,0,0,0,0,1,0,0
1,15,52,Regular Play,Costa Rica,3857292,0 days 00:15:52,0,0,0,0,0,0,1,0,0
1,15,55,Regular Play,Costa Rica,3857292,0 days 00:15:55,0,0,0,0,0,0,1,0,0
1,15,58,Regular Play,Costa Rica,3857292,0 days 00:15:58,0,0,0,1,0,0,0,0,0
1,15,58,Regular Play,Germany,3857292,0 days 00:15:58,0,0,0,0,0,0,0,0,1
1,16,1,Regular Play,Costa Rica,3857292,0 days 00:16:01,0,0,0,0,0,0,1,0,0
1,16,3,Regular Play,Germany,3857292,0 days 00:16:03,0,0,0,0,0,0,1,0,0
1,16,33,Regular Play,Germany,3857292,0 days 00:16:33,1,0,0,0,0,0,0,0,0
1,16,34,Regular Play,Germany,3857292,0 days 00:16:34,0,0,0,0,0,0,1,0,0
1,16,37,Regular Play,Germany,3857292,0 days 00:16:37,0,0,0,0,0,0,1,0,0
1,16,42,Regular Play,Germany,3857292,0 days 00:16:42,0,0,0,0,0,0,1,0,0
1,16,44,Regular Play,Germany,3857292,0 days 00:16:44,0,0,0,0,0,0,1,0,0
1,16,45,Regular Play,Germany,3857292,0 days 00:16:45,0,0,0,0,0,0,1,0,0
1,16,46,Regular Play,Germany,3857292,0 days 00:16:46,0,0,0,0,0,0,1,0,0
1,16,55,Regular Play,Germany,3857292,0 days 00:16:55,0,0,0,0,0,0,1,0,0
1,16,59,Regular Play,Germany,3857292,0 days 00:16:59,0,0,0,0,0,0,1,0,0
1,17,0,Regular Play,Costa Rica,3857292,0 days 00:17:00,1,0,0,0,0,0,0,0,0
1,17,0,Regular Play,Costa Rica,3857292,0 days 00:17:00,0,0,0,0,0,0,1,0,0
1,17,3,Regular Play,Costa Rica,3857292,0 days 00:17:03,0,0,0,0,0,0,1,0,0
1,17,5,Regular Play,Costa Rica,3857292,0 days 00:17:05,0,0,0,0,0,0,1,0,0
1,17,7,Regular Play,Costa Rica,3857292,0 days 00:17:07,0,0,0,0,0,0,1,0,0
1,17,9,Regular Play,Costa Rica,3857292,0 days 00:17:09,0,0,0,0,0,0,1,0,0
1,17,12,Regular Play,Costa Rica,3857292,0 days 00:17:12,0,0,0,0,0,0,1,0,0
1,17,20,Regular Play,Costa Rica,3857292,0 days 00:17:20,0,0,0,0,0,0,1,0,0
1,17,23,Regular Play,Costa Rica,3857292,0 days 00:17:23,0,0,0,0,0,0,1,0,0
1,17,25,Regular Play,Costa Rica,3857292,0 days 00:17:25,0,0,0,0,0,0,1,0,0
1,17,26,Regular Play,Costa Rica,3857292,0 days 00:17:26,0,0,0,0,0,0,1,0,0
1,17,28,Regular Play,Germany,3857292,0 days 00:17:28,0,0,0,0,1,0,0,0,0
1,18,1,From Free Kick,Costa Rica,3857292,0 days 00:18:01,0,0,0,0,0,0,1,0,0
1,18,4,From Free Kick,Germany,3857292,0 days 00:18:04,0,0,0,0,0,0,1,0,0
1,18,6,From Free Kick,Germany,3857292,0 days 00:18:06,0,0,0,0,0,0,1,0,0
1,18,8,From Free Kick,Costa Rica,3857292,0 days 00:18:08,1,0,0,0,0,0,0,0,0
1,18,9,From Free Kick,Costa Rica,3857292,0 days 00:18:09,0,0,0,0,0,0,1,0,0
1,18,10,From Free Kick,Costa Rica,3857292,0 days 00:18:10,0,0,0,0,0,0,1,0,0
1,18,16,From Free Kick,Costa Rica,3857292,0 days 00:18:16,0,0,0,0,0,0,1,0,0
1,18,19,From Free Kick,Costa Rica,3857292,0 days 00:18:19,0,0,0,0,0,0,1,0,0
1,18,20,From Free Kick,Costa Rica,3857292,0 days 00:18:20,0,0,0,0,0,0,1,0,0
1,18,29,From Free Kick,Germany,3857292,0 days 00:18:29,0,0,0,0,0,0,1,0,0
1,18,40,From Free Kick,Germany,3857292,0 days 00:18:40,0,0,0,0,0,0,1,0,0
1,18,42,From Free Kick,Germany,3857292,0 days 00:18:42,0,0,0,0,0,0,1,0,0
1,18,45,From Free Kick,Germany,3857292,0 days 00:18:45,0,0,0,0,0,0,1,0,0
1,18,49,From Free Kick,Germany,3857292,0 days 00:18:49,0,0,0,0,0,0,1,0,0
1,18,52,From Free Kick,Germany,3857292,0 days 00:18:52,0,0,0,0,0,0,1,0,0
1,18,56,From Free Kick,Germany,3857292,0 days 00:18:56,0,0,0,0,0,0,1,0,0
1,19,2,From Free Kick,Germany,3857292,0 days 00:19:02,0,0,0,0,0,0,1,0,0
1,19,6,Regular Play,Costa Rica,3857292,0 days 00:19:06,1,0,0,0,0,0,0,0,0
1,19,9,Regular Play,Costa Rica,3857292,0 days 00:19:09,0,0,0,0,0,0,1,0,0
1,19,11,Regular Play,Germany,3857292,0 days 00:19:11,0,0,0,0,1,0,0,0,0
1,19,24,From Free Kick,Costa Rica,3857292,0 days 00:19:24,0,0,0,0,0,0,1,0,0
1,19,27,From Free Kick,Costa Rica,3857292,0 days 00:19:27,0,0,0,0,0,0,1,0,0
1,19,29,From Free Kick,Costa Rica,3857292,0 days 00:19:29,0,0,0,0,0,0,1,0,0
1,19,31,From Free Kick,Costa Rica,3857292,0 days 00:19:31,0,0,0,0,0,0,1,0,0
1,19,32,From Free Kick,Costa Rica,3857292,0 days 00:19:32,0,0,0,0,0,0,1,0,0
1,19,33,From Free Kick,Costa Rica,3857292,0 days 00:19:33,0,0,0,0,0,0,1,0,0
1,19,34,From Free Kick,Costa Rica,3857292,0 days 00:19:34,0,0,0,0,0,0,1,0,0
1,19,38,Regular Play,Germany,3857292,0 days 00:19:38,0,0,0,0,0,0,1,0,0
1,19,44,Regular Play,Germany,3857292,0 days 00:19:44,0,0,0,0,0,0,1,0,0
1,19,48,Regular Play,Germany,3857292,0 days 00:19:48,0,0,0,0,0,0,1,0,0
1,19,52,Regular Play,Germany,3857292,0 days 00:19:52,0,0,0,0,0,0,1,0,0
1,19,54,Regular Play,Germany,3857292,0 days 00:19:54,0,0,0,0,0,0,1,0,0
1,19,56,Regular Play,Germany,3857292,0 days 00:19:56,0,0,0,0,0,0,1,0,0
1,19,57,Regular Play,Costa Rica,3857292,0 days 00:19:57,0,0,0,0,0,1,0,0,0
1,20,31,From Corner,Germany,3857292,0 days 00:20:31,0,0,0,0,0,0,1,0,0
1,20,33,From Corner,Germany,3857292,0 days 00:20:33,0,0,0,0,0,0,0,1,0
1,20,35,From Corner,Costa Rica,3857292,0 days 00:20:35,1,0,0,0,0,0,0,0,0
1,20,39,From Corner,Costa Rica,3857292,0 days 00:20:39,0,0,0,0,0,0,1,0,0
1,20,57,From Throw In,Germany,3857292,0 days 00:20:57,0,0,0,0,0,0,1,0,0
1,21,1,From Throw In,Germany,3857292,0 days 00:21:01,0,0,0,0,0,0,1,0,0
1,21,5,From Throw In,Germany,3857292,0 days 00:21:05,0,0,0,0,0,0,1,0,0
1,21,6,From Throw In,Germany,3857292,0 days 00:21:06,0,0,0,0,0,0,1,0,0
1,21,14,From Throw In,Germany,3857292,0 days 00:21:14,0,0,0,0,0,0,1,0,0
1,21,16,From Throw In,Germany,3857292,0 days 00:21:16,0,0,0,0,0,0,1,0,0
1,21,19,From Throw In,Germany,3857292,0 days 00:21:19,0,0,0,0,0,0,1,0,0
1,21,20,From Throw In,Germany,3857292,0 days 00:21:20,0,0,0,0,0,0,1,0,0
1,21,22,From Throw In,Germany,3857292,0 days 00:21:22,0,0,0,0,0,0,1,0,0
1,21,24,From Throw In,Germany,3857292,0 days 00:21:24,0,0,0,0,0,0,1,0,0
1,21,25,From Throw In,Germany,3857292,0 days 00:21:25,0,0,0,0,0,0,1,0,0
1,21,26,Regular Play,Costa Rica,3857292,0 days 00:21:26,0,0,0,0,0,0,1,0,0
1,21,27,Regular Play,Costa Rica,3857292,0 days 00:21:27,0,0,0,0,0,0,1,0,0
1,21,28,Regular Play,Costa Rica,3857292,0 days 00:21:28,0,0,0,0,0,0,1,0,0
1,21,29,Regular Play,Costa Rica,3857292,0 days 00:21:29,0,0,1,0,0,0,0,0,0
1,21,29,Regular Play,Germany,3857292,0 days 00:21:29,0,0,0,0,0,0,0,0,1
1,21,31,Regular Play,Costa Rica,3857292,0 days 00:21:31,1,0,0,0,0,0,0,0,0
1,21,31,Regular Play,Costa Rica,3857292,0 days 00:21:31,0,0,0,0,0,0,1,0,0
1,21,33,Regular Play,Costa Rica,3857292,0 days 00:21:33,0,0,0,0,0,0,1,0,0
1,21,37,Regular Play,Costa Rica,3857292,0 days 00:21:37,0,0,0,0,0,0,1,0,0
1,21,54,From Throw In,Costa Rica,3857292,0 days 00:21:54,0,0,0,0,0,0,1,0,0
1,21,54,From Throw In,Costa Rica,3857292,0 days 00:21:54,0,0,0,0,0,0,1,0,0
1,21,56,From Throw In,Costa Rica,3857292,0 days 00:21:56,0,0,0,0,0,0,1,0,0
1,21,57,From Throw In,Costa Rica,3857292,0 days 00:21:57,0,0,0,0,0,0,1,0,0
1,21,59,From Throw In,Costa Rica,3857292,0 days 00:21:59,0,0,0,0,0,0,1,0,0
1,12,2,From Free Kick,Uruguay,3857293,0 days 00:12:02,0,0,0,0,0,0,1,0,0
1,12,5,From Free Kick,Uruguay,3857293,0 days 00:12:05,0,0,0,0,0,0,1,0,0
1,12,6,From Free Kick,Uruguay,3857293,0 days 00:12:06,0,0,0,0,0,0,1,0,0
1,12,8,From Free Kick,Uruguay,3857293,0 days 00:12:08,0,0,0,0,0,0,1,0,0
1,12,11,From Free Kick,Uruguay,3857293,0 days 00:12:11,0,0,0,0,0,0,1,0,0
1,12,35,From Keeper,Ghana,3857293,0 days 00:12:35,0,0,0,0,0,0,1,0,0
1,12,39,From Counter,Uruguay,3857293,0 days 00:12:39,0,0,0,0,0,0,1,0,0
1,12,42,From Counter,Uruguay,3857293,0 days 00:12:42,0,0,0,0,0,0,1,0,0
1,12,46,From Counter,Uruguay,3857293,0 days 00:12:46,0,0,1,0,0,0,0,0,0
1,12,46,Regular Play,Ghana,3857293,0 days 00:12:46,0,0,0,0,0,0,0,0,1
1,12,47,Regular Play,Ghana,3857293,0 days 00:12:47,1,0,0,0,0,0,0,0,0
1,12,48,Regular Play,Ghana,3857293,0 days 00:12:48,0,0,0,0,0,0,1,0,0
1,12,51,Regular Play,Ghana,3857293,0 days 00:12:51,0,0,0,0,0,0,1,0,0
1,12,51,Regular Play,Ghana,3857293,0 days 00:12:51,0,0,0,0,0,0,1,0,0
1,12,53,Regular Play,Ghana,3857293,0 days 00:12:53,0,0,0,0,0,0,1,0,0
1,12,59,Regular Play,Ghana,3857293,0 days 00:12:59,0,0,0,1,0,0,0,0,0
1,13,0,Regular Play,Ghana,3857293,0 days 00:13:00,0,0,1,0,0,0,0,0,0
1,13,0,Regular Play,Uruguay,3857293,0 days 00:13:00,0,0,0,0,0,0,0,0,1
1,13,2,Regular Play,Uruguay,3857293,0 days 00:13:02,0,0,0,0,0,0,1,0,0
1,13,2,Regular Play,Uruguay,3857293,0 days 00:13:02,0,0,0,0,0,0,1,0,0
1,13,3,Regular Play,Uruguay,3857293,0 days 00:13:03,0,0,0,0,0,0,1,0,0
1,13,33,From Throw In,Ghana,3857293,0 days 00:13:33,0,0,0,0,0,0,1,0,0
1,13,35,From Throw In,Uruguay,3857293,0 days 00:13:35,0,0,0,0,0,0,1,0,0
1,13,36,From Throw In,Ghana,3857293,0 days 00:13:36,1,0,0,0,0,0,0,0,0
1,13,38,From Throw In,Ghana,3857293,0 days 00:13:38,0,0,0,0,0,0,1,0,0
1,13,39,From Throw In,Ghana,3857293,0 days 00:13:39,0,0,0,0,0,0,1,0,0
1,13,43,From Throw In,Ghana,3857293,0 days 00:13:43,0,0,0,0,0,0,1,0,0
1,13,48,From Throw In,Ghana,3857293,0 days 00:13:48,0,0,0,0,0,0,1,0,0
1,13,49,From Throw In,Ghana,3857293,0 days 00:13:49,0,0,0,0,0,0,1,0,0
1,13,51,From Throw In,Ghana,3857293,0 days 00:13:51,0,0,0,0,0,0,1,0,0
1,13,52,From Throw In,Ghana,3857293,0 days 00:13:52,0,0,0,0,0,0,1,0,0
1,13,56,From Throw In,Ghana,3857293,0 days 00:13:56,0,0,0,0,0,0,1,0,0
1,14,6,From Throw In,Uruguay,3857293,0 days 00:14:06,0,0,0,0,0,0,1,0,0
1,14,8,From Throw In,Uruguay,3857293,0 days 00:14:08,0,0,0,0,0,0,1,0,0
1,14,9,From Throw In,Uruguay,3857293,0 days 00:14:09,0,0,0,0,0,0,1,0,0
1,14,11,From Throw In,Uruguay,3857293,0 days 00:14:11,0,0,0,0,0,0,1,0,0
1,14,14,From Throw In,Uruguay,3857293,0 days 00:14:14,0,0,0,0,0,0,1,0,0
1,14,18,From Throw In,Uruguay,3857293,0 days 00:14:18,0,0,0,0,0,0,1,0,0
1,14,19,From Throw In,Uruguay,3857293,0 days 00:14:19,0,0,0,0,0,0,1,0,0
1,14,19,From Throw In,Ghana,3857293,0 days 00:14:19,0,0,0,0,0,1,0,0,0
1,14,21,Regular Play,Ghana,3857293,0 days 00:14:21,0,0,0,0,0,0,1,0,0
1,14,25,Regular Play,Ghana,3857293,0 days 00:14:25,0,0,0,0,0,0,1,0,0
1,14,27,Regular Play,Ghana,3857293,0 days 00:14:27,0,0,0,0,0,0,1,0,0
1,14,30,Regular Play,Uruguay,3857293,0 days 00:14:30,0,1,0,0,0,0,0,0,0
1,14,47,From Throw In,Ghana,3857293,0 days 00:14:47,0,0,0,0,0,0,1,0,0
1,14,51,From Throw In,Ghana,3857293,0 days 00:14:51,0,0,0,0,0,0,1,0,0
1,14,55,From Throw In,Ghana,3857293,0 days 00:14:55,0,0,0,0,0,0,1,0,0
1,15,0,From Throw In,Ghana,3857293,0 days 00:15:00,0,0,0,0,0,0,0,1,0
1,15,2,From Throw In,Ghana,3857293,0 days 00:15:02,1,0,0,0,0,0,0,0,0
1,15,3,From Throw In,Uruguay,3857293,0 days 00:15:03,0,0,0,0,1,0,0,0,0
1,20,12,Other,Ghana,3857293,0 days 00:20:12,0,0,0,0,0,0,0,1,0
1,20,14,Other,Uruguay,3857293,0 days 00:20:14,0,1,0,0,0,0,0,0,0
1,20,29,From Throw In,Ghana,3857293,0 days 00:20:29,0,0,0,0,0,0,1,0,0
1,20,32,From Throw In,Ghana,3857293,0 days 00:20:32,0,0,1,0,0,0,0,0,0
1,20,32,Regular Play,Uruguay,3857293,0 days 00:20:32,0,0,0,0,0,0,0,0,1
1,20,34,Regular Play,Uruguay,3857293,0 days 00:20:34,1,0,0,0,0,0,0,0,0
1,20,35,Regular Play,Uruguay,3857293,0 days 00:20:35,0,0,0,0,0,0,1,0,0
1,20,37,Regular Play,Uruguay,3857293,0 days 00:20:37,0,0,0,0,0,0,1,0,0
1,20,39,Regular Play,Uruguay,3857293,0 days 00:20:39,0,0,0,0,0,0,1,0,0
1,20,44,Regular Play,Ghana,3857293,0 days 00:20:44,0,1,0,0,0,0,0,0,0
1,21,12,From Throw In,Uruguay,3857293,0 days 00:21:12,0,0,0,0,0,0,1,0,0
1,21,15,From Throw In,Uruguay,3857293,0 days 00:21:15,0,0,1,0,0,0,0,0,0
1,21,15,Regular Play,Ghana,3857293,0 days 00:21:15,0,0,0,0,0,0,0,0,1
1,21,17,Regular Play,Uruguay,3857293,0 days 00:21:17,0,0,0,0,1,0,0,0,0
1,21,43,From Free Kick,Ghana,3857293,0 days 00:21:43,0,0,0,0,0,0,1,0,0
1,21,50,From Free Kick,Ghana,3857293,0 days 00:21:50,0,0,0,0,0,0,1,0,0
1,21,50,From Free Kick,Uruguay,3857293,0 days 00:21:50,1,0,0,0,0,0,0,0,0
1,21,51,From Free Kick,Uruguay,3857293,0 days 00:21:51,0,0,0,0,0,0,1,0,0
1,21,52,From Free Kick,Uruguay,3857293,0 days 00:21:52,0,0,0,0,0,0,1,0,0
1,21,57,From Free Kick,Ghana,3857293,0 days 00:21:57,1,0,0,0,0,0,0,0,0
1,12,0,From Throw In,Netherlands,3857294,0 days 00:12:00,0,0,0,0,0,0,1,0,0
1,12,3,From Throw In,Netherlands,3857294,0 days 00:12:03,0,0,0,0,0,0,1,0,0
1,12,3,From Throw In,Netherlands,3857294,0 days 00:12:03,0,0,0,0,0,0,1,0,0
1,12,5,From Throw In,Netherlands,3857294,0 days 00:12:05,0,0,0,0,0,0,1,0,0
1,12,6,From Throw In,Qatar,3857294,0 days 00:12:06,0,0,0,0,0,1,0,0,0
1,12,7,From Throw In,Qatar,3857294,0 days 00:12:07,0,0,0,0,0,0,1,0,0
1,12,9,From Throw In,Netherlands,3857294,0 days 00:12:09,0,0,0,0,0,0,1,0,0
1,12,11,From Throw In,Netherlands,3857294,0 days 00:12:11,0,0,0,0,1,0,0,0,0
1,12,33,From Free Kick,Qatar,3857294,0 days 00:12:33,0,0,0,0,0,0,1,0,0
1,12,35,Regular Play,Netherlands,3857294,0 days 00:12:35,1,0,0,0,0,0,0,0,0
1,12,38,Regular Play,Qatar,3857294,0 days 00:12:38,0,0,0,0,1,0,0,0,0
1,12,50,From Free Kick,Netherlands,3857294,0 days 00:12:50,0,0,0,0,0,0,1,0,0
1,12,53,From Free Kick,Netherlands,3857294,0 days 00:12:53,0,0,0,0,0,0,1,0,0
1,12,55,From Free Kick,Netherlands,3857294,0 days 00:12:55,0,0,0,0,0,0,1,0,0
1,12,57,From Free Kick,Netherlands,3857294,0 days 00:12:57,0,0,0,0,0,0,1,0,0
1,13,2,From Free Kick,Netherlands,3857294,0 days 00:13:02,0,0,0,0,0,0,1,0,0
1,13,3,From Free Kick,Netherlands,3857294,0 days 00:13:03,0,0,0,0,0,0,1,0,0
1,13,6,From Free Kick,Netherlands,3857294,0 days 00:13:06,0,0,0,0,0,0,1,0,0
1,13,8,From Free Kick,Netherlands,3857294,0 days 00:13:08,0,0,0,0,0,0,1,0,0
1,13,9,From Free Kick,Netherlands,3857294,0 days 00:13:09,0,0,0,0,0,0,1,0,0
1,13,10,From Free Kick,Qatar,3857294,0 days 00:13:10,0,0,0,0,0,1,0,0,0
1,13,16,From Throw In,Netherlands,3857294,0 days 00:13:16,0,0,0,0,0,0,1,0,0
1,13,18,From Throw In,Netherlands,3857294,0 days 00:13:18,0,0,0,0,0,0,1,0,0
1,13,21,From Throw In,Netherlands,3857294,0 days 00:13:21,0,0,0,0,0,0,1,0,0
1,13,24,From Throw In,Netherlands,3857294,0 days 00:13:24,0,0,0,0,0,0,1,0,0
1,13,26,From Throw In,Netherlands,3857294,0 days 00:13:26,0,0,0,0,0,0,1,0,0
1,13,30,From Throw In,Netherlands,3857294,0 days 00:13:30,0,0,0,0,0,0,1,0,0
1,13,33,From Throw In,Netherlands,3857294,0 days 00:13:33,0,0,0,0,0,0,1,0,0
1,13,35,From Throw In,Netherlands,3857294,0 days 00:13:35,0,0,0,0,0,0,1,0,0
1,13,38,From Throw In,Netherlands,3857294,0 days 00:13:38,0,0,0,0,0,0,1,0,0
1,13,39,From Throw In,Netherlands,3857294,0 days 00:13:39,0,0,0,0,0,0,1,0,0
1,13,44,From Throw In,Netherlands,3857294,0 days 00:13:44,0,0,0,0,0,0,1,0,0
1,13,45,From Throw In,Netherlands,3857294,0 days 00:13:45,0,0,0,0,0,0,1,0,0
1,13,51,From Throw In,Netherlands,3857294,0 days 00:13:51,0,0,0,0,0,0,1,0,0
1,13,54,From Throw In,Netherlands,3857294,0 days 00:13:54,0,0,0,0,0,0,1,0,0
1,13,55,From Throw In,Netherlands,3857294,0 days 00:13:55,0,0,0,0,0,0,1,0,0
1,13,56,From Throw In,Netherlands,3857294,0 days 00:13:56,0,0,0,0,0,0,1,0,0
1,13,57,From Throw In,Netherlands,3857294,0 days 00:13:57,0,0,0,0,0,0,0,1,0
1,13,58,From Throw In,Netherlands,3857294,0 days 00:13:58,1,0,0,0,0,0,0,0,0
1,13,59,From Throw In,Netherlands,3857294,0 days 00:13:59,0,0,0,0,0,0,0,1,0
1,14,20,From Goal Kick,Qatar,3857294,0 days 00:14:20,0,0,0,0,0,0,1,0,0
1,14,22,From Goal Kick,Qatar,3857294,0 days 00:14:22,0,0,0,0,0,0,1,0,0
1,14,26,From Goal Kick,Qatar,3857294,0 days 00:14:26,0,0,0,0,0,0,1,0,0
1,14,27,From Goal Kick,Netherlands,3857294,0 days 00:14:27,0,0,0,0,0,0,1,0,0
1,14,43,From Goal Kick,Qatar,3857294,0 days 00:14:43,0,0,0,0,0,0,1,0,0
1,14,45,From Goal Kick,Qatar,3857294,0 days 00:14:45,0,0,0,0,0,0,1,0,0
1,14,50,From Goal Kick,Qatar,3857294,0 days 00:14:50,0,0,1,0,0,0,0,0,0
1,14,50,Regular Play,Netherlands,3857294,0 days 00:14:50,0,0,0,0,0,0,0,0,1
1,14,52,Regular Play,Netherlands,3857294,0 days 00:14:52,1,0,0,0,0,0,0,0,0
1,14,53,Regular Play,Netherlands,3857294,0 days 00:14:53,0,0,0,0,0,0,1,0,0
1,14,58,Regular Play,Netherlands,3857294,0 days 00:14:58,0,0,0,0,0,0,1,0,0
1,15,0,Regular Play,Netherlands,3857294,0 days 00:15:00,0,0,0,0,0,0,1,0,0
1,15,2,Regular Play,Netherlands,3857294,0 days 00:15:02,0,0,0,0,0,0,1,0,0
1,15,5,Regular Play,Netherlands,3857294,0 days 00:15:05,0,0,0,0,0,0,1,0,0
1,15,6,Regular Play,Qatar,3857294,0 days 00:15:06,0,1,0,0,0,0,0,0,0
1,15,48,From Corner,Netherlands,3857294,0 days 00:15:48,0,0,0,0,0,0,1,0,0
1,15,50,From Corner,Qatar,3857294,0 days 00:15:50,0,1,0,0,0,0,0,0,0
1,15,52,From Corner,Netherlands,3857294,0 days 00:15:52,0,0,0,0,0,0,1,0,0
1,16,27,From Free Kick,Qatar,3857294,0 days 00:16:27,0,0,0,0,0,0,1,0,0
1,16,31,Regular Play,Netherlands,3857294,0 days 00:16:31,1,0,0,0,0,0,0,0,0
1,16,34,Regular Play,Netherlands,3857294,0 days 00:16:34,0,0,0,0,0,0,1,0,0
1,16,39,Regular Play,Netherlands,3857294,0 days 00:16:39,0,0,0,0,0,0,1,0,0
1,16,43,Regular Play,Netherlands,3857294,0 days 00:16:43,0,0,0,0,0,0,1,0,0
1,16,46,Regular Play,Netherlands,3857294,0 days 00:16:46,0,0,0,0,0,0,1,0,0
1,16,47,Regular Play,Netherlands,3857294,0 days 00:16:47,0,0,0,0,0,0,1,0,0
1,16,49,Regular Play,Netherlands,3857294,0 days 00:16:49,0,0,0,0,0,0,1,0,0
1,16,50,Regular Play,Netherlands,3857294,0 days 00:16:50,0,0,0,0,0,0,1,0,0
1,16,52,Regular Play,Netherlands,3857294,0 days 00:16:52,0,0,0,0,0,0,1,0,0
1,16,53,Regular Play,Netherlands,3857294,0 days 00:16:53,0,0,0,0,0,0,1,0,0
1,16,57,Regular Play,Netherlands,3857294,0 days 00:16:57,0,0,0,0,0,0,1,0,0
1,16,59,Regular Play,Netherlands,3857294,0 days 00:16:59,0,0,0,0,0,0,1,0,0
1,17,1,Regular Play,Netherlands,3857294,0 days 00:17:01,0,0,0,0,1,0,0,0,0
1,17,30,From Free Kick,Qatar,3857294,0 days 00:17:30,0,0,0,0,0,0,1,0,0
1,17,32,Regular Play,Netherlands,3857294,0 days 00:17:32,0,0,0,0,0,0,1,0,0
1,17,35,Regular Play,Netherlands,3857294,0 days 00:17:35,0,0,0,0,0,0,1,0,0
1,17,39,Regular Play,Netherlands,3857294,0 days 00:17:39,0,0,0,0,0,0,1,0,0
1,17,42,Regular Play,Netherlands,3857294,0 days 00:17:42,0,0,0,0,0,0,1,0,0
1,17,45,Regular Play,Netherlands,3857294,0 days 00:17:45,0,0,0,0,0,0,1,0,0
1,17,46,Regular Play,Netherlands,3857294,0 days 00:17:46,0,0,0,0,0,0,1,0,0
1,18,13,From Corner,Netherlands,3857294,0 days 00:18:13,0,0,0,0,0,0,1,0,0
1,18,14,From Corner,Netherlands,3857294,0 days 00:18:14,0,0,0,0,0,0,0,1,0
1,18,31,From Goal Kick,Qatar,3857294,0 days 00:18:31,0,0,0,0,0,0,1,0,0
1,18,34,From Goal Kick,Qatar,3857294,0 days 00:18:34,0,0,0,0,0,0,1,0,0
1,18,36,From Goal Kick,Qatar,3857294,0 days 00:18:36,0,0,0,0,0,0,1,0,0
1,18,37,From Goal Kick,Qatar,3857294,0 days 00:18:37,0,0,0,0,0,0,1,0,0
1,18,38,From Goal Kick,Qatar,3857294,0 days 00:18:38,0,0,0,0,0,0,1,0,0
1,18,41,Regular Play,Netherlands,3857294,0 days 00:18:41,0,0,0,0,0,0,1,0,0
1,18,42,Regular Play,Netherlands,3857294,0 days 00:18:42,0,0,0,0,0,0,1,0,0
1,18,43,Regular Play,Qatar,3857294,0 days 00:18:43,0,0,0,0,0,0,1,0,0
1,18,46,Regular Play,Qatar,3857294,0 days 00:18:46,0,0,0,0,1,0,0,0,0
1,19,10,From Free Kick,Netherlands,3857294,0 days 00:19:10,0,0,0,0,0,0,1,0,0
1,19,13,From Free Kick,Netherlands,3857294,0 days 00:19:13,0,0,0,0,0,0,1,0,0
1,19,15,From Free Kick,Netherlands,3857294,0 days 00:19:15,0,0,0,0,0,0,1,0,0
1,19,17,From Free Kick,Netherlands,3857294,0 days 00:19:17,0,0,0,0,0,0,1,0,0
1,19,19,From Free Kick,Netherlands,3857294,0 days 00:19:19,0,0,0,0,0,0,1,0,0
1,19,20,From Free Kick,Netherlands,3857294,0 days 00:19:20,0,0,0,0,0,0,1,0,0
1,19,23,From Free Kick,Netherlands,3857294,0 days 00:19:23,0,0,1,0,0,0,0,0,0
1,19,23,From Free Kick,Qatar,3857294,0 days 00:19:23,0,0,0,0,0,0,0,0,1
1,19,24,From Free Kick,Qatar,3857294,0 days 00:19:24,1,0,0,0,0,0,0,0,0
1,19,28,From Free Kick,Qatar,3857294,0 days 00:19:28,0,0,0,0,0,0,1,0,0
1,19,33,From Free Kick,Qatar,3857294,0 days 00:19:33,0,0,0,0,0,0,1,0,0
1,19,36,From Free Kick,Netherlands,3857294,0 days 00:19:36,0,0,0,0,0,0,1,0,0
1,19,39,From Free Kick,Netherlands,3857294,0 days 00:19:39,0,0,0,0,0,0,1,0,0
1,19,41,From Free Kick,Netherlands,3857294,0 days 00:19:41,0,0,0,0,0,0,1,0,0
1,19,43,From Free Kick,Netherlands,3857294,0 days 00:19:43,0,0,0,0,0,0,1,0,0
1,19,46,From Free Kick,Netherlands,3857294,0 days 00:19:46,0,0,0,0,0,0,1,0,0
1,19,50,From Free Kick,Netherlands,3857294,0 days 00:19:50,0,0,0,0,0,0,1,0,0
1,19,52,From Free Kick,Netherlands,3857294,0 days 00:19:52,0,0,0,0,0,0,1,0,0
1,19,55,From Free Kick,Netherlands,3857294,0 days 00:19:55,0,0,0,0,0,0,1,0,0
1,19,58,From Free Kick,Netherlands,3857294,0 days 00:19:58,0,0,0,0,0,0,1,0,0
1,20,0,From Free Kick,Netherlands,3857294,0 days 00:20:00,0,0,0,0,0,0,1,0,0
1,20,5,From Free Kick,Netherlands,3857294,0 days 00:20:05,0,0,0,0,0,0,1,0,0
1,20,8,From Free Kick,Netherlands,3857294,0 days 00:20:08,0,0,0,0,0,0,1,0,0
1,20,9,From Free Kick,Netherlands,3857294,0 days 00:20:09,0,0,0,0,0,0,1,0,0
1,20,11,From Free Kick,Netherlands,3857294,0 days 00:20:11,0,0,0,0,0,0,1,0,0
1,20,13,From Free Kick,Netherlands,3857294,0 days 00:20:13,0,0,0,0,0,0,1,0,0
1,20,16,From Free Kick,Netherlands,3857294,0 days 00:20:16,0,0,0,0,0,0,1,0,0
1,20,18,From Free Kick,Netherlands,3857294,0 days 00:20:18,0,0,0,0,0,0,1,0,0
1,20,19,From Free Kick,Netherlands,3857294,0 days 00:20:19,0,0,0,0,0,0,1,0,0
1,20,21,From Free Kick,Netherlands,3857294,0 days 00:20:21,0,0,0,0,1,0,0,0,0
1,20,45,From Free Kick,Qatar,3857294,0 days 00:20:45,0,0,0,0,0,0,1,0,0
1,20,50,From Free Kick,Qatar,3857294,0 days 00:20:50,0,0,0,0,0,0,1,0,0
1,20,52,From Free Kick,Qatar,3857294,0 days 00:20:52,0,0,0,0,0,0,1,0,0
1,20,56,From Throw In,Netherlands,3857294,0 days 00:20:56,0,0,0,0,0,0,1,0,0
1,21,4,From Throw In,Netherlands,3857294,0 days 00:21:04,0,0,0,0,0,0,1,0,0
1,21,7,From Throw In,Netherlands,3857294,0 days 00:21:07,0,0,0,0,0,0,1,0,0
1,21,8,Regular Play,Qatar,3857294,0 days 00:21:08,0,0,0,0,0,0,1,0,0
1,21,9,Regular Play,Qatar,3857294,0 days 00:21:09,0,0,0,0,0,0,1,0,0
1,21,10,Regular Play,Qatar,3857294,0 days 00:21:10,0,0,0,0,0,0,1,0,0
1,21,12,Regular Play,Qatar,3857294,0 days 00:21:12,0,0,0,0,0,0,1,0,0
1,21,15,Regular Play,Netherlands,3857294,0 days 00:21:15,1,0,0,0,0,0,0,0,0
1,21,17,Regular Play,Netherlands,3857294,0 days 00:21:17,0,0,0,0,0,0,1,0,0
1,21,22,Regular Play,Netherlands,3857294,0 days 00:21:22,0,0,0,0,0,0,1,0,0
1,21,24,Regular Play,Netherlands,3857294,0 days 00:21:24,0,0,0,0,0,0,1,0,0
1,21,28,Regular Play,Netherlands,3857294,0 days 00:21:28,0,0,0,0,0,0,1,0,0
1,21,30,Regular Play,Qatar,3857294,0 days 00:21:30,0,0,0,0,0,0,1,0,0
1,21,33,Regular Play,Netherlands,3857294,0 days 00:21:33,1,0,0,0,0,0,0,0,0
1,21,34,Regular Play,Netherlands,3857294,0 days 00:21:34,0,0,0,0,0,0,1,0,0
1,21,38,Regular Play,Netherlands,3857294,0 days 00:21:38,0,0,0,0,0,0,1,0,0
1,21,40,Regular Play,Netherlands,3857294,0 days 00:21:40,0,0,0,0,0,0,1,0,0
1,21,42,Regular Play,Netherlands,3857294,0 days 00:21:42,0,0,0,0,0,0,1,0,0
1,21,45,Regular Play,Netherlands,3857294,0 days 00:21:45,0,0,0,0,0,0,1,0,0
1,21,48,Regular Play,Netherlands,3857294,0 days 00:21:48,0,0,0,0,0,0,1,0,0
1,21,52,Regular Play,Netherlands,3857294,0 days 00:21:52,0,0,0,0,0,0,1,0,0
1,21,54,Regular Play,Netherlands,3857294,0 days 00:21:54,0,0,0,0,0,0,1,0,0
1,21,57,Regular Play,Netherlands,3857294,0 days 00:21:57,0,0,0,0,0,0,1,0,0
1,12,3,Regular Play,Japan,3857295,0 days 00:12:03,1,0,0,0,0,0,0,0,0
1,12,6,Regular Play,Japan,3857295,0 days 00:12:06,0,0,0,0,0,0,1,0,0
1,12,9,Regular Play,Japan,3857295,0 days 00:12:09,0,0,0,0,0,0,1,0,0
1,12,14,Regular Play,Japan,3857295,0 days 00:12:14,0,0,0,0,0,0,1,0,0
1,12,20,Regular Play,Japan,3857295,0 days 00:12:20,0,0,0,0,0,0,1,0,0
1,12,23,Regular Play,Japan,3857295,0 days 00:12:23,0,0,0,0,0,0,1,0,0
1,12,28,Regular Play,Japan,3857295,0 days 00:12:28,0,0,0,0,0,0,1,0,0
1,12,31,Regular Play,Japan,3857295,0 days 00:12:31,0,0,0,0,0,0,1,0,0
1,12,36,Regular Play,Japan,3857295,0 days 00:12:36,0,0,0,0,0,0,1,0,0
1,12,38,Regular Play,Japan,3857295,0 days 00:12:38,0,0,0,0,0,0,1,0,0
1,12,41,Regular Play,Costa Rica,3857295,0 days 00:12:41,0,1,0,0,0,0,0,0,0
1,12,44,Regular Play,Japan,3857295,0 days 00:12:44,0,0,0,0,0,0,1,0,0
1,12,46,Regular Play,Japan,3857295,0 days 00:12:46,0,0,0,0,0,0,1,0,0
1,13,20,From Throw In,Costa Rica,3857295,0 days 00:13:20,0,0,0,0,0,0,1,0,0
1,13,22,From Throw In,Japan,3857295,0 days 00:13:22,0,0,0,0,1,0,0,0,0
1,13,30,From Free Kick,Costa Rica,3857295,0 days 00:13:30,0,0,0,0,0,0,1,0,0
1,13,32,From Free Kick,Costa Rica,3857295,0 days 00:13:32,0,0,0,0,0,0,1,0,0
1,13,35,From Free Kick,Costa Rica,3857295,0 days 00:13:35,0,0,0,0,0,0,1,0,0
1,13,37,From Free Kick,Costa Rica,3857295,0 days 00:13:37,0,0,0,0,0,0,1,0,0
1,13,40,From Free Kick,Costa Rica,3857295,0 days 00:13:40,0,0,0,0,0,0,1,0,0
1,13,43,From Free Kick,Costa Rica,3857295,0 days 00:13:43,0,0,0,0,0,0,1,0,0
1,13,51,From Throw In,Japan,3857295,0 days 00:13:51,0,0,0,0,0,0,1,0,0
1,13,54,From Throw In,Japan,3857295,0 days 00:13:54,0,0,1,0,0,0,0,0,0
1,13,54,From Throw In,Costa Rica,3857295,0 days 00:13:54,0,0,0,0,0,0,0,0,1
1,13,55,From Throw In,Costa Rica,3857295,0 days 00:13:55,1,0,0,0,0,0,0,0,0
1,13,57,From Throw In,Japan,3857295,0 days 00:13:57,0,0,0,0,0,0,1,0,0
1,13,58,From Throw In,Japan,3857295,0 days 00:13:58,0,0,0,0,0,0,1,0,0
1,14,0,Regular Play,Costa Rica,3857295,0 days 00:14:00,1,0,0,0,0,0,0,0,0
1,14,1,Regular Play,Costa Rica,3857295,0 days 00:14:01,0,0,0,0,0,0,1,0,0
1,14,2,Regular Play,Costa Rica,3857295,0 days 00:14:02,0,0,0,0,0,0,1,0,0
1,14,3,Regular Play,Costa Rica,3857295,0 days 00:14:03,0,0,0,0,0,0,1,0,0
1,14,5,Regular Play,Costa Rica,3857295,0 days 00:14:05,0,0,0,0,0,0,1,0,0
1,14,8,Regular Play,Costa Rica,3857295,0 days 00:14:08,0,0,0,0,0,0,1,0,0
1,14,10,Regular Play,Costa Rica,3857295,0 days 00:14:10,0,0,0,0,0,0,1,0,0
1,14,13,Regular Play,Costa Rica,3857295,0 days 00:14:13,0,0,0,0,0,0,1,0,0
1,14,23,From Throw In,Costa Rica,3857295,0 days 00:14:23,0,0,0,0,0,0,1,0,0
1,14,24,Regular Play,Japan,3857295,0 days 00:14:24,0,0,0,0,0,0,1,0,0
1,14,26,Regular Play,Japan,3857295,0 days 00:14:26,0,0,0,0,0,0,1,0,0
1,14,31,Regular Play,Japan,3857295,0 days 00:14:31,0,0,0,0,0,0,1,0,0
1,14,32,Regular Play,Japan,3857295,0 days 00:14:32,0,0,0,0,0,0,1,0,0
1,14,33,Regular Play,Japan,3857295,0 days 00:14:33,0,0,0,0,0,0,1,0,0
1,14,38,Regular Play,Japan,3857295,0 days 00:14:38,0,0,0,0,0,0,1,0,0
1,14,39,Regular Play,Japan,3857295,0 days 00:14:39,0,0,0,0,0,0,1,0,0
1,14,44,Regular Play,Japan,3857295,0 days 00:14:44,0,0,0,0,0,0,1,0,0
1,14,47,Regular Play,Japan,3857295,0 days 00:14:47,0,0,0,0,0,0,1,0,0
1,14,48,Regular Play,Japan,3857295,0 days 00:14:48,0,0,0,0,0,0,1,0,0
1,14,51,Regular Play,Japan,3857295,0 days 00:14:51,0,0,0,0,0,0,1,0,0
1,14,56,Regular Play,Japan,3857295,0 days 00:14:56,0,0,0,0,0,0,1,0,0
1,15,0,Regular Play,Japan,3857295,0 days 00:15:00,0,0,0,0,0,0,1,0,0
1,15,6,Regular Play,Japan,3857295,0 days 00:15:06,0,0,0,0,0,0,1,0,0
1,15,9,Regular Play,Japan,3857295,0 days 00:15:09,0,0,0,0,0,0,1,0,0
1,15,13,Regular Play,Japan,3857295,0 days 00:15:13,0,0,0,0,0,0,1,0,0
1,15,16,Regular Play,Japan,3857295,0 days 00:15:16,0,0,0,0,0,0,1,0,0
1,15,18,Regular Play,Japan,3857295,0 days 00:15:18,0,0,0,0,0,0,1,0,0
1,15,20,Regular Play,Costa Rica,3857295,0 days 00:15:20,0,0,0,0,0,1,0,0,0
1,15,23,Regular Play,Costa Rica,3857295,0 days 00:15:23,0,0,0,0,0,0,1,0,0
1,15,33,From Throw In,Japan,3857295,0 days 00:15:33,0,0,0,0,0,0,1,0,0
1,15,35,From Throw In,Japan,3857295,0 days 00:15:35,0,0,0,0,0,0,1,0,0
1,15,37,From Throw In,Japan,3857295,0 days 00:15:37,0,0,0,0,0,0,1,0,0
1,15,40,From Throw In,Japan,3857295,0 days 00:15:40,0,0,0,0,0,0,1,0,0
1,15,42,From Throw In,Japan,3857295,0 days 00:15:42,0,0,0,0,0,0,1,0,0
1,15,44,From Throw In,Japan,3857295,0 days 00:15:44,0,0,0,0,0,0,1,0,0
1,15,49,From Throw In,Japan,3857295,0 days 00:15:49,0,0,0,0,0,0,1,0,0
1,15,49,From Throw In,Japan,3857295,0 days 00:15:49,0,0,0,0,0,0,1,0,0
1,15,51,From Throw In,Costa Rica,3857295,0 days 00:15:51,0,0,0,0,0,0,1,0,0
1,15,51,From Throw In,Japan,3857295,0 days 00:15:51,1,0,0,0,0,0,0,0,0
1,15,52,From Throw In,Costa Rica,3857295,0 days 00:15:52,0,1,0,0,0,0,0,0,0
1,15,55,From Throw In,Japan,3857295,0 days 00:15:55,0,0,0,0,0,0,1,0,0
1,15,58,From Throw In,Costa Rica,3857295,0 days 00:15:58,1,0,0,0,0,0,0,0,0
1,16,0,From Throw In,Costa Rica,3857295,0 days 00:16:00,0,0,1,0,0,0,0,0,0
1,16,0,From Throw In,Japan,3857295,0 days 00:16:00,0,0,0,0,0,0,0,0,1
1,16,1,From Throw In,Japan,3857295,0 days 00:16:01,0,0,0,0,0,0,1,0,0
1,16,11,From Throw In,Costa Rica,3857295,0 days 00:16:11,0,0,0,0,0,0,1,0,0
1,16,13,From Throw In,Costa Rica,3857295,0 days 00:16:13,0,0,0,0,0,0,1,0,0
1,16,17,Regular Play,Japan,3857295,0 days 00:16:17,0,0,0,0,0,0,1,0,0
1,16,19,Regular Play,Japan,3857295,0 days 00:16:19,0,0,0,0,0,0,1,0,0
1,16,20,Regular Play,Costa Rica,3857295,0 days 00:16:20,0,0,0,0,0,1,0,0,0
1,16,22,Regular Play,Japan,3857295,0 days 00:16:22,1,0,0,0,0,0,0,0,0
1,16,23,Regular Play,Japan,3857295,0 days 00:16:23,0,0,0,0,0,0,1,0,0
1,16,30,Regular Play,Japan,3857295,0 days 00:16:30,0,0,0,0,0,0,1,0,0
1,16,33,Regular Play,Japan,3857295,0 days 00:16:33,0,0,0,0,0,0,1,0,0
1,16,36,Regular Play,Japan,3857295,0 days 00:16:36,0,0,0,0,0,0,1,0,0
1,16,37,Regular Play,Japan,3857295,0 days 00:16:37,0,0,0,0,0,0,1,0,0
1,16,40,Regular Play,Costa Rica,3857295,0 days 00:16:40,1,0,0,0,0,0,0,0,0
1,16,49,Regular Play,Costa Rica,3857295,0 days 00:16:49,0,0,0,0,0,0,1,0,0
1,16,55,Regular Play,Costa Rica,3857295,0 days 00:16:55,0,0,0,0,0,0,1,0,0
1,16,57,Regular Play,Costa Rica,3857295,0 days 00:16:57,0,0,0,0,0,0,1,0,0
1,17,0,Regular Play,Japan,3857295,0 days 00:17:00,0,0,0,0,0,0,1,0,0
1,17,3,Regular Play,Japan,3857295,0 days 00:17:03,0,0,1,0,0,0,0,0,0
1,17,3,Regular Play,Costa Rica,3857295,0 days 00:17:03,0,0,0,0,0,0,0,0,1
1,17,3,Regular Play,Costa Rica,3857295,0 days 00:17:03,1,0,0,0,0,0,0,0,0
1,17,4,Regular Play,Costa Rica,3857295,0 days 00:17:04,0,0,0,0,0,0,1,0,0
1,17,5,Regular Play,Costa Rica,3857295,0 days 00:17:05,0,0,0,0,0,0,1,0,0
1,17,6,Regular Play,Costa Rica,3857295,0 days 00:17:06,0,0,0,0,0,0,1,0,0
1,17,7,Regular Play,Costa Rica,3857295,0 days 00:17:07,0,0,0,0,0,0,1,0,0
1,17,8,Regular Play,Japan,3857295,0 days 00:17:08,1,0,0,0,0,0,0,0,0
1,17,8,Regular Play,Japan,3857295,0 days 00:17:08,0,0,0,1,0,0,0,0,0
1,17,10,Regular Play,Japan,3857295,0 days 00:17:10,0,0,0,0,0,0,1,0,0
1,17,12,Regular Play,Japan,3857295,0 days 00:17:12,0,0,1,0,0,0,0,0,0
1,17,12,Regular Play,Costa Rica,3857295,0 days 00:17:12,0,0,0,0,0,0,0,0,1
1,17,13,Regular Play,Japan,3857295,0 days 00:17:13,1,0,0,0,0,0,0,0,0
1,17,14,Regular Play,Japan,3857295,0 days 00:17:14,0,0,0,0,0,0,1,0,0
1,17,17,Regular Play,Japan,3857295,0 days 00:17:17,0,0,0,0,0,0,1,0,0
1,17,57,From Goal Kick,Costa Rica,3857295,0 days 00:17:57,0,0,0,0,0,0,1,0,0
1,18,0,From Goal Kick,Costa Rica,3857295,0 days 00:18:00,0,0,0,0,0,0,1,0,0
1,18,1,From Goal Kick,Japan,3857295,0 days 00:18:01,0,0,0,0,0,0,1,0,0
1,18,4,From Goal Kick,Costa Rica,3857295,0 days 00:18:04,1,0,0,0,0,0,0,0,0
1,18,5,From Goal Kick,Costa Rica,3857295,0 days 00:18:05,0,0,0,0,0,0,1,0,0
1,18,8,From Goal Kick,Japan,3857295,0 days 00:18:08,0,0,0,0,0,1,0,0,0
1,18,9,From Goal Kick,Costa Rica,3857295,0 days 00:18:09,0,0,0,0,0,0,1,0,0
1,18,10,From Goal Kick,Costa Rica,3857295,0 days 00:18:10,0,0,0,0,0,0,1,0,0
1,18,12,Regular Play,Japan,3857295,0 days 00:18:12,1,0,0,0,0,0,0,0,0
1,18,13,Regular Play,Japan,3857295,0 days 00:18:13,0,0,0,0,0,0,1,0,0
1,18,15,Regular Play,Japan,3857295,0 days 00:18:15,0,0,0,0,0,0,1,0,0
1,18,21,Regular Play,Costa Rica,3857295,0 days 00:18:21,0,0,0,0,1,0,0,0,0
1,18,21,Regular Play,Japan,3857295,0 days 00:18:21,0,0,0,1,0,0,0,0,0
1,18,23,Regular Play,Japan,3857295,0 days 00:18:23,0,0,0,0,0,0,1,0,0
1,18,28,Regular Play,Japan,3857295,0 days 00:18:28,0,0,0,0,0,0,1,0,0
1,18,31,Regular Play,Japan,3857295,0 days 00:18:31,0,0,0,0,0,0,1,0,0
1,18,33,Regular Play,Japan,3857295,0 days 00:18:33,0,0,0,0,0,0,1,0,0
1,18,35,Regular Play,Japan,3857295,0 days 00:18:35,1,0,0,0,0,0,0,0,0
1,18,36,Regular Play,Costa Rica,3857295,0 days 00:18:36,0,1,0,0,0,0,0,0,0
1,19,0,From Throw In,Japan,3857295,0 days 00:19:00,0,0,0,0,0,0,1,0,0
1,19,1,From Throw In,Japan,3857295,0 days 00:19:01,0,0,0,0,0,0,1,0,0
1,19,3,From Throw In,Japan,3857295,0 days 00:19:03,0,0,0,0,0,0,1,0,0
1,19,5,From Throw In,Japan,3857295,0 days 00:19:05,0,0,0,0,0,0,1,0,0
1,19,8,From Throw In,Japan,3857295,0 days 00:19:08,0,0,0,0,0,0,1,0,0
1,19,10,From Throw In,Japan,3857295,0 days 00:19:10,0,0,0,0,0,0,1,0,0
1,19,11,From Throw In,Japan,3857295,0 days 00:19:11,0,0,0,0,0,0,1,0,0
1,19,14,From Throw In,Japan,3857295,0 days 00:19:14,0,0,0,0,0,0,1,0,0
1,19,15,From Throw In,Japan,3857295,0 days 00:19:15,0,0,0,0,0,0,1,0,0
1,19,27,From Keeper,Costa Rica,3857295,0 days 00:19:27,0,0,0,0,0,0,1,0,0
1,19,31,From Keeper,Costa Rica,3857295,0 days 00:19:31,0,0,0,0,0,0,1,0,0
1,19,34,From Keeper,Costa Rica,3857295,0 days 00:19:34,0,0,0,0,0,0,1,0,0
1,19,37,From Keeper,Costa Rica,3857295,0 days 00:19:37,0,0,0,0,0,0,1,0,0
1,19,38,From Keeper,Costa Rica,3857295,0 days 00:19:38,0,0,0,0,0,0,1,0,0
1,19,41,From Keeper,Costa Rica,3857295,0 days 00:19:41,0,0,0,0,0,0,1,0,0
1,19,48,From Keeper,Costa Rica,3857295,0 days 00:19:48,0,0,0,0,0,0,1,0,0
1,19,52,From Keeper,Costa Rica,3857295,0 days 00:19:52,0,0,0,0,0,0,1,0,0
1,19,55,From Keeper,Costa Rica,3857295,0 days 00:19:55,0,0,0,0,0,0,1,0,0
1,19,58,From Keeper,Costa Rica,3857295,0 days 00:19:58,0,0,0,0,0,0,1,0,0
1,20,1,From Keeper,Costa Rica,3857295,0 days 00:20:01,0,0,0,0,0,0,1,0,0
1,20,4,From Keeper,Costa Rica,3857295,0 days 00:20:04,0,0,0,1,0,0,0,0,0
1,20,4,From Keeper,Japan,3857295,0 days 00:20:04,0,0,0,0,0,0,0,0,1
1,20,5,From Keeper,Japan,3857295,0 days 00:20:05,1,0,0,0,0,0,0,0,0
1,20,8,From Keeper,Japan,3857295,0 days 00:20:08,0,0,0,0,0,0,1,0,0
1,20,9,From Keeper,Costa Rica,3857295,0 days 00:20:09,0,0,0,0,0,1,0,0,0
1,20,10,From Keeper,Costa Rica,3857295,0 days 00:20:10,0,0,0,1,0,0,0,0,0
1,20,13,From Keeper,Costa Rica,3857295,0 days 00:20:13,0,0,0,0,0,0,1,0,0
1,20,15,From Keeper,Costa Rica,3857295,0 days 00:20:15,0,0,0,0,0,0,1,0,0
1,20,17,From Keeper,Costa Rica,3857295,0 days 00:20:17,0,0,0,0,0,0,1,0,0
1,20,19,From Keeper,Costa Rica,3857295,0 days 00:20:19,0,0,0,0,0,0,1,0,0
1,20,22,From Keeper,Costa Rica,3857295,0 days 00:20:22,0,0,0,0,0,0,1,0,0
1,20,25,From Keeper,Costa Rica,3857295,0 days 00:20:25,0,0,0,0,0,0,1,0,0
1,20,27,From Keeper,Costa Rica,3857295,0 days 00:20:27,0,0,0,0,0,0,1,0,0
1,20,30,From Keeper,Costa Rica,3857295,0 days 00:20:30,0,0,0,0,0,0,1,0,0
1,20,33,From Keeper,Costa Rica,3857295,0 days 00:20:33,0,0,0,0,0,0,1,0,0
1,20,35,From Keeper,Costa Rica,3857295,0 days 00:20:35,0,0,0,0,0,0,1,0,0
1,20,37,From Keeper,Costa Rica,3857295,0 days 00:20:37,0,0,0,0,0,0,1,0,0
1,20,39,From Keeper,Japan,3857295,0 days 00:20:39,1,0,0,0,0,0,0,0,0
1,20,42,From Keeper,Japan,3857295,0 days 00:20:42,0,0,0,0,0,0,1,0,0
1,20,43,From Keeper,Japan,3857295,0 days 00:20:43,0,0,0,0,0,0,1,0,0
1,20,44,From Keeper,Costa Rica,3857295,0 days 00:20:44,1,0,0,0,0,0,0,0,0
1,20,46,From Keeper,Costa Rica,3857295,0 days 00:20:46,0,0,0,0,0,0,1,0,0
1,20,48,From Keeper,Costa Rica,3857295,0 days 00:20:48,0,0,0,0,0,0,1,0,0
1,20,51,From Keeper,Costa Rica,3857295,0 days 00:20:51,0,0,0,0,0,0,1,0,0
1,20,52,From Keeper,Japan,3857295,0 days 00:20:52,0,0,0,0,1,0,0,0,0
1,20,52,From Keeper,Costa Rica,3857295,0 days 00:20:52,0,0,0,0,0,0,1,0,0
1,20,53,From Keeper,Costa Rica,3857295,0 days 00:20:53,0,0,0,0,0,0,1,0,0
1,20,56,From Keeper,Costa Rica,3857295,0 days 00:20:56,0,0,0,0,0,0,1,0,0
1,20,58,From Keeper,Costa Rica,3857295,0 days 00:20:58,0,0,0,0,0,0,1,0,0
1,20,59,From Keeper,Costa Rica,3857295,0 days 00:20:59,0,0,0,0,0,0,1,0,0
1,21,1,From Keeper,Costa Rica,3857295,0 days 00:21:01,0,0,0,0,0,0,1,0,0
1,21,2,From Keeper,Costa Rica,3857295,0 days 00:21:02,0,0,0,0,0,0,1,0,0
1,21,8,From Keeper,Costa Rica,3857295,0 days 00:21:08,0,0,0,0,0,0,1,0,0
1,21,12,From Keeper,Costa Rica,3857295,0 days 00:21:12,0,0,0,0,0,0,1,0,0
1,21,15,From Keeper,Costa Rica,3857295,0 days 00:21:15,0,0,0,0,0,0,1,0,0
1,21,17,From Keeper,Costa Rica,3857295,0 days 00:21:17,0,0,0,0,0,0,1,0,0
1,21,19,From Keeper,Costa Rica,3857295,0 days 00:21:19,0,0,0,0,0,0,1,0,0
1,21,25,From Keeper,Costa Rica,3857295,0 days 00:21:25,0,0,0,0,0,0,1,0,0
1,21,26,From Keeper,Costa Rica,3857295,0 days 00:21:26,0,0,0,0,0,0,1,0,0
1,21,27,From Keeper,Costa Rica,3857295,0 days 00:21:27,0,0,0,0,0,0,1,0,0
1,21,29,From Keeper,Costa Rica,3857295,0 days 00:21:29,0,0,0,0,0,0,1,0,0
1,21,32,From Keeper,Costa Rica,3857295,0 days 00:21:32,0,0,0,0,0,0,1,0,0
1,21,37,From Keeper,Costa Rica,3857295,0 days 00:21:37,0,0,0,0,0,0,1,0,0
1,21,39,From Keeper,Costa Rica,3857295,0 days 00:21:39,0,0,0,0,0,0,1,0,0
1,21,41,From Keeper,Costa Rica,3857295,0 days 00:21:41,0,0,0,0,0,0,1,0,0
1,21,44,From Keeper,Costa Rica,3857295,0 days 00:21:44,0,0,0,0,0,0,1,0,0
1,21,44,From Keeper,Japan,3857295,0 days 00:21:44,1,0,0,0,0,0,0,0,0
1,21,46,From Keeper,Costa Rica,3857295,0 days 00:21:46,1,0,0,0,0,0,0,0,0
1,21,47,From Keeper,Japan,3857295,0 days 00:21:47,0,0,0,0,1,0,0,0,0
1,12,1,Regular Play,Croatia,3857296,0 days 00:12:01,0,0,0,0,0,0,1,0,0
1,12,4,Regular Play,Croatia,3857296,0 days 00:12:04,0,0,0,0,0,0,1,0,0
1,12,5,Regular Play,Croatia,3857296,0 days 00:12:05,0,0,0,0,0,0,1,0,0
1,12,9,Regular Play,Croatia,3857296,0 days 00:12:09,0,0,0,0,0,0,1,0,0
1,12,11,Regular Play,Croatia,3857296,0 days 00:12:11,0,0,0,0,0,0,1,0,0
1,12,13,Regular Play,Croatia,3857296,0 days 00:12:13,0,0,0,0,0,0,1,0,0
1,12,14,Regular Play,Belgium,3857296,0 days 00:12:14,0,0,0,0,0,1,0,0,0
1,12,16,Regular Play,Croatia,3857296,0 days 00:12:16,1,0,0,0,0,0,0,0,0
1,12,17,Regular Play,Croatia,3857296,0 days 00:12:17,0,0,0,0,0,0,1,0,0
1,12,20,Regular Play,Croatia,3857296,0 days 00:12:20,0,0,0,0,0,0,1,0,0
1,12,24,Regular Play,Croatia,3857296,0 days 00:12:24,0,0,0,0,0,0,1,0,0
1,12,29,Regular Play,Croatia,3857296,0 days 00:12:29,0,0,0,0,0,0,1,0,0
1,12,31,Regular Play,Croatia,3857296,0 days 00:12:31,0,0,0,0,0,0,1,0,0
1,12,34,Regular Play,Croatia,3857296,0 days 00:12:34,0,0,0,0,0,0,1,0,0
1,12,36,Regular Play,Croatia,3857296,0 days 00:12:36,0,0,0,0,0,0,1,0,0
1,12,37,Regular Play,Croatia,3857296,0 days 00:12:37,0,0,0,0,0,0,1,0,0
1,12,39,Regular Play,Croatia,3857296,0 days 00:12:39,0,0,0,0,0,0,1,0,0
1,12,44,Regular Play,Croatia,3857296,0 days 00:12:44,0,0,0,0,0,0,1,0,0
1,12,46,Regular Play,Belgium,3857296,0 days 00:12:46,0,1,0,0,0,0,0,0,0
1,12,47,From Counter,Belgium,3857296,0 days 00:12:47,0,0,0,0,0,0,1,0,0
1,12,48,From Counter,Belgium,3857296,0 days 00:12:48,0,0,0,0,0,0,1,0,0
1,12,54,From Counter,Belgium,3857296,0 days 00:12:54,0,0,0,0,0,0,1,0,0
1,12,56,From Counter,Belgium,3857296,0 days 00:12:56,0,0,0,0,0,0,0,1,0
1,13,28,From Goal Kick,Croatia,3857296,0 days 00:13:28,0,0,0,0,0,0,1,0,0
1,13,32,From Goal Kick,Croatia,3857296,0 days 00:13:32,0,0,0,0,0,0,1,0,0
1,13,35,From Goal Kick,Croatia,3857296,0 days 00:13:35,0,0,0,0,0,0,1,0,0
1,13,37,From Goal Kick,Croatia,3857296,0 days 00:13:37,0,0,0,0,0,0,1,0,0
1,13,40,From Goal Kick,Croatia,3857296,0 days 00:13:40,0,0,0,0,0,0,1,0,0
1,13,45,From Goal Kick,Croatia,3857296,0 days 00:13:45,0,0,0,0,0,0,1,0,0
1,13,46,From Goal Kick,Croatia,3857296,0 days 00:13:46,0,0,0,0,0,0,1,0,0
1,13,48,From Goal Kick,Belgium,3857296,0 days 00:13:48,0,0,0,0,1,0,0,0,0
1,14,26,From Free Kick,Croatia,3857296,0 days 00:14:26,0,0,0,0,0,0,1,0,0
1,18,2,From Free Kick,Belgium,3857296,0 days 00:18:02,0,0,0,0,0,0,1,0,0
1,18,4,From Free Kick,Belgium,3857296,0 days 00:18:04,0,0,0,0,0,0,1,0,0
1,18,8,From Free Kick,Belgium,3857296,0 days 00:18:08,0,0,0,0,0,0,1,0,0
1,18,12,From Free Kick,Belgium,3857296,0 days 00:18:12,0,0,0,0,0,0,1,0,0
1,18,13,From Free Kick,Belgium,3857296,0 days 00:18:13,0,0,0,0,0,0,1,0,0
1,18,15,Regular Play,Croatia,3857296,0 days 00:18:15,1,0,0,0,0,0,0,0,0
1,18,18,Regular Play,Croatia,3857296,0 days 00:18:18,0,0,0,0,0,0,1,0,0
1,18,19,Regular Play,Croatia,3857296,0 days 00:18:19,0,0,0,0,0,0,1,0,0
1,18,24,Regular Play,Croatia,3857296,0 days 00:18:24,0,0,0,0,0,0,1,0,0
1,18,24,Regular Play,Belgium,3857296,0 days 00:18:24,0,1,0,0,0,0,0,0,0
1,18,26,Regular Play,Croatia,3857296,0 days 00:18:26,1,0,0,0,0,0,0,0,0
1,18,29,Regular Play,Belgium,3857296,0 days 00:18:29,0,1,0,0,0,0,0,0,0
1,18,41,From Throw In,Croatia,3857296,0 days 00:18:41,0,0,0,0,0,0,1,0,0
1,18,44,From Throw In,Croatia,3857296,0 days 00:18:44,0,0,0,0,0,0,1,0,0
1,18,48,From Throw In,Croatia,3857296,0 days 00:18:48,0,0,0,0,0,0,1,0,0
1,18,52,From Throw In,Croatia,3857296,0 days 00:18:52,0,0,0,0,0,0,1,0,0
1,18,55,From Throw In,Croatia,3857296,0 days 00:18:55,0,0,0,0,0,0,1,0,0
1,18,59,From Throw In,Croatia,3857296,0 days 00:18:59,0,0,0,0,0,0,1,0,0
1,19,3,From Throw In,Croatia,3857296,0 days 00:19:03,0,0,0,0,0,0,1,0,0
1,19,5,From Throw In,Belgium,3857296,0 days 00:19:05,0,1,0,0,0,0,0,0,0
1,19,7,Regular Play,Belgium,3857296,0 days 00:19:07,0,0,0,0,0,0,1,0,0
1,19,9,Regular Play,Belgium,3857296,0 days 00:19:09,0,0,0,0,0,0,1,0,0
1,19,13,Regular Play,Belgium,3857296,0 days 00:19:13,0,0,0,0,0,0,1,0,0
1,19,15,Regular Play,Belgium,3857296,0 days 00:19:15,0,0,0,0,0,0,1,0,0
1,19,16,Regular Play,Croatia,3857296,0 days 00:19:16,1,0,0,0,0,0,0,0,0
1,19,17,Regular Play,Croatia,3857296,0 days 00:19:17,0,0,0,0,0,0,1,0,0
1,19,19,Regular Play,Croatia,3857296,0 days 00:19:19,0,0,0,0,0,0,1,0,0
1,19,23,Regular Play,Croatia,3857296,0 days 00:19:23,0,0,0,0,0,0,1,0,0
1,19,27,Regular Play,Croatia,3857296,0 days 00:19:27,0,0,0,0,0,0,1,0,0
1,19,44,From Throw In,Croatia,3857296,0 days 00:19:44,0,0,0,0,0,0,1,0,0
1,19,46,From Throw In,Croatia,3857296,0 days 00:19:46,0,0,0,0,0,0,1,0,0
1,19,53,From Throw In,Croatia,3857296,0 days 00:19:53,0,0,0,0,0,0,1,0,0
1,19,58,From Throw In,Croatia,3857296,0 days 00:19:58,0,0,0,0,0,0,1,0,0
1,19,59,From Throw In,Croatia,3857296,0 days 00:19:59,0,0,0,0,0,0,1,0,0
1,20,3,From Throw In,Croatia,3857296,0 days 00:20:03,0,0,0,0,0,0,1,0,0
1,20,5,From Throw In,Croatia,3857296,0 days 00:20:05,0,0,0,0,0,0,1,0,0
1,20,9,From Throw In,Croatia,3857296,0 days 00:20:09,0,0,0,0,0,0,1,0,0
1,20,14,From Throw In,Croatia,3857296,0 days 00:20:14,0,0,0,0,0,0,1,0,0
1,20,18,From Throw In,Croatia,3857296,0 days 00:20:18,0,0,0,0,0,0,1,0,0
1,20,23,From Throw In,Croatia,3857296,0 days 00:20:23,0,0,0,0,0,0,1,0,0
1,20,26,Regular Play,Belgium,3857296,0 days 00:20:26,0,0,0,0,0,0,1,0,0
1,20,29,Regular Play,Belgium,3857296,0 days 00:20:29,0,0,0,0,0,0,1,0,0
1,20,30,Regular Play,Belgium,3857296,0 days 00:20:30,0,0,0,0,0,0,1,0,0
1,20,31,Regular Play,Belgium,3857296,0 days 00:20:31,0,0,0,0,0,0,1,0,0
1,20,32,Regular Play,Croatia,3857296,0 days 00:20:32,0,0,0,0,0,0,1,0,0
1,20,34,Regular Play,Croatia,3857296,0 days 00:20:34,0,0,0,0,0,0,1,0,0
1,20,35,Regular Play,Croatia,3857296,0 days 00:20:35,0,0,0,0,0,0,1,0,0
1,20,36,Regular Play,Croatia,3857296,0 days 00:20:36,0,0,0,0,0,0,1,0,0
1,20,40,Regular Play,Croatia,3857296,0 days 00:20:40,0,0,0,0,0,0,1,0,0
1,20,50,Regular Play,Croatia,3857296,0 days 00:20:50,0,0,0,0,0,0,1,0,0
1,20,57,Regular Play,Belgium,3857296,0 days 00:20:57,0,1,0,0,0,0,0,0,0
1,21,18,From Throw In,Croatia,3857296,0 days 00:21:18,0,0,0,0,0,0,1,0,0
1,21,20,From Throw In,Belgium,3857296,0 days 00:21:20,0,1,0,0,0,0,0,0,0
1,21,22,Regular Play,Belgium,3857296,0 days 00:21:22,0,0,0,0,0,0,1,0,0
1,21,24,Regular Play,Belgium,3857296,0 days 00:21:24,0,0,0,0,0,0,1,0,0
1,21,26,Regular Play,Belgium,3857296,0 days 00:21:26,1,0,0,0,0,0,0,0,0
1,21,26,Regular Play,Belgium,3857296,0 days 00:21:26,0,0,0,1,0,0,0,0,0
1,21,31,Regular Play,Belgium,3857296,0 days 00:21:31,0,0,0,0,0,0,1,0,0
1,21,35,Regular Play,Belgium,3857296,0 days 00:21:35,0,0,0,0,0,0,1,0,0
1,21,39,Regular Play,Belgium,3857296,0 days 00:21:39,0,0,0,0,0,0,1,0,0
1,21,41,Regular Play,Belgium,3857296,0 days 00:21:41,0,0,0,0,0,0,1,0,0
1,21,42,Regular Play,Belgium,3857296,0 days 00:21:42,0,0,0,0,0,0,1,0,0
1,21,44,Regular Play,Belgium,3857296,0 days 00:21:44,0,0,0,0,0,0,1,0,0
1,21,49,Regular Play,Belgium,3857296,0 days 00:21:49,0,0,0,0,0,0,1,0,0
1,21,51,Regular Play,Belgium,3857296,0 days 00:21:51,0,0,0,0,0,0,1,0,0
1,21,54,Regular Play,Belgium,3857296,0 days 00:21:54,0,0,0,0,0,0,1,0,0
1,21,55,Regular Play,Belgium,3857296,0 days 00:21:55,0,0,0,0,0,0,1,0,0
1,12,1,From Free Kick,Saudi Arabia,3857297,0 days 00:12:01,0,0,0,0,0,0,1,0,0
1,12,4,From Free Kick,Saudi Arabia,3857297,0 days 00:12:04,0,0,0,0,0,0,1,0,0
1,12,7,From Free Kick,Saudi Arabia,3857297,0 days 00:12:07,0,0,0,0,0,0,1,0,0
1,12,10,From Free Kick,Saudi Arabia,3857297,0 days 00:12:10,0,0,0,1,0,0,0,0,0
1,12,13,From Free Kick,Saudi Arabia,3857297,0 days 00:12:13,0,0,0,0,0,0,1,0,0
1,12,16,From Free Kick,Saudi Arabia,3857297,0 days 00:12:16,0,0,0,0,0,0,1,0,0
1,12,17,From Free Kick,Saudi Arabia,3857297,0 days 00:12:17,0,0,0,0,0,0,0,1,0
1,12,49,From Corner,Saudi Arabia,3857297,0 days 00:12:49,0,0,0,0,0,0,1,0,0
1,12,51,From Corner,Poland,3857297,0 days 00:12:51,0,1,0,0,0,0,0,0,0
1,12,54,From Corner,Saudi Arabia,3857297,0 days 00:12:54,0,0,0,0,0,0,1,0,0
1,12,55,From Corner,Saudi Arabia,3857297,0 days 00:12:55,0,0,0,0,0,0,1,0,0
1,12,58,From Corner,Poland,3857297,0 days 00:12:58,1,0,0,0,0,0,0,0,0
1,13,1,From Corner,Poland,3857297,0 days 00:13:01,0,0,0,0,0,0,1,0,0
1,13,3,From Corner,Saudi Arabia,3857297,0 days 00:13:03,1,0,0,0,0,0,0,0,0
1,13,5,From Corner,Saudi Arabia,3857297,0 days 00:13:05,0,0,0,0,0,0,1,0,0
1,13,5,From Corner,Saudi Arabia,3857297,0 days 00:13:05,0,0,0,0,0,0,1,0,0
1,13,6,From Corner,Saudi Arabia,3857297,0 days 00:13:06,0,0,0,0,0,0,1,0,0
1,13,9,From Corner,Saudi Arabia,3857297,0 days 00:13:09,0,0,0,0,0,0,1,0,0
1,13,14,From Corner,Saudi Arabia,3857297,0 days 00:13:14,0,0,0,0,0,0,1,0,0
1,13,18,From Corner,Saudi Arabia,3857297,0 days 00:13:18,0,0,0,0,0,0,1,0,0
1,13,42,From Goal Kick,Poland,3857297,0 days 00:13:42,0,0,0,0,0,0,1,0,0
1,13,43,From Goal Kick,Poland,3857297,0 days 00:13:43,0,0,0,0,0,0,1,0,0
1,13,49,From Goal Kick,Poland,3857297,0 days 00:13:49,0,0,0,0,0,0,1,0,0
1,13,51,From Goal Kick,Poland,3857297,0 days 00:13:51,0,0,0,0,0,0,1,0,0
1,13,53,Regular Play,Saudi Arabia,3857297,0 days 00:13:53,1,0,0,0,0,0,0,0,0
1,13,54,Regular Play,Saudi Arabia,3857297,0 days 00:13:54,0,0,0,0,0,0,1,0,0
1,13,55,Regular Play,Saudi Arabia,3857297,0 days 00:13:55,0,0,0,0,0,0,1,0,0
1,13,56,Regular Play,Saudi Arabia,3857297,0 days 00:13:56,0,0,0,0,0,0,1,0,0
1,13,59,Regular Play,Poland,3857297,0 days 00:13:59,0,0,0,0,0,0,1,0,0
1,14,0,Regular Play,Poland,3857297,0 days 00:14:00,0,0,0,0,0,0,1,0,0
1,14,15,From Goal Kick,Saudi Arabia,3857297,0 days 00:14:15,0,0,0,0,0,0,1,0,0
1,14,22,From Goal Kick,Saudi Arabia,3857297,0 days 00:14:22,0,0,0,0,0,0,1,0,0
1,14,25,From Goal Kick,Saudi Arabia,3857297,0 days 00:14:25,0,0,0,0,0,0,1,0,0
1,14,29,From Goal Kick,Saudi Arabia,3857297,0 days 00:14:29,0,0,0,0,0,0,1,0,0
1,14,31,From Goal Kick,Poland,3857297,0 days 00:14:31,0,0,0,0,1,0,0,0,0
1,15,9,From Free Kick,Saudi Arabia,3857297,0 days 00:15:09,0,0,0,0,0,0,1,0,0
1,15,13,From Free Kick,Saudi Arabia,3857297,0 days 00:15:13,0,0,0,0,0,0,1,0,0
1,15,14,From Free Kick,Saudi Arabia,3857297,0 days 00:15:14,0,0,0,0,0,0,1,0,0
1,15,16,From Free Kick,Saudi Arabia,3857297,0 days 00:15:16,0,0,0,0,0,0,1,0,0
1,15,19,From Free Kick,Saudi Arabia,3857297,0 days 00:15:19,0,0,0,0,0,0,1,0,0
1,15,22,From Free Kick,Saudi Arabia,3857297,0 days 00:15:22,0,0,0,0,0,0,1,0,0
1,15,28,From Free Kick,Saudi Arabia,3857297,0 days 00:15:28,0,0,0,0,0,0,1,0,0
1,15,29,From Free Kick,Saudi Arabia,3857297,0 days 00:15:29,0,0,0,0,0,0,1,0,0
1,15,31,From Free Kick,Poland,3857297,0 days 00:15:31,0,0,0,0,1,0,0,0,0
1,16,58,From Free Kick,Saudi Arabia,3857297,0 days 00:16:58,0,0,0,0,0,0,1,0,0
1,17,0,Regular Play,Poland,3857297,0 days 00:17:00,1,0,0,0,0,0,0,0,0
1,17,10,Regular Play,Poland,3857297,0 days 00:17:10,0,0,0,0,0,0,1,0,0
1,17,13,Regular Play,Poland,3857297,0 days 00:17:13,0,0,0,0,0,0,1,0,0
1,17,15,Regular Play,Poland,3857297,0 days 00:17:15,0,0,0,0,0,0,1,0,0
1,17,19,Regular Play,Poland,3857297,0 days 00:17:19,0,0,0,0,0,0,1,0,0
1,17,22,Regular Play,Poland,3857297,0 days 00:17:22,0,0,0,0,0,0,1,0,0
1,17,23,Regular Play,Poland,3857297,0 days 00:17:23,0,0,0,0,0,0,1,0,0
1,17,25,Regular Play,Poland,3857297,0 days 00:17:25,0,0,0,0,0,0,1,0,0
1,17,29,Regular Play,Poland,3857297,0 days 00:17:29,0,0,0,0,0,0,1,0,0
1,17,31,Regular Play,Saudi Arabia,3857297,0 days 00:17:31,1,0,0,0,0,0,0,0,0
1,17,32,Regular Play,Saudi Arabia,3857297,0 days 00:17:32,0,0,0,0,0,0,1,0,0
1,17,35,Regular Play,Saudi Arabia,3857297,0 days 00:17:35,0,0,0,0,1,0,0,0,0
1,17,51,From Free Kick,Poland,3857297,0 days 00:17:51,0,0,0,0,0,0,1,0,0
1,17,55,From Free Kick,Saudi Arabia,3857297,0 days 00:17:55,1,0,0,0,0,0,0,0,0
1,17,57,From Free Kick,Saudi Arabia,3857297,0 days 00:17:57,0,0,0,0,0,0,1,0,0
1,18,7,From Throw In,Poland,3857297,0 days 00:18:07,0,0,0,0,0,0,1,0,0
1,18,10,From Throw In,Poland,3857297,0 days 00:18:10,0,0,0,1,0,0,0,0,0
1,18,10,From Throw In,Saudi Arabia,3857297,0 days 00:18:10,0,0,0,0,0,0,0,0,1
1,18,29,From Throw In,Poland,3857297,0 days 00:18:29,0,0,0,0,0,0,1,0,0
1,18,29,From Throw In,Poland,3857297,0 days 00:18:29,0,0,0,0,0,0,1,0,0
1,18,30,From Throw In,Poland,3857297,0 days 00:18:30,0,0,0,0,0,0,1,0,0
1,18,34,From Throw In,Poland,3857297,0 days 00:18:34,0,0,0,0,0,0,1,0,0
1,18,36,From Throw In,Poland,3857297,0 days 00:18:36,0,0,1,0,0,0,0,0,0
1,18,36,From Throw In,Saudi Arabia,3857297,0 days 00:18:36,0,0,0,0,0,0,0,0,1
1,18,44,From Throw In,Poland,3857297,0 days 00:18:44,0,0,0,0,0,0,1,0,0
1,18,46,From Throw In,Poland,3857297,0 days 00:18:46,0,0,1,0,0,0,0,0,0
1,18,46,From Throw In,Saudi Arabia,3857297,0 days 00:18:46,0,0,0,0,0,0,0,0,1
1,18,47,From Throw In,Poland,3857297,0 days 00:18:47,0,0,0,0,1,0,0,0,0
1,19,16,From Free Kick,Saudi Arabia,3857297,0 days 00:19:16,0,0,0,0,0,0,1,0,0
1,19,21,From Free Kick,Poland,3857297,0 days 00:19:21,0,0,0,0,0,0,1,0,0
1,19,24,From Free Kick,Poland,3857297,0 days 00:19:24,0,0,1,0,0,0,0,0,0
1,19,24,From Free Kick,Saudi Arabia,3857297,0 days 00:19:24,0,0,0,0,0,0,0,0,1
1,19,26,From Free Kick,Saudi Arabia,3857297,0 days 00:19:26,0,0,0,0,0,0,1,0,0
1,21,17,Regular Play,Saudi Arabia,3857297,0 days 00:21:17,0,0,0,0,0,0,1,0,0
1,21,18,Regular Play,Saudi Arabia,3857297,0 days 00:21:18,0,0,0,0,0,0,1,0,0
1,21,20,Regular Play,Saudi Arabia,3857297,0 days 00:21:20,0,0,0,0,0,0,1,0,0
1,21,22,Regular Play,Saudi Arabia,3857297,0 days 00:21:22,0,0,0,0,0,0,1,0,0
1,21,25,Regular Play,Saudi Arabia,3857297,0 days 00:21:25,0,0,0,0,0,0,1,0,0
1,21,30,Regular Play,Saudi Arabia,3857297,0 days 00:21:30,0,0,0,0,0,0,1,0,0
1,21,33,Regular Play,Saudi Arabia,3857297,0 days 00:21:33,0,0,0,0,0,0,1,0,0
1,21,34,Regular Play,Saudi Arabia,3857297,0 days 00:21:34,0,0,0,0,0,0,1,0,0
1,21,37,Regular Play,Saudi Arabia,3857297,0 days 00:21:37,0,0,0,0,0,0,1,0,0
1,21,56,From Throw In,Poland,3857297,0 days 00:21:56,0,0,0,0,0,0,1,0,0
1,21,59,From Throw In,Saudi Arabia,3857297,0 days 00:21:59,1,0,0,0,0,0,0,0,0
1,12,0,Regular Play,Portugal,3857298,0 days 00:12:00,1,0,0,0,0,0,0,0,0
1,12,1,Regular Play,Portugal,3857298,0 days 00:12:01,0,0,0,0,0,0,1,0,0
1,12,3,Regular Play,Portugal,3857298,0 days 00:12:03,0,0,0,0,0,0,1,0,0
1,12,4,Regular Play,Portugal,3857298,0 days 00:12:04,0,0,0,0,0,0,1,0,0
1,12,5,Regular Play,Portugal,3857298,0 days 00:12:05,0,0,0,0,0,0,1,0,0
1,12,7,Regular Play,Portugal,3857298,0 days 00:12:07,0,0,0,0,0,0,1,0,0
1,12,8,Regular Play,Portugal,3857298,0 days 00:12:08,0,0,0,0,0,0,1,0,0
1,12,8,Regular Play,Portugal,3857298,0 days 00:12:08,0,0,0,0,0,0,1,0,0
1,12,10,Regular Play,Portugal,3857298,0 days 00:12:10,0,0,0,0,0,0,1,0,0
1,12,11,Regular Play,Ghana,3857298,0 days 00:12:11,0,1,0,0,0,0,0,0,0
1,12,11,Regular Play,Ghana,3857298,0 days 00:12:11,0,1,0,0,0,0,0,0,0
1,12,22,From Corner,Portugal,3857298,0 days 00:12:22,0,0,0,0,0,0,1,0,0
1,12,25,From Corner,Portugal,3857298,0 days 00:12:25,0,0,0,0,0,0,1,0,0
1,12,26,From Corner,Portugal,3857298,0 days 00:12:26,0,0,0,0,0,0,0,1,0
1,13,9,From Goal Kick,Ghana,3857298,0 days 00:13:09,0,0,0,0,0,0,1,0,0
1,13,13,From Goal Kick,Portugal,3857298,0 days 00:13:13,0,0,0,0,0,0,1,0,0
1,13,14,From Goal Kick,Ghana,3857298,0 days 00:13:14,0,0,0,0,0,0,1,0,0
1,13,16,From Goal Kick,Ghana,3857298,0 days 00:13:16,0,0,0,0,0,0,1,0,0
1,13,17,Regular Play,Portugal,3857298,0 days 00:13:17,0,0,0,0,0,0,1,0,0
1,13,19,Regular Play,Portugal,3857298,0 days 00:13:19,0,0,0,0,0,0,1,0,0
1,13,20,Regular Play,Portugal,3857298,0 days 00:13:20,0,0,0,0,0,0,1,0,0
1,13,23,Regular Play,Portugal,3857298,0 days 00:13:23,0,0,0,0,0,0,1,0,0
1,13,29,Regular Play,Portugal,3857298,0 days 00:13:29,0,0,0,0,0,0,1,0,0
1,13,31,Regular Play,Portugal,3857298,0 days 00:13:31,0,0,0,0,0,0,1,0,0
1,13,37,Regular Play,Portugal,3857298,0 days 00:13:37,0,0,0,0,0,0,1,0,0
1,13,39,Regular Play,Portugal,3857298,0 days 00:13:39,0,0,0,0,0,0,1,0,0
1,13,41,Regular Play,Portugal,3857298,0 days 00:13:41,0,0,0,0,0,0,1,0,0
1,13,44,Regular Play,Portugal,3857298,0 days 00:13:44,0,0,0,0,0,0,1,0,0
1,13,48,Regular Play,Portugal,3857298,0 days 00:13:48,0,0,0,0,0,0,1,0,0
1,13,51,Regular Play,Portugal,3857298,0 days 00:13:51,0,0,0,0,0,0,1,0,0
1,13,54,Regular Play,Portugal,3857298,0 days 00:13:54,0,0,0,0,0,0,1,0,0
1,13,59,Regular Play,Portugal,3857298,0 days 00:13:59,0,0,0,0,0,0,1,0,0
1,14,1,Regular Play,Portugal,3857298,0 days 00:14:01,0,0,0,0,0,0,1,0,0
1,14,2,Regular Play,Portugal,3857298,0 days 00:14:02,0,0,0,0,0,0,1,0,0
1,14,5,Regular Play,Portugal,3857298,0 days 00:14:05,0,0,0,0,0,0,1,0,0
1,14,14,Regular Play,Portugal,3857298,0 days 00:14:14,0,0,0,0,0,0,1,0,0
1,14,17,Regular Play,Portugal,3857298,0 days 00:14:17,0,0,0,0,0,0,1,0,0
1,14,19,Regular Play,Portugal,3857298,0 days 00:14:19,0,0,0,0,0,0,1,0,0
1,14,22,Regular Play,Portugal,3857298,0 days 00:14:22,0,0,0,0,0,0,1,0,0
1,14,25,Regular Play,Portugal,3857298,0 days 00:14:25,0,0,1,0,0,0,0,0,0
1,14,25,Regular Play,Ghana,3857298,0 days 00:14:25,0,0,0,0,0,0,0,0,1
1,14,26,Regular Play,Ghana,3857298,0 days 00:14:26,0,0,0,0,0,0,1,0,0
1,14,29,Regular Play,Portugal,3857298,0 days 00:14:29,0,0,0,0,1,0,0,0,0
1,14,46,From Free Kick,Ghana,3857298,0 days 00:14:46,0,0,0,0,0,0,1,0,0
1,14,49,From Free Kick,Ghana,3857298,0 days 00:14:49,0,0,0,0,0,0,1,0,0
1,14,50,From Free Kick,Ghana,3857298,0 days 00:14:50,0,0,0,0,0,0,1,0,0
1,14,53,From Free Kick,Ghana,3857298,0 days 00:14:53,0,0,0,0,0,0,1,0,0
1,15,1,From Free Kick,Ghana,3857298,0 days 00:15:01,0,0,0,0,0,0,1,0,0
1,15,4,From Free Kick,Ghana,3857298,0 days 00:15:04,0,0,0,0,0,0,1,0,0
1,15,7,From Free Kick,Ghana,3857298,0 days 00:15:07,0,0,0,0,0,0,1,0,0
1,15,13,From Free Kick,Ghana,3857298,0 days 00:15:13,0,0,0,0,0,0,1,0,0
1,15,16,From Free Kick,Ghana,3857298,0 days 00:15:16,0,0,0,0,0,0,1,0,0
1,15,19,From Free Kick,Ghana,3857298,0 days 00:15:19,0,0,0,0,0,0,1,0,0
1,15,24,Regular Play,Portugal,3857298,0 days 00:15:24,1,0,0,0,0,0,0,0,0
1,15,27,Regular Play,Portugal,3857298,0 days 00:15:27,0,0,0,0,0,0,1,0,0
1,15,30,Regular Play,Portugal,3857298,0 days 00:15:30,0,0,0,0,0,0,1,0,0
1,15,31,Regular Play,Portugal,3857298,0 days 00:15:31,0,0,0,0,0,0,1,0,0
1,15,34,Regular Play,Portugal,3857298,0 days 00:15:34,0,0,0,0,0,0,1,0,0
1,15,37,Regular Play,Portugal,3857298,0 days 00:15:37,0,0,0,0,0,0,1,0,0
1,15,44,Regular Play,Portugal,3857298,0 days 00:15:44,0,0,0,0,0,0,1,0,0
1,15,45,Regular Play,Portugal,3857298,0 days 00:15:45,0,0,0,0,0,0,1,0,0
1,15,47,Regular Play,Portugal,3857298,0 days 00:15:47,0,0,0,0,0,0,1,0,0
1,15,51,Regular Play,Portugal,3857298,0 days 00:15:51,0,0,0,0,0,0,1,0,0
1,15,57,Regular Play,Portugal,3857298,0 days 00:15:57,0,0,0,0,0,0,1,0,0
1,15,58,Regular Play,Portugal,3857298,0 days 00:15:58,0,0,0,0,0,0,1,0,0
1,16,7,Regular Play,Portugal,3857298,0 days 00:16:07,0,0,0,0,0,0,1,0,0
1,16,11,Regular Play,Portugal,3857298,0 days 00:16:11,0,0,0,0,0,0,1,0,0
1,16,15,Regular Play,Portugal,3857298,0 days 00:16:15,0,0,0,0,0,0,1,0,0
1,16,19,Regular Play,Portugal,3857298,0 days 00:16:19,0,0,0,0,0,0,1,0,0
1,16,25,Regular Play,Portugal,3857298,0 days 00:16:25,0,0,0,0,0,0,1,0,0
1,16,29,Regular Play,Portugal,3857298,0 days 00:16:29,0,0,0,0,0,0,1,0,0
1,16,31,Regular Play,Portugal,3857298,0 days 00:16:31,0,0,0,0,0,0,1,0,0
1,16,34,Regular Play,Portugal,3857298,0 days 00:16:34,0,0,0,0,0,0,1,0,0
1,16,37,Regular Play,Portugal,3857298,0 days 00:16:37,0,0,0,0,0,0,1,0,0
1,16,38,Regular Play,Portugal,3857298,0 days 00:16:38,0,0,0,0,0,0,1,0,0
1,16,39,Regular Play,Portugal,3857298,0 days 00:16:39,0,0,0,0,0,0,1,0,0
1,16,42,Regular Play,Ghana,3857298,0 days 00:16:42,1,0,0,0,0,0,0,0,0
1,16,43,Regular Play,Ghana,3857298,0 days 00:16:43,0,0,0,0,0,0,1,0,0
1,16,45,Regular Play,Portugal,3857298,0 days 00:16:45,1,0,0,0,0,0,0,0,0
1,16,45,Regular Play,Portugal,3857298,0 days 00:16:45,0,0,0,0,0,0,1,0,0
1,16,47,Regular Play,Portugal,3857298,0 days 00:16:47,0,0,0,0,0,0,1,0,0
1,16,57,Regular Play,Portugal,3857298,0 days 00:16:57,0,0,0,0,0,0,1,0,0
1,16,59,Regular Play,Portugal,3857298,0 days 00:16:59,0,0,0,0,0,0,1,0,0
1,17,3,Regular Play,Portugal,3857298,0 days 00:17:03,0,0,0,0,0,0,1,0,0
1,17,7,Regular Play,Portugal,3857298,0 days 00:17:07,0,0,0,0,0,0,1,0,0
1,17,8,Regular Play,Ghana,3857298,0 days 00:17:08,0,1,0,0,0,0,0,0,0
1,17,11,Regular Play,Ghana,3857298,0 days 00:17:11,1,0,0,0,0,0,0,0,0
1,17,12,Regular Play,Ghana,3857298,0 days 00:17:12,0,0,0,1,0,0,0,0,0
1,17,16,Regular Play,Ghana,3857298,0 days 00:17:16,0,0,0,0,0,0,1,0,0
1,17,19,Regular Play,Ghana,3857298,0 days 00:17:19,0,0,0,0,0,0,1,0,0
1,17,23,Regular Play,Ghana,3857298,0 days 00:17:23,0,0,0,0,0,0,1,0,0
1,17,26,Regular Play,Portugal,3857298,0 days 00:17:26,1,0,0,0,0,0,0,0,0
1,17,27,Regular Play,Portugal,3857298,0 days 00:17:27,0,0,0,0,0,0,1,0,0
1,17,30,Regular Play,Portugal,3857298,0 days 00:17:30,0,0,0,0,0,0,1,0,0
1,17,34,Regular Play,Portugal,3857298,0 days 00:17:34,0,0,0,0,0,0,1,0,0
1,17,36,Regular Play,Portugal,3857298,0 days 00:17:36,0,0,0,0,0,0,1,0,0
1,17,38,Regular Play,Portugal,3857298,0 days 00:17:38,0,0,0,0,0,0,1,0,0
1,17,40,Regular Play,Portugal,3857298,0 days 00:17:40,0,0,0,0,0,0,1,0,0
1,17,42,Regular Play,Portugal,3857298,0 days 00:17:42,0,0,0,0,0,0,1,0,0
1,17,45,Regular Play,Portugal,3857298,0 days 00:17:45,0,0,0,0,0,0,1,0,0
1,17,48,Regular Play,Portugal,3857298,0 days 00:17:48,0,0,0,0,0,0,1,0,0
1,17,54,Regular Play,Portugal,3857298,0 days 00:17:54,0,0,0,0,0,0,1,0,0
1,17,58,Regular Play,Portugal,3857298,0 days 00:17:58,0,0,0,0,0,0,1,0,0
1,18,0,Regular Play,Portugal,3857298,0 days 00:18:00,0,0,0,0,0,0,1,0,0
1,18,5,Regular Play,Portugal,3857298,0 days 00:18:05,0,0,0,0,0,0,1,0,0
1,18,7,Regular Play,Portugal,3857298,0 days 00:18:07,0,0,0,0,0,0,1,0,0
1,18,10,Regular Play,Portugal,3857298,0 days 00:18:10,0,0,0,0,0,0,1,0,0
1,18,16,Regular Play,Portugal,3857298,0 days 00:18:16,0,0,0,0,0,0,1,0,0
1,18,18,Regular Play,Portugal,3857298,0 days 00:18:18,0,0,0,0,0,0,1,0,0
1,18,21,Regular Play,Portugal,3857298,0 days 00:18:21,0,0,0,0,0,0,1,0,0
1,18,24,Regular Play,Portugal,3857298,0 days 00:18:24,0,0,0,0,0,0,1,0,0
1,18,27,Regular Play,Portugal,3857298,0 days 00:18:27,0,0,0,0,0,0,1,0,0
1,18,31,Regular Play,Portugal,3857298,0 days 00:18:31,0,0,0,0,0,0,1,0,0
1,18,32,Regular Play,Portugal,3857298,0 days 00:18:32,0,0,0,0,0,0,1,0,0
1,18,34,Regular Play,Portugal,3857298,0 days 00:18:34,0,0,0,0,0,0,1,0,0
1,18,39,Regular Play,Portugal,3857298,0 days 00:18:39,0,0,0,0,0,0,1,0,0
1,18,42,Regular Play,Portugal,3857298,0 days 00:18:42,0,0,0,0,0,0,1,0,0
1,18,42,Regular Play,Portugal,3857298,0 days 00:18:42,0,0,0,0,0,0,1,0,0
1,18,43,Regular Play,Portugal,3857298,0 days 00:18:43,0,0,0,0,0,0,1,0,0
1,18,46,Regular Play,Portugal,3857298,0 days 00:18:46,0,0,0,0,0,0,1,0,0
1,18,52,Regular Play,Portugal,3857298,0 days 00:18:52,0,0,0,0,0,0,1,0,0
1,18,55,Regular Play,Portugal,3857298,0 days 00:18:55,0,0,0,0,0,0,1,0,0
1,18,57,Regular Play,Portugal,3857298,0 days 00:18:57,0,0,0,0,0,0,1,0,0
1,19,1,Regular Play,Portugal,3857298,0 days 00:19:01,0,0,0,0,0,0,1,0,0
1,19,3,Regular Play,Portugal,3857298,0 days 00:19:03,0,0,0,0,0,0,1,0,0
1,19,6,Regular Play,Portugal,3857298,0 days 00:19:06,0,0,0,0,0,0,1,0,0
1,19,9,Regular Play,Portugal,3857298,0 days 00:19:09,0,0,0,0,0,0,1,0,0
1,19,10,Regular Play,Portugal,3857298,0 days 00:19:10,0,0,0,0,0,0,1,0,0
1,19,12,Regular Play,Portugal,3857298,0 days 00:19:12,0,0,0,0,0,0,1,0,0
1,19,14,Regular Play,Portugal,3857298,0 days 00:19:14,0,0,0,0,0,0,1,0,0
1,19,17,Regular Play,Portugal,3857298,0 days 00:19:17,0,0,0,0,0,0,1,0,0
1,19,17,Regular Play,Ghana,3857298,0 days 00:19:17,0,0,0,0,1,0,0,0,0
1,19,23,From Free Kick,Portugal,3857298,0 days 00:19:23,0,0,0,0,0,0,1,0,0
1,19,25,From Free Kick,Portugal,3857298,0 days 00:19:25,0,0,0,0,0,0,1,0,0
1,19,30,From Free Kick,Portugal,3857298,0 days 00:19:30,0,0,0,0,0,0,1,0,0
1,19,32,From Free Kick,Portugal,3857298,0 days 00:19:32,0,0,0,0,0,0,1,0,0
1,19,35,From Free Kick,Portugal,3857298,0 days 00:19:35,0,0,0,0,0,0,1,0,0
1,19,37,From Free Kick,Portugal,3857298,0 days 00:19:37,0,0,0,0,0,0,1,0,0
1,19,38,From Free Kick,Portugal,3857298,0 days 00:19:38,0,0,0,0,0,0,1,0,0
1,19,39,From Free Kick,Portugal,3857298,0 days 00:19:39,0,0,0,0,0,0,1,0,0
1,19,42,From Free Kick,Portugal,3857298,0 days 00:19:42,0,0,0,0,0,0,1,0,0
1,19,48,From Free Kick,Portugal,3857298,0 days 00:19:48,0,0,0,0,0,0,1,0,0
1,19,51,Regular Play,Ghana,3857298,0 days 00:19:51,0,0,0,0,0,0,1,0,0
1,19,54,Regular Play,Ghana,3857298,0 days 00:19:54,0,0,0,0,0,0,1,0,0
1,19,58,Regular Play,Ghana,3857298,0 days 00:19:58,0,0,0,0,0,0,1,0,0
1,20,0,Regular Play,Ghana,3857298,0 days 00:20:00,0,0,0,0,0,0,1,0,0
1,20,3,Regular Play,Ghana,3857298,0 days 00:20:03,0,0,0,0,0,0,1,0,0
1,20,7,Regular Play,Ghana,3857298,0 days 00:20:07,1,0,0,0,0,0,0,0,0
1,20,8,Regular Play,Ghana,3857298,0 days 00:20:08,0,0,0,1,0,0,0,0,0
1,20,10,Regular Play,Ghana,3857298,0 days 00:20:10,0,0,0,0,0,0,1,0,0
1,20,12,Regular Play,Ghana,3857298,0 days 00:20:12,0,0,0,0,0,0,1,0,0
1,20,15,Regular Play,Portugal,3857298,0 days 00:20:15,0,0,0,0,0,0,1,0,0
1,20,22,Regular Play,Portugal,3857298,0 days 00:20:22,0,0,0,0,0,0,1,0,0
1,20,26,Regular Play,Portugal,3857298,0 days 00:20:26,0,0,0,0,0,0,1,0,0
1,20,32,Regular Play,Portugal,3857298,0 days 00:20:32,0,0,0,0,0,0,1,0,0
1,20,35,Regular Play,Portugal,3857298,0 days 00:20:35,0,0,0,0,0,0,1,0,0
1,20,38,Regular Play,Portugal,3857298,0 days 00:20:38,0,0,0,0,0,0,1,0,0
1,20,40,Regular Play,Portugal,3857298,0 days 00:20:40,0,0,0,0,0,0,1,0,0
1,20,44,Regular Play,Portugal,3857298,0 days 00:20:44,0,0,1,0,0,0,0,0,0
1,20,44,Regular Play,Ghana,3857298,0 days 00:20:44,0,0,0,0,0,0,0,0,1
1,20,45,Regular Play,Ghana,3857298,0 days 00:20:45,0,0,1,0,0,0,0,0,0
1,20,45,Regular Play,Portugal,3857298,0 days 00:20:45,0,0,0,0,0,0,0,0,1
1,21,7,From Throw In,Ghana,3857298,0 days 00:21:07,0,0,0,0,0,0,1,0,0
1,21,9,From Throw In,Ghana,3857298,0 days 00:21:09,0,0,0,0,0,0,1,0,0
1,21,12,From Throw In,Ghana,3857298,0 days 00:21:12,0,0,0,0,0,0,1,0,0
1,21,19,From Throw In,Ghana,3857298,0 days 00:21:19,0,0,0,0,0,0,1,0,0
1,21,20,From Throw In,Ghana,3857298,0 days 00:21:20,0,0,0,0,0,0,1,0,0
1,21,21,From Throw In,Ghana,3857298,0 days 00:21:21,0,0,0,0,0,0,1,0,0
1,21,24,From Throw In,Ghana,3857298,0 days 00:21:24,0,0,0,0,0,0,1,0,0
1,21,28,From Throw In,Ghana,3857298,0 days 00:21:28,0,0,0,0,0,0,1,0,0
1,21,30,From Throw In,Ghana,3857298,0 days 00:21:30,0,0,0,0,0,0,1,0,0
1,21,32,From Throw In,Ghana,3857298,0 days 00:21:32,0,0,0,0,0,0,1,0,0
1,21,35,From Throw In,Ghana,3857298,0 days 00:21:35,0,0,0,0,0,0,1,0,0
1,21,35,From Throw In,Portugal,3857298,0 days 00:21:35,0,0,0,0,0,0,1,0,0
1,21,37,From Throw In,Ghana,3857298,0 days 00:21:37,1,0,0,0,0,0,0,0,0
1,21,38,From Throw In,Ghana,3857298,0 days 00:21:38,0,0,0,0,0,0,1,0,0
1,21,40,Regular Play,Portugal,3857298,0 days 00:21:40,0,0,0,0,0,0,1,0,0
1,21,41,Regular Play,Portugal,3857298,0 days 00:21:41,0,0,0,0,0,0,1,0,0
1,21,42,Regular Play,Portugal,3857298,0 days 00:21:42,0,0,0,0,0,0,1,0,0
1,21,43,Regular Play,Portugal,3857298,0 days 00:21:43,0,0,0,0,0,0,1,0,0
1,21,44,Regular Play,Portugal,3857298,0 days 00:21:44,0,0,0,0,0,0,1,0,0
1,21,51,Regular Play,Portugal,3857298,0 days 00:21:51,0,0,0,0,0,0,1,0,0
1,21,53,Regular Play,Portugal,3857298,0 days 00:21:53,0,0,0,0,0,0,1,0,0
1,21,57,Regular Play,Portugal,3857298,0 days 00:21:57,0,0,0,0,0,0,1,0,0
1,21,58,Regular Play,Ghana,3857298,0 days 00:21:58,0,0,0,0,0,1,0,0,0
1,12,10,From Corner,South Korea,3857299,0 days 00:12:10,0,0,0,0,0,0,1,0,0
1,12,13,From Corner,Ghana,3857299,0 days 00:12:13,0,1,0,0,0,0,0,0,0
1,12,17,From Corner,South Korea,3857299,0 days 00:12:17,0,0,0,0,0,0,1,0,0
1,12,22,From Corner,South Korea,3857299,0 days 00:12:22,0,0,0,0,0,0,1,0,0
1,12,24,From Corner,South Korea,3857299,0 days 00:12:24,0,0,0,0,0,0,1,0,0
1,12,26,From Corner,South Korea,3857299,0 days 00:12:26,0,0,0,0,0,0,1,0,0
1,12,28,From Corner,South Korea,3857299,0 days 00:12:28,0,0,0,0,0,0,1,0,0
1,12,30,From Corner,South Korea,3857299,0 days 00:12:30,0,0,0,0,0,0,1,0,0
1,12,34,From Corner,South Korea,3857299,0 days 00:12:34,0,0,0,0,0,0,1,0,0
1,12,41,From Corner,South Korea,3857299,0 days 00:12:41,0,0,0,0,0,0,1,0,0
1,12,43,From Corner,South Korea,3857299,0 days 00:12:43,0,0,0,0,0,0,1,0,0
1,12,45,From Corner,South Korea,3857299,0 days 00:12:45,0,0,0,0,0,0,1,0,0
1,12,48,From Corner,South Korea,3857299,0 days 00:12:48,0,0,0,0,0,0,1,0,0
1,12,49,From Corner,South Korea,3857299,0 days 00:12:49,0,0,0,0,0,0,1,0,0
1,12,52,From Corner,South Korea,3857299,0 days 00:12:52,0,0,0,0,0,0,1,0,0
1,12,54,From Corner,South Korea,3857299,0 days 00:12:54,0,0,0,0,0,0,1,0,0
1,12,56,From Corner,South Korea,3857299,0 days 00:12:56,0,0,0,0,0,0,1,0,0
1,12,59,From Corner,South Korea,3857299,0 days 00:12:59,0,0,0,0,0,0,1,0,0
1,12,59,From Corner,South Korea,3857299,0 days 00:12:59,0,0,0,0,0,0,1,0,0
1,13,1,From Corner,South Korea,3857299,0 days 00:13:01,0,0,0,0,0,0,1,0,0
1,13,4,From Corner,Ghana,3857299,0 days 00:13:04,0,1,0,0,0,0,0,0,0
1,13,5,From Corner,South Korea,3857299,0 days 00:13:05,1,0,0,0,0,0,0,0,0
1,13,6,From Corner,South Korea,3857299,0 days 00:13:06,0,0,1,0,0,0,0,0,0
1,13,6,Regular Play,Ghana,3857299,0 days 00:13:06,0,0,0,0,0,0,0,0,1
1,13,9,Regular Play,South Korea,3857299,0 days 00:13:09,0,0,0,0,1,0,0,0,0
1,13,28,From Free Kick,Ghana,3857299,0 days 00:13:28,0,0,0,0,0,0,1,0,0
1,13,32,From Free Kick,Ghana,3857299,0 days 00:13:32,0,0,0,0,0,0,1,0,0
1,13,35,From Free Kick,Ghana,3857299,0 days 00:13:35,0,0,0,0,0,0,1,0,0
1,13,40,From Free Kick,Ghana,3857299,0 days 00:13:40,0,0,0,0,0,0,1,0,0
1,13,42,From Free Kick,Ghana,3857299,0 days 00:13:42,0,0,0,0,0,0,1,0,0
1,13,43,From Free Kick,Ghana,3857299,0 days 00:13:43,0,0,0,0,0,0,1,0,0
1,13,46,From Free Kick,Ghana,3857299,0 days 00:13:46,0,0,0,0,0,0,1,0,0
1,13,46,From Free Kick,Ghana,3857299,0 days 00:13:46,0,0,0,0,0,0,1,0,0
1,13,48,From Free Kick,Ghana,3857299,0 days 00:13:48,0,0,0,0,0,0,1,0,0
1,13,50,From Free Kick,Ghana,3857299,0 days 00:13:50,0,0,0,0,0,0,1,0,0
1,13,55,From Free Kick,Ghana,3857299,0 days 00:13:55,0,0,0,0,0,0,1,0,0
1,13,56,From Free Kick,South Korea,3857299,0 days 00:13:56,0,1,0,0,0,0,0,0,0
1,14,25,From Throw In,South Korea,3857299,0 days 00:14:25,0,0,0,0,0,0,1,0,0
1,14,27,From Throw In,South Korea,3857299,0 days 00:14:27,0,0,0,0,0,0,1,0,0
1,14,28,From Throw In,South Korea,3857299,0 days 00:14:28,0,0,0,0,0,0,1,0,0
1,14,30,From Throw In,South Korea,3857299,0 days 00:14:30,0,0,1,0,0,0,0,0,0
1,14,30,From Throw In,Ghana,3857299,0 days 00:14:30,0,0,0,0,0,0,0,0,1
1,14,35,From Throw In,South Korea,3857299,0 days 00:14:35,1,0,0,0,0,0,0,0,0
1,14,37,From Throw In,South Korea,3857299,0 days 00:14:37,0,0,0,0,0,0,1,0,0
1,14,38,From Throw In,South Korea,3857299,0 days 00:14:38,0,0,0,0,0,0,1,0,0
1,14,41,From Throw In,South Korea,3857299,0 days 00:14:41,0,0,0,0,0,0,1,0,0
1,14,43,From Throw In,South Korea,3857299,0 days 00:14:43,0,0,0,0,0,0,1,0,0
1,14,45,From Throw In,South Korea,3857299,0 days 00:14:45,0,0,0,0,0,0,1,0,0
1,14,49,From Throw In,South Korea,3857299,0 days 00:14:49,0,0,0,0,0,0,1,0,0
1,14,52,From Throw In,South Korea,3857299,0 days 00:14:52,0,0,0,0,0,0,1,0,0
1,14,54,From Throw In,South Korea,3857299,0 days 00:14:54,0,0,0,0,0,0,1,0,0
1,14,59,From Throw In,South Korea,3857299,0 days 00:14:59,0,0,0,0,0,0,1,0,0
1,15,1,From Throw In,South Korea,3857299,0 days 00:15:01,0,0,1,0,0,0,0,0,0
1,15,1,From Throw In,Ghana,3857299,0 days 00:15:01,0,0,0,0,0,0,0,0,1
1,15,1,From Throw In,South Korea,3857299,0 days 00:15:01,1,0,0,0,0,0,0,0,0
1,15,4,From Throw In,South Korea,3857299,0 days 00:15:04,0,0,0,0,0,0,1,0,0
1,15,5,From Throw In,Ghana,3857299,0 days 00:15:05,0,0,0,0,0,0,1,0,0
1,15,7,From Throw In,Ghana,3857299,0 days 00:15:07,0,0,0,0,0,0,1,0,0
1,15,11,From Throw In,South Korea,3857299,0 days 00:15:11,0,0,0,0,0,0,1,0,0
1,15,14,From Throw In,South Korea,3857299,0 days 00:15:14,0,0,0,0,0,0,1,0,0
1,15,17,From Throw In,South Korea,3857299,0 days 00:15:17,0,0,0,0,0,0,1,0,0
1,15,46,From Throw In,South Korea,3857299,0 days 00:15:46,0,0,0,0,0,0,1,0,0
1,15,47,From Throw In,South Korea,3857299,0 days 00:15:47,0,0,0,0,0,0,1,0,0
1,15,48,From Throw In,South Korea,3857299,0 days 00:15:48,0,0,0,0,0,0,1,0,0
1,15,52,From Throw In,Ghana,3857299,0 days 00:15:52,0,1,0,0,0,0,0,0,0
1,15,54,From Throw In,South Korea,3857299,0 days 00:15:54,1,0,0,0,0,0,0,0,0
1,15,56,From Throw In,South Korea,3857299,0 days 00:15:56,0,0,0,0,0,0,1,0,0
1,16,0,From Throw In,South Korea,3857299,0 days 00:16:00,0,0,0,0,0,0,1,0,0
1,16,2,From Throw In,South Korea,3857299,0 days 00:16:02,0,0,0,0,0,0,1,0,0
1,16,4,From Throw In,South Korea,3857299,0 days 00:16:04,0,0,0,0,0,0,1,0,0
1,16,6,From Throw In,South Korea,3857299,0 days 00:16:06,0,0,0,0,0,0,1,0,0
1,16,8,From Throw In,South Korea,3857299,0 days 00:16:08,0,0,0,0,0,0,1,0,0
1,16,10,From Throw In,South Korea,3857299,0 days 00:16:10,0,0,0,0,0,0,1,0,0
1,16,14,From Throw In,South Korea,3857299,0 days 00:16:14,0,0,0,0,0,0,1,0,0
1,17,9,From Corner,South Korea,3857299,0 days 00:17:09,0,0,0,0,0,0,1,0,0
1,17,10,From Corner,South Korea,3857299,0 days 00:17:10,0,0,0,0,0,0,0,1,0
1,17,43,From Corner,South Korea,3857299,0 days 00:17:43,0,0,0,0,0,0,1,0,0
1,17,44,From Corner,Ghana,3857299,0 days 00:17:44,0,1,0,0,0,0,0,0,0
1,17,47,From Corner,South Korea,3857299,0 days 00:17:47,1,0,0,0,0,0,0,0,0
1,17,48,From Corner,South Korea,3857299,0 days 00:17:48,0,0,0,0,0,0,1,0,0
1,17,50,From Corner,South Korea,3857299,0 days 00:17:50,0,0,0,0,0,0,1,0,0
1,17,52,From Corner,South Korea,3857299,0 days 00:17:52,0,0,0,0,0,0,1,0,0
1,17,54,From Corner,Ghana,3857299,0 days 00:17:54,0,0,0,0,0,0,1,0,0
1,17,55,From Corner,South Korea,3857299,0 days 00:17:55,1,0,0,0,0,0,0,0,0
1,17,58,From Corner,South Korea,3857299,0 days 00:17:58,0,0,0,0,0,0,1,0,0
1,18,0,From Corner,South Korea,3857299,0 days 00:18:00,0,0,0,0,0,0,1,0,0
1,18,2,From Corner,South Korea,3857299,0 days 00:18:02,0,0,0,0,0,0,1,0,0
1,18,5,From Corner,Ghana,3857299,0 days 00:18:05,0,1,0,0,0,0,0,0,0
1,18,12,Regular Play,South Korea,3857299,0 days 00:18:12,1,0,0,0,0,0,0,0,0
1,18,15,Regular Play,South Korea,3857299,0 days 00:18:15,0,0,0,0,0,0,1,0,0
1,18,15,Regular Play,South Korea,3857299,0 days 00:18:15,0,0,0,0,0,0,1,0,0
1,18,17,Regular Play,South Korea,3857299,0 days 00:18:17,0,0,0,0,0,0,1,0,0
1,18,20,Regular Play,South Korea,3857299,0 days 00:18:20,0,0,0,0,0,0,1,0,0
1,18,23,Regular Play,South Korea,3857299,0 days 00:18:23,0,0,0,0,0,0,1,0,0
1,18,27,Regular Play,South Korea,3857299,0 days 00:18:27,0,0,0,0,0,0,1,0,0
1,18,29,Regular Play,South Korea,3857299,0 days 00:18:29,0,0,0,0,0,0,1,0,0
1,18,30,Regular Play,South Korea,3857299,0 days 00:18:30,0,0,0,0,0,0,1,0,0
1,18,33,Regular Play,South Korea,3857299,0 days 00:18:33,0,0,0,0,0,0,1,0,0
1,18,36,Regular Play,South Korea,3857299,0 days 00:18:36,0,0,0,0,0,0,1,0,0
1,18,38,Regular Play,South Korea,3857299,0 days 00:18:38,0,0,0,0,0,0,1,0,0
1,18,38,Regular Play,South Korea,3857299,0 days 00:18:38,0,0,0,0,0,0,1,0,0
1,18,42,Regular Play,South Korea,3857299,0 days 00:18:42,0,0,0,0,0,0,1,0,0
1,18,51,Regular Play,South Korea,3857299,0 days 00:18:51,0,0,0,0,0,0,1,0,0
1,18,53,Regular Play,South Korea,3857299,0 days 00:18:53,0,0,0,0,0,0,1,0,0
1,18,56,Regular Play,South Korea,3857299,0 days 00:18:56,0,0,0,0,0,0,1,0,0
1,18,57,Regular Play,Ghana,3857299,0 days 00:18:57,0,1,0,0,0,0,0,0,0
1,19,1,Regular Play,South Korea,3857299,0 days 00:19:01,0,0,0,0,0,0,1,0,0
1,19,3,Regular Play,South Korea,3857299,0 days 00:19:03,0,0,0,0,0,0,1,0,0
1,19,6,Regular Play,South Korea,3857299,0 days 00:19:06,0,0,0,0,0,0,1,0,0
1,19,8,Regular Play,South Korea,3857299,0 days 00:19:08,0,0,0,0,0,0,1,0,0
1,19,11,Regular Play,Ghana,3857299,0 days 00:19:11,1,0,0,0,0,0,0,0,0
1,19,13,Regular Play,Ghana,3857299,0 days 00:19:13,0,0,0,0,0,0,1,0,0
1,19,16,Regular Play,South Korea,3857299,0 days 00:19:16,0,0,0,0,1,0,0,0,0
1,19,29,From Free Kick,Ghana,3857299,0 days 00:19:29,0,0,0,0,0,0,1,0,0
1,19,34,From Free Kick,Ghana,3857299,0 days 00:19:34,0,0,0,0,0,0,1,0,0
1,19,36,From Free Kick,Ghana,3857299,0 days 00:19:36,0,0,0,0,0,0,1,0,0
1,19,38,From Free Kick,Ghana,3857299,0 days 00:19:38,0,0,0,1,0,0,0,0,0
1,19,38,From Free Kick,South Korea,3857299,0 days 00:19:38,0,0,0,0,0,0,0,0,1
1,19,40,From Free Kick,Ghana,3857299,0 days 00:19:40,1,0,0,0,0,0,0,0,0
1,19,41,From Free Kick,Ghana,3857299,0 days 00:19:41,0,0,0,0,0,0,1,0,0
1,19,44,From Free Kick,Ghana,3857299,0 days 00:19:44,0,0,0,0,0,0,1,0,0
1,19,49,From Free Kick,Ghana,3857299,0 days 00:19:49,0,0,0,1,0,0,0,0,0
1,19,50,From Free Kick,Ghana,3857299,0 days 00:19:50,0,0,0,0,0,0,1,0,0
1,19,51,Regular Play,South Korea,3857299,0 days 00:19:51,1,0,0,0,0,0,0,0,0
1,19,52,Regular Play,South Korea,3857299,0 days 00:19:52,0,0,0,0,0,0,1,0,0
1,19,54,Regular Play,South Korea,3857299,0 days 00:19:54,0,0,0,0,0,0,1,0,0
1,19,57,Regular Play,South Korea,3857299,0 days 00:19:57,0,0,1,0,0,0,0,0,0
1,19,57,Regular Play,Ghana,3857299,0 days 00:19:57,0,0,0,0,0,0,0,0,1
1,19,58,Regular Play,Ghana,3857299,0 days 00:19:58,1,0,0,0,0,0,0,0,0
1,19,59,Regular Play,Ghana,3857299,0 days 00:19:59,0,0,0,0,1,0,0,0,0
1,21,29,From Free Kick,South Korea,3857299,0 days 00:21:29,0,0,0,0,0,0,1,0,0
1,21,32,From Free Kick,Ghana,3857299,0 days 00:21:32,0,1,0,0,0,0,0,0,0
1,21,42,From Throw In,South Korea,3857299,0 days 00:21:42,0,0,0,0,0,0,1,0,0
1,21,44,From Throw In,South Korea,3857299,0 days 00:21:44,0,0,0,0,0,0,1,0,0
1,21,46,From Throw In,South Korea,3857299,0 days 00:21:46,0,0,1,0,0,0,0,0,0
1,21,46,From Throw In,Ghana,3857299,0 days 00:21:46,0,0,0,0,0,0,0,0,1
1,21,51,From Throw In,Ghana,3857299,0 days 00:21:51,0,0,0,0,0,0,1,0,0
1,21,55,From Throw In,Ghana,3857299,0 days 00:21:55,0,0,0,0,0,0,1,0,0
1,21,56,From Throw In,South Korea,3857299,0 days 00:21:56,0,1,0,0,0,0,0,0,0
1,21,57,From Throw In,South Korea,3857299,0 days 00:21:57,1,0,0,0,0,0,0,0,0
1,21,59,From Throw In,South Korea,3857299,0 days 00:21:59,0,0,0,0,0,0,1,0,0
1,12,1,From Goal Kick,Argentina,3857300,0 days 00:12:01,0,0,0,0,0,0,1,0,0
1,12,6,From Goal Kick,Argentina,3857300,0 days 00:12:06,0,0,0,0,0,0,1,0,0
1,12,9,From Goal Kick,Argentina,3857300,0 days 00:12:09,0,0,0,0,0,0,1,0,0
1,12,11,From Goal Kick,Argentina,3857300,0 days 00:12:11,0,0,0,0,0,0,1,0,0
1,12,17,From Goal Kick,Argentina,3857300,0 days 00:12:17,0,0,0,0,0,0,1,0,0
1,12,21,From Goal Kick,Argentina,3857300,0 days 00:12:21,0,0,0,0,0,0,1,0,0
1,12,22,From Goal Kick,Argentina,3857300,0 days 00:12:22,0,0,0,0,0,0,1,0,0
1,12,22,From Goal Kick,Saudi Arabia,3857300,0 days 00:12:22,0,1,0,0,0,0,0,0,0
1,12,27,From Goal Kick,Argentina,3857300,0 days 00:12:27,1,0,0,0,0,0,0,0,0
1,12,28,From Goal Kick,Argentina,3857300,0 days 00:12:28,0,0,0,0,0,0,1,0,0
1,12,32,From Goal Kick,Argentina,3857300,0 days 00:12:32,0,0,0,0,0,0,1,0,0
1,12,34,From Goal Kick,Argentina,3857300,0 days 00:12:34,0,0,0,0,0,0,1,0,0
1,12,38,From Goal Kick,Argentina,3857300,0 days 00:12:38,0,0,0,0,0,0,1,0,0
1,12,43,From Goal Kick,Argentina,3857300,0 days 00:12:43,0,0,0,0,0,0,1,0,0
1,12,49,From Goal Kick,Argentina,3857300,0 days 00:12:49,0,0,0,0,0,0,1,0,0
1,12,52,From Goal Kick,Argentina,3857300,0 days 00:12:52,0,0,0,0,0,0,1,0,0
1,12,56,From Goal Kick,Argentina,3857300,0 days 00:12:56,0,0,0,0,0,0,1,0,0
1,13,0,From Goal Kick,Argentina,3857300,0 days 00:13:00,0,0,0,0,0,0,1,0,0
1,13,4,From Goal Kick,Argentina,3857300,0 days 00:13:04,0,0,0,0,0,0,1,0,0
1,13,9,From Goal Kick,Argentina,3857300,0 days 00:13:09,0,0,0,0,0,0,1,0,0
1,13,11,From Goal Kick,Argentina,3857300,0 days 00:13:11,0,0,0,0,0,0,1,0,0
1,13,36,From Throw In,Saudi Arabia,3857300,0 days 00:13:36,0,0,0,0,0,0,1,0,0
1,13,37,From Throw In,Saudi Arabia,3857300,0 days 00:13:37,0,0,0,0,0,0,1,0,0
1,13,38,From Throw In,Saudi Arabia,3857300,0 days 00:13:38,0,0,0,0,0,0,1,0,0
1,13,39,From Throw In,Argentina,3857300,0 days 00:13:39,0,0,0,0,0,1,0,0,0
1,13,56,From Throw In,Saudi Arabia,3857300,0 days 00:13:56,0,0,0,0,0,0,1,0,0
1,13,57,From Throw In,Argentina,3857300,0 days 00:13:57,0,0,0,0,0,0,1,0,0
1,14,8,From Throw In,Saudi Arabia,3857300,0 days 00:14:08,0,0,0,0,0,0,1,0,0
1,14,12,From Throw In,Saudi Arabia,3857300,0 days 00:14:12,0,0,0,1,0,0,0,0,0
1,14,12,Regular Play,Argentina,3857300,0 days 00:14:12,0,0,0,0,0,0,0,0,1
1,14,14,Regular Play,Argentina,3857300,0 days 00:14:14,0,0,0,0,0,0,1,0,0
1,14,17,Regular Play,Argentina,3857300,0 days 00:14:17,0,0,0,0,1,0,0,0,0
1,15,12,From Free Kick,Saudi Arabia,3857300,0 days 00:15:12,0,0,0,0,0,0,1,0,0
1,15,15,Regular Play,Argentina,3857300,0 days 00:15:15,0,0,0,0,0,0,1,0,0
1,15,18,Regular Play,Argentina,3857300,0 days 00:15:18,0,0,0,0,0,0,1,0,0
1,15,21,Regular Play,Argentina,3857300,0 days 00:15:21,0,0,0,0,0,0,1,0,0
1,15,24,Regular Play,Saudi Arabia,3857300,0 days 00:15:24,1,0,0,0,0,0,0,0,0
1,15,26,Regular Play,Saudi Arabia,3857300,0 days 00:15:26,0,0,0,0,0,0,1,0,0
1,15,28,Regular Play,Saudi Arabia,3857300,0 days 00:15:28,0,0,0,0,0,0,1,0,0
1,15,32,Regular Play,Saudi Arabia,3857300,0 days 00:15:32,1,0,0,0,0,0,0,0,0
1,15,32,Regular Play,Saudi Arabia,3857300,0 days 00:15:32,0,0,0,1,0,0,0,0,0
1,15,32,Regular Play,Argentina,3857300,0 days 00:15:32,0,0,0,0,0,0,0,0,1
1,15,51,From Throw In,Saudi Arabia,3857300,0 days 00:15:51,0,0,0,0,0,0,1,0,0
1,15,57,From Throw In,Saudi Arabia,3857300,0 days 00:15:57,0,0,0,0,0,0,1,0,0
1,15,57,From Throw In,Argentina,3857300,0 days 00:15:57,0,0,0,0,0,1,0,0,0
1,16,0,From Throw In,Saudi Arabia,3857300,0 days 00:16:00,1,0,0,0,0,0,0,0,0
1,16,1,From Throw In,Saudi Arabia,3857300,0 days 00:16:01,0,0,0,0,0,0,1,0,0
1,16,3,From Throw In,Saudi Arabia,3857300,0 days 00:16:03,0,0,0,0,0,0,1,0,0
1,16,4,From Throw In,Saudi Arabia,3857300,0 days 00:16:04,0,0,0,0,0,0,1,0,0
1,16,5,Regular Play,Argentina,3857300,0 days 00:16:05,1,0,0,0,0,0,0,0,0
1,16,19,Regular Play,Argentina,3857300,0 days 00:16:19,0,0,0,0,0,0,1,0,0
1,16,26,Regular Play,Argentina,3857300,0 days 00:16:26,0,0,0,0,0,0,1,0,0
1,16,33,Regular Play,Argentina,3857300,0 days 00:16:33,0,0,0,0,0,0,1,0,0
1,16,38,Regular Play,Argentina,3857300,0 days 00:16:38,0,0,0,0,0,0,1,0,0
1,16,42,Regular Play,Argentina,3857300,0 days 00:16:42,0,0,0,0,0,0,1,0,0
1,16,45,Regular Play,Argentina,3857300,0 days 00:16:45,0,0,0,0,0,0,1,0,0
1,16,46,Regular Play,Argentina,3857300,0 days 00:16:46,0,0,0,0,0,0,1,0,0
1,16,54,Regular Play,Argentina,3857300,0 days 00:16:54,0,0,0,0,0,0,1,0,0
1,16,57,Regular Play,Argentina,3857300,0 days 00:16:57,0,0,0,0,0,0,1,0,0
1,17,0,Regular Play,Argentina,3857300,0 days 00:17:00,0,0,0,0,0,0,1,0,0
1,17,5,Regular Play,Argentina,3857300,0 days 00:17:05,0,0,0,0,0,0,1,0,0
1,17,6,Regular Play,Saudi Arabia,3857300,0 days 00:17:06,0,0,0,0,0,1,0,0,0
1,17,7,Regular Play,Saudi Arabia,3857300,0 days 00:17:07,0,0,0,0,0,0,1,0,0
1,17,13,Regular Play,Saudi Arabia,3857300,0 days 00:17:13,0,0,0,0,0,0,1,0,0
1,17,14,Regular Play,Saudi Arabia,3857300,0 days 00:17:14,0,0,0,0,0,0,1,0,0
1,17,15,Regular Play,Saudi Arabia,3857300,0 days 00:17:15,0,0,0,0,0,0,1,0,0
1,17,18,Regular Play,Saudi Arabia,3857300,0 days 00:17:18,0,0,0,0,0,0,1,0,0
1,17,21,Regular Play,Saudi Arabia,3857300,0 days 00:17:21,0,0,0,0,0,0,1,0,0
1,17,23,Regular Play,Saudi Arabia,3857300,0 days 00:17:23,0,0,0,0,0,0,1,0,0
1,17,26,Regular Play,Saudi Arabia,3857300,0 days 00:17:26,0,0,0,0,0,0,1,0,0
1,17,29,Regular Play,Saudi Arabia,3857300,0 days 00:17:29,0,0,0,0,0,0,1,0,0
1,17,31,Regular Play,Saudi Arabia,3857300,0 days 00:17:31,0,0,0,0,0,0,1,0,0
1,17,34,Regular Play,Argentina,3857300,0 days 00:17:34,0,1,0,0,0,0,0,0,0
1,17,36,Regular Play,Saudi Arabia,3857300,0 days 00:17:36,0,0,0,0,0,0,1,0,0
1,17,39,Regular Play,Saudi Arabia,3857300,0 days 00:17:39,0,0,0,0,0,0,1,0,0
1,17,40,Regular Play,Argentina,3857300,0 days 00:17:40,1,0,0,0,0,0,0,0,0
1,17,42,Regular Play,Argentina,3857300,0 days 00:17:42,0,0,0,0,0,0,1,0,0
1,17,43,Regular Play,Argentina,3857300,0 days 00:17:43,0,0,0,0,0,0,1,0,0
1,18,9,From Free Kick,Saudi Arabia,3857300,0 days 00:18:09,0,0,0,0,0,0,1,0,0
1,18,11,From Free Kick,Saudi Arabia,3857300,0 days 00:18:11,0,0,0,0,0,0,1,0,0
1,18,15,From Free Kick,Saudi Arabia,3857300,0 days 00:18:15,0,0,0,0,0,0,1,0,0
1,18,17,From Free Kick,Saudi Arabia,3857300,0 days 00:18:17,0,0,0,0,0,0,1,0,0
1,18,25,From Free Kick,Saudi Arabia,3857300,0 days 00:18:25,0,0,0,0,0,0,1,0,0
1,18,26,From Free Kick,Saudi Arabia,3857300,0 days 00:18:26,0,0,0,0,0,0,1,0,0
1,18,32,From Free Kick,Saudi Arabia,3857300,0 days 00:18:32,0,0,0,0,0,0,1,0,0
1,18,34,From Free Kick,Saudi Arabia,3857300,0 days 00:18:34,0,0,0,0,0,0,1,0,0
1,18,37,Regular Play,Argentina,3857300,0 days 00:18:37,1,0,0,0,0,0,0,0,0
1,18,38,Regular Play,Argentina,3857300,0 days 00:18:38,0,0,0,0,0,0,1,0,0
1,18,39,Regular Play,Argentina,3857300,0 days 00:18:39,0,0,0,1,0,0,0,0,0
1,18,43,Regular Play,Argentina,3857300,0 days 00:18:43,0,0,0,0,0,0,1,0,0
1,18,44,Regular Play,Saudi Arabia,3857300,0 days 00:18:44,0,0,0,0,0,0,1,0,0
1,18,50,From Throw In,Argentina,3857300,0 days 00:18:50,0,0,0,0,0,0,1,0,0
1,18,54,From Throw In,Argentina,3857300,0 days 00:18:54,0,0,0,0,0,0,1,0,0
1,18,57,From Throw In,Argentina,3857300,0 days 00:18:57,0,0,0,0,0,0,1,0,0
1,19,2,From Throw In,Argentina,3857300,0 days 00:19:02,0,0,0,0,0,0,1,0,0
1,19,6,From Throw In,Argentina,3857300,0 days 00:19:06,0,0,0,0,0,0,1,0,0
1,19,9,From Throw In,Argentina,3857300,0 days 00:19:09,0,0,0,0,0,0,1,0,0
1,19,11,From Throw In,Argentina,3857300,0 days 00:19:11,0,0,0,0,0,0,1,0,0
1,19,14,From Throw In,Argentina,3857300,0 days 00:19:14,0,0,0,0,0,0,1,0,0
1,19,19,From Throw In,Argentina,3857300,0 days 00:19:19,0,0,1,0,0,0,0,0,0
1,19,19,From Throw In,Saudi Arabia,3857300,0 days 00:19:19,0,0,0,0,0,0,0,0,1
1,19,21,From Throw In,Argentina,3857300,0 days 00:19:21,1,0,0,0,0,0,0,0,0
1,19,22,From Throw In,Argentina,3857300,0 days 00:19:22,0,0,1,0,0,0,0,0,0
1,19,22,From Throw In,Saudi Arabia,3857300,0 days 00:19:22,0,0,0,0,0,0,0,0,1
1,19,36,From Throw In,Argentina,3857300,0 days 00:19:36,0,0,0,0,0,0,1,0,0
1,19,37,From Throw In,Saudi Arabia,3857300,0 days 00:19:37,0,0,0,0,0,1,0,0,0
1,19,49,From Throw In,Argentina,3857300,0 days 00:19:49,0,0,0,0,0,0,1,0,0
1,19,51,From Throw In,Argentina,3857300,0 days 00:19:51,0,0,0,0,0,0,1,0,0
1,19,52,From Throw In,Argentina,3857300,0 days 00:19:52,0,0,0,0,0,0,1,0,0
1,19,54,From Throw In,Argentina,3857300,0 days 00:19:54,0,0,0,1,0,0,0,0,0
1,19,55,From Throw In,Argentina,3857300,0 days 00:19:55,0,0,1,0,0,0,0,0,0
1,19,55,From Throw In,Saudi Arabia,3857300,0 days 00:19:55,0,0,0,0,0,0,0,0,1
1,19,56,From Throw In,Argentina,3857300,0 days 00:19:56,0,0,0,0,0,0,1,0,0
1,20,0,From Throw In,Argentina,3857300,0 days 00:20:00,0,0,0,0,0,0,0,1,0
1,20,10,From Goal Kick,Saudi Arabia,3857300,0 days 00:20:10,0,0,0,0,0,0,1,0,0
1,20,14,Regular Play,Argentina,3857300,0 days 00:20:14,1,0,0,0,0,0,0,0,0
1,20,15,Regular Play,Argentina,3857300,0 days 00:20:15,0,0,0,0,0,0,1,0,0
1,20,17,Regular Play,Argentina,3857300,0 days 00:20:17,0,0,0,0,0,0,1,0,0
1,20,19,Regular Play,Argentina,3857300,0 days 00:20:19,0,0,0,0,0,0,1,0,0
1,20,22,Regular Play,Argentina,3857300,0 days 00:20:22,0,0,0,0,0,0,1,0,0
1,20,50,From Free Kick,Saudi Arabia,3857300,0 days 00:20:50,0,0,0,0,0,0,1,0,0
1,20,55,From Free Kick,Saudi Arabia,3857300,0 days 00:20:55,0,0,0,0,0,0,1,0,0
1,21,2,From Free Kick,Saudi Arabia,3857300,0 days 00:21:02,0,0,0,0,0,0,1,0,0
1,21,8,From Throw In,Argentina,3857300,0 days 00:21:08,0,0,0,0,0,0,1,0,0
1,21,12,From Throw In,Argentina,3857300,0 days 00:21:12,0,0,0,0,0,0,1,0,0
1,21,15,From Throw In,Argentina,3857300,0 days 00:21:15,0,0,0,0,0,0,1,0,0
1,21,17,From Throw In,Argentina,3857300,0 days 00:21:17,0,0,0,0,0,0,1,0,0
1,21,19,From Throw In,Argentina,3857300,0 days 00:21:19,0,0,0,0,0,0,1,0,0
1,21,21,From Throw In,Argentina,3857300,0 days 00:21:21,0,0,0,0,0,0,1,0,0
1,21,21,From Throw In,Saudi Arabia,3857300,0 days 00:21:21,0,0,0,0,0,1,0,0,0
1,21,23,From Throw In,Saudi Arabia,3857300,0 days 00:21:23,1,0,0,0,0,0,0,0,0
1,21,24,From Throw In,Argentina,3857300,0 days 00:21:24,1,0,0,0,0,0,0,0,0
1,21,24,From Throw In,Saudi Arabia,3857300,0 days 00:21:24,0,0,0,0,1,0,0,0,0
1,21,25,From Throw In,Argentina,3857300,0 days 00:21:25,0,0,0,0,0,0,1,0,0
1,21,27,From Throw In,Argentina,3857300,0 days 00:21:27,0,0,0,0,0,0,1,0,0
1,21,34,From Throw In,Argentina,3857300,0 days 00:21:34,0,0,0,0,0,0,1,0,0
1,21,36,From Throw In,Argentina,3857300,0 days 00:21:36,0,0,0,0,0,0,1,0,0
1,21,40,From Throw In,Argentina,3857300,0 days 00:21:40,0,0,0,0,0,0,1,0,0
1,12,1,From Goal Kick,Senegal,3857301,0 days 00:12:01,0,0,0,0,0,0,1,0,0
1,12,3,From Goal Kick,Senegal,3857301,0 days 00:12:03,0,0,0,0,0,0,1,0,0
1,12,8,From Goal Kick,Senegal,3857301,0 days 00:12:08,0,0,0,0,0,0,1,0,0
1,12,9,From Goal Kick,Senegal,3857301,0 days 00:12:09,0,0,1,0,0,0,0,0,0
1,12,9,From Goal Kick,Qatar,3857301,0 days 00:12:09,0,0,0,0,0,0,0,0,1
1,12,11,From Goal Kick,Qatar,3857301,0 days 00:12:11,0,0,0,0,0,0,1,0,0
1,12,13,From Goal Kick,Qatar,3857301,0 days 00:12:13,0,0,0,0,0,0,1,0,0
1,12,15,From Goal Kick,Senegal,3857301,0 days 00:12:15,1,0,0,0,0,0,0,0,0
1,12,15,From Goal Kick,Senegal,3857301,0 days 00:12:15,0,0,1,0,0,0,0,0,0
1,12,15,From Goal Kick,Qatar,3857301,0 days 00:12:15,0,0,0,0,0,0,0,0,1
1,12,16,From Goal Kick,Qatar,3857301,0 days 00:12:16,0,0,0,0,1,0,0,0,0
1,12,16,From Goal Kick,Senegal,3857301,0 days 00:12:16,0,0,0,0,0,0,1,0,0
1,12,25,From Goal Kick,Senegal,3857301,0 days 00:12:25,0,0,1,0,0,0,0,0,0
1,12,25,From Goal Kick,Qatar,3857301,0 days 00:12:25,0,0,0,0,0,0,0,0,1
1,12,36,From Throw In,Senegal,3857301,0 days 00:12:36,0,0,0,0,0,0,1,0,0
1,12,37,From Throw In,Senegal,3857301,0 days 00:12:37,0,0,0,0,0,0,1,0,0
1,12,38,From Throw In,Senegal,3857301,0 days 00:12:38,0,0,0,0,0,0,1,0,0
1,12,41,From Throw In,Senegal,3857301,0 days 00:12:41,0,0,0,0,0,0,1,0,0
1,12,43,From Throw In,Senegal,3857301,0 days 00:12:43,0,0,0,0,0,0,1,0,0
1,12,44,From Throw In,Senegal,3857301,0 days 00:12:44,0,0,0,0,0,0,1,0,0
1,12,46,From Throw In,Senegal,3857301,0 days 00:12:46,0,0,0,0,0,0,1,0,0
1,13,13,From Goal Kick,Qatar,3857301,0 days 00:13:13,0,0,0,0,0,0,1,0,0
1,13,16,From Goal Kick,Qatar,3857301,0 days 00:13:16,0,0,0,0,0,0,1,0,0
1,13,19,From Goal Kick,Senegal,3857301,0 days 00:13:19,0,0,0,0,1,0,0,0,0
1,14,16,From Free Kick,Qatar,3857301,0 days 00:14:16,0,0,0,0,0,0,1,0,0
1,14,18,From Free Kick,Qatar,3857301,0 days 00:14:18,0,0,0,0,0,0,1,0,0
1,14,20,From Free Kick,Qatar,3857301,0 days 00:14:20,0,0,0,0,0,0,1,0,0
1,14,21,From Free Kick,Senegal,3857301,0 days 00:14:21,0,1,0,0,0,0,0,0,0
1,14,24,From Free Kick,Qatar,3857301,0 days 00:14:24,1,0,0,0,0,0,0,0,0
1,14,28,From Free Kick,Qatar,3857301,0 days 00:14:28,0,0,0,0,0,0,1,0,0
1,14,32,From Free Kick,Qatar,3857301,0 days 00:14:32,0,0,0,0,0,0,1,0,0
1,14,34,From Free Kick,Senegal,3857301,0 days 00:14:34,0,1,0,0,0,0,0,0,0
1,14,35,From Free Kick,Qatar,3857301,0 days 00:14:35,1,0,0,0,0,0,0,0,0
1,14,36,From Free Kick,Qatar,3857301,0 days 00:14:36,0,0,0,0,0,0,0,1,0
1,14,56,From Goal Kick,Senegal,3857301,0 days 00:14:56,0,0,0,0,0,0,1,0,0
1,14,59,From Goal Kick,Senegal,3857301,0 days 00:14:59,0,0,0,0,0,0,1,0,0
1,15,5,From Goal Kick,Senegal,3857301,0 days 00:15:05,0,0,0,0,0,0,1,0,0
1,15,7,From Goal Kick,Senegal,3857301,0 days 00:15:07,0,0,0,0,0,0,1,0,0
1,15,11,From Goal Kick,Senegal,3857301,0 days 00:15:11,0,0,0,0,0,0,1,0,0
1,15,18,From Goal Kick,Qatar,3857301,0 days 00:15:18,1,0,0,0,0,0,0,0,0
1,15,19,From Goal Kick,Qatar,3857301,0 days 00:15:19,0,0,0,0,0,0,1,0,0
1,15,19,From Goal Kick,Qatar,3857301,0 days 00:15:19,0,0,0,0,0,0,1,0,0
1,15,21,From Goal Kick,Senegal,3857301,0 days 00:15:21,1,0,0,0,0,0,0,0,0
1,15,22,From Goal Kick,Senegal,3857301,0 days 00:15:22,0,0,0,0,0,0,0,1,0
1,16,1,From Corner,Senegal,3857301,0 days 00:16:01,0,0,0,0,0,0,1,0,0
1,16,3,From Corner,Senegal,3857301,0 days 00:16:03,0,0,0,0,0,0,0,1,0
1,18,9,From Goal Kick,Qatar,3857301,0 days 00:18:09,0,0,0,0,0,0,1,0,0
1,18,17,From Goal Kick,Qatar,3857301,0 days 00:18:17,0,0,0,0,0,0,1,0,0
1,18,20,From Goal Kick,Qatar,3857301,0 days 00:18:20,0,0,0,0,0,0,1,0,0
1,18,22,From Goal Kick,Qatar,3857301,0 days 00:18:22,0,0,0,0,0,0,1,0,0
1,18,30,From Goal Kick,Qatar,3857301,0 days 00:18:30,0,0,0,0,0,0,1,0,0
1,18,40,From Throw In,Qatar,3857301,0 days 00:18:40,0,0,0,0,0,0,1,0,0
1,18,42,From Throw In,Senegal,3857301,0 days 00:18:42,0,1,0,0,0,0,0,0,0
1,18,44,From Throw In,Qatar,3857301,0 days 00:18:44,1,0,0,0,0,0,0,0,0
1,18,45,From Throw In,Qatar,3857301,0 days 00:18:45,0,0,1,0,0,0,0,0,0
1,18,45,From Throw In,Senegal,3857301,0 days 00:18:45,0,0,0,0,0,0,0,0,1
1,19,0,From Throw In,Qatar,3857301,0 days 00:19:00,0,0,0,0,0,0,1,0,0
1,19,1,From Throw In,Qatar,3857301,0 days 00:19:01,0,0,0,0,0,0,1,0,0
1,19,3,From Throw In,Qatar,3857301,0 days 00:19:03,0,0,0,0,0,0,1,0,0
1,19,4,Regular Play,Senegal,3857301,0 days 00:19:04,0,0,0,0,0,0,1,0,0
1,19,6,Regular Play,Senegal,3857301,0 days 00:19:06,0,0,1,0,0,0,0,0,0
1,19,6,Regular Play,Qatar,3857301,0 days 00:19:06,0,0,0,0,0,0,0,0,1
1,19,7,Regular Play,Senegal,3857301,0 days 00:19:07,1,0,0,0,0,0,0,0,0
1,19,8,Regular Play,Senegal,3857301,0 days 00:19:08,0,0,0,0,0,0,1,0,0
1,19,12,Regular Play,Qatar,3857301,0 days 00:19:12,0,0,0,0,1,0,0,0,0
1,19,32,From Free Kick,Senegal,3857301,0 days 00:19:32,0,0,0,0,0,0,1,0,0
1,19,37,From Free Kick,Senegal,3857301,0 days 00:19:37,0,0,0,0,0,0,1,0,0
1,19,40,From Free Kick,Senegal,3857301,0 days 00:19:40,0,0,0,0,0,0,1,0,0
1,19,42,From Free Kick,Senegal,3857301,0 days 00:19:42,0,0,0,0,0,0,1,0,0
1,19,46,From Free Kick,Senegal,3857301,0 days 00:19:46,0,0,0,0,0,0,1,0,0
1,19,47,From Free Kick,Senegal,3857301,0 days 00:19:47,0,0,0,0,0,0,1,0,0
1,19,50,From Free Kick,Senegal,3857301,0 days 00:19:50,0,0,0,0,0,0,1,0,0
1,19,55,From Free Kick,Senegal,3857301,0 days 00:19:55,0,0,0,0,0,0,1,0,0
1,19,55,From Free Kick,Senegal,3857301,0 days 00:19:55,0,0,0,0,0,0,1,0,0
1,19,57,From Free Kick,Senegal,3857301,0 days 00:19:57,0,0,0,0,0,0,1,0,0
1,20,0,From Free Kick,Senegal,3857301,0 days 00:20:00,0,0,0,0,0,0,1,0,0
1,20,2,From Free Kick,Senegal,3857301,0 days 00:20:02,0,0,0,0,0,0,1,0,0
1,20,10,From Free Kick,Senegal,3857301,0 days 00:20:10,0,0,0,0,0,0,1,0,0
1,20,13,From Free Kick,Senegal,3857301,0 days 00:20:13,0,0,0,0,0,0,1,0,0
1,20,15,From Free Kick,Senegal,3857301,0 days 00:20:15,0,0,0,0,0,0,1,0,0
1,20,18,From Free Kick,Senegal,3857301,0 days 00:20:18,0,0,0,0,0,0,1,0,0
1,20,35,From Goal Kick,Qatar,3857301,0 days 00:20:35,0,0,0,0,0,0,1,0,0
1,20,36,From Goal Kick,Qatar,3857301,0 days 00:20:36,0,0,0,0,0,0,1,0,0
1,20,40,Regular Play,Senegal,3857301,0 days 00:20:40,0,0,0,0,0,0,1,0,0
1,20,41,Regular Play,Senegal,3857301,0 days 00:20:41,0,0,0,0,0,0,1,0,0
1,20,42,Regular Play,Senegal,3857301,0 days 00:20:42,0,0,0,0,0,0,1,0,0
1,20,43,Regular Play,Senegal,3857301,0 days 00:20:43,0,0,0,0,0,0,1,0,0
1,20,45,Regular Play,Senegal,3857301,0 days 00:20:45,0,0,0,0,0,0,1,0,0
1,20,51,Regular Play,Senegal,3857301,0 days 00:20:51,0,0,0,0,0,0,1,0,0
1,20,55,Regular Play,Senegal,3857301,0 days 00:20:55,0,0,0,0,0,0,1,0,0
1,20,58,Regular Play,Senegal,3857301,0 days 00:20:58,0,0,0,0,0,0,1,0,0
1,21,0,Regular Play,Senegal,3857301,0 days 00:21:00,0,0,0,0,0,0,1,0,0
1,21,2,Regular Play,Qatar,3857301,0 days 00:21:02,0,1,0,0,0,0,0,0,0
1,21,5,Regular Play,Qatar,3857301,0 days 00:21:05,0,0,0,0,1,0,0,0,0
1,21,52,From Free Kick,Senegal,3857301,0 days 00:21:52,0,0,0,0,0,0,1,0,0
1,21,53,From Free Kick,Senegal,3857301,0 days 00:21:53,0,0,0,0,1,0,0,0,0
1,12,1,From Throw In,Netherlands,3869117,0 days 00:12:01,0,0,0,0,0,0,1,0,0
1,12,18,From Throw In,United States,3869117,0 days 00:12:18,0,0,0,0,0,0,1,0,0
1,12,19,From Throw In,United States,3869117,0 days 00:12:19,0,0,0,0,0,0,1,0,0
1,12,21,From Throw In,United States,3869117,0 days 00:12:21,0,0,0,0,0,0,1,0,0
1,12,23,From Throw In,United States,3869117,0 days 00:12:23,0,0,0,0,0,0,1,0,0
1,12,30,From Throw In,United States,3869117,0 days 00:12:30,0,0,0,0,0,0,1,0,0
1,12,31,From Throw In,United States,3869117,0 days 00:12:31,0,0,0,0,0,0,1,0,0
1,12,34,From Throw In,United States,3869117,0 days 00:12:34,0,0,0,0,0,0,1,0,0
1,12,35,From Throw In,United States,3869117,0 days 00:12:35,0,0,0,0,0,0,1,0,0
1,12,37,From Throw In,Netherlands,3869117,0 days 00:12:37,0,0,0,0,0,0,1,0,0
1,12,38,From Throw In,United States,3869117,0 days 00:12:38,0,0,0,0,0,0,1,0,0
1,12,39,From Throw In,Netherlands,3869117,0 days 00:12:39,0,0,0,0,0,0,1,0,0
1,12,41,From Throw In,United States,3869117,0 days 00:12:41,0,0,0,0,0,0,1,0,0
1,12,44,From Throw In,United States,3869117,0 days 00:12:44,0,0,0,0,0,0,1,0,0
1,12,45,From Throw In,Netherlands,3869117,0 days 00:12:45,0,1,0,0,0,0,0,0,0
1,12,49,From Throw In,United States,3869117,0 days 00:12:49,0,0,0,0,0,0,1,0,0
1,12,51,Regular Play,Netherlands,3869117,0 days 00:12:51,1,0,0,0,0,0,0,0,0
1,12,52,Regular Play,Netherlands,3869117,0 days 00:12:52,0,0,0,0,0,0,1,0,0
1,12,54,Regular Play,Netherlands,3869117,0 days 00:12:54,0,0,0,0,0,0,1,0,0
1,13,0,Regular Play,Netherlands,3869117,0 days 00:13:00,0,0,0,0,0,0,1,0,0
1,13,4,Regular Play,Netherlands,3869117,0 days 00:13:04,0,0,0,0,0,0,1,0,0
1,13,8,Regular Play,Netherlands,3869117,0 days 00:13:08,0,0,0,0,0,0,1,0,0
1,13,10,Regular Play,Netherlands,3869117,0 days 00:13:10,0,0,0,0,0,0,1,0,0
1,13,11,Regular Play,Netherlands,3869117,0 days 00:13:11,0,0,0,0,0,0,1,0,0
1,13,15,Regular Play,Netherlands,3869117,0 days 00:13:15,0,0,0,0,0,0,1,0,0
1,13,19,Regular Play,Netherlands,3869117,0 days 00:13:19,0,0,0,0,0,0,1,0,0
1,13,23,Regular Play,Netherlands,3869117,0 days 00:13:23,0,0,0,0,0,0,1,0,0
1,13,24,Regular Play,Netherlands,3869117,0 days 00:13:24,0,0,0,0,0,0,1,0,0
1,13,26,Regular Play,Netherlands,3869117,0 days 00:13:26,0,0,0,0,0,0,1,0,0
1,13,29,Regular Play,Netherlands,3869117,0 days 00:13:29,0,0,0,0,0,0,1,0,0
1,13,33,Regular Play,Netherlands,3869117,0 days 00:13:33,0,0,0,0,0,0,1,0,0
1,13,37,Regular Play,Netherlands,3869117,0 days 00:13:37,0,0,0,0,0,0,1,0,0
1,13,47,Regular Play,Netherlands,3869117,0 days 00:13:47,0,0,0,0,1,0,0,0,0
1,14,24,From Free Kick,United States,3869117,0 days 00:14:24,0,0,0,0,0,0,1,0,0
1,14,25,From Free Kick,United States,3869117,0 days 00:14:25,0,0,0,0,0,0,1,0,0
1,14,27,From Free Kick,United States,3869117,0 days 00:14:27,0,0,0,0,0,0,1,0,0
1,14,28,From Free Kick,Netherlands,3869117,0 days 00:14:28,0,0,0,0,0,0,1,0,0
1,14,31,From Free Kick,United States,3869117,0 days 00:14:31,1,0,0,0,0,0,0,0,0
1,14,32,From Free Kick,United States,3869117,0 days 00:14:32,0,0,0,0,0,0,1,0,0
1,14,45,From Free Kick,United States,3869117,0 days 00:14:45,0,0,0,0,0,0,1,0,0
1,14,47,From Free Kick,United States,3869117,0 days 00:14:47,0,0,0,0,0,0,1,0,0
1,14,50,From Free Kick,United States,3869117,0 days 00:14:50,0,0,0,0,0,0,1,0,0
1,14,53,Regular Play,Netherlands,3869117,0 days 00:14:53,1,0,0,0,0,0,0,0,0
1,14,54,Regular Play,Netherlands,3869117,0 days 00:14:54,0,0,0,0,0,0,1,0,0
1,14,58,Regular Play,Netherlands,3869117,0 days 00:14:58,0,0,0,0,0,0,1,0,0
1,14,59,Regular Play,Netherlands,3869117,0 days 00:14:59,0,0,0,0,0,0,1,0,0
1,15,6,Regular Play,Netherlands,3869117,0 days 00:15:06,0,0,0,0,0,0,1,0,0
1,15,10,Regular Play,Netherlands,3869117,0 days 00:15:10,0,0,0,0,0,0,1,0,0
1,15,13,Regular Play,Netherlands,3869117,0 days 00:15:13,0,0,0,0,0,0,1,0,0
1,15,14,Regular Play,Netherlands,3869117,0 days 00:15:14,0,0,0,0,0,0,1,0,0
1,15,15,Regular Play,United States,3869117,0 days 00:15:15,0,0,0,0,0,0,1,0,0
1,15,17,Regular Play,United States,3869117,0 days 00:15:17,0,0,0,0,0,0,1,0,0
1,15,21,Regular Play,United States,3869117,0 days 00:15:21,0,0,0,0,0,0,1,0,0
1,15,28,Regular Play,United States,3869117,0 days 00:15:28,0,0,0,0,0,0,1,0,0
1,15,36,Regular Play,United States,3869117,0 days 00:15:36,0,0,0,0,0,0,1,0,0
1,15,39,Regular Play,United States,3869117,0 days 00:15:39,0,0,0,0,0,0,1,0,0
1,15,43,Regular Play,United States,3869117,0 days 00:15:43,0,0,0,0,0,0,1,0,0
1,15,48,Regular Play,United States,3869117,0 days 00:15:48,0,0,0,0,0,0,1,0,0
1,15,55,Regular Play,United States,3869117,0 days 00:15:55,0,0,0,0,0,0,1,0,0
1,16,2,Regular Play,United States,3869117,0 days 00:16:02,0,0,0,0,0,0,1,0,0
1,16,7,Regular Play,United States,3869117,0 days 00:16:07,0,0,0,0,0,0,1,0,0
1,16,8,Regular Play,United States,3869117,0 days 00:16:08,0,0,0,1,0,0,0,0,0
1,16,13,Regular Play,United States,3869117,0 days 00:16:13,0,0,0,0,0,0,1,0,0
1,16,15,Regular Play,Netherlands,3869117,0 days 00:16:15,0,0,0,0,0,0,1,0,0
1,16,17,Regular Play,Netherlands,3869117,0 days 00:16:17,0,0,0,0,0,0,1,0,0
1,16,20,Regular Play,Netherlands,3869117,0 days 00:16:20,0,0,0,0,0,0,1,0,0
1,16,22,Regular Play,Netherlands,3869117,0 days 00:16:22,0,0,0,0,0,0,1,0,0
1,16,23,Regular Play,Netherlands,3869117,0 days 00:16:23,0,0,0,0,0,0,1,0,0
1,16,26,Regular Play,Netherlands,3869117,0 days 00:16:26,0,0,0,0,0,0,1,0,0
1,16,28,Regular Play,Netherlands,3869117,0 days 00:16:28,0,0,0,0,0,0,1,0,0
1,16,30,Regular Play,Netherlands,3869117,0 days 00:16:30,0,0,0,0,0,0,1,0,0
1,16,36,Regular Play,Netherlands,3869117,0 days 00:16:36,0,0,0,0,0,0,1,0,0
1,16,41,Regular Play,Netherlands,3869117,0 days 00:16:41,0,0,0,0,0,0,1,0,0
1,16,44,Regular Play,Netherlands,3869117,0 days 00:16:44,0,0,0,0,0,0,1,0,0
1,16,47,Regular Play,Netherlands,3869117,0 days 00:16:47,0,0,0,0,0,0,1,0,0
1,16,50,Regular Play,Netherlands,3869117,0 days 00:16:50,0,0,0,0,0,0,1,0,0
1,16,51,Regular Play,Netherlands,3869117,0 days 00:16:51,0,0,0,0,0,0,1,0,0
1,16,52,Regular Play,Netherlands,3869117,0 days 00:16:52,0,0,0,0,0,0,1,0,0
1,16,55,Regular Play,United States,3869117,0 days 00:16:55,0,0,0,0,0,0,1,0,0
1,16,57,Regular Play,Netherlands,3869117,0 days 00:16:57,0,0,0,0,0,0,1,0,0
1,17,2,Regular Play,Netherlands,3869117,0 days 00:17:02,0,0,0,0,0,0,1,0,0
1,17,4,Regular Play,Netherlands,3869117,0 days 00:17:04,0,0,0,0,0,0,0,1,0
1,17,30,From Goal Kick,United States,3869117,0 days 00:17:30,0,0,0,0,0,0,1,0,0
1,17,33,From Goal Kick,Netherlands,3869117,0 days 00:17:33,0,0,0,0,0,0,1,0,0
1,17,36,From Goal Kick,Netherlands,3869117,0 days 00:17:36,0,0,0,0,0,0,1,0,0
1,17,39,From Goal Kick,United States,3869117,0 days 00:17:39,1,0,0,0,0,0,0,0,0
1,17,42,From Goal Kick,United States,3869117,0 days 00:17:42,0,0,0,0,0,0,1,0,0
1,17,49,From Goal Kick,United States,3869117,0 days 00:17:49,0,0,0,0,0,0,1,0,0
1,17,50,Regular Play,Netherlands,3869117,0 days 00:17:50,1,0,0,0,0,0,0,0,0
1,18,4,Regular Play,Netherlands,3869117,0 days 00:18:04,0,0,0,0,0,0,1,0,0
1,18,8,Regular Play,Netherlands,3869117,0 days 00:18:08,0,0,0,0,0,0,1,0,0
1,18,11,Regular Play,Netherlands,3869117,0 days 00:18:11,0,0,0,0,0,0,1,0,0
1,18,12,Regular Play,Netherlands,3869117,0 days 00:18:12,0,0,0,0,0,0,1,0,0
1,18,18,Regular Play,Netherlands,3869117,0 days 00:18:18,0,0,0,0,0,0,1,0,0
1,18,19,Regular Play,Netherlands,3869117,0 days 00:18:19,0,0,0,0,0,0,1,0,0
1,18,21,Regular Play,Netherlands,3869117,0 days 00:18:21,0,0,0,0,0,0,1,0,0
1,18,22,Regular Play,Netherlands,3869117,0 days 00:18:22,0,0,0,1,0,0,0,0,0
1,18,22,Regular Play,United States,3869117,0 days 00:18:22,0,0,0,0,0,0,0,0,1
1,18,31,From Throw In,United States,3869117,0 days 00:18:31,0,0,0,0,0,0,1,0,0
1,18,34,From Throw In,United States,3869117,0 days 00:18:34,0,0,0,0,0,0,1,0,0
1,18,40,From Throw In,United States,3869117,0 days 00:18:40,0,0,0,0,0,0,1,0,0
1,18,47,From Throw In,United States,3869117,0 days 00:18:47,0,0,0,0,0,0,1,0,0
1,18,48,From Throw In,United States,3869117,0 days 00:18:48,0,0,0,0,0,0,1,0,0
1,18,54,From Throw In,United States,3869117,0 days 00:18:54,0,0,0,0,0,0,1,0,0
1,18,55,From Throw In,United States,3869117,0 days 00:18:55,0,0,0,0,0,0,1,0,0
1,19,26,From Goal Kick,Netherlands,3869117,0 days 00:19:26,0,0,0,0,0,0,1,0,0
1,19,29,From Goal Kick,United States,3869117,0 days 00:19:29,0,0,0,0,0,0,1,0,0
1,19,31,From Goal Kick,Netherlands,3869117,0 days 00:19:31,0,0,0,0,0,0,1,0,0
1,19,33,From Goal Kick,Netherlands,3869117,0 days 00:19:33,0,0,0,1,0,0,0,0,0
1,19,33,From Goal Kick,United States,3869117,0 days 00:19:33,0,0,0,0,0,0,0,0,1
1,19,35,From Goal Kick,United States,3869117,0 days 00:19:35,0,0,0,0,0,0,1,0,0
1,19,39,From Goal Kick,Netherlands,3869117,0 days 00:19:39,0,0,0,0,0,0,1,0,0
1,19,42,From Goal Kick,Netherlands,3869117,0 days 00:19:42,0,0,0,0,0,0,1,0,0
1,19,45,From Goal Kick,United States,3869117,0 days 00:19:45,0,0,0,0,0,0,1,0,0
1,19,47,From Goal Kick,Netherlands,3869117,0 days 00:19:47,0,1,0,0,0,0,0,0,0
1,20,14,From Free Kick,Netherlands,3869117,0 days 00:20:14,0,0,0,0,0,0,1,0,0
1,20,20,From Free Kick,Netherlands,3869117,0 days 00:20:20,0,0,0,0,0,0,0,1,0
1,20,55,From Goal Kick,United States,3869117,0 days 00:20:55,0,0,0,0,0,0,1,0,0
1,20,59,From Goal Kick,United States,3869117,0 days 00:20:59,0,0,0,0,0,0,1,0,0
1,21,0,From Goal Kick,United States,3869117,0 days 00:21:00,0,0,0,0,0,0,1,0,0
1,21,2,From Goal Kick,United States,3869117,0 days 00:21:02,0,0,0,0,0,0,1,0,0
1,21,8,From Goal Kick,United States,3869117,0 days 00:21:08,0,0,0,0,0,0,1,0,0
1,21,13,From Goal Kick,United States,3869117,0 days 00:21:13,0,0,0,0,0,0,1,0,0
1,21,16,From Goal Kick,United States,3869117,0 days 00:21:16,0,0,0,1,0,0,0,0,0
1,21,16,From Goal Kick,Netherlands,3869117,0 days 00:21:16,0,0,0,0,0,0,0,0,1
1,21,18,From Goal Kick,Netherlands,3869117,0 days 00:21:18,1,0,0,0,0,0,0,0,0
1,21,18,From Goal Kick,Netherlands,3869117,0 days 00:21:18,0,0,0,0,0,0,1,0,0
1,21,22,From Goal Kick,Netherlands,3869117,0 days 00:21:22,0,0,0,0,0,0,1,0,0
1,21,26,From Goal Kick,United States,3869117,0 days 00:21:26,0,0,0,0,0,1,0,0,0
1,21,27,From Goal Kick,United States,3869117,0 days 00:21:27,0,0,0,0,0,0,1,0,0
1,21,34,From Goal Kick,United States,3869117,0 days 00:21:34,0,0,0,0,0,0,1,0,0
1,21,40,From Goal Kick,United States,3869117,0 days 00:21:40,0,0,0,0,0,0,1,0,0
1,21,43,From Goal Kick,United States,3869117,0 days 00:21:43,0,0,0,0,0,0,1,0,0
1,21,46,From Goal Kick,United States,3869117,0 days 00:21:46,0,0,0,0,0,0,1,0,0
1,21,50,From Goal Kick,United States,3869117,0 days 00:21:50,0,0,0,0,0,0,1,0,0
1,12,1,From Free Kick,England,3869118,0 days 00:12:01,1,0,0,0,0,0,0,0,0
1,12,2,From Free Kick,England,3869118,0 days 00:12:02,0,0,0,0,0,0,1,0,0
1,12,6,From Free Kick,England,3869118,0 days 00:12:06,0,0,0,0,0,0,1,0,0
1,12,50,From Throw In,Senegal,3869118,0 days 00:12:50,0,0,0,0,0,0,1,0,0
1,12,52,From Throw In,England,3869118,0 days 00:12:52,0,0,0,0,0,0,1,0,0
1,12,55,From Throw In,Senegal,3869118,0 days 00:12:55,1,0,0,0,0,0,0,0,0
1,12,55,From Throw In,Senegal,3869118,0 days 00:12:55,0,0,0,0,0,0,1,0,0
1,12,58,From Throw In,Senegal,3869118,0 days 00:12:58,0,0,0,0,0,0,1,0,0
1,13,2,From Throw In,Senegal,3869118,0 days 00:13:02,0,0,1,0,0,0,0,0,0
1,13,2,Regular Play,England,3869118,0 days 00:13:02,0,0,0,0,0,0,0,0,1
1,13,3,Regular Play,England,3869118,0 days 00:13:03,1,0,0,0,0,0,0,0,0
1,13,4,Regular Play,England,3869118,0 days 00:13:04,0,0,0,0,0,0,1,0,0
1,13,6,Regular Play,England,3869118,0 days 00:13:06,0,0,0,1,0,0,0,0,0
1,13,7,Regular Play,Senegal,3869118,0 days 00:13:07,0,0,0,0,1,0,0,0,0
1,13,8,Regular Play,England,3869118,0 days 00:13:08,0,0,0,0,0,0,1,0,0
1,13,10,Regular Play,England,3869118,0 days 00:13:10,0,0,0,0,0,0,1,0,0
1,13,46,From Goal Kick,Senegal,3869118,0 days 00:13:46,0,0,0,0,0,0,1,0,0
1,13,52,From Goal Kick,Senegal,3869118,0 days 00:13:52,0,0,0,0,0,0,1,0,0
1,13,54,From Goal Kick,Senegal,3869118,0 days 00:13:54,0,0,0,0,0,0,1,0,0
1,13,57,Regular Play,England,3869118,0 days 00:13:57,1,0,0,0,0,0,0,0,0
1,13,58,Regular Play,England,3869118,0 days 00:13:58,0,0,0,0,0,0,1,0,0
1,13,59,Regular Play,England,3869118,0 days 00:13:59,0,0,0,0,0,0,1,0,0
1,14,0,Regular Play,England,3869118,0 days 00:14:00,0,0,0,0,0,0,1,0,0
1,14,3,Regular Play,England,3869118,0 days 00:14:03,0,0,0,0,0,0,1,0,0
1,14,6,Regular Play,England,3869118,0 days 00:14:06,0,0,0,0,0,0,1,0,0
1,14,8,Regular Play,Senegal,3869118,0 days 00:14:08,0,1,0,0,0,0,0,0,0
1,14,10,Regular Play,Senegal,3869118,0 days 00:14:10,1,0,0,0,0,0,0,0,0
1,14,10,Regular Play,Senegal,3869118,0 days 00:14:10,0,0,0,0,0,0,1,0,0
1,14,13,Regular Play,England,3869118,0 days 00:14:13,1,0,0,0,0,0,0,0,0
1,14,15,Regular Play,Senegal,3869118,0 days 00:14:15,0,0,0,0,0,0,1,0,0
1,14,20,Regular Play,Senegal,3869118,0 days 00:14:20,0,0,0,0,0,0,1,0,0
1,14,22,Regular Play,Senegal,3869118,0 days 00:14:22,0,1,0,0,0,0,0,0,0
1,14,30,From Throw In,England,3869118,0 days 00:14:30,0,0,0,0,0,0,1,0,0
1,14,31,From Throw In,England,3869118,0 days 00:14:31,0,0,0,0,0,0,1,0,0
1,14,32,From Throw In,England,3869118,0 days 00:14:32,0,0,0,0,0,0,1,0,0
1,14,34,From Throw In,England,3869118,0 days 00:14:34,0,0,0,0,0,0,1,0,0
1,14,35,From Throw In,England,3869118,0 days 00:14:35,0,0,0,0,0,0,1,0,0
1,14,37,From Throw In,England,3869118,0 days 00:14:37,0,0,0,0,0,0,1,0,0
1,14,52,From Keeper,Senegal,3869118,0 days 00:14:52,0,0,0,0,0,0,1,0,0
1,14,56,From Keeper,Senegal,3869118,0 days 00:14:56,0,0,0,0,0,0,1,0,0
1,15,1,From Keeper,Senegal,3869118,0 days 00:15:01,0,0,0,0,0,0,1,0,0
1,15,4,From Keeper,England,3869118,0 days 00:15:04,0,0,0,0,0,0,1,0,0
1,15,8,From Keeper,Senegal,3869118,0 days 00:15:08,0,0,0,0,0,0,1,0,0
1,15,10,From Keeper,Senegal,3869118,0 days 00:15:10,0,0,1,0,0,0,0,0,0
1,15,10,Regular Play,England,3869118,0 days 00:15:10,0,0,0,0,0,0,0,0,1
1,15,11,Regular Play,England,3869118,0 days 00:15:11,0,0,1,0,0,0,0,0,0
1,15,11,Regular Play,Senegal,3869118,0 days 00:15:11,0,0,0,0,0,0,0,0,1
1,15,19,From Throw In,England,3869118,0 days 00:15:19,0,0,0,0,0,0,1,0,0
1,15,22,From Throw In,England,3869118,0 days 00:15:22,0,0,0,0,0,0,1,0,0
1,15,26,From Throw In,England,3869118,0 days 00:15:26,0,0,0,0,0,0,1,0,0
1,15,30,From Throw In,Senegal,3869118,0 days 00:15:30,0,0,0,0,1,0,0,0,0
1,15,52,From Free Kick,England,3869118,0 days 00:15:52,0,0,0,0,0,0,1,0,0
1,15,55,From Free Kick,England,3869118,0 days 00:15:55,0,0,0,0,0,0,1,0,0
1,15,58,From Free Kick,England,3869118,0 days 00:15:58,0,0,0,0,0,0,1,0,0
1,16,3,From Free Kick,England,3869118,0 days 00:16:03,0,0,0,0,0,0,1,0,0
1,16,6,From Free Kick,England,3869118,0 days 00:16:06,0,0,0,0,0,0,1,0,0
1,16,8,From Free Kick,England,3869118,0 days 00:16:08,0,0,0,0,0,0,1,0,0
1,16,12,From Free Kick,England,3869118,0 days 00:16:12,0,0,0,0,0,0,1,0,0
1,16,12,From Free Kick,England,3869118,0 days 00:16:12,0,0,0,0,0,0,1,0,0
1,16,15,From Free Kick,England,3869118,0 days 00:16:15,0,0,0,0,0,0,1,0,0
1,16,17,Regular Play,Senegal,3869118,0 days 00:16:17,0,0,0,0,0,0,1,0,0
1,16,20,Regular Play,Senegal,3869118,0 days 00:16:20,0,0,0,0,0,0,1,0,0
1,16,24,Regular Play,Senegal,3869118,0 days 00:16:24,0,0,0,0,0,0,1,0,0
1,16,28,Regular Play,Senegal,3869118,0 days 00:16:28,0,0,1,0,0,0,0,0,0
1,16,28,Regular Play,England,3869118,0 days 00:16:28,0,0,0,0,0,0,0,0,1
1,16,30,Regular Play,England,3869118,0 days 00:16:30,1,0,0,0,0,0,0,0,0
1,16,30,Regular Play,England,3869118,0 days 00:16:30,0,0,0,0,0,0,1,0,0
1,16,32,Regular Play,England,3869118,0 days 00:16:32,0,0,0,0,0,0,1,0,0
1,16,51,From Goal Kick,England,3869118,0 days 00:16:51,0,0,0,0,0,0,1,0,0
1,16,54,From Goal Kick,England,3869118,0 days 00:16:54,0,0,0,0,0,0,1,0,0
1,16,55,From Goal Kick,England,3869118,0 days 00:16:55,0,0,0,0,0,0,1,0,0
1,16,58,From Goal Kick,England,3869118,0 days 00:16:58,0,0,0,0,0,0,1,0,0
1,17,0,From Goal Kick,England,3869118,0 days 00:17:00,0,0,0,0,0,0,1,0,0
1,17,3,From Goal Kick,England,3869118,0 days 00:17:03,0,0,0,0,0,0,1,0,0
1,17,6,From Goal Kick,Senegal,3869118,0 days 00:17:06,1,0,0,0,0,0,0,0,0
1,17,6,From Goal Kick,Senegal,3869118,0 days 00:17:06,0,0,0,0,0,0,1,0,0
1,17,9,From Goal Kick,Senegal,3869118,0 days 00:17:09,0,0,1,0,0,0,0,0,0
1,17,9,From Goal Kick,England,3869118,0 days 00:17:09,0,0,0,0,0,0,0,0,1
1,17,10,From Goal Kick,England,3869118,0 days 00:17:10,1,0,0,0,0,0,0,0,0
1,17,11,From Goal Kick,England,3869118,0 days 00:17:11,0,0,0,0,0,0,1,0,0
1,17,16,From Goal Kick,England,3869118,0 days 00:17:16,0,0,0,0,0,0,1,0,0
1,17,18,From Goal Kick,England,3869118,0 days 00:17:18,0,0,0,0,0,0,1,0,0
1,17,23,From Goal Kick,England,3869118,0 days 00:17:23,0,0,0,0,0,0,1,0,0
1,17,31,From Goal Kick,England,3869118,0 days 00:17:31,0,0,0,0,0,0,1,0,0
1,17,33,From Goal Kick,England,3869118,0 days 00:17:33,0,0,0,0,0,0,1,0,0
1,17,36,From Goal Kick,England,3869118,0 days 00:17:36,0,0,0,0,0,0,1,0,0
1,17,44,From Goal Kick,England,3869118,0 days 00:17:44,0,0,0,0,0,0,1,0,0
1,17,51,From Goal Kick,England,3869118,0 days 00:17:51,0,0,0,0,0,0,1,0,0
1,17,52,From Goal Kick,England,3869118,0 days 00:17:52,0,0,0,0,0,0,1,0,0
1,18,0,From Goal Kick,England,3869118,0 days 00:18:00,0,0,0,0,0,0,1,0,0
1,18,9,From Goal Kick,England,3869118,0 days 00:18:09,0,0,0,0,0,0,1,0,0
1,18,11,From Goal Kick,England,3869118,0 days 00:18:11,0,0,0,0,0,0,1,0,0
1,18,15,From Goal Kick,England,3869118,0 days 00:18:15,0,0,0,0,0,0,1,0,0
1,18,23,From Goal Kick,England,3869118,0 days 00:18:23,0,0,0,0,0,0,1,0,0
1,18,25,From Goal Kick,England,3869118,0 days 00:18:25,0,0,0,0,0,0,1,0,0
1,18,28,From Goal Kick,England,3869118,0 days 00:18:28,0,0,0,0,0,0,1,0,0
1,18,30,From Goal Kick,England,3869118,0 days 00:18:30,0,0,0,0,0,0,1,0,0
1,18,33,From Goal Kick,England,3869118,0 days 00:18:33,0,0,0,0,0,0,1,0,0
1,18,36,From Goal Kick,England,3869118,0 days 00:18:36,0,0,0,0,0,0,1,0,0
1,18,40,Regular Play,Senegal,3869118,0 days 00:18:40,1,0,0,0,0,0,0,0,0
1,18,45,Regular Play,Senegal,3869118,0 days 00:18:45,0,0,0,0,0,0,1,0,0
1,18,46,Regular Play,Senegal,3869118,0 days 00:18:46,0,0,0,0,0,0,1,0,0
1,18,49,Regular Play,Senegal,3869118,0 days 00:18:49,0,0,1,0,0,0,0,0,0
1,18,49,Regular Play,England,3869118,0 days 00:18:49,0,0,0,0,0,0,0,0,1
1,19,13,From Throw In,Senegal,3869118,0 days 00:19:13,0,0,0,0,0,0,1,0,0
1,19,15,From Throw In,Senegal,3869118,0 days 00:19:15,0,0,0,0,0,0,1,0,0
1,19,24,From Throw In,Senegal,3869118,0 days 00:19:24,0,0,0,0,0,0,1,0,0
1,19,25,Regular Play,England,3869118,0 days 00:19:25,0,0,0,0,0,1,0,0,0
1,19,29,Regular Play,England,3869118,0 days 00:19:29,0,0,0,0,0,0,1,0,0
1,20,24,From Corner,England,3869118,0 days 00:20:24,0,0,0,0,0,0,1,0,0
1,20,25,From Corner,England,3869118,0 days 00:20:25,0,0,0,0,0,0,0,1,0
1,20,44,From Goal Kick,Senegal,3869118,0 days 00:20:44,0,0,0,0,0,0,1,0,0
1,20,47,From Goal Kick,Senegal,3869118,0 days 00:20:47,0,0,0,0,0,0,1,0,0
1,20,49,From Goal Kick,Senegal,3869118,0 days 00:20:49,0,0,0,0,0,0,1,0,0
1,20,49,From Goal Kick,England,3869118,0 days 00:20:49,0,0,0,0,0,1,0,0,0
1,20,54,From Goal Kick,Senegal,3869118,0 days 00:20:54,0,0,0,0,0,0,1,0,0
1,20,57,From Goal Kick,Senegal,3869118,0 days 00:20:57,0,0,0,0,0,0,1,0,0
1,21,0,From Goal Kick,Senegal,3869118,0 days 00:21:00,0,0,0,0,0,0,1,0,0
1,21,3,From Goal Kick,Senegal,3869118,0 days 00:21:03,0,0,0,0,0,0,1,0,0
1,21,11,From Goal Kick,Senegal,3869118,0 days 00:21:11,0,0,0,0,0,0,1,0,0
1,21,12,From Goal Kick,Senegal,3869118,0 days 00:21:12,0,0,0,0,0,0,1,0,0
1,21,14,From Goal Kick,Senegal,3869118,0 days 00:21:14,0,0,0,0,0,0,1,0,0
1,21,33,From Throw In,Senegal,3869118,0 days 00:21:33,0,0,0,0,0,0,1,0,0
1,21,34,From Throw In,Senegal,3869118,0 days 00:21:34,0,0,0,0,0,0,1,0,0
1,21,35,From Throw In,Senegal,3869118,0 days 00:21:35,0,0,0,0,0,0,1,0,0
1,21,38,From Throw In,Senegal,3869118,0 days 00:21:38,0,0,0,0,0,0,1,0,0
1,21,38,From Throw In,Senegal,3869118,0 days 00:21:38,0,0,0,0,0,0,1,0,0
1,21,39,Regular Play,England,3869118,0 days 00:21:39,0,0,0,0,0,1,0,0,0
1,21,40,Regular Play,England,3869118,0 days 00:21:40,0,0,0,0,0,0,1,0,0
1,21,40,Regular Play,England,3869118,0 days 00:21:40,0,0,0,0,0,0,1,0,0
1,21,40,Regular Play,Senegal,3869118,0 days 00:21:40,0,0,0,0,0,1,0,0,0
1,21,42,Regular Play,Senegal,3869118,0 days 00:21:42,0,0,0,0,0,0,1,0,0
1,21,44,Regular Play,England,3869118,0 days 00:21:44,0,0,0,0,0,1,0,0,0
1,21,45,Regular Play,England,3869118,0 days 00:21:45,0,0,1,0,0,0,0,0,0
1,21,45,Regular Play,Senegal,3869118,0 days 00:21:45,0,0,0,0,0,0,0,0,1
1,21,46,Regular Play,England,3869118,0 days 00:21:46,0,1,0,0,0,0,0,0,0
1,21,49,Regular Play,Senegal,3869118,0 days 00:21:49,1,0,0,0,0,0,0,0,0
1,21,51,Regular Play,Senegal,3869118,0 days 00:21:51,0,0,0,0,0,0,1,0,0
1,21,53,Regular Play,England,3869118,0 days 00:21:53,0,0,0,0,0,0,1,0,0
1,21,54,Regular Play,Senegal,3869118,0 days 00:21:54,0,0,0,0,0,1,0,0,0
1,21,58,Regular Play,Senegal,3869118,0 days 00:21:58,0,0,0,0,0,0,1,0,0
1,21,59,Regular Play,Senegal,3869118,0 days 00:21:59,0,0,0,0,0,0,0,1,0
1,12,2,From Throw In,Argentina,3869151,0 days 00:12:02,0,0,0,0,0,0,1,0,0
1,12,11,From Throw In,Argentina,3869151,0 days 00:12:11,0,0,0,0,0,0,1,0,0
1,12,14,From Throw In,Argentina,3869151,0 days 00:12:14,0,0,0,0,0,0,1,0,0
1,12,18,From Throw In,Argentina,3869151,0 days 00:12:18,0,0,0,0,0,0,1,0,0
1,12,21,From Throw In,Argentina,3869151,0 days 00:12:21,0,0,0,0,0,0,1,0,0
1,12,26,From Throw In,Argentina,3869151,0 days 00:12:26,0,0,0,0,0,0,1,0,0
1,12,30,From Throw In,Argentina,3869151,0 days 00:12:30,0,0,0,0,0,0,1,0,0
1,12,33,From Throw In,Argentina,3869151,0 days 00:12:33,0,0,0,0,0,0,1,0,0
1,12,35,From Throw In,Argentina,3869151,0 days 00:12:35,0,0,0,0,0,0,1,0,0
1,12,38,From Throw In,Argentina,3869151,0 days 00:12:38,0,0,0,0,0,0,1,0,0
1,12,51,From Free Kick,Australia,3869151,0 days 00:12:51,0,0,0,0,0,0,1,0,0
1,12,52,From Free Kick,Australia,3869151,0 days 00:12:52,0,0,0,0,0,0,1,0,0
1,12,56,From Free Kick,Australia,3869151,0 days 00:12:56,0,0,0,0,0,0,1,0,0
1,12,59,From Free Kick,Australia,3869151,0 days 00:12:59,0,0,0,0,0,0,1,0,0
1,13,1,From Free Kick,Australia,3869151,0 days 00:13:01,0,0,0,0,0,0,1,0,0
1,13,4,From Free Kick,Australia,3869151,0 days 00:13:04,0,0,0,0,0,0,1,0,0
1,13,7,From Free Kick,Australia,3869151,0 days 00:13:07,0,0,0,0,0,0,1,0,0
1,13,10,From Free Kick,Australia,3869151,0 days 00:13:10,0,0,0,0,0,0,1,0,0
1,13,16,From Free Kick,Australia,3869151,0 days 00:13:16,0,0,0,0,0,0,1,0,0
1,13,18,Regular Play,Argentina,3869151,0 days 00:13:18,1,0,0,0,0,0,0,0,0
1,13,19,Regular Play,Argentina,3869151,0 days 00:13:19,0,0,0,0,0,0,1,0,0
1,13,21,Regular Play,Argentina,3869151,0 days 00:13:21,0,0,0,0,0,0,1,0,0
1,13,26,Regular Play,Argentina,3869151,0 days 00:13:26,0,0,0,0,0,0,1,0,0
1,13,30,Regular Play,Argentina,3869151,0 days 00:13:30,0,0,0,0,0,0,1,0,0
1,13,31,Regular Play,Argentina,3869151,0 days 00:13:31,0,0,0,0,0,0,1,0,0
1,13,35,Regular Play,Argentina,3869151,0 days 00:13:35,0,0,0,0,0,0,1,0,0
1,13,37,Regular Play,Argentina,3869151,0 days 00:13:37,0,0,0,0,0,0,1,0,0
1,13,43,Regular Play,Argentina,3869151,0 days 00:13:43,0,0,0,0,0,0,1,0,0
1,13,46,Regular Play,Argentina,3869151,0 days 00:13:46,0,0,0,0,0,0,1,0,0
1,13,47,Regular Play,Argentina,3869151,0 days 00:13:47,0,0,0,0,0,0,1,0,0
1,13,47,Regular Play,Australia,3869151,0 days 00:13:47,0,0,0,0,1,0,0,0,0
1,13,51,Regular Play,Argentina,3869151,0 days 00:13:51,0,0,0,0,0,0,1,0,0
1,13,53,Regular Play,Argentina,3869151,0 days 00:13:53,0,0,0,0,0,0,1,0,0
1,13,55,Regular Play,Argentina,3869151,0 days 00:13:55,0,0,0,0,0,0,1,0,0
1,13,57,Regular Play,Argentina,3869151,0 days 00:13:57,0,0,0,0,0,0,1,0,0
1,13,59,Regular Play,Argentina,3869151,0 days 00:13:59,0,0,0,0,0,0,1,0,0
1,14,2,Regular Play,Argentina,3869151,0 days 00:14:02,0,0,0,0,0,0,1,0,0
1,14,4,Regular Play,Argentina,3869151,0 days 00:14:04,0,0,1,0,0,0,0,0,0
1,14,4,Regular Play,Australia,3869151,0 days 00:14:04,0,0,0,0,0,0,0,0,1
1,14,4,Regular Play,Australia,3869151,0 days 00:14:04,0,0,0,0,0,0,1,0,0
1,14,8,Regular Play,Australia,3869151,0 days 00:14:08,0,0,0,0,0,0,1,0,0
1,14,9,Regular Play,Argentina,3869151,0 days 00:14:09,1,0,0,0,0,0,0,0,0
1,14,9,Regular Play,Argentina,3869151,0 days 00:14:09,0,0,0,0,0,0,1,0,0
1,14,11,Regular Play,Australia,3869151,0 days 00:14:11,0,0,0,0,1,0,0,0,0
1,14,46,From Free Kick,Argentina,3869151,0 days 00:14:46,0,0,0,0,0,0,1,0,0
1,14,48,From Free Kick,Argentina,3869151,0 days 00:14:48,0,0,0,0,0,0,1,0,0
1,14,52,From Free Kick,Argentina,3869151,0 days 00:14:52,0,0,0,0,0,0,1,0,0
1,14,56,From Free Kick,Argentina,3869151,0 days 00:14:56,0,0,0,0,0,0,1,0,0
1,15,0,From Free Kick,Argentina,3869151,0 days 00:15:00,0,0,0,0,0,0,1,0,0
1,15,2,From Free Kick,Argentina,3869151,0 days 00:15:02,0,0,0,0,0,0,1,0,0
1,15,5,From Free Kick,Argentina,3869151,0 days 00:15:05,0,0,0,0,0,0,1,0,0
1,15,8,From Free Kick,Argentina,3869151,0 days 00:15:08,0,0,0,0,0,0,1,0,0
1,15,14,From Free Kick,Argentina,3869151,0 days 00:15:14,0,0,0,0,0,0,1,0,0
1,15,16,From Free Kick,Argentina,3869151,0 days 00:15:16,0,0,0,0,0,0,1,0,0
1,15,24,From Free Kick,Argentina,3869151,0 days 00:15:24,0,0,0,0,0,0,1,0,0
1,15,27,From Free Kick,Argentina,3869151,0 days 00:15:27,0,0,0,0,0,0,1,0,0
1,15,30,From Free Kick,Argentina,3869151,0 days 00:15:30,0,0,0,0,0,0,1,0,0
1,15,30,From Free Kick,Australia,3869151,0 days 00:15:30,0,0,0,0,0,1,0,0,0
1,15,31,From Free Kick,Argentina,3869151,0 days 00:15:31,1,0,0,0,0,0,0,0,0
1,15,32,From Free Kick,Argentina,3869151,0 days 00:15:32,0,0,0,0,0,0,1,0,0
1,15,36,From Free Kick,Argentina,3869151,0 days 00:15:36,0,0,0,0,0,0,1,0,0
1,15,40,From Free Kick,Argentina,3869151,0 days 00:15:40,0,0,0,0,0,0,1,0,0
1,15,42,From Free Kick,Argentina,3869151,0 days 00:15:42,0,0,0,0,0,0,1,0,0
1,15,45,From Free Kick,Argentina,3869151,0 days 00:15:45,0,0,0,0,0,0,1,0,0
1,15,49,From Free Kick,Argentina,3869151,0 days 00:15:49,0,0,0,0,0,0,1,0,0
1,15,52,From Free Kick,Argentina,3869151,0 days 00:15:52,0,0,0,0,0,0,1,0,0
1,15,57,From Free Kick,Argentina,3869151,0 days 00:15:57,0,0,0,0,0,0,1,0,0
1,16,2,From Free Kick,Argentina,3869151,0 days 00:16:02,0,0,0,0,0,0,1,0,0
1,16,5,From Free Kick,Argentina,3869151,0 days 00:16:05,0,0,0,0,0,0,1,0,0
1,16,6,From Free Kick,Argentina,3869151,0 days 00:16:06,0,0,0,0,0,0,1,0,0
1,16,8,From Free Kick,Argentina,3869151,0 days 00:16:08,0,0,0,0,0,0,1,0,0
1,16,11,From Free Kick,Argentina,3869151,0 days 00:16:11,0,0,0,0,0,0,1,0,0
1,16,14,From Free Kick,Argentina,3869151,0 days 00:16:14,0,0,0,0,0,0,1,0,0
1,16,15,From Free Kick,Argentina,3869151,0 days 00:16:15,0,0,0,0,0,0,1,0,0
1,16,17,From Free Kick,Argentina,3869151,0 days 00:16:17,0,0,0,0,0,0,1,0,0
1,16,18,From Free Kick,Argentina,3869151,0 days 00:16:18,0,0,0,0,0,0,1,0,0
1,16,20,From Free Kick,Argentina,3869151,0 days 00:16:20,0,0,0,0,0,0,1,0,0
1,16,21,From Free Kick,Argentina,3869151,0 days 00:16:21,0,0,0,0,0,0,1,0,0
1,16,23,From Free Kick,Argentina,3869151,0 days 00:16:23,0,0,0,0,0,0,1,0,0
1,16,29,From Free Kick,Argentina,3869151,0 days 00:16:29,0,0,0,0,0,0,0,1,0
1,16,51,From Goal Kick,Australia,3869151,0 days 00:16:51,0,0,0,0,0,0,1,0,0
1,16,52,From Goal Kick,Australia,3869151,0 days 00:16:52,0,0,0,0,0,0,1,0,0
1,16,56,From Goal Kick,Australia,3869151,0 days 00:16:56,0,0,0,0,0,0,1,0,0
1,16,59,Regular Play,Argentina,3869151,0 days 00:16:59,1,0,0,0,0,0,0,0,0
1,17,4,Regular Play,Argentina,3869151,0 days 00:17:04,0,0,0,0,0,0,1,0,0
1,17,5,Regular Play,Argentina,3869151,0 days 00:17:05,0,0,0,0,0,0,1,0,0
1,17,9,Regular Play,Argentina,3869151,0 days 00:17:09,0,0,0,0,0,0,1,0,0
1,17,12,Regular Play,Argentina,3869151,0 days 00:17:12,0,0,0,0,0,0,1,0,0
1,17,15,Regular Play,Argentina,3869151,0 days 00:17:15,0,0,0,0,0,0,1,0,0
1,17,17,Regular Play,Australia,3869151,0 days 00:17:17,0,0,0,0,0,0,1,0,0
1,17,21,Regular Play,Australia,3869151,0 days 00:17:21,0,0,0,0,0,0,1,0,0
1,17,26,Regular Play,Argentina,3869151,0 days 00:17:26,1,0,0,0,0,0,0,0,0
1,17,28,Regular Play,Argentina,3869151,0 days 00:17:28,0,0,0,0,0,0,1,0,0
1,17,30,Regular Play,Argentina,3869151,0 days 00:17:30,0,0,0,0,0,0,1,0,0
1,17,37,Regular Play,Argentina,3869151,0 days 00:17:37,0,0,0,0,0,0,1,0,0
1,17,40,Regular Play,Argentina,3869151,0 days 00:17:40,0,0,0,0,0,0,1,0,0
1,17,42,Regular Play,Argentina,3869151,0 days 00:17:42,0,0,0,0,0,0,1,0,0
1,17,48,Regular Play,Argentina,3869151,0 days 00:17:48,0,0,0,0,0,0,1,0,0
1,17,52,Regular Play,Argentina,3869151,0 days 00:17:52,0,0,0,0,0,0,1,0,0
1,17,57,Regular Play,Argentina,3869151,0 days 00:17:57,0,0,0,0,0,0,1,0,0
1,18,0,Regular Play,Argentina,3869151,0 days 00:18:00,0,0,0,1,0,0,0,0,0
1,18,0,Regular Play,Australia,3869151,0 days 00:18:00,0,0,0,0,0,0,0,0,1
1,18,2,Regular Play,Australia,3869151,0 days 00:18:02,1,0,0,0,0,0,0,0,0
1,18,3,Regular Play,Australia,3869151,0 days 00:18:03,0,0,0,0,0,0,1,0,0
1,18,4,Regular Play,Australia,3869151,0 days 00:18:04,0,0,0,0,0,0,1,0,0
1,18,7,Regular Play,Australia,3869151,0 days 00:18:07,0,0,0,0,0,0,1,0,0
1,18,8,Regular Play,Australia,3869151,0 days 00:18:08,0,0,0,0,0,0,1,0,0
1,18,10,Regular Play,Australia,3869151,0 days 00:18:10,0,0,0,0,0,0,1,0,0
1,18,13,Regular Play,Australia,3869151,0 days 00:18:13,0,0,0,0,0,0,1,0,0
1,18,35,From Goal Kick,Argentina,3869151,0 days 00:18:35,0,0,0,0,0,0,1,0,0
1,18,38,From Goal Kick,Argentina,3869151,0 days 00:18:38,0,0,0,0,0,0,1,0,0
1,18,39,From Goal Kick,Argentina,3869151,0 days 00:18:39,0,0,0,0,0,0,1,0,0
1,18,42,From Goal Kick,Argentina,3869151,0 days 00:18:42,0,0,0,0,0,0,1,0,0
1,18,44,From Goal Kick,Argentina,3869151,0 days 00:18:44,0,0,0,0,0,0,1,0,0
1,18,45,From Goal Kick,Argentina,3869151,0 days 00:18:45,0,0,0,0,0,0,1,0,0
1,18,49,Regular Play,Australia,3869151,0 days 00:18:49,1,0,0,0,0,0,0,0,0
1,18,50,Regular Play,Australia,3869151,0 days 00:18:50,0,0,0,0,0,0,1,0,0
1,18,52,Regular Play,Australia,3869151,0 days 00:18:52,0,0,0,0,0,0,1,0,0
1,18,54,Regular Play,Argentina,3869151,0 days 00:18:54,1,0,0,0,0,0,0,0,0
1,18,55,Regular Play,Argentina,3869151,0 days 00:18:55,0,0,0,0,0,0,1,0,0
1,18,56,Regular Play,Argentina,3869151,0 days 00:18:56,0,0,0,0,0,0,1,0,0
1,18,57,Regular Play,Argentina,3869151,0 days 00:18:57,0,0,0,0,0,0,1,0,0
1,18,58,Regular Play,Argentina,3869151,0 days 00:18:58,0,0,0,0,0,0,1,0,0
1,19,1,Regular Play,Argentina,3869151,0 days 00:19:01,0,0,0,0,0,0,1,0,0
1,19,7,Regular Play,Argentina,3869151,0 days 00:19:07,0,0,0,0,0,0,1,0,0
1,19,9,Regular Play,Argentina,3869151,0 days 00:19:09,0,0,0,0,0,0,1,0,0
1,19,12,Regular Play,Argentina,3869151,0 days 00:19:12,0,0,0,0,0,0,1,0,0
1,19,13,Regular Play,Argentina,3869151,0 days 00:19:13,0,0,0,0,0,0,1,0,0
1,19,15,Regular Play,Argentina,3869151,0 days 00:19:15,0,0,0,0,0,0,1,0,0
1,19,17,Regular Play,Argentina,3869151,0 days 00:19:17,0,0,0,0,0,0,1,0,0
1,19,21,Regular Play,Argentina,3869151,0 days 00:19:21,0,0,0,0,0,0,1,0,0
1,19,23,Regular Play,Argentina,3869151,0 days 00:19:23,0,0,0,0,0,0,1,0,0
1,19,25,Regular Play,Argentina,3869151,0 days 00:19:25,0,0,0,0,0,0,1,0,0
1,19,26,Regular Play,Australia,3869151,0 days 00:19:26,1,0,0,0,0,0,0,0,0
1,19,27,Regular Play,Australia,3869151,0 days 00:19:27,0,0,0,0,0,0,1,0,0
1,19,32,Regular Play,Australia,3869151,0 days 00:19:32,0,0,0,0,0,0,1,0,0
1,19,35,Regular Play,Australia,3869151,0 days 00:19:35,0,0,0,0,0,0,1,0,0
1,19,38,Regular Play,Australia,3869151,0 days 00:19:38,0,0,0,0,0,0,1,0,0
1,19,39,Regular Play,Australia,3869151,0 days 00:19:39,0,0,0,0,0,0,1,0,0
1,19,41,Regular Play,Australia,3869151,0 days 00:19:41,0,0,1,0,0,0,0,0,0
1,19,41,Regular Play,Argentina,3869151,0 days 00:19:41,0,0,0,0,0,0,0,0,1
1,19,42,Regular Play,Australia,3869151,0 days 00:19:42,1,0,0,0,0,0,0,0,0
1,19,43,Regular Play,Australia,3869151,0 days 00:19:43,0,0,0,0,0,0,1,0,0
1,19,43,Regular Play,Argentina,3869151,0 days 00:19:43,0,0,0,0,0,1,0,0,0
1,19,44,Regular Play,Argentina,3869151,0 days 00:19:44,0,0,0,0,0,0,1,0,0
1,19,46,Regular Play,Argentina,3869151,0 days 00:19:46,0,0,0,0,0,0,1,0,0
1,19,50,Regular Play,Argentina,3869151,0 days 00:19:50,0,0,0,0,0,0,1,0,0
1,19,54,Regular Play,Argentina,3869151,0 days 00:19:54,0,0,0,0,0,0,1,0,0
1,19,57,Regular Play,Argentina,3869151,0 days 00:19:57,0,0,0,0,0,0,1,0,0
1,20,5,Regular Play,Argentina,3869151,0 days 00:20:05,0,0,0,0,0,0,1,0,0
1,20,9,Regular Play,Argentina,3869151,0 days 00:20:09,0,0,0,0,0,0,1,0,0
1,20,13,Regular Play,Argentina,3869151,0 days 00:20:13,0,0,0,0,0,0,1,0,0
1,20,18,Regular Play,Argentina,3869151,0 days 00:20:18,0,0,0,0,0,0,1,0,0
1,20,20,Regular Play,Argentina,3869151,0 days 00:20:20,0,0,0,0,0,0,1,0,0
1,20,22,Regular Play,Argentina,3869151,0 days 00:20:22,0,0,0,0,0,0,1,0,0
1,20,25,Regular Play,Argentina,3869151,0 days 00:20:25,0,0,0,0,0,0,1,0,0
1,20,28,Regular Play,Argentina,3869151,0 days 00:20:28,0,0,0,0,0,0,1,0,0
1,20,32,Regular Play,Argentina,3869151,0 days 00:20:32,0,0,0,0,0,0,1,0,0
1,20,33,Regular Play,Australia,3869151,0 days 00:20:33,0,0,0,0,0,0,1,0,0
1,20,36,Regular Play,Australia,3869151,0 days 00:20:36,0,0,0,0,0,0,1,0,0
1,20,38,Regular Play,Australia,3869151,0 days 00:20:38,0,0,0,0,0,0,1,0,0
1,20,42,Regular Play,Australia,3869151,0 days 00:20:42,0,0,0,0,0,0,1,0,0
1,20,47,Regular Play,Australia,3869151,0 days 00:20:47,0,0,0,0,0,0,1,0,0
1,20,50,Regular Play,Australia,3869151,0 days 00:20:50,0,0,0,0,0,0,1,0,0
1,20,54,Regular Play,Australia,3869151,0 days 00:20:54,0,0,0,0,0,0,1,0,0
1,20,56,Regular Play,Australia,3869151,0 days 00:20:56,0,0,0,0,0,0,1,0,0
1,21,0,Regular Play,Australia,3869151,0 days 00:21:00,0,0,0,0,0,0,1,0,0
1,21,3,Regular Play,Australia,3869151,0 days 00:21:03,0,0,0,0,0,0,1,0,0
1,21,5,Regular Play,Australia,3869151,0 days 00:21:05,0,0,0,0,0,0,1,0,0
1,21,6,Regular Play,Australia,3869151,0 days 00:21:06,0,0,0,0,0,0,1,0,0
1,21,10,Regular Play,Australia,3869151,0 days 00:21:10,0,0,0,0,0,0,1,0,0
1,21,12,Regular Play,Australia,3869151,0 days 00:21:12,0,0,0,0,0,0,1,0,0
1,21,15,Regular Play,Australia,3869151,0 days 00:21:15,0,0,0,0,0,0,1,0,0
1,21,17,Regular Play,Australia,3869151,0 days 00:21:17,0,0,0,0,0,0,1,0,0
1,21,19,Regular Play,Australia,3869151,0 days 00:21:19,0,0,0,0,0,0,1,0,0
1,21,22,Regular Play,Australia,3869151,0 days 00:21:22,0,0,0,0,0,0,1,0,0
1,21,24,Regular Play,Australia,3869151,0 days 00:21:24,0,0,0,0,0,0,1,0,0
1,21,26,Regular Play,Australia,3869151,0 days 00:21:26,0,0,0,0,0,0,1,0,0
1,21,31,Regular Play,Australia,3869151,0 days 00:21:31,0,0,0,0,0,0,1,0,0
1,21,35,Regular Play,Australia,3869151,0 days 00:21:35,0,0,0,0,0,0,1,0,0
1,21,41,Regular Play,Australia,3869151,0 days 00:21:41,0,0,0,0,0,0,1,0,0
1,21,44,Regular Play,Australia,3869151,0 days 00:21:44,0,0,0,0,0,0,1,0,0
1,21,47,Regular Play,Australia,3869151,0 days 00:21:47,0,0,0,0,0,0,1,0,0
1,21,54,Regular Play,Australia,3869151,0 days 00:21:54,0,0,0,0,0,0,1,0,0
1,21,56,Regular Play,Australia,3869151,0 days 00:21:56,0,0,0,0,0,0,1,0,0
1,21,59,Regular Play,Australia,3869151,0 days 00:21:59,0,0,0,0,0,0,1,0,0
1,12,0,From Free Kick,France,3869152,0 days 00:12:00,0,0,0,0,0,0,1,0,0
1,12,2,From Free Kick,France,3869152,0 days 00:12:02,0,0,0,0,0,0,1,0,0
1,12,5,From Free Kick,France,3869152,0 days 00:12:05,0,0,0,0,0,0,0,1,0
1,12,10,From Free Kick,France,3869152,0 days 00:12:10,1,0,0,0,0,0,0,0,0
1,12,12,From Free Kick,France,3869152,0 days 00:12:12,0,0,0,0,0,0,1,0,0
1,12,14,From Free Kick,France,3869152,0 days 00:12:14,0,0,0,0,0,0,1,0,0
1,12,34,From Corner,France,3869152,0 days 00:12:34,0,0,0,0,0,0,1,0,0
1,12,38,From Corner,France,3869152,0 days 00:12:38,0,0,0,1,0,0,0,0,0
1,12,39,From Corner,France,3869152,0 days 00:12:39,0,0,0,0,0,0,1,0,0
1,12,41,From Corner,Poland,3869152,0 days 00:12:41,0,1,0,0,0,0,0,0,0
1,12,56,From Throw In,France,3869152,0 days 00:12:56,0,0,0,0,0,0,1,0,0
1,12,59,From Throw In,France,3869152,0 days 00:12:59,0,0,0,0,0,0,1,0,0
1,13,0,From Throw In,France,3869152,0 days 00:13:00,0,0,0,0,0,0,1,0,0
1,13,3,From Throw In,France,3869152,0 days 00:13:03,0,0,0,0,0,0,1,0,0
1,13,4,From Throw In,Poland,3869152,0 days 00:13:04,0,0,0,0,0,1,0,0,0
1,13,5,From Throw In,France,3869152,0 days 00:13:05,0,0,0,0,0,0,1,0,0
1,13,12,From Throw In,France,3869152,0 days 00:13:12,0,0,0,0,0,0,1,0,0
1,13,14,From Throw In,France,3869152,0 days 00:13:14,0,0,1,0,0,0,0,0,0
1,13,14,From Throw In,Poland,3869152,0 days 00:13:14,0,0,0,0,0,0,0,0,1
1,13,17,From Throw In,France,3869152,0 days 00:13:17,1,0,0,0,0,0,0,0,0
1,13,17,From Throw In,France,3869152,0 days 00:13:17,0,0,0,1,0,0,0,0,0
1,13,17,From Throw In,Poland,3869152,0 days 00:13:17,0,0,0,0,0,0,0,0,1
1,13,18,From Throw In,Poland,3869152,0 days 00:13:18,1,0,0,0,0,0,0,0,0
1,13,23,From Throw In,Poland,3869152,0 days 00:13:23,0,0,0,1,0,0,0,0,0
1,13,30,From Throw In,France,3869152,0 days 00:13:30,0,0,0,0,0,0,1,0,0
1,13,37,From Throw In,France,3869152,0 days 00:13:37,0,0,0,0,0,0,1,0,0
1,13,42,From Throw In,France,3869152,0 days 00:13:42,0,0,0,0,0,0,1,0,0
1,13,45,From Throw In,France,3869152,0 days 00:13:45,0,0,0,0,0,0,1,0,0
1,13,51,From Throw In,France,3869152,0 days 00:13:51,0,0,0,0,0,0,1,0,0
1,13,51,From Throw In,France,3869152,0 days 00:13:51,0,0,0,0,0,0,1,0,0
1,13,53,Regular Play,Poland,3869152,0 days 00:13:53,1,0,0,0,0,0,0,0,0
1,13,55,Regular Play,Poland,3869152,0 days 00:13:55,0,0,0,0,0,0,1,0,0
1,13,59,Regular Play,Poland,3869152,0 days 00:13:59,0,0,0,0,0,0,1,0,0
1,14,2,Regular Play,Poland,3869152,0 days 00:14:02,0,0,0,0,0,0,1,0,0
1,14,10,Regular Play,Poland,3869152,0 days 00:14:10,0,0,0,0,0,0,1,0,0
1,14,13,Regular Play,Poland,3869152,0 days 00:14:13,0,0,0,0,0,0,1,0,0
1,14,16,Regular Play,France,3869152,0 days 00:14:16,0,0,0,0,0,0,1,0,0
1,14,17,Regular Play,France,3869152,0 days 00:14:17,0,0,0,0,0,0,1,0,0
1,14,19,Regular Play,France,3869152,0 days 00:14:19,0,0,0,0,0,0,1,0,0
1,14,23,Regular Play,France,3869152,0 days 00:14:23,0,0,0,0,0,0,1,0,0
1,14,29,Regular Play,France,3869152,0 days 00:14:29,0,0,0,0,0,0,1,0,0
1,14,31,Regular Play,France,3869152,0 days 00:14:31,0,0,0,0,0,0,1,0,0
1,14,32,Regular Play,France,3869152,0 days 00:14:32,0,0,0,0,0,0,1,0,0
1,14,33,Regular Play,France,3869152,0 days 00:14:33,0,0,0,0,0,0,1,0,0
1,14,33,Regular Play,France,3869152,0 days 00:14:33,0,0,0,0,0,0,1,0,0
1,14,37,Regular Play,France,3869152,0 days 00:14:37,0,0,0,0,0,0,1,0,0
1,14,40,Regular Play,France,3869152,0 days 00:14:40,0,0,0,0,0,0,1,0,0
1,14,41,Regular Play,France,3869152,0 days 00:14:41,0,0,0,0,0,0,1,0,0
1,14,47,From Keeper,Poland,3869152,0 days 00:14:47,0,0,0,0,0,0,1,0,0
1,14,50,From Keeper,Poland,3869152,0 days 00:14:50,0,0,0,0,0,0,1,0,0
1,14,52,From Keeper,Poland,3869152,0 days 00:14:52,0,0,0,0,0,0,1,0,0
1,14,54,From Keeper,Poland,3869152,0 days 00:14:54,0,0,0,0,0,0,1,0,0
1,14,56,Regular Play,France,3869152,0 days 00:14:56,0,0,0,0,0,0,1,0,0
1,15,2,Regular Play,France,3869152,0 days 00:15:02,0,0,0,0,0,0,1,0,0
1,15,9,Regular Play,France,3869152,0 days 00:15:09,0,0,0,0,0,0,1,0,0
1,15,13,Regular Play,France,3869152,0 days 00:15:13,0,0,0,0,0,0,1,0,0
1,15,19,Regular Play,France,3869152,0 days 00:15:19,0,0,0,0,0,0,1,0,0
1,15,21,Regular Play,France,3869152,0 days 00:15:21,0,0,0,0,0,0,1,0,0
1,15,24,Regular Play,France,3869152,0 days 00:15:24,0,0,1,0,0,0,0,0,0
1,15,24,Regular Play,Poland,3869152,0 days 00:15:24,0,0,0,0,0,0,0,0,1
1,15,26,From Throw In,France,3869152,0 days 00:15:26,0,0,0,0,0,0,1,0,0
1,15,29,From Throw In,France,3869152,0 days 00:15:29,0,0,0,0,0,0,1,0,0
1,15,31,From Throw In,France,3869152,0 days 00:15:31,0,0,0,0,0,0,1,0,0
1,15,32,From Throw In,France,3869152,0 days 00:15:32,0,0,0,0,0,0,1,0,0
1,15,33,Regular Play,Poland,3869152,0 days 00:15:33,1,0,0,0,0,0,0,0,0
1,15,35,Regular Play,France,3869152,0 days 00:15:35,0,0,0,0,1,0,0,0,0
1,15,56,From Free Kick,Poland,3869152,0 days 00:15:56,0,0,0,0,0,0,1,0,0
1,15,59,From Free Kick,Poland,3869152,0 days 00:15:59,0,0,0,0,0,0,1,0,0
1,16,0,From Free Kick,France,3869152,0 days 00:16:00,0,0,0,0,0,1,0,0,0
1,16,1,From Free Kick,France,3869152,0 days 00:16:01,1,0,0,0,0,0,0,0,0
1,16,5,From Free Kick,France,3869152,0 days 00:16:05,0,0,0,0,0,0,0,1,0
1,16,26,From Keeper,Poland,3869152,0 days 00:16:26,0,0,0,0,0,0,1,0,0
1,16,30,From Keeper,France,3869152,0 days 00:16:30,0,0,0,0,0,0,1,0,0
1,16,31,From Keeper,Poland,3869152,0 days 00:16:31,0,0,0,0,0,0,1,0,0
1,16,32,From Keeper,Poland,3869152,0 days 00:16:32,0,0,0,0,0,0,1,0,0
1,16,37,From Keeper,Poland,3869152,0 days 00:16:37,0,0,0,0,0,0,1,0,0
1,16,39,From Keeper,Poland,3869152,0 days 00:16:39,0,0,0,0,0,0,1,0,0
1,16,42,From Keeper,Poland,3869152,0 days 00:16:42,0,0,0,0,0,0,1,0,0
1,16,45,From Keeper,Poland,3869152,0 days 00:16:45,0,0,0,0,0,0,1,0,0
1,16,49,From Keeper,Poland,3869152,0 days 00:16:49,0,0,0,0,0,0,1,0,0
1,16,52,From Keeper,Poland,3869152,0 days 00:16:52,0,0,0,0,0,0,1,0,0
1,16,53,From Keeper,Poland,3869152,0 days 00:16:53,0,0,0,0,0,0,1,0,0
1,16,58,From Keeper,Poland,3869152,0 days 00:16:58,0,0,0,0,0,0,1,0,0
1,17,4,From Keeper,Poland,3869152,0 days 00:17:04,0,0,0,0,0,0,1,0,0
1,17,16,From Goal Kick,France,3869152,0 days 00:17:16,0,0,0,0,0,0,1,0,0
1,17,18,From Goal Kick,France,3869152,0 days 00:17:18,0,0,0,0,0,0,1,0,0
1,17,20,From Goal Kick,France,3869152,0 days 00:17:20,0,0,0,0,0,0,1,0,0
1,17,24,From Goal Kick,France,3869152,0 days 00:17:24,0,0,0,0,0,0,1,0,0
1,17,26,From Goal Kick,France,3869152,0 days 00:17:26,0,0,0,0,0,0,1,0,0
1,17,32,From Goal Kick,France,3869152,0 days 00:17:32,0,0,0,0,0,0,1,0,0
1,17,33,From Goal Kick,France,3869152,0 days 00:17:33,0,0,0,0,0,0,1,0,0
1,17,36,From Goal Kick,France,3869152,0 days 00:17:36,0,0,0,0,0,0,1,0,0
1,17,39,From Goal Kick,France,3869152,0 days 00:17:39,0,0,0,0,0,0,1,0,0
1,17,42,From Goal Kick,France,3869152,0 days 00:17:42,0,0,0,0,0,0,1,0,0
1,17,44,From Goal Kick,France,3869152,0 days 00:17:44,0,0,0,0,0,0,1,0,0
1,17,45,From Goal Kick,France,3869152,0 days 00:17:45,0,0,0,0,0,0,1,0,0
1,17,46,Regular Play,Poland,3869152,0 days 00:17:46,0,0,0,0,0,0,1,0,0
1,17,48,Regular Play,Poland,3869152,0 days 00:17:48,0,0,0,0,0,0,1,0,0
1,17,51,Regular Play,Poland,3869152,0 days 00:17:51,0,0,0,0,0,0,1,0,0
1,17,58,Regular Play,Poland,3869152,0 days 00:17:58,0,0,0,0,0,0,1,0,0
1,18,3,Regular Play,France,3869152,0 days 00:18:03,1,0,0,0,0,0,0,0,0
1,18,4,Regular Play,France,3869152,0 days 00:18:04,0,0,0,0,0,0,1,0,0
1,18,8,Regular Play,France,3869152,0 days 00:18:08,0,0,0,0,0,0,1,0,0
1,18,11,Regular Play,France,3869152,0 days 00:18:11,0,0,0,0,0,0,1,0,0
1,18,13,Regular Play,Poland,3869152,0 days 00:18:13,0,0,0,0,0,0,1,0,0
1,18,15,Regular Play,Poland,3869152,0 days 00:18:15,0,0,0,0,0,0,1,0,0
1,18,20,Regular Play,Poland,3869152,0 days 00:18:20,0,0,0,0,0,0,1,0,0
1,18,21,Regular Play,France,3869152,0 days 00:18:21,0,0,0,0,0,1,0,0,0
1,18,22,Regular Play,France,3869152,0 days 00:18:22,1,0,0,0,0,0,0,0,0
1,18,23,Regular Play,France,3869152,0 days 00:18:23,0,0,0,0,0,0,1,0,0
1,18,24,Regular Play,France,3869152,0 days 00:18:24,0,0,0,0,0,0,1,0,0
1,18,25,Regular Play,France,3869152,0 days 00:18:25,0,0,0,0,0,0,1,0,0
1,18,28,Regular Play,France,3869152,0 days 00:18:28,0,0,1,0,0,0,0,0,0
1,18,28,Regular Play,Poland,3869152,0 days 00:18:28,0,0,0,0,0,0,0,0,1
1,18,30,Regular Play,Poland,3869152,0 days 00:18:30,0,0,0,0,0,0,1,0,0
1,18,32,Regular Play,France,3869152,0 days 00:18:32,0,0,0,0,0,0,1,0,0
1,18,39,From Throw In,Poland,3869152,0 days 00:18:39,0,0,0,0,0,0,1,0,0
1,18,41,From Throw In,Poland,3869152,0 days 00:18:41,0,0,0,0,0,0,1,0,0
1,18,44,From Throw In,Poland,3869152,0 days 00:18:44,0,0,0,0,0,0,1,0,0
1,18,48,From Throw In,Poland,3869152,0 days 00:18:48,0,0,0,0,0,0,1,0,0
1,18,51,From Throw In,Poland,3869152,0 days 00:18:51,0,0,0,0,0,0,1,0,0
1,18,52,From Throw In,Poland,3869152,0 days 00:18:52,0,0,0,0,0,0,1,0,0
1,18,54,From Throw In,Poland,3869152,0 days 00:18:54,0,0,0,0,0,0,1,0,0
1,18,57,From Throw In,Poland,3869152,0 days 00:18:57,0,0,0,0,0,0,1,0,0
1,18,59,Regular Play,France,3869152,0 days 00:18:59,0,0,0,0,0,0,1,0,0
1,19,1,Regular Play,France,3869152,0 days 00:19:01,0,0,1,0,0,0,0,0,0
1,19,1,Regular Play,Poland,3869152,0 days 00:19:01,0,0,0,0,0,0,0,0,1
1,19,9,From Throw In,France,3869152,0 days 00:19:09,0,0,0,0,0,0,1,0,0
1,19,13,From Throw In,France,3869152,0 days 00:19:13,0,0,0,0,0,0,1,0,0
1,19,21,From Throw In,France,3869152,0 days 00:19:21,0,0,0,0,0,0,1,0,0
1,19,22,From Throw In,France,3869152,0 days 00:19:22,0,0,0,0,0,0,1,0,0
1,19,29,From Throw In,France,3869152,0 days 00:19:29,0,0,0,0,0,0,1,0,0
1,19,30,From Throw In,France,3869152,0 days 00:19:30,0,0,0,0,0,0,1,0,0
1,19,33,From Throw In,France,3869152,0 days 00:19:33,0,0,0,0,0,0,1,0,0
1,19,36,From Throw In,France,3869152,0 days 00:19:36,0,0,0,0,0,0,1,0,0
1,19,40,From Throw In,France,3869152,0 days 00:19:40,0,0,0,1,0,0,0,0,0
1,19,43,From Throw In,France,3869152,0 days 00:19:43,0,0,0,0,0,0,1,0,0
1,19,47,From Throw In,France,3869152,0 days 00:19:47,1,0,0,0,0,0,0,0,0
1,19,47,From Throw In,France,3869152,0 days 00:19:47,0,0,0,0,0,0,1,0,0
1,19,50,From Throw In,France,3869152,0 days 00:19:50,0,0,0,0,0,0,1,0,0
1,19,53,From Throw In,France,3869152,0 days 00:19:53,0,0,0,0,0,0,1,0,0
1,19,56,Regular Play,Poland,3869152,0 days 00:19:56,1,0,0,0,0,0,0,0,0
1,19,57,Regular Play,Poland,3869152,0 days 00:19:57,0,0,0,0,0,0,1,0,0
1,20,3,Regular Play,Poland,3869152,0 days 00:20:03,0,0,0,0,0,0,1,0,0
1,20,5,Regular Play,France,3869152,0 days 00:20:05,0,1,0,0,0,0,0,0,0
1,20,7,Regular Play,Poland,3869152,0 days 00:20:07,1,0,0,0,0,0,0,0,0
1,20,9,Regular Play,Poland,3869152,0 days 00:20:09,0,0,0,0,0,0,0,1,0
1,20,45,From Goal Kick,France,3869152,0 days 00:20:45,0,0,0,0,0,0,1,0,0
1,20,50,From Goal Kick,France,3869152,0 days 00:20:50,0,0,0,0,0,0,1,0,0
1,20,58,From Goal Kick,France,3869152,0 days 00:20:58,0,0,0,0,0,0,1,0,0
1,21,4,From Goal Kick,France,3869152,0 days 00:21:04,0,0,0,0,0,0,1,0,0
1,21,6,From Goal Kick,France,3869152,0 days 00:21:06,0,0,0,0,0,0,1,0,0
1,21,8,From Goal Kick,France,3869152,0 days 00:21:08,0,0,0,0,0,0,1,0,0
1,21,9,From Goal Kick,France,3869152,0 days 00:21:09,0,0,0,0,0,0,1,0,0
1,21,14,From Goal Kick,France,3869152,0 days 00:21:14,0,0,0,0,0,0,1,0,0
1,21,17,From Goal Kick,France,3869152,0 days 00:21:17,0,0,0,0,0,0,1,0,0
1,21,19,From Goal Kick,France,3869152,0 days 00:21:19,0,0,0,0,0,0,1,0,0
1,21,22,From Goal Kick,France,3869152,0 days 00:21:22,0,0,0,0,0,0,0,1,0
1,21,41,From Keeper,Poland,3869152,0 days 00:21:41,0,0,0,0,0,0,1,0,0
1,21,45,From Keeper,France,3869152,0 days 00:21:45,0,0,0,0,0,0,1,0,0
1,21,46,From Keeper,Poland,3869152,0 days 00:21:46,0,0,0,0,0,0,1,0,0
1,21,47,From Keeper,France,3869152,0 days 00:21:47,0,0,0,0,0,0,1,0,0
1,21,49,From Keeper,France,3869152,0 days 00:21:49,0,0,0,0,0,0,1,0,0
1,21,52,Regular Play,Poland,3869152,0 days 00:21:52,0,0,0,0,0,0,1,0,0
1,21,53,Regular Play,Poland,3869152,0 days 00:21:53,0,0,0,0,0,0,1,0,0
1,12,30,From Free Kick,Croatia,3869219,0 days 00:12:30,0,0,0,0,0,0,1,0,0
1,12,40,From Free Kick,Croatia,3869219,0 days 00:12:40,0,0,0,0,0,0,1,0,0
1,12,42,From Free Kick,Croatia,3869219,0 days 00:12:42,0,0,0,0,0,0,1,0,0
1,12,45,From Free Kick,Croatia,3869219,0 days 00:12:45,0,0,0,0,0,0,1,0,0
1,12,48,From Free Kick,Japan,3869219,0 days 00:12:48,1,0,0,0,0,0,0,0,0
1,12,51,From Free Kick,Japan,3869219,0 days 00:12:51,0,0,1,0,0,0,0,0,0
1,12,51,From Free Kick,Croatia,3869219,0 days 00:12:51,0,0,0,0,0,0,0,0,1
1,12,54,From Free Kick,Croatia,3869219,0 days 00:12:54,0,0,0,0,0,0,1,0,0
1,12,57,From Free Kick,Croatia,3869219,0 days 00:12:57,0,0,0,0,0,0,1,0,0
1,13,2,From Free Kick,Croatia,3869219,0 days 00:13:02,0,0,0,0,0,0,1,0,0
1,13,5,From Free Kick,Croatia,3869219,0 days 00:13:05,0,0,0,0,0,0,1,0,0
1,13,6,Regular Play,Japan,3869219,0 days 00:13:06,0,0,0,0,0,0,1,0,0
1,13,10,Regular Play,Japan,3869219,0 days 00:13:10,0,0,0,0,0,0,1,0,0
1,13,12,Regular Play,Japan,3869219,0 days 00:13:12,0,0,1,0,0,0,0,0,0
1,13,12,Regular Play,Croatia,3869219,0 days 00:13:12,0,0,0,0,0,0,0,0,1
1,13,16,Regular Play,Croatia,3869219,0 days 00:13:16,1,0,0,0,0,0,0,0,0
1,13,17,Regular Play,Croatia,3869219,0 days 00:13:17,0,0,0,0,0,0,1,0,0
1,13,20,Regular Play,Croatia,3869219,0 days 00:13:20,0,0,0,0,0,0,1,0,0
1,13,21,Regular Play,Croatia,3869219,0 days 00:13:21,0,0,0,0,0,0,1,0,0
1,13,23,Regular Play,Croatia,3869219,0 days 00:13:23,0,0,0,0,0,0,1,0,0
1,13,30,Regular Play,Croatia,3869219,0 days 00:13:30,0,0,0,0,0,0,1,0,0
1,13,32,Regular Play,Croatia,3869219,0 days 00:13:32,0,0,0,0,0,0,1,0,0
1,13,38,Regular Play,Croatia,3869219,0 days 00:13:38,0,0,0,0,0,0,1,0,0
1,13,40,Regular Play,Croatia,3869219,0 days 00:13:40,0,0,0,0,0,0,1,0,0
1,13,46,Regular Play,Croatia,3869219,0 days 00:13:46,0,0,0,0,0,0,1,0,0
1,13,49,Regular Play,Croatia,3869219,0 days 00:13:49,0,0,0,0,0,0,1,0,0
1,13,54,Regular Play,Croatia,3869219,0 days 00:13:54,0,0,0,0,0,0,1,0,0
1,13,56,Regular Play,Croatia,3869219,0 days 00:13:56,0,0,0,0,0,0,1,0,0
1,13,59,Regular Play,Croatia,3869219,0 days 00:13:59,0,0,0,0,0,0,1,0,0
1,14,1,Regular Play,Croatia,3869219,0 days 00:14:01,0,0,0,0,0,0,1,0,0
1,14,2,Regular Play,Croatia,3869219,0 days 00:14:02,0,0,0,0,0,0,1,0,0
1,14,4,Regular Play,Croatia,3869219,0 days 00:14:04,0,0,0,0,0,0,1,0,0
1,14,8,Regular Play,Croatia,3869219,0 days 00:14:08,0,0,0,0,0,0,1,0,0
1,14,11,Regular Play,Croatia,3869219,0 days 00:14:11,0,0,0,0,0,0,1,0,0
1,14,14,Regular Play,Croatia,3869219,0 days 00:14:14,0,0,0,0,0,0,1,0,0
1,14,17,Regular Play,Croatia,3869219,0 days 00:14:17,0,0,0,0,0,0,1,0,0
1,14,22,Regular Play,Croatia,3869219,0 days 00:14:22,0,0,0,0,0,0,1,0,0
1,14,23,Regular Play,Croatia,3869219,0 days 00:14:23,0,0,0,0,0,0,1,0,0
1,14,26,Regular Play,Croatia,3869219,0 days 00:14:26,0,0,0,0,0,0,1,0,0
1,14,29,Regular Play,Croatia,3869219,0 days 00:14:29,0,0,0,0,0,0,1,0,0
1,14,31,Regular Play,Croatia,3869219,0 days 00:14:31,0,0,0,0,0,0,1,0,0
1,14,34,Regular Play,Japan,3869219,0 days 00:14:34,0,0,0,0,0,1,0,0,0
1,14,36,Regular Play,Croatia,3869219,0 days 00:14:36,1,0,0,0,0,0,0,0,0
1,14,37,Regular Play,Croatia,3869219,0 days 00:14:37,0,0,0,0,0,0,1,0,0
1,14,41,Regular Play,Croatia,3869219,0 days 00:14:41,0,0,0,0,0,0,1,0,0
1,14,42,Regular Play,Croatia,3869219,0 days 00:14:42,0,0,0,0,0,0,1,0,0
1,14,44,Regular Play,Croatia,3869219,0 days 00:14:44,0,0,0,0,0,0,1,0,0
1,14,48,Regular Play,Croatia,3869219,0 days 00:14:48,0,0,0,0,0,0,1,0,0
1,14,56,Regular Play,Croatia,3869219,0 days 00:14:56,0,0,0,0,0,0,1,0,0
1,14,59,Regular Play,Japan,3869219,0 days 00:14:59,0,0,0,0,0,0,1,0,0
1,15,0,Regular Play,Japan,3869219,0 days 00:15:00,0,0,0,0,0,0,1,0,0
1,15,6,Regular Play,Croatia,3869219,0 days 00:15:06,1,0,0,0,0,0,0,0,0
1,15,10,Regular Play,Croatia,3869219,0 days 00:15:10,0,0,0,0,0,0,1,0,0
1,15,16,Regular Play,Croatia,3869219,0 days 00:15:16,0,0,0,0,0,0,1,0,0
1,15,18,Regular Play,Croatia,3869219,0 days 00:15:18,0,0,0,0,1,0,0,0,0
1,15,40,From Free Kick,Japan,3869219,0 days 00:15:40,0,0,0,0,0,0,1,0,0
1,15,42,From Free Kick,Japan,3869219,0 days 00:15:42,0,0,0,0,0,0,1,0,0
1,15,43,From Free Kick,Japan,3869219,0 days 00:15:43,0,0,0,0,0,0,1,0,0
1,15,46,From Free Kick,Japan,3869219,0 days 00:15:46,0,0,0,0,0,0,1,0,0
1,15,49,From Free Kick,Japan,3869219,0 days 00:15:49,0,0,0,0,0,0,1,0,0
1,15,51,From Free Kick,Japan,3869219,0 days 00:15:51,1,0,0,0,0,0,0,0,0
1,15,54,From Free Kick,Japan,3869219,0 days 00:15:54,0,0,0,0,0,0,1,0,0
1,15,59,From Free Kick,Japan,3869219,0 days 00:15:59,0,0,0,0,0,0,1,0,0
1,16,1,From Free Kick,Japan,3869219,0 days 00:16:01,0,0,0,0,0,0,1,0,0
1,16,3,From Free Kick,Japan,3869219,0 days 00:16:03,0,0,0,0,0,0,1,0,0
1,16,5,From Free Kick,Japan,3869219,0 days 00:16:05,0,0,0,0,0,0,1,0,0
1,16,10,From Free Kick,Japan,3869219,0 days 00:16:10,0,0,0,0,0,0,1,0,0
1,16,11,From Free Kick,Japan,3869219,0 days 00:16:11,0,0,0,0,0,0,1,0,0
1,16,12,From Free Kick,Japan,3869219,0 days 00:16:12,0,0,0,0,0,0,1,0,0
1,16,14,From Free Kick,Japan,3869219,0 days 00:16:14,0,0,0,0,0,0,1,0,0
1,16,16,From Free Kick,Japan,3869219,0 days 00:16:16,0,0,0,0,0,0,1,0,0
1,16,20,From Free Kick,Japan,3869219,0 days 00:16:20,0,0,0,0,0,0,1,0,0
1,16,26,From Free Kick,Japan,3869219,0 days 00:16:26,0,0,0,0,0,0,1,0,0
1,16,27,From Free Kick,Croatia,3869219,0 days 00:16:27,0,1,0,0,0,0,0,0,0
1,16,29,From Free Kick,Croatia,3869219,0 days 00:16:29,0,1,0,0,0,0,0,0,0
1,16,31,From Free Kick,Japan,3869219,0 days 00:16:31,1,0,0,0,0,0,0,0,0
1,16,51,From Goal Kick,Croatia,3869219,0 days 00:16:51,0,0,0,0,0,0,1,0,0
1,16,55,From Goal Kick,Croatia,3869219,0 days 00:16:55,0,0,0,0,0,0,1,0,0
1,16,57,From Goal Kick,Croatia,3869219,0 days 00:16:57,0,0,0,0,0,0,1,0,0
1,16,58,From Goal Kick,Croatia,3869219,0 days 00:16:58,0,0,0,0,0,0,1,0,0
1,17,0,From Goal Kick,Croatia,3869219,0 days 00:17:00,0,0,0,0,0,0,1,0,0
1,17,3,From Goal Kick,Croatia,3869219,0 days 00:17:03,0,0,1,0,0,0,0,0,0
1,17,3,Regular Play,Japan,3869219,0 days 00:17:03,0,0,0,0,0,0,0,0,1
1,17,9,Regular Play,Japan,3869219,0 days 00:17:09,0,0,0,0,0,0,1,0,0
1,17,11,Regular Play,Japan,3869219,0 days 00:17:11,0,0,0,0,0,0,1,0,0
1,17,15,Regular Play,Japan,3869219,0 days 00:17:15,0,0,0,0,0,0,1,0,0
1,17,17,Regular Play,Japan,3869219,0 days 00:17:17,0,0,0,0,0,0,1,0,0
1,17,17,Regular Play,Croatia,3869219,0 days 00:17:17,0,0,0,0,1,0,0,0,0
1,18,15,From Free Kick,Japan,3869219,0 days 00:18:15,0,0,0,0,0,0,1,0,0
1,18,17,From Free Kick,Japan,3869219,0 days 00:18:17,0,0,0,0,0,0,1,0,0
1,18,18,From Free Kick,Croatia,3869219,0 days 00:18:18,0,1,0,0,0,0,0,0,0
1,18,24,From Free Kick,Japan,3869219,0 days 00:18:24,0,0,0,0,0,0,1,0,0
1,18,33,From Free Kick,Croatia,3869219,0 days 00:18:33,0,0,0,0,0,0,1,0,0
1,18,35,From Free Kick,Croatia,3869219,0 days 00:18:35,0,0,0,0,0,0,1,0,0
1,18,38,From Free Kick,Croatia,3869219,0 days 00:18:38,0,0,0,0,0,0,1,0,0
1,18,42,From Free Kick,Croatia,3869219,0 days 00:18:42,0,0,0,0,0,0,1,0,0
1,18,45,From Free Kick,Croatia,3869219,0 days 00:18:45,0,0,0,0,0,0,1,0,0
1,18,48,From Free Kick,Croatia,3869219,0 days 00:18:48,0,0,0,0,0,0,1,0,0
1,18,51,From Free Kick,Croatia,3869219,0 days 00:18:51,0,0,0,0,0,0,1,0,0
1,18,58,From Free Kick,Croatia,3869219,0 days 00:18:58,0,0,0,0,0,0,1,0,0
1,19,0,From Free Kick,Croatia,3869219,0 days 00:19:00,0,0,0,0,0,0,1,0,0
1,19,2,Regular Play,Japan,3869219,0 days 00:19:02,1,0,0,0,0,0,0,0,0
1,19,4,Regular Play,Japan,3869219,0 days 00:19:04,0,0,0,0,0,0,1,0,0
1,19,7,Regular Play,Japan,3869219,0 days 00:19:07,0,0,0,0,0,0,1,0,0
1,19,9,Regular Play,Japan,3869219,0 days 00:19:09,0,0,0,0,0,0,1,0,0
1,19,13,Regular Play,Japan,3869219,0 days 00:19:13,0,0,0,0,0,0,1,0,0
1,19,16,Regular Play,Croatia,3869219,0 days 00:19:16,1,0,0,0,0,0,0,0,0
1,19,16,Regular Play,Croatia,3869219,0 days 00:19:16,0,0,0,0,0,0,1,0,0
1,19,24,From Throw In,Japan,3869219,0 days 00:19:24,0,0,0,0,0,0,1,0,0
1,19,28,From Throw In,Japan,3869219,0 days 00:19:28,0,0,0,0,0,0,1,0,0
1,19,32,From Throw In,Japan,3869219,0 days 00:19:32,0,0,0,0,0,0,1,0,0
1,19,37,From Throw In,Japan,3869219,0 days 00:19:37,0,0,0,0,0,0,1,0,0
1,19,54,From Keeper,Croatia,3869219,0 days 00:19:54,0,0,0,0,0,0,1,0,0
1,20,4,From Keeper,Croatia,3869219,0 days 00:20:04,0,0,0,0,0,0,1,0,0
1,20,7,From Keeper,Croatia,3869219,0 days 00:20:07,0,0,0,0,0,0,1,0,0
1,20,8,From Keeper,Croatia,3869219,0 days 00:20:08,0,0,0,0,0,0,1,0,0
1,20,13,From Keeper,Croatia,3869219,0 days 00:20:13,0,0,0,0,0,0,1,0,0
1,20,17,Regular Play,Japan,3869219,0 days 00:20:17,0,0,0,0,0,0,1,0,0
1,20,22,Regular Play,Japan,3869219,0 days 00:20:22,0,0,0,0,0,0,1,0,0
1,20,27,Regular Play,Japan,3869219,0 days 00:20:27,0,0,0,0,0,0,1,0,0
1,20,30,Regular Play,Japan,3869219,0 days 00:20:30,0,0,0,0,0,0,1,0,0
1,20,33,Regular Play,Japan,3869219,0 days 00:20:33,0,0,0,0,0,0,1,0,0
1,20,37,Regular Play,Japan,3869219,0 days 00:20:37,0,0,0,0,0,0,1,0,0
1,20,39,Regular Play,Croatia,3869219,0 days 00:20:39,0,0,0,0,0,0,1,0,0
1,20,41,Regular Play,Croatia,3869219,0 days 00:20:41,0,0,0,0,0,0,1,0,0
1,20,47,Regular Play,Japan,3869219,0 days 00:20:47,0,0,0,0,1,0,0,0,0
1,21,3,From Free Kick,Croatia,3869219,0 days 00:21:03,0,0,0,0,0,0,1,0,0
1,21,5,From Free Kick,Croatia,3869219,0 days 00:21:05,0,0,0,0,0,0,1,0,0
1,21,13,From Free Kick,Croatia,3869219,0 days 00:21:13,0,0,0,0,0,0,1,0,0
1,21,16,From Free Kick,Croatia,3869219,0 days 00:21:16,0,0,0,0,0,0,1,0,0
1,21,17,From Free Kick,Croatia,3869219,0 days 00:21:17,0,0,0,0,0,0,1,0,0
1,21,20,Regular Play,Japan,3869219,0 days 00:21:20,0,0,0,0,0,0,1,0,0
1,21,22,Regular Play,Japan,3869219,0 days 00:21:22,0,0,0,0,0,0,1,0,0
1,21,23,Regular Play,Croatia,3869219,0 days 00:21:23,0,0,0,0,0,1,0,0,0
1,21,24,Regular Play,Japan,3869219,0 days 00:21:24,1,0,0,0,0,0,0,0,0
1,21,26,Regular Play,Japan,3869219,0 days 00:21:26,0,0,0,0,0,0,1,0,0
1,21,28,Regular Play,Japan,3869219,0 days 00:21:28,0,0,0,0,0,0,1,0,0
1,21,30,Regular Play,Japan,3869219,0 days 00:21:30,0,0,0,0,0,0,1,0,0
1,21,32,Regular Play,Japan,3869219,0 days 00:21:32,0,0,0,0,0,0,1,0,0
1,21,34,Regular Play,Japan,3869219,0 days 00:21:34,0,0,0,0,0,0,1,0,0
1,21,37,Regular Play,Japan,3869219,0 days 00:21:37,0,0,0,0,0,0,1,0,0
1,21,43,Regular Play,Japan,3869219,0 days 00:21:43,0,0,0,0,0,0,1,0,0
1,21,45,Regular Play,Japan,3869219,0 days 00:21:45,0,0,0,0,0,0,1,0,0
1,21,47,Regular Play,Japan,3869219,0 days 00:21:47,0,0,0,0,0,0,1,0,0
1,21,50,Regular Play,Japan,3869219,0 days 00:21:50,0,0,0,0,0,0,1,0,0
1,21,53,Regular Play,Japan,3869219,0 days 00:21:53,0,0,0,0,0,0,1,0,0
1,21,55,Regular Play,Japan,3869219,0 days 00:21:55,0,0,0,0,0,0,1,0,0
1,21,57,Regular Play,Japan,3869219,0 days 00:21:57,0,0,0,0,0,0,1,0,0
1,12,1,Regular Play,Morocco,3869220,0 days 00:12:01,0,0,0,0,0,0,1,0,0
1,12,3,Regular Play,Morocco,3869220,0 days 00:12:03,0,0,0,0,0,0,1,0,0
1,12,7,Regular Play,Morocco,3869220,0 days 00:12:07,0,0,0,0,0,0,1,0,0
1,12,22,From Throw In,Morocco,3869220,0 days 00:12:22,0,0,0,0,0,0,1,0,0
1,12,22,From Throw In,Morocco,3869220,0 days 00:12:22,0,0,0,0,0,0,1,0,0
1,12,23,From Throw In,Spain,3869220,0 days 00:12:23,0,0,0,0,1,0,0,0,0
1,12,34,From Free Kick,Morocco,3869220,0 days 00:12:34,0,0,0,0,0,0,1,0,0
1,12,36,From Free Kick,Morocco,3869220,0 days 00:12:36,0,0,0,0,0,0,1,0,0
1,12,43,From Free Kick,Spain,3869220,0 days 00:12:43,0,0,0,0,1,0,0,0,0
1,13,2,From Free Kick,Morocco,3869220,0 days 00:13:02,0,0,0,0,0,0,1,0,0
1,13,7,From Free Kick,Spain,3869220,0 days 00:13:07,1,0,0,0,0,0,0,0,0
1,13,9,From Free Kick,Spain,3869220,0 days 00:13:09,0,0,0,0,0,0,1,0,0
1,13,11,From Free Kick,Morocco,3869220,0 days 00:13:11,0,0,0,0,0,0,1,0,0
1,13,13,From Free Kick,Morocco,3869220,0 days 00:13:13,0,0,0,0,0,0,1,0,0
1,13,15,From Free Kick,Morocco,3869220,0 days 00:13:15,0,0,0,0,0,0,1,0,0
1,13,18,From Free Kick,Morocco,3869220,0 days 00:13:18,0,0,0,0,0,0,1,0,0
1,13,21,From Free Kick,Morocco,3869220,0 days 00:13:21,0,0,0,0,0,0,1,0,0
1,13,24,From Free Kick,Morocco,3869220,0 days 00:13:24,0,0,0,0,0,0,1,0,0
1,13,30,From Free Kick,Morocco,3869220,0 days 00:13:30,0,0,0,0,0,0,1,0,0
1,13,33,From Free Kick,Spain,3869220,0 days 00:13:33,0,0,0,0,0,0,1,0,0
1,13,36,From Free Kick,Morocco,3869220,0 days 00:13:36,0,0,0,0,0,0,1,0,0
1,13,39,From Free Kick,Morocco,3869220,0 days 00:13:39,0,0,0,0,0,0,1,0,0
1,13,41,From Free Kick,Morocco,3869220,0 days 00:13:41,0,0,0,0,0,0,1,0,0
1,13,48,From Free Kick,Morocco,3869220,0 days 00:13:48,0,0,0,0,0,0,1,0,0
1,13,54,From Free Kick,Morocco,3869220,0 days 00:13:54,0,0,0,0,0,0,1,0,0
1,13,56,From Free Kick,Morocco,3869220,0 days 00:13:56,0,0,0,0,0,0,1,0,0
1,13,59,From Free Kick,Morocco,3869220,0 days 00:13:59,0,0,0,0,0,0,1,0,0
1,14,1,From Free Kick,Morocco,3869220,0 days 00:14:01,0,0,0,0,0,0,1,0,0
1,14,4,From Free Kick,Morocco,3869220,0 days 00:14:04,0,0,0,0,0,0,1,0,0
1,14,19,From Keeper,Spain,3869220,0 days 00:14:19,0,0,0,0,0,0,1,0,0
1,14,24,From Keeper,Spain,3869220,0 days 00:14:24,0,0,0,0,0,0,1,0,0
1,14,30,From Keeper,Spain,3869220,0 days 00:14:30,0,0,0,0,0,0,1,0,0
1,14,35,From Keeper,Spain,3869220,0 days 00:14:35,0,0,0,0,0,0,1,0,0
1,14,39,From Keeper,Spain,3869220,0 days 00:14:39,0,0,0,0,0,0,1,0,0
1,14,40,From Keeper,Spain,3869220,0 days 00:14:40,0,0,0,0,0,0,1,0,0
1,14,42,From Keeper,Spain,3869220,0 days 00:14:42,0,0,1,0,0,0,0,0,0
1,14,42,From Keeper,Morocco,3869220,0 days 00:14:42,0,0,0,0,0,0,0,0,1
1,14,51,From Throw In,Spain,3869220,0 days 00:14:51,0,0,0,0,0,0,1,0,0
1,14,52,From Throw In,Spain,3869220,0 days 00:14:52,0,0,0,0,0,0,1,0,0
1,14,55,From Throw In,Spain,3869220,0 days 00:14:55,0,0,0,0,0,0,1,0,0
1,14,58,From Throw In,Spain,3869220,0 days 00:14:58,0,0,0,0,0,0,1,0,0
1,14,59,From Throw In,Spain,3869220,0 days 00:14:59,0,0,0,0,0,0,1,0,0
1,15,1,From Throw In,Spain,3869220,0 days 00:15:01,0,0,0,0,0,0,1,0,0
1,15,2,From Throw In,Spain,3869220,0 days 00:15:02,0,0,0,0,0,0,1,0,0
1,15,4,From Throw In,Spain,3869220,0 days 00:15:04,0,0,0,0,0,0,1,0,0
1,15,8,From Throw In,Spain,3869220,0 days 00:15:08,0,0,0,0,0,0,1,0,0
1,15,11,From Throw In,Spain,3869220,0 days 00:15:11,0,0,0,0,0,0,1,0,0
1,15,15,From Throw In,Spain,3869220,0 days 00:15:15,0,0,0,0,0,0,1,0,0
1,15,17,From Throw In,Spain,3869220,0 days 00:15:17,0,0,0,0,0,0,1,0,0
1,15,19,From Throw In,Spain,3869220,0 days 00:15:19,0,0,0,0,0,0,1,0,0
1,15,21,From Throw In,Spain,3869220,0 days 00:15:21,0,0,0,0,0,0,1,0,0
1,15,24,From Throw In,Spain,3869220,0 days 00:15:24,0,0,0,0,0,0,1,0,0
1,15,27,From Throw In,Spain,3869220,0 days 00:15:27,0,0,0,0,0,0,1,0,0
1,15,29,From Throw In,Spain,3869220,0 days 00:15:29,0,0,0,0,0,0,1,0,0
1,15,32,From Throw In,Spain,3869220,0 days 00:15:32,0,0,0,0,0,0,1,0,0
1,15,34,From Throw In,Spain,3869220,0 days 00:15:34,0,0,0,0,0,0,1,0,0
1,15,39,From Throw In,Spain,3869220,0 days 00:15:39,0,0,0,0,0,0,1,0,0
1,15,41,From Throw In,Spain,3869220,0 days 00:15:41,0,0,0,0,0,0,1,0,0
1,15,42,From Throw In,Morocco,3869220,0 days 00:15:42,0,0,0,0,0,1,0,0,0
1,15,44,From Throw In,Morocco,3869220,0 days 00:15:44,0,0,0,0,0,0,1,0,0
1,15,48,From Throw In,Spain,3869220,0 days 00:15:48,0,0,0,0,0,0,1,0,0
1,15,52,From Throw In,Spain,3869220,0 days 00:15:52,0,0,0,0,0,0,1,0,0
1,15,55,From Throw In,Spain,3869220,0 days 00:15:55,0,0,0,0,0,0,1,0,0
1,15,56,From Throw In,Spain,3869220,0 days 00:15:56,0,0,0,0,0,0,1,0,0
1,15,59,From Throw In,Spain,3869220,0 days 00:15:59,0,0,0,0,0,0,1,0,0
1,16,0,From Throw In,Morocco,3869220,0 days 00:16:00,0,1,0,0,0,0,0,0,0
1,16,2,Regular Play,Morocco,3869220,0 days 00:16:02,1,0,0,0,0,0,0,0,0
1,16,3,Regular Play,Morocco,3869220,0 days 00:16:03,0,0,0,0,0,0,1,0,0
1,16,7,Regular Play,Morocco,3869220,0 days 00:16:07,0,0,0,0,0,0,1,0,0
1,16,8,Regular Play,Morocco,3869220,0 days 00:16:08,0,0,0,0,0,0,1,0,0
1,16,9,Regular Play,Morocco,3869220,0 days 00:16:09,0,0,0,0,0,0,1,0,0
1,16,12,Regular Play,Morocco,3869220,0 days 00:16:12,0,0,0,0,0,0,1,0,0
1,16,14,Regular Play,Morocco,3869220,0 days 00:16:14,0,0,0,0,0,0,1,0,0
1,16,17,Regular Play,Spain,3869220,0 days 00:16:17,1,0,0,0,0,0,0,0,0
1,16,19,Regular Play,Spain,3869220,0 days 00:16:19,0,0,0,0,0,0,1,0,0
1,16,20,Regular Play,Morocco,3869220,0 days 00:16:20,0,0,0,0,0,0,1,0,0
1,16,21,Regular Play,Spain,3869220,0 days 00:16:21,1,0,0,0,0,0,0,0,0
1,16,22,Regular Play,Spain,3869220,0 days 00:16:22,0,0,0,0,0,0,1,0,0
1,16,23,Regular Play,Spain,3869220,0 days 00:16:23,0,0,1,0,0,0,0,0,0
1,16,23,Regular Play,Morocco,3869220,0 days 00:16:23,0,0,0,0,0,0,0,0,1
1,16,44,From Throw In,Morocco,3869220,0 days 00:16:44,0,0,0,0,0,0,1,0,0
1,16,45,From Throw In,Morocco,3869220,0 days 00:16:45,0,0,0,0,0,0,1,0,0
1,16,58,From Free Kick,Spain,3869220,0 days 00:16:58,0,0,0,0,0,0,1,0,0
1,16,59,From Free Kick,Spain,3869220,0 days 00:16:59,0,0,0,0,0,0,1,0,0
1,17,4,From Free Kick,Spain,3869220,0 days 00:17:04,0,0,0,0,0,0,1,0,0
1,17,4,From Free Kick,Spain,3869220,0 days 00:17:04,0,0,0,0,0,0,1,0,0
1,17,6,Regular Play,Morocco,3869220,0 days 00:17:06,1,0,0,0,0,0,0,0,0
1,17,6,Regular Play,Morocco,3869220,0 days 00:17:06,0,0,0,1,0,0,0,0,0
1,17,6,Regular Play,Spain,3869220,0 days 00:17:06,0,0,0,0,0,0,0,0,1
1,17,7,Regular Play,Morocco,3869220,0 days 00:17:07,1,0,0,0,0,0,0,0,0
1,17,10,Regular Play,Morocco,3869220,0 days 00:17:10,0,0,0,0,0,0,1,0,0
1,17,12,Regular Play,Morocco,3869220,0 days 00:17:12,0,0,0,0,0,0,1,0,0
1,17,16,Regular Play,Morocco,3869220,0 days 00:17:16,0,0,0,0,0,0,1,0,0
1,17,20,Regular Play,Morocco,3869220,0 days 00:17:20,0,0,1,0,0,0,0,0,0
1,17,20,Regular Play,Spain,3869220,0 days 00:17:20,0,0,0,0,0,0,0,0,1
1,17,26,From Throw In,Spain,3869220,0 days 00:17:26,0,0,0,0,0,0,1,0,0
1,17,29,From Throw In,Spain,3869220,0 days 00:17:29,0,0,0,0,0,0,1,0,0
1,17,32,From Throw In,Spain,3869220,0 days 00:17:32,0,0,0,0,0,0,1,0,0
1,17,35,From Throw In,Spain,3869220,0 days 00:17:35,0,0,0,0,0,0,1,0,0
1,17,36,From Throw In,Spain,3869220,0 days 00:17:36,0,0,0,0,0,0,1,0,0
1,17,39,From Throw In,Spain,3869220,0 days 00:17:39,0,0,0,0,0,0,1,0,0
1,17,41,From Throw In,Spain,3869220,0 days 00:17:41,0,0,0,0,0,0,1,0,0
1,17,42,From Throw In,Spain,3869220,0 days 00:17:42,0,0,0,0,0,0,1,0,0
1,17,45,From Throw In,Spain,3869220,0 days 00:17:45,0,0,0,0,0,0,1,0,0
1,17,49,From Throw In,Spain,3869220,0 days 00:17:49,0,0,0,0,0,0,1,0,0
1,17,52,From Throw In,Spain,3869220,0 days 00:17:52,0,0,0,0,0,0,1,0,0
1,17,55,From Throw In,Morocco,3869220,0 days 00:17:55,1,0,0,0,0,0,0,0,0
1,18,7,From Throw In,Morocco,3869220,0 days 00:18:07,0,0,0,0,0,0,1,0,0
1,18,16,From Throw In,Spain,3869220,0 days 00:18:16,0,0,0,0,0,0,1,0,0
1,18,20,From Throw In,Spain,3869220,0 days 00:18:20,0,0,0,0,0,0,1,0,0
1,18,23,From Throw In,Morocco,3869220,0 days 00:18:23,0,0,0,0,0,0,1,0,0
1,18,26,From Throw In,Morocco,3869220,0 days 00:18:26,0,0,0,0,0,0,1,0,0
1,18,28,From Throw In,Spain,3869220,0 days 00:18:28,0,0,0,0,0,0,1,0,0
1,18,31,From Throw In,Spain,3869220,0 days 00:18:31,0,0,1,0,0,0,0,0,0
1,18,31,From Throw In,Morocco,3869220,0 days 00:18:31,0,0,0,0,0,0,0,0,1
1,18,32,From Throw In,Spain,3869220,0 days 00:18:32,0,0,0,0,1,0,0,0,0
1,18,38,From Free Kick,Morocco,3869220,0 days 00:18:38,0,0,0,0,0,0,1,0,0
1,18,43,From Free Kick,Morocco,3869220,0 days 00:18:43,0,0,0,0,0,0,1,0,0
1,18,46,From Free Kick,Morocco,3869220,0 days 00:18:46,0,0,0,0,0,0,1,0,0
1,18,49,From Free Kick,Morocco,3869220,0 days 00:18:49,0,0,0,0,0,0,1,0,0
1,18,51,From Free Kick,Morocco,3869220,0 days 00:18:51,0,0,0,0,0,0,1,0,0
1,18,53,From Free Kick,Morocco,3869220,0 days 00:18:53,0,0,0,0,0,0,1,0,0
1,18,56,From Free Kick,Morocco,3869220,0 days 00:18:56,0,0,0,0,0,0,1,0,0
1,18,58,Regular Play,Spain,3869220,0 days 00:18:58,0,0,0,0,0,0,1,0,0
1,19,0,Regular Play,Spain,3869220,0 days 00:19:00,0,0,1,0,0,0,0,0,0
1,19,0,Regular Play,Morocco,3869220,0 days 00:19:00,0,0,0,0,0,0,0,0,1
1,19,0,Regular Play,Spain,3869220,0 days 00:19:00,1,0,0,0,0,0,0,0,0
1,19,2,Regular Play,Spain,3869220,0 days 00:19:02,0,0,0,0,0,0,1,0,0
1,19,4,Regular Play,Spain,3869220,0 days 00:19:04,0,0,0,0,0,0,1,0,0
1,19,6,Regular Play,Morocco,3869220,0 days 00:19:06,0,0,0,0,1,0,0,0,0
1,19,18,From Free Kick,Spain,3869220,0 days 00:19:18,0,0,0,0,0,0,1,0,0
1,19,22,From Free Kick,Spain,3869220,0 days 00:19:22,0,0,0,0,0,0,1,0,0
1,19,25,From Free Kick,Spain,3869220,0 days 00:19:25,0,0,0,0,0,0,1,0,0
1,19,32,From Free Kick,Spain,3869220,0 days 00:19:32,0,0,0,0,0,0,1,0,0
1,19,35,From Free Kick,Spain,3869220,0 days 00:19:35,0,0,0,0,0,0,1,0,0
1,19,37,From Free Kick,Spain,3869220,0 days 00:19:37,0,0,0,0,0,0,1,0,0
1,19,37,From Free Kick,Morocco,3869220,0 days 00:19:37,0,0,0,0,0,1,0,0,0
1,19,39,Regular Play,Morocco,3869220,0 days 00:19:39,1,0,0,0,0,0,0,0,0
1,19,40,Regular Play,Morocco,3869220,0 days 00:19:40,0,0,0,1,0,0,0,0,0
1,19,41,Regular Play,Morocco,3869220,0 days 00:19:41,0,0,0,1,0,0,0,0,0
1,19,42,Regular Play,Morocco,3869220,0 days 00:19:42,0,0,0,0,0,0,1,0,0
1,19,46,Regular Play,Spain,3869220,0 days 00:19:46,0,0,0,0,0,0,1,0,0
1,19,50,Regular Play,Morocco,3869220,0 days 00:19:50,1,0,0,0,0,0,0,0,0
1,19,52,Regular Play,Morocco,3869220,0 days 00:19:52,0,0,0,0,0,0,1,0,0
1,19,54,Regular Play,Morocco,3869220,0 days 00:19:54,0,0,0,1,0,0,0,0,0
1,19,56,Regular Play,Morocco,3869220,0 days 00:19:56,0,0,0,0,0,0,1,0,0
1,20,2,Regular Play,Morocco,3869220,0 days 00:20:02,0,0,0,0,0,0,1,0,0
1,20,3,Regular Play,Morocco,3869220,0 days 00:20:03,1,0,0,0,0,0,0,0,0
1,20,4,Regular Play,Morocco,3869220,0 days 00:20:04,0,0,0,0,0,0,1,0,0
1,20,5,Regular Play,Spain,3869220,0 days 00:20:05,0,1,0,0,0,0,0,0,0
1,20,9,Regular Play,Morocco,3869220,0 days 00:20:09,0,0,0,0,0,0,1,0,0
1,20,11,Regular Play,Spain,3869220,0 days 00:20:11,0,0,0,0,1,0,0,0,0
1,20,49,From Free Kick,Morocco,3869220,0 days 00:20:49,0,0,0,0,0,0,1,0,0
1,20,50,From Free Kick,Spain,3869220,0 days 00:20:50,0,1,0,0,0,0,0,0,0
1,20,54,From Free Kick,Morocco,3869220,0 days 00:20:54,0,0,0,0,0,0,1,0,0
1,21,3,From Free Kick,Morocco,3869220,0 days 00:21:03,0,0,0,0,0,0,1,0,0
1,21,5,From Free Kick,Morocco,3869220,0 days 00:21:05,0,0,0,0,0,0,1,0,0
1,21,9,From Free Kick,Morocco,3869220,0 days 00:21:09,0,0,0,0,0,0,1,0,0
1,21,12,From Free Kick,Morocco,3869220,0 days 00:21:12,0,0,0,0,0,0,1,0,0
1,21,18,From Free Kick,Morocco,3869220,0 days 00:21:18,0,0,0,0,0,0,1,0,0
1,21,22,From Free Kick,Morocco,3869220,0 days 00:21:22,0,0,0,1,0,0,0,0,0
1,21,25,From Free Kick,Morocco,3869220,0 days 00:21:25,0,0,0,0,0,0,1,0,0
1,21,26,From Free Kick,Morocco,3869220,0 days 00:21:26,0,0,0,0,0,0,1,0,0
1,21,27,From Free Kick,Spain,3869220,0 days 00:21:27,0,1,0,0,0,0,0,0,0
1,21,29,From Free Kick,Morocco,3869220,0 days 00:21:29,1,0,0,0,0,0,0,0,0
1,21,30,From Free Kick,Spain,3869220,0 days 00:21:30,1,0,0,0,0,0,0,0,0
1,21,31,From Free Kick,Morocco,3869220,0 days 00:21:31,1,0,0,0,0,0,0,0,0
1,21,32,From Free Kick,Morocco,3869220,0 days 00:21:32,0,0,0,0,0,0,1,0,0
1,12,18,Other,Brazil,3869253,0 days 00:12:18,0,0,0,0,0,0,0,1,0
1,13,27,From Kick Off,South Korea,3869253,0 days 00:13:27,0,0,0,0,0,0,1,0,0
1,13,28,From Kick Off,South Korea,3869253,0 days 00:13:28,0,0,0,0,0,0,1,0,0
1,13,37,From Kick Off,South Korea,3869253,0 days 00:13:37,0,0,0,0,0,0,1,0,0
1,13,39,From Kick Off,South Korea,3869253,0 days 00:13:39,0,0,0,0,0,0,1,0,0
1,13,41,Regular Play,Brazil,3869253,0 days 00:13:41,0,0,0,0,0,0,1,0,0
1,13,44,Regular Play,Brazil,3869253,0 days 00:13:44,0,0,0,0,0,0,1,0,0
1,13,46,Regular Play,Brazil,3869253,0 days 00:13:46,0,0,0,0,0,0,1,0,0
1,14,5,From Throw In,Brazil,3869253,0 days 00:14:05,0,0,0,0,0,0,1,0,0
1,14,6,From Throw In,Brazil,3869253,0 days 00:14:06,0,0,1,0,0,0,0,0,0
1,14,6,From Throw In,South Korea,3869253,0 days 00:14:06,0,0,0,0,0,0,0,0,1
1,14,8,From Throw In,Brazil,3869253,0 days 00:14:08,0,0,0,0,0,0,1,0,0
1,14,9,From Throw In,Brazil,3869253,0 days 00:14:09,0,0,0,0,0,0,1,0,0
1,14,13,From Throw In,Brazil,3869253,0 days 00:14:13,0,0,0,0,0,0,1,0,0
1,14,15,From Throw In,Brazil,3869253,0 days 00:14:15,0,0,0,0,0,0,1,0,0
1,14,18,From Throw In,Brazil,3869253,0 days 00:14:18,0,0,0,0,0,0,1,0,0
1,14,20,From Throw In,Brazil,3869253,0 days 00:14:20,0,0,0,0,0,0,1,0,0
1,14,22,From Throw In,Brazil,3869253,0 days 00:14:22,0,0,0,0,0,0,1,0,0
1,14,25,From Throw In,Brazil,3869253,0 days 00:14:25,0,0,1,0,0,0,0,0,0
1,14,25,From Throw In,South Korea,3869253,0 days 00:14:25,0,0,0,0,0,0,0,0,1
1,14,28,From Throw In,South Korea,3869253,0 days 00:14:28,0,0,0,0,0,0,1,0,0
1,14,30,From Throw In,South Korea,3869253,0 days 00:14:30,0,0,0,0,0,0,1,0,0
1,14,31,From Throw In,South Korea,3869253,0 days 00:14:31,0,0,0,0,0,0,1,0,0
1,14,33,From Throw In,South Korea,3869253,0 days 00:14:33,0,0,0,0,0,0,1,0,0
1,14,34,From Throw In,South Korea,3869253,0 days 00:14:34,0,0,0,0,0,0,1,0,0
1,14,36,From Throw In,South Korea,3869253,0 days 00:14:36,0,0,0,0,0,0,1,0,0
1,14,38,From Throw In,South Korea,3869253,0 days 00:14:38,0,0,0,0,0,0,1,0,0
1,14,41,From Throw In,South Korea,3869253,0 days 00:14:41,0,0,0,0,0,0,1,0,0
1,14,47,From Throw In,South Korea,3869253,0 days 00:14:47,0,0,0,0,0,0,1,0,0
1,14,52,From Throw In,South Korea,3869253,0 days 00:14:52,0,0,0,0,0,0,1,0,0
1,14,53,From Throw In,South Korea,3869253,0 days 00:14:53,0,0,0,0,0,0,1,0,0
1,14,55,From Throw In,South Korea,3869253,0 days 00:14:55,0,0,0,0,0,0,1,0,0
1,14,59,From Throw In,South Korea,3869253,0 days 00:14:59,0,0,0,0,0,0,1,0,0
1,15,3,From Throw In,South Korea,3869253,0 days 00:15:03,0,0,0,0,0,0,1,0,0
1,15,32,From Throw In,Brazil,3869253,0 days 00:15:32,0,0,0,0,0,0,1,0,0
1,15,33,From Throw In,Brazil,3869253,0 days 00:15:33,0,0,0,0,0,0,1,0,0
1,15,34,Regular Play,South Korea,3869253,0 days 00:15:34,0,0,0,0,0,0,1,0,0
1,15,35,Regular Play,South Korea,3869253,0 days 00:15:35,0,0,0,0,0,0,1,0,0
1,15,38,Regular Play,South Korea,3869253,0 days 00:15:38,0,0,0,0,0,0,1,0,0
1,15,40,Regular Play,South Korea,3869253,0 days 00:15:40,0,0,0,0,0,0,1,0,0
1,15,42,Regular Play,South Korea,3869253,0 days 00:15:42,0,0,0,0,0,0,1,0,0
1,15,44,Regular Play,South Korea,3869253,0 days 00:15:44,0,0,0,0,0,0,1,0,0
1,15,48,Regular Play,South Korea,3869253,0 days 00:15:48,0,0,0,0,0,0,1,0,0
1,15,49,Regular Play,Brazil,3869253,0 days 00:15:49,0,0,0,0,0,0,1,0,0
1,15,52,Regular Play,Brazil,3869253,0 days 00:15:52,0,0,1,0,0,0,0,0,0
1,15,52,Regular Play,South Korea,3869253,0 days 00:15:52,0,0,0,0,0,0,0,0,1
1,15,54,Regular Play,South Korea,3869253,0 days 00:15:54,0,0,0,0,0,0,1,0,0
1,15,55,Regular Play,South Korea,3869253,0 days 00:15:55,0,0,0,0,0,0,1,0,0
1,15,57,Regular Play,South Korea,3869253,0 days 00:15:57,0,0,0,0,0,0,1,0,0
1,16,0,Regular Play,South Korea,3869253,0 days 00:16:00,0,0,0,0,0,0,1,0,0
1,16,6,Regular Play,South Korea,3869253,0 days 00:16:06,0,0,0,0,0,0,1,0,0
1,16,12,Regular Play,South Korea,3869253,0 days 00:16:12,0,0,0,0,0,0,1,0,0
1,16,12,Regular Play,Brazil,3869253,0 days 00:16:12,0,0,0,0,0,0,1,0,0
1,16,13,Regular Play,South Korea,3869253,0 days 00:16:13,1,0,0,0,0,0,0,0,0
1,16,15,Regular Play,South Korea,3869253,0 days 00:16:15,0,0,0,0,0,0,0,1,0
1,16,34,From Corner,South Korea,3869253,0 days 00:16:34,0,0,0,0,0,0,1,0,0
1,16,36,From Corner,South Korea,3869253,0 days 00:16:36,0,0,0,0,0,0,1,0,0
1,16,40,From Corner,South Korea,3869253,0 days 00:16:40,0,0,0,0,0,0,0,1,0
1,16,57,From Goal Kick,Brazil,3869253,0 days 00:16:57,0,0,0,0,0,0,1,0,0
1,17,1,From Goal Kick,Brazil,3869253,0 days 00:17:01,0,0,0,0,0,0,1,0,0
1,17,2,From Goal Kick,Brazil,3869253,0 days 00:17:02,0,0,0,0,0,0,1,0,0
1,17,5,From Goal Kick,Brazil,3869253,0 days 00:17:05,0,0,0,0,0,0,1,0,0
1,17,5,From Goal Kick,Brazil,3869253,0 days 00:17:05,0,0,0,0,0,0,1,0,0
1,17,9,From Goal Kick,Brazil,3869253,0 days 00:17:09,0,0,0,0,0,0,1,0,0
1,17,12,From Goal Kick,Brazil,3869253,0 days 00:17:12,0,0,0,0,0,0,1,0,0
1,17,15,From Goal Kick,Brazil,3869253,0 days 00:17:15,0,0,0,0,0,0,1,0,0
1,17,17,From Goal Kick,Brazil,3869253,0 days 00:17:17,0,0,0,0,0,0,1,0,0
1,17,24,From Goal Kick,Brazil,3869253,0 days 00:17:24,0,0,0,0,0,0,1,0,0
1,17,27,From Goal Kick,South Korea,3869253,0 days 00:17:27,0,0,0,0,0,1,0,0,0
1,17,29,From Goal Kick,Brazil,3869253,0 days 00:17:29,1,0,0,0,0,0,0,0,0
1,17,31,From Goal Kick,Brazil,3869253,0 days 00:17:31,0,0,0,0,0,0,1,0,0
1,17,33,From Goal Kick,Brazil,3869253,0 days 00:17:33,0,0,0,0,0,0,1,0,0
1,17,34,From Goal Kick,Brazil,3869253,0 days 00:17:34,0,0,0,0,0,0,1,0,0
1,17,35,From Goal Kick,Brazil,3869253,0 days 00:17:35,0,0,0,0,0,0,1,0,0
1,17,37,From Goal Kick,Brazil,3869253,0 days 00:17:37,0,0,0,0,0,0,1,0,0
1,17,40,From Goal Kick,Brazil,3869253,0 days 00:17:40,0,0,0,0,0,0,1,0,0
1,17,41,From Goal Kick,Brazil,3869253,0 days 00:17:41,0,0,0,0,0,0,1,0,0
1,17,44,From Goal Kick,Brazil,3869253,0 days 00:17:44,0,0,0,0,0,0,1,0,0
1,17,47,From Goal Kick,Brazil,3869253,0 days 00:17:47,0,0,0,0,0,0,1,0,0
1,17,49,From Goal Kick,Brazil,3869253,0 days 00:17:49,0,0,0,0,0,0,1,0,0
1,17,54,From Goal Kick,Brazil,3869253,0 days 00:17:54,0,0,0,1,0,0,0,0,0
1,17,55,From Goal Kick,Brazil,3869253,0 days 00:17:55,0,0,0,0,0,0,1,0,0
1,17,58,From Goal Kick,Brazil,3869253,0 days 00:17:58,0,0,0,0,0,0,1,0,0
1,18,1,From Goal Kick,Brazil,3869253,0 days 00:18:01,0,0,0,0,0,0,1,0,0
1,18,2,From Goal Kick,Brazil,3869253,0 days 00:18:02,0,0,0,0,0,0,1,0,0
1,18,3,From Goal Kick,Brazil,3869253,0 days 00:18:03,0,0,0,1,0,0,0,0,0
1,18,3,Regular Play,South Korea,3869253,0 days 00:18:03,0,0,0,0,0,0,0,0,1
1,18,3,Regular Play,South Korea,3869253,0 days 00:18:03,1,0,0,0,0,0,0,0,0
1,18,4,Regular Play,South Korea,3869253,0 days 00:18:04,0,0,0,0,0,0,1,0,0
1,18,5,Regular Play,South Korea,3869253,0 days 00:18:05,0,0,0,0,0,0,1,0,0
1,18,7,Regular Play,South Korea,3869253,0 days 00:18:07,0,0,1,0,0,0,0,0,0
1,18,7,Regular Play,Brazil,3869253,0 days 00:18:07,0,0,0,0,0,0,0,0,1
1,18,7,Regular Play,Brazil,3869253,0 days 00:18:07,1,0,0,0,0,0,0,0,0
1,18,8,Regular Play,Brazil,3869253,0 days 00:18:08,0,0,0,0,0,0,1,0,0
1,18,13,Regular Play,Brazil,3869253,0 days 00:18:13,0,0,0,0,0,0,1,0,0
1,18,16,Regular Play,Brazil,3869253,0 days 00:18:16,0,0,0,0,0,0,1,0,0
1,18,19,Regular Play,Brazil,3869253,0 days 00:18:19,0,0,0,0,0,0,1,0,0
1,18,23,Regular Play,Brazil,3869253,0 days 00:18:23,0,0,0,0,0,0,1,0,0
1,18,27,Regular Play,Brazil,3869253,0 days 00:18:27,0,0,0,0,0,0,1,0,0
1,18,29,Regular Play,Brazil,3869253,0 days 00:18:29,0,0,0,0,0,0,1,0,0
1,18,32,Regular Play,Brazil,3869253,0 days 00:18:32,0,0,0,0,0,0,1,0,0
1,18,33,Regular Play,Brazil,3869253,0 days 00:18:33,0,0,0,0,0,0,1,0,0
1,18,40,Regular Play,Brazil,3869253,0 days 00:18:40,0,0,0,0,0,0,1,0,0
1,18,42,Regular Play,Brazil,3869253,0 days 00:18:42,0,0,0,0,0,0,1,0,0
1,18,42,Regular Play,Brazil,3869253,0 days 00:18:42,0,0,0,0,0,0,1,0,0
1,18,44,Regular Play,Brazil,3869253,0 days 00:18:44,0,0,0,0,0,0,1,0,0
1,18,46,Regular Play,Brazil,3869253,0 days 00:18:46,0,0,0,0,0,0,1,0,0
1,18,52,Regular Play,Brazil,3869253,0 days 00:18:52,0,0,0,0,0,0,1,0,0
1,19,1,From Throw In,South Korea,3869253,0 days 00:19:01,0,0,0,0,0,0,1,0,0
1,19,6,From Throw In,South Korea,3869253,0 days 00:19:06,0,0,0,0,0,0,1,0,0
1,19,10,From Throw In,South Korea,3869253,0 days 00:19:10,0,0,0,0,0,0,1,0,0
1,19,14,From Throw In,South Korea,3869253,0 days 00:19:14,0,0,0,0,0,0,1,0,0
1,19,18,From Throw In,South Korea,3869253,0 days 00:19:18,0,0,0,0,0,0,1,0,0
1,19,23,From Throw In,South Korea,3869253,0 days 00:19:23,0,0,0,0,0,0,1,0,0
1,19,25,From Throw In,South Korea,3869253,0 days 00:19:25,0,0,0,0,0,0,1,0,0
1,19,26,From Throw In,South Korea,3869253,0 days 00:19:26,0,0,0,0,0,0,1,0,0
1,19,28,From Throw In,South Korea,3869253,0 days 00:19:28,0,0,0,1,0,0,0,0,0
1,19,28,From Throw In,Brazil,3869253,0 days 00:19:28,0,0,0,0,0,0,0,0,1
1,19,30,From Throw In,Brazil,3869253,0 days 00:19:30,1,0,0,0,0,0,0,0,0
1,19,30,From Throw In,Brazil,3869253,0 days 00:19:30,0,0,0,0,0,0,1,0,0
1,19,34,From Throw In,Brazil,3869253,0 days 00:19:34,0,0,1,0,0,0,0,0,0
1,19,34,From Throw In,South Korea,3869253,0 days 00:19:34,0,0,0,0,0,0,0,0,1
1,19,35,From Throw In,South Korea,3869253,0 days 00:19:35,0,0,0,0,0,0,1,0,0
1,19,38,From Throw In,South Korea,3869253,0 days 00:19:38,0,0,0,1,0,0,0,0,0
1,19,38,From Throw In,South Korea,3869253,0 days 00:19:38,0,0,0,0,0,0,1,0,0
1,19,40,From Throw In,South Korea,3869253,0 days 00:19:40,0,0,0,0,0,0,1,0,0
1,19,47,From Throw In,South Korea,3869253,0 days 00:19:47,0,0,0,0,0,0,1,0,0
1,19,53,From Throw In,South Korea,3869253,0 days 00:19:53,0,0,0,1,0,0,0,0,0
1,19,53,From Throw In,Brazil,3869253,0 days 00:19:53,0,0,0,0,0,0,0,0,1
1,19,55,From Throw In,Brazil,3869253,0 days 00:19:55,0,0,0,0,0,0,1,0,0
1,19,57,From Throw In,Brazil,3869253,0 days 00:19:57,0,0,0,0,0,0,1,0,0
1,19,58,From Throw In,South Korea,3869253,0 days 00:19:58,0,0,0,0,0,0,1,0,0
1,20,1,From Throw In,South Korea,3869253,0 days 00:20:01,0,0,0,0,0,0,1,0,0
1,20,4,From Throw In,South Korea,3869253,0 days 00:20:04,0,0,0,0,0,0,1,0,0
1,20,8,From Throw In,South Korea,3869253,0 days 00:20:08,0,0,0,0,0,0,1,0,0
1,20,12,From Throw In,South Korea,3869253,0 days 00:20:12,0,0,0,0,0,0,1,0,0
1,20,18,From Throw In,South Korea,3869253,0 days 00:20:18,0,0,0,0,0,0,1,0,0
1,20,22,From Throw In,South Korea,3869253,0 days 00:20:22,0,0,0,0,0,0,1,0,0
1,20,26,From Throw In,South Korea,3869253,0 days 00:20:26,0,0,0,0,0,0,1,0,0
1,21,4,From Goal Kick,Brazil,3869253,0 days 00:21:04,0,0,0,0,0,0,1,0,0
1,21,7,From Goal Kick,Brazil,3869253,0 days 00:21:07,0,0,0,0,0,0,1,0,0
1,21,17,From Goal Kick,Brazil,3869253,0 days 00:21:17,0,0,0,0,0,0,1,0,0
1,21,19,From Goal Kick,Brazil,3869253,0 days 00:21:19,0,0,0,0,0,0,1,0,0
1,21,22,From Goal Kick,Brazil,3869253,0 days 00:21:22,0,0,0,0,0,0,1,0,0
1,21,25,From Goal Kick,Brazil,3869253,0 days 00:21:25,0,0,0,0,0,0,1,0,0
1,21,26,From Goal Kick,Brazil,3869253,0 days 00:21:26,0,0,0,0,0,0,1,0,0
1,21,32,From Goal Kick,Brazil,3869253,0 days 00:21:32,0,0,0,0,0,0,1,0,0
1,21,35,From Goal Kick,Brazil,3869253,0 days 00:21:35,0,0,0,0,0,0,1,0,0
1,21,37,From Goal Kick,Brazil,3869253,0 days 00:21:37,0,0,0,0,0,0,1,0,0
1,21,39,From Goal Kick,Brazil,3869253,0 days 00:21:39,0,0,0,0,0,0,1,0,0
1,21,41,From Goal Kick,Brazil,3869253,0 days 00:21:41,0,0,0,0,0,0,1,0,0
1,12,3,From Throw In,Portugal,3869254,0 days 00:12:03,0,0,0,0,0,0,1,0,0
1,12,4,From Throw In,Portugal,3869254,0 days 00:12:04,0,0,0,0,0,0,1,0,0
1,12,7,From Throw In,Portugal,3869254,0 days 00:12:07,0,0,0,0,0,0,1,0,0
1,12,8,From Throw In,Switzerland,3869254,0 days 00:12:08,0,0,0,0,0,1,0,0,0
1,12,9,From Throw In,Portugal,3869254,0 days 00:12:09,0,0,0,0,0,0,1,0,0
1,12,11,Regular Play,Switzerland,3869254,0 days 00:12:11,0,0,0,0,0,0,1,0,0
1,12,12,Regular Play,Switzerland,3869254,0 days 00:12:12,0,0,0,0,0,0,1,0,0
1,12,14,Regular Play,Switzerland,3869254,0 days 00:12:14,0,0,0,0,0,0,1,0,0
1,12,17,Regular Play,Switzerland,3869254,0 days 00:12:17,0,0,0,0,0,0,1,0,0
1,12,21,Regular Play,Switzerland,3869254,0 days 00:12:21,0,0,1,0,0,0,0,0,0
1,12,21,Regular Play,Portugal,3869254,0 days 00:12:21,0,0,0,0,0,0,0,0,1
1,12,30,From Throw In,Switzerland,3869254,0 days 00:12:30,0,0,0,0,0,0,1,0,0
1,12,30,From Throw In,Switzerland,3869254,0 days 00:12:30,0,0,0,0,0,0,1,0,0
1,12,32,From Throw In,Switzerland,3869254,0 days 00:12:32,0,0,0,0,0,0,1,0,0
1,12,37,Regular Play,Portugal,3869254,0 days 00:12:37,1,0,0,0,0,0,0,0,0
1,12,41,Regular Play,Portugal,3869254,0 days 00:12:41,0,0,0,0,0,0,1,0,0
1,12,44,Regular Play,Portugal,3869254,0 days 00:12:44,0,0,0,0,0,0,1,0,0
1,12,45,Regular Play,Portugal,3869254,0 days 00:12:45,0,0,0,0,0,0,1,0,0
1,12,49,Regular Play,Portugal,3869254,0 days 00:12:49,0,0,0,0,0,0,1,0,0
1,12,59,Regular Play,Portugal,3869254,0 days 00:12:59,0,0,0,0,0,0,1,0,0
1,13,2,Regular Play,Portugal,3869254,0 days 00:13:02,0,0,0,0,0,0,1,0,0
1,13,4,Regular Play,Portugal,3869254,0 days 00:13:04,0,0,0,0,0,0,1,0,0
1,13,8,Regular Play,Portugal,3869254,0 days 00:13:08,0,0,0,0,0,0,1,0,0
1,13,12,Regular Play,Portugal,3869254,0 days 00:13:12,0,0,0,0,0,0,1,0,0
1,13,16,Regular Play,Portugal,3869254,0 days 00:13:16,0,0,0,0,0,0,1,0,0
1,13,20,Regular Play,Portugal,3869254,0 days 00:13:20,0,0,0,0,0,0,1,0,0
1,13,23,Regular Play,Portugal,3869254,0 days 00:13:23,0,0,0,0,0,0,1,0,0
1,13,25,Regular Play,Portugal,3869254,0 days 00:13:25,0,0,0,0,0,0,1,0,0
1,13,25,Regular Play,Portugal,3869254,0 days 00:13:25,0,0,0,0,0,0,1,0,0
1,13,27,Regular Play,Portugal,3869254,0 days 00:13:27,0,0,0,0,0,0,1,0,0
1,13,31,Regular Play,Portugal,3869254,0 days 00:13:31,0,0,0,0,0,0,1,0,0
1,13,33,Regular Play,Portugal,3869254,0 days 00:13:33,0,0,0,0,0,0,1,0,0
1,13,34,Regular Play,Portugal,3869254,0 days 00:13:34,0,0,0,0,0,0,1,0,0
1,13,37,Regular Play,Portugal,3869254,0 days 00:13:37,0,0,0,0,0,0,1,0,0
1,13,41,Regular Play,Portugal,3869254,0 days 00:13:41,0,0,0,0,0,0,1,0,0
1,13,42,Regular Play,Portugal,3869254,0 days 00:13:42,0,0,0,0,0,0,1,0,0
1,13,44,Regular Play,Portugal,3869254,0 days 00:13:44,0,0,0,0,0,0,1,0,0
1,13,48,Regular Play,Portugal,3869254,0 days 00:13:48,0,0,0,0,0,0,1,0,0
1,13,54,Regular Play,Portugal,3869254,0 days 00:13:54,0,0,0,0,0,0,1,0,0
1,13,55,Regular Play,Portugal,3869254,0 days 00:13:55,0,0,0,0,0,0,1,0,0
1,13,56,Regular Play,Switzerland,3869254,0 days 00:13:56,1,0,0,0,0,0,0,0,0
1,14,1,Regular Play,Switzerland,3869254,0 days 00:14:01,0,0,0,0,0,0,1,0,0
1,14,5,Regular Play,Switzerland,3869254,0 days 00:14:05,0,0,0,0,0,0,1,0,0
1,14,9,Regular Play,Switzerland,3869254,0 days 00:14:09,0,0,0,0,0,0,1,0,0
1,14,14,Regular Play,Switzerland,3869254,0 days 00:14:14,0,0,1,0,0,0,0,0,0
1,14,14,Regular Play,Portugal,3869254,0 days 00:14:14,0,0,0,0,0,0,0,0,1
1,14,23,From Throw In,Switzerland,3869254,0 days 00:14:23,0,0,0,0,0,0,1,0,0
1,14,24,From Throw In,Switzerland,3869254,0 days 00:14:24,0,0,0,0,0,0,1,0,0
1,14,27,From Throw In,Switzerland,3869254,0 days 00:14:27,0,0,0,0,0,0,1,0,0
1,14,30,From Throw In,Switzerland,3869254,0 days 00:14:30,0,0,0,0,0,0,1,0,0
1,14,32,From Throw In,Switzerland,3869254,0 days 00:14:32,0,0,0,0,0,0,1,0,0
1,14,35,From Throw In,Switzerland,3869254,0 days 00:14:35,0,0,0,0,0,0,1,0,0
1,14,41,From Throw In,Switzerland,3869254,0 days 00:14:41,0,0,0,0,0,0,1,0,0
1,14,46,From Throw In,Switzerland,3869254,0 days 00:14:46,0,0,0,0,0,0,1,0,0
1,14,49,From Throw In,Switzerland,3869254,0 days 00:14:49,0,0,0,0,0,0,1,0,0
1,15,8,From Throw In,Portugal,3869254,0 days 00:15:08,0,0,0,0,0,0,1,0,0
1,15,11,From Throw In,Portugal,3869254,0 days 00:15:11,0,0,0,0,0,0,1,0,0
1,15,15,From Throw In,Portugal,3869254,0 days 00:15:15,0,0,0,1,0,0,0,0,0
1,15,16,From Throw In,Portugal,3869254,0 days 00:15:16,0,0,0,0,0,0,1,0,0
1,15,19,From Throw In,Portugal,3869254,0 days 00:15:19,0,0,0,0,0,0,1,0,0
1,15,27,From Throw In,Portugal,3869254,0 days 00:15:27,0,0,0,0,0,0,1,0,0
1,15,36,From Throw In,Portugal,3869254,0 days 00:15:36,0,0,0,0,0,0,1,0,0
1,15,38,From Throw In,Portugal,3869254,0 days 00:15:38,0,0,0,0,0,0,1,0,0
1,15,39,From Throw In,Portugal,3869254,0 days 00:15:39,0,0,0,0,0,0,1,0,0
1,15,42,From Throw In,Portugal,3869254,0 days 00:15:42,1,0,0,0,0,0,0,0,0
1,15,45,From Throw In,Portugal,3869254,0 days 00:15:45,0,0,0,0,0,0,1,0,0
1,15,47,From Throw In,Portugal,3869254,0 days 00:15:47,0,0,0,0,0,0,1,0,0
1,15,49,From Throw In,Portugal,3869254,0 days 00:15:49,0,0,0,0,0,0,1,0,0
1,15,52,From Throw In,Portugal,3869254,0 days 00:15:52,0,0,0,0,0,0,1,0,0
1,15,55,From Throw In,Portugal,3869254,0 days 00:15:55,0,0,0,0,0,0,1,0,0
1,16,2,From Throw In,Portugal,3869254,0 days 00:16:02,0,0,0,0,0,0,1,0,0
1,16,4,From Throw In,Portugal,3869254,0 days 00:16:04,0,0,0,0,0,0,1,0,0
1,16,8,From Throw In,Portugal,3869254,0 days 00:16:08,0,0,0,0,0,0,1,0,0
1,16,9,From Throw In,Switzerland,3869254,0 days 00:16:09,0,1,0,0,0,0,0,0,0
1,16,13,From Throw In,Portugal,3869254,0 days 00:16:13,0,0,0,0,0,0,1,0,0
1,16,16,From Throw In,Portugal,3869254,0 days 00:16:16,0,0,0,0,0,0,1,0,0
1,16,18,From Throw In,Portugal,3869254,0 days 00:16:18,0,0,0,0,0,0,1,0,0
1,16,22,From Throw In,Portugal,3869254,0 days 00:16:22,0,0,0,0,0,0,1,0,0
1,16,22,From Throw In,Switzerland,3869254,0 days 00:16:22,0,1,0,0,0,0,0,0,0
1,16,24,From Throw In,Portugal,3869254,0 days 00:16:24,1,0,0,0,0,0,0,0,0
1,16,25,From Throw In,Switzerland,3869254,0 days 00:16:25,1,0,0,0,0,0,0,0,0
1,16,38,From Throw In,Portugal,3869254,0 days 00:16:38,0,0,0,0,0,0,1,0,0
1,16,41,From Throw In,Portugal,3869254,0 days 00:16:41,0,0,0,0,0,0,1,0,0
1,16,43,From Throw In,Portugal,3869254,0 days 00:16:43,0,0,0,0,0,0,0,1,0
1,18,8,From Kick Off,Switzerland,3869254,0 days 00:18:08,0,0,0,0,0,0,1,0,0
1,18,9,From Kick Off,Switzerland,3869254,0 days 00:18:09,0,0,0,0,0,0,1,0,0
1,18,14,From Kick Off,Switzerland,3869254,0 days 00:18:14,0,0,0,0,0,0,1,0,0
1,18,16,From Kick Off,Switzerland,3869254,0 days 00:18:16,0,0,0,0,0,0,1,0,0
1,18,21,From Kick Off,Switzerland,3869254,0 days 00:18:21,0,0,0,0,0,0,1,0,0
1,18,22,From Kick Off,Switzerland,3869254,0 days 00:18:22,0,0,0,0,0,0,1,0,0
1,18,38,From Throw In,Portugal,3869254,0 days 00:18:38,0,0,0,0,0,0,1,0,0
1,19,3,From Throw In,Switzerland,3869254,0 days 00:19:03,0,0,0,0,0,0,1,0,0
1,19,4,From Throw In,Portugal,3869254,0 days 00:19:04,0,1,0,0,0,0,0,0,0
1,19,6,From Throw In,Switzerland,3869254,0 days 00:19:06,0,0,0,0,0,0,1,0,0
1,19,7,From Throw In,Switzerland,3869254,0 days 00:19:07,0,0,0,0,0,0,1,0,0
1,19,11,From Throw In,Switzerland,3869254,0 days 00:19:11,0,0,0,0,0,0,1,0,0
1,19,12,Regular Play,Portugal,3869254,0 days 00:19:12,0,0,0,0,0,1,0,0,0
1,19,13,Regular Play,Portugal,3869254,0 days 00:19:13,0,0,0,0,0,0,1,0,0
1,19,14,Regular Play,Switzerland,3869254,0 days 00:19:14,0,0,0,0,0,1,0,0,0
1,19,15,Regular Play,Switzerland,3869254,0 days 00:19:15,0,0,0,0,0,0,1,0,0
1,19,16,Regular Play,Switzerland,3869254,0 days 00:19:16,1,0,0,0,0,0,0,0,0
1,19,18,Regular Play,Switzerland,3869254,0 days 00:19:18,0,0,0,0,1,0,0,0,0
1,20,8,From Free Kick,Portugal,3869254,0 days 00:20:08,0,0,0,0,0,0,1,0,0
1,20,10,From Free Kick,Portugal,3869254,0 days 00:20:10,0,0,0,0,0,0,1,0,0
1,20,13,From Free Kick,Portugal,3869254,0 days 00:20:13,0,0,0,0,0,0,1,0,0
1,20,15,From Free Kick,Portugal,3869254,0 days 00:20:15,0,0,0,0,0,0,1,0,0
1,20,19,From Free Kick,Switzerland,3869254,0 days 00:20:19,0,0,0,0,0,0,1,0,0
1,20,21,From Free Kick,Portugal,3869254,0 days 00:20:21,0,0,0,0,0,0,1,0,0
1,20,22,From Free Kick,Portugal,3869254,0 days 00:20:22,0,0,0,0,0,0,1,0,0
1,20,23,From Free Kick,Portugal,3869254,0 days 00:20:23,0,0,0,0,0,0,1,0,0
1,20,25,From Free Kick,Portugal,3869254,0 days 00:20:25,0,0,0,0,0,0,1,0,0
1,20,27,From Free Kick,Portugal,3869254,0 days 00:20:27,0,0,0,0,0,0,1,0,0
1,20,33,From Free Kick,Portugal,3869254,0 days 00:20:33,0,0,0,0,0,0,1,0,0
1,20,36,From Free Kick,Portugal,3869254,0 days 00:20:36,0,0,0,0,0,0,1,0,0
1,20,40,From Free Kick,Portugal,3869254,0 days 00:20:40,0,0,0,0,0,0,1,0,0
1,20,41,From Free Kick,Switzerland,3869254,0 days 00:20:41,0,1,0,0,0,0,0,0,0
1,20,43,From Free Kick,Portugal,3869254,0 days 00:20:43,1,0,0,0,0,0,0,0,0
1,20,46,From Free Kick,Portugal,3869254,0 days 00:20:46,0,0,0,0,0,0,1,0,0
1,20,51,From Free Kick,Portugal,3869254,0 days 00:20:51,0,0,0,0,0,0,1,0,0
1,20,53,From Free Kick,Portugal,3869254,0 days 00:20:53,0,0,0,0,0,0,1,0,0
1,20,58,From Free Kick,Portugal,3869254,0 days 00:20:58,0,0,0,0,0,0,1,0,0
1,20,59,From Free Kick,Portugal,3869254,0 days 00:20:59,0,0,0,0,0,0,1,0,0
1,21,0,From Free Kick,Portugal,3869254,0 days 00:21:00,0,0,0,0,0,0,1,0,0
1,21,1,From Free Kick,Portugal,3869254,0 days 00:21:01,0,0,0,0,0,0,1,0,0
1,21,3,From Free Kick,Portugal,3869254,0 days 00:21:03,0,0,0,0,0,0,0,1,0
1,21,18,From Keeper,Switzerland,3869254,0 days 00:21:18,0,0,0,0,0,0,1,0,0
1,21,19,From Keeper,Switzerland,3869254,0 days 00:21:19,0,0,0,0,0,0,1,0,0
1,21,23,From Keeper,Portugal,3869254,0 days 00:21:23,0,0,0,0,0,1,0,0,0
1,21,25,From Keeper,Portugal,3869254,0 days 00:21:25,0,0,0,0,0,0,1,0,0
1,21,37,From Throw In,Switzerland,3869254,0 days 00:21:37,0,0,0,0,0,0,1,0,0
1,21,38,From Throw In,Switzerland,3869254,0 days 00:21:38,0,0,0,0,0,0,1,0,0
1,21,41,From Throw In,Switzerland,3869254,0 days 00:21:41,0,0,0,0,0,0,1,0,0
1,21,42,Regular Play,Portugal,3869254,0 days 00:21:42,0,0,0,0,0,0,1,0,0
1,21,43,Regular Play,Portugal,3869254,0 days 00:21:43,0,0,0,0,0,0,1,0,0
1,21,46,Regular Play,Portugal,3869254,0 days 00:21:46,0,0,0,1,0,0,0,0,0
1,21,46,Regular Play,Portugal,3869254,0 days 00:21:46,0,0,0,0,0,0,1,0,0
1,21,48,Regular Play,Portugal,3869254,0 days 00:21:48,0,0,0,0,0,0,1,0,0
1,21,49,Regular Play,Portugal,3869254,0 days 00:21:49,0,0,0,0,0,0,1,0,0
1,21,53,Regular Play,Portugal,3869254,0 days 00:21:53,0,0,0,1,0,0,0,0,0
1,21,53,Regular Play,Switzerland,3869254,0 days 00:21:53,0,0,0,0,0,0,0,0,1
1,21,54,Regular Play,Portugal,3869254,0 days 00:21:54,1,0,0,0,0,0,0,0,0
1,21,54,Regular Play,Portugal,3869254,0 days 00:21:54,0,0,0,0,0,0,0,1,0
1,12,1,From Free Kick,Argentina,3869321,0 days 00:12:01,0,0,0,0,0,0,1,0,0
1,12,4,From Free Kick,Argentina,3869321,0 days 00:12:04,0,0,0,0,0,0,1,0,0
1,12,7,From Free Kick,Argentina,3869321,0 days 00:12:07,0,0,0,0,0,0,1,0,0
1,12,9,From Free Kick,Netherlands,3869321,0 days 00:12:09,1,0,0,0,0,0,0,0,0
1,12,11,From Free Kick,Netherlands,3869321,0 days 00:12:11,0,0,0,1,0,0,0,0,0
1,12,12,From Free Kick,Argentina,3869321,0 days 00:12:12,1,0,0,0,0,0,0,0,0
1,12,12,From Free Kick,Argentina,3869321,0 days 00:12:12,0,0,1,0,0,0,0,0,0
1,12,12,From Free Kick,Netherlands,3869321,0 days 00:12:12,0,0,0,0,0,0,0,0,1
1,12,14,From Free Kick,Argentina,3869321,0 days 00:12:14,0,0,0,0,0,0,1,0,0
1,12,21,From Free Kick,Argentina,3869321,0 days 00:12:21,0,0,0,0,0,0,1,0,0
1,12,24,From Free Kick,Argentina,3869321,0 days 00:12:24,0,0,0,0,0,0,1,0,0
1,12,27,From Free Kick,Argentina,3869321,0 days 00:12:27,0,0,0,0,0,0,1,0,0
1,12,27,From Free Kick,Argentina,3869321,0 days 00:12:27,0,0,0,0,0,0,1,0,0
1,12,28,From Free Kick,Argentina,3869321,0 days 00:12:28,0,0,0,0,0,0,1,0,0
1,12,31,From Free Kick,Argentina,3869321,0 days 00:12:31,0,0,0,0,0,0,1,0,0
1,12,34,From Free Kick,Argentina,3869321,0 days 00:12:34,0,0,0,0,0,0,1,0,0
1,12,37,From Free Kick,Argentina,3869321,0 days 00:12:37,0,0,0,0,0,0,1,0,0
1,12,43,From Free Kick,Argentina,3869321,0 days 00:12:43,0,0,0,0,0,0,1,0,0
1,12,44,From Counter,Netherlands,3869321,0 days 00:12:44,1,0,0,0,0,0,0,0,0
1,12,46,From Counter,Netherlands,3869321,0 days 00:12:46,0,0,0,0,0,0,1,0,0
1,12,52,From Counter,Netherlands,3869321,0 days 00:12:52,0,0,0,1,0,0,0,0,0
1,12,54,From Counter,Netherlands,3869321,0 days 00:12:54,1,0,0,0,0,0,0,0,0
1,12,54,From Counter,Argentina,3869321,0 days 00:12:54,0,0,0,0,1,0,0,0,0
1,13,36,From Free Kick,Netherlands,3869321,0 days 00:13:36,0,0,0,0,0,0,1,0,0
1,13,37,From Free Kick,Netherlands,3869321,0 days 00:13:37,0,0,0,0,0,0,1,0,0
1,13,40,From Free Kick,Netherlands,3869321,0 days 00:13:40,0,0,0,0,0,0,1,0,0
1,13,44,From Free Kick,Netherlands,3869321,0 days 00:13:44,0,0,0,0,0,0,1,0,0
1,13,46,From Free Kick,Netherlands,3869321,0 days 00:13:46,0,0,0,0,0,0,1,0,0
1,13,50,From Free Kick,Netherlands,3869321,0 days 00:13:50,0,0,0,0,0,0,1,0,0
1,13,54,From Free Kick,Netherlands,3869321,0 days 00:13:54,0,0,0,0,0,0,1,0,0
1,13,57,From Free Kick,Netherlands,3869321,0 days 00:13:57,0,0,0,0,0,0,1,0,0
1,13,59,From Free Kick,Netherlands,3869321,0 days 00:13:59,0,0,0,0,0,0,1,0,0
1,14,0,From Free Kick,Netherlands,3869321,0 days 00:14:00,0,0,0,0,0,0,1,0,0
1,14,3,Regular Play,Argentina,3869321,0 days 00:14:03,0,0,0,0,0,0,1,0,0
1,14,10,Regular Play,Argentina,3869321,0 days 00:14:10,0,0,0,0,0,0,1,0,0
1,14,15,Regular Play,Argentina,3869321,0 days 00:14:15,0,0,0,0,0,0,1,0,0
1,14,18,Regular Play,Argentina,3869321,0 days 00:14:18,0,0,0,0,0,0,1,0,0
1,14,23,Regular Play,Argentina,3869321,0 days 00:14:23,0,0,0,0,0,0,1,0,0
1,14,26,Regular Play,Argentina,3869321,0 days 00:14:26,0,0,0,0,0,0,1,0,0
1,14,27,Regular Play,Argentina,3869321,0 days 00:14:27,0,0,0,0,0,0,1,0,0
1,14,31,Regular Play,Argentina,3869321,0 days 00:14:31,0,0,0,0,0,0,1,0,0
1,14,35,Regular Play,Argentina,3869321,0 days 00:14:35,0,0,0,0,0,0,1,0,0
1,14,38,Regular Play,Netherlands,3869321,0 days 00:14:38,1,0,0,0,0,0,0,0,0
1,14,40,Regular Play,Netherlands,3869321,0 days 00:14:40,0,0,0,0,0,0,1,0,0
1,14,43,Regular Play,Netherlands,3869321,0 days 00:14:43,0,0,0,0,0,0,1,0,0
1,14,44,Regular Play,Netherlands,3869321,0 days 00:14:44,0,0,0,0,0,0,1,0,0
1,14,46,Regular Play,Argentina,3869321,0 days 00:14:46,0,0,0,0,0,0,1,0,0
1,14,47,Regular Play,Argentina,3869321,0 days 00:14:47,0,0,0,0,0,0,1,0,0
1,14,47,Regular Play,Netherlands,3869321,0 days 00:14:47,0,1,0,0,0,0,0,0,0
1,14,49,Regular Play,Netherlands,3869321,0 days 00:14:49,1,0,0,0,0,0,0,0,0
1,14,50,Regular Play,Netherlands,3869321,0 days 00:14:50,0,0,0,0,0,0,1,0,0
1,14,53,Regular Play,Netherlands,3869321,0 days 00:14:53,0,0,0,0,0,0,1,0,0
1,14,56,Regular Play,Netherlands,3869321,0 days 00:14:56,0,0,0,0,0,0,1,0,0
1,15,1,Regular Play,Netherlands,3869321,0 days 00:15:01,0,0,0,0,0,0,1,0,0
1,15,3,Regular Play,Netherlands,3869321,0 days 00:15:03,0,0,0,0,0,0,1,0,0
1,15,5,Regular Play,Netherlands,3869321,0 days 00:15:05,0,0,0,0,0,0,1,0,0
1,15,8,Regular Play,Netherlands,3869321,0 days 00:15:08,0,0,0,0,0,0,1,0,0
1,15,10,Regular Play,Netherlands,3869321,0 days 00:15:10,0,0,0,0,0,0,1,0,0
1,15,13,Regular Play,Argentina,3869321,0 days 00:15:13,0,0,0,0,0,0,1,0,0
1,15,15,Regular Play,Argentina,3869321,0 days 00:15:15,0,0,0,0,0,0,1,0,0
1,15,18,Regular Play,Argentina,3869321,0 days 00:15:18,0,0,0,0,0,0,1,0,0
1,15,20,Regular Play,Argentina,3869321,0 days 00:15:20,0,0,0,0,0,0,1,0,0
1,15,23,Regular Play,Netherlands,3869321,0 days 00:15:23,0,0,0,0,0,0,1,0,0
1,15,26,Regular Play,Netherlands,3869321,0 days 00:15:26,0,0,0,0,0,0,1,0,0
1,15,28,Regular Play,Netherlands,3869321,0 days 00:15:28,0,0,0,0,0,0,1,0,0
1,15,29,Regular Play,Netherlands,3869321,0 days 00:15:29,0,0,0,0,0,0,1,0,0
1,15,32,Regular Play,Netherlands,3869321,0 days 00:15:32,0,0,0,0,0,0,1,0,0
1,15,35,Regular Play,Netherlands,3869321,0 days 00:15:35,0,0,0,0,0,0,1,0,0
1,15,37,Regular Play,Netherlands,3869321,0 days 00:15:37,0,0,0,0,0,0,1,0,0
1,15,38,Regular Play,Netherlands,3869321,0 days 00:15:38,0,0,0,0,0,0,1,0,0
1,15,43,Regular Play,Netherlands,3869321,0 days 00:15:43,0,0,0,0,0,0,1,0,0
1,15,47,Regular Play,Netherlands,3869321,0 days 00:15:47,0,0,0,0,0,0,1,0,0
1,15,50,Regular Play,Netherlands,3869321,0 days 00:15:50,0,0,0,0,0,0,1,0,0
1,15,56,Regular Play,Netherlands,3869321,0 days 00:15:56,0,0,0,0,0,0,1,0,0
1,15,59,Regular Play,Netherlands,3869321,0 days 00:15:59,0,0,0,0,0,0,1,0,0
1,16,8,Regular Play,Netherlands,3869321,0 days 00:16:08,0,0,0,0,0,0,1,0,0
1,16,9,Regular Play,Netherlands,3869321,0 days 00:16:09,0,0,0,0,0,0,1,0,0
1,16,16,Regular Play,Netherlands,3869321,0 days 00:16:16,0,0,0,0,0,0,1,0,0
1,16,20,Regular Play,Netherlands,3869321,0 days 00:16:20,0,0,0,0,0,0,1,0,0
1,16,21,Regular Play,Netherlands,3869321,0 days 00:16:21,0,0,0,0,0,0,1,0,0
1,16,24,Regular Play,Argentina,3869321,0 days 00:16:24,1,0,0,0,0,0,0,0,0
1,16,25,Regular Play,Argentina,3869321,0 days 00:16:25,0,0,0,0,0,0,1,0,0
1,16,25,Regular Play,Netherlands,3869321,0 days 00:16:25,0,0,0,0,0,1,0,0,0
1,16,26,Regular Play,Netherlands,3869321,0 days 00:16:26,0,0,1,0,0,0,0,0,0
1,16,26,Regular Play,Argentina,3869321,0 days 00:16:26,0,0,0,0,0,0,0,0,1
1,16,27,Regular Play,Netherlands,3869321,0 days 00:16:27,0,0,0,0,0,0,1,0,0
1,16,37,From Throw In,Netherlands,3869321,0 days 00:16:37,0,0,0,0,0,0,1,0,0
1,16,40,From Throw In,Netherlands,3869321,0 days 00:16:40,0,0,0,0,0,0,1,0,0
1,16,42,From Throw In,Netherlands,3869321,0 days 00:16:42,0,0,0,0,0,0,1,0,0
1,16,43,From Throw In,Netherlands,3869321,0 days 00:16:43,0,0,0,0,0,0,1,0,0
1,16,48,From Throw In,Netherlands,3869321,0 days 00:16:48,0,0,0,0,0,0,1,0,0
1,16,53,From Throw In,Netherlands,3869321,0 days 00:16:53,0,0,0,0,0,0,1,0,0
1,16,56,From Throw In,Netherlands,3869321,0 days 00:16:56,0,0,0,0,0,0,1,0,0
1,16,58,From Throw In,Netherlands,3869321,0 days 00:16:58,0,0,0,0,0,0,1,0,0
1,17,3,From Throw In,Netherlands,3869321,0 days 00:17:03,0,0,0,0,0,0,1,0,0
1,17,3,From Throw In,Netherlands,3869321,0 days 00:17:03,0,0,0,0,0,0,1,0,0
1,17,9,From Throw In,Netherlands,3869321,0 days 00:17:09,0,0,0,0,0,0,1,0,0
1,17,12,From Throw In,Netherlands,3869321,0 days 00:17:12,0,0,0,0,0,0,1,0,0
1,17,25,From Keeper,Argentina,3869321,0 days 00:17:25,0,0,0,0,0,0,1,0,0
1,17,26,From Keeper,Argentina,3869321,0 days 00:17:26,0,0,0,0,0,0,1,0,0
1,17,29,From Keeper,Argentina,3869321,0 days 00:17:29,0,0,0,0,0,0,1,0,0
1,17,32,From Keeper,Netherlands,3869321,0 days 00:17:32,0,1,0,0,0,0,0,0,0
1,17,34,From Keeper,Argentina,3869321,0 days 00:17:34,1,0,0,0,0,0,0,0,0
1,17,36,From Keeper,Argentina,3869321,0 days 00:17:36,0,0,0,1,0,0,0,0,0
1,17,36,Regular Play,Netherlands,3869321,0 days 00:17:36,0,0,0,0,0,0,0,0,1
1,17,37,Regular Play,Netherlands,3869321,0 days 00:17:37,0,0,0,0,0,0,1,0,0
1,17,38,Regular Play,Netherlands,3869321,0 days 00:17:38,0,0,0,0,0,0,1,0,0
1,17,42,Regular Play,Netherlands,3869321,0 days 00:17:42,0,0,0,0,0,0,1,0,0
1,17,45,Regular Play,Netherlands,3869321,0 days 00:17:45,0,0,0,0,0,0,1,0,0
1,17,47,Regular Play,Netherlands,3869321,0 days 00:17:47,0,0,0,0,0,0,1,0,0
1,17,49,Regular Play,Netherlands,3869321,0 days 00:17:49,0,0,0,0,0,0,1,0,0
1,17,54,Regular Play,Netherlands,3869321,0 days 00:17:54,0,0,0,0,0,0,1,0,0
1,18,0,Regular Play,Netherlands,3869321,0 days 00:18:00,0,0,0,0,0,0,1,0,0
1,18,2,Regular Play,Netherlands,3869321,0 days 00:18:02,0,0,0,0,0,0,1,0,0
1,18,6,Regular Play,Netherlands,3869321,0 days 00:18:06,0,0,0,0,0,0,1,0,0
1,18,8,Regular Play,Netherlands,3869321,0 days 00:18:08,0,0,0,0,0,0,1,0,0
1,18,11,Regular Play,Netherlands,3869321,0 days 00:18:11,0,0,0,0,0,0,1,0,0
1,18,12,Regular Play,Netherlands,3869321,0 days 00:18:12,0,0,0,0,0,0,1,0,0
1,18,14,Regular Play,Netherlands,3869321,0 days 00:18:14,0,0,0,0,0,0,1,0,0
1,18,16,Regular Play,Netherlands,3869321,0 days 00:18:16,0,0,0,0,0,0,1,0,0
1,18,17,Regular Play,Netherlands,3869321,0 days 00:18:17,0,0,0,0,0,0,1,0,0
1,18,20,Regular Play,Netherlands,3869321,0 days 00:18:20,0,0,0,0,0,0,1,0,0
1,18,21,Regular Play,Netherlands,3869321,0 days 00:18:21,0,0,0,0,0,0,1,0,0
1,18,21,Regular Play,Argentina,3869321,0 days 00:18:21,0,0,0,0,0,0,1,0,0
1,18,23,Regular Play,Netherlands,3869321,0 days 00:18:23,1,0,0,0,0,0,0,0,0
1,18,24,Regular Play,Netherlands,3869321,0 days 00:18:24,0,0,0,0,0,0,1,0,0
1,18,31,Regular Play,Netherlands,3869321,0 days 00:18:31,0,0,0,0,0,0,1,0,0
1,18,33,Regular Play,Netherlands,3869321,0 days 00:18:33,0,0,0,0,0,0,1,0,0
1,18,33,Regular Play,Netherlands,3869321,0 days 00:18:33,0,0,0,0,1,0,0,0,0
1,19,22,From Free Kick,Argentina,3869321,0 days 00:19:22,0,0,0,0,0,0,1,0,0
1,19,24,From Free Kick,Argentina,3869321,0 days 00:19:24,0,0,0,0,0,0,1,0,0
1,19,25,From Free Kick,Netherlands,3869321,0 days 00:19:25,0,1,0,0,0,0,0,0,0
1,19,28,From Free Kick,Argentina,3869321,0 days 00:19:28,0,1,0,0,0,0,0,0,0
1,19,49,From Throw In,Netherlands,3869321,0 days 00:19:49,0,0,0,0,0,0,1,0,0
1,19,53,From Throw In,Netherlands,3869321,0 days 00:19:53,0,0,0,0,0,0,1,0,0
1,19,55,From Throw In,Netherlands,3869321,0 days 00:19:55,0,0,0,0,0,0,1,0,0
1,19,57,From Throw In,Netherlands,3869321,0 days 00:19:57,0,0,0,0,0,0,1,0,0
1,19,59,From Throw In,Netherlands,3869321,0 days 00:19:59,0,0,0,0,0,0,1,0,0
1,20,2,From Throw In,Netherlands,3869321,0 days 00:20:02,0,0,0,0,0,0,1,0,0
1,20,10,From Throw In,Netherlands,3869321,0 days 00:20:10,0,0,0,1,0,0,0,0,0
1,20,10,From Throw In,Argentina,3869321,0 days 00:20:10,0,0,0,0,0,0,0,0,1
1,20,36,From Corner,Netherlands,3869321,0 days 00:20:36,0,0,0,0,0,0,1,0,0
1,20,38,From Corner,Netherlands,3869321,0 days 00:20:38,0,0,0,0,0,0,1,0,0
1,20,40,From Corner,Netherlands,3869321,0 days 00:20:40,0,0,0,0,0,0,1,0,0
1,20,40,From Corner,Argentina,3869321,0 days 00:20:40,0,1,0,0,0,0,0,0,0
1,20,43,From Corner,Netherlands,3869321,0 days 00:20:43,1,0,0,0,0,0,0,0,0
1,20,46,From Corner,Netherlands,3869321,0 days 00:20:46,1,0,0,0,0,0,0,0,0
1,20,47,From Corner,Netherlands,3869321,0 days 00:20:47,0,0,0,0,0,0,1,0,0
1,20,48,From Corner,Netherlands,3869321,0 days 00:20:48,0,0,0,0,0,0,1,0,0
1,20,49,From Corner,Netherlands,3869321,0 days 00:20:49,0,0,0,0,0,0,1,0,0
1,20,50,Regular Play,Argentina,3869321,0 days 00:20:50,0,0,0,0,0,1,0,0,0
1,20,52,Regular Play,Argentina,3869321,0 days 00:20:52,0,0,0,0,0,0,1,0,0
1,20,54,Regular Play,Argentina,3869321,0 days 00:20:54,0,0,0,0,0,0,1,0,0
1,20,55,Regular Play,Netherlands,3869321,0 days 00:20:55,0,0,0,0,0,1,0,0,0
1,20,56,Regular Play,Netherlands,3869321,0 days 00:20:56,0,1,0,0,0,0,0,0,0
1,21,8,From Throw In,Argentina,3869321,0 days 00:21:08,0,0,0,0,0,0,1,0,0
1,21,9,From Throw In,Argentina,3869321,0 days 00:21:09,0,0,0,0,0,0,1,0,0
1,21,10,From Throw In,Netherlands,3869321,0 days 00:21:10,0,0,0,0,0,0,1,0,0
1,21,11,From Throw In,Argentina,3869321,0 days 00:21:11,0,0,0,0,0,1,0,0,0
1,21,12,From Throw In,Argentina,3869321,0 days 00:21:12,0,0,0,0,0,0,1,0,0
1,21,13,From Throw In,Argentina,3869321,0 days 00:21:13,0,0,0,0,0,0,1,0,0
1,21,15,From Throw In,Argentina,3869321,0 days 00:21:15,0,0,0,0,0,0,1,0,0
1,21,18,From Throw In,Netherlands,3869321,0 days 00:21:18,0,0,0,0,0,1,0,0,0
1,21,19,From Throw In,Netherlands,3869321,0 days 00:21:19,0,0,0,0,0,0,1,0,0
1,21,21,From Throw In,Netherlands,3869321,0 days 00:21:21,0,0,0,0,0,0,1,0,0
1,21,30,From Throw In,Argentina,3869321,0 days 00:21:30,0,0,0,0,0,0,1,0,0
1,21,33,From Throw In,Argentina,3869321,0 days 00:21:33,0,0,0,0,0,0,1,0,0
1,21,34,From Throw In,Argentina,3869321,0 days 00:21:34,0,0,0,1,0,0,0,0,0
1,21,36,From Throw In,Argentina,3869321,0 days 00:21:36,0,0,0,0,0,0,0,1,0
1,21,56,From Goal Kick,Netherlands,3869321,0 days 00:21:56,0,0,0,0,0,0,1,0,0
1,21,59,From Goal Kick,Netherlands,3869321,0 days 00:21:59,0,0,0,0,0,0,1,0,0
1,12,4,Regular Play,France,3869354,0 days 00:12:04,0,0,0,0,0,0,1,0,0
1,12,7,Regular Play,France,3869354,0 days 00:12:07,0,0,0,0,0,0,1,0,0
1,12,8,Regular Play,France,3869354,0 days 00:12:08,0,0,0,0,0,0,1,0,0
1,12,11,Regular Play,France,3869354,0 days 00:12:11,0,0,0,0,0,0,1,0,0
1,12,13,Regular Play,France,3869354,0 days 00:12:13,0,0,0,0,0,0,1,0,0
1,12,17,Regular Play,France,3869354,0 days 00:12:17,0,0,0,0,0,0,1,0,0
1,12,23,Regular Play,France,3869354,0 days 00:12:23,0,0,0,0,0,0,1,0,0
1,12,33,Regular Play,France,3869354,0 days 00:12:33,0,0,0,0,0,0,1,0,0
1,12,36,Regular Play,France,3869354,0 days 00:12:36,0,0,0,0,0,0,1,0,0
1,12,38,Regular Play,France,3869354,0 days 00:12:38,0,0,0,0,0,0,1,0,0
1,12,42,Regular Play,France,3869354,0 days 00:12:42,0,0,0,0,0,0,1,0,0
1,12,46,Regular Play,France,3869354,0 days 00:12:46,0,0,0,0,0,0,1,0,0
1,12,51,Regular Play,France,3869354,0 days 00:12:51,0,0,0,0,0,0,1,0,0
1,12,55,Regular Play,France,3869354,0 days 00:12:55,0,0,0,0,0,0,1,0,0
1,12,56,Regular Play,France,3869354,0 days 00:12:56,0,0,0,0,0,0,1,0,0
1,12,59,Regular Play,France,3869354,0 days 00:12:59,0,0,0,0,0,0,1,0,0
1,13,2,Regular Play,France,3869354,0 days 00:13:02,0,0,0,0,0,0,1,0,0
1,13,5,Regular Play,France,3869354,0 days 00:13:05,0,0,0,0,0,0,1,0,0
1,13,6,Regular Play,France,3869354,0 days 00:13:06,0,0,1,0,0,0,0,0,0
1,13,6,Regular Play,England,3869354,0 days 00:13:06,0,0,0,0,0,0,0,0,1
1,13,9,Regular Play,England,3869354,0 days 00:13:09,1,0,0,0,0,0,0,0,0
1,13,13,Regular Play,England,3869354,0 days 00:13:13,0,0,0,0,0,0,1,0,0
1,13,16,Regular Play,England,3869354,0 days 00:13:16,0,0,0,0,0,0,1,0,0
1,13,19,Regular Play,England,3869354,0 days 00:13:19,0,0,0,0,0,0,1,0,0
1,13,22,Regular Play,England,3869354,0 days 00:13:22,0,0,0,0,0,0,1,0,0
1,13,27,Regular Play,England,3869354,0 days 00:13:27,0,0,0,0,0,0,1,0,0
1,13,30,Regular Play,England,3869354,0 days 00:13:30,0,0,0,0,0,0,1,0,0
1,13,34,Regular Play,England,3869354,0 days 00:13:34,0,0,0,0,0,0,1,0,0
1,13,35,Regular Play,England,3869354,0 days 00:13:35,0,0,0,0,0,0,1,0,0
1,13,38,Regular Play,England,3869354,0 days 00:13:38,0,0,0,0,0,0,1,0,0
1,13,38,Regular Play,England,3869354,0 days 00:13:38,0,0,0,0,0,0,1,0,0
1,13,43,Regular Play,England,3869354,0 days 00:13:43,0,0,0,0,0,0,1,0,0
1,13,45,Regular Play,England,3869354,0 days 00:13:45,0,0,0,0,0,0,1,0,0
1,13,50,Regular Play,England,3869354,0 days 00:13:50,0,0,0,0,0,0,1,0,0
1,13,54,Regular Play,England,3869354,0 days 00:13:54,0,0,0,0,0,0,1,0,0
1,13,58,Regular Play,England,3869354,0 days 00:13:58,0,0,0,0,0,0,1,0,0
1,14,1,Regular Play,England,3869354,0 days 00:14:01,0,0,0,0,0,0,1,0,0
1,14,5,Regular Play,England,3869354,0 days 00:14:05,0,0,0,0,0,0,1,0,0
1,14,7,Regular Play,England,3869354,0 days 00:14:07,0,0,0,0,0,0,1,0,0
1,14,10,Regular Play,England,3869354,0 days 00:14:10,0,0,0,0,0,0,1,0,0
1,14,10,Regular Play,France,3869354,0 days 00:14:10,0,0,0,0,0,1,0,0,0
1,14,16,Regular Play,France,3869354,0 days 00:14:16,0,0,0,0,0,0,1,0,0
1,14,17,Regular Play,France,3869354,0 days 00:14:17,0,0,0,0,0,0,1,0,0
1,14,49,From Goal Kick,England,3869354,0 days 00:14:49,0,0,0,0,0,0,1,0,0
1,14,54,From Goal Kick,England,3869354,0 days 00:14:54,0,0,0,0,0,0,1,0,0
1,14,57,From Goal Kick,England,3869354,0 days 00:14:57,0,0,0,0,0,0,1,0,0
1,14,59,From Goal Kick,England,3869354,0 days 00:14:59,0,0,0,0,0,0,1,0,0
1,15,3,From Goal Kick,England,3869354,0 days 00:15:03,0,0,0,0,0,0,1,0,0
1,15,8,From Goal Kick,England,3869354,0 days 00:15:08,0,0,0,0,0,0,1,0,0
1,15,12,From Goal Kick,England,3869354,0 days 00:15:12,0,0,0,0,0,0,1,0,0
1,15,14,From Goal Kick,England,3869354,0 days 00:15:14,0,0,0,0,0,0,1,0,0
1,15,18,From Goal Kick,England,3869354,0 days 00:15:18,0,0,0,0,0,0,1,0,0
1,15,20,From Goal Kick,England,3869354,0 days 00:15:20,0,0,0,0,0,0,1,0,0
1,15,27,From Goal Kick,England,3869354,0 days 00:15:27,0,0,0,0,0,0,1,0,0
1,15,29,From Goal Kick,England,3869354,0 days 00:15:29,0,0,0,0,0,0,1,0,0
1,15,32,From Goal Kick,England,3869354,0 days 00:15:32,0,0,0,0,0,0,1,0,0
1,15,35,From Goal Kick,England,3869354,0 days 00:15:35,0,0,0,0,0,0,1,0,0
1,15,37,From Goal Kick,England,3869354,0 days 00:15:37,0,0,0,0,0,0,1,0,0
1,15,39,From Goal Kick,England,3869354,0 days 00:15:39,0,0,0,0,0,0,1,0,0
1,15,43,From Goal Kick,England,3869354,0 days 00:15:43,0,0,0,0,0,0,1,0,0
1,15,48,From Goal Kick,England,3869354,0 days 00:15:48,0,0,0,0,0,0,1,0,0
1,15,51,From Goal Kick,England,3869354,0 days 00:15:51,0,0,0,0,0,0,1,0,0
1,15,55,From Goal Kick,England,3869354,0 days 00:15:55,0,0,0,0,0,0,1,0,0
1,15,59,Regular Play,France,3869354,0 days 00:15:59,1,0,0,0,0,0,0,0,0
1,16,2,Regular Play,France,3869354,0 days 00:16:02,0,0,0,0,0,0,1,0,0
1,16,8,Regular Play,France,3869354,0 days 00:16:08,0,0,0,0,0,0,1,0,0
1,16,11,Regular Play,France,3869354,0 days 00:16:11,0,0,0,0,0,0,1,0,0
1,16,12,Regular Play,France,3869354,0 days 00:16:12,0,0,0,1,0,0,0,0,0
1,16,14,Regular Play,France,3869354,0 days 00:16:14,0,0,0,0,0,0,1,0,0
1,16,19,Regular Play,France,3869354,0 days 00:16:19,0,0,0,0,0,0,1,0,0
1,16,21,Regular Play,France,3869354,0 days 00:16:21,0,0,0,0,0,0,1,0,0
1,16,22,Regular Play,France,3869354,0 days 00:16:22,0,0,0,0,0,0,0,1,0
1,17,55,From Kick Off,England,3869354,0 days 00:17:55,0,0,0,0,0,0,1,0,0
1,17,56,From Kick Off,England,3869354,0 days 00:17:56,0,0,0,0,0,0,1,0,0
1,18,0,From Kick Off,England,3869354,0 days 00:18:00,0,0,0,0,0,0,1,0,0
1,18,5,From Kick Off,England,3869354,0 days 00:18:05,0,0,0,0,0,0,1,0,0
1,18,8,From Kick Off,England,3869354,0 days 00:18:08,0,0,0,0,0,0,1,0,0
1,18,10,From Kick Off,England,3869354,0 days 00:18:10,0,0,0,0,0,0,1,0,0
1,18,18,From Kick Off,England,3869354,0 days 00:18:18,0,0,0,0,0,0,1,0,0
1,18,19,From Kick Off,England,3869354,0 days 00:18:19,0,0,0,0,0,0,1,0,0
1,18,24,From Kick Off,England,3869354,0 days 00:18:24,0,0,0,0,0,0,1,0,0
1,18,28,From Kick Off,England,3869354,0 days 00:18:28,0,0,0,0,0,0,1,0,0
1,18,34,From Kick Off,England,3869354,0 days 00:18:34,0,0,0,0,0,0,1,0,0
1,18,36,From Kick Off,England,3869354,0 days 00:18:36,0,0,0,0,0,0,1,0,0
1,18,43,From Kick Off,France,3869354,0 days 00:18:43,0,0,0,0,1,0,0,0,0
1,20,8,From Free Kick,England,3869354,0 days 00:20:08,0,0,0,0,0,0,0,1,0
1,20,19,From Keeper,France,3869354,0 days 00:20:19,0,0,0,0,0,0,1,0,0
1,20,21,Regular Play,France,3869354,0 days 00:20:21,0,0,0,0,0,0,1,0,0
1,20,26,Regular Play,France,3869354,0 days 00:20:26,0,0,0,0,0,0,1,0,0
1,20,29,Regular Play,France,3869354,0 days 00:20:29,0,0,0,0,0,0,1,0,0
1,20,31,Regular Play,France,3869354,0 days 00:20:31,0,0,0,0,0,0,1,0,0
1,20,44,From Throw In,England,3869354,0 days 00:20:44,0,0,0,0,0,0,1,0,0
1,20,47,From Throw In,England,3869354,0 days 00:20:47,0,0,0,0,0,0,1,0,0
1,20,54,From Throw In,England,3869354,0 days 00:20:54,0,0,0,0,0,0,1,0,0
1,20,56,From Throw In,England,3869354,0 days 00:20:56,0,0,0,0,0,0,1,0,0
1,21,3,From Throw In,England,3869354,0 days 00:21:03,0,0,0,0,0,0,1,0,0
1,21,10,From Throw In,England,3869354,0 days 00:21:10,0,0,0,0,0,0,1,0,0
1,21,13,From Throw In,England,3869354,0 days 00:21:13,0,0,0,0,0,0,1,0,0
1,21,15,From Throw In,England,3869354,0 days 00:21:15,0,0,0,0,0,0,1,0,0
1,21,17,From Throw In,England,3869354,0 days 00:21:17,0,0,0,1,0,0,0,0,0
1,21,20,From Throw In,England,3869354,0 days 00:21:20,0,0,0,0,0,0,1,0,0
1,21,22,From Throw In,England,3869354,0 days 00:21:22,0,0,0,0,0,0,1,0,0
1,21,27,From Throw In,England,3869354,0 days 00:21:27,0,0,0,0,0,0,1,0,0
1,21,29,From Throw In,England,3869354,0 days 00:21:29,0,0,0,0,0,0,0,1,0
1,21,31,From Throw In,England,3869354,0 days 00:21:31,0,0,0,0,0,0,1,0,0
1,21,33,From Throw In,England,3869354,0 days 00:21:33,0,0,0,0,0,0,0,1,0
1,21,35,From Throw In,France,3869354,0 days 00:21:35,0,0,0,0,0,0,1,0,0
1,21,38,From Throw In,France,3869354,0 days 00:21:38,0,0,1,0,0,0,0,0,0
1,21,38,From Throw In,England,3869354,0 days 00:21:38,0,0,0,0,0,0,0,0,1
1,21,54,From Throw In,England,3869354,0 days 00:21:54,0,0,0,0,0,0,1,0,0
1,12,0,From Throw In,Croatia,3869420,0 days 00:12:00,0,0,0,0,0,0,1,0,0
1,12,3,From Throw In,Croatia,3869420,0 days 00:12:03,0,0,0,0,0,0,1,0,0
1,12,4,From Throw In,Croatia,3869420,0 days 00:12:04,0,0,0,0,0,0,0,1,0
1,12,51,From Goal Kick,Brazil,3869420,0 days 00:12:51,0,0,0,0,0,0,1,0,0
1,12,55,From Goal Kick,Brazil,3869420,0 days 00:12:55,0,0,0,0,0,0,1,0,0
1,12,58,From Goal Kick,Brazil,3869420,0 days 00:12:58,0,0,0,0,0,0,1,0,0
1,13,1,From Goal Kick,Brazil,3869420,0 days 00:13:01,0,0,0,0,0,0,1,0,0
1,13,4,From Goal Kick,Brazil,3869420,0 days 00:13:04,0,0,1,0,0,0,0,0,0
1,13,4,Regular Play,Croatia,3869420,0 days 00:13:04,0,0,0,0,0,0,0,0,1
1,13,8,Regular Play,Croatia,3869420,0 days 00:13:08,0,0,0,0,0,0,1,0,0
1,13,43,From Corner,Croatia,3869420,0 days 00:13:43,0,0,0,0,0,0,1,0,0
1,13,44,From Corner,Brazil,3869420,0 days 00:13:44,0,1,0,0,0,0,0,0,0
1,13,49,From Corner,Croatia,3869420,0 days 00:13:49,1,0,0,0,0,0,0,0,0
1,13,51,From Corner,Croatia,3869420,0 days 00:13:51,0,0,0,0,0,0,1,0,0
1,13,55,From Corner,Croatia,3869420,0 days 00:13:55,0,0,0,0,0,0,1,0,0
1,13,59,From Corner,Brazil,3869420,0 days 00:13:59,1,0,0,0,0,0,0,0,0
1,14,0,From Corner,Brazil,3869420,0 days 00:14:00,0,0,0,0,0,0,1,0,0
1,14,3,From Corner,Brazil,3869420,0 days 00:14:03,0,0,1,0,0,0,0,0,0
1,14,3,From Corner,Croatia,3869420,0 days 00:14:03,0,0,0,0,0,0,0,0,1
1,14,8,From Corner,Croatia,3869420,0 days 00:14:08,0,0,0,0,0,0,1,0,0
1,14,10,From Corner,Brazil,3869420,0 days 00:14:10,0,1,0,0,0,0,0,0,0
1,14,12,From Corner,Brazil,3869420,0 days 00:14:12,0,1,0,0,0,0,0,0,0
1,14,15,Regular Play,Brazil,3869420,0 days 00:14:15,1,0,0,0,0,0,0,0,0
1,14,17,Regular Play,Brazil,3869420,0 days 00:14:17,0,0,0,1,0,0,0,0,0
1,14,17,Regular Play,Croatia,3869420,0 days 00:14:17,0,0,0,0,0,0,0,0,1
1,14,30,From Throw In,Brazil,3869420,0 days 00:14:30,0,0,0,0,0,0,1,0,0
1,14,40,From Throw In,Brazil,3869420,0 days 00:14:40,0,0,0,0,0,0,1,0,0
1,14,41,From Throw In,Brazil,3869420,0 days 00:14:41,0,0,0,0,0,0,1,0,0
1,14,45,From Throw In,Brazil,3869420,0 days 00:14:45,0,0,0,0,0,0,1,0,0
1,14,47,From Throw In,Brazil,3869420,0 days 00:14:47,0,0,0,0,0,0,1,0,0
1,14,51,From Throw In,Brazil,3869420,0 days 00:14:51,0,0,0,0,0,0,1,0,0
1,14,54,From Throw In,Brazil,3869420,0 days 00:14:54,0,0,0,0,0,0,1,0,0
1,14,55,From Throw In,Brazil,3869420,0 days 00:14:55,0,0,0,0,0,0,1,0,0
1,14,59,From Throw In,Brazil,3869420,0 days 00:14:59,0,0,0,0,0,0,1,0,0
1,15,2,From Throw In,Brazil,3869420,0 days 00:15:02,0,0,0,0,0,0,1,0,0
1,15,5,From Throw In,Brazil,3869420,0 days 00:15:05,0,0,0,0,0,0,1,0,0
1,15,7,From Throw In,Brazil,3869420,0 days 00:15:07,0,0,0,0,0,0,1,0,0
1,15,10,From Throw In,Brazil,3869420,0 days 00:15:10,0,0,0,0,0,0,1,0,0
1,15,11,From Throw In,Brazil,3869420,0 days 00:15:11,0,0,0,0,0,0,1,0,0
1,15,13,From Throw In,Brazil,3869420,0 days 00:15:13,0,0,0,0,0,0,1,0,0
1,15,15,From Throw In,Brazil,3869420,0 days 00:15:15,0,0,0,0,0,0,1,0,0
1,15,16,From Throw In,Brazil,3869420,0 days 00:15:16,0,0,0,0,0,0,1,0,0
1,15,19,From Throw In,Brazil,3869420,0 days 00:15:19,0,0,0,0,0,0,1,0,0
1,15,25,From Throw In,Brazil,3869420,0 days 00:15:25,0,0,0,0,0,0,1,0,0
1,15,26,From Throw In,Brazil,3869420,0 days 00:15:26,0,0,0,0,0,0,1,0,0
1,15,43,From Goal Kick,Croatia,3869420,0 days 00:15:43,0,0,0,0,0,0,1,0,0
1,15,45,From Goal Kick,Croatia,3869420,0 days 00:15:45,0,0,0,0,0,0,1,0,0
1,15,53,From Goal Kick,Croatia,3869420,0 days 00:15:53,0,0,0,0,0,0,1,0,0
1,15,55,From Goal Kick,Croatia,3869420,0 days 00:15:55,0,0,0,0,0,0,1,0,0
1,15,57,From Goal Kick,Croatia,3869420,0 days 00:15:57,0,0,0,0,0,0,1,0,0
1,16,0,From Goal Kick,Croatia,3869420,0 days 00:16:00,0,0,0,1,0,0,0,0,0
1,16,1,Regular Play,Brazil,3869420,0 days 00:16:01,0,0,0,0,0,0,1,0,0
1,16,4,Regular Play,Brazil,3869420,0 days 00:16:04,0,0,0,0,0,0,1,0,0
1,16,5,Regular Play,Brazil,3869420,0 days 00:16:05,0,0,0,0,0,0,1,0,0
1,16,12,Regular Play,Brazil,3869420,0 days 00:16:12,0,0,0,0,0,0,1,0,0
1,16,15,Regular Play,Brazil,3869420,0 days 00:16:15,0,0,0,0,0,0,1,0,0
1,16,18,Regular Play,Brazil,3869420,0 days 00:16:18,0,0,0,0,0,0,1,0,0
1,16,20,Regular Play,Brazil,3869420,0 days 00:16:20,0,0,0,0,0,0,1,0,0
1,16,24,Regular Play,Brazil,3869420,0 days 00:16:24,0,0,0,0,0,0,1,0,0
1,16,27,Regular Play,Brazil,3869420,0 days 00:16:27,0,0,0,0,0,0,1,0,0
1,16,31,Regular Play,Brazil,3869420,0 days 00:16:31,0,0,0,0,0,0,1,0,0
1,16,33,Regular Play,Brazil,3869420,0 days 00:16:33,0,0,0,0,0,0,1,0,0
1,16,34,Regular Play,Brazil,3869420,0 days 00:16:34,0,0,0,0,0,0,1,0,0
1,16,36,Regular Play,Brazil,3869420,0 days 00:16:36,0,0,0,0,0,0,1,0,0
1,16,38,Regular Play,Brazil,3869420,0 days 00:16:38,0,0,0,0,0,0,1,0,0
1,16,41,Regular Play,Brazil,3869420,0 days 00:16:41,0,0,0,0,0,0,1,0,0
1,16,43,Regular Play,Brazil,3869420,0 days 00:16:43,0,0,0,0,0,0,1,0,0
1,16,46,Regular Play,Brazil,3869420,0 days 00:16:46,0,0,0,0,0,0,1,0,0
1,16,50,Regular Play,Brazil,3869420,0 days 00:16:50,0,0,0,0,0,0,1,0,0
1,16,53,Regular Play,Brazil,3869420,0 days 00:16:53,0,0,0,0,0,0,1,0,0
1,16,58,Regular Play,Brazil,3869420,0 days 00:16:58,0,0,0,0,0,0,1,0,0
1,17,1,Regular Play,Brazil,3869420,0 days 00:17:01,0,0,0,1,0,0,0,0,0
1,17,2,Regular Play,Brazil,3869420,0 days 00:17:02,0,0,0,0,0,0,1,0,0
1,17,4,Regular Play,Croatia,3869420,0 days 00:17:04,0,0,0,0,0,0,1,0,0
1,17,8,Regular Play,Croatia,3869420,0 days 00:17:08,0,0,0,0,0,0,1,0,0
1,17,10,Regular Play,Croatia,3869420,0 days 00:17:10,0,0,0,0,0,0,1,0,0
1,17,12,Regular Play,Croatia,3869420,0 days 00:17:12,0,0,0,0,0,0,1,0,0
1,17,14,Regular Play,Croatia,3869420,0 days 00:17:14,0,0,0,0,0,0,1,0,0
1,17,16,Regular Play,Croatia,3869420,0 days 00:17:16,0,0,0,0,0,0,1,0,0
1,17,23,From Throw In,Brazil,3869420,0 days 00:17:23,0,0,0,0,0,0,1,0,0
1,17,27,From Throw In,Brazil,3869420,0 days 00:17:27,0,0,0,0,0,0,1,0,0
1,17,31,From Throw In,Brazil,3869420,0 days 00:17:31,0,0,0,0,0,0,1,0,0
1,17,36,From Throw In,Brazil,3869420,0 days 00:17:36,0,0,0,0,0,0,1,0,0
1,17,38,From Throw In,Croatia,3869420,0 days 00:17:38,0,1,0,0,0,0,0,0,0
1,17,40,From Throw In,Brazil,3869420,0 days 00:17:40,1,0,0,0,0,0,0,0,0
1,17,40,From Throw In,Brazil,3869420,0 days 00:17:40,0,0,0,0,0,0,1,0,0
1,17,44,From Throw In,Brazil,3869420,0 days 00:17:44,0,0,1,0,0,0,0,0,0
1,17,44,From Throw In,Croatia,3869420,0 days 00:17:44,0,0,0,0,0,0,0,0,1
1,17,50,From Throw In,Brazil,3869420,0 days 00:17:50,0,0,0,0,0,0,1,0,0
1,17,52,From Throw In,Brazil,3869420,0 days 00:17:52,0,0,0,0,0,0,1,0,0
1,17,54,From Throw In,Brazil,3869420,0 days 00:17:54,0,0,0,0,0,0,1,0,0
1,17,58,From Throw In,Brazil,3869420,0 days 00:17:58,0,0,1,0,0,0,0,0,0
1,17,58,Regular Play,Croatia,3869420,0 days 00:17:58,0,0,0,0,0,0,0,0,1
1,18,2,Regular Play,Croatia,3869420,0 days 00:18:02,0,0,0,0,0,0,1,0,0
1,18,3,Regular Play,Croatia,3869420,0 days 00:18:03,0,0,0,0,0,0,1,0,0
1,18,10,Regular Play,Croatia,3869420,0 days 00:18:10,0,0,0,0,0,0,1,0,0
1,18,14,Regular Play,Croatia,3869420,0 days 00:18:14,0,0,0,0,0,0,1,0,0
1,18,18,Regular Play,Croatia,3869420,0 days 00:18:18,0,0,0,0,0,0,1,0,0
1,18,21,Regular Play,Croatia,3869420,0 days 00:18:21,0,0,0,0,0,0,1,0,0
1,18,26,Regular Play,Croatia,3869420,0 days 00:18:26,0,0,0,0,0,0,0,1,0
1,18,28,Regular Play,Croatia,3869420,0 days 00:18:28,0,0,0,0,0,0,1,0,0
1,18,34,Regular Play,Croatia,3869420,0 days 00:18:34,0,0,0,0,0,0,1,0,0
1,18,38,Regular Play,Croatia,3869420,0 days 00:18:38,0,0,0,0,0,0,1,0,0
1,18,46,Regular Play,Croatia,3869420,0 days 00:18:46,0,0,0,0,0,0,1,0,0
1,18,50,Regular Play,Croatia,3869420,0 days 00:18:50,0,0,0,0,0,0,1,0,0
1,18,54,Regular Play,Croatia,3869420,0 days 00:18:54,0,0,0,0,0,0,1,0,0
1,18,55,Regular Play,Croatia,3869420,0 days 00:18:55,0,0,0,0,0,0,1,0,0
1,18,58,Regular Play,Croatia,3869420,0 days 00:18:58,0,0,0,0,0,0,1,0,0
1,19,0,Regular Play,Croatia,3869420,0 days 00:19:00,0,0,0,0,0,0,1,0,0
1,19,3,Regular Play,Croatia,3869420,0 days 00:19:03,0,0,0,0,0,0,1,0,0
1,19,5,Regular Play,Brazil,3869420,0 days 00:19:05,1,0,0,0,0,0,0,0,0
1,19,7,Regular Play,Brazil,3869420,0 days 00:19:07,0,0,0,0,0,0,1,0,0
1,19,9,Regular Play,Brazil,3869420,0 days 00:19:09,0,0,0,0,0,0,1,0,0
1,19,14,Regular Play,Brazil,3869420,0 days 00:19:14,0,0,0,0,0,0,1,0,0
1,19,17,Regular Play,Brazil,3869420,0 days 00:19:17,0,0,0,0,0,0,1,0,0
1,19,18,Regular Play,Brazil,3869420,0 days 00:19:18,0,0,0,0,0,0,1,0,0
1,19,22,Regular Play,Brazil,3869420,0 days 00:19:22,0,0,0,0,0,0,1,0,0
1,19,24,Regular Play,Brazil,3869420,0 days 00:19:24,0,0,0,0,0,0,1,0,0
1,19,27,Regular Play,Brazil,3869420,0 days 00:19:27,0,0,0,0,0,0,1,0,0
1,19,31,Regular Play,Brazil,3869420,0 days 00:19:31,0,0,0,0,0,0,1,0,0
1,19,33,Regular Play,Brazil,3869420,0 days 00:19:33,0,0,0,0,0,0,1,0,0
1,19,36,Regular Play,Brazil,3869420,0 days 00:19:36,0,0,0,0,0,0,1,0,0
1,19,39,Regular Play,Brazil,3869420,0 days 00:19:39,0,0,0,0,0,0,1,0,0
1,19,41,Regular Play,Brazil,3869420,0 days 00:19:41,0,0,0,0,0,0,1,0,0
1,19,49,Regular Play,Brazil,3869420,0 days 00:19:49,0,0,0,0,0,0,1,0,0
1,19,50,Regular Play,Brazil,3869420,0 days 00:19:50,0,0,0,0,0,0,1,0,0
1,19,51,Regular Play,Brazil,3869420,0 days 00:19:51,0,0,0,0,0,0,0,1,0
1,19,53,Regular Play,Croatia,3869420,0 days 00:19:53,0,1,0,0,0,0,0,0,0
1,19,56,Regular Play,Brazil,3869420,0 days 00:19:56,1,0,0,0,0,0,0,0,0
1,19,57,Regular Play,Brazil,3869420,0 days 00:19:57,0,0,0,0,0,0,1,0,0
1,20,4,Regular Play,Brazil,3869420,0 days 00:20:04,0,0,0,0,0,0,0,1,0
1,20,27,From Keeper,Croatia,3869420,0 days 00:20:27,0,0,0,0,0,0,1,0,0
1,20,30,Regular Play,Croatia,3869420,0 days 00:20:30,0,0,0,0,0,0,1,0,0
1,20,32,Regular Play,Brazil,3869420,0 days 00:20:32,0,0,0,0,0,0,1,0,0
1,20,35,Regular Play,Brazil,3869420,0 days 00:20:35,0,0,0,0,0,0,1,0,0
1,20,37,Regular Play,Brazil,3869420,0 days 00:20:37,0,0,0,0,0,0,1,0,0
1,20,39,Regular Play,Croatia,3869420,0 days 00:20:39,1,0,0,0,0,0,0,0,0
1,20,54,Regular Play,Croatia,3869420,0 days 00:20:54,0,0,0,0,0,0,1,0,0
1,20,59,Regular Play,Croatia,3869420,0 days 00:20:59,0,0,0,0,0,0,1,0,0
1,21,0,Regular Play,Croatia,3869420,0 days 00:21:00,0,0,0,0,0,0,1,0,0
1,21,4,Regular Play,Brazil,3869420,0 days 00:21:04,1,0,0,0,0,0,0,0,0
1,21,7,Regular Play,Brazil,3869420,0 days 00:21:07,0,0,0,0,0,0,1,0,0
1,21,10,Regular Play,Brazil,3869420,0 days 00:21:10,0,0,0,0,0,0,1,0,0
1,21,11,Regular Play,Brazil,3869420,0 days 00:21:11,0,0,0,0,0,0,1,0,0
1,21,13,Regular Play,Brazil,3869420,0 days 00:21:13,0,0,0,0,0,0,1,0,0
1,21,13,Regular Play,Brazil,3869420,0 days 00:21:13,0,0,0,0,0,0,1,0,0
1,21,16,Regular Play,Brazil,3869420,0 days 00:21:16,0,0,0,0,0,0,1,0,0
1,21,20,Regular Play,Brazil,3869420,0 days 00:21:20,0,0,0,0,0,0,1,0,0
1,21,22,Regular Play,Brazil,3869420,0 days 00:21:22,0,0,0,0,0,0,1,0,0
1,21,24,Regular Play,Brazil,3869420,0 days 00:21:24,0,0,0,1,0,0,0,0,0
1,21,25,Regular Play,Croatia,3869420,0 days 00:21:25,0,0,0,0,0,0,1,0,0
1,21,26,Regular Play,Croatia,3869420,0 days 00:21:26,0,0,0,0,0,0,1,0,0
1,21,26,Regular Play,Croatia,3869420,0 days 00:21:26,0,0,0,0,0,0,1,0,0
1,21,27,Regular Play,Croatia,3869420,0 days 00:21:27,0,0,0,0,0,0,1,0,0
1,21,29,Regular Play,Croatia,3869420,0 days 00:21:29,0,0,0,0,0,0,1,0,0
1,21,32,Regular Play,Croatia,3869420,0 days 00:21:32,0,0,0,0,0,0,1,0,0
1,21,36,Regular Play,Croatia,3869420,0 days 00:21:36,0,0,0,0,0,0,1,0,0
1,21,41,Regular Play,Croatia,3869420,0 days 00:21:41,0,0,0,0,0,0,1,0,0
1,21,43,Regular Play,Croatia,3869420,0 days 00:21:43,0,0,0,0,0,0,1,0,0
1,21,50,Regular Play,Croatia,3869420,0 days 00:21:50,0,0,0,0,0,0,1,0,0
1,21,53,Regular Play,Croatia,3869420,0 days 00:21:53,0,0,0,0,0,0,1,0,0
1,21,57,Regular Play,Brazil,3869420,0 days 00:21:57,0,0,0,0,0,0,1,0,0
1,12,22,From Free Kick,Portugal,3869486,0 days 00:12:22,0,0,0,0,0,0,1,0,0
1,12,24,From Free Kick,Portugal,3869486,0 days 00:12:24,0,0,0,0,0,0,1,0,0
1,12,26,From Free Kick,Portugal,3869486,0 days 00:12:26,1,0,0,0,0,0,0,0,0
1,12,26,From Free Kick,Portugal,3869486,0 days 00:12:26,0,0,0,0,0,0,0,1,0
1,12,29,From Free Kick,Portugal,3869486,0 days 00:12:29,0,0,0,0,0,0,1,0,0
1,12,30,From Free Kick,Morocco,3869486,0 days 00:12:30,0,1,0,0,0,0,0,0,0
1,12,32,From Free Kick,Portugal,3869486,0 days 00:12:32,0,0,0,0,0,0,1,0,0
1,12,33,From Free Kick,Morocco,3869486,0 days 00:12:33,0,0,0,0,0,1,0,0,0
1,12,35,From Free Kick,Portugal,3869486,0 days 00:12:35,0,0,0,0,0,0,1,0,0
1,13,17,From Goal Kick,Morocco,3869486,0 days 00:13:17,0,0,0,0,0,0,1,0,0
1,13,21,From Goal Kick,Morocco,3869486,0 days 00:13:21,0,0,0,0,0,0,1,0,0
1,13,22,From Goal Kick,Morocco,3869486,0 days 00:13:22,0,0,0,0,0,0,1,0,0
1,13,24,From Goal Kick,Morocco,3869486,0 days 00:13:24,0,0,0,1,0,0,0,0,0
1,13,26,Regular Play,Portugal,3869486,0 days 00:13:26,1,0,0,0,0,0,0,0,0
1,13,27,Regular Play,Portugal,3869486,0 days 00:13:27,0,0,0,0,0,0,1,0,0
1,13,31,Regular Play,Portugal,3869486,0 days 00:13:31,0,0,0,0,0,0,1,0,0
1,13,35,Regular Play,Portugal,3869486,0 days 00:13:35,0,0,0,0,0,0,1,0,0
1,13,38,Regular Play,Portugal,3869486,0 days 00:13:38,0,0,0,0,0,0,1,0,0
1,13,40,Regular Play,Portugal,3869486,0 days 00:13:40,0,0,0,0,0,0,1,0,0
1,13,48,Regular Play,Portugal,3869486,0 days 00:13:48,0,0,0,0,0,0,1,0,0
1,13,50,Regular Play,Portugal,3869486,0 days 00:13:50,0,0,0,0,0,0,1,0,0
1,13,56,Regular Play,Portugal,3869486,0 days 00:13:56,0,0,0,0,0,0,1,0,0
1,13,59,Regular Play,Portugal,3869486,0 days 00:13:59,0,0,0,0,0,0,1,0,0
1,14,27,From Throw In,Morocco,3869486,0 days 00:14:27,0,0,0,0,0,0,1,0,0
1,14,28,From Throw In,Morocco,3869486,0 days 00:14:28,0,0,0,0,0,0,1,0,0
1,14,29,From Throw In,Morocco,3869486,0 days 00:14:29,0,0,0,0,0,0,1,0,0
1,14,34,Regular Play,Portugal,3869486,0 days 00:14:34,0,0,0,0,0,0,1,0,0
1,14,37,Regular Play,Portugal,3869486,0 days 00:14:37,0,0,0,0,0,0,1,0,0
1,14,39,Regular Play,Portugal,3869486,0 days 00:14:39,0,0,0,0,0,0,1,0,0
1,14,42,Regular Play,Portugal,3869486,0 days 00:14:42,0,0,0,0,0,0,1,0,0
1,14,47,Regular Play,Portugal,3869486,0 days 00:14:47,0,0,0,0,0,0,1,0,0
1,14,52,Regular Play,Portugal,3869486,0 days 00:14:52,0,0,0,0,0,0,1,0,0
1,14,54,Regular Play,Portugal,3869486,0 days 00:14:54,0,0,0,0,0,0,1,0,0
1,14,55,Regular Play,Morocco,3869486,0 days 00:14:55,1,0,0,0,0,0,0,0,0
1,14,56,Regular Play,Morocco,3869486,0 days 00:14:56,0,0,0,0,0,0,1,0,0
1,14,57,Regular Play,Portugal,3869486,0 days 00:14:57,1,0,0,0,0,0,0,0,0
1,14,58,Regular Play,Portugal,3869486,0 days 00:14:58,0,0,0,0,0,0,1,0,0
1,15,0,Regular Play,Portugal,3869486,0 days 00:15:00,0,0,0,0,0,0,1,0,0
1,15,3,Regular Play,Portugal,3869486,0 days 00:15:03,0,0,0,0,0,0,1,0,0
1,15,7,Regular Play,Portugal,3869486,0 days 00:15:07,0,0,0,0,0,0,1,0,0
1,15,11,Regular Play,Portugal,3869486,0 days 00:15:11,0,0,0,0,0,0,1,0,0
1,15,15,Regular Play,Portugal,3869486,0 days 00:15:15,0,0,0,0,0,0,1,0,0
1,15,40,From Throw In,Morocco,3869486,0 days 00:15:40,0,0,0,0,0,0,1,0,0
1,15,42,From Throw In,Morocco,3869486,0 days 00:15:42,0,0,0,0,0,0,1,0,0
1,15,45,From Throw In,Morocco,3869486,0 days 00:15:45,0,0,0,1,0,0,0,0,0
1,15,45,Regular Play,Portugal,3869486,0 days 00:15:45,0,0,0,0,0,0,0,0,1
1,15,47,Regular Play,Portugal,3869486,0 days 00:15:47,1,0,0,0,0,0,0,0,0
1,15,49,Regular Play,Portugal,3869486,0 days 00:15:49,0,0,0,0,0,0,1,0,0
1,15,51,Regular Play,Portugal,3869486,0 days 00:15:51,0,0,0,0,0,0,1,0,0
1,15,55,Regular Play,Portugal,3869486,0 days 00:15:55,0,0,0,0,0,0,1,0,0
1,16,0,Regular Play,Portugal,3869486,0 days 00:16:00,0,0,0,0,0,0,1,0,0
1,16,3,Regular Play,Portugal,3869486,0 days 00:16:03,0,0,0,0,0,0,1,0,0
1,16,8,Regular Play,Portugal,3869486,0 days 00:16:08,0,0,0,0,0,0,1,0,0
1,16,12,Regular Play,Portugal,3869486,0 days 00:16:12,0,0,0,0,0,0,1,0,0
1,16,15,Regular Play,Portugal,3869486,0 days 00:16:15,0,0,0,0,0,0,1,0,0
1,16,19,Regular Play,Morocco,3869486,0 days 00:16:19,1,0,0,0,0,0,0,0,0
1,16,27,Regular Play,Morocco,3869486,0 days 00:16:27,0,0,0,0,0,0,1,0,0
1,16,31,Regular Play,Morocco,3869486,0 days 00:16:31,0,0,0,0,0,0,1,0,0
1,16,34,Regular Play,Morocco,3869486,0 days 00:16:34,0,0,0,0,0,0,1,0,0
1,16,39,Regular Play,Morocco,3869486,0 days 00:16:39,0,0,0,0,0,0,1,0,0
1,16,42,Regular Play,Morocco,3869486,0 days 00:16:42,0,0,0,0,0,0,1,0,0
1,16,44,Regular Play,Portugal,3869486,0 days 00:16:44,1,0,0,0,0,0,0,0,0
1,16,47,Regular Play,Morocco,3869486,0 days 00:16:47,1,0,0,0,0,0,0,0,0
1,16,54,Regular Play,Morocco,3869486,0 days 00:16:54,0,0,0,1,0,0,0,0,0
1,16,55,Regular Play,Morocco,3869486,0 days 00:16:55,0,0,0,0,0,0,1,0,0
1,16,57,Regular Play,Morocco,3869486,0 days 00:16:57,0,0,0,1,0,0,0,0,0
1,16,57,Regular Play,Portugal,3869486,0 days 00:16:57,0,0,0,0,0,0,0,0,1
1,16,59,Regular Play,Portugal,3869486,0 days 00:16:59,0,0,0,0,0,0,1,0,0
1,17,2,Regular Play,Portugal,3869486,0 days 00:17:02,0,0,0,0,0,0,1,0,0
1,17,5,Regular Play,Morocco,3869486,0 days 00:17:05,0,0,0,0,0,0,1,0,0
1,17,7,Regular Play,Portugal,3869486,0 days 00:17:07,0,1,0,0,0,0,0,0,0
1,17,17,From Goal Kick,Morocco,3869486,0 days 00:17:17,0,0,0,0,0,0,1,0,0
1,17,20,From Goal Kick,Morocco,3869486,0 days 00:17:20,0,0,0,0,0,0,1,0,0
1,17,22,From Goal Kick,Morocco,3869486,0 days 00:17:22,0,0,0,0,0,0,1,0,0
1,17,25,From Goal Kick,Morocco,3869486,0 days 00:17:25,0,0,0,0,0,0,1,0,0
1,17,28,From Goal Kick,Morocco,3869486,0 days 00:17:28,0,0,0,0,0,0,1,0,0
1,17,29,Regular Play,Portugal,3869486,0 days 00:17:29,0,0,0,0,0,1,0,0,0
1,17,30,Regular Play,Portugal,3869486,0 days 00:17:30,0,0,0,0,0,0,1,0,0
1,17,32,Regular Play,Portugal,3869486,0 days 00:17:32,0,0,0,0,0,0,1,0,0
1,17,34,Regular Play,Portugal,3869486,0 days 00:17:34,0,0,0,0,0,0,1,0,0
1,17,35,Regular Play,Morocco,3869486,0 days 00:17:35,0,0,0,0,0,0,1,0,0
1,17,37,Regular Play,Morocco,3869486,0 days 00:17:37,0,0,0,0,0,0,1,0,0
1,17,39,Regular Play,Morocco,3869486,0 days 00:17:39,0,0,0,0,0,0,1,0,0
1,17,44,Regular Play,Morocco,3869486,0 days 00:17:44,0,0,0,0,0,0,1,0,0
1,17,49,Regular Play,Morocco,3869486,0 days 00:17:49,0,0,0,0,0,0,0,1,0
1,18,5,From Goal Kick,Portugal,3869486,0 days 00:18:05,0,0,0,0,0,0,1,0,0
1,18,8,From Goal Kick,Portugal,3869486,0 days 00:18:08,0,0,0,0,0,0,1,0,0
1,18,12,From Goal Kick,Portugal,3869486,0 days 00:18:12,0,0,0,0,0,0,1,0,0
1,18,15,From Goal Kick,Portugal,3869486,0 days 00:18:15,0,0,0,0,0,0,1,0,0
1,18,18,From Goal Kick,Portugal,3869486,0 days 00:18:18,0,0,0,0,0,0,1,0,0
1,18,20,From Goal Kick,Portugal,3869486,0 days 00:18:20,0,0,0,0,0,0,1,0,0
1,18,24,From Goal Kick,Portugal,3869486,0 days 00:18:24,0,0,0,0,0,0,1,0,0
1,18,31,From Goal Kick,Portugal,3869486,0 days 00:18:31,0,0,0,0,0,0,1,0,0
1,18,35,From Goal Kick,Portugal,3869486,0 days 00:18:35,0,0,0,0,0,0,1,0,0
1,18,36,From Goal Kick,Portugal,3869486,0 days 00:18:36,0,0,0,0,0,0,1,0,0
1,18,42,From Goal Kick,Portugal,3869486,0 days 00:18:42,0,0,0,0,0,0,1,0,0
1,18,45,From Goal Kick,Portugal,3869486,0 days 00:18:45,0,0,0,0,0,0,1,0,0
1,18,51,From Goal Kick,Portugal,3869486,0 days 00:18:51,0,0,0,0,0,0,1,0,0
1,18,56,From Goal Kick,Portugal,3869486,0 days 00:18:56,0,0,0,0,0,0,1,0,0
1,18,59,From Goal Kick,Portugal,3869486,0 days 00:18:59,0,0,0,0,0,0,1,0,0
1,19,3,From Goal Kick,Portugal,3869486,0 days 00:19:03,0,0,0,0,0,0,1,0,0
1,19,5,From Goal Kick,Portugal,3869486,0 days 00:19:05,0,0,0,0,0,0,1,0,0
1,19,8,From Goal Kick,Morocco,3869486,0 days 00:19:08,0,0,0,0,0,0,1,0,0
1,19,9,From Goal Kick,Portugal,3869486,0 days 00:19:09,1,0,0,0,0,0,0,0,0
1,19,10,Regular Play,Morocco,3869486,0 days 00:19:10,1,0,0,0,0,0,0,0,0
1,19,11,Regular Play,Morocco,3869486,0 days 00:19:11,0,0,0,0,0,0,1,0,0
1,19,15,Regular Play,Morocco,3869486,0 days 00:19:15,0,0,0,0,0,0,1,0,0
1,19,16,Regular Play,Morocco,3869486,0 days 00:19:16,0,0,0,1,0,0,0,0,0
1,19,18,Regular Play,Portugal,3869486,0 days 00:19:18,0,0,0,0,1,0,0,0,0
1,19,52,From Free Kick,Morocco,3869486,0 days 00:19:52,0,0,0,0,0,0,1,0,0
1,19,55,From Free Kick,Portugal,3869486,0 days 00:19:55,0,0,0,0,0,0,1,0,0
1,19,59,From Free Kick,Morocco,3869486,0 days 00:19:59,0,0,0,0,0,0,1,0,0
1,20,0,From Free Kick,Portugal,3869486,0 days 00:20:00,0,0,0,0,0,0,1,0,0
1,20,1,From Free Kick,Portugal,3869486,0 days 00:20:01,0,0,0,0,0,0,1,0,0
1,20,2,From Free Kick,Morocco,3869486,0 days 00:20:02,1,0,0,0,0,0,0,0,0
1,20,4,From Free Kick,Morocco,3869486,0 days 00:20:04,0,0,0,0,0,0,1,0,0
1,20,8,From Free Kick,Morocco,3869486,0 days 00:20:08,0,0,0,0,0,0,1,0,0
1,20,12,From Free Kick,Morocco,3869486,0 days 00:20:12,0,0,0,0,0,0,1,0,0
1,20,14,From Free Kick,Morocco,3869486,0 days 00:20:14,0,0,0,0,0,0,1,0,0
1,20,18,From Free Kick,Morocco,3869486,0 days 00:20:18,0,0,0,0,0,0,1,0,0
1,20,22,From Free Kick,Morocco,3869486,0 days 00:20:22,0,0,0,0,0,0,1,0,0
1,20,26,From Free Kick,Morocco,3869486,0 days 00:20:26,0,0,0,0,0,0,1,0,0
1,20,33,From Free Kick,Morocco,3869486,0 days 00:20:33,0,0,0,0,0,0,1,0,0
1,20,34,From Free Kick,Morocco,3869486,0 days 00:20:34,0,0,0,0,0,0,1,0,0
1,20,38,From Free Kick,Morocco,3869486,0 days 00:20:38,0,0,0,0,0,0,1,0,0
1,20,42,From Keeper,Portugal,3869486,0 days 00:20:42,0,0,0,0,0,0,1,0,0
1,20,45,Regular Play,Morocco,3869486,0 days 00:20:45,1,0,0,0,0,0,0,0,0
1,20,48,Regular Play,Morocco,3869486,0 days 00:20:48,0,0,0,0,0,0,1,0,0
1,20,51,Regular Play,Morocco,3869486,0 days 00:20:51,0,0,0,0,0,0,1,0,0
1,21,22,From Corner,Morocco,3869486,0 days 00:21:22,0,0,0,0,0,0,1,0,0
1,21,23,From Corner,Portugal,3869486,0 days 00:21:23,0,1,0,0,0,0,0,0,0
1,21,42,From Corner,Morocco,3869486,0 days 00:21:42,0,0,0,0,0,0,1,0,0
1,21,45,From Corner,Morocco,3869486,0 days 00:21:45,0,0,0,0,0,0,1,0,0
1,21,46,From Corner,Morocco,3869486,0 days 00:21:46,0,0,0,0,0,0,1,0,0
1,12,1,From Throw In,Croatia,3869519,0 days 00:12:01,0,0,0,0,0,0,1,0,0
1,12,2,From Throw In,Croatia,3869519,0 days 00:12:02,0,0,0,0,0,0,1,0,0
1,12,3,From Throw In,Croatia,3869519,0 days 00:12:03,0,0,0,0,0,0,1,0,0
1,12,5,From Throw In,Croatia,3869519,0 days 00:12:05,0,0,0,0,0,0,1,0,0
1,12,8,From Throw In,Croatia,3869519,0 days 00:12:08,0,0,0,0,0,0,1,0,0
1,12,9,From Throw In,Croatia,3869519,0 days 00:12:09,0,0,0,0,0,0,1,0,0
1,12,13,From Throw In,Croatia,3869519,0 days 00:12:13,0,0,0,0,0,0,1,0,0
1,12,15,From Throw In,Croatia,3869519,0 days 00:12:15,0,0,1,0,0,0,0,0,0
1,12,15,Regular Play,Argentina,3869519,0 days 00:12:15,0,0,0,0,0,0,0,0,1
1,12,16,Regular Play,Argentina,3869519,0 days 00:12:16,1,0,0,0,0,0,0,0,0
1,12,17,Regular Play,Argentina,3869519,0 days 00:12:17,0,0,0,0,0,0,1,0,0
1,12,21,Regular Play,Croatia,3869519,0 days 00:12:21,0,0,0,0,1,0,0,0,0
1,12,33,From Free Kick,Argentina,3869519,0 days 00:12:33,0,0,0,0,0,0,1,0,0
1,12,35,From Free Kick,Argentina,3869519,0 days 00:12:35,0,0,0,0,0,0,1,0,0
1,12,37,From Free Kick,Argentina,3869519,0 days 00:12:37,0,0,0,0,0,0,1,0,0
1,12,40,From Free Kick,Argentina,3869519,0 days 00:12:40,0,0,0,0,0,0,1,0,0
1,12,44,From Free Kick,Argentina,3869519,0 days 00:12:44,0,0,0,0,0,0,1,0,0
1,12,46,From Free Kick,Argentina,3869519,0 days 00:12:46,0,0,0,0,0,0,1,0,0
1,12,49,From Free Kick,Argentina,3869519,0 days 00:12:49,0,0,0,0,0,0,1,0,0
1,12,53,From Free Kick,Argentina,3869519,0 days 00:12:53,0,0,0,0,0,0,1,0,0
1,12,54,Regular Play,Croatia,3869519,0 days 00:12:54,0,0,0,0,0,0,1,0,0
1,12,55,Regular Play,Croatia,3869519,0 days 00:12:55,0,0,0,0,0,0,1,0,0
1,12,56,Regular Play,Croatia,3869519,0 days 00:12:56,0,0,0,0,0,0,1,0,0
1,12,58,Regular Play,Argentina,3869519,0 days 00:12:58,0,0,0,0,0,1,0,0,0
1,13,0,Regular Play,Argentina,3869519,0 days 00:13:00,0,0,0,0,0,0,1,0,0
1,13,2,Regular Play,Argentina,3869519,0 days 00:13:02,0,0,0,0,0,0,1,0,0
1,13,6,Regular Play,Argentina,3869519,0 days 00:13:06,0,0,0,0,0,0,1,0,0
1,13,9,Regular Play,Argentina,3869519,0 days 00:13:09,0,0,0,0,0,0,1,0,0
1,13,11,Regular Play,Croatia,3869519,0 days 00:13:11,1,0,0,0,0,0,0,0,0
1,13,14,Regular Play,Croatia,3869519,0 days 00:13:14,0,0,0,0,0,0,1,0,0
1,13,18,Regular Play,Croatia,3869519,0 days 00:13:18,0,0,0,0,0,0,1,0,0
1,13,21,Regular Play,Croatia,3869519,0 days 00:13:21,0,0,0,0,0,0,1,0,0
1,13,24,Regular Play,Croatia,3869519,0 days 00:13:24,0,0,0,0,0,0,1,0,0
1,13,30,Regular Play,Croatia,3869519,0 days 00:13:30,0,0,0,0,0,0,1,0,0
1,13,32,Regular Play,Croatia,3869519,0 days 00:13:32,0,0,0,0,0,0,1,0,0
1,13,37,Regular Play,Croatia,3869519,0 days 00:13:37,0,0,0,0,0,0,1,0,0
1,13,39,Regular Play,Croatia,3869519,0 days 00:13:39,0,0,0,0,0,0,1,0,0
1,13,44,Regular Play,Croatia,3869519,0 days 00:13:44,0,0,0,0,0,0,1,0,0
1,13,50,Regular Play,Croatia,3869519,0 days 00:13:50,0,0,0,0,0,0,1,0,0
1,13,53,Regular Play,Argentina,3869519,0 days 00:13:53,0,1,0,0,0,0,0,0,0
1,13,56,Regular Play,Argentina,3869519,0 days 00:13:56,0,1,0,0,0,0,0,0,0
1,14,25,From Throw In,Croatia,3869519,0 days 00:14:25,0,0,0,0,0,0,1,0,0
1,14,27,From Throw In,Croatia,3869519,0 days 00:14:27,0,0,0,0,0,0,1,0,0
1,14,29,From Throw In,Argentina,3869519,0 days 00:14:29,0,1,0,0,0,0,0,0,0
1,14,32,From Throw In,Croatia,3869519,0 days 00:14:32,0,0,0,0,0,0,1,0,0
1,14,33,From Throw In,Croatia,3869519,0 days 00:14:33,0,0,0,0,0,0,1,0,0
1,14,34,From Throw In,Croatia,3869519,0 days 00:14:34,0,0,0,0,0,0,1,0,0
1,14,40,From Throw In,Croatia,3869519,0 days 00:14:40,0,0,0,0,0,0,1,0,0
1,14,41,From Throw In,Croatia,3869519,0 days 00:14:41,0,0,0,0,0,0,1,0,0
1,14,46,From Throw In,Croatia,3869519,0 days 00:14:46,0,0,0,0,0,0,1,0,0
1,14,48,From Throw In,Croatia,3869519,0 days 00:14:48,0,0,0,0,0,0,1,0,0
1,14,50,From Throw In,Croatia,3869519,0 days 00:14:50,0,0,0,0,0,0,1,0,0
1,14,52,From Throw In,Croatia,3869519,0 days 00:14:52,0,0,0,0,0,0,1,0,0
1,14,55,From Throw In,Croatia,3869519,0 days 00:14:55,0,0,0,0,0,0,1,0,0
1,14,58,From Throw In,Croatia,3869519,0 days 00:14:58,0,0,0,0,0,0,1,0,0
1,15,3,From Throw In,Croatia,3869519,0 days 00:15:03,0,0,0,0,0,0,1,0,0
1,15,4,From Throw In,Croatia,3869519,0 days 00:15:04,0,0,0,0,0,0,1,0,0
1,15,5,From Throw In,Croatia,3869519,0 days 00:15:05,0,0,0,0,0,0,1,0,0
1,15,5,From Throw In,Argentina,3869519,0 days 00:15:05,0,0,0,0,0,1,0,0,0
1,15,7,From Throw In,Croatia,3869519,0 days 00:15:07,0,0,0,0,0,0,1,0,0
1,15,10,From Throw In,Croatia,3869519,0 days 00:15:10,0,0,0,0,0,0,1,0,0
1,15,12,From Throw In,Croatia,3869519,0 days 00:15:12,1,0,0,0,0,0,0,0,0
1,15,14,From Throw In,Croatia,3869519,0 days 00:15:14,0,0,0,0,0,0,1,0,0
1,15,15,From Throw In,Croatia,3869519,0 days 00:15:15,0,0,0,0,0,0,1,0,0
1,15,45,From Corner,Croatia,3869519,0 days 00:15:45,0,0,0,0,0,0,1,0,0
1,15,46,From Corner,Croatia,3869519,0 days 00:15:46,0,0,0,0,0,0,1,0,0
1,15,48,From Corner,Croatia,3869519,0 days 00:15:48,0,0,0,0,0,0,1,0,0
1,15,49,From Corner,Croatia,3869519,0 days 00:15:49,0,0,0,0,0,0,1,0,0
1,15,52,From Corner,Croatia,3869519,0 days 00:15:52,0,0,0,0,0,0,0,1,0
1,16,51,From Goal Kick,Argentina,3869519,0 days 00:16:51,0,0,0,0,0,0,1,0,0
1,16,57,Regular Play,Croatia,3869519,0 days 00:16:57,1,0,0,0,0,0,0,0,0
1,16,57,Regular Play,Croatia,3869519,0 days 00:16:57,0,0,0,0,0,0,1,0,0
1,17,0,Regular Play,Croatia,3869519,0 days 00:17:00,0,0,0,0,0,0,1,0,0
1,17,4,Regular Play,Croatia,3869519,0 days 00:17:04,0,0,0,0,0,0,1,0,0
1,17,7,Regular Play,Croatia,3869519,0 days 00:17:07,0,0,0,0,0,0,1,0,0
1,17,8,Regular Play,Croatia,3869519,0 days 00:17:08,0,0,0,0,0,0,1,0,0
1,17,9,Regular Play,Argentina,3869519,0 days 00:17:09,0,0,0,0,0,1,0,0,0
1,17,10,Regular Play,Argentina,3869519,0 days 00:17:10,0,0,0,0,0,0,1,0,0
1,17,10,Regular Play,Argentina,3869519,0 days 00:17:10,0,0,0,0,0,0,1,0,0
1,17,11,Regular Play,Croatia,3869519,0 days 00:17:11,1,0,0,0,0,0,0,0,0
1,17,12,Regular Play,Croatia,3869519,0 days 00:17:12,0,0,0,0,0,0,1,0,0
1,17,13,Regular Play,Croatia,3869519,0 days 00:17:13,0,0,0,0,0,0,1,0,0
1,17,14,Regular Play,Croatia,3869519,0 days 00:17:14,0,0,0,0,0,0,1,0,0
1,17,18,Regular Play,Croatia,3869519,0 days 00:17:18,0,0,0,0,0,0,1,0,0
1,17,49,From Goal Kick,Argentina,3869519,0 days 00:17:49,0,0,0,0,0,0,1,0,0
1,17,52,From Goal Kick,Croatia,3869519,0 days 00:17:52,0,0,0,0,0,0,1,0,0
1,17,53,From Goal Kick,Argentina,3869519,0 days 00:17:53,0,0,0,0,0,0,1,0,0
1,17,56,From Goal Kick,Argentina,3869519,0 days 00:17:56,0,0,0,1,0,0,0,0,0
1,17,59,From Goal Kick,Argentina,3869519,0 days 00:17:59,0,0,0,0,0,0,1,0,0
1,18,3,From Goal Kick,Argentina,3869519,0 days 00:18:03,0,0,0,0,0,0,1,0,0
1,18,8,From Goal Kick,Argentina,3869519,0 days 00:18:08,0,0,0,0,0,0,1,0,0
1,18,12,From Goal Kick,Argentina,3869519,0 days 00:18:12,0,0,0,0,0,0,1,0,0
1,18,18,From Goal Kick,Argentina,3869519,0 days 00:18:18,0,0,1,0,0,0,0,0,0
1,18,18,Regular Play,Croatia,3869519,0 days 00:18:18,0,0,0,0,0,0,0,0,1
1,18,19,Regular Play,Croatia,3869519,0 days 00:18:19,1,0,0,0,0,0,0,0,0
1,18,21,Regular Play,Croatia,3869519,0 days 00:18:21,0,0,0,0,0,0,1,0,0
1,18,25,Regular Play,Argentina,3869519,0 days 00:18:25,0,0,0,0,1,0,0,0,0
1,18,45,From Free Kick,Croatia,3869519,0 days 00:18:45,0,0,0,0,0,0,1,0,0
1,18,48,From Free Kick,Croatia,3869519,0 days 00:18:48,0,0,0,0,0,0,1,0,0
1,18,51,From Free Kick,Croatia,3869519,0 days 00:18:51,0,0,0,0,0,0,1,0,0
1,18,53,From Free Kick,Croatia,3869519,0 days 00:18:53,0,0,0,0,0,0,1,0,0
1,18,54,From Free Kick,Croatia,3869519,0 days 00:18:54,0,0,0,0,0,0,1,0,0
1,18,56,From Free Kick,Croatia,3869519,0 days 00:18:56,0,0,0,0,0,0,1,0,0
1,18,59,From Free Kick,Croatia,3869519,0 days 00:18:59,0,0,0,0,0,0,1,0,0
1,19,2,From Free Kick,Croatia,3869519,0 days 00:19:02,0,0,0,0,0,0,1,0,0
1,19,6,From Free Kick,Croatia,3869519,0 days 00:19:06,0,0,0,0,0,0,1,0,0
1,19,10,From Free Kick,Croatia,3869519,0 days 00:19:10,0,0,0,0,0,0,1,0,0
1,19,12,Regular Play,Argentina,3869519,0 days 00:19:12,0,0,0,0,0,0,1,0,0
1,19,14,Regular Play,Argentina,3869519,0 days 00:19:14,0,0,0,0,0,0,1,0,0
1,19,17,Regular Play,Argentina,3869519,0 days 00:19:17,0,0,0,0,0,0,1,0,0
1,19,22,Regular Play,Argentina,3869519,0 days 00:19:22,0,0,0,0,0,0,1,0,0
1,19,28,Regular Play,Argentina,3869519,0 days 00:19:28,0,0,0,0,0,0,1,0,0
1,19,33,Regular Play,Argentina,3869519,0 days 00:19:33,0,0,0,0,0,0,1,0,0
1,19,36,Regular Play,Argentina,3869519,0 days 00:19:36,0,0,0,0,0,0,1,0,0
1,19,39,Regular Play,Argentina,3869519,0 days 00:19:39,0,0,0,0,0,0,1,0,0
1,19,40,Regular Play,Croatia,3869519,0 days 00:19:40,1,0,0,0,0,0,0,0,0
1,19,42,Regular Play,Croatia,3869519,0 days 00:19:42,1,0,0,0,0,0,0,0,0
1,19,42,Regular Play,Croatia,3869519,0 days 00:19:42,0,0,0,1,0,0,0,0,0
1,19,45,Regular Play,Croatia,3869519,0 days 00:19:45,0,0,0,0,0,0,1,0,0
1,19,47,Regular Play,Croatia,3869519,0 days 00:19:47,0,0,0,0,0,0,1,0,0
1,19,49,Regular Play,Croatia,3869519,0 days 00:19:49,0,0,0,0,0,0,1,0,0
1,19,52,Regular Play,Croatia,3869519,0 days 00:19:52,0,0,0,0,0,0,1,0,0
1,19,53,Regular Play,Croatia,3869519,0 days 00:19:53,0,0,0,0,0,0,1,0,0
1,19,54,Regular Play,Croatia,3869519,0 days 00:19:54,0,0,0,0,0,0,1,0,0
1,19,57,Regular Play,Croatia,3869519,0 days 00:19:57,0,0,0,0,0,0,1,0,0
1,19,59,Regular Play,Croatia,3869519,0 days 00:19:59,0,0,0,0,0,0,1,0,0
1,20,22,From Throw In,Argentina,3869519,0 days 00:20:22,0,0,0,0,0,0,1,0,0
1,20,23,From Throw In,Argentina,3869519,0 days 00:20:23,0,0,0,0,0,0,1,0,0
1,20,24,From Throw In,Argentina,3869519,0 days 00:20:24,0,0,0,0,0,0,1,0,0
1,20,26,From Throw In,Argentina,3869519,0 days 00:20:26,0,0,0,0,0,0,1,0,0
1,20,26,From Throw In,Croatia,3869519,0 days 00:20:26,0,0,0,0,0,1,0,0,0
1,20,51,From Throw In,Argentina,3869519,0 days 00:20:51,0,0,0,0,0,0,1,0,0
1,20,51,From Throw In,Argentina,3869519,0 days 00:20:51,0,0,0,0,0,0,1,0,0
1,20,53,From Throw In,Argentina,3869519,0 days 00:20:53,0,0,0,0,0,0,1,0,0
1,20,53,From Throw In,Argentina,3869519,0 days 00:20:53,0,0,0,0,0,0,1,0,0
1,20,54,From Throw In,Argentina,3869519,0 days 00:20:54,0,0,0,0,0,0,1,0,0
1,21,0,From Throw In,Argentina,3869519,0 days 00:21:00,0,0,0,0,0,0,1,0,0
1,21,5,From Throw In,Argentina,3869519,0 days 00:21:05,0,0,0,0,0,0,1,0,0
1,21,6,From Throw In,Argentina,3869519,0 days 00:21:06,0,0,0,0,0,0,1,0,0
1,21,7,From Throw In,Argentina,3869519,0 days 00:21:07,0,0,0,0,0,0,1,0,0
1,21,10,From Throw In,Argentina,3869519,0 days 00:21:10,0,0,0,0,0,0,1,0,0
1,21,15,From Throw In,Argentina,3869519,0 days 00:21:15,0,0,0,0,0,0,1,0,0
1,21,16,From Throw In,Argentina,3869519,0 days 00:21:16,0,0,0,0,0,0,1,0,0
1,21,18,From Throw In,Argentina,3869519,0 days 00:21:18,0,0,0,0,0,0,1,0,0
1,21,19,From Throw In,Argentina,3869519,0 days 00:21:19,0,0,0,0,0,0,1,0,0
1,21,20,From Throw In,Argentina,3869519,0 days 00:21:20,0,0,0,0,0,0,1,0,0
1,21,22,From Throw In,Argentina,3869519,0 days 00:21:22,0,0,0,0,0,0,1,0,0
1,21,23,From Throw In,Croatia,3869519,0 days 00:21:23,0,0,0,0,0,1,0,0,0
1,21,24,From Throw In,Croatia,3869519,0 days 00:21:24,0,0,0,0,0,0,1,0,0
1,21,31,From Throw In,Argentina,3869519,0 days 00:21:31,1,0,0,0,0,0,0,0,0
1,21,34,From Throw In,Argentina,3869519,0 days 00:21:34,0,0,0,0,0,0,1,0,0
1,21,38,From Throw In,Argentina,3869519,0 days 00:21:38,0,0,0,0,0,0,1,0,0
1,21,46,From Throw In,Argentina,3869519,0 days 00:21:46,0,0,0,0,0,0,1,0,0
1,21,50,From Throw In,Argentina,3869519,0 days 00:21:50,0,0,0,0,0,0,1,0,0
1,21,51,From Throw In,Argentina,3869519,0 days 00:21:51,0,0,0,0,0,0,1,0,0
1,21,52,From Throw In,Argentina,3869519,0 days 00:21:52,0,0,0,0,0,0,1,0,0
1,21,53,From Throw In,Argentina,3869519,0 days 00:21:53,0,0,0,0,0,0,1,0,0
1,21,53,From Throw In,Argentina,3869519,0 days 00:21:53,0,0,0,0,0,0,1,0,0
1,21,56,From Throw In,Croatia,3869519,0 days 00:21:56,0,1,0,0,0,0,0,0,0
1,21,56,From Throw In,Argentina,3869519,0 days 00:21:56,1,0,0,0,0,0,0,0,0
1,21,58,From Throw In,Argentina,3869519,0 days 00:21:58,0,0,1,0,0,0,0,0,0
1,21,58,From Throw In,Croatia,3869519,0 days 00:21:58,0,0,0,0,0,0,0,0,1
1,12,5,Regular Play,France,3869552,0 days 00:12:05,0,0,0,0,0,0,1,0,0
1,12,10,Regular Play,France,3869552,0 days 00:12:10,0,0,0,0,0,0,1,0,0
1,12,20,From Throw In,Morocco,3869552,0 days 00:12:20,0,0,0,0,0,0,1,0,0
1,12,23,From Throw In,Morocco,3869552,0 days 00:12:23,0,0,0,0,0,0,1,0,0
1,12,26,From Throw In,Morocco,3869552,0 days 00:12:26,0,0,0,0,0,0,1,0,0
1,12,28,From Throw In,Morocco,3869552,0 days 00:12:28,0,0,0,0,0,0,1,0,0
1,12,33,From Throw In,Morocco,3869552,0 days 00:12:33,0,0,0,0,0,0,1,0,0
1,12,35,From Throw In,Morocco,3869552,0 days 00:12:35,0,0,0,0,0,0,1,0,0
1,12,37,From Throw In,France,3869552,0 days 00:12:37,0,0,0,0,0,0,1,0,0
1,12,39,From Throw In,France,3869552,0 days 00:12:39,0,0,0,0,0,0,1,0,0
1,13,5,From Throw In,Morocco,3869552,0 days 00:13:05,0,0,0,0,0,0,1,0,0
1,13,7,From Throw In,Morocco,3869552,0 days 00:13:07,0,0,0,0,0,0,1,0,0
1,13,8,From Throw In,Morocco,3869552,0 days 00:13:08,0,0,0,0,0,0,1,0,0
1,13,15,From Throw In,Morocco,3869552,0 days 00:13:15,0,0,0,0,0,0,1,0,0
1,13,18,From Throw In,Morocco,3869552,0 days 00:13:18,0,0,0,0,0,0,1,0,0
1,13,20,From Throw In,Morocco,3869552,0 days 00:13:20,0,0,0,0,0,0,1,0,0
1,13,24,From Throw In,Morocco,3869552,0 days 00:13:24,0,0,0,0,0,0,1,0,0
1,13,31,From Throw In,Morocco,3869552,0 days 00:13:31,0,0,0,0,0,0,1,0,0
1,13,36,From Throw In,Morocco,3869552,0 days 00:13:36,0,0,0,0,0,0,1,0,0
1,13,40,From Throw In,Morocco,3869552,0 days 00:13:40,0,0,0,0,0,0,1,0,0
1,13,46,From Throw In,Morocco,3869552,0 days 00:13:46,0,0,0,0,0,0,1,0,0
1,13,49,From Throw In,Morocco,3869552,0 days 00:13:49,0,0,0,0,0,0,1,0,0
1,13,54,From Throw In,France,3869552,0 days 00:13:54,0,0,0,0,1,0,0,0,0
1,14,33,From Free Kick,Morocco,3869552,0 days 00:14:33,0,0,0,0,0,0,1,0,0
1,14,34,From Free Kick,France,3869552,0 days 00:14:34,0,1,0,0,0,0,0,0,0
1,14,38,Regular Play,France,3869552,0 days 00:14:38,1,0,0,0,0,0,0,0,0
1,14,40,Regular Play,France,3869552,0 days 00:14:40,0,0,0,0,0,0,1,0,0
1,14,49,Regular Play,France,3869552,0 days 00:14:49,0,0,0,0,0,0,1,0,0
1,14,54,Regular Play,France,3869552,0 days 00:14:54,0,0,0,0,0,0,1,0,0
1,14,56,Regular Play,France,3869552,0 days 00:14:56,0,0,0,0,0,0,1,0,0
1,15,1,Regular Play,France,3869552,0 days 00:15:01,0,0,0,0,0,0,1,0,0
1,15,4,Regular Play,France,3869552,0 days 00:15:04,0,0,0,0,0,0,1,0,0
1,15,6,Regular Play,France,3869552,0 days 00:15:06,0,0,0,0,0,0,1,0,0
1,15,12,Regular Play,France,3869552,0 days 00:15:12,0,0,0,0,0,0,1,0,0
1,15,16,Regular Play,France,3869552,0 days 00:15:16,0,0,0,0,0,0,1,0,0
1,15,23,Regular Play,France,3869552,0 days 00:15:23,0,0,0,0,0,0,1,0,0
1,15,25,Regular Play,France,3869552,0 days 00:15:25,0,0,0,0,0,0,1,0,0
1,15,27,Regular Play,France,3869552,0 days 00:15:27,0,0,1,0,0,0,0,0,0
1,15,27,Regular Play,Morocco,3869552,0 days 00:15:27,0,0,0,0,0,0,0,0,1
1,15,31,Regular Play,France,3869552,0 days 00:15:31,0,0,0,0,0,0,1,0,0
1,15,33,Regular Play,France,3869552,0 days 00:15:33,0,0,0,0,0,0,1,0,0
1,15,35,Regular Play,France,3869552,0 days 00:15:35,0,0,0,0,0,0,1,0,0
1,15,39,Regular Play,France,3869552,0 days 00:15:39,0,0,0,0,0,0,1,0,0
1,15,41,Regular Play,France,3869552,0 days 00:15:41,0,0,0,0,0,0,1,0,0
1,15,45,Regular Play,France,3869552,0 days 00:15:45,0,0,0,0,0,0,1,0,0
1,15,46,Regular Play,France,3869552,0 days 00:15:46,0,0,1,0,0,0,0,0,0
1,15,46,Regular Play,Morocco,3869552,0 days 00:15:46,0,0,0,0,0,0,0,0,1
1,15,46,Regular Play,Morocco,3869552,0 days 00:15:46,0,0,0,0,0,0,1,0,0
1,15,51,Regular Play,Morocco,3869552,0 days 00:15:51,0,0,0,0,0,0,1,0,0
1,15,54,Regular Play,Morocco,3869552,0 days 00:15:54,0,0,0,0,0,0,1,0,0
1,15,59,Regular Play,Morocco,3869552,0 days 00:15:59,0,0,0,0,0,0,1,0,0
1,16,1,Regular Play,Morocco,3869552,0 days 00:16:01,0,0,0,0,0,0,0,1,0
1,16,23,From Goal Kick,France,3869552,0 days 00:16:23,0,0,0,0,0,0,1,0,0
1,16,25,From Goal Kick,France,3869552,0 days 00:16:25,0,0,0,0,0,0,1,0,0
1,16,32,From Goal Kick,France,3869552,0 days 00:16:32,0,0,0,0,0,0,0,1,0
1,17,20,From Goal Kick,Morocco,3869552,0 days 00:17:20,0,0,0,0,0,0,1,0,0
1,17,22,From Goal Kick,France,3869552,0 days 00:17:22,0,0,0,0,0,0,1,0,0
1,17,27,From Goal Kick,Morocco,3869552,0 days 00:17:27,1,0,0,0,0,0,0,0,0
1,17,29,From Goal Kick,Morocco,3869552,0 days 00:17:29,0,0,0,0,0,0,1,0,0
1,17,34,From Goal Kick,Morocco,3869552,0 days 00:17:34,0,0,0,0,0,0,1,0,0
1,17,37,From Goal Kick,Morocco,3869552,0 days 00:17:37,0,0,0,0,0,0,1,0,0
1,17,40,From Goal Kick,Morocco,3869552,0 days 00:17:40,0,0,0,0,0,0,1,0,0
1,17,44,From Goal Kick,Morocco,3869552,0 days 00:17:44,0,0,0,0,0,0,1,0,0
1,17,46,From Goal Kick,Morocco,3869552,0 days 00:17:46,0,0,0,0,0,0,1,0,0
1,17,50,From Goal Kick,Morocco,3869552,0 days 00:17:50,0,0,0,0,0,0,1,0,0
1,17,51,From Goal Kick,Morocco,3869552,0 days 00:17:51,0,0,0,0,0,0,1,0,0
1,17,55,From Goal Kick,Morocco,3869552,0 days 00:17:55,0,0,0,0,0,0,1,0,0
1,17,59,From Goal Kick,France,3869552,0 days 00:17:59,1,0,0,0,0,0,0,0,0
1,18,0,From Goal Kick,France,3869552,0 days 00:18:00,0,0,1,0,0,0,0,0,0
1,18,0,From Goal Kick,Morocco,3869552,0 days 00:18:00,0,0,0,0,0,0,0,0,1
1,18,13,From Throw In,France,3869552,0 days 00:18:13,0,0,0,0,0,0,1,0,0
1,18,16,Regular Play,Morocco,3869552,0 days 00:18:16,0,0,0,0,0,0,1,0,0
1,18,20,Regular Play,Morocco,3869552,0 days 00:18:20,0,0,0,0,0,0,1,0,0
1,18,25,Regular Play,Morocco,3869552,0 days 00:18:25,0,0,0,0,0,0,1,0,0
1,18,29,Regular Play,Morocco,3869552,0 days 00:18:29,0,0,0,0,0,0,1,0,0
1,18,31,Regular Play,Morocco,3869552,0 days 00:18:31,0,0,0,0,0,0,1,0,0
1,18,32,Regular Play,Morocco,3869552,0 days 00:18:32,0,0,0,0,0,0,1,0,0
1,18,33,Regular Play,Morocco,3869552,0 days 00:18:33,0,0,0,0,0,0,1,0,0
1,18,35,Regular Play,Morocco,3869552,0 days 00:18:35,0,0,0,0,0,0,1,0,0
1,18,36,Regular Play,Morocco,3869552,0 days 00:18:36,0,0,0,0,0,0,1,0,0
1,18,39,Regular Play,Morocco,3869552,0 days 00:18:39,0,0,0,0,0,0,1,0,0
1,18,43,Regular Play,Morocco,3869552,0 days 00:18:43,0,0,0,0,0,0,1,0,0
1,18,46,Regular Play,Morocco,3869552,0 days 00:18:46,0,0,0,0,0,0,1,0,0
1,18,54,From Keeper,France,3869552,0 days 00:18:54,0,0,0,0,0,0,1,0,0
1,19,1,From Keeper,France,3869552,0 days 00:19:01,0,0,0,0,0,0,1,0,0
1,19,2,From Keeper,France,3869552,0 days 00:19:02,0,0,0,0,0,0,1,0,0
1,19,4,From Keeper,France,3869552,0 days 00:19:04,0,0,0,0,0,0,1,0,0
1,19,10,From Keeper,France,3869552,0 days 00:19:10,0,0,0,0,0,0,1,0,0
1,19,12,From Keeper,France,3869552,0 days 00:19:12,0,0,0,0,0,0,1,0,0
1,19,13,From Keeper,France,3869552,0 days 00:19:13,0,0,0,0,0,0,1,0,0
1,19,14,From Keeper,France,3869552,0 days 00:19:14,0,0,0,0,0,0,1,0,0
1,19,19,From Keeper,France,3869552,0 days 00:19:19,0,0,0,0,0,0,1,0,0
1,19,20,From Keeper,France,3869552,0 days 00:19:20,0,0,0,0,0,0,1,0,0
1,19,23,From Keeper,France,3869552,0 days 00:19:23,0,0,0,0,0,0,1,0,0
1,19,26,From Keeper,France,3869552,0 days 00:19:26,0,0,0,0,0,0,1,0,0
1,19,31,From Keeper,France,3869552,0 days 00:19:31,0,0,0,0,0,0,1,0,0
1,19,33,From Keeper,France,3869552,0 days 00:19:33,0,0,0,0,0,0,1,0,0
1,19,38,From Keeper,France,3869552,0 days 00:19:38,0,0,0,0,0,0,1,0,0
1,19,39,From Keeper,France,3869552,0 days 00:19:39,0,0,0,0,0,0,1,0,0
1,19,41,From Keeper,France,3869552,0 days 00:19:41,0,0,0,0,0,0,1,0,0
1,19,45,From Keeper,France,3869552,0 days 00:19:45,0,0,0,0,0,0,1,0,0
1,19,45,From Keeper,France,3869552,0 days 00:19:45,0,0,0,0,0,0,1,0,0
1,19,47,From Keeper,France,3869552,0 days 00:19:47,0,0,0,0,0,0,1,0,0
1,19,48,From Keeper,France,3869552,0 days 00:19:48,0,0,0,0,1,0,0,0,0
1,20,45,From Free Kick,Morocco,3869552,0 days 00:20:45,0,0,0,0,0,0,1,0,0
1,20,49,From Free Kick,Morocco,3869552,0 days 00:20:49,0,0,0,0,0,0,1,0,0
1,20,52,From Free Kick,Morocco,3869552,0 days 00:20:52,0,0,0,0,0,0,1,0,0
1,20,55,From Free Kick,Morocco,3869552,0 days 00:20:55,0,0,0,0,0,0,1,0,0
1,20,56,From Free Kick,Morocco,3869552,0 days 00:20:56,0,0,0,0,0,0,1,0,0
1,20,59,From Free Kick,Morocco,3869552,0 days 00:20:59,0,0,0,0,0,0,1,0,0
1,21,5,From Free Kick,Morocco,3869552,0 days 00:21:05,0,0,0,0,0,0,1,0,0
1,21,7,From Free Kick,Morocco,3869552,0 days 00:21:07,0,0,0,0,0,0,1,0,0
1,21,10,From Free Kick,Morocco,3869552,0 days 00:21:10,0,0,0,0,0,0,1,0,0
1,21,15,From Free Kick,Morocco,3869552,0 days 00:21:15,0,0,0,0,0,0,1,0,0
1,21,18,From Free Kick,Morocco,3869552,0 days 00:21:18,0,0,0,0,0,0,1,0,0
1,21,20,From Free Kick,Morocco,3869552,0 days 00:21:20,0,0,0,0,0,0,1,0,0
1,21,30,From Free Kick,Morocco,3869552,0 days 00:21:30,0,0,0,0,0,0,1,0,0
1,21,32,From Free Kick,Morocco,3869552,0 days 00:21:32,0,0,0,0,0,0,1,0,0
1,21,34,Regular Play,France,3869552,0 days 00:21:34,1,0,0,0,0,0,0,0,0
1,21,34,Regular Play,France,3869552,0 days 00:21:34,0,0,0,1,0,0,0,0,0
1,21,34,Regular Play,Morocco,3869552,0 days 00:21:34,0,0,0,0,0,0,0,0,1
1,21,39,From Throw In,France,3869552,0 days 00:21:39,0,0,0,0,0,0,1,0,0
1,21,43,From Throw In,France,3869552,0 days 00:21:43,0,0,0,0,0,0,1,0,0
1,21,48,From Throw In,France,3869552,0 days 00:21:48,0,0,0,0,0,0,1,0,0
1,21,52,From Throw In,France,3869552,0 days 00:21:52,0,0,0,0,0,0,1,0,0
1,21,56,From Throw In,France,3869552,0 days 00:21:56,0,0,0,0,0,0,1,0,0
1,12,0,Regular Play,Croatia,3869684,0 days 00:12:00,0,0,0,0,0,0,1,0,0
1,12,2,Regular Play,Croatia,3869684,0 days 00:12:02,0,0,0,0,0,0,1,0,0
1,12,3,Regular Play,Croatia,3869684,0 days 00:12:03,0,0,0,0,0,0,1,0,0
1,12,6,Regular Play,Croatia,3869684,0 days 00:12:06,0,0,0,0,0,0,1,0,0
1,12,6,Regular Play,Morocco,3869684,0 days 00:12:06,0,0,0,0,0,0,1,0,0
1,12,7,Regular Play,Morocco,3869684,0 days 00:12:07,0,0,0,0,0,0,1,0,0
1,12,8,Regular Play,Morocco,3869684,0 days 00:12:08,0,0,0,0,0,0,1,0,0
1,12,18,From Throw In,Croatia,3869684,0 days 00:12:18,0,0,0,0,0,0,1,0,0
1,12,20,From Throw In,Croatia,3869684,0 days 00:12:20,0,0,0,0,0,0,1,0,0
1,12,22,From Throw In,Croatia,3869684,0 days 00:12:22,0,0,0,0,0,0,1,0,0
1,12,25,From Throw In,Croatia,3869684,0 days 00:12:25,0,0,0,0,0,0,1,0,0
1,12,29,From Throw In,Croatia,3869684,0 days 00:12:29,0,0,0,0,0,0,1,0,0
1,12,33,From Throw In,Croatia,3869684,0 days 00:12:33,0,0,0,0,0,0,1,0,0
1,12,34,From Throw In,Croatia,3869684,0 days 00:12:34,0,0,0,0,0,0,1,0,0
1,12,36,From Throw In,Croatia,3869684,0 days 00:12:36,0,0,0,0,0,0,1,0,0
1,12,38,From Throw In,Croatia,3869684,0 days 00:12:38,0,0,0,0,0,0,1,0,0
1,12,46,From Throw In,Croatia,3869684,0 days 00:12:46,0,0,0,0,0,0,1,0,0
1,12,50,From Throw In,Croatia,3869684,0 days 00:12:50,0,0,0,0,0,0,1,0,0
1,12,52,From Throw In,Croatia,3869684,0 days 00:12:52,0,0,0,0,0,0,1,0,0
1,13,24,From Goal Kick,Morocco,3869684,0 days 00:13:24,0,0,0,0,0,0,1,0,0
1,13,31,From Throw In,Croatia,3869684,0 days 00:13:31,0,0,0,0,0,0,1,0,0
1,13,35,From Throw In,Croatia,3869684,0 days 00:13:35,0,0,0,0,0,0,1,0,0
1,13,40,From Throw In,Croatia,3869684,0 days 00:13:40,0,0,0,0,0,0,1,0,0
1,13,44,From Throw In,Croatia,3869684,0 days 00:13:44,0,0,0,0,0,0,1,0,0
1,13,45,From Throw In,Croatia,3869684,0 days 00:13:45,0,0,0,0,0,0,1,0,0
1,13,47,From Throw In,Croatia,3869684,0 days 00:13:47,0,0,0,0,0,0,1,0,0
1,13,48,From Throw In,Morocco,3869684,0 days 00:13:48,0,0,0,0,0,1,0,0,0
1,13,51,From Throw In,Morocco,3869684,0 days 00:13:51,0,0,1,0,0,0,0,0,0
1,13,51,From Throw In,Croatia,3869684,0 days 00:13:51,0,0,0,0,0,0,0,0,1
1,13,52,From Throw In,Croatia,3869684,0 days 00:13:52,0,0,0,0,0,0,1,0,0
1,13,53,From Throw In,Morocco,3869684,0 days 00:13:53,0,0,0,0,0,1,0,0,0
1,13,55,From Throw In,Croatia,3869684,0 days 00:13:55,1,0,0,0,0,0,0,0,0
1,13,55,From Throw In,Croatia,3869684,0 days 00:13:55,0,0,0,0,0,0,0,1,0
1,14,20,From Goal Kick,Morocco,3869684,0 days 00:14:20,0,0,0,0,0,0,1,0,0
1,14,23,From Goal Kick,Morocco,3869684,0 days 00:14:23,0,0,0,0,0,0,1,0,0
1,14,25,Regular Play,Croatia,3869684,0 days 00:14:25,0,0,0,0,0,0,1,0,0
1,14,26,Regular Play,Croatia,3869684,0 days 00:14:26,0,0,0,0,0,0,1,0,0
1,14,29,Regular Play,Croatia,3869684,0 days 00:14:29,0,0,0,0,0,0,1,0,0
1,14,30,Regular Play,Croatia,3869684,0 days 00:14:30,0,0,0,0,0,0,1,0,0
1,14,32,Regular Play,Croatia,3869684,0 days 00:14:32,0,0,0,0,0,0,1,0,0
1,14,33,Regular Play,Croatia,3869684,0 days 00:14:33,0,0,0,0,0,0,1,0,0
1,14,35,Regular Play,Croatia,3869684,0 days 00:14:35,0,0,0,0,0,0,1,0,0
1,14,36,Regular Play,Morocco,3869684,0 days 00:14:36,0,0,0,0,0,1,0,0,0
1,14,40,Regular Play,Morocco,3869684,0 days 00:14:40,1,0,0,0,0,0,0,0,0
1,14,41,Regular Play,Morocco,3869684,0 days 00:14:41,0,0,0,0,0,0,1,0,0
1,14,45,Regular Play,Morocco,3869684,0 days 00:14:45,0,0,0,0,0,0,1,0,0
1,14,46,Regular Play,Morocco,3869684,0 days 00:14:46,0,0,0,0,0,0,1,0,0
1,14,48,Regular Play,Morocco,3869684,0 days 00:14:48,0,0,0,0,0,0,1,0,0
1,14,50,Regular Play,Morocco,3869684,0 days 00:14:50,0,0,0,0,0,0,1,0,0
1,14,56,Regular Play,Morocco,3869684,0 days 00:14:56,0,0,0,0,0,0,1,0,0
1,14,58,Regular Play,Morocco,3869684,0 days 00:14:58,0,0,0,0,0,0,1,0,0
1,15,0,Regular Play,Croatia,3869684,0 days 00:15:00,0,0,0,0,0,0,1,0,0
1,15,1,Regular Play,Croatia,3869684,0 days 00:15:01,0,0,0,0,0,0,1,0,0
1,15,3,Regular Play,Croatia,3869684,0 days 00:15:03,0,0,0,0,0,0,1,0,0
1,15,7,Regular Play,Morocco,3869684,0 days 00:15:07,1,0,0,0,0,0,0,0,0
1,15,7,Regular Play,Croatia,3869684,0 days 00:15:07,1,0,0,0,0,0,0,0,0
1,15,8,Regular Play,Croatia,3869684,0 days 00:15:08,0,0,0,0,0,0,1,0,0
1,15,11,Regular Play,Croatia,3869684,0 days 00:15:11,0,0,0,1,0,0,0,0,0
1,15,11,Regular Play,Morocco,3869684,0 days 00:15:11,0,0,0,0,0,0,0,0,1
1,15,50,From Corner,Croatia,3869684,0 days 00:15:50,0,0,0,0,0,0,1,0,0
1,15,51,From Corner,Morocco,3869684,0 days 00:15:51,0,1,0,0,0,0,0,0,0
1,16,10,From Throw In,Croatia,3869684,0 days 00:16:10,0,0,0,0,0,0,1,0,0
1,16,13,From Throw In,Croatia,3869684,0 days 00:16:13,0,0,0,0,0,0,1,0,0
1,16,16,From Throw In,Croatia,3869684,0 days 00:16:16,0,0,0,0,0,0,1,0,0
1,16,20,From Throw In,Croatia,3869684,0 days 00:16:20,0,0,0,0,0,0,1,0,0
1,16,24,From Throw In,Croatia,3869684,0 days 00:16:24,0,0,0,0,0,0,1,0,0
1,16,25,From Throw In,Croatia,3869684,0 days 00:16:25,0,0,0,0,0,0,1,0,0
1,16,28,From Throw In,Croatia,3869684,0 days 00:16:28,0,0,0,0,0,0,1,0,0
1,16,32,From Throw In,Croatia,3869684,0 days 00:16:32,0,0,0,0,0,0,1,0,0
1,16,37,From Throw In,Croatia,3869684,0 days 00:16:37,0,0,0,0,0,0,1,0,0
1,16,40,From Throw In,Croatia,3869684,0 days 00:16:40,0,0,0,0,0,0,1,0,0
1,16,42,From Throw In,Croatia,3869684,0 days 00:16:42,0,0,0,0,0,0,1,0,0
1,16,47,From Throw In,Croatia,3869684,0 days 00:16:47,0,0,0,0,0,0,1,0,0
1,16,48,From Throw In,Morocco,3869684,0 days 00:16:48,0,0,0,0,0,1,0,0,0
1,16,49,From Throw In,Morocco,3869684,0 days 00:16:49,0,0,0,0,0,0,1,0,0
1,16,50,From Throw In,Morocco,3869684,0 days 00:16:50,0,0,0,0,0,0,1,0,0
1,16,53,From Throw In,Croatia,3869684,0 days 00:16:53,1,0,0,0,0,0,0,0,0
1,16,57,From Throw In,Croatia,3869684,0 days 00:16:57,0,0,0,0,0,0,1,0,0
1,16,58,From Throw In,Croatia,3869684,0 days 00:16:58,0,0,1,0,0,0,0,0,0
1,16,58,Regular Play,Morocco,3869684,0 days 00:16:58,0,0,0,0,0,0,0,0,1
1,17,0,Regular Play,Morocco,3869684,0 days 00:17:00,0,0,0,0,0,0,1,0,0
1,17,4,Regular Play,Morocco,3869684,0 days 00:17:04,0,0,0,0,0,0,1,0,0
1,17,8,Regular Play,Morocco,3869684,0 days 00:17:08,0,0,0,0,0,0,1,0,0
1,17,13,Regular Play,Croatia,3869684,0 days 00:17:13,1,0,0,0,0,0,0,0,0
1,17,18,Regular Play,Croatia,3869684,0 days 00:17:18,0,0,0,0,0,0,1,0,0
1,17,21,Regular Play,Croatia,3869684,0 days 00:17:21,0,0,0,0,0,0,0,1,0
1,17,23,From Counter,Croatia,3869684,0 days 00:17:23,1,0,0,0,0,0,0,0,0
1,17,24,From Counter,Croatia,3869684,0 days 00:17:24,0,0,0,0,0,0,1,0,0
1,17,27,From Counter,Croatia,3869684,0 days 00:17:27,0,0,0,0,0,0,1,0,0
1,17,29,From Counter,Croatia,3869684,0 days 00:17:29,0,0,0,0,0,0,0,1,0
1,17,48,From Keeper,Morocco,3869684,0 days 00:17:48,0,0,0,0,0,0,1,0,0
1,17,50,From Keeper,Croatia,3869684,0 days 00:17:50,0,0,0,0,0,0,1,0,0
1,17,52,From Keeper,Morocco,3869684,0 days 00:17:52,1,0,0,0,0,0,0,0,0
1,17,54,Regular Play,Morocco,3869684,0 days 00:17:54,1,0,0,0,0,0,0,0,0
1,17,55,Regular Play,Morocco,3869684,0 days 00:17:55,0,0,0,0,0,0,1,0,0
1,17,56,Regular Play,Morocco,3869684,0 days 00:17:56,0,0,0,0,0,0,1,0,0
1,17,59,Regular Play,Croatia,3869684,0 days 00:17:59,0,0,0,0,1,0,0,0,0
1,18,14,From Free Kick,Morocco,3869684,0 days 00:18:14,0,0,0,0,0,0,1,0,0
1,18,15,From Free Kick,Morocco,3869684,0 days 00:18:15,0,0,0,0,0,0,1,0,0
1,18,17,From Free Kick,Morocco,3869684,0 days 00:18:17,0,0,0,0,0,0,1,0,0
1,18,20,From Free Kick,Croatia,3869684,0 days 00:18:20,0,0,0,0,0,1,0,0,0
1,18,24,From Throw In,Morocco,3869684,0 days 00:18:24,0,0,0,0,0,0,1,0,0
1,18,29,From Throw In,Morocco,3869684,0 days 00:18:29,0,0,0,0,0,0,1,0,0
1,18,32,From Throw In,Morocco,3869684,0 days 00:18:32,0,0,0,0,0,0,1,0,0
1,18,41,From Goal Kick,Croatia,3869684,0 days 00:18:41,0,0,0,0,0,0,1,0,0
1,18,45,From Goal Kick,Croatia,3869684,0 days 00:18:45,0,0,0,0,0,0,1,0,0
1,18,48,From Goal Kick,Croatia,3869684,0 days 00:18:48,0,0,0,0,0,0,1,0,0
1,18,49,From Goal Kick,Croatia,3869684,0 days 00:18:49,0,0,0,0,0,0,1,0,0
1,18,51,From Goal Kick,Croatia,3869684,0 days 00:18:51,0,0,0,0,0,0,1,0,0
1,18,54,From Goal Kick,Croatia,3869684,0 days 00:18:54,0,0,0,0,0,0,1,0,0
1,18,57,From Goal Kick,Croatia,3869684,0 days 00:18:57,0,0,0,1,0,0,0,0,0
1,19,0,From Goal Kick,Croatia,3869684,0 days 00:19:00,0,0,0,0,0,0,1,0,0
1,19,2,From Goal Kick,Croatia,3869684,0 days 00:19:02,0,0,0,0,0,0,1,0,0
1,19,3,From Goal Kick,Morocco,3869684,0 days 00:19:03,0,0,0,0,0,1,0,0,0
1,19,4,From Goal Kick,Croatia,3869684,0 days 00:19:04,0,0,0,0,0,0,1,0,0
1,19,7,From Goal Kick,Croatia,3869684,0 days 00:19:07,1,0,0,0,0,0,0,0,0
1,19,10,From Goal Kick,Croatia,3869684,0 days 00:19:10,0,0,0,0,0,0,1,0,0
1,19,12,From Goal Kick,Croatia,3869684,0 days 00:19:12,0,0,0,0,0,0,1,0,0
1,19,16,From Goal Kick,Croatia,3869684,0 days 00:19:16,0,0,0,0,0,0,1,0,0
1,19,30,From Throw In,Morocco,3869684,0 days 00:19:30,0,0,0,0,0,0,1,0,0
1,19,31,From Throw In,Morocco,3869684,0 days 00:19:31,0,0,0,0,0,0,1,0,0
1,19,34,From Throw In,Morocco,3869684,0 days 00:19:34,0,0,0,0,0,0,1,0,0
1,19,37,From Throw In,Morocco,3869684,0 days 00:19:37,0,0,0,0,0,0,1,0,0
1,19,41,From Throw In,Morocco,3869684,0 days 00:19:41,0,0,0,0,0,0,1,0,0
1,19,47,From Throw In,Morocco,3869684,0 days 00:19:47,0,0,0,0,0,0,1,0,0
1,19,49,From Throw In,Morocco,3869684,0 days 00:19:49,0,0,0,0,0,0,1,0,0
1,19,51,From Throw In,Morocco,3869684,0 days 00:19:51,0,0,0,0,0,0,1,0,0
1,19,54,From Throw In,Morocco,3869684,0 days 00:19:54,0,0,0,0,0,0,1,0,0
1,19,56,From Throw In,Morocco,3869684,0 days 00:19:56,0,0,0,0,0,0,1,0,0
1,19,58,From Throw In,Morocco,3869684,0 days 00:19:58,0,0,0,0,0,0,1,0,0
1,20,2,From Throw In,Morocco,3869684,0 days 00:20:02,0,0,0,0,0,0,1,0,0
1,20,8,From Throw In,Morocco,3869684,0 days 00:20:08,0,0,0,0,0,0,1,0,0
1,20,12,From Throw In,Morocco,3869684,0 days 00:20:12,0,0,0,0,0,0,1,0,0
1,20,18,From Throw In,Morocco,3869684,0 days 00:20:18,0,0,0,0,0,0,1,0,0
1,20,20,From Throw In,Morocco,3869684,0 days 00:20:20,0,0,0,0,0,0,1,0,0
1,20,23,Regular Play,Croatia,3869684,0 days 00:20:23,0,0,0,0,0,0,1,0,0
1,20,30,Regular Play,Croatia,3869684,0 days 00:20:30,0,0,0,0,0,0,1,0,0
1,20,33,Regular Play,Croatia,3869684,0 days 00:20:33,0,0,0,0,0,0,1,0,0
1,20,37,Regular Play,Croatia,3869684,0 days 00:20:37,0,0,0,0,0,0,1,0,0
1,20,39,Regular Play,Croatia,3869684,0 days 00:20:39,0,0,0,0,0,0,1,0,0
1,20,42,Regular Play,Croatia,3869684,0 days 00:20:42,0,0,0,0,0,0,1,0,0
1,20,46,Regular Play,Croatia,3869684,0 days 00:20:46,0,0,0,0,0,0,1,0,0
1,20,51,Regular Play,Croatia,3869684,0 days 00:20:51,0,0,0,0,0,0,1,0,0
1,20,53,Regular Play,Croatia,3869684,0 days 00:20:53,0,0,0,0,0,0,1,0,0
1,20,56,Regular Play,Croatia,3869684,0 days 00:20:56,0,0,0,0,0,0,1,0,0
1,20,59,Regular Play,Croatia,3869684,0 days 00:20:59,0,0,0,0,0,0,1,0,0
1,21,1,Regular Play,Croatia,3869684,0 days 00:21:01,0,0,0,0,0,0,1,0,0
1,21,4,Regular Play,Croatia,3869684,0 days 00:21:04,0,0,0,0,0,0,1,0,0
1,21,5,Regular Play,Croatia,3869684,0 days 00:21:05,0,0,0,0,0,0,1,0,0
1,21,8,Regular Play,Croatia,3869684,0 days 00:21:08,0,0,0,0,0,0,1,0,0
1,21,12,Regular Play,Croatia,3869684,0 days 00:21:12,0,0,0,0,0,0,1,0,0
1,21,16,Regular Play,Croatia,3869684,0 days 00:21:16,0,0,0,0,0,0,1,0,0
1,21,17,Regular Play,Croatia,3869684,0 days 00:21:17,0,0,0,0,0,0,1,0,0
1,21,19,Regular Play,Croatia,3869684,0 days 00:21:19,0,0,0,0,0,0,1,0,0
1,21,23,Regular Play,Croatia,3869684,0 days 00:21:23,0,0,0,0,0,0,1,0,0
1,21,45,From Throw In,Morocco,3869684,0 days 00:21:45,0,0,0,0,0,0,1,0,0
1,21,46,From Throw In,Morocco,3869684,0 days 00:21:46,0,0,0,0,0,0,1,0,0
1,21,46,From Throw In,Morocco,3869684,0 days 00:21:46,0,0,0,0,0,0,1,0,0
1,21,48,From Throw In,Morocco,3869684,0 days 00:21:48,0,0,0,0,0,0,1,0,0
1,21,49,From Throw In,Morocco,3869684,0 days 00:21:49,0,0,0,0,0,0,1,0,0
1,21,51,From Throw In,Morocco,3869684,0 days 00:21:51,0,0,0,0,0,0,1,0,0
1,21,54,From Throw In,Morocco,3869684,0 days 00:21:54,0,0,0,0,0,0,1,0,0
1,21,57,From Throw In,Morocco,3869684,0 days 00:21:57,0,0,0,0,0,0,1,0,0
1,12,1,Regular Play,Argentina,3869685,0 days 00:12:01,0,0,0,0,0,0,1,0,0
1,12,2,Regular Play,Argentina,3869685,0 days 00:12:02,0,0,0,0,0,0,1,0,0
1,12,5,Regular Play,France,3869685,0 days 00:12:05,0,1,0,0,0,0,0,0,0
1,12,5,Regular Play,Argentina,3869685,0 days 00:12:05,0,0,0,0,1,0,0,0,0
1,12,36,From Free Kick,France,3869685,0 days 00:12:36,0,0,0,0,0,0,1,0,0
1,12,39,From Free Kick,Argentina,3869685,0 days 00:12:39,0,0,0,0,0,0,1,0,0
1,12,43,From Free Kick,France,3869685,0 days 00:12:43,1,0,0,0,0,0,0,0,0
1,12,47,From Free Kick,France,3869685,0 days 00:12:47,0,0,0,0,0,0,1,0,0
1,12,49,From Free Kick,France,3869685,0 days 00:12:49,0,0,0,0,0,0,1,0,0
1,12,52,From Free Kick,France,3869685,0 days 00:12:52,0,0,0,0,0,0,1,0,0
1,12,54,From Free Kick,France,3869685,0 days 00:12:54,0,0,0,1,0,0,0,0,0
1,12,54,From Free Kick,Argentina,3869685,0 days 00:12:54,0,0,0,0,0,0,0,0,1
1,12,55,From Free Kick,France,3869685,0 days 00:12:55,1,0,0,0,0,0,0,0,0
1,12,58,From Free Kick,France,3869685,0 days 00:12:58,0,0,0,0,0,0,1,0,0
1,13,1,From Free Kick,France,3869685,0 days 00:13:01,0,0,0,0,0,0,1,0,0
1,13,7,From Free Kick,France,3869685,0 days 00:13:07,0,0,0,0,0,0,1,0,0
1,13,8,From Free Kick,France,3869685,0 days 00:13:08,0,0,0,0,0,0,1,0,0
1,13,24,From Keeper,Argentina,3869685,0 days 00:13:24,0,0,0,0,0,0,1,0,0
1,13,29,From Keeper,Argentina,3869685,0 days 00:13:29,0,0,0,0,0,0,1,0,0
1,13,30,From Keeper,Argentina,3869685,0 days 00:13:30,0,0,0,0,0,0,1,0,0
1,13,32,From Keeper,Argentina,3869685,0 days 00:13:32,0,0,0,0,0,0,1,0,0
1,13,35,From Keeper,Argentina,3869685,0 days 00:13:35,0,0,0,0,0,0,1,0,0
1,13,37,From Keeper,Argentina,3869685,0 days 00:13:37,0,0,0,0,0,0,1,0,0
1,13,37,From Keeper,Argentina,3869685,0 days 00:13:37,0,0,0,0,0,0,1,0,0
1,13,39,From Keeper,Argentina,3869685,0 days 00:13:39,0,0,0,0,0,0,1,0,0
1,13,40,From Keeper,France,3869685,0 days 00:13:40,0,0,0,0,0,1,0,0,0
1,13,42,From Keeper,Argentina,3869685,0 days 00:13:42,0,0,0,0,0,0,1,0,0
1,13,47,From Keeper,Argentina,3869685,0 days 00:13:47,0,0,0,1,0,0,0,0,0
1,13,48,From Keeper,Argentina,3869685,0 days 00:13:48,0,0,0,0,0,0,1,0,0
1,13,51,From Keeper,Argentina,3869685,0 days 00:13:51,0,0,0,0,0,0,1,0,0
1,13,52,From Keeper,France,3869685,0 days 00:13:52,0,1,0,0,0,0,0,0,0
1,13,53,From Keeper,Argentina,3869685,0 days 00:13:53,0,0,0,0,0,0,1,0,0
1,14,26,From Free Kick,France,3869685,0 days 00:14:26,0,0,0,0,0,0,1,0,0
1,14,29,From Free Kick,France,3869685,0 days 00:14:29,0,0,0,0,0,0,1,0,0
1,14,32,From Free Kick,France,3869685,0 days 00:14:32,0,0,0,0,0,0,1,0,0
1,14,33,From Free Kick,France,3869685,0 days 00:14:33,0,0,0,0,0,0,1,0,0
1,14,34,From Free Kick,France,3869685,0 days 00:14:34,0,0,0,1,0,0,0,0,0
1,14,34,Regular Play,Argentina,3869685,0 days 00:14:34,0,0,0,0,0,0,0,0,1
1,14,36,Regular Play,Argentina,3869685,0 days 00:14:36,1,0,0,0,0,0,0,0,0
1,14,36,Regular Play,Argentina,3869685,0 days 00:14:36,0,0,0,0,0,0,1,0,0
1,14,40,Regular Play,Argentina,3869685,0 days 00:14:40,0,0,0,0,0,0,1,0,0
1,14,42,Regular Play,Argentina,3869685,0 days 00:14:42,0,0,0,0,0,0,1,0,0
1,14,44,Regular Play,Argentina,3869685,0 days 00:14:44,0,0,0,0,0,0,1,0,0
1,14,47,Regular Play,Argentina,3869685,0 days 00:14:47,0,0,0,0,0,0,1,0,0
1,14,49,Regular Play,Argentina,3869685,0 days 00:14:49,0,0,0,0,0,0,1,0,0
1,14,52,Regular Play,Argentina,3869685,0 days 00:14:52,0,0,0,0,0,0,1,0,0
1,14,54,Regular Play,Argentina,3869685,0 days 00:14:54,0,0,0,0,0,0,1,0,0
1,14,57,Regular Play,Argentina,3869685,0 days 00:14:57,0,0,0,0,0,0,1,0,0
1,15,2,Regular Play,Argentina,3869685,0 days 00:15:02,0,0,0,0,0,0,1,0,0
1,15,4,Regular Play,Argentina,3869685,0 days 00:15:04,0,0,0,0,0,0,1,0,0
1,15,6,Regular Play,Argentina,3869685,0 days 00:15:06,0,0,0,0,0,0,1,0,0
1,15,9,Regular Play,Argentina,3869685,0 days 00:15:09,0,0,0,0,0,0,1,0,0
1,15,11,Regular Play,Argentina,3869685,0 days 00:15:11,0,0,0,0,0,0,1,0,0
1,15,12,Regular Play,Argentina,3869685,0 days 00:15:12,0,0,0,0,0,0,1,0,0
1,15,21,Regular Play,Argentina,3869685,0 days 00:15:21,0,0,0,0,0,0,1,0,0
1,15,27,Regular Play,Argentina,3869685,0 days 00:15:27,0,0,0,0,0,0,1,0,0
1,15,31,Regular Play,Argentina,3869685,0 days 00:15:31,0,0,0,0,0,0,1,0,0
1,15,43,From Throw In,France,3869685,0 days 00:15:43,0,0,0,0,0,0,1,0,0
1,15,47,From Throw In,France,3869685,0 days 00:15:47,0,0,0,0,0,0,1,0,0
1,15,49,From Throw In,France,3869685,0 days 00:15:49,0,0,0,0,0,0,1,0,0
1,15,58,From Throw In,France,3869685,0 days 00:15:58,0,0,0,0,0,0,1,0,0
1,16,0,From Throw In,France,3869685,0 days 00:16:00,0,0,0,0,0,0,1,0,0
1,16,5,From Throw In,France,3869685,0 days 00:16:05,0,0,0,0,0,0,1,0,0
1,16,8,From Throw In,France,3869685,0 days 00:16:08,0,0,0,0,0,0,1,0,0
1,16,8,From Throw In,Argentina,3869685,0 days 00:16:08,0,0,0,0,0,1,0,0,0
1,16,10,Regular Play,Argentina,3869685,0 days 00:16:10,1,0,0,0,0,0,0,0,0
1,16,11,Regular Play,Argentina,3869685,0 days 00:16:11,0,0,0,0,0,0,1,0,0
1,16,13,Regular Play,Argentina,3869685,0 days 00:16:13,0,0,0,0,0,0,1,0,0
1,16,15,Regular Play,Argentina,3869685,0 days 00:16:15,1,0,0,0,0,0,0,0,0
1,16,15,Regular Play,Argentina,3869685,0 days 00:16:15,0,0,0,0,0,0,0,1,0
1,16,50,From Goal Kick,France,3869685,0 days 00:16:50,0,0,0,0,0,0,1,0,0
1,16,53,From Goal Kick,Argentina,3869685,0 days 00:16:53,0,0,0,0,0,0,1,0,0
1,16,56,From Goal Kick,France,3869685,0 days 00:16:56,1,0,0,0,0,0,0,0,0
1,16,58,From Goal Kick,France,3869685,0 days 00:16:58,0,0,0,0,0,0,1,0,0
1,17,1,From Goal Kick,France,3869685,0 days 00:17:01,0,0,0,0,0,0,1,0,0
1,17,10,From Goal Kick,France,3869685,0 days 00:17:10,0,0,0,0,0,0,1,0,0
1,17,15,From Goal Kick,France,3869685,0 days 00:17:15,0,0,0,0,0,0,1,0,0
1,17,17,From Goal Kick,France,3869685,0 days 00:17:17,0,0,0,0,0,0,1,0,0
1,17,21,From Goal Kick,France,3869685,0 days 00:17:21,0,0,0,0,0,0,1,0,0
1,17,23,From Goal Kick,France,3869685,0 days 00:17:23,0,0,0,0,0,0,1,0,0
1,17,26,From Goal Kick,France,3869685,0 days 00:17:26,0,0,0,0,0,0,1,0,0
1,17,29,From Goal Kick,France,3869685,0 days 00:17:29,0,0,0,0,0,0,1,0,0
1,17,36,From Goal Kick,France,3869685,0 days 00:17:36,0,0,0,0,0,0,1,0,0
1,17,37,From Goal Kick,France,3869685,0 days 00:17:37,0,0,0,0,0,0,1,0,0
1,17,39,From Goal Kick,France,3869685,0 days 00:17:39,0,0,0,0,0,0,1,0,0
1,17,40,From Goal Kick,France,3869685,0 days 00:17:40,0,0,0,0,0,0,1,0,0
1,17,44,From Goal Kick,France,3869685,0 days 00:17:44,0,0,0,0,0,0,1,0,0
1,17,58,From Throw In,France,3869685,0 days 00:17:58,0,0,0,0,0,0,1,0,0
1,18,1,From Throw In,France,3869685,0 days 00:18:01,0,0,0,0,0,0,1,0,0
1,18,3,From Throw In,France,3869685,0 days 00:18:03,0,0,0,0,0,0,1,0,0
1,18,8,From Throw In,France,3869685,0 days 00:18:08,0,0,0,0,0,0,1,0,0
1,18,8,From Throw In,France,3869685,0 days 00:18:08,0,0,0,0,0,0,1,0,0
1,18,11,From Throw In,Argentina,3869685,0 days 00:18:11,0,0,0,0,1,0,0,0,0
1,19,1,From Free Kick,France,3869685,0 days 00:19:01,0,0,0,0,0,0,1,0,0
1,19,3,From Free Kick,France,3869685,0 days 00:19:03,0,0,0,0,1,0,0,0,0
1,19,22,From Free Kick,Argentina,3869685,0 days 00:19:22,0,0,0,0,0,0,1,0,0
1,19,25,From Free Kick,Argentina,3869685,0 days 00:19:25,0,0,0,0,0,0,1,0,0
1,19,28,From Free Kick,Argentina,3869685,0 days 00:19:28,0,0,0,0,0,0,1,0,0
1,19,32,From Free Kick,Argentina,3869685,0 days 00:19:32,0,0,0,0,0,0,1,0,0
1,19,36,From Free Kick,Argentina,3869685,0 days 00:19:36,0,0,0,0,0,0,1,0,0
1,19,38,From Free Kick,Argentina,3869685,0 days 00:19:38,0,0,0,0,0,0,1,0,0
1,19,42,From Free Kick,Argentina,3869685,0 days 00:19:42,0,0,0,0,0,0,1,0,0
1,19,43,From Free Kick,Argentina,3869685,0 days 00:19:43,0,0,0,0,0,0,1,0,0
1,19,45,From Free Kick,Argentina,3869685,0 days 00:19:45,0,0,0,0,0,0,1,0,0
1,19,47,From Free Kick,Argentina,3869685,0 days 00:19:47,0,0,0,0,0,0,1,0,0
1,19,50,From Free Kick,Argentina,3869685,0 days 00:19:50,0,0,0,0,0,0,1,0,0
1,19,56,From Free Kick,Argentina,3869685,0 days 00:19:56,0,0,0,0,0,0,1,0,0
1,19,59,From Free Kick,Argentina,3869685,0 days 00:19:59,0,0,0,0,0,0,1,0,0
1,20,1,From Free Kick,Argentina,3869685,0 days 00:20:01,0,0,0,0,0,0,1,0,0
1,20,5,From Free Kick,Argentina,3869685,0 days 00:20:05,0,0,0,0,0,0,1,0,0
1,20,7,From Free Kick,Argentina,3869685,0 days 00:20:07,0,0,0,0,0,0,1,0,0
1,20,10,From Free Kick,Argentina,3869685,0 days 00:20:10,0,0,0,0,0,0,1,0,0
1,20,13,From Free Kick,Argentina,3869685,0 days 00:20:13,0,0,0,0,0,0,1,0,0
1,20,15,From Free Kick,Argentina,3869685,0 days 00:20:15,0,0,0,0,0,0,1,0,0
1,20,20,From Free Kick,Argentina,3869685,0 days 00:20:20,0,0,0,0,0,0,1,0,0
1,20,23,From Free Kick,Argentina,3869685,0 days 00:20:23,0,0,0,0,0,0,1,0,0
1,20,26,From Free Kick,Argentina,3869685,0 days 00:20:26,0,0,0,0,0,0,1,0,0
1,20,30,From Free Kick,Argentina,3869685,0 days 00:20:30,0,0,0,0,0,0,1,0,0
1,20,31,From Free Kick,Argentina,3869685,0 days 00:20:31,0,0,0,0,0,0,1,0,0
1,20,33,From Free Kick,Argentina,3869685,0 days 00:20:33,0,0,0,0,0,0,1,0,0
1,20,36,From Free Kick,Argentina,3869685,0 days 00:20:36,0,0,0,0,0,0,1,0,0
1,20,38,From Free Kick,Argentina,3869685,0 days 00:20:38,0,0,0,0,0,0,1,0,0
1,20,40,From Free Kick,Argentina,3869685,0 days 00:20:40,0,0,0,0,0,0,1,0,0
1,20,44,From Free Kick,Argentina,3869685,0 days 00:20:44,0,0,1,0,0,0,0,0,0
1,20,44,From Free Kick,France,3869685,0 days 00:20:44,0,0,0,0,0,0,0,0,1
1,20,45,From Free Kick,Argentina,3869685,0 days 00:20:45,0,0,0,0,0,0,1,0,0
1,20,45,From Free Kick,Argentina,3869685,0 days 00:20:45,0,0,0,0,0,0,1,0,0
1,20,51,From Free Kick,Argentina,3869685,0 days 00:20:51,0,0,0,1,0,0,0,0,0
1,20,53,From Free Kick,France,3869685,0 days 00:20:53,0,0,0,0,1,0,0,0,0
